/*--------------------------------*- C++ -*----------------------------------*\
| =========                 |                                                 |
| \\      /  F ield         | OpenFOAM: The Open Source CFD Toolbox           |
|  \\    /   O peration     | Version:                                        |
|   \\  /    A nd           | Website:  www.openfoam.com                      |
|    \\/     M anipulation  |                                                 |
\*---------------------------------------------------------------------------*/
FoamFile
{
    version     2.0;
    format      ascii;
    class       volVectorField;
    location    "7.3";
    object      U;
}
// * * * * * * * * * * * * * * * * * * * * * * * * * * * * * * * * * * * * * //

dimensions      [0 1 -1 0 0 0 0];


internalField   nonuniform List<vector> 
2429
(
(1.079390206 -0.001319223091 -1.22024719e-22)
(1.0818148 -0.001075238435 8.113345746e-23)
(1.08372448 -0.00081317751 0)
(1.085089657 -0.0005395231844 0)
(1.085894383 -0.0002617460573 -1.042533519e-22)
(1.086138321 1.198353684e-05 1.042484324e-22)
(1.085839133 0.0002724686701 -6.752674892e-24)
(1.085032389 0.0005118742135 0)
(1.083768074 0.0007239153169 6.045828687e-23)
(1.082106508 0.0009051199101 -4.698080004e-23)
(1.080111738 0.001055773964 0)
(1.07784335 0.001179829938 -2.553964079e-23)
(1.075350154 0.001284326885 4.930837446e-23)
(1.072665292 0.001372895793 0)
(1.069809128 0.001449939265 4.380060621e-23)
(1.066798257 0.001518798523 1.271860594e-22)
(1.063649769 0.001578991721 0)
(1.060385387 0.001627105815 -1.829509824e-23)
(1.057034742 0.001658998143 -5.243157455e-23)
(1.053635038 0.001671679739 -1.582725264e-23)
(1.050227679 0.00166427514 1.585097661e-23)
(1.046853548 0.001638066429 0)
(1.043548922 0.001595883699 -1.234665657e-23)
(1.040343165 0.001541228041 1.236099478e-23)
(1.037258289 0.001477502454 0)
(1.034309784 0.001407567353 -9.344387512e-24)
(1.031507977 0.001333633559 2.708563059e-23)
(1.028859305 0.001257369523 0)
(1.026367243 0.001180073207 1.448152943e-23)
(1.024032891 0.001102809298 6.216719348e-24)
(1.021855337 0.001026480664 5.505799838e-24)
(1.019831956 0.0009518497724 -5.010180079e-24)
(1.017958689 0.0008795398317 1.89284693e-23)
(1.016230332 0.0008100369939 -4.489272709e-24)
(1.014640807 0.0007437011952 -1.791676928e-24)
(1.013183411 0.0006807834748 6.918456096e-24)
(1.011851014 0.0006214442466 -1.397666409e-24)
(1.010636231 0.0005657694852 1.26756418e-24)
(1.009531561 0.0005137839747 -1.40789759e-25)
(1.008529498 0.0004654613843 9.816522931e-25)
(1.007622636 0.0004207308288 0)
(1.006803725 0.0003794980747 0)
(1.006065816 0.0003415804562 0)
(1.005402392 0.0003071902805 0)
(1.00480716 0.0002758614477 0)
(1.004273669 0.0002473204195 0)
(1.003796265 0.0002213900188 2.14609346e-25)
(1.003369704 0.0001978873852 -3.222918576e-24)
(1.002989088 0.0001766489576 -2.731927577e-25)
(1.002649859 0.0001575127629 -2.410510554e-24)
(1.002347826 0.0001403146399 -2.266397053e-24)
(1.002079141 0.0001249032464 6.517028316e-26)
(1.001840283 0.0001111177072 1.267757892e-26)
(1.001628061 9.879924466e-05 -1.825008153e-26)
(1.0014396 8.780445941e-05 5.578916788e-27)
(1.001272315 7.800146667e-05 -1.203324113e-24)
(1.001123877 6.927074741e-05 4.167669728e-27)
(1.000992197 6.15039076e-05 5.702166813e-26)
(1.000875397 5.460391405e-05 -2.663784334e-26)
(1.000771797 4.848285561e-05 4.082421402e-26)
(1.000679885 4.30615899e-05 -4.078696858e-26)
(1.00059831 3.826783067e-05 5.255076272e-25)
(1.000525856 3.403565029e-05 -5.087399765e-25)
(1.000461441 3.03053865e-05 5.336172897e-26)
(1.000404096 2.702663533e-05 -3.904138892e-26)
(1.000352956 2.414937553e-05 7.184584978e-26)
(1.00030724 2.163274099e-05 -3.281021459e-26)
(1.000266273 1.944113369e-05 -1.500650956e-25)
(1.000229347 1.754243839e-05 -4.377969138e-26)
(1.000196232 1.591226094e-05 0)
(1.000165154 1.450553759e-05 4.03595852e-26)
(1.00014092 1.341305119e-05 -1.63848083e-26)
(1.000104326 1.198362218e-05 1.642583593e-26)
(1.080072656 -0.003978029699 -4.623369149e-23)
(1.082535369 -0.003237025746 1.73468597e-22)
(1.084471618 -0.00244298017 -9.15218266e-23)
(1.085851166 -0.001615232123 1.018290867e-22)
(1.086657904 -0.000776061382 3.477226678e-24)
(1.086891001 4.981190881e-05 -1.052980896e-22)
(1.086568657 0.0008359102725 6.749657968e-24)
(1.085727757 0.001558340097 1.377713721e-23)
(1.084418916 0.002197739011 -6.774125622e-24)
(1.082703652 0.002743699102 -6.694939384e-24)
(1.08064752 0.003197262362 0)
(1.078311416 0.003571346268 2.549704867e-23)
(1.075747137 0.003883463255 -1.930117981e-22)
(1.072991503 0.00414967737 1.695608074e-22)
(1.07006751 0.004383530881 0)
(1.066992885 0.004592952319 -1.701584251e-22)
(1.063785371 0.004775323849 0)
(1.060467337 0.004920394353 -1.114185035e-22)
(1.057068949 0.005016053999 1.424821207e-22)
(1.053627674 0.00505356192 9.856837785e-23)
(1.050184854 0.005030409071 0)
(1.046781105 0.00495052261 -8.145659119e-23)
(1.043452334 0.004822468891 2.643744656e-23)
(1.040227481 0.004656824443 4.60174716e-23)
(1.037128081 0.004463863909 4.188548598e-23)
(1.034169126 0.004252223109 3.801709667e-23)
(1.031360431 0.004028576102 -1.737665922e-23)
(1.028707935 0.003797957598 -7.442082309e-24)
(1.026214638 0.003564281307 7.277356584e-24)
(1.023881196 0.003330754621 -1.862309698e-23)
(1.021706298 0.003100095258 -1.084215959e-23)
(1.019686965 0.002874597108 5.630144951e-25)
(1.017818826 0.002656134635 -4.357167758e-24)
(1.016096409 0.002446169893 -3.874400449e-24)
(1.014513407 0.002245785051 3.874616081e-24)
(1.013062923 0.002055734637 -6.55560514e-24)
(1.011737663 0.00187649986 2.920302775e-24)
(1.01053011 0.001708337689 0)
(1.009432652 0.001551321096 -2.268236876e-24)
(1.008437695 0.001405368283 -2.053485612e-24)
(1.007537766 0.001270264763 0)
(1.006725568 0.001145717433 0)
(1.005994118 0.001031229807 -6.71634406e-25)
(1.005336877 0.0009270843493 5.655893445e-24)
(1.004747367 0.0008321481471 0)
(1.004219251 0.0007456901777 2.333507196e-25)
(1.003746884 0.0006671801979 -4.397776935e-25)
(1.00332501 0.0005961124447 3.146430263e-24)
(1.002948741 0.0005319427911 2.120052716e-26)
(1.002613516 0.0004741604555 2.600910864e-24)
(1.002315155 0.0004222385343 2.154915198e-24)
(1.002049828 0.0003757223902 0)
(1.00181402 0.0003341252165 0)
(1.001604564 0.0002969650487 1.490480587e-24)
(1.001418617 0.000263817343 1.213186147e-24)
(1.001253614 0.0002342804614 2.324955327e-24)
(1.001107233 0.0002079942565 -3.349787109e-26)
(1.000977411 0.0001846132151 0)
(1.000862282 0.0001638444143 0)
(1.000760176 0.0001454258941 0)
(1.000669602 0.0001291199877 -5.480959888e-25)
(1.00058922 0.0001147081924 -1.061608063e-24)
(1.000517833 0.0001019908437 2.354311181e-26)
(1.00045437 9.078988931e-05 -5.772844149e-26)
(1.000397869 8.095930865e-05 -1.275963449e-25)
(1.000347493 7.232869174e-05 2.50962872e-25)
(1.00030247 6.477742917e-05 -1.2825051e-25)
(1.00026213 5.820135735e-05 1.926387107e-25)
(1.000225771 5.250473863e-05 1.664757062e-26)
(1.000193168 4.761641542e-05 -1.664750498e-26)
(1.000162568 4.33980909e-05 3.829747184e-26)
(1.000138718 4.013717086e-05 0)
(1.000102677 3.583483229e-05 0)
(1.081442694 -0.006696676681 0)
(1.083982085 -0.005444594277 1.133102954e-23)
(1.085972178 -0.004102720972 -9.937126991e-23)
(1.087381194 -0.002703711052 8.640929793e-23)
(1.088192178 -0.001285309507 0)
(1.088404258 0.0001102921431 0)
(1.088036571 0.001440247683 0)
(1.087127069 0.002662631611 -9.745703499e-23)
(1.085728109 0.003744528509 5.548481411e-23)
(1.083904166 0.004668071929 2.763153977e-23)
(1.081723922 0.005434710599 -2.643756383e-22)
(1.079252286 0.006065647304 1.056266516e-22)
(1.076546827 0.006588449717 6.861489317e-25)
(1.073649982 0.007033015754 2.101842874e-22)
(1.070588764 0.007423729749 -1.862700092e-22)
(1.067384288 0.007771891176 2.943390333e-24)
(1.064056614 0.008072520294 1.610242521e-22)
(1.060629691 0.008309123109 7.265620348e-23)
(1.057134632 0.00846229853 6.740078706e-23)
(1.053609222 0.008517959286 -1.01127148e-22)
(1.050094594 0.008472168782 -9.073155129e-23)
(1.046630825 0.008331640628 8.341126579e-23)
(1.043253103 0.008110810648 2.628131188e-23)
(1.039989517 0.007827460064 -5.016341998e-25)
(1.036860661 0.00749885058 -8.323795148e-23)
(1.033880517 0.007139484812 -3.801944822e-23)
(1.031057873 0.006760561312 -1.692396247e-23)
(1.028397654 0.006370512078 0)
(1.025901892 0.005975872299 -1.400556132e-23)
(1.023570351 0.00558197954 1.259569495e-23)
(1.021400906 0.005193341875 -5.309485261e-24)
(1.019389858 0.004813753224 5.309854968e-24)
(1.017532206 0.004446305509 -1.308196185e-23)
(1.015821936 0.004093402259 4.565290906e-25)
(1.014252279 0.003756814484 1.081894071e-23)
(1.012815944 0.00343776941 -3.128748601e-24)
(1.01150531 0.003137037999 -2.677623035e-24)
(1.010312584 0.002855021059 5.057793507e-24)
(1.009229928 0.002591815516 2.084539847e-24)
(1.008249563 0.002347255493 1.876030298e-24)
(1.007363874 0.002120957459 -4.436340078e-24)
(1.00656546 0.001912405443 2.363684001e-24)
(1.00584725 0.001720860022 0)
(1.005202573 0.001546234733 -4.983785657e-24)
(1.004624895 0.001387042743 -5.124687765e-25)
(1.00410792 0.001242195401 5.910606548e-26)
(1.003646035 0.001110786212 5.244500062e-26)
(1.003233922 0.0009919175876 4.009262359e-25)
(1.002866646 0.0008846652087 0)
(1.002539656 0.0007881410491 0)
(1.002248804 0.0007015648859 2.515822523e-24)
(1.001990353 0.0006240235604 -9.192421477e-25)
(1.001760785 0.0005546999703 4.309311959e-25)
(1.00155699 0.0004927848539 -1.447127982e-24)
(1.001376185 0.0004375792331 -2.50127989e-24)
(1.001215822 0.0003884333521 -1.122693497e-24)
(1.001073569 0.0003447820639 -1.896388144e-24)
(1.000947489 0.0003059448707 0)
(1.000835748 0.0002714423933 0)
(1.000736687 0.0002408508677 2.566744034e-26)
(1.000648838 0.0002137745001 1.196462587e-24)
(1.00057089 0.0001898486044 4.122332137e-26)
(1.000501674 0.0001687423252 5.025718738e-25)
(1.000440143 0.000150169131 4.026656646e-25)
(1.000385346 0.0001338960838 3.239395308e-25)
(1.000336512 0.0001195951357 -2.744832169e-25)
(1.000292892 0.0001070770385 0)
(1.000253819 9.617781874e-05 2.558059734e-25)
(1.000218609 8.673859726e-05 -1.657704259e-25)
(1.000187038 7.864157414e-05 0)
(1.00015741 7.165407059e-05 -4.082610473e-26)
(1.000134319 6.626497069e-05 0)
(1.000099417 5.913436698e-05 -9.390663175e-27)
(1.083518836 -0.009525199932 -3.790714612e-23)
(1.086176628 -0.00773484905 8.383807342e-23)
(1.088249892 -0.005815071346 0)
(1.089704306 -0.003813018061 1.203477989e-22)
(1.090521445 -0.001783008211 3.488004105e-24)
(1.090701418 0.0002146772784 -1.108749772e-22)
(1.090263833 0.002118340696 0)
(1.089247833 0.003868221507 2.81885917e-23)
(1.087709735 0.005417272326 2.887578122e-23)
(1.085717887 0.006739757497 -2.759893759e-23)
(1.083346386 0.007838213783 2.61599133e-22)
(1.080668598 0.008736690795 -1.173527633e-22)
(1.077749069 0.009473351351 -2.57412814e-22)
(1.074636342 0.01009297126 1.887662187e-22)
(1.071365106 0.01063208644 -1.886612928e-22)
(1.067962263 0.01110707644 -2.536468067e-22)
(1.06445169 0.01151182855 2.457140233e-22)
(1.06085979 0.01182461826 -1.536239034e-22)
(1.057218917 0.01201956267 -7.001025934e-23)
(1.053567089 0.01207780645 6.203259634e-23)
(1.049944973 0.01199436922 -2.434544261e-24)
(1.04639175 0.01177900897 -5.466736948e-23)
(1.042941437 0.01145221444 -2.372787347e-23)
(1.039620766 0.01103910517 -2.179423744e-23)
(1.036448833 0.01056402049 4.060000182e-23)
(1.033438046 0.01004737566 -1.881738936e-24)
(1.0305956 0.009504894237 1.518654902e-23)
(1.027924863 0.008948364063 -1.598109845e-24)
(1.025426399 0.008386866871 -1.463064118e-24)
(1.023098612 0.007827773321 -9.183748413e-25)
(1.020938158 0.007277271548 0)
(1.018940257 0.006740540819 1.414796697e-23)
(1.01709897 0.006221779771 4.226299276e-24)
(1.015407477 0.005724227367 0)
(1.013858325 0.005250250035 -7.027926075e-24)
(1.012443644 0.004801468278 1.30881298e-25)
(1.011155329 0.00437886295 0)
(1.009985186 0.003982920101 2.289670666e-24)
(1.008925039 0.003613714608 -4.486180145e-24)
(1.007966827 0.003270937752 0)
(1.007102734 0.002953977204 8.270597873e-26)
(1.006325206 0.002662081848 -2.945415642e-24)
(1.005627032 0.002394264837 1.413813985e-24)
(1.005001347 0.002149996058 0)
(1.004441586 0.001927430509 0)
(1.003941426 0.001725181867 0)
(1.003495263 0.001541841133 7.660971452e-25)
(1.003097742 0.00137607381 -7.661117234e-25)
(1.002743934 0.001226637355 -5.978776295e-25)
(1.002429359 0.001092297298 5.976802762e-25)
(1.002149717 0.0009720994404 1.696548181e-24)
(1.001901502 0.0008643941619 -5.408484505e-24)
(1.001681287 0.000768024599 0)
(1.001485982 0.0006820393181 2.550466323e-24)
(1.00131289 0.0006054454257 -1.326397011e-24)
(1.001159444 0.0005373292157 5.788122648e-26)
(1.001023279 0.0004769309045 7.316157129e-24)
(1.000902743 0.0004231284825 1.140734184e-24)
(1.000796077 0.0003753130604 -5.697202394e-24)
(1.000701593 0.0003329292864 4.352979831e-24)
(1.00061784 0.0002954384772 -2.329139628e-24)
(1.00054355 0.0002623203718 -1.111616916e-24)
(1.000477603 0.0002331078665 8.834392382e-25)
(1.000418993 0.0002073906223 0)
(1.000366806 0.0001848226013 0)
(1.000320285 0.0001650044502 0)
(1.000278751 0.0001476805857 3.081992163e-27)
(1.000241561 0.0001326126314 -8.392302245e-26)
(1.000208048 0.0001195721005 1.533294481e-26)
(1.000178001 0.0001083922875 -4.14413006e-27)
(1.000149804 9.874926473e-05 -4.888687112e-26)
(1.00012783 9.131706161e-05 1.084101687e-26)
(1.000094616 8.148305376e-05 1.289686918e-26)
(1.086328211 -0.01250930717 -3.394402903e-23)
(1.089150129 -0.01014159233 1.009892122e-22)
(1.091338414 -0.007600962994 -1.009924408e-22)
(1.092855298 -0.004950661968 -1.120026256e-22)
(1.093680707 -0.00226308746 2.27489606e-22)
(1.093814786 0.0003820916292 -1.154872097e-22)
(1.093278939 0.0029020726 0)
(1.092115312 0.005219356766 -6.059181441e-23)
(1.090383868 0.007272121031 2.036067518e-22)
(1.088159088 0.009026503636 -2.319489902e-22)
(1.085525707 0.01047940818 2.205813796e-22)
(1.082566651 0.01165716449 0)
(1.079353205 0.01261101664 -2.628099602e-23)
(1.075944916 0.01340212047 0)
(1.072387188 0.01407921899 0)
(1.068714368 0.01466504848 4.398952121e-23)
(1.064955642 0.01515417444 7.866646778e-23)
(1.061140881 0.01552130268 -8.163799405e-23)
(1.057304028 0.01573537675 -7.010937664e-23)
(1.053483222 0.01577372993 6.467552074e-23)
(1.049718307 0.01563098907 -6.165429191e-23)
(1.046047065 0.01532037755 -5.337440041e-23)
(1.042501753 0.01486871207 -4.843918714e-23)
(1.039107093 0.01430863621 0)
(1.035880023 0.01367168312 2.028955523e-23)
(1.032830719 0.012984229 1.779714663e-23)
(1.029964151 0.01226650468 1.59827363e-23)
(1.027281545 0.01153357696 0)
(1.02478146 0.01079695285 2.522750195e-23)
(1.022460475 0.01006588862 -2.435724976e-23)
(1.020313612 0.009348087453 1.020653838e-23)
(1.018334657 0.008649949153 -9.539883516e-24)
(1.016516431 0.007976624591 -3.931499304e-24)
(1.01485105 0.007332030702 3.386467805e-25)
(1.01333017 0.006719000792 0)
(1.011945158 0.006139444661 2.997977816e-24)
(1.010687281 0.005594427451 -4.955813883e-24)
(1.00954783 0.005084458606 2.447332878e-24)
(1.008518191 0.004609507817 1.922200407e-24)
(1.007589912 0.004169042916 -1.810583479e-25)
(1.006754957 0.00376217356 1.054936125e-25)
(1.006005496 0.003388004095 0)
(1.005334223 0.003045064273 2.507578705e-24)
(1.00473404 0.002732271721 -2.35893481e-24)
(1.004198276 0.002447568449 3.759482147e-24)
(1.003720289 0.002189528725 -6.629188298e-24)
(1.003294967 0.00195568224 -2.813844539e-24)
(1.002916964 0.00174433192 5.739856085e-24)
(1.002581222 0.001553998306 0)
(1.002283119 0.001383215075 -7.883450866e-24)
(1.002018092 0.00123076049 9.272631583e-25)
(1.001783281 0.001093987008 8.596734079e-24)
(1.001575599 0.0009715977597 0)
(1.001391852 0.0008624422713 0)
(1.00122918 0.0007652467956 -4.173200679e-24)
(1.00108504 0.000678747081 2.152076909e-24)
(1.000957221 0.0006020610243 8.075103543e-25)
(1.000844103 0.0005338077556 -2.74154108e-24)
(1.000744144 0.0004732537939 -1.590654208e-25)
(1.000655703 0.0004196540423 -1.392835726e-25)
(1.000577345 0.0003722809761 3.59550682e-25)
(1.000507852 0.0003304616454 -2.152709891e-25)
(1.000446177 0.0002935958861 2.986137006e-25)
(1.000391385 0.0002611515406 0)
(1.00034263 0.0002326700434 3.274108283e-26)
(1.000299176 0.0002077135008 -3.275982786e-26)
(1.000260366 0.000185916457 -4.629686842e-26)
(1.000225611 0.0001669533713 3.685721077e-26)
(1.000194296 0.0001505359205 0)
(1.000166222 0.0001364582367 0)
(1.000139881 0.0001243136899 0)
(1.000119356 0.000114951502 -1.906760957e-26)
(1.000088337 0.000102561333 -4.428458453e-27)
(1.089907663 -0.01570375452 -7.568551932e-23)
(1.092945129 -0.01270597466 7.213841123e-23)
(1.095283962 -0.009486495532 2.844213862e-23)
(1.096881954 -0.006126873483 0)
(1.097716945 -0.00271980333 0)
(1.097789313 0.0006333107822 6.172663441e-23)
(1.097123149 0.003827627876 -6.171092289e-23)
(1.095764214 0.006766459964 -1.855430686e-22)
(1.093777993 0.009375526683 4.950795621e-22)
(1.091250061 0.01160289136 0)
(1.088278688 0.013436737 2.274053911e-22)
(1.084952258 0.01490867947 -2.561627889e-22)
(1.081356632 0.01608533698 -1.8108975e-22)
(1.077566871 0.01704324703 1.945740141e-22)
(1.073640584 0.01784361223 0)
(1.069621497 0.01851769062 -1.925009965e-22)
(1.065545973 0.01906349441 1.707507534e-22)
(1.061448349 0.0194546055 2.946828765e-24)
(1.057364389 0.0196566682 2.989112916e-24)
(1.053332099 0.01964453559 6.414862179e-23)
(1.049389961 0.01941331319 5.561799203e-23)
(1.045573645 0.01898022074 -5.268184987e-23)
(1.041912847 0.01837872122 1.444990784e-22)
(1.038429458 0.01764917434 -4.561123922e-23)
(1.035137445 0.01683040464 1.849009766e-23)
(1.032043983 0.01595475928 -1.916392222e-23)
(1.029151107 0.01504690643 -3.083821174e-23)
(1.026457262 0.01412504801 1.485557357e-23)
(1.023958444 0.0132029269 -2.498607014e-23)
(1.021648921 0.01229147408 0)
(1.01952167 0.01139966732 8.803129261e-24)
(1.017568706 0.01053490807 -1.792796354e-23)
(1.01578131 0.009703106221 3.78436339e-24)
(1.014150295 0.008908632059 6.879395402e-24)
(1.012666234 0.008154650023 -6.199004497e-24)
(1.011319554 0.007443199518 2.912781392e-24)
(1.010100768 0.00677524502 2.545862598e-24)
(1.009000435 0.006151446607 -1.756539091e-24)
(1.008009576 0.005571291482 4.674739949e-25)
(1.007119282 0.005033868232 1.831525493e-24)
(1.006321187 0.004538135524 1.539048071e-24)
(1.005606607 0.004083548939 9.836053743e-24)
(1.004968847 0.00366722213 -9.985814723e-24)
(1.004400737 0.003287532743 0)
(1.003895092 0.002942315729 3.077215198e-24)
(1.003444401 0.002630499831 6.579869873e-24)
(1.003044802 0.002347829691 -2.901677689e-24)
(1.002691305 0.002092551403 -1.160646561e-24)
(1.002378511 0.001862891966 0)
(1.002101508 0.001656945803 -7.181921175e-24)
(1.001855647 0.001472917981 7.193760534e-24)
(1.001637937 0.001308012463 -2.107107141e-24)
(1.001445935 0.001160860907 1.671698091e-25)
(1.00127644 0.001029788197 2.326350762e-24)
(1.001126555 0.0009131742602 -1.08959902e-24)
(1.000994024 0.0008095281798 6.340865233e-25)
(1.000876778 0.0007176401315 -2.367284859e-25)
(1.000773001 0.0006361349509 1.777999472e-25)
(1.000681256 0.0005639433761 2.307162304e-25)
(1.000600091 0.0005000556467 6.815893666e-26)
(1.000528209 0.0004435729164 -2.317612349e-25)
(1.000464497 0.0003937076019 0)
(1.000407982 0.0003497518804 -9.04874532e-27)
(1.000357802 0.0003110692908 0)
(1.000313181 0.0002770995148 0)
(1.000273425 0.0002473426448 0)
(1.000237915 0.000221357536 -5.20836035e-27)
(1.000206124 0.000198756028 5.208365578e-27)
(1.000177491 0.0001791905214 -2.810447583e-26)
(1.00015183 0.0001624154453 2.121965699e-26)
(1.00012776 0.0001479466087 0)
(1.000109007 0.0001367939069 9.103118241e-28)
(1.000080673 0.0001220378588 0)
(1.094304982 -0.01916996108 0)
(1.097617069 -0.0154732653 5.508829466e-23)
(1.100146856 -0.01149938197 -1.487889187e-22)
(1.101846665 -0.00735107279 1.523399165e-22)
(1.102691781 -0.003144149252 6.613952241e-23)
(1.102682923 0.0009955078492 0)
(1.101848036 0.004937743863 -6.776492167e-23)
(1.100238819 0.00856631869 0)
(1.097930953 0.01179171954 2.767535671e-22)
(1.095022922 0.01454085951 -2.457134123e-22)
(1.091620497 0.01678896391 2.461951188e-22)
(1.087828451 0.01857677933 -1.380860515e-22)
(1.083753589 0.01998419458 1.232474625e-23)
(1.079488074 0.02110190483 2.260353955e-22)
(1.075103681 0.02200544273 -1.527467121e-24)
(1.070656328 0.02273790117 -2.229339437e-23)
(1.066191482 0.02330421746 2.080879963e-23)
(1.061748755 0.0236799094 0)
(1.057365783 0.023829763 3.467706562e-23)
(1.053079997 0.0237279147 6.035169666e-23)
(1.048927722 0.02337108915 -6.034929163e-23)
(1.044941528 0.02278117248 -2.555091619e-23)
(1.041147485 0.02199864512 0)
(1.037563601 0.02107177324 0)
(1.034199876 0.02004672701 -5.508749027e-25)
(1.03105958 0.01896177197 -1.903437954e-23)
(1.02814101 0.01784587177 -1.584681367e-23)
(1.025439131 0.01672011947 -1.285889317e-23)
(1.022946794 0.01560022302 1.217175408e-23)
(1.020655447 0.01449851286 0)
(1.01855562 0.01342489652 -9.619940761e-24)
(1.016637241 0.01238753852 1.247607308e-23)
(1.014889765 0.01139283651 -1.412511802e-23)
(1.013302501 0.01044529699 3.796482684e-24)
(1.011864604 0.009548530488 -6.710220468e-24)
(1.010565602 0.008704197054 5.358190501e-24)
(1.009395078 0.00791295632 -2.319296466e-24)
(1.00834199 0.007176337437 1.470264035e-23)
(1.007398017 0.006492092747 -4.062769702e-23)
(1.006553923 0.005858991776 2.592212625e-23)
(1.005800483 0.005275994744 -2.011666053e-23)
(1.005127194 0.004743016293 1.994347021e-23)
(1.00452925 0.004254768739 4.186752441e-24)
(1.004000031 0.003809744816 3.103841605e-23)
(1.003531774 0.003405567575 -6.771203297e-24)
(1.003116275 0.003040375123 -5.320443049e-24)
(1.00274854 0.002709857996 5.34873623e-24)
(1.0024248 0.002412414493 6.534158983e-25)
(1.002139564 0.002145563005 1.377736637e-24)
(1.001887813 0.001906681452 -1.832994066e-24)
(1.001665284 0.001693344657 0)
(1.001468713 0.001502972393 8.648950703e-25)
(1.001295377 0.001333416838 -1.570395941e-25)
(1.001142479 0.001182476344 -2.412842519e-25)
(1.001007492 0.001048237661 0)
(1.00088829 0.000929025314 -3.068382684e-25)
(1.000783003 0.0008232159261 2.16751724e-25)
(1.000689975 0.0007294541726 4.134841148e-26)
(1.000607771 0.0006464561291 0)
(1.000535097 0.0005730423217 0)
(1.000470796 0.0005081775332 1.099297908e-25)
(1.000413857 0.0004509435356 -2.101442578e-26)
(1.00036339 0.0004005155123 -1.344690208e-25)
(1.000318607 0.0003561565788 0)
(1.000278804 0.0003172108861 5.349699815e-26)
(1.000243362 0.0002831021259 -4.530722754e-26)
(1.000211722 0.0002533243451 0)
(1.000183402 0.0002274347411 0)
(1.000157903 0.0002050301047 3.541277305e-27)
(1.000135059 0.0001858225745 -2.676342501e-27)
(1.000113639 0.0001692570541 0)
(1.000096953 0.0001564891965 1.544216221e-26)
(1.000071751 0.0001395992603 -3.219418641e-27)
(1.099583108 -0.02297953105 5.644804357e-23)
(1.103238317 -0.01849607415 -1.198748772e-22)
(1.106005351 -0.01367175069 -7.179863546e-24)
(1.107830053 -0.008634237284 2.321305365e-22)
(1.108684792 -0.0035260728 -2.007957401e-22)
(1.108570214 0.001500543275 0)
(1.10751973 0.006285612508 6.238773978e-22)
(1.105596691 0.01069752647 -5.540988195e-22)
(1.102888554 0.0146144812 -2.465903514e-22)
(1.099506838 0.01793863293 0)
(1.095566804 0.02064067686 1.822787331e-22)
(1.09119978 0.02276829138 -3.065022374e-22)
(1.08653688 0.02441188851 0)
(1.081689918 0.0256765863 2.32289143e-22)
(1.076748627 0.02665509689 -1.911935747e-22)
(1.071784249 0.02740626999 1.747267337e-22)
(1.066853041 0.02794603297 -3.657480188e-22)
(1.062000491 0.02825560594 1.407120889e-22)
(1.057265977 0.0283020387 -3.46796971e-23)
(1.052685633 0.02806101176 5.931838794e-23)
(1.048292491 0.02753229696 -1.126020363e-22)
(1.044114669 0.02674323908 1.512831472e-22)
(1.040173214 0.02574172407 -9.030563852e-23)
(1.036480907 0.02458406082 6.098013381e-23)
(1.033042561 0.02332370046 -3.694294601e-23)
(1.02985648 0.02200466222 3.624269941e-25)
(1.026916292 0.02065996058 1.494539643e-23)
(1.024212721 0.01931316843 1.306823149e-23)
(1.02173487 0.01798162776 1.169788621e-23)
(1.019470843 0.01667866239 4.608217251e-24)
(1.017408345 0.01541459695 -3.980470311e-24)
(1.015534724 0.0141984299 -1.202704764e-24)
(1.013837606 0.01303632509 7.426387834e-24)
(1.012304535 0.01193255332 1.697066749e-24)
(1.010922121 0.01089198755 1.349006079e-24)
(1.009680201 0.00991426331 0)
(1.008567138 0.008999985186 2.964529366e-23)
(1.007568939 0.008151471926 2.232904094e-23)
(1.006679631 0.007363603005 -6.27728224e-24)
(1.005890585 0.006635779534 -4.418723958e-23)
(1.005191332 0.005966563292 -3.293418641e-23)
(1.004570104 0.005354734225 -2.753406615e-26)
(1.00402048 0.004795072984 3.411569872e-24)
(1.003537855 0.004286636932 -2.684019557e-24)
(1.003114023 0.003826399198 -2.648081797e-24)
(1.002740772 0.003411048003 3.790907047e-24)
(1.002412105 0.003037036516 5.016188249e-25)
(1.002123334 0.002701417067 5.17669487e-25)
(1.001869566 0.002400754824 8.543980619e-25)
(1.001646321 0.002131870645 -3.983835725e-25)
(1.001449793 0.001891861918 0)
(1.001276784 0.001677998603 -2.640176642e-25)
(1.001124529 0.001487670152 2.321511226e-25)
(1.000990515 0.001318416537 2.413464744e-25)
(1.000872495 0.001168063082 0)
(1.000768506 0.001034661546 0)
(1.000676839 0.0009164138772 -1.639597206e-25)
(1.000595987 0.0008117153531 0)
(1.000524636 0.0007191014751 2.732357997e-26)
(1.000461631 0.0006372495872 6.554561498e-26)
(1.000405949 0.0005649813632 0)
(1.000356693 0.0005012480209 8.851197187e-26)
(1.000313073 0.0004451154299 4.669594974e-26)
(1.000274393 0.0003957539519 1.101804064e-27)
(1.00024004 0.000352429562 -4.679617985e-26)
(1.000209468 0.0003144966499 4.530742823e-26)
(1.000182192 0.0002813843879 -2.781568254e-26)
(1.000157792 0.0002525971258 -3.971302258e-27)
(1.000135831 0.0002276915584 3.932532858e-27)
(1.000116164 0.0002063436496 -1.899736976e-26)
(1.000097731 0.0001879333217 4.538205997e-28)
(1.000083375 0.00017374427 -7.200646754e-27)
(1.000061698 0.0001549799961 3.219433035e-27)
(1.105822143 -0.02721555367 -1.852516218e-22)
(1.109900314 -0.02183473592 9.219213455e-23)
(1.112957603 -0.01603970124 0)
(1.114932458 -0.009987770449 0)
(1.115795682 -0.003851759417 5.960072097e-22)
(1.115544474 0.002187270716 -5.944956252e-22)
(1.114223041 0.007950161668 -6.234391152e-22)
(1.111913879 0.01325551322 0)
(1.108713338 0.01794505068 -2.802585643e-22)
(1.104737269 0.0219037131 0)
(1.100133822 0.02510526447 -2.635390081e-22)
(1.095066857 0.02759858617 2.598517697e-22)
(1.089691969 0.02948106192 0)
(1.084144537 0.03087343431 -8.283254012e-23)
(1.078537105 0.03188928555 -1.249632471e-23)
(1.072959401 0.03260787319 0)
(1.067480002 0.03306109186 1.311357186e-23)
(1.06215072 0.03324062397 1.90285724e-23)
(1.057012244 0.0331197452 6.482123344e-23)
(1.052098264 0.03267851108 -4.970942918e-23)
(1.0474369 0.03192148759 3.818765115e-23)
(1.043050006 0.03088238257 -7.632884075e-23)
(1.038951806 0.02961687104 0)
(1.035148138 0.02818933944 1.954839931e-23)
(1.031637145 0.02666021936 -2.228940607e-23)
(1.028410937 0.0250790006 1.623376526e-23)
(1.025457408 0.02348230897 6.178190174e-24)
(1.02276224 0.02189551331 -1.190619392e-23)
(1.020309914 0.02033761923 2.3542692e-24)
(1.018084956 0.01882191558 7.690187852e-24)
(1.01607179 0.01735847197 -3.479405765e-23)
(1.014253678 0.01595806338 1.255167298e-23)
(1.012617912 0.01462442042 3.111945499e-24)
(1.011149845 0.01336181973 -5.569607878e-23)
(1.009831759 0.01217628941 1.032118486e-22)
(1.008656201 0.01106356099 7.215868149e-23)
(1.007612039 0.01002496707 -7.290592653e-24)
(1.00668307 0.009061814597 -3.999443875e-23)
(1.00586006 0.008169177839 -2.357150568e-24)
(1.005136518 0.007347590363 -1.302792785e-24)
(1.004501234 0.006594591149 1.56968228e-24)
(1.003942668 0.005907172651 -3.749033593e-24)
(1.003452455 0.005281743707 0)
(1.003024019 0.004715333655 -1.334368401e-25)
(1.002649877 0.004203415899 0)
(1.002322882 0.003741967113 -1.606830363e-24)
(1.002037 0.003327408979 -9.438113943e-26)
(1.001787131 0.00295604494 0)
(1.001568708 0.002624018931 -1.654862138e-25)
(1.001377634 0.002327713668 -1.097535645e-25)
(1.001210324 0.002063738155 0)
(1.001063704 0.001828898541 -6.040011685e-26)
(1.000935143 0.001620206944 -3.227304983e-26)
(1.000822357 0.001434915618 9.865881751e-26)
(1.000723333 0.001270549115 0)
(1.000636316 0.001124881699 -3.340411705e-26)
(1.000559786 0.0009958987504 1.145551577e-25)
(1.000492426 0.0008817868588 2.929578565e-26)
(1.00043309 0.0007809170113 -8.467198303e-26)
(1.000380778 0.000691826928 -1.668391319e-25)
(1.000334615 0.0006132118508 8.154719229e-26)
(1.000293832 0.0005439127837 -8.752300452e-26)
(1.000257758 0.0004829020127 0)
(1.000225803 0.0004292695559 3.628874723e-26)
(1.00019745 0.0003822114505 1.01677709e-26)
(1.00017224 0.0003410197637 -3.490673436e-26)
(1.000149764 0.000305072255 3.341318545e-26)
(1.000129675 0.0002738261229 -2.225654137e-26)
(1.000111605 0.0002467967013 2.06310988e-26)
(1.000095428 0.0002236361464 0)
(1.000080273 0.0002036664256 0)
(1.000068473 0.0001882772737 0)
(1.000050661 0.0001679326147 0)
(1.113117821 -0.03197640091 6.155369854e-23)
(1.11771268 -0.02555942488 0)
(1.121120868 -0.01864362443 -7.905008818e-23)
(1.123272413 -0.0114202105 -4.835105138e-22)
(1.124135482 -0.004090703132 6.550282909e-22)
(1.123718339 0.003125759149 0)
(1.122079318 0.01000676626 1.302248098e-21)
(1.119288741 0.01632232308 3.152386213e-22)
(1.115459608 0.02187746575 -3.158875426e-22)
(1.110746375 0.02655215502 0)
(1.105336371 0.03031238377 6.876697356e-23)
(1.09942358 0.03320028099 0)
(1.093192453 0.03532002547 -1.73679516e-22)
(1.086809095 0.03681167547 2.924993584e-22)
(1.080414065 0.03781466167 0)
(1.074118426 0.03843442712 -1.783039789e-22)
(1.068004376 0.03872508968 1.756519302e-22)
(1.062130165 0.03869475429 1.174087684e-24)
(1.056536833 0.03832779225 0)
(1.051253835 0.03761204007 -1.510826627e-23)
(1.046302109 0.03655891928 1.340594855e-23)
(1.041694877 0.03520946113 3.221052542e-23)
(1.037437205 0.03362753214 -4.342678299e-23)
(1.033525803 0.03188544477 0)
(1.029950377 0.03004990434 8.065049158e-24)
(1.02669513 0.0281759292 0)
(1.023741393 0.02630243216 -6.69861587e-25)
(1.021068835 0.02445561443 2.375982826e-24)
(1.018655101 0.02265732731 -2.349105522e-24)
(1.016482724 0.02091768133 -5.307021059e-23)
(1.01453217 0.01924656947 1.065175974e-22)
(1.012780337 0.01765624406 -4.91896138e-23)
(1.0112173 0.01614521941 -1.783370343e-23)
(1.009828712 0.01471893097 1.867641693e-23)
(1.00859325 0.01338212884 -9.224765264e-23)
(1.007498669 0.01213074855 -3.210073089e-25)
(1.006537024 0.01096786357 -5.24627676e-24)
(1.005692663 0.009892542328 -4.521388801e-24)
(1.004952024 0.008901298945 4.357299015e-24)
(1.004305015 0.007991799744 -1.924481127e-24)
(1.003741308 0.007159778933 0)
(1.003251016 0.006401202628 0)
(1.002825509 0.005712837216 0)
(1.002457128 0.005090671639 -6.056487173e-25)
(1.002138603 0.004529744898 4.019867926e-25)
(1.00186323 0.004025598659 4.649425024e-25)
(1.001625018 0.003573969621 -7.136435047e-25)
(1.001418776 0.003170509086 0)
(1.001240022 0.002810827228 0)
(1.001084858 0.002490683113 2.75247234e-25)
(1.000949926 0.002206092284 1.789494836e-25)
(1.000832393 0.001953369932 2.121434444e-25)
(1.000729876 0.001729145292 -1.48140676e-25)
(1.00064035 0.00153035596 -3.81148948e-26)
(1.000562071 0.001354245414 0)
(1.000493537 0.001198344354 -2.569510466e-26)
(1.000433463 0.001060437477 -1.880109365e-25)
(1.000380745 0.0009385376664 4.220197364e-26)
(1.00033443 0.0008308664134 1.267031847e-25)
(1.000293695 0.0007358348334 7.396973999e-26)
(1.000257825 0.0006520287501 -6.447905985e-26)
(1.000226196 0.0005781939858 5.663612006e-27)
(1.000198268 0.000513220621 -5.663625799e-27)
(1.000173569 0.0004561280152 -3.758658778e-26)
(1.000151683 0.0004060515963 -7.763717423e-27)
(1.000132248 0.0003622314344 3.380045888e-26)
(1.00011494 0.0003240007008 1.826078055e-26)
(1.000099483 0.0002907795773 2.063055314e-26)
(1.000085593 0.0002620466681 7.763190538e-28)
(1.000073166 0.0002374328504 -7.763193347e-28)
(1.000061527 0.0002162136917 0)
(1.000052469 0.0001998653721 -4.686437741e-29)
(1.000038803 0.0001782576105 4.69214485e-29)
(1.121591671 -0.03737992768 0)
(1.126812961 -0.02975337516 0)
(1.13064163 -0.02153041866 2.486134998e-22)
(1.133002181 -0.01294122966 -3.546280884e-22)
(1.133865983 -0.004221813691 1.173790291e-23)
(1.133246357 0.004365454443 -7.106260604e-22)
(1.13119187 0.01252826182 3.252597571e-23)
(1.127794087 0.01999780505 0)
(1.123190809 0.02654958504 0)
(1.117580804 0.03204417537 3.107330506e-22)
(1.111192433 0.03642779054 -6.013481823e-22)
(1.104257528 0.03973497248 2.906249563e-22)
(1.097000307 0.04208028098 -6.30132059e-23)
(1.089625795 0.04362815757 -2.233781629e-22)
(1.082307384 0.04454995856 2.239163642e-23)
(1.075180081 0.04498453513 2.009579697e-22)
(1.06834065 0.04501602372 -2.106670831e-23)
(1.061853231 0.04467632228 -1.174015432e-24)
(1.055757357 0.04396676409 1.008599005e-24)
(1.050075562 0.04288694258 0)
(1.044818525 0.04145744887 6.055929112e-24)
(1.039987847 0.03972747365 6.001367138e-24)
(1.035576097 0.03776986816 5.592659057e-25)
(1.03156855 0.03566360015 -3.828742661e-24)
(1.027944122 0.03348067571 6.533773872e-24)
(1.02467544 0.03128317245 0)
(1.021738634 0.02910770545 -5.492482684e-24)
(1.019106078 0.02698130497 -3.437557856e-23)
(1.0167453 0.02492837733 1.109356401e-22)
(1.014640512 0.02295118439 -1.335715939e-22)
(1.01277149 0.02106075611 0)
(1.011109725 0.01926774762 0)
(1.009638398 0.01757087936 1.445826163e-23)
(1.008346937 0.0159778901 0)
(1.007214325 0.01449037556 1.46226641e-23)
(1.00622229 0.0131063406 -2.346982096e-24)
(1.005357521 0.01182493943 2.348039558e-24)
(1.004606063 0.01064226607 -9.80971526e-25)
(1.003954787 0.009554822313 8.276199927e-26)
(1.003392455 0.008559013951 0)
(1.002908947 0.007650358042 -6.056445993e-26)
(1.002494791 0.006824335988 0)
(1.00214118 0.006076952209 -2.082584448e-25)
(1.001840013 0.005403409361 5.163545582e-25)
(1.001583893 0.004798167205 -4.019971621e-25)
(1.001366165 0.004256111957 0)
(1.001180853 0.003772144008 3.060420622e-25)
(1.001022792 0.003341148098 1.723068258e-25)
(1.000887625 0.002958052869 0)
(1.000771694 0.00261798238 -7.867585585e-26)
(1.000671958 0.002316390065 -1.002744809e-25)
(1.000585908 0.002049117868 9.84708167e-26)
(1.000511483 0.001812405683 8.581218849e-26)
(1.000446975 0.001602875909 0)
(1.000390951 0.001417510289 0)
(1.000342201 0.001253618219 -3.939524472e-26)
(1.000299702 0.001108799335 1.128774852e-25)
(1.000262592 0.0009809110508 0)
(1.000230133 0.0008680434579 -6.172599925e-26)
(1.000201699 0.0007684977608 0)
(1.00017675 0.0006807669248 -4.419785499e-27)
(1.000154824 0.0006035174375 5.92125841e-28)
(1.000135521 0.0005355717979 5.273033893e-28)
(1.000118494 0.0004758922245 3.300382278e-27)
(1.000103443 0.000423565914 0)
(1.000090106 0.0003777919951 -2.019120686e-27)
(1.00007825 0.0003378685942 -1.540777634e-26)
(1.000067679 0.0003031861619 -1.617136004e-28)
(1.000058193 0.0002731977319 -6.722445727e-28)
(1.000049713 0.0002475091468 0)
(1.000041779 0.0002253744514 0)
(1.00003561 0.0002083223823 2.071356328e-27)
(1.000026315 0.0001857870569 -9.354929087e-28)
(1.131399948 -0.04356138666 0)
(1.13737492 -0.0345101691 0)
(1.141703534 -0.02475138755 0)
(1.144309135 -0.01455431322 0)
(1.145158299 -0.004207325488 8.292419812e-22)
(1.144286546 0.005966830892 1.618003772e-21)
(1.141721782 0.01562265018 -7.870383727e-22)
(1.137563061 0.02443118067 0)
(1.132002785 0.03213689191 3.555461317e-22)
(1.125293869 0.03856622913 -3.555282142e-22)
(1.117712684 0.04363975669 0)
(1.10954194 0.04738580479 2.831068287e-22)
(1.101058374 0.04993313838 -6.776403468e-22)
(1.092514333 0.05147621931 2.657058977e-23)
(1.084120867 0.05222631536 2.297833483e-22)
(1.076039263 0.05236509723 4.796571896e-23)
(1.06838099 0.05201644872 1.95657523e-25)
(1.061214585 0.05124472485 -6.832126496e-23)
(1.054574814 0.05007525589 6.731302746e-23)
(1.048473295 0.04852419315 3.300369791e-24)
(1.042906259 0.04662409869 -4.946000751e-23)
(1.037859439 0.04443362471 1.225502103e-22)
(1.033306633 0.04203709332 -1.379568331e-22)
(1.029222057 0.03951341557 -1.022847658e-22)
(1.02557067 0.03694053178 9.974055586e-24)
(1.022308043 0.0343873275 -6.083737438e-23)
(1.019409122 0.03188040651 1.495425963e-22)
(1.016843104 0.02944935742 -7.361509551e-23)
(1.014567652 0.02711744773 8.343524217e-23)
(1.012556138 0.0248854828 6.372025488e-23)
(1.01079256 0.02276650323 -1.882612418e-23)
(1.009248319 0.0207671586 -1.464206671e-24)
(1.007898037 0.01888895043 3.500147365e-24)
(1.006723192 0.01713401015 2.291701346e-24)
(1.005704655 0.01549977051 -3.552137016e-24)
(1.004824509 0.0139840978 8.381161439e-26)
(1.004067387 0.01258440408 0)
(1.003419413 0.01129643684 -9.698829508e-26)
(1.002867645 0.0101157843 -1.045549963e-24)
(1.002400347 0.009037779972 9.628192041e-25)
(1.002006989 0.008057240305 6.056757512e-26)
(1.001677967 0.007168837807 -1.462789839e-25)
(1.001404265 0.006367649922 3.235433662e-25)
(1.001177699 0.005647976334 -4.144052407e-25)
(1.000990669 0.005003639537 1.972407235e-25)
(1.000836465 0.004428804693 -9.091181038e-26)
(1.000709134 0.00391754521 0)
(1.000603603 0.00346392323 -1.72308983e-25)
(1.000515704 0.003062105056 -4.962686306e-26)
(1.000442086 0.002706524496 4.962739791e-26)
(1.000380091 0.002392029882 0)
(1.000327624 0.002113962143 -9.847174019e-26)
(1.000283033 0.001868165518 -8.581293844e-26)
(1.000245002 0.001650956393 0)
(1.000212461 0.001459075515 3.449722293e-26)
(1.00018453 0.001289637169 5.557213281e-26)
(1.000160486 0.001140081793 -5.878221778e-26)
(1.000139729 0.001008136715 1.521423508e-26)
(1.000121763 0.000891785291 0)
(1.000106175 0.0007892411618 0)
(1.000092617 0.0006989250927 9.64772853e-27)
(1.000080797 0.0006194435842 -1.926906938e-27)
(1.000070468 0.000549569147 1.926910763e-27)
(1.000061418 0.0004882223179 1.41435863e-27)
(1.000053466 0.0004344553899 -1.414360728e-27)
(1.000046457 0.0003874380448 0)
(1.000040256 0.000346443296 4.137739985e-28)
(1.00003475 0.0003108403406 -8.087059351e-29)
(1.000029825 0.0002800635568 -2.594104718e-27)
(1.00002544 0.0002537047688 -1.791757951e-27)
(1.00002135 0.0002309977788 -1.081633018e-27)
(1.000018171 0.0002135072966 -1.424397319e-27)
(1.000013402 0.000190395692 1.236076057e-27)
(1.142734888 -0.05068537961 -9.532185842e-23)
(1.149606485 -0.0399397903 -2.083462834e-22)
(1.154524995 -0.02836326026 8.449561361e-22)
(1.157421978 -0.01626533594 -8.404989582e-22)
(1.158266379 -0.003988625583 -7.739241371e-22)
(1.157054085 0.008051704768 5.113023176e-22)
(1.153834024 0.01944755588 0)
(1.148732324 0.02982026684 -2.217268144e-22)
(1.141995263 0.03886514308 0)
(1.133936991 0.04635784043 -1.956932536e-22)
(1.124898988 0.05218729908 -3.301260171e-22)
(1.115234055 0.05637793017 3.301417924e-22)
(1.105286644 0.05907937329 1.381142782e-22)
(1.095366496 0.06052544564 0)
(1.08572824 0.06097898888 5.556686164e-23)
(1.076560882 0.06067765738 -3.951093406e-26)
(1.067988468 0.05979835155 -5.111665212e-23)
(1.06008191 0.05844516124 1.537886892e-22)
(1.052866549 0.05667525303 1.112615453e-22)
(1.046337257 0.05452692429 -2.082789918e-23)
(1.040469881 0.05204817051 -9.372015553e-23)
(1.035226662 0.04930959021 0)
(1.030553558 0.04640695769 6.320096364e-23)
(1.02641857 0.0434058455 0)
(1.022776966 0.04039280915 -7.283644558e-23)
(1.019566138 0.03743602692 7.293737578e-23)
(1.016742549 0.03456201705 0)
(1.014278735 0.03180527311 9.912904001e-24)
(1.012126505 0.02918488162 -9.913494828e-24)
(1.01024807 0.02670061233 0)
(1.008616726 0.02435603919 2.144731468e-25)
(1.007206003 0.0221524903 5.629550247e-24)
(1.005989901 0.02009123442 -4.162993832e-24)
(1.004946337 0.01817164345 1.322878873e-24)
(1.004056196 0.01639060827 -1.322965619e-24)
(1.00330172 0.01474481667 -1.14628229e-25)
(1.002666442 0.01323026569 0)
(1.002135478 0.01184171923 0)
(1.00169537 0.01057327069 0)
(1.001334042 0.009418785936 3.172934094e-25)
(1.001040751 0.008371989433 -3.173036385e-25)
(1.000805804 0.007426821332 0)
(1.000620134 0.006577423003 -1.770879168e-25)
(1.000475498 0.00581727007 1.19694893e-26)
(1.000364203 0.005139617026 -2.935183815e-26)
(1.000279391 0.004537859574 1.760810946e-26)
(1.000215078 0.004005174377 -1.76083708e-26)
(1.000166286 0.003534672754 1.665704485e-26)
(1.000129092 0.003119609574 1.843208631e-26)
(1.000100536 0.002753610464 1.765448321e-26)
(1.000078452 0.002430854915 0)
(1.000061278 0.00214616656 0)
(1.000047881 0.001895010077 0)
(1.000037423 0.001673429193 0)
(1.000029259 0.00147796474 -2.40171935e-26)
(1.000022885 0.001305577648 0)
(1.000017905 0.001153586626 0)
(1.00001401 0.001019621259 -1.985090128e-27)
(1.000010962 0.0009015865723 0)
(1.000008576 0.0007976339725 1.060614258e-26)
(1.000006709 0.0007061351126 -9.647780313e-27)
(1.00000525 0.0006256576534 0)
(1.00000411 0.0005549430636 0)
(1.000003221 0.0004928867144 0)
(1.000002526 0.0004385201941 2.834943245e-29)
(1.000001982 0.0003909959807 -2.834946232e-29)
(1.000001554 0.0003495727294 1.377800685e-29)
(1.000001215 0.0003136078692 -1.420368951e-30)
(1.000000946 0.0002825260759 -3.888033319e-28)
(1.000000733 0.0002559138877 1.703118576e-27)
(1.000000558 0.0002329872113 1.174054104e-27)
(1.00000043 0.0002153310852 -6.459043746e-28)
(1.00000027 0.0001920054794 -3.002248014e-28)
(1.155844679 -0.05893718916 9.523513541e-23)
(1.163770712 -0.04616556778 -2.479215791e-22)
(1.169379888 -0.03242695434 -1.450398488e-21)
(1.172608704 -0.01808389376 8.648861865e-22)
(1.173439766 -0.00354789647 -9.314093881e-22)
(1.171811784 0.01069645842 5.492242309e-22)
(1.167768301 0.02415091787 -7.483949562e-22)
(1.161493361 0.03637583508 4.684797898e-22)
(1.15329725 0.04698918119 -6.558499969e-22)
(1.143567486 0.05569960752 1.009813893e-21)
(1.132737249 0.06235975316 -3.901930292e-22)
(1.121257776 0.06699252338 0)
(1.10956095 0.06977780943 0)
(1.098024556 0.07100391296 -2.412498678e-22)
(1.086953764 0.07099713198 7.357355457e-23)
(1.076564304 0.07006988464 1.283341639e-22)
(1.066985677 0.06847089286 -9.968663143e-23)
(1.05828754 0.06635071129 0)
(1.05048102 0.06380832928 0)
(1.04353567 0.06091086793 0)
(1.037399341 0.05772459761 8.670129048e-24)
(1.032005922 0.05432679715 5.51351666e-23)
(1.02727191 0.05081254956 -5.518906509e-23)
(1.023137471 0.04725491683 0)
(1.019554634 0.04375403251 2.565407607e-23)
(1.01645193 0.04036473913 -1.186371847e-23)
(1.013763604 0.03711690708 2.329281626e-23)
(1.011442551 0.03403375137 6.258778601e-24)
(1.009434001 0.03112448837 -8.557332826e-24)
(1.007704183 0.02838116035 2.317407624e-24)
(1.006224537 0.02580474141 8.3714229e-27)
(1.004967206 0.02339469807 0)
(1.003904246 0.0211498485 0)
(1.003011392 0.0190674444 1.13951748e-26)
(1.002268396 0.017143349 0)
(1.001656732 0.01537253706 6.31930561e-26)
(1.001158911 0.01374911628 -7.781465569e-27)
(1.000759039 0.01226620578 1.356667149e-25)
(1.000443109 0.01091628039 -1.356717335e-25)
(1.000198894 0.009691690423 1.953742473e-25)
(1.000015717 0.008584976167 -2.233724863e-25)
(0.9998839554 0.007589341263 0)
(0.999794621 0.006698092739 -1.480621242e-25)
(0.9997394803 0.005903979426 -3.381194627e-26)
(0.9997106998 0.005199711753 1.702614017e-25)
(0.9997011808 0.004577850824 1.120712136e-25)
(0.9997048193 0.004030547442 -9.807174638e-26)
(0.9997167278 0.003549784444 -2.709874848e-26)
(0.9997333 0.003127721521 1.706526085e-26)
(0.9997520963 0.002757036816 -5.824301638e-26)
(0.999771601 0.002431171003 1.553216934e-26)
(0.9997909409 0.002144424173 1.27078413e-26)
(0.9998096371 0.001891918987 -1.270791394e-26)
(0.9998274272 0.0016694857 0)
(0.999844161 0.001473528899 0)
(0.9998597517 0.001300914067 0)
(0.9998741588 0.00114888623 0)
(0.9998873814 0.001015016006 -1.322932956e-26)
(0.9998994515 0.0008971623739 3.671651204e-26)
(0.9999104251 0.0007934427079 -1.060620291e-26)
(0.9999203722 0.0007022049667 2.618723906e-26)
(0.9999293692 0.000622000967 -2.263874197e-26)
(0.9999374938 0.0005515615869 -1.996206999e-26)
(0.9999448223 0.0004897748089 -1.697985573e-27)
(0.9999514288 0.0004356667856 0)
(0.9999573841 0.0003883859233 0)
(0.9999627571 0.0003471880655 4.419657646e-28)
(0.9999676098 0.0003114288091 -9.860483943e-27)
(0.9999720137 0.0002805323042 2.771961173e-27)
(0.9999759871 0.0002540831682 -3.741278551e-29)
(0.9999797381 0.0002313017745 -1.020760565e-28)
(0.9999826681 0.0002137585814 8.481073165e-30)
(0.9999871269 0.0001905867735 -8.491397685e-30)
(1.171040146 -0.06852128345 0)
(1.180188366 -0.05332019556 0)
(1.186602358 -0.03701168597 0)
(1.190246101 -0.02000315774 2.218310907e-21)
(1.191021131 -0.00279849329 1.118817334e-21)
(1.188861669 0.01405357939 -1.904321085e-21)
(1.183805978 0.02996979713 1.102169575e-21)
(1.176081052 0.04440453872 -7.505933019e-22)
(1.166068327 0.05685571751 2.68555862e-22)
(1.154259251 0.06694341551 4.668187264e-22)
(1.141216212 0.07448637367 0)
(1.127524357 0.07951127466 0)
(1.113728433 0.0822511807 -4.46251331e-22)
(1.100286644 0.08307854644 7.773960574e-22)
(1.087565432 0.08239449035 -3.781188991e-22)
(1.075810094 0.0806035114 9.213395634e-23)
(1.065146208 0.07804070673 2.718194341e-22)
(1.055627104 0.07492434258 -5.076541812e-22)
(1.047240192 0.07140764337 2.175801046e-23)
(1.039918211 0.06759143343 1.819654605e-22)
(1.033567817 0.06356354082 -3.656870355e-23)
(1.028090315 0.05940409642 9.646997022e-23)
(1.023378604 0.05520480206 -8.609265007e-23)
(1.019337609 0.05105608878 -2.116369856e-23)
(1.015877913 0.04704460709 -2.53760533e-23)
(1.012925417 0.04320194529 5.402203453e-24)
(1.010411034 0.03955888475 -2.50136559e-23)
(1.008273508 0.03612943501 -8.570131755e-24)
(1.006449987 0.03291407484 7.298180956e-24)
(1.004901829 0.02990018155 0)
(1.003605 0.02708863697 0)
(1.002528706 0.02447311417 0)
(1.00164273 0.02204731105 -4.076982236e-26)
(1.00092209 0.01980593389 -1.139604723e-26)
(1.000345919 0.0177433688 0)
(0.9998948774 0.01585298783 -6.547815763e-26)
(0.9995505396 0.01412706029 0)
(0.9992961483 0.01255681937 8.412320234e-25)
(0.9991172152 0.01113283774 -8.043296118e-25)
(0.9990015039 0.00984567396 0)
(0.99893866 0.008686462158 2.799398642e-26)
(0.9989193543 0.007647594965 0)
(0.9989348655 0.006721701172 1.99260103e-25)
(0.9989769988 0.005900960305 -1.283242025e-25)
(0.9990376451 0.00517764819 7.440069472e-26)
(0.9991093105 0.004543455968 -3.771896722e-25)
(0.9991856493 0.003989344561 2.941477964e-25)
(0.9992618423 0.003505917278 -4.832360196e-27)
(0.9993347046 0.003083978217 -4.24658013e-26)
(0.99940251 0.002715063224 0)
(0.9994646208 0.002391783133 -3.034280254e-26)
(0.9995210659 0.00210792171 3.311334684e-27)
(0.999572187 0.001858332098 2.703176177e-26)
(0.9996184112 0.001638730392 0)
(0.9996601452 0.00144548211 -1.005739612e-25)
(0.9996977509 0.001275437724 0)
(0.9997315579 0.001125829503 0)
(0.9997618818 0.0009942145059 6.544824062e-27)
(0.9997890319 0.0008784412382 -4.326157294e-26)
(0.9998133097 0.0007766231119 5.062437605e-27)
(0.9998350036 0.0006871111219 -2.904492499e-26)
(0.9998543827 0.0006084652831 6.534207822e-26)
(0.9998716944 0.0005394272576 2.114849767e-26)
(0.9998871643 0.0004788963414 -6.244494557e-27)
(0.999900998 0.0004259094416 -2.356055271e-26)
(0.9999133821 0.0003796248833 0)
(0.9999244892 0.0003393077891 -1.879058473e-26)
(0.99993447 0.0003043224583 -5.985630903e-27)
(0.9999434879 0.0002741011467 2.720373621e-28)
(0.9999515927 0.0002482353262 -7.315844404e-29)
(0.9999592166 0.0002259600583 -1.988787662e-28)
(0.9999651631 0.0002088083953 3.616477754e-27)
(0.9999741768 0.0001861577455 0)
(1.188737228 -0.07961167726 4.536691972e-22)
(1.199266595 -0.06149573533 0)
(1.206577926 -0.04217199053 2.558544665e-21)
(1.21070951 -0.02206977601 -3.792077671e-21)
(1.211453798 -0.00170876128 5.226393862e-23)
(1.208652027 0.01825360645 9.705969079e-22)
(1.202350462 0.03715773426 -1.521418828e-21)
(1.192810261 0.05429367564 3.791274009e-23)
(1.180497328 0.06897634119 1.654918163e-21)
(1.166058834 0.08068960454 -5.161263986e-22)
(1.150247863 0.08921476168 8.128655331e-22)
(1.133837955 0.09457285357 -4.224577994e-22)
(1.117525983 0.0970701201 1.579910534e-22)
(1.101864872 0.09719913107 -2.719554351e-22)
(1.087277824 0.09548967028 1.104296514e-22)
(1.074029668 0.09248545366 -4.175045832e-22)
(1.062227235 0.08864171589 1.756874665e-22)
(1.051891393 0.08425311661 3.045793133e-22)
(1.042968731 0.07952289683 -1.763859528e-22)
(1.03533945 0.074589832 -5.64459878e-23)
(1.028855638 0.06956434899 1.919277122e-22)
(1.023380493 0.06451995383 -1.743810572e-22)
(1.018776782 0.0595494773 1.875624896e-24)
(1.014914029 0.05473997055 2.098348974e-23)
(1.01166391 0.05015740593 0)
(1.008932741 0.04582487927 7.497089197e-24)
(1.006654383 0.04176901371 1.111612864e-24)
(1.004756602 0.03798889161 -1.35044655e-25)
(1.003172886 0.03447122931 1.295404348e-24)
(1.001856998 0.03120079863 3.388904752e-24)
(1.000778125 0.0281666766 -3.55232405e-24)
(0.9999078364 0.02535505712 3.907445786e-24)
(0.9992196902 0.02275605726 -3.888274074e-24)
(0.9986904165 0.02036287187 0)
(0.9982989626 0.01816902332 0)
(0.998025075 0.0161668561 -1.639656286e-24)
(0.9978493049 0.01434706807 1.715563971e-24)
(0.9977540513 0.01269878263 -9.631976499e-26)
(0.9977244524 0.0112101811 0)
(0.9977484804 0.009869575906 -4.920925505e-26)
(0.9978163852 0.008666514602 -5.190305008e-25)
(0.9979192845 0.00759254365 5.641566209e-25)
(0.9980488834 0.00663990996 5.766396979e-25)
(0.9981967501 0.005800684018 -2.065512294e-25)
(0.9983541742 0.005066900928 6.682944314e-25)
(0.998512992 0.00442934943 8.27551641e-26)
(0.9986664629 0.003877531647 -8.891395467e-27)
(0.998809876 0.003400272148 -4.661991746e-25)
(0.9989406913 0.002986629867 -2.243250865e-25)
(0.9990582255 0.002626731669 0)
(0.9991630598 0.002312261595 0)
(0.9992564064 0.002036538658 -4.101231626e-26)
(0.999339618 0.001794285999 4.101246814e-26)
(0.9994139146 0.00158126904 0)
(0.9994803003 0.001393958025 2.691863546e-25)
(0.9995395922 0.001229295118 -2.844584046e-26)
(0.9995924857 0.001084571602 -1.091456364e-25)
(0.9996396078 0.0009573787444 9.756601047e-27)
(0.9996815443 0.0008455894626 -9.756616173e-27)
(0.9997188444 0.0007473423874 6.664074905e-26)
(0.9997520173 0.0006610181041 9.457658129e-28)
(0.999781527 0.0005852093338 -9.108005122e-26)
(0.9998077921 0.0005186907073 -5.412695977e-26)
(0.999831188 0.0004603924439 -3.536369263e-26)
(0.9998520514 0.0004093792336 2.613803342e-26)
(0.9998706846 0.0003648339259 2.905097651e-26)
(0.9998873624 0.0003260434159 1.87906509e-26)
(0.9999023228 0.0002923914028 1.48895771e-26)
(0.9999158199 0.0002633263456 5.146575904e-28)
(0.9999279353 0.0002384566922 2.924700145e-28)
(0.9999393178 0.0002170421888 8.564597253e-27)
(0.9999481916 0.0002005545932 -3.592243008e-27)
(0.9999616242 0.0001787845164 -2.427297614e-29)
(1.209474808 -0.09255701416 -5.7775607e-22)
(1.22146245 -0.07090198257 0)
(1.229793634 -0.04803275202 -1.316763524e-21)
(1.234463724 -0.02432404517 4.416496802e-21)
(1.235194517 -0.0003083463887 -1.433599426e-21)
(1.23169657 0.02341859737 -1.133091144e-21)
(1.223949142 0.04596537661 0)
(1.21217334 0.06634318486 0)
(1.196938235 0.08366061271 -7.156615096e-22)
(1.179135825 0.09720717503 -1.719386703e-21)
(1.159814406 0.106697828 0)
(1.140012863 0.1121998138 -3.902736751e-22)
(1.12063329 0.1141636434 0)
(1.102350773 0.1132691375 -2.73082677e-22)
(1.08564825 0.1101959478 -1.099531001e-22)
(1.070793212 0.105628222 -2.185502459e-22)
(1.057840182 0.1001566603 7.371636321e-23)
(1.046734471 0.09419321194 2.862723417e-22)
(1.037373863 0.08798771746 -1.650121127e-22)
(1.029572481 0.08172501515 6.543475899e-23)
(1.023108685 0.07553281162 0)
(1.017780993 0.0694846174 0)
(1.0134173 0.06366969161 -1.890069448e-24)
(1.009849104 0.05815475751 0)
(1.006923414 0.0529820539 0)
(1.004521681 0.04816842584 -5.43073257e-24)
(1.002556285 0.04371506463 5.228059629e-24)
(1.000951393 0.0396003858 7.161668363e-24)
(0.9996445518 0.03579719907 -7.027763195e-24)
(0.9985896031 0.03228131602 1.674612592e-25)
(0.9977539275 0.02903158379 7.136641345e-24)
(0.9971120126 0.02602983902 -1.397994889e-23)
(0.9966413022 0.02326373828 6.8592416e-24)
(0.9963205833 0.02072517066 -3.03850208e-24)
(0.9961290934 0.01840715117 5.856026069e-24)
(0.9960461232 0.01630140041 -2.827714074e-24)
(0.9960516823 0.01439708624 2.36944856e-24)
(0.9961278842 0.01268077359 -2.310123289e-24)
(0.99626003 0.01113757074 -3.680011336e-26)
(0.9964366625 0.009753011772 4.921224467e-26)
(0.9966485561 0.008515007612 8.248563759e-25)
(0.9968869527 0.007414361694 4.539993971e-25)
(0.9971432998 0.006443425261 -5.76657147e-25)
(0.9974080434 0.005594863269 1.413043081e-25)
(0.9976711671 0.004860628919 -1.329341083e-24)
(0.9979234985 0.004230417819 5.47292608e-25)
(0.9981579686 0.003691752611 1.119903443e-25)
(0.9983703781 0.00323103707 2.381738378e-25)
(0.998559421 0.002835038096 4.568483129e-25)
(0.9987260627 0.002492163402 -7.835215009e-26)
(0.9988725958 0.002193126277 0)
(0.9990017377 0.001930938335 0)
(0.9991160126 0.001700444421 0)
(0.9992174791 0.001497709604 0)
(0.9993077254 0.001319502979 -1.401669523e-25)
(0.9993879936 0.001162984175 0)
(0.9994593204 0.001025575718 2.471932227e-25)
(0.9995226329 0.0009049446231 1.282400078e-26)
(0.9995787907 0.0007990173995 -1.282401373e-26)
(0.9996285926 0.0007059843351 -1.677132321e-25)
(0.9996727695 0.0006242818799 0)
(0.9997119799 0.0005525607716 6.410848513e-26)
(0.9997468111 0.0004896516753 3.842265742e-26)
(0.9997777847 0.0004345358987 4.570614209e-26)
(0.9998053653 0.0003863232748 0)
(0.9998299668 0.0003442359035 -3.087317952e-26)
(0.9998519636 0.0003075957408 3.079100498e-26)
(0.999871676 0.0002758138396 1.662886381e-27)
(0.9998894488 0.0002483724222 -5.224109514e-28)
(0.9999053922 0.000224896219 1.648385306e-26)
(0.9999203588 0.0002046833596 -8.857086072e-27)
(0.9999320239 0.000189122234 0)
(0.999949669 0.0001685794935 0)
(1.233848823 -0.1072221218 4.410600995e-21)
(1.247274223 -0.08150580525 -3.022525722e-21)
(1.256818697 -0.0546651348 -1.788052012e-21)
(1.262293752 -0.02693744224 -1.585903696e-21)
(1.263139197 0.00163903743 0)
(1.258915024 0.03013593001 -5.250482035e-22)
(1.249309338 0.05748508686 -1.755153144e-21)
(1.234593535 0.08213217205 -8.141944293e-22)
(1.215554584 0.1027407889 1.46617242e-21)
(1.193422824 0.1183744832 2.968433586e-21)
(1.169649147 0.1287513935 -1.111810007e-21)
(1.145653439 0.1340385355 0)
(1.122610265 0.1348855613 0)
(1.101312063 0.1322613011 8.488639026e-24)
(1.082257167 0.1271365426 -3.96952373e-22)
(1.06571446 0.1203593471 -8.071492592e-23)
(1.051667624 0.1126994864 0)
(1.039942141 0.1047052136 -1.212264542e-22)
(1.030313185 0.09668187162 5.256675562e-23)
(1.0225241 0.08884569799 -2.650952471e-23)
(1.016276007 0.0813188137 1.702660514e-23)
(1.011288565 0.074172086 8.6973845e-25)
(1.00732546 0.06746252337 0)
(1.004181077 0.06122164712 0)
(1.001682963 0.05546111322 0)
(0.9996947815 0.05017445295 -9.44757326e-25)
(0.9981133148 0.04533540711 1.209010453e-23)
(0.996859728 0.04090316685 -1.162507524e-23)
(0.9958743328 0.03683482164 -1.214399863e-23)
(0.9951137827 0.03309217198 2.266693454e-23)
(0.994547812 0.02964401925 -1.138235768e-23)
(0.9941543887 0.02646718158 0)
(0.9939148994 0.02354679792 4.552647969e-24)
(0.9938113003 0.02087406993 -4.552852704e-24)
(0.9938250811 0.0184423163 -3.526802728e-26)
(0.9939374358 0.01624317379 -3.48438141e-24)
(0.994130312 0.01426434433 3.461520036e-24)
(0.9943877152 0.01248955451 -2.806027163e-24)
(0.9946963629 0.01090056926 2.849330847e-24)
(0.9950452253 0.009480237514 2.256934033e-24)
(0.9954238681 0.008215372835 -2.73313296e-24)
(0.9958212294 0.007096804744 -1.670860711e-24)
(0.9962256606 0.006117700085 -2.480786501e-26)
(0.9966243237 0.005271699984 -1.998565217e-25)
(0.9970047999 0.004550370769 6.004165183e-25)
(0.9973570074 0.003941537932 1.139597771e-25)
(0.9976745564 0.00342972375 -6.968458157e-25)
(0.9979551839 0.002997981572 -3.832288258e-25)
(0.9982001989 0.002630196299 0)
(0.9984132556 0.002312890576 0)
(0.9985989633 0.002035994682 0)
(0.998761778 0.001792596231 0)
(0.9989053934 0.001578077503 3.027127718e-25)
(0.9990326074 0.001389140952 -2.959260677e-26)
(0.999145486 0.001223074653 0)
(0.9992456255 0.00107737289 2.029180791e-26)
(0.9993343716 0.0009496424016 6.499108148e-27)
(0.9994129441 0.0008376518184 -1.292420487e-25)
(0.9994824788 0.0007394028742 -1.569674814e-26)
(0.9995440249 0.0006531631197 9.355342162e-26)
(0.9995985327 0.0005774535929 -1.052632866e-26)
(0.999646848 0.000511011204 5.948525416e-27)
(0.9996897176 0.0004527476388 4.577806607e-27)
(0.9997278008 0.0004017162061 0)
(0.9997616814 0.0003570890319 0)
(0.9997918786 0.0003181415216 0)
(0.9998188574 0.0002842409158 -3.2453994e-26)
(0.9998430232 0.0002548441787 0)
(0.9998648021 0.0002294694019 0)
(0.9998843258 0.0002077610078 -1.596147203e-26)
(0.9999026447 0.0001890729309 0)
(0.9999169206 0.0001746876804 0)
(0.9999385028 0.0001557009621 0)
(1.262543019 -0.1232045173 1.611347353e-06)
(1.27752137 -0.0934871412 1.784613236e-21)
(1.288743427 -0.06213170245 5.848288641e-21)
(1.295516449 -0.02993752327 -1.040917891e-21)
(1.296536349 0.002923413606 -6.239783238e-24)
(1.291155273 0.03687819103 -1.081454579e-21)
(1.279047983 0.07009891805 1.749900833e-21)
(1.260295006 0.1001043647 8.124607585e-22)
(1.23603602 0.1249116268 -1.456884081e-21)
(1.20811201 0.1431902363 0)
(1.178587618 0.1545461676 -1.593376569e-22)
(1.14932976 0.1594235314 -1.005897557e-21)
(1.121903897 0.1586766823 -3.496162906e-22)
(1.097243884 0.1536892295 9.854841726e-22)
(1.075795456 0.1458531765 -3.937776271e-22)
(1.057687528 0.1362838334 2.680007456e-22)
(1.042795035 0.1259485509 -1.072895392e-22)
(1.030783868 0.1155178446 6.089685249e-23)
(1.021256932 0.1053829719 8.286141479e-24)
(1.013820013 0.09576714522 4.087115231e-24)
(1.008082912 0.08677131609 -3.709780129e-24)
(1.003692143 0.07844093847 -1.746195539e-23)
(1.000349784 0.07079136672 1.69027709e-23)
(0.9978127041 0.06381358472 -1.811186789e-23)
(0.9958878637 0.05747993484 1.811433077e-23)
(0.9944270265 0.05174653901 1.809034874e-23)
(0.9933205908 0.04655575765 -1.855512892e-23)
(0.9924896183 0.04184282648 -4.661865782e-25)
(0.9918781608 0.03754490324 -1.57957017e-23)
(0.9914477162 0.03360776661 3.160196489e-23)
(0.991172753 0.02998942398 -1.443355148e-23)
(0.9910360723 0.0266609974 0)
(0.9910245532 0.02360543533 2.127146086e-25)
(0.9911265538 0.02081380037 -1.922228635e-25)
(0.9913310397 0.01827987943 3.527146173e-26)
(0.9916275853 0.01599511721 0)
(0.9920063787 0.01394586869 -3.92431674e-24)
(0.9924576592 0.01211385738 4.043705927e-25)
(0.9929704351 0.01047923797 3.442522387e-24)
(0.9935310425 0.009024518535 -2.729670752e-24)
(0.9941216643 0.007737631066 2.732477287e-24)
(0.9947218486 0.006611006859 1.046274906e-24)
(0.9953107524 0.005638743011 0)
(0.9958686465 0.004814221691 9.620612856e-25)
(0.9963801968 0.004126532036 0)
(0.9968363433 0.003559362605 -6.473859963e-25)
(0.9972345877 0.003092409366 5.730697882e-25)
(0.9975778817 0.002704360309 6.362703468e-25)
(0.997872654 0.002376054577 5.028758764e-25)
(0.9981266735 0.002092595939 -1.14191628e-25)
(0.9983473461 0.001843895973 0)
(0.9985407529 0.001623883014 3.930057201e-26)
(0.9987114115 0.00142906183 -3.124235058e-25)
(0.9988625255 0.001257127157 0)
(0.9989964241 0.001106051199 2.693957484e-26)
(0.9991149616 0.0009737150003 -5.065910668e-26)
(0.9992197724 0.0008579181314 -1.61983454e-25)
(0.9993123769 0.0007565380728 1.841299836e-25)
(0.9993941941 0.0006676722822 -3.439972024e-26)
(0.9994665208 0.0005896971261 1.607258955e-26)
(0.999530514 0.0005212529639 6.136982276e-27)
(0.999587191 0.0004611941095 -6.136981389e-27)
(0.9996374429 0.0004085382974 4.61714187e-27)
(0.9996820531 0.000362430238 -8.58679183e-27)
(0.999721714 0.0003221212443 3.969649942e-27)
(0.9997570397 0.000286948152 5.279144228e-26)
(0.9997885876 0.0002563416617 0)
(0.9998168355 0.00022981017 0)
(0.9998422772 0.0002069079789 0)
(0.9998650749 0.0001873167976 0)
(0.9998864607 0.0001704550328 1.508996755e-26)
(0.9999031239 0.0001574770969 -8.434777283e-27)
(0.9999283041 0.0001403508825 -3.747949211e-27)
(1.295128305 -0.1428394526 2.51828394e-06)
(1.308675169 -0.1088594748 9.579980989e-07)
(1.316935579 -0.07291200623 1.005175638e-07)
(1.319026312 -0.03363292335 1.077578395e-21)
(1.316976212 0.007931874202 0)
(1.310174954 0.04995242809 2.808342739e-22)
(1.295645572 0.09050940403 -1.613132603e-22)
(1.273425004 0.126889059 0)
(1.244908001 0.1561986783 0)
(1.212089714 0.1767586603 0)
(1.177796233 0.1880154696 8.53606197e-23)
(1.144248384 0.1909581614 1.081173706e-21)
(1.113292389 0.1870649913 3.516465086e-22)
(1.086119176 0.1782914551 2.066052059e-22)
(1.063154082 0.166509555 -2.899012706e-23)
(1.04435339 0.1532088662 -7.389136872e-23)
(1.029404391 0.1395194269 1.07717184e-22)
(1.017809196 0.1261778205 -3.221559495e-23)
(1.009017829 0.1136086727 5.368080488e-25)
(1.002497303 0.1020139991 0)
(0.9977573185 0.09145340084 2.366478867e-23)
(0.9943711936 0.08191488383 -1.723134717e-23)
(0.9919884654 0.07335015719 2.47205029e-23)
(0.9903351187 0.06568984101 -2.328628171e-23)
(0.9892045665 0.05885132948 0)
(0.9884459345 0.05274361703 1.408149346e-24)
(0.9879526213 0.04727199134 -2.420179962e-23)
(0.9876515177 0.04234373463 2.584690717e-23)
(0.9874936552 0.037874798 2.235472957e-23)
(0.9874473055 0.03379541858 -1.736259906e-24)
(0.9874932257 0.03005317429 -1.962279776e-23)
(0.9876213036 0.02661297746 5.651745866e-25)
(0.9878283931 0.02345424538 -7.208396637e-25)
(0.9881171529 0.02056576586 -6.191671798e-24)
(0.9884949148 0.01793962004 1.229979953e-23)
(0.9889712282 0.01556632198 -5.893515735e-24)
(0.9895534963 0.01343291828 -9.123640078e-26)
(0.9902415453 0.01152426436 0)
(0.9910230666 0.009826053982 0)
(0.9918721548 0.008327687373 -3.956430717e-25)
(0.9927512338 0.00702251734 3.960335575e-25)
(0.9936195349 0.005905386505 0)
(0.9944393973 0.004968732247 2.738117451e-25)
(0.9951823062 0.004200291529 -1.235904965e-24)
(0.9958328256 0.003580895436 -2.135551338e-25)
(0.9963884708 0.003085562702 4.020859572e-25)
(0.9968567035 0.002686797646 -1.88530845e-25)
(0.9972505792 0.002358708222 0)
(0.9975845855 0.002080353738 -5.179363267e-25)
(0.9978716902 0.001837280146 0)
(0.9981219267 0.001621109266 0)
(0.9983422787 0.001427820842 4.447724334e-26)
(0.9985373364 0.00125567785 -8.368680934e-26)
(0.9987101848 0.001103574243 4.659178214e-27)
(0.9988631546 0.0009701490702 3.455037088e-26)
(0.9989982821 0.0008535924559 0)
(0.9991174978 0.0007518460515 -2.10330387e-25)
(0.9992226448 0.000662894177 1.03355419e-26)
(0.999315432 0.0005849627886 -1.939627268e-26)
(0.9993973913 0.0005165821463 1.134344036e-27)
(0.9994698646 0.0004565531459 7.926383774e-27)
(0.999534018 0.000403878742 1.0798231e-25)
(0.9995908683 0.0003577060113 0)
(0.9996413102 0.0003172847627 -4.469587774e-27)
(0.9996861289 0.000281953494 2.565180066e-27)
(0.9997260306 0.0002511398886 -5.088716056e-26)
(0.9997616541 0.0002243346872 1.327477135e-27)
(0.9997935347 0.0002010966864 -2.39955635e-27)
(0.9998222371 0.0001810385994 3.289200761e-26)
(0.9998479521 0.0001638843287 2.403584536e-26)
(0.9998720682 0.0001491222458 -1.499270279e-26)
(0.9998908554 0.0001377610529 8.312325156e-27)
(0.9999192363 0.0001227708877 3.77316399e-27)
(1.30491408 -0.1221652234 0.02707914017)
(1.240460417 -0.07644406313 1.475450686e-07)
(1.227358778 -0.03719621329 1.920877725e-07)
(1.218815854 0.007496593431 0)
(1.2116406 0.05502573961 -2.540911495e-21)
(1.202726248 0.1032103705 2.417606389e-21)
(1.188371609 0.1480181887 -9.593259624e-21)
(1.168780444 0.1843934816 4.123677142e-21)
(1.14458449 0.2093908893 -2.639220199e-21)
(1.118184286 0.2221124024 1.808965149e-22)
(1.091790872 0.223823569 9.972731171e-22)
(1.067175906 0.2168743021 -4.600091147e-22)
(1.045571314 0.2040201063 -1.985361845e-22)
(1.027530299 0.1877985847 1.736540298e-22)
(1.013108873 0.1702175238 3.398720001e-24)
(1.002047115 0.1526851433 -3.304778961e-24)
(0.9939059729 0.13606854 2.260977085e-23)
(0.9881783573 0.1208253062 -2.141791485e-23)
(0.9843576456 0.1071281969 -5.556243924e-24)
(0.98197883 0.09497377916 0)
(0.9806429152 0.08426587518 -4.063067471e-24)
(0.9800289174 0.07486711239 -4.465917052e-23)
(0.979893634 0.0666259517 6.671284552e-23)
(0.980061731 0.05939017457 -3.997642675e-23)
(0.9804119035 0.05301372102 0)
(0.9808632742 0.04736078498 0)
(0.9813636597 0.04230928321 3.554123782e-25)
(0.9818805109 0.03775447584 2.388809524e-23)
(0.982395196 0.0336117837 -2.540024647e-23)
(0.9829006286 0.02981747987 0)
(0.9834013713 0.02632677004 9.137723328e-26)
(0.9839146299 0.02310982506 -8.379017406e-24)
(0.9844699543 0.02014705698 1.517811002e-23)
(0.985105387 0.01742524971 -1.489049976e-24)
(0.9858589887 0.01493574698 -6.390861529e-24)
(0.9867571109 0.01267460775 -1.95229061e-26)
(0.9878032713 0.01064321541 -4.397873507e-24)
(0.988972322 0.008847440309 3.933821257e-25)
(0.9902125475 0.00729460258 4.025578379e-24)
(0.9914568048 0.005987613069 -1.740495979e-24)
(0.9926390912 0.00491993548 -1.532938136e-24)
(0.9937068051 0.004073280822 0)
(0.9946294992 0.003418385333 1.189025376e-24)
(0.9954006718 0.002918253683 0)
(0.9960328916 0.002533655226 0)
(0.9965496395 0.002228729235 0)
(0.9969771499 0.001975126154 -7.163351949e-25)
(0.9973385442 0.001753771923 7.02752579e-25)
(0.9976510634 0.001554231341 -7.147369862e-26)
(0.9979259351 0.001372408223 -4.902710646e-25)
(0.9981697784 0.001207680506 0)
(0.9983864352 0.001060455867 -3.805850447e-25)
(0.9985784851 0.0009306913867 -3.731686619e-25)
(0.9987481568 0.0008174097355 -2.738175307e-25)
(0.9988976887 0.0007188926975 2.910470106e-25)
(0.9990293465 0.0006331335911 1.956265518e-25)
(0.9991453089 0.0005582323588 2.00463108e-25)
(0.999247559 0.0004925983022 -1.658734621e-25)
(0.9993378346 0.0004349762207 1.43977616e-25)
(0.9994176315 0.0003843733213 0)
(0.9994882409 0.0003399665523 -1.079826909e-25)
(0.9995507843 0.0003010479242 1.014850143e-25)
(0.9996062479 0.0002669911239 0)
(0.9996555177 0.0002372341056 -7.699199341e-26)
(0.9996993703 0.000211289275 2.08711615e-27)
(0.9997384963 0.0001887199814 -1.454473551e-27)
(0.9997735006 0.0001691555784 -4.194369153e-26)
(0.9998050107 0.0001522720063 -6.627763642e-26)
(0.9998332356 0.0001378345768 -2.370285597e-26)
(0.999859699 0.0001254113716 1.789236489e-26)
(0.9998803124 0.0001158508704 1.001765327e-26)
(0.9999114447 0.000103238578 0)
(1.054194979 -0.09125489234 0.05142271498)
(0.9120524652 -0.05412368048 0.03103461935)
(0.7822240481 -0.01057738761 2.655927818e-07)
(0.7999053903 0.02312560198 3.17848037e-21)
(0.8246704049 0.06437952246 3.054514096e-21)
(0.8531424029 0.1107446264 -6.219315318e-21)
(0.8770414048 0.1564328214 5.057247402e-21)
(0.8953080458 0.1952881109 2.016001267e-21)
(0.907813533 0.2229371199 -1.315954015e-21)
(0.9158718545 0.2376066927 3.054657999e-22)
(0.9207475446 0.2399211495 -9.920934889e-23)
(0.923761104 0.2322329016 -1.646877354e-22)
(0.9260072703 0.2176160169 2.51005471e-23)
(0.9282038976 0.1990582895 -1.306764019e-23)
(0.9307162704 0.178977897 1.092150935e-23)
(0.9336678635 0.1590712376 0)
(0.9370364079 0.1403804868 -1.371030972e-23)
(0.9407178265 0.1234422753 0)
(0.9445729097 0.1084416983 -4.968041777e-23)
(0.9484612263 0.09534438561 6.333841882e-23)
(0.9522619406 0.08399726667 -5.366354308e-23)
(0.955884205 0.07419638034 5.941825967e-23)
(0.9592693724 0.06572660434 5.308525543e-23)
(0.9623870072 0.05838213964 -1.057173139e-24)
(0.9652276793 0.05197574622 -4.110984791e-23)
(0.9677953911 0.04634232523 -3.660527881e-23)
(0.970101502 0.04134012622 6.769512568e-23)
(0.9721613623 0.03685086081 -3.308946921e-23)
(0.9739943416 0.03277861527 -1.333213542e-23)
(0.9756269024 0.02904730839 1.49987608e-23)
(0.977096943 0.02559732639 -6.567649701e-25)
(0.9784564743 0.02238289298 5.85434126e-25)
(0.979769539 0.01937169854 1.097801488e-24)
(0.9811036324 0.01654708451 -6.871259235e-24)
(0.9825156503 0.01391111646 7.332454316e-24)
(0.9840365516 0.01148531171 1.801043261e-25)
(0.9856607476 0.009305979934 -5.338603165e-24)
(0.9873452201 0.007413626937 5.147192316e-24)
(0.9890190265 0.005839255608 0)
(0.9906033442 0.004591564232 1.953836674e-24)
(0.9920314274 0.003651215388 -5.141592018e-25)
(0.9932609633 0.002974755921 -1.094676315e-24)
(0.9942802626 0.00250342053 -2.772388831e-24)
(0.9951045485 0.002175007281 -9.746164159e-25)
(0.9957660483 0.001934529255 1.126311016e-25)
(0.996302627 0.001740817036 7.550277004e-25)
(0.9967487483 0.001568346171 1.480350354e-24)
(0.9971306008 0.001405186191 -1.304138289e-24)
(0.9974652434 0.001248795448 5.926349216e-25)
(0.9977623821 0.001101432344 -6.159174733e-26)
(0.9980271087 0.0009664721283 2.987261926e-26)
(0.9982623483 0.0008462226776 -2.42784681e-26)
(0.9984704335 0.0007411935137 3.351893002e-25)
(0.9986537961 0.0006503659306 2.771303471e-25)
(0.9988150593 0.0005718937141 -2.41673608e-25)
(0.9989568693 0.000503779041 1.387107638e-26)
(0.9990817002 0.0004442898793 -2.14334672e-25)
(0.9991917429 0.000392091605 1.758161582e-25)
(0.9992888808 0.0003462030664 -1.53920218e-25)
(0.9993747179 0.0003058741456 0)
(0.9994506411 0.0002704858816 -3.533548487e-27)
(0.9995178697 0.000239483402 -1.010072941e-25)
(0.9995774725 0.0002123660502 3.055794668e-27)
(0.9996303962 0.0001886837026 1.543938245e-25)
(0.9996774827 0.000168031733 -6.828736491e-26)
(0.999719488 0.0001500688012 -5.531425144e-26)
(0.9997570619 0.000134501485 8.881046662e-26)
(0.9997908779 0.0001210687279 -9.775100696e-28)
(0.9998211626 0.0001095827027 -4.888041801e-28)
(0.9998495525 9.970003617e-05 -1.811883915e-26)
(0.9998716648 9.209524492e-05 -2.086123775e-26)
(0.9999050547 8.206428318e-05 0)
(0.3361333958 -0.0486491619 0.05649192799)
(0.3227112835 -0.07754007755 0.03307329321)
(0.3054930983 -0.08174400971 -2.442583276e-07)
(0.3296747941 -0.04420548654 2.320531055e-06)
(0.3596397729 0.003819406287 2.895628842e-23)
(0.4000615368 0.05946440173 1.031495587e-22)
(0.4434051875 0.1133399981 3.006186611e-21)
(0.4887326337 0.1590715918 7.192665458e-22)
(0.5352047 0.1923367004 -7.474627503e-22)
(0.5815006597 0.2115337912 4.292021121e-22)
(0.626100021 0.2175055745 0)
(0.6679412149 0.2127774055 3.111123537e-23)
(0.7064132908 0.2005647262 -4.480918887e-23)
(0.7412008181 0.1839891059 1.456884555e-23)
(0.7722161772 0.1655669979 5.830807976e-24)
(0.799586913 0.1470734877 0)
(0.8235872056 0.1296149311 -3.777542609e-23)
(0.8445579992 0.1137749678 -2.471234724e-23)
(0.8628558464 0.09976986635 7.51047057e-23)
(0.87882473 0.08758351337 -8.104131378e-24)
(0.8927800083 0.07707142316 -6.765046146e-23)
(0.9050011328 0.06803247015 6.763911541e-23)
(0.9157306487 0.06025262765 4.937814142e-23)
(0.9251760555 0.05352826062 -6.473308227e-23)
(0.9335123897 0.04767661675 -5.656730092e-23)
(0.9408852275 0.04253915953 7.738325832e-24)
(0.9474146523 0.03798105144 4.232105368e-23)
(0.9532006807 0.0338884649 0)
(0.958330039 0.03016479294 0)
(0.9628832166 0.02672708409 -1.666917672e-24)
(0.9669398848 0.02350454494 1.617112465e-24)
(0.9705805899 0.02044091967 0)
(0.9738835175 0.01750090907 -5.775758934e-25)
(0.9769170293 0.01467825153 5.467003826e-25)
(0.979730721 0.0120006859 4.783694233e-25)
(0.982348964 0.009526652789 -6.120845938e-24)
(0.9847703687 0.007331409147 9.288691816e-25)
(0.9869742272 0.00548547786 3.49585128e-24)
(0.9889326082 0.004031414172 1.104925223e-24)
(0.9906250884 0.002969842099 -9.696788318e-25)
(0.9920479304 0.0022576129 1.701271741e-24)
(0.9932166053 0.001820512232 1.845373947e-24)
(0.9941636901 0.001571543102 1.580402599e-24)
(0.9949313041 0.001429786573 8.122157369e-25)
(0.995562366 0.001333360412 1.150486137e-24)
(0.9960936888 0.001244171832 -9.865894201e-25)
(0.9965525011 0.001145567231 -7.639345064e-25)
(0.996956361 0.001035901755 5.915912135e-25)
(0.9973153118 0.0009212441247 -5.113820664e-25)
(0.9976348029 0.0008094800954 5.219488388e-25)
(0.9979182186 0.0007067773694 0)
(0.9981684668 0.000616306581 3.560202108e-25)
(0.9983886339 0.0005385195531 4.206991772e-25)
(0.9985820168 0.0004721489762 3.779527708e-26)
(0.9987518944 0.0004152623983 -3.779533336e-26)
(0.9989012975 0.000366002516 0)
(0.9990328808 0.0003229266907 -1.28062667e-26)
(0.9991489173 0.0002850414726 1.280629091e-26)
(0.9992513479 0.0002516704688 0)
(0.9993418441 0.0002223138695 0)
(0.9994218618 0.0001965540245 0)
(0.9994926829 0.0001739985168 -6.425337973e-27)
(0.9995554473 0.0001542776608 9.044509968e-28)
(0.9996111658 0.0001370587015 -1.56778592e-25)
(0.9996607316 0.0001220484059 6.932300375e-26)
(0.9997049433 0.0001089947686 1.128758403e-25)
(0.9997444845 9.768218715e-05 1.917260592e-27)
(0.9997800656 8.792088732e-05 3.603886942e-26)
(0.999811927 7.957476191e-05 5.136699486e-28)
(0.9998417912 7.23944024e-05 0)
(0.9998650504 6.686932443e-05 1.076802228e-26)
(0.9999001671 5.958244177e-05 -3.107434432e-29)
(0.008831434395 -0.114946184 0.05821431724)
(0.04841566303 -0.1307399403 0.0603648499)
(0.008943854754 -0.09165763417 0.0367845122)
(-0.05972507455 -0.04678283983 -3.98554315e-06)
(-0.0747248547 -0.01205991017 -1.287467506e-21)
(-0.05179829407 0.02754241561 -5.813795812e-22)
(-0.01607076055 0.06807824395 9.892502496e-23)
(0.03979484547 0.1043096477 9.276647452e-22)
(0.1086484187 0.1312782755 -4.359720713e-22)
(0.1852198096 0.1476826745 2.795414564e-22)
(0.2647766647 0.1540534483 -4.927721572e-22)
(0.3435185014 0.1522847081 1.06811214e-22)
(0.4185940954 0.1446645019 1.155460922e-23)
(0.4880414521 0.1335482627 0)
(0.5507787833 0.1208463396 1.169315172e-23)
(0.6065344411 0.1079075397 0)
(0.6555817843 0.09557639672 -2.015293931e-23)
(0.6984891494 0.0843065124 8.6126781e-24)
(0.7359506348 0.07427809679 -1.229870287e-23)
(0.7686788807 0.06549873766 0)
(0.7973413577 0.05788009558 6.848903565e-23)
(0.822529289 0.0512899485 -7.923010553e-23)
(0.844748662 0.04558406251 8.062117563e-24)
(0.8644232268 0.04062349658 7.305782067e-24)
(0.8819026928 0.03628241631 6.578585018e-24)
(0.8974727306 0.03245023328 2.518326978e-25)
(0.9113652268 0.02903045306 2.8391786e-24)
(0.9237679131 0.02593789966 -3.437072107e-23)
(0.9348326442 0.02309593017 3.687417505e-23)
(0.9446817239 0.02043532299 -3.061218889e-23)
(0.9534122941 0.01789623206 2.704101824e-23)
(0.9610995301 0.01543429723 7.496491604e-25)
(0.9678001953 0.01302937371 0)
(0.9735584387 0.01069336737 -5.459718526e-25)
(0.97841468 0.008472324829 -9.758638748e-25)
(0.9824166657 0.006438739255 1.240466511e-23)
(0.98562956 0.004673789222 -1.623189997e-24)
(0.988141274 0.003244187559 -9.941756439e-24)
(0.9900622055 0.002180837964 -2.315636974e-24)
(0.9915159007 0.001469262363 0)
(0.9926245756 0.001053979025 1.652798973e-24)
(0.993496074 0.0008543647464 -1.652850925e-24)
(0.9942149633 0.0007849685048 -9.471947828e-26)
(0.994839075 0.0007732538297 -1.275015296e-24)
(0.9954017765 0.0007695748853 -4.452769851e-26)
(0.9959180156 0.0007484960471 -9.857641215e-25)
(0.99639159 0.0007037872343 -8.189820663e-25)
(0.9968215453 0.0006407324814 7.207991155e-25)
(0.9972065478 0.0005689175597 6.344943568e-25)
(0.9975470349 0.0004972708642 5.585728037e-25)
(0.9978456132 0.0004317142856 0)
(0.9981064458 0.0003748553525 0)
(0.9983343245 0.0003268158314 -5.491300133e-25)
(0.998533889 0.0002863854826 1.775637534e-25)
(0.9987091841 0.0002519865942 -2.947258282e-25)
(0.9988635424 0.0002222437876 -2.589844397e-25)
(0.9989996742 0.0001961834595 -2.273549129e-25)
(0.9991198183 0.0001731996885 1.993243649e-25)
(0.9992258864 0.0001529131035 -2.554757261e-25)
(0.9993195669 0.000135052563 1.51689514e-25)
(0.9994023648 0.000119377896 1.23300698e-25)
(0.9994756214 0.0001056587056 5.354087091e-26)
(0.9995405294 9.36713814e-05 0)
(0.9995981427 8.320974981e-05 8.278307326e-26)
(0.9996493889 7.409229837e-05 0)
(0.999695095 6.616347036e-05 -1.210983044e-26)
(0.9997359689 5.929203688e-05 1.469201432e-26)
(0.9997727457 5.336314942e-05 0)
(0.9998056752 4.829419014e-05 0)
(0.9998365377 4.393366992e-05 0)
(0.9998605736 4.057833273e-05 0)
(0.9998968587 3.61537666e-05 0)
(-0.0628500538 -0.1061996538 0.05662851262)
(-0.1487988518 -0.1007546254 0.05897493575)
(-0.2676939159 -0.06373902195 0.03514477198)
(-0.3675129627 -0.02325690834 4.98840461e-07)
(-0.394036405 -0.007770328066 -2.020202189e-21)
(-0.3893960299 0.007612236605 -1.970762147e-22)
(-0.3588204781 0.02402519548 -8.437067551e-26)
(-0.3019358423 0.03817670235 1.493034912e-22)
(-0.2239417443 0.04870740761 -1.158638388e-22)
(-0.1312447851 0.05518302723 5.01489274e-22)
(-0.03057903715 0.05780042351 -4.519156172e-22)
(0.07207951329 0.05741331412 2.474258063e-23)
(0.1720397499 0.05476545992 -3.523367746e-23)
(0.2662621345 0.05077613273 3.515954341e-23)
(0.3527588439 0.04617559126 -1.763166147e-22)
(0.4307307899 0.04146476438 3.794272715e-22)
(0.500213853 0.0369486826 -4.15647285e-22)
(0.5617283164 0.03279124947 1.488480814e-23)
(0.616032144 0.02906025719 2.220017531e-22)
(0.6639589955 0.02576310765 0)
(0.7063195689 0.02287331046 -1.605828173e-22)
(0.7438503352 0.02034842205 1.711909223e-22)
(0.7771942675 0.01814090848 1.399382151e-22)
(0.8068990906 0.01620401213 -2.024530928e-22)
(0.8334237569 0.0144943169 6.807857271e-24)
(0.8571479407 0.01297254891 5.254842627e-23)
(0.8783816498 0.0116032458 -4.659854626e-23)
(0.897373477 0.0103539349 7.986402114e-23)
(0.9143169224 0.009194688114 -3.859636236e-23)
(0.9293550873 0.008098480377 -5.766857606e-23)
(0.942585997 0.007042997471 3.350430515e-23)
(0.9540711873 0.006013527598 2.533582246e-23)
(0.9638497769 0.005006596369 1.98605592e-23)
(0.9719592605 0.004032678867 -3.714947486e-23)
(0.9784604522 0.003115938091 1.778535764e-23)
(0.9834604303 0.002289746767 1.353548728e-23)
(0.9871251523 0.001588416004 -2.452749287e-23)
(0.9896765637 0.001037019847 1.642536135e-23)
(0.9913736433 0.0006438833104 -7.055043548e-24)
(0.9924793441 0.0003974242655 8.190900429e-24)
(0.9932262397 0.0002696493064 -4.716104899e-25)
(0.9937934231 0.0002237505087 -3.353704367e-24)
(0.9942969638 0.0002230356114 3.948708208e-24)
(0.9947948412 0.0002380280882 -4.857901054e-24)
(0.9953018791 0.0002499080486 4.2707789e-24)
(0.99580807 0.0002502597118 -1.998551429e-24)
(0.9962946174 0.0002383703884 -7.312359618e-25)
(0.996744621 0.0002177211702 8.292267645e-25)
(0.9971480016 0.0001929659647 -1.831142867e-24)
(0.9975020236 0.0001680279584 6.423718873e-25)
(0.9978093964 0.0001453354891 -4.646350514e-25)
(0.9980756971 0.0001258695411 5.572241376e-26)
(0.9983072092 0.0001096083275 4.090349205e-25)
(0.998509611 9.603703151e-05 3.166709107e-25)
(0.9986874701 8.453719168e-05 -3.011461738e-25)
(0.998844277 7.459781192e-05 5.36730069e-25)
(0.9989827192 6.587596335e-05 2.268516712e-25)
(0.9991049735 5.816683345e-05 -1.092066588e-26)
(0.9992129169 5.135198663e-05 -1.782406863e-25)
(0.9993082358 4.534889999e-05 2.107193241e-26)
(0.9993924584 4.008152105e-05 1.098812018e-26)
(0.9994669583 3.547359293e-05 -6.091682996e-26)
(0.9995329573 3.144921635e-05 -1.001080197e-25)
(0.9995915335 2.793778769e-05 6.858506421e-27)
(0.9996436334 2.487756706e-05 6.242029663e-27)
(0.9996900991 2.221618483e-05 -5.422278748e-26)
(0.9997316505 1.990975054e-05 -3.268333807e-26)
(0.9997690348 1.791981332e-05 1.108630749e-26)
(0.9998025065 1.621861743e-05 -6.286911084e-27)
(0.9998338748 1.475532126e-05 6.288162808e-27)
(0.9998583053 1.362933631e-05 -5.192452607e-28)
(0.9998951801 1.214469809e-05 5.213914196e-28)
(-0.005158839481 -0.1029770821 0.05831456314)
(-0.04427906003 -0.1122135147 0.05719059102)
(-0.005164988388 -0.1029448331 -0.05831900276)
(-0.04428524241 -0.1122029845 -0.05719280686)
(-0.04415195168 -0.09654445235 0.05646811241)
(-0.03916555073 -0.01705391595 0.05490258768)
(-0.044141923 -0.09655986459 -0.05646895373)
(-0.03916386467 -0.01705310009 -0.05490240317)
(0.3316709951 -0.04153815144 0.0565901466)
(0.03087438328 -0.08643690768 0.05821973766)
(0.3315806495 -0.04157271022 -0.05658994415)
(0.03078885614 -0.08646294777 -0.05822271259)
(-0.03494086474 -0.0709593925 5.781344964e-05)
(-0.034843307 -0.07093282334 0.05916889987)
(-0.01505456949 -0.04213277974 0.04926734723)
(-0.01547790561 -0.04211201767 -0.0001196022821)
(-0.1267183381 -0.1045259264 0.05815627366)
(-0.07340403213 -0.01840811262 0.05534475606)
(-0.1776214132 -0.01687721334 0.05705762528)
(-0.06285630523 -0.106218848 -0.05662807017)
(-0.1267340064 -0.1045534021 -0.05815950813)
(-0.07339672498 -0.01840298161 -0.05534472907)
(-0.1776251008 -0.01687872392 -0.0570582703)
(-0.03031420705 -0.06357551098 4.059078387e-06)
(-0.02515611279 -0.05635977568 0.05740009517)
(-0.02535825107 -0.05632283025 5.44786631e-05)
(-0.03048486013 -0.0636702058 0.05836383352)
(-0.03495258661 -0.07097409486 -5.253442302e-05)
(-0.03487897634 -0.07098692491 -0.05917441746)
(-0.03032472539 -0.06358454116 -1.549749297e-07)
(-0.02516097776 -0.05637499727 -0.05740420887)
(-0.02536088685 -0.05632896729 -5.23965791e-05)
(-0.03051300841 -0.06369780042 -0.05836786829)
(-0.01980890992 -0.05370848622 3.885368269e-05)
(-0.04416696571 -0.09649192265 1.004719222e-05)
(-0.0252919925 -0.07159250892 0.0564690687)
(-0.04416231569 -0.07514114686 0.05594257857)
(-0.02513098034 -0.07149547766 -7.144236758e-08)
(-0.04429369703 -0.07510417402 1.987948913e-05)
(-0.01954742115 -0.05380371053 0.05581991106)
(-0.01231615709 -0.03556278692 -1.199783341e-05)
(-0.03922707592 -0.01703121203 1.389612662e-05)
(-0.04114224176 -0.04870324647 0.05524071399)
(-0.009032350867 -0.01248015236 0.05347981862)
(-0.04121192853 -0.04869031033 8.577498867e-06)
(-0.009421164476 -0.01245017862 -1.884124762e-05)
(-0.01194256562 -0.03552504676 0.05425535461)
(-0.01505986463 -0.04214258913 -0.04926792251)
(-0.01547955256 -0.04211568797 0.0001214905746)
(-0.01981068821 -0.05371265988 -3.842617935e-05)
(-0.04416522563 -0.09649760733 -7.500370482e-06)
(-0.02529499835 -0.07161212372 -0.05647142674)
(-0.04416345593 -0.07516305828 -0.05594371167)
(-0.02513254704 -0.07150238043 8.49980787e-07)
(-0.04429385683 -0.07511111586 -2.067164648e-05)
(-0.01955353283 -0.05381403833 -0.0558202758)
(-0.0123170094 -0.03556496709 1.206697783e-05)
(-0.03922620852 -0.01703105436 -1.465136647e-05)
(-0.0411455405 -0.0487072112 -0.05524076094)
(-0.009034378831 -0.01248183946 -0.05347989324)
(-0.04121247083 -0.04869207549 -9.274673782e-06)
(-0.009421414872 -0.01245080208 1.848216721e-05)
(-0.01194642584 -0.03553054344 -0.05425544931)
(1.077793396 -0.1004372071 0.05158011506)
(0.5153161069 -0.04367792899 0.05563110016)
(1.077828851 -0.1004031285 -0.05157935946)
(0.515260752 -0.04377437902 -0.0556243867)
(0.9428431417 -0.06742978505 0.03088441609)
(0.5096247068 -0.0466996806 0.0558377587)
(0.5182620344 -0.05235504697 0.05999662244)
(1.054191627 -0.09125942169 -0.05142110056)
(0.9428326817 -0.06741743847 -0.03088418137)
(0.5097409345 -0.04671337338 -0.05581842788)
(0.5182314482 -0.05239054255 -0.05999956116)
(0.330348385 -0.02998768125 0.05753928361)
(0.3304392485 -0.03002958067 -2.432241305e-06)
(0.3609956288 -0.06674766747 0.0561961055)
(0.0494607383 -0.09800788994 0.05806036853)
(0.1018517243 -0.1183611687 0.05955805515)
(0.3360972564 -0.04857293703 -0.05648712277)
(0.36100961 -0.06677956495 -0.05619352425)
(0.04946118821 -0.09798382689 -0.05806357272)
(0.1018654899 -0.1183921725 -0.05955843287)
(0.04294296639 -0.1303598682 0.05966527241)
(-0.05365607343 -0.122168656 0.05728119399)
(-0.09216515668 -0.1232100598 0.0588477137)
(0.008856983446 -0.1149046431 -0.05821135354)
(0.04292809774 -0.1303655313 -0.05966879427)
(-0.0536352122 -0.1221490465 -0.05728292895)
(-0.09218170356 -0.1232432043 -0.0588485966)
(0.0212264065 -0.1277184215 0.03541007492)
(-0.1063298296 -0.1195309271 0.05978156267)
(-0.137494194 -0.09728637777 0.06471050286)
(0.04842125433 -0.1307476146 -0.06036836536)
(0.02125234815 -0.1276996696 -0.03540884896)
(-0.1063648103 -0.1195658082 -0.05978053522)
(-0.1374853433 -0.09727776385 -0.06471458269)
(-0.06294858882 -0.1061702124 7.272426129e-06)
(-0.06940358832 -0.08263307574 0.05604408161)
(-0.06952754767 -0.08262338356 4.549684561e-06)
(-0.09702735565 -0.08373558276 -7.242710699e-06)
(-0.08349012636 -0.1084532285 0.05696041412)
(-0.08365305185 -0.1084546256 -8.494898202e-06)
(-0.09687305102 -0.08375205641 0.05636617252)
(-0.2094763874 -0.08104400225 0.06130262948)
(-0.2092621788 -0.01588099312 0.05785934428)
(-0.2812137692 -0.01243172476 0.06111102793)
(-0.1487909351 -0.1007815115 -0.05897818958)
(-0.2094810572 -0.08103456572 -0.06129951892)
(-0.2092550802 -0.0158867592 -0.05785973249)
(-0.2812190894 -0.01244641277 -0.06111308645)
(-0.03258817289 -0.09546137705 1.995657341e-05)
(-0.00517726392 -0.1029157864 -8.666964361e-06)
(-0.01786659047 -0.08679938649 0.05864918482)
(-0.02598512483 -0.1137474086 0.05801679097)
(-0.01797553747 -0.0867748518 3.344153478e-06)
(-0.02605029016 -0.1136985196 8.980718318e-06)
(-0.03247312214 -0.09552134783 0.05834002948)
(-0.03595377136 -0.09637007354 1.136001602e-05)
(-0.0444060764 -0.1121352617 1.760632837e-05)
(-0.03770046258 -0.1169452499 0.05762612421)
(-0.0353622889 -0.09145351771 0.05764622918)
(-0.03776893466 -0.1168753172 -3.140594928e-06)
(-0.03546847282 -0.09141220764 5.311914417e-05)
(-0.03592564573 -0.09648457011 0.05787573961)
(-0.03259931036 -0.09546415466 -1.677350208e-05)
(-0.00518174517 -0.1029063225 4.330677854e-06)
(-0.01796002687 -0.08682551885 -0.05865556587)
(-0.02600107709 -0.1137368756 -0.05801659541)
(-0.01800335825 -0.08678053939 -1.771096639e-06)
(-0.02605673632 -0.1136959497 -5.003720632e-06)
(-0.03250388768 -0.09552766077 -0.05834334402)
(-0.03596465506 -0.09637302778 -8.925122389e-06)
(-0.0444082146 -0.1121332361 -1.698474844e-05)
(-0.03772200752 -0.1169539151 -0.05762861298)
(-0.0353742837 -0.09146524518 -0.05764700465)
(-0.03777593492 -0.1168777677 2.581206196e-06)
(-0.03547288208 -0.09141670036 -4.941171122e-05)
(-0.03595694172 -0.09649066399 -0.05787813736)
(0.1774931446 -0.04102005959 1.936883704e-06)
(0.3295184031 -0.03521463647 0.05684080165)
(0.1895487817 -0.0506304325 0.05733470792)
(0.3315838994 -0.04157405812 -1.771723541e-05)
(0.329527485 -0.03527355215 -4.0504475e-06)
(0.1895495495 -0.05061709829 7.594115829e-07)
(0.1774532772 -0.04099625894 0.05778083555)
(0.03076303103 -0.08647538889 -7.529350394e-06)
(0.01321057846 -0.07278877917 0.05872248523)
(0.0131669811 -0.07279387299 2.293483501e-05)
(0.07417572316 -0.0555938363 6.227646679e-06)
(0.09178484645 -0.06729987414 0.05779966621)
(0.09173820961 -0.06735043972 3.222509598e-06)
(0.07412323302 -0.05562137794 0.05837792256)
(0.3304096835 -0.02996693577 -0.05753964344)
(0.3304599907 -0.03002370366 9.257469443e-06)
(0.1774885723 -0.04101941421 4.591447389e-10)
(0.3315535167 -0.04158232907 1.169598496e-05)
(0.3294904457 -0.03524592109 -0.05684263387)
(0.1895373928 -0.05059050988 -0.05733605634)
(0.3295191735 -0.03528279334 7.709631435e-06)
(0.1895433853 -0.05060443105 -2.265733139e-07)
(0.1774398576 -0.0409949489 -0.05778298775)
(0.03073843863 -0.08648008979 3.544854136e-06)
(0.01316688316 -0.07279269846 -0.05872052044)
(0.01315383686 -0.07279297181 -1.162360644e-05)
(0.07417913353 -0.05558437964 -2.770666309e-06)
(0.09175249669 -0.06731721921 -0.05779864151)
(0.09172620278 -0.06735437868 1.840251846e-06)
(0.07413834619 -0.05558648742 -0.05838136934)
(-0.1249236029 -0.08207780997 -2.223092836e-05)
(-0.1049065552 -0.1072577584 0.05747427147)
(-0.1520893098 -0.07918772589 0.05758158216)
(-0.127223771 -0.1045874389 -5.455670754e-05)
(-0.1051649542 -0.1072912474 -2.478657472e-05)
(-0.1526461151 -0.07918498476 -4.571093501e-05)
(-0.1246702221 -0.08209711283 0.05688464151)
(-0.07354518916 -0.01839397421 6.746746315e-07)
(-0.07228432324 -0.05305576395 0.05555484532)
(-0.07240652532 -0.05304488095 -1.594019534e-06)
(-0.1053304872 -0.05326616454 -1.370312921e-05)
(-0.1091623922 -0.01832681059 0.05579460837)
(-0.1093381672 -0.01831983177 -1.298274706e-05)
(-0.1051707492 -0.05326791217 0.05595060288)
(-0.1379567018 -0.0518169706 -2.732569579e-05)
(-0.1691231268 -0.04964402225 0.05718279099)
(-0.1441329608 -0.01771115904 0.05636676534)
(-0.1782913656 -0.01689258647 -6.292589997e-05)
(-0.1697472522 -0.04968871343 -5.795793962e-05)
(-0.1444388536 -0.01771216178 -2.867078572e-05)
(-0.1376762958 -0.05180954346 0.05650134599)
(-0.06294993336 -0.1061766346 -3.07131101e-06)
(-0.06939540862 -0.08266093291 -0.05604572926)
(-0.06952540602 -0.08263141849 -4.886279005e-06)
(-0.0970258441 -0.08373913905 8.487325767e-06)
(-0.08351536492 -0.1084812309 -0.05696255849)
(-0.08365971493 -0.1084634426 9.135491338e-06)
(-0.09686865431 -0.08376263536 -0.05636632638)
(-0.1249233498 -0.08207706724 2.29667905e-05)
(-0.1272285891 -0.1045957667 5.028860693e-05)
(-0.1049316895 -0.1072974396 -0.05747691607)
(-0.1520955292 -0.07917066818 -0.05758048114)
(-0.1051721541 -0.107302912 2.310789664e-05)
(-0.1526485951 -0.0791808041 4.819882782e-05)
(-0.1246684926 -0.08209209472 -0.05688554105)
(-0.07354273694 -0.01839243525 -8.343770919e-07)
(-0.07227980804 -0.05305936451 -0.05555530012)
(-0.07240502138 -0.05304628807 7.594711467e-07)
(-0.1053288315 -0.05326770734 1.338777875e-05)
(-0.1091584699 -0.01831997696 -0.0557949095)
(-0.109336802 -0.01831741609 1.32823471e-05)
(-0.1051644266 -0.05327256241 -0.05595125022)
(-0.1379560476 -0.05181826614 2.759103657e-05)
(-0.1782924548 -0.01689238956 6.231169656e-05)
(-0.1691185189 -0.04965535909 -0.05718389412)
(-0.1441383203 -0.01770591628 -0.05636724657)
(-0.1697462098 -0.04969184813 5.800148103e-05)
(-0.1444402514 -0.01770996988 2.921691536e-05)
(-0.1376737084 -0.05181273233 -0.05650170768)
(1.31178674 -0.1408416432 0.0269691011)
(1.244268439 -0.1294809142 0.02888939785)
(1.311773537 -0.1408246575 -0.02697173672)
(1.244260356 -0.1294536664 -0.02889088563)
(1.307536556 -0.1003911421 0.02722328916)
(1.225994041 -0.1145927219 0.02919653878)
(1.198279461 -0.09442828652 0.03068198012)
(1.304932823 -0.1221512097 -0.02707908854)
(1.307529418 -0.1003782409 -0.02722534818)
(1.226008356 -0.1145814732 -0.02919451586)
(1.198277751 -0.09440871743 -0.03068260347)
(0.9695861693 -0.09160544446 -1.025340029e-05)
(0.9696820251 -0.09160922396 0.0535215083)
(0.8843743102 -0.06177017514 4.126747563e-05)
(1.041072039 -0.07939491728 0.05043586586)
(0.9040061386 -0.07036713324 0.05383931181)
(1.053941351 -0.08889754367 -0.0001328756823)
(1.039171318 -0.07661003583 -0.000218215095)
(0.90413898 -0.07009264572 -0.0001385652026)
(0.8858830912 -0.06220737178 0.05665405562)
(0.9136249663 -0.02856841624 0.03057580026)
(0.6111927853 -0.04521924471 0.03354557626)
(0.612160419 -0.03648573923 0.03627977294)
(0.9120481471 -0.05410962901 -0.03103242393)
(0.9135987341 -0.02856708566 -0.03057869487)
(0.6111723679 -0.04523793517 -0.03354286112)
(0.6121240711 -0.03649990919 -0.03627927408)
(0.2041521349 -0.05971323701 0.05712992956)
(0.3359726472 -0.04861181979 -3.598110407e-05)
(0.2040614857 -0.05968550662 -3.171428987e-08)
(0.2206571571 -0.06704518578 -2.107367672e-05)
(0.3427319397 -0.05505161795 0.05645494665)
(0.3423780771 -0.0550574886 -6.505587002e-05)
(0.2208932327 -0.06712788041 0.05737504096)
(0.3566444143 -0.07731088422 0.03348345129)
(0.1187312143 -0.1200077461 0.06076133586)
(0.1912021916 -0.1007513281 0.0369462871)
(0.3226923242 -0.07754445538 -0.03307493747)
(0.3566294579 -0.07731694722 -0.03348719353)
(0.1187299157 -0.1200476624 -0.06076178601)
(0.1911754007 -0.1007273918 -0.03695058648)
(0.008815507986 -0.1148795259 1.907874042e-06)
(-0.01868920483 -0.1254598078 0.05807572879)
(-0.01875197832 -0.1254512849 7.892849623e-07)
(-0.01258998274 -0.132248061 -3.15366456e-06)
(0.02230595401 -0.1231494497 0.05843307921)
(0.02217258555 -0.1231226287 -4.500232378e-06)
(-0.01249658381 -0.132274135 0.05847161648)
(-0.00360253145 -0.1278141175 1.417790239e-05)
(0.05309690845 -0.1288247675 0.06104810045)
(-0.001418281413 -0.1325354538 0.06112186473)
(0.04768877631 -0.1305165615 -0.0001735544721)
(0.04993057129 -0.12859466 -0.000209194453)
(-0.001819086915 -0.1322410153 -7.159992133e-05)
(-0.0006555214246 -0.128004948 0.06350655962)
(0.01014753607 -0.04956285 0.0366398421)
(-0.121774436 -0.08504423509 0.03693106276)
(-0.1296419869 -0.06146964061 0.03874974588)
(0.008899381165 -0.09166035651 -0.03678004271)
(0.01011404555 -0.0495514659 -0.03663798498)
(-0.121778358 -0.0850632132 -0.03693120502)
(-0.1296466493 -0.0614511968 -0.03875039984)
(-0.1788511369 -0.0754075226 0.05843702947)
(-0.1498818536 -0.1009422635 -0.0001163236663)
(-0.1801206418 -0.07548844782 -0.000114468859)
(-0.2067785966 -0.07107099964 -0.000311446863)
(-0.1713430615 -0.09608595392 0.05986787914)
(-0.1733512992 -0.09663902568 -0.0002794723996)
(-0.2045461255 -0.07067619088 0.05935378309)
(-0.3001731828 -0.04752887732 0.03556779294)
(-0.3215497454 -0.01761382038 0.03498217531)
(-0.3593592463 -0.01570713542 0.03640786172)
(-0.2677015246 -0.06374383863 -0.03514480161)
(-0.3001762365 -0.04752734933 -0.03556770283)
(-0.3215559489 -0.01761534593 -0.03498211397)
(-0.3593612117 -0.01570646807 -0.03640771246)
(0.9414818044 -0.0827644293 -4.842991686e-05)
(1.101744045 -0.1097678937 0.05140344395)
(0.9187852123 -0.07639941951 0.05325688437)
(1.077675032 -0.09822984308 -6.882407284e-05)
(1.101580987 -0.1082464681 -7.188914278e-05)
(0.9185454166 -0.0762111705 -7.813874935e-05)
(0.9416390042 -0.08288094435 0.05327432146)
(0.536760693 -0.04046271814 0.05642932552)
(0.5368180426 -0.04054062798 -1.239595747e-05)
(0.7620976114 -0.06273248729 -1.048721189e-05)
(0.7621079325 -0.06262138316 0.05518974881)
(0.5234159858 -0.04176991089 0.05576847166)
(0.5152669594 -0.04368023633 -7.319747405e-06)
(0.5234714762 -0.04179337231 6.394877314e-07)
(0.7377669914 -0.05945973873 -2.493079645e-05)
(0.7197374319 -0.05753792798 0.05437081391)
(0.7196269854 -0.05739928353 -3.863112467e-05)
(0.7378134544 -0.05948975076 0.05454633792)
(0.9695891712 -0.09160995165 1.201011164e-05)
(1.129872117 -0.1211035484 -0.05138585426)
(1.129767989 -0.1210647217 5.747326525e-05)
(0.9696899309 -0.09162692308 -0.05352326009)
(0.9414921495 -0.08275584647 5.129667861e-05)
(1.07768597 -0.09821634857 7.469435422e-05)
(1.101738627 -0.1097511118 -0.05140433946)
(0.9187898443 -0.07634464758 -0.05325747993)
(1.101581646 -0.1082383837 6.852552603e-05)
(0.9185441355 -0.07619591079 8.376840299e-05)
(0.9416733622 -0.08285714579 -0.05327705814)
(0.5368378731 -0.04045286783 -0.05643365834)
(0.5368434441 -0.04054000969 1.509573874e-05)
(0.7621158024 -0.06274083878 1.085919887e-05)
(0.762151951 -0.0626442223 -0.05519496793)
(0.515238691 -0.04370653347 1.411177004e-05)
(0.5234719201 -0.04178878202 -0.05577237189)
(0.523486057 -0.04180052758 1.119254406e-05)
(0.7377928751 -0.05945693737 3.554060378e-05)
(0.7197744989 -0.057541885 -0.05435618339)
(0.719627052 -0.05740195866 5.748457213e-05)
(0.7379091886 -0.05947664652 -0.05455597628)
(0.5095824186 -0.04660369969 -3.026201029e-05)
(0.6917314782 -0.05832356086 -9.989244018e-05)
(0.7051630672 -0.0568009278 0.05454453222)
(0.5078037519 -0.05003075699 0.05616136254)
(0.7050732985 -0.05651656071 -9.286606467e-05)
(0.5074992641 -0.04995114124 -1.143322162e-05)
(0.6920192477 -0.05836387067 0.05466861619)
(0.6761948294 -0.0527471493 -0.0001341847678)
(0.6767304479 -0.04582036171 0.05444258723)
(0.5127505221 -0.05186307657 0.05695112426)
(0.515954246 -0.05210246268 5.120771898e-05)
(0.6743741461 -0.04297231472 -0.0002210919418)
(0.512614486 -0.05175537842 -0.0001148495408)
(0.6765850442 -0.05455100261 0.0548546386)
(0.8843711201 -0.061773363 -3.796354493e-05)
(1.053943959 -0.08890268285 0.0001315131202)
(1.041068881 -0.0794039962 -0.05043625552)
(0.9040457821 -0.0703981866 -0.05382282585)
(1.039173753 -0.07661545767 0.0002204122991)
(0.9041620405 -0.07010972264 0.0001282501244)
(0.885868733 -0.06221527111 -0.05665687713)
(0.5096374269 -0.04660011467 7.378688479e-06)
(0.6917731583 -0.05832248194 0.0001135162846)
(0.7053702559 -0.05685028558 -0.05451257287)
(0.5079730159 -0.05010217123 -0.05617971875)
(0.7051840937 -0.0565364726 6.419613692e-05)
(0.5075710782 -0.04997026976 2.98706564e-05)
(0.6921100559 -0.05836715334 -0.05468330264)
(0.6761756676 -0.05274364983 0.0001452225643)
(0.5159411917 -0.05211914211 -4.871327727e-05)
(0.6766751739 -0.04582386213 -0.05444793109)
(0.512763056 -0.05193156399 -0.05696059359)
(0.6743509002 -0.04297513862 0.0002274238839)
(0.5126148292 -0.05178011012 0.0001245681783)
(0.6765484106 -0.0545427697 -0.05486728766)
(0.2392215409 -0.07250535091 -5.987434318e-05)
(0.3496072129 -0.06068180202 0.05651309997)
(0.2562824742 -0.07604154798 0.05994728673)
(0.3583562885 -0.06661675182 -0.0001998055666)
(0.3491303674 -0.06054126026 -0.0001413537752)
(0.2539365914 -0.07571036392 6.917988426e-05)
(0.2392874624 -0.07273674401 0.05811100311)
(0.04942895116 -0.09797946728 -2.247372587e-05)
(0.1112153875 -0.07791514701 0.05759706604)
(0.1111110262 -0.07799312568 -1.446213982e-05)
(0.1304343443 -0.08745537998 -2.790252106e-05)
(0.06776120505 -0.1073275036 0.05830955371)
(0.06771758787 -0.1072701542 -9.065508483e-06)
(0.1305914383 -0.08746769311 0.05788222779)
(0.1493342681 -0.09527449309 -5.037346088e-05)
(0.1672471806 -0.1011517614 0.0590368747)
(0.08518654289 -0.1140487935 0.05874409465)
(0.1013287961 -0.1183663287 -3.687516864e-05)
(0.1667731766 -0.1012213173 -7.353859892e-05)
(0.08499724777 -0.1139893579 -1.510948147e-05)
(0.1495431697 -0.09540504915 0.05835444473)
(0.3359638764 -0.04858203998 1.920886527e-05)
(0.2041300757 -0.05963952919 -0.05712538551)
(0.204054106 -0.0596598601 4.499809402e-06)
(0.2206560543 -0.06703237911 2.006324417e-05)
(0.3427809659 -0.05506392666 -0.05647261361)
(0.3423952941 -0.05506463802 5.505928083e-05)
(0.2208832716 -0.0670768721 -0.05737400239)
(0.239225625 -0.07250443791 6.123474436e-05)
(0.3583531099 -0.06663034274 0.0002045493181)
(0.3496829381 -0.06072482081 -0.05651946388)
(0.256282917 -0.07605107203 -0.05995211224)
(0.3491469419 -0.06055900257 0.0001427076684)
(0.2539331528 -0.07571314065 -6.964802611e-05)
(0.2393031474 -0.07272724975 -0.05811236802)
(0.04942817787 -0.09797161727 1.444484842e-05)
(0.1111706792 -0.07795257556 -0.0575969038)
(0.1110970601 -0.07800101185 1.505736988e-05)
(0.1304363 -0.08745379492 2.352002006e-05)
(0.06780703779 -0.1072882837 -0.05830860744)
(0.06773043691 -0.107258098 7.034691209e-06)
(0.1305966761 -0.08746324243 -0.0578829768)
(0.1493465956 -0.09527128564 5.128114305e-05)
(0.1013320995 -0.1183743322 4.136765738e-05)
(0.1672757575 -0.101137646 -0.05903727258)
(0.08521963727 -0.1140444258 -0.05874457554)
(0.1667803357 -0.1012165885 7.589515382e-05)
(0.08500708969 -0.1139877276 1.832812022e-05)
(0.149583912 -0.09539263279 -0.05835532197)
(-0.007843643009 -0.1351908653 -9.732015759e-06)
(0.03406554861 -0.1280209732 0.05891245757)
(-0.004604994105 -0.135334312 0.06005660279)
(0.04237139857 -0.1302849366 -7.397327588e-05)
(0.03377476273 -0.1279959209 -2.787379333e-05)
(-0.004953858488 -0.1351802486 -1.734754907e-05)
(-0.007688350435 -0.1352600288 0.05912383766)
(-0.05372776241 -0.122091629 7.881906951e-06)
(-0.03888342717 -0.1282473421 0.05773096199)
(-0.03892368933 -0.128185926 -6.863491633e-06)
(-0.06523424895 -0.1256011441 0.05759362084)
(-0.06532094436 -0.1255755375 6.309869028e-06)
(-0.04166255634 -0.1335119113 -4.65812765e-06)
(-0.04158235785 -0.1335770738 0.0580955223)
(-0.07828600672 -0.1253738351 0.05810782201)
(-0.0925459966 -0.1232556743 -1.792842396e-05)
(-0.07847037303 -0.1253759289 1.651604922e-06)
(-0.04597336741 -0.1349762549 -1.390715143e-05)
(-0.05137668094 -0.1340842437 0.05946592653)
(-0.05172718127 -0.134037906 -3.143692038e-05)
(-0.04579523916 -0.1350472007 0.05867606137)
(0.008821340223 -0.1148672345 3.508946954e-06)
(-0.0186981865 -0.1254808938 -0.05807794167)
(-0.01875508994 -0.1254562355 1.002092147e-06)
(-0.01258992134 -0.1322486109 4.15695726e-06)
(0.0222935576 -0.1231295173 -0.05843326675)
(0.02216949839 -0.1231157981 8.010116152e-06)
(-0.0124971309 -0.132278916 -0.05847325797)
(-0.007842892361 -0.1351876901 1.095453952e-05)
(0.04236784648 -0.1302859352 6.966735064e-05)
(0.03403671264 -0.12802342 -0.05891382777)
(-0.004597746091 -0.1353072446 -0.0600566078)
(0.03376732741 -0.1279958119 2.876606544e-05)
(-0.004951529278 -0.135172833 1.977662598e-05)
(-0.007684743389 -0.1352501051 -0.05912511254)
(-0.05372205041 -0.1220872651 -6.290761788e-06)
(-0.03887440033 -0.1282434084 -0.05773301652)
(-0.03892179304 -0.1281845389 5.089057857e-06)
(-0.06521016043 -0.1256078709 -0.05759487108)
(-0.06531458104 -0.1255777573 -1.203917711e-06)
(-0.04165773649 -0.1335060848 5.306567379e-06)
(-0.04156543748 -0.1335565371 -0.05809617696)
(-0.09255161685 -0.1232651963 2.499442095e-05)
(-0.07828429586 -0.1253966748 -0.05810800082)
(-0.07847015062 -0.125382919 6.907704495e-06)
(-0.04597306681 -0.1349680232 1.443560088e-05)
(-0.05137942997 -0.1340659068 -0.05946777981)
(-0.05172823898 -0.1340329727 3.167607312e-05)
(-0.04579323743 -0.1350170531 -0.05867802182)
(-0.107125614 -0.1196673178 -5.779615896e-05)
(-0.06771491194 -0.125743519 -0.0001441792805)
(-0.05787583024 -0.1308908941 0.06036881895)
(-0.1202999879 -0.1143957815 0.06092669878)
(-0.05846799896 -0.1308413104 -7.965150981e-05)
(-0.1217618355 -0.1149117584 -0.0001684750621)
(-0.06663034455 -0.1254961655 0.06149106666)
(-0.07883447849 -0.1131132513 -0.0002777360534)
(-0.08183511933 -0.1011461157 0.06392523368)
(-0.1320037397 -0.1066565139 0.06221837418)
(-0.1451980475 -0.1001984667 -0.0001596952038)
(-0.08760375023 -0.1006206112 -0.0002233892718)
(-0.1337942329 -0.1079044582 -0.0003937389811)
(-0.07758678154 -0.1148261011 0.06270473975)
(-0.00360318036 -0.1278094109 -1.371058461e-05)
(0.04769007289 -0.1305174534 0.000170774622)
(0.0531112217 -0.12883893 -0.06105204407)
(-0.001427346831 -0.1325134912 -0.06112167804)
(0.04993573749 -0.1285949883 0.0002071688611)
(-0.001821140148 -0.1322353039 7.56594907e-05)
(-0.0006642676903 -0.1279906108 -0.06350701275)
(-0.1071367762 -0.1196774025 6.48874944e-05)
(-0.06771876577 -0.1257462558 0.0001443586641)
(-0.0578876571 -0.1308825038 -0.06037125454)
(-0.1203378477 -0.1144094063 -0.06092674596)
(-0.05847192466 -0.1308398696 8.041646339e-05)
(-0.1217728616 -0.1149160197 0.0001685178736)
(-0.06664377737 -0.1255014831 -0.06149120333)
(-0.07883150569 -0.1131212207 0.000278508257)
(-0.1451953962 -0.1001985379 0.0001562586257)
(-0.08182871651 -0.1011712735 -0.06392423181)
(-0.1320139922 -0.1066447248 -0.06222032863)
(-0.0876010925 -0.1006304698 0.0002249654172)
(-0.1337962376 -0.1079022323 0.0003908412617)
(-0.07758343927 -0.1148467739 -0.06270553805)
(-0.2323006509 -0.06626743022 -0.000633950634)
(-0.1935568512 -0.08985905651 0.06053803861)
(-0.2450763333 -0.06033111246 0.06223781947)
(-0.2256765068 -0.0844256929 -0.0003342478175)
(-0.1971472099 -0.09121510301 -0.0005974895949)
(-0.2633441253 -0.06372925217 -0.0001597037726)
(-0.2283123823 -0.06507265193 0.06035795042)
(-0.1992122469 -0.04705700581 0.0579841145)
(-0.2107952856 -0.01592008841 -0.0001449196506)
(-0.2006648078 -0.04716833051 -0.0001338820176)
(-0.2304794161 -0.04418559695 -0.0003676625589)
(-0.2388486382 -0.01466458661 0.05872883639)
(-0.2416156309 -0.01476362275 -0.0003901115478)
(-0.2278228717 -0.04385991061 0.05882998604)
(-0.2588865611 -0.04068703527 -0.0007630716286)
(-0.2707674485 -0.03375323255 0.06107342754)
(-0.265015077 -0.01333255222 0.05961219263)
(-0.304735096 -0.01348824254 -0.0002531551031)
(-0.293653462 -0.03526082268 -0.0002520705234)
(-0.2704787103 -0.01364033303 -0.0007909233689)
(-0.2536916768 -0.03990593516 0.05968276022)
(-0.149880691 -0.1009498778 0.0001115711487)
(-0.1788614513 -0.07538119653 -0.0584362841)
(-0.1801232134 -0.07548174774 0.0001147223187)
(-0.2067776002 -0.07106486569 0.000309780066)
(-0.1713100873 -0.09608886479 -0.0598677643)
(-0.1733435318 -0.09663929729 0.0002765120912)
(-0.2045418018 -0.0706544986 -0.05935453565)
(-0.2322987939 -0.06626829553 0.0006338462037)
(-0.2256768409 -0.08442435694 0.0003383427453)
(-0.1935288898 -0.08984613552 -0.06053544508)
(-0.2450782526 -0.06033447526 -0.0622402094)
(-0.1971383424 -0.09121223059 0.0006004504321)
(-0.2633454676 -0.06373069785 0.0001590813759)
(-0.228305135 -0.0650770134 -0.06035784521)
(-0.2107937833 -0.01592114574 0.0001440265389)
(-0.199202859 -0.04705695739 -0.05798395883)
(-0.2006625709 -0.04716792526 0.0001346589767)
(-0.2304769547 -0.04418323662 0.0003701325177)
(-0.2388435842 -0.01467118378 -0.05872921292)
(-0.2416142822 -0.01476537593 0.0003905639976)
(-0.2278173838 -0.04385076274 -0.05882920945)
(-0.2588856489 -0.04068689738 0.0007642384495)
(-0.3047379259 -0.01349253794 0.0002526652473)
(-0.2707718439 -0.03375656293 -0.06107180302)
(-0.2650210098 -0.01333935805 -0.05961246427)
(-0.2936552661 -0.03526182403 0.0002555457997)
(-0.2704805311 -0.01364253921 0.0007913227591)
(-0.2536883171 -0.03990597274 -0.05968403116)
(1.235502354 -0.1382044981 0.05105261532)
(1.234135041 -0.1379581641 -2.434887602e-05)
(1.288555883 -0.1476291611 -0.0001181886446)
(1.290222079 -0.1498713277 0.04751325849)
(1.235509753 -0.1381941027 -0.05105091402)
(1.234134607 -0.1379515849 2.658606543e-05)
(1.288557557 -0.1476134906 0.000117543222)
(1.290231154 -0.1498371947 -0.04751108242)
(0.183850399 -0.1013431656 0.06016840154)
(0.1380952471 -0.1180099129 0.06319163798)
(0.1182362707 -0.1199650487 -0.0001332813706)
(0.1832445823 -0.09909738573 -0.0001130290487)
(0.1349344309 -0.1178312723 -4.031452559e-05)
(0.2030493319 -0.09328837715 -0.0001770079667)
(0.2062154501 -0.09612132653 0.06106407201)
(0.1182326651 -0.1199743099 0.0001385558587)
(0.1838470072 -0.1013273717 -0.06016797165)
(0.1380631522 -0.1180347539 -0.06318851144)
(0.1832407188 -0.09909076737 0.0001173069419)
(0.1349183855 -0.1178353074 4.374306604e-05)
(0.2030303812 -0.09328088268 0.0001773671813)
(0.2061726132 -0.09609993118 -0.06106232141)
(-0.005915551262 -0.01950290172 -0.0001076410456)
(-0.003201872636 -0.01129574384 -0.0001022864787)
(-0.001232234208 -0.003683554075 -9.979979496e-05)
(-0.005760336869 -0.01958733174 0.02813578672)
(-0.003179264516 -0.01133971231 0.01748442508)
(-0.0007872167051 -0.003820508454 0.009949070102)
(-0.003060025015 -0.01411629236 -0.0001174104891)
(-0.001380260748 -0.008157836578 -0.0001096735204)
(-0.0005863218577 -0.002671631811 -0.0001022221982)
(-0.001795041401 -0.005098197436 0.02672894124)
(-0.0006579791786 -0.002912070653 0.0169559202)
(0.0001173084248 -0.0009677981563 0.009618589804)
(-0.002001314815 -0.005081015873 -0.0001168932417)
(-0.0007084220309 -0.002908241458 -0.0001099833475)
(-0.0003408884004 -0.0009279518762 -0.0001017692785)
(-0.002854579836 -0.01410802422 0.02708682986)
(-0.001328348948 -0.008142218067 0.01706690649)
(-0.0001264629482 -0.002719632131 0.009691453177)
(-0.00591609282 -0.01950472547 0.0001077863348)
(-0.003202191388 -0.01129689309 0.0001023683684)
(-0.00123233718 -0.003683960461 9.984335804e-05)
(-0.005762229436 -0.01959243761 -0.0281359568)
(-0.003180322665 -0.01134301859 -0.01748449411)
(-0.0007875681649 -0.003821731511 -0.009949114208)
(-0.003060172548 -0.0141171869 0.0001173407286)
(-0.00138033094 -0.008158378379 0.0001096164411)
(-0.0005863316167 -0.002671816715 0.0001021854346)
(-0.001795549321 -0.005098867584 -0.02672879493)
(-0.000658171921 -0.002912469736 -0.01695578717)
(0.0001172740783 -0.0009679339962 -0.009618507827)
(-0.00200131346 -0.005081236561 0.000116703418)
(-0.0007084133754 -0.00290835882 0.0001098560316)
(-0.0003408780878 -0.0009279863143 0.0001016931934)
(-0.002855389053 -0.01411049633 -0.02708677315)
(-0.001328691753 -0.008143754798 -0.0170668239)
(-0.0001265446333 -0.002720182346 -0.009691406811)
)
;

boundaryField
{
    inlet
    {
        type            fixedValue;
        value           nonuniform 0();
    }
    outlet
    {
        type            zeroGradient;
    }
    topAndBottom
    {
        type            symmetry;
    }
    frontAndBack
    {
        type            empty;
    }
    cylinder
    {
        type            noSlip;
    }
    procBoundary1to0
    {
        type            processor;
        value           nonuniform List<vector> 
116
(
(1.076491374 -0.001539842663 -2.511678636e-23)
(1.077125048 -0.004649753479 3.398736948e-23)
(1.078397615 -0.007831563046 0)
(1.080323577 -0.01114649097 4.966124587e-23)
(1.082924661 -0.0146507358 -9.403257491e-24)
(1.086230124 -0.01841060803 4.364025341e-23)
(1.090277465 -0.02250151063 -7.974228213e-23)
(1.095116664 -0.02701156866 3.533617441e-23)
(1.100811764 -0.03204389209 6.6475113e-25)
(1.10743817 -0.03772232681 -5.432393339e-24)
(1.115093012 -0.04419668958 4.546607266e-23)
(1.123904487 -0.05164260965 0)
(1.134034683 -0.06028087272 1.82371589e-23)
(1.145701365 -0.07036376163 -9.506678615e-23)
(1.159189942 -0.08218658824 0)
(1.174915388 -0.09605558016 -3.823616859e-22)
(1.193504256 -0.1125134086 -2.532359773e-22)
(1.215672952 -0.1314833843 1.388280021e-21)
(1.242186106 -0.1525592031 -2.841806362e-06)
(1.31268283 -0.1617752233 0.0261233302)
(1.274074194 -0.1650454764 0.02129686471)
(1.289930663 -0.1759808744 0.02279093484)
(1.273995823 -0.1650439703 -0.02130356345)
(1.289869016 -0.1759491199 -0.02279445199)
(1.312661847 -0.1617503089 -0.02612451234)
(1.31268283 -0.1617752233 0.0261233302)
(1.31268283 -0.1617752233 0.0261233302)
(1.31268283 -0.1617752233 0.0261233302)
(0.3373754194 -0.02502152807 0.05888004453)
(0.3374277871 -0.02497482144 -0.05888082104)
(-0.02728805023 -0.06692206282 3.510519593e-05)
(-0.02795523173 -0.03872261678 6.379190674e-05)
(-0.02719583535 -0.06705194413 0.05939296722)
(-0.02719583535 -0.06705194413 0.05939296722)
(-0.0278021877 -0.03864183111 0.05922049125)
(-0.02728805023 -0.06692206282 3.510519593e-05)
(-0.007651373199 -0.02121884667 0.02699166013)
(-0.007914965021 -0.02117066845 -0.0001390159819)
(-0.01869818012 -0.03165188192 -0.0001153730718)
(-0.01823139811 -0.03178325759 0.05130956334)
(-0.00936914228 -0.02090861627 0.02938208966)
(-0.009521140493 -0.02086284709 -9.924209239e-05)
(-0.0273110163 -0.06691602999 -2.133403445e-05)
(-0.02795670681 -0.03874069821 -5.764325699e-05)
(-0.02728013179 -0.06704128773 -0.05939478729)
(-0.02728013179 -0.06704128773 -0.05939478729)
(-0.02780866904 -0.03871683884 -0.05923016076)
(-0.0273110163 -0.06691602999 -2.133403445e-05)
(-0.01870355831 -0.03165830744 0.0001209488807)
(-0.01824645077 -0.03180708015 -0.05131401512)
(-0.00937250505 -0.02091525207 -0.0293856733)
(-0.009522257916 -0.02086494467 0.0001004636815)
(-0.007653493922 -0.02122484121 -0.02699164524)
(-0.007915908772 -0.02117303424 0.0001399924099)
(0.5583021811 -0.03972767378 0.05759344982)
(1.15517522 -0.1324518474 -0.05154488825)
(0.5582998159 -0.03975671378 -0.05759362766)
(0.3374976402 -0.02507650978 -3.219844919e-06)
(0.1679458963 -0.03223298087 -1.541002002e-06)
(0.1679458963 -0.03223298087 -1.541002002e-06)
(0.167882892 -0.03219109201 0.05851272508)
(0.167882892 -0.03219109201 0.05851272508)
(-0.002342730171 -0.05823464381 0.05966183757)
(-0.002307994995 -0.05811778552 1.894462424e-05)
(0.05875179685 -0.04375133415 -5.40843894e-07)
(0.05868495527 -0.04378568986 0.05927723078)
(0.3375122074 -0.02506429851 -2.515664374e-06)
(0.1679487224 -0.03223649282 4.798756969e-06)
(0.1679487224 -0.03223649282 4.798756969e-06)
(0.1678841245 -0.03220546093 -0.05851557189)
(0.1678841245 -0.03220546093 -0.05851557189)
(-0.002276535985 -0.05816411844 -0.05966199109)
(-0.002289680722 -0.05809663384 -1.696038542e-05)
(0.05875785364 -0.04375044423 -3.573889012e-07)
(0.05870049995 -0.04378248408 -0.05928122755)
(1.25171589 -0.1516341804 0.04965534766)
(1.312661847 -0.1617503089 -0.02612451234)
(1.312661847 -0.1617503089 -0.02612451234)
(1.312661847 -0.1617503089 -0.02612451234)
(1.251757065 -0.1516264881 -0.04965665083)
(1.129767754 -0.1210652082 -5.605703377e-05)
(1.001363536 -0.1020828507 -1.19930186e-05)
(1.129866804 -0.1210974902 0.05138604027)
(1.129866804 -0.1210974902 0.05138604027)
(1.129866804 -0.1210974902 0.05138604027)
(1.001323159 -0.1020466844 0.05371716268)
(1.129767754 -0.1210652082 -5.605703377e-05)
(1.129767754 -0.1210652082 -5.605703377e-05)
(1.129767754 -0.1210652082 -5.605703377e-05)
(0.5583331439 -0.0398652831 -4.996595958e-06)
(0.7926397135 -0.06794101892 -7.388879562e-07)
(0.7926394107 -0.06781727194 0.05586060133)
(1.00136953 -0.1020869405 1.440993662e-05)
(1.155126856 -0.1322846192 4.872466807e-05)
(1.001339462 -0.1020601508 -0.05371707128)
(0.5583397971 -0.03987514882 -5.630134297e-06)
(0.7926421602 -0.06795355198 -2.491832327e-06)
(0.7926338386 -0.06785773614 -0.0558580499)
(1.294148841 -0.1622672654 0.04733338628)
(1.251765233 -0.1514772757 -0.0001182280995)
(1.29401009 -0.1603277061 -0.0001053051635)
(1.251774933 -0.1514722072 0.0001234130453)
(1.294179719 -0.1622434007 -0.04733222386)
(1.294015939 -0.1603149123 0.0001078815437)
(-0.007651373199 -0.02121884667 0.02699166013)
(-0.00440292158 -0.01213157423 0.01810368929)
(-0.001205795576 -0.004052799829 0.01026921514)
(-0.007653493922 -0.02122484121 -0.02699164524)
(-0.004404169092 -0.01213544897 -0.01810393616)
(-0.001206249747 -0.004054212155 -0.01026956102)
(-0.007914965021 -0.02117066845 -0.0001390159819)
(-0.004462553969 -0.01213385852 -0.0001280133103)
(-0.001668150699 -0.003893041593 -0.0001154877031)
(-0.007915908772 -0.02117303424 0.0001399924099)
(-0.004463149849 -0.01213540188 0.0001286646001)
(-0.001668390015 -0.003893612331 0.0001158611129)
)
;
    }
    procBoundary1to3
    {
        type            processor;
        value           nonuniform List<vector> 
125
(
(-0.3675496861 0.02315724237 4.985679083e-07)
(-0.3940799549 0.007696380329 -3.180743243e-21)
(-0.3894535607 -0.007638483791 1.572605464e-21)
(-0.3588909071 -0.02398818859 1.091627847e-21)
(-0.3020114802 -0.03807989034 -1.121936584e-21)
(-0.2240141058 -0.04855944451 -7.587087677e-22)
(-0.1313041679 -0.05500895944 4.281089598e-22)
(-0.03061798361 -0.05762892186 2.512030605e-22)
(0.07206656772 -0.05727110777 0)
(0.1720547176 -0.05466741749 -1.259094053e-23)
(0.2663018835 -0.05072645852 1.758365149e-23)
(0.3528184501 -0.04617022729 -4.406881937e-23)
(0.4308030214 -0.04149339804 5.670497609e-23)
(0.5002936639 -0.03700134207 -1.268945916e-23)
(0.5618009998 -0.03285308879 2.571724101e-23)
(0.6160945098 -0.02912434535 -2.536923538e-23)
(0.6640111854 -0.02582426791 1.159271557e-23)
(0.7063615517 -0.0229281912 0)
(0.7438826276 -0.02039547481 0)
(0.7772180186 -0.01817982374 -8.742961987e-24)
(0.8069157133 -0.01623500015 8.564853118e-24)
(0.833434824 -0.01451804273 -4.335528823e-24)
(0.857154885 -0.01298973062 -3.482174503e-24)
(0.8783856325 -0.01161454113 5.560177957e-24)
(0.897375406 -0.01036023318 -2.733751218e-24)
(0.9143174465 -0.009197100131 0)
(0.9293548084 -0.008098255515 2.056708613e-24)
(0.9425854982 -0.0070411904 -3.203276152e-25)
(0.9540707901 -0.006010956234 -5.41854841e-25)
(0.9638496143 -0.005003857139 3.097296654e-26)
(0.9719593833 -0.004030128234 6.20382982e-25)
(0.9784608825 -0.003113713284 0)
(0.9834610059 -0.002287884674 1.068355812e-28)
(0.9871254901 -0.001586660244 -5.713058444e-24)
(0.9896765909 -0.001035746313 5.717172538e-24)
(0.9913737086 -0.0006429537363 0)
(0.9924793945 -0.0003967257265 -3.823774043e-24)
(0.993226162 -0.0002691472455 3.82447297e-24)
(0.9937931858 -0.0002234163167 -4.495209123e-24)
(0.9942965953 -0.0002228244987 5.528287155e-24)
(0.994794397 -0.0002378800846 -3.659335863e-24)
(0.9953014164 -0.0002497607051 4.27055932e-24)
(0.9958076323 -0.0002500626832 -1.998454815e-24)
(0.9962942296 -0.0002380947594 -2.36273412e-24)
(0.9967442911 -0.0002173609619 8.292382492e-25)
(0.9971477263 -0.0001925334361 -5.994035068e-25)
(0.9975017943 -0.0001675461046 1.127171175e-24)
(0.997809204 -0.0001448307807 -3.775478583e-26)
(0.9980755345 -0.0001253665755 4.089665883e-25)
(0.9983070719 -0.0001091267731 -4.090926198e-25)
(0.9985094964 -9.559036823e-05 4.11323e-29)
(0.9986873766 -8.413274445e-05 -2.938951844e-25)
(0.9988442029 -7.423742583e-05 -3.179084783e-29)
(0.9989826625 -6.555797311e-05 2.268111189e-25)
(0.9991049316 -5.788550169e-05 1.770710088e-25)
(0.9992128863 -5.110159331e-05 -3.760176064e-25)
(0.9993082136 -4.512437594e-05 -1.519843208e-25)
(0.9993924421 -3.98786305e-05 -1.323048413e-25)
(0.9994669461 -3.528915723e-05 -1.411677386e-29)
(0.9995329483 -3.128084243e-05 4.625508035e-26)
(0.9995915269 -2.778352292e-05 -1.703252237e-25)
(0.9996436287 -2.473574136e-05 3.941477648e-26)
(0.999690096 -2.208521855e-05 -7.37482088e-30)
(0.9997316488 -1.97880361e-05 0)
(0.9997690342 -1.780581945e-05 -8.613061367e-27)
(0.9998025066 -1.611095615e-05 8.614774759e-27)
(0.9998338754 -1.465288869e-05 0)
(0.9998583061 -1.353088232e-05 1.092357837e-26)
(0.9998951811 -1.205150002e-05 5.613924535e-27)
(-0.07340618439 0.0183874772 0.0553444869)
(-0.2092706172 0.01583500299 0.05785927402)
(-0.3215757701 0.01751962399 0.03498182281)
(-0.03916810968 0.01704088879 0.05490226759)
(-0.03916423769 0.01704420603 -0.05490221478)
(-0.1776281384 0.01684172106 0.05705742279)
(-0.07339580056 0.0183927903 -0.05534470863)
(-0.1776348079 0.01685737073 -0.05705846136)
(-0.03922939769 0.0170180304 1.387216245e-05)
(-0.009033853705 0.01247699238 0.05347935528)
(-0.009422570207 0.01244651259 -1.886545073e-05)
(-0.03922767059 0.01701951238 -1.451771675e-05)
(-0.009035213047 0.01247941211 -0.05347950375)
(-0.009422548286 0.01244742156 1.855277502e-05)
(-0.2812271425 0.01235365582 0.06111052717)
(-0.2092660608 0.01584832796 -0.05785990763)
(-0.2812328523 0.01236872307 -0.06111261516)
(-0.07354708173 0.01837358523 6.548436657e-07)
(-0.1091639613 0.01830296632 0.05579427573)
(-0.1093395442 0.0182963529 -1.299285056e-05)
(-0.1441367047 0.01768641129 0.05636657739)
(-0.1782984552 0.01685685122 -6.293154431e-05)
(-0.1444428138 0.01768798176 -2.86243368e-05)
(-0.07354340209 0.01837610844 -5.785470685e-07)
(-0.1091578731 0.01831445313 -0.05579499381)
(-0.109337302 0.01830102151 1.371696481e-05)
(-0.1783007698 0.01686218905 6.272755783e-05)
(-0.1441431392 0.0177023086 -0.0563675887)
(-0.1444446107 0.01769406027 2.972315104e-05)
(-0.3593903168 0.01560289219 0.03640709146)
(-0.3215821284 0.01752091529 -0.03498176253)
(-0.3593922674 0.01560208462 -0.03640694314)
(-0.2108040429 0.01587350288 -0.0001449363242)
(-0.2388587983 0.01460550475 0.05872872899)
(-0.2416260347 0.01470349227 -0.0003901561317)
(-0.2650266841 0.01326277066 0.05961199099)
(-0.3047508647 0.01340368421 -0.0002532057478)
(-0.2704909683 0.01356839622 -0.0007909939216)
(-0.2108035277 0.01587758168 0.0001442962289)
(-0.2388552988 0.01461552871 -0.05872923907)
(-0.2416253185 0.01470665604 0.0003907453454)
(-0.3047539126 0.01340812421 0.0002527417718)
(-0.2650334524 0.01327097012 -0.05961232872)
(-0.2704931157 0.01357119135 0.000791458828)
(-0.00179544305 0.005097198353 0.02672876511)
(-0.0006581823491 0.002911569227 0.01695579679)
(0.0001172456845 0.0009676696008 0.009618536337)
(-0.002001678562 0.005079708807 -0.0001168983983)
(-0.0007086077523 0.002907538751 -0.0001099851328)
(-0.0003409424574 0.0009277147695 -0.0001017696875)
(-0.00179583991 0.005098281175 -0.02672867827)
(-0.0006583506132 0.002912247842 -0.01695570558)
(0.0001172081336 0.0009679150784 -0.009618479755)
(-0.002001635027 0.005080091582 0.0001167526856)
(-0.0007085902358 0.002907765703 0.0001098896903)
(-0.0003409346253 0.0009277918994 0.0001017133957)
)
;
    }
}


// ************************************************************************* //
