/*--------------------------------*- C++ -*----------------------------------*\
| =========                 |                                                 |
| \\      /  F ield         | OpenFOAM: The Open Source CFD Toolbox           |
|  \\    /   O peration     | Version:                                        |
|   \\  /    A nd           | Website:  www.openfoam.com                      |
|    \\/     M anipulation  |                                                 |
\*---------------------------------------------------------------------------*/
FoamFile
{
    version     2.0;
    format      ascii;
    class       volVectorField;
    location    "6.1";
    object      U;
}
// * * * * * * * * * * * * * * * * * * * * * * * * * * * * * * * * * * * * * //

dimensions      [0 1 -1 0 0 0 0];


internalField   nonuniform List<vector> 
2429
(
(1.074058041 -0.001103741069 -1.040165516e-22)
(1.076065084 -0.0008844944221 6.926678265e-23)
(1.07762281 -0.0006632801745 0)
(1.07873365 -0.0004441477798 0)
(1.079404412 -0.0002276687961 -8.904245523e-23)
(1.079639432 -1.154089764e-05 8.903815354e-23)
(1.079436784 0.0002071454521 -5.742016873e-24)
(1.078789046 0.0004300253413 0)
(1.077688202 0.0006552563152 5.079164083e-23)
(1.076133958 0.0008769615568 -3.947069906e-23)
(1.074141625 0.001086468342 0)
(1.071745726 0.001274673549 -2.112650272e-23)
(1.06899872 0.00143494439 4.051615566e-23)
(1.065963681 0.001559651365 0)
(1.062708693 0.001647520087 3.538728347e-23)
(1.059303964 0.001702143196 1.022256521e-22)
(1.055813979 0.001728077284 0)
(1.052293772 0.001729636279 -1.44847013e-23)
(1.048789448 0.001710698571 -4.129658945e-23)
(1.045339424 0.001674707205 -1.237188244e-23)
(1.041975589 0.001624714225 1.239042779e-23)
(1.038724 0.001563472205 0)
(1.035605313 0.001493515014 -9.48260175e-24)
(1.032635161 0.001417179585 9.493565339e-24)
(1.029824584 0.001336580884 0)
(1.02718053 0.001253578483 -7.066635939e-24)
(1.024706395 0.001169760632 2.044202273e-23)
(1.022402585 0.001086449943 0)
(1.020267039 0.001004723361 1.082337083e-23)
(1.018295712 0.0009254380288 4.62268817e-24)
(1.016482992 0.000849257328 4.072592162e-24)
(1.014822079 0.0007766749191 -3.700323181e-24)
(1.013305307 0.0007080367321 1.395495529e-23)
(1.011924428 0.0006435613142 -3.305667165e-24)
(1.010670851 0.000583359067 -1.312456695e-24)
(1.009535845 0.0005274504229 5.062384865e-24)
(1.008510707 0.0004757823949 -1.018269088e-24)
(1.007586898 0.0004282438131 9.230014805e-25)
(1.006756147 0.0003846795775 -1.037741313e-25)
(1.006010531 0.0003449034497 7.120825441e-25)
(1.005342527 0.0003087081609 0)
(1.004745033 0.0002758846218 0)
(1.004211432 0.0002461772953 0)
(1.003735655 0.0002196331556 0)
(1.003312019 0.0001957992025 0)
(1.00293493 0.0001743935279 0)
(1.002599536 0.0001552036229 1.55171866e-25)
(1.002301455 0.00013802426 -2.330001859e-24)
(1.002036716 0.0001226671679 -1.975416502e-25)
(1.00180174 0.0001089520417 -1.743286088e-24)
(1.001593306 9.671524128e-05 -1.639676574e-24)
(1.001408515 8.581020849e-05 4.716017317e-26)
(1.001244755 7.610259002e-05 9.184215119e-27)
(1.001099685 6.74703207e-05 -1.322391572e-26)
(1.000971207 5.980358295e-05 4.044353421e-27)
(1.000857444 5.300129284e-05 -8.733982068e-25)
(1.000756715 4.697271279e-05 3.007354674e-27)
(1.000667523 4.163437284e-05 4.145262991e-26)
(1.000588532 3.691044461e-05 -1.937369157e-26)
(1.000518557 3.27333306e-05 2.974374185e-26)
(1.000456545 2.904350918e-05 -2.971658517e-26)
(1.000401558 2.578759142e-05 3.834254677e-25)
(1.00035276 2.291792108e-05 -3.714985975e-25)
(1.000309407 2.039226008e-05 3.897370434e-26)
(1.000270835 1.817531613e-05 -2.855482996e-26)
(1.000236457 1.623249206e-05 5.256376382e-26)
(1.000205737 1.453532448e-05 -2.401313072e-26)
(1.000178217 1.305910527e-05 -1.099558842e-25)
(1.000153417 1.178164476e-05 -3.208366903e-26)
(1.000131179 1.068610976e-05 0)
(1.000110308 9.741651104e-06 2.96510991e-26)
(1.000094034 9.00972543e-06 -1.201460434e-26)
(1.000069449 8.050848102e-06 1.204468669e-26)
(1.074728609 -0.003327714992 -3.971085617e-23)
(1.076764479 -0.002660414142 1.485528887e-22)
(1.078337395 -0.001988222157 -7.847362096e-23)
(1.079449011 -0.001323270604 8.726215648e-23)
(1.080106143 -0.0006672996415 2.777305695e-24)
(1.080313679 -1.36178699e-05 -9.003202648e-23)
(1.080071243 0.0006466979571 5.739481014e-24)
(1.079373758 0.001318444223 1.167446086e-23)
(1.078215442 0.001995988985 -5.706023714e-24)
(1.076598256 0.002661752208 -5.607757909e-24)
(1.074539506 0.003290163798 0)
(1.072074776 0.003855291888 2.109123623e-23)
(1.069259165 0.00433331838 -1.580534751e-22)
(1.066158979 0.004707149773 1.389155223e-22)
(1.062844029 0.004973070259 0)
(1.059384528 0.005139555486 -1.369461736e-22)
(1.055845005 0.005218958827 0)
(1.052280882 0.005224118868 -8.828009432e-23)
(1.048738631 0.005166957109 1.124797806e-22)
(1.045256802 0.005058059919 7.724344437e-23)
(1.041867117 0.004906759618 0)
(1.038595257 0.00472144492 -6.291819696e-23)
(1.035461394 0.004509819447 2.039760515e-23)
(1.032480623 0.004278970844 3.515926083e-23)
(1.029663418 0.004035300098 3.183234423e-23)
(1.027016163 0.003784427114 2.874697337e-23)
(1.024541712 0.003531147233 -1.310066647e-23)
(1.022239962 0.003279450983 -5.571289951e-24)
(1.020108388 0.003032585387 5.429669643e-24)
(1.018142525 0.002793132139 -1.383791845e-23)
(1.016336394 0.002563086308 -8.027693638e-24)
(1.014682876 0.002343929799 4.282305916e-25)
(1.013174037 0.002136699178 -3.207209393e-24)
(1.011801404 0.001942048298 -2.84249776e-24)
(1.010556202 0.001760306756 2.842631397e-24)
(1.00942955 0.001591534698 -4.794231726e-24)
(1.008412626 0.0014355716 2.131254217e-24)
(1.007496796 0.001292081866 0)
(1.006673717 0.001160597677 -1.64792965e-24)
(1.005935405 0.001040556282 -1.49140525e-24)
(1.005274296 0.0009313316831 0)
(1.00468326 0.0008322843039 0)
(1.004155674 0.0007426768622 -4.861059244e-25)
(1.003685447 0.0006623671949 4.090748663e-24)
(1.003266792 0.000590257519 0)
(1.002894252 0.0005255266097 1.686939613e-25)
(1.002563022 0.0004675334473 -3.179107766e-25)
(1.002268745 0.0004156327245 2.274685822e-24)
(1.002007475 0.0003692445747 1.530272687e-26)
(1.001775648 0.0003278260144 1.880951758e-24)
(1.001570062 0.00029089553 1.559007752e-24)
(1.001387836 0.0002580062834 0)
(1.001226374 0.0002287425468 0)
(1.001083357 0.0002027315685 1.080247002e-24)
(1.000956713 0.0001796404321 8.799723229e-25)
(1.000844588 0.0001591604912 1.687633506e-24)
(1.000745316 0.0001410208559 -2.43242889e-26)
(1.000657424 0.0001249572451 0)
(1.000579593 0.0001107421603 0)
(1.000510652 9.817552849e-05 0)
(1.000449562 8.707941342e-05 -3.997190189e-25)
(1.000395396 7.729244865e-05 -7.747293517e-25)
(1.000347329 6.86706275e-05 1.70480683e-26)
(1.000304628 6.108793339e-05 -4.219952443e-26)
(1.000266634 5.444194576e-05 -9.338959672e-26)
(1.000232775 4.861498594e-05 1.838306892e-25)
(1.000202526 4.352311872e-05 -9.389637592e-26)
(1.000175431 3.909414364e-05 1.41155767e-25)
(1.000151015 3.526185842e-05 1.221411119e-26)
(1.000129123 3.197707622e-05 -1.221406029e-26)
(1.000108577 2.914521217e-05 2.817264695e-26)
(1.000092561 2.696083118e-05 0)
(1.000068349 2.407485329e-05 0)
(1.076076627 -0.005599340466 0)
(1.078170615 -0.00446676906 9.745669502e-24)
(1.079774537 -0.003324340728 -8.548572644e-23)
(1.080888291 -0.002193122351 7.431691677e-23)
(1.08151837 -0.001077189548 0)
(1.081670928 3.352612462e-05 0)
(1.081348705 0.001152496173 0)
(1.080550905 0.002286850911 -8.251883292e-23)
(1.079276239 0.0034269707 4.691635025e-23)
(1.077531446 0.004543618183 2.316755644e-23)
(1.075338033 0.005594892381 -2.195675675e-22)
(1.072735315 0.006538010791 8.79761282e-23)
(1.069783491 0.007331814257 5.383941952e-25)
(1.066553247 0.007951681011 1.708355511e-22)
(1.063116483 0.008393446907 -1.513324355e-22)
(1.059544978 0.008668749785 2.529061075e-24)
(1.055904373 0.008797033459 1.2850969e-22)
(1.052251004 0.008799901331 5.731296196e-23)
(1.048631905 0.008697820297 5.27416206e-23)
(1.045085697 0.008508919458 -7.935909406e-23)
(1.041643681 0.008249098491 -7.048005346e-23)
(1.038330778 0.007932607769 6.442371961e-23)
(1.035166188 0.007572496191 2.02316462e-23)
(1.032163919 0.007180725819 -4.879676619e-25)
(1.029333305 0.006768061321 -6.316383551e-23)
(1.026679592 0.006343925299 -2.874901508e-23)
(1.024204539 0.005916336818 -1.269704512e-23)
(1.021907023 0.005491951959 0)
(1.019783583 0.005076170977 -1.044936538e-23)
(1.017828912 0.004673272166 9.361000779e-24)
(1.016036287 0.004286545969 -3.921203546e-24)
(1.014397943 0.003918420949 3.921440067e-24)
(1.01290539 0.003570581365 -9.601391684e-24)
(1.011549692 0.003244074081 3.422837826e-25)
(1.010321686 0.002939407936 7.907703185e-24)
(1.009212181 0.002656646552 -2.279875155e-24)
(1.008212106 0.002395487434 -1.948539458e-24)
(1.007312633 0.002155341691 3.677868778e-24)
(1.006505267 0.001935405268 1.511498762e-24)
(1.005781912 0.001734714126 1.359641348e-24)
(1.005134917 0.001552200992 -3.212801604e-24)
(1.004557095 0.001386772735 1.710034129e-24)
(1.004041777 0.001237253009 0)
(1.003582852 0.001102989955 -3.6043326e-24)
(1.003174535 0.0009824098881 -3.703131767e-25)
(1.002811424 0.0008742298987 4.273916897e-26)
(1.00248878 0.0007773527111 3.788843017e-26)
(1.002202295 0.0006907510798 2.896857616e-25)
(1.001948103 0.0006134121809 0)
(1.001722704 0.0005443774606 0)
(1.001522921 0.000482871481 1.819645343e-24)
(1.001345916 0.0004281209147 -6.652862885e-25)
(1.00118913 0.0003794250154 3.119832454e-25)
(1.001050296 0.0003361608963 -1.048815468e-24)
(1.000927389 0.0002977735595 -1.814443592e-24)
(1.000818589 0.000263751259 -8.150086559e-25)
(1.000722246 0.000233672236 -1.378471854e-24)
(1.000636979 0.0002070180568 0)
(1.000561506 0.0001834192591 0)
(1.000494673 0.0001625563801 1.86798148e-26)
(1.000435463 0.0001441380093 8.724656592e-25)
(1.000382971 0.0001278957446 2.985059099e-26)
(1.000336393 0.0001135918797 3.669010731e-25)
(1.000295013 0.0001010236797 2.943768256e-25)
(1.000258182 9.002731756e-05 2.370186595e-25)
(1.000225373 8.037560975e-05 -2.009752682e-25)
(1.000196077 7.193680035e-05 0)
(1.000169842 6.4597706e-05 1.87713183e-25)
(1.000146204 5.82487624e-05 -1.216291544e-25)
(1.000125011 5.280864203e-05 0)
(1.000105121 4.81183438e-05 -2.998001828e-26)
(1.000089619 4.450874659e-05 0)
(1.000066178 3.972617133e-05 -6.786219722e-27)
(1.078123291 -0.007959919559 -3.282836675e-23)
(1.08030764 -0.006329816315 7.23408387e-23)
(1.081960071 -0.004681623436 0)
(1.083077695 -0.003047264817 1.037548472e-22)
(1.083666772 -0.001435321437 2.707670196e-24)
(1.083734871 0.0001646291398 -9.52934837e-23)
(1.083289208 0.001771225753 0)
(1.08233639 0.003392042262 2.392247987e-23)
(1.080882172 0.005011913074 2.439810193e-23)
(1.078940004 0.006591242914 -2.314045228e-23)
(1.076538455 0.008074155031 2.165835364e-22)
(1.073725762 0.009395802771 -9.89655687e-23)
(1.070567743 0.01049989716 -2.119016522e-22)
(1.067138772 0.01135618557 1.531510669e-22)
(1.06351553 0.01196118626 -1.530669906e-22)
(1.059773056 0.01233101859 -2.030133615e-22)
(1.05597898 0.01249290659 1.959004326e-22)
(1.052190934 0.01247773298 -1.217149418e-22)
(1.048456525 0.01231499289 -5.50137808e-23)
(1.044814201 0.01203079875 4.81914926e-23)
(1.041294465 0.01164798815 -1.974617029e-24)
(1.037920995 0.01118695767 -4.21302513e-23)
(1.034711456 0.01066629216 -1.809564625e-23)
(1.031678152 0.01010292836 -1.658113596e-23)
(1.028828652 0.009512018542 3.076662184e-23)
(1.026166448 0.008906753749 -1.485168751e-24)
(1.023691634 0.008298302567 1.133795665e-23)
(1.021401531 0.007695886831 -1.239890819e-24)
(1.019291268 0.007106946059 -1.126342108e-24)
(1.017354275 0.006537335877 -7.205199727e-25)
(1.015582715 0.005991522033 0)
(1.013967856 0.00547276281 1.037370994e-23)
(1.01250038 0.004983280066 3.102125769e-24)
(1.011170651 0.004524408601 0)
(1.009968934 0.004096741765 -5.131888619e-24)
(1.008885569 0.003700263538 1.026902495e-25)
(1.007911113 0.003334448 0)
(1.007036457 0.00299839305 1.659713161e-24)
(1.006252882 0.002690915962 -3.252625325e-24)
(1.005552118 0.002410606188 0)
(1.004926405 0.002155912112 6.24654745e-26)
(1.004368488 0.001925274353 -2.128865311e-24)
(1.00387165 0.001717064538 1.021290398e-24)
(1.003429679 0.001530062949 0)
(1.003036853 0.001362162306 0)
(1.002687861 0.001211683447 0)
(1.002378134 0.001076994983 5.531514009e-25)
(1.002103411 0.0009566034488 -5.531585728e-25)
(1.00185981 0.0008491184756 -4.319716656e-25)
(1.001643942 0.0007533121234 4.318225183e-25)
(1.001452672 0.0006681440519 1.227525442e-24)
(1.001283376 0.0005922830831 -3.912780958e-24)
(1.001133548 0.0005247937193 0)
(1.00100096 0.0004648487182 1.849622492e-24)
(1.000883641 0.0004116819401 -9.61577694e-25)
(1.000779797 0.0003645959026 4.172509084e-26)
(1.000687775 0.0003230499876 5.319559893e-24)
(1.000606397 0.0002861776488 8.332475739e-25)
(1.000534456 0.0002535098901 -4.150701078e-24)
(1.000470796 0.0002246325001 3.174815176e-24)
(1.000414415 0.0001991455013 -1.699608399e-24)
(1.00036444 0.0001766734055 -8.128524482e-25)
(1.000320103 0.0001568838416 6.459655359e-25)
(1.000280721 0.0001394866455 0)
(1.00024567 0.000124241144 0)
(1.000214435 0.0001108705837 0)
(1.000186556 9.91966415e-05 2.287394682e-27)
(1.000161598 8.905406449e-05 -6.163801618e-26)
(1.000139111 8.028534431e-05 1.127496394e-26)
(1.000118949 7.277598052e-05 -3.03891136e-27)
(1.000100027 6.630496835e-05 -3.59821614e-26)
(1.00008528 6.132830576e-05 8.034535577e-27)
(1.000062979 5.47345183e-05 9.312870262e-27)
(1.080900043 -0.01044686588 -2.94997402e-23)
(1.083210781 -0.008272739664 8.77831602e-23)
(1.084931237 -0.006067807131 -8.778622594e-23)
(1.086054629 -0.003877325679 -9.701311474e-23)
(1.086585909 -0.001717321192 1.966660303e-22)
(1.086537403 0.0004205123408 -9.965264368e-23)
(1.08592292 0.002555913407 0)
(1.084755282 0.00469586254 -5.165015528e-23)
(1.083050367 0.006820884056 1.714763356e-22)
(1.080833181 0.008882396857 -1.954236128e-22)
(1.078145567 0.01080406126 1.837323079e-22)
(1.075045778 0.01250078964 0)
(1.071604724 0.01390607756 -2.152479314e-23)
(1.067903898 0.01498608279 0)
(1.064026715 0.01573776615 0)
(1.060052313 0.01618252597 3.51217931e-23)
(1.056051047 0.01635648188 6.219428713e-23)
(1.05208227 0.01630078275 -6.459850255e-23)
(1.048194128 0.01605479779 -5.498176756e-23)
(1.044424554 0.01565335461 5.036804187e-23)
(1.040802751 0.01512681855 -4.768746874e-23)
(1.037350539 0.01450215537 -4.073710693e-23)
(1.034083366 0.01380374961 -3.673650154e-23)
(1.031011121 0.013053642 0)
(1.028138903 0.01227139376 1.530412284e-23)
(1.025467785 0.0114739036 1.327313752e-23)
(1.022995569 0.01067537226 1.18628334e-23)
(1.020717466 0.009887434097 0)
(1.018626694 0.009119397072 1.85831037e-23)
(1.016714988 0.008378520004 -1.796339326e-23)
(1.014973027 0.00767026945 7.460585417e-24)
(1.013390799 0.006998568663 -6.992633245e-24)
(1.011957895 0.006366025237 -2.863839836e-24)
(1.010663763 0.005774107694 2.574696413e-25)
(1.009497919 0.005223363158 0)
(1.008450089 0.004713586362 2.17729433e-24)
(1.007510352 0.004243904849 -3.581242949e-24)
(1.006669231 0.0038130348 1.770141421e-24)
(1.005917717 0.003419336276 1.387553879e-24)
(1.005247294 0.003060879572 -1.335139031e-25)
(1.004650093 0.002735590049 7.949128364e-26)
(1.004118723 0.002441505529 0)
(1.003646482 0.002176360927 1.807054979e-24)
(1.003227098 0.001938231648 -1.70005615e-24)
(1.002854911 0.001724607301 2.706953058e-24)
(1.00252453 0.00153361366 -4.775256445e-24)
(1.002231804 0.001362675809 -2.031680821e-24)
(1.001972576 0.001209832763 4.140523723e-24)
(1.001743101 0.001073416747 0)
(1.001539941 0.0009519919149 -5.697459144e-24)
(1.001359758 0.0008443299593 6.661720117e-25)
(1.0012005 0.0007483178281 6.218472549e-24)
(1.00105989 0.000662863294 0)
(1.000935643 0.000586996994 0)
(1.00082579 0.0005197430086 -3.030848697e-24)
(1.000728604 0.000460165059 1.562453723e-24)
(1.000642509 0.0004074999207 5.879183403e-25)
(1.000566332 0.0003607830419 -1.99651752e-24)
(1.000499065 0.0003194649908 -1.161079209e-25)
(1.000439593 0.0002829860923 -1.018010776e-25)
(1.000386931 0.0002508110101 2.630494871e-25)
(1.00034025 0.0002224609588 -1.576667723e-25)
(1.000298841 0.000197511854 2.187945343e-25)
(1.000262068 0.0001755841398 0)
(1.000229359 0.0001563565925 2.40500007e-26)
(1.000200212 0.0001395281861 -2.406376619e-26)
(1.000174183 0.0001248479819 -3.400769107e-26)
(1.000150877 0.0001120907672 2.709443039e-26)
(1.000129878 0.0001010568043 0)
(1.000111052 9.160466357e-05 0)
(1.000093386 8.345770392e-05 0)
(1.000079618 7.719057423e-05 -1.416068425e-26)
(1.000058798 6.88857252e-05 -3.204912574e-27)
(1.08444992 -0.01310627051 -6.633247074e-23)
(1.086928546 -0.01032547307 6.302261422e-23)
(1.088739798 -0.00749498372 2.498138388e-23)
(1.089871861 -0.004676752545 0)
(1.090328974 -0.0018982422 0)
(1.090127057 0.0008432734332 5.321294478e-23)
(1.089288279 0.003562956071 -5.320022972e-23)
(1.087837037 0.006266901297 -1.576356049e-22)
(1.085801971 0.008935774847 4.20337509e-22)
(1.08322571 0.01150166386 0)
(1.080167502 0.01386694243 1.88616865e-22)
(1.076692542 0.01593376978 -2.123465903e-22)
(1.072883329 0.01762941715 -1.474526722e-22)
(1.068831872 0.01891592768 1.58613677e-22)
(1.064628878 0.01979109176 0)
(1.060358445 0.02028324099 -1.529687566e-22)
(1.05609452 0.02043922408 1.355311953e-22)
(1.051898417 0.02031198415 2.667989856e-24)
(1.047818554 0.01995198417 2.417353558e-24)
(1.043891802 0.01940374261 4.963972444e-23)
(1.040145351 0.01870588352 4.246634517e-23)
(1.036598352 0.01789242869 -3.998348248e-23)
(1.033263185 0.01699383774 1.093762345e-22)
(1.030146484 0.01603736401 -3.437655334e-23)
(1.027250074 0.01504695593 1.377840675e-23)
(1.024571873 0.01404310178 -1.438479656e-23)
(1.022106721 0.01304285188 -2.282634725e-23)
(1.019847121 0.012060026 1.096334186e-23)
(1.017783867 0.01110555848 -1.831756364e-23)
(1.015906558 0.01018787211 0)
(1.014204021 0.009313184553 6.347626489e-24)
(1.012664665 0.008485863326 -1.300737983e-23)
(1.011276737 0.00770870857 2.731490202e-24)
(1.010028575 0.006983106044 4.981261136e-24)
(1.008908804 0.006309412027 -4.476160391e-24)
(1.007906402 0.005687070407 2.101495126e-24)
(1.007010879 0.005114696987 1.833434386e-24)
(1.006212225 0.004590701593 -1.262329369e-24)
(1.005501202 0.004112701151 3.37540809e-25)
(1.004869004 0.003678107335 1.31455111e-24)
(1.004307602 0.003284376465 1.108047201e-24)
(1.003809081 0.002929446436 7.06926033e-24)
(1.003367277 0.002609812329 -7.177004798e-24)
(1.002975991 0.002322822409 0)
(1.002629467 0.002065641411 2.204435872e-24)
(1.002321874 0.00183627823 4.739639701e-24)
(1.002050037 0.001630797822 -2.091285764e-24)
(1.001810191 0.00144713929 -8.360421965e-25)
(1.001598458 0.001283383457 0)
(1.001411348 0.001137612626 -5.188680526e-24)
(1.001245542 0.001008184892 5.197161063e-24)
(1.001098913 0.0008928622579 -1.525454714e-24)
(1.000969741 0.0007904597102 1.199500375e-25)
(1.000855817 0.0006996918573 1.687536679e-24)
(1.000755162 0.0006192972711 -7.909445572e-25)
(1.000666159 0.0005481298946 4.615450684e-25)
(1.000587423 0.0004851989411 -1.721204523e-25)
(1.000517789 0.0004295437679 1.296263091e-25)
(1.000456247 0.0003803804891 1.684850535e-25)
(1.000401812 0.0003369669477 4.980903534e-26)
(1.000353615 0.000298657919 -1.697900526e-25)
(1.000310909 0.0002648933362 0)
(1.000273032 0.0002351733449 -6.467157679e-27)
(1.0002394 0.0002090581492 0)
(1.0002095 0.0001861488624 0)
(1.000182866 0.0001660988602 0)
(1.000159081 0.000148607626 -3.842442442e-27)
(1.000137786 0.0001334087448 3.842446003e-27)
(1.000118603 0.0001202646953 -2.079961804e-26)
(1.00010141 0.0001090066297 1.572316093e-26)
(1.000085277 9.93046972e-05 0)
(1.000072707 9.184216055e-05 6.531524248e-28)
(1.000053696 8.195671067e-05 0)
(1.088829031 -0.01599081579 0)
(1.091524426 -0.01252167488 4.866929537e-23)
(1.093453364 -0.008976115334 -1.308817852e-22)
(1.094597715 -0.005437236776 1.341103574e-22)
(1.094960489 -0.001949139757 5.800590308e-23)
(1.094562537 0.001478979761 0)
(1.093437332 0.004854934883 -5.858758651e-23)
(1.09162406 0.00818163674 0)
(1.089170305 0.01143607359 2.354193879e-22)
(1.086140848 0.01453009724 -2.056251237e-22)
(1.082609436 0.01734589007 2.060262251e-22)
(1.078658082 0.0197797611 -1.130239839e-22)
(1.074386384 0.0217523662 1.182228796e-23)
(1.069897927 0.02322187551 1.83675343e-22)
(1.065291451 0.02418929053 -1.220164547e-24)
(1.060657308 0.02469252895 -1.772584872e-23)
(1.056073625 0.02479146363 1.62979268e-23)
(1.051603491 0.02455272023 0)
(1.047295002 0.02403941235 2.666600992e-23)
(1.04318314 0.02330697836 4.605833579e-23)
(1.039292095 0.0224031792 -4.605682117e-23)
(1.035637295 0.02136964109 -1.917800484e-23)
(1.032226992 0.02024317822 0)
(1.02906356 0.01905633101 0)
(1.026144629 0.01783735004 -3.62866376e-25)
(1.023464137 0.01661012341 -1.413815343e-23)
(1.021013235 0.01539429486 -1.163996003e-23)
(1.018781094 0.01420554604 -9.32393237e-24)
(1.016755563 0.01305611832 8.886181916e-24)
(1.014923651 0.01195529664 0)
(1.013271974 0.0109097038 -6.977423677e-24)
(1.011787092 0.00992390164 8.996944515e-24)
(1.010455673 0.009000607168 -1.014619246e-23)
(1.009264786 0.008140831457 2.739215631e-24)
(1.00820191 0.007344785844 -4.801977871e-24)
(1.007255343 0.006611117577 3.837702822e-24)
(1.006413899 0.005937737538 -1.664996791e-24)
(1.005666394 0.005323213 1.051477691e-23)
(1.005004147 0.004763553418 -2.905538905e-23)
(1.004418122 0.00425555396 1.85384474e-23)
(1.003899748 0.003796260137 -1.439557505e-23)
(1.003439964 0.003383511601 1.42011463e-23)
(1.003034139 0.003011776276 2.982489314e-24)
(1.002676643 0.002678310898 2.223884529e-23)
(1.002361458 0.002379834253 -4.864280062e-24)
(1.002082463 0.002113479121 -3.822707894e-24)
(1.001836043 0.001875063786 3.84307841e-24)
(1.001619488 0.001662529291 4.712094299e-25)
(1.001428923 0.001473410197 9.940194392e-25)
(1.001260839 0.001305277545 -1.321985786e-24)
(1.001112314 0.001156015827 0)
(1.000981139 0.001023526001 6.260533414e-25)
(1.000865485 0.0009060903179 -1.137489292e-25)
(1.00076346 0.0008019989689 -1.753120302e-25)
(1.000673358 0.0007097724422 0)
(1.000593747 0.000628120519 -2.23455776e-25)
(1.000523403 0.0005558897487 1.582216243e-25)
(1.000461243 0.000492042854 3.019424654e-26)
(1.000406305 0.000435643105 0)
(1.000357723 0.0003858476797 0)
(1.000314733 0.0003419224437 8.063392145e-26)
(1.000276661 0.0003032187614 -1.547303528e-26)
(1.000242918 0.0002691585746 -9.911873433e-26)
(1.000212972 0.0002392353048 0)
(1.000186348 0.0002129990449 3.9714858e-26)
(1.000162641 0.0001900371601 -3.361763929e-26)
(1.000141478 0.0001700086276 0)
(1.000122534 0.0001526096247 0)
(1.000105473 0.0001375667687 2.530708971e-27)
(1.000090182 0.0001246845071 -1.91274784e-27)
(1.000075835 0.0001135843266 0)
(1.000064655 0.0001050472268 1.155937212e-26)
(1.000047746 9.374024726e-05 -2.35132718e-27)
(1.094111121 -0.01916332382 5.060615197e-23)
(1.097081365 -0.01490179877 -1.064198459e-22)
(1.099159899 -0.01052741914 -5.985387321e-24)
(1.100320928 -0.006149963802 2.053879215e-22)
(1.100565942 -0.001836694923 -1.768027853e-22)
(1.099921661 0.002385276121 0)
(1.098435286 0.006511890856 5.381708516e-22)
(1.096167307 0.01054397124 -4.77854446e-22)
(1.093191501 0.01443614355 -2.090443771e-22)
(1.089597022 0.01808099628 0)
(1.085474564 0.0213540741 1.506462726e-22)
(1.080933171 0.02414672094 -2.535032288e-22)
(1.076093069 0.02637357987 0)
(1.071071201 0.02799165107 1.861873043e-22)
(1.06597647 0.02900854631 -1.532951632e-22)
(1.060906734 0.02947486988 1.371075268e-22)
(1.055944358 0.02946613945 -2.856457032e-22)
(1.051153575 0.02906492336 1.094675265e-22)
(1.046581179 0.02834888724 -2.666853859e-23)
(1.042259042 0.02738584126 4.483477968e-23)
(1.038206991 0.02623365892 -8.478034079e-23)
(1.034435334 0.02494212397 1.129634066e-22)
(1.03094687 0.02355463405 -6.695934907e-23)
(1.027738495 0.02210900137 4.5019622e-23)
(1.024802578 0.02063756014 -2.693713725e-23)
(1.02212817 0.01916729664 2.04104897e-25)
(1.019701951 0.01772009654 1.084479803e-23)
(1.017509114 0.01631303536 9.423223199e-24)
(1.015534053 0.01495928817 8.412907518e-24)
(1.013760738 0.01366856999 3.271362712e-24)
(1.012173241 0.01244742768 -2.855866007e-24)
(1.01075585 0.01130060518 -8.72077402e-25)
(1.009493668 0.01023007243 5.312715336e-24)
(1.008372296 0.009236095428 1.223471673e-24)
(1.007377149 0.008319268319 9.620809813e-25)
(1.006496855 0.00747628032 0)
(1.00571931 0.006704415484 2.102759291e-23)
(1.0050311 0.006002228931 1.585517631e-23)
(1.004425481 0.005363514548 -4.432227214e-24)
(1.003893929 0.004785081676 -3.138141789e-23)
(1.003427038 0.004263181941 -2.344147794e-23)
(1.003014814 0.003794390213 -1.065031426e-25)
(1.002651835 0.003372834257 2.433783242e-24)
(1.002334305 0.002995867088 -1.915577842e-24)
(1.002056007 0.002659368375 -1.895024836e-24)
(1.001810996 0.002359343043 2.712207566e-24)
(1.001595182 0.002091967355 3.594365647e-25)
(1.00140549 0.001854121572 3.723512234e-25)
(1.001238686 0.001642599034 6.156091673e-25)
(1.001091806 0.001454609935 -2.870918019e-25)
(1.000962355 0.0012877138 0)
(1.000848251 0.001139712493 -1.913021555e-25)
(1.000747702 0.001008559485 1.686040288e-25)
(1.000659077 0.0008923644676 1.753572298e-25)
(1.000580919 0.0007894822747 0)
(1.000511961 0.0006984599233 0)
(1.0004511 0.0006179858894 -1.197861705e-25)
(1.000397369 0.000546881476 0)
(1.000349911 0.0004840942338 2.009490894e-26)
(1.000307973 0.0004286881945 4.846965865e-26)
(1.000270887 0.0003798357004 0)
(1.000238065 0.0003368044351 6.559570041e-26)
(1.000208986 0.0002989467099 3.444646688e-26)
(1.000183197 0.0002656837182 8.000115526e-28)
(1.000160275 0.0002365165224 -3.473114283e-26)
(1.000139866 0.000211010027 3.361782006e-26)
(1.000121656 0.0001887606875 -2.079595795e-26)
(1.000105358 0.0001694332467 -2.958289548e-27)
(1.000090681 0.0001527253802 2.811587625e-27)
(1.000077527 0.0001384192875 -1.414989276e-26)
(1.000065186 0.000126093684 3.393148466e-28)
(1.000055569 0.0001166153076 -5.406010016e-27)
(1.000041026 0.0001040619995 2.351337198e-27)
(1.100390462 -0.02269818949 -1.669205085e-22)
(1.103704888 -0.01751347887 8.315228928e-23)
(1.105970737 -0.01216778524 0)
(1.10715312 -0.006804336848 0)
(1.107251918 -0.001520270247 5.255130042e-22)
(1.106299906 0.003636150097 -5.241398794e-22)
(1.104364369 0.008645588494 -5.435917683e-22)
(1.101536129 0.01347681333 0)
(1.097917073 0.01805945166 -2.384226226e-22)
(1.093615988 0.02227831886 0)
(1.088763034 0.02601338954 -2.176935111e-22)
(1.083501302 0.02915018261 2.147173798e-22)
(1.07797237 0.03159861757 0)
(1.072309328 0.03331863109 -6.627670001e-23)
(1.066633984 0.03432889188 -9.925564877e-24)
(1.061052589 0.03469654089 0)
(1.055651261 0.0345160457 1.01706703e-23)
(1.050494237 0.03388877912 1.463529601e-23)
(1.045625492 0.03290927348 4.886351315e-23)
(1.041072017 0.03165936935 -3.761659439e-23)
(1.036847417 0.03020808447 2.829242458e-23)
(1.032955083 0.02861385678 -5.651497055e-23)
(1.02939072 0.02692679515 0)
(1.026144268 0.02518981873 1.428408096e-23)
(1.023201619 0.02343889036 -1.58301208e-23)
(1.020545966 0.02170368026 1.160200765e-23)
(1.018158682 0.02000776931 4.353465203e-24)
(1.01602036 0.01836895978 -8.51154647e-24)
(1.014111214 0.01680131219 1.644716551e-24)
(1.012412028 0.01531400842 5.401926251e-24)
(1.010903953 0.01391287379 -2.446077179e-23)
(1.009567683 0.01260340787 8.796469473e-24)
(1.008388058 0.01138523126 2.196315897e-24)
(1.007348874 0.01025783681 -3.884177146e-23)
(1.006431982 0.009221724243 7.181309126e-23)
(1.005628281 0.008270877558 5.044649687e-23)
(1.004926133 0.007402640768 -5.068174461e-24)
(1.004310392 0.006614040812 -2.808788577e-23)
(1.003771952 0.005898448355 -1.64509678e-24)
(1.003304021 0.005253130838 -9.210687926e-25)
(1.00289683 0.004673079323 1.102989567e-24)
(1.002540842 0.004153123647 -2.646933769e-24)
(1.002229404 0.003688110635 0)
(1.001957511 0.003273368451 -9.769040021e-26)
(1.001719858 0.002903463992 0)
(1.001511647 0.002573775589 -1.14771591e-24)
(1.001329049 0.002280397492 -6.848128127e-26)
(1.001168928 0.002019647313 0)
(1.001028477 0.001788023519 -1.191801648e-25)
(1.000905173 0.001582438868 -7.934657862e-26)
(1.000796828 0.001400138653 0)
(1.000701571 0.001238624484 -4.419632692e-26)
(1.000617789 0.00109561359 -2.327872728e-26)
(1.000544074 0.0009690413027 7.181783332e-26)
(1.000479179 0.0008570718198 0)
(1.000422009 0.0007580732365 -2.451461158e-26)
(1.000371616 0.0006705882329 8.440581446e-26)
(1.000327174 0.0005933176465 2.155741443e-26)
(1.00028796 0.0005251082498 -6.282793097e-26)
(1.000253339 0.0004649364599 -1.236155168e-25)
(1.000222749 0.0004118956143 6.081180296e-26)
(1.000195696 0.0003651845327 -6.492649557e-26)
(1.000171745 0.000324096161 0)
(1.00015051 0.0002880057237 2.728014617e-26)
(1.000131659 0.0002563600529 7.587400681e-27)
(1.000114881 0.0002286922063 -2.627745196e-26)
(1.000099901 0.0002045640029 2.497579394e-26)
(1.000086501 0.0001836083734 -1.683693363e-26)
(1.000074436 0.0001654957981 1.545762624e-26)
(1.000063626 0.0001499890541 0)
(1.000053485 0.0001366300765 0)
(1.000045584 0.0001263576139 0)
(1.000033643 0.0001127515418 0)
(1.107781026 -0.02668534806 5.578497246e-23)
(1.111523033 -0.02041358552 0)
(1.114020761 -0.01391889774 -7.186375328e-23)
(1.115228481 -0.007384914947 -4.341371731e-22)
(1.115145326 -0.0009410337829 5.863844461e-22)
(1.113816426 0.005325421682 0)
(1.111339436 0.01135890433 1.138010224e-21)
(1.107819493 0.01709009543 2.704663668e-22)
(1.103390284 0.02242605426 -2.710285931e-22)
(1.098213794 0.02725775892 0)
(1.092469632 0.03146378791 5.710479047e-23)
(1.086335247 0.03492326923 0)
(1.079977921 0.03754743222 -1.390803965e-22)
(1.07355223 0.03930653736 2.343219911e-22)
(1.067195488 0.0402365561 0)
(1.061022419 0.04042623015 -1.373624251e-22)
(1.05512165 0.03999326589 1.353234821e-22)
(1.049555494 0.03906139627 8.803954344e-25)
(1.044362742 0.0377446951 0)
(1.039562963 0.03614079176 -1.124508766e-23)
(1.035161039 0.03433083447 9.879406372e-24)
(1.031151201 0.03238223293 2.326098619e-23)
(1.027520053 0.03035181193 -3.128474393e-23)
(1.024248821 0.02828714666 0)
(1.021315578 0.02622702301 5.751147936e-24)
(1.018696324 0.02420370077 0)
(1.01636664 0.02224110091 -5.722349301e-25)
(1.014301825 0.02035680102 1.622256538e-24)
(1.012475949 0.01856649771 -1.641129596e-24)
(1.01086815 0.01687654977 -3.643853037e-23)
(1.00945609 0.01529184348 7.314934302e-23)
(1.008214777 0.01381780906 -3.374731951e-23)
(1.007131438 0.01245056571 -1.203654328e-23)
(1.006189942 0.01118990649 1.294519103e-23)
(1.005369227 0.01003423762 -6.364695964e-23)
(1.004656675 0.008976848993 -3.300396651e-25)
(1.004042979 0.008016013505 -3.615628736e-24)
(1.003513512 0.007146533681 -3.201845289e-24)
(1.00305599 0.006362089892 3.031858396e-24)
(1.002661168 0.005657266037 -1.333817073e-24)
(1.002320198 0.005025313757 0)
(1.002025043 0.00445988766 0)
(1.00176912 0.003955512346 0)
(1.001547065 0.003506447263 -4.28722551e-25)
(1.001354174 0.003106727682 2.832986068e-25)
(1.001186328 0.002751240809 3.311553503e-25)
(1.001040029 0.002435473275 -5.090002446e-25)
(1.000912368 0.002155259921 0)
(1.000800879 0.001906767035 0)
(1.000703408 0.001686545146 1.985315028e-25)
(1.000618086 0.001491503186 1.297976866e-25)
(1.000543317 0.001318862464 1.539900356e-25)
(1.000477743 0.001166125362 -1.077677096e-25)
(1.000420192 0.001031050328 -2.786227951e-26)
(1.000369643 0.0009116386434 0)
(1.000325204 0.000806116541 -1.899540449e-26)
(1.000286108 0.0007129097369 -1.393628607e-25)
(1.000251688 0.0006306199933 3.136645459e-26)
(1.000221364 0.0005580071817 9.459215353e-26)
(1.000194629 0.0004939728709 5.505082489e-26)
(1.000171036 0.0004375456935 -4.812337885e-26)
(1.000150193 0.0003878679549 4.272285162e-27)
(1.000131757 0.0003441829327 -4.272292384e-27)
(1.000115424 0.0003058239906 -2.820064591e-26)
(1.000100931 0.000272203861 -5.883780639e-27)
(1.000088038 0.0002428008051 2.549430478e-26)
(1.000076534 0.0002171690122 1.408645215e-26)
(1.000066247 0.0001949118109 1.561557381e-26)
(1.00005699 0.0001756764316 5.945408559e-28)
(1.000048699 0.0001592094202 -5.945407677e-28)
(1.000040926 0.0001450236995 0)
(1.000034872 0.0001341156787 -3.593014372e-29)
(1.000025728 0.0001196680406 3.59739026e-29)
(1.116427382 -0.031235179 0)
(1.120696932 -0.0236717757 0)
(1.123478772 -0.01580712384 2.261205687e-22)
(1.124717675 -0.00787380955 -3.211251321e-22)
(1.12441404 -4.472875086e-05 1.298956906e-23)
(1.122630299 0.00754434983 -6.273688539e-22)
(1.119474266 0.01476926293 3.361324066e-23)
(1.115089737 0.02152724364 0)
(1.109660927 0.02770964162 0)
(1.103414484 0.03320363885 2.591148419e-22)
(1.096585703 0.0378826206 -4.97700706e-22)
(1.089395525 0.0416272126 2.385921153e-22)
(1.082046788 0.04436058943 -5.067726955e-23)
(1.074721232 0.04607303779 -1.750252916e-22)
(1.067573208 0.04682576061 1.991215257e-23)
(1.060725033 0.04673563662 1.550920437e-22)
(1.05426559 0.0459490198 -1.575322712e-23)
(1.048252176 0.04461625379 -8.803724134e-25)
(1.042714834 0.04287387172 7.316503501e-25)
(1.037662146 0.0408369893 0)
(1.033086995 0.03859965677 4.270873185e-24)
(1.028971731 0.03623818474 4.394239034e-24)
(1.025291037 0.03381629477 3.845155639e-25)
(1.022015871 0.03138459095 -2.602262186e-24)
(1.019114888 0.02898353272 4.394025993e-24)
(1.016553768 0.02664891867 0)
(1.014304038 0.02440155008 -3.770461242e-24)
(1.012334808 0.02225843202 -2.260729171e-23)
(1.010610943 0.02023581672 7.394157471e-23)
(1.009113312 0.01833516304 -8.862521108e-23)
(1.007818627 0.016561935 0)
(1.006697019 0.01491894483 0)
(1.005730178 0.01340126413 9.860015201e-24)
(1.004904661 0.01200986919 0)
(1.004199628 0.01074001177 9.856142409e-24)
(1.003597658 0.009585251229 -1.567071943e-24)
(1.00308561 0.008540153654 1.567755671e-24)
(1.002650517 0.007597078147 -6.717557763e-25)
(1.00228058 0.006749109501 5.484156225e-26)
(1.001965936 0.005989382492 0)
(1.001698129 0.005310479766 -4.074226152e-26)
(1.00146976 0.004705170039 0)
(1.00127449 0.0041668962 -1.445356856e-25)
(1.001107078 0.003688957183 3.569679582e-25)
(1.000963205 0.00326465823 -2.833055427e-25)
(1.000839266 0.00288822326 0)
(1.000732223 0.002554494849 2.177843093e-25)
(1.000639567 0.002258830434 1.228165563e-25)
(1.000559225 0.001997030765 0)
(1.000489439 0.001765322378 -5.701496543e-26)
(1.000428715 0.001560336773 -7.278337746e-26)
(1.000375789 0.001379068863 7.249312212e-26)
(1.000329598 0.001218835589 6.367477319e-26)
(1.000289236 0.001077242039 0)
(1.000253925 0.000952157498 0)
(1.000222996 0.0008416927409 -3.007411277e-26)
(1.000195875 0.00074417419 8.50493773e-26)
(1.000172068 0.0006581194062 0)
(1.00015115 0.0005822167539 -4.643068965e-26)
(1.00013275 0.0005153073126 0)
(1.000116544 0.0004563678791 -3.405952039e-27)
(1.000102253 0.0004044955142 4.437536647e-28)
(1.00008963 0.0003588939076 3.98764134e-28)
(1.000078463 0.0003188615401 2.563447971e-27)
(1.000068564 0.0002837809947 0)
(1.000059768 0.0002531075123 -1.582742609e-27)
(1.000051928 0.0002263722016 -1.18477258e-26)
(1.000044925 0.0002031596544 -1.256034467e-28)
(1.000038629 0.0001830996418 -5.304418131e-28)
(1.000032995 0.0001659276501 0)
(1.000027718 0.0001511357096 0)
(1.00002361 0.0001397620521 1.72729877e-27)
(1.00001741 0.0001246994924 -7.386255408e-28)
(1.126515236 -0.03647675237 0)
(1.131431417 -0.02736797712 0)
(1.134558647 -0.01786096958 0)
(1.135834029 -0.008239403253 0)
(1.135255885 0.001254823025 7.532428765e-22)
(1.132914458 0.0104125217 1.44311768e-21)
(1.128921499 0.01904358929 -6.983629799e-22)
(1.123461857 0.02699105306 0)
(1.116799007 0.03412917548 3.008209059e-22)
(1.109240579 0.04033295141 -3.008135225e-22)
(1.101089551 0.04547380626 0)
(1.092624384 0.04944521958 2.271165709e-22)
(1.084094734 0.0521952231 -5.383209122e-22)
(1.075714803 0.05374608879 2.411082961e-23)
(1.067656656 0.05419485054 1.779100281e-22)
(1.060048124 0.05369529588 3.57971638e-23)
(1.05297448 0.05242934937 4.660053114e-25)
(1.046483456 0.05057868244 -4.940964397e-23)
(1.040591152 0.04830537146 4.86786607e-23)
(1.035290303 0.04574362026 2.28888977e-24)
(1.030557549 0.04300089087 -3.4218934e-23)
(1.026359654 0.04016215618 8.385461548e-23)
(1.022653801 0.03729905127 -9.247359444e-23)
(1.019402198 0.03445963935 -6.765010441e-23)
(1.016562084 0.03168583063 7.241029572e-24)
(1.014084036 0.02901522731 -3.872392398e-23)
(1.01193993 0.0264616243 9.674869026e-23)
(1.01009624 0.02404387167 -4.609709364e-23)
(1.008509052 0.02177586496 5.308961368e-23)
(1.007150227 0.01965672971 4.053527041e-23)
(1.005999197 0.01769324528 -1.179723976e-23)
(1.005025541 0.01588435346 -8.67241608e-25)
(1.004203295 0.01422542985 2.260310106e-24)
(1.003512788 0.01271183961 1.432176513e-24)
(1.002935154 0.01133519868 -2.249478175e-24)
(1.002453468 0.01008813291 4.970165026e-26)
(1.002053441 0.008963310994 0)
(1.001722468 0.007952439022 -6.38372914e-26)
(1.001449083 0.007047362295 -6.762337431e-25)
(1.001223215 0.006239847369 6.214044926e-25)
(1.001036307 0.005521351788 4.074431293e-26)
(1.000881178 0.004883396599 -9.743778765e-26)
(1.000751786 0.00431810405 2.116035226e-25)
(1.000643401 0.003817629287 -2.84898852e-25)
(1.000552195 0.003374498155 1.351840786e-25)
(1.000475164 0.002982279836 -6.270461722e-26)
(1.000409854 0.00263525221 0)
(1.000354287 0.002328330873 -1.228178507e-25)
(1.000306862 0.002056978489 -3.589174166e-26)
(1.000266269 0.001817146668 3.589199914e-26)
(1.000231424 0.00160523386 0)
(1.000201429 0.001418040227 -7.249369892e-26)
(1.000175548 0.001252722974 -6.367524781e-26)
(1.000153167 0.001106757681 0)
(1.000133774 0.0009779063454 2.787763564e-26)
(1.000116936 0.0008641888333 4.226106099e-26)
(1.000102291 0.0007638553037 -4.515527152e-26)
(1.000089528 0.0006753604269 1.335205139e-26)
(1.000078386 0.0005973404162 0)
(1.000068642 0.0005285923977 0)
(1.000060105 0.0004680556005 8.998602055e-27)
(1.000052611 0.0004147947037 -1.607116277e-27)
(1.000046018 0.0003679854627 1.607118427e-27)
(1.000040207 0.000326902405 1.197088986e-27)
(1.000035072 0.0002909079551 -1.197090166e-27)
(1.000030525 0.0002594419196 0)
(1.000026484 0.0002320181124 3.568808652e-28)
(1.000022882 0.0002082117722 -6.818312069e-29)
(1.000019652 0.0001876407039 -2.640830449e-27)
(1.000016768 0.0001700326615 -1.865007415e-27)
(1.000014072 0.0001548666021 -1.16320465e-27)
(1.000011975 0.0001432060915 -1.01937221e-27)
(1.000008818 0.0001277659853 1.030201528e-27)
(1.138274033 -0.04257138218 -9.041391834e-23)
(1.143974502 -0.03159912199 -1.965224404e-22)
(1.147519008 -0.02011327749 7.829140937e-22)
(1.148843971 -0.008455711732 -7.788055046e-22)
(1.147947948 0.003054552555 -6.937881568e-22)
(1.14489825 0.01409064794 4.684701907e-22)
(1.139852102 0.02438983925 0)
(1.133057333 0.03373223965 -1.928266465e-22)
(1.124872656 0.04195458165 0)
(1.115702273 0.04891374051 -1.631792411e-22)
(1.105937654 0.0544871546 -2.677404929e-22)
(1.095935051 0.05859661716 2.677562214e-22)
(1.086003934 0.06123277481 1.091381141e-22)
(1.07639608 0.06246674883 0)
(1.067301253 0.0624458281 4.144726339e-23)
(1.058848473 0.06137261995 -8.475847959e-25)
(1.051112202 0.05947392698 -3.667775912e-23)
(1.044125002 0.05696559821 1.102805068e-22)
(1.037882074 0.0540382987 7.658710431e-23)
(1.032353648 0.05084667336 -1.565775564e-23)
(1.027494386 0.04751175908 -6.320884413e-23)
(1.023249166 0.04412661137 0)
(1.01954981 0.04076798112 4.164120949e-23)
(1.016355913 0.03747349586 0)
(1.013617606 0.03429037771 -4.439074588e-23)
(1.011270695 0.03125176214 4.445140438e-23)
(1.009272549 0.02836907653 0)
(1.007592435 0.02566505545 5.701124519e-24)
(1.006181285 0.02314962145 -5.701345852e-24)
(1.005000805 0.02081985599 0)
(1.004021232 0.01867379103 1.286945647e-25)
(1.003213685 0.01670589407 3.120357395e-24)
(1.002551054 0.01490999342 -2.251614048e-24)
(1.002010966 0.01327806742 7.015464221e-25)
(1.00157494 0.01180039845 -7.01579508e-25)
(1.001226629 0.01046779518 -6.016823445e-26)
(1.000951388 0.009271207519 0)
(1.000736206 0.008201142586 0)
(1.000569466 0.007247856567 0)
(1.000440998 0.006401465949 1.698736861e-25)
(1.000342258 0.005651933936 -1.698771326e-25)
(1.000266309 0.00498944559 0)
(1.000207606 0.004404678962 -1.140486862e-25)
(1.000162087 0.00388859106 -4.299320173e-27)
(1.000126664 0.003432936318 -1.71901494e-26)
(1.000099051 0.003030625807 1.119146194e-26)
(1.000077499 0.002675419702 -1.119156822e-26)
(1.000060666 0.002361836611 1.230193996e-26)
(1.000047512 0.002085039079 1.36048223e-26)
(1.000037227 0.001840743115 1.081646436e-26)
(1.000029178 0.001625155074 0)
(1.000022872 0.001434919715 0)
(1.000017928 0.001267071831 0)
(1.000014053 0.001118992026 0)
(1.000011019 0.0009883678331 -1.974899061e-26)
(1.000008644 0.000873159442 0)
(1.000006787 0.0007715687368 0)
(1.000005334 0.0006820112422 -6.443821987e-27)
(1.000004195 0.0006030910953 0)
(1.000003302 0.0005335788182 5.278908033e-27)
(1.0000026 0.0004723915303 -8.998644752e-27)
(1.000002047 0.0004185755893 0)
(1.000001611 0.000371291628 0)
(1.000001266 0.0003298017459 0)
(1.000000992 0.0002934584068 -1.482459529e-28)
(1.000000775 0.000261694107 1.482460516e-28)
(1.000000602 0.0002340121962 -5.265450891e-29)
(1.000000465 0.0002099848097 9.721320224e-30)
(1.000000356 0.0001892256102 1.280990811e-27)
(1.000000269 0.0001714583798 1.765968116e-27)
(1.000000199 0.0001561568521 1.249488804e-27)
(1.000000148 0.0001443931205 -7.110035385e-28)
(1.000000084 0.0001288187974 -2.925921042e-28)
(1.151999404 -0.04970545194 9.033277197e-23)
(1.158641154 -0.03647580861 -2.342342542e-22)
(1.16268458 -0.02258900515 -1.352803151e-21)
(1.164059243 -0.008469824621 8.091753581e-22)
(1.162777055 0.005454875429 -8.52613616e-22)
(1.158866658 0.01876310584 4.954750398e-22)
(1.152506077 0.03106078352 -6.690663268e-22)
(1.144042774 0.04205124858 4.076289526e-22)
(1.133963726 0.0515120525 -5.541122058e-22)
(1.122798841 0.05927433013 8.411908872e-22)
(1.11105816 0.06523091835 -3.210450946e-22)
(1.099201359 0.06935194927 0)
(1.087612023 0.07169564794 0)
(1.076582533 0.07240729548 -1.803565516e-22)
(1.066319591 0.07170069148 5.738229763e-23)
(1.056945166 0.06984440162 9.044306176e-23)
(1.048510188 0.06712259477 -7.488009819e-23)
(1.041024732 0.06378651265 0)
(1.034455813 0.06005931883 0)
(1.028741834 0.05611684813 0)
(1.023808181 0.05209245481 5.198061862e-24)
(1.019574238 0.04808122369 3.30042218e-23)
(1.015947923 0.04415494278 -3.303590348e-23)
(1.012867696 0.04035279899 0)
(1.010282351 0.03673045347 1.228923185e-23)
(1.008123205 0.03330822388 -6.6256511e-24)
(1.006329121 0.03009723634 1.152154507e-23)
(1.004853577 0.0271098049 2.760602349e-24)
(1.003642295 0.02434807496 -3.682718625e-24)
(1.002660286 0.02180544186 9.306304982e-25)
(1.001875312 0.01947733999 3.973272206e-27)
(1.00125625 0.017355239 0)
(1.000773572 0.01542915693 0)
(1.000403115 0.01368762279 2.806199081e-26)
(1.000126006 0.01211864756 0)
(0.999926119 0.01071066195 -1.272441754e-25)
(0.9997888441 0.00945259238 1.67775842e-25)
(0.9997009946 0.008333419209 2.012935065e-25)
(0.9996508265 0.007341909462 -2.012979009e-25)
(0.9996281338 0.006466559378 1.992017479e-25)
(0.99962448 0.005695673722 -2.223433745e-25)
(0.9996332308 0.005017885031 0)
(0.999649494 0.004422268712 -1.129724881e-25)
(0.999670108 0.003898466218 -2.064747144e-26)
(0.9996929378 0.003437390847 1.27116667e-25)
(0.9997166053 0.003031298424 8.189404158e-26)
(0.9997402207 0.002673493472 -7.011619435e-26)
(0.9997631976 0.002358176226 -1.975864373e-26)
(0.9997851476 0.002080282651 1.191865976e-26)
(0.9998058226 0.001835360216 -3.95505911e-26)
(0.9998250809 0.001619484219 1.066694908e-26)
(0.9998428634 0.001429197332 8.468200584e-27)
(0.9998591725 0.001261457843 -8.468232165e-27)
(0.9998740523 0.001113591687 0)
(0.9998875716 0.0009832483589 0)
(0.9998998122 0.0008683613451 0)
(0.9999108617 0.0007671131733 0)
(0.9999208099 0.0006779048961 -6.908341649e-27)
(0.999929747 0.0005993296983 2.372675828e-26)
(0.9999377618 0.0005301500093 -5.278933767e-27)
(0.9999449407 0.0004692774198 1.676891213e-26)
(0.9999513656 0.0004157549819 -1.440450658e-26)
(0.9999571136 0.0003687417316 -1.262688048e-26)
(0.9999622565 0.0003274992026 -9.956190549e-28)
(0.9999668603 0.0002913799933 0)
(0.9999709859 0.0002598158368 0)
(0.9999746916 0.0002323145969 2.519167439e-28)
(0.9999780262 0.0002084461356 -6.037719463e-27)
(0.9999810429 0.0001878260137 1.209676183e-27)
(0.999983758 0.0001701797937 -2.137043834e-29)
(0.999986316 0.0001549841578 -5.73680126e-29)
(0.9999883135 0.0001433027867 4.760154328e-30)
(0.9999913466 0.0001278400053 -4.765950141e-30)
(1.168060879 -0.05809709608 0)
(1.175822759 -0.04213187443 0)
(1.180469249 -0.02534427934 0)
(1.181932461 -0.008225769591 2.086075789e-21)
(1.180153391 0.008635573957 1.027172591e-21)
(1.175160427 0.02468515728 -1.734183583e-21)
(1.167151704 0.03939015586 9.877254494e-22)
(1.15660342 0.0523349211 -6.482246388e-22)
(1.144159719 0.06320298229 2.389565905e-22)
(1.130515894 0.07179220469 3.91374981e-22)
(1.11634476 0.07803477423 0)
(1.102246275 0.08197577362 0)
(1.088695263 0.08377951933 -3.34831554e-22)
(1.07602452 0.0837023925 5.725444765e-22)
(1.064456524 0.08203946014 -2.755866889e-22)
(1.054097885 0.07914136661 6.24803874e-23)
(1.044958366 0.0753594774 1.743376912e-22)
(1.037005456 0.07099287858 -3.302248619e-22)
(1.030167434 0.06630001863 1.960163898e-23)
(1.024339855 0.06147560878 1.112074578e-22)
(1.019407268 0.05666331798 -1.967970134e-23)
(1.015261585 0.05195468506 4.922980966e-23)
(1.011794934 0.04741353022 -4.435203146e-23)
(1.00891744 0.04308546874 -6.793557273e-24)
(1.006545163 0.0390082393 -1.215632097e-23)
(1.004613878 0.03518655796 1.984932052e-24)
(1.003061867 0.03163214022 -6.429473867e-24)
(1.001832046 0.02834955835 1.821673628e-24)
(1.00086338 0.0253349545 -6.618937545e-24)
(1.000116291 0.02257801997 0)
(0.9995597678 0.02007398161 0)
(0.9991584204 0.01780788377 0)
(0.9988799608 0.01576330371 -4.249389553e-26)
(0.9986996608 0.01392435582 -2.806421778e-26)
(0.9985990117 0.01227591714 0)
(0.998562601 0.01080398059 -6.571034222e-26)
(0.9985764021 0.009495673702 0)
(0.9986274117 0.008338634843 7.111799134e-25)
(0.998703781 0.007320277126 -6.810723333e-25)
(0.998795157 0.006427423728 0)
(0.9988931653 0.005646447615 2.313940945e-26)
(0.9989915349 0.004964055541 0)
(0.9990862642 0.004367462731 1.551120912e-25)
(0.9991753959 0.003844813486 -9.499360187e-26)
(0.9992580372 0.00338612654 5.294615167e-26)
(0.9993339914 0.002983054211 -2.754718133e-25)
(0.9994034207 0.002628564168 2.125077606e-25)
(0.9994666247 0.002316670088 -3.727293759e-27)
(0.9995239446 0.002042196133 -3.01574487e-26)
(0.9995757402 0.00180061277 0)
(0.9996223897 0.001587936873 -2.106409419e-26)
(0.9996642867 0.001400668249 2.425795071e-27)
(0.999701831 0.001235738736 1.863842912e-26)
(0.9997354164 0.001090463257 0)
(0.9997654193 0.0009624920192 -6.885284091e-26)
(0.9997921914 0.0008497662547 0)
(0.9998160576 0.0007504794554 0)
(0.9998373155 0.0006630446494 4.349368566e-27)
(0.9998562378 0.0005860671371 -2.807625248e-26)
(0.9998730736 0.000518321521 3.327614619e-27)
(0.9998880503 0.0004587317419 -1.852832684e-26)
(0.9999013743 0.0004063532952 4.258848544e-26)
(0.9999132328 0.0003603573354 1.327992002e-26)
(0.9999237951 0.0003200169147 -4.038915431e-27)
(0.9999332122 0.0002846943973 -1.551081324e-26)
(0.9999416247 0.0002538323667 0)
(0.9999491582 0.0002269469506 -1.227717612e-26)
(0.9999559162 0.0002036150541 -4.256115117e-27)
(0.9999620155 0.0001834605108 1.729037756e-28)
(0.9999674929 0.000166214472 -4.677729827e-29)
(0.9999726418 0.0001513649895 -1.261262801e-28)
(0.9999766577 0.0001399506513 2.337805397e-27)
(0.9999827418 0.0001248437441 0)
(1.186940888 -0.06793146366 4.458756784e-22)
(1.196009487 -0.04864112251 0)
(1.201366808 -0.02838616271 2.458241793e-21)
(1.202969073 -0.007705938637 -3.609139948e-21)
(1.200606717 0.0127400785 5.824519281e-23)
(1.194244129 0.03217551807 8.890645718e-22)
(1.184162372 0.04987595231 -1.360278299e-21)
(1.170981691 0.06521417749 4.731471751e-23)
(1.15554323 0.0777323504 1.398408042e-21)
(1.138784587 0.08718273583 -4.299230707e-22)
(1.121608342 0.09357265889 6.350020225e-22)
(1.104800194 0.09704994012 -3.39274846e-22)
(1.088947627 0.09793486214 1.186064311e-22)
(1.074418494 0.0966471694 -1.905206313e-22)
(1.061429838 0.0936190017 7.405627357e-23)
(1.050054152 0.0893187789 -2.732663123e-22)
(1.0402387 0.08418216526 1.131437998e-22)
(1.031887718 0.07855368715 1.749068353e-22)
(1.024872108 0.07271353681 -1.022001674e-22)
(1.01903092 0.06686834901 -2.517341646e-23)
(1.014196745 0.06116480203 8.424644168e-23)
(1.010231909 0.05568144939 -7.464556494e-23)
(1.007008912 0.05047510076 -7.36856611e-26)
(1.004412916 0.04558091528 6.735897736e-24)
(1.002333286 0.04101537433 0)
(1.000696049 0.03677553134 5.372039316e-24)
(0.9994452924 0.03287097565 -5.406831289e-24)
(0.9985165551 0.02929596584 -1.777662921e-25)
(0.99784608 0.02603881091 4.81177093e-24)
(0.9973850784 0.02308697818 3.901683013e-24)
(0.9970945345 0.02042592544 -4.072276821e-24)
(0.9969386887 0.01803350582 3.780465788e-24)
(0.9968869209 0.0158875237 -3.75775308e-24)
(0.996915887 0.01396738847 0)
(0.9970082772 0.01225444205 0)
(0.9971499638 0.01073240993 -1.343830568e-24)
(0.9973278946 0.009387149284 1.407636868e-24)
(0.9975293311 0.008205439818 -7.605319006e-26)
(0.9977421051 0.007173583828 0)
(0.9979554363 0.006276660658 -3.69746152e-26)
(0.9981608911 0.005498786459 -3.884898036e-25)
(0.9983526794 0.004824183278 4.220110099e-25)
(0.9985281312 0.004237810177 4.207265503e-25)
(0.9986868704 0.003726163831 -1.500787755e-25)
(0.9988296651 0.003278329521 4.82505339e-25)
(0.9989578474 0.002885486745 5.930998652e-26)
(0.999072845 0.00254046619 -6.678478133e-27)
(0.9991759524 0.002237294191 -3.308986632e-25)
(0.9992682868 0.001970843532 -1.583160478e-25)
(0.9993508331 0.001736623809 0)
(0.9994244958 0.001530676733 0)
(0.9994901269 0.001349522852 -2.85405205e-26)
(0.9995485305 0.001190120161 2.854058649e-26)
(0.9996004561 0.001049818385 0)
(0.9996465925 0.0009263091158 1.853166093e-25)
(0.9996875653 0.000817577553 -1.955498617e-26)
(0.9997239386 0.0007218603024 -7.496507666e-26)
(0.9997562199 0.0006376106738 6.630287713e-27)
(0.9997848647 0.0005634707344 -6.630294117e-27)
(0.9998102825 0.000498248429 4.538323261e-26)
(0.9998328408 0.0004408980566 6.529836105e-28)
(0.9998528693 0.0003905029275 -6.111243858e-26)
(0.9998706638 0.0003462597437 -3.648954006e-26)
(0.9998864888 0.0003074648946 -2.384175245e-26)
(0.9999005808 0.0002735001537 1.716469451e-26)
(0.9999131552 0.0002438322888 1.948265793e-26)
(0.9999244026 0.0002179888644 1.227720875e-26)
(0.9999344837 0.0001955630847 9.701810881e-27)
(0.9999435743 0.0001761937852 3.401504267e-28)
(0.999951731 0.0001596216425 1.92754648e-28)
(0.999959392 0.0001453539259 5.703698199e-27)
(0.9999653648 0.000134387644 -2.321848095e-27)
(0.9999744061 0.0001198758268 -1.598220798e-29)
(1.209279754 -0.07962949118 -5.672072182e-22)
(1.219788398 -0.05627261908 0)
(1.226000138 -0.0317998263 -1.272614755e-21)
(1.227779618 -0.006840781847 4.231650383e-21)
(1.224779631 0.01783894966 -1.368883483e-21)
(1.216787079 0.04133035296 -1.055051861e-21)
(1.204106927 0.06266007545 0)
(1.187546472 0.0808695334 0)
(1.168247802 0.09530022704 -6.143104169e-22)
(1.147510365 0.105615043 -1.407265624e-21)
(1.12657195 0.1119178739 0)
(1.106459064 0.1145503214 -2.957000193e-22)
(1.087895716 0.1140774161 0)
(1.071277118 0.1111508599 -1.722574211e-22)
(1.056786854 0.1063637872 -7.37455801e-23)
(1.044424839 0.1003028166 -1.313398342e-22)
(1.034035285 0.09349401292 5.453362826e-23)
(1.025414257 0.08634834408 1.459495312e-22)
(1.018369217 0.07916026193 -8.075022568e-23)
(1.012673562 0.07214740275 2.679087882e-23)
(1.008096283 0.0654468905 0)
(1.004450717 0.05912054028 0)
(1.00158826 0.05321196854 7.425594403e-26)
(0.999372052 0.04773184496 0)
(0.997681543 0.0426746472 0)
(0.9964278785 0.03803022423 -7.503828904e-24)
(0.995542755 0.03378961213 7.164888606e-24)
(0.9949619679 0.02993570925 7.684441549e-24)
(0.9946253829 0.02645117996 -7.507565122e-24)
(0.9944808492 0.02331866867 1.743957141e-25)
(0.9944844914 0.02051575735 6.391969754e-24)
(0.9945997478 0.01801433104 -1.229524495e-23)
(0.9947974564 0.01578533424 5.91767176e-24)
(0.9950561362 0.0138017537 -2.473800283e-24)
(0.9953603278 0.01204052529 4.716204926e-24)
(0.9956974809 0.01048329857 -2.251395868e-24)
(0.9960553028 0.009115446097 1.819055364e-24)
(0.9964207698 0.007923660663 -1.773135897e-24)
(0.9967808072 0.006893480655 -2.73476511e-26)
(0.997123886 0.006008038782 3.697656574e-26)
(0.9974415493 0.005248602929 6.030138766e-25)
(0.9977290596 0.00459605053 3.261319083e-25)
(0.9979858015 0.004032462853 -4.20735624e-25)
(0.9982136378 0.003542553829 1.016221235e-25)
(0.9984155629 0.003114503649 -9.532592775e-25)
(0.9985948048 0.002739287462 3.901117593e-25)
(0.998754236 0.002409926654 7.981048889e-26)
(0.9988961973 0.00212075008 1.691231988e-25)
(0.9990225764 0.001866888237 3.227053879e-25)
(0.9991349641 0.001644022817 -5.524052146e-26)
(0.9992347803 0.001448303831 0)
(0.9993233344 0.001276332077 0)
(0.9994018389 0.00112514193 0)
(0.9994714042 0.0009921637927 0)
(0.9995330338 0.00087517238 -9.690898015e-26)
(0.999587626 0.0007722338034 0)
(0.9996359816 0.0006816600012 1.704046307e-25)
(0.9996788139 0.0006019727097 8.806107011e-27)
(0.9997167582 0.0005318755108 -8.806112202e-27)
(0.99975038 0.0004702314635 -1.146707428e-25)
(0.9997801834 0.0004160441907 0)
(0.9998066173 0.0003684412319 4.339296309e-26)
(0.9998300816 0.0003266593388 2.587573005e-26)
(0.9998509307 0.0002900304117 3.078258914e-26)
(0.999869486 0.0002579657261 0)
(0.9998860332 0.0002299631691 -2.069428875e-26)
(0.9999008217 0.000205573388 2.087029366e-26)
(0.9999140703 0.0001844117343 1.120010898e-27)
(0.9999260122 0.000166136812 -3.510582694e-28)
(0.9999367221 0.0001505027091 1.11355119e-26)
(0.9999467765 0.0001370438196 -5.89646508e-27)
(0.9999546134 0.000126699927 0)
(0.9999664712 0.000113013362 0)
(1.235778975 -0.09317028948 4.395823446e-21)
(1.247842417 -0.06517645496 -3.008022193e-21)
(1.255130701 -0.03594320224 -1.773180775e-21)
(1.25715478 -0.00565490434 -1.532748267e-21)
(1.253324587 0.02477566689 0)
(1.243333824 0.05388453985 -4.942100126e-22)
(1.22740625 0.08008900248 -1.585041194e-21)
(1.206517221 0.1019130399 -7.05846395e-22)
(1.182263441 0.1184339512 1.240638496e-21)
(1.15648675 0.1293106224 2.375328389e-21)
(1.13088879 0.1349093131 -8.67525071e-22)
(1.106810889 0.1358981336 0)
(1.085127954 0.1331885917 0)
(1.066222091 0.1277682461 3.139396501e-23)
(1.050173287 0.120497529 -2.233061579e-22)
(1.036893574 0.1120837774 -4.693490646e-23)
(1.026099393 0.1031537165 0)
(1.017435201 0.09417091176 -3.300008217e-23)
(1.010577049 0.08542249312 1.958455174e-23)
(1.00522935 0.07711244666 6.307674159e-24)
(1.001101155 0.06934193496 -1.086156506e-23)
(0.9979484685 0.06214719078 1.753262925e-24)
(0.9955821393 0.05553205906 0)
(0.9938491288 0.04947258097 0)
(0.9926264954 0.0439376528 0)
(0.9918191959 0.03889974629 -9.562707078e-25)
(0.9913527294 0.03433356761 1.188968697e-23)
(0.9911634983 0.03021477119 -1.146489587e-23)
(0.9911937492 0.02652102955 -1.085336573e-23)
(0.9913916134 0.02322832749 1.992896454e-23)
(0.9917129616 0.02030667868 -9.814260981e-24)
(0.9921226037 0.01772001745 0)
(0.992594169 0.01543048087 3.629128499e-24)
(0.9931087994 0.01340360474 -3.629180398e-24)
(0.993652357 0.01161205748 -2.690813887e-26)
(0.9942119553 0.01003645928 -2.640219261e-24)
(0.9947735619 0.008663005513 2.622431028e-24)
(0.995321809 0.007479174299 -2.077587011e-24)
(0.9958417597 0.006469775953 2.109684625e-24)
(0.996321416 0.005615247676 1.643632888e-24)
(0.9967534281 0.00489282088 -1.991345787e-24)
(0.9971358165 0.004278965664 -1.205309815e-24)
(0.9974714522 0.00375223513 -1.849232018e-26)
(0.9977655131 0.003295501461 -1.432328625e-25)
(0.9980238174 0.00289635107 4.291174101e-25)
(0.9982517059 0.002546082531 7.918444689e-26)
(0.9984534955 0.002238417601 -4.93052879e-25)
(0.9986324917 0.001968368078 -2.703643098e-25)
(0.9987912719 0.001731555093 0)
(0.9989319878 0.001523955665 0)
(0.9990565598 0.001341893954 0)
(0.9991667564 0.001182098312 0)
(0.9992642032 0.001041726004 2.11664415e-25)
(0.9993503712 0.000918336271 -2.066200608e-26)
(0.9994265727 0.0008098332296 0)
(0.9994939688 0.0007144049896 1.407601344e-26)
(0.9995535854 0.0006304736644 4.879905241e-27)
(0.9996063297 0.0005566586143 -8.954859108e-26)
(0.9996530059 0.0004917496571 -1.084157394e-26)
(0.9996943274 0.0004346863332 6.421438655e-26)
(0.9997309268 0.0003845397743 -7.22588559e-27)
(0.9997633661 0.0003404973508 4.089229235e-27)
(0.9997921439 0.0003018489021 3.136657145e-27)
(0.9998176978 0.0002679680016 0)
(0.9998404293 0.0002383254284 0)
(0.9998606921 0.0002124383548 0)
(0.9998787925 0.0001898926269 -2.199034826e-26)
(0.9998950029 0.0001703343309 0)
(0.9999096097 0.0001534461379 0)
(0.9999227052 0.0001389995747 -1.078447338e-26)
(0.9999349957 0.000126564056 0)
(0.9999445742 0.0001170072716 0)
(0.9999590631 0.000104363416 0)
(1.26703389 -0.1079392964 1.624683151e-06)
(1.280833236 -0.07504636641 1.79494242e-21)
(1.289986467 -0.0405312594 5.826557898e-21)
(1.292948001 -0.005290733702 -1.068773553e-21)
(1.28836193 0.03098582832 -5.397479845e-23)
(1.275527736 0.06671589179 -1.044716956e-21)
(1.254865058 0.09913722043 1.58011288e-21)
(1.227889235 0.1257339983 7.043055557e-22)
(1.196875209 0.1451046851 -1.206707983e-21)
(1.164455279 0.1568304908 0)
(1.133001395 0.1615243152 -1.189552677e-22)
(1.104183566 0.1604011537 -7.207524365e-22)
(1.07904539 0.154782191 -2.146815577e-22)
(1.057890099 0.1461383381 5.829729539e-22)
(1.040565336 0.1357132103 -1.907225593e-22)
(1.026725841 0.124405946 1.182282274e-22)
(1.015915333 0.1129490484 -4.027353048e-23)
(1.007603149 0.1018312909 1.430188575e-23)
(1.001302898 0.09133781551 -7.5613037e-25)
(0.9966073948 0.08162216039 1.510376413e-23)
(0.9931681792 0.07272836983 -1.221912813e-23)
(0.9907015491 0.06464348946 -2.384309594e-23)
(0.9889884662 0.05732130438 2.210273284e-23)
(0.9878626902 0.05069840045 -1.921454663e-23)
(0.987198063 0.04471190722 1.921640348e-23)
(0.9868986651 0.03930899545 1.711475238e-23)
(0.9868905228 0.03444804449 -1.74600878e-23)
(0.9871139149 0.03009596772 -4.255340723e-25)
(0.9875182147 0.02622348624 -1.330765132e-23)
(0.9880606771 0.02279878366 2.631705961e-23)
(0.9887069827 0.01978313731 -1.186259637e-23)
(0.9894307149 0.01713144574 0)
(0.9902109531 0.01479774155 1.629410597e-25)
(0.9910289622 0.01274226257 -1.450516259e-25)
(0.9918652606 0.01093605405 2.691064628e-26)
(0.9926982079 0.009360838703 0)
(0.993504814 0.008004469158 -2.880371834e-24)
(0.9942634693 0.006854475614 3.169223466e-25)
(0.9949573046 0.005893005065 2.506719309e-24)
(0.9955766641 0.005095436558 -1.96384923e-24)
(0.9961193636 0.004432949967 1.965840386e-24)
(0.9965900218 0.003876646519 7.510468391e-25)
(0.9969976324 0.003401481422 0)
(0.9973519737 0.002989066914 6.818843143e-25)
(0.997661998 0.00262731197 0)
(0.9979349236 0.002308718676 -4.590234238e-25)
(0.9981761403 0.002028350553 4.054424482e-25)
(0.9983896306 0.001782273949 4.490807246e-25)
(0.9985785131 0.001566772565 3.537590214e-25)
(0.9987454543 0.001378186355 -8.03568912e-26)
(0.9988928764 0.001213049847 0)
(0.9990230134 0.001068259748 2.75218562e-26)
(0.9991378987 0.0009411482378 -2.18525644e-25)
(0.999239348 0.0008294596096 0)
(0.9993289601 0.0007312792167 1.877082623e-26)
(0.9994081369 0.000644960137 -3.526950303e-26)
(0.9994781097 0.0005690686606 -1.123840534e-25)
(0.9995399639 0.0005023487352 1.275806409e-25)
(0.9995946597 0.0004436983587 -2.382487124e-26)
(0.999643047 0.0003921522946 1.11214431e-26)
(0.9996858781 0.0003468661127 4.232485267e-27)
(0.9997238202 0.0003071007642 -4.232484515e-27)
(0.999757458 0.0002722093833 3.174919206e-27)
(0.9997873255 0.0002416349643 -5.900969159e-27)
(0.9998138868 0.0002148884743 2.726048628e-27)
(0.9998375421 0.0001915317935 3.626450578e-26)
(0.9998586687 0.0001711932185 0)
(0.9998775863 0.0001535520705 0)
(0.9998946281 0.0001383206958 0)
(0.9999099035 0.0001252925212 0)
(0.9999242372 0.0001140788729 1.034138928e-26)
(0.999935407 0.0001054615486 -5.787265761e-27)
(0.9999522994 9.406161615e-05 -2.557280399e-27)
(1.303096829 -0.1270742002 2.566472995e-06)
(1.316316784 -0.08821547947 9.815452733e-07)
(1.323454831 -0.04631964883 1.056321132e-07)
(1.323664058 -0.0009828624554 1.071835129e-21)
(1.317452299 0.04557153995 0)
(1.302220212 0.09035031548 3.364513344e-22)
(1.277113325 0.1301976665 -1.076968721e-22)
(1.24406258 0.1617752875 0)
(1.206221137 0.1829817533 0)
(1.166963408 0.1937699673 0)
(1.129593252 0.1953125107 1.042374491e-22)
(1.096161978 0.189823544 7.363409218e-22)
(1.067806101 0.1794108645 2.159579365e-22)
(1.044815524 0.1660999791 9.553168324e-23)
(1.026782274 0.151467361 -1.319811669e-23)
(1.013019868 0.1365942331 -4.87579002e-24)
(1.002787211 0.122211045 -2.068656005e-23)
(0.9953538313 0.1087412466 -4.393483391e-24)
(0.9900798352 0.09639858374 1.946085066e-23)
(0.9864435508 0.08524844102 0)
(0.984031335 0.07525587344 2.878369685e-23)
(0.9825228772 0.06633438497 -2.149639268e-23)
(0.9816775945 0.05837465847 2.475672742e-23)
(0.9813192062 0.05126395796 -2.386931358e-23)
(0.981319652 0.04490117963 0)
(0.9815865258 0.03920504069 1.300945799e-24)
(0.9820547267 0.03411456873 -2.065870649e-23)
(0.9826806925 0.02958339096 2.201145196e-23)
(0.9834378799 0.02557138913 1.80836324e-23)
(0.9843123124 0.02203712255 -1.74469898e-24)
(0.9852965104 0.01893431755 -1.553435153e-23)
(0.9863814798 0.01621395171 4.281480078e-25)
(0.9875490489 0.01383040967 -5.42273629e-25)
(0.9887679865 0.01174761142 -4.592403362e-24)
(0.9899958729 0.009941190406 9.079758162e-24)
(0.9911859543 0.008395395447 -4.324893543e-24)
(0.9922960649 0.007096404636 -6.479089271e-26)
(0.9932961506 0.006025524884 0)
(0.9941719127 0.005155585314 0)
(0.9949239901 0.004452108028 -2.818052752e-25)
(0.9955635827 0.003877881632 2.820799414e-25)
(0.9961080863 0.003398988964 0)
(0.996575556 0.002988793209 1.937576882e-25)
(0.9969812385 0.002629846212 -8.756546911e-25)
(0.9973367144 0.002312257584 -1.507505515e-25)
(0.9976501347 0.00203092353 2.836989184e-25)
(0.9979271605 0.00178281112 -1.329483989e-25)
(0.9981719878 0.001565200949 0)
(0.9983880987 0.001375029723 -3.645019083e-25)
(0.9985786487 0.00120897268 0)
(0.9987465779 0.001063787948 0)
(0.9988945889 0.0009365934735 3.115673159e-26)
(0.9990251036 0.0008249657212 -5.858853523e-26)
(0.999140249 0.0007268993935 3.291490376e-27)
(0.9992418771 0.0006407131188 2.414030355e-26)
(0.9993316024 0.0005649632794 0)
(0.9994108404 0.0004983889535 -1.465329027e-25)
(0.9994808376 0.0004398812435 7.180536183e-27)
(0.9995426959 0.0003884655544 -1.346626442e-26)
(0.9995973897 0.0003432912846 7.947427788e-28)
(0.9996457793 0.0003036088773 5.49098377e-27)
(0.999688624 0.0002687719769 7.473341541e-26)
(0.9997266036 0.0002382150697 0)
(0.9997603128 0.0002114471946 -3.080705896e-27)
(0.9997902715 0.0001880233114 1.769369389e-27)
(0.9998169506 0.0001675729379 -3.495321736e-26)
(0.9998407729 0.0001497693355 9.127271313e-28)
(0.9998620995 0.0001343287129 -1.649477827e-27)
(0.9998813077 0.0001209984035 2.263538561e-26)
(0.9998985223 0.0001095972451 1.653987459e-26)
(0.9999146732 9.978471199e-05 -1.02745441e-26)
(0.9999272583 9.224441378e-05 5.703127948e-27)
(0.9999462879 8.22701086e-05 2.574591793e-27)
(1.322615455 -0.1041355735 0.02794157407)
(1.273707689 -0.05413850659 1.583749839e-07)
(1.26627167 -0.005676161496 2.04422068e-07)
(1.257015274 0.0485559123 0)
(1.243373411 0.1035418721 -2.437966295e-21)
(1.222845002 0.1543354892 2.206707312e-21)
(1.194355761 0.1951779469 -8.130371306e-21)
(1.161001178 0.2217253501 3.383159185e-21)
(1.125809333 0.2335860801 -1.973917116e-21)
(1.092092705 0.2326763997 1.670432261e-22)
(1.062130869 0.2224430098 5.97572897e-22)
(1.037056848 0.2063695029 -2.497604677e-22)
(1.017168831 0.1874116408 -5.693291171e-23)
(1.002087304 0.1676855727 5.035722677e-23)
(0.9911140419 0.1485427849 -6.732678278e-24)
(0.9834685831 0.1307465602 4.061094699e-24)
(0.9784006996 0.1146451923 4.432338332e-23)
(0.9752575437 0.100328493 -3.787306471e-23)
(0.9735098459 0.0877288496 -6.24369138e-24)
(0.972748063 0.07669178129 0)
(0.9726640225 0.06702786826 -4.311879093e-24)
(0.9730311745 0.05854568304 -4.167287356e-23)
(0.9736869873 0.05107056801 6.117381445e-23)
(0.9745185919 0.04445485092 -3.576989277e-23)
(0.9754537591 0.03858100586 0)
(0.9764566776 0.03335834703 0)
(0.9775246122 0.02871562273 2.352032421e-25)
(0.9786807121 0.02459361306 1.866355437e-23)
(0.9799603019 0.02094092976 -1.987704266e-23)
(0.9813919063 0.01771379516 0)
(0.982978586 0.01487800273 5.638102518e-26)
(0.9846872146 0.01240988818 -6.142063127e-24)
(0.9864509681 0.0102938596 1.109347997e-23)
(0.9881844118 0.00851642835 -1.116899978e-24)
(0.9898047801 0.007059040717 -4.604553414e-24)
(0.9912508169 0.005892810329 -1.221974607e-26)
(0.9924927191 0.00497733214 -3.121517957e-24)
(0.9935314111 0.004263972714 2.875947677e-25)
(0.994389692 0.003702318074 2.848911472e-24)
(0.9951008483 0.003246963242 -1.224594933e-24)
(0.9956990169 0.00286275844 -1.078095485e-24)
(0.9962120205 0.002526659248 0)
(0.9966594264 0.002226443151 8.360075178e-25)
(0.9970537419 0.001957120129 0)
(0.9974026579 0.001717126933 0)
(0.9977112759 0.001505487483 0)
(0.9979836502 0.001320446576 -5.032681275e-25)
(0.9982235411 0.001159328828 4.935000474e-25)
(0.9984346023 0.001019018003 -5.019771172e-26)
(0.9986202995 0.0008965030141 -3.438523705e-25)
(0.9987837843 0.0007891999734 0)
(0.9989278279 0.0006950178368 -2.664979166e-25)
(0.9990548261 0.0006122717533 -2.610485167e-25)
(0.9991668466 0.0005395605802 -1.913535579e-25)
(0.9992656875 0.000475674603 2.031922458e-25)
(0.999352925 0.0004195497883 1.362762409e-25)
(0.9994299472 0.0003702445292 1.396330788e-25)
(0.9994979828 0.0003269238835 -1.154132806e-25)
(0.9995581106 0.0002888686753 1.000525922e-25)
(0.9996112873 0.0002554521975 0)
(0.9996583634 0.0002261230954 -7.473352009e-26)
(0.9997000783 0.0002004021541 7.028954986e-26)
(0.9997370863 0.0001778649011 0)
(0.9997699716 0.0001581492288 -5.322946008e-26)
(0.9997992529 0.0001409396387 1.441122005e-27)
(0.9998253936 0.0001259588965 -1.003050425e-27)
(0.9998487914 0.0001129674887 -2.895171181e-26)
(0.999869862 0.0001017525663 -4.567733064e-26)
(0.9998887437 9.216135721e-05 -1.631035114e-26)
(0.9999064567 8.390706017e-05 1.235047551e-26)
(0.999920258 7.756437534e-05 6.927467026e-27)
(0.9999411241 6.917492141e-05 0)
(1.093766361 -0.08213704923 0.05353345291)
(0.9682130117 -0.04112733456 0.03278384099)
(0.8532525528 0.0160918495 2.945925139e-07)
(0.8803922919 0.06704818455 3.247399182e-21)
(0.9073711444 0.121422406 2.801006037e-21)
(0.9301876439 0.1741177407 -6.032388847e-21)
(0.9429657121 0.2174058753 4.308205671e-21)
(0.9479925058 0.2460029313 1.500715998e-21)
(0.9480173678 0.2584747918 -9.756988415e-22)
(0.94562202 0.2564854255 1.762211405e-22)
(0.9425721379 0.2436135838 -8.098757128e-23)
(0.940047934 0.2239784619 -7.70793427e-23)
(0.9386583408 0.2011748177 6.631563178e-24)
(0.9385509015 0.1778124145 2.139077031e-23)
(0.939601841 0.1555341305 -3.847234449e-23)
(0.9415656541 0.1352115983 0)
(0.9441671186 0.1171833683 -1.750457365e-23)
(0.9471531665 0.101461363 0)
(0.9503174378 0.08787796009 -5.045972788e-23)
(0.9535043679 0.07618271358 6.447723569e-23)
(0.9566020853 0.06610374065 -4.93522967e-23)
(0.9595339616 0.05738307172 5.4665792e-23)
(0.9622533584 0.04979310367 4.561689388e-23)
(0.9647425329 0.04314116144 -1.968936021e-24)
(0.9670150505 0.03726738705 -3.425981108e-23)
(0.9691181764 0.03204025505 -2.896643564e-23)
(0.9711292576 0.02735386325 5.300068214e-23)
(0.9731413804 0.02312944259 -2.562172723e-23)
(0.9752389333 0.01931956728 -9.94424986e-24)
(0.9774702818 0.01590986639 1.115948191e-23)
(0.9798285926 0.01291289425 -4.846652992e-25)
(0.9822500179 0.0103529119 4.266936807e-25)
(0.9846312614 0.008246066825 7.83586409e-25)
(0.9868597761 0.006583819731 -4.862114778e-24)
(0.9888444976 0.005326154246 5.192071792e-24)
(0.9905358788 0.004406241948 1.276439094e-25)
(0.9919299833 0.003743180417 -3.750393746e-24)
(0.9930586421 0.003256971023 3.616106967e-24)
(0.9939721859 0.002880564817 0)
(0.9947237764 0.002566213538 1.374247086e-24)
(0.9953584193 0.002285660079 -3.563756494e-25)
(0.9959076082 0.002026536881 -7.669529541e-25)
(0.9963907527 0.001786511756 -1.946654395e-24)
(0.9968188292 0.00156760867 -6.837256923e-25)
(0.9971982007 0.001372144837 7.909933368e-26)
(0.9975334052 0.001200727188 5.29881657e-25)
(0.9978286164 0.001051978568 1.039465901e-24)
(0.9980880776 0.0009232380262 -9.154243435e-25)
(0.9983160014 0.0008114776162 4.15690473e-25)
(0.9985163337 0.0007139591438 -4.306149755e-26)
(0.9986925889 0.0006284967447 2.094100693e-26)
(0.9988478055 0.0005534242931 -1.701341618e-26)
(0.9989845873 0.0004874413752 2.344952716e-25)
(0.9991051765 0.0004294662844 1.936892929e-25)
(0.9992115265 0.0003785437364 -1.687168766e-25)
(0.9993053512 0.0003338254237 9.672072391e-27)
(0.9993881509 0.0002945521562 -1.49305293e-25)
(0.9994612604 0.0002600632827 1.22322565e-25)
(0.9995258632 0.0002297704383 -1.069617919e-25)
(0.9995829853 0.0002031750623 0)
(0.9996335317 0.0001798341608 -2.450567722e-27)
(0.9996783085 0.0001593632027 -6.995616922e-26)
(0.9997180276 0.0001414301297 2.117277425e-27)
(0.9997533179 0.0001257457031 1.068313699e-25)
(0.9997847354 0.0001120561773 -4.72566962e-26)
(0.9998127787 0.0001001403708 -3.826174468e-26)
(0.9998378763 8.980776651e-05 6.135802581e-26)
(0.9998604753 8.08887767e-05 -7.230005614e-28)
(0.9998807247 7.326151412e-05 -3.377066117e-28)
(0.999899719 6.669771118e-05 -1.250653164e-26)
(0.9999145182 6.165413504e-05 -1.444322877e-26)
(0.9999368905 5.498350717e-05 0)
(0.3646853519 -0.05081841029 0.0588157988)
(0.3689607566 -0.08100518427 0.03529666097)
(0.3643739012 -0.07111657366 -2.676238921e-07)
(0.3968393325 -0.009861184452 2.475535486e-06)
(0.4363018082 0.05975674298 8.220150193e-23)
(0.4850049084 0.1280184744 2.144911926e-22)
(0.5334317661 0.1823015778 2.683770718e-21)
(0.5811270875 0.2191975668 5.355532396e-22)
(0.6271527187 0.2375349735 -5.174458608e-22)
(0.6705459427 0.239534119 2.722843176e-22)
(0.7105777147 0.2293168097 0)
(0.7468493058 0.2115044731 1.871578391e-24)
(0.7791690892 0.190033095 5.084553494e-23)
(0.8075829519 0.16772398 -9.512568601e-23)
(0.8323357887 0.1463425655 5.687997226e-23)
(0.8537806338 0.1268299514 0)
(0.872306435 0.1095596912 -4.01690924e-23)
(0.8882944217 0.09455648206 -1.848735142e-23)
(0.9020943945 0.0816557207 7.723707925e-23)
(0.9140134888 0.07060776203 -7.771821592e-24)
(0.9243138923 0.06114061967 -5.957676256e-23)
(0.9332179767 0.05299324572 5.957040309e-23)
(0.9409186269 0.04592880813 4.082268653e-23)
(0.9475915425 0.03973682829 -5.338436164e-23)
(0.9534056896 0.03423243764 -4.452601178e-23)
(0.9585276773 0.02925935011 6.774129419e-24)
(0.963116893 0.02469931257 3.252785413e-23)
(0.9673118575 0.02048522982 0)
(0.9712130086 0.01660974177 0)
(0.9748701454 0.01311976819 -1.215358775e-24)
(0.9782818416 0.01009297868 1.136892556e-24)
(0.9814092035 0.007601907031 0)
(0.9841998218 0.005679356682 -4.081485003e-25)
(0.986613133 0.004299280887 3.780117436e-25)
(0.9886381054 0.00337986478 3.306945931e-25)
(0.9902981212 0.002804952076 -4.259779866e-24)
(0.9916437118 0.00245269988 6.437670595e-25)
(0.9927383214 0.002219897972 2.436499585e-24)
(0.9936436505 0.002034627242 7.709146139e-25)
(0.9944107884 0.001858021196 -6.773385395e-25)
(0.9950758866 0.001676566916 1.191332365e-24)
(0.9956611252 0.001492291858 1.292955904e-24)
(0.9961792209 0.001313437395 1.108187725e-24)
(0.9966377547 0.001148100925 5.701049223e-25)
(0.9970423117 0.001001171942 8.065627838e-25)
(0.9973980999 0.0008738642907 -6.923954134e-25)
(0.997710403 0.0007647177719 -5.361409561e-25)
(0.9979844328 0.0006710193668 4.151245809e-25)
(0.9982250408 0.0005899523015 -3.587022614e-25)
(0.9984365281 0.0005192058014 3.659413554e-25)
(0.9986226027 0.0004571055095 0)
(0.9987864369 0.0004024722633 2.493172602e-25)
(0.9989307598 0.0003544177655 2.944305754e-25)
(0.9990579363 0.0003121942293 2.641858707e-26)
(0.9991700448 0.0002751297277 -2.641863281e-26)
(0.999268914 0.0002425963295 0)
(0.9993561513 0.000214033528 -8.926317084e-27)
(0.9994331636 0.0001889580427 8.92633337e-27)
(0.9995011879 0.0001669379519 0)
(0.9995613216 0.0001476012804 0)
(0.9996145264 0.0001306317092 0)
(0.9996616522 0.0001157526422 -4.457104738e-27)
(0.9997034491 0.0001027211271 6.303017259e-28)
(0.9997405798 9.132462045e-05 -1.086186086e-25)
(0.9997736315 8.137816555e-05 4.797464328e-26)
(0.9998031307 7.272114432e-05 7.812466922e-26)
(0.9998295289 6.521494287e-05 1.368509563e-27)
(0.9998532971 5.873603395e-05 2.49181757e-26)
(0.9998745928 5.319566189e-05 3.554824722e-28)
(0.9998945672 4.842797135e-05 0)
(0.9999101294 4.476453413e-05 7.463711218e-27)
(0.9999336533 3.991975329e-05 -2.1503615e-29)
(0.01999026424 -0.1348435885 0.06065073446)
(0.07079894268 -0.1486697872 0.06435307252)
(0.02954056102 -0.0880942464 0.03986146975)
(-0.0433514789 -0.01996304057 -4.276095328e-06)
(-0.04511282181 0.0292005753 -1.320481047e-21)
(0.003260470778 0.07950390991 -5.227995165e-22)
(0.06421754283 0.1223021394 1.531830395e-22)
(0.1426223155 0.153186244 7.167629041e-22)
(0.2279560533 0.1698936727 -3.202697584e-22)
(0.3149422534 0.1737241483 1.200731917e-22)
(0.3994384681 0.1679474237 -1.598492841e-22)
(0.4783593069 0.1560505503 3.135508848e-23)
(0.5497759145 0.1410587859 -1.065830777e-23)
(0.6129552331 0.1251679484 0)
(0.6680346978 0.1097547909 2.195169982e-23)
(0.7156379725 0.09556363092 0)
(0.7565998432 0.08291019157 -2.318325384e-23)
(0.7917986208 0.0718466043 9.30223816e-24)
(0.8220634587 0.06227874502 -1.170209234e-23)
(0.8481303559 0.05404239439 0)
(0.8706290094 0.04694830458 5.875040416e-23)
(0.8900871373 0.04080549674 -6.811056732e-23)
(0.9069422846 0.03543117492 6.672947119e-24)
(0.9215544706 0.03065515776 5.88457478e-24)
(0.9342164064 0.02632534257 5.167737008e-24)
(0.9451609344 0.02231869543 1.564846433e-25)
(0.9545678771 0.01855666854 2.097415826e-24)
(0.9625739095 0.01501892167 -2.479981316e-23)
(0.9692877994 0.01174638596 2.661331335e-23)
(0.9748099889 0.008826383766 -2.14183222e-23)
(0.9792516906 0.006360148414 1.891903237e-23)
(0.982746888 0.004422889839 5.134765075e-25)
(0.9854525999 0.003032208346 0)
(0.9875376435 0.002137812759 -3.774487493e-25)
(0.9891649447 0.001635390737 -6.708836183e-25)
(0.990474505 0.001396357696 8.557610164e-24)
(0.991572689 0.001299629911 -1.094946127e-24)
(0.9925297867 0.00125372924 -6.875506346e-24)
(0.9933855289 0.001204455667 -1.607476868e-24)
(0.9941587271 0.001130536406 0)
(0.9948559682 0.001032377264 1.154321968e-24)
(0.9954792522 0.000920659771 -1.154362782e-24)
(0.996030834 0.0008076722055 -6.56431794e-26)
(0.9965150648 0.0007025956866 -8.925313959e-25)
(0.9969382934 0.0006101313994 -3.138568002e-26)
(0.9973078697 0.0005311893848 -6.908733994e-25)
(0.9976310719 0.0004643906878 -5.741133624e-25)
(0.9979143972 0.0004075102129 5.053064055e-25)
(0.998163303 0.0003584344929 4.447612014e-25)
(0.9983822759 0.0003155723161 3.914575515e-25)
(0.9985750419 0.0002778688648 0)
(0.9987447759 0.0002446403627 0)
(0.9988942504 0.0002153896403 -3.842674326e-25)
(0.9990259211 0.0001896886722 1.242331867e-25)
(0.9991419509 0.0001671402035 -2.059928041e-25)
(0.9992442434 0.0001473591905 -1.808635967e-25)
(0.9993344796 0.0001300008915 -1.586339699e-25)
(0.9994141271 0.0001147576086 1.389445242e-25)
(0.999484473 0.000101373655 -1.77881022e-25)
(0.9995466517 8.962362852e-05 1.055277992e-25)
(0.9996016603 7.931401774e-05 8.567108396e-26)
(0.9996503781 7.027551988e-05 3.717635271e-26)
(0.9996935817 6.235981834e-05 0)
(0.9997319587 5.543782252e-05 5.738335694e-26)
(0.9997661173 4.939725431e-05 0)
(0.9997966023 4.414029277e-05 -8.359740956e-27)
(0.9998238811 3.958243921e-05 1.020621642e-26)
(0.9998484408 3.564851708e-05 0)
(0.9998704445 3.228452974e-05 0)
(0.999891082 2.938981415e-05 0)
(0.9999071607 2.716543773e-05 0)
(0.9999314633 2.422426594e-05 0)
(-0.07241839726 -0.1277688413 0.05877933621)
(-0.1733401102 -0.1169669639 0.0624479286)
(-0.3080061869 -0.06390820945 0.03782508132)
(-0.4011379092 -0.01135946019 5.310138158e-07)
(-0.4022504998 0.009543655872 -2.075791488e-21)
(-0.365430259 0.02813981635 -1.866857667e-22)
(-0.2991610821 0.04624022214 -7.167824115e-26)
(-0.2069794437 0.05815207118 1.129571109e-22)
(-0.09936021814 0.06475117771 -7.381326587e-23)
(0.01580673595 0.06640288952 1.788581036e-22)
(0.1308804408 0.06451884221 -1.657680698e-22)
(0.2406047492 0.06023604311 -6.074468631e-24)
(0.3417412589 0.05473079947 -1.936954732e-22)
(0.4326557025 0.04885174233 1.93321702e-22)
(0.5130331179 0.04311138584 -2.408232489e-22)
(0.5833806697 0.03778409523 4.769632885e-22)
(0.644611408 0.03299080402 -4.593100854e-22)
(0.6977782637 0.02875862883 3.054680592e-23)
(0.743924123 0.02506037871 2.165369984e-22)
(0.7840038722 0.02184100254 0)
(0.8188507713 0.01903372974 -1.367901988e-22)
(0.8491676419 0.01656866794 1.460429169e-22)
(0.875529481 0.01437733628 1.122879744e-22)
(0.8983901997 0.01239591953 -1.611359726e-22)
(0.9180928363 0.01056950943 6.420483956e-24)
(0.934886036 0.008857633506 4.004202663e-23)
(0.9489502026 0.007240632341 -3.388780571e-23)
(0.9604353739 0.005724034735 5.746275513e-23)
(0.9695062456 0.00433729918 -2.747074616e-23)
(0.9763826342 0.003124795377 -3.973126732e-23)
(0.9813610078 0.002130315755 2.327431567e-23)
(0.9848070559 0.001380264211 1.72965601e-23)
(0.9871201731 0.0008723127775 1.347127574e-23)
(0.988682721 0.000574245596 -2.522310315e-23)
(0.9898129367 0.0004329396505 1.209068464e-23)
(0.9907371173 0.0003888635488 9.28073914e-24)
(0.9915867337 0.0003898471768 -1.685556009e-23)
(0.9924156595 0.0003992845308 1.133160213e-23)
(0.9932283937 0.0003979665912 -4.886952165e-24)
(0.9940068128 0.0003805212286 5.694673559e-24)
(0.9947289238 0.0003498474359 -3.234438748e-25)
(0.9953795363 0.0003120583053 -2.339976649e-24)
(0.9959532641 0.0002730139694 2.762522291e-24)
(0.9964529435 0.000236703877 -3.400081975e-24)
(0.9968862893 0.0002050128087 2.991229391e-24)
(0.9972626938 0.0001782266656 -1.400186798e-24)
(0.9975910657 0.0001557473166 -5.12495959e-25)
(0.9978788356 0.0001366960317 5.811718063e-25)
(0.9981318288 0.000120279683 -1.283437099e-24)
(0.9983545853 0.0001059292466 4.502350521e-25)
(0.9985507813 9.328602677e-05 -3.254492353e-25)
(0.9987235539 8.213010165e-05 3.916254907e-26)
(0.9988756796 7.230567799e-05 2.863732209e-25)
(0.9990096464 6.367579782e-05 2.214345664e-25)
(0.9991276699 5.610289829e-05 -2.105286655e-25)
(0.9992317054 4.946129748e-05 3.749333474e-25)
(0.9993234693 4.363408912e-05 1.58282949e-25)
(0.99940446 3.851808901e-05 -7.650679022e-27)
(0.9994759888 3.402663553e-05 -1.24185369e-25)
(0.9995392084 3.008406128e-05 1.476142986e-26)
(0.9995951339 2.662484737e-05 7.703785515e-27)
(0.9996446604 2.35920613e-05 -4.231566819e-26)
(0.9996885787 2.093613723e-05 -6.949867958e-26)
(0.9997275887 1.861387767e-05 4.77473907e-27)
(0.9997623092 1.658751323e-05 4.338385294e-27)
(0.9997932944 1.482406216e-05 -3.757369474e-26)
(0.9998210199 1.329507732e-05 -2.264459447e-26)
(0.9998459809 1.197530279e-05 7.685125397e-27)
(0.9998683437 1.084662855e-05 -4.361052701e-27)
(0.9998893169 9.875358603e-06 4.361922114e-27)
(0.9999056577 9.128970943e-06 -3.60114263e-28)
(0.999930353 8.142318966e-06 3.616055609e-28)
(0.002202347913 -0.119635572 0.06061687125)
(-0.04797591011 -0.1343537436 0.05941541543)
(0.002200305508 -0.1196027598 -0.06062187557)
(-0.04798199354 -0.1343431036 -0.05941764323)
(-0.05049256984 -0.1166624682 0.05847981226)
(-0.04836967421 -0.02093481983 0.05639732352)
(-0.05048246879 -0.1166785669 -0.05848066934)
(-0.04836806894 -0.0209337838 -0.05639716209)
(0.3570785345 -0.04257802897 0.05875396442)
(0.04125629168 -0.0990088032 0.06043217364)
(0.3569866252 -0.0426147788 -0.05875380786)
(0.04117062311 -0.09903374519 -0.06043523112)
(-0.0354118881 -0.07967409838 6.411772192e-05)
(-0.03530938578 -0.07963960063 0.06153094453)
(-0.01770269408 -0.05050944842 0.05106300497)
(-0.01815938789 -0.05050113338 -0.0001296818648)
(-0.1476547277 -0.1228914677 0.06121630868)
(-0.09012613308 -0.02233335612 0.05698503738)
(-0.2146445997 -0.01985304444 0.05955199074)
(-0.07242488262 -0.1277888867 -0.05877883554)
(-0.1476712703 -0.1229192371 -0.06121971987)
(-0.0901190078 -0.02232784732 -0.05698503611)
(-0.2146488056 -0.01985464092 -0.05955263793)
(-0.03236211328 -0.07273572553 1.407959389e-07)
(-0.02828770964 -0.06583618355 0.05975256825)
(-0.02848305258 -0.06580458452 6.33927016e-05)
(-0.03254997031 -0.07284064588 0.06064481578)
(-0.03542434408 -0.07968893134 -5.87203574e-05)
(-0.03534706032 -0.07969405809 -0.06153657484)
(-0.03237307693 -0.07274505481 3.857100478e-06)
(-0.02829267105 -0.06585182819 -0.05975678003)
(-0.02848573411 -0.06581093312 -6.128594403e-05)
(-0.03257914894 -0.07286874276 -0.06064889962)
(-0.02367378318 -0.06566779797 4.560096573e-05)
(-0.05051109296 -0.1166019947 8.721653632e-06)
(-0.0292005318 -0.08659640785 0.05841555145)
(-0.05251349853 -0.09149446375 0.05776808052)
(-0.02901759108 -0.08647853588 -5.929506046e-06)
(-0.0526743198 -0.09145401831 1.918518713e-05)
(-0.02340204332 -0.06578593985 0.05768261934)
(-0.01503199896 -0.04390911956 -1.253124285e-05)
(-0.04846074492 -0.02090798663 9.197703106e-06)
(-0.05013347122 -0.05961341361 0.05684731199)
(-0.01126645955 -0.01548971633 0.05488970355)
(-0.0502261898 -0.05960070436 3.748973143e-06)
(-0.01167690058 -0.01545295844 -1.839880987e-05)
(-0.01463824434 -0.04386909704 0.05582302104)
(-0.0177081061 -0.05051939313 -0.05106357334)
(-0.01816102649 -0.05050480182 0.0001316115445)
(-0.02367558821 -0.06567199577 -4.515773956e-05)
(-0.05050941899 -0.1166078994 -6.110691082e-06)
(-0.02920353089 -0.08661636524 -0.05841797791)
(-0.05251463 -0.0915166901 -0.0577692772)
(-0.02901916332 -0.08648552874 6.722546905e-06)
(-0.05267447132 -0.09146102387 -1.997999566e-05)
(-0.02340826964 -0.06579629332 -0.05768299465)
(-0.01503287368 -0.04391127976 1.261930311e-05)
(-0.04845989429 -0.02090774209 -9.950978742e-06)
(-0.05013687568 -0.059617286 -0.0568473942)
(-0.01126856844 -0.01549129196 -0.05488981913)
(-0.05022675142 -0.05960244311 -4.438785588e-06)
(-0.011677162 -0.01545353533 1.80649962e-05)
(-0.01464220138 -0.04387452085 -0.05582313741)
(1.114403177 -0.09174351651 0.05359823879)
(0.5485636462 -0.0423125862 0.05780170129)
(1.11443976 -0.09170786833 -0.05359748791)
(0.5485100891 -0.04241211609 -0.05779469456)
(0.9920343488 -0.05729568507 0.03242266665)
(0.5454501292 -0.04577778085 0.05816778853)
(0.5645840898 -0.0508048111 0.06321388635)
(1.093762647 -0.08214064022 -0.05353179948)
(0.9920246235 -0.0572831142 -0.03242243367)
(0.5455725523 -0.04579138924 -0.05814745782)
(0.564552092 -0.05084092203 -0.06321671922)
(0.3516676945 -0.02888414999 0.05960224363)
(0.3517591125 -0.02893087887 -3.086404311e-06)
(0.4027660607 -0.06983479288 0.05933245599)
(0.06434177535 -0.1136370405 0.06043686864)
(0.1296661174 -0.1357552138 0.0630172792)
(0.3646497435 -0.05074004517 -0.05881083189)
(0.4027810431 -0.0698677809 -0.05932984083)
(0.06434187566 -0.1136117518 -0.06044016901)
(0.1296802545 -0.1357886822 -0.06301764175)
(0.06355289089 -0.1507896675 0.06319001152)
(-0.05838714963 -0.1462616787 0.05963985691)
(-0.1028743587 -0.144595543 0.06219881646)
(0.02001512147 -0.1348014884 -0.06064765764)
(0.06353683602 -0.1507967405 -0.06319359348)
(-0.05836578502 -0.1462420047 -0.05964155816)
(-0.1028921075 -0.1446298192 -0.06219966205)
(0.04055188852 -0.1369745275 0.03841620907)
(-0.118988522 -0.1384883674 0.06360446795)
(-0.1508933814 -0.1042878429 0.07027610293)
(0.070803645 -0.1486780476 -0.06435676049)
(0.04057262096 -0.1369535477 -0.03841488934)
(-0.1190257978 -0.1385246435 -0.06360324854)
(-0.1508854546 -0.104276823 -0.07028033373)
(-0.07254283215 -0.1277314235 5.644467732e-06)
(-0.08272506928 -0.09984106862 0.05797882837)
(-0.08287869751 -0.09982517895 2.754352348e-06)
(-0.1157397517 -0.1003485499 -1.128897606e-05)
(-0.09679017323 -0.1296936369 0.05933896532)
(-0.09700046238 -0.1296904074 -1.170281842e-05)
(-0.1155323693 -0.1003704568 0.05851227221)
(-0.2412613803 -0.08718338362 0.065716437)
(-0.2516176417 -0.01840579719 0.06072929977)
(-0.3305407306 -0.01297281096 0.06505352466)
(-0.1733322398 -0.1169938913 -0.06245134206)
(-0.2412667411 -0.08717257908 -0.06571268006)
(-0.2516108907 -0.01841170515 -0.06072958536)
(-0.3305460594 -0.01298743127 -0.06505566666)
(-0.03121736815 -0.110324018 2.049853335e-05)
(0.002177685872 -0.119574862 -9.269076998e-06)
(-0.01398100683 -0.09881253169 0.0609147694)
(-0.02208665333 -0.1336516992 0.06037074345)
(-0.01409504724 -0.09878588043 1.268920882e-06)
(-0.02216585152 -0.1336034682 8.412035202e-06)
(-0.03108496813 -0.1103914697 0.06063857393)
(-0.03694065065 -0.1131169331 1.144846136e-05)
(-0.04812689768 -0.1342667253 1.892260396e-05)
(-0.03766660852 -0.1388036471 0.05994681927)
(-0.03858827261 -0.1088473796 0.05990347264)
(-0.03774897825 -0.1387222399 -4.552311066e-06)
(-0.03870787247 -0.1088081761 6.016592398e-05)
(-0.03691236925 -0.1132483505 0.06016323087)
(-0.03122835939 -0.1103263168 -1.737229914e-05)
(0.002174334515 -0.119565347 5.147540709e-06)
(-0.01407349961 -0.09883904792 -0.06092061304)
(-0.02210165436 -0.1336430138 -0.06037063035)
(-0.01412271021 -0.09879176415 -3.227652927e-07)
(-0.02217205739 -0.1336014165 -4.207968379e-06)
(-0.03111513454 -0.1103955973 -0.06064184089)
(-0.0369516663 -0.113119809 -9.004160589e-06)
(-0.04812900781 -0.1342647048 -1.834964075e-05)
(-0.03768838713 -0.1388130769 -0.05994935162)
(-0.03860043438 -0.1088596281 -0.05990422963)
(-0.03775605841 -0.1387249073 3.924100671e-06)
(-0.03871233572 -0.1088128505 -5.636516725e-05)
(-0.03694410935 -0.1132540071 -0.0601656297)
(0.1927285817 -0.04315744665 6.150089029e-07)
(0.3525213082 -0.03508398656 0.05891442476)
(0.2079088134 -0.0548105089 0.05948623069)
(0.3569813759 -0.04261767386 -1.888620069e-05)
(0.352527138 -0.03514740772 -4.981278991e-06)
(0.2078991036 -0.05480016225 -6.890225202e-07)
(0.1926929801 -0.04312972293 0.05986013799)
(0.04113368337 -0.09904819159 -9.325061829e-06)
(0.01961349497 -0.08141808444 0.06087738052)
(0.01956706459 -0.08142908054 2.181814407e-05)
(0.08393929358 -0.06073575178 4.819509133e-06)
(0.1053745396 -0.07544603336 0.05996122932)
(0.1053160276 -0.07549951912 1.366066485e-06)
(0.08389084758 -0.06076038523 0.06048150721)
(0.3517308588 -0.02886308543 -0.05960278256)
(0.3517804786 -0.02892495227 1.031775788e-05)
(0.1927240221 -0.04315746881 1.376947092e-06)
(0.3569504806 -0.0426267275 1.269833567e-05)
(0.3524935429 -0.03511710952 -0.05891637787)
(0.2078976015 -0.05477076543 -0.05948767085)
(0.352518916 -0.03515732717 8.83111261e-06)
(0.2078930882 -0.05478768486 1.294867264e-06)
(0.1926792263 -0.04313014431 -0.0598623301)
(0.04110898649 -0.09905247671 5.145657599e-06)
(0.01957262677 -0.08142510232 -0.06087507728)
(0.01955452739 -0.08142901783 -1.032063673e-05)
(0.08394311847 -0.06072686121 -1.257736099e-06)
(0.1053417279 -0.07546438629 -0.05996013376)
(0.1053039194 -0.07550400534 3.895517614e-06)
(0.08390738881 -0.06072708804 -0.06048504849)
(-0.1489086516 -0.09753243422 -3.036335444e-05)
(-0.1220674939 -0.1273127942 0.06016254339)
(-0.1808886025 -0.09314055993 0.0603822562)
(-0.1483229247 -0.122974741 -6.835468681e-05)
(-0.1224099116 -0.1273488672 -3.128383369e-05)
(-0.1816472305 -0.09315325407 -6.202937063e-05)
(-0.1485581837 -0.09755204257 0.05932646365)
(-0.09029687557 -0.02231719156 -3.746586415e-06)
(-0.08789333317 -0.06427707943 0.05729266405)
(-0.08804186102 -0.06426431704 -5.593999482e-06)
(-0.1276473663 -0.06392734292 -1.965699953e-05)
(-0.1332468498 -0.02200741576 0.05765406707)
(-0.1334822448 -0.021999188 -1.951656534e-05)
(-0.1274311299 -0.06393083516 0.05790383592)
(-0.1665918792 -0.06162910806 -3.786781438e-05)
(-0.2033725532 -0.05843566597 0.05977460531)
(-0.1750250183 -0.02106439385 0.05851750617)
(-0.2155769827 -0.01987278484 -8.528502221e-05)
(-0.2042388203 -0.05849604242 -7.858555862e-05)
(-0.1754497935 -0.02106562515 -4.009644507e-05)
(-0.1662003226 -0.06161929526 0.0587462522)
(-0.07254416724 -0.1277380723 -1.334767764e-06)
(-0.08271699086 -0.09986921208 -0.05798054167)
(-0.08287670508 -0.09983321183 -3.097718089e-06)
(-0.1157382417 -0.1003520781 1.256060463e-05)
(-0.09681620118 -0.1297224528 -0.05934119878)
(-0.097007317 -0.1296994605 1.236836803e-05)
(-0.1155279561 -0.100380962 -0.05851241485)
(-0.1489085561 -0.09753155507 3.108510087e-05)
(-0.1483281518 -0.1229830703 6.387003512e-05)
(-0.1220937396 -0.1273533428 -0.06016533885)
(-0.1808958701 -0.09312263371 -0.06038103336)
(-0.1224175039 -0.1273607257 2.955349137e-05)
(-0.1816501396 -0.09314882606 6.456303548e-05)
(-0.1485567685 -0.09754649129 -0.05932736158)
(-0.09029449168 -0.02231550212 3.594243343e-06)
(-0.08788899541 -0.06428050534 -0.05729315104)
(-0.08804044656 -0.06426562978 4.744276967e-06)
(-0.1276458938 -0.06392880042 1.93127211e-05)
(-0.1332434643 -0.02200014144 -0.05765438045)
(-0.1334810961 -0.02199659479 1.982206343e-05)
(-0.1274251731 -0.06393532544 -0.05790448787)
(-0.1665913908 -0.06163046161 3.810330828e-05)
(-0.2155782897 -0.01987259397 8.461165817e-05)
(-0.2033681899 -0.05844721436 -0.05977569982)
(-0.1750312501 -0.02105895376 -0.05851800778)
(-0.2042379482 -0.05849921079 7.856133802e-05)
(-0.1754514999 -0.02106334333 4.066113552e-05)
(-0.1661981365 -0.06162263541 -0.05874659228)
(1.326630045 -0.1248265144 0.02778651214)
(1.269470908 -0.1172915053 0.02989529593)
(1.326616483 -0.1248093599 -0.02778923946)
(1.26946241 -0.1172632799 -0.0298968427)
(1.327937331 -0.08067722108 0.02834249612)
(1.255430025 -0.1007557017 0.03024670187)
(1.233276878 -0.07959309873 0.03172166128)
(1.322634448 -0.1041210057 -0.02794152151)
(1.327929009 -0.08066415548 -0.02834461288)
(1.255444858 -0.10074359 -0.03024461509)
(1.233275733 -0.07957222952 -0.03172231772)
(1.004801671 -0.08581894247 -1.116201695e-05)
(1.004905097 -0.08581450522 0.05547341253)
(0.9296793566 -0.05521615918 3.286091408e-05)
(1.083875577 -0.06968909778 0.05275846404)
(0.9467219453 -0.06422132768 0.05604815029)
(1.093511572 -0.07970952786 -0.0001352740966)
(1.081894861 -0.0668348873 -0.0002135921469)
(0.9468340911 -0.0639426951 -0.0001464030101)
(0.9312785791 -0.05564953294 0.05904467653)
(0.977738031 -0.01169822208 0.03247681626)
(0.6663463092 -0.03938503853 0.03563164156)
(0.6738314549 -0.02581058914 0.03872542059)
(0.9682110246 -0.04111262252 -0.03278152345)
(0.9777131102 -0.0116984705 -0.03247987366)
(0.6663240964 -0.0394042861 -0.0356287416)
(0.6737911481 -0.02582713772 -0.03872486056)
(0.2265069717 -0.06581027692 0.05943889513)
(0.3645070144 -0.05078188189 -3.765653157e-05)
(0.2263975146 -0.0657857433 -1.82157412e-06)
(0.2476028077 -0.07459411159 -2.379996356e-05)
(0.3751623468 -0.05805198944 0.05900415582)
(0.3747769478 -0.05805944452 -6.765015308e-05)
(0.247870632 -0.07467570277 0.05993537674)
(0.413365723 -0.07398642388 0.03607526148)
(0.1500316951 -0.1357190377 0.06472976948)
(0.2334680547 -0.1058765228 0.04003311635)
(0.3689410345 -0.0810092835 -0.03529839026)
(0.4133477041 -0.07399242837 -0.03607924782)
(0.1500299976 -0.1357619876 -0.06473016801)
(0.2334372122 -0.1058537843 -0.04003777764)
(0.01995451939 -0.1347780255 1.079633294e-06)
(-0.01225975613 -0.1484509775 0.06062349711)
(-0.01234408186 -0.1484419628 3.767894566e-07)
(-0.004134722454 -0.1564514348 -3.919571495e-06)
(0.03704137783 -0.1446663856 0.06114777135)
(0.03687540116 -0.1446438189 -5.660871377e-06)
(-0.004008740858 -0.1564783849 0.06132553486)
(0.009557925846 -0.1432125089 3.110485131e-05)
(0.07715169395 -0.1439572395 0.06541610787)
(0.01089946666 -0.1519433072 0.0653308129)
(0.0699940869 -0.1484636599 -0.0001892289279)
(0.07371334754 -0.1436860239 -0.0002302877591)
(0.01048871705 -0.1516465902 -8.788361297e-05)
(0.01272976015 -0.143393615 0.06818110787)
(0.03349565215 -0.03230482827 0.03974434072)
(-0.1265643355 -0.08278798981 0.0402799606)
(-0.1325577691 -0.05036622269 0.04238737265)
(0.02950375725 -0.08809512426 -0.03985664827)
(0.03347093017 -0.03229502282 -0.0397423796)
(-0.1265665495 -0.08280306022 -0.04028014504)
(-0.1325593246 -0.05035222661 -0.04238807558)
(-0.2121182263 -0.08748871329 0.06164070919)
(-0.1747576661 -0.1172406944 -0.0001462901537)
(-0.2138126201 -0.0876368103 -0.0001509269691)
(-0.2445624162 -0.0810170284 -0.0004088889198)
(-0.199221759 -0.1095687012 0.06374886745)
(-0.2018104671 -0.1103706317 -0.0003561220984)
(-0.2416141021 -0.08042320676 0.06294983859)
(-0.3398236083 -0.0409922581 0.03812811161)
(-0.3743887264 -0.01610135227 0.03747091686)
(-0.4105087562 -0.01136967311 0.03901090046)
(-0.3080129562 -0.06391129304 -0.03782511906)
(-0.3398258566 -0.04099123984 -0.03812800048)
(-0.3743947413 -0.01610261005 -0.03747085208)
(-0.4105104874 -0.01136912189 -0.03901074032)
(0.9790536166 -0.0769521943 -5.10417012e-05)
(1.135656591 -0.1012837742 0.05332944491)
(0.9588476465 -0.07049491165 0.05535029325)
(1.114272413 -0.08947525685 -6.770372374e-05)
(1.135484004 -0.09972672192 -7.208120193e-05)
(0.958586541 -0.07030853723 -8.174545483e-05)
(0.9792223979 -0.07706490812 0.05527563587)
(0.5663938263 -0.03813084243 0.0584801212)
(0.566449851 -0.03821411054 -1.264994335e-05)
(0.7970379083 -0.05895004286 -1.074539222e-05)
(0.797050865 -0.05883489602 0.05721243492)
(0.5545940439 -0.03989001057 0.05784328408)
(0.5485054983 -0.0423185504 -7.860484698e-06)
(0.5546468855 -0.03991756581 5.91181023e-07)
(0.7745544541 -0.05578985989 -2.507045403e-05)
(0.7586897046 -0.05398393602 0.0565251288)
(0.7585706702 -0.05384006041 -3.882324926e-05)
(0.7746050234 -0.05582054616 0.05660582429)
(1.004804966 -0.08582342577 1.29657897e-05)
(1.160977657 -0.1126798792 -0.05322661743)
(1.160866743 -0.1126324909 5.682996094e-05)
(1.00491361 -0.08583232823 -0.05547520826)
(0.9790643922 -0.07694327429 5.413368251e-05)
(1.114283431 -0.08946099821 7.382850465e-05)
(1.135650739 -0.1012664081 -0.05333047442)
(0.9588523545 -0.07043724356 -0.05535101165)
(1.135484684 -0.09971829189 6.869348974e-05)
(0.9585852298 -0.07029223955 8.769357117e-05)
(0.9792578143 -0.07704028128 -0.05527859625)
(0.5664726858 -0.0381211073 -0.05848480988)
(0.5664759654 -0.03821358905 1.564011816e-05)
(0.7970565648 -0.05895853297 1.121928008e-05)
(0.797095689 -0.05885828765 -0.05721793226)
(0.5484773608 -0.04234586458 1.497097085e-05)
(0.5546529432 -0.03990951738 -0.05784756704)
(0.5546623928 -0.03992500981 1.192060474e-05)
(0.7745812622 -0.05578688488 3.630837756e-05)
(0.7587286165 -0.05398548075 -0.05650995811)
(0.7585708524 -0.05384186102 5.852619545e-05)
(0.7747037524 -0.05580685719 -0.05661605308)
(0.5453934893 -0.04568326057 -3.21207145e-05)
(0.7359970841 -0.05451609471 -0.0001008792812)
(0.7466095799 -0.0532047447 0.05684233168)
(0.546756373 -0.04931757971 0.05870451865)
(0.7465085379 -0.05290573306 -9.451995863e-05)
(0.5464182619 -0.04924171055 -1.301651133e-05)
(0.7363148922 -0.05456942916 0.05714169678)
(0.7236513508 -0.04857102687 -0.0001396319389)
(0.7280464432 -0.0405690611 0.05734603387)
(0.5554657225 -0.05100468774 0.05975954159)
(0.5621451201 -0.05055082653 4.825579205e-05)
(0.725563896 -0.03760883248 -0.0002269087912)
(0.5553036156 -0.05089845924 -0.000122804628)
(0.7240646368 -0.05042983421 0.05754403472)
(0.9296763634 -0.05521951953 -2.972984515e-05)
(1.093514136 -0.0797142766 0.0001338806807)
(1.083872545 -0.06969862676 -0.05275869001)
(0.9467611283 -0.06425083845 -0.05603100784)
(1.081897461 -0.06684053138 0.0002157214459)
(0.9468569999 -0.06395920657 0.0001357161362)
(0.9312640745 -0.05565774326 -0.05904721401)
(0.5454518219 -0.04567959693 8.363907172e-06)
(0.7360389661 -0.0545144018 0.0001150166693)
(0.7468213703 -0.05325093228 -0.05680881001)
(0.5469277933 -0.04938861026 -0.05872341223)
(0.7466221596 -0.05292418325 6.467095127e-05)
(0.546490823 -0.04926035036 3.231639213e-05)
(0.7364060684 -0.05457126553 -0.05715666246)
(0.7236322058 -0.04856718975 0.0001510799659)
(0.5621313354 -0.05056782444 -4.586254715e-05)
(0.7279899331 -0.04057218183 -0.05735142059)
(0.5554785183 -0.05107424614 -0.05976922285)
(0.7255400033 -0.03761152395 0.0002333649198)
(0.5553038008 -0.05092349982 0.0001328596921)
(0.7240283978 -0.05042076866 -0.05755708455)
(0.2711540333 -0.08079106349 -6.513182645e-05)
(0.3863649152 -0.06399671216 0.05935163785)
(0.2931060812 -0.08392470261 0.06327637351)
(0.3999584857 -0.06969382836 -0.000207295834)
(0.3858568092 -0.0638522243 -0.0001472159033)
(0.2906148552 -0.08358937912 6.981154059e-05)
(0.2712427984 -0.08102638009 0.06100375644)
(0.06429232039 -0.1136082535 -2.466979448e-05)
(0.1293939913 -0.08865857739 0.05992082614)
(0.1292710709 -0.08873943647 -1.68273133e-05)
(0.1535087855 -0.1000465892 -3.022662421e-05)
(0.08720084007 -0.1248176205 0.06096210742)
(0.08713091625 -0.1247612802 -1.04616554e-05)
(0.1536920373 -0.1000579888 0.06047700773)
(0.1773163167 -0.1086739358 -5.339673915e-05)
(0.2000013498 -0.1143942344 0.06238625848)
(0.1089913108 -0.1320920346 0.06176106503)
(0.1290814295 -0.1357719319 -3.976352745e-05)
(0.1994619612 -0.1144748996 -7.918657948e-05)
(0.1087625404 -0.1320368137 -1.680864681e-05)
(0.1775645373 -0.108809844 0.06129766681)
(0.3644985896 -0.05075137703 2.029041753e-05)
(0.2264844678 -0.06573527347 -0.05943416719)
(0.2263899401 -0.06575971558 6.467065608e-06)
(0.24760133 -0.07458066467 2.272233616e-05)
(0.3752091705 -0.05806191532 -0.05902281027)
(0.3747934565 -0.0580657987 5.748262818e-05)
(0.2478594968 -0.07462254582 -0.05993427655)
(0.2711580207 -0.08078987821 6.661621049e-05)
(0.3999552817 -0.06970794223 0.0002124246624)
(0.3864421603 -0.06403979862 -0.05935855422)
(0.2931065225 -0.08393437751 -0.0632814193)
(0.3858734255 -0.06387005613 0.0001488914717)
(0.2906111267 -0.08359208604 -7.034021938e-05)
(0.2712583453 -0.08101596454 -0.06100524779)
(0.0642914703 -0.1136001072 1.627268439e-05)
(0.1293476036 -0.08869756348 -0.05992061436)
(0.1292564835 -0.0887477995 1.739675879e-05)
(0.1535107705 -0.100045026 2.565367881e-05)
(0.08724767895 -0.1247769886 -0.06096114378)
(0.08714407834 -0.1247488139 8.358264462e-06)
(0.1536972122 -0.1000535136 -0.06047780328)
(0.1773290693 -0.108670608 5.442369155e-05)
(0.1290846778 -0.1357807242 4.448994431e-05)
(0.2000317145 -0.1143798802 -0.06238672694)
(0.1090250646 -0.1320877501 -0.06176158829)
(0.1994695911 -0.1144701258 8.17323255e-05)
(0.1087725081 -0.132035242 2.021449265e-05)
(0.1776067632 -0.1087970018 -0.06129865437)
(0.002225990057 -0.1590788961 -1.079636748e-05)
(0.05197821353 -0.1496581731 0.0620001441)
(0.006984151534 -0.1576050878 0.06370599782)
(0.06290330553 -0.1507291264 -8.148908144e-05)
(0.05163483233 -0.1496383919 -3.050335227e-05)
(0.006553349117 -0.1574504254 -2.401264414e-05)
(0.002435136309 -0.1591486974 0.06234950952)
(-0.05848468928 -0.1461767464 7.918550942e-06)
(-0.03800701695 -0.1527384304 0.06021893355)
(-0.03806672043 -0.1526678002 -7.531611569e-06)
(-0.07171348926 -0.1497904276 0.06019912186)
(-0.07183968034 -0.1497603554 5.570189164e-06)
(-0.04062806139 -0.1586717718 -5.441701551e-06)
(-0.0405124223 -0.1587452721 0.06086350345)
(-0.08687990252 -0.1485290227 0.06104825998)
(-0.1033604174 -0.1446565033 -2.457944272e-05)
(-0.08712841355 -0.1485325382 -9.222594048e-07)
(-0.04520642873 -0.1594311438 -1.613153532e-05)
(-0.05093142628 -0.1567985592 0.06304062795)
(-0.05136644881 -0.1567486181 -3.811810119e-05)
(-0.0449699489 -0.1595063843 0.06181304407)
(0.0199601529 -0.1347656336 4.571152285e-06)
(-0.01226994635 -0.1484735893 -0.06062579699)
(-0.01234759345 -0.1484473296 1.485648768e-06)
(-0.004134917791 -0.1564521531 4.850889948e-06)
(0.03702787409 -0.1446468417 -0.06114796586)
(0.03687203569 -0.1446370976 9.317606587e-06)
(-0.004010231122 -0.1564837673 -0.06132713542)
(0.002226243645 -0.1590755483 1.19127166e-05)
(0.06289928561 -0.1507305445 7.678788483e-05)
(0.05194712472 -0.1496614475 -0.06200151432)
(0.006991876729 -0.157576805 -0.06370553173)
(0.05162665641 -0.1496385397 3.136292751e-05)
(0.006555665935 -0.15744266 2.615188516e-05)
(0.002437484288 -0.1591382781 -0.06235067267)
(-0.0584788218 -0.1461724162 -6.362567025e-06)
(-0.03799772086 -0.1527347102 -0.06022099471)
(-0.03806480975 -0.152666473 5.597269264e-06)
(-0.07168928004 -0.1497979237 -0.06020034868)
(-0.07183333335 -0.1497627574 -3.246573975e-07)
(-0.04062302171 -0.1586657994 5.986639978e-06)
(-0.04049504141 -0.1587240636 -0.06086404184)
(-0.1033665869 -0.144666304 3.194695159e-05)
(-0.08687858579 -0.1485529887 -0.06104839081)
(-0.08712838641 -0.148539961 9.85497493e-06)
(-0.04520624841 -0.1594225628 1.654114675e-05)
(-0.05093450645 -0.1567787542 -0.06304234527)
(-0.05136769526 -0.1567432663 3.813449644e-05)
(-0.04496829877 -0.1594749543 -0.0618149462)
(-0.1199733491 -0.1386919253 -7.107054808e-05)
(-0.06829995337 -0.1417251311 -0.000162393286)
(-0.0579960004 -0.1509787162 0.0644399493)
(-0.1342874311 -0.1300381996 0.06524418908)
(-0.05869294948 -0.1509390231 -9.294549588e-05)
(-0.1360440654 -0.1307760257 -0.0002012201986)
(-0.06704746195 -0.1413453418 0.0660392132)
(-0.07947727842 -0.1241665701 -0.0003183642941)
(-0.08182256306 -0.106553337 0.06937237932)
(-0.1463007235 -0.1183486074 0.06705899889)
(-0.1596913503 -0.1074448249 -0.00017450114)
(-0.08803208847 -0.1058200891 -0.0002495102777)
(-0.1484751173 -0.1199763804 -0.0004568273885)
(-0.07808269539 -0.1259432646 0.06770929965)
(0.009555604884 -0.1432073662 -3.065286895e-05)
(0.06999467471 -0.1484647599 0.0001862143675)
(0.07716312227 -0.1439712464 -0.06542005803)
(0.01089099462 -0.1519206046 -0.06533038732)
(0.07371668106 -0.1436860656 0.0002278576277)
(0.01048657182 -0.1516406874 9.194810832e-05)
(0.01271776837 -0.1433784633 -0.06818162186)
(-0.119985467 -0.1387023324 7.848702826e-05)
(-0.06830487034 -0.1417278974 0.0001623711083)
(-0.05800889794 -0.1509700866 -0.06444232925)
(-0.1343279918 -0.130051788 -0.06524389623)
(-0.05869738815 -0.1509374071 9.35606068e-05)
(-0.136056201 -0.1307801999 0.0002009695422)
(-0.06706336846 -0.1413512718 -0.06603912285)
(-0.07947506601 -0.1241735406 0.0003188726644)
(-0.1596895471 -0.1074437119 0.0001705701564)
(-0.08181766829 -0.106576499 -0.0693709113)
(-0.1463119886 -0.1183348255 -0.06706087411)
(-0.08803056842 -0.1058285784 0.0002508284126)
(-0.1484774877 -0.1199733464 0.000453480622)
(-0.07808098531 -0.1259625532 -0.06770981739)
(-0.273714177 -0.07367666471 -0.0008136895553)
(-0.2242102792 -0.09999553039 0.0647421303)
(-0.2857859142 -0.06460390674 0.06676887384)
(-0.2617480137 -0.09103382036 -0.0004067999865)
(-0.2290161915 -0.1018047166 -0.0007499363533)
(-0.3091417911 -0.0684729947 -0.0001964853523)
(-0.2681939261 -0.07210803547 0.06434969913)
(-0.2385321983 -0.05461971006 0.06095845627)
(-0.2537159374 -0.01846097944 -0.0001956939512)
(-0.2405086771 -0.05478745783 -0.0001802978895)
(-0.2749631902 -0.05036140947 -0.0004930752851)
(-0.2855446542 -0.01663757956 0.06196197187)
(-0.2893009039 -0.01677762064 -0.0005258026551)
(-0.2713876354 -0.04988761167 0.06217116988)
(-0.3074650916 -0.04511082026 -0.0009956428775)
(-0.3176069238 -0.03570343343 0.06512645137)
(-0.3144574594 -0.0146673399 0.06316874665)
(-0.3612248786 -0.01409324508 -0.0003268460082)
(-0.3474226958 -0.03732803219 -0.0003166905024)
(-0.322219611 -0.01504693909 -0.001038460855)
(-0.3001329125 -0.04410383617 0.06336010961)
(-0.1747568133 -0.1172481668 0.0001412168805)
(-0.2121290546 -0.08746084878 -0.06163975298)
(-0.2138153519 -0.08762969938 0.0001510440148)
(-0.2445614578 -0.08101048129 0.0004069480076)
(-0.1991884352 -0.1095703586 -0.06374845137)
(-0.201802981 -0.1103702638 0.0003526935225)
(-0.2416099024 -0.08040037265 -0.06295047722)
(-0.2737124719 -0.07367730456 0.0008133737859)
(-0.2617484341 -0.09103178277 0.0004107933073)
(-0.2241819557 -0.09998130058 -0.06473898131)
(-0.2857878584 -0.06460635729 -0.06677126761)
(-0.229007059 -0.101801354 0.0007527633604)
(-0.3091434033 -0.06847394547 0.0001956488014)
(-0.2681868543 -0.07211205072 -0.06434936823)
(-0.253714661 -0.01846202451 0.0001946398014)
(-0.2385233263 -0.05461902632 -0.06095808991)
(-0.2405067499 -0.05478673358 0.0001809412436)
(-0.2749606227 -0.05035891112 0.000495522943)
(-0.2855398406 -0.01664436139 -0.06196223942)
(-0.2892996857 -0.0167794376 0.0005261587513)
(-0.2713821231 -0.04987791669 -0.06217017196)
(-0.3074643821 -0.04511048047 0.0009966951561)
(-0.361227965 -0.01409753562 0.0003262637002)
(-0.3176120801 -0.0357061114 -0.06512445252)
(-0.3144637448 -0.01467428613 -0.06316891145)
(-0.3474247339 -0.0373287318 0.000320153006)
(-0.3222216115 -0.01504921455 0.001038768191)
(-0.3001299091 -0.04410333483 -0.06336125238)
(1.26028987 -0.1278018365 0.05265289501)
(1.258867719 -0.1275609981 -3.372295734e-05)
(1.307992452 -0.1351870101 -0.0001121052545)
(1.309702527 -0.1374752944 0.04923347358)
(1.260297904 -0.1277909521 -0.05265107797)
(1.258867572 -0.127554184 3.59694646e-05)
(1.307994061 -0.1351707833 0.0001114245574)
(1.309711727 -0.1374399444 -0.04923121469)
(0.220953383 -0.1135198373 0.06397949411)
(0.1725749709 -0.1311353557 0.06777734928)
(0.1494853733 -0.1356842002 -0.0001412369269)
(0.2202804652 -0.1111624212 -0.0001257066166)
(0.1691567483 -0.13094775 -4.024638308e-05)
(0.2444333292 -0.1023225162 -0.0001952981664)
(0.2478491717 -0.1053466082 0.06527849624)
(0.1494812335 -0.1356943757 0.0001467841818)
(0.2209499467 -0.113503888 -0.06397896652)
(0.1725403092 -0.1311626918 -0.06777374256)
(0.2202762982 -0.1111556496 0.0001302041895)
(0.1691391737 -0.1309525921 4.368197469e-05)
(0.2444130132 -0.1023149323 0.0001954013682)
(0.2478035968 -0.1053246887 -0.0652763349)
(-0.007173029465 -0.02393974568 -0.0001102014792)
(-0.003911176645 -0.01388597035 -0.0001051049301)
(-0.001470596256 -0.004547107412 -0.0001027200054)
(-0.007016607718 -0.02403218058 0.02906910342)
(-0.003889476041 -0.01393519278 0.01806464676)
(-0.001011162932 -0.004690432802 0.0102796753)
(-0.003756591573 -0.01754557658 -0.0001220997816)
(-0.001709210298 -0.01016693806 -0.0001137385992)
(-0.0006821761081 -0.003344518123 -0.0001053617179)
(-0.002262523098 -0.006370649099 0.02736624199)
(-0.0008283417356 -0.00365093195 0.01735040439)
(9.450766897e-05 -0.001212619954 0.00983810822)
(-0.002474918442 -0.006349884892 -0.000120941965)
(-0.0008827546942 -0.003644627649 -0.0001136037583)
(-0.000375873868 -0.001170833769 -0.0001045310623)
(-0.003543724518 -0.01753652006 0.02780719585)
(-0.001652454125 -0.01015099306 0.0175129157)
(-0.0002084841781 -0.003394101675 0.009941488649)
(-0.007173569821 -0.02394154549 0.0001103498686)
(-0.003911494278 -0.01388710358 0.0001051885982)
(-0.001470696808 -0.004547505621 0.0001027644873)
(-0.007018525121 -0.02403730649 -0.02906927469)
(-0.00389054841 -0.01393851627 -0.01806471524)
(-0.001011519427 -0.00469166544 -0.01027971915)
(-0.003756733905 -0.0175464301 0.0001220308613)
(-0.001709276591 -0.01016745185 0.0001136813467)
(-0.0006821827553 -0.003344690622 0.0001053247775)
(-0.002263027246 -0.006371248269 -0.02736610293)
(-0.0008285317407 -0.003651286226 -0.01735027494)
(9.447325768e-05 -0.00121273931 -0.009838028215)
(-0.002474909147 -0.006350065358 0.0001207574605)
(-0.0008827400584 -0.003644715481 0.0001134796722)
(-0.0003758601391 -0.001170856106 0.0001044568717)
(-0.003544532994 -0.0175389424 -0.02780713998)
(-0.00165279551 -0.0101524999 -0.01751283198)
(-0.0002085657782 -0.003394642402 -0.00994144165)
)
;

boundaryField
{
    inlet
    {
        type            fixedValue;
        value           nonuniform 0();
    }
    outlet
    {
        type            zeroGradient;
    }
    topAndBottom
    {
        type            symmetry;
    }
    frontAndBack
    {
        type            empty;
    }
    cylinder
    {
        type            noSlip;
    }
    procBoundary1to0
    {
        type            processor;
        value           nonuniform List<vector> 
116
(
(1.071610058 -0.001314373113 -2.140695857e-23)
(1.072239386 -0.003969812107 2.894313102e-23)
(1.073504813 -0.006687676499 0)
(1.0754236 -0.009522148472 4.261442531e-23)
(1.078021808 -0.01252311158 -8.083787017e-24)
(1.081334863 -0.01575041792 3.821597498e-23)
(1.085408476 -0.01927321412 -7.025162992e-23)
(1.090303158 -0.02317373312 3.124823202e-23)
(1.096096532 -0.02754978212 3.1135599e-25)
(1.102881209 -0.03252086716 -5.590559237e-24)
(1.110775618 -0.03823430232 4.162675902e-23)
(1.119934382 -0.04486545667 0)
(1.130552145 -0.05263924011 1.724761546e-23)
(1.142886527 -0.06181785651 -9.081642481e-23)
(1.157269979 -0.07271874244 0)
(1.174168142 -0.08567362612 -3.760710897e-22)
(1.194275248 -0.1012911871 -2.531327575e-22)
(1.218381178 -0.1195737065 1.388199742e-21)
(1.247271424 -0.1400502576 -2.873592971e-06)
(1.325729061 -0.1472610155 0.02688620573)
(1.281483469 -0.152020435 0.02173781121)
(1.298545331 -0.1628215287 0.02329697869)
(1.281403183 -0.1520193941 -0.02174465167)
(1.298481964 -0.1627891599 -0.02330057562)
(1.325707043 -0.1472355798 -0.02688742404)
(1.325729061 -0.1472610155 0.02688620573)
(1.325729061 -0.1472610155 0.02688620573)
(1.325729061 -0.1472610155 0.02688620573)
(0.3576794822 -0.02324842781 0.06100246752)
(0.3577324351 -0.02320105203 -0.06100345134)
(-0.02595055423 -0.0737110551 3.499216494e-05)
(-0.02903975342 -0.04145010865 6.803841627e-05)
(-0.02585226554 -0.07385531607 0.06167622584)
(-0.02585226554 -0.07385531607 0.06167622584)
(-0.02889048517 -0.04135637686 0.06162206586)
(-0.02595055423 -0.0737110551 3.499216494e-05)
(-0.00910817243 -0.02546050248 0.02804094847)
(-0.009389393748 -0.02541262224 -0.0001446670486)
(-0.020075902 -0.03502602644 -0.0001215965054)
(-0.01959845297 -0.03514602003 0.0534000933)
(-0.01072107168 -0.02427637005 0.03066053156)
(-0.01086751825 -0.02423195512 -0.0001015092762)
(-0.02597510349 -0.07370396175 -2.097450271e-05)
(-0.02904174545 -0.04146906647 -6.169125652e-05)
(-0.02594187623 -0.07384134005 -0.06167778319)
(-0.02594187623 -0.07384134005 -0.06167778319)
(-0.02889832677 -0.04143419583 -0.06163205241)
(-0.02597510349 -0.07370396175 -2.097450271e-05)
(-0.02008157811 -0.03503271836 0.0001273501713)
(-0.01961425261 -0.03517057815 -0.05340466225)
(-0.01072448435 -0.02428301417 -0.03066423736)
(-0.0108686393 -0.02423399472 0.0001027516821)
(-0.009110369598 -0.02546658327 -0.02804091086)
(-0.009390363094 -0.02541503286 0.0001456598619)
(0.5868442019 -0.03711194159 0.05967863202)
(1.183842362 -0.1242810636 -0.05334457461)
(0.5868411807 -0.03714185483 -0.0596788393)
(0.3578040836 -0.02330889417 -3.241368118e-06)
(0.1810084406 -0.03260204425 -2.831229899e-06)
(0.1810084406 -0.03260204425 -2.831229899e-06)
(0.1809463763 -0.03255530586 0.0605976433)
(0.1809463763 -0.03255530586 0.0605976433)
(0.001059991267 -0.06288376692 0.06187123311)
(0.001086236419 -0.06276641832 1.728177208e-05)
(0.06576930891 -0.04608362869 -1.938549101e-06)
(0.06570492849 -0.04611324112 0.06140834587)
(0.357818847 -0.02329658796 -2.536396627e-06)
(0.1810111397 -0.03260620034 6.20316138e-06)
(0.1810111397 -0.03260620034 6.20316138e-06)
(0.1809471544 -0.03257162228 -0.06060058109)
(0.1809471544 -0.03257162228 -0.06060058109)
(0.001123075528 -0.06281212692 -0.06187032831)
(0.001103564746 -0.06274502637 -1.622465951e-05)
(0.06577486738 -0.04608404313 9.059895416e-07)
(0.06571880844 -0.04611470354 -0.06141237693)
(1.274354405 -0.1413182192 0.05129149683)
(1.325707043 -0.1472355798 -0.02688742404)
(1.325707043 -0.1472355798 -0.02688742404)
(1.325707043 -0.1472355798 -0.02688742404)
(1.274396285 -0.1413099766 -0.05129285723)
(1.160866143 -0.112633167 -5.543469076e-05)
(1.034377885 -0.09634095193 -1.210356994e-05)
(1.160971284 -0.1126740322 0.05322688216)
(1.160971284 -0.1126740322 0.05322688216)
(1.160971284 -0.1126740322 0.05322688216)
(1.034340588 -0.09629794559 0.05564113233)
(1.160866143 -0.112633167 -5.543469076e-05)
(1.160866143 -0.112633167 -5.543469076e-05)
(1.160866143 -0.112633167 -5.543469076e-05)
(0.5868744589 -0.0372568096 -4.896755675e-06)
(0.8259732752 -0.06411621664 -4.808105566e-07)
(0.825974654 -0.06398559084 0.05788317356)
(1.034384024 -0.09634503687 1.461917647e-05)
(1.183792816 -0.1241101923 4.902584304e-05)
(1.034357471 -0.09631145401 -0.05564105185)
(0.5868814052 -0.03726694894 -6.07801322e-06)
(0.8259758593 -0.06412890525 -2.874427456e-06)
(0.8259687076 -0.06402665438 -0.05788051235)
(1.312054826 -0.1501567448 0.04888978409)
(1.274391222 -0.141160103 -0.0001233938883)
(1.311920916 -0.148166259 -0.0001079315209)
(1.274400919 -0.1411548 0.000128759171)
(1.312085954 -0.1501319937 -0.04888857347)
(1.311926661 -0.1481530353 0.0001105765813)
(-0.00910817243 -0.02546050248 0.02804094847)
(-0.005263118871 -0.01456959257 0.01881327666)
(-0.001484634818 -0.004857792554 0.01067264006)
(-0.009110369598 -0.02546658327 -0.02804091086)
(-0.005264414344 -0.01457354895 -0.01881352206)
(-0.001485106618 -0.004859240227 -0.01067299283)
(-0.009389393748 -0.02541262224 -0.0001446670486)
(-0.00532617177 -0.01457292271 -0.0001334450597)
(-0.001965190953 -0.004691704444 -0.0001203184848)
(-0.009390363094 -0.02541503286 0.0001456598619)
(-0.00532679056 -0.01457450783 0.0001341116784)
(-0.00196544335 -0.004692296589 0.0001207004303)
)
;
    }
    procBoundary1to3
    {
        type            processor;
        value           nonuniform List<vector> 
125
(
(-0.4011653702 0.01139235381 5.30727963e-07)
(-0.4022724299 -0.009474450925 -3.188301632e-21)
(-0.3654501501 -0.02803709772 1.531248042e-21)
(-0.2991754424 -0.04612237818 8.6517093e-22)
(-0.20698305 -0.05804367858 -9.070401965e-22)
(-0.09934831602 -0.06467312546 -4.19090839e-22)
(0.01583588268 -0.06636576753 2.905659613e-22)
(0.1309272422 -0.06452207162 8.928938155e-23)
(0.240666825 -0.06026978993 0)
(0.34181195 -0.05478313882 -1.148982728e-22)
(0.4327283819 -0.0489120219 9.664584231e-23)
(0.5131026512 -0.0431723243 -6.019032555e-23)
(0.5834437471 -0.03784113484 7.48785953e-23)
(0.6446692148 -0.03304269402 -1.475640715e-23)
(0.697824328 -0.0288006049 2.556509537e-23)
(0.7439584508 -0.02509302456 -2.445555213e-23)
(0.78402894 -0.02186516539 1.049061925e-23)
(0.8188686606 -0.01905023299 0)
(0.8491800724 -0.01657859083 0)
(0.8755377504 -0.01438210593 -7.015207539e-24)
(0.8983954828 -0.01239720477 6.776243998e-24)
(0.9180963349 -0.01056875945 -3.455821069e-24)
(0.9348885526 -0.008855931534 -2.652008459e-24)
(0.9489521619 -0.007238653823 4.072383267e-24)
(0.9604370293 -0.005722150715 -1.986482897e-24)
(0.9695077356 -0.004335655353 0)
(0.9763840017 -0.003123394878 1.434769168e-24)
(0.9813622246 -0.002129113737 -2.194524545e-25)
(0.9848080579 -0.001379232102 -3.714214554e-25)
(0.9871208995 -0.0008714555012 2.362428814e-26)
(0.9886831432 -0.0005735889856 4.20873551e-25)
(0.9898130692 -0.0004324939409 0)
(0.9907369987 -0.0003886385197 7.308250715e-29)
(0.9915862791 -0.000389676993 -3.936326423e-24)
(0.9924149571 -0.0003991737527 3.939284007e-24)
(0.9932277016 -0.0003978540929 0)
(0.9940062156 -0.0003803276678 -2.662455643e-24)
(0.9947284217 -0.0003495449029 2.662940218e-24)
(0.9953791186 -0.0003116553557 -3.141308169e-24)
(0.9959529179 -0.0002725356145 3.865561152e-24)
(0.9964526556 -0.0002361791295 -2.5609343e-24)
(0.9968860489 -0.000204469154 2.991154792e-24)
(0.9972624934 -0.0001776878555 -1.400153075e-24)
(0.9975909007 -0.0001552322794 -1.656267636e-24)
(0.9978787027 -0.0001362181273 5.811672273e-25)
(0.9981317251 -0.0001198463601 -4.201147915e-25)
(0.9983545074 -0.0001055423982 7.899347229e-25)
(0.998550725 -9.294318359e-05 -2.648662507e-26)
(0.9987235145 -8.182619032e-05 2.863406126e-25)
(0.9988756525 -7.203481451e-05 -2.864292226e-25)
(0.9990096279 -6.343271247e-05 2.877248559e-29)
(0.9991276569 -5.588248213e-05 -2.054358861e-25)
(0.9992316959 -4.926048212e-05 -2.22040719e-29)
(0.999323462 -4.345046774e-05 1.582758432e-25)
(0.9994044544 -3.835007764e-05 1.233378869e-25)
(0.9994759848 -3.387248865e-05 -2.620370418e-25)
(0.9995392058 -2.99420165e-05 -1.057615872e-25)
(0.9995951324 -2.649319427e-05 -9.198930204e-26)
(0.9996446597 -2.346922245e-05 -9.807565874e-30)
(0.9996885787 -2.082066817e-05 3.210763678e-26)
(0.9997275891 -1.850453464e-05 -1.181895661e-25)
(0.9997623099 -1.64833587e-05 2.734494755e-26)
(0.9997932952 -1.472448187e-05 -5.112960182e-30)
(0.9998210207 -1.31997175e-05 0)
(0.9998459817 -1.188396458e-05 -5.97255423e-27)
(0.9998683444 -1.075910537e-05 5.973744056e-27)
(0.9998893174 -9.791371656e-06 0)
(0.9999056581 -9.047737263e-06 7.595258593e-27)
(0.9999303532 -8.064235941e-06 3.870112979e-27)
(-0.09012816381 0.02230351933 0.05698435706)
(-0.2516271209 0.0183901439 0.06072869811)
(-0.3744155367 0.01609543447 0.03746982886)
(-0.04837193593 0.0209062035 0.05639660566)
(-0.04836804078 0.02090991741 -0.05639659004)
(-0.214652199 0.01983726654 0.05955129738)
(-0.09011789704 0.02230938151 -0.05698461891)
(-0.2146595438 0.01985324995 -0.05955235966)
(-0.04846273554 0.02087942756 9.175634752e-06)
(-0.0112673487 0.01547164132 0.05488879766)
(-0.01167768539 0.01543451727 -1.842679778e-05)
(-0.04846099184 0.02088107642 -9.805358537e-06)
(-0.01126875714 0.01547430448 -0.05488899714)
(-0.01167766398 0.01543552567 1.814881436e-05)
(-0.3305559406 0.01295969175 0.06505218203)
(-0.2516230138 0.01840359114 -0.06072924313)
(-0.3305616217 0.01297457118 -0.06505435229)
(-0.09029865824 0.02228784698 -3.763877833e-06)
(-0.1332484836 0.02198348018 0.05765328862)
(-0.1334837127 0.0219758348 -1.952281056e-05)
(-0.1750292386 0.02104950122 0.05851686222)
(-0.2155849741 0.01985679851 -8.528363429e-05)
(-0.1754542923 0.02105143691 -4.004124712e-05)
(-0.09029502502 0.02229059503 3.865591973e-06)
(-0.1332430803 0.02199563803 -0.05765404395)
(-0.1334817455 0.02198076979 2.028113167e-05)
(-0.2155875902 0.0198622398 8.504387588e-05)
(-0.1750368132 0.02106585353 -0.05851791477)
(-0.175456496 0.02105768255 4.118319698e-05)
(-0.4105368943 0.01137563773 0.03900910238)
(-0.374421669 0.0160964098 -0.03746976536)
(-0.410538614 0.01137492456 -0.03900894328)
(-0.2537257883 0.01844471136 -0.000195709105)
(-0.2855559947 0.01662032827 0.06196126646)
(-0.2893125473 0.01675942538 -0.0005258566568)
(-0.3144705832 0.01465145286 0.06316787069)
(-0.361242825 0.01407979472 -0.0003269004143)
(-0.3222335444 0.01503030155 -0.001038549472)
(-0.2537255387 0.01844876784 0.0001949226105)
(-0.2855527677 0.01663039679 -0.06196167137)
(-0.289311981 0.01676258658 0.0005263534795)
(-0.3612461165 0.01408416835 0.0003263421698)
(-0.3144777 0.01465963066 -0.06316810232)
(-0.322235858 0.0150330873 0.001038922746)
(-0.002262509048 0.006362910561 0.02736578936)
(-0.0008282767798 0.003646400826 0.01735009837)
(9.453594297e-05 0.001211116785 0.00983794897)
(-0.002474872564 0.006341905277 -0.0001209444558)
(-0.0008826786409 0.003639938502 -0.0001136032439)
(-0.0003758334054 0.001169238314 -0.0001045298024)
(-0.002262906335 0.006364093808 -0.02736571983)
(-0.0008284476975 0.003647142045 -0.01735001734)
(9.449622519e-05 0.001211384519 -0.009837897965)
(-0.002474822847 0.006342319039 0.0001208134804)
(-0.0008826558713 0.003640179967 0.0001135173204)
(-0.0003758225726 0.001169318864 0.0001044788608)
)
;
    }
}


// ************************************************************************* //
