/*--------------------------------*- C++ -*----------------------------------*\
| =========                 |                                                 |
| \\      /  F ield         | OpenFOAM: The Open Source CFD Toolbox           |
|  \\    /   O peration     | Version:                                        |
|   \\  /    A nd           | Website:  www.openfoam.com                      |
|    \\/     M anipulation  |                                                 |
\*---------------------------------------------------------------------------*/
FoamFile
{
    version     2.0;
    format      ascii;
    class       surfaceScalarField;
    location    "6.5";
    object      phi;
}
// * * * * * * * * * * * * * * * * * * * * * * * * * * * * * * * * * * * * * //

dimensions      [0 3 -1 0 0 0 0];
oriented        oriented;


internalField   nonuniform List<scalar> 
6016
(
0.01968200542
-2.307581997e-05
0.0197117766
-2.977118088e-05
0.01974849757
-3.672097058e-05
0.01979247029
-4.397272882e-05
0.01984402957
-5.155927247e-05
0.019903495
-5.946543317e-05
0.01997104013
-6.754512855e-05
0.02004609845
-7.50583225e-05
0.02012433203
-7.823357549e-05
0.02018701841
-6.268638721e-05
0.02023213752
-4.511910822e-05
0.02028626933
-5.413180696e-05
0.02034772391
-6.145458487e-05
0.02041437911
-6.665520213e-05
0.0204856114
-7.123229068e-05
0.02056096022
-7.534882226e-05
0.02063985007
-7.888984604e-05
0.02072156363
-8.17135619e-05
0.02080523728
-8.367365524e-05
0.02088986595
-8.462866385e-05
0.0209743158
-8.444985213e-05
0.02105734487
-8.302907822e-05
0.02113758151
-8.023663947e-05
0.02121324955
-7.566803469e-05
0.02128274645
-6.949690213e-05
0.02134664855
-6.39020994e-05
-5.710151865e-05
0.01999220386
-2.471607866e-05
0.01999851448
-3.608180914e-05
0.02000944528
-4.76517746e-05
0.02002492447
-5.945192198e-05
0.02004481222
-7.144701439e-05
0.02006880995
-8.346316525e-05
0.02009627011
-9.500528905e-05
0.02012599285
-0.0001047810635
0.02015720224
-0.0001094429621
0.02019652369
-0.0001020078422
0.02024395862
-9.255403551e-05
0.02028890474
-9.907792791e-05
0.02034830427
-0.0001208541207
0.02041495939
-0.0001333103293
0.02048653329
-0.0001428061904
0.02056236446
-0.0001511799958
0.02064187585
-0.0001584012325
0.02072435372
-0.0001641914372
0.02080893201
-0.0001682519433
0.02089459419
-0.0001702908444
0.0209801866
-0.0001700422613
0.02106443778
-0.0001672802648
0.02114594303
-0.0001617418941
0.02122290779
-0.0001526327904
0.02129368127
-0.0001402703887
0.02135874075
-0.0001289615845
-0.0001152458357
0.01998920111
-2.589048772e-05
0.01999489039
-4.177109503e-05
0.02000501607
-5.777745559e-05
0.02001947719
-7.39130419e-05
0.02003811476
-9.00845856e-05
0.02006066464
-0.0001060130462
0.02008674116
-0.0001210818071
0.02011606256
-0.0001341024678
0.02014982781
-0.0001432082049
0.02019376118
-0.0001459412136
0.02024609518
-0.0001448880398
0.02029250628
-0.0001454890273
0.0203492755
-0.0001776233419
0.02041564391
-0.0001996787404
0.0204878928
-0.0002150550856
0.02056475195
-0.0002280391515
0.0206455788
-0.0002392280835
0.0207296648
-0.0002482774407
0.02081613552
-0.0002547226559
0.02090394922
-0.0002581045467
0.02099190868
-0.0002580017253
0.02107868166
-0.0002540532468
0.02116278753
-0.0002458477659
0.02124235822
-0.0002322034736
0.02131569033
-0.0002136024973
0.02138305046
-0.0001963217222
-0.0001753893862
0.01998645146
-2.665775395e-05
0.01999158763
-4.690725954e-05
0.02000101597
-6.720579828e-05
0.02001465889
-8.755595985e-05
0.02003242721
-0.0001078529064
0.02005423073
-0.0001278165692
0.02008006943
-0.0001469205041
0.02011033005
-0.0001643630946
0.02014639033
-0.0001792684798
0.02019160898
-0.0001911598695
0.02025017457
-0.0002034536339
0.02031209272
-0.0002074071743
0.02035788949
-0.0002234201084
0.02041761831
-0.0002594075656
0.02048949773
-0.0002869345108
0.02056780312
-0.0003063445397
0.02065063743
-0.0003220623976
0.02073718832
-0.0003348283259
0.02082656825
-0.0003441025874
0.02091769693
-0.000349233228
0.02100931107
-0.000349615872
0.02109998336
-0.0003447255321
0.02118811496
-0.0003339793694
0.02127171442
-0.0003158029319
0.02134895738
-0.0002908454615
0.02141985526
-0.0002672196035
-0.0002386064671
0.01998404291
-2.246886438e-05
0.01998870316
-5.156751652e-05
0.01999753941
-7.604204274e-05
0.02001052613
-0.0001005426868
0.02002767708
-0.0001250038543
0.0200490766
-0.0001492160857
0.02007497737
-0.000172821279
0.0201059729
-0.0001953586222
0.02014314724
-0.0002164428244
0.02018807507
-0.0002360877012
0.02024347962
-0.000258858181
0.02031635084
-0.0002802783979
0.02038105923
-0.0002881284944
0.02042812293
-0.0003064712745
0.02049211112
-0.000350922698
0.02057109299
-0.000385326407
0.02065654824
-0.0004075176539
0.02074644594
-0.0004247260226
0.02083979988
-0.0004374565339
0.0209354804
-0.0004449137444
0.02103213442
-0.0004462698917
0.02112820384
-0.0004407949508
0.02122192191
-0.0004276974435
0.02131111701
-0.0004049980295
0.0213937793
-0.0003735077468
0.02146959043
-0.0003430307389
-0.0003060858203
0.02000281336
-4.483121512e-06
0.01998626158
-3.501573642e-05
0.01999456462
-8.434508611e-05
0.02000696968
-0.0001129477539
0.02002357971
-0.000141613882
0.02004460446
-0.0001702408337
0.0200704225
-0.0001986393221
0.02010165133
-0.000226587459
0.02013914845
-0.0002539399421
0.02018382908
-0.0002807683294
0.02023588238
-0.0003109114841
0.02029967534
-0.0003440713626
0.02038184612
-0.0003702992691
0.02045238103
-0.0003770061818
0.0204980627
-0.0003966043745
0.02057436663
-0.0004616303405
0.020662621
-0.0004957720179
0.02075672376
-0.0005188287864
0.02085517627
-0.0005359090485
0.02095674803
-0.0005464855007
0.02105996955
-0.0005494914062
0.02116310889
-0.000543934293
0.02126417396
-0.0005287625132
0.02136074386
-0.0005015679277
0.02145054791
-0.0004633118016
0.02153284439
-0.0004253272179
-0.0003791832472
0.02002461289
-6.305514751e-06
0.02002456059
-3.496343915e-05
0.02000415215
-6.393664518e-05
0.02000381555
-0.0001126111525
0.02001980525
-0.0001576035831
0.02004028754
-0.0001907231248
0.02006569345
-0.0002240452299
0.02009663057
-0.0002575245856
0.02013383394
-0.0002911433171
0.0201780486
-0.0003249829888
0.02022920802
-0.0003620709007
0.02028759443
-0.0004024577728
0.02035756835
-0.0004402731936
0.02043829566
-0.0004577334872
0.02050197812
-0.0004602868396
0.02057731434
-0.0005369665571
0.02066840237
-0.0005868600484
0.02076717675
-0.0006176031706
0.02087182143
-0.000640553726
0.02098072486
-0.0006553889308
0.02109221102
-0.0006609775661
0.02120432185
-0.0006560451214
0.02131476525
-0.0006392059099
0.02142078258
-0.0006075852608
0.02151974644
-0.0005622756529
0.02161036916
-0.0005159499419
-0.0004594853526
0.02002673058
-8.021099228e-06
0.02003172004
-3.99528941e-05
0.02004010994
-7.232654928e-05
0.02003318896
-0.0001056901677
0.02001605411
-0.0001404687433
0.02003569238
-0.0002103613965
0.02006027227
-0.0002486251148
0.02009039265
-0.0002876449739
0.0201267453
-0.0003274959658
0.02017004523
-0.0003682829254
0.0202204423
-0.000412467962
0.02027806304
-0.0004600785224
0.02034571955
-0.0005079297006
0.02043627215
-0.000548286082
0.02053583272
-0.0005598474101
0.02059440558
-0.0005955394211
0.02067824936
-0.0006707038283
0.02077789696
-0.0007172507727
0.02088872519
-0.0007513819556
0.02100644022
-0.0007731039507
0.02112811081
-0.0007826481584
0.02125138727
-0.0007793215833
0.0213735891
-0.0007614077365
0.02149150706
-0.0007255032221
0.02160203209
-0.0006728006752
0.02170317178
-0.0006170896316
-0.0005488723056
0.02002906656
-9.585155563e-06
0.02003338224
-4.426858062e-05
0.02004064654
-7.959084581e-05
0.02005120304
-0.0001162466685
0.02006547924
-0.0001547449487
0.02005056003
-0.0001954421897
0.02005375265
-0.0002518177385
0.02008248781
-0.0003163801317
0.02011740666
-0.0003624148233
0.02015925573
-0.0004101319965
0.02020840333
-0.0004616155642
0.02026516953
-0.000516844716
0.02033066672
-0.0005734268969
0.02041224209
-0.0006298614485
0.02052928032
-0.0006768856436
0.02063791256
-0.0007041716579
0.02070799845
-0.0007407897102
0.02079482414
-0.0008040764643
0.02090551434
-0.0008620721551
0.02103258296
-0.0009001725711
0.02116660587
-0.0009166710739
0.0213036583
-0.0009163740099
0.02144047613
-0.0008982255651
0.02157325837
-0.0008582854595
0.02169825068
-0.0007977929824
0.02181254794
-0.0007313868842
-0.0006495959479
0.02003163459
-1.093334886e-05
0.02003504649
-4.768047492e-05
0.02004083609
-8.538045238e-05
0.02004949814
-0.000124908717
0.02006159692
-0.0001668437312
0.02007769741
-0.0002115426796
0.0200851296
-0.0002592499346
0.02007889154
-0.0003101420715
0.02010532158
-0.0003888448676
0.02014504758
-0.000449857995
0.02019228217
-0.0005088501581
0.02024762088
-0.0005721834289
0.02031199818
-0.0006378041993
0.02038706807
-0.0007049313356
0.02048070556
-0.0007705231303
0.02059744768
-0.0008209137801
0.02070533143
-0.0008486734521
0.02081271844
-0.0009114634754
0.02092184911
-0.0009712028294
0.02105760119
-0.001035924647
0.02120615329
-0.001065223177
0.02136007772
-0.001070298439
0.02151499859
-0.001053146437
0.02166629274
-0.00100957961
0.02180933364
-0.0009408338827
0.02194002343
-0.0008620766765
-0.0007643870362
0.02003444607
-1.194642203e-05
0.02003661656
-4.985096178e-05
0.02004047924
-8.924313631e-05
0.02004676718
-0.0001311966595
0.02005619729
-0.000176273837
0.02006942399
-0.0002247693841
0.02008704797
-0.0002768739183
0.0201097849
-0.0003328790077
0.02011384401
-0.0003929039792
0.0201267565
-0.0004627704814
0.02017118567
-0.000553279334
0.02022418934
-0.0006251870966
0.02028698827
-0.0007006031306
0.02036092778
-0.0007788708424
0.02044904469
-0.000858640042
0.02056189065
-0.0009337597387
0.02069768918
-0.0009844719846
0.02080492091
-0.001018695198
0.02093089007
-0.001097171991
0.02107882138
-0.001183855957
0.02124476322
-0.001231165026
0.02141927869
-0.001244813905
0.02159659461
-0.001230462357
0.02177094252
-0.001183927524
0.02193649101
-0.001106382383
0.02208756446
-0.001013150132
-0.0008965681042
0.02003783963
-1.233164908e-05
0.02003826084
-5.027217686e-05
0.02003964775
-9.063005054e-05
0.02004309851
-0.0001346474168
0.0200494685
-0.0001826438333
0.02005934149
-0.0002346423755
0.02007281209
-0.0002903445177
0.02009166286
-0.0003517297802
0.02011627234
-0.0004175134657
0.02014183477
-0.0004883329101
0.02015317742
-0.0005646219861
0.02019363846
-0.0006656481406
0.02025360508
-0.0007605697441
0.02032582116
-0.0008510869227
0.02041226248
-0.0009450813583
0.02051750566
-0.00103900292
0.02064978348
-0.001116749803
0.02079416765
-0.001163079373
0.02094747326
-0.001250477603
0.02109742804
-0.001333810733
0.02128018931
-0.0014139263
0.02147941883
-0.001444043432
0.02168451375
-0.001435557275
0.02188767927
-0.001387093055
0.02208135986
-0.001300062979
0.02225776772
-0.001189557999
-0.001050175137
0.02004395027
-1.18579173e-05
0.02004215333
-4.847524479e-05
0.0200409361
-8.941281837e-05
0.02004184855
-0.0001355598712
0.02004556981
-0.0001863650937
0.0200515368
-0.0002406093658
0.02005718305
-0.0002959907772
0.02007043074
-0.000364977469
0.02009006304
-0.0004371457672
0.02011540862
-0.000513678489
0.02014917908
-0.0005983924527
0.02017312625
-0.0006895953045
0.02021012085
-0.0007975643433
0.02027892654
-0.0009198926177
0.02036362658
-0.001029781389
0.02046842086
-0.001143797209
0.0206058732
-0.001254202134
0.02077926207
-0.001336468249
0.02092724211
-0.00139845764
0.02110238614
-0.00150895477
0.0213081863
-0.001619726463
0.02153783157
-0.001673688704
0.02177760406
-0.001675329777
0.022017026
-0.001626514993
0.02224601722
-0.001529054201
0.02245391858
-0.001397459361
-0.001230073743
0.02005192963
-1.104294536e-05
0.02004831615
-4.486177341e-05
0.02004558616
-8.668282714e-05
0.02004612658
-0.0001361002908
0.02004918326
-0.0001894217743
0.02005109196
-0.0002425180766
0.02004756849
-0.0002924673098
0.02005319299
-0.0003706019668
0.02006581285
-0.0004497656244
0.02007937807
-0.0005272437144
0.0201048373
-0.0006238516828
0.02014105012
-0.0007258081249
0.02017836545
-0.0008348796669
0.02021780429
-0.0009593314615
0.02029829977
-0.001110276864
0.02040017676
-0.001245674208
0.02053024901
-0.001384274379
0.02070020106
-0.001506420305
0.02089440847
-0.001592665053
0.02110816972
-0.001722716019
0.02132815848
-0.001839715233
0.02159131496
-0.001936845185
0.02187431302
-0.001958327838
0.02215974696
-0.001911948939
0.02243334075
-0.001802647985
0.02268041937
-0.001644537979
-0.001442123206
0.02004610224
-5.30008572e-06
0.02003874431
-3.750384338e-05
0.02003067957
-7.861809633e-05
0.02002775925
-0.0001331799732
0.02002842921
-0.0001900917313
0.02003169198
-0.0002457808529
0.02003787872
-0.0002986540525
0.02004698298
-0.0003797062285
0.0200521634
-0.0004549460473
0.02004994214
-0.0005250224486
0.02006283635
-0.0006367458888
0.02008796115
-0.0007509329303
0.02011861434
-0.0008655328521
0.02016626942
-0.001006986541
0.02021302692
-0.001157034371
0.02030980194
-0.001342449224
0.02043782124
-0.001512293678
0.02061408961
-0.001682688682
0.0208450157
-0.001823591148
0.02106228045
-0.001939980771
0.02132554021
-0.00210297499
0.021634045
-0.002245349977
0.02197243552
-0.002296718364
0.02231693253
-0.002256445946
0.02264723192
-0.002132947387
0.0229430428
-0.00194034884
-0.001693175692
0.02003835917
-1.382661143e-06
0.02004653748
-4.56821568e-05
0.02004319962
-7.528023236e-05
0.02004364707
-0.0001336274333
0.0200454787
-0.0001919233591
0.02003221569
-0.0002325178411
0.02001550686
-0.0002819452244
0.02000937965
-0.0003735790281
0.02001176641
-0.0004573328023
0.02001968885
-0.000532944891
0.02003335106
-0.0006504080996
0.0200447234
-0.0007623052708
0.02005099383
-0.0008718032782
0.02008206367
-0.001038056375
0.02013159466
-0.001206565369
0.02019210008
-0.001402954642
0.02031141839
-0.001631611988
0.02047770538
-0.001848975679
0.02070741759
-0.002053303355
0.02098708226
-0.00221964545
0.02131079459
-0.002426687313
0.02166270214
-0.002597257526
0.02206985443
-0.002703870662
0.02249114393
-0.002677735444
0.02289400516
-0.002535808627
0.02325066965
-0.002297013328
-0.001991805019
0.02000600577
-7.387731352e-06
0.02001384623
-5.352261936e-05
0.02003314736
-9.458137068e-05
0.02004662293
-0.0001471030031
0.02004535645
-0.0001906568869
0.02002345133
-0.0002106127193
0.02002887442
-0.0002873683199
0.02002916008
-0.0003738646867
0.02000143853
-0.0004296112458
0.01997098585
-0.0005024922174
0.01995908908
-0.0006385113278
0.01996191433
-0.0007651305145
0.01997574391
-0.0008856328587
0.01999596344
-0.001058275909
0.02001579365
-0.001226395574
0.02007454502
-0.001461706019
0.02014876179
-0.001705828759
0.02030498069
-0.002005194577
0.02054045506
-0.002288777733
0.02086962147
-0.002548811858
0.02122168481
-0.002778750655
0.02165876827
-0.003034340986
0.02216208245
-0.003207184839
0.02268733785
-0.003202990841
0.02318495638
-0.003033427161
0.02362082135
-0.002732878308
-0.002342849369
0.01999907808
-6.465319143e-06
0.01999642285
-5.086738978e-05
0.01999743191
-9.559043599e-05
0.019994255
-0.0001439260977
0.01999600481
-0.000192406692
0.02002013918
-0.0002347470914
0.02003543325
-0.0003026623953
0.02001943585
-0.0003578672873
0.01997205832
-0.0003822337099
0.01996811017
-0.0004985440748
0.01995758872
-0.0006279898691
0.01991244173
-0.0007199835279
0.01986979231
-0.0008429834434
0.01985946386
-0.001047947458
0.0198782924
-0.00124522411
0.01991769768
-0.001501111305
0.01997473913
-0.001762870203
0.02008251746
-0.002112972914
0.02029037068
-0.002496630957
0.02062117244
-0.002879613617
0.02107118763
-0.003228765846
0.02162672726
-0.00358988061
0.02224517543
-0.003825633012
0.02291254703
-0.003870362443
0.02353721033
-0.003658090456
0.02408048584
-0.003276153818
-0.002758386146
0.01999786644
-4.331664078e-06
0.01999188777
-4.488872845e-05
0.01998284693
-8.654959495e-05
0.0199694879
-0.0001305670699
0.01995485791
-0.0001777767081
0.01994815463
-0.000228043806
0.01993272213
-0.0002872299027
0.01992342274
-0.000348567898
0.01994556264
-0.000404373611
0.01995017377
-0.0005031552002
0.01990997581
-0.0005877919079
0.01982934682
-0.0006393545364
0.01980231974
-0.0008159563644
0.01974529049
-0.0009909182089
0.01969079853
-0.001190732152
0.0196828429
-0.001493155675
0.01972704135
-0.001807068657
0.01982474686
-0.00221067842
0.01997246396
-0.002644348061
0.02029214064
-0.003199290298
0.02082369086
-0.003760316067
0.02149509443
-0.004261284176
0.02231357641
-0.004644114993
0.02317178435
-0.001208890646
-0.001155335217
-0.001208955893
-0.001155388637
0.02395584923
-0.001146544988
-0.00107449793
-0.00114662211
-0.001074490315
0.02460338418
-0.001024952087
-0.0009369390472
-0.001024957419
-0.0009368402067
-0.000841538571
-0.0007658176444
-0.0008420611941
-0.0007668618042
0.0199973701
-1.702107098e-06
0.01998982863
-3.734726525e-05
0.01997731989
-7.4040856e-05
0.01995962855
-0.0001128757332
0.01993677233
-0.0001549204973
0.01991000069
-0.0002012721671
0.01987634
-0.0002535692068
0.019840756
-0.0003129839038
0.01981609032
-0.0003797079273
0.0197761008
-0.0004631656804
0.01974253389
-0.0005542249957
0.01974546989
-0.0006422905388
0.01970360146
-0.0007740879323
0.01959041689
-0.0008777336445
0.01953477397
-0.001135089226
0.0194520189
-0.00141040061
0.01938886476
-0.001743914518
0.01940779235
-0.002229606008
0.01953327533
-0.002769831045
0.01979773148
-0.00346374645
0.02036361859
-0.004326203175
0.02120238608
-0.001271637209
-0.00127827736
-0.001271594384
-0.001278542715
0.005586337762
-0.001445681666
0.00558109696
0.005586783497
0.005581199254
-0.001442943865
-0.001445647667
-0.001442873186
0.00570028789
-0.001322809741
-3.103689477e-08
-0.005848852203
0.005966958962
-0.001264629794
-2.195075429e-08
-0.006093732682
0.006189771035
-0.001120982075
-8.367659057e-09
-0.006278991844
0.006361628036
-0.000924126479
-4.827946635e-08
0.01999695854
1.338537766e-06
0.0199880602
-2.844893433e-05
0.01997318283
-5.916349012e-05
0.01995207041
-9.176331527e-05
0.01992434534
-0.0001271954305
0.01988959479
-0.0001665216101
0.01984704943
-0.0002110238554
0.01979636712
-0.000262301589
0.01973891079
-0.0003222516024
0.01966958933
-0.0003938442195
0.01959509469
-0.0004797303583
0.01953432032
-0.000581516167
0.01946798426
-0.0007077518753
0.01943016105
-0.0008399104282
0.01933418489
-0.001039113065
0.01915647107
-0.001232686794
0.01904877236
-0.001636215813
0.0189346084
-0.00211544205
0.01889844903
-0.002733671667
0.01907003535
-0.003635332778
0.004934537924
-0.001157143932
0.004817436736
0.004934737056
0.004817581591
-0.001222903813
-0.001157281722
-0.001223131662
0.005010691734
-0.001347801666
1.064942774e-08
-0.005183204871
0.005310466042
-0.001572948259
5.416891428e-09
1.127197886e-08
0.001459859252
-0.00552971356
0.001521439843
0.001350852778
0.001521477499
0.001362373188
-0.0004210825618
-0.0004164809836
-0.0004331471138
-0.0004155896001
-0.001444348282
0.0003531390442
0.001492821021
-0.0003840795846
-1.753219685e-05
-0.001573818752
0.0003216610785
0.001589620743
-0.0003366656526
-7.974152135e-07
-0.001623799335
0.0002626547308
0.001632395263
-0.0002707195514
-5.311051952e-07
-0.006618457419
-4.708979869e-08
-0.0001981162568
-0.000196551153
0.01999661772
4.719534222e-06
0.01998654327
-1.837449154e-05
0.01996963716
-4.225737765e-05
0.01994553474
-6.766089894e-05
0.0199137017
-9.536239763e-05
0.01987341761
-0.0001262375266
0.01982374881
-0.0001613550544
0.0197635132
-0.0002020659809
0.01969137092
-0.0002501093186
0.0196053
-0.0003077732994
0.01950370951
-0.0003781398772
0.01938745152
-0.0004652581695
0.01925466774
-0.0005749680973
0.01912647158
-0.0007117142708
0.01897808193
-0.000890723411
0.01884559434
-0.001100199213
0.01863238194
-0.001423003413
0.01832436045
-0.00180742056
0.01810843392
-0.002517745131
0.004555930572
-0.003516418626
0.004438846353
0.004556316422
0.004438426417
0.004562002506
-0.001163229834
1.397096642e-08
1.229226409e-09
0.001435092293
-0.004655442489
0.001232372393
0.00113194672
0.001254261472
0.001118850524
-0.0003989535618
-0.0003557540181
-0.000395849978
-0.0003665245795
-0.001208822359
0.00043648013
0.00124862951
-0.0004632973471
-1.29899329e-05
0.0004982305282
-0.001375016604
0.00141840757
-0.0005385116005
-3.109892341e-06
0.0004799915485
-0.001550722134
0.001591322603
-0.0005200452959
-5.467199785e-07
-0.001660217403
0.0003839068227
0.001663098856
-0.0003866619137
-1.263610138e-07
-0.001612484907
0.0002534406213
-0.0002256283881
-8.277744443e-09
0.001584680951
-0.001492296914
0.0001717556034
0.001460523939
-0.0001397490624
-2.335508423e-07
0.01999658831
8.129501964e-06
0.01998583856
-7.624743636e-06
0.01996756434
-2.398316177e-05
0.01994130987
-4.140643134e-05
0.01990640277
-6.045530551e-05
0.01986192172
-8.175648043e-05
0.01980664737
-0.000106080704
0.0197389936
-0.0001344122202
0.01965691885
-0.0001680345649
0.01955780574
-0.0002086601928
0.01943829629
-0.0002586304269
0.01929425412
-0.000321215995
0.01912038149
-0.0004010954727
0.0189136135
-0.0005049462738
0.01866586092
-0.0006429708343
0.01839246048
-0.0008267987764
0.01805390305
-0.001084445983
0.01767594076
-0.001429458274
0.01715936142
-0.002001165788
0.004198824649
-0.0006087349345
0.003994461788
0.004199089719
0.003994886671
-0.0007627590553
-0.0006108402366
-0.0007619858048
0.001141660806
0.004160958979
-0.001103841132
4.599583882e-08
0.0003664810589
-0.001004764021
0.001017889632
-0.0003767159092
-2.89075963e-06
0.0005630945226
-0.00112090735
0.001154204331
-0.0005943693452
-2.022157893e-06
-0.001328416363
0.0006863587233
-7.141501736e-08
0.00137502408
-0.0007328950243
-0.001389402322
0.0005968337639
1.292835327e-06
0.001321995381
-0.0005307196602
-0.0009203847651
0.000215651462
9.554100252e-07
0.0008043775097
-0.000100599619
-0.0005669194508
4.789695508e-05
1.332289895e-07
0.0005217973804
-2.908119428e-06
-0.0004613926371
5.274514795e-05
-1.454994917e-08
-3.294249493e-05
0.01999897238
9.155074881e-06
0.01999010627
1.241367275e-06
0.01997323945
-7.116342131e-06
0.01994783054
-1.599752741e-05
0.01991309801
-2.57227787e-05
0.01986796529
-3.662376533e-05
0.01981099072
-4.910613875e-05
0.01974026996
-6.369146503e-05
0.01965330053
-8.106513123e-05
0.0195467899
-0.0001021495648
0.01941637772
-0.0001282182526
0.01925623503
-0.0001610733015
0.01905846789
-0.0002033283301
0.01881240961
-0.0002588879912
0.01850314153
-0.0003337027629
0.01811346304
-0.0004371202819
0.01761348858
-0.0005844715218
0.01698359259
-0.0007995622872
0.004083531281
-0.001116496969
0.003965351778
0.004084278779
0.003965761932
0.003993064821
-0.0005182258349
-4.263901854e-08
-3.160131598e-09
0.0009994727994
-0.003862808048
0.0009479716249
0.0008969981133
0.0009820983657
0.0008714658201
-0.000226896714
-0.0001911550846
-0.0002089090286
-0.0002082346875
0.0003875257888
-0.0008818130682
0.0008683298511
-0.0003649011466
-9.141424787e-06
0.0006652136239
-0.0008321377844
-5.511488823e-07
0.0008279354669
-0.000660460157
0.000919422599
-0.0009270791081
2.157314782e-07
7.44077759e-06
4.646869105e-05
6.062572307e-05
3.743696372e-07
-3.321024331e-05
-7.425854135e-05
0.02000623788
0.02000463783
0.01999466184
0.019975817
0.01994726628
0.01990783817
0.01985595679
0.01978952642
0.01970576804
0.01960098286
0.01947020195
0.01930665847
0.01910097779
0.01883988999
0.01850419144
0.01806578075
0.01748696823
0.01671585163
0.003914362137
0.003889068971
0.00391424272
0.00388896995
0.0003792978524
0.003732801083
-0.0001977330323
-3.766477287e-09
0.0001357385062
-0.0008421238654
0.0008149832279
-0.0001054035379
-3.194330703e-06
0.0002626522634
-0.0007281584909
0.0006738267889
-0.0002065155811
-1.804980237e-06
0.0004961563663
-0.0004551683262
-9.065955224e-07
0.0003642603633
-0.0004043418075
0.0006769324929
-1.547966657e-07
-0.001402728992
-0.0006634510259
-0.001010062903
2.476108003e-06
0.0007572967938
0.001169712597
-0.001328365104
0.0006863716179
-7.872784545e-08
0.001375026865
-0.0007329546496
0.001389388542
0.0006769497079
-1.441152042e-07
-0.001402718169
-0.0006634759674
-0.0009194619702
-0.00101006709
2.466903036e-06
0.0007572894385
0.001169772718
0.0002744183439
5.135125594e-07
-0.001066183241
-0.0001291333799
0.0005967957017
1.301352142e-06
0.001322000286
-0.0005307087995
0.0009203839304
0.000274402266
5.235250141e-07
-0.00106618483
-0.000129124894
5.416901055e-05
-1.102282792e-07
-0.0006265491683
5.570932449e-06
0.0002156378305
9.667256603e-07
0.0008043678294
-0.0001005884568
0.0005668574244
5.4232803e-05
-1.166065411e-07
-0.0006265183487
5.5447279e-06
4.496409694e-05
-6.7146741e-08
-0.0004737338873
-3.25557017e-05
-4.807735241e-05
-1.943404611e-05
9.882291866e-08
3.475040126e-05
3.266217449e-05
4.787317734e-05
1.424551704e-07
0.0005217651953
-2.923402849e-06
0.0004612702301
4.505134923e-05
-2.55424477e-08
-0.0004736577645
-3.263827055e-05
-4.822846508e-05
-1.957129667e-05
2.010858948e-07
3.485597661e-05
3.274270005e-05
0.0008622468673
-7.07251164e-07
-0.0007952316359
-0.0009933870918
-0.0005538066816
-2.404307017e-07
0.0005668805201
0.0004833229581
0.0006653509606
-0.0008321961838
-5.648988554e-07
0.0008278893495
-0.0006604792271
0.0009271151884
0.0008622457632
-7.070185174e-07
-0.0007952134633
-0.0009934404696
-0.000496201786
-0.0005537721577
-2.453590741e-07
0.0005668715831
0.0004833477201
2.134293915e-07
7.439783076e-06
-2.265010645e-07
-1.382158432e-06
-4.659940652e-05
-2.417305222e-07
-1.387327946e-06
6.094329512e-05
2.487032111e-07
-3.34279178e-05
-7.436348674e-05
-0.0002790128493
-1.003469248e-06
0.0001443453508
0.0001357124261
-0.0004552271438
-8.978613827e-07
0.0003642881305
-0.0004043649116
-0.0002789974786
-1.013422137e-06
0.0001443501233
0.0001357015739
0.0004110242693
-0.001646972778
-0.0004240548074
-2.140869007e-07
-0.001531937873
2.173526119e-07
0.001531925679
0.0005966286043
0.001309137505
2.828040726e-08
-0.00140751739
0.000372769949
0.000480021759
-0.001550726887
-5.189719131e-07
0.001591320956
-0.0005200968554
0.001660217948
0.0004110125825
-2.027641515e-07
-0.001646968672
-0.0004240590953
-0.001531977199
2.49060177e-07
0.001531998117
0.0005965257223
0.0013091435
3.547761698e-08
-0.001407542802
0.0003727660889
0.0002893314356
-0.00163766661
-0.0002640707302
-7.9004466e-08
2.863142869e-07
0.001214129996
0.0003103726582
0.0009463785665
2.237083207e-08
-0.001032311473
0.0001400795473
0.000383888885
-1.179914066e-07
0.001663101696
-0.0003866546423
0.0002892287953
0.001612466283
-5.96125332e-08
-0.001637639047
-0.0002639964196
2.952944931e-07
0.001214128172
0.000310357867
0.0009464149647
7.685296621e-09
-0.001032238262
0.0001400484152
0.0006687315322
-3.983973456e-07
-0.0007369133417
-0.001259836157
-0.0009336730428
-7.044887488e-07
0.0009394406406
0.0006601505149
-5.493238859e-07
0.0008615261239
-0.001008792838
0.0005630721858
-0.001120824858
-2.028753129e-06
0.001154186153
-0.0005944047265
0.0006688122864
-3.992706551e-07
-0.0007369039254
-0.001259874195
-0.0009335150591
-7.142042502e-07
0.0009395021432
0.0006600780809
-5.533369879e-07
0.0008615384725
-0.001008806466
0.000369787079
-0.001093653435
1.896612641e-06
0.0007257881134
-4.427256457e-09
-3.813946599e-06
0.001322831177
-0.0005306870201
-9.638384694e-09
-0.00138818079
0.0005973391079
6.964411956e-07
-0.0003709343138
0.001212938352
0.0004792949005
2.460292126e-06
0.001091562355
-0.0005602888116
-0.001064453497
0.001212900814
-3.382283695e-09
0.0004804172591
-0.0005605196569
-5.550590164e-09
-0.001061354968
0.0007269224624
-4.397814909e-06
5.118109282e-05
-0.0003139729103
2.639586723e-07
0.0002709555483
-4.270601381e-09
-8.423421114e-06
0.0008048596632
-9.959642317e-05
-0.0009202732498
-5.429535899e-09
0.0002159708514
3.4262103e-07
-5.153896581e-05
0.0007066429361
0.0001489309178
3.783896427e-07
0.0003131248776
-0.0004005175118
-1.358537452e-05
0.0007070872563
-4.341696952e-09
0.0001493004618
-0.0004000912987
-4.688115732e-09
-1.309494895e-05
0.0002708863146
-9.036439583e-06
2.34408532e-07
4.849512745e-05
-7.537859511e-06
5.259672763e-05
9.514787282e-09
-3.298648815e-05
2.651711414e-07
4.867421287e-05
-7.567385584e-06
0.0009185751043
-0.0009258778949
-1.494623442e-09
7.520013311e-06
-3.379540519e-05
-7.431281115e-05
4.747331869e-05
1.15123779e-08
6.099775085e-05
1.854504884e-07
8.694866403e-05
3.06850161e-07
-4.346616154e-05
-5.911889587e-07
6.470601373e-09
8.694987798e-05
-4.285999212e-05
3.850460112e-09
-3.134699941e-07
0.0004291640831
-4.294209962e-07
-0.0003447409124
-0.0005391620765
-0.0006683208702
7.320409367e-05
0.0005968409327
-1.721520247e-06
-4.806350146e-07
0.0001263653545
-0.0004048705269
0.000262682405
-0.000728066212
-1.82753738e-06
0.0006737480751
-0.0002065367306
0.0004291101492
-4.102481778e-07
-0.0003448273966
-0.0005390996483
-0.0006682953842
-1.730160161e-06
7.320208195e-05
0.0005968242287
-4.866886725e-07
0.0001263826016
-0.0004048671532
0.0005132662257
-0.0002519212851
-7.138425833e-07
-0.0002724445374
1.270844255e-09
1.181216855e-05
0.0003639684997
-0.0004042031288
4.144363642e-10
0.0004949367288
-0.0004556091101
-1.222892576e-06
-0.000513870217
0.0003641646308
0.0005151888416
-8.415177896e-07
0.0002535903259
-0.0002863905742
-0.000370700042
0.0003628297675
1.07857775e-09
0.0005131809883
-0.0002856202626
6.351182534e-10
-0.0003713463014
-0.0002734000417
1.240630572e-05
-0.001189248298
-0.0005663070281
4.222139106e-07
0.001062247141
1.971259864e-09
0.0006928839998
0.0007574789138
0.001171505658
-4.93039188e-10
-0.00100793287
8.122219853e-07
0.001189153191
0.0007665378636
-0.001199206483
-2.42509867e-06
0.0005685610139
0.0006048282038
-1.251524029e-06
1.580374395e-09
0.0007663670511
-0.001197325792
0.0006035122139
2.030109067e-09
-7.407138919e-07
0.001065363605
0.0006927728132
0.001082868098
-0.0006066227787
-2.844183965e-06
3.460751497e-09
0.0005888425441
-1.845558397e-06
-0.001080837782
0.0005476112668
0.0005400152371
-4.943164263e-06
5.474121766e-07
0.0006070079721
-2.727179787e-06
1.56384452e-09
0.0005470122492
0.0005383069071
-4.298178034e-06
1.096125937e-09
-2.564248071e-06
0.0005886896183
-0.001189250558
-0.0005663152471
4.251150281e-07
0.001062238232
0.0006929044323
0.0007574670091
0.001171533218
-0.0009185890421
-0.001007944778
8.108905604e-07
0.001189160304
0.0007665619417
-0.001199243699
-2.42483674e-06
0.0005685811542
0.0006048686383
-1.252240374e-06
0.000766374164
-0.00119734524
0.0006035363485
-7.41184004e-07
0.00106534782
0.0006928187531
0.0010828862
-0.0006066466745
-2.839303957e-06
0.0005888414777
-1.844323849e-06
-0.001080866499
0.0005476125311
0.0005400431895
-4.94489853e-06
5.445699464e-07
0.0006070535153
-2.729447719e-06
0.0005470150318
0.000538326631
-4.298217402e-06
-2.564659248e-06
0.0005886955408
0.0002157235565
0.0005204907631
-3.329876365e-07
-4.67746897e-09
-1.008854494e-05
-0.001066200076
-0.0001287275105
-3.866265196e-09
0.0002751717134
1.224884617e-06
-0.0002175004898
0.0003630307153
-5.419518694e-07
-0.0005195538667
-9.555073855e-06
-3.696601999e-09
0.0003636528739
-3.912360059e-09
-8.86609085e-06
-1.04648671e-05
6.114974973e-07
-1.328904101e-05
-9.167680124e-10
-1.289498815e-05
0.0003697888713
-0.00109365522
1.888298128e-06
0.0007257868767
-3.81325975e-06
0.001322795842
-0.0005306670828
-0.001388179176
0.0005973421291
7.109033491e-07
-0.000370926096
0.001212952594
0.0004792628832
2.471534526e-06
0.001091559994
-0.0005602863881
-0.001064453941
0.001212893237
0.0004803989914
-0.0005605195972
-0.001061336729
0.0007269173481
-4.395153424e-06
0.0002157131342
0.000520497631
-3.404691631e-07
-1.008810196e-05
-0.001066190968
-0.0001287318246
0.0009202739603
0.0002751684976
1.235263958e-06
-0.0002174738085
0.0003630063073
-5.338045873e-07
-0.0005195660596
0.0004005286821
-9.553713915e-06
0.0003636469706
0.0004000940556
-8.865963263e-06
-1.046297982e-05
6.121604012e-07
-1.32860235e-05
-1.289332183e-05
9.71659415e-06
0.0002695924921
-6.599907541e-07
-5.800386825e-09
-7.687746452e-06
-0.0006267759945
5.239601664e-06
-7.607688014e-10
0.0005668255527
5.460137952e-05
3.467682062e-07
-1.05059639e-05
9.025297018e-05
-3.799414979e-07
-0.0002677780938
4.741839641e-05
0.0002263105734
-4.341060928e-09
9.037895962e-05
4.912767485e-05
-4.66555319e-09
0.0002253291304
-8.057750755e-06
-4.708473932e-07
5.51514246e-05
-7.262191574e-06
-3.419443093e-09
5.496513036e-05
-6.304891452e-06
5.118454746e-05
-0.0003139787074
2.566026667e-07
0.0002709564259
-8.423141066e-06
0.0008048590375
-9.95919444e-05
0.0002159681688
3.545326279e-07
-5.154133156e-05
0.000706632672
0.0001489219574
3.866502542e-07
0.0003131373072
-1.358373308e-05
0.0007070965804
0.0001492971899
-1.309462929e-05
0.0002708876762
-9.035091797e-06
9.710379392e-06
0.0002695970499
-6.692167524e-07
-7.687593827e-06
-0.0006268055281
5.237839484e-06
0.0005667908605
5.465947145e-05
3.588806408e-07
-1.049008091e-05
9.024552976e-05
-3.674994461e-07
-0.0002677852376
4.742465581e-05
0.0002262728107
9.035596639e-05
4.912627431e-05
0.0002253364433
-8.056870196e-06
-4.686428366e-07
5.515642741e-05
-7.263135056e-06
5.495928459e-05
-6.305082094e-06
-6.014676013e-05
-1.150462102e-05
-7.088714309e-08
5.361152789e-05
-1.065143338e-08
1.81213956e-05
2.516853123e-07
6.002194238e-05
-1.329692136e-06
-3.79251556e-06
-3.491529886e-07
1.243827889e-05
-8.049903983e-06
-4.039219858e-06
-2.888879098e-08
-1.399834537e-06
-3.501213928e-06
-8.637196826e-06
-4.595618078e-09
-3.211973783e-06
5.380684679e-05
1.858247793e-05
5.403004036e-05
-2.550360644e-05
-3.708239182e-07
-3.113706955e-09
2.545903269e-05
3.487032714e-05
3.318536243e-05
-8.992566026e-09
-4.796431095e-05
-1.998356326e-05
-6.368528459e-08
-5.394103345e-05
2.973983207e-05
5.901528748e-05
-1.052005385e-07
2.615668871e-05
-1.439212093e-06
-5.983060923e-09
3.00762784e-05
5.876638778e-05
-5.041272122e-09
-1.055599643e-06
2.565166799e-05
-6.014360604e-05
-1.151108617e-05
-8.652907489e-08
5.360358439e-05
1.812699257e-05
2.503583485e-07
6.000470466e-05
-1.306038874e-06
-3.79259293e-06
-3.419278188e-07
1.245547225e-05
-8.079619385e-06
-4.033922695e-06
-1.464400482e-06
-3.498457616e-06
-8.646634877e-06
-3.210976322e-06
5.377740121e-05
1.859623497e-05
5.403107694e-05
-2.550622472e-05
-3.901315433e-07
2.546574783e-05
3.484577516e-05
3.318278987e-05
-4.788863787e-05
-1.994783066e-05
7.403809443e-10
-5.388412006e-05
2.98358819e-05
5.890347518e-05
-7.789849179e-08
2.616629493e-05
-1.425323314e-06
3.006440978e-05
5.880720305e-05
-1.053006557e-06
2.566944188e-05
0.0008472442737
0.00050722315
4.128760185e-07
-0.0007197590517
3.773812882e-10
-0.0006351216254
-0.000793558665
-0.0009947910103
3.19523141e-09
0.0008617613265
-6.160887675e-07
-0.0008482722411
-0.0008182033699
0.0008718600613
2.58208954e-06
-0.0005099058402
-0.0004923041866
6.240842473e-06
-1.230681081e-09
-0.0008177755535
0.000870846299
-0.000490707323
1.247509247e-09
5.720298369e-06
-0.0007220996898
-0.000635665519
0.0004990331495
-0.0007272903836
1.165486303e-06
7.3724887e-10
-0.0004926680431
-2.255003892e-07
-0.0005002318601
8.153172189e-06
1.647764628e-06
0.000726840228
-0.0003481727091
-0.0003896076877
9.292403921e-06
5.95613326e-10
8.099727484e-06
9.175410842e-11
-0.0003470370322
-0.0003873226815
8.717004572e-06
-0.00049432584
0.0008472391924
0.0005072329477
4.130492857e-07
-0.0007197526569
-0.0006351321599
-0.0007935450136
-0.0009948204541
0.0009258972449
0.0008617643895
-6.148705212e-07
-0.0008482595309
-0.000818182542
0.0008718434776
2.580886928e-06
-0.0005099263771
-0.0004923358529
6.240870185e-06
-0.0008177479793
0.0008708260522
-0.000490725377
5.720001941e-06
-0.0007220872644
-0.0006356855991
0.0004990497465
-0.0007273059924
1.166519023e-06
-0.0004926621953
-2.256899507e-07
-0.0005002629223
8.152757261e-06
1.644949686e-06
0.0007268691469
-0.0003481782179
-0.0003896282721
9.29239334e-06
8.0992716e-06
-0.0003470415119
-0.0003873356419
8.716207463e-06
-0.0004943145263
7.520129639e-06
1.047738282e-09
-7.185485135e-07
-4.741216254e-05
-7.171614691e-07
-3.354072236e-07
-1.786626698e-06
3.48421362e-09
-1.024281625e-06
-3.379727565e-05
-7.432185121e-05
6.096719367e-05
1.222361732e-07
8.700332721e-05
2.86256088e-07
-4.351925947e-05
-6.04555421e-07
8.694228403e-05
-4.28736199e-05
-3.16149714e-07
-3.437970374e-07
-1.789117308e-06
-1.024147263e-06
-1.610289481e-07
1.61529506e-05
1.333627815e-10
1.563157153e-05
-0.0001644809797
-0.0001210115162
-6.550450551e-08
1.769351933e-09
1.311169315e-05
0.0001439215178
0.0001344301487
2.34738526e-09
-0.0002793162074
-1.175803386e-06
0.000166280773
-0.0003071501899
3.140658833e-07
0.000120902107
1.453899988e-05
1.643491219e-09
-0.0003073571656
2.042802954e-09
1.377357606e-05
1.371733661e-05
0.0005132663813
-0.0002519245999
-7.106112262e-07
-0.000272442116
1.181221921e-05
0.0003639609131
-0.000404162363
0.0004949698095
-0.0004556658066
-1.227042424e-06
-0.0005138670415
0.0003641700368
0.0005152121776
-8.501642051e-07
0.000253590574
-0.0002863986133
-0.0003707067082
0.0003628336731
0.0005131676554
-0.0002856072212
-0.0003713292682
-0.0002733928932
1.240581216e-05
-1.608542162e-07
1.615267203e-05
1.563144033e-05
-0.0001644795491
-0.0001210107993
-6.154551432e-08
1.311155338e-05
0.0001439147274
0.0001344311878
-0.0002793159576
-1.18484022e-06
0.0001662723583
-0.0003071360051
3.081590123e-07
0.0001208983397
1.453729682e-05
-0.0003073552362
1.377336168e-05
1.371626363e-05
0.0003421893978
-0.001376880329
-0.0003809000069
-2.875734126e-05
-0.00135012409
0.000453819306
0.001406005158
-1.146984675e-05
0.00153268568
-0.0004922726672
-7.282590206e-07
0.0004544999537
-0.001494184708
0.001459888038
-0.005529777337
0.001521442475
0.001350876012
0.001521467185
0.001362477206
-0.0004210729362
-0.0004165430556
-0.0004331958783
-0.0004155504505
0.001444320022
0.0003422169713
-2.873752541e-05
-0.001376911589
-0.0003808878771
-0.0004982693202
-0.001350149041
-1.146487474e-05
0.0004539882784
0.001405894958
0.001532703431
-0.0004923116183
-7.223661075e-07
0.0004545017569
-0.001494171204
0.0003297006271
-0.0015519113
-0.0003502950116
-1.313066911e-06
0.001568068262
-1.621923649e-06
0.0004462308871
0.001645580931
-0.00162468648
-4.032549809e-07
0.000390533074
0.0003531227259
-1.753979707e-05
0.001492827978
-0.0003840908856
0.001573796854
0.0003297064754
-1.306573244e-06
-0.001551910774
-0.0003502859802
-1.600448124e-06
0.001568065472
0.0004462601646
0.001645570427
-3.950713948e-07
-0.001624697813
0.0003905350391
0.0002690733941
-0.001614486377
-0.0002781627707
-2.235801273e-07
0.001660517816
-2.451570947e-07
0.0003692150968
0.001659128772
-0.001665776069
-1.27181176e-07
0.0002961059176
0.0003216025456
-7.938264621e-07
0.001589638024
-0.0003366498886
0.001623799356
0.0002691587007
-2.293315106e-07
-0.00161450536
-0.0002782233631
-2.397053464e-07
0.001660486436
0.0003692125866
0.001659097894
-1.087295428e-07
-0.001665794091
0.0002960337273
-3.732491843e-08
0.0009178084492
-0.00164958246
-0.001640396287
-0.001639053713
-0.001650407637
-0.0002459895206
-0.0002325759853
-0.0002312914197
-0.0002469314518
-6.3079776e-08
0.0002648298813
0.001647802593
-0.0002003951277
0.001595908537
0.0002240327018
-0.001619101232
-4.448772445e-07
0.0002625344668
-5.139812065e-07
0.001632412067
-0.0002706331961
0.0009174733391
0.00661845203
-0.001649577306
-0.00164033289
-0.001639047968
-0.001650402938
-0.0002459833152
-0.0002325058008
-0.0002311792859
-0.0002469331813
-0.0002535360558
-8.242632428e-08
0.0002649050803
0.001647811304
-0.0002002505789
0.001595911667
-4.299936164e-07
0.0002239214543
-0.001619152546
0.0003944380999
-0.001148528825
-0.0004311179028
-2.361372892e-05
-0.001033082231
0.0003594655197
0.001044759391
-4.6616174e-06
0.001157221688
-0.0005120938188
-4.744721437e-06
0.0004889242338
-0.001129307381
0.001434933428
-0.004655334384
0.001232366279
0.001131929385
0.001254264499
0.001118838444
-0.0003989456749
-0.0003557149739
-0.0003958256712
-0.0003665101082
0.001208785389
0.0003944716898
-2.361429283e-05
-0.001148545205
-0.0004310975804
-0.0003665036035
-0.001033092658
-4.656363815e-06
0.0003594500324
0.001044802593
0.001157250086
-0.0005121808892
-4.750822252e-06
0.0004889196838
-0.001129238058
0.0004883702038
-0.0013358979
-0.0005257648768
-1.724032822e-06
0.001190710357
-2.680074718e-06
0.0005322859225
0.001347472292
-3.562440333e-07
-0.001289178528
0.0006107940103
0.0004363598263
-1.299362231e-05
0.001248717434
-0.0004632982514
0.001375060973
0.00048836036
-1.738069873e-06
-0.00133593468
-0.000525748583
-2.681289432e-06
0.001190740967
0.0005322625895
0.001347500872
-3.649302263e-07
-0.001289165209
0.0006108415516
-0.0005362523899
-2.904160421e-07
-0.001506451996
-1.286716447e-07
0.001400466627
0.0006334930555
-2.086193278e-07
-0.001493805995
0.0006390092336
-3.123354882e-06
0.001418410553
-0.0005384955493
-2.557992169e-07
-0.0005364407062
-0.001506342
-1.603390162e-07
0.00140052632
0.0006335065062
-1.776675394e-07
-0.001493825617
0.0006389757918
0.0004906684741
-0.00160934638
1.630784224e-07
0.001636385979
-0.0005178932759
2.21255455e-08
-4.587608981e-07
-0.0004908384157
0.001623295047
0.0004593247302
-2.023247376e-07
0.001609859755
-0.0005626766862
-0.001567026042
0.001590923263
-0.0005199988053
2.055770815e-09
0.000478869766
-0.001550343002
0.001623044688
1.529964575e-08
0.0004580729873
-0.0005630373356
-1.196999694e-08
-0.001566498205
0.00163677436
-0.0005175899408
0.000342812251
-0.001619673537
7.986836008e-09
0.001586686426
-0.0003098305919
-2.536936717e-09
-7.14252213e-08
-0.0003422615337
0.001656671786
0.0003487600288
-1.94415459e-08
0.001619763035
-0.001640007389
-0.0003663981183
0.001663038167
-0.000387096687
-0.001660113629
-2.801563752e-09
0.0003840485884
0.001656699692
-1.963916903e-09
0.0003490812625
-0.001639803857
-0.000366980854
-4.959801126e-09
0.001586681558
-0.0003091720714
-0.001532885528
-0.0001596077485
-1.987477334e-07
1.448823877e-07
0.0008782140596
0.0001159165778
0.0007507364869
-8.426018427e-09
-0.0007834677593
7.770379791e-05
-2.92478623e-08
-0.0002256975711
0.00158465705
0.001492289298
-1.815333558e-07
-0.001532783847
-0.0001595745153
1.499693436e-07
0.0008782030563
0.0001159351179
0.0007508250589
-2.136707648e-08
-0.0007835013087
7.774896654e-05
-1.955114163e-08
8.463161946e-05
0.0001718286279
-2.50229585e-07
-0.000139827404
2.200174556e-08
8.457764668e-05
-0.0005433294919
-4.328108012e-06
-0.001085343573
-0.0009139274236
0.0003935900766
0.000916756015
-8.892881086e-06
-0.0005824091418
-1.296053316e-06
0.0005806384601
-0.0009306063067
-0.001004898566
-2.872528546e-06
0.001017901516
-0.0003766340231
-4.332097175e-06
-0.0005432873338
-0.001085386321
-0.0003875305988
-0.0009139875062
-8.882527153e-06
0.000393584052
0.0009168165803
-0.0005823312112
-1.315909335e-06
0.0005806725969
-0.0009305405342
0.0006518154619
-0.00110651507
8.516131914e-07
0.001151954046
-0.0006981090345
2.983634525e-09
-1.112178415e-06
-0.0006532701349
0.001199512607
0.0006090740362
-1.508521926e-06
0.001104566511
-0.0006319391504
-0.001065488185
0.001157110465
-0.0005915693573
3.291481784e-09
0.0005608290883
-0.001128395648
0.001200409411
1.684258914e-09
0.0006074026492
-0.0006296311492
9.604157738e-10
-0.00106996276
0.001151715456
-0.0006995674668
0.0007227055756
-0.001317603153
3.665416112e-07
0.001287409048
5.988832267e-09
0.001374115389
-0.0007324793124
1.094679171e-08
-0.001327795371
0.0006860769306
-2.306805362e-07
-0.000722337506
0.001402772747
0.0006948195182
3.606381982e-08
0.00131834224
-0.001284735467
0.001401657256
9.936029074e-09
0.0006949230979
4.137439008e-09
-0.001283683485
0.001289144096
1.966817086e-05
-0.0002219540475
-5.893236751e-08
0.0002204718226
-5.619818446e-09
0.0005219098936
-2.817666415e-06
-2.172521993e-09
4.786873037e-05
-4.474079912e-08
-1.934941758e-05
0.0004923420495
4.884948772e-05
8.590371176e-07
0.0002212137284
0.0004924655418
-5.873415035e-09
4.907364436e-05
1.660852627e-08
0.0002203878397
-3.310019903e-05
-0.0004615698036
-3.253178915e-09
5.29436069e-05
6.154669737e-08
0.000219396414
-0.0002168940999
-3.55063573e-05
0.0002193995431
-0.0002166813668
-3.576391685e-05
7.096276114e-09
1.447455214e-08
-4.809160908e-05
1.641368861e-09
-4.805859811e-05
0.0003365283326
-0.0008836238987
-0.0003186574306
-1.606007323e-05
-0.0008679096746
0.0001635714726
0.0008432429502
-3.166240067e-06
0.0007573935441
-0.0002214374964
-3.893266122e-06
0.0002633763626
-0.0007954391443
0.0009989852197
-0.003862316142
0.0009479553109
0.000896955991
0.0009820076954
0.0008714348916
-0.0002268615927
-0.0001911637501
-0.0002088365531
-0.0002081642282
0.0008816932753
0.000336542835
-1.60710054e-05
-0.0008835869256
-0.0003185781792
-0.0001356908542
-0.0008677883922
-3.183729596e-06
0.0001635360679
0.0008431269082
0.0007574770183
-0.0002214875942
-3.86656898e-06
0.0002633341892
-0.0007954570444
-9.470258825e-07
-0.0005700102677
-0.0008435896316
0.0007135430997
-2.216536492e-06
0.0003087192481
-3.100802172e-07
0.0004901936909
-0.0006145262089
-9.154446522e-06
0.0008682929818
-0.0003649758624
-9.380607885e-07
-0.0005699723661
-0.0008436169664
-2.188493837e-06
0.0007135998145
0.0003087481069
-3.102670199e-07
0.0004902005193
-0.0006145522602
0.0007647411114
-0.0006980700092
1.870936255e-07
-0.0007019801212
2.984857207e-10
0.0008280573491
-0.0006592446757
3.523018114e-09
0.0006636191772
-0.0008329865232
-2.049318694e-07
-0.0007659391395
0.0007758761687
-3.991747362e-07
0.0006981914915
-0.0006248115443
-0.0007334409292
8.654231331e-10
0.000774817109
-0.0006237033365
-2.531093184e-09
-0.0007340079942
-0.0007032260761
-0.0001730082312
-3.807645665e-06
-0.0007727801068
-0.0008294082257
3.676634815e-05
0.000795948476
-3.301984513e-06
5.960096662e-05
-3.860022435e-06
-0.0007240604874
-0.0008422051386
-3.177215792e-06
0.0008150617029
-0.0001053702007
-3.831772694e-06
-0.0001729802883
-0.0007727417414
-0.0008293492408
-3.307284463e-06
3.673540729e-05
0.0007959217083
-3.867988867e-06
5.96376265e-05
-0.000724066276
0.0002441153837
-0.0006301320621
9.107767367e-07
0.0005556643802
-0.0001705583369
-1.416183831e-10
-9.990714286e-07
-0.0002448711667
0.0006110223352
0.0003086746938
-1.751743339e-06
0.0006269589188
-0.0001415471032
-0.0006901756515
0.0006773945117
-0.0002059084355
6.851700934e-10
0.0002615813192
-0.0007348730565
0.0006129923321
-1.389106669e-10
0.0003075186351
-0.0001410884505
-1.085288237e-09
-0.000696702699
0.000554057303
-0.0001710587675
0.0006895079231
0.001187586165
-8.466030973e-07
4.110590959e-09
-0.00140199123
-0.0006641247981
-6.310042606e-09
0.0006777867513
1.965633413e-07
-0.00068951079
0.0006893579829
-4.129592022e-07
-0.001187476326
6.386275031e-09
0.0006893641294
3.485698115e-10
0.0007227215729
-0.001317604303
3.765838756e-07
0.001287416576
0.001374102923
-0.0007325096246
-0.001327736708
0.0006860756277
-2.56362767e-07
-0.0007223844137
0.001402785195
0.0006948824453
3.85789632e-08
0.001318350352
-0.00128478164
0.001401635273
0.0006949427986
-0.001283697048
0.001289161281
0.0006895212964
0.001187579529
-8.386504581e-07
-0.001401959775
-0.0006641505017
0.0006777806776
1.842636262e-07
-0.0006895507273
0.0006894334905
-4.192792471e-07
-0.001187467442
0.0006893874466
2.637941996e-05
0.0002195899529
-3.555956225e-08
-2.962542478e-09
-0.0004736845061
-3.293356119e-05
-6.403477479e-09
4.498752855e-05
-3.746829425e-08
-2.635302845e-05
4.49986564e-05
-5.903236338e-08
-0.0002196509343
-6.860258798e-10
4.512369193e-05
-7.706501014e-09
1.966424184e-05
-0.0002219382506
-6.851439115e-08
0.0002204638831
0.0005218915215
-2.821405645e-06
4.786103959e-05
-2.640641342e-08
-1.933555142e-05
0.0004922919403
4.883521162e-05
8.709892701e-07
0.0002211723576
0.0004924910301
4.903246135e-05
0.0002203645309
2.639524806e-05
0.0002195822084
-5.075679907e-08
-0.0004736683263
-3.289753516e-05
0.0004614619905
4.507191743e-05
-3.854844005e-08
-2.640526763e-05
4.50779853e-05
-1.163628802e-08
-0.0002195779418
0.0002167871856
4.517871769e-05
0.0002167297355
-0.0005869315813
-0.0006085465126
8.289751599e-07
9.535341556e-10
0.0005658512943
0.0004832466941
3.095469581e-09
-0.0005544047869
-3.695412338e-07
0.0005872592913
-0.0006448207753
-5.59538627e-07
0.0006094636503
8.948201953e-10
-0.0006451540612
-1.05159526e-09
0.0007647473063
-0.0006980798343
1.869317203e-07
-0.0007019862695
0.0008279835681
-0.0006592416419
0.0006637552317
-0.0008330585351
-2.098124968e-07
-0.0007659557995
0.0007758724189
-3.919603731e-07
0.000698218548
-0.0006248025192
-0.0007335032952
0.000774773949
-0.0006236513897
-0.0007340645801
-0.0007032359201
-0.0005869247654
-0.0006085528342
8.300872347e-07
0.0005658452863
0.0004832740521
-0.0005543917933
-3.775301145e-07
0.0005872365544
-0.0006447899618
-5.521804504e-07
0.0006094838048
-0.0006451075049
0.0004589436385
0.001646192207
1.291123107e-07
-0.0004688817284
2.749427894e-09
-3.28053772e-07
-0.0004588523459
0.0004355026708
-7.888102372e-08
-0.001646500926
-0.0004174823861
-0.001646824643
-0.000424352346
-3.818098509e-09
0.0004108530952
2.533470806e-09
0.0004348330924
-0.0004180364536
-6.430503208e-09
-0.0004684498065
0.001531480385
0.0005970848003
-1.558993021e-08
-0.001530993134
-9.559635754e-08
0.0005225367014
0.001488779474
0.0005232702269
0.001488534525
-2.70101451e-09
-0.001603913284
1.213734976e-07
0.001609160996
7.865869893e-09
-6.285749027e-08
0.001604507791
-0.001570493016
-2.501783905e-08
-0.001569903655
0.001609575939
-0.001407290924
0.0003734948296
-4.089125019e-09
0.001309000177
3.285410942e-08
0.0004442599486
0.000444931063
-1.732761336e-09
0.001585124796
8.505203029e-08
4.827470777e-10
-1.793466648e-08
-0.001585471137
0.001540776632
-5.428377973e-09
0.001540570668
0.0004906618578
-0.001609308338
1.930718362e-07
0.001636420873
-0.0005179453379
0.001590913832
-0.0005199858911
0.0004788690835
-0.001550313943
-4.834101489e-07
-0.0004908343072
0.001623294892
0.0004593437809
-1.074825139e-07
0.001609820567
-0.0005628202468
-0.001566989693
0.001623016453
0.0004580911236
-0.0005630264425
-0.001566387238
0.001636877378
-0.0005176980469
0.000458938379
0.001646201154
1.303324242e-07
-0.0004688462455
-0.001646800869
-0.0004243614064
0.001660114094
0.0004108416039
-3.283310078e-07
-0.0004588454788
0.0004355000307
-6.626703136e-08
-0.001646545769
-0.000417483247
0.001640036188
0.0004348281693
-0.0004180469444
0.001639813994
-0.0004683835354
0.001531508937
0.0005970431471
-0.00153097648
-8.56614582e-08
0.0005225329089
0.001488813756
0.0005232850429
0.001488534531
-0.001603937973
1.312235408e-07
0.001609154326
4.475640475e-08
0.001604603942
-0.001570943224
-0.001569901525
0.001609570031
-0.001407308802
0.0003735046876
0.001309004
3.943474462e-08
0.0004442378293
0.0004449104016
0.001585135381
8.358513217e-08
-8.110988307e-09
-0.001585507913
0.001540798866
0.001540579588
0.0002922089908
0.001543754316
3.004673598e-08
-0.0002493042513
-2.67998929e-09
-5.704565587e-08
-0.0002919740523
0.0003110362766
-2.672794112e-08
-0.001543768175
-0.0002142484026
0.00149397258
-0.001637565396
-0.0002647032746
-3.417873797e-09
0.001612392918
0.0002898001781
-2.681068426e-09
0.0003112889255
-0.0002149107845
-2.255003405e-09
0.001493937358
-0.000249030626
0.001214288021
0.0003109746543
-5.335071828e-09
1.232577832e-07
0.0002429326728
0.001120004987
0.0002434936886
0.001120221375
-3.321526436e-09
-0.001484656057
-4.827844517e-08
0.001418370265
-2.834343945e-09
8.615953014e-08
0.001484665009
-5.43262679e-09
0.001418377324
-0.001032569802
0.0001406486265
1.117321743e-09
0.0009465438146
1.131006497e-07
0.0001778333834
0.0001781471146
-3.480370907e-09
0.001347239676
-2.468984251e-08
-1.866543562e-09
1.04005701e-08
-0.001347155389
0.00127297614
-1.386191805e-09
0.001272989307
0.0003428138801
-0.001619678636
3.679837833e-09
0.001586727645
-0.0003098691164
0.001663055239
-0.0003870889334
0.0003840269962
-6.829922678e-08
-0.0003422657948
0.00165668609
0.0003487497033
-1.109286571e-08
0.00161977857
-0.0003663859297
0.001656741306
0.0003490575444
-0.0003669696377
0.001586767047
-0.0003092505985
0.0002922244074
0.001543756027
2.583899241e-08
-0.0002492813069
-0.001637533923
-0.0002646382566
0.0002896915475
0.001612417614
-5.764093492e-08
-0.000292012332
0.000311117022
-1.682991505e-08
-0.001543762795
-0.0002141983585
0.00149398157
0.0003113714623
-0.0002148716128
0.001493970297
-0.000248982244
0.001214298537
0.0003109635925
1.344515206e-07
0.0002429318837
0.001119983798
0.0002434917592
0.001120235092
-0.001484663039
-5.547777723e-08
0.001418338316
9.493860179e-08
0.001484675865
0.001418301666
-0.001032542656
0.0001406475794
0.0009465633493
1.199763738e-07
0.0001778710912
0.0001781648913
0.001347244851
-2.482600427e-08
1.222587424e-08
-0.001347165683
0.001273003516
0.001273031657
-0.0007366502383
-0.001259799136
2.449507095e-09
0.0006682531539
-3.764726806e-07
-0.001215613448
-0.0008056588878
-0.001215030852
-0.0008056812094
1.864763617e-09
0.0007039333206
4.346828044e-07
-0.0007674476696
2.859539341e-09
-5.726306663e-07
-0.0007045505343
0.0006447996125
2.517588373e-09
0.0006439684434
-0.000768013844
0.0009396345729
0.0006584061315
4.36520366e-09
-0.0009351303786
-3.400521671e-07
0.0007475602586
0.0009680966027
0.0007464657242
0.0009676523169
-6.409569761e-09
-0.001031562873
5.628063056e-07
0.001079357437
-6.787082989e-10
-9.576015033e-07
0.001030966853
-0.001001797885
-3.880451654e-09
-0.001003741607
0.001079522456
0.0008609239893
-0.001007652309
7.448252084e-09
-2.522702231e-07
-0.00114308698
-1.69668261e-07
0.0008313334938
-0.001142339239
3.955136825e-09
0.000830678793
-2.152998085e-09
2.448723929e-07
4.449408614e-09
0.0006518089146
-0.001106504963
8.554740032e-07
0.001151989896
-0.0006981463378
0.001157091552
-0.0005916079498
0.0005608028532
-0.001128311923
-1.11594623e-06
-0.0006532587178
0.001199522011
0.0006090388045
-1.508154982e-06
0.001104549118
-0.0006319213532
-0.001065524338
0.001200415018
0.000607371181
-0.0006296165968
-0.001070003509
0.001151791512
-0.0006996456382
-0.0007366319446
-0.001259828673
0.0006683270841
-3.873508474e-07
-0.001215649708
-0.0008056485075
-0.001215054996
-0.0008056594832
0.0007039290057
4.41519209e-07
-0.000767432764
-5.787554688e-07
-0.0007045423987
0.0006447689671
0.0006439391092
-0.0007679590774
0.0009397066912
0.0006583291267
-0.0009349904218
-3.248853115e-07
0.00074754549
0.0009681539579
0.0007464555543
0.0009676937917
-0.001031568411
5.591170641e-07
0.001079317834
-9.489371173e-07
0.001030982704
-0.001001877037
-0.001003808695
0.001079441676
0.0008609379415
-0.001007664219
-2.635308774e-07
-0.001143090206
-1.661139832e-07
0.0008313570826
-0.001142326356
0.000830687358
2.505244514e-07
4.884484284e-05
-7.595268288e-06
-9.756713814e-10
6.527800706e-08
7.193878253e-05
1.020047611e-07
6.817439126e-05
7.190617356e-05
6.417749087e-09
6.828860269e-05
-1.3901587e-09
6.678255613e-09
-2.09469038e-11
-3.312858356e-05
5.280919897e-05
2.034209338e-08
0.0002194007115
-3.562035701e-05
0.000219419384
-3.579079576e-05
2.882312604e-08
-4.808993673e-05
-4.805957328e-05
4.885725227e-05
-7.573695197e-06
3.755721635e-08
7.19197734e-05
9.038510179e-08
6.817549118e-05
7.191763258e-05
6.827028711e-05
1.421658222e-09
-0.0003439263639
-0.0005401228914
-9.975180925e-10
0.0004280117221
-3.249336776e-07
-0.0004692744014
-0.0002458416189
-0.0004702026854
-0.0002453961975
1.286108229e-09
0.0002897064547
5.223041407e-07
-0.0002047668592
-2.028473405e-10
-6.131840055e-07
-0.0002905124303
0.0003629858746
-5.964697805e-10
0.0003619633102
-0.0002052072218
-0.0006109613939
-8.762851677e-05
9.194347533e-07
0.0005271109262
1.214293776e-09
-1.732681614e-06
0.0006074680215
-0.0006740783454
-9.156482364e-07
8.789097686e-05
0.0005098721814
7.299960598e-05
0.0006003094931
1.24136249e-09
-0.0006750299355
1.060753311e-09
-0.0006807839744
0.0005117706613
7.661952107e-10
0.000525219674
0.0001261341234
-0.0004059062469
2.16835557e-09
-4.79482265e-07
-0.0004261469681
-0.0004271004658
1.747437348e-09
-0.0001053143311
5.56429309e-07
1.506052536e-09
-5.62118545e-07
0.0001055780789
1.986533265e-09
0.0002441103282
-0.0006301441799
9.109820815e-07
0.0005556762978
-0.0001705535655
0.0006773254068
-0.000205933108
0.0002615520942
-0.0007347712375
-1.01062851e-06
-0.0002448758703
0.0006109530883
0.0003086814877
-1.742362829e-06
0.0006269955982
-0.0001415475484
-0.0006902424155
0.0006129413873
0.0003074835834
-0.0001410335769
-0.0006967871523
0.0005540753072
-0.0001710445926
-0.0003439576716
-0.0005401042642
0.0004279848856
-3.304677134e-07
-0.0004693231798
-0.0002458804566
-0.0004702324402
-0.0002453836792
0.0002896981669
5.192761228e-07
-0.0002047737845
-6.131194504e-07
-0.0002904972681
0.0003629638293
0.0003619215751
-0.0002052258622
-0.0006109630574
-8.762515216e-05
9.219317709e-07
0.0005271139324
7.296613384e-05
0.0006003087077
-0.0006750026227
-1.735615449e-06
0.0006074709925
-0.0006740808395
-9.17897851e-07
8.788249048e-05
0.0005098647504
-0.00068076505
0.0005117719108
0.0005252308286
0.0001261362063
-0.0004059101298
-4.896611125e-07
-0.0004261441963
-0.0004270906201
-0.0001053117997
5.628399128e-07
-5.655408306e-07
0.0001055763862
-0.001303897173
-2.359326225e-09
0.005718164939
-1.848652624e-08
2.864645655e-09
0.005884408388
-0.0003453438115
-0.0003851967011
-0.000397413581
0.0057005458
-0.001322749243
-0.001303901954
0.00584905675
0.005718319551
0.005884561116
-0.0003852006915
-0.0003453288853
-0.0003973941041
-0.001201259371
-1.226941763e-08
0.006047860017
-1.918242529e-08
-0.0003472525269
-0.0003734093111
-0.0003542613538
-1.229234384e-08
0.00619055425
-0.0003417627397
-0.000329692994
-0.0003427849445
0.005967075062
-0.001264662359
-0.001201255178
0.006093827656
0.006047921974
-0.00037340766
-0.0003472627396
-0.0003542492809
0.006190609833
-0.0003296755462
-0.0003417683749
-0.0003428049165
-0.001026142585
-1.72735052e-08
0.006307478849
-8.050189892e-09
-0.0002982508572
-0.0003206851907
-0.0002973014724
-1.278379888e-08
0.006396505409
-0.0002897440556
-0.0002678682352
-0.0002884706605
0.006189848849
-0.001120986942
-0.001026166467
0.006279157841
0.006307556865
-0.000320634378
-0.0002983335409
-0.0002973715609
0.006396564266
-0.0002679439746
-0.0002896749239
-0.0002884090545
-0.0008641327207
-1.469818726e-07
0.006474327355
-2.248147122e-08
-0.0002394368579
-0.0002615429756
-0.0002382913791
-1.138829991e-07
0.006360548605
-0.0009235002174
-0.0008649126735
0.006474865007
-0.0002614146718
-0.0002395295312
-0.0002383447584
-0.001450792241
1.747307926e-09
0.004904721278
6.087150347e-09
4.784617275e-09
0.005079090034
-0.0003789087362
-0.0004275606314
-0.000424258311
0.005011088181
-0.001347934856
-0.001450803326
0.005183350539
0.004904586246
0.005078969241
-0.0004275851264
-0.000378877358
-0.0004242473686
1.05476176e-08
-0.0003943923142
-0.0004340810176
-0.0004432737857
-0.0003904548231
1.517936967e-08
-0.0004313139859
-0.000450030962
-0.0004360216345
0.001244853631
0.001379954004
0.001390728983
0.001244436692
0.0004402090639
-0.001283793941
-1.816901309e-05
0.005310485484
-0.001572777202
-0.0003944065485
-0.0004340759018
-0.0004432477968
-0.0003904242512
-0.0004499295853
-0.0004314341628
-0.0004361470874
0.001244910738
0.001379994581
0.001390728295
0.001244444272
-1.818222041e-05
0.0004402256936
-0.001283832158
0.0003742738523
-0.001542499416
5.422839846e-06
0.001559951819
-0.0003971477665
-1.328880918e-09
-6.732606043e-06
-0.0003766391282
0.001528940234
-1.432396724e-05
0.001516101436
-0.001467074122
-0.0004187829288
0.001531839058
-0.0003873086347
-0.001535473088
1.15501154e-09
0.001545122453
-3.514805132e-09
-0.001536858597
-0.0004072748315
1.406627659e-09
0.001549720915
-0.0004048357767
0.0003107433118
-0.001613456763
5.497495457e-07
0.00162620568
-0.0003240404554
-1.522635694e-09
-3.685442204e-07
-0.0003118673076
0.001603605748
-7.943393979e-07
0.001612675652
-0.001595687649
-0.0003528593166
0.001590889902
-0.000335634163
-0.001576736169
-2.182417704e-09
0.001603963954
-7.576299432e-10
-0.001597655037
-0.0003522280387
-2.188904132e-09
0.001625932778
-0.000324574677
0.0002458835796
-0.001646932107
4.793080253e-07
-0.0002490092017
-4.052710042e-09
-1.798778143e-07
-0.0002472579986
-6.780858836e-07
0.001647830703
-0.001644906632
-0.000272965538
0.001631637335
-0.0002700125301
-0.001623692549
-6.339188061e-09
-4.056975705e-09
-0.00164479412
-0.0002728239528
-4.639573399e-09
-0.0002493556033
0.0001886069122
-6.33440606e-07
-0.0001981321395
-0.0001965558883
-6.536801059e-07
0.0001886917339
-0.001316326945
-1.685421156e-08
0.004417283958
-6.631232748e-09
-3.045845128e-08
-0.001304952931
0.001061265623
0.001143093703
0.001168498851
0.004561927273
-0.001162878598
-0.001316555627
0.004417101389
-0.001141560201
-0.00130541825
0.001143084444
0.001061263171
0.001168493287
0.0004756490325
-0.001257276786
2.568842497e-06
0.00129747158
-0.0005184182154
5.545769731e-09
-2.393824882e-06
-0.0004744161846
0.001294125536
-9.216015349e-06
0.001239171675
-0.001191831217
-0.000501421788
0.001274385932
-0.0004675774848
-0.00126983364
4.295660508e-09
0.001311614886
4.620477823e-09
-0.001239127834
-0.0004949457044
3.249784869e-09
0.00128933563
-0.0005220112919
0.0005394672827
-0.001415802724
8.576431501e-07
0.001465376901
-0.0005899100573
1.095446471e-08
-1.480422603e-06
-0.0005423721557
0.0005013010658
0.00146095908
-1.225395115e-06
0.001416146532
-0.001369760725
-0.0005836720148
0.00141999357
-0.0005349775028
0.0004884988275
-0.001376630466
5.677207918e-09
0.0004958707726
0.001462106646
3.012869966e-09
-0.001369189854
-0.0005828294172
1.365133405e-08
0.001465510383
-0.0005908783544
4.829007746e-08
0.001445994953
-0.0001776990554
-0.000225820762
0.001584517662
0.0002536837648
3.974960308e-09
0.00144615877
-0.0001779982912
4.407226892e-09
0.0002122495142
7.67214499e-09
0.001395383688
-0.0001614762539
-5.850207418e-09
-5.609606928e-08
-0.0002117367126
0.0002385599885
0.00155791377
0.0002388571789
0.001557858661
-4.780559741e-09
0.00139548265
-0.0001612167322
-2.935585563e-07
-6.56210766e-08
-0.001308518528
-0.0001104470852
0.001460169417
-0.0001395355576
-0.001492113813
3.772226124e-09
0.0001712426012
-0.001308424149
-0.0001103187029
1.593567367e-09
6.774750602e-09
0.0009974053017
0.001107575108
0.001090932528
-0.0003336304493
-0.0003583615202
-0.0003414398869
-0.0003112458273
6.11504554e-08
0.0009138472797
0.001004697516
0.001029762079
0.0009417254322
0.0003437617655
-0.0009044553166
-1.67055422e-05
0.004161269468
-0.001103693954
0.001107680924
0.0009972208854
0.001090703777
-0.0003335380432
-0.0003582929118
-0.0003414847901
-0.0003113304075
0.0009139050607
0.001004722364
0.001029816883
0.0009417947786
-1.669126714e-05
0.0003437685787
-0.0009045219866
0.0004477906809
-0.001081909525
1.493994883e-05
0.001052045724
-0.0004328674467
6.180023382e-10
-1.943663625e-05
-0.0004358183868
0.0004228629659
0.001050281692
-5.995173206e-07
0.001003485063
-0.0003821961497
0.001110111369
-0.0004219971207
0.0004165709591
-8.527966176e-10
0.000441017374
0.001097446777
1.272009337e-09
-0.0004135768045
3.178937016e-09
0.001017769299
-0.00043516266
-0.0006324759548
-2.63248696e-08
0.003826427058
-3.258701983e-09
-3.790988678e-09
-0.000457702497
0.0008767009909
0.0009510489881
0.0009559977434
0.003992245663
-0.000518849755
-0.0006320826051
0.003825938289
-0.0003790293671
-0.000457581138
0.0009508845092
0.0008767541036
0.0009560060324
0.0004242544366
-0.000834766735
2.829941191e-06
0.0008039774731
-0.0003962949868
-1.28917901e-10
-3.421409594e-06
-0.0004273721912
0.0004446476017
0.0008544758483
-7.424806684e-06
0.0008239545624
-0.0008369037438
-0.0003445271604
0.0008825973728
-0.0003614898841
0.0003889889197
-0.0009192384319
5.956873089e-10
0.0004433260024
0.0008601059772
-1.583480636e-09
-0.0008657244429
-0.0003379565135
-4.74319817e-10
0.00079939492
-0.0003999826133
-0.0002402504552
-4.652165197e-09
0.0008375547891
0.0009199358954
0.000915739149
0.003691416418
-4.018413792e-09
-2.421127351e-09
0.0008206072355
0.0009056629265
0.0008955098193
0.003732814382
-0.0001976047923
-0.000240149912
0.0009200416993
0.0008374824998
0.0009156491726
0.00369144292
0.0009055797161
0.0008207232258
0.0008956435529
0.0001306724672
-0.0008754696367
1.579651757e-05
0.0008181580013
-8.915890332e-05
1.554111687e-09
-1.569140422e-05
-0.000126770886
0.0001598325596
0.0007976129605
-3.420117974e-06
0.0008079403304
-7.236895841e-05
0.0008828248474
-0.0001170322296
0.0001509508552
-1.902873263e-09
0.0001655401911
0.0008322647909
9.379060526e-10
-8.018282432e-05
-3.006783763e-12
0.000783774124
-8.680814951e-05
0.0004259676482
0.001542463362
-3.812820441e-06
-0.0004431692239
-9.122835791e-09
-5.055672859e-06
-0.0003663156932
-2.219973707e-05
-0.001401276738
-0.0004244976548
-0.001544974541
-0.0004044527548
1.616112388e-10
1.349161849e-09
-0.0004210482425
5.182313756e-10
-0.0004090320647
-0.001426782486
-0.00045861936
2.946134136e-06
0.001461371918
1.231404368e-09
-1.436749221e-05
0.001394174872
-0.001342469063
-3.052403968e-06
0.0004583250306
0.001452033595
0.0004560051295
0.001426241329
4.640861275e-10
-0.001405217946
7.798409016e-10
-0.001418292748
0.00146044414
-3.806306709e-09
0.001439856433
0.0004549537403
-0.001495701076
-8.446388371e-09
0.001532381311
-0.0004923537894
0.00148641435
-0.0004629688667
-5.230169137e-06
-1.262151812e-08
-2.556117051e-06
-0.001481679815
0.001514238228
3.856039618e-07
0.0004560856083
-0.0004986223285
-9.328331299e-09
0.001517773063
-1.321728733e-08
-0.0004978269777
0.0004259471901
0.001542430894
-3.820016125e-06
-0.0004431247183
-0.001544967101
-0.0004044378088
0.001535466856
-5.054516637e-06
-0.0003663099459
-2.218000876e-05
-0.001401300523
-0.0004244721826
0.001467064836
-0.0004210337591
0.001536847353
-0.0004089532759
-0.001426868034
-0.0004586348432
2.943612724e-06
0.001461487558
0.0004561159209
0.001426166901
-0.0004885262774
-0.001405220963
-1.435671e-05
0.001394324399
-0.00134252247
-3.049588969e-06
0.0004583559556
0.001451897645
-0.0005013090569
-0.001418303925
0.001460327873
-0.0004958492113
0.001440073515
0.000454951805
-0.001495684497
0.001532366619
-0.0004923647395
0.001486415807
-0.0004628213432
-5.244240155e-06
-2.546765033e-06
-0.001481673728
0.001514250067
4.192368344e-07
0.0004557977268
-0.0004984905244
0.001517777762
-0.0004977719448
0.0003595226545
0.00157914665
2.176531224e-06
-0.0003808927947
-1.226542849e-09
-2.697724939e-06
-0.0003620360804
-1.248384101e-06
-0.001574684819
-0.0003700494617
-0.001559164203
-0.0003485749926
-3.034150823e-09
-1.752179113e-09
-0.0003683291814
-2.568713017e-09
-0.0003848234393
-1.18775684e-06
0.0004311310374
0.001597449709
0.001567937641
0.0004416955466
-4.037670902e-09
0.000427206785
0.001597611762
4.32049681e-09
-0.00154820651
2.279736847e-06
0.001575986063
-2.754405676e-10
-3.993453989e-06
0.001545679639
-6.189870529e-09
0.001574254638
-6.721894756e-07
0.0004089380896
-0.001624976365
0.0003896857598
-3.234160498e-09
0.001645743682
0.0004067963967
-9.307655708e-11
0.001600748434
1.140147867e-06
1.08942403e-09
-6.893674848e-07
-0.001599509445
0.001620682425
-2.631930383e-09
0.001621418286
0.0003742720791
-0.001542499325
5.419162338e-06
0.001559957674
-0.0003971509272
0.001531835559
-0.0003873150066
-6.726361468e-06
-0.0003766368173
0.001528928419
-1.432450018e-05
0.00151611046
-0.0004188120107
0.001545128484
-0.0004072900744
0.001549737882
-0.0004048450797
0.0003595258697
0.001579147006
2.175990763e-06
-0.0003808924099
-0.001559146063
-0.0003485708667
0.001576731788
-2.701629954e-06
-0.0003620491021
-1.244792392e-06
-0.001574684609
-0.0003700445377
0.00159568796
-0.0003683268341
0.001597655622
-0.0003848198222
0.001567933002
0.0004416982133
-1.192598202e-06
0.0004311151451
0.001597486707
0.0004271903235
0.001597645527
-0.001548205215
2.276180899e-06
0.001575968154
-3.974495971e-06
0.001545672715
0.001574218964
-0.001624985064
0.0003896872217
0.001645741144
-6.731152618e-07
0.0004089620423
0.0004068154274
0.001600746616
1.145655283e-06
-6.855382431e-07
-0.001599506842
0.001620682886
0.001621418836
0.0002995275877
0.0016362366
4.839406805e-07
-0.0003100397942
-2.654932686e-09
-3.930342769e-07
-0.0003002316411
-4.599979477e-07
-0.001636240476
-0.0002863689147
-0.00161463133
-0.0002771497017
-3.327982351e-09
-3.48153132e-09
-0.0002861646742
-2.543580743e-09
-0.000310055408
-1.480118739e-07
0.0003372316316
0.001672194224
0.001660508705
0.0003690403192
-1.914213527e-09
0.0003371202659
0.001672322813
-1.127352986e-09
-0.001637808748
2.643270866e-07
0.001650625892
-1.662948571e-09
-4.24040924e-07
0.001637462244
-2.228321436e-09
0.001650383519
-1.273868085e-07
0.0003175818212
-0.001665743945
0.0002964385051
-3.074539577e-09
0.001658981515
0.0003177426981
-2.290812685e-09
0.001658099505
2.330995023e-07
-3.812103146e-09
-2.087498457e-07
-0.001658143034
0.00166808879
-2.247739212e-09
0.001668166837
0.000310753536
-0.001613457379
5.49459566e-07
0.001626196099
-0.0003240432391
0.001590928749
-0.0003356273353
-3.750733694e-07
-0.000311895227
0.00160357479
-7.916506845e-07
0.001612679247
-0.0003528495175
0.001603934902
-0.0003522229293
0.001625911989
-0.0003245785018
0.0002995213789
0.001636237137
4.819141187e-07
-0.0003100469883
-0.001614655268
-0.0002772037843
0.00162368242
-3.884642522e-07
-0.0003002170257
-4.638986369e-07
-0.001636253223
-0.0002864464413
0.001644940203
-0.0002862277522
0.001644794654
-0.0003100763497
0.001660490651
0.0003690358665
-1.482744183e-07
0.0003372986976
0.001672085717
0.0003371806054
0.001672218187
-0.001637807582
2.668394019e-07
0.00165067644
-4.219561044e-07
0.001637467913
0.001650454944
-0.001665772105
0.0002963437792
0.001659008072
-1.210483022e-07
0.0003175296995
0.0003176942041
0.001658096799
2.230413047e-07
-1.99219829e-07
-0.001658131341
0.001667917845
0.001668011371
0.0002649288216
0.001647669884
3.482552316e-09
-0.001660055464
-0.0002449544396
1.811578797e-07
0.001655823091
-3.549276376e-09
-2.163637932e-07
0.001660169491
-1.329372666e-07
0.0002450916963
0.001641403809
-1.201377501e-10
0.001641444012
-4.312142001e-09
0.001656086748
0.001646703616
-0.0002371633605
3.003512437e-07
-7.046731893e-09
-2.653585255e-07
-0.001647098705
0.001638820774
-3.109305746e-07
0.0002376430584
-0.0002150295457
0.0002232699037
-0.001618902078
-4.068252e-09
-0.0002003789182
0.001595570295
-7.26376787e-09
0.001638424
-3.780903064e-09
-0.0002149285883
0.0002458843505
-0.001646932512
4.769040213e-07
-0.0002490101
0.001631696472
-0.0002699490478
-1.840403668e-07
-0.0002472663138
-6.623331824e-07
0.001647836612
-0.000272867283
-0.0002727538631
-0.0002493557317
0.0002650127712
0.001647683563
-0.0002537672016
-0.001660055327
-0.0002449674531
1.767083779e-07
0.001655832418
-2.148343084e-07
0.001660170476
-1.254873921e-07
0.0002451152565
0.001641330999
-0.0002385094679
0.001641393225
-0.0002388069229
0.001656106724
0.001646703257
-0.0002371544791
2.932899285e-07
0.0002231484647
-0.001618958457
-0.0002002343515
0.001595610273
-2.52735993e-07
-0.001647085706
0.00163875408
-3.107857162e-07
0.0002376188496
-0.0002151296151
0.001638412453
-0.0002150342635
0.0004434076414
0.001239766197
5.927911983e-07
-0.0004513954949
1.257473525e-09
-4.982452152e-06
-0.0003905083901
-1.619421093e-05
-0.001140381769
-0.0004663731417
-0.001268427407
-0.000452582109
1.509876441e-09
9.284770616e-10
-0.0004681396641
1.69154248e-09
-0.0004114468661
-0.001175976384
-0.000424802945
1.807659463e-05
0.001183747412
1.759978245e-09
-6.216707248e-06
0.001071193832
-1.945165764e-05
0.0003997864959
0.001087287523
0.0004095435136
0.001145461053
-1.517630827e-09
-7.086576316e-10
0.001142222387
1.435365891e-09
0.001122532339
0.0004911568334
-0.001150932456
2.315072163e-09
0.001165774055
-0.0005107454778
0.00117787483
-0.0004525119925
6.987633057e-06
1.438873807e-09
-5.544071881e-06
-0.001157200232
0.001185295388
-1.157342529e-05
0.0004391271436
-0.000469573582
1.187349994e-09
0.001195346725
1.656333843e-09
-0.0004727971542
0.0004434087438
0.001239774058
5.940804636e-07
-0.0004514093674
-0.001268443773
-0.0004525590333
0.001269804887
-4.983018493e-06
-0.0003905101621
-1.619649711e-05
-0.001140396046
-0.0004663567237
0.001191851684
-0.0004681277993
0.001239148005
-0.0004114736947
-0.001175979108
-0.0004247946286
1.807576025e-05
0.001183754057
0.0004095251402
0.001145489304
-0.0004165878786
-6.212937964e-06
0.00107121117
-1.945086734e-05
0.0003997763403
0.00108729357
-0.0004228164475
0.001142209503
-0.0004409642593
0.001122553161
0.0004911657166
-0.001150876753
0.001165798352
-0.0005108358358
0.001177883417
-0.0004525254324
6.988127784e-06
-5.545647426e-06
-0.001157220112
0.001185328713
-1.157476049e-05
0.0004391525268
-0.0004695222584
0.001195376864
-0.0004727657915
0.0005096781947
0.001329004763
-4.533112937e-07
-0.0005407646138
6.548464315e-09
4.774628374e-06
-0.0005021512203
0.0004556042298
-5.455201761e-07
-0.001327874295
-0.0005671057844
-0.001337800881
-0.0005266721345
7.218189425e-09
0.0004861112971
4.170286847e-09
0.0004882626587
-0.0005674135897
1.084118243e-08
-0.0005411431975
-1.510840082e-06
0.0005663424866
0.001234952743
0.001194652563
0.0005292699029
5.945490624e-10
0.0005638865236
0.001236657017
8.26968279e-10
-0.001225636456
1.918290147e-06
0.001269183703
2.770814043e-09
-4.033206845e-06
0.001220192723
1.254239825e-09
0.001266442201
-0.001289416311
0.0006102977718
1.106697686e-08
0.001347004376
-6.935805983e-07
0.000591267404
0.0005905116545
3.911631713e-09
0.001318319521
6.034862978e-07
7.732896376e-09
-3.490036261e-07
-0.00131716989
0.001361207116
1.33831222e-08
0.001360841314
0.0004756641294
-0.001257284959
2.579136725e-06
0.001297489621
-0.0005184423792
0.001274480742
-0.000467594766
-2.402388267e-06
-0.0004744470965
0.001294132754
-9.220032457e-06
0.001239189914
-0.0005014164532
0.00131160002
-0.0004949485082
0.001289381724
-0.0005220597711
0.0005096714379
0.001329019518
-4.42717209e-07
-0.0005407520687
-0.001337815499
-0.0005266576574
0.001376645196
0.0004860971053
4.767596723e-06
-0.0005021414513
0.0004555719278
-5.633709762e-07
-0.001327915974
-0.0005671054032
0.001369836164
0.0004882277254
-0.0005674179898
0.001369227318
-0.0005411184178
0.001194674602
0.0005292458998
-1.512187392e-06
0.0005663001897
0.001234991765
0.0005638437325
0.001236690686
-0.001225641192
1.921053289e-06
0.001269124261
-4.034315318e-06
0.001220209156
0.001266370623
-0.001289391778
0.0006103342081
0.001347030784
-6.978471914e-07
0.0005912933651
0.0005905440811
0.001318312112
6.118944225e-07
-3.686893476e-07
-0.001317157462
0.001361262297
0.001360873023
-2.579702553e-07
-0.001516630451
-0.0005863900088
-0.0005362790863
-0.00150668905
-1.907306302e-08
-0.001516339394
-0.0005866240092
-7.185476058e-08
0.0005427585235
3.523666893e-07
-0.0005940389885
-3.439325874e-08
-3.712619249e-07
-0.0005437439799
-2.211495133e-08
-0.0005945116767
0.001399704955
0.0006332353857
1.229165645e-08
-2.177679973e-07
0.0006443998438
0.001451104069
0.0006442161832
0.001450183826
1.027704339e-08
-0.001410815187
3.899077347e-07
0.001464714723
1.668413023e-08
-4.148757127e-07
0.00141144303
1.722182781e-08
0.001465354432
-0.001492858158
0.0006394706436
-2.748668478e-08
-2.472445085e-08
0.0006466807826
0.0006466633614
1.714096877e-09
-2.159172764e-07
-0.001517657869
-0.001517203067
-6.986718427e-08
1.343242151e-07
1.708643608e-09
0.0005394641464
-0.001415847976
9.078749436e-07
0.001465433423
-0.000589946508
0.001419977153
-0.0005349759148
-1.50766893e-06
-0.000542347585
0.001460956746
-1.25089983e-06
0.001416280652
-0.00058368914
0.001462087435
-0.0005828338202
0.001465784795
-0.0005909438517
-0.0005363382193
-0.001506615334
-1.423022472e-08
-0.001516886004
-0.0005865301646
-0.001516247586
-0.0005865639539
0.0005426631934
3.730082734e-07
-0.000593884749
-3.412358979e-07
-0.0005435345397
-0.0005942627375
0.001399730024
0.0006332283403
-2.538209594e-07
0.0006444992152
0.00145116337
0.000644250505
0.001450178775
-0.001410836046
4.555221704e-07
0.00146470121
-4.487201428e-07
0.001411528382
0.00146553927
-0.001492889249
0.0006394882933
-4.539378215e-08
0.000646816639
0.0006466332947
-9.313390934e-08
-0.001518404461
-0.001517140183
3.112878073e-07
0.000190378281
0.001350523796
3.139938277e-09
-0.0001455169699
-4.560922898e-09
-9.651966917e-08
-0.0001899048018
-6.6883582e-08
-0.001350546108
-0.000117513308
-0.001533216129
-0.0001594718795
-3.480821027e-09
-4.284146224e-09
-0.0001174384276
-6.748130491e-10
-0.0001449651184
0.0008782330291
0.0001163278994
-3.499501064e-09
5.390553664e-08
9.825149082e-05
0.0008287581429
9.836554163e-05
0.0008289999459
-4.917205553e-09
9.073629318e-08
0.001211102937
0.00121140949
1.582990506e-10
-2.587829709e-08
0.001148328408
-3.756192161e-09
0.001148111819
-0.0007836071049
7.771306096e-05
2.509932528e-09
0.0007508706214
2.978539902e-08
9.025925824e-05
9.054863959e-05
-2.334148403e-09
0.001093384447
-2.047110391e-08
-3.891597885e-09
-3.848426056e-08
-0.001093385466
0.001053614448
1.124312357e-09
0.001053619464
-0.000225879801
0.001584504943
2.129878835e-08
0.001446065714
-0.0001778030193
0.001446214368
-0.0001780981605
0.0002122506558
-8.922785878e-10
0.001395389463
-0.0001614307092
-4.895811086e-08
-0.0002117393908
0.001557935932
0.001557894939
0.001395495331
-0.0001611699016
0.000190365192
0.001350523145
-2.70458019e-09
-0.0001455007094
-0.001533127136
-0.0001594279852
0.001492135776
-9.4449065e-08
-0.0001898830752
-6.659236742e-08
-0.001350542799
-0.0001175397325
0.001308574607
-0.0001174669931
0.001308494907
-0.0001449332522
0.0008782433118
0.0001163275448
7.268494205e-08
9.831876705e-05
0.0008286468115
9.843012543e-05
0.0008289134105
7.770701187e-08
0.001211057913
0.001211338901
-3.286012333e-08
0.001148367411
0.001148173917
-0.0007836180013
7.777767923e-05
0.0007508933676
3.113007805e-08
9.019235147e-05
9.050293394e-05
0.001093389971
-2.424103306e-08
-4.859546536e-08
-0.001093408769
0.001053666594
0.001053653194
8.520044392e-05
-7.680810949e-09
-1.330969054e-10
-2.960062694e-09
-0.000139592676
0.0001712938435
-7.52410276e-08
-0.0001104887614
-0.0001103278697
8.514763855e-05
1.052537398e-08
-3.332447632e-06
-0.001036586853
-0.0005688983763
-0.000539409693
-0.001104061065
1.521052705e-09
-0.001048450699
-0.0005642522157
-1.982936965e-09
0.0004907702621
8.773399491e-06
-0.0004959493142
6.828135678e-10
-1.13576628e-05
-0.000493277801
1.1600299e-09
-0.0005033219492
-0.0009896911961
-0.0004437122633
4.826272041e-06
0.0009957085867
1.157674218e-09
-5.260325953e-06
0.0009751493378
-0.0009584950825
-3.796942161e-06
0.0004432354922
0.0009219650649
0.0004034971408
0.0009322073265
-1.212374595e-09
-0.0009556072182
1.462053704e-09
-0.001005032644
0.0009280251321
-1.00713289e-09
0.0009880484466
0.0005780283219
-0.0009339525913
3.487930163e-09
-0.0005805056486
-1.867736083e-06
-0.0009881900628
-0.0009918318961
-1.337191622e-09
-0.0004957205532
3.646623554e-06
1.309280607e-09
-2.300447657e-06
0.0004998169364
-0.00050615773
1.503674762e-09
-0.0005039499622
0.0004477813155
-0.001081874964
1.493952645e-05
0.001052020807
-0.0004328660556
0.001110086951
-0.0004218672792
-1.943410901e-05
-0.0004357872729
0.001050306452
-6.035916851e-07
0.001003405389
-0.0003822149319
0.001097471176
-0.0004136388728
0.0010177169
-0.0004351592495
-0.0005393694481
-0.001104108886
-3.322159721e-06
-0.0010366484
-0.0005688411125
-0.001048507538
-0.0005641895574
0.0004907575961
8.770685925e-06
-0.0004960143232
-1.135525875e-05
-0.0004932468681
-0.0005034076793
-0.0009897052843
-0.0004437001232
4.826670495e-06
0.0009957138447
0.0004034816579
0.0009322514344
-0.0003889719968
-0.0009556448373
-5.25453146e-06
0.0009751872739
-0.0009585636212
-3.790314426e-06
0.0004432165063
0.0009219916361
-0.000444601249
-0.001005115569
0.0009280314402
-0.0004432714495
0.0009880712037
0.0005780727739
-0.0009339018691
-0.0005804737443
-1.864164679e-06
-0.0009881813848
-0.0009917909787
-0.0004957436133
3.653469693e-06
-2.306717936e-06
0.000499864389
-0.0005061065689
-0.0005039192551
0.0002978928888
0.0009125339402
2.039204616e-06
-0.000264495069
6.604707123e-10
-2.692342724e-06
-0.000268546615
0.0002846131703
-1.288317844e-05
-0.0008483142804
-0.0002943637184
-0.0009586487104
-0.000324567595
-7.99179969e-10
0.0003479185951
2.141396663e-09
0.000318648056
-0.0002906396065
-1.67252272e-09
-0.000243355874
-0.0009258827114
-0.0002025575717
1.355979987e-05
0.0008879836449
1.245182952e-10
-3.632233289e-06
0.0008527496146
-1.538385249e-05
0.0001911887294
0.0008272706377
0.0001824259842
0.0009164054265
2.19845597e-09
-2.400524819e-10
0.0008640039661
2.355847744e-10
0.0008492634664
0.0002634015744
-0.0008091988016
-4.61654953e-09
0.000763451299
-0.0002215427176
0.0008462551132
-0.0002286550218
5.888131724e-06
3.546821505e-10
-4.824920673e-06
-0.0008331639683
0.0008070015339
-8.703029047e-06
0.0002213682382
-0.0001808337119
-9.385242515e-11
0.000814192257
-1.3131018e-09
-0.0001825515669
0.0002979057031
0.0009125497836
2.039782633e-06
-0.0002645392988
-0.0009585805997
-0.0003245030798
0.0009191193386
0.0003478925292
-2.703024908e-06
-0.0002685788482
0.000284650936
-1.287601164e-05
-0.0008483327121
-0.0002943402642
0.000836970806
0.0003186319129
-0.0002906346146
0.000865803632
-0.0002434368892
-0.0009258802547
-0.0002025579932
1.35608227e-05
0.0008880159638
0.0001823386073
0.0009163190803
-0.0001509547026
-3.627596234e-06
0.0008527540203
-1.539658471e-05
0.0001911712073
0.0008271238361
-0.0001597715485
0.0008639082249
-0.0001655434787
0.0008493218286
0.0002633660864
-0.0008092595866
0.0007635310983
-0.0002215087765
0.000846246756
-0.0002286567494
5.887017668e-06
-4.8225108e-06
-0.0008331430415
0.0008069594784
-8.701997284e-06
0.0002213710809
-0.0001810022877
0.0008141556252
-0.000182711415
-0.0005684186099
-0.0008460199401
-6.472913023e-10
-7.168981849e-07
-0.0007682943629
-0.0005344399367
-0.0007702308327
-0.0005329143324
1.660394045e-09
0.0004915193312
1.276305122e-06
-0.0004590486081
-3.894579773e-10
-1.656634763e-06
-0.0004936148785
-1.23117634e-09
-0.0004612380205
-1.281433901e-06
0.0003584139525
0.0006650852765
0.0007167621924
0.0003060582738
-4.381682023e-09
0.0003560462558
0.0006669576491
-4.511194255e-09
-0.0007789758326
1.713997215e-06
0.0007370104671
2.636055539e-09
-3.316189853e-06
0.0007745098115
1.99246907e-09
0.0007346551456
0.0004889898246
-0.0006156941849
1.214416014e-09
-5.105200134e-07
-0.0006885565029
-0.0006895920304
2.940236859e-09
-7.059499149e-07
0.0004142508911
0.0004125217739
-9.502828174e-10
8.884892047e-07
3.110696508e-09
0.0004242516911
-0.0008347569423
2.830014934e-06
0.0008039832702
-0.0003963081664
0.000882560166
-0.0003615666815
-3.420117364e-06
-0.0004273696955
0.0008544815434
-7.420806952e-06
0.0008239412223
-0.0003445254746
0.0008601187037
-0.0003379412767
0.0007994101302
-0.0004000085933
-0.0005684085907
-0.0008460623982
-7.164966611e-07
-0.0007682284562
-0.0005345307094
-0.0007701923282
-0.0005329956814
0.0004915126888
1.277764809e-06
-0.0004589999047
-1.648506056e-06
-0.0004935934864
-0.0004611340487
0.0007168184933
0.0003060718246
-1.248069636e-06
0.0003583548791
0.0006651744942
0.0003560024656
0.0006670470293
-0.000778971114
1.716998891e-06
0.0007369510466
-3.317050414e-06
0.0007744991607
0.0007345624444
0.0004889904235
-0.0006157063844
-5.234911831e-07
-0.0006885966618
-0.0006896333149
-6.888741068e-07
0.000414274937
0.0004125723944
8.933298478e-07
-3.858039759e-06
-0.0007471033465
-0.0001122224925
-0.000172677986
-0.0007875466509
1.223250598e-09
-0.0007615947958
-0.0001116438281
-9.515388995e-11
0.0001472437349
9.534157272e-06
-0.000100216218
1.535650157e-09
-9.40782787e-06
-0.0001465930236
2.48978486e-09
-0.0001003880768
-0.0008528218506
-4.582618541e-05
1.538514003e-05
0.0007941038918
1.039379183e-10
-3.343239563e-06
0.0007883478684
-1.552392061e-05
4.465260767e-05
0.0007668231696
4.083666857e-05
0.0008615285509
-2.75217476e-10
-1.422491766e-09
0.0008001804366
2.539935785e-11
0.0007615774716
-3.847499429e-06
-0.0007228523673
5.951896521e-05
-0.0007384104092
1.821102794e-09
-0.0007367581712
1.839066366e-09
-5.226856913e-05
9.397937151e-06
1.396424727e-10
-9.500667008e-06
5.226502941e-05
1.19884886e-09
0.0001306710921
-0.0008754624402
1.579751074e-05
0.0008181674901
-8.917209033e-05
0.000882899527
-0.0001169916413
-1.568187964e-05
-0.0001267524267
0.0007977244648
-3.422886273e-06
0.0008079206443
-7.238545647e-05
0.0008323462081
-8.022779189e-05
0.0007838058689
-8.684013216e-05
-0.0001726501491
-0.0007874604069
-3.858805349e-06
-0.0007470201664
-0.0001123437282
-0.0007615279615
-0.0001117682339
0.0001472438179
9.54333697e-06
-0.0001001460808
-9.420698111e-06
-0.0001465988596
-0.0001002698133
-0.0008528404517
-4.582184192e-05
1.538132419e-05
0.0007941089882
4.075474079e-05
0.0008615190848
-3.328629092e-06
0.0007884018088
-1.552415115e-05
4.463687524e-05
0.0007668087497
0.0008001735763
0.0007615798797
5.95397177e-05
-0.0007384092763
-3.845432615e-06
-0.0007229415041
-0.0007368371569
-5.226360229e-05
9.389498466e-06
-9.500950578e-06
5.224193641e-05
-2.445561971e-05
-0.001272196693
3.545294169e-06
0.0004131186233
0.0004619852476
-0.001399265425
4.513878632e-09
-0.001414848242
4.103492371e-09
0.0004724930293
3.504189536e-09
5.096204168e-06
3.778833814e-09
0.0004619707471
-0.001399272314
-2.44663634e-05
-0.001272236964
3.536991375e-06
0.0004131135155
-0.001414871339
0.0004724904888
5.103430538e-06
-5.516081622e-07
0.0001875948445
3.269703314e-09
-2.069106196e-09
0.000187678513
-5.689114798e-07
-1.554631111e-05
-0.0009328174551
-3.594511127e-06
0.000297599642
0.0003614625719
-0.0009858547952
-1.945316301e-09
-0.001017477981
7.841929976e-11
0.0003338952209
1.042916516e-09
4.738209496e-06
1.22183579e-09
0.0003614689646
-0.0009859144882
-1.553282154e-05
-0.0009328002641
-3.576261851e-06
0.0002976102691
-0.001017472259
0.0003338645699
4.725625242e-06
2.627692118e-06
-3.137434296e-09
5.344621964e-05
-4.863000196e-05
5.055680106e-07
-1.174396551e-08
2.575338091e-05
-2.361951307e-05
-1.455614543e-08
7.094056383e-06
-6.573932348e-06
2.627083604e-06
5.344526434e-05
-4.862902032e-05
-3.544818675e-09
5.053606235e-07
2.575269743e-05
-2.361900432e-05
-1.197080828e-08
7.093790421e-06
-6.573764675e-06
-1.466596562e-08
-5.354948468e-07
-3.143218177e-06
2.440461663e-06
-1.4390948e-07
-1.403764242e-07
-1.518641162e-06
1.236485636e-06
-1.129640088e-07
-4.163009296e-07
3.628504164e-07
-8.69258904e-08
-5.379332155e-07
2.434761002e-06
-1.453202939e-07
-3.138835708e-06
-1.411087799e-07
1.233358996e-06
-1.136717799e-07
-1.51651427e-06
3.618465146e-07
-8.72706672e-08
-4.156870807e-07
-1.359734444e-06
1.204571475e-07
3.823234808e-05
-3.698110542e-10
-4.080664968e-05
-1.853769346e-07
8.928472993e-08
1.772853278e-05
-1.946705875e-10
-1.899198017e-05
7.224838891e-08
4.755619512e-06
-9.124650569e-11
-5.013154095e-06
-1.703490188e-06
3.822920816e-05
-4.080307691e-05
-3.38670181e-07
1.772174839e-05
-1.899728249e-05
4.751715939e-06
-5.018139661e-06
-3.076238694e-06
-1.787665262e-05
1.237838616e-07
1.240604689e-05
-3.582851369e-10
-5.781599824e-07
-8.010697868e-06
9.550851764e-08
5.417295592e-06
-1.876564256e-10
-2.020537705e-06
7.508109211e-08
1.367384065e-06
-8.701893167e-11
-5.240793015e-06
-8.312337688e-08
1.784438997e-05
-2.610584873e-05
-1.217695619e-06
-8.065891422e-08
7.99688439e-06
-1.193932062e-05
-7.282631508e-08
2.017154534e-06
-3.162022755e-06
-4.932415589e-06
-2.612190666e-05
-4.036041485e-10
-1.072795368e-06
-1.195076368e-05
-2.122346403e-10
-3.166057779e-06
-9.901618615e-11
-3.431729466e-06
1.236346223e-05
-7.3314864e-07
5.393812561e-06
1.359085253e-06
2.686594343e-06
1.30636489e-10
5.331077471e-05
-4.848062599e-05
5.365753627e-07
1.089119123e-10
2.567186742e-05
-2.35337035e-05
5.273836105e-11
7.063373149e-06
-6.541407013e-06
-2.342763913e-07
-6.581100104e-08
-3.434317485e-06
-7.022863297e-08
-5.223699195e-08
-1.630454964e-06
-4.327189832e-08
-4.432574414e-07
-5.935701644e-08
3.133074815e-06
3.28973216e-10
-3.453331086e-06
1.299205985e-08
1.513504579e-06
1.795307635e-10
-1.638277114e-06
4.151039125e-07
9.062795414e-11
-4.454743592e-07
4.480858655e-06
-1.131661356e-07
-1.688715109e-05
7.826502798e-11
2.433154862e-05
9.39883254e-07
-8.754932059e-08
-8.302639471e-06
4.109735816e-11
1.193112265e-05
-7.054209026e-08
-2.334373768e-06
1.910499508e-11
3.344779884e-06
4.8191977e-06
-1.694754135e-05
2.442148391e-05
1.088215189e-06
-8.336522369e-06
1.19799556e-05
-2.345199811e-06
3.362873137e-06
-1.027179791e-07
4.738181618e-06
-1.56088199e-07
-6.912665807e-08
2.248883804e-06
-1.179330061e-07
6.124297034e-07
-8.752088774e-08
-6.097485336e-07
-7.307935691e-08
5.287585133e-05
-1.701214128e-07
-5.080907318e-08
2.53638776e-05
-3.723174129e-08
6.960901039e-06
-3.515793531e-07
5.284727929e-05
-5.330987036e-05
-9.362338858e-11
-7.229895713e-08
2.534125615e-05
-2.567129514e-05
-5.151130896e-11
6.953642059e-06
-7.063148304e-06
-2.43722685e-11
-1.259679076e-06
-1.825114367e-08
5.142433922e-05
-3.402618791e-07
-4.633982048e-08
2.449079948e-05
-5.323830923e-08
6.673876914e-06
-1.091274256e-06
-2.323617247e-10
5.135587421e-05
-2.455621852e-07
-1.4654287e-10
2.444934976e-05
-8.458207851e-11
6.654926304e-06
-3.830346509e-06
3.191591396e-05
5.860158488e-08
-3.644988316e-10
-8.601509433e-07
1.469256372e-05
6.596530517e-08
-1.899905581e-10
3.830866661e-06
6.468888296e-08
-8.807789981e-11
-3.615895999e-06
-1.421776244e-07
-3.190284509e-05
-7.548526895e-07
-1.08573481e-07
-1.46917884e-05
-8.445028866e-08
-3.832424448e-06
-3.213880376e-06
-3.832437184e-10
-5.80454074e-07
-2.027087831e-10
-9.424464315e-11
-4.079904185e-06
-9.839788353e-07
-1.359502773e-06
1.198474083e-07
3.823202162e-05
-4.080599811e-05
-1.853260408e-07
8.895494289e-08
1.772838597e-05
-1.899171428e-05
7.208688613e-08
4.755584632e-06
-5.013091074e-06
-1.702409033e-06
3.82283769e-05
-4.080127678e-05
-3.383680072e-07
1.772135959e-05
-1.899644562e-05
4.751622866e-06
-5.01790537e-06
-3.830189133e-06
3.191576697e-05
5.797322693e-08
-8.601196045e-07
1.469249987e-05
6.562753346e-08
3.830850079e-06
6.452517375e-08
-3.615332827e-06
-1.41488138e-07
-3.190247886e-05
2.61055897e-05
-7.546790001e-07
-1.082061727e-07
-1.469163804e-05
1.193919036e-05
-8.427413772e-08
-3.832387784e-06
3.161982754e-06
-3.21384743e-06
2.612178034e-05
-5.804485309e-07
1.195069251e-05
3.166033492e-06
-4.07910782e-06
-9.837585275e-07
-2.771876945e-06
7.547463156e-08
-3.416456289e-10
7.415041557e-06
-5.702995616e-07
6.639626092e-08
-1.727551299e-10
3.149495588e-06
5.752156866e-08
-7.983923087e-11
7.396415784e-07
-3.005133084e-06
7.386318297e-06
-6.807515392e-07
3.135829045e-06
7.358541312e-07
-3.076119434e-06
-1.787661415e-05
1.231700608e-07
1.240606606e-05
-5.781268234e-07
-8.010672961e-06
9.517890302e-08
5.41731486e-06
-2.020528211e-06
7.492160867e-08
1.367390736e-06
-5.240083003e-06
-8.242219228e-08
1.78443642e-05
-1.217476704e-06
-8.02835932e-08
7.996870109e-06
-7.26459517e-08
2.017151919e-06
-4.932285393e-06
-1.072759325e-06
-3.431120437e-06
1.23635611e-05
-7.329592592e-07
5.393889868e-06
1.359112371e-06
-2.771816874e-06
7.489820392e-08
7.415045526e-06
-5.702839027e-07
6.609523688e-08
3.149515729e-06
5.737666911e-08
7.396476225e-07
-3.004744197e-06
7.386333862e-06
-6.806174467e-07
3.135858127e-06
7.358701215e-07
-2.687095426e-06
3.008090628e-06
-1.977976854e-07
-5.776588932e-07
1.177873074e-06
-1.514603069e-07
2.694821767e-07
-1.112719436e-07
-5.523206668e-07
-7.97072481e-08
1.633273906e-06
-1.462579948e-07
-6.08336088e-08
8.912516608e-07
-4.863223033e-08
2.652230736e-07
-3.302695234e-07
-4.339039545e-10
-2.418248202e-06
1.613643039e-06
-4.744991697e-08
-2.470037193e-10
-1.223370609e-06
8.799622003e-07
-1.241692373e-10
-3.575363541e-07
2.615785247e-07
-1.526689843e-06
-1.634267885e-06
-7.009602066e-07
-1.720051155e-07
-3.484893588e-07
-8.916203749e-07
-1.520640966e-07
-1.345142229e-07
-2.653188432e-07
1.637896508e-08
-9.95476434e-08
-5.465861559e-07
-7.824523926e-08
-1.447805378e-07
-6.007086723e-08
-4.825425067e-08
-3.293253388e-07
-2.416316708e-06
1.613951645e-06
-4.728908906e-08
-1.222377033e-06
8.800201292e-07
-3.572411521e-07
2.615742712e-07
2.96423506e-06
-3.669660542e-08
4.483633564e-05
-3.966429492e-05
1.469935818e-10
5.795204679e-07
-3.916836553e-08
2.180611328e-05
-1.938230241e-05
7.12629152e-11
-3.283451657e-08
6.037517239e-06
-5.425185408e-06
2.248455577e-11
2.383599498e-06
8.555625142e-08
-4.485730881e-05
5.523494213e-07
4.473781978e-08
-2.183249264e-05
2.510041379e-08
-6.046515863e-06
2.161612965e-06
4.847965217e-05
-7.831500079e-11
-4.483562812e-05
4.787997591e-07
2.353319672e-05
-4.198556491e-11
-2.180560476e-05
6.54122819e-06
-1.94822283e-11
-6.037308657e-06
2.686494971e-06
5.365327372e-07
-1.477350438e-07
9.699716651e-11
2.937890623e-08
4.725106933e-11
2.055205018e-11
-1.470888444e-07
-3.131614085e-06
2.962945307e-08
-1.512722277e-06
-4.148623724e-07
5.064024474e-06
-8.730038542e-06
-1.095980842e-07
1.550736251e-10
1.088375153e-06
-4.232757824e-06
-9.43148605e-08
8.209021149e-11
-1.166152255e-06
-7.988465534e-08
3.821055193e-11
5.633552158e-06
1.416852251e-07
8.76762296e-06
1.26578671e-06
1.150932802e-07
4.254557933e-06
9.277019661e-08
1.173542613e-06
5.188830326e-06
2.182517829e-10
1.072916444e-06
1.183500238e-10
5.602816761e-11
5.427820599e-06
1.251541492e-06
4.480936871e-06
-1.129677839e-07
-1.688683967e-05
2.433116804e-05
9.39916547e-07
-8.74443863e-08
-8.302480844e-06
1.193098712e-05
-7.049105049e-08
-2.334328771e-06
3.344756038e-06
4.819046081e-06
-1.69467234e-05
2.44205211e-05
1.088174442e-06
-8.336098799e-06
1.197952601e-05
-2.345077233e-06
3.362760891e-06
5.063974337e-06
-8.729842645e-06
-1.092616998e-07
1.088369843e-06
-4.232661975e-06
-9.413199048e-08
-1.166124804e-06
-7.9795327e-08
5.632839027e-06
1.412028402e-07
8.767077477e-06
1.26558632e-06
1.14834326e-07
4.254285744e-06
9.26451881e-08
1.17346159e-06
5.188752543e-06
1.072904245e-06
5.427355627e-06
1.251410551e-06
-1.029997175e-07
4.740338074e-06
-1.566750014e-07
-6.927065318e-08
2.249666356e-06
-1.182387903e-07
6.126178484e-07
-8.766373301e-08
-2.129926891e-06
-5.142649173e-05
4.87226962e-05
-1.094407592e-07
-5.227683187e-07
-2.449203641e-05
2.29647624e-05
-7.988228273e-08
-6.674292249e-06
6.214535242e-06
-6.301034493e-08
-1.258608597e-06
-5.287739112e-05
-1.766728142e-08
-3.399491239e-07
-2.536467732e-05
-4.601950393e-08
-6.961163206e-06
-5.307956997e-08
-2.130295523e-06
4.871910819e-05
-1.093693766e-07
-5.228166584e-07
2.296319377e-05
-7.987214668e-08
6.21407036e-06
-6.301052542e-08
-5.325073452e-06
-4.435133841e-08
-1.280202724e-06
-7.739265676e-08
-8.380664716e-08
-5.323972206e-06
-4.421818118e-08
-1.279926117e-06
-7.729851266e-08
-8.376080353e-08
-2.686525315e-06
3.00909729e-06
-1.984484712e-07
-5.775398891e-07
1.178696195e-06
-1.518512541e-07
2.697757379e-07
-1.114611185e-07
-1.419428888e-06
7.031133329e-07
-6.711024309e-08
-3.355124033e-07
1.531319208e-07
-5.834080823e-08
-1.605145824e-08
-4.968592251e-08
-1.419093943e-06
-6.637332917e-08
-3.35362866e-07
-5.79304472e-08
-4.949013363e-08
3.047639712e-06
-3.978954213e-05
4.485837409e-05
6.27046289e-07
-1.945168534e-05
2.183311095e-05
-5.452527544e-06
6.046739095e-06
3.588535748e-06
-3.41904136e-05
1.047389503e-07
8.246003918e-07
-1.675814539e-05
7.039648529e-08
-4.678838955e-06
5.09123394e-08
3.047416305e-06
-3.97885955e-05
3.662737901e-08
6.26974794e-07
-1.945117916e-05
3.912761489e-08
-5.452358529e-06
3.281743032e-08
3.588357641e-06
-3.418913955e-05
1.045782087e-07
8.245443891e-07
-1.675770011e-05
7.03332629e-08
-4.678703137e-06
5.088861106e-08
-7.428960548e-07
-4.325798758e-06
-1.522447047e-07
-2.018116628e-07
-2.051782304e-06
-1.197563292e-07
-5.555235955e-07
-8.95476555e-08
-3.495208359e-07
-6.406376378e-08
-1.001932656e-07
-5.223103813e-08
-4.328710344e-08
-3.4931091e-07
4.328020037e-06
-6.438696075e-08
-1.001298632e-07
2.052896986e-06
-5.241217403e-08
5.558618582e-07
-4.337453871e-08
6.280714157e-06
1.033064008e-07
1.401830359e-06
1.006940619e-07
8.586449796e-08
6.280702266e-06
1.033546901e-07
1.401817336e-06
1.007107888e-07
8.587480981e-08
-6.096177008e-07
-7.307710177e-08
-1.701165785e-07
-5.079832286e-08
-3.72239334e-08
2.383527217e-06
8.568551391e-08
5.523229477e-07
4.480117012e-08
2.512925043e-08
-3.513309721e-07
5.284822028e-05
-7.222306829e-08
2.534190966e-05
6.95390199e-06
2.161612002e-06
4.787796132e-07
-1.529096901e-06
-1.737209227e-07
-3.49199413e-07
-1.355090299e-07
-1.000258332e-07
-1.05471849e-06
-7.163653051e-07
-9.727784839e-10
-1.488653017e-07
-1.608564047e-07
-5.392418256e-10
1.294427297e-08
-2.519722241e-10
3.27682957e-07
4.758193182e-06
2.723996448e-10
1.110309238e-07
2.256622204e-06
1.488474775e-10
6.147847664e-07
6.78181344e-11
-1.78000136e-06
-5.135719946e-05
2.531126112e-11
4.872955585e-05
-3.75949338e-07
-2.445014649e-05
1.745427908e-11
2.296619364e-05
-6.655207392e-06
1.873409294e-11
6.21622949e-06
-1.09112544e-06
-2.455308949e-07
-1.780112293e-06
4.872842589e-05
-3.760155112e-07
2.296539831e-05
6.215918979e-06
-5.016224974e-06
-2.052193179e-10
-1.11930492e-06
-9.902945939e-11
-3.426209342e-11
-5.015319316e-06
-1.11903359e-06
-2.144399855e-06
-7.003462428e-10
3.056816159e-06
-3.501318666e-07
-3.773591847e-10
1.203750676e-06
-1.7127333e-10
2.782179862e-07
-2.14440986e-06
3.055881821e-06
-3.500968302e-07
1.203361682e-06
2.78109844e-07
-1.226773359e-06
-1.091563343e-09
-2.417124695e-07
-5.125588302e-10
-2.370780446e-10
-1.225780833e-06
7.157491713e-07
-2.414271552e-07
1.605536182e-07
-1.303509067e-08
-1.054257863e-06
-1.487382508e-07
3.296725025e-06
6.412300275e-11
-3.413934137e-05
7.070087836e-07
3.122374905e-11
-1.672222186e-05
6.0870683e-12
-4.667270424e-06
2.963942879e-06
-3.966352618e-05
5.794245853e-07
-1.938188941e-05
-5.425043716e-06
3.296550234e-06
-3.413922363e-05
7.070113007e-07
-1.67219849e-05
-4.667137364e-06
-2.39176844e-07
-6.682054328e-08
-3.437390484e-06
-7.136773582e-08
-5.27910388e-08
-1.631535576e-06
-4.355518788e-08
-4.435009388e-07
-6.035502683e-08
-3.453902826e-06
1.280373951e-08
-1.638493908e-06
-4.455228996e-07
-7.444770591e-07
-1.540129269e-07
-2.023785375e-07
-1.207368387e-07
-9.001567825e-08
-3.101673888e-07
-7.709066207e-10
-4.321124213e-06
-1.942012021e-08
-4.297048065e-10
-2.04954695e-06
-2.00942657e-10
-5.547593405e-07
-3.101900245e-07
-4.320435576e-06
-1.943858349e-08
-2.049211228e-06
-5.546638212e-07
-1.718328089e-07
2.580393225e-10
-1.677838103e-08
1.264867682e-10
5.548597576e-11
-1.718014515e-07
-4.758633883e-06
-1.677938819e-08
-2.256854688e-06
-6.148576839e-07
5.927033962e-06
5.322624204e-11
1.236616697e-06
1.094498059e-11
-9.166156788e-12
5.926791808e-06
1.236514987e-06
3.277082044e-07
1.110411755e-07
)
;

boundaryField
{
    inlet
    {
        type            calculated;
        value           nonuniform List<scalar> 
25
(
-0.0196589296
-0.0199905636
-0.0199880267
-0.0199856842
-0.0199882318
-0.0200207991
-0.0200227905
-0.020025015
-0.0200275025
-0.0200302864
-0.020033433
-0.0200374544
-0.020044424
-0.0200527446
-0.0200518451
-0.0200422766
-0.0200000007
-0.0200000005
-0.0200000001
-0.01999999966
-0.01999999919
-0.01999999872
-0.01999999828
-0.01999999796
-0.01999999779
)
;
    }
    outlet
    {
        type            calculated;
        value           nonuniform 0();
    }
    topAndBottom
    {
        type            symmetry;
        value           uniform 0;
    }
    frontAndBack
    {
        type            empty;
        value           nonuniform 0();
    }
    cylinder
    {
        type            calculated;
        value           uniform 0;
    }
    procBoundary0to1
    {
        type            processor;
        value           nonuniform List<scalar> 
116
(
0.0214037501
0.02141688509
0.02144319403
0.02148307234
0.02153706977
0.02160594181
0.02169067126
0.02179255873
0.02191327157
0.02205481452
0.02221974553
0.02241137474
0.02263381714
0.02289246879
0.02319409527
0.023549299
0.0239718657
0.02449602264
0.02506127728
0.000766262328
0.006460090088
0.00652811699
0.006458452513
0.006527311796
0.000766421808
0.006609689811
-0.0001803849059
-0.0001823953525
0.0004416045316
0.0004416504685
-9.722473788e-05
-3.083634709e-05
-9.707986938e-05
-2.326448108e-05
-3.050803435e-05
-2.334156717e-05
3.496106628e-08
-7.396539809e-07
-4.217461548e-05
-4.134412407e-05
8.259650337e-07
5.452767686e-07
-9.723567785e-05
-3.084196091e-05
-9.71682907e-05
-2.338518841e-05
-3.052592157e-05
-2.337517059e-05
-4.218979743e-05
-4.138635395e-05
8.260179276e-07
5.45183474e-07
3.484629419e-08
-7.397470309e-07
0.0007188695819
0.001460538298
0.0007188221616
0.0004417150851
3.644703745e-05
0.0002310280068
3.645319984e-05
0.0002310162786
1.113441795e-05
1.116940168e-05
9.209650805e-05
9.206125053e-05
0.0004417876369
3.645229126e-05
0.0002310298637
3.647122011e-05
0.0002310178979
1.117007277e-05
1.118729999e-05
9.209652881e-05
9.203711036e-05
0.001579690675
0.006609607696
-0.0001804489393
-0.0001824875788
0.001579702226
-0.0001364151583
0.001279140083
-0.0001365776517
0.001432771622
0.000164623521
0.001279282153
0.001432372524
1.814662263e-10
0.0001639182948
0.0007186019028
0.001028504056
0.001027799131
0.00127915648
0.001460188168
0.001279311169
0.0007185692485
0.001028480539
0.001027744941
0.001629863
0.001578581363
0.00162891814
0.001578575175
0.001629882616
0.001628964114
-4.514273091e-06
-2.164548191e-06
-5.940364481e-07
-4.515445592e-06
-2.16516244e-06
-5.94226807e-07
-4.502526678e-06
-2.158062929e-06
-5.913447396e-07
-4.502941263e-06
-2.158283321e-06
-5.914124359e-07
)
;
    }
    procBoundary0to2
    {
        type            processor;
        value           nonuniform List<scalar> 
75
(
2.914974125e-06
2.84141136e-06
2.859640753e-06
2.847298362e-06
2.827931428e-06
2.804337028e-06
2.775227237e-06
2.738901733e-06
2.693244574e-06
2.635613599e-06
2.562655484e-06
2.470182713e-06
2.352347705e-06
2.199809621e-06
1.995780882e-06
1.290407514e-06
-5.658991075e-06
-2.844568847e-05
-7.289112259e-06
-7.645763381e-08
-4.613098278e-09
-2.632700968e-09
-4.145367563e-08
-4.079097462e-08
-2.703484046e-08
-7.630740364e-10
-2.623149173e-08
-4.126666993e-08
-4.274052069e-08
-4.291191933e-08
-4.102099425e-08
-4.221578579e-08
-4.276251819e-08
-1.321966013e-09
-5.892253575e-10
1.259223768e-09
-6.571335338e-09
-1.917868224e-09
-6.090112418e-09
-2.687890343e-08
-1.429788556e-08
-1.401215272e-08
-1.127519501e-09
-5.108427158e-09
-5.478344214e-09
-2.654625153e-08
-1.324166646e-08
-1.356692151e-08
-1.981702271e-08
-8.177562245e-08
-5.142054963e-09
-3.379325289e-09
-3.998791803e-09
-2.013554502e-09
-3.29519745e-10
-1.677147329e-09
-4.025077639e-10
-1.665406587e-09
2.357192253e-10
-4.561370242e-10
7.743395443e-10
1.490717622e-09
9.493384313e-10
-3.858254878e-09
-1.884996201e-09
-5.255542846e-10
-3.824036896e-09
-1.867773366e-09
-5.207086826e-10
-3.820300311e-09
-1.866044709e-09
-5.19905478e-10
-3.810694367e-09
-1.860583354e-09
-5.184867015e-10
)
;
    }
}


// ************************************************************************* //
