/*--------------------------------*- C++ -*----------------------------------*\
| =========                 |                                                 |
| \\      /  F ield         | OpenFOAM: The Open Source CFD Toolbox           |
|  \\    /   O peration     | Version:                                        |
|   \\  /    A nd           | Website:  www.openfoam.com                      |
|    \\/     M anipulation  |                                                 |
\*---------------------------------------------------------------------------*/
FoamFile
{
    version     2.0;
    format      ascii;
    class       volVectorField;
    location    "7.4";
    object      U;
}
// * * * * * * * * * * * * * * * * * * * * * * * * * * * * * * * * * * * * * //

dimensions      [0 1 -1 0 0 0 0];


internalField   nonuniform List<vector> 
2403
(
(-0.07227007693 0.0181158479 0.05524539624)
(-0.206263458 0.01563619255 0.05768073838)
(-0.3175466082 0.01751188823 0.0348132861)
(-0.3643383167 0.02365794398 4.959853917e-07)
(-0.3922339131 0.008673930331 -3.174661599e-21)
(-0.3897580078 -0.006242285471 1.572164131e-21)
(-0.3616857885 -0.02238099988 1.104957159e-21)
(-0.3074593427 -0.03657888904 -1.134289512e-21)
(-0.2318881229 -0.04721163976 -7.835629469e-22)
(-0.1411890205 -0.05394615324 4.369188503e-22)
(-0.04199583031 -0.05691168168 2.64139273e-22)
(0.05978943919 -0.05685486106 0)
(0.1593774813 -0.05451016386 -2.594515291e-24)
(0.2536250384 -0.05075576999 9.807502021e-24)
(0.3404360588 -0.04632084766 -4.21311996e-23)
(0.4188909578 -0.04171489655 5.446730246e-23)
(0.4889388397 -0.03725797836 -1.238699668e-23)
(0.551029124 -0.03312180791 2.553900839e-23)
(0.6058954434 -0.02939197606 -2.527099346e-23)
(0.6543574457 -0.02608436869 1.161645883e-23)
(0.6972204234 -0.02317865315 0)
(0.7352231096 -0.02063673425 0)
(0.769014083 -0.01841363995 -8.847447285e-24)
(0.7991473871 -0.01646375601 8.675695112e-24)
(0.8260883178 -0.01474449087 -4.389436798e-24)
(0.8502224627 -0.01321699492 -3.537497796e-24)
(0.8718657056 -0.01184632091 5.665847976e-24)
(0.8912731482 -0.01060104064 -2.787222647e-24)
(0.9086459601 -0.009452273757 0)
(0.9241363317 -0.008373456554 2.105900235e-24)
(0.9378518499 -0.00734124718 -3.287400083e-25)
(0.9498615129 -0.006337836433 -5.567528367e-25)
(0.96020633 -0.005354406522 3.114612885e-26)
(0.9689162334 -0.004394407071 6.389950073e-25)
(0.9760324833 -0.003474963403 0)
(0.9816312777 -0.00262484273 1.102256761e-28)
(0.9858415343 -0.001877910318 -5.892297716e-24)
(0.9888512609 -0.001265090357 5.896483423e-24)
(0.9908971886 -0.0008033290879 0)
(0.9922362195 -0.0004916258107 -3.937901278e-24)
(0.9931125383 -0.0003108847328 3.938612646e-24)
(0.9937297814 -0.0002290891207 -4.626210727e-24)
(0.9942336994 -0.000209677788 5.688641168e-24)
(0.99470956 -0.00021968548 -3.764677257e-24)
(0.9951921009 -0.0002350998901 4.392572007e-24)
(0.9956822829 -0.0002424891429 -2.055364526e-24)
(0.9961645823 -0.000237508465 -2.429433244e-24)
(0.9966203954 -0.0002217537713 8.526851304e-25)
(0.9970358081 -0.0001994587521 -6.162081069e-25)
(0.9974042305 -0.0001750146681 1.158732258e-24)
(0.997725604 -0.0001516398122 -3.883089402e-26)
(0.998004074 -0.0001310382875 4.203495039e-25)
(0.9982455635 -0.0001136670217 -4.204789498e-25)
(0.9984560121 -9.923026524e-05 4.227316959e-29)
(0.9986404684 -8.713978676e-05 -3.020390871e-25)
(0.9988028673 -7.681882392e-05 -3.266974515e-29)
(0.9989461993 -6.783763072e-05 2.330791874e-25)
(0.9990728061 -5.992427759e-05 1.819491756e-25)
(0.999184638 -5.292357179e-05 -3.86388086e-25)
(0.9992834158 -4.674233782e-05 -1.561736987e-25)
(0.9993706973 -4.130722423e-05 -1.359504794e-25)
(0.9994478927 -3.654706454e-05 -1.450506141e-29)
(0.9995162659 -3.238922907e-05 4.752813842e-26)
(0.9995769376 -2.876305053e-05 -1.75015107e-25)
(0.9996308931 -2.560464635e-05 4.04995734e-26)
(0.999679008 -2.28589476e-05 -7.577542152e-30)
(0.9997220296 -2.047969159e-05 0)
(0.9997607322 -1.842673424e-05 -8.849543133e-27)
(0.9997953797 -1.667134039e-05 8.8513033e-27)
(0.999827844 -1.51611223e-05 0)
(0.9998531261 -1.399886829e-05 1.121697807e-26)
(0.9998912721 -1.246603199e-05 5.774618623e-27)
(-0.0533607176 0.1204140764 0.05713922613)
(-0.1054543542 0.1179988958 0.05954337711)
(-0.1211783469 0.08472220272 0.03670595577)
(-0.06056559575 0.04803529431 -3.961539939e-06)
(-0.07621776115 0.0143762358 -1.698269406e-21)
(-0.05481918104 -0.02413094798 8.230787466e-22)
(-0.02106600037 -0.06410660723 1.818671153e-22)
(0.03289940942 -0.1003578653 -1.535485315e-22)
(0.1003214317 -0.127800525 -1.260626928e-22)
(0.1757936612 -0.1449759577 -6.335402064e-24)
(0.2547102754 -0.1522556873 0)
(0.3332119054 -0.1513445657 -4.648608067e-23)
(0.4083803026 -0.1444485532 6.263520219e-23)
(0.4781745575 -0.1338607798 -2.716998868e-23)
(0.5414210695 -0.1215010443 3.755437337e-23)
(0.5977626861 -0.1087518674 -1.647923014e-23)
(0.6474110719 -0.09649751149 0)
(0.6908983239 -0.08523186811 -1.251384686e-23)
(0.7288901439 -0.07516669629 1.032751795e-22)
(0.7620999528 -0.06633351341 -6.976595246e-23)
(0.791197686 -0.05865909552 -5.255243168e-23)
(0.8167805061 -0.0520190846 1.825380162e-23)
(0.8393622499 -0.04627245331 -1.01092248e-23)
(0.8593739904 -0.04128082572 4.435985627e-24)
(0.8771747035 -0.03691847651 0)
(0.8930506082 -0.03307302384 -5.945930674e-24)
(0.9072419012 -0.02964937857 9.035318661e-24)
(0.9199399936 -0.02656334562 -2.381907004e-24)
(0.9312989577 -0.02374001797 -2.115052781e-24)
(0.9414429773 -0.02111157958 -1.996121758e-24)
(0.9504711732 -0.01861763765 -1.653622663e-24)
(0.9584609955 -0.01620910815 7.697803824e-25)
(0.9654712665 -0.01385556099 -1.953504493e-24)
(0.9715464833 -0.01155377892 0)
(0.9767238874 -0.009333162066 2.384857051e-24)
(0.9810429529 -0.007253654088 -1.066748532e-24)
(0.9845556161 -0.005393204728 -8.273288328e-25)
(0.9873361681 -0.003827512498 0)
(0.9894832725 -0.002606103592 0)
(0.9911119881 -0.001738910796 0)
(0.992343468 -0.001192342271 0)
(0.9932918299 -0.0008989890658 3.165003298e-24)
(0.9940525664 -0.0007759706395 0)
(0.9946959682 -0.0007443554011 -2.4425685e-24)
(0.9952665601 -0.0007432302385 0)
(0.9957873837 -0.0007354256577 0)
(0.9962667883 -0.000705621291 5.739746567e-26)
(0.9967053628 -0.0006538812653 2.216235769e-24)
(0.997101361 -0.000588092753 -6.906243931e-25)
(0.9974539484 -0.0005178196651 0)
(0.9977644264 -0.000450643428 -5.053861109e-25)
(0.9980360616 -0.0003908683476 -2.073318058e-25)
(0.998273261 -0.0003398309936 2.073407847e-25)
(0.9984806793 -0.0002969360937 3.359014615e-25)
(0.9986625897 -0.000260745689 7.440773257e-27)
(0.9988226006 -0.0002297598874 1.238976209e-25)
(0.9989636496 -0.0002028014596 -2.488021514e-25)
(0.9990881294 -0.000179094412 9.608640832e-26)
(0.9991980417 -0.0001581645745 -1.748647598e-25)
(0.9992951272 -0.000139706376 3.788584791e-27)
(0.9993809335 -0.000123481297 1.36186149e-25)
(0.9994568431 -0.0001092674138 1.152069063e-25)
(0.9995240902 -9.684638998e-05 0)
(0.9995837694 -8.601022144e-05 6.714811219e-26)
(0.9996368453 -7.657096854e-05 1.994993741e-26)
(0.9996841773 -6.836501166e-05 0)
(0.9997264999 -6.125407147e-05 5.484900646e-26)
(0.9997645751 -5.511813077e-05 -9.968253959e-27)
(0.9997986623 -4.987140179e-05 4.357989204e-27)
(0.9998306036 -4.535725121e-05 -2.055085753e-26)
(0.9998554778 -4.188282197e-05 -1.175440128e-26)
(0.999893014 -3.730090329e-05 -5.239897194e-27)
(0.04842756332 0.09682051626 0.05791652196)
(0.1165756785 0.1185619933 0.06051659182)
(0.3014114406 0.08187955266 -2.294373641e-07)
(0.3250955801 0.04576941634 2.30682668e-06)
(0.3542749202 -0.0005352376596 6.595373868e-21)
(0.3939506066 -0.05479725341 -2.344812376e-21)
(0.436694167 -0.1081371046 -7.667628488e-22)
(0.4816359909 -0.1540215023 -6.91909817e-22)
(0.5279600298 -0.1880727469 1.248305648e-22)
(0.5743249112 -0.2084055881 -1.289278481e-22)
(0.6191858137 -0.2156186432 3.77341471e-22)
(0.6614193996 -0.2120327148 -3.371625234e-23)
(0.7003532247 -0.2007377459 0)
(0.7356311263 -0.1848126369 0)
(0.7671357108 -0.1667928146 4.308341571e-23)
(0.7949711221 -0.1485007106 4.531410617e-23)
(0.8193989663 -0.1310981264 -5.961377011e-23)
(0.8407565298 -0.1152210884 -7.658484297e-24)
(0.8594013039 -0.1011278063 0)
(0.8756807281 -0.08883452577 1.01494133e-23)
(0.8899142321 -0.07821786932 7.750079473e-23)
(0.9023853866 -0.06908749229 -6.791900778e-23)
(0.913340782 -0.06123325415 -8.132626058e-24)
(0.9229918956 -0.0544519064 5.190881624e-25)
(0.9315180451 -0.04855909552 4.774747807e-23)
(0.9390688607 -0.04339504276 -5.373381007e-23)
(0.9457657934 -0.03882352206 0)
(0.9517121753 -0.03472896749 2.51738077e-25)
(0.9569941695 -0.03101409928 4.024353888e-24)
(0.9616886329 -0.02759600643 0)
(0.9658697196 -0.02440350088 1.655456737e-24)
(0.9696124533 -0.0213774149 0)
(0.9729923552 -0.01847512549 9.855037985e-25)
(0.9760789241 -0.01567781368 0)
(0.9789291862 -0.01299795034 5.768936563e-24)
(0.9815779211 -0.01047999391 -7.182182942e-24)
(0.9840349019 -0.008193241741 -3.531824112e-24)
(0.9862889579 -0.006211979632 6.905936679e-25)
(0.9883170392 -0.004593962459 2.723438082e-24)
(0.9900948755 -0.003362883599 -9.975817274e-25)
(0.9916096713 -0.00249914393 5.679139504e-26)
(0.9928670162 -0.001944878333 -2.420718412e-26)
(0.9938911174 -0.00161943307 -6.325179661e-25)
(0.994719372 -0.001438634586 -4.004846143e-25)
(0.9953941296 -0.001331018759 1.390721589e-25)
(0.9959548592 -0.001246833289 7.83990306e-25)
(0.9964330103 -0.001159208282 -6.773869298e-25)
(0.9968503225 -0.001059630298 0)
(0.9972199612 -0.0009509266353 0)
(0.9975491353 -0.0008405599101 -5.362405428e-25)
(0.9978418602 -0.0007358680902 -5.292287043e-25)
(0.9981010146 -0.0006416700959 -3.588969528e-25)
(0.9983294321 -0.0005598116318 4.413408452e-26)
(0.9985302043 -0.0004898590674 -7.024869354e-25)
(0.9987065478 -0.0004301718233 4.637515602e-26)
(0.9988615534 -0.0003788275199 -6.411400193e-26)
(0.9989979962 -0.0003341712703 2.998162046e-26)
(0.9991182727 -0.0002950019095 1.802115884e-25)
(0.9992244259 -0.0002605107113 3.543010779e-25)
(0.9993182034 -0.000230139257 1.439801736e-25)
(0.9994011185 -0.0002034562313 1.439635998e-25)
(0.9994745003 -0.0001800763771 -1.228887307e-25)
(0.999539527 -0.0001596336897 0)
(0.9995972457 -0.0001417888741 0)
(0.9996485839 -0.0001262388105 -6.710186083e-26)
(0.9996943707 -0.0001127190157 -2.032343027e-27)
(0.9997353154 -0.0001010034519 -4.925037214e-26)
(0.9997721541 -9.089410678e-05 -5.274407696e-28)
(0.9998051368 -8.22493966e-05 -2.781238733e-26)
(0.999836046 -7.481118616e-05 2.055299637e-26)
(0.9998601171 -6.908623178e-05 3.187316138e-29)
(0.9998964454 -6.153558578e-05 -3.191210181e-29)
(0.5056095443 0.04706855471 0.05567395041)
(0.6073757189 0.04516464867 0.03341942187)
(0.7770331569 0.01178752534 1.264521489e-06)
(0.7938718571 -0.02056249806 0)
(0.8181673546 -0.06061196316 -1.270341937e-20)
(0.8466732019 -0.1061723287 6.489473488e-21)
(0.8710953457 -0.15160928 1.432569831e-21)
(0.8902056304 -0.1908146532 2.266461903e-21)
(0.9036533275 -0.2193274339 8.574859503e-22)
(0.9126137991 -0.2351634725 -1.623921376e-21)
(0.9182688343 -0.2387038592 3.60914719e-23)
(0.9219066048 -0.2321038051 1.721620184e-22)
(0.924617751 -0.2183244674 -2.681590408e-23)
(0.9271393834 -0.2003300685 0)
(0.9298636444 -0.1805679936 -1.215921793e-23)
(0.9329416133 -0.1607915409 3.061847813e-23)
(0.9363796032 -0.1421036759 -3.404235343e-23)
(0.9401006823 -0.1250918334 7.638945468e-24)
(0.9439865591 -0.1099793981 5.446741767e-24)
(0.947909435 -0.09675938091 0)
(0.9517536281 -0.0852956844 -5.874306849e-24)
(0.9554277523 -0.07539253019 0)
(0.9588694477 -0.06683769906 -4.790813321e-23)
(0.9620441157 -0.05942600295 7.326284812e-23)
(0.9649395514 -0.05296982235 -2.218173045e-23)
(0.9675586524 -0.04730311551 1.632342388e-23)
(0.9699129659 -0.04228158972 -1.853930788e-23)
(0.9720183321 -0.03778394328 -1.299760559e-23)
(0.9738931594 -0.03371098704 1.239122855e-23)
(0.9755603322 -0.0299835399 1.213454612e-23)
(0.9770513544 -0.02653948348 -1.993775987e-24)
(0.9784102159 -0.02333082161 -1.208905323e-24)
(0.9796940706 -0.02032203347 -9.305771082e-24)
(0.9809680716 -0.0174915293 0)
(0.9822939176 -0.01483430413 4.234644263e-24)
(0.9837153272 -0.01236435205 -3.317270161e-24)
(0.9852443457 -0.0101127389 2.301097368e-25)
(0.9868574195 -0.008119097754 0)
(0.9884984676 -0.006420516511 -2.192378163e-24)
(0.9900928571 -0.005038807852 2.007468124e-24)
(0.9915669956 -0.00397052548 -2.192048407e-25)
(0.992865641 -0.003185369526 -2.705851353e-24)
(0.9939619187 -0.002632323193 -8.279344412e-26)
(0.9948579762 -0.002250622018 1.019827687e-24)
(0.9955779279 -0.001981410804 2.472065856e-25)
(0.9961570619 -0.001776580026 -1.007491459e-24)
(0.9966315417 -0.001603036666 1.431242788e-24)
(0.9970314455 -0.001442527383 8.1731993e-25)
(0.9973779779 -0.001288386306 -7.908425178e-26)
(0.9976840428 -0.001141013792 1.039825423e-24)
(0.9979566007 -0.001003653898 4.452750894e-25)
(0.9981993194 -0.0008794259363 4.429226645e-25)
(0.9984145979 -0.0007698782413 0)
(0.9986046779 -0.0006747977707 1.920645821e-26)
(0.9987720027 -0.0005927436304 6.069358374e-28)
(0.9989191479 -0.000521775079 -2.038929071e-25)
(0.99904862 -0.0004600219209 -2.674180317e-26)
(0.9991626967 -0.0004059640525 -1.792459128e-25)
(0.9992633589 -0.0003584737665 -3.258102e-25)
(0.9993522955 -0.0003167217323 0)
(0.999430955 -0.0002800578339 -1.239312593e-25)
(0.9995006013 -0.0002479223961 -3.626951567e-27)
(0.9995623445 -0.0002198102244 -8.980497275e-26)
(0.9996171648 -0.000195262039 0)
(0.9996659332 -0.0001738635206 1.342678777e-25)
(0.9997094342 -0.0001552542825 -7.999107267e-28)
(0.999748341 -0.0001391272556 4.53357357e-26)
(0.9997833519 -0.0001252113631 -3.53604333e-26)
(0.9998147025 -0.0001133111941 2.834024223e-26)
(0.999844086 -0.0001030708899 1.847427258e-26)
(0.9998669705 -9.518872968e-05 1.171049794e-28)
(0.9999015129 -8.479159752e-05 0)
(1.223995649 0.1154348058 0.02912596173)
(1.237655712 0.07781612753 7.153149092e-08)
(1.22397266 0.03907287031 6.987957371e-08)
(1.215389651 -0.00488205035 -1.512968533e-21)
(1.208417733 -0.05165885189 0)
(1.200062403 -0.09934445165 2.8371336e-21)
(1.186600523 -0.1441127833 4.500746004e-21)
(1.168061964 -0.1809481372 -2.881015999e-21)
(1.144865869 -0.2067873425 -1.914609333e-21)
(1.11928535 -0.2205412592 2.257281866e-21)
(1.093464043 -0.2232752457 -1.096271284e-21)
(1.069175437 -0.217192658 -4.696324403e-23)
(1.047684708 -0.2049775689 -3.985907432e-24)
(1.029602179 -0.1891563102 1.119924126e-22)
(1.015038416 -0.1717752726 0)
(1.003765305 -0.154295189 0)
(0.9953803497 -0.1376428543 3.28223539e-24)
(0.9894103722 -0.1223209547 0)
(0.9853731609 -0.1085310131 -4.07639183e-23)
(0.9828173097 -0.09628540561 7.365482228e-23)
(0.9813477215 -0.08549374579 -3.246099434e-23)
(0.9806390024 -0.07601947994 0)
(0.9804384416 -0.06771148407 3.747461509e-23)
(0.9805605233 -0.06041901707 -1.959889796e-24)
(0.9808758835 -0.05399788782 -3.362248798e-23)
(0.9812982044 -0.04831346374 2.21458948e-24)
(0.9817720109 -0.04324320734 -1.41183147e-23)
(0.9822629965 -0.03868002734 4.797835405e-25)
(0.9827513388 -0.03453512061 2.031742018e-24)
(0.9832281339 -0.0307395041 1.167556548e-23)
(0.9836946536 -0.027243492 -8.795646741e-24)
(0.9841633409 -0.02401383414 9.983161013e-24)
(0.9846586345 -0.02102929229 7.557843987e-24)
(0.9852152474 -0.01827625374 -7.558101192e-24)
(0.985872138 -0.01574579776 0)
(0.986662483 -0.01343370273 9.893917195e-25)
(0.9876006897 -0.01134088384 1.949869061e-24)
(0.9886767857 -0.00947239384 0)
(0.9898529882 -0.007835526275 1.830699122e-24)
(0.9910699835 -0.006437049866 -2.190592226e-24)
(0.9922603996 -0.005276894417 4.02425204e-25)
(0.9933637318 -0.004344031848 1.074380969e-24)
(0.9943380048 -0.00361528615 1.534700884e-24)
(0.9951648673 -0.003057532776 1.215590089e-25)
(0.9958477321 -0.002632477768 -1.215581685e-25)
(0.9964050675 -0.002302418584 0)
(0.9968620578 -0.002035257688 -7.358811735e-25)
(0.9972434898 -0.001807499157 -5.750494993e-25)
(0.9975694307 -0.001604773582 -1.381039316e-25)
(0.9978538458 -0.001420281644 -4.388319302e-25)
(0.9981053302 -0.001252113707 0)
(0.9983288075 -0.001100520924 0)
(0.9985272497 -0.0009659204581 0)
(0.9987028994 -0.0008479222568 3.029994262e-25)
(0.9988578905 -0.0007452192194 2.514807733e-25)
(0.9989944129 -0.0006559522434 2.36177158e-25)
(0.9991146421 -0.0005781673189 1.32659917e-26)
(0.9992206148 -0.0005101315931 1.663382628e-25)
(0.9993141452 -0.0004504512685 1.579881347e-25)
(0.9993968037 -0.0003980408664 0)
(0.9994699405 -0.0003520321534 0)
(0.9995347231 -0.0003116958633 0)
(0.999592173 -0.0002763935825 9.231834242e-26)
(0.9996432004 -0.0002455526406 -2.513345734e-27)
(0.9996886126 -0.0002186641626 -6.513152635e-26)
(0.9997291299 -0.0001952783231 0)
(0.9997653739 -0.0001750080475 -4.39333469e-26)
(0.9997979949 -0.000157514694 6.692510421e-26)
(0.9998272112 -0.0001425544971 1.264509626e-28)
(0.9998545994 -0.0001296800364 -1.824976996e-26)
(0.9998759318 -0.0001197695256 0)
(0.9999081379 -0.0001066949731 0)
(1.294585356 0.1438700422 -2.155027e-07)
(1.308057435 0.1102392097 1.794480191e-07)
(1.316255749 0.07476755193 1.170553573e-07)
(1.31834755 0.03590806835 -1.054854899e-21)
(1.31656076 -0.005315973011 1.042612566e-21)
(1.310244004 -0.04696564981 0)
(1.296341201 -0.0873380055 -4.271731118e-21)
(1.274867644 -0.1238559378 4.154983842e-22)
(1.247119616 -0.1536401321 3.577170949e-21)
(1.214953506 -0.1749086919 -1.440525848e-21)
(1.181109068 -0.1869677211 -1.298656931e-21)
(1.147779339 -0.1906772876 4.960876564e-22)
(1.116835993 -0.1874271645 -2.215747349e-22)
(1.089506417 -0.1791343271 2.50994889e-22)
(1.066283211 -0.1676216396 -1.939290824e-23)
(1.047188398 -0.1544502504 0)
(1.031908807 -0.1407859704 -1.784892702e-23)
(1.019972895 -0.1274102521 1.57298031e-23)
(1.010859612 -0.1147871027 0)
(1.004052824 -0.1031414938 0)
(0.9990726952 -0.09254198534 1.730388921e-24)
(0.9954958821 -0.0829716836 -2.464690418e-23)
(0.9929671286 -0.07437496981 2.57980276e-23)
(0.991202469 -0.06668007822 1.398886737e-24)
(0.9899849721 -0.05980656132 1.423634017e-24)
(0.9891553422 -0.05366737201 2.383705366e-23)
(0.9886004166 -0.04817134234 -2.709774993e-23)
(0.9882421421 -0.04322761797 -6.455352774e-25)
(0.9880283701 -0.03875136454 -1.037457155e-23)
(0.987925626 -0.03466929733 1.053333389e-23)
(0.9879136142 -0.0309237225 -9.34945526e-24)
(0.9879813329 -0.02747416413 1.29225927e-24)
(0.9881246979 -0.02429601892 7.712677445e-24)
(0.9883453408 -0.021376384 0)
(0.9886497747 -0.01870822892 0)
(0.9890477136 -0.01628484222 0)
(0.9895488838 -0.01409662821 -1.870741709e-25)
(0.9901571168 -0.01213162934 0)
(0.9908666193 -0.01037641985 1.802232765e-24)
(0.9916592721 -0.008818715225 -3.432419228e-24)
(0.9925036497 -0.007450948204 0)
(0.9933601796 -0.006268554003 0)
(0.9941884678 -0.005266716073 -2.810156363e-25)
(0.9949546531 -0.00443663884 2.810159116e-25)
(0.9956365415 -0.003763001082 0)
(0.9962252651 -0.003223804736 -1.935352971e-25)
(0.996723599 -0.002792726746 2.270621005e-26)
(0.9971421346 -0.002442988679 9.544667167e-26)
(0.9974948956 -0.002151205836 7.538148397e-26)
(0.9977957102 -0.001899874023 -4.692122501e-25)
(0.9980560239 -0.001677905392 0)
(0.9982841799 -0.001479490373 0)
(0.9984857537 -0.001302117808 4.024082736e-26)
(0.9986643809 -0.001144651161 -7.569847512e-26)
(0.9988226095 -0.001006038009 3.545765004e-26)
(0.9989625136 -0.0008847839916 0)
(0.999086009 -0.0007789893303 -2.41547122e-26)
(0.9991949399 -0.0006866294762 2.415469658e-26)
(0.9992910493 -0.0006058243197 -1.570424109e-25)
(0.9993759252 -0.0005349790442 -1.164455911e-27)
(0.9994509694 -0.0004727973838 -8.130577921e-27)
(0.9995173989 -0.0004182239093 -6.164659225e-27)
(0.9995762697 -0.0003703744734 6.164656212e-27)
(0.9996285061 -0.0003284811245 -4.583734219e-27)
(0.9996749225 -0.0002918653051 6.53670656e-27)
(0.9997162446 -0.0002599306053 -1.952973059e-27)
(0.9997531289 -0.0002321524022 0)
(0.9997861346 -0.0002080744698 1.09924876e-27)
(0.9998158465 -0.0001872918247 -3.373444417e-26)
(0.9998424623 -0.0001695158905 3.116670303e-28)
(0.9998674188 -0.0001542168692 -3.116666868e-28)
(0.9998868596 -0.0001424392725 2.581309103e-29)
(0.9999162178 -0.0001268990977 -2.584450867e-29)
(1.262175488 0.1242880364 1.046128725e-06)
(1.277187538 0.09480074827 -5.539805596e-21)
(1.288518725 0.06371136635 3.769420549e-21)
(1.295504232 0.03181907894 -1.519714924e-22)
(1.296948786 -0.000738599056 2.865229103e-21)
(1.29212583 -0.03457865068 1.974895554e-21)
(1.280529694 -0.06775389004 -9.731663398e-22)
(1.262310149 -0.09785812567 -2.082092829e-21)
(1.238576086 -0.1229915019 -2.621861076e-23)
(1.211101042 -0.1417789753 1.446059773e-21)
(1.181876726 -0.1537265824 0)
(1.152746762 -0.1591812508 0)
(1.125289325 -0.1589418395 -6.322083639e-22)
(1.100457252 -0.1543511949 6.342315838e-22)
(1.078773328 -0.1466956752 4.14385945e-22)
(1.060408036 -0.1372039563 0)
(1.045235635 -0.1268844532 0)
(1.032941932 -0.1164291098 6.212924499e-24)
(1.023146325 -0.1062685229 -2.297054693e-24)
(1.015457179 -0.09663861206 0)
(1.009498047 -0.08764566825 -1.704364961e-24)
(1.004924069 -0.07932459291 -1.145501015e-24)
(1.001434215 -0.0716780689 0)
(0.9987779503 -0.06469345843 -1.39863155e-24)
(0.9967553453 -0.05834526394 -1.423387763e-24)
(0.9952122849 -0.05259371803 0)
(0.99403337 -0.04738595442 1.939708939e-23)
(0.993134564 -0.04266093602 -2.557685683e-23)
(0.9924565712 -0.03835638661 9.253270321e-24)
(0.9919590682 -0.03441551554 0)
(0.9916155486 -0.03079200946 -6.756476154e-24)
(0.9914086458 -0.02745256557 6.786842785e-24)
(0.9913261078 -0.02437668045 5.549568292e-24)
(0.9913578364 -0.02155377804 -6.095403417e-24)
(0.9914943004 -0.018978397 1.433741343e-25)
(0.9917261399 -0.01664490949 -6.493458704e-26)
(0.9920443966 -0.01454364205 -1.415830821e-25)
(0.9924399189 -0.01266036233 8.800846304e-25)
(0.9929027398 -0.01097712596 -2.289817569e-24)
(0.9934216271 -0.009475440776 1.208940599e-24)
(0.9939814345 -0.008140932878 0)
(0.9945632001 -0.006964647837 1.071291838e-24)
(0.9951456353 -0.005941273437 -2.446328625e-25)
(0.9957076822 -0.005065871088 1.089593501e-24)
(0.9962314662 -0.00433035993 0)
(0.9967046596 -0.003721455097 -6.636833343e-25)
(0.9971215315 -0.00322093794 0)
(0.9974824894 -0.002807971075 -1.325788725e-25)
(0.9977924485 -0.002462297148 1.544041692e-26)
(0.9980586878 -0.00216696452 1.798916058e-25)
(0.9982888749 -0.001909682062 -3.591576075e-25)
(0.9984897254 -0.001682662981 4.03129302e-26)
(0.9986664292 -0.001481445108 -4.748857494e-27)
(0.9988227004 -0.001303414549 -3.556409648e-26)
(0.9989611625 -0.001146617844 2.178931641e-25)
(0.9990837954 -0.001009114571 2.432643729e-26)
(0.9991922701 -0.000888815044 -2.432643838e-26)
(0.9992881228 -0.0007835919996 0)
(0.9993728012 -0.0006914557462 0)
(0.9994476464 -0.000610669571 0)
(0.9995138657 -0.0005397763919 0)
(0.9995725211 -0.0004775637415 0)
(0.9996245381 -0.0004230085068 -4.732583475e-27)
(0.9996707244 -0.000375229088 4.73258283e-27)
(0.9997117924 -0.0003334550546 0)
(0.9997483729 -0.0002970070825 0)
(0.9997810361 -0.0002652925538 0)
(0.9998102769 -0.0002377992115 0)
(0.9998366108 -0.0002140676012 0)
(0.999860206 -0.0001937661848 2.768183154e-28)
(0.9998823356 -0.0001762909568 -2.76818014e-28)
(0.9998995769 -0.0001628371408 0)
(0.9999256226 -0.0001450826549 0)
(1.233680611 0.1081647936 -9.220960145e-22)
(1.247139202 0.0826582823 0)
(1.256799677 0.05603814392 -1.671858107e-21)
(1.262521341 0.02856760175 -1.657296349e-22)
(1.263669283 0.0001706390337 -1.866122012e-21)
(1.259822902 -0.02832651705 0)
(1.250707054 -0.05568566999 -3.821427438e-22)
(1.236431378 -0.08043290821 4.123531354e-22)
(1.217763482 -0.1012663366 3.256631606e-22)
(1.195953306 -0.1172674948 4.828637392e-22)
(1.17242293 -0.128099682 -1.131198803e-21)
(1.148559718 -0.1338523218 0)
(1.125518128 -0.1351301984 1.325063988e-21)
(1.104117782 -0.132815233 -7.384876337e-23)
(1.084910509 -0.1278561918 -4.12962725e-22)
(1.068131154 -0.1211094992 -3.062788032e-22)
(1.053850325 -0.1134132133 1.068860148e-22)
(1.041923922 -0.1053629331 -4.084584266e-24)
(1.03210537 -0.09732313992 2.296896165e-24)
(1.024117597 -0.08950085863 -1.233150103e-24)
(1.01768309 -0.08200620919 -2.569423238e-26)
(1.012536992 -0.07489927029 0)
(1.008437835 -0.06821875493 -6.422892614e-24)
(1.005176284 -0.0619920887 6.424057316e-24)
(1.002578662 -0.05623352707 0)
(1.000505555 -0.05093981493 0)
(0.9988478752 -0.04608970149 2.760988481e-25)
(0.9975223281 -0.04164839117 5.519453859e-24)
(0.9964670264 -0.03757468624 -5.985298893e-24)
(0.9956373284 -0.0338280343 1.466155723e-25)
(0.9950017296 -0.03037371018 5.508181434e-24)
(0.9945377258 -0.02718554129 -5.494482556e-24)
(0.9942278233 -0.02424624263 4.775760375e-24)
(0.9940561883 -0.02154567928 -8.62240766e-24)
(0.9940065379 -0.01907762199 2.761212455e-25)
(0.9940616147 -0.0168359605 3.935655359e-24)
(0.9942040242 -0.01481162114 2.288779473e-26)
(0.9944175748 -0.01299171938 3.322599229e-25)
(0.9946879865 -0.01136022314 0)
(0.9950041667 -0.009899673652 -1.658375348e-24)
(0.9953561427 -0.008594811519 5.772539874e-25)
(0.9957336884 -0.007435030511 -1.071246438e-24)
(0.9961253626 -0.006413386657 -2.046027252e-25)
(0.9965184545 -0.005524508508 -4.584851294e-25)
(0.9969000314 -0.004761830238 -1.818422562e-25)
(0.9972586437 -0.004115519514 6.636667176e-25)
(0.9975859632 -0.003572005486 0)
(0.997877703 -0.003115168374 4.299765257e-25)
(0.9981335252 -0.00272850195 4.804675125e-25)
(0.9983560821 -0.002397256563 -3.042775109e-26)
(0.9985496405 -0.002109779479 3.591529842e-25)
(0.9987187918 -0.001857779879 -6.869427794e-26)
(0.998867586 -0.00163574125 3.836328719e-26)
(0.998999182 -0.001439957328 3.033113462e-26)
(0.9991158984 -0.001267639115 -3.999177423e-25)
(0.9992194596 -0.001116338322 2.079555239e-26)
(0.9993112583 -0.0009837108966 -2.079556834e-26)
(0.9993925326 -0.0008675080475 0)
(0.9994644419 -0.000765654097 -1.092769954e-25)
(0.9995280738 -0.0006763135058 -1.081525814e-25)
(0.9995844242 -0.0005979103666 2.313548378e-26)
(0.9996343812 -0.0005291068684 -6.09386673e-27)
(0.999678723 -0.0004687634108 -4.689022602e-27)
(0.9997181297 -0.0004158990765 3.489960254e-27)
(0.999753199 -0.0003696610535 -5.149425828e-28)
(0.9997844604 -0.0003293046929 -4.69330745e-28)
(0.9998123918 -0.0002941776606 3.069693417e-26)
(0.999837408 -0.0002637161441 0)
(0.999859948 -0.000237419773 0)
(0.9998801524 -0.0002149229395 0)
(0.9998991075 -0.0001955547412 -1.520460288e-28)
(0.9999138777 -0.0001806418658 1.520458799e-28)
(0.9999362006 -0.000160958922 0)
(1.209470906 0.09346366532 -6.798403866e-22)
(1.221508113 0.07198398606 0)
(1.22995164 0.04928128425 2.876185027e-21)
(1.234780708 0.02572638246 -2.885867679e-21)
(1.235764989 0.001768146297 1.386295396e-21)
(1.232618698 -0.02193837562 2.09543606e-21)
(1.225242948 -0.04457340948 -1.03136249e-21)
(1.213801053 -0.06511765032 6.90685098e-22)
(1.198858009 -0.08263792924 -2.557743871e-22)
(1.181307212 -0.09646081245 3.210060242e-22)
(1.162182434 -0.1062726864 0)
(1.142505029 -0.1121183246 7.542256951e-22)
(1.123156215 -0.114410566 -1.448604809e-21)
(1.104834097 -0.1137221282 -5.58388132e-22)
(1.087998732 -0.1108265697 -9.013739185e-22)
(1.072933668 -0.1062835992 8.911601207e-22)
(1.059780573 -0.1007284552 3.128730551e-23)
(1.048516795 -0.09467787265 0)
(1.038999691 -0.08844450723 0)
(1.031039819 -0.08220333157 -1.959647155e-23)
(1.024435107 -0.07605397117 2.083467351e-23)
(1.018987188 -0.07006717711 -6.953416256e-24)
(1.014509467 -0.06430519943 6.954793293e-24)
(1.010834199 -0.05882393381 -9.921488319e-25)
(1.007816928 -0.05366652616 9.602722048e-25)
(1.00533726 -0.0488569084 0)
(1.003297252 -0.0443982535 -2.760675341e-25)
(1.001618942 -0.04027689062 6.868570053e-24)
(1.000241649 -0.03646926498 -1.046174251e-23)
(0.9991191447 -0.03294894835 3.446204048e-24)
(0.9982166555 -0.02969175867 -4.23938534e-26)
(0.9975076814 -0.02667843612 -4.243936838e-26)
(0.9969708034 -0.02389519188 0)
(0.9965868414 -0.02133270177 -5.928212796e-26)
(0.9963368686 -0.01898411912 -2.902145606e-24)
(0.9962014874 -0.01684274074 2.847517519e-24)
(0.9961612984 -0.01490004031 -2.288614539e-26)
(0.9961983487 -0.01314490457 -3.321351806e-25)
(0.9962966779 -0.01156459154 0)
(0.9964441625 -0.01014482856 1.081086807e-24)
(0.9966312053 -0.008871863114 4.032752024e-25)
(0.9968494953 -0.007735365715 -4.032841506e-25)
(0.997090657 -0.006727559649 -2.646753387e-25)
(0.9973454687 -0.005842030484 -9.95470426e-25)
(0.9976039836 -0.005071966898 1.444676276e-25)
(0.9978564669 -0.004408699973 -3.064415686e-25)
(0.9980946905 -0.00384118818 -4.897675281e-25)
(0.9983129934 -0.003356597029 -4.299684351e-25)
(0.9985086868 -0.002941617607 -4.612492808e-25)
(0.9986817255 -0.002583909239 4.176576945e-25)
(0.9988338745 -0.002273122371 6.2957417e-26)
(0.9989677381 -0.002001253196 -6.295761285e-26)
(0.9990859735 -0.001762405637 0)
(0.9991908455 -0.001552232033 0)
(0.9992841066 -0.001367342761 3.863276625e-26)
(0.9993670853 -0.001204870423 1.694405649e-26)
(0.9994408444 -0.001062238037 -1.28589549e-25)
(0.9995063145 -0.0009370847062 0)
(0.9995643643 -0.0008272699107 1.09276357e-25)
(0.9996158184 -0.0007308929378 9.579947581e-26)
(0.9996614453 -0.0006462964899 0)
(0.9997019421 -0.0005720502587 0)
(0.9997379272 -0.0005069228602 -3.321116316e-27)
(0.9997699431 -0.000449851597 3.321117594e-27)
(0.9997984667 -0.0003999155633 0)
(0.9998239199 -0.0003563143181 0)
(0.9998466831 -0.0003183502045 -5.957143356e-26)
(0.9998670851 -0.0002854189232 0)
(0.9998854788 -0.0002569825127 1.715571091e-26)
(0.9999019766 -0.0002326531807 0)
(0.9999174623 -0.000211704983 -1.246181586e-28)
(0.9999295312 -0.0001955735828 -4.952818943e-27)
(0.9999477814 -0.0001742783047 3.230541002e-29)
(1.188845965 0.08046026825 2.533061554e-22)
(1.19943947 0.06247757198 0)
(1.206862077 0.04327385237 1.244912292e-21)
(1.211144734 0.02327834849 -1.248267643e-21)
(1.212089018 0.003000572351 -1.313119364e-21)
(1.209553007 -0.01698672238 -2.66076758e-21)
(1.203555739 -0.03601670165 -1.191915587e-21)
(1.194301266 -0.05332721074 1.176884954e-21)
(1.182221723 -0.06822440395 -5.699056533e-22)
(1.167970024 -0.08019676994 2.624776544e-22)
(1.152307234 -0.08898016384 4.145536717e-22)
(1.135994517 -0.09458696313 -5.079911105e-22)
(1.119716232 -0.09729115159 3.036777176e-22)
(1.104037577 -0.09754820663 -1.66181493e-22)
(1.089357597 -0.09596820525 9.009091284e-22)
(1.075963828 -0.09301551655 -1.469629037e-21)
(1.06399204 -0.08909747929 0)
(1.053497448 -0.08462899164 0)
(1.044421917 -0.07986117196 0)
(1.036658441 -0.07494436361 0)
(1.030063607 -0.06996226227 9.076239043e-25)
(1.024488042 -0.0649802886 1.459511882e-23)
(1.019789846 -0.06006885818 -5.353683136e-24)
(1.015839046 -0.05530020123 -1.655024667e-23)
(1.01251981 -0.05073628546 6.114349991e-24)
(1.009731461 -0.0464196438 -8.913337099e-25)
(1.007388642 -0.04237096386 1.673376297e-24)
(1.005420758 -0.03859256359 -8.378718176e-25)
(1.003770686 -0.03507492468 -1.441897283e-24)
(1.00239295 -0.03180333668 1.442032482e-24)
(1.001251562 -0.0287627545 -1.824001408e-24)
(1.000317724 -0.02594034541 3.844227367e-24)
(0.999567497 -0.02332614366 -1.935390165e-24)
(0.9989796837 -0.0209125152 0)
(0.9985342632 -0.01869302253 0)
(0.9982116643 -0.01666113021 0)
(0.9979928909 -0.01480913961 0)
(0.9978603706 -0.01312767962 -1.496545099e-24)
(0.9977984958 -0.01160673111 1.498180173e-24)
(0.9977943069 -0.01023510798 5.162708763e-25)
(0.9978377814 -0.00900119387 7.620251313e-25)
(0.9979202228 -0.007895587817 -2.867524727e-25)
(0.9980334844 -0.006910494319 5.882761701e-25)
(0.9981692736 -0.006038969747 5.273657992e-25)
(0.9983189877 -0.005273928037 0)
(0.9984741654 -0.004607262692 3.365417363e-25)
(0.9986273075 -0.004029487858 5.350740516e-25)
(0.9987726579 -0.003530031875 -1.426604385e-25)
(0.9989066135 -0.003098011415 6.723618876e-26)
(0.999027641 -0.002723135864 0)
(0.9991357984 -0.002396405374 1.654567679e-25)
(0.9992320876 -0.002110422863 4.191354274e-26)
(0.9993178634 -0.001859331572 -1.725562262e-25)
(0.999394437 -0.001638519269 0)
(0.9994629006 -0.00144425973 1.433908261e-25)
(0.9995241152 -0.001273414135 9.080548026e-26)
(0.999578778 -0.001123239611 1.116446669e-25)
(0.9996274984 -0.0009912929997 -9.968684331e-27)
(0.999670849 -0.0008753924034 1.207881127e-27)
(0.9997093821 -0.000773601629 1.644182819e-26)
(0.9997436262 -0.0006842170889 -7.681006122e-27)
(0.9997740734 -0.000605750406 0)
(0.9998011703 -0.000536907238 0)
(0.9998253146 -0.0004765647645 0)
(0.9998468579 -0.0004237496494 -1.859537403e-27)
(0.999866111 -0.0003776179214 3.426630827e-27)
(0.9998833539 -0.0003374362731 2.480173529e-26)
(0.9998988281 -0.0003025710914 0)
(0.9999127922 -0.0002724559885 -1.715566058e-26)
(0.9999253272 -0.0002466844468 -9.708544467e-27)
(0.9999371037 -0.0002244918122 2.977319871e-28)
(0.9999462849 -0.0002074002731 8.71015041e-27)
(0.9999601792 -0.0001848331916 0)
(1.171230734 0.06929374426 7.231344496e-25)
(1.180450628 0.0541959445 0)
(1.186973183 0.03797767427 1.086212241e-21)
(1.190756681 0.02104481018 -2.127039343e-21)
(1.191700443 0.003887073616 8.37535194e-23)
(1.189743375 -0.01298545052 6.774507281e-23)
(1.18492099 -0.02901341817 4.869248641e-23)
(1.177433592 -0.04362946362 2.864169994e-23)
(1.167618336 -0.05629690608 9.81750979e-22)
(1.155959694 -0.06662622225 -4.72622411e-22)
(1.143029693 -0.074411358 -4.835880271e-22)
(1.129410627 -0.07965001611 1.397896157e-22)
(1.115642607 -0.08253559054 3.391271086e-22)
(1.102190339 -0.08341387075 -1.372713654e-22)
(1.089409739 -0.08273622428 3.067750743e-22)
(1.077550118 -0.0809465894 3.322594549e-22)
(1.066771767 -0.07833147769 0)
(1.057117369 -0.07518786652 5.32006072e-22)
(1.04857784 -0.07165998964 9.352804955e-23)
(1.041122819 -0.06786468462 -4.929220531e-23)
(1.034667896 -0.06388891225 -9.075221182e-25)
(1.029102012 -0.05979704254 6.80577824e-25)
(1.024314955 -0.0556596303 -1.672952753e-23)
(1.020206944 -0.05155592241 1.71565822e-23)
(1.016688326 -0.04755928357 1.211755283e-25)
(1.013678205 -0.04372509767 -6.255617068e-24)
(1.011104745 -0.04008671865 6.283239073e-24)
(1.008906091 -0.03665832325 -2.42120779e-24)
(1.007030424 -0.03344112772 1.859528599e-24)
(1.005434989 -0.03042971426 5.828366551e-25)
(1.004084598 -0.02761659242 -1.11438309e-26)
(1.00295002 -0.02499457358 -4.813409556e-25)
(1.002006367 -0.0225574684 4.867120038e-25)
(1.001231628 -0.02029986202 -7.551436174e-25)
(1.000605534 -0.01821653237 7.551870347e-25)
(1.000108941 -0.0163018253 0)
(0.9997237627 -0.01454917723 -6.620767578e-27)
(0.9994333661 -0.01295093008 8.020496586e-25)
(0.9992228604 -0.011499049 -8.02651262e-25)
(0.9990793449 -0.01018469025 -1.053340763e-25)
(0.9989921998 -0.008998390805 -8.790604278e-25)
(0.9989520945 -0.007931724098 -2.127096508e-25)
(0.9989505101 -0.006977333875 1.999901306e-25)
(0.9989792302 -0.006128301276 0)
(0.9990301774 -0.00537763179 2.897658154e-25)
(0.9990956315 -0.00471777024 -1.133693115e-26)
(0.9991687008 -0.004140391003 3.664280248e-26)
(0.9992438061 -0.003636562269 -4.319368763e-26)
(0.9993169632 -0.003197202787 4.319407078e-26)
(0.999385767 -0.002813637883 -3.461224465e-26)
(0.999449115 -0.00247805699 -9.994966681e-26)
(0.9995067945 -0.002183754722 -5.841840675e-26)
(0.9995590746 -0.001925145 1.826540988e-25)
(0.9996063979 -0.001697617446 -9.238429469e-26)
(0.9996492066 -0.001497331564 -4.115893332e-26)
(0.9996878789 -0.001321024279 -1.638141124e-25)
(0.9997227323 -0.001165866927 0)
(0.9997540519 -0.001029373733 0)
(0.9997821146 -0.0009093468065 0)
(0.9998072008 -0.0008038411849 -5.152666729e-27)
(0.9998295942 -0.0007111390455 6.418630674e-28)
(0.9998495738 -0.0006297281067 -2.463020405e-26)
(0.9998674058 -0.0005582822784 7.344491278e-27)
(0.9998833356 -0.0004956435939 1.558660696e-26)
(0.9998975854 -0.0004408045093 -1.756653853e-26)
(0.9999103526 -0.0003928906816 1.511136646e-26)
(0.9999218151 -0.0003511431701 -1.159991613e-26)
(0.9999321254 -0.000314907767 0)
(0.9999414483 -0.0002836006447 -7.560501698e-27)
(0.9999498308 -0.0002568009514 9.410785999e-27)
(0.9999577181 -0.0002337182354 -3.982803185e-27)
(0.9999638711 -0.0002159392716 -3.664981292e-27)
(0.9999731957 -0.0001924600055 0)
(1.156098983 0.05963653045 2.052459632e-22)
(1.164097967 0.04694566976 0)
(1.169808531 0.03327387011 -2.35472376e-21)
(1.173161707 0.01898158869 3.86629541e-21)
(1.174137243 0.004469096596 9.370786857e-22)
(1.172670576 -0.009797529679 1.060103043e-21)
(1.16881019 -0.02335359166 -9.24715633e-22)
(1.162726485 -0.03575000716 0)
(1.154697848 -0.04656802754 0)
(1.14509372 -0.05549624536 -9.903658923e-23)
(1.134352083 -0.06236834579 9.828591744e-23)
(1.122927665 -0.06717700993 0)
(1.111250012 -0.07007075806 0)
(1.099698168 -0.0713214636 2.78623702e-22)
(1.088581106 -0.07127027228 -1.59743144e-22)
(1.078121491 -0.07026946424 -4.880320666e-23)
(1.068462577 -0.06859169827 -3.863957583e-22)
(1.059659367 -0.06645556303 -2.308135283e-22)
(1.051733347 -0.06394085061 5.783738738e-22)
(1.044665654 -0.06108557072 -1.493194166e-22)
(1.038426536 -0.05795666674 -3.518161976e-23)
(1.032954789 -0.05462930948 4.373957777e-23)
(1.028168294 -0.05117664248 8.742113312e-25)
(1.023990484 -0.04767892706 -3.562407517e-25)
(1.020352365 -0.04421245192 -3.260016383e-27)
(1.017190569 -0.04083907849 2.324366023e-25)
(1.014446634 -0.03760051588 2.150494432e-25)
(1.012068108 -0.03451943468 1.270849036e-25)
(1.010009413 -0.03160490893 -1.168074339e-25)
(1.008231657 -0.02885849893 1.811653712e-24)
(1.006701788 -0.02627864535 -1.8006728e-24)
(1.005391535 -0.0238628749 -8.992828514e-25)
(1.004276339 -0.02160845646 1.436254484e-24)
(1.003334355 -0.01951234726 -2.35947428e-25)
(1.002545657 -0.01757095838 -3.248294501e-25)
(1.001891773 -0.01577994438 0)
(1.001355534 -0.01413408458 6.620405334e-27)
(1.000921209 -0.01262727966 0)
(1.000574664 -0.01125308142 1.828137687e-26)
(1.00030326 -0.01000464803 -3.164965467e-25)
(1.000096135 -0.00887419806 2.695845161e-25)
(0.9999435336 -0.007854231738 2.127038818e-25)
(0.999836649 -0.006938044815 -1.999850725e-25)
(0.9997672033 -0.006119108594 0)
(0.9997273422 -0.005390827027 -1.252488396e-25)
(0.9997097514 -0.004746287027 -2.3147366e-26)
(0.9997079163 -0.004178150749 -1.685395626e-25)
(0.9997163949 -0.003678758391 0)
(0.9997309826 -0.003240404713 0)
(0.9997487048 -0.002855684698 4.043721446e-26)
(0.9997676474 -0.002517794035 -1.452326567e-27)
(0.9997866934 -0.002220708948 -1.415776985e-26)
(0.9998052482 -0.001959229076 -1.151546801e-26)
(0.9998230134 -0.001728915657 8.974778587e-26)
(0.9998398358 -0.001525977654 5.936450856e-26)
(0.9998556263 -0.001347151754 4.446689885e-26)
(0.9998703268 -0.001189601787 0)
(0.9998839033 -0.001050843651 0)
(0.9998963473 -0.0009286908963 -1.168083232e-26)
(0.999907678 -0.0008212138883 0)
(0.9999179408 -0.0007267076495 2.241668285e-27)
(0.9999272028 -0.0006436660509 2.492800812e-26)
(0.9999355456 -0.0005707610546 -2.546969221e-28)
(0.9999430573 -0.0005068256259 -1.923040336e-26)
(0.9999498254 -0.0004508385721 1.483716751e-26)
(0.9999559318 -0.000401910318 -1.849581814e-26)
(0.9999614512 -0.0003592675993 1.159987249e-26)
(0.9999664473 -0.0003222441375 0)
(0.9999709908 -0.0002902464911 7.560475762e-27)
(0.9999750958 -0.0002628478854 0)
(0.9999789756 -0.0002392437128 4.015435662e-27)
(0.9999820084 -0.0002210609241 -4.109158454e-29)
(0.9999866234 -0.000197042519 -3.245883462e-28)
(1.14303689 0.05131238416 -8.482775405e-23)
(1.149979325 0.04062930605 -1.098124278e-22)
(1.154990615 0.0291013374 -2.040606342e-22)
(1.157997582 0.01703649984 7.984188349e-22)
(1.158966308 0.004767644905 -1.809098073e-21)
(1.157888169 -0.007304024805 0)
(1.154811982 -0.01879049545 9.245882528e-22)
(1.149861064 -0.02931757714 3.941424556e-22)
(1.143264668 -0.03855709255 4.140971111e-22)
(1.135312619 -0.04625048524 -2.656931841e-22)
(1.126343916 -0.05226514057 6.995907299e-22)
(1.11671842 -0.05659884333 -3.34825019e-22)
(1.106781875 -0.05937593923 -1.753832604e-23)
(1.096844459 -0.06082008623 -3.247763083e-23)
(1.087166084 -0.06120563671 2.388485513e-22)
(1.077943791 -0.06080352138 -3.442859629e-22)
(1.069309568 -0.05982941437 2.663352966e-22)
(1.061330479 -0.05843445139 7.343164854e-23)
(1.054030527 -0.05669886412 -7.252811679e-22)
(1.047410181 -0.05462596202 0)
(1.041451943 -0.05221890863 -9.146837726e-23)
(1.036135125 -0.04955102414 -8.601805642e-23)
(1.031410259 -0.04669690089 -8.736933608e-25)
(1.027228007 -0.04374196286 2.34287503e-23)
(1.023535702 -0.04076315112 -2.379382369e-23)
(1.020282334 -0.03782285607 -2.324214173e-25)
(1.017420657 -0.03496651812 -1.860218602e-25)
(1.014907701 -0.03222250992 9.798277827e-24)
(1.012704952 -0.02960574811 -9.901541449e-24)
(1.010778257 -0.027123029 2.821981915e-25)
(1.009097564 -0.02477730904 -2.32836445e-25)
(1.007636509 -0.02256987413 0)
(1.006371798 -0.0205009652 4.171829963e-26)
(1.005282525 -0.01856979671 0)
(1.004349607 -0.01677451285 -1.136438157e-24)
(1.003555448 -0.01511222026 1.157241884e-24)
(1.002883801 -0.01357908115 3.620971477e-26)
(1.002319757 -0.01217042819 5.211892449e-25)
(1.001849861 -0.01088111691 -5.296988138e-25)
(1.001461882 -0.009705951287 -3.259930589e-25)
(1.001144967 -0.00863855143 0)
(1.000889153 -0.007672266577 -2.241286002e-25)
(1.000685536 -0.006801125692 4.095631413e-26)
(1.000525836 -0.006019183207 -8.987578164e-27)
(1.000402336 -0.005320416464 -1.871843681e-25)
(1.00030796 -0.004698610064 -1.776669501e-26)
(1.000236405 -0.004147312091 1.366444825e-25)
(1.000182286 -0.003659905303 -7.776321409e-26)
(1.000141228 -0.00322978011 6.58494154e-26)
(1.000109845 -0.00285055528 -8.073641416e-26)
(1.000085636 -0.002516280489 2.68284203e-27)
(1.00006681 -0.002221571661 -4.328184744e-26)
(1.000052094 -0.001961662301 3.471032476e-26)
(1.000040576 -0.001732384195 2.97335262e-26)
(1.000031577 -0.001530106407 2.551420033e-26)
(1.000024574 -0.001351661148 6.622753453e-28)
(1.000019146 -0.001194274891 -1.149286399e-27)
(1.000014952 -0.001055511433 4.870100831e-28)
(1.000011714 -0.0009332260718 1.168075988e-26)
(1.000009207 -0.0008255276947 0)
(1.000007251 -0.0007307464099 0)
(1.000005712 -0.0006474060382 0)
(1.00000449 -0.0005742014644 -7.619386114e-27)
(1.000003515 -0.0005099805532 -6.500631877e-27)
(1.000002736 -0.0004537295071 3.016177284e-30)
(1.000002117 -0.0004045605512 4.635398093e-27)
(1.000001629 -0.000361699156 6.723097857e-31)
(1.000001248 -0.0003244769728 -3.133402898e-27)
(1.000000952 -0.0002922991241 3.596422957e-30)
(1.000000722 -0.0002647381228 1.860150847e-27)
(1.000000539 -0.000240988071 4.207493457e-31)
(1.000000409 -0.0002226903093 -7.148777723e-28)
(1.000000249 -0.00019851306 7.288474868e-30)
(1.13173588 0.04411877164 -3.62668886e-23)
(1.137778293 0.03511596961 -1.894232882e-22)
(1.14219132 0.02539275774 1.800382332e-22)
(1.144894097 0.01521676758 0)
(1.145851109 0.00486683601 -7.909744096e-22)
(1.145094304 -0.005344244965 7.925366521e-22)
(1.142646651 -0.01507826067 0)
(1.138607795 -0.02402628751 -8.080428169e-22)
(1.133159048 -0.03191298627 0)
(1.126536862 -0.03852704412 0)
(1.119009241 -0.04376404057 0)
(1.110863965 -0.04762689648 1.826629365e-23)
(1.102382173 -0.05022357385 1.754244246e-23)
(1.093818706 -0.05174245218 0)
(1.085389689 -0.05240901465 0)
(1.077263386 -0.05243695136 9.775772301e-23)
(1.069557422 -0.05198827148 -9.16865778e-23)
(1.062342679 -0.05115924077 -7.36910337e-23)
(1.055651061 -0.04999957176 2.853519557e-22)
(1.049489462 -0.04852558562 0)
(1.043862337 -0.04671515935 -8.520975678e-23)
(1.03874883 -0.04462047693 2.534377426e-22)
(1.034126165 -0.04229133889 3.210018205e-23)
(1.02997953 -0.03981274158 -5.947103671e-23)
(1.02627741 -0.0372703249 2.717190824e-23)
(1.022978461 -0.03472772821 0)
(1.020042383 -0.03222988954 6.081943906e-25)
(1.017433707 -0.02980712367 1.46983912e-23)
(1.015120951 -0.02747787896 -1.455080882e-23)
(1.013075302 -0.02525277434 -2.821823199e-25)
(1.011270313 -0.02313817657 -8.301388528e-26)
(1.00968208 -0.02113820601 -3.40325274e-24)
(1.008289117 -0.01925542658 3.17636434e-24)
(1.007071945 -0.01749096444 0)
(1.006012674 -0.01584456253 0)
(1.005094764 -0.01431472385 -1.72725301e-24)
(1.004302926 -0.01289891022 1.647151605e-24)
(1.003623045 -0.01159373749 1.271727717e-24)
(1.003042306 -0.01039512638 -1.277536447e-24)
(1.00254897 -0.009299278529 3.259855705e-25)
(1.002132374 -0.008301050318 5.043966883e-25)
(1.001782523 -0.007394563874 7.119689751e-26)
(1.001490557 -0.006574590075 2.830695046e-25)
(1.001248263 -0.005835845217 -2.411508231e-25)
(1.001048059 -0.00517295357 3.362181808e-25)
(1.000883029 -0.004580406917 -3.33604997e-25)
(1.000746991 -0.004052559552 -9.208964303e-26)
(1.000634571 -0.003583681977 2.568517019e-25)
(1.000541242 -0.003168073186 -2.213122717e-25)
(1.000463309 -0.002800206401 1.006782146e-25)
(1.000397833 -0.002474870396 -4.476992303e-26)
(1.000342511 -0.002187273726 1.429990013e-25)
(1.000295543 -0.001933096513 5.454634538e-26)
(1.000255516 -0.001708493251 -1.07581709e-25)
(1.000221298 -0.001510062197 -2.551399433e-26)
(1.000191973 -0.001334799627 -9.534530898e-27)
(1.000166783 -0.001180052719 -5.049272622e-26)
(1.000145098 -0.001043477671 -3.684862704e-26)
(1.000126382 -0.0009230039536 6.255960878e-27)
(1.000110184 -0.0008168030116 -6.255980095e-27)
(1.00009612 -0.0007232597728 0)
(1.000083865 -0.0006409466272 0)
(1.000073148 -0.0005686005211 7.619348984e-27)
(1.000063746 -0.0005051039319 5.008925988e-27)
(1.000055472 -0.0004494696798 2.75715594e-27)
(1.000048171 -0.0004008291065 -1.265479354e-27)
(1.00004171 -0.0003584208349 -4.379684094e-28)
(1.000035976 -0.0003215857312 -5.489031851e-27)
(1.000030857 -0.0002897362354 -3.527380952e-28)
(1.000026306 -0.0002624519157 3.764551739e-27)
(1.000022069 -0.0002389317663 -3.847545064e-27)
(1.000018782 -0.0002208075687 2.844384065e-27)
(1.000013858 -0.0001968529079 3.092820861e-28)
(1.121952084 0.03787180335 7.794954052e-23)
(1.127236708 0.0302826919 -1.500217799e-22)
(1.13114193 0.02208564539 -7.955329785e-23)
(1.133588422 0.01350802779 -5.187958481e-22)
(1.134548346 0.004774998356 7.085146431e-22)
(1.134033595 -0.003859665474 3.297486462e-22)
(1.132074219 -0.01209852952 0)
(1.128766699 -0.01968838757 3.453356227e-22)
(1.124248467 -0.02639908474 -1.393572648e-23)
(1.118706962 -0.03206049046 -2.928645015e-22)
(1.112358619 -0.03658773871 9.243453864e-24)
(1.105437372 -0.03998938783 2.544124942e-22)
(1.098173508 -0.04236248384 -2.271388081e-23)
(1.090776846 -0.04386903509 -4.769410507e-22)
(1.083426307 -0.04469666786 2.270053343e-22)
(1.076263061 -0.04501553446 -6.072149438e-24)
(1.069388614 -0.04494582778 8.117081819e-23)
(1.062869111 -0.04454735774 -8.117078907e-23)
(1.056743441 -0.04383466921 -3.297919967e-23)
(1.051029026 -0.04280760121 0)
(1.045735036 -0.04146205356 0)
(1.040853234 -0.0398373275 -1.821875835e-22)
(1.036379866 -0.03797142104 -3.177037164e-22)
(1.032306009 -0.03592167521 1.078534371e-22)
(1.028624197 -0.03377046625 3.17366066e-23)
(1.025311449 -0.03158922949 0)
(1.022334073 -0.02942399337 -2.022728593e-23)
(1.019661803 -0.02730487855 3.592276544e-23)
(1.017268451 -0.02525091447 -1.638069827e-23)
(1.015130185 -0.02327486155 0)
(1.013224554 -0.02138574969 7.06914263e-25)
(1.0115306 -0.01958999787 3.371294939e-25)
(1.010029016 -0.01789197923 4.093350895e-24)
(1.008702009 -0.01629432795 -3.866488376e-24)
(1.007533086 -0.01479813174 0)
(1.006506893 -0.01340312705 -2.248313217e-24)
(1.005609148 -0.01210792832 2.435109629e-24)
(1.004826577 -0.01091025375 -1.898492461e-25)
(1.004146965 -0.009807086588 -3.466639409e-26)
(1.003559194 -0.008795488019 0)
(1.003052733 -0.007871457803 -5.043872582e-25)
(1.002617867 -0.007029973131 0)
(1.002245811 -0.006266487761 2.15904588e-25)
(1.001928468 -0.00557639475 -5.061999212e-25)
(1.001658393 -0.004954973231 -1.872088858e-25)
(1.001428798 -0.00439739817 6.014945339e-25)
(1.001233576 -0.003898757028 3.166994685e-25)
(1.001067339 -0.003454092655 -7.192982355e-26)
(1.000925434 -0.003058480122 4.830293251e-26)
(1.000803925 -0.002707127036 0)
(1.000699538 -0.002395475458 0)
(1.000609579 -0.002119283625 9.096459534e-26)
(1.000531837 -0.001874674445 -1.203964347e-25)
(1.00046449 -0.001658149479 7.784779786e-26)
(1.000406028 -0.001466576247 0)
(1.000355188 -0.001297160541 -1.137844028e-25)
(1.000310909 -0.001147414135 5.402957074e-26)
(1.000272286 -0.001015124081 7.498511798e-26)
(1.000238548 -0.0008983254942 -7.793317654e-26)
(1.000209032 -0.0007952770268 0)
(1.000183163 -0.0007044377211 -4.407590896e-26)
(1.000160446 -0.0006244446747 -4.687852172e-26)
(1.000140451 -0.0005540920165 -3.436978413e-27)
(1.00012281 -0.0004923122813 3.787228623e-26)
(1.000107205 -0.0004381608592 -2.985575924e-26)
(1.000093366 -0.0003908038504 2.105680528e-27)
(1.000081058 -0.0003495072146 -2.975816619e-27)
(1.000070081 -0.0003136326825 1.02808387e-26)
(1.000060234 -0.0002826088211 -1.231966933e-26)
(1.000051444 -0.000256025474 -5.625883924e-27)
(1.00004323 -0.0002331101125 3.911035674e-27)
(1.000036843 -0.0002154469434 1.425901264e-27)
(1.000027235 -0.0001920925035 0)
(1.113495677 0.03240732729 6.519791936e-23)
(1.118149667 0.02601926336 0)
(1.121627271 0.01912216445 1.519549952e-22)
(1.123855502 0.01190186923 3.266381307e-22)
(1.124804481 0.004546152197 4.919840655e-22)
(1.124477517 -0.002728181275 -1.995578852e-21)
(1.122919293 -0.009678516557 2.602363044e-23)
(1.120202704 -0.01609352284 0)
(1.116435109 -0.02178298183 0)
(1.111770752 -0.02660699426 -3.333165353e-22)
(1.10638824 -0.0304938979 5.617046853e-22)
(1.100478995 -0.03345823311 -2.7773475e-22)
(1.094233303 -0.0355891692 2.40154316e-22)
(1.087824469 -0.03702763085 8.547263588e-24)
(1.0813997 -0.03793079748 -4.210254159e-22)
(1.075075561 -0.0384344041 2.006598297e-22)
(1.068937551 -0.03862616896 0)
(1.063044315 -0.03853966082 0)
(1.057434987 -0.03816900451 0)
(1.052135064 -0.03749690248 -5.73418771e-23)
(1.047162104 -0.03651683551 5.73123496e-23)
(1.042523501 -0.03525586203 1.830934231e-22)
(1.038220921 -0.03376587303 4.874323395e-22)
(1.034254991 -0.03209526042 -1.38024226e-22)
(1.030622727 -0.03029638498 0)
(1.027318924 -0.028442289 -8.348409091e-23)
(1.024321482 -0.02658004419 1.317099717e-23)
(1.021609082 -0.02474253694 0)
(1.019159406 -0.02294882142 -7.264865263e-24)
(1.016951453 -0.02121143232 8.471442196e-24)
(1.014966072 -0.01954049644 5.26003e-25)
(1.013185526 -0.01794407931 -3.371163225e-25)
(1.011593067 -0.0164279991 4.793571699e-24)
(1.010172793 -0.01499603734 -4.793924734e-24)
(1.008909686 -0.01365029474 -2.643353729e-25)
(1.007789631 -0.01239148682 -3.318252508e-24)
(1.006799387 -0.01121918335 6.052644795e-24)
(1.005926534 -0.01013202847 -2.5807096e-24)
(1.00515953 -0.009127902857 1.206874629e-25)
(1.004487746 -0.008204603718 0)
(1.003901111 -0.007358986844 3.904492773e-25)
(1.003390122 -0.006586967838 -3.904619294e-25)
(1.002946121 -0.005884601747 -2.971485654e-25)
(1.00256119 -0.005247936214 1.659681806e-24)
(1.002228024 -0.004672884808 -4.864149925e-25)
(1.001939942 -0.004155267344 -1.359322309e-25)
(1.001690891 -0.003690838616 -4.903984441e-25)
(1.001475468 -0.003275325362 1.737055728e-25)
(1.001288915 -0.002904482606 0)
(1.001127114 -0.002574165752 0)
(1.000986536 -0.002280405843 -1.024751838e-25)
(1.000864184 -0.002019473925 -5.974579436e-26)
(1.000757523 -0.001787924439 -1.924702872e-25)
(1.000664403 -0.001582614426 1.6900349e-25)
(1.000582997 -0.001400701886 0)
(1.000511746 -0.001239630289 1.221520279e-25)
(1.000449314 -0.00109710684 -2.65898038e-26)
(1.000394553 -0.00097107986 2.039301332e-26)
(1.000346475 -0.0008597178421 -4.398621426e-26)
(1.000304219 -0.0007613903093 -7.656320636e-26)
(1.000267037 -0.0006746496244 4.867440468e-26)
(1.000234276 -0.0005982130584 4.227953758e-26)
(1.000205361 -0.0005309451127 5.026854784e-26)
(1.000179791 -0.0004718408283 -3.148829515e-26)
(1.00015713 -0.0004200108204 6.763703433e-26)
(1.000136996 -0.0003746689309 -3.703969194e-27)
(1.000119057 -0.0003351210828 0)
(1.000103031 -0.0003007613144 2.13981571e-26)
(1.000088628 -0.0002710438017 1.231962148e-26)
(1.000075744 -0.0002455780304 -1.281323659e-26)
(1.000063684 -0.0002236230194 0)
(1.000054305 -0.0002066976518 1.367503808e-27)
(1.000040172 -0.0001843105847 0)
(1.106211989 0.02758923424 1.096775437e-22)
(1.110345532 0.02223072366 3.106503928e-23)
(1.113465987 0.01644947929 -2.139219789e-22)
(1.115508228 0.01039827258 7.182949499e-23)
(1.116441391 0.004237288022 0)
(1.116265057 -0.001855992206 -2.906736156e-22)
(1.115027579 -0.007697642617 1.214666622e-21)
(1.112783483 -0.01309690651 2.899488386e-22)
(1.109623769 -0.0178971754 0)
(1.105673926 -0.02198089105 -3.454635547e-22)
(1.101083755 -0.02529138664 -1.732698758e-24)
(1.09601217 -0.02784720653 2.318394189e-22)
(1.090617067 -0.02973007582 0)
(1.08504165 -0.03106316365 2.649880788e-23)
(1.079406453 -0.03197864041 0)
(1.073806523 -0.03258477946 0)
(1.06831249 -0.03294433862 0)
(1.062975125 -0.03307169365 0)
(1.057831781 -0.03294808916 6.610996539e-23)
(1.052911757 -0.03254689319 -6.967715985e-24)
(1.048239476 -0.03185590858 -5.914728534e-23)
(1.04383436 -0.030891044 9.359779955e-23)
(1.039707871 -0.02969949552 -2.638465336e-22)
(1.035864342 -0.02834124438 -7.933073337e-23)
(1.032310714 -0.02685625423 1.27890839e-22)
(1.029037807 -0.02530675778 -7.071191205e-23)
(1.026034846 -0.02372593303 1.260368954e-23)
(1.023296087 -0.02214718706 0)
(1.020806781 -0.02059529756 -1.205621595e-24)
(1.018547626 -0.01908388308 8.400963487e-24)
(1.01650073 -0.01762238674 -9.318802202e-24)
(1.014650687 -0.01621911058 0)
(1.012983334 -0.01488079376 0)
(1.011484873 -0.01361212438 -4.92482291e-24)
(1.010141847 -0.0124159373 5.189487135e-24)
(1.008941364 -0.01129363349 0)
(1.007871213 -0.01024549728 3.095879898e-24)
(1.006919836 -0.009270906623 -3.296909928e-24)
(1.006076361 -0.008368471771 -2.343278767e-24)
(1.005330709 -0.007536577698 1.420743346e-24)
(1.004673278 -0.006772894119 -1.78062999e-26)
(1.004094852 -0.006074083948 0)
(1.003586924 -0.005436773473 8.678371133e-25)
(1.003141772 -0.004857623976 -6.254887971e-25)
(1.002752236 -0.004333151465 0)
(1.002411731 -0.003859777862 0)
(1.002114254 -0.003433867456 -5.177731092e-25)
(1.001854391 -0.003051761518 4.552960528e-25)
(1.001627314 -0.002709822191 -4.004145936e-25)
(1.001428763 -0.002404486109 -3.521815714e-25)
(1.001255016 -0.002132321098 -3.097702595e-25)
(1.001102841 -0.001890077285 0)
(1.000969444 -0.001674725123 2.943590337e-25)
(1.00085241 -0.001483476659 -2.708933067e-25)
(1.000749648 -0.001313790629 0)
(1.000659349 -0.001163365299 3.45130707e-26)
(1.000579943 -0.001030124231 -1.470849358e-25)
(1.000510065 -0.0009121995329 -3.027526264e-26)
(1.000448529 -0.0008079153889 8.760751961e-26)
(1.000394297 -0.0007157728199 8.400835212e-28)
(1.000346463 -0.000634435497 -3.793716681e-26)
(1.000304228 -0.0005627158931 9.053267359e-26)
(1.000266887 -0.0004995613954 -5.026830381e-26)
(1.000233821 -0.0004440404494 5.687562272e-27)
(1.000204483 -0.0003953291308 -1.014198292e-27)
(1.00017839 -0.0003526993137 7.686525011e-28)
(1.00015512 -0.0003155074821 -2.883100378e-26)
(1.00013431 -0.0002831896183 -2.139806955e-26)
(1.000115587 -0.0002552360554 -2.136400792e-26)
(1.000098825 -0.0002312847813 1.242826984e-26)
(1.000083123 -0.0002106272118 3.849093942e-28)
(1.0000709 -0.0001947019365 -4.970343453e-27)
(1.000052468 -0.0001736326023 0)
(1.09998146 0.02330028079 8.572780554e-23)
(1.103688435 0.01883374157 -2.685577587e-22)
(1.106513201 0.01401923138 1.232651167e-22)
(1.108398799 0.00898124022 -6.625165399e-23)
(1.109315601 0.003854004768 1.356295531e-22)
(1.109264318 -0.00122340458 2.908443211e-22)
(1.108279695 -0.006097952064 -8.570311838e-22)
(1.106412826 -0.01060581888 -2.900214337e-22)
(1.103742668 -0.01461928005 -2.70742311e-22)
(1.100372833 -0.01804147384 4.046543165e-22)
(1.096430668 -0.02082982206 1.646964248e-23)
(1.092049796 -0.0230043728 9.107819537e-23)
(1.08736172 -0.0246393822 -5.662426839e-23)
(1.082484903 -0.0258419681 -5.481173813e-23)
(1.07751757 -0.02672285589 4.958826211e-23)
(1.072536237 -0.02736799918 8.877127389e-23)
(1.067598214 -0.02782112581 -8.877210348e-23)
(1.062746687 -0.02808321541 -3.874815053e-23)
(1.058016614 -0.02812763734 -6.704389821e-23)
(1.053439137 -0.02792313661 9.550423761e-23)
(1.049043299 -0.02745407361 -8.947452175e-23)
(1.044855302 -0.0267308321 -4.874241198e-23)
(1.040896182 -0.02578953367 6.042407694e-23)
(1.037178088 -0.02468383745 7.983286296e-23)
(1.033708631 -0.02346257217 9.323806509e-24)
(1.03048251 -0.02218020963 1.323571981e-22)
(1.0274971 -0.02086366382 -5.372983498e-23)
(1.024747216 -0.01953033848 3.012875266e-23)
(1.022229138 -0.01820477146 2.391508299e-23)
(1.019931225 -0.01690628993 -3.223210424e-25)
(1.017837248 -0.01564525626 8.218527586e-24)
(1.015932452 -0.01442899193 -8.219246043e-24)
(1.014204304 -0.01326412117 0)
(1.012641036 -0.01215591045 0)
(1.011230884 -0.01110780656 -6.924341368e-25)
(1.00996221 -0.01012170592 4.340608624e-24)
(1.008823775 -0.009198379042 -2.547351877e-25)
(1.007804841 -0.008337741583 -7.173903163e-24)
(1.006895205 -0.007538983143 1.698638201e-24)
(1.006085325 -0.006800968724 2.407187441e-24)
(1.0053661 -0.006122049031 -1.74322304e-25)
(1.004728629 -0.005499536561 0)
(1.004164569 -0.004930585827 -8.678289407e-25)
(1.003666393 -0.004412420397 8.867501338e-25)
(1.00322709 -0.00394211545 7.811127371e-25)
(1.002840169 -0.003516649932 0)
(1.002499681 -0.003132946326 1.123896381e-24)
(1.002200213 -0.002787903612 -4.552922002e-25)
(1.001936882 -0.002478432792 -6.991918793e-26)
(1.001705324 -0.002201497957 3.521787986e-25)
(1.001501665 -0.001954160165 3.097679182e-25)
(1.001322491 -0.001733618656 3.212962602e-25)
(1.001164801 -0.001537243943 -2.828662027e-25)
(1.001025966 -0.001362599034 -2.489545049e-25)
(1.00090368 -0.001207448131 -4.765790143e-26)
(1.000795924 -0.001069754689 2.402244498e-25)
(1.00070093 -0.0009476724255 1.796066581e-25)
(1.000617145 -0.0008395329431 -1.530166309e-25)
(1.00054321 -0.0007438327113 1.261477582e-25)
(1.000477929 -0.0006592208539 6.777132546e-26)
(1.000420252 -0.0005844880315 -9.94195002e-26)
(1.000369249 -0.0005185558544 -9.15398678e-26)
(1.000324101 -0.0004604664807 1.866956627e-26)
(1.00028408 -0.0004093718879 6.930550954e-27)
(1.000248542 -0.0003645223237 1.837988107e-27)
(1.000216914 -0.0003252561577 -4.684617418e-26)
(1.00018869 -0.0002909884116 2.879544669e-26)
(1.000163435 -0.0002612031348 3.446205819e-26)
(1.000140698 -0.0002354430887 2.302214496e-26)
(1.000120328 -0.0002133681281 4.696664421e-28)
(1.000101236 -0.0001943293449 -4.696664893e-28)
(1.000086367 -0.0001796520794 -7.776641356e-29)
(1.00006393 -0.000160229299 7.78611361e-29)
(1.094707662 0.01944090349 1.062017859e-22)
(1.098068407 0.01575698265 -1.062091767e-22)
(1.100651447 0.01178994976 0)
(1.10240689 0.007639746957 -3.018326008e-23)
(1.103307724 0.003415120965 1.300502446e-22)
(1.103353189 -0.0007700941422 -1.295885063e-22)
(1.102567794 -0.004787311904 2.728430046e-22)
(1.101002945 -0.008506465896 2.565096049e-22)
(1.098726724 -0.0118211108 0)
(1.095827166 -0.01465316103 -6.49830399e-23)
(1.092412433 -0.0169704582 1.49891218e-23)
(1.088597102 -0.01879242883 -2.882530729e-22)
(1.084491748 -0.02018557708 2.850225311e-22)
(1.080194694 -0.02124221905 1.511463635e-22)
(1.075785719 -0.02205445581 -3.010077595e-22)
(1.071325727 -0.02269003671 0)
(1.066860504 -0.02317848107 0)
(1.062426337 -0.02351217094 3.874649283e-23)
(1.058055544 -0.02366074282 0)
(1.05378004 -0.02359162569 2.938221388e-24)
(1.049631962 -0.02328772834 9.048758371e-23)
(1.045641877 -0.02275605213 0)
(1.041836098 -0.02202602419 -1.171028259e-23)
(1.03823366 -0.02114154469 0)
(1.034846341 -0.02014810321 1.717089827e-23)
(1.031676335 -0.01909062834 -1.691656005e-22)
(1.028720855 -0.01800405651 1.243056097e-22)
(1.025977817 -0.01690183675 0)
(1.023443348 -0.01579269383 0)
(1.021115373 -0.0146949842 1.23404044e-23)
(1.018984392 -0.01362393995 1.011595676e-23)
(1.017036801 -0.01258754449 -6.848398414e-24)
(1.015260269 -0.01159135265 -5.235294115e-26)
(1.013644204 -0.01064032126 7.025364145e-24)
(1.012178449 -0.009738225642 5.420363667e-24)
(1.010852704 -0.008887363726 -1.100564622e-23)
(1.0096567 -0.008088842814 8.855302552e-24)
(1.008580455 -0.00734292708 -4.278175609e-24)
(1.007614384 -0.0066492183 -2.320083738e-25)
(1.006749453 -0.006006949613 1.629118929e-25)
(1.005977063 -0.005415025791 -1.522341692e-25)
(1.005288645 -0.004871313765 -1.754300189e-26)
(1.004676017 -0.004373452593 0)
(1.00413185 -0.003919172268 -8.867438379e-25)
(1.003649276 -0.003506058654 -1.66097466e-24)
(1.003221901 -0.003131601727 0)
(1.002843826 -0.00279323477 -6.061234618e-25)
(1.002509644 -0.002488365383 0)
(1.002214436 -0.002214405212 4.703272441e-25)
(1.001953757 -0.001968802323 2.087035767e-25)
(1.001723618 -0.001749075726 -2.087061008e-25)
(1.001520463 -0.001552848777 -1.18260919e-25)
(1.001341128 -0.001377877365 1.232381634e-25)
(1.001182812 -0.001222069662 1.233851282e-25)
(1.001043037 -0.001083496192 3.19685162e-25)
(1.000919609 -0.0009603909718 -3.566941444e-25)
(1.000810594 -0.0008511461869 0)
(1.000714281 -0.0007543033605 3.178129109e-25)
(1.00062916 -0.0006685432114 -1.301572674e-25)
(1.000553898 -0.0005926759273 -1.013026498e-25)
(1.000487317 -0.0005256325075 7.075784224e-26)
(1.000428375 -0.0004664564086 -7.70859907e-26)
(1.000376148 -0.0004142956194 7.332233241e-26)
(1.000329813 -0.0003683945832 6.445426092e-26)
(1.000288641 -0.0003280854762 -4.84400531e-26)
(1.000251982 -0.0002927788593 4.575784277e-26)
(1.000219256 -0.0002619544857 -5.050081209e-26)
(1.000189958 -0.0002351616945 -6.860953391e-26)
(1.000163567 -0.0002119856782 0)
(1.00013992 -0.000192122455 2.302988036e-26)
(1.000117744 -0.0001749927307 -1.443640231e-27)
(1.000100466 -0.0001617885956 8.778867793e-27)
(1.000074381 -0.0001443134663 3.89871381e-27)
(1.09031152 0.01592806667 0)
(1.093395025 0.01293975512 -1.076100502e-22)
(1.095783416 0.009724893479 -6.512322084e-24)
(1.097432547 0.006362590613 2.63462434e-22)
(1.098317986 0.002940262581 -1.486316765e-22)
(1.098437258 -0.0004480936069 -6.037302329e-23)
(1.097811006 -0.003700418027 0)
(1.096487465 -0.006717631076 -2.606605982e-22)
(1.094524015 -0.009407379231 3.092013042e-22)
(1.091999419 -0.01170975185 2.383896232e-22)
(1.089008245 -0.01359940935 -5.190435408e-23)
(1.085650464 -0.01509517557 -2.304431712e-22)
(1.082019684 -0.01625498796 0)
(1.078197523 -0.01715666489 5.173561572e-23)
(1.074248575 -0.01787562843 4.854030311e-23)
(1.070220858 -0.01846465118 0)
(1.066150479 -0.01894295153 -1.219842605e-22)
(1.06206772 -0.01929823751 6.231902395e-24)
(1.058002337 -0.01949979847 1.066900466e-22)
(1.053986401 -0.01951632991 -1.005070117e-22)
(1.050054072 -0.01933092651 0)
(1.046239016 -0.01894809353 0)
(1.042571096 -0.01839191284 -2.32834339e-23)
(1.039073605 -0.0176985036 2.328550157e-23)
(1.035762364 -0.01690639184 2.867147636e-23)
(1.032645882 -0.01605067622 -2.797843656e-23)
(1.029725294 -0.01516256172 -1.24872881e-22)
(1.026997369 -0.0142645422 0)
(1.024460723 -0.01336205567 0)
(1.022112676 -0.01245905602 -2.20677596e-23)
(1.019951716 -0.01156948794 0)
(1.017969699 -0.01070543299 -9.336031228e-24)
(1.016154946 -0.009872940066 1.708495097e-23)
(1.014496809 -0.009075922492 -7.581306748e-24)
(1.012985965 -0.008317768743 1.57558937e-24)
(1.011613325 -0.00760096203 6.719008859e-25)
(1.010369638 -0.006926887175 0)
(1.009245658 -0.00629604734 -2.069099691e-24)
(1.008232361 -0.00570831593 2.30120552e-24)
(1.007321163 -0.005163189967 1.879202646e-24)
(1.00650394 -0.004660011379 -1.705650276e-25)
(1.00577244 -0.004197112975 -2.677588946e-24)
(1.00511864 -0.003772574547 1.117874384e-24)
(1.004535392 -0.003384577189 -2.210208697e-24)
(1.004015963 -0.003031169171 8.798629346e-25)
(1.003554053 -0.002710307741 -3.848158203e-25)
(1.003143812 -0.002419895077 3.848230782e-25)
(1.002779846 -0.002157806551 2.99733811e-25)
(1.002457213 -0.001921915744 -2.997383555e-25)
(1.002171411 -0.00171012008 -2.332596931e-25)
(1.001918364 -0.001520367962 2.33262516e-25)
(1.001694406 -0.001350685585 -7.68056518e-25)
(1.001496246 -0.001199200366 1.618271319e-25)
(1.001320948 -0.001064158421 1.597875492e-25)
(1.001165892 -0.0009439348641 -3.732364556e-25)
(1.001028745 -0.0008370365808 3.977352453e-25)
(1.000907435 -0.0007420992961 1.58951543e-25)
(1.000800118 -0.0006578815832 -1.693211346e-25)
(1.00070516 -0.0005832571584 0)
(1.000621111 -0.0005172071655 9.776108632e-26)
(1.000546683 -0.0004588131972 1.860496795e-25)
(1.000480735 -0.0004072506359 -6.319445505e-26)
(1.000422255 -0.0003617841325 -1.561905638e-25)
(1.00037034 -0.0003217602043 -6.477187478e-26)
(1.000324185 -0.0002865947548 -1.342031718e-27)
(1.000283073 -0.0002557828284 -1.221214707e-27)
(1.000246352 -0.0002288755245 3.821782646e-26)
(1.00021347 -0.0002054817512 3.44253337e-26)
(1.000183849 -0.0001852373247 2.172526444e-27)
(1.000157299 -0.0001678870286 2.406884501e-27)
(1.000132389 -0.0001529266999 3.936457543e-28)
(1.000112977 -0.0001413964001 -8.8113851e-27)
(1.000083657 -0.0001261378201 3.156720962e-28)
(1.086732738 0.01268932874 -9.45347396e-23)
(1.089598387 0.01032847184 8.247512712e-23)
(1.091833107 0.007790849492 0)
(1.093397386 0.005137576275 1.131730443e-22)
(1.094269402 0.002437141743 -8.357839909e-23)
(1.094445808 -0.0002352921481 1.183316133e-22)
(1.093944453 -0.002802067905 3.557356722e-22)
(1.092806451 -0.005185409723 -2.484461593e-22)
(1.091087148 -0.00730973408 -6.057727426e-23)
(1.08885789 -0.009129268514 2.298479273e-22)
(1.086201959 -0.01062543651 -2.010379814e-22)
(1.083207575 -0.01181621446 0)
(1.079955437 -0.01275016399 -1.038570226e-22)
(1.076513903 -0.01349070201 0)
(1.072935314 -0.01409788504 -1.852974357e-22)
(1.069257332 -0.01461191317 8.911245332e-23)
(1.065508234 -0.01504472255 3.837809445e-23)
(1.061713326 -0.01538240681 7.408176551e-23)
(1.057900064 -0.01559654883 -1.068752498e-22)
(1.054100342 -0.01565909827 6.83581188e-23)
(1.050349595 -0.01555462629 0)
(1.046683638 -0.01528585963 0)
(1.043134921 -0.01487193691 0)
(1.03972965 -0.01434194901 2.286366335e-23)
(1.036486614 -0.01372726957 0)
(1.033417694 -0.01305596931 2.782333085e-23)
(1.030528767 -0.01235118062 -3.158371669e-23)
(1.027819727 -0.01163313745 1.445344029e-22)
(1.025287422 -0.01091627601 -1.176356535e-23)
(1.022931193 -0.01020163709 -1.00807684e-22)
(1.020748802 -0.009490402815 0)
(1.018738485 -0.008792996596 -2.90265844e-25)
(1.016892853 -0.008118939865 0)
(1.015201591 -0.007472523148 9.691392033e-25)
(1.013655162 -0.006856240933 -1.678879259e-24)
(1.01224503 -0.006272231981 4.88058771e-24)
(1.010962833 -0.005722005886 -4.966520153e-24)
(1.009800079 -0.005206266028 -1.616764995e-24)
(1.008748268 -0.004725077938 2.221858851e-24)
(1.007799192 -0.004278109153 -1.747156442e-25)
(1.006945144 -0.003865017108 1.688485607e-24)
(1.006178171 -0.003484513617 1.397724067e-24)
(1.005490391 -0.003135078058 0)
(1.00487482 -0.00281529354 1.627392284e-24)
(1.004324849 -0.002523627811 -5.351022524e-25)
(1.00383426 -0.002258467156 0)
(1.003397253 -0.002018147363 8.098835325e-25)
(1.003008451 -0.001800978083 0)
(1.002662901 -0.001605263199 0)
(1.002356059 -0.001429320878 -3.040258527e-25)
(1.002083787 -0.001271504732 -7.47002723e-25)
(1.00184233 -0.001130225258 1.660475947e-25)
(1.001628303 -0.001003968986 3.601230601e-25)
(1.001438661 -0.0008913130507 -1.744367908e-25)
(1.001270673 -0.0007909346674 0)
(1.001121895 -0.0007016142687 0)
(1.000990144 -0.0006222343427 -2.134355436e-25)
(1.000873472 -0.000551775307 4.596025002e-26)
(1.000770142 -0.0004893095489 -4.596047434e-26)
(1.000678606 -0.000433997171 0)
(1.000597489 -0.0003850793991 -1.257644395e-25)
(1.000525565 -0.0003418704585 1.772128591e-26)
(1.000461742 -0.0003037559361 6.823570445e-26)
(1.000405058 -0.0002701915124 9.855572065e-26)
(1.00035464 -0.0002406994431 5.748802399e-26)
(1.000309708 -0.0002148496515 8.459331004e-27)
(1.00026957 -0.0001922669289 -5.37195312e-26)
(1.000233623 -0.0001726201507 0)
(1.000201233 -0.0001556164689 0)
(1.000172194 -0.0001410436179 -2.434258169e-26)
(1.000144944 -0.0001284792915 0)
(1.000123706 -0.0001187972208 -1.024431377e-26)
(1.000091615 -0.0001059889178 -4.225745841e-27)
(1.083923501 0.009663286231 9.055034532e-23)
(1.08662318 0.007877684057 -7.848696193e-23)
(1.088740393 0.005959746191 1.037498105e-22)
(1.090239274 0.003954831293 -1.037465637e-22)
(1.091099801 0.001914242641 -1.120852334e-22)
(1.091318677 -0.0001055965384 1.684148749e-22)
(1.090911668 -0.002045569298 -4.613770158e-22)
(1.089915199 -0.003845794324 -1.208782248e-22)
(1.088382097 -0.005450263985 2.583608932e-22)
(1.086377906 -0.006825144807 -2.231208765e-22)
(1.083978445 -0.007957331095 1.151506682e-22)
(1.081263137 -0.008862242264 2.170621017e-22)
(1.078303044 -0.009578359426 3.438856508e-24)
(1.075156261 -0.01015489649 1.959478891e-22)
(1.071865549 -0.01063755357 -1.836771174e-24)
(1.068460491 -0.0110557897 8.442551654e-25)
(1.064963252 -0.01141661132 -8.255443806e-23)
(1.061395183 -0.01170690372 7.66172015e-23)
(1.057781814 -0.01190261457 0)
(1.054154724 -0.01198049382 3.158383724e-23)
(1.050550128 -0.0119276026 -1.234080504e-24)
(1.04700529 -0.01174548526 1.314707867e-24)
(1.043554476 -0.0114486679 2.339285423e-24)
(1.040225941 -0.01105950832 2.335521842e-23)
(1.037040656 -0.01060225454 -2.05843646e-24)
(1.034012654 -0.01009865696 -3.868202158e-23)
(1.031150343 -0.009566081923 -1.021514186e-24)
(1.028457503 -0.009018257681 -1.626337911e-23)
(1.025933275 -0.008468177574 6.642533474e-23)
(1.023574535 -0.007925423933 -5.220760997e-23)
(1.021380909 -0.007388627318 4.187270292e-23)
(1.019349953 -0.006856804227 3.857424613e-23)
(1.017479186 -0.00633782899 0)
(1.01576164 -0.005838644561 -9.69086379e-25)
(1.014187813 -0.005362152872 8.626829419e-25)
(1.012748824 -0.004909849742 7.671282125e-25)
(1.011436683 -0.00448293836 3.079129234e-26)
(1.010243545 -0.004082175759 -6.049849318e-25)
(1.009161446 -0.003707808185 2.643188561e-24)
(1.008182517 -0.003359659876 -3.662025225e-25)
(1.007299393 -0.003037618517 -3.536357431e-24)
(1.006504357 -0.002740699638 0)
(1.00578964 -0.002467741629 0)
(1.005148395 -0.002217684529 0)
(1.004574116 -0.001989376593 1.092146519e-24)
(1.00406066 -0.001781598484 0)
(1.003602274 -0.00159308809 -2.058064006e-24)
(1.0031936 -0.001422560089 1.149159904e-24)
(1.002829678 -0.001268721659 0)
(1.002505939 -0.001130287675 -3.031327685e-25)
(1.002218194 -0.001005997044 7.640827572e-25)
(1.00196263 -0.0008946293937 2.235021134e-25)
(1.001735787 -0.0007950198323 -3.585968777e-25)
(1.00153454 -0.0007060710843 1.863970028e-25)
(1.001356073 -0.0006267618463 0)
(1.001197859 -0.0005561463392 0)
(1.001057628 -0.0004933552662 5.60050442e-26)
(1.00093335 -0.0004375947152 -5.600534926e-26)
(1.000823207 -0.0003881380837 0)
(1.000725574 -0.0003443271793 -2.027956799e-25)
(1.000639004 -0.0003055676546 3.771749234e-26)
(1.00056221 -0.0002713242858 1.470948169e-25)
(1.000494037 -0.0002411145307 -3.855056176e-27)
(1.000433451 -0.000214505432 -1.133767429e-25)
(1.00037954 -0.00019111986 -7.587328753e-26)
(1.000331491 -0.000170613567 0)
(1.000288559 -0.0001526896221 4.740336652e-26)
(1.000250102 -0.0001370919012 6.315838329e-27)
(1.000215446 -0.0001235895409 -3.505408904e-26)
(1.000184373 -0.0001120156704 -2.995156673e-26)
(1.000155211 -0.0001020377301 0)
(1.000132483 -9.435011846e-05 1.024426051e-26)
(1.000098128 -8.418699615e-05 0)
(1.081846611 0.006794238754 8.229849486e-23)
(1.084426582 0.0055452439 0)
(1.086458823 0.004204467882 0)
(1.087910149 0.002803192503 6.375733649e-24)
(1.088761782 0.001377013418 -1.326558598e-23)
(1.089010823 -3.4484883e-05 0)
(1.088671707 -0.001389732042 2.241011041e-22)
(1.087777466 -0.00264690766 -3.375233904e-22)
(1.086378301 -0.003767647883 -2.503833445e-22)
(1.084536693 -0.004728162034 2.218728917e-22)
(1.082323415 -0.005519625222 -1.082524432e-22)
(1.079811264 -0.00615384032 2.21824155e-24)
(1.077064289 -0.00665884109 -1.992972125e-22)
(1.074133137 -0.007069836503 2.600930813e-24)
(1.071053545 -0.007418967137 0)
(1.067849179 -0.007726334422 1.740959722e-22)
(1.064537728 -0.007995768012 3.957131722e-23)
(1.061137628 -0.008216727796 -3.976426063e-23)
(1.057672945 -0.008371051494 7.119498465e-23)
(1.054174935 -0.008441419641 0)
(1.050680274 -0.00841812525 -6.083644564e-23)
(1.04722716 -0.008301977502 -5.589876533e-23)
(1.043851073 -0.008103152675 -2.569979467e-23)
(1.040581654 -0.007837462819 0)
(1.037441382 -0.007522109875 -1.092325795e-24)
(1.034445843 -0.007172556065 -1.903356334e-24)
(1.031604953 -0.006801145168 1.552975045e-23)
(1.02892438 -0.00641718478 -8.678176822e-24)
(1.026406319 -0.006028299657 -1.403000151e-23)
(1.024049196 -0.005643091038 6.114416092e-23)
(1.021849817 -0.005267955281 -4.809429602e-23)
(1.019807166 -0.004900119692 -8.027625574e-23)
(1.017918309 -0.004536509458 0)
(1.016180203 -0.00418246457 0)
(1.014585684 -0.003843626726 2.404665285e-25)
(1.013125501 -0.003521796565 3.458508026e-24)
(1.011791564 -0.003217758552 -7.123148403e-25)
(1.010576169 -0.002931980237 -1.784124539e-24)
(1.009471706 -0.002664715923 1.294376322e-24)
(1.008470626 -0.002415907067 2.495941801e-25)
(1.007565882 -0.002185623347 -1.834488485e-24)
(1.006749955 -0.00197314636 0)
(1.006015165 -0.001777656014 1.442978759e-24)
(1.005354765 -0.001598423042 0)
(1.00476233 -0.001434650746 -2.144283854e-24)
(1.004231776 -0.001285489555 5.866327871e-25)
(1.003757381 -0.00115005609 1.320271428e-24)
(1.003333802 -0.001027448092 -1.17627038e-24)
(1.002956077 -0.0009167557506 -4.23004587e-26)
(1.002619618 -0.0008170728538 -6.291008287e-25)
(1.002320207 -0.0007275088727 -2.572944068e-25)
(1.002053989 -0.0006472018639 -2.216045351e-25)
(1.001817455 -0.0005753273212 6.436462836e-25)
(1.001607421 -0.0005111035887 0)
(1.001421014 -0.0004538081976 1.762596653e-25)
(1.001255642 -0.0004027693435 -2.708455773e-25)
(1.001108976 -0.0003573669521 3.292397488e-25)
(1.000978924 -0.0003170317288 2.823222675e-25)
(1.000863609 -0.0002812478082 0)
(1.000761348 -0.0002495429978 1.650774537e-25)
(1.000670636 -0.0002214866476 0)
(1.00059013 -0.0001966944571 0)
(1.000518636 -0.0001748209265 0)
(1.000455085 -0.0001555530304 0)
(1.000398522 -0.0001386084846 -9.521175764e-27)
(1.000348092 -0.000123747077 8.85588868e-26)
(1.000303023 -0.000110754511 -1.38022321e-27)
(1.000262648 -9.944458433e-05 -6.636805182e-27)
(1.000226264 -8.965036095e-05 7.560988143e-26)
(1.000193642 -8.125306846e-05 2.948986781e-26)
(1.000163027 -7.401471853e-05 -1.519428528e-27)
(1.000139167 -6.843787539e-05 1.258607444e-28)
(1.000103094 -6.107527184e-05 -1.260141574e-28)
(1.080476022 0.004036249518 -8.059245244e-23)
(1.082978549 0.003296756584 9.255178208e-23)
(1.084955822 0.002503199726 -9.254652762e-23)
(1.08637633 0.001674024834 -6.376179951e-24)
(1.087222232 0.0008302058828 1.326677223e-23)
(1.087490514 -4.790649176e-06 0)
(1.087195235 -0.0008061098305 1.364942426e-23)
(1.086367611 -0.001548810405 0)
(1.085055216 -0.002209747315 -1.095034042e-22)
(1.083319097 -0.002775840768 -2.164188869e-22)
(1.081227151 -0.003242060164 3.044836251e-25)
(1.078847717 -0.003615841981 2.439639959e-24)
(1.076240155 -0.003914360531 2.020496993e-22)
(1.073450228 -0.004158837848 1.429943102e-22)
(1.070509101 -0.00436835932 4.434343622e-23)
(1.06743658 -0.004554596735 -1.287101524e-22)
(1.06424743 -0.004719388763 4.198866675e-23)
(1.060958176 -0.004855982189 -7.641631637e-23)
(1.057591899 -0.004953143292 -7.1190449e-23)
(1.054179611 -0.005000251362 0)
(1.050758238 -0.004991335837 9.036214728e-23)
(1.047366536 -0.004926779119 -1.284298878e-24)
(1.044040726 -0.00481259613 2.56992523e-23)
(1.040811312 -0.004658182457 0)
(1.037701717 -0.004473772782 -1.585771536e-25)
(1.034728524 -0.00426857393 -1.957903988e-23)
(1.031902646 -0.004049941376 0)
(1.029230708 -0.003823417189 -3.350636444e-25)
(1.026716179 -0.003593197419 -2.856529708e-23)
(1.024359837 -0.003363215018 8.284191178e-25)
(1.022159056 -0.003139160264 0)
(1.020110482 -0.002925445998 7.873009052e-23)
(1.018212521 -0.00271730146 7.079222302e-23)
(1.016460893 -0.002509093061 0)
(1.014851637 -0.002308055239 -2.666373049e-23)
(1.013376262 -0.00211565112 -1.378329439e-23)
(1.012027557 -0.001933522338 0)
(1.010797477 -0.001762357632 -2.48722869e-24)
(1.009678329 -0.001602295909 3.080368078e-24)
(1.008662686 -0.001453235218 5.260783014e-25)
(1.007743702 -0.0013153128 1.834492611e-24)
(1.006913996 -0.001188005492 0)
(1.006165938 -0.001070802344 -1.44297841e-24)
(1.00549285 -0.0009632761279 0)
(1.004888368 -0.0008649628817 -1.082867592e-24)
(1.004346448 -0.0007753649072 1.082887593e-24)
(1.003861396 -0.0006939625944 9.066570881e-25)
(1.003427879 -0.0006202238494 7.846432559e-25)
(1.003040935 -0.0005536108152 7.09320768e-25)
(1.002695967 -0.0004935865717 6.130837093e-25)
(1.00238874 -0.0004396229735 5.41587566e-25)
(1.002115375 -0.0003912074739 -7.177403926e-25)
(1.001872339 -0.00034785226 -8.269799295e-25)
(1.001656411 -0.0003091007761 -1.792886942e-25)
(1.001464674 -0.0002745142632 -3.281376482e-25)
(1.001294498 -0.0002436907134 1.510537919e-25)
(1.001143513 -0.0002162614171 -1.770280224e-25)
(1.00100958 -0.0001918858674 6.596508263e-26)
(1.000890783 -0.0001702558477 0)
(1.000785405 -0.0001510878996 1.759276415e-25)
(1.000691908 -0.0001341232856 0)
(1.000608914 -0.0001191287918 3.101667472e-26)
(1.000535193 -0.0001058950812 -3.101675616e-26)
(1.000469647 -9.423543619e-05 -1.232890617e-25)
(1.000411293 -8.398204117e-05 2.307138884e-26)
(1.000359256 -7.498756291e-05 -7.102013331e-26)
(1.000312744 -6.712150807e-05 -6.762607969e-26)
(1.000271076 -6.027109929e-05 6.853428559e-27)
(1.000233527 -5.433670792e-05 -3.857478834e-26)
(1.000199864 -4.92470141e-05 0)
(1.000168275 -4.486226289e-05 0)
(1.000143657 -4.147744335e-05 -1.299770731e-28)
(1.000106436 -3.703050572e-05 5.301209701e-27)
(1.079793613 0.00133950201 1.620390515e-22)
(1.082257748 0.001095764716 6.732471987e-24)
(1.084208014 0.0008336563386 -9.157111224e-23)
(1.085613556 0.0005593843426 1.019246506e-22)
(1.086456789 0.0002799693227 -1.019189371e-22)
(1.086734984 3.20209203e-06 0)
(1.086462171 -0.0002623966912 -1.366211625e-23)
(1.085668723 -0.0005081539445 0)
(1.084400917 -0.0007265056238 2.193795359e-22)
(1.082717971 -0.0009134901785 0)
(1.080686765 -0.001067341134 0)
(1.078373382 -0.001190628152 0)
(1.075834833 -0.001289177813 -4.918758225e-23)
(1.073114551 -0.001370090445 9.640783919e-23)
(1.070241539 -0.001439686363 -1.39570097e-22)
(1.067233769 -0.001501783906 -4.250471835e-23)
(1.064104612 -0.001556923307 4.255662504e-23)
(1.060869684 -0.001602796954 0)
(1.057551609 -0.001635625271 0)
(1.054181287 -0.001651851062 0)
(1.050795778 -0.001649476346 -3.115343539e-23)
(1.047434121 -0.001628620872 0)
(1.044132905 -0.001591276984 0)
(1.040923062 -0.001540558793 0)
(1.037828477 -0.001479858394 2.200925601e-23)
(1.034866223 -0.001412227353 2.001838463e-23)
(1.032047705 -0.001340103923 0)
(1.029380016 -0.001265326277 0)
(1.026867047 -0.001189286719 7.416407996e-24)
(1.024510251 -0.001113105361 0)
(1.022308759 -0.001038347102 0)
(1.020259027 -0.0009681545656 0)
(1.018357218 -0.0009040204545 -2.257087815e-22)
(1.016601714 -0.0008378879679 7.253739771e-23)
(1.014984708 -0.0007722608096 3.033514288e-23)
(1.013501272 -0.000707963343 6.763756003e-24)
(1.012144697 -0.0006465880141 0)
(1.010906911 -0.0005889533275 -6.708537161e-25)
(1.009780287 -0.0005351962011 -2.268144468e-24)
(1.008757375 -0.0004852358507 -2.772613019e-25)
(1.007831343 -0.0004391190844 3.809684397e-24)
(1.006994893 -0.0003966033111 -1.791432429e-24)
(1.006240359 -0.0003574857429 0)
(1.005561079 -0.0003216104013 0)
(1.004950711 -0.0002888152468 1.106015453e-24)
(1.004403231 -0.0002589295913 -1.595305864e-24)
(1.003912955 -0.0002317772073 -4.232501175e-25)
(1.003474556 -0.0002071789988 0)
(1.003083074 -0.0001849547969 -7.136978418e-25)
(1.00273391 -0.0001649251468 -2.991901824e-25)
(1.002422824 -0.000146913912 3.488252131e-26)
(1.002145927 -0.000130749313 9.893496625e-25)
(1.001899662 -0.0001162701036 2.008752439e-25)
(1.001680802 -0.0001033322648 3.828434723e-25)
(1.001486422 -9.178344865e-05 1.59874049e-25)
(1.001313864 -8.148845984e-05 -1.598378717e-25)
(1.001160733 -7.232564916e-05 0)
(1.001024873 -6.418331863e-05 -2.29755472e-25)
(1.00090435 -5.695592763e-05 4.764191371e-26)
(1.000797426 -5.054812759e-05 -1.825156738e-25)
(1.000702544 -4.487556243e-05 -4.166846941e-26)
(1.000618309 -3.98613866e-05 0)
(1.000543475 -3.543635114e-05 2.733903543e-26)
(1.000476931 -3.153815095e-05 9.665039492e-26)
(1.000417681 -2.811018561e-05 -2.349256036e-26)
(1.00036484 -2.510242298e-05 0)
(1.000317606 -2.247121734e-05 6.089145315e-26)
(1.000275289 -2.017911268e-05 -5.632083317e-27)
(1.000237157 -1.819323172e-05 5.630752119e-27)
(1.000202972 -1.64894446e-05 0)
(1.000170902 -1.502295353e-05 0)
(1.000145902 -1.388700288e-05 0)
(1.000108113 -1.240496395e-05 -5.173776613e-27)
(-0.03855010628 0.01677805109 0.05481211714)
(-0.04374188942 0.09514858552 0.05634526665)
(-0.03854623352 0.01678134547 -0.05481206329)
(-0.04370316481 0.09514671758 -0.05634608102)
(-0.04407076746 0.1106658852 0.05705501523)
(-0.005759983859 0.101769791 0.05817567094)
(-0.04405914239 0.1106105609 -0.05705543291)
(-0.005734718149 0.1017574373 -0.05817590486)
(-0.1750292249 0.01661768855 0.05690414441)
(-0.06220097106 0.1046541456 0.05649648839)
(-0.1252700556 0.1031206166 0.05796674731)
(-0.0722596851 0.01812112715 -0.05524561705)
(-0.1750358388 0.01663331459 -0.05690518422)
(-0.06214297481 0.1046559906 -0.05649648504)
(-0.1253678568 0.1031465106 -0.05797165514)
(-0.03023362868 0.0629941255 -9.139527935e-09)
(-0.02497672638 0.05576085558 0.05725647859)
(-0.02517223501 0.0557092517 5.14853467e-05)
(-0.03041771391 0.06311864072 0.05822659356)
(0.03014598212 0.08547028916 0.05807693279)
(0.3282931065 0.0419393792 0.05647834257)
(0.03007209346 0.08552975003 -0.05807734926)
(0.3283001189 0.04192321623 -0.05647955983)
(-0.01213845316 0.03499894466 -1.208767472e-05)
(-0.03860948041 0.01675545506 1.417222824e-05)
(-0.008884989528 0.0122767536 0.05339458222)
(-0.04054425111 0.04794466579 0.05514321581)
(-0.009272370006 0.01224670836 -1.890067608e-05)
(-0.04061186352 0.04793042683 8.782334719e-06)
(-0.01176652171 0.03496300487 0.05416028677)
(-0.01488803886 0.0415887822 0.04915763651)
(-0.01530704681 0.04156046209 -0.0001200271658)
(-0.01955535062 0.05290192232 3.796172607e-05)
(-0.04375726811 0.09509344029 9.330064085e-06)
(-0.04361032057 0.07400816284 0.05583104315)
(-0.02504725323 0.07058958519 0.05635064452)
(-0.04373951769 0.07396849457 1.948491006e-05)
(-0.02488501786 0.07048772328 -5.783916472e-07)
(-0.01929567238 0.05299905952 0.0557057242)
(-0.01213823577 0.03500021228 1.215699778e-05)
(-0.03860775336 0.01675692732 -1.481761008e-05)
(-0.008886338679 0.01227916003 -0.05339472781)
(-0.04054001527 0.04795071484 -0.0551435601)
(-0.009272348341 0.01224761152 1.858609212e-05)
(-0.04060948326 0.04793289258 -9.226170805e-06)
(-0.01176765825 0.03496627079 -0.05416041086)
(-0.01488640423 0.04158283328 -0.04915688222)
(-0.01530590593 0.04155784797 0.0001205394451)
(-0.01955451821 0.05290289818 -3.788625135e-05)
(-0.04374566671 0.09509245491 -6.967234234e-06)
(-0.04359587289 0.07402772227 -0.05583239924)
(-0.02503738051 0.07059137356 -0.05635202692)
(-0.04373403979 0.07397429362 -2.015214449e-05)
(-0.02488154924 0.07048740752 3.0102763e-07)
(-0.01929501656 0.05300144634 -0.05570578996)
(-0.03498942244 0.07041304503 4.797823566e-05)
(-0.03491702814 0.07045880814 0.05902162707)
(-0.03023814833 0.06299220232 -1.129722174e-06)
(-0.0249701788 0.05574989261 -0.05725727968)
(-0.02517045881 0.05570526951 -5.265153784e-05)
(-0.03043040092 0.06311341235 -0.05822540747)
(-0.03499405472 0.0704128756 -4.924958555e-05)
(-0.03493102951 0.07045779952 -0.05902025285)
(-0.07240907555 0.01810208018 9.384582382e-07)
(-0.0712277293 0.05225193107 0.0554492398)
(-0.07134791289 0.05223935818 -1.499866908e-06)
(-0.1037976038 0.05247944982 -1.356519664e-05)
(-0.107509457 0.01804210391 0.05568168094)
(-0.1076811287 0.01803555686 -1.256176931e-05)
(-0.1036418125 0.0524852886 0.05583145521)
(-0.2775655921 0.01227076734 0.06085191287)
(-0.1470701615 0.09945040507 0.05875932921)
(-0.2070815818 0.0802967143 0.06101755556)
(-0.206258857 0.01564950693 -0.05768138121)
(-0.2775712864 0.01228585037 -0.06085400045)
(-0.1470983914 0.0994669399 -0.0587642528)
(-0.2070857154 0.08028547233 -0.06101439195)
(-0.0914107711 0.1215321473 0.05864409608)
(0.008007948131 0.113488877 0.05806905648)
(0.04153860238 0.128696116 0.05944960346)
(-0.05329104551 0.1203058873 -0.05714064661)
(-0.09153613095 0.1214818298 -0.05864583042)
(0.008043680115 0.1134795758 -0.05806287825)
(0.04154416266 0.1287077196 -0.05945206081)
(-0.1363768228 0.0964200327 0.06434862989)
(0.04685899663 0.1290985535 0.06012540399)
(0.02001515343 0.1266024705 0.03521514791)
(-0.1055128445 0.1179876107 -0.05954187399)
(-0.1363666718 0.09640869259 -0.0643524955)
(0.04685694858 0.1291141265 -0.06012834007)
(0.02004849872 0.1265848692 -0.03521387807)
(0.09993337673 0.1169062605 0.05934456951)
(0.3330403291 0.04875993125 0.05623944971)
(0.358111461 0.06631376975 0.05599900971)
(0.04843638228 0.09682288523 -0.05791768791)
(0.09995792844 0.1169361744 -0.05934436529)
(0.3330699698 0.0487236408 -0.05623944787)
(0.3580952467 0.06633116362 -0.0559957603)
(0.5113729413 0.04370015814 0.05562133212)
(1.075322843 0.1009728426 0.05145799113)
(0.511347822 0.04372792719 -0.05562195422)
(1.075352144 0.1009629971 -0.05145808263)
(0.5151096643 0.05215471242 0.05980730098)
(1.051464758 0.09173367625 0.05129415111)
(0.9384542402 0.0679707489 0.03075971214)
(0.5056142225 0.04706449633 -0.05567689661)
(0.515107943 0.052153691 -0.05980952457)
(1.051456907 0.09173178681 -0.05129706539)
(0.9384516716 0.06797714079 -0.0307594061)
(-0.03595255632 0.09523831911 8.45014373e-06)
(-0.04418790165 0.1105836804 1.675464196e-05)
(-0.0351879308 0.09028684312 0.05750816273)
(-0.03778170146 0.1154175804 0.05748509718)
(-0.03528587893 0.09023473979 5.092478546e-05)
(-0.03783022445 0.1153404143 -4.167399705e-06)
(-0.03593897419 0.09537074366 0.05773663381)
(-0.03275234619 0.09446299143 1.438828809e-05)
(-0.005736581285 0.101709712 -1.249206441e-05)
(-0.02633853231 0.1123641233 0.05787449513)
(-0.01826719441 0.08594110522 0.05850131546)
(-0.02637487078 0.1123025297 7.140858923e-06)
(-0.01830578144 0.08592049033 -9.065444924e-06)
(-0.03266959775 0.09455784231 0.05820048895)
(-0.0359619706 0.0952302167 -1.059236899e-05)
(-0.04418240994 0.1105647614 -1.764314678e-05)
(-0.03518663606 0.09026703402 -0.0575064551)
(-0.03782831764 0.1153921827 -0.05748363898)
(-0.03528478179 0.09022683068 -4.974372729e-05)
(-0.0378426716 0.1153300325 -1.494752131e-06)
(-0.03596809279 0.095345905 -0.05773428312)
(-0.0327575692 0.09445736685 -1.649837686e-05)
(-0.005730829434 0.1017078341 3.836962492e-06)
(-0.02635767758 0.1123508398 -0.05786964481)
(-0.01830475585 0.08598301852 -0.05850294078)
(-0.02638062921 0.1122991224 -7.649968554e-06)
(-0.01831725792 0.08593268015 1.989244228e-06)
(-0.03268251569 0.09453514575 -0.0581982777)
(-0.1359743825 0.05107791601 -2.668525698e-05)
(-0.1419915314 0.01744221054 0.05623560208)
(-0.1667323991 0.04895088046 0.05702322098)
(-0.1756820137 0.01663254901 -6.141867933e-05)
(-0.1422897729 0.01744376081 -2.786063718e-05)
(-0.1673410783 0.04899030983 -5.676052844e-05)
(-0.1357008576 0.05107573739 0.05636437277)
(-0.06230875711 0.1046264507 5.230306211e-06)
(-0.06850267506 0.08140893219 0.05592568108)
(-0.06862708234 0.08139458591 3.718545645e-06)
(-0.09573665556 0.08251912575 -9.134191741e-06)
(-0.08254013934 0.1068970096 0.05681192971)
(-0.08271437287 0.1068952808 -1.553181135e-05)
(-0.09558344349 0.08255008054 0.05623418518)
(-0.1232546044 0.08093622656 -2.382775334e-05)
(-0.1500833907 0.0781163451 0.05740843007)
(-0.1036743528 0.1058219852 0.05731317474)
(-0.1257529865 0.1031634718 -5.902450248e-05)
(-0.150624808 0.07809827585 -4.61567371e-05)
(-0.1039279596 0.1058312837 -3.441467865e-05)
(-0.1230073741 0.08097739761 0.0567358813)
(-0.07240539146 0.01810458936 -8.626012057e-07)
(-0.07121203835 0.05226666397 -0.05545039341)
(-0.07134214741 0.05224458103 1.332323179e-06)
(-0.1037925342 0.05248960273 1.456659838e-05)
(-0.1075033198 0.01805354593 -0.05568239819)
(-0.1076788667 0.0180402082 1.328514888e-05)
(-0.1036267901 0.05251584187 -0.05583338688)
(-0.1359752317 0.05109030089 2.88080926e-05)
(-0.1756843037 0.01663788006 6.121942754e-05)
(-0.1419978822 0.01745807623 -0.05623661252)
(-0.1667389326 0.04897966954 -0.05702556319)
(-0.1422915395 0.01744982858 2.895834899e-05)
(-0.167344307 0.04899956704 5.809656387e-05)
(-0.1357022757 0.05111174674 -0.05636651242)
(-0.0622909101 0.1046269487 6.241092956e-07)
(-0.06846747172 0.08144988465 -0.05592825528)
(-0.06861568705 0.0814062078 -3.201086195e-06)
(-0.09572624386 0.08253592453 1.293997249e-05)
(-0.08249239079 0.1069258339 -0.05681131804)
(-0.0826999508 0.106902566 2.466329518e-05)
(-0.09555356513 0.08261029622 -0.05623652517)
(-0.1232581318 0.08095467627 2.877891552e-05)
(-0.1257802311 0.1031695577 5.966184879e-05)
(-0.1501187459 0.07812440423 -0.05740957322)
(-0.1037396628 0.1059195821 -0.05731244269)
(-0.1506369597 0.07810115524 5.104605627e-05)
(-0.1039468366 0.1058536421 4.727546222e-05)
(-0.123017499 0.0810452734 -0.0567403319)
(0.03004710515 0.0855243429 -9.092523073e-06)
(0.01270136933 0.07220147681 0.05854440341)
(0.01265317952 0.07224100538 1.802093492e-05)
(0.07289098789 0.05561458384 1.086343806e-06)
(0.09067774284 0.06673956719 0.05762186573)
(0.09063604431 0.066802132 2.907407167e-06)
(0.07284285873 0.05562196217 0.0581729588)
(0.1753253647 0.04134749642 3.02266176e-06)
(0.1873647664 0.05069579418 0.05711307927)
(0.3266503513 0.03526950554 0.05683590112)
(0.3282464236 0.04195294671 -1.596131501e-05)
(0.1873714565 0.05069160062 -7.152454929e-07)
(0.3266563071 0.03532100194 -1.72013203e-06)
(0.1752872915 0.0413135099 0.05767904107)
(0.03002660159 0.0855416057 2.967776928e-06)
(0.01264790848 0.07225521188 -0.05854051366)
(0.01263751028 0.07225692381 -1.015077555e-05)
(0.07289535769 0.05561346742 5.455936753e-07)
(0.09065042395 0.06679184168 -0.05761959173)
(0.09062716928 0.06681845812 1.354627948e-06)
(0.07285910183 0.05561076111 -0.05817417763)
(0.1753265598 0.04134821651 -2.136822806e-06)
(0.3282493752 0.04194916782 1.123216785e-05)
(0.1873844362 0.05067323264 -0.0571140219)
(0.3266425411 0.03528687576 -0.05683755204)
(0.1873764238 0.05068626969 3.504057693e-06)
(0.3266557301 0.03532624067 2.851071298e-06)
(0.1752902672 0.04131224991 -0.05767997857)
(-0.19643603 0.04642236245 0.05779943513)
(-0.2077585541 0.01567369744 -0.0001414808701)
(-0.1978532353 0.04652681943 -0.0001308407094)
(-0.2272997472 0.04361302275 -0.0003591912214)
(-0.2355006386 0.01443893912 0.05852441834)
(-0.2382011516 0.01453413887 -0.0003808658301)
(-0.2247057428 0.04330011838 0.05861928914)
(-0.3552773699 0.01573043963 0.03621859757)
(-0.2645960813 0.06337222676 0.03496484233)
(-0.2969767812 0.04757764613 0.03538584773)
(-0.3175529827 0.0175132217 -0.03481322603)
(-0.3552793532 0.01572963776 -0.03621844987)
(-0.2646036407 0.06337656026 -0.03496487236)
(-0.2969797429 0.04757589362 -0.03538575956)
(-0.05343238131 0.1203464358 8.47819879e-06)
(-0.03904981136 0.126464352 0.05757510327)
(-0.03905596964 0.1264050211 -3.73911133e-06)
(-0.06469012742 0.1237346518 0.05743352649)
(-0.06479913128 0.1237477923 3.644194195e-06)
(-0.04167083671 0.1316032206 9.254787793e-06)
(-0.04159655151 0.1316444738 0.05791181991)
(-0.106221022 0.1181103199 -6.223073847e-05)
(-0.06774527245 0.1241815633 -0.0001448117914)
(-0.1193147686 0.1129584946 0.0606465883)
(-0.05791576507 0.1291936892 0.0601123564)
(-0.1207333862 0.1134612821 -0.0001670904302)
(-0.05849170177 0.1291642081 -9.010112066e-05)
(-0.06671385717 0.1239319925 0.06118519368)
(-0.1291761353 0.06173618564 0.0384970159)
(0.007703481398 0.09134671578 0.03657385216)
(0.008700110518 0.0502507986 0.0364158239)
(-0.1211810534 0.08474074861 -0.03670611215)
(-0.1291803985 0.06171744033 -0.03849766744)
(0.007659748112 0.09135001669 -0.03656940475)
(0.008666905548 0.05023960837 -0.03641397337)
(0.04840428473 0.09678972659 -2.442439899e-05)
(0.1099779493 0.07700914899 0.0574480355)
(0.1098751626 0.07710276318 -1.759544774e-05)
(0.1288630095 0.0864383708 -2.868614834e-05)
(0.06641643012 0.1059797188 0.0581487199)
(0.06638467328 0.1059206772 -9.707599966e-06)
(0.1290102464 0.08643725221 0.05772625603)
(0.188293746 0.09986818808 0.03674580674)
(0.3194746694 0.07700469803 0.03292824403)
(0.3526973516 0.07708668262 0.03330665131)
(0.1165743378 0.1186023028 -0.06051586391)
(0.1882690722 0.09984229814 -0.03675007398)
(0.3194527015 0.07700263836 -0.03292989543)
(0.3526846603 0.07708468511 -0.03331033475)
(0.5055324329 0.04695986496 -1.914133741e-05)
(0.6869504666 0.05883398325 -0.0001033367989)
(0.5041449918 0.05039455389 0.05592621765)
(0.7010349567 0.05685739013 0.05448745298)
(0.5037988052 0.05029579373 -2.19498279e-05)
(0.7008664464 0.05656599881 -7.572978237e-05)
(0.6872594697 0.0588525322 0.05454472146)
(0.607931427 0.03668280084 0.03611710343)
(0.9072181539 0.05471111415 0.03088774583)
(0.9087051514 0.02927075357 0.03044702117)
(0.6073693229 0.04516255322 -0.03341680723)
(0.6078992741 0.03668336198 -0.03611714988)
(0.9071998395 0.05470675932 -0.03088818596)
(0.9086763968 0.02927494228 -0.03044969335)
(1.242498242 0.1302949893 0.02882505567)
(1.310729852 0.1419436873 0.02691710088)
(1.242484396 0.1302698128 -0.02882654305)
(1.310709666 0.1419328477 -0.02692010834)
(1.194896388 0.09524473277 0.03064893269)
(1.303655492 0.1234057116 0.02701938519)
(1.305879586 0.1016350806 0.02714880515)
(1.224015102 0.1154238532 -0.02912379331)
(1.194905052 0.09523129522 -0.03064685652)
(1.303676375 0.1233913343 -0.02701894297)
(1.3058641 0.1016131391 -0.02715133598)
(-0.255367718 0.04020795462 -0.0007468948376)
(-0.2614165901 0.01313463074 0.05938321294)
(-0.267306901 0.03343025307 0.06080900414)
(-0.3005835969 0.01330789658 -0.0002482672323)
(-0.2667281492 0.01343370001 -0.0007737772001)
(-0.2897061945 0.03491287323 -0.0002475330388)
(-0.250315331 0.03944711003 0.05944713024)
(-0.1765037812 0.07442752065 0.05823827016)
(-0.1481226703 0.09961654875 -0.0001173439925)
(-0.1777425026 0.07449341862 -0.0001127953766)
(-0.204072141 0.07018231437 -0.0003053768955)
(-0.1693475071 0.09488389913 0.0596210352)
(-0.1713052875 0.09541684686 -0.0002766234469)
(-0.2018914398 0.06980855663 0.05912705924)
(-0.2292838768 0.06552008639 -0.0006214782806)
(-0.2420518104 0.05977557074 0.06194273656)
(-0.1912964028 0.08886040953 0.06027063857)
(-0.2229724064 0.08362338232 -0.0003289562052)
(-0.2599570096 0.06311691075 -0.00015713036)
(-0.1947949972 0.09018230745 -0.0005871265934)
(-0.22540127 0.06435758957 0.0601027917)
(-0.2077580148 0.01567777689 0.0001408533229)
(-0.1964351309 0.04642915229 -0.05780003134)
(-0.197854243 0.04652906635 0.0001323866487)
(-0.2272991638 0.04361153365 0.0003620431694)
(-0.2354971022 0.01444895826 -0.05852493982)
(-0.2382004174 0.01453730197 0.000381465286)
(-0.2247050136 0.04329286137 -0.05861890161)
(-0.2553677117 0.04020804917 0.0007482500808)
(-0.300586616 0.01331234409 0.0002478140878)
(-0.261423311 0.01314282897 -0.0593835619)
(-0.267312175 0.03343355415 -0.06080747556)
(-0.2667302748 0.01343649507 0.000774252068)
(-0.2897084138 0.03491385793 0.0002510787907)
(-0.2503141471 0.03944760865 -0.05944858887)
(-0.1481323095 0.09962073667 0.0001136842464)
(-0.1765321623 0.07440387393 -0.05823867182)
(-0.1777512924 0.07448785643 0.0001142246803)
(-0.2040741612 0.07017536048 0.0003041802255)
(-0.169323904 0.09488159473 -0.0596217956)
(-0.1713012987 0.09541485506 0.0002733587996)
(-0.2018950211 0.06978366768 -0.05912826517)
(-0.2292831881 0.06552024994 0.000621567744)
(-0.2229726788 0.08362123973 0.0003329581236)
(-0.2420546674 0.05977778441 -0.06194517917)
(-0.1912683119 0.08884445448 -0.06026809383)
(-0.2599587849 0.06311786016 0.0001565745716)
(-0.1947866008 0.09017807841 0.0005899532066)
(-0.2253966607 0.06435990399 -0.06010288598)
(-0.07753592261 0.1236062656 0.05794264712)
(-0.0917750127 0.1215766302 -2.440020084e-05)
(-0.07773582634 0.1236348022 -1.087151218e-05)
(-0.04588218141 0.1330461393 -7.798548908e-06)
(-0.05129496786 0.1321952182 0.05923987334)
(-0.05167812509 0.1321900983 -3.427581216e-05)
(-0.0456699849 0.1330745531 0.05848744077)
(0.008011913818 0.1134117635 1.204011877e-06)
(-0.01920682234 0.1238081001 0.05792339472)
(-0.01924521114 0.1237891474 3.443408954e-06)
(-0.01316791693 0.1304689205 2.700826204e-06)
(0.02126853799 0.1215443498 0.05826894802)
(0.02115048739 0.1215035644 -4.03844182e-06)
(-0.01309152527 0.1305200851 0.05829228946)
(-0.008524079316 0.1333259862 -3.812710698e-06)
(-0.00533677333 0.1334848925 0.05983250607)
(0.03280409336 0.1263193536 0.05872643588)
(0.04097469148 0.1286048846 -6.88832622e-05)
(-0.005687687196 0.1333590088 -8.578435248e-06)
(0.03253522682 0.1262819494 -2.592901221e-05)
(-0.008386554383 0.1333986842 0.05892583367)
(-0.05341091718 0.1203131193 -8.03979022e-06)
(-0.03914734268 0.1264080182 -0.05757114478)
(-0.03907910619 0.1263861169 -5.199513873e-06)
(-0.06456531603 0.123521174 -0.05742643544)
(-0.06476701554 0.1236877113 5.752348297e-06)
(-0.0416757922 0.1315678357 -4.033039311e-05)
(-0.04161413607 0.1315154345 -0.0579283503)
(-0.09180894659 0.1215577761 3.348491235e-05)
(-0.07758481001 0.1234338136 -0.05791668187)
(-0.07775280707 0.1235832394 4.069441909e-05)
(-0.04586154897 0.1329953517 -1.271528437e-05)
(-0.05124552614 0.1321442503 -0.05923800976)
(-0.05166491859 0.1321733977 2.754261348e-05)
(-0.04557737346 0.1328882931 -0.05849153261)
(0.008021923059 0.1134098974 1.292106035e-06)
(-0.01924437909 0.1238546209 -0.05792360593)
(-0.01925401016 0.123800898 -6.275153813e-06)
(-0.01316352404 0.1305002001 -6.89132123e-06)
(0.02127339159 0.1215858765 -0.05826714136)
(0.02115386208 0.121515033 5.580438485e-06)
(-0.0130829063 0.1306436243 -0.05829177338)
(-0.008500453905 0.1333411014 1.978946568e-06)
(0.04097826432 0.1286091008 6.575220855e-05)
(-0.005282199 0.1334976217 -0.05982946747)
(0.03281191768 0.1263616513 -0.05872685286)
(-0.005671211784 0.1333639576 1.38687678e-05)
(0.03254028042 0.1262941054 2.594049884e-05)
(-0.00830695814 0.1334558347 -0.05892609909)
(-0.07865857486 0.1119107704 -0.0002714589439)
(-0.1308699493 0.1054862898 0.06190827161)
(-0.08167817081 0.1003326467 0.06357539137)
(-0.143991414 0.09929746517 -0.0001581944341)
(-0.1326246147 0.1067135292 -0.0003883229962)
(-0.08741006665 0.09980550966 -0.0002200417489)
(-0.07743775108 0.1136188541 0.06238556228)
(-0.004665088603 0.1263582902 1.768374191e-05)
(-0.00236212792 0.1308044872 0.06088849919)
(0.05140704586 0.1274550149 0.06076851409)
(0.0461213484 0.128877957 -0.0001717714926)
(-0.002775097128 0.1305474146 -7.056400869e-05)
(0.04825137523 0.1272237111 -0.0002075062225)
(-0.001734757754 0.1265437222 0.06318087341)
(-0.1062391419 0.118104183 6.918914846e-05)
(-0.06774154839 0.1241794078 0.000142290385)
(-0.1193538518 0.1129557555 -0.06064574629)
(-0.05790396616 0.1291751305 -0.06011540199)
(-0.1207457033 0.1134586728 0.0001672235182)
(-0.05848876719 0.1291567992 8.386323478e-05)
(-0.0667011116 0.1239252645 -0.06118223232)
(-0.07864945207 0.1119174879 0.0002712848475)
(-0.143988125 0.09929633624 0.0001545939259)
(-0.1308791374 0.1054684945 -0.0619099744)
(-0.08166637837 0.1003564487 -0.06357393758)
(-0.1326262172 0.1067084719 0.0003853018169)
(-0.08740487094 0.09981471576 0.0002211189764)
(-0.07741901452 0.1136365411 -0.06238556019)
(-0.00466431928 0.1263561276 -1.918682524e-05)
(0.04612127441 0.1288824486 0.0001685120147)
(-0.002374832303 0.1308149118 -0.06088861583)
(0.05141864298 0.1274780824 -0.06077208252)
(-0.002777665037 0.1305512988 7.515104442e-05)
(0.04825655218 0.1272272756 0.0002037739483)
(-0.001743012016 0.1265360184 -0.06317915963)
(0.1474113966 0.09415076408 -5.036222364e-05)
(0.08353893804 0.1125957915 0.05856106438)
(0.1649869256 0.09997392261 0.05883030751)
(0.09942119293 0.1168959365 -3.561351096e-05)
(0.08336216639 0.1125305831 -1.475894634e-05)
(0.1645203624 0.1000364506 -7.301041792e-05)
(0.1476131778 0.09428085257 0.05817546064)
(0.2023748559 0.05913913284 0.05693551786)
(0.3329055144 0.04873733595 -2.362342618e-05)
(0.202294539 0.05915897538 5.81989095e-07)
(0.2188283734 0.06633148113 -1.940720831e-05)
(0.3402868538 0.05479044808 0.05626527315)
(0.3399040449 0.05479190584 -6.01533812e-05)
(0.2190664459 0.06638026359 0.05722054257)
(0.237025815 0.07173445852 -6.065940526e-05)
(0.2537223375 0.07525102219 0.05973960337)
(0.3471036296 0.06024451266 0.05634037051)
(0.3554781793 0.06618108759 -0.0002006798693)
(0.2513847885 0.07491651298 6.843936864e-05)
(0.3465993324 0.06009438514 -0.0001430622179)
(0.2370992526 0.07196159453 0.05793697572)
(0.04840646944 0.0967927411 1.434614764e-05)
(0.1099392894 0.07709268868 -0.05744827945)
(0.1098636986 0.07712777514 1.63048464e-05)
(0.1288659797 0.08645142919 2.424823425e-05)
(0.06647218756 0.1059730667 -0.05814603747)
(0.06640082784 0.1059209795 6.221953078e-06)
(0.1290207769 0.08647562228 -0.05772689503)
(0.1474227647 0.09415414439 5.096043292e-05)
(0.09942828317 0.1169048627 3.973515333e-05)
(0.08358539282 0.1126107011 -0.05856030363)
(0.1650147611 0.09996224065 -0.05883029018)
(0.0833766738 0.112536376 1.693250368e-05)
(0.1645270427 0.1000328704 7.497841019e-05)
(0.147652397 0.09428714508 -0.0581759091)
(0.3329153938 0.0487280593 2.799851926e-05)
(0.2023662653 0.05916817273 -0.05693462275)
(0.2022910579 0.05916842654 6.297058083e-06)
(0.2188221258 0.0663454003 2.021011274e-05)
(0.3402858558 0.05479268276 -0.05626661988)
(0.3399040679 0.05479393872 6.317564455e-05)
(0.2190432756 0.06642395305 -0.05722051919)
(0.2370226848 0.07174175857 6.122523587e-05)
(0.3554670749 0.06618852225 0.0002046649016)
(0.2537116541 0.07526475102 -0.05974358952)
(0.3471046298 0.06026140905 -0.05634318243)
(0.2513776935 0.07492024601 -6.97270339e-05)
(0.346597266 0.06010082885 0.0001447497116)
(0.2370915033 0.0719823114 -0.05793740123)
(0.5208229164 0.04162753817 0.05570504765)
(0.5113246976 0.04368189946 -1.259891635e-05)
(0.5208598604 0.04164223026 -7.786711516e-07)
(0.7352516827 0.0595722439 -2.826046513e-05)
(0.7165551652 0.05741904563 0.05429897448)
(0.7164308786 0.05729751594 -4.194562103e-05)
(0.7353106976 0.05959850703 0.05443346274)
(0.9389984802 0.08311625156 -4.803560014e-05)
(0.916035593 0.07662042542 0.05314128729)
(1.099478179 0.1103232613 0.0512846631)
(1.07520133 0.09877180111 -6.757981712e-05)
(0.9157957972 0.07645101256 -7.561852151e-05)
(1.09931082 0.1088061588 -7.137450864e-05)
(0.939161307 0.0832243865 0.05315297945)
(0.5113204433 0.04369097724 9.377098179e-06)
(0.5208453197 0.04162668046 -0.05570467626)
(0.5208673842 0.041642346 9.786777949e-06)
(0.7352628212 0.05957205377 3.208255295e-05)
(0.7165527594 0.05743852767 -0.0542994291)
(0.716427623 0.05730355645 4.655031095e-05)
(0.7353469186 0.05959185112 -0.05443679098)
(0.9389956294 0.08311818853 4.951991597e-05)
(1.075209777 0.09876581494 7.423320677e-05)
(0.9160361297 0.07662793986 -0.05314492002)
(1.099449062 0.110319564 -0.0512856148)
(0.9157949664 0.07645205474 8.035328675e-05)
(1.099301741 0.1088029255 6.804326327e-05)
(0.9391572935 0.08322950863 -0.05315440697)
(0.6717291871 0.05310787179 -0.0001463221923)
(0.5095173174 0.05177407455 0.05673816105)
(0.6728331631 0.04597404061 0.05423784476)
(0.5128269155 0.05189681712 5.24828899e-05)
(0.509390774 0.05163852149 -0.0001185211076)
(0.6705306307 0.04314266891 -0.0002190634277)
(0.6720822667 0.05489550014 0.05454622588)
(0.8796788 0.06192585921 5.140106357e-05)
(0.9006742998 0.0705003165 0.05374772787)
(1.037668727 0.07969564058 0.05031955566)
(1.051212854 0.08937970254 -0.0001318879525)
(0.9008105564 0.07022059894 -0.0001320527018)
(1.035773419 0.07689907668 -0.0002175997622)
(0.8811767924 0.06237689539 0.05664133441)
(0.5055343316 0.04695988491 1.615340911e-05)
(0.6869530149 0.05883774204 0.0001057377695)
(0.5041700291 0.05038999897 -0.0559289479)
(0.7010267271 0.05688555401 -0.05448822401)
(0.5038055801 0.05029540521 2.541058574e-05)
(0.7008648686 0.05657473537 7.507852317e-05)
(0.6872660838 0.05886248633 -0.05454712432)
(0.6717323791 0.05310900225 0.0001491064308)
(0.5128271563 0.05189921115 -5.046306526e-05)
(0.5095251678 0.05177754951 -0.05673938781)
(0.6728355742 0.04597393496 -0.0542399335)
(0.5093924759 0.05164090284 0.0001220484046)
(0.6705317137 0.04314404601 0.0002229026546)
(0.6720918247 0.05489474299 -0.05454912667)
(0.8796763098 0.06193046485 -4.985823176e-05)
(1.051213106 0.08938130268 0.0001343912)
(0.9006686445 0.07051563189 -0.05374819927)
(1.037658774 0.079704362 -0.05032072681)
(0.90080914 0.07022573663 0.0001342017352)
(1.035771983 0.07690590075 0.000219988804)
(0.8811673563 0.06238832553 -0.0566429884)
(0.1357232979 0.1167273062 0.06289930781)
(0.1812890891 0.1001520595 0.05993073088)
(0.11607997 0.1185144063 -0.0001309699704)
(0.1325717182 0.1165515072 -4.015404267e-05)
(0.1806880065 0.09790680683 -0.0001118003955)
(0.2001904066 0.09226628514 -0.0001755633009)
(0.2033420715 0.09508819526 0.06079849175)
(0.1160765111 0.1185244518 0.0001363042489)
(0.1356883336 0.1167574047 -0.06289500345)
(0.1812845859 0.1001328235 -0.05992976453)
(0.1325549925 0.1165572676 4.301870186e-05)
(0.180683614 0.09789894006 0.0001155274522)
(0.2001709439 0.09225781895 0.0001752224815)
(0.2032979722 0.09506509268 -0.06079601916)
(-0.003014692363 0.01388569752 -0.000117156075)
(-0.001358952026 0.008022990856 -0.0001094413893)
(-0.0005801708618 0.002626514237 -0.0001020454145)
(-0.001764324573 0.005013009621 0.0266909373)
(-0.0006469116961 0.002862795612 0.0169324665)
(0.0001187670837 0.0009515502056 0.009605593007)
(-0.001970184787 0.004995751015 -0.0001166467315)
(-0.0006970337115 0.00285893007 -0.0001097606439)
(-0.0003386668218 0.0009117182296 -0.0001016067694)
(-0.002809867067 0.01387838975 0.02704370068)
(-0.00130748192 0.008007986748 0.01704028386)
(-0.0001211962418 0.00267467808 0.009676580397)
(-0.005832130081 0.0192054288 -0.0001076898156)
(-0.003154701522 0.0111224596 -0.0001022388494)
(-0.001216402075 0.003625869617 -9.969144548e-05)
(-0.005677455084 0.01929112728 0.02807849531)
(-0.003132329496 0.0111672686 0.01744880611)
(-0.0007723594432 0.003762870855 0.009928786356)
(-0.003014610811 0.01388615732 0.0001171528553)
(-0.001358930855 0.008023269292 0.0001094369271)
(-0.000580164704 0.002626607063 0.0001020432421)
(-0.001764719405 0.005014086002 -0.02669084967)
(-0.0006470790995 0.00286347007 -0.01693237489)
(0.0001187298 0.000951794114 -0.009605536212)
(-0.001970141982 0.004996132193 0.0001165003581)
(-0.0006970163832 0.002859156363 0.0001096648335)
(-0.0003386589381 0.0009117952375 0.000101550277)
(-0.002810092211 0.01387977894 -0.02704371827)
(-0.001307597861 0.008008854405 -0.01704025742)
(-0.0001212362914 0.00267499332 -0.009676569112)
(-0.005831956007 0.01920563888 0.0001077514646)
(-0.003154644959 0.01112256547 0.0001022825257)
(-0.001216391577 0.003625895226 9.971958957e-05)
(-0.005677524841 0.01929218505 -0.0280785921)
(-0.003132446308 0.01116795086 -0.0174488395)
(-0.0007724298978 0.003763129503 -0.00992881489)
)
;

boundaryField
{
    inlet
    {
        type            fixedValue;
        value           nonuniform 0();
    }
    outlet
    {
        type            zeroGradient;
    }
    topAndBottom
    {
        type            symmetry;
    }
    frontAndBack
    {
        type            empty;
    }
    cylinder
    {
        type            noSlip;
    }
    procBoundary3to1
    {
        type            processor;
        value           nonuniform List<vector> 
125
(
(-0.3643036949 -0.02377305506 4.962629166e-07)
(-0.3921923423 -0.008766418141 -2.013412255e-21)
(-0.3897010241 0.006197543593 -1.973237483e-22)
(-0.36161351 0.02240101324 -8.503491779e-26)
(-0.3073801714 0.03666187791 1.515304901e-22)
(-0.2318100867 0.0473526601 -1.187970485e-22)
(-0.1411220669 0.05412102679 5.271922777e-22)
(-0.04194855767 0.05709159741 -4.746529e-22)
(0.05981097858 0.05701187411 2.747059783e-23)
(0.1593710283 0.05462605071 -1.964291852e-23)
(0.2535925387 0.05082344995 1.960069337e-23)
(0.3403822574 0.04634190426 -1.685614089e-22)
(0.4188224227 0.0416978533 3.668351888e-22)
(0.4888601978 0.03721268802 -4.081475837e-22)
(0.550956061 0.03306365808 1.31974836e-23)
(0.6058317139 0.02932858837 2.208900214e-22)
(0.6543031867 0.02602190745 0)
(0.6971760196 0.02312140981 -1.617404111e-22)
(0.7351883921 0.02058690093 1.724050058e-22)
(0.7689881408 0.01837187507 1.416097384e-22)
(0.7991289411 0.01643001007 -2.049973871e-22)
(0.8260758373 0.01471815356 6.795843741e-24)
(0.8502145018 0.0131973995 5.338058372e-23)
(0.87186106 0.01183288799 -4.750709436e-23)
(0.8912708407 0.01059296558 8.149528062e-23)
(0.9086452298 0.009448522891 -3.942190031e-23)
(0.924136567 0.008372862343 -5.911908141e-23)
(0.937852479 0.007342684913 3.429764685e-23)
(0.949862122 0.006340395063 2.601716117e-23)
(0.9602067277 0.005357382434 2.045651143e-23)
(0.9689163426 0.00439732393 -3.828163543e-23)
(0.9760322544 0.003477588963 1.833691508e-23)
(0.9816308534 0.002627076858 1.396377335e-23)
(0.9858413725 0.001880057997 -2.53004208e-23)
(0.9888513857 0.001266706783 1.69378853e-23)
(0.9908971769 0.0008045631225 -7.271733582e-24)
(0.992236138 0.0004926075718 8.43737704e-24)
(0.9931125404 0.000311648761 -4.870147574e-25)
(0.9937299342 0.0002296562573 -3.452412405e-24)
(0.9942339995 0.0002100833308 4.062686846e-24)
(0.9947099641 0.0002199834736 -4.997571812e-24)
(0.9951925523 0.0002353539795 4.392722737e-24)
(0.9956827309 0.0002427582137 -2.055427022e-24)
(0.9961649925 0.0002378343242 -7.518423286e-25)
(0.9966207515 0.000222155458 8.526723648e-25)
(0.9970361079 0.0001999340038 -1.882439669e-24)
(0.9974044803 0.0001755461214 6.604077672e-25)
(0.9977258129 0.0001522026498 -4.775836827e-25)
(0.9980042504 0.0001316068241 5.730046801e-26)
(0.9982457131 0.0001142190599 4.204086849e-25)
(0.9984561383 9.974931101e-05 3.254426653e-25)
(0.9986405732 8.761562978e-05 -3.094912508e-25)
(0.9988029521 7.724721647e-05 5.515597015e-25)
(0.9989462659 6.821880845e-05 2.331050137e-25)
(0.9990728567 6.026247741e-05 -1.121817182e-26)
(0.9991846757 5.322456759e-05 -1.83155298e-25)
(0.9992834436 4.701171274e-05 2.165479398e-26)
(0.999370718 4.154987726e-05 1.129566164e-26)
(0.9994479084 3.676687217e-05 -6.258761866e-26)
(0.9995162779 3.258908285e-05 -1.028585099e-25)
(0.9995769468 2.894519333e-05 7.047141587e-27)
(0.9996309001 2.577093953e-05 6.413647656e-27)
(0.9996790133 2.301106501e-05 -5.5708777e-26)
(0.9997220333 2.061930167e-05 -3.357780599e-26)
(0.9997607346 1.855545904e-05 1.139039521e-26)
(0.9997953812 1.679068039e-05 -6.458639266e-27)
(0.9998278449 1.52723172e-05 6.459925005e-27)
(0.9998531265 1.410333764e-05 -5.334616724e-28)
(0.9998912723 1.256233268e-05 5.356658102e-28)
(-0.0722678578 -0.01813369285 0.05524553833)
(-0.2062552074 -0.01568287889 0.05768072193)
(-0.3175212104 -0.01761382635 0.03481361335)
(-0.03854746539 -0.01678836591 0.05481229913)
(-0.03854577019 -0.01678756229 -0.05481211463)
(-0.175022624 -0.01665273369 0.05690424938)
(-0.07226053364 -0.01812858664 -0.05524551168)
(-0.1750262695 -0.01665424201 -0.05690489688)
(-0.03860707157 -0.01676592925 1.419564334e-05)
(-0.008883388161 -0.01227823456 0.05339490411)
(-0.009270872038 -0.01224869292 -1.887857747e-05)
(-0.03860620115 -0.01676577607 -1.494969613e-05)
(-0.008885413412 -0.01227992679 -0.0533949786)
(-0.009271121122 -0.01224931803 1.852018437e-05)
(-0.2775524666 -0.01235380137 0.06085234974)
(-0.2062480729 -0.0156886402 -0.05768112025)
(-0.2775577696 -0.01236849997 -0.0608544081)
(-0.07240711476 -0.01811968626 9.58211389e-07)
(-0.1075078641 -0.01806369863 0.05568189577)
(-0.1076797294 -0.01805679139 -1.255162244e-05)
(-0.1419878346 -0.01746554185 0.0562356832)
(-0.1756750513 -0.01666782887 -6.141310134e-05)
(-0.1422858643 -0.0174665236 -2.790695758e-05)
(-0.07240465482 -0.01811815635 -1.117053717e-06)
(-0.1075038966 -0.01805689615 -0.05568219809)
(-0.1076783464 -0.0180543878 1.285265244e-05)
(-0.1756761221 -0.01666763272 6.080502152e-05)
(-0.1419931278 -0.01746031647 -0.05623616544)
(-0.1422872378 -0.01746433886 2.845403663e-05)
(-0.3552468032 -0.01584559113 0.03621937217)
(-0.3175274285 -0.01761539198 -0.03481355223)
(-0.355248802 -0.01584492862 -0.03621922354)
(-0.2077499912 -0.01572096414 -0.0001414645367)
(-0.2354907173 -0.01450004134 0.05852444936)
(-0.2381909968 -0.01459626714 -0.0003808224725)
(-0.2614052284 -0.01320791644 0.05938334656)
(-0.3005681629 -0.01339782793 -0.0002482182067)
(-0.2667161695 -0.01350918351 -0.0007737084792)
(-0.2077484679 -0.01572202424 0.0001405849119)
(-0.2354856296 -0.01450662923 -0.0585248375)
(-0.2381896318 -0.01459801708 0.0003812854004)
(-0.3005709644 -0.01340212819 0.0002477393896)
(-0.2614111146 -0.01321471462 -0.05938362985)
(-0.2667179678 -0.01351138668 0.0007741182246)
(-0.001763861442 -0.005013214803 0.02669103048)
(-0.0006466700055 -0.002862798676 0.01693253602)
(0.0001188429151 -0.000951493458 0.009605615594)
(-0.001969762171 -0.004996267087 -0.0001166419297)
(-0.0006968105326 -0.002859136939 -0.0001097590479)
(-0.0003385986816 -0.0009117714868 -0.0001016063766)
(-0.001764370315 -0.005013889801 -0.02669088529)
(-0.0006468627224 -0.002863201159 -0.01693240377)
(0.00011880865 -0.0009516305895 -0.009605534029)
(-0.001969761369 -0.004996489178 0.0001164533003)
(-0.0006968023072 -0.002859255239 0.0001096325035)
(-0.0003385884925 -0.0009118063679 0.0001015307033)
)
;
    }
    procBoundary3to2
    {
        type            processor;
        value           nonuniform List<vector> 
103
(
(1.311813215 0.1627494485 0.02607900106)
(1.311764462 0.1627403399 -0.02608207196)
(1.289286863 0.1768086187 0.02276794183)
(1.273537283 0.16599108 0.02128022455)
(1.289307724 0.1768164458 -0.0227649959)
(1.273541935 0.1659742728 -0.0212793831)
(1.241829998 0.1534494274 -1.898500181e-06)
(1.215540565 0.1322123403 0)
(1.193521562 0.1132286969 -2.956312284e-22)
(1.175021509 0.0967478845 1.10955596e-22)
(1.15936091 0.0828322978 -9.643671631e-23)
(1.145925429 0.07096061322 9.433544108e-23)
(1.134300217 0.06082616971 9.650151557e-24)
(1.12420044 0.05213531319 6.719257275e-23)
(1.115411895 0.04463760706 -8.052327925e-24)
(1.10777411 0.03811329571 2.767814745e-23)
(1.10115996 0.03238633904 -1.143837636e-22)
(1.095474198 0.02730830144 -1.052895019e-22)
(1.090640173 0.02275411305 1.899893111e-23)
(1.086594821 0.01862120874 0)
(1.083290885 0.01482076842 0)
(1.080690605 0.01127762783 -2.697082471e-23)
(1.078764236 0.007924640934 3.466362683e-23)
(1.077491143 0.0047057476 -4.32919067e-23)
(1.076857456 0.001559495596 7.719015579e-23)
(-0.01864029734 0.0314634491 -0.0001206169907)
(-0.009289268768 0.02070176677 0.02930280848)
(-0.01818376348 0.03162785038 0.05118479983)
(-0.009438151638 0.02064768585 -0.0001004876925)
(-0.007558951223 0.02094476831 0.02692722001)
(-0.007819848809 0.02089262182 -0.0001392355179)
(-0.007557383876 0.02094157062 -0.02692644017)
(-0.007819319201 0.02089134668 0.0001394579296)
(-0.02793482184 0.03859429911 5.265737366e-05)
(-0.02748685467 0.06647946608 7.843350347e-06)
(-0.02778471138 0.03860209791 0.05906859174)
(-0.02744946477 0.06657979439 0.05920411128)
(-0.02744946477 0.06657979439 0.05920411128)
(-0.02748685467 0.06647946608 7.843350347e-06)
(-0.01864189484 0.03146317139 0.0001203660087)
(-0.009286921552 0.02069604784 -0.02930457797)
(-0.01818836547 0.03162695797 -0.05118326658)
(-0.009437109436 0.02064513645 9.994228998e-05)
(-0.02793584945 0.03859904118 -5.404707053e-05)
(-0.02749871986 0.0664883361 -9.601455615e-06)
(-0.02778918797 0.03861867495 -0.05907012369)
(-0.02749251098 0.06661054148 -0.05920382795)
(-0.02749251098 0.06661054148 -0.05920382795)
(-0.02749871986 0.0664883361 -9.601455615e-06)
(-0.002860021972 0.05810521503 0.05945133617)
(-0.002858399701 0.05807792907 2.121074768e-05)
(0.05759721641 0.04404072997 3.635374658e-07)
(0.05754745326 0.04406693145 0.05916841703)
(0.1662189193 0.03235837176 2.901189686e-06)
(0.3285372728 0.02986138663 0.0574635111)
(0.3286318066 0.02989801729 -3.157886543e-06)
(0.1661718628 0.03231884611 0.05849042092)
(-0.002829624268 0.05811791062 -0.05944939085)
(-0.002850401898 0.05808261292 -1.678668971e-05)
(0.05760008585 0.04404179671 -2.914109474e-06)
(0.05755426264 0.0440658729 -0.05917062431)
(0.1662201733 0.03236122673 -8.585146678e-07)
(0.3286021517 0.02983425611 -0.05746263596)
(0.3286556381 0.02988927915 8.622234732e-06)
(0.1661664395 0.03233062553 -0.05849216277)
(0.5347081699 0.04050631585 0.05630992558)
(0.5347646934 0.04058323746 -1.017003484e-05)
(0.7597431147 0.06296148953 -1.096810288e-05)
(0.7597597318 0.06285364214 0.05506706599)
(1.233791168 0.1388852368 0.0509504724)
(1.232422778 0.1386416705 -2.303639166e-05)
(1.287224121 0.1484698104 -0.0001181528423)
(1.288895276 0.150709065 0.04740433954)
(1.311813215 0.1627494485 0.02607900106)
(1.23378433 0.1388842483 -0.05095023405)
(1.23241495 0.1386383278 2.660024571e-05)
(1.287217985 0.148453449 0.0001182399171)
(1.288886344 0.1506777891 -0.04740296544)
(1.311764462 0.1627403399 -0.02608207196)
(0.9672679166 0.09198190138 -1.021126867e-05)
(1.127789514 0.1216672167 0.0512693907)
(1.127684121 0.121635326 -5.568742789e-05)
(0.9673764691 0.0919845943 0.05339905936)
(0.5347896279 0.04048438638 -0.05631120565)
(0.5347922825 0.04057784613 1.242240968e-05)
(0.7597577698 0.0629749241 7.212449861e-06)
(0.7597911924 0.06288617661 -0.05506770862)
(0.967251337 0.09199533635 1.074528627e-05)
(1.127767105 0.1216787526 -0.05126956118)
(1.127670863 0.1216369073 5.737458288e-05)
(0.9673369624 0.09202343709 -0.05339963067)
(-0.007558951223 0.02094476831 0.02692722001)
(-0.004348138036 0.01197443078 0.01806013677)
(-0.001187931879 0.00400106333 0.01024444563)
(-0.007557383876 0.02094157062 -0.02692644017)
(-0.004347211113 0.01197259537 -0.01805987081)
(-0.001187660754 0.004000445977 -0.01024450378)
(-0.007819848809 0.02089262182 -0.0001392355179)
(-0.00440654832 0.01197416975 -0.0001280831278)
(-0.001648852845 0.003840767684 -0.0001154165731)
(-0.007819319201 0.02089134668 0.0001394579296)
(-0.004406283553 0.01197347021 0.0001282280362)
(-0.001648792614 0.003840550148 0.0001155044834)
)
;
    }
}


// ************************************************************************* //
