/*--------------------------------*- C++ -*----------------------------------*\
| =========                 |                                                 |
| \\      /  F ield         | OpenFOAM: The Open Source CFD Toolbox           |
|  \\    /   O peration     | Version:                                        |
|   \\  /    A nd           | Website:  www.openfoam.com                      |
|    \\/     M anipulation  |                                                 |
\*---------------------------------------------------------------------------*/
FoamFile
{
    version     2.0;
    format      ascii;
    class       volVectorField;
    location    "4.7";
    object      U;
}
// * * * * * * * * * * * * * * * * * * * * * * * * * * * * * * * * * * * * * //

dimensions      [0 1 -1 0 0 0 0];


internalField   nonuniform List<vector> 
2403
(
(-0.1185609987 0.02868840503 0.05939626523)
(-0.3173020908 0.02142041001 0.06526273948)
(-0.4388744914 0.005701557981 0.04068437028)
(-0.4091081669 -0.02126239631 5.446630551e-07)
(-0.3553563664 -0.04656311433 -2.836708512e-21)
(-0.2597093432 -0.06513379614 1.264890097e-21)
(-0.1388291204 -0.07737206297 4.201287317e-22)
(-0.00271710359 -0.08165530847 -4.662329559e-22)
(0.135466545 -0.07979658988 2.952928193e-23)
(0.2671353009 -0.07377604346 6.790864277e-23)
(0.3869302714 -0.06572270042 -8.674847931e-23)
(0.4922061837 -0.05716022101 0)
(0.5826321739 -0.0489544802 -1.708294165e-22)
(0.6592300762 -0.04151135109 1.381849028e-22)
(0.7235971956 -0.03496236522 -5.851053558e-23)
(0.7774373751 -0.02928204241 7.134928843e-23)
(0.8223202591 -0.02436331987 -1.28885015e-23)
(0.8595645477 -0.02006598352 1.959034274e-23)
(0.890219748 -0.01626536821 -1.820579576e-23)
(0.9150920391 -0.01287328838 7.342488991e-24)
(0.9348225723 -0.009856791046 0)
(0.9499925773 -0.007235675722 0)
(0.9612164817 -0.005059798831 -4.34032448e-24)
(0.9691894043 -0.003373002497 4.128505058e-24)
(0.9746693814 -0.002179194452 -2.119501464e-24)
(0.9784054652 -0.001426843398 -1.59857878e-24)
(0.9810489132 -0.001018111381 2.457651143e-24)
(0.9830885871 -0.0008357440265 -1.194630628e-24)
(0.9848332689 -0.0007726248032 0)
(0.9864375934 -0.000751068195 8.799976525e-25)
(0.987951293 -0.0007274426387 -1.350870556e-25)
(0.9893695863 -0.0006856991839 -2.310658464e-25)
(0.9906708233 -0.0006265620173 1.459660579e-26)
(0.9918376864 -0.0005577817505 2.626995075e-25)
(0.9928649241 -0.0004877777174 0)
(0.9937588181 -0.0004226630682 4.603977769e-29)
(0.9945328845 -0.0003654339608 -2.488643225e-24)
(0.9952034739 -0.0003168158873 2.490524951e-24)
(0.9957866279 -0.0002758929258 0)
(0.9962959869 -0.000241229729 -1.692378175e-24)
(0.9967422533 -0.0002114734002 1.692697205e-24)
(0.9971338846 -0.0001856110629 -2.0020985e-24)
(0.9974777798 -0.0001629724925 2.465342852e-24)
(0.997779815 -0.0001431155966 -1.63502683e-24)
(0.9980451408 -0.0001257099658 1.912035518e-24)
(0.9982783067 -0.0001104686636 -8.955268916e-25)
(0.9984833136 -9.712498894e-05 -1.061365971e-24)
(0.9986636582 -8.543558743e-05 3.722090107e-25)
(0.9988223833 -7.518655694e-05 -2.697613105e-25)
(0.9989621384 -6.619363413e-05 5.074637991e-25)
(0.9990852346 -5.829568433e-05 -1.686003684e-26)
(0.9991936931 -5.135599072e-05 1.844300888e-25)
(0.9992892869 -4.525689342e-05 -1.844874432e-25)
(0.9993735704 -3.989475871e-05 1.856273266e-29)
(0.9994479067 -3.518033806e-05 -1.327390932e-25)
(0.9995134934 -3.103501964e-05 -1.436139951e-29)
(0.9995713839 -2.738954137e-05 1.025386878e-25)
(0.9996225045 -2.41836482e-05 8.010991971e-26)
(0.9996676712 -2.136509351e-05 -1.7009701e-25)
(0.9997076029 -1.88882563e-05 -6.881793552e-26)
(0.9997429338 -1.671300915e-05 -5.993919498e-26)
(0.9997742236 -1.480403472e-05 -6.397532068e-30)
(0.999801967 -1.313034602e-05 2.097853955e-26)
(0.9998266021 -1.166487418e-05 -7.726376205e-26)
(0.9998485169 -1.038406254e-05 1.788255252e-26)
(0.9998680586 -9.267442611e-06 -3.346963379e-30)
(0.9998855258 -8.297375282e-06 0)
(0.9999012283 -7.458127617e-06 -3.912293889e-27)
(0.9999152732 -6.738414826e-06 3.913074116e-27)
(0.9999284078 -6.116540456e-06 0)
(0.999938634 -5.636969258e-06 4.994217523e-27)
(0.9999539805 -4.995151416e-06 2.509449462e-27)
(-0.06474071588 0.1831257664 0.06356935772)
(-0.1309160245 0.158550419 0.07010339889)
(-0.1117491004 0.0567227955 0.04516823908)
(0.007890866264 -0.04708654876 -4.423825624e-06)
(0.0474810548 -0.1132192273 -1.597625447e-21)
(0.1308612175 -0.1654522739 6.184732992e-22)
(0.2238736502 -0.1964888268 9.3649537e-23)
(0.3218172659 -0.2072098743 -4.820343674e-23)
(0.4179597938 -0.2017164064 -2.440063962e-23)
(0.5075422268 -0.1857091293 -1.078454987e-23)
(0.587504233 -0.1645825946 0)
(0.6566472498 -0.1422108911 9.158808483e-23)
(0.7152250011 -0.120889802 3.67728755e-23)
(0.7642465992 -0.1017369616 -2.309255048e-22)
(0.8049955497 -0.08512153231 1.131416636e-22)
(0.8387742449 -0.07097745396 -2.247521043e-23)
(0.8667781358 -0.05900723524 0)
(0.8900377854 -0.0488189644 -1.000226976e-23)
(0.9093990818 -0.04002028557 7.034987473e-23)
(0.9255315453 -0.03229363274 -4.93032469e-23)
(0.9389384523 -0.02544952279 -3.237943777e-23)
(0.9499942018 -0.01944081239 9.773111271e-24)
(0.9589925255 -0.01432852713 -5.425838398e-24)
(0.9661955045 -0.01020709271 2.076117231e-24)
(0.9718681735 -0.007120696207 0)
(0.9762887291 -0.005008533835 -2.58655453e-24)
(0.9797362532 -0.003704200806 4.129204516e-24)
(0.9824671569 -0.002978715572 -1.062551638e-24)
(0.9846925493 -0.002601818836 -9.258310631e-25)
(0.9865674319 -0.002389734536 -8.353901012e-25)
(0.9881925894 -0.002225233061 -7.05952085e-25)
(0.989625872 -0.002052377653 3.186185316e-25)
(0.9908971603 -0.001857813664 -8.196614264e-25)
(0.9920220609 -0.001650319059 0)
(0.993011552 -0.001445223063 1.004046731e-24)
(0.9938769364 -0.001255489709 -4.467153134e-25)
(0.9946308843 -0.001088177137 -3.497063084e-25)
(0.9952872731 -0.0009449461934 0)
(0.995859741 -0.0008235325237 0)
(0.9963601991 -0.0007202062643 0)
(0.9967986001 -0.000631322131 0)
(0.9971831756 -0.0005540573123 1.370943859e-24)
(0.9975208066 -0.0004864676012 0)
(0.9978173648 -0.0004272199706 -1.06292306e-24)
(0.9980779471 -0.0003753004237 0)
(0.9983070137 -0.0003298346711 0)
(0.9985084687 -0.0002900239604 2.475109645e-26)
(0.9986857218 -0.000255144663 9.694419092e-25)
(0.9988417468 -0.0002245590914 -3.02289513e-25)
(0.9989791421 -0.0001977153092 0)
(0.999100175 -0.0001741434236 -2.215853835e-25)
(0.9992068247 -0.0001534342265 -9.101208802e-26)
(0.9993008313 -0.0001352329657 9.101619643e-26)
(0.9993837207 -0.0001192284092 1.476257453e-25)
(0.9994568309 -0.0001051535161 3.205215962e-27)
(0.99952134 -9.27749714e-05 5.450047349e-26)
(0.9995782834 -8.188844957e-05 -1.09430876e-25)
(0.9996285707 -7.231476897e-05 4.230016805e-26)
(0.9996730031 -6.389731619e-05 -7.7032315e-26)
(0.9997122871 -5.649910191e-05 1.655041689e-27)
(0.9997470462 -5.00002539e-05 6.004303746e-26)
(0.9997778306 -4.429573474e-05 5.0823961e-26)
(0.9998051268 -3.929350204e-05 0)
(0.9998293656 -3.49131354e-05 2.964323702e-26)
(0.9998509285 -3.108457508e-05 8.808260908e-27)
(0.9998701571 -2.774678635e-05 0)
(0.999887345 -2.484699617e-05 2.423151445e-26)
(0.9999027968 -2.233801931e-05 -4.405493516e-27)
(0.9999166177 -2.018599705e-05 1.926545947e-27)
(0.9999295431 -1.832595579e-05 -9.095621857e-27)
(0.9999396061 -1.689101687e-05 -5.231549632e-27)
(0.999954709 -1.497016616e-05 -2.273308874e-27)
(0.09063574909 0.1330805329 0.06448775432)
(0.2055733193 0.1435733978 0.07122785792)
(0.470333927 0.02123480665 -3.012626496e-07)
(0.5161741606 -0.07860169969 2.513335992e-06)
(0.5658724354 -0.1667599435 6.178205302e-21)
(0.6176012971 -0.2316878111 -1.582338519e-21)
(0.6636263424 -0.2674981292 -4.993511877e-22)
(0.7049209399 -0.2770520199 -3.41464531e-22)
(0.7423371824 -0.266566975 2.422049429e-23)
(0.7760132258 -0.2435855547 1.60277321e-23)
(0.8057961377 -0.2147661998 -7.330413666e-24)
(0.8317171992 -0.1848186623 2.199039313e-23)
(0.8540433343 -0.1565447299 0)
(0.8731448523 -0.1313053069 0)
(0.8894067252 -0.1095276692 1.021707444e-22)
(0.903203754 -0.09110538264 3.380077501e-23)
(0.9148994306 -0.07566568033 -7.727682204e-23)
(0.9248523941 -0.06272962106 -7.451680047e-24)
(0.9334215918 -0.05180684703 0)
(0.9409565269 -0.04246314378 6.760123341e-24)
(0.9477660415 -0.03437130049 4.735430396e-23)
(0.9540767065 -0.02734038635 -4.150611286e-23)
(0.9600018723 -0.02130777565 -4.352589569e-24)
(0.9655408558 -0.01628936245 1.526808884e-25)
(0.9706133362 -0.01230634913 2.35587465e-23)
(0.9751153697 -0.00932281688 -2.637781975e-23)
(0.9789744184 -0.007219595949 0)
(0.9821816973 -0.00581133851 6.424843481e-26)
(0.9847926453 -0.004889510496 1.801377332e-24)
(0.9869055406 -0.004265703072 0)
(0.9886314843 -0.003798808712 7.070740563e-25)
(0.9900697901 -0.003401688634 0)
(0.9912955806 -0.003032812132 4.13057666e-25)
(0.9923586851 -0.002680925552 0)
(0.9932897626 -0.002350239139 2.463461749e-24)
(0.9941076311 -0.002048761597 -3.069281394e-24)
(0.9948253805 -0.001782241306 -1.523250539e-24)
(0.9954542679 -0.001551652317 2.964671541e-25)
(0.9960049454 -0.001354012669 1.17891848e-24)
(0.9964871133 -0.001184521141 -4.312109677e-25)
(0.9969095815 -0.001038238374 2.416111912e-26)
(0.9972801154 -0.0009110657815 -8.133924533e-27)
(0.9976054215 -0.000799949654 -2.765928094e-25)
(0.997891247 -0.0007026489477 -1.760892303e-25)
(0.9981425294 -0.0006174121771 6.068955145e-26)
(0.9983635415 -0.0005427516855 3.433548684e-25)
(0.9985580043 -0.0004773454058 -2.969838732e-25)
(0.9987291694 -0.0004200143223 0)
(0.9988798824 -0.0003697225146 0)
(0.9990126296 -0.0003255720019 -2.354867696e-25)
(0.9991295893 -0.0002867926568 -2.325059194e-25)
(0.9992326734 -0.000252714368 -1.577718798e-25)
(0.9993235583 -0.0002227545587 1.939925927e-26)
(0.9994037108 -0.000196413552 -3.088627858e-25)
(0.999474416 -0.0001732495097 2.030552543e-26)
(0.9995368094 -0.0001528731994 -2.821073488e-26)
(0.9995918906 -0.0001349492974 1.319512289e-26)
(0.9996405385 -0.0001191840549 7.93853285e-26)
(0.9996835263 -0.0001053220954 1.56106532e-25)
(0.999721536 -9.31376356e-05 6.34569973e-26)
(0.9997551691 -8.243287642e-05 6.349521813e-26)
(0.9997849576 -7.303519106e-05 -5.421227758e-26)
(0.9998113719 -6.479360395e-05 0)
(0.9998348287 -5.757608404e-05 0)
(0.999855697 -5.126740995e-05 -2.962914471e-26)
(0.9998743072 -4.5767091e-05 -8.974890634e-28)
(0.9998909432 -4.098819435e-05 -2.175769575e-26)
(0.9999058996 -3.685297676e-05 -2.331555533e-28)
(0.9999192778 -3.330572033e-05 -1.229930281e-26)
(0.9999317897 -3.023935177e-05 9.096565346e-27)
(0.9999415306 -2.787365091e-05 1.407635626e-29)
(0.999956151 -2.470641284e-05 -1.409356036e-29)
(0.6143097411 0.03744743477 0.06210493115)
(0.7681308868 0.01187023764 0.03876577298)
(0.9686811402 -0.08056540132 1.429315824e-06)
(0.9969067535 -0.1522538132 0)
(1.011059647 -0.213490038 -1.100659847e-20)
(1.011769655 -0.2586038831 5.341744696e-21)
(1.001366438 -0.2826470187 8.277682693e-22)
(0.9864223606 -0.285512718 1.031318674e-21)
(0.9714719196 -0.2718346502 2.147869265e-22)
(0.9589212168 -0.2477733205 -3.425266739e-22)
(0.9496686763 -0.2189519405 4.947465688e-23)
(0.9437311724 -0.1893918788 -6.48091096e-24)
(0.9406959733 -0.1615235374 8.119574599e-24)
(0.939953956 -0.1365377119 0)
(0.9408664387 -0.114809507 -7.961131902e-23)
(0.9428647318 -0.09624715311 1.027137373e-22)
(0.9454958086 -0.08053729868 -6.552211859e-23)
(0.9484389209 -0.06729043059 7.447434609e-24)
(0.9515101124 -0.05611481467 5.415889342e-24)
(0.9546523771 -0.04665176052 0)
(0.9579018333 -0.03859544757 -4.406422929e-24)
(0.9613297634 -0.03170768183 0)
(0.9649766919 -0.02582472366 -2.804939663e-23)
(0.9688046136 -0.02084848646 4.206804765e-23)
(0.9726883269 -0.01672086914 -1.229225833e-23)
(0.9764480475 -0.01339047385 8.235413445e-24)
(0.9799048772 -0.010786301 -9.420427262e-24)
(0.9829315575 -0.008808186799 -6.218445436e-24)
(0.9854777364 -0.007333650698 5.942951318e-24)
(0.9875651575 -0.006234389949 5.541201735e-24)
(0.989262383 -0.005393852497 -9.905741815e-25)
(0.9906543423 -0.004719803022 -5.947250239e-25)
(0.9918188735 -0.004149296015 -4.135719925e-24)
(0.9928150291 -0.003646617861 0)
(0.9936818763 -0.003196083663 1.842774576e-24)
(0.9944431425 -0.002793277384 -1.446722743e-24)
(0.9951132378 -0.002437509064 8.097891707e-26)
(0.9957027194 -0.002127249572 0)
(0.9962205021 -0.001858775439 -9.496753978e-25)
(0.9966747478 -0.001626905647 8.785130958e-25)
(0.9970731818 -0.001426109463 -9.554981558e-26)
(0.9974228803 -0.001251451686 -1.181918868e-24)
(0.9977300922 -0.001098953262 -3.901045198e-26)
(0.9980002096 -0.0009655060844 4.453945441e-25)
(0.9982378571 -0.0008486201789 1.08305084e-25)
(0.9984470224 -0.0007462022789 -4.412405585e-25)
(0.9986311741 -0.0006564303513 6.282019623e-25)
(0.9987933484 -0.0005777019326 3.593102345e-25)
(0.9989362085 -0.0005086144078 -3.473612278e-26)
(0.9990620909 -0.0004479494673 4.57069795e-25)
(0.9991730457 -0.000394648596 1.956230958e-25)
(0.9992708714 -0.0003477976011 1.946888148e-25)
(0.9993571396 -0.0003066024196 0)
(0.9994332346 -0.00027037538 8.295529483e-27)
(0.9995003828 -0.0002385096121 1.458725838e-28)
(0.999559655 -0.0002104786471 -8.983447892e-26)
(0.9996119905 -0.0001858228111 -1.177920028e-26)
(0.9996582184 -0.0001641280661 -7.895953659e-26)
(0.9996990715 -0.0001450486352 -1.436182186e-25)
(0.9997351984 -0.0001282764445 0)
(0.9997671694 -0.0001135400632 -5.466059512e-26)
(0.9997954883 -0.0001006020714 -1.600152676e-27)
(0.9998206013 -8.925499986e-05 -3.964019088e-26)
(0.9998429042 -7.931753177e-05 0)
(0.9998627473 -7.063119601e-05 5.928599578e-26)
(0.9998804443 -6.305756843e-05 -3.532943253e-28)
(0.9998962649 -5.647688862e-05 2.00251445e-26)
(0.999910489 -5.078212585e-05 -1.562441938e-26)
(0.9999232127 -4.589666738e-05 1.253263777e-26)
(0.999935113 -4.167315318e-05 8.175447593e-27)
(0.9999443779 -3.841453848e-05 5.193080854e-29)
(0.9999582845 -3.40515166e-05 0)
(1.296863403 0.06796889715 0.03158401753)
(1.311735132 0.004243686768 8.546439493e-08)
(1.301145856 -0.05813793438 6.536990017e-08)
(1.281542848 -0.1221787133 -1.541332347e-21)
(1.250420891 -0.1786707838 0)
(1.2092074 -0.2202043476 2.064292273e-21)
(1.162563899 -0.2429798458 2.419451468e-21)
(1.116728692 -0.2476086317 -1.658518854e-21)
(1.075573586 -0.2384724841 -8.214690981e-22)
(1.041349253 -0.2204839319 6.097158421e-22)
(1.014704247 -0.1981261315 -2.368314938e-22)
(0.995077962 -0.1745404489 -1.168873006e-23)
(0.9814049472 -0.151707501 1.348666044e-23)
(0.9724371324 -0.1306693907 -2.920276396e-23)
(0.967012209 -0.1118579517 0)
(0.964149563 -0.09533426759 0)
(0.9630726629 -0.08097204935 6.242194203e-24)
(0.9631955272 -0.06857047596 0)
(0.9641009851 -0.05791348004 -4.214047356e-23)
(0.9655180549 -0.04879394824 7.032811317e-23)
(0.9672947533 -0.04101814074 -2.91949083e-23)
(0.9693612934 -0.03440400471 0)
(0.9716847935 -0.02878305382 2.424961452e-23)
(0.9742254331 -0.02400772979 -2.740560249e-24)
(0.9769085784 -0.019959186 -2.034344919e-23)
(0.9796225658 -0.01654888133 1.185378013e-24)
(0.9822397161 -0.01371132916 -7.39514512e-24)
(0.984647178 -0.01139082309 4.792459555e-25)
(0.9867716478 -0.009528314285 1.182025592e-24)
(0.9885882598 -0.008054421394 5.729434169e-24)
(0.9901134919 -0.006891180244 -4.12677682e-24)
(0.9913888036 -0.00596065212 4.680971385e-24)
(0.9924633455 -0.005195386309 3.436377597e-24)
(0.9933815472 -0.004545516891 -3.436289542e-24)
(0.9941774117 -0.003979873399 0)
(0.9948742279 -0.003482091674 4.414346473e-25)
(0.9954869874 -0.003044171382 8.522991871e-25)
(0.9960265172 -0.002661188577 0)
(0.9965014032 -0.002328000749 8.128869443e-25)
(0.9969189513 -0.002038887357 -9.600576286e-25)
(0.9972859191 -0.001787834996 1.771030881e-25)
(0.9976085154 -0.001569254481 4.702787204e-25)
(0.9978922879 -0.001378395769 6.734085362e-25)
(0.9981420758 -0.001211389292 5.349533924e-26)
(0.9983620578 -0.001065077705 -5.349522639e-26)
(0.9985558502 -0.0009368156162 0)
(0.9987266054 -0.0008243263725 -3.234847213e-25)
(0.9988770889 -0.0007256235682 -2.528317053e-25)
(0.9990097336 -0.0006389708541 -6.08323214e-26)
(0.9991266794 -0.0005628552781 -1.930588998e-25)
(0.9992298074 -0.0004959618867 0)
(0.9993207704 -0.0004371501591 0)
(0.9994010202 -0.000385428547 0)
(0.9994718359 -0.0003399278523 1.334349184e-25)
(0.9995343401 -0.0002998937006 1.107655468e-25)
(0.99958952 -0.0002646701452 1.040510923e-25)
(0.9996382621 -0.0002336775189 5.847990899e-27)
(0.9996813311 -0.0002064202817 7.337827846e-26)
(0.9997193944 -0.0001824426782 6.966007073e-26)
(0.9997530595 -0.0001613575817 0)
(0.9997828575 -0.0001428294964 0)
(0.9998092562 -0.0001265615595 0)
(0.9998326695 -0.0001122928417 4.074976598e-26)
(0.999853465 -9.979562323e-05 -1.109533177e-27)
(0.9998719685 -8.88710749e-05 -2.87584187e-26)
(0.9998884721 -7.934540954e-05 0)
(0.9999032267 -7.106816485e-05 -1.940569489e-26)
(0.9999164931 -6.390484034e-05 2.956999007e-26)
(0.9999283608 -5.775919384e-05 5.577812883e-29)
(0.9999394611 -5.244594448e-05 -8.076282946e-27)
(0.9999481034 -4.834637398e-05 0)
(0.9999610762 -4.285707589e-05 0)
(1.309514913 0.09881354933 -2.295747144e-07)
(1.318514739 0.05075827536 1.996224512e-07)
(1.319713063 -0.0006627479668 1.132777149e-07)
(1.312876098 -0.05301312233 -9.14051792e-22)
(1.294623996 -0.1030220485 9.857582549e-22)
(1.264093064 -0.1459241348 0)
(1.224464942 -0.1776259964 -2.849279854e-21)
(1.180718068 -0.1961836061 6.464907129e-22)
(1.137452656 -0.2023447744 2.132930171e-21)
(1.098055443 -0.198600467 -6.5518388e-22)
(1.06463707 -0.1878213168 -3.969593597e-22)
(1.037732742 -0.1728916667 1.037536611e-22)
(1.017046761 -0.1559556298 -2.82727402e-23)
(1.001791554 -0.1386303299 3.993609025e-23)
(0.9909551528 -0.1219038581 5.002457484e-24)
(0.983575956 -0.1063415434 0)
(0.9788180396 -0.09219031292 2.632969067e-23)
(0.9760045601 -0.07951255028 -2.366297788e-23)
(0.9746099136 -0.06827932186 0)
(0.9742352447 -0.05841890541 0)
(0.9745832586 -0.0498404156 2.874068403e-24)
(0.9754378534 -0.0424409451 -2.282980918e-23)
(0.9766474781 -0.03610354834 2.419727692e-23)
(0.9781087369 -0.03069631218 1.172051097e-24)
(0.9797483904 -0.02608030873 1.067381409e-24)
(0.9815057341 -0.02212582321 1.500858914e-23)
(0.9833200268 -0.0187286143 -1.704055597e-23)
(0.9851266705 -0.01581685732 -3.877511068e-25)
(0.9868618922 -0.01334501618 -5.623948051e-24)
(0.9884718158 -0.01127872324 5.682841716e-24)
(0.9899205621 -0.009579491356 -4.723383047e-24)
(0.9911936013 -0.008197079729 7.591119911e-25)
(0.9922954982 -0.00707189812 3.79517683e-24)
(0.9932437196 -0.006143980561 0)
(0.9940613091 -0.005362386018 0)
(0.9947709002 -0.004690276986 0)
(0.9953913376 -0.00410452865 -8.250304243e-26)
(0.9959365275 -0.00359180499 0)
(0.9964168507 -0.003143645054 8.192320775e-25)
(0.9968405583 -0.002752928772 -1.536516552e-24)
(0.9972141477 -0.002412916658 0)
(0.9975433343 -0.002116981965 0)
(0.997833336 -0.001858968637 -1.247267181e-25)
(0.9980888746 -0.001633520644 1.24726584e-25)
(0.9983141359 -0.001436159101 0)
(0.9985127768 -0.001263169822 -8.567224752e-26)
(0.9986879798 -0.001111431141 1.009087028e-26)
(0.9988425251 -0.0009782680843 4.224458468e-26)
(0.9989788556 -0.000861356843 3.333663007e-26)
(0.9990991259 -0.0007586680288 -2.077887917e-25)
(0.9992052387 -0.0006684298561 0)
(0.9992988727 -0.0005890981695 0)
(0.9993815081 -0.0005193287918 1.776684736e-26)
(0.9994544482 -0.0004579512105 -3.341890153e-26)
(0.9995188416 -0.0004039442984 1.56520545e-26)
(0.9995757011 -0.0003564181891 0)
(0.999625922 -0.0003145907244 -1.066010078e-26)
(0.9996702826 -0.0002777775401 1.066009638e-26)
(0.9997094881 -0.000245393139 -6.927573677e-26)
(0.9997441629 -0.0002169091478 -5.137664592e-28)
(0.9997748357 -0.0001918577135 -3.588704913e-27)
(0.9998019864 -0.0001698382979 -2.721461027e-27)
(0.999826044 -0.0001505026847 2.721457589e-27)
(0.9998473852 -0.0001335421296 -2.023720621e-27)
(0.999866343 -0.0001186860385 2.8859814e-27)
(0.9998832135 -0.0001056983777 -8.622621412e-28)
(0.9998982621 -9.437302138e-05 0)
(0.9999117172 -8.453142323e-05 4.855428583e-28)
(0.9999238161 -7.601385385e-05 -1.490413137e-26)
(0.9999346402 -6.870601402e-05 1.378161586e-28)
(0.9999447649 -6.238767721e-05 -1.378160851e-28)
(0.999952648 -5.75124064e-05 1.139314518e-29)
(0.9999644821 -5.098407197e-05 -1.14070178e-29)
(1.267987637 0.08306586818 1.05557177e-06)
(1.27757105 0.04414708723 -5.45051661e-21)
(1.280128004 0.004227204842 3.68610017e-21)
(1.274348901 -0.03666025864 -1.156255484e-22)
(1.259294736 -0.07645046489 2.564972794e-21)
(1.235419401 -0.1113360799 1.575613876e-21)
(1.204763931 -0.1382406945 -7.392952745e-22)
(1.170492741 -0.1558499191 -1.263290491e-21)
(1.135881363 -0.1644213225 8.689957399e-23)
(1.103567197 -0.1651256572 6.576041764e-22)
(1.075150301 -0.1598068991 0)
(1.0512721 -0.1503864543 0)
(1.032016862 -0.1385039914 -1.452083417e-22)
(1.016958216 -0.1255239217 1.456689487e-22)
(1.005525093 -0.1123499564 6.307557129e-23)
(0.9971208997 -0.09960955208 0)
(0.9911548269 -0.08766872729 0)
(0.9870949088 -0.07669254803 -3.850702462e-24)
(0.9845067572 -0.06674738686 1.588725448e-24)
(0.9830460591 -0.05784595944 0)
(0.9824363926 -0.04996617493 -1.918400267e-24)
(0.9824518882 -0.04306073888 -1.365624231e-24)
(0.9829096094 -0.03706036003 0)
(0.9836672792 -0.03187502829 -1.171806187e-24)
(0.9846207514 -0.02740006239 -1.067174869e-24)
(0.9856979617 -0.02352922296 0)
(0.9868491946 -0.02017021889 1.272340872e-23)
(0.9880362626 -0.0172547566 -1.648332364e-23)
(0.9892243459 -0.01473808914 5.672686558e-24)
(0.9903790573 -0.01258926728 0)
(0.9914685836 -0.01077841693 -3.628519766e-24)
(0.9924682986 -0.009268133197 3.647289037e-24)
(0.9933645005 -0.008012551272 2.791006802e-24)
(0.9941550833 -0.006962735819 -3.068333066e-24)
(0.9948470181 -0.006074004577 7.117354793e-26)
(0.9954521449 -0.005311016101 -3.157730923e-26)
(0.9959831973 -0.004648895601 -6.551609947e-26)
(0.9964511149 -0.004071304666 4.06982294e-25)
(0.9968645116 -0.003566961134 -1.046336666e-24)
(0.9972303651 -0.00312684325 5.435891159e-25)
(0.9975540786 -0.002743012409 0)
(0.9978402179 -0.00240821552 4.874926738e-25)
(0.998092951 -0.002115849484 -1.09817606e-25)
(0.9983161172 -0.001860125401 4.908236932e-25)
(0.9985131928 -0.001636109743 0)
(0.9986872628 -0.001439642009 -2.974773474e-25)
(0.9988410326 -0.00126719849 0)
(0.9989768695 -0.001115761044 -5.894477071e-26)
(0.9990968539 -0.0009827165493 6.923791071e-27)
(0.9992028244 -0.0008657875089 7.895154922e-26)
(0.9992964109 -0.0007629841604 -1.5960833e-25)
(0.9993790597 -0.0006725681769 1.785583561e-26)
(0.999452052 -0.0005930220897 -2.113683442e-27)
(0.9995165212 -0.0005230216898 -1.57421496e-26)
(0.9995734687 -0.0004614104497 9.648194713e-26)
(0.9996237794 -0.0004071774405 1.075333127e-26)
(0.9996682345 -0.0003594381976 -1.07533297e-26)
(0.9997075234 -0.0003174199141 0)
(0.9997422543 -0.0002804336937 0)
(0.9997729767 -0.0002478941748 0)
(0.9998001703 -0.0002192844743 0)
(0.9998242467 -0.0001941341505 0)
(0.9998455818 -0.0001720441342 -2.089868769e-27)
(0.9998645121 -0.0001526650277 2.089866481e-27)
(0.9998813319 -0.0001356890364 0)
(0.9998963023 -0.0001208466424 0)
(0.9999096581 -0.000107902782 0)
(0.999921601 -9.665394483e-05 0)
(0.9999323413 -8.691790953e-05 0)
(0.9999419508 -7.856424365e-05 1.223526078e-28)
(0.9999509403 -7.134133578e-05 -1.22352543e-28)
(0.9999579398 -6.576787011e-05 0)
(0.9999684483 -5.830415774e-05 0)
(1.233072941 0.07209431063 -9.355929695e-22)
(1.240989511 0.03966898262 0)
(1.242717834 0.005800683707 -1.524311134e-21)
(1.237926765 -0.02820270254 -1.536736062e-22)
(1.226308413 -0.06040962573 -1.602697626e-21)
(1.208125818 -0.08863029864 0)
(1.184693275 -0.1110103239 -2.746581492e-22)
(1.158166623 -0.1265698104 2.64918619e-22)
(1.130851819 -0.1353081733 1.667033043e-22)
(1.10464789 -0.1379709792 1.953151612e-22)
(1.08081075 -0.1357868786 -5.536913532e-22)
(1.060048558 -0.1300148901 0)
(1.04258867 -0.1218701047 4.507993051e-22)
(1.02831487 -0.1123558646 -2.273022308e-23)
(1.016954739 -0.1022353332 -6.283645032e-23)
(1.008142038 -0.09202857068 -4.483835681e-23)
(1.001510112 -0.08215408972 9.215505766e-24)
(0.9966559525 -0.07284218123 1.176979572e-24)
(0.9932185881 -0.06421511789 -1.588377367e-24)
(0.9909048414 -0.05633861451 3.966535192e-25)
(0.9894750326 -0.04923810862 -9.547527314e-25)
(0.9887246417 -0.04290735605 0)
(0.9884780873 -0.03731419284 -1.190518774e-23)
(0.9885905326 -0.0324048946 1.190598245e-23)
(0.9889500815 -0.0281101472 0)
(0.9894765063 -0.02435458641 0)
(0.9901155782 -0.02106799013 2.546531967e-25)
(0.9908301278 -0.01819354356 3.876567488e-24)
(0.9915907589 -0.01568956877 -4.18934942e-24)
(0.9923695853 -0.01352475417 9.813904683e-26)
(0.9931387656 -0.01167043718 3.187619243e-24)
(0.9938729906 -0.01009455197 -3.175450618e-24)
(0.9945532448 -0.008760073435 2.548916988e-24)
(0.9951691568 -0.007627730142 -4.53853006e-24)
(0.9957187183 -0.006660535169 1.985057429e-25)
(0.9962058709 -0.005827416405 1.982627838e-24)
(0.9966373823 -0.005104519081 1.141112073e-26)
(0.9970202684 -0.004474479259 1.624264772e-25)
(0.997360431 -0.003924401612 0)
(0.9976629611 -0.003443890911 -7.815188886e-25)
(0.9979319144 -0.003023986004 2.687098012e-25)
(0.9981706518 -0.002656930231 -4.874847637e-25)
(0.9983822604 -0.002335820629 -9.319081551e-26)
(0.9985696466 -0.002054603385 -2.05384453e-25)
(0.9987355163 -0.00180804617 -8.242580379e-26)
(0.9988823287 -0.001591663526 2.97474276e-25)
(0.9990122724 -0.001401614659 0)
(0.9991272745 -0.001234598358 1.935457201e-25)
(0.9992290302 -0.001087760741 2.154510373e-25)
(0.9993190386 -0.0009586210631 -1.465502842e-26)
(0.9993986328 -0.0008450143459 1.596073448e-25)
(0.9994690025 -0.0007450470018 -3.054184068e-26)
(0.9995312092 -0.000657061557 1.707261176e-26)
(0.9995861975 -0.0005796071807 1.346924542e-26)
(0.9996348061 -0.0005114139268 -1.773103122e-25)
(0.9996777781 -0.0004513701655 9.210669998e-27)
(0.9997157712 -0.0003985022937 -9.210671412e-27)
(0.9997493677 -0.0003519568542 0)
(0.9997790848 -0.0003109839821 -4.836964918e-26)
(0.9998053743 -0.0002749240436 -4.784465783e-26)
(0.9998286498 -0.0002432094248 1.022759942e-26)
(0.9998492734 -0.0002153350784 -2.694245428e-27)
(0.9998675532 -0.0001908468517 -2.071694136e-27)
(0.9998837747 -0.0001693600493 1.541151669e-27)
(0.9998981913 -0.0001505359449 -2.276413754e-28)
(0.9999110258 -0.0001340763156 -2.073732561e-28)
(0.9999224781 -0.0001197208037 1.354732791e-26)
(0.9999327206 -0.0001072441966 0)
(0.999941933 -9.644481783e-05 0)
(0.9999501765 -8.71782757e-05 0)
(0.9999578889 -7.916562934e-05 -6.728539518e-29)
(0.9999638944 -7.298250641e-05 6.728535999e-29)
(0.9999729119 -6.470183162e-05 0)
(1.203999395 0.06192020847 -6.554775263e-22)
(1.210741537 0.03514409664 0)
(1.212293678 0.00730417568 2.540796537e-21)
(1.208575992 -0.02035583539 -2.548330175e-21)
(1.199502318 -0.04654106001 1.130523083e-21)
(1.185387536 -0.06976884932 1.59504042e-21)
(1.16721705 -0.08870870439 -7.417227363e-22)
(1.146444633 -0.1025685503 4.76751946e-22)
(1.124663548 -0.111262686 -1.422788993e-22)
(1.103278895 -0.1152295796 1.898740436e-22)
(1.083317537 -0.1152262515 0)
(1.065425363 -0.1121183969 3.17897248e-22)
(1.049892207 -0.1067842047 -5.720526075e-22)
(1.036775149 -0.09996696434 -1.742010353e-22)
(1.025918066 -0.09232667024 -2.958416091e-22)
(1.01713501 -0.08426808219 2.35668337e-22)
(1.010218154 -0.07619008889 3.588460387e-24)
(1.004894085 -0.06837189201 0)
(1.000878261 -0.06097401492 0)
(0.997927078 -0.05409257002 3.20433366e-24)
(0.9958384929 -0.04777996537 -3.601415296e-24)
(0.9944378194 -0.04205749133 6.49523275e-24)
(0.9935711189 -0.03692055589 -6.495846964e-24)
(0.9931070069 -0.03234318571 -7.218162598e-24)
(0.9929394657 -0.02828403702 7.386129078e-24)
(0.9929878648 -0.02469397245 0)
(0.9931936628 -0.02152388659 -2.546195383e-25)
(0.9935145435 -0.01873052384 6.056629237e-24)
(0.9939176766 -0.01627849034 -8.85208738e-24)
(0.9943743762 -0.01413840588 2.697231917e-24)
(0.9948577926 -0.01228300843 -3.179423584e-26)
(0.9953435986 -0.01068377094 -2.906991162e-26)
(0.9958121477 -0.009309807972 0)
(0.9962502131 -0.008129214249 -3.216734525e-26)
(0.9966511814 -0.007111629576 -1.557387204e-24)
(0.9970137247 -0.006230499705 1.52864979e-24)
(0.997339722 -0.005464093748 -1.141057125e-26)
(0.9976323946 -0.004795316158 -1.623694546e-25)
(0.9978947658 -0.004210794068 0)
(0.9981298718 -0.003699482227 5.127994087e-25)
(0.9983403259 -0.003251736011 1.910446928e-25)
(0.9985282845 -0.002859482579 -1.910456224e-25)
(0.9986957587 -0.002515664551 -1.27715551e-25)
(0.9988447023 -0.002214110413 -4.63671853e-25)
(0.998977006 -0.001949438389 6.659916533e-26)
(0.999094452 -0.001716970585 -1.417467837e-25)
(0.9991986719 -0.00151265097 -2.240097937e-25)
(0.9992911285 -0.001332967265 -1.935440332e-25)
(0.9993731192 -0.001174877326 -2.071546362e-25)
(0.9994457944 -0.001035740794 1.87214584e-25)
(0.9995101792 -0.0009132579811 2.81953879e-26)
(0.9995671924 -0.0008054182701 -2.819541715e-26)
(0.99961766 -0.0007104587884 0)
(0.9996623229 -0.0006268319628 0)
(0.9997018437 -0.0005531792595 1.691120181e-26)
(0.9997368128 -0.0004883087559 7.523678745e-27)
(0.999767755 -0.0004311750713 -5.713454999e-26)
(0.9997951363 -0.0003808611222 0)
(0.9998193708 -0.0003365620617 4.836947896e-26)
(0.9998408252 -0.0002975721402 4.238286446e-26)
(0.9998598244 -0.000263265736 0)
(0.9998766661 -0.0002331100587 0)
(0.999891606 -0.0002066147859 -1.467173723e-27)
(0.9999048652 -0.0001833647863 1.467172109e-27)
(0.999916652 -0.0001629934897 0)
(0.9999271488 -0.0001451793952 0)
(0.9999365178 -0.0001296412381 -2.628331003e-26)
(0.9999448988 -0.0001161356322 0)
(0.9999524385 -0.0001044447355 7.560287243e-27)
(0.9999591863 -9.441260341e-05 0)
(0.9999655005 -8.573745397e-05 -5.506200121e-29)
(0.9999704177 -7.904278343e-05 -2.191949688e-27)
(0.9999778021 -7.007638601e-05 1.421230104e-29)
(1.180079882 0.05337388182 2.344820918e-22)
(1.185860727 0.03144786662 0)
(1.18730671 0.008556559514 1.069177937e-21)
(1.184476125 -0.01431552326 -1.071910858e-21)
(1.177392468 -0.03600387606 -1.089888653e-21)
(1.166371697 -0.05539015086 -2.066045768e-21)
(1.152133345 -0.07151655759 -8.379701623e-22)
(1.135701787 -0.08379383431 7.866020509e-22)
(1.118205528 -0.09209456026 -3.665684511e-22)
(1.10068808 -0.09666106943 1.463984455e-22)
(1.083967107 -0.09797364427 2.088719221e-22)
(1.068599811 -0.09663221055 -2.551313483e-22)
(1.054901058 -0.09326840311 1.277686635e-22)
(1.043001396 -0.08846453549 -7.015300249e-23)
(1.032856021 -0.0827568407 2.95611189e-22)
(1.024377226 -0.07649999899 -4.631153134e-22)
(1.017435038 -0.06998786803 0)
(1.011871083 -0.06350610088 0)
(1.007484783 -0.05723363621 0)
(1.004088286 -0.05129125172 0)
(1.001510854 -0.04574713105 1.280712802e-25)
(0.9996019997 -0.04063858045 -1.396925094e-24)
(0.9982298287 -0.03598123032 -1.156300118e-24)
(0.9972808113 -0.03177145775 5.730560557e-24)
(0.9966604698 -0.02799014301 -3.361725504e-24)
(0.9962930797 -0.02460865454 3.832399101e-24)
(0.9961197912 -0.02159497883 3.943326995e-26)
(0.9960952169 -0.018918145 -3.835366976e-24)
(0.9961832054 -0.01655017158 -1.789606715e-24)
(0.9963531482 -0.01446573632 1.789655563e-24)
(0.9965779662 -0.01264055189 -1.53526119e-24)
(0.9968339486 -0.01104978376 3.040592521e-24)
(0.9971016473 -0.009667527274 -1.444464831e-24)
(0.9973667228 -0.008467553448 0)
(0.9976200054 -0.007424776379 0)
(0.9978566795 -0.006516629809 0)
(0.9980749675 -0.0057237944 0)
(0.9982748526 -0.005030191383 -7.923861397e-25)
(0.9984569159 -0.004422765435 7.932295764e-25)
(0.9986220841 -0.003890400397 2.729935224e-25)
(0.9987716095 -0.003423260649 3.859742282e-25)
(0.998906489 -0.003013132003 -1.414561473e-25)
(0.999027705 -0.00265292829 2.78023915e-25)
(0.9991362911 -0.002336469663 2.467565795e-25)
(0.99923332 -0.002058347795 0)
(0.9993198675 -0.001813819553 1.547293713e-25)
(0.9993969741 -0.001598726287 2.457979141e-25)
(0.9994656141 -0.001409432027 -6.558180401e-26)
(0.9995266769 -0.001242769363 3.080727835e-26)
(0.9995809626 -0.001095984561 0)
(0.9996291879 -0.0009666809867 7.538813364e-26)
(0.9996719974 -0.0008527653713 1.886753495e-26)
(0.9997099733 -0.0007524019394 -7.785399166e-26)
(0.9997436426 -0.000663976298 0)
(0.9997734817 -0.0005860675955 6.391688325e-26)
(0.9997999196 -0.0005174260524 4.060281075e-26)
(0.9998233406 -0.0004569533993 4.961065379e-26)
(0.9998440881 -0.0004036850076 -4.427593402e-27)
(0.9998624686 -0.0003567735383 5.41541874e-28)
(0.9998787546 -0.0003154748738 7.289226322e-27)
(0.999893186 -0.0002791335902 -3.403171942e-27)
(0.9999059894 -0.0002471736353 0)
(0.999917355 -0.0002190994708 0)
(0.9999274448 -0.0001944593989 0)
(0.9999364187 -0.0001728664427 -8.204970184e-28)
(0.9999444141 -0.000153981835 1.511519981e-27)
(0.9999515533 -0.0001375084043 1.093882714e-26)
(0.999957942 -0.0001231886462 0)
(0.9999636909 -0.0001107920214 -7.560271109e-27)
(0.9999688374 -0.0001001535766 -4.266364819e-27)
(0.9999736544 -9.095354014e-05 1.310089159e-28)
(0.999977406 -8.385345015e-05 3.84859048e-27)
(0.9999830415 -7.43433217e-05 0)
(1.160300037 0.04630542884 2.704540791e-24)
(1.165243662 0.02824584299 0)
(1.166632738 0.009270311712 9.082100654e-22)
(1.164510487 -0.00975642487 -1.754678489e-21)
(1.159000841 -0.02783714122 9.730021655e-23)
(1.150374324 -0.04411742299 7.664683364e-23)
(1.139138361 -0.05788553508 4.680151509e-23)
(1.126030235 -0.06869963775 4.12393515e-23)
(1.111871074 -0.07641872179 6.187448004e-22)
(1.097441561 -0.08117878843 -2.876908652e-22)
(1.083391075 -0.08329187998 -2.58742331e-22)
(1.070195413 -0.08316662549 8.324550035e-23)
(1.058161841 -0.08124931674 1.671791262e-22)
(1.0474559 -0.07797704589 -5.751080827e-23)
(1.038116562 -0.07376477695 1.165237179e-22)
(1.030101674 -0.06895299351 9.653702885e-23)
(1.023351365 -0.06377591531 0)
(1.017738966 -0.05847705055 1.807467552e-22)
(1.013140626 -0.05321280694 2.456617662e-23)
(1.009442839 -0.0481207077 -1.200851854e-23)
(1.006513974 -0.04329223784 -1.280443707e-25)
(1.004223059 -0.03877649858 5.667205536e-26)
(1.002454793 -0.03460019104 -1.6915175e-24)
(1.001111978 -0.03077453438 1.679177381e-24)
(1.000113097 -0.02729669073 -2.677026195e-26)
(0.9993899538 -0.02415355328 8.79141044e-25)
(0.9988863789 -0.02132639542 -9.166622274e-25)
(0.9985567722 -0.01879450247 1.485649005e-24)
(0.9983638179 -0.0165371163 -6.872011298e-25)
(0.9982760672 -0.01453390132 -7.995505145e-25)
(0.9982663601 -0.01276453602 6.578314171e-27)
(0.9983113642 -0.01120816084 -7.855787068e-25)
(0.9983917995 -0.009843268631 7.786100573e-25)
(0.998492707 -0.008648227139 -6.915762366e-25)
(0.998603327 -0.007602198276 6.915861669e-25)
(0.9987165127 -0.006686026526 0)
(0.9988278572 -0.005882768739 -5.924949852e-27)
(0.9989348248 -0.005177797196 4.898883966e-25)
(0.9990359239 -0.00455877549 -4.902422347e-25)
(0.9991303461 -0.004014976938 -2.514435168e-26)
(0.9992179084 -0.003536841803 -4.789495728e-25)
(0.9992985374 -0.003116188785 -1.215659024e-25)
(0.9993722868 -0.002746019236 1.096698531e-25)
(0.9994393467 -0.002420226854 0)
(0.9995000162 -0.002133464227 1.46171266e-25)
(0.9995546769 -0.001881024867 -6.297616356e-27)
(0.9996037683 -0.001658753895 1.941587991e-26)
(0.9996477593 -0.001462987453 -2.031060929e-26)
(0.9996871191 -0.001290508065 2.031067528e-26)
(0.9997222945 -0.001138502341 -1.599637285e-26)
(0.9997536969 -0.001004514923 -4.521336025e-26)
(0.9997816994 -0.0008864003769 -2.673361529e-26)
(0.9998066411 -0.0007822781469 8.265208175e-26)
(0.9998288318 -0.000690494525 -4.211553401e-26)
(0.9998485562 -0.0006095925128 -1.876032861e-26)
(0.999866076 -0.0005382879929 -7.35333607e-26)
(0.9998816301 -0.0004754499398 0)
(0.999895435 -0.0004200830079 0)
(0.9999076859 -0.0003713116614 0)
(0.9999185579 -0.0003283661231 -2.286686273e-27)
(0.9999282075 -0.0002905688442 2.8845084e-28)
(0.9999367721 -0.0002573217195 -1.089983361e-26)
(0.9999443829 -0.0002281124379 3.246449402e-27)
(0.9999511524 -0.0002024735732 6.870306312e-27)
(0.9999571762 -0.0001800023578 -7.732922283e-27)
(0.9999625468 -0.0001603472872 6.641851358e-27)
(0.9999673457 -0.0001432001291 -5.08827639e-27)
(0.9999716428 -0.0001282934592 0)
(0.9999755116 -0.0001153877103 -3.304950662e-27)
(0.9999789766 -0.0001043115493 4.135346001e-27)
(0.9999822212 -9.473232783e-05 -1.736843807e-27)
(0.9999847488 -8.733921006e-05 -1.615774671e-27)
(0.9999885473 -7.743578704e-05 0)
(1.143817888 0.04028714429 1.791977422e-22)
(1.148080083 0.02534689379 0)
(1.149435813 0.009589273413 -1.919941388e-21)
(1.147913969 -0.006242163488 3.130584811e-21)
(1.143661492 -0.02140117808 7.196435794e-22)
(1.136869633 -0.03514997404 7.930636371e-22)
(1.127926576 -0.04695263665 -6.527922991e-22)
(1.117374951 -0.05645836103 0)
(1.105827772 -0.06353546246 0)
(1.093875963 -0.06825153727 -5.988215769e-23)
(1.082032956 -0.07080790945 5.465557944e-23)
(1.070698519 -0.0714835738 0)
(1.060152851 -0.0705967575 0)
(1.050570007 -0.06847381881 1.28625995e-22)
(1.042034065 -0.06542906718 -7.710532333e-23)
(1.034553009 -0.06174939413 -2.115486241e-23)
(1.028095822 -0.05766098488 -1.493987868e-22)
(1.022579374 -0.05336974046 -6.619713612e-23)
(1.017925809 -0.04901382689 2.085052403e-22)
(1.014053274 -0.04470074468 -4.741687525e-23)
(1.010881607 -0.04053244922 -1.004088841e-23)
(1.00831178 -0.03657690451 1.267629956e-23)
(1.006243039 -0.03286999073 2.53945385e-25)
(1.004590369 -0.02943199005 -9.739094512e-26)
(1.00328336 -0.02627027828 -4.001100075e-28)
(1.002262108 -0.0233831341 5.586643725e-26)
(1.001475247 -0.02076248585 4.237236606e-26)
(1.000879366 -0.0183962655 3.178737173e-26)
(1.000437982 -0.01627023571 -2.238325374e-26)
(1.000120089 -0.01436903762 2.87946852e-26)
(0.9998990117 -0.01267653878 -3.537352842e-26)
(0.9997519133 -0.01117585339 1.284869988e-25)
(0.9996597354 -0.009849462217 -2.86230662e-25)
(0.9996071748 -0.008679639628 -2.226474845e-26)
(0.9995824638 -0.00764910167 1.8356422e-25)
(0.9995769055 -0.006741638362 0)
(0.9995842558 -0.005942534462 5.924683775e-27)
(0.9996001031 -0.00523871688 0)
(0.999621301 -0.004618835069 4.82593726e-26)
(0.9996455462 -0.004072934298 -2.321404793e-25)
(0.9996713736 -0.003591961604 1.750962729e-25)
(0.9996976882 -0.003167963272 1.215639811e-25)
(0.9997236924 -0.00279415253 -1.096682782e-25)
(0.9997488137 -0.00246457903 0)
(0.9997726529 -0.002174021518 -6.230763298e-26)
(0.9997949537 -0.001917880016 -6.15715217e-27)
(0.9998155827 -0.001692084806 -8.939186775e-26)
(0.9998345076 -0.001493029807 0)
(0.9998517703 -0.001317525056 0)
(0.9998674569 -0.001162758625 2.191928128e-26)
(0.9998816713 -0.001026260383 -8.242339646e-28)
(0.9998945194 -0.000905864524 -6.807874139e-27)
(0.9999061023 -0.0007996716537 -5.391460826e-27)
(0.9999165168 -0.0007060130608 4.118428248e-26)
(0.9999258573 -0.000623419455 2.68952066e-26)
(0.9999342169 -0.0005505950332 2.000787233e-26)
(0.9999416865 -0.0004863963508 0)
(0.9999483531 -0.0004298147847 0)
(0.9999542982 -0.000379961425 -5.305928396e-27)
(0.9999595972 -0.0003360534863 0)
(0.9999643185 -0.0002974025055 9.944945901e-28)
(0.9999685233 -0.0002634022008 1.103139023e-26)
(0.9999722709 -0.0002335174055 -1.149305177e-28)
(0.9999756137 -0.0002072848298 -8.481500746e-27)
(0.9999785956 -0.0001842915495 6.531958558e-27)
(0.9999812598 -0.0001641775936 -8.092150832e-27)
(0.999983645 -0.0001466284238 5.088261706e-27)
(0.9999857844 -0.0001313709683 0)
(0.9999877135 -0.0001181604362 3.304941561e-27)
(0.9999894435 -0.000106821844 0)
(0.9999910655 -9.701495979e-05 1.750945996e-27)
(0.9999923298 -8.944571665e-05 -1.774236214e-29)
(0.9999942323 -7.93055175e-05 -1.352287654e-28)
(1.130015196 0.03516668757 -6.986900431e-23)
(1.133735607 0.02276408335 -8.966632402e-23)
(1.135083308 0.009631667287 -1.491628052e-22)
(1.134044458 -0.003622101065 6.169796656e-22)
(1.130735406 -0.01639223559 -1.393765782e-21)
(1.125363464 -0.02806209942 0)
(1.118208141 -0.03819865536 6.527032267e-22)
(1.109660797 -0.04652728414 2.70637633e-22)
(1.100182867 -0.05293513434 2.719956788e-22)
(1.090231719 -0.05744593801 -1.571298468e-22)
(1.08021357 -0.06019153634 4.063905436e-22)
(1.070461837 -0.06136439028 -1.893563861e-22)
(1.061225359 -0.06119207266 -9.318310978e-24)
(1.052673438 -0.05991749121 -1.572296033e-23)
(1.044906722 -0.05778193656 1.102429634e-22)
(1.037967052 -0.05501271394 -1.564203428e-22)
(1.031853261 -0.05180758514 1.146557257e-22)
(1.026525937 -0.04834190757 3.115968706e-23)
(1.021926291 -0.04475567236 -2.761421488e-22)
(1.017995446 -0.0411427607 0)
(1.01467751 -0.03757762058 -3.438622551e-23)
(1.011909072 -0.03414038116 -3.070670133e-23)
(1.009612556 -0.03087605811 -2.537786435e-25)
(1.007718527 -0.02781485899 7.134005648e-24)
(1.006165019 -0.02497034421 -7.273562774e-24)
(1.004898259 -0.02234714991 -5.586071699e-26)
(1.003871997 -0.01994468793 -4.170528455e-26)
(1.003046584 -0.01775798792 2.565901791e-24)
(1.002387939 -0.01577857138 -2.597982643e-24)
(1.001866521 -0.0139956509 8.40971553e-26)
(1.001456655 -0.01239702456 -6.875486077e-26)
(1.001136237 -0.01096948887 0)
(1.000886601 -0.009699085672 4.820142153e-27)
(1.000692367 -0.008571467172 0)
(1.000541175 -0.007572396751 -2.499714287e-25)
(1.000423322 -0.006688244455 2.616969671e-25)
(1.000331308 -0.00590634962 1.091619499e-26)
(1.000259364 -0.0052151985 1.105845045e-25)
(1.00020307 -0.004604537423 -1.243899063e-25)
(1.00015892 -0.0040653629 -1.03119583e-25)
(1.000124338 -0.003589310413 0)
(1.000097272 -0.003168815669 -7.373494831e-26)
(1.000076137 -0.002797428592 8.901009036e-27)
(1.000059665 -0.00246944749 -1.910959927e-27)
(1.000046834 -0.002179841946 -5.81137455e-26)
(1.000036824 -0.001924170523 -1.885789511e-26)
(1.000028986 -0.001698502389 5.650596944e-26)
(1.000022819 -0.001499349706 -2.891586845e-26)
(1.000017946 -0.001323613577 2.494407298e-26)
(1.00001409 -0.001168542824 -3.58449892e-26)
(1.000011044 -0.001031701807 6.457795817e-28)
(1.000008647 -0.0009109420835 -1.682672852e-26)
(1.000006769 -0.000804373955 1.404686217e-26)
(1.000005301 -0.000710336846 1.220643399e-26)
(1.000004154 -0.0006273699644 1.061459659e-26)
(1.000003257 -0.0005541855865 1.891466654e-28)
(1.000002553 -0.0004896465444 -3.353939753e-28)
(1.000002 -0.0004327480177 1.462472013e-28)
(1.000001565 -0.0003826026463 5.305904534e-27)
(1.000001222 -0.0003384277251 0)
(1.000000952 -0.0002995339108 0)
(1.000000739 -0.0002653140587 0)
(1.000000572 -0.0002352316614 -3.407672421e-27)
(1.000000441 -0.0002088213371 -2.925299924e-27)
(1.000000337 -0.0001856698703 7.804926239e-30)
(1.000000256 -0.0001654152268 1.998439655e-27)
(1.000000193 -0.0001477415343 -3.144778219e-30)
(1.000000143 -0.0001323744718 -1.442030715e-27)
(1.000000104 -0.0001190679217 -3.118202487e-30)
(1.000000073 -0.0001076460353 8.701495487e-28)
(1.000000047 -9.776638401e-05 -2.401320551e-31)
(1.000000029 -9.014054488e-05 -3.407357685e-28)
(1.000000007 -7.992365751e-05 -8.976798907e-30)
(1.118406939 0.0307484053 -2.838096161e-23)
(1.121692825 0.02041387523 -1.509077573e-22)
(1.123024342 0.009417308959 1.426673895e-22)
(1.122376868 -0.001720644215 0)
(1.119831401 -0.01247761508 -5.808948874e-22)
(1.115574943 -0.02239650571 5.81847171e-22)
(1.109814335 -0.031095545 0)
(1.102839618 -0.03836777373 -5.424541849e-22)
(1.095005017 -0.04411057948 0)
(1.086670309 -0.04832548191 0)
(1.078157738 -0.05109733401 0)
(1.069743465 -0.05255753083 1.039938922e-23)
(1.061644824 -0.05286832523 9.319228279e-24)
(1.054019883 -0.05220997195 0)
(1.046973588 -0.05076823603 0)
(1.040564671 -0.04872329423 4.577769435e-23)
(1.034814333 -0.04623946654 -4.282665362e-23)
(1.029714432 -0.04346198118 -3.126638895e-23)
(1.025232792 -0.04051795823 1.171765287e-22)
(1.021322918 -0.0375068198 0)
(1.01794974 -0.03448995818 -3.459330809e-23)
(1.01505518 -0.03153847784 9.678678119e-23)
(1.012587873 -0.02869147581 1.182869744e-23)
(1.010504651 -0.02598770843 -2.16685489e-23)
(1.008755281 -0.02345132044 9.732365527e-24)
(1.007289826 -0.02109186924 0)
(1.006065082 -0.01891274044 2.218488869e-25)
(1.005045072 -0.01691380702 4.941252593e-24)
(1.004199057 -0.01509130935 -4.88864715e-24)
(1.00349984 -0.01343856138 -8.409110024e-26)
(1.002923236 -0.01194691166 -4.374763023e-26)
(1.00244813 -0.01060639709 -1.126349163e-24)
(1.002056465 -0.009406137736 1.045149055e-24)
(1.001733048 -0.00833469608 0)
(1.001465275 -0.007380481381 0)
(1.001242842 -0.006532148138 -5.870480578e-25)
(1.001057416 -0.005778916431 5.630373744e-25)
(1.00090227 -0.005110773975 4.448872889e-25)
(1.000772033 -0.004518566863 -4.494070077e-25)
(1.000662274 -0.00399431697 1.031178424e-25)
(1.000569505 -0.003530458994 1.946663193e-25)
(1.000490828 -0.00311992327 1.688328165e-26)
(1.000423938 -0.002756696049 1.059694999e-25)
(1.00036693 -0.002435415387 -9.163987805e-26)
(1.00031822 -0.002151312459 1.250282073e-25)
(1.000276491 -0.001900155541 -1.341340616e-25)
(1.000240636 -0.001678192464 -3.358792041e-26)
(1.000209732 -0.001482091802 1.032078937e-25)
(1.000183016 -0.001308888514 -8.995509272e-26)
(1.00015986 -0.001155939708 4.002339985e-26)
(1.000139751 -0.001020891792 -1.846575632e-26)
(1.000122264 -0.0009016556407 5.990093198e-26)
(1.000107041 -0.0007963845132 2.428722514e-26)
(1.000093777 -0.0007034509853 -4.582247227e-26)
(1.000082208 -0.000621422251 -1.061453616e-26)
(1.000072105 -0.0005490355689 -4.127625815e-27)
(1.000063268 -0.000485176115 -2.212453423e-26)
(1.000055527 -0.0004288584426 -1.621656535e-26)
(1.000048738 -0.0003792113381 2.750583236e-27)
(1.000042774 -0.0003354651936 -2.750586853e-27)
(1.000037528 -0.0002969411807 0)
(1.000032911 -0.0002630404952 0)
(1.000028838 -0.0002332347684 3.40765867e-27)
(1.000025241 -0.0002070641726 2.257648956e-27)
(1.000022058 -0.0001841196656 1.235802739e-27)
(1.000019237 -0.0001640437966 -5.681631452e-28)
(1.000016728 -0.0001465243769 -1.978518322e-28)
(1.000014492 -0.0001312900432 -2.430284266e-27)
(1.000012486 -0.0001180973147 -1.598344607e-28)
(1.000010696 -0.0001067722715 1.671924184e-27)
(1.000009025 -9.69756716e-05 -1.741527906e-27)
(1.000007726 -8.941351244e-05 1.313783484e-27)
(1.00000578 -7.928108541e-05 1.403260239e-28)
(1.108616865 0.02688291812 6.043302928e-23)
(1.111561554 0.01825251963 -1.170640238e-22)
(1.112885233 0.009027787175 -6.015538295e-23)
(1.112552629 -0.0003399520622 -3.848364484e-22)
(1.110619003 -0.009429553035 5.184155333e-22)
(1.107228768 -0.01786808454 2.278157229e-22)
(1.102557648 -0.02533144695 0)
(1.096829274 -0.03165568729 2.264661368e-22)
(1.090312251 -0.03675333408 -1.696007497e-23)
(1.083289124 -0.04061840019 -1.856140749e-22)
(1.076019419 -0.0433030851 5.542419331e-24)
(1.068731632 -0.04489673711 1.435123471e-22)
(1.061613692 -0.04551484774 -1.801562461e-23)
(1.054809756 -0.0452908198 -2.548622448e-22)
(1.048423068 -0.0443671182 1.189758665e-22)
(1.042520235 -0.0428862575 -2.951313643e-24)
(1.037136474 -0.04098261524 3.838782163e-23)
(1.032281894 -0.03877721582 -3.838795649e-23)
(1.02794714 -0.03637643699 -1.443875218e-23)
(1.024105936 -0.03387186372 0)
(1.020729095 -0.03133009671 0)
(1.017771388 -0.02881454005 -7.835142792e-23)
(1.015196946 -0.02636234368 -1.339730567e-22)
(1.01297227 -0.0240004228 4.521269873e-23)
(1.011066334 -0.02175896587 1.257893397e-23)
(1.009439581 -0.01965679229 0)
(1.008051502 -0.01770092113 -7.718991263e-24)
(1.00686855 -0.01589403991 1.368945246e-23)
(1.005862859 -0.01423521609 -6.221304332e-24)
(1.005009852 -0.0127210444 0)
(1.004287292 -0.01134612155 2.656065369e-25)
(1.003675382 -0.01010339727 1.320082022e-25)
(1.003156882 -0.008984623532 1.542379014e-24)
(1.002716979 -0.007980813982 -1.461195025e-24)
(1.002343073 -0.007082640511 0)
(1.002024554 -0.006280764405 -8.629362074e-25)
(1.001752567 -0.005566113736 9.370872011e-25)
(1.001519743 -0.004930092476 -7.484453395e-26)
(1.001319988 -0.004364698184 -1.640353133e-26)
(1.001148243 -0.003862861671 0)
(1.001000214 -0.003417864819 -1.946635069e-25)
(1.000872362 -0.003023272088 0)
(1.000761734 -0.002673552697 8.823381255e-26)
(1.000665848 -0.002363754479 -2.108599688e-25)
(1.000582615 -0.002089433053 -7.712542627e-26)
(1.000510263 -0.001846618426 2.508057889e-25)
(1.000447281 -0.001631775848 1.347413241e-25)
(1.000392372 -0.001441760359 -2.890538762e-26)
(1.000344425 -0.001273770053 1.962418524e-26)
(1.000302492 -0.001125304099 0)
(1.00026577 -0.0009941290663 0)
(1.000233578 -0.0008782533774 4.023678948e-26)
(1.00020534 -0.0007759068146 -5.179729086e-26)
(1.000180557 -0.000685521582 3.361590775e-26)
(1.000158798 -0.0006057128755 0)
(1.000139684 -0.0005352588989 -5.000535278e-26)
(1.000122881 -0.0004730814629 2.36286006e-26)
(1.000108096 -0.0004182283345 3.297202305e-26)
(1.000095076 -0.0003698579154 -3.445434092e-26)
(1.000083599 -0.0003272262059 0)
(1.000073473 -0.0002896757418 -1.955867691e-26)
(1.000064532 -0.0002566228905 -2.082874735e-26)
(1.000056624 -0.0002275647889 -1.530382731e-27)
(1.000049622 -0.0002020459436 1.687182138e-26)
(1.000043416 -0.0001796690582 -1.331625469e-26)
(1.000037902 -0.0001600879157 9.418967802e-28)
(1.00003299 -0.0001429985017 -1.331679737e-27)
(1.000028605 -0.0001281366587 4.621970141e-27)
(1.000024666 -0.0001152654307 -5.520122949e-27)
(1.000021146 -0.0001042155503 -2.541150151e-27)
(1.000017857 -9.46562862e-05 1.77064703e-27)
(1.000015298 -8.727692528e-05 6.373903496e-28)
(1.00001146 -7.738860777e-05 0)
(1.10035386 0.02344588627 4.959860546e-23)
(1.103032743 0.01623602337 0)
(1.104349295 0.008494273502 1.135207486e-22)
(1.104267221 0.0006027330059 2.399334904e-22)
(1.102821297 -0.007078140725 3.469117426e-22)
(1.100117804 -0.01423340219 -1.403410342e-21)
(1.096311092 -0.02061289833 2.61145692e-23)
(1.091575537 -0.02607976271 0)
(1.086116761 -0.03056404326 0)
(1.080157556 -0.03405353516 -2.045472565e-22)
(1.073910971 -0.03657673174 3.387319332e-22)
(1.067566399 -0.03819484242 -1.646234975e-22)
(1.061285672 -0.03899026654 1.332889118e-22)
(1.055198549 -0.03906156603 7.710947772e-25)
(1.049403246 -0.03851759615 -2.230541038e-22)
(1.04396897 -0.03747052619 1.045891341e-22)
(1.038939135 -0.03602914399 0)
(1.034335384 -0.03429392692 0)
(1.030162187 -0.03235435804 0)
(1.026409986 -0.0302885566 -2.617466174e-23)
(1.023060554 -0.02816014527 2.616087297e-23)
(1.020085551 -0.02602530418 7.8736654e-23)
(1.017453096 -0.02392728896 2.094355641e-22)
(1.015136311 -0.02189039744 -5.717459764e-23)
(1.013112225 -0.019932224 0)
(1.011354863 -0.01807861431 -3.53391777e-23)
(1.009831253 -0.01634081993 5.344115944e-24)
(1.008512558 -0.01472568569 0)
(1.007372742 -0.01323407964 -2.936541645e-24)
(1.006388727 -0.01186429383 3.440500577e-24)
(1.005540057 -0.01061331897 2.274799943e-25)
(1.004808549 -0.009476638532 -1.320014512e-25)
(1.004178052 -0.00844830239 1.940369697e-24)
(1.00363432 -0.007521390071 -1.940447461e-24)
(1.003164943 -0.006688485366 -1.098046659e-25)
(1.002759241 -0.005942001254 -1.353654864e-24)
(1.0024081 -0.005274413186 2.479731445e-24)
(1.002103751 -0.004678449742 -1.060260974e-24)
(1.001839613 -0.004147223803 4.883743939e-26)
(1.001610104 -0.003674543974 0)
(1.001410412 -0.003254485207 1.634913916e-25)
(1.001236406 -0.002881342973 -1.634937666e-25)
(1.001084584 -0.002550084107 -1.256720316e-25)
(1.000951978 -0.002256212656 7.037542017e-25)
(1.000836048 -0.001995660461 -2.071224903e-25)
(1.000734617 -0.001764767749 -5.671086427e-26)
(1.000645804 -0.001560256224 -2.09489179e-25)
(1.000567979 -0.001379196704 7.474959505e-26)
(1.000499724 -0.001218974483 0)
(1.000439805 -0.001077255044 0)
(1.000387158 -0.0009519526407 -4.468209161e-26)
(1.000340864 -0.0008412035014 -2.581033153e-26)
(1.000300135 -0.000743343959 -8.454892875e-26)
(1.000264289 -0.0006568924818 7.437888929e-26)
(1.000232732 -0.0005805339243 0)
(1.000204944 -0.0005131044663 5.373861427e-26)
(1.000180464 -0.0004535764615 -1.172719934e-26)
(1.000158887 -0.0004010432296 9.023515885e-27)
(1.000139857 -0.0003547043928 -1.954208091e-26)
(1.00012306 -0.0003138530695 -3.397551255e-26)
(1.000108226 -0.0002778643447 2.159942922e-26)
(1.000095106 -0.0002461803108 1.878780677e-26)
(1.000083491 -0.0002183208384 2.23686328e-26)
(1.000073203 -0.0001938512009 -1.40271983e-26)
(1.000064075 -0.0001723924766 3.01564472e-26)
(1.000055958 -0.0001536131384 -1.651997689e-27)
(1.000048723 -0.0001372218639 0)
(1.00004226 -0.0001229658461 9.558349201e-27)
(1.000036452 -0.000110618322 5.520101781e-27)
(1.000031259 -0.0001000172893 -5.735825139e-27)
(1.000026405 -9.084569458e-05 0)
(1.000022626 -8.376523367e-05 6.117135251e-28)
(1.000016957 -7.427668038e-05 0)
(1.093386671 0.0203431148 7.979990411e-23)
(1.09586038 0.01433142172 2.249275435e-23)
(1.097174237 0.007849100835 -1.556210809e-22)
(1.097291778 0.001222122166 5.272741445e-23)
(1.096233448 -0.005240693132 0)
(1.094079328 -0.01127976629 -1.995721984e-22)
(1.090960089 -0.01671070131 8.210724619e-22)
(1.087014125 -0.02140630563 1.903389329e-22)
(1.082403712 -0.02531561093 0)
(1.077307948 -0.02842050622 -2.129612507e-22)
(1.071902666 -0.03073596019 3.675371302e-24)
(1.066345249 -0.03230346002 1.386790777e-22)
(1.060774699 -0.03318139665 0)
(1.055306948 -0.03344248624 1.506719581e-23)
(1.050033701 -0.0331697502 0)
(1.045023708 -0.0324511171 0)
(1.040324666 -0.03137399474 0)
(1.035965766 -0.03002096473 0)
(1.031960832 -0.02846705162 3.203206765e-23)
(1.028311293 -0.02677856052 -3.951982213e-24)
(1.025009347 -0.0250119188 -2.808232982e-23)
(1.022040043 -0.02321509194 4.289067274e-23)
(1.019381631 -0.02142960583 -1.185834065e-22)
(1.017009252 -0.01968632429 -3.618996221e-23)
(1.014907359 -0.01799838564 5.627403414e-23)
(1.013049161 -0.01638863853 -3.184345644e-23)
(1.011412062 -0.01486472521 5.335445977e-24)
(1.009978216 -0.01343731386 0)
(1.008725432 -0.01211221627 -5.036913228e-25)
(1.007630923 -0.01088949257 3.569870561e-24)
(1.006674742 -0.009767166042 -3.950650463e-24)
(1.005839952 -0.008742374143 0)
(1.005111672 -0.007811101534 0)
(1.004476469 -0.006968244506 -2.082689982e-24)
(1.003922306 -0.006208014684 2.192571065e-24)
(1.003438606 -0.005524307187 0)
(1.003016168 -0.004910946347 1.316366502e-24)
(1.002646998 -0.004361857752 -1.400283717e-24)
(1.002324181 -0.003871188125 -9.993043317e-25)
(1.002041763 -0.003433580042 6.050652771e-25)
(1.001794531 -0.003043924873 -1.288938723e-26)
(1.001577898 -0.002697204286 0)
(1.001387905 -0.002388911 3.769025398e-25)
(1.001221182 -0.002115031898 -2.680438728e-25)
(1.001074803 -0.001871910725 0)
(1.000946228 -0.001656234801 0)
(1.000833249 -0.001465016843 -2.265650187e-25)
(1.000733936 -0.001295573446 1.995628396e-25)
(1.000646597 -0.001145501856 -1.757875201e-25)
(1.000569749 -0.001012654879 -1.548447162e-25)
(1.000502094 -0.0008951144223 -1.363893316e-25)
(1.0004425 -0.0007911656591 0)
(1.000389984 -0.0006992742137 1.294542231e-25)
(1.00034369 -0.0006180678746 -1.192844354e-25)
(1.000302873 -0.000546322485 0)
(1.000266877 -0.0004829503253 1.527055687e-26)
(1.000235128 -0.0004269889098 -6.517382414e-26)
(1.000207114 -0.0003775888561 -1.341020981e-26)
(1.000182384 -0.0003340011077 3.883414626e-26)
(1.000160539 -0.0002955643576 3.320417776e-28)
(1.000141235 -0.0002616911295 -1.685784021e-26)
(1.000124157 -0.0002318760413 4.02684512e-26)
(1.000109028 -0.0002056508493 -2.236852104e-26)
(1.000095617 -0.0001826123662 2.533690394e-27)
(1.000083712 -0.0001624073761 -4.554511257e-28)
(1.000073123 -0.0001447236912 3.41550484e-28)
(1.000063681 -0.0001292872882 -1.286091138e-26)
(1.000055243 -0.0001158605914 -9.558309031e-27)
(1.000047659 -0.0001042304725 -9.540646793e-27)
(1.000040876 -9.424468447e-05 5.563535448e-27)
(1.000034533 -8.560480624e-05 1.722668523e-28)
(1.000029596 -7.893450681e-05 -2.243510534e-27)
(1.000022187 -6.99949252e-05 0)
(1.087537832 0.01749832017 6.083206262e-23)
(1.08985407 0.01251069793 -1.917130982e-22)
(1.091168862 0.007112037945 8.773367807e-23)
(1.091445469 0.001578833696 -4.536022475e-23)
(1.090696363 -0.003826167885 9.466194801e-23)
(1.08898232 -0.008896969495 1.996924931e-22)
(1.086405654 -0.01348466429 -5.739616552e-22)
(1.083087672 -0.01748043067 -1.903820977e-22)
(1.079159921 -0.02084472179 -1.708623967e-22)
(1.074765526 -0.02355997847 2.54306908e-22)
(1.070049406 -0.02563446564 9.990999568e-24)
(1.065144563 -0.02709514454 5.396529998e-23)
(1.060170849 -0.02798311655 -3.281811152e-23)
(1.055231605 -0.02835181622 -3.065057652e-23)
(1.050411671 -0.02826424701 2.741993712e-23)
(1.045777676 -0.02778888971 4.711627448e-23)
(1.041379092 -0.02699535616 -4.7117537e-23)
(1.037249801 -0.02595074654 -2.008444675e-23)
(1.033410195 -0.0247171652 -3.341691113e-23)
(1.029869469 -0.02335037011 4.702970741e-23)
(1.026627912 -0.02189896667 -4.383014018e-23)
(1.023679088 -0.02040437861 -2.309400475e-23)
(1.021011277 -0.0189017709 2.865959788e-23)
(1.018607431 -0.01742083264 3.641768733e-23)
(1.016451786 -0.0159801374 4.335065976e-24)
(1.014521295 -0.01460030782 6.0908934e-23)
(1.012799507 -0.01328860395 -2.406251904e-23)
(1.011271275 -0.01204862662 1.357134374e-23)
(1.009922405 -0.0108888002 1.063053867e-23)
(1.008734166 -0.009813795001 -1.439430668e-25)
(1.007686996 -0.008823157888 3.600229223e-24)
(1.006764168 -0.007914733679 -3.600431145e-24)
(1.005951649 -0.007085743083 0)
(1.005236918 -0.006332632865 0)
(1.004608514 -0.005651076841 -3.044426509e-25)
(1.004056087 -0.005036249924 1.887118744e-24)
(1.003570445 -0.004483135427 -1.09337367e-25)
(1.00314348 -0.003986721109 -3.120112651e-24)
(1.002768062 -0.00354210685 7.391831332e-25)
(1.002437979 -0.003144728025 1.04733734e-24)
(1.002147739 -0.002790259433 -7.95648585e-26)
(1.001892413 -0.002474357896 0)
(1.001667667 -0.002193055093 -3.768988917e-25)
(1.001469799 -0.001942830881 3.900711278e-25)
(1.001295561 -0.001720458563 3.438781225e-25)
(1.0011421 -0.001522995466 0)
(1.001006919 -0.001347771224 4.938453268e-25)
(1.000887824 -0.001192374144 -1.995613089e-25)
(1.000782884 -0.00105463657 -3.194829895e-26)
(1.000690397 -0.0009326179831 1.548436251e-25)
(1.00060886 -0.0008245847867 1.363884109e-25)
(1.000536954 -0.0007289877277 1.422237159e-25)
(1.00047352 -0.0006444397922 -1.252966991e-25)
(1.000417545 -0.0005696975131 -1.103462928e-25)
(1.00036814 -0.0005036468863 -2.111899597e-26)
(1.00032453 -0.0004452934044 1.0657444e-25)
(1.000286029 -0.0003937538125 7.962668302e-26)
(1.000252031 -0.0003482471325 -6.796666419e-26)
(1.000222002 -0.0003080849529 5.607948845e-26)
(1.000195468 -0.0002726580482 3.010709651e-26)
(1.000171999 -0.0002414325691 -4.422970694e-26)
(1.000151224 -0.0002139424286 -4.072536853e-26)
(1.000132826 -0.0001897586725 8.308837134e-27)
(1.000116511 -0.0001685107191 3.087533098e-27)
(1.000102021 -0.0001498743376 8.191728165e-28)
(1.000089128 -0.0001335621123 -2.088220696e-26)
(1.00007763 -0.0001193216738 1.284489419e-26)
(1.000067351 -0.0001069343028 1.537296694e-26)
(1.000058111 -9.620368265e-05 1.028063661e-26)
(1.000049845 -8.698961392e-05 2.09995098e-28)
(1.000042115 -7.901695088e-05 -2.099951185e-28)
(1.000036097 -7.286149333e-05 -3.47199396e-29)
(1.000027065 -6.461131437e-05 3.476223133e-29)
(1.082667207 0.01485156092 7.367889368e-23)
(1.084863503 0.01075234031 -7.36868777e-23)
(1.086181837 0.006299911151 0)
(1.086585041 0.001725319152 -2.060754867e-23)
(1.086079995 -0.002752506293 8.800002581e-23)
(1.084714325 -0.006964607627 -8.767864064e-23)
(1.082570136 -0.01078711673 1.813427666e-22)
(1.079753077 -0.01413963371 1.657850876e-22)
(1.076371647 -0.01698826268 0)
(1.072542591 -0.0193192041 -4.046962714e-23)
(1.068386025 -0.02113475294 9.125340479e-24)
(1.064016674 -0.02245090509 -1.699699289e-22)
(1.059538521 -0.02329670895 1.672555398e-22)
(1.055043837 -0.02371142262 8.466059717e-23)
(1.050610859 -0.02374261932 -1.68771131e-22)
(1.04630329 -0.02344322348 0)
(1.042170801 -0.02286810845 0)
(1.038249961 -0.02207111276 2.008260374e-23)
(1.034565609 -0.02110289579 0)
(1.031132508 -0.02000963642 1.687190342e-24)
(1.02795708 -0.01883229306 4.504072706e-23)
(1.025039065 -0.01760632207 0)
(1.022373087 -0.01636176464 -5.579363268e-24)
(1.019949333 -0.01512390439 0)
(1.017755656 -0.01391188226 8.015195698e-24)
(1.015775817 -0.01274329694 -7.815807671e-23)
(1.01399289 -0.01163066555 5.80489859e-23)
(1.0123938 -0.01057678331 0)
(1.010966237 -0.009582986227 0)
(1.009698393 -0.008655320738 5.689944442e-24)
(1.008574206 -0.007797202892 4.562394174e-24)
(1.007577239 -0.007007785484 -3.056539272e-24)
(1.006693464 -0.006284853617 -1.621963555e-26)
(1.005910841 -0.005625851288 3.130655594e-24)
(1.005218517 -0.005027667154 2.398457402e-24)
(1.004606522 -0.00448660301 -4.879861474e-24)
(1.004065783 -0.003998649893 3.920247392e-24)
(1.003588166 -0.003559728783 -1.892280573e-24)
(1.003166434 -0.003165805884 -1.031153721e-25)
(1.002794206 -0.002813061905 7.040768419e-26)
(1.002465807 -0.002497911936 -7.041277482e-26)
(1.002176052 -0.002216663496 -5.160288651e-27)
(1.001920296 -0.001965888561 0)
(1.00169457 -0.001742557892 -3.900678773e-25)
(1.001495356 -0.001543881116 -7.340428538e-25)
(1.001319542 -0.001367300226 0)
(1.001164381 -0.001210482002 -2.672801207e-25)
(1.001027454 -0.001071309055 0)
(1.00090662 -0.0009478701614 2.077330739e-25)
(1.000799988 -0.0008384490293 9.246919592e-26)
(1.000705883 -0.0007415102132 -9.246973349e-26)
(1.00062282 -0.0006556817282 -5.198502945e-26)
(1.000549488 -0.0005797361932 5.429274063e-26)
(1.000484733 -0.0005125733651 5.460985101e-26)
(1.00042754 -0.0004532055785 1.420168174e-25)
(1.000377019 -0.0004007474768 -1.584383512e-25)
(1.000332386 -0.000354408864 0)
(1.000292951 -0.0003134896581 1.412785162e-25)
(1.000258101 -0.0002773674517 -5.7852198e-26)
(1.000227291 -0.0002455002512 -4.508518682e-26)
(1.000200032 -0.0002174124684 3.147716905e-26)
(1.000175902 -0.0001926694193 -3.432401489e-26)
(1.000154525 -0.0001708982867 3.266154081e-26)
(1.000135562 -0.000151770414 2.871845992e-26)
(1.000118715 -0.000134992331 -2.158482201e-26)
(1.000103724 -0.0001203053711 2.039815536e-26)
(1.000090351 -0.0001074829495 -2.251411068e-26)
(1.000078395 -9.632838763e-05 -3.060198388e-26)
(1.000067644 -8.666506019e-05 0)
(1.000058027 -7.836692957e-05 1.028674028e-26)
(1.000049031 -7.118638834e-05 -6.456290914e-28)
(1.000042028 -6.564227902e-05 3.950148508e-27)
(1.000031515 -5.8211002e-05 1.707076513e-27)
(1.078663145 0.01235680728 0)
(1.080769091 0.009040222994 -7.303248707e-23)
(1.082092609 0.005426909963 -4.284927202e-24)
(1.082596208 0.001706719331 1.781683793e-22)
(1.082282955 -0.00194057328 -9.986784476e-23)
(1.081191695 -0.005375646201 -3.980469209e-23)
(1.079390289 -0.008501073744 0)
(1.076968788 -0.01126172431 -1.676229157e-22)
(1.074019697 -0.0136236412 1.969124432e-22)
(1.070640702 -0.01557867635 1.466098949e-22)
(1.066933748 -0.01712418776 -3.44194069e-23)
(1.062998606 -0.01826949881 -1.389601019e-22)
(1.058926223 -0.01903499795 0)
(1.054799397 -0.01944924035 2.954343046e-23)
(1.050690375 -0.01954786027 2.714560991e-23)
(1.046659764 -0.01937134524 0)
(1.042756611 -0.01896237314 -6.573906535e-23)
(1.039018893 -0.0183634447 4.035614118e-24)
(1.035474382 -0.01761511821 5.568435729e-23)
(1.032141794 -0.01675486127 -5.180645996e-23)
(1.029032096 -0.0158163635 0)
(1.026149797 -0.0148291879 0)
(1.023494195 -0.01381866293 -1.139908143e-23)
(1.021060361 -0.01280607586 1.139988847e-23)
(1.018840289 -0.01180847559 1.369936866e-23)
(1.016823454 -0.01083981947 -1.340395063e-23)
(1.014996437 -0.00991244464 -5.831244784e-23)
(1.013344664 -0.009034623735 0)
(1.01185765 -0.008206434222 0)
(1.010525 -0.007427763019 -1.007808393e-23)
(1.009335987 -0.006703006994 0)
(1.008276876 -0.006034170564 -4.243687386e-24)
(1.007333658 -0.005420037445 7.755045907e-24)
(1.006494166 -0.004858540195 -3.435292554e-24)
(1.005747903 -0.004347399079 7.09870082e-25)
(1.005085335 -0.003883938326 2.999513281e-25)
(1.004497604 -0.003465101445 0)
(1.003976612 -0.00308764052 -9.253594202e-25)
(1.003515063 -0.002748286447 1.028499775e-24)
(1.003106461 -0.002443901869 8.379254927e-25)
(1.002745021 -0.002171588998 -7.933330839e-26)
(1.002425369 -0.001928276464 -1.19248578e-24)
(1.002142616 -0.00171107492 4.975066161e-25)
(1.001892579 -0.001517441432 -9.848740258e-25)
(1.001671527 -0.001345024242 3.901646624e-25)
(1.001476133 -0.001191658499 -1.710988408e-25)
(1.001303448 -0.001055361417 1.711004404e-25)
(1.001150857 -0.0009343263249 1.332430066e-25)
(1.001016044 -0.0008269156169 -1.332440035e-25)
(1.000896955 -0.0007316527318 -1.036937646e-25)
(1.000791764 -0.0006472131154 1.036943822e-25)
(1.00069885 -0.0005724124616 -3.414560409e-25)
(1.000616774 -0.0005061926113 7.178949176e-26)
(1.00054426 -0.0004476067475 7.105074491e-26)
(1.000480182 -0.0003958051169 -1.659118986e-25)
(1.000423551 -0.0003500258081 1.768536517e-25)
(1.000373495 -0.0003095840347 7.077290709e-26)
(1.000329248 -0.0002738672735 -7.531041934e-26)
(1.000290128 -0.0002423387092 0)
(1.000255526 -0.0002145231891 4.350045161e-26)
(1.00022491 -0.0001899960546 8.285258676e-26)
(1.000197804 -0.0001683850858 -2.816185267e-26)
(1.000173784 -0.0001493678321 -6.957927131e-26)
(1.000152472 -0.0001326570665 -2.885797283e-26)
(1.000133536 -0.0001179972693 -5.976821516e-28)
(1.000116682 -0.0001051636339 -5.440717838e-28)
(1.000101646 -9.395872371e-05 1.703891133e-26)
(1.000088201 -8.421078695e-05 1.535269836e-26)
(1.00007611 -7.576556269e-05 9.690351096e-28)
(1.000065293 -6.851305353e-05 1.073625527e-27)
(1.000055174 -6.223698436e-05 1.763955839e-28)
(1.000047295 -5.739103756e-05 -3.964714204e-27)
(1.000035469 -5.089518628e-05 1.373060935e-28)
(1.075441005 0.009976349089 -6.243081657e-23)
(1.077479778 0.007361001305 5.450068884e-23)
(1.078809073 0.004504279829 0)
(1.079391217 0.00155801199 7.504127463e-23)
(1.079226558 -0.001334092045 -5.532790855e-23)
(1.078348331 -0.004060324929 7.759839485e-23)
(1.076813803 -0.006548636743 2.291254233e-22)
(1.074698716 -0.008757072453 -1.608671255e-22)
(1.072086389 -0.0106566193 -3.823219977e-23)
(1.069060698 -0.0122419659 1.411464103e-22)
(1.065709047 -0.01350921423 -1.236102045e-22)
(1.062118993 -0.01446407949 0)
(1.058371531 -0.01512052127 -6.105565037e-23)
(1.054541801 -0.0154988746 0)
(1.050696877 -0.01562533872 -1.046090078e-22)
(1.046894449 -0.01553027378 4.947693878e-23)
(1.043182572 -0.01524613134 2.061166847e-23)
(1.039599844 -0.01480562663 3.951985875e-23)
(1.03617591 -0.01424034745 -5.672466309e-23)
(1.032932252 -0.01357980487 3.58999063e-23)
(1.029883156 -0.01285083143 0)
(1.027036725 -0.01207723334 0)
(1.024395891 -0.01127962822 0)
(1.021959337 -0.01047546581 1.136532113e-23)
(1.019722398 -0.009679044371 0)
(1.017677948 -0.00890179378 1.347840922e-23)
(1.015816714 -0.008153049376 -1.507223758e-23)
(1.014126961 -0.007441263279 6.853052411e-23)
(1.012595856 -0.006771648486 -5.927041163e-24)
(1.011213907 -0.006143142662 -4.734788018e-23)
(1.009972175 -0.005553734792 0)
(1.008861487 -0.005006249034 -1.332760039e-25)
(1.007869489 -0.004502305679 0)
(1.006983669 -0.004040734939 4.457189865e-25)
(1.006193297 -0.003619566123 -7.651473892e-25)
(1.005489039 -0.00323679873 2.212340021e-24)
(1.004862343 -0.002890235403 -2.252531991e-24)
(1.004305262 -0.002577417777 -7.282925175e-25)
(1.003810492 -0.002295780277 1.002594403e-24)
(1.003371446 -0.002042812225 -7.865325899e-26)
(1.002982269 -0.001816246695 7.602734759e-25)
(1.002637455 -0.001613602291 6.247168121e-25)
(1.002331926 -0.001432524745 0)
(1.002061338 -0.001270950984 7.266183347e-25)
(1.001821792 -0.001126966185 -2.392634077e-25)
(1.001609794 -0.0009988015008 0)
(1.00142223 -0.0008848315864 3.620095079e-25)
(1.001256326 -0.000783571244 0)
(1.001109618 -0.0006936691408 0)
(1.000979915 -0.0006139016184 -1.357969698e-25)
(1.000865268 -0.0005431669183 -3.331022108e-25)
(1.000763942 -0.0004804778123 7.362882807e-26)
(1.000674392 -0.000424954302 1.605325941e-25)
(1.000595244 -0.000375811899 -7.769930547e-26)
(1.00052528 -0.0003323457963 0)
(1.000463425 -0.000293923523 0)
(1.000408734 -0.0002599805121 -9.501121964e-26)
(1.000360368 -0.0002300080439 2.047016457e-26)
(1.000317586 -0.000203553435 -2.047019536e-26)
(1.000279741 -0.0001802092205 0)
(1.000246251 -0.0001596192522 -5.601037151e-26)
(1.000216593 -0.0001414755369 7.881512893e-27)
(1.000190306 -0.0001255063253 3.040045858e-26)
(1.00016698 -0.000111470753 4.391883325e-26)
(1.000146253 -9.915613621e-05 2.561866238e-26)
(1.000127803 -8.837487584e-05 3.770187937e-27)
(1.00011134 -7.896152571e-05 -2.394694102e-26)
(1.000096617 -7.07719088e-05 0)
(1.000083376 -6.367648104e-05 0)
(1.000071529 -5.758287779e-05 -1.087138195e-26)
(1.000060446 -5.230945114e-05 0)
(1.000051817 -4.823752385e-05 -4.608521175e-27)
(1.000038862 -4.277896588e-05 -1.849443797e-27)
(1.072935161 0.00768120979 5.862067357e-23)
(1.074925161 0.005705636802 -5.068793222e-23)
(1.076259984 0.003543129419 6.800229699e-23)
(1.076901899 0.00130971636 -6.800196032e-23)
(1.076849167 -0.0008850429333 -7.296483678e-23)
(1.076131014 -0.002956351621 1.089553176e-22)
(1.074797956 -0.004850680684 -2.962879453e-22)
(1.072915823 -0.006536325121 -7.562289434e-23)
(1.070559185 -0.007992383062 1.628879127e-22)
(1.067802284 -0.009215030192 -1.367899876e-22)
(1.064722203 -0.01020054332 7.21374297e-23)
(1.061397209 -0.01095227654 1.309884309e-22)
(1.057900933 -0.01147948718 2.426025629e-24)
(1.054302531 -0.01179624009 1.134776394e-22)
(1.050664824 -0.01192117402 -1.662167591e-24)
(1.04704295 -0.01187626486 1.949945683e-25)
(1.043483885 -0.01168527857 -4.530099982e-23)
(1.040026379 -0.01137240827 4.167484952e-23)
(1.036701225 -0.01096122772 0)
(1.033531789 -0.01047395522 1.651383089e-23)
(1.03053472 -0.009930967288 -6.990950713e-25)
(1.027720758 -0.009350497593 8.11704553e-25)
(1.025095561 -0.008748475269 1.339713045e-24)
(1.022660526 -0.008138486161 1.176097155e-23)
(1.020413572 -0.007531803131 -1.128840017e-24)
(1.018349898 -0.006937518828 -1.893213169e-23)
(1.016462636 -0.00636280284 -5.634531124e-25)
(1.014743094 -0.0058134656 -7.851431301e-24)
(1.013180309 -0.005295223639 3.160023077e-23)
(1.011763259 -0.004811137512 -2.47951965e-23)
(1.010483596 -0.0043585697 1.961437738e-23)
(1.009332132 -0.003935028773 1.808330003e-23)
(1.008300262 -0.003542574633 0)
(1.007377252 -0.003182329701 -4.456880971e-25)
(1.006552057 -0.002853192661 3.950658412e-25)
(1.00581491 -0.002553550019 3.49976631e-25)
(1.005157283 -0.00228176572 1.606627034e-26)
(1.004571398 -0.002036075309 -2.742684475e-25)
(1.004050018 -0.001814604876 1.198396975e-24)
(1.003586522 -0.001615457514 -1.681928994e-25)
(1.003175021 -0.00143695503 -1.59545293e-24)
(1.002809921 -0.001277175938 0)
(1.002485997 -0.001134291426 0)
(1.002198783 -0.001006706764 0)
(1.001944255 -0.0008929381372 4.905436738e-25)
(1.001718791 -0.0007916111632 0)
(1.001519146 -0.0007014596967 -9.210680867e-25)
(1.001342425 -0.0006213284594 5.143664161e-25)
(1.001186043 -0.0005501613015 0)
(1.0010477 -0.0004869974745 -1.358190847e-25)
(1.000925346 -0.0004309696002 3.409504849e-25)
(1.000817156 -0.000381295329 9.960003205e-26)
(1.0007215 -0.0003372777658 -1.598191792e-25)
(1.00063693 -0.0002982991078 8.313787138e-26)
(1.00056216 -0.0002638114608 0)
(1.000496041 -0.0002333222351 0)
(1.000437559 -0.0002063875978 2.496151461e-26)
(1.000385828 -0.0001826083228 -2.496155798e-26)
(1.000340064 -0.0001616187277 0)
(1.000299571 -0.000143097049 -9.038260109e-26)
(1.000263726 -0.0001267619038 1.680759817e-26)
(1.000231978 -0.0001123653213 6.554081922e-26)
(1.000203836 -9.969002523e-05 -1.719331468e-27)
(1.000178863 -8.854626167e-05 -5.052036575e-26)
(1.00015667 -7.876708545e-05 -3.381304194e-26)
(1.000136912 -7.020477953e-05 0)
(1.000119281 -6.272861811e-05 2.113085818e-26)
(1.000103512 -5.622434258e-05 2.81595636e-27)
(1.00008933 -5.058906675e-05 -1.564024282e-26)
(1.000076639 -4.574934291e-05 -1.33761715e-26)
(1.000064767 -4.156091177e-05 0)
(1.000055522 -3.832660647e-05 4.60849939e-27)
(1.000041643 -3.399085072e-05 0)
(1.071095761 0.0054462609 5.141323595e-23)
(1.073051992 0.00406552962 0)
(1.074391532 0.002551728035 0)
(1.075076643 0.0009867022341 4.117958144e-24)
(1.075104173 -0.0005524497877 -8.555454793e-24)
(1.07450061 -0.002006232242 0)
(1.073312429 -0.00333708628 1.42358773e-22)
(1.071598316 -0.004523598704 -2.142315522e-22)
(1.069425424 -0.005551791008 -1.555266717e-22)
(1.066862101 -0.006418800417 1.376899655e-22)
(1.06397849 -0.007121567747 -6.536893924e-23)
(1.060846113 -0.007661973976 1.809197643e-24)
(1.057533253 -0.008045960978 -1.170902492e-22)
(1.054104648 -0.00828279019 1.926310692e-24)
(1.050619893 -0.008384931196 0)
(1.047132122 -0.008367258061 9.788306165e-23)
(1.043687361 -0.008245992522 2.175952968e-23)
(1.040324303 -0.00803776046 -2.165356374e-23)
(1.037074411 -0.007758863427 3.836522886e-23)
(1.033962276 -0.007424758854 0)
(1.031006157 -0.007049709045 -3.180069014e-23)
(1.028218629 -0.006646556056 -2.884451884e-23)
(1.025607289 -0.006226592129 -1.314363018e-23)
(1.023175477 -0.005799510401 0)
(1.020922983 -0.005373416801 -6.230365006e-25)
(1.018846724 -0.004954901175 -1.034902907e-24)
(1.016941369 -0.004549168936 7.476897641e-24)
(1.015199897 -0.004160192892 -4.232192807e-24)
(1.013613798 -0.003791232102 -6.714308479e-24)
(1.012172753 -0.003445758985 2.90899448e-23)
(1.010866514 -0.003126062007 -2.28507009e-23)
(1.009687134 -0.002828775579 -3.761581301e-23)
(1.008625823 -0.002550720327 0)
(1.007674362 -0.002293071187 0)
(1.006822848 -0.002057163341 1.179933676e-25)
(1.00606109 -0.001842256567 1.596787092e-24)
(1.005380395 -0.001647135124 -3.259431409e-25)
(1.004772949 -0.001470522358 -8.134132068e-25)
(1.004231569 -0.001311142169 5.918594212e-25)
(1.003749647 -0.001167684705 1.131693322e-25)
(1.003321303 -0.001039031151 -8.324151424e-25)
(1.002940885 -0.0009238035898 0)
(1.002603058 -0.000820697387 6.518162458e-25)
(1.002303265 -0.0007285814103 0)
(1.00203739 -0.0006464011991 -9.634119271e-25)
(1.001801719 -0.000573178883 2.639221197e-25)
(1.001592913 -0.000508001605 5.919678887e-25)
(1.001407979 -0.000450048578 -5.270566046e-25)
(1.00124425 -0.0003985659993 -1.906935483e-26)
(1.001099339 -0.0003528639151 -2.817612045e-25)
(1.000971122 -0.0003123152564 -1.150774412e-25)
(1.000857706 -0.00027635797 -9.898278527e-26)
(1.0007574 -0.0002444868046 2.875098083e-25)
(1.000668695 -0.0002162505727 0)
(1.000590251 -0.0001912559801 7.86957603e-26)
(1.000520878 -0.0001691542408 -1.208320753e-25)
(1.000459521 -0.0001496274314 1.468656162e-25)
(1.000405242 -0.0001323882062 1.259047927e-25)
(1.000357214 -0.0001171776462 0)
(1.000314706 -0.000103761803 7.357450324e-26)
(1.000277069 -9.193117698e-05 0)
(1.000243729 -8.150219634e-05 0)
(1.000214172 -7.231657665e-05 0)
(1.000187939 -6.423754474e-05 0)
(1.000164625 -5.71455085e-05 -4.243601919e-27)
(1.000143869 -5.093485554e-05 3.947460327e-26)
(1.000125346 -4.551182632e-05 -6.145006627e-28)
(1.000108779 -4.07939628e-05 -2.959251026e-27)
(1.000093877 -3.670664545e-05 3.373691576e-26)
(1.000080542 -3.319636523e-05 1.317078596e-26)
(1.000068067 -3.015855941e-05 -6.788938558e-28)
(1.000058352 -2.781225992e-05 5.614845025e-29)
(1.000043768 -2.466813679e-05 -5.62168757e-29)
(1.069888033 0.003254024668 -4.973929411e-23)
(1.071823167 0.002437078241 5.908123336e-23)
(1.07316631 0.001540406839 -5.907894331e-23)
(1.073879675 0.000612809481 -4.118135937e-24)
(1.07395917 -0.0002998444672 8.556053599e-24)
(1.073429547 -0.001162129288 0)
(1.072335191 -0.001951721403 8.665844556e-24)
(1.070730053 -0.002656106617 0)
(1.06867589 -0.003266518379 -6.855252968e-23)
(1.066237795 -0.00378236509 -1.331886591e-22)
(1.063481867 -0.004201568863 6.043254109e-25)
(1.060475106 -0.00452510584 1.890220976e-24)
(1.057282215 -0.004756462579 1.196654764e-22)
(1.053965017 -0.004901009019 8.289177456e-23)
(1.050580969 -0.004965948285 2.521659634e-23)
(1.047181843 -0.004959899877 -7.236892184e-23)
(1.04381298 -0.004892302129 2.35181349e-23)
(1.040512967 -0.004772861809 -4.177550975e-23)
(1.037313633 -0.004611126085 -3.836222877e-23)
(1.03424031 -0.00441617631 0)
(1.031312256 -0.004196419818 4.738627373e-23)
(1.028543215 -0.00395945465 -8.050879024e-25)
(1.025942029 -0.003711988883 1.31430573e-23)
(1.023513291 -0.003459804506 0)
(1.021258005 -0.003207757917 -1.225822978e-25)
(1.019174216 -0.002959813541 -9.728663879e-24)
(1.01725761 -0.002719110295 0)
(1.015502055 -0.002488045699 -1.678757181e-25)
(1.013900082 -0.002268385841 -1.379081694e-23)
(1.012443043 -0.002061700646 4.392470929e-25)
(1.01112099 -0.001870251784 0)
(1.009924252 -0.001695485844 3.708704419e-23)
(1.008845085 -0.001533697976 3.31929125e-23)
(1.007874755 -0.001380918564 0)
(1.007005048 -0.001240115146 -1.240208751e-23)
(1.006226211 -0.001111016474 -6.38311847e-24)
(1.005529936 -0.0009935748991 0)
(1.004908097 -0.000887255534 -1.138048099e-24)
(1.004353379 -0.00079129627 1.409439557e-24)
(1.003859152 -0.0007048875194 2.398306502e-25)
(1.00341955 -0.000627410691 8.32409381e-25)
(1.003028884 -0.0005579978853 0)
(1.002681745 -0.000495857285 -6.51811205e-25)
(1.002373517 -0.0004403134823 0)
(1.002100022 -0.0003907368567 -4.8746535e-25)
(1.001857499 -0.0003465411505 4.874702693e-25)
(1.001642544 -0.0003072016082 4.073844654e-25)
(1.001452096 -0.0002722117013 3.518106791e-25)
(1.001283429 -0.000241116508 3.179810719e-25)
(1.001134105 -0.0002135065491 2.743831641e-25)
(1.001001942 -0.0001890056311 2.422069848e-25)
(1.000884995 -0.000167275116 -3.209168321e-25)
(1.000781541 -0.0001480083755 -3.69448236e-25)
(1.000690042 -0.000130931854 -8.007442347e-26)
(1.000609125 -0.000115805993 -1.464556419e-25)
(1.000537568 -0.0001024222063 6.73923048e-26)
(1.000474282 -9.059594567e-05 -7.89468429e-26)
(1.000418299 -8.015895636e-05 2.945093641e-26)
(1.000368761 -7.095557638e-05 0)
(1.00032491 -6.28418494e-05 7.844594335e-26)
(1.000286076 -5.568804347e-05 0)
(1.000251666 -4.938079903e-05 1.382566143e-26)
(1.000221153 -4.38230079e-05 -1.382568575e-26)
(1.000194069 -3.893185916e-05 -5.495249318e-26)
(1.000169996 -3.463603501e-05 1.028317093e-26)
(1.000148564 -3.087299333e-05 -3.165703099e-26)
(1.000129439 -2.758699383e-05 -3.015213373e-26)
(1.000112333 -2.472849665e-05 3.056044538e-27)
(1.000096946 -2.22524059e-05 -1.721244098e-26)
(1.000083177 -2.012576294e-05 0)
(1.000070295 -1.828624545e-05 0)
(1.000060263 -1.686260705e-05 -5.798527313e-29)
(1.000045202 -1.496164575e-05 2.322429011e-27)
(1.069288615 0.001082801315 1.00488419e-22)
(1.071213352 0.000813212573 4.991137135e-24)
(1.072558446 0.0005166294613 -5.81707424e-23)
(1.073285969 0.0002093644493 6.53031788e-23)
(1.073391403 -9.325503635e-05 -6.530047634e-23)
(1.072898548 -0.0003793209676 0)
(1.071850684 -0.000641527832 -8.674017013e-24)
(1.070300219 -0.0008750251802 0)
(1.068305723 -0.001077060325 1.366027354e-22)
(1.065929744 -0.001247968538 0)
(1.063237046 -0.001386895051 0)
(1.060292324 -0.001494185345 0)
(1.057158513 -0.001571042474 -2.883592567e-23)
(1.053896053 -0.001619251336 5.611682365e-23)
(1.050561405 -0.001641176033 -8.01993988e-23)
(1.047205707 -0.001639641346 -2.384376839e-23)
(1.043873991 -0.001617744886 2.387304609e-23)
(1.040604808 -0.001578677073 0)
(1.037430185 -0.001525579618 0)
(1.034375822 -0.001461444376 0)
(1.031461484 -0.001389044925 -1.639552512e-23)
(1.028701492 -0.001310892236 0)
(1.026105307 -0.001229207876 0)
(1.023678139 -0.001145910758 0)
(1.021421578 -0.001062615433 1.104933273e-23)
(1.019334211 -0.000980641171 9.946755192e-24)
(1.017412213 -0.0009010322388 0)
(1.015649878 -0.0008245866469 0)
(1.014040103 -0.0007518891615 3.585878483e-24)
(1.012574805 -0.0006833513819 0)
(1.011245061 -0.0006195519355 0)
(1.010041034 -0.0005619618108 0)
(1.008953483 -0.0005108332804 -1.060337768e-22)
(1.007975284 -0.0004616038503 3.403751396e-23)
(1.007096371 -0.0004153494864 1.410341338e-23)
(1.00630883 -0.0003721775281 3.129765752e-24)
(1.005604505 -0.0003326432919 0)
(1.004975268 -0.0002968675626 -3.078815931e-25)
(1.004413804 -0.0002646360876 -1.036446831e-24)
(1.003913424 -0.0002356542088 -1.233134839e-25)
(1.003468217 -0.0002097157566 1.733269903e-24)
(1.003072486 -0.0001864990617 -8.138446578e-25)
(1.002720754 -0.0001657242944 0)
(1.00240837 -0.000147159481 0)
(1.002131127 -0.0001305899749 4.982716895e-25)
(1.001885208 -0.0001158149593 -7.183573063e-25)
(1.001667195 -0.0001026761964 -1.899377597e-25)
(1.001474023 -9.099174409e-05 0)
(1.001302919 -8.060558911e-05 -3.199418431e-25)
(1.001151409 -7.138333564e-05 -1.33975064e-25)
(1.001017287 -6.320114992e-05 1.571353103e-26)
(1.000898589 -5.594260062e-05 4.424732773e-25)
(1.000793569 -4.950321584e-05 8.972395714e-26)
(1.000700673 -4.379291679e-05 1.710108299e-25)
(1.000618518 -3.873288986e-05 7.1378932e-26)
(1.000545872 -3.42548946e-05 -7.13626164e-26)
(1.000481633 -3.029858793e-05 0)
(1.000424814 -2.680830385e-05 -1.02488389e-25)
(1.00037454 -2.373204637e-05 2.124686743e-26)
(1.000330033 -2.102140838e-05 -8.138729563e-26)
(1.000290608 -1.863228895e-05 -1.85796294e-26)
(1.000255665 -1.65258051e-05 0)
(1.000224671 -1.466876286e-05 1.218642765e-26)
(1.000197156 -1.303334304e-05 4.307904085e-26)
(1.000172699 -1.159607412e-05 -1.047164483e-26)
(1.000150926 -1.03365853e-05 0)
(1.000131497 -9.236668061e-06 2.714907581e-26)
(1.00011412 -8.279940107e-06 -2.512546847e-27)
(1.00009849 -7.451395424e-06 2.511951677e-27)
(1.000084503 -6.739734444e-06 0)
(1.000071418 -6.124697703e-06 0)
(1.000061224 -5.647118726e-06 0)
(1.000045925 -5.013104153e-06 -2.265557305e-27)
(-0.0644219597 0.02746966023 0.05852390983)
(-0.06073081833 0.1496237483 0.06170088819)
(-0.06441806615 0.02747394626 -0.05852397873)
(-0.06068848211 0.1496244353 -0.06170189916)
(-0.05348788352 0.1699037102 0.06306177216)
(0.01492577234 0.1438481555 0.06445820234)
(-0.05347210277 0.1698452062 -0.06306220001)
(0.01495688222 0.1438325742 -0.06445858169)
(-0.2735895533 0.02392838379 0.06350661357)
(-0.08727037712 0.1615349146 0.06228517962)
(-0.1766307475 0.1463858473 0.06638653265)
(-0.1185508536 0.02869507644 -0.05939657102)
(-0.2735975772 0.02394488189 -0.0635077623)
(-0.08720473593 0.1615418141 -0.06228494689)
(-0.1767391039 0.1464093634 -0.06639222903)
(-0.03624069036 0.08847803254 -1.141997622e-05)
(-0.03374335956 0.08218257655 0.06360907208)
(-0.03392997862 0.08214073554 7.608608937e-05)
(-0.03647165874 0.08863655337 0.06440319604)
(0.05977038967 0.1159769812 0.06418335328)
(0.4063726023 0.04027912527 0.06253590433)
(0.0596922848 0.1160377842 -0.06418385739)
(0.4063805144 0.04026132417 -0.0625371188)
(-0.01978354408 0.0584836264 -1.377148867e-05)
(-0.06456562093 0.02743567275 -4.906345095e-07)
(-0.01524618827 0.02076444491 0.05688026166)
(-0.06558800945 0.07791916183 0.05921577057)
(-0.0156943335 0.02071468752 -1.793667223e-05)
(-0.06572137298 0.07790505976 -5.689030127e-06)
(-0.01935476187 0.05844415998 0.05813134761)
(-0.02227291902 0.06512400255 0.05394787805)
(-0.02285343852 0.06510338084 -0.0001489498623)
(-0.03032631302 0.08634878653 5.660391052e-05)
(-0.0607559128 0.1495431221 5.861589407e-06)
(-0.0665259302 0.1186837517 0.06059184481)
(-0.03588468434 0.1123037485 0.06150351828)
(-0.06673758227 0.1186328547 1.713766803e-05)
(-0.03566302303 0.1121346448 -1.764365709e-05)
(-0.03003732383 0.08651434178 0.06056899943)
(-0.01978327737 0.05848515315 1.400524741e-05)
(-0.06456383297 0.02743755168 -8.744292102e-08)
(-0.01524765415 0.02076748005 -0.05688055875)
(-0.06558326181 0.07792654197 -0.05921637013)
(-0.01569430501 0.02071584517 1.773552252e-05)
(-0.06571867906 0.07790806365 5.404360578e-06)
(-0.01935589573 0.05844802495 -0.05813165107)
(-0.02227076771 0.06511741871 -0.05394714329)
(-0.02285198463 0.06510033058 0.0001495950188)
(-0.03032532429 0.08634997273 -5.636420746e-05)
(-0.06074323578 0.1495430445 -3.213058839e-06)
(-0.06650981014 0.1187056108 -0.06059355214)
(-0.0358736451 0.1123059831 -0.06150520339)
(-0.06673141125 0.1186394098 -1.764611857e-05)
(-0.03565912697 0.1121344048 1.749647845e-05)
(-0.03003643419 0.08651715356 -0.06056923215)
(-0.03681444954 0.09440918686 6.385075295e-05)
(-0.03673060052 0.09443927247 0.06545033972)
(-0.03624539197 0.08847574251 1.022216348e-05)
(-0.03373580251 0.08217065178 -0.06361004135)
(-0.03392780804 0.08213648416 -7.730679019e-05)
(-0.03648493275 0.08863030137 -0.06440196836)
(-0.03681944338 0.09440830424 -6.523247274e-05)
(-0.03674562312 0.09443600747 -0.06544885024)
(-0.118782208 0.02866918785 -1.223331993e-05)
(-0.114079995 0.08233853598 0.05992359353)
(-0.1142732553 0.08231967827 -1.302191959e-05)
(-0.1642304308 0.08034995214 -2.990218251e-05)
(-0.1733059607 0.02773474379 0.06048840927)
(-0.1736429935 0.02772473322 -3.096188895e-05)
(-0.1639189263 0.08036204661 0.0609532073)
(-0.3977444041 0.01098104386 0.07060258497)
(-0.2059456509 0.1350653688 0.06827067269)
(-0.2787375295 0.08408427951 0.072417331)
(-0.3172981726 0.02143402984 -0.06526321593)
(-0.3977493842 0.01099600474 -0.07060507512)
(-0.2059759695 0.1350793377 -0.06827642731)
(-0.2787394976 0.08406944128 -0.07241245706)
(-0.1140506743 0.1707962812 0.06794720213)
(0.03963411262 0.1618475464 0.06478071916)
(0.101257596 0.1699989479 0.0691209469)
(-0.06465917479 0.1830109442 -0.06357051439)
(-0.1141948924 0.1707350477 -0.06794846968)
(0.03967440952 0.161836206 -0.06477443547)
(0.1012620103 0.1700141878 -0.06912390213)
(-0.1556414727 0.09938027828 0.07913600411)
(0.1127315058 0.1613510454 0.0709260858)
(0.08057782248 0.1311738613 0.0429069688)
(-0.1309820548 0.1585337184 -0.07010122631)
(-0.1556300954 0.09936235058 -0.07914050739)
(0.1127246445 0.1613748925 -0.07092924153)
(0.08060766244 0.1311526103 -0.04290542907)
(0.178526081 0.1491147863 0.0688046609)
(0.4202871018 0.04819707441 0.06268652542)
(0.4809849742 0.06058200986 0.06423347009)
(0.09064567193 0.1330801564 -0.06448935214)
(0.1785524464 0.1491503001 -0.06880435377)
(0.4203206679 0.04815642221 -0.06268655788)
(0.4809689001 0.06060102216 -0.06422964094)
(0.612067833 0.03456404783 0.06168550289)
(1.174447452 0.06890996075 0.05679615676)
(0.6120436093 0.03459209326 -0.06168577253)
(1.174480698 0.06889873931 -0.05679589837)
(0.653801213 0.03401817906 0.06845020165)
(1.159006406 0.05721400741 0.05673311911)
(1.075545807 0.02798519045 0.03459936774)
(0.6143143595 0.03744308067 -0.06210820848)
(0.653802399 0.03401622066 -0.06845254726)
(1.158999818 0.05721170637 -0.05673591473)
(1.075539505 0.02799101826 -0.03459898441)
(-0.0386360066 0.1405794498 8.198386447e-06)
(-0.05366825925 0.1697926057 2.040286349e-05)
(-0.04395384016 0.1379134826 0.06357554108)
(-0.0369860074 0.1730862079 0.06379927733)
(-0.0440889668 0.1378635778 6.936973903e-05)
(-0.0370712185 0.1729716272 -8.042084413e-06)
(-0.03862233157 0.1407598692 0.06392773802)
(-0.02907950025 0.1341185963 1.561789705e-05)
(0.01492363421 0.1437860576 -1.641971027e-05)
(-0.01512842905 0.1639297678 0.06431223968)
(-0.007570152339 0.1173787767 0.0646654826)
(-0.0152026276 0.1638604217 4.926174304e-06)
(-0.007625930634 0.1173535869 -1.290568056e-05)
(-0.02894982572 0.1342311741 0.06445596097)
(-0.03864547815 0.1405703068 -1.051195735e-05)
(-0.05366108341 0.1697727254 -2.143713447e-05)
(-0.04395124688 0.1378931077 -0.06357382069)
(-0.03703317144 0.173057297 -0.06379776162)
(-0.04408729052 0.1378554025 -6.794557835e-05)
(-0.03708326989 0.1729597891 1.813196021e-06)
(-0.03865217594 0.1407319515 -0.06392520848)
(-0.02908449749 0.1341116667 -1.793020831e-05)
(0.01493145434 0.1437833782 7.126422312e-06)
(-0.01514650859 0.1639137823 -0.06430722169)
(-0.007608016859 0.1174218408 -0.06466700774)
(-0.01520774122 0.1638560643 -5.222472504e-06)
(-0.007637501439 0.1173661738 5.028013116e-06)
(-0.02896210457 0.1342042456 -0.06445356946)
(-0.2124573818 0.07594563983 -5.472554974e-05)
(-0.2253297429 0.02603061671 0.06188564866)
(-0.2568808515 0.07024129648 0.06395918592)
(-0.2749493962 0.02395810059 -0.0001207850466)
(-0.2259531459 0.02603321374 -5.894739571e-05)
(-0.258131338 0.07032830169 -0.0001103642552)
(-0.2118836815 0.07593736706 0.0623337413)
(-0.08745047961 0.1614814824 1.242596824e-06)
(-0.1044791936 0.1272443507 0.06103039643)
(-0.1046857511 0.1272105672 -1.140062271e-06)
(-0.1454778324 0.1255722459 -1.965044438e-05)
(-0.1166327612 0.1612940772 0.06328722636)
(-0.1169352916 0.1612747256 -2.357126506e-05)
(-0.1451799353 0.12562184 0.06197742191)
(-0.185969534 0.1196706799 -4.451197614e-05)
(-0.2241059072 0.1114583626 0.06501697666)
(-0.1466925975 0.1554041965 0.06469608728)
(-0.1775186074 0.1464852647 -9.262406263e-05)
(-0.2251664649 0.1114828664 -8.688570832e-05)
(-0.1471650904 0.1554132733 -5.075946574e-05)
(-0.1854653825 0.1197165329 0.06334191217)
(-0.1187786425 0.02867227199 1.239284436e-05)
(-0.1140638765 0.08235559861 -0.05992501332)
(-0.1142673916 0.08232578212 1.299866322e-05)
(-0.1642261792 0.08036147006 3.114917629e-05)
(-0.1733014656 0.02774794705 -0.06048921341)
(-0.1736413944 0.02773008036 3.181129024e-05)
(-0.1639056458 0.08039631644 -0.06095545561)
(-0.2124595548 0.07595897729 5.71456173e-05)
(-0.274952328 0.02396370257 0.0001205684496)
(-0.2253388197 0.02604773568 -0.06188679274)
(-0.256889472 0.07027121917 -0.06396181139)
(-0.22595587 0.02603973025 6.023438324e-05)
(-0.258135565 0.07033786729 0.0001118314482)
(-0.2118883578 0.07597607352 -0.06233618092)
(-0.0874301257 0.161484323 5.088004802e-06)
(-0.1044416108 0.1272901187 -0.06103335785)
(-0.1046737668 0.1272236869 1.85134729e-06)
(-0.1454677035 0.1255916249 2.417056775e-05)
(-0.1165869157 0.1613329878 -0.06328667923)
(-0.116921815 0.1612852766 3.421329153e-05)
(-0.1451505671 0.1256900231 -0.06198030386)
(-0.1859756378 0.1196894474 5.019795509e-05)
(-0.1775490272 0.1464898812 9.355566457e-05)
(-0.2241470281 0.1114640732 -0.06501835633)
(-0.1467802984 0.1555055577 -0.06469441529)
(-0.225180792 0.1114848801 9.24918823e-05)
(-0.1471918071 0.1554349224 6.510813012e-05)
(-0.1854819721 0.1197871459 -0.06334698814)
(0.05963323928 0.1160355613 -1.450501795e-05)
(0.03114887154 0.09409678688 0.06447809203)
(0.03108024682 0.09414369573 1.641285855e-05)
(0.102297208 0.06776269932 -2.981766277e-06)
(0.1308811623 0.08501483688 0.06362712765)
(0.1308067904 0.08508505144 -2.083269211e-06)
(0.1022618477 0.06776956841 0.06400649652)
(0.2223418133 0.04488758989 -3.553495137e-08)
(0.2434192583 0.05802190705 0.06311600613)
(0.397443619 0.03189262477 0.06267021214)
(0.4063019555 0.0403037482 -1.846780632e-05)
(0.2434014186 0.05802632768 -4.63307574e-06)
(0.3974418825 0.03195669589 -3.21649267e-06)
(0.222314934 0.04484524129 0.06349668618)
(0.0596114953 0.1160526779 7.73530998e-06)
(0.03109201197 0.09415434099 -0.06447377957)
(0.03106355682 0.09416073658 -7.792669619e-06)
(0.1023022386 0.06776104103 4.754205512e-06)
(0.1308515066 0.08506976382 -0.06362454995)
(0.1307972328 0.08510247505 6.78234506e-06)
(0.1022798125 0.0677563755 -0.06400779599)
(0.222343335 0.04488820353 9.030792387e-07)
(0.4063057709 0.0402993772 1.309825694e-05)
(0.2434414485 0.05799608613 -0.06311706929)
(0.3974372409 0.03190981796 -0.06267189254)
(0.2434072531 0.05802002571 7.731670341e-06)
(0.3974418486 0.03196177932 4.337502182e-06)
(0.2223182116 0.04484354798 -0.06349759531)
(-0.2982218539 0.06342379048 0.06574150342)
(-0.3202928354 0.02151022632 -0.000274876624)
(-0.3009993723 0.06369755309 -0.0002502191047)
(-0.3402189235 0.0557719367 -0.0006802610213)
(-0.35560347 0.01837783438 0.06696044306)
(-0.3609560414 0.0185805899 -0.0007339955079)
(-0.3352274772 0.05506117128 0.0674357496)
(-0.4609560742 -0.005852624634 0.0416193573)
(-0.3535270437 0.05069256942 0.04144651857)
(-0.3742208412 0.01625215048 0.04064275545)
(-0.4388800595 0.005703329789 -0.04068430387)
(-0.4609579003 -0.005852055833 -0.04161918126)
(-0.3535305136 0.05069358208 -0.04144656974)
(-0.374222783 0.01625373912 -0.04064258707)
(-0.06488330368 0.1830332643 9.223499456e-06)
(-0.03504771361 0.1891492099 0.06440413282)
(-0.03510259895 0.1890617209 -4.607079822e-06)
(-0.07952613123 0.1847181126 0.06460546855)
(-0.07974292632 0.18471767 2.771319083e-06)
(-0.0359262634 0.193713177 1.016344406e-05)
(-0.03576008865 0.1937724038 0.06556722795)
(-0.1320833422 0.1588408083 -8.878217117e-05)
(-0.05801016156 0.1518923746 -0.0001748225253)
(-0.1456922805 0.142665075 0.07246561971)
(-0.04948481928 0.1699109655 0.07136239125)
(-0.1477019001 0.1437188587 -0.0002271341389)
(-0.05026461713 0.1699188351 -0.0001148703766)
(-0.0567017822 0.1514033639 0.0736471561)
(-0.1148128265 0.008064379021 0.04725904791)
(0.07528013242 0.0579399336 0.0438218025)
(0.08912806128 -0.01830207984 0.0426422172)
(-0.1117426019 0.05674141756 -0.04516852738)
(-0.114809504 0.008070692758 -0.04725979093)
(0.07527797289 0.05794285788 -0.04381646293)
(0.08911655997 -0.01830149523 -0.04264012403)
(0.09056781608 0.1330476913 -3.074224523e-05)
(0.162848419 0.09982534966 0.06390584382)
(0.1626975477 0.09992897555 -2.413601681e-05)
(0.1950858738 0.111417862 -3.471361495e-05)
(0.1213742739 0.1444331493 0.06548445702)
(0.1212785538 0.1443745063 -1.291773473e-05)
(0.1952995492 0.1114097898 0.06491329548)
(0.3081661155 0.09074285849 0.04482147493)
(0.45149792 0.06750405011 0.03872639501)
(0.5135306171 0.04197859237 0.03972102732)
(0.2055707519 0.1436232577 -0.07122662122)
(0.3081320816 0.09072666418 -0.0448266494)
(0.4514764579 0.06750435057 -0.038728276)
(0.5135091259 0.04197975986 -0.03972527538)
(0.614193001 0.03735142326 -2.149139184e-05)
(0.8177404561 0.03849122008 -0.000103353246)
(0.6222031872 0.03924488239 0.06286950797)
(0.8233015633 0.03895328259 0.06071958723)
(0.6217674924 0.03917150306 -2.604180939e-05)
(0.8231082094 0.03862915431 -7.709525172e-05)
(0.8181148462 0.03854814625 0.06110498524)
(0.7849309743 -0.01225853588 0.04166018043)
(1.064207925 0.002659674098 0.03502579808)
(1.084394952 -0.0338367564 0.03482378382)
(0.7681263833 0.01186183544 -0.03876270236)
(0.7848833371 -0.01226827685 -0.0416603642)
(1.064175475 0.002652258546 -0.03502622821)
(1.084357438 -0.03383656046 -0.03482709295)
(1.305481064 0.08965757785 0.03132529209)
(1.343442434 0.0927407881 0.02880913097)
(1.30546789 0.0896316959 -0.03132691866)
(1.343421875 0.09273139859 -0.02881236871)
(1.281265698 0.04273756546 0.03278608596)
(1.341804077 0.06707932179 0.02886853978)
(1.347849797 0.04018098763 0.02953207488)
(1.296887842 0.06795740632 -0.03158167944)
(1.281275907 0.04272484143 -0.03278381328)
(1.341827071 0.0670642288 -0.02886806467)
(1.347833583 0.04015824377 -0.02953478185)
(-0.3760487394 0.04628286923 -0.001330512395)
(-0.3854958101 0.01490682176 0.06845464418)
(-0.3804488381 0.03204223912 0.07110165002)
(-0.4385553385 0.01151948115 -0.0004652739237)
(-0.3970119828 0.01524880307 -0.00140978896)
(-0.4200157744 0.03304128227 -0.0004057486663)
(-0.3653414784 0.0451214479 0.06898242254)
(-0.2604378412 0.1012119901 0.06691210839)
(-0.2078008157 0.1354658267 -0.0001896548882)
(-0.2627422159 0.1014700493 -0.0002028641055)
(-0.2974711707 0.08960657323 -0.0005457249818)
(-0.2348305916 0.121322898 0.07012877753)
(-0.2381617358 0.1225049033 -0.00045845393)
(-0.2935027784 0.08870781076 0.06874903979)
(-0.3295489888 0.07627499287 -0.001056663043)
(-0.3384751843 0.06127267517 0.07368028043)
(-0.2617978496 0.1044793927 0.07143462019)
(-0.3045876592 0.08748557112 -0.0004957921788)
(-0.3685327762 0.0646677794 -0.0002361415149)
(-0.2682269728 0.1067276325 -0.0009428842023)
(-0.3217833314 0.07439806168 0.07060918946)
(-0.3202927559 0.02151424815 0.0002739437732)
(-0.2982228063 0.06342860297 -0.0657417276)
(-0.3010013876 0.06369883118 0.0002515994687)
(-0.3402178817 0.05576986013 0.0006831991391)
(-0.3556000144 0.01838800215 -0.06696079383)
(-0.3609553976 0.01858376621 0.0007344581712)
(-0.3352263135 0.05505190818 -0.0674349323)
(-0.3760488338 0.04628230457 0.001331678034)
(-0.4385585154 0.0115240164 0.0004647679025)
(-0.3855026864 0.01491499924 -0.06845485992)
(-0.3804548053 0.03204414513 -0.0710992651)
(-0.397014173 0.01525161185 0.001410160432)
(-0.4200178155 0.03304172744 0.0004093442566)
(-0.3653404252 0.04512018926 -0.06898366551)
(-0.2078118096 0.1354686323 0.0001853940122)
(-0.2604686985 0.1011828352 -0.06691225151)
(-0.262751861 0.1014628832 0.0002042346465)
(-0.2974728837 0.08959786168 0.000543956858)
(-0.234805132 0.1213153424 -0.07012885311)
(-0.2381581642 0.1225003623 0.000453817733)
(-0.2935059435 0.08867816595 -0.06875011894)
(-0.3295477644 0.07627418458 0.001056291983)
(-0.3045859714 0.08748166794 0.0004994591007)
(-0.3384754847 0.06127217903 -0.07368296759)
(-0.2617658551 0.1044590509 -0.07143055125)
(-0.368533661 0.06466735286 0.0002352277003)
(-0.2682165224 0.1067216699 0.0009452453354)
(-0.3217772268 0.07439838756 -0.07060880823)
(-0.09639805627 0.1797773797 0.06610182074)
(-0.1146588491 0.170883324 -3.777985199e-05)
(-0.09676492278 0.1798052909 -1.697491159e-05)
(-0.0392234314 0.1907697109 -1.13326672e-05)
(-0.04373133973 0.1826988188 0.06918931648)
(-0.04430336492 0.1827028542 -4.559157098e-05)
(-0.0388673597 0.1908038641 0.06721958794)
(0.03959192513 0.1617682436 -1.193898473e-06)
(-0.0002912861286 0.1813835518 0.06490251618)
(-0.0003798529137 0.1813574346 2.79368454e-06)
(0.01231042646 0.1886843242 2.224342082e-06)
(0.06333397881 0.171514948 0.06576778998)
(0.063135849 0.1714788104 -6.250550574e-06)
(0.0124642087 0.1887432719 0.06606308313)
(0.02262175941 0.1879049424 -4.778778836e-06)
(0.03105313299 0.1809566465 0.06982074621)
(0.08434559022 0.173703558 0.06724350104)
(0.1005117595 0.1699227068 -8.375347952e-05)
(0.03053644207 0.1808287459 -1.443042759e-05)
(0.08395554125 0.1736742318 -3.15641024e-05)
(0.02287196697 0.1879812826 0.06771767883)
(-0.06485782321 0.1829983159 -8.99803696e-06)
(-0.03514929155 0.1890864753 -0.06440004088)
(-0.03512559537 0.1890410246 -5.293169583e-06)
(-0.079407733 0.1844850418 -0.06459696372)
(-0.0797150354 0.1846523378 8.261542006e-06)
(-0.03593733622 0.1936735856 -4.438420743e-05)
(-0.0357951541 0.193622286 -0.06558767468)
(-0.114698607 0.1708598949 4.786161923e-05)
(-0.0964946021 0.1795755894 -0.06606862463)
(-0.09679901439 0.1797437843 4.907564468e-05)
(-0.03921035338 0.1907135123 -1.488612901e-05)
(-0.04367760014 0.1826436829 -0.06918656001)
(-0.044289103 0.1826846445 3.69487576e-05)
(-0.03879138761 0.1905948232 -0.06722213678)
(0.03960350564 0.1617655301 4.544493317e-06)
(-0.0003322549834 0.1814303843 -0.06490394363)
(-0.0003887892911 0.1813687158 -5.237899246e-06)
(0.01231423186 0.1887171692 -5.509982771e-06)
(0.06333888341 0.1715615703 -0.06576671135)
(0.06313942103 0.1714912754 8.861382865e-06)
(0.01246992821 0.1888748731 -0.06606404716)
(0.02264750142 0.1879240158 2.77106147e-06)
(0.1005150034 0.1699287192 8.019526866e-05)
(0.0311142338 0.1809755052 -0.06981681845)
(0.0843528437 0.1737562556 -0.06724436653)
(0.03055511339 0.180836078 2.109953031e-05)
(0.083960375 0.1736900048 3.192994419e-05)
(0.02296040011 0.1880497947 -0.06771719829)
(-0.06607943837 0.1232438377 -0.0003323201664)
(-0.1550583551 0.1225449995 0.07495969443)
(-0.06542431634 0.09578758413 0.07811297252)
(-0.1647726522 0.1017995794 -0.0001658826138)
(-0.1574798302 0.1245366935 -0.0005027420923)
(-0.07128033282 0.09382797805 -0.0002384852166)
(-0.06478899397 0.1253423534 0.07585479957)
(0.03936108251 0.150433916 4.353549056e-05)
(0.03826140999 0.1679201145 0.07223314761)
(0.1226311608 0.1496396791 0.07243485978)
(0.1117962181 0.1611286461 -0.0002070780308)
(0.03778205327 0.1676425143 -9.174384479e-05)
(0.1187999654 0.1493184931 -0.0002614335123)
(0.04287003348 0.1506467533 0.07583484963)
(-0.1321044068 0.1588322698 9.656319637e-05)
(-0.05800756127 0.1518884771 0.0001709365837)
(-0.145737275 0.1426585304 -0.07246346711)
(-0.04947274886 0.1698839301 -0.07136535814)
(-0.1477168619 0.14371451 0.0002262672244)
(-0.05026236044 0.1699082333 0.0001067644671)
(-0.05668986426 0.1513938678 -0.07364275058)
(-0.06606971288 0.1232460584 0.0003309408127)
(-0.164769599 0.1017955171 0.0001611567985)
(-0.155066919 0.1225198734 -0.07496118299)
(-0.06541138097 0.09580383748 -0.07810974613)
(-0.1574809276 0.1245284458 0.0004984989034)
(-0.07127543349 0.09383258192 0.0002382800252)
(-0.06476910371 0.1253528724 -0.07585360173)
(0.0393582104 0.1504319768 -4.590527296e-05)
(0.1117936267 0.1611358728 0.0002029738838)
(0.03824562951 0.1679340273 -0.07223110141)
(0.1226344156 0.1496680725 -0.07243840345)
(0.03777782801 0.1676476986 9.537349147e-05)
(0.118799776 0.1493237506 0.0002563232229)
(0.04285692878 0.1506404288 -0.07583230346)
(0.2269692446 0.118269129 -5.835668296e-05)
(0.1507706892 0.1495330497 0.06687393638)
(0.2574445396 0.1205587174 0.06794695842)
(0.1778590833 0.1491251305 -4.023334999e-05)
(0.1505022544 0.1494752928 -1.813829296e-05)
(0.2568169754 0.120656614 -8.628656871e-05)
(0.2272641311 0.1184098346 0.06627021054)
(0.2696165061 0.06931967694 0.0633675688)
(0.4201124344 0.04818281905 -2.665683411e-05)
(0.2694931382 0.06935163176 -3.306991351e-06)
(0.2985728698 0.07769054284 -2.483214488e-05)
(0.4383254935 0.05411096414 0.06327305346)
(0.4378756606 0.05412203876 -6.675842985e-05)
(0.2988876451 0.07773018097 0.06431823615)
(0.3301482821 0.08202833369 -7.333069824e-05)
(0.3594678218 0.08123997679 0.06879916174)
(0.4565939014 0.05781816345 0.06401667545)
(0.4779358656 0.06040506541 -0.0002214659821)
(0.356774128 0.08089425366 7.484792331e-05)
(0.4560203357 0.05765391482 -0.0001558419852)
(0.3302662208 0.08225305717 0.06588099165)
(0.09057050924 0.1330498537 1.978355835e-05)
(0.1628059467 0.09991417916 -0.06390606965)
(0.1626847996 0.09995559604 2.263467422e-05)
(0.1950890539 0.1114318302 2.990498259e-05)
(0.1214338489 0.1444232708 -0.06548183645)
(0.1212958075 0.1443737587 9.368614853e-06)
(0.1953103685 0.1114508413 -0.06491420931)
(0.2269816098 0.1182732629 5.931965319e-05)
(0.1778664025 0.1491361905 4.497628312e-05)
(0.1508202038 0.1495503526 -0.06687323503)
(0.2574762293 0.1205484654 -0.06794706675)
(0.1505174749 0.1494821798 2.081587444e-05)
(0.2568247963 0.1206537536 8.871098967e-05)
(0.2273068672 0.1184178704 -0.06627097208)
(0.4201236363 0.04817209315 3.156321477e-05)
(0.2696082248 0.0693490677 -0.06336650732)
(0.2694895764 0.06936126118 1.09067634e-05)
(0.2985663216 0.07770516569 2.557753315e-05)
(0.4383268521 0.05411080036 -0.06327446008)
(0.4378764332 0.05412324917 7.006189912e-05)
(0.2988632323 0.07777649584 -0.06431804366)
(0.3301451677 0.08203643631 7.400405852e-05)
(0.4779246556 0.06041346228 0.0002259891929)
(0.3594576893 0.0812561431 -0.0688039763)
(0.4565965266 0.05783527723 -0.06401974216)
(0.356766767 0.08089867828 -7.607977951e-05)
(0.4560186516 0.05766051583 0.0001576584364)
(0.3302584694 0.08227627468 -0.06588148954)
(0.6148308838 0.03232232174 0.06152185277)
(0.611997831 0.03455861311 -1.340715253e-05)
(0.6148634883 0.0323495903 -3.743094799e-07)
(0.8426533151 0.04403949566 -2.856949495e-05)
(0.8310583359 0.04108229549 0.0602263167)
(0.8309161964 0.04095429246 -4.20640064e-05)
(0.8427203997 0.04406425462 0.06013767223)
(1.044582387 0.06058088298 -5.568461823e-05)
(1.029329317 0.05285889424 0.05877875779)
(1.190866916 0.07973581976 0.05639462547)
(1.174299334 0.06656936143 -6.116466646e-05)
(1.029034612 0.05270875723 -8.505489728e-05)
(1.190680722 0.07814341546 -7.179598814e-05)
(1.044774454 0.06067052591 0.05858636019)
(0.6119942957 0.03456752718 9.441824265e-06)
(0.6148578583 0.03231940917 -0.06152140231)
(0.6148722627 0.03234898099 1.028722822e-05)
(0.8426656195 0.04403904603 3.28172729e-05)
(0.8310581286 0.04110130145 -0.06022648864)
(0.8309134596 0.04096022819 4.686770597e-05)
(0.842760435 0.04405647762 -0.06014137083)
(1.044579552 0.0605827526 5.712350798e-05)
(1.17430814 0.06656252722 6.816323809e-05)
(1.029329596 0.05286588182 -0.05878245407)
(1.190837808 0.07973267013 -0.05639549753)
(1.029033647 0.05270944642 8.99922896e-05)
(1.190672328 0.07814001435 6.800601964e-05)
(1.044770594 0.0606754451 -0.05858771617)
(0.8117604069 0.02960320037 -0.0001574065927)
(0.6384998075 0.03785759618 0.06432601034)
(0.8240652749 0.01754428894 0.0615739789)
(0.6512167091 0.03374952707 4.172437675e-05)
(0.6383044435 0.03773873335 -0.0001427085546)
(0.8214504588 0.01445333788 -0.000239590168)
(0.8121765068 0.0314939326 0.0615105948)
(1.008689612 0.03409011623 2.302039824e-05)
(1.021890308 0.04484038048 0.05958832834)
(1.154235722 0.04266849743 0.05634052497)
(1.158762808 0.05470801676 -0.0001373346142)
(1.021965853 0.04456103908 -0.0001538054448)
(1.152157438 0.03973734468 -0.0001967114338)
(1.010417866 0.03451722373 0.06278700477)
(0.6141953206 0.03735127243 1.815383633e-05)
(0.8177435585 0.03849436711 0.0001058542429)
(0.6222308216 0.0392387001 -0.06287268778)
(0.8232936258 0.03898174703 -0.06072001987)
(0.6217750068 0.03917056148 3.004747465e-05)
(0.8231070392 0.03863782534 7.597663345e-05)
(0.8181223839 0.03855711291 -0.0611074839)
(0.8117647052 0.02960273042 0.0001604798361)
(0.6512183993 0.03375171852 -3.956631619e-05)
(0.6385100794 0.03785985117 -0.06432723965)
(0.8240714987 0.0175409634 -0.06157658073)
(0.6383069764 0.03774069304 0.0001465730308)
(0.8214532965 0.01445289519 0.000244199772)
(0.8121891994 0.0314903172 -0.06151379086)
(1.008686296 0.03409411766 -2.201182002e-05)
(1.158763901 0.05470952455 0.0001396926152)
(1.021884686 0.04485527077 -0.05958827235)
(1.154225086 0.04267799336 -0.0563410162)
(1.02196422 0.04456587373 0.0001556343601)
(1.152155635 0.03974477593 0.0001986033304)
(1.010406751 0.03452750595 -0.06278811121)
(0.2342360331 0.1329296724 0.07514677624)
(0.2859711623 0.1145138242 0.07013511177)
(0.2049478096 0.1435276592 -0.0001523145538)
(0.2304452033 0.1327287869 -4.269549852e-05)
(0.2852160704 0.1119870014 -0.0001451036897)
(0.3171945474 0.09632252127 -0.0002191220126)
(0.3209592113 0.09964677486 0.07203149383)
(0.2049429415 0.1435410873 0.0001582647521)
(0.2341950345 0.1329697017 -0.07514090433)
(0.2859671351 0.1144958754 -0.07013367687)
(0.2304250797 0.1327384838 4.546851816e-05)
(0.2852113057 0.1119798313 0.0001492186995)
(0.3171728239 0.09631507075 0.0002181098823)
(0.3209106765 0.0996244679 -0.07202790745)
(-0.004987030232 0.02362176143 -0.000129385)
(-0.002294779024 0.01374690646 -0.0001199332686)
(-0.0008521666418 0.004550064747 -0.0001101559192)
(-0.00309839202 0.008634086948 0.02823743551)
(-0.001135971913 0.004973084937 0.01788531617)
(4.983283122e-05 0.001653046804 0.01013391849)
(-0.003319822931 0.008606660848 -0.0001271779524)
(-0.001195329367 0.0049622788 -0.0001190354162)
(-0.0004366028964 0.00160815219 -0.0001086362359)
(-0.004762695512 0.02361319483 0.02884836751)
(-0.002231574376 0.01373151261 0.01815503247)
(-0.0003591051861 0.004602357111 0.01030048455)
(-0.009369653446 0.03172252719 -0.0001139724655)
(-0.005158442234 0.01845276074 -0.0001093578748)
(-0.00189067783 0.006077196291 -0.0001072034144)
(-0.009209809516 0.03182456249 0.03051757894)
(-0.005137567005 0.01850821321 0.01896576305)
(-0.001408707186 0.006229740359 0.01079344308)
(-0.004986919937 0.02362224959 0.0001294636248)
(-0.002294746432 0.01374719826 0.0001199809405)
(-0.0008521563797 0.004550155821 0.0001101837126)
(-0.003098784843 0.008635420479 -0.02823740464)
(-0.001136147243 0.004973918602 -0.0178852597)
(4.979037718e-05 0.001653347144 -0.01013388189)
(-0.003319765612 0.00860711936 0.0001270821823)
(-0.001195301926 0.004962540659 0.0001189730217)
(-0.0004365898697 0.001608237577 0.000108599237)
(-0.004762901606 0.02361478263 -0.02884846996)
(-0.002231685088 0.01373250171 -0.01815505693)
(-0.0003591466844 0.004602718025 -0.01030050236)
(-0.009369434992 0.03172267921 0.0001141339913)
(-0.00515836393 0.01845281683 0.0001094664816)
(-0.001890659512 0.006077196016 0.0001072693289)
(-0.009209832044 0.03182565151 -0.0305177751)
(-0.005137667383 0.01850890582 -0.01896585632)
(-0.001408776821 0.006230004319 -0.01079350627)
)
;

boundaryField
{
    inlet
    {
        type            fixedValue;
        value           nonuniform 0();
    }
    outlet
    {
        type            zeroGradient;
    }
    topAndBottom
    {
        type            symmetry;
    }
    frontAndBack
    {
        type            empty;
    }
    cylinder
    {
        type            noSlip;
    }
    procBoundary3to1
    {
        type            processor;
        value           nonuniform List<vector> 
125
(
(-0.4091305013 0.02132713724 5.448761149e-07)
(-0.3553901291 0.04660325841 -1.951778193e-21)
(-0.2597484462 0.06513990024 -1.433591457e-22)
(-0.138872175 0.077342786 -4.216437674e-26)
(-0.002763753388 0.08160253965 4.823727638e-23)
(0.1354192618 0.07973438942 -1.323610098e-23)
(0.2670896444 0.07371440925 -1.7396646e-22)
(0.3868869328 0.06566721076 1.494238689e-22)
(0.4921649698 0.05711346618 -3.061573116e-23)
(0.5825931955 0.04891761517 -2.768637067e-22)
(0.6591936497 0.04148438228 2.764371809e-22)
(0.723563634 0.03494423324 -2.341261465e-22)
(0.7774072527 0.02927105983 4.403761228e-22)
(0.8222930628 0.02435657488 -3.857332166e-22)
(0.8595428725 0.02006325328 3.489469665e-23)
(0.8902034954 0.01626453787 1.628221523e-22)
(0.9150797521 0.01287318607 0)
(0.9348132982 0.009856905959 -8.932154377e-23)
(0.9499856464 0.007235883458 9.557286288e-23)
(0.9612114244 0.005060122349 6.947388452e-23)
(0.9691858825 0.003373476682 -9.92200928e-23)
(0.9746671276 0.002179834519 4.165566617e-24)
(0.9784042351 0.001427575124 2.412675416e-23)
(0.9810484427 0.001018825079 -2.038375344e-23)
(0.9830886053 0.0008363613688 3.462162896e-23)
(0.9848335459 0.0007731279523 -1.659803036e-23)
(0.986437963 0.0007514948089 -2.434492489e-23)
(0.9879516543 0.0007278561299 1.418551264e-23)
(0.9893698927 0.0006861577098 1.067265926e-23)
(0.9906710656 0.0006270992163 8.408206564e-24)
(0.9918378751 0.0005584001583 -1.577408025e-23)
(0.9928650738 0.0004884622649 7.578819995e-24)
(0.9937589501 0.0004233680731 5.853482157e-24)
(0.9945331338 0.000366223093 -1.064306251e-23)
(0.9952038144 0.000317596178 7.168604463e-24)
(0.9957869237 0.0002766419405 -3.09790501e-24)
(0.9962962125 0.0002419436486 3.61660796e-24)
(0.99674242 0.0002121413664 -2.034957067e-25)
(0.9971340024 0.0001862246719 -1.48941871e-24)
(0.9974778581 0.0001635287113 1.762637296e-24)
(0.9977798636 0.0001436169029 -2.170799278e-24)
(0.9980451691 0.0001261623217 1.911882853e-24)
(0.9982783226 0.0001108789691 -8.954599287e-25)
(0.9984833234 9.749940677e-05 -3.285232905e-25)
(0.9986636654 8.57789381e-05 3.722101082e-25)
(0.9988223898 7.55023718e-05 -8.239719381e-25)
(0.9989621448 6.648456115e-05 2.889241529e-25)
(0.9990852407 5.856381317e-05 -2.093752793e-25)
(0.9991936986 5.160317557e-05 2.500451398e-26)
(0.9992892916 4.548503468e-05 1.844270584e-25)
(0.9993735743 4.010595733e-05 1.429299088e-25)
(0.99944791 3.537638903e-05 -1.359494689e-25)
(0.9995134963 3.121749372e-05 2.424075953e-25)
(0.9995713865 2.755996658e-05 1.025182056e-25)
(0.9996225071 2.434336554e-05 -4.908010017e-27)
(0.9996676736 2.151491134e-05 -8.064626933e-26)
(0.9997076052 1.902850624e-05 9.501960632e-27)
(0.9997429359 1.684382359e-05 4.969933473e-27)
(0.9997742255 1.492557032e-05 -2.758737994e-26)
(0.9998019689 1.324299282e-05 -4.53798655e-26)
(0.999826604 1.176935043e-05 3.103246147e-27)
(0.9998485189 1.048132785e-05 2.826618978e-27)
(0.9998680607 9.358499587e-06 -2.460463304e-26)
(0.9998855281 8.383074884e-06 -1.48346968e-26)
(0.9999012306 7.539054946e-06 5.032816139e-27)
(0.9999152756 6.814913968e-06 -2.857072342e-27)
(0.9999284101 6.188716523e-06 2.857642479e-27)
(0.9999386363 5.705219371e-06 -2.35560285e-28)
(0.9999539825 5.05773464e-06 2.365386972e-28)
(-0.1185593752 -0.02863615232 0.05939684285)
(-0.3172999547 -0.02131928548 0.06526295788)
(-0.4388800668 -0.005605625842 0.04068434883)
(-0.06441840156 -0.02743570198 0.05852439831)
(-0.06441693969 -0.02743431533 -0.05852429577)
(-0.2735868135 -0.02383112212 0.06350706118)
(-0.1185525063 -0.02863000455 -0.05939685882)
(-0.2735913232 -0.02383271243 -0.06350774623)
(-0.06456234927 -0.02740144558 -4.84201505e-07)
(-0.01524293459 -0.020746887 0.05688073682)
(-0.01569119011 -0.02069738164 -1.792336753e-05)
(-0.06456150074 -0.02740105341 -2.415455034e-07)
(-0.01524512886 -0.02074828446 -0.05688092947)
(-0.01569145836 -0.02069788667 1.764697046e-05)
(-0.3977461328 -0.0108859852 0.07060264132)
(-0.3172931506 -0.02132530857 -0.06526314794)
(-0.3977507728 -0.01090088797 -0.07060510655)
(-0.1187808005 -0.02861618429 -1.22245378e-05)
(-0.1733063578 -0.02766265218 0.06048912749)
(-0.1736434949 -0.02765188158 -3.096241151e-05)
(-0.2253287962 -0.02593901163 0.06188614106)
(-0.2749462794 -0.02386113803 -0.0001207982033)
(-0.2259518239 -0.0259408668 -5.901407454e-05)
(-0.1187785346 -0.0286142499 1.210121707e-05)
(-0.1733037516 -0.02765460905 -0.06048944056)
(-0.173642648 -0.02764898385 3.130557918e-05)
(-0.2749477364 -0.02386091256 0.0001200966265)
(-0.2253361016 -0.02593312149 -0.06188666981)
(-0.2259538955 -0.02593839965 5.965543132e-05)
(-0.4609691144 0.005939481926 0.04161956148)
(-0.4388855653 -0.00560779618 -0.04068428086)
(-0.4609709769 0.005938687206 -0.0416193843)
(-0.320290425 -0.02140976285 -0.0002748782558)
(-0.3556026829 -0.01827757492 0.06696062902)
(-0.360955268 -0.01848080965 -0.0007339827921)
(-0.3854967308 -0.01480756964 0.06845474672)
(-0.4385578513 -0.01141613846 -0.0004652625657)
(-0.3970131071 -0.01514764801 -0.001409783816)
(-0.3202892376 -0.02141075398 0.0002736495544)
(-0.3555975443 -0.01828462214 -0.06696083206)
(-0.3609539277 -0.01848271224 0.0007342940663)
(-0.4385608264 -0.01142069624 0.0004647365456)
(-0.3855027495 -0.01481474474 -0.06845489446)
(-0.3970149774 -0.01515003801 0.001410088509)
(-0.003097198437 -0.008627287884 0.02823754779)
(-0.001135287072 -0.004969259727 0.01788539029)
(5.005933921e-05 -0.001651797584 0.01013393965)
(-0.003318664218 -0.008600052925 -0.0001271817339)
(-0.001194657711 -0.004958581914 -0.0001190395823)
(-0.0004363833955 -0.001606987357 -0.0001086389397)
(-0.003097691673 -0.008627770581 -0.02823743664)
(-0.001135472224 -0.004969540052 -0.01788527825)
(5.002628085e-05 -0.001651890093 -0.01013386979)
(-0.003318645624 -0.008600171239 0.0001270223771)
(-0.001194635554 -0.004958623666 0.0001189322489)
(-0.0004363655928 -0.001606990851 0.0001085746091)
)
;
    }
    procBoundary3to2
    {
        type            processor;
        value           nonuniform List<vector> 
103
(
(1.341496885 0.1189082796 0.02791186044)
(1.341444137 0.118900527 -0.02791513535)
(1.308004823 0.1393051376 0.02393343754)
(1.288889088 0.1301393166 0.02226554653)
(1.308026797 0.1393115619 -0.02393035279)
(1.28889134 0.130120075 -0.02226466507)
(1.25116284 0.1204892952 -1.931895407e-06)
(1.218654833 0.1024627963 0)
(1.191902526 0.08662939382 -2.823411022e-22)
(1.169969019 0.07342135066 1.020020118e-22)
(1.151869115 0.06267614795 -8.993640326e-23)
(1.136750589 0.05373694353 8.319067099e-23)
(1.124029353 0.04626433747 1.050123593e-23)
(1.113273077 0.03993951527 5.518814324e-23)
(1.104149373 0.03451479651 -7.474860923e-24)
(1.096404931 0.02978637616 2.064521186e-23)
(1.089839919 0.02560176221 -8.463070066e-23)
(1.084302214 0.02183916325 -7.536526803e-23)
(1.079671143 0.01840231218 1.235985318e-23)
(1.075849992 0.01521726312 0)
(1.072765729 0.01222346575 0)
(1.070361331 0.009373182737 -1.658992727e-23)
(1.068593078 0.00662583457 2.23952821e-23)
(1.067430541 0.003950571695 -2.744249086e-23)
(1.06685371 0.001311781419 4.730335842e-23)
(-0.02273425088 0.04113032204 -0.0001382381098)
(-0.01308666623 0.03014537232 0.0327593848)
(-0.02223969511 0.04127177187 0.05687249333)
(-0.01322443633 0.0300844826 -0.0001062571722)
(-0.0116500555 0.03289536123 0.02973735673)
(-0.0119748551 0.03283731436 -0.0001490156555)
(-0.01164828006 0.03289177606 -0.02973652097)
(-0.01197425639 0.03283590063 0.0001492917426)
(-0.03144400718 0.04665932502 6.441158978e-05)
(-0.02421166427 0.08501919972 5.89809781e-06)
(-0.03130378139 0.04664430561 0.06564006516)
(-0.02417224074 0.08514933283 0.06545120872)
(-0.02417224074 0.08514933283 0.06545120872)
(-0.02421166427 0.08501919972 5.89809781e-06)
(-0.0227359385 0.04112985704 0.0001380179668)
(-0.01308388076 0.03013858713 -0.03276142847)
(-0.0222446844 0.0412704473 -0.05687084393)
(-0.01322316679 0.03008133015 0.000105711072)
(-0.03144535623 0.04666463212 -6.588516422e-05)
(-0.02422465477 0.08502855785 -8.162732181e-06)
(-0.03130931794 0.04666234129 -0.06564182507)
(-0.02421899753 0.08518221763 -0.06545050908)
(-0.02421899753 0.08518221763 -0.06545050908)
(-0.02422465477 0.08502855785 -8.162732181e-06)
(0.006788891072 0.07063484062 0.06551583149)
(0.006785110637 0.07061141335 2.16278136e-05)
(0.07897374531 0.04991942386 -2.533267436e-06)
(0.07892347089 0.04994787779 0.06508371256)
(0.2067131144 0.03226031856 7.131459627e-08)
(0.3938706374 0.02481152354 0.06325567386)
(0.3939706254 0.02486116252 -4.763778594e-06)
(0.2066664408 0.03221219469 0.06432626682)
(0.006820871239 0.07064965103 -0.06551382505)
(0.006793327758 0.07061682025 -1.663700189e-05)
(0.07897686346 0.04992057827 -2.416777341e-07)
(0.07893103439 0.04994655854 -0.06508620701)
(0.2067150465 0.03226304606 2.135400298e-06)
(0.3939421132 0.02478028291 -0.06325491245)
(0.393996766 0.02485095105 1.096887339e-05)
(0.2066616167 0.03222371265 -0.0643280837)
(0.623234748 0.0308736206 0.06206075643)
(0.6232904507 0.03096716711 -1.000826755e-05)
(0.8607919825 0.04802733586 -1.156072801e-05)
(0.8608141662 0.04790569953 0.06069020445)
(1.297076062 0.1043056297 0.05505702534)
(1.295571585 0.1040891317 -4.970834411e-05)
(1.334730049 0.1088946777 -9.838435118e-05)
(1.336499053 0.1112314559 0.05184294791)
(1.341496885 0.1189082796 0.02791186044)
(1.297074867 0.1043065466 -0.05505646388)
(1.295566118 0.1040863125 5.328914581e-05)
(1.33472474 0.108877549 9.824434148e-05)
(1.33649307 0.1111990766 -0.05184120034)
(1.341444137 0.118900527 -0.02791513535)
(1.065448514 0.0704435725 -1.291170845e-05)
(1.2110482 0.09226793567 0.05619527763)
(1.210929797 0.09221967616 -5.296717986e-05)
(1.065576749 0.07041537365 0.05873766984)
(0.6233208556 0.0308495891 -0.06206250629)
(0.6233198875 0.03096109371 1.280736345e-05)
(0.8608076991 0.0480406808 7.272872646e-06)
(0.8608475144 0.04793848093 -0.06069074332)
(1.06543215 0.07045705933 1.296013696e-05)
(1.211033031 0.09228011673 -0.05619488273)
(1.210918932 0.09222134581 5.428013911e-05)
(1.065537754 0.07045493449 -0.05873772242)
(-0.0116500555 0.03289536123 0.02973735673)
(-0.006775238128 0.01885222914 0.0199623907)
(-0.001977622406 0.006274816898 0.01132614973)
(-0.01164828006 0.03289177606 -0.02973652097)
(-0.006774230406 0.01885019121 -0.01996212671)
(-0.001977336433 0.00627414617 -0.01132623244)
(-0.0119748551 0.03283731436 -0.0001490156555)
(-0.006839518665 0.01885529291 -0.0001408456453)
(-0.002485687224 0.006097894464 -0.0001276023979)
(-0.01197425639 0.03283590063 0.0001492917426)
(-0.006839243791 0.01885454548 0.0001410373104)
(-0.002485639008 0.006097677394 0.0001277192371)
)
;
    }
}


// ************************************************************************* //
