/*--------------------------------*- C++ -*----------------------------------*\
| =========                 |                                                 |
| \\      /  F ield         | OpenFOAM: The Open Source CFD Toolbox           |
|  \\    /   O peration     | Version:                                        |
|   \\  /    A nd           | Website:  www.openfoam.com                      |
|    \\/     M anipulation  |                                                 |
\*---------------------------------------------------------------------------*/
FoamFile
{
    version     2.0;
    format      ascii;
    class       volVectorField;
    location    "6";
    object      U;
}
// * * * * * * * * * * * * * * * * * * * * * * * * * * * * * * * * * * * * * //

dimensions      [0 1 -1 0 0 0 0];


internalField   nonuniform List<vector> 
2403
(
(-0.09181982898 0.02269254781 0.05713273856)
(-0.2557207431 0.01861000022 0.06100349037)
(-0.379080193 0.01580311021 0.03769510936)
(-0.4033075267 0.009930136347 5.329316136e-07)
(-0.4014020243 -0.01151364844 -3.179377195e-21)
(-0.3612335191 -0.03013970312 1.521742061e-21)
(-0.2915092537 -0.04814914674 8.398262674e-22)
(-0.1961989672 -0.05979638669 -8.825043841e-22)
(-0.08616236223 -0.06596104546 -3.877185714e-22)
(0.03064613583 -0.06716148022 2.764695683e-22)
(0.1466328305 -0.06490462997 7.555875164e-23)
(0.2566095767 -0.06033422616 0)
(0.3575018899 -0.05462892617 -1.215774863e-22)
(0.4478457216 -0.04861922163 1.017535162e-22)
(0.52746429 -0.04279801106 -6.08789858e-23)
(0.5969624433 -0.03742408881 7.559835621e-23)
(0.657316704 -0.03260772308 -1.478750626e-23)
(0.7096068138 -0.02836239756 2.5348975e-23)
(0.7548994841 -0.02465874913 -2.419410127e-23)
(0.7941583892 -0.02143652867 1.032792366e-23)
(0.8282151509 -0.01862461572 0)
(0.8577650988 -0.01614971761 0)
(0.8833704074 -0.01394094891 -6.835423078e-24)
(0.9054681342 -0.01193377532 6.593431494e-24)
(0.9243829962 -0.01007526093 -3.364951914e-24)
(0.9403491658 -0.008331142297 -2.572567806e-24)
(0.9535447384 -0.006691917158 3.940328264e-24)
(0.9641365886 -0.005175066311 -1.920865141e-24)
(0.9723272744 -0.003819620371 0)
(0.9783894879 -0.002672681924 1.386776302e-24)
(0.9826740729 -0.001771535317 -2.121054247e-25)
(0.9855863981 -0.00112811114 -3.594158597e-25)
(0.9875389708 -0.0007223601048 2.287568733e-26)
(0.9888983332 -0.0005070578907 4.07369216e-25)
(0.9899454595 -0.0004211316891 0)
(0.9908609862 -0.0004052290946 7.08137546e-29)
(0.9917348251 -0.0004131887683 -3.81564546e-24)
(0.9925917273 -0.000417199679 3.818510323e-24)
(0.9934210607 -0.0004058056766 0)
(0.994200579 -0.0003788739377 -2.582205045e-24)
(0.9949110567 -0.0003417930306 2.582675995e-24)
(0.9955426973 -0.000301024519 -3.047261681e-24)
(0.9960951979 -0.0002616176785 3.750006404e-24)
(0.9965748335 -0.0002264251092 -2.484564271e-24)
(0.9969909434 -0.0001963702235 2.902216673e-24)
(0.9973531858 -0.0001711426164 -1.358579184e-24)
(0.997670006 -0.0001498954376 -1.607350579e-24)
(0.9979481643 -0.0001317350487 5.639762236e-25)
(0.9981929167 -0.0001159602323 -4.077880949e-25)
(0.998408436 -0.0001021069845 7.667924489e-25)
(0.9985982075 -8.988837799e-05 -2.569130327e-26)
(0.9987652768 -7.911862834e-05 2.78020753e-25)
(0.9989123625 -6.964844655e-05 -2.78106826e-25)
(0.9990418947 -6.133614272e-05 2.794057126e-29)
(0.999156025 -5.404440081e-05 -1.995230772e-25)
(0.9992566435 -4.76468476e-05 -2.156705807e-29)
(0.9993454029 -4.203095742e-05 1.5375333e-25)
(0.9994237475 -3.709965151e-05 1.198491182e-25)
(0.9994929431 -3.276953134e-05 -2.546056311e-25)
(0.9995541031 -2.896803364e-05 -1.027777314e-25)
(0.9996082086 -2.563206793e-05 -8.939600301e-26)
(0.9996561247 -2.27068144e-05 -9.530559788e-30)
(0.9996986161 -2.014458888e-05 3.119221673e-26)
(0.9997363591 -1.790383911e-05 -1.1480319e-25)
(0.9997699521 -1.594832768e-05 2.655695568e-26)
(0.999799931 -1.42464767e-05 -4.962316444e-30)
(0.9998267556 -1.277102545e-05 0)
(0.999850905 -1.149767268e-05 -5.789218974e-27)
(0.99987254 -1.040886976e-05 5.790372385e-27)
(0.9998928293 -9.471908892e-06 0)
(0.9999086371 -8.751721195e-06 7.355831057e-27)
(0.999932523 -7.798892387e-06 3.746187116e-27)
(-0.05888579469 0.1485398913 0.05986671106)
(-0.120188543 0.1400812486 0.06397798462)
(-0.1265970623 0.08201599204 0.04058849157)
(-0.04119646154 0.01668267305 -4.295586095e-06)
(-0.04123198055 -0.03376524813 -1.74174803e-21)
(0.009817505438 -0.08466766666 7.7952917e-22)
(0.07305589968 -0.1272195537 1.510826629e-22)
(0.1531761031 -0.1572485671 -1.098450971e-22)
(0.2396895441 -0.1727847638 -7.808721712e-23)
(0.3272876987 -0.1753692253 -8.391837053e-24)
(0.4119225887 -0.16854815 0)
(0.4905691857 -0.1558705243 4.322363805e-23)
(0.5614184079 -0.140348076 5.600025891e-23)
(0.6238644151 -0.1241328381 -1.783723138e-22)
(0.6781385289 -0.1085454875 9.854377584e-23)
(0.7249264239 -0.09428055026 -2.357743401e-23)
(0.765098388 -0.08161551524 0)
(0.7995502905 -0.07057726889 -1.270720048e-23)
(0.8291123168 -0.06105268768 9.545382749e-23)
(0.8545256835 -0.05286427225 -6.584962557e-23)
(0.8764171446 -0.04581349044 -4.586308026e-23)
(0.8953099958 -0.03970156174 1.472317261e-23)
(0.9116376643 -0.03433860121 -8.199206362e-24)
(0.9257556792 -0.02954937873 3.342240499e-24)
(0.9379514851 -0.02518293536 0)
(0.9484485584 -0.0211255497 -4.159003109e-24)
(0.9574197373 -0.01731987634 6.519222193e-24)
(0.9649968748 -0.01377293316 -1.665951401e-24)
(0.9712899164 -0.01055144601 -1.449280846e-24)
(0.9764087311 -0.007755862119 -1.316397372e-24)
(0.9804804893 -0.005480284188 -1.098365618e-24)
(0.9836567655 -0.003772935439 4.965535299e-25)
(0.986107761 -0.002613533456 -1.268810975e-24)
(0.988006627 -0.001916289342 0)
(0.989510789 -0.001554826791 1.544469225e-24)
(0.9907472461 -0.001396209449 -6.884064109e-25)
(0.9918057576 -0.001329428763 -5.367207736e-25)
(0.992741709 -0.001280937636 0)
(0.9935839819 -0.001214296315 0)
(0.994344293 -0.001121166559 0)
(0.995026387 -0.001008986474 0)
(0.9956323835 -0.0008904025477 2.086017483e-24)
(0.9961659275 -0.0007765647774 0)
(0.9966328828 -0.0006743123445 -1.613877186e-24)
(0.9970406163 -0.0005861087171 0)
(0.9973968592 -0.000511349925 0)
(0.9977087855 -0.0004479539463 3.781601565e-26)
(0.9979825503 -0.0003935933429 1.466873613e-24)
(0.998223239 -0.0003463568594 -4.571617129e-25)
(0.9984350455 -0.0003049178371 0)
(0.9986215022 -0.0002684173071 -3.344338297e-25)
(0.9987856646 -0.0002362702415 -1.37143253e-25)
(0.9989302255 -0.0002080065473 1.371493658e-25)
(0.9990575675 -0.0001831967717 2.220269478e-25)
(0.9991697898 -0.0001614332441 4.923067399e-27)
(0.9992687372 -0.000142337926 8.176024098e-26)
(0.9993560283 -0.0001255743873 -1.641833744e-25)
(0.9994330802 -0.0001108520131 6.330841252e-26)
(0.9995011377 -9.792205781e-05 -1.151461237e-25)
(0.9995612956 -8.656961259e-05 2.519550025e-27)
(0.9996145176 -7.660789077e-05 8.95509118e-26)
(0.9996616537 -6.787328794e-05 7.566524092e-26)
(0.9997034548 -6.022285195e-05 0)
(0.9997405862 -5.353215637e-05 4.404872884e-26)
(0.9997736362 -4.769295371e-05 1.307783715e-26)
(0.9998031317 -4.261092621e-05 0)
(0.9998295247 -3.820458724e-05 3.587508457e-26)
(0.9998532861 -3.440135252e-05 -6.519904811e-27)
(0.999874574 -3.11489944e-05 2.849889121e-27)
(0.9998945386 -2.835000781e-05 -1.343291261e-26)
(0.9999100928 -2.619889744e-05 -7.707059625e-27)
(0.9999335988 -2.335300351e-05 -3.396722036e-27)
(0.06579958464 0.1150490513 0.06066666661)
(0.1531455261 0.1368021339 0.06511913244)
(0.3702172025 0.06921172078 -2.551643862e-07)
(0.4036473257 0.005570754012 2.484430222e-06)
(0.4439860218 -0.06573608926 6.725201018e-21)
(0.4932515016 -0.1345923763 -2.124669303e-21)
(0.5419020561 -0.1883779526 -6.807624108e-22)
(0.5895551403 -0.2239719736 -5.557755917e-22)
(0.6353132551 -0.2406613343 7.737092371e-23)
(0.6782702349 -0.2410204767 -4.71468397e-23)
(0.7177687684 -0.2294381204 1.679989255e-22)
(0.7534444921 -0.2106401958 2.929425149e-25)
(0.7851396046 -0.1885365557 0)
(0.8129369133 -0.1658752646 0)
(0.8371054123 -0.144340896 9.34940525e-23)
(0.858011059 -0.1248044445 4.404571762e-23)
(0.8760479389 -0.1075857333 -8.208622146e-23)
(0.8915965196 -0.09267126586 -8.686680088e-24)
(0.905002031 -0.07987035241 0)
(0.9165653653 -0.06891934172 9.225611079e-24)
(0.9265425165 -0.05953961548 6.68047794e-23)
(0.9351523288 -0.05146636944 -5.851445664e-23)
(0.9425887959 -0.04445945232 -6.524037889e-24)
(0.949033688 -0.03830513582 3.27281099e-25)
(0.9546651148 -0.03281700224 3.604404664e-23)
(0.959657134 -0.02784344473 -4.044415956e-23)
(0.9641693617 -0.02327970622 0)
(0.9683316867 -0.01908004054 1.328792715e-25)
(0.9722249568 -0.01526153702 2.797095957e-24)
(0.9758738639 -0.01188865746 0)
(0.9792543238 -0.009040656197 1.100101694e-24)
(0.9823145917 -0.006772649826 0)
(0.9850027842 -0.005086391046 6.397647692e-25)
(0.9872903172 -0.003921796753 0)
(0.9891841373 -0.003171763622 3.779980506e-24)
(0.9907245142 -0.00270926515 -4.709442262e-24)
(0.991972691 -0.002416621005 -2.327181722e-24)
(0.9929957258 -0.002204070387 4.532405181e-25)
(0.9938530839 -0.002016233704 1.796188982e-24)
(0.9945890823 -0.001828210579 -6.569506992e-25)
(0.9952327675 -0.00163592251 3.70869479e-26)
(0.995801298 -0.001445769527 -1.36240507e-26)
(0.9963045676 -0.001266570255 -4.192444235e-25)
(0.9967491123 -0.001104910028 -2.662173236e-25)
(0.9971404823 -0.0009635807239 9.20257798e-26)
(0.9974841845 -0.0008420717733 5.195978029e-25)
(0.9977857372 -0.0007379477416 -4.490048781e-25)
(0.9980503957 -0.0006482124861 0)
(0.9982828994 -0.0005701907066 0)
(0.9984873686 -0.0005018569881 -3.552162821e-25)
(0.9986673303 -0.0004417842516 -3.504154413e-25)
(0.9988258087 -0.0003889374802 -2.375234336e-25)
(0.99896542 -0.000342486159 2.918178349e-26)
(0.9990884486 -0.0003016974393 -4.64345163e-25)
(0.9991969038 -0.0002658977587 3.064645816e-26)
(0.9992925542 -0.0002344721714 -4.231942511e-26)
(0.9993769531 -0.0002068782216 1.978158363e-26)
(0.9994514631 -0.0001826439826 1.187233541e-25)
(0.9995172827 -0.0001613584309 2.332558761e-25)
(0.9995754682 -0.0001426661661 9.473184712e-26)
(0.9996269506 -0.0001262609092 9.458307484e-26)
(0.9996725512 -0.0001118753784 -8.071164198e-26)
(0.999712995 -9.927512427e-05 0)
(0.9997489235 -8.825494818e-05 0)
(0.9997809048 -7.863637991e-05 -4.391554787e-26)
(0.9998094481 -7.026431014e-05 -1.330293535e-27)
(0.9998349902 -6.3004788e-05 -3.221266739e-26)
(0.9998579866 -5.673841264e-05 -3.446414156e-28)
(0.9998785897 -5.137938833e-05 -1.81591892e-26)
(0.9998979128 -4.676717175e-05 1.343430775e-26)
(0.9999129673 -4.322285434e-05 2.080234601e-29)
(0.9999357202 -3.853336135e-05 -2.082776702e-29)
(0.5473904395 0.04598463497 0.05837233885)
(0.671829358 0.03821254029 0.03583855871)
(0.860056426 -0.01942006704 1.360130281e-06)
(0.8879216881 -0.07191860785 0)
(0.9146326089 -0.1271580693 -1.254167914e-20)
(0.9364394562 -0.1799065995 6.307816473e-21)
(0.947923386 -0.2224715023 1.215339759e-21)
(0.9516893398 -0.2497559987 1.721567217e-21)
(0.9506688794 -0.2606487717 5.349510736e-22)
(0.9474841629 -0.2571315115 -9.632426015e-22)
(0.9438893147 -0.2430143531 5.26015967e-23)
(0.9410099206 -0.2225032307 7.019921601e-23)
(0.9393930333 -0.1991637624 -5.294094083e-24)
(0.9391392557 -0.175531884 0)
(0.940092109 -0.1531682208 -6.373974944e-23)
(0.9419841258 -0.1328766462 8.84020377e-23)
(0.9445276844 -0.1149457509 -6.246004577e-23)
(0.9474638051 -0.09935010439 8.674355158e-24)
(0.950582862 -0.08589651557 6.244884052e-24)
(0.9537267299 -0.07432100824 0)
(0.9567816873 -0.06434687559 -5.658440693e-24)
(0.9596705095 -0.05571615348 0)
(0.9623484805 -0.04820368227 -3.993961584e-23)
(0.9648041538 -0.04161981548 6.036449206e-23)
(0.9670624028 -0.03580707927 -1.788128626e-23)
(0.9691843262 -0.0306359928 1.236921725e-23)
(0.9712581444 -0.02600394141 -1.410951026e-23)
(0.9733782116 -0.02183914475 -9.442171719e-24)
(0.9756161009 -0.01810447411 9.02649489e-24)
(0.977994491 -0.01479576449 8.479240709e-24)
(0.9804752762 -0.01193066934 -1.505872528e-24)
(0.9829682485 -0.009529618161 -9.104225197e-25)
(0.9853575738 -0.007595807873 -6.334796189e-24)
(0.9875350612 -0.006102804217 0)
(0.9894275883 -0.004993353187 2.817287943e-24)
(0.991009391 -0.004189062351 -2.210360699e-24)
(0.9922978293 -0.00360537794 1.306317826e-25)
(0.993339144 -0.00316584705 0)
(0.9941891678 -0.002811481468 -1.446720841e-24)
(0.994898684 -0.002504104065 1.3333263e-24)
(0.9955063149 -0.002224008114 -1.45157581e-25)
(0.9960373806 -0.001964643788 -1.792962331e-24)
(0.9965066965 -0.001726504613 -5.754054119e-26)
(0.996922627 -0.00151207405 6.752504475e-25)
(0.9972905387 -0.001322783891 1.639272301e-25)
(0.9976149019 -0.00115799615 -6.677270826e-25)
(0.9979001415 -0.001015373686 9.492809674e-25)
(0.9981507118 -0.0008918063059 5.422446239e-25)
(0.9983708762 -0.0007842440193 -5.243322126e-26)
(0.9985644955 -0.000690144752 6.89039186e-25)
(0.9987349354 -0.0006075520534 2.94842645e-25)
(0.9988850831 -0.0005349671073 2.931460418e-25)
(0.9990174181 -0.0004711806358 0)
(0.9991340914 -0.0004151503412 1.270982959e-26)
(0.9992369876 -0.0003659459551 4.468473302e-28)
(0.999327763 -0.0003227352655 -1.345036814e-25)
(0.9994078772 -0.0002847829872 -1.763054492e-26)
(0.9994786213 -0.0002514447496 -1.180841983e-25)
(0.9995411326 -0.0002221602015 -2.14369657e-25)
(0.9995964069 -0.000196445029 0)
(0.9996453212 -0.0001738733369 -8.142003239e-26)
(0.9996886528 -0.0001540759779 -2.380705589e-27)
(0.9997270898 -0.0001367328586 -5.881584696e-26)
(0.9997612406 -0.0001215635145 0)
(0.999791643 -0.0001083224244 8.781611346e-26)
(0.9998187796 -9.679606766e-05 -5.225767676e-28)
(0.9998430648 -8.680049852e-05 2.958016829e-26)
(0.9998649312 -7.81718274e-05 -2.305708948e-26)
(0.999884523 -7.079229424e-05 1.850409759e-26)
(0.9999028989 -6.44410069e-05 1.204193469e-26)
(0.9999172158 -5.95604385e-05 7.646688581e-29)
(0.9999388554 -5.310273633e-05 0)
(1.258313616 0.09925589776 0.03034484363)
(1.27653326 0.05176190218 7.579719045e-08)
(1.26912897 0.002216699219 6.835552276e-08)
(1.25934892 -0.05281279029 -1.565756809e-21)
(1.24484665 -0.1081976618 0)
(1.223125745 -0.1589104947 2.602620215e-21)
(1.193388864 -0.1990720223 3.612514681e-21)
(1.158997658 -0.2244748815 -2.414420769e-21)
(1.123133628 -0.235016582 -1.40257157e-21)
(1.089115185 -0.2328753626 1.395832191e-21)
(1.059160719 -0.2216590072 -6.333390467e-22)
(1.034298929 -0.2048993074 -2.764044529e-23)
(1.014721574 -0.1855220012 8.206113653e-24)
(0.9999778182 -0.1655804154 2.499428942e-23)
(0.9893328126 -0.1463661977 0)
(0.9819783582 -0.1285886979 0)
(0.9771573447 -0.1125620493 5.968050402e-24)
(0.9742201071 -0.09834741814 0)
(0.9726425513 -0.08585543365 -4.792600099e-23)
(0.9720206838 -0.0749191882 8.224869392e-23)
(0.9720525171 -0.06534374214 -3.490598228e-23)
(0.9725169703 -0.05693730985 0)
(0.9732557517 -0.04952925716 3.3014508e-23)
(0.9741606026 -0.0429783874 -2.954944003e-24)
(0.9751659479 -0.03717336309 -2.844554954e-23)
(0.976244728 -0.03202720289 1.739585989e-24)
(0.9774031481 -0.02746914642 -1.088208429e-23)
(0.9786699054 -0.02343820223 6.114831181e-25)
(0.9800784561 -0.01988079002 1.701989245e-24)
(0.9816460722 -0.01675226604 8.58299591e-24)
(0.9833573371 -0.01401929176 -6.23656831e-24)
(0.9851594112 -0.01165949577 7.075527072e-24)
(0.9869716031 -0.009656987342 5.215201635e-24)
(0.988705214 -0.007995034242 -5.215092555e-24)
(0.9902852026 -0.006649040035 0)
(0.9916652678 -0.005583076459 6.693767309e-25)
(0.9928318578 -0.00475044669 1.297701397e-24)
(0.993800051 -0.004099195581 0)
(0.9946012147 -0.003578924187 1.229483312e-24)
(0.9952707392 -0.003148015085 -1.456384748e-24)
(0.9958402123 -0.002776910596 2.682394795e-25)
(0.9963334883 -0.002448152095 7.12923015e-25)
(0.9967664806 -0.002153569105 1.019478307e-24)
(0.9971490643 -0.001890286103 8.083444958e-26)
(0.9974875065 -0.001657197112 -8.083421565e-26)
(0.9977864074 -0.001452847472 0)
(0.9980498111 -0.001274782836 -4.884498014e-25)
(0.9982816059 -0.001119843484 -3.815466352e-25)
(0.9984855204 -0.0009847588543 -9.164991823e-26)
(0.9986649939 -0.000866603892 -2.908653912e-25)
(0.9988230783 -0.0007629751174 0)
(0.9989624203 -0.0006719503392 0)
(0.9990853012 -0.0005919613276 0)
(0.9991936986 -0.0005216758962 2.002644507e-25)
(0.9992893428 -0.0004599268604 1.660688973e-25)
(0.9993737576 -0.0004056800292 1.55817239e-25)
(0.9994482894 -0.0003580193097 8.745145536e-27)
(0.9995141266 -0.0003161414038 1.094070215e-25)
(0.9995723143 -0.0002793490844 1.039099849e-25)
(0.999623779 -0.0002470352698 0)
(0.9996693382 -0.0002186709746 0)
(0.9997097071 -0.000193791854 0)
(0.999745521 -0.0001719922287 6.045991005e-26)
(0.9997773461 -0.000152921432 -1.64399197e-27)
(0.9998056831 -0.000136273415 -4.256887123e-26)
(0.9998309801 -0.0001217803371 0)
(0.9998536219 -0.0001092109617 -2.866497523e-26)
(0.999874011 -9.83595895e-05 4.359169924e-26)
(0.999892281 -8.907858809e-05 8.241181165e-29)
(0.9999094187 -8.109039349e-05 -1.189594812e-26)
(0.9999227716 -7.495184518e-05 0)
(0.9999429557 -6.682919877e-05 0)
(1.303867623 0.1254880692 -2.223489972e-07)
(1.316905523 0.08614546716 1.889833642e-07)
(1.323714008 0.04369148907 1.158559966e-07)
(1.323616788 -0.002337753745 -1.014496381e-21)
(1.317063729 -0.04927208174 1.029117448e-21)
(1.300865735 -0.09411431726 0)
(1.274583856 -0.1336632746 -3.706613222e-21)
(1.240554355 -0.1646055122 5.722242616e-22)
(1.202039961 -0.1849723192 2.946873555e-21)
(1.16246773 -0.1948594265 -1.060035583e-21)
(1.125121088 -0.1955610875 -8.324626241e-22)
(1.091973245 -0.189364072 2.827131564e-22)
(1.064051302 -0.1784112327 -1.112843799e-22)
(1.041535569 -0.164730096 1.321775316e-22)
(1.023969918 -0.1498460063 -4.284455031e-24)
(1.010651249 -0.1348471859 0)
(1.00079994 -0.120422362 1.245525879e-23)
(0.9936850331 -0.1069661489 -1.129071509e-23)
(0.9886778234 -0.0946689678 0)
(0.9852641254 -0.08357861875 0)
(0.9830382047 -0.07365091483 2.881245967e-24)
(0.9816888136 -0.06479174185 -2.70972264e-23)
(0.9809828046 -0.05688836368 2.859972643e-23)
(0.9807488402 -0.049830421 1.446669151e-24)
(0.9808625857 -0.04352256496 1.372560921e-24)
(0.9812346891 -0.03788967362 2.060219626e-23)
(0.9818023744 -0.03287497735 -2.340574529e-23)
(0.9825241187 -0.0284326927 -5.410968767e-25)
(0.9833754228 -0.0245189444 -8.13542461e-24)
(0.9843433033 -0.0210855524 8.236342946e-24)
(0.9854185215 -0.01807966057 -6.976544492e-24)
(0.9865869318 -0.0154488597 1.082064705e-24)
(0.987823039 -0.01314833242 5.642616572e-24)
(0.989088645 -0.01114556445 0)
(0.9903373472 -0.009419765409 0)
(0.9915229493 -0.007956237766 0)
(0.992608249 -0.006738725655 -1.256502048e-25)
(0.9935703947 -0.005743685543 0)
(0.9944033481 -0.004938564708 1.231736557e-24)
(0.9951150613 -0.004284964208 -2.318022115e-24)
(0.9957210229 -0.003745461885 0)
(0.9962394638 -0.003288792224 0)
(0.9966873786 -0.00289268697 -1.880845216e-25)
(0.9970783827 -0.002543634935 1.880842582e-25)
(0.9974223378 -0.002234463625 0)
(0.9977260807 -0.001961324545 -1.290557652e-25)
(0.9979945121 -0.001721352451 1.525450329e-26)
(0.9982315208 -0.001511495187 6.363342593e-26)
(0.9984405359 -0.00132832562 5.016754607e-26)
(0.9986247378 -0.001168343155 -3.120047995e-25)
(0.9987870698 -0.00102832738 0)
(0.9989301895 -0.0009055275992 0)
(0.9990564389 -0.0007976728463 2.663657634e-26)
(0.9991678558 -0.0007028832402 -5.007883455e-26)
(0.9992662112 -0.0006195653771 2.34422594e-26)
(0.9993530536 -0.0005463352367 0)
(0.9994297466 -0.0004819747922 -1.590912696e-26)
(0.9994974953 -0.0004254099465 1.590911892e-26)
(0.9995573662 -0.0003756983501 -1.033005604e-25)
(0.999610303 -0.0003320152288 -7.719236944e-28)
(0.9996571377 -0.0002936394262 -5.334168524e-27)
(0.9996986071 -0.0002599466495 -4.033884899e-27)
(0.999735366 -0.0002303912654 4.033880008e-27)
(0.9997679882 -0.0002044932948 -2.99160196e-27)
(0.9997969822 -0.000181832879 4.264654069e-27)
(0.9998228025 -0.0001620479286 -1.273054932e-27)
(0.9998458572 -0.0001448226303 0)
(0.9998664959 -0.000129882601 7.144369115e-28)
(0.9998850839 -0.0001169834168 -2.194651521e-26)
(0.9999017422 -0.0001059500515 2.023799745e-28)
(0.9999173701 -9.645292161e-05 -2.023798246e-28)
(0.9999295474 -8.915450163e-05 1.674274319e-29)
(0.9999479567 -7.949628048e-05 -1.676312654e-29)
(1.267384711 0.1065227477 1.055806e-06)
(1.280985194 0.07333441619 -5.554476985e-21)
(1.28985978 0.03854680187 3.773004985e-21)
(1.292363189 0.003081353164 -1.449779495e-22)
(1.287143663 -0.03358053086 2.785210762e-21)
(1.273563968 -0.06953169599 1.834831563e-21)
(1.252094829 -0.1017678277 -8.862194559e-22)
(1.224395781 -0.1279392645 -1.721811831e-21)
(1.192897352 -0.1467785987 3.387392746e-23)
(1.160292449 -0.1579197644 1.064184759e-21)
(1.128903792 -0.1620244958 0)
(1.100328127 -0.1603510773 0)
(1.075528694 -0.154272286 -3.608732534e-22)
(1.054731636 -0.1452762333 3.62032946e-22)
(1.037787346 -0.1345400567 2.107264212e-22)
(1.024331872 -0.1230395108 0)
(1.013867093 -0.1114896341 0)
(1.005858241 -0.1003382999 -4.83809619e-25)
(0.9998203591 -0.08984983044 3.388521536e-25)
(0.9953429873 -0.08015706444 0)
(0.9920885998 -0.07129874116 -2.12301793e-24)
(0.9897851926 -0.06325414136 -1.497964794e-24)
(0.9882193492 -0.05597192012 0)
(0.987228153 -0.04939048621 -1.446390498e-24)
(0.9866887613 -0.04345091111 -1.372309813e-24)
(0.986507151 -0.03810375639 0)
(0.9866084845 -0.03331018587 1.718576801e-23)
(0.9869307562 -0.02903799998 -2.2399849e-23)
(0.9874219392 -0.02525490569 7.84766863e-24)
(0.9880394582 -0.02192270755 0)
(0.9887500584 -0.0189957101 -5.239833714e-24)
(0.9895284325 -0.01642436833 5.266469871e-24)
(0.9903541746 -0.01416226604 4.105741944e-24)
(0.9912080273 -0.01217260641 -4.512416523e-24)
(0.992069101 -0.0104307085 1.047814884e-25)
(0.9929143705 -0.008921282947 -4.670734593e-26)
(0.9937206234 -0.007632164595 -9.830157506e-26)
(0.994467505 -0.00654806678 6.091244925e-25)
(0.9951411877 -0.005646620459 -1.571299736e-24)
(0.9957365614 -0.004899020259 8.187500844e-25)
(0.9962556305 -0.004274510601 0)
(0.996705572 -0.00374510582 7.295610063e-25)
(0.9970961009 -0.003288693014 -1.649036661e-25)
(0.9974369654 -0.002889956392 7.356651472e-25)
(0.9977364202 -0.002539241838 0)
(0.9980007681 -0.002230480312 -4.457501085e-25)
(0.9982346409 -0.001959265202 0)
(0.9984415656 -0.001721667861 -8.844571215e-26)
(0.9986244709 -0.001513818481 1.042576165e-26)
(0.9987859861 -0.001331959704 1.193237395e-25)
(0.9989285448 -0.001172642492 -2.387524111e-25)
(0.99905438 -0.00103286088 2.672476749e-26)
(0.9991654941 -0.0009100717036 -3.185061417e-27)
(0.9992636484 -0.0008021345622 -2.35397075e-26)
(0.9993503789 -0.0007072273186 1.437940604e-25)
(0.9994270274 -0.0006237738614 1.602513218e-26)
(0.9994947735 -0.0005503953387 -1.602513067e-26)
(0.9995546606 -0.0004858799249 0)
(0.9996076151 -0.0004291629944 0)
(0.9996544593 -0.0003793115013 0)
(0.9996959223 -0.0003355102449 0)
(0.9997326494 -0.0002970448923 0)
(0.9997652132 -0.0002632941345 -3.083376803e-27)
(0.9997941234 -0.0002337179736 3.083373752e-27)
(0.9998198283 -0.0002078376655 0)
(0.9998427241 -0.0001852366036 0)
(0.9998631713 -0.0001655566122 0)
(0.99988148 -0.0001484863865 0)
(0.9998979729 -0.0001337469625 0)
(0.9999127558 -0.0001211384726 1.790152176e-28)
(0.9999266265 -0.0001102846124 -1.790150863e-28)
(0.9999374355 -0.000101943097 0)
(0.9999537789 -9.090334804e-05 0)
(1.235898228 0.09184162793 -9.339416553e-22)
(1.247734108 0.0636974902 0)
(1.254716275 0.03428798488 -1.628477722e-21)
(1.256333231 0.003792330164 -1.690525017e-22)
(1.252033283 -0.02684502031 -1.783271858e-21)
(1.241507018 -0.05608086436 0)
(1.224984358 -0.08218062373 -3.375604099e-22)
(1.203537932 -0.1037259997 3.488462375e-22)
(1.178889792 -0.1198514351 2.491929832e-22)
(1.152940599 -0.1303052732 3.347424737e-22)
(1.127361634 -0.1354806767 -8.462392107e-22)
(1.103439706 -0.1360621986 0)
(1.081975163 -0.1329963957 8.517979082e-22)
(1.063323099 -0.1272549453 -4.756294935e-23)
(1.047564531 -0.1197110193 -2.099616657e-22)
(1.034545667 -0.1110719844 -1.52055814e-22)
(1.024028696 -0.1019950969 4.853636502e-23)
(1.01565778 -0.09292845911 -6.854910384e-25)
(1.009066634 -0.08415441783 -3.387993154e-25)
(1.003932817 -0.07584414958 -1.440483604e-25)
(0.9999845934 -0.06808699831 -7.574705181e-25)
(0.9969940009 -0.06091502313 0)
(0.9947731232 -0.05432501918 -1.195252626e-23)
(0.9931718894 -0.04829571171 1.195414911e-23)
(0.9920727874 -0.04279934636 0)
(0.9913827156 -0.03780844751 0)
(0.9910247386 -0.03329841122 3.082593663e-25)
(0.9909320538 -0.02924646178 5.11295459e-24)
(0.9910451374 -0.0256282723 -5.532078777e-24)
(0.9913117855 -0.02241451306 1.315870091e-25)
(0.9916887108 -0.01956965538 4.482169108e-24)
(0.9921428127 -0.01705415677 -4.466831853e-24)
(0.9926506029 -0.01482922843 3.672404443e-24)
(0.9931954721 -0.01286184529 -6.563255641e-24)
(0.9937638216 -0.01112744586 2.673723787e-25)
(0.9943417865 -0.009609027018 2.900971807e-24)
(0.9949139241 -0.008293304667 1.669760328e-26)
(0.9954640811 -0.007166284969 2.387558683e-25)
(0.9959777258 -0.006209918352 0)
(0.9964453074 -0.00540154409 -1.1584576e-24)
(0.9968626358 -0.004716329784 3.998597006e-25)
(0.9972304258 -0.004130898156 -7.295433001e-25)
(0.9975529501 -0.003625522721 -1.391461683e-25)
(0.997836063 -0.00318522424 -3.084610246e-25)
(0.9980855757 -0.002799385966 -1.231432286e-25)
(0.9983063677 -0.002460534391 4.457434662e-25)
(0.9985021997 -0.002163024207 0)
(0.9986759486 -0.001902097373 2.885199037e-25)
(0.9988299538 -0.001673427709 3.212823639e-25)
(0.9989662808 -0.001473018356 -2.079128592e-26)
(0.9990868456 -0.001297251541 2.387503658e-25)
(0.9991934339 -0.001142944487 -4.554508972e-26)
(0.9992876771 -0.001007353636 2.547776297e-26)
(0.9993710303 -0.0008881317954 2.006737444e-26)
(0.9994447714 -0.0007832651374 -2.637138984e-25)
(0.9995100171 -0.0006910125669 1.367330149e-26)
(0.9995677479 -0.0006098574445 -1.367330635e-26)
(0.9996188307 -0.0005384720437 0)
(0.9996640364 -0.0004756915853 -7.132429387e-26)
(0.9997040529 -0.000420494138 -7.044383765e-26)
(0.9997394926 -0.0003719836419 1.507629542e-26)
(0.9997709006 -0.0003293754396 -3.972774993e-27)
(0.9997987595 -0.0002919821219 -3.046625085e-27)
(0.9998235018 -0.0002592037218 2.259228983e-27)
(0.9998455127 -0.0002305211186 -3.366475011e-28)
(0.9998651256 -0.000205471222 -3.057983762e-28)
(0.9998826438 -0.0001836548042 1.970612672e-26)
(0.9998983334 -0.0001647287365 0)
(0.9999124708 -0.0001483855404 0)
(0.9999251453 -0.0001344039931 0)
(0.9999370401 -0.0001223670255 -9.773073788e-29)
(0.9999463102 -0.0001131156604 9.773067058e-29)
(0.9999603299 -0.0001008703101 0)
(1.209211195 0.07847316108 -6.740513037e-22)
(1.219500431 0.05504010997 0)
(1.225441946 0.03047815178 2.759785426e-21)
(1.226878815 0.005441951955 -2.76941728e-21)
(1.223470742 -0.0193347518 1.287738636e-21)
(1.215044683 -0.04294329683 1.891541744e-21)
(1.201943358 -0.0643137531 -9.08309119e-22)
(1.184987129 -0.0824251256 5.982317003e-22)
(1.165383776 -0.09661719949 -2.005668422e-22)
(1.144485337 -0.1066366432 2.601263887e-22)
(1.123532475 -0.1126054529 0)
(1.103517524 -0.1149067417 5.255726929e-22)
(1.085106694 -0.1141322451 -9.840367095e-22)
(1.068691305 -0.1108974051 -3.465817851e-22)
(1.054387345 -0.1058993758 -5.645094274e-22)
(1.042189133 -0.09962337007 5.158510979e-22)
(1.032007092 -0.0926225781 1.467397186e-23)
(1.023639454 -0.08534891433 0)
(1.016829218 -0.07809810341 0)
(1.011332781 -0.071059904 -4.545478073e-24)
(1.006937588 -0.06434951544 4.690471792e-24)
(1.003460128 -0.05803252009 2.848800269e-24)
(1.000742728 -0.0521405255 -2.849250328e-24)
(0.9986533874 -0.04668303415 -6.373428846e-24)
(0.997084059 -0.04165679595 6.505945536e-24)
(0.9959460585 -0.03705227224 0)
(0.9951645142 -0.03285706741 -3.082174151e-25)
(0.994673902 -0.02905668369 7.456561923e-24)
(0.9944156288 -0.02563355143 -1.103147108e-23)
(0.9943377112 -0.02256572721 3.443050883e-24)
(0.9943958577 -0.01982662337 -4.118245395e-26)
(0.994554704 -0.01738650324 -3.868561749e-26)
(0.9947879213 -0.01521544159 0)
(0.9950766006 -0.01328652682 -4.603046168e-26)
(0.9954063399 -0.01157782422 -2.230124574e-24)
(0.9957642365 -0.01007222267 2.188655133e-24)
(0.9961369878 -0.008755384544 -1.669654348e-26)
(0.9965108281 -0.007613104985 -2.386687616e-25)
(0.9968723179 -0.006629420113 0)
(0.9972112673 -0.0057855899 7.585767566e-25)
(0.9975213559 -0.005061138063 2.819186457e-25)
(0.9978000725 -0.004436776178 -2.81920968e-25)
(0.9980481334 -0.003895542173 -1.865653609e-25)
(0.9982681953 -0.003423662748 -6.85264643e-25)
(0.9984635869 -0.003010508714 9.876569896e-26)
(0.9986374479 -0.002647960122 -2.091580419e-25)
(0.9987923696 -0.002329606888 -3.316634276e-25)
(0.9989304044 -0.002050097465 -2.885164062e-25)
(0.9990532352 -0.001804749573 -3.085834409e-25)
(0.9991623467 -0.001589381678 2.78788597e-25)
(0.9992591253 -0.001400264406 4.184964191e-26)
(0.9993448862 -0.001234106693 -4.184971487e-26)
(0.9994208586 -0.001088034249 0)
(0.9994881626 -0.0009595523532 0)
(0.9995477963 -0.0008464998936 2.576513068e-26)
(0.9996006384 -0.0007470028327 1.110381093e-26)
(0.9996474611 -0.0006594317495 -8.394478198e-26)
(0.9996889465 -0.0005823651286 0)
(0.9997257018 -0.0005145587797 7.132398284e-26)
(0.9997582699 -0.0004549211065 6.238669079e-26)
(0.9997871371 -0.0004024933868 0)
(0.9998127384 -0.0003564338047 0)
(0.9998354626 -0.0003160043935 -2.138037815e-27)
(0.9998556524 -0.0002805572926 2.138038137e-27)
(0.99987362 -0.0002495310638 0)
(0.9998896417 -0.0002224353347 0)
(0.9999039587 -0.0001988336175 -3.806454398e-26)
(0.9999167845 -0.0001783550396 0)
(0.999928345 -0.0001606693224 1.085652109e-26)
(0.9999387123 -0.000145538007 0)
(0.9999484443 -0.0001325100047 -7.929220206e-29)
(0.9999560299 -0.0001224962773 -3.126160428e-27)
(0.9999675054 -0.0001092401956 2.053758607e-29)
(1.186720647 0.06694186229 2.466861586e-22)
(1.195593877 0.04762546721 0)
(1.200715609 0.02734428648 1.178829033e-21)
(1.202031385 0.006640874841 -1.182114674e-21)
(1.199336757 -0.01383265238 -1.228417335e-21)
(1.192635692 -0.03333518967 -2.419203715e-21)
(1.182240827 -0.05110438839 -1.036550148e-21)
(1.168774988 -0.06644657948 1.000985286e-21)
(1.153099746 -0.0788818214 -4.765833196e-22)
(1.136192829 -0.08817530936 2.063856784e-22)
(1.118977603 -0.09432232245 3.104915211e-22)
(1.102216081 -0.09751545885 -3.797968918e-22)
(1.086464542 -0.09810442116 2.100039288e-22)
(1.072086243 -0.09652763534 -1.153469924e-22)
(1.059241829 -0.09331326409 5.641398022e-22)
(1.048001288 -0.08885874091 -9.00886926e-22)
(1.038334543 -0.08354436846 0)
(1.030159463 -0.07777967723 0)
(1.023320028 -0.07184910674 0)
(1.017651066 -0.06595362864 0)
(1.012987555 -0.06021844192 4.183772439e-25)
(1.009180026 -0.05472289051 3.838848111e-24)
(1.006098052 -0.04951854266 -2.875065615e-24)
(1.003629566 -0.04463626896 -6.807871133e-25)
(1.001679145 -0.04009133681 -8.383634696e-25)
(1.00016531 -0.03588855753 3.056579647e-24)
(0.9990175719 -0.03202616594 5.983903733e-25)
(0.9981739633 -0.02849769193 -3.640637428e-24)
(0.9975794399 -0.02529238292 -2.039530177e-24)
(0.9971853394 -0.02239520116 2.039654168e-24)
(0.9969497238 -0.01978723179 -1.926679455e-24)
(0.9968379636 -0.01744690022 3.880893859e-24)
(0.9968227526 -0.01535187231 -1.874337303e-24)
(0.9968830833 -0.01348104466 0)
(0.9970023455 -0.0118158582 0)
(0.9971662406 -0.0103404331 0)
(0.9973612893 -0.009040596525 0)
(0.9975744641 -0.007902422681 -1.131669171e-24)
(0.9977934514 -0.00691150899 1.132883285e-24)
(0.9980080818 -0.00605187168 3.882142701e-25)
(0.9982114722 -0.005306338519 5.555383419e-25)
(0.9983994475 -0.004658765096 -2.055046835e-25)
(0.9985704231 -0.004094632583 4.091938235e-25)
(0.9987246516 -0.003601570817 3.638542787e-25)
(0.9988633404 -0.003169441019 0)
(0.9989879705 -0.002790034941 2.290370282e-25)
(0.9990999271 -0.002456622075 3.629353435e-25)
(0.9992003877 -0.002163535181 -9.650219658e-26)
(0.9992903546 -0.001905879399 4.534350923e-26)
(0.9993707288 -0.00167936095 0)
(0.9994423669 -0.001480192373 1.101363653e-25)
(0.9995061033 -0.00130503341 2.773222116e-26)
(0.9995627442 -0.00115094492 -1.137608153e-25)
(0.9996130506 -0.001015348125 0)
(0.9996577214 -0.0008959873993 9.415421125e-26)
(0.9996973849 -0.0007908952537 5.892366788e-26)
(0.9997325994 -0.0006983581486 7.284057233e-26)
(0.9997638592 -0.0006168829232 -6.443373578e-27)
(0.999791604 -0.0005451652537 8.010364033e-28)
(0.9998162267 -0.0004820621124 1.057190186e-26)
(0.9998380806 -0.0004265693104 -4.929557707e-27)
(0.9998574838 -0.0003778038352 0)
(0.9998747223 -0.0003349898923 0)
(0.9998900524 -0.0002974474346 0)
(0.9999037026 -0.0002645779365 -1.174960142e-27)
(0.9999158822 -0.0002358668962 2.162607499e-27)
(0.9999267759 -0.0002108557563 1.575399594e-26)
(0.9999365389 -0.0001891521227 0)
(0.9999453421 -0.0001704060918 -1.085649729e-26)
(0.9999532401 -0.0001543660805 -5.995933246e-27)
(0.9999606574 -0.000140554488 1.862751255e-28)
(0.9999664399 -0.0001299377472 5.439101467e-27)
(0.9999751915 -0.0001158815797 0)
(1.167729219 0.05725365124 1.598518151e-24)
(1.175321021 0.04130382051 0)
(1.179767496 0.02453586829 1.015876205e-21)
(1.180996138 0.007434583233 -1.978073175e-21)
(1.1789513 -0.009428106318 9.30420764e-23)
(1.173685561 -0.02551932683 7.425059021e-23)
(1.165432892 -0.04030599316 4.983991079e-23)
(1.154679611 -0.05332315063 3.692518004e-23)
(1.142062415 -0.06420184158 8.112323578e-22)
(1.128293527 -0.07272729323 -3.844513237e-22)
(1.114065991 -0.07882562715 -3.706732099e-22)
(1.099974771 -0.08255547792 1.130309743e-22)
(1.086482341 -0.0840985741 2.504608261e-22)
(1.073916685 -0.08373752335 -9.449167015e-23)
(1.062468871 -0.08184257898 2.017143842e-22)
(1.052226273 -0.07878950558 1.976088831e-22)
(1.043222625 -0.0748649229 0)
(1.035398693 -0.07040143676 3.307810149e-22)
(1.028675393 -0.0656247199 5.243993116e-23)
(1.022973147 -0.06073513548 -2.706082161e-23)
(1.018179331 -0.05587814095 -4.183066935e-25)
(1.014171813 -0.05114337721 2.783036165e-25)
(1.010840136 -0.04659126001 -6.901479984e-24)
(1.008090235 -0.04226495049 7.032357163e-24)
(1.005841217 -0.03819263424 1.581749705e-26)
(1.004021631 -0.03439038816 -1.147329313e-24)
(1.002567666 -0.03086542719 1.123236142e-24)
(1.001422479 -0.0276184708 6.284478888e-25)
(1.000535623 -0.02464504418 -6.184729247e-26)
(0.9998625558 -0.02193625473 -5.614862236e-25)
(0.9993645376 -0.01947958415 3.045516533e-27)
(0.9990087369 -0.01725995754 -8.654527376e-25)
(0.9987681022 -0.0152610654 8.603912143e-25)
(0.9986206593 -0.01346667522 -8.520110088e-25)
(0.9985482986 -0.01186155478 8.520386125e-25)
(0.9985354405 -0.01043173556 0)
(0.9985680212 -0.009164134536 -7.306672241e-27)
(0.9986331286 -0.008045865057 6.672361661e-25)
(0.9987190218 -0.007063958941 -6.677242271e-25)
(0.9988157745 -0.006204633665 -5.178964481e-26)
(0.9989160495 -0.005453423962 -6.713494349e-25)
(0.9990146892 -0.004796546888 -1.663886378e-25)
(0.9991085906 -0.004221503792 1.515610349e-25)
(0.999196252 -0.003717279375 0)
(0.9992771945 -0.003274463167 2.068107636e-25)
(0.9993514715 -0.002885119491 -8.855778436e-27)
(0.9994193514 -0.002542539128 2.598710273e-26)
(0.9994811594 -0.002240987472 -2.933492948e-26)
(0.999537225 -0.001975504659 2.933507869e-26)
(0.99958788 -0.001741763373 -2.311845992e-26)
(0.9996334701 -0.001535967694 -6.653563158e-26)
(0.9996743613 -0.001354776214 -3.860295131e-26)
(0.9997109375 -0.001195240956 1.201637769e-25)
(0.9997435906 -0.00105475945 -5.981435878e-26)
(0.9997727066 -0.0009310378804 -2.620508711e-26)
(0.9997986522 -0.0008220612206 -1.054572532e-25)
(0.999821765 -0.0007260657154 0)
(0.9998423491 -0.0006415108664 0)
(0.9998606759 -0.0005670509389 0)
(0.9998769876 -0.0005015079078 -3.234452937e-27)
(0.999891502 -0.0004438478427 4.176546357e-28)
(0.9999044165 -0.0003931616386 -1.491585721e-26)
(0.9999159109 -0.0003486496539 4.553282358e-27)
(0.9999261483 -0.0003096096122 9.266248892e-27)
(0.9999352755 -0.0002754252963 -1.047990728e-26)
(0.9999434296 -0.0002455590294 8.973118554e-27)
(0.9999507312 -0.0002195354409 -6.832793487e-27)
(0.9999572805 -0.0001969522639 0)
(0.9999631908 -0.0001774445482 -4.418293831e-27)
(0.9999684975 -0.0001607509696 5.809643765e-27)
(0.9999734849 -0.0001463752295 -2.312711563e-27)
(0.9999773746 -0.0001353240669 -2.254162779e-27)
(0.9999832661 -0.0001206907847 0)
(1.151591661 0.04899621263 1.950118139e-22)
(1.158085906 0.03581221716 0)
(1.161961121 0.02197640699 -2.177005895e-21)
(1.163143248 0.007900461403 3.56476086e-21)
(1.16165339 -0.00600882958 8.444781149e-22)
(1.157533673 -0.01934363787 9.454196459e-22)
(1.150982377 -0.03173161686 -8.025857118e-22)
(1.142360868 -0.04283281049 0)
(1.132151925 -0.05236304165 0)
(1.120885159 -0.06012202102 -8.005711197e-23)
(1.109083838 -0.06599336048 7.660768761e-23)
(1.097212742 -0.06995221355 0)
(1.085650046 -0.07207686881 0)
(1.074682415 -0.07254385791 1.987714113e-22)
(1.064507362 -0.07160800303 -1.161929307e-22)
(1.055235975 -0.06956983011 -3.373152993e-23)
(1.046919644 -0.06670565671 -2.535045558e-22)
(1.039538411 -0.06328932149 -1.345423521e-22)
(1.03306058 -0.0595065886 3.658341768e-22)
(1.027434281 -0.05550509885 -8.955695421e-23)
(1.02260414 -0.05142856191 -2.000888659e-23)
(1.018488813 -0.04738391375 2.500498281e-23)
(1.01499628 -0.0434386085 4.951733363e-25)
(1.012046527 -0.03964131525 -1.955201041e-25)
(1.00957122 -0.03602627998 -1.368046033e-27)
(1.007509433 -0.03261700771 1.192850445e-25)
(1.005805417 -0.02942803992 1.013884544e-25)
(1.004408537 -0.02646643392 6.530666992e-26)
(1.003273418 -0.02373324906 -5.346750122e-26)
(1.002359747 -0.02122486605 5.277188644e-25)
(1.001632074 -0.0189340817 -5.307973631e-25)
(1.001059738 -0.01685107763 -1.194598696e-25)
(1.000616675 -0.01496438439 1.118164478e-25)
(1.000280914 -0.01326181437 -8.460473511e-26)
(1.00003379 -0.01173118612 8.914699591e-26)
(0.9998591035 -0.01036067063 0)
(0.9997424505 -0.009138749085 7.306284662e-27)
(0.9996709247 -0.008053941501 0)
(0.9996330804 -0.00709478398 4.910313866e-26)
(0.9996190698 -0.006249529737 -2.966203987e-25)
(0.9996212158 -0.005505864172 2.309158393e-25)
(0.9996336434 -0.004851870897 1.663850994e-25)
(0.9996521928 -0.004276730891 -1.515581205e-25)
(0.999674083 -0.003770678822 0)
(0.9996975331 -0.003325126048 -8.907189366e-26)
(0.9997214216 -0.002932616945 -1.337147112e-26)
(0.9997450326 -0.002586696326 -1.206130337e-25)
(0.9997678945 -0.002281758674 0)
(0.9997896889 -0.002012915608 0)
(0.9998102014 -0.001775889484 2.704522454e-26)
(0.9998292959 -0.001566927211 -1.122894206e-27)
(0.9998469004 -0.001382727082 -9.273564163e-27)
(0.9998629991 -0.001220375803 -7.321088705e-27)
(0.9998776251 -0.001077296476 5.760281772e-26)
(0.99989085 -0.0009512080994 3.790766778e-26)
(0.9999027717 -0.00084009467 2.834899749e-26)
(0.9999134997 -0.0007421799958 0)
(0.9999231437 -0.0006559044327 0)
(0.999931806 -0.0005799015315 -5.914073044e-27)
(0.9999395791 -0.0005129746272 0)
(0.9999465468 -0.0004540746006 1.293795221e-27)
(0.9999527861 -0.0004022801486 1.511572861e-26)
(0.9999583691 -0.0003567811759 -1.550106737e-28)
(0.9999633638 -0.000316865404 -1.151491542e-26)
(0.9999678322 -0.0002819070252 8.884224919e-27)
(0.9999718425 -0.0002513557564 -1.022027862e-26)
(0.9999754452 -0.0002247390868 6.832772661e-27)
(0.9999786803 -0.0002016366866 0)
(0.9999816077 -0.0001816769746 4.41828115e-27)
(0.9999842423 -0.000164594552 0)
(0.9999867236 -0.0001498824551 2.330113985e-27)
(0.9999886607 -0.0001385719268 -2.194117139e-29)
(0.9999916014 -0.0001235932058 -1.442037418e-28)
(1.137816315 0.04198082231 -7.863414807e-23)
(1.143390121 0.03107515112 -1.01494812e-22)
(1.146795417 0.01966140389 -1.798647563e-22)
(1.14796766 0.008062880435 7.19969688e-22)
(1.146908915 -0.003424653173 -1.63183759e-21)
(1.143695237 -0.01449379234 0)
(1.138499892 -0.02488676959 8.024907128e-22)
(1.131582935 -0.03435962096 3.374003336e-22)
(1.123299831 -0.04269173058 3.475138046e-22)
(1.114046615 -0.04968974219 -2.122593246e-22)
(1.10422109 -0.05521638896 5.543693204e-22)
(1.094189476 -0.05919838808 -2.620229656e-22)
(1.084262196 -0.06164763266 -1.33139225e-23)
(1.074687512 -0.06266761144 -2.365689191e-23)
(1.065651395 -0.06243852627 1.697518396e-22)
(1.057277515 -0.06118831581 -2.426379696e-22)
(1.049635318 -0.05915108949 1.830899434e-22)
(1.042741888 -0.05655179767 4.99311057e-23)
(1.03658218 -0.0535770933 -4.693175157e-22)
(1.031129081 -0.05034976073 0)
(1.026347807 -0.04696702076 -5.836532999e-23)
(1.022196022 -0.04354186992 -5.342838293e-23)
(1.018608411 -0.04014749968 -4.948610573e-25)
(1.015524128 -0.03684047711 1.340994969e-23)
(1.012884958 -0.03365823975 -1.364009621e-23)
(1.010637681 -0.03062707036 -1.192741734e-25)
(1.008734125 -0.02776606459 -9.209116348e-26)
(1.007130588 -0.02508745881 5.118462946e-24)
(1.005787418 -0.02259708509 -5.178425025e-24)
(1.004668726 -0.02029568021 1.551854353e-25)
(1.003742374 -0.01818027144 -1.269060921e-25)
(1.002980034 -0.01624518675 0)
(1.002357078 -0.01448281953 1.554506576e-26)
(1.0018522 -0.0128843283 0)
(1.001446886 -0.01144024221 -5.309784058e-25)
(1.001124886 -0.01014085534 5.474371121e-25)
(1.000871784 -0.008976373078 1.969095425e-26)
(1.000674754 -0.007936878449 2.408827219e-25)
(1.000522539 -0.007012402742 -2.55835897e-25)
(1.000405332 -0.006193046009 -1.829733182e-25)
(1.000315173 -0.005468324554 0)
(1.000245618 -0.004827863313 -1.296469856e-25)
(1.000191742 -0.004262275099 2.038236119e-26)
(1.000149826 -0.003762937365 -4.036038761e-27)
(1.000117096 -0.003322102541 -1.090466768e-25)
(1.000091489 -0.002932900086 -1.902645117e-26)
(1.000071449 -0.002589271737 8.97620941e-26)
(1.000055784 -0.00228588169 -5.035779001e-26)
(1.000043566 -0.002018028138 4.351824054e-26)
(1.000034062 -0.001781566451 -5.436430712e-26)
(1.000026682 -0.001572843385 2.042560872e-27)
(1.000020953 -0.001388638108 -3.059125736e-26)
(1.000016491 -0.001226107564 2.49228038e-26)
(1.000012997 -0.00108273691 2.179911728e-26)
(1.000010242 -0.0009562971067 1.909757708e-26)
(1.000008057 -0.0008448109014 9.460922058e-28)
(1.00000632 -0.0007465263952 -1.773769067e-27)
(1.000004942 -0.0006598957036 8.276762693e-28)
(1.000003856 -0.0005835558797 5.914042732e-27)
(1.000003004 -0.0005163101652 0)
(1.000002341 -0.0004571090597 0)
(1.000001825 -0.0004050319015 0)
(1.000001423 -0.0003592700541 -6.634354751e-27)
(1.00000111 -0.0003191125226 -5.748346451e-27)
(1.000000865 -0.0002839339313 1.481777898e-28)
(1.00000067 -0.0002531828951 1.931775208e-27)
(1.000000516 -0.0002263924245 -6.361945797e-29)
(1.000000396 -0.0002031358043 -2.86733604e-27)
(1.000000301 -0.0001830398182 -6.183181287e-29)
(1.000000225 -0.0001658387812 1.784232014e-27)
(1.000000164 -0.0001510230013 -4.317436409e-30)
(1.00000012 -0.000139631942 -7.008486054e-28)
(1.000000066 -0.0001245445265 -1.400520586e-28)
(1.126026052 0.03598966154 -3.291124755e-23)
(1.13083461 0.02696107102 -1.731839689e-22)
(1.13384783 0.0175386813 1.642186149e-22)
(1.135002252 0.00798399423 0)
(1.134299636 -0.001488619923 -6.979976264e-22)
(1.131837992 -0.01068511325 6.992168412e-22)
(1.127731996 -0.01940684833 0)
(1.122173157 -0.02749261639 -6.847276444e-22)
(1.115428524 -0.03476205794 0)
(1.107799894 -0.04103293463 0)
(1.099589207 -0.04615580956 0)
(1.091084872 -0.05002742555 1.430704268e-23)
(1.082542193 -0.05261726477 1.331615254e-23)
(1.074175071 -0.05397934391 0)
(1.066153411 -0.05424194505 0)
(1.058601413 -0.05358105731 6.966716937e-23)
(1.051599549 -0.05218716017 -6.526555202e-23)
(1.045189235 -0.05024147945 -5.010463621e-23)
(1.039377805 -0.04790746707 1.906370218e-22)
(1.034149654 -0.0453147177 0)
(1.029492489 -0.0425388484 -5.606032066e-23)
(1.025365895 -0.03967616258 1.624116025e-22)
(1.021731202 -0.03678412179 2.009955002e-23)
(1.01855764 -0.03392377152 -3.697646951e-23)
(1.015802065 -0.03114236224 1.67250176e-23)
(1.013416782 -0.02846897233 0)
(1.011358152 -0.02592390591 3.740823553e-25)
(1.009588286 -0.02352215511 8.636633437e-24)
(1.008073373 -0.02127306953 -8.54541681e-24)
(1.006782218 -0.01918096116 -1.551745498e-25)
(1.005686071 -0.01724626578 -6.270055506e-26)
(1.004759017 -0.01546654543 -1.957364031e-24)
(1.003978112 -0.01383722648 1.821422263e-24)
(1.003323129 -0.01235220631 0)
(1.002776186 -0.01100437404 0)
(1.002321399 -0.009786006607 -1.001789224e-24)
(1.001944617 -0.008689009341 9.583583952e-25)
(1.001633225 -0.007705024357 7.501007549e-25)
(1.001376155 -0.00682548159 -7.558818275e-25)
(1.001163677 -0.006042163104 1.829694439e-25)
(1.000987632 -0.005346209007 3.154002133e-25)
(1.000841127 -0.00472855803 3.546262449e-26)
(1.000718672 -0.004181069913 1.753025633e-25)
(1.000615846 -0.003696167655 -1.511663576e-25)
(1.000529123 -0.003266927794 2.10207298e-25)
(1.000455697 -0.002887108055 -2.16543391e-25)
(1.000393315 -0.002551124937 -5.845046378e-26)
(1.000340158 -0.002254002185 1.693409679e-25)
(1.000294744 -0.001991310972 -1.476614119e-25)
(1.000255854 -0.001759114182 6.808218732e-26)
(1.000222476 -0.001553917758 -3.036711039e-26)
(1.000193763 -0.001372626644 9.881091615e-26)
(1.000169 -0.001212502291 3.679763586e-26)
(1.000147582 -0.001071120793 -7.604270426e-26)
(1.000129003 -0.0009463332433 -1.909745127e-26)
(1.000112841 -0.0008362309614 -6.918483693e-27)
(1.000098749 -0.0007391173521 -3.601311351e-26)
(1.000086441 -0.0006534861664 -2.629906569e-26)
(1.000075677 -0.0005780041568 4.681799252e-27)
(1.000066255 -0.0005114955945 -4.681808376e-27)
(1.000058 -0.0004529268622 0)
(1.000050758 -0.0004013906918 0)
(1.000044394 -0.0003560907431 6.634326184e-27)
(1.000038789 -0.0003163276363 4.582204619e-27)
(1.000033842 -0.0002814870036 2.162387425e-27)
(1.000029457 -0.0002510291238 -9.962688421e-28)
(1.000025559 -0.0002244806689 -3.492765965e-28)
(1.000022088 -0.0002014328027 -3.590106344e-27)
(1.000018975 -0.0001815163195 -2.82999582e-28)
(1.000016194 -0.0001644675039 2.53450653e-27)
(1.000013593 -0.0001497815283 -2.950479942e-27)
(1.000011571 -0.0001384895217 2.361812631e-27)
(1.000008525 -0.0001235313502 2.754073913e-28)
(1.11592147 0.03083765469 7.044565853e-23)
(1.120100489 0.0233620781 -1.35949012e-22)
(1.122790338 0.01558843989 -7.111904344e-23)
(1.123935544 0.007724666166 -4.597968332e-22)
(1.123539646 -8.673721573e-05 6.240816054e-22)
(1.121672122 -0.007725812394 2.830135998e-22)
(1.118432362 -0.01504968503 0)
(1.113966315 -0.02194504654 2.891437029e-22)
(1.108464853 -0.02826257303 -1.643304959e-23)
(1.102154824 -0.03383835501 -2.412910875e-22)
(1.09526776 -0.03851798499 7.414661391e-24)
(1.088031581 -0.04218295657 1.982206941e-22)
(1.080657076 -0.04477763487 -2.121685127e-23)
(1.073328739 -0.04632305414 -3.619258101e-22)
(1.066200212 -0.04690974693 1.706392663e-22)
(1.05939102 -0.04667449195 -4.402512529e-24)
(1.052985845 -0.04577155677 5.793304575e-23)
(1.047037544 -0.04434965947 -5.793367574e-23)
(1.041572134 -0.0425410138 -2.26567166e-23)
(1.036591741 -0.04045971731 0)
(1.032089273 -0.03818941518 0)
(1.028036694 -0.03581342833 -1.231468931e-22)
(1.024412112 -0.03338169568 -2.122247684e-22)
(1.021192179 -0.0309351133 7.169385446e-23)
(1.01835547 -0.02852308153 2.04956983e-23)
(1.015868108 -0.02618358564 0)
(1.013690704 -0.02393909688 -1.271154895e-23)
(1.011789275 -0.02180557226 2.25303836e-23)
(1.010134555 -0.01979367139 -1.024173743e-23)
(1.008699743 -0.01791012624 0)
(1.007459631 -0.01615821064 4.367267908e-25)
(1.006390924 -0.01453814465 2.127102438e-25)
(1.005472539 -0.01304774487 2.522490877e-24)
(1.004685553 -0.0116830973 -2.386573482e-24)
(1.004012985 -0.01043908359 0)
(1.003439584 -0.009309758059 -1.396536076e-24)
(1.002951663 -0.008288611435 1.514860063e-24)
(1.002536952 -0.007368746759 -1.197539872e-25)
(1.002184577 -0.006542986374 -2.439332488e-26)
(1.001885006 -0.005804415745 0)
(1.001629841 -0.005145629156 -3.153947001e-25)
(1.001411966 -0.004558823998 0)
(1.001225439 -0.004036938212 1.399554022e-25)
(1.001065308 -0.003573355189 -3.313806407e-25)
(1.000927476 -0.003161941993 -1.221595079e-25)
(1.000808551 -0.002797095773 3.966058887e-25)
(1.000705719 -0.002473746288 2.11151388e-25)
(1.000616628 -0.002187328799 -4.724444029e-26)
(1.000539309 -0.001933744654 3.240393646e-26)
(1.000472103 -0.001709321311 0)
(1.000413609 -0.001510776343 0)
(1.000362634 -0.001335184877 6.184591127e-26)
(1.000318156 -0.001179947895 -8.307205531e-26)
(1.000279295 -0.001042759592 5.424336528e-26)
(1.000245291 -0.0009215741046 0)
(1.000215491 -0.0008145737411 -7.919237215e-26)
(1.000189337 -0.0007201412019 3.840025221e-26)
(1.000166353 -0.0006368370932 5.346797894e-26)
(1.000146135 -0.0005633823194 -5.490678201e-26)
(1.000128333 -0.0004986436673 0)
(1.000112649 -0.0004416207415 -3.120258978e-26)
(1.000098818 -0.0003914330808 -3.338281165e-26)
(1.000086607 -0.000347307205 -2.491228826e-27)
(1.00007581 -0.0003085643787 2.718381491e-26)
(1.000066245 -0.0002746089995 -2.147530203e-26)
(1.000057749 -0.0002449186872 1.54385362e-27)
(1.000050178 -0.0002190333438 -2.183878421e-27)
(1.000043416 -0.000196557498 7.773991155e-27)
(1.000037337 -0.0001771334336 -8.950256656e-27)
(1.000031897 -0.0001605049033 -4.301170816e-27)
(1.000026801 -0.0001461797829 3.002522551e-27)
(1.000022833 -0.0001351645465 9.660439484e-28)
(1.000016847 -0.0001205711611 0)
(1.107269076 0.02636471602 5.847202485e-23)
(1.110935902 0.02018363806 0)
(1.113360903 0.01378151261 1.351465077e-22)
(1.114498167 0.007314486179 2.882545784e-22)
(1.114349849 0.0008783009871 4.261756951e-22)
(1.112962354 -0.005450173632 -1.726397169e-21)
(1.110423923 -0.01158325955 2.703819563e-23)
(1.106840076 -0.01744275335 0)
(1.102345534 -0.02290739325 0)
(1.097107798 -0.02782748484 -2.702782321e-22)
(1.091305809 -0.03204732469 4.515977233e-22)
(1.085120567 -0.03544356482 -2.214438117e-22)
(1.078727585 -0.03794754697 1.854232989e-22)
(1.072286687 -0.03955920579 3.828071136e-24)
(1.065936032 -0.04034196099 -3.176160918e-22)
(1.059788098 -0.04040243968 1.501458013e-22)
(1.053927678 -0.03986531661 0)
(1.048412971 -0.03885296779 0)
(1.043279423 -0.03747445648 0)
(1.03854318 -0.03582378038 -3.999639975e-23)
(1.03420708 -0.03397804074 3.997601925e-23)
(1.030259678 -0.03200800293 1.237554319e-22)
(1.026682756 -0.02997211722 3.28536138e-22)
(1.023460276 -0.02790531535 -9.118127384e-23)
(1.020577263 -0.02583598342 0)
(1.01801577 -0.0238072637 -5.548820334e-23)
(1.015746009 -0.02184445169 8.570270723e-24)
(1.013740882 -0.01996682258 0)
(1.011974176 -0.01818558559 -4.684015135e-24)
(1.010421614 -0.01650793391 5.476491746e-24)
(1.009060943 -0.01493876918 3.514158973e-25)
(1.007871656 -0.01348040935 -2.126997929e-25)
(1.006834803 -0.0121326496 3.076629452e-24)
(1.005932936 -0.01089333851 -3.076802887e-24)
(1.005150122 -0.009758982234 -1.720156779e-25)
(1.00447189 -0.008725158498 -2.135506351e-24)
(1.003885139 -0.007786774817 3.904832525e-24)
(1.003378024 -0.006938258035 -1.667571983e-24)
(1.002939942 -0.006173694626 7.732261869e-26)
(1.002561499 -0.005487310742 0)
(1.002234316 -0.004872904237 2.555951342e-25)
(1.001951046 -0.004323903074 -2.556006159e-25)
(1.001705416 -0.003834182771 -1.960572556e-25)
(1.001492109 -0.003398013703 1.097421189e-24)
(1.001306595 -0.00301001835 -3.228186701e-25)
(1.001145029 -0.002665227919 -8.980405166e-26)
(1.001004136 -0.002359099473 -3.275886462e-25)
(1.000881124 -0.002087506075 1.164406571e-25)
(1.000773606 -0.001846713761 0)
(1.000679536 -0.0016333543 0)
(1.000597162 -0.001444398418 -6.974797307e-26)
(1.000524975 -0.001277130776 -4.100641304e-26)
(1.000461672 -0.001129125816 -1.316072366e-25)
(1.000406117 -0.0009982230664 1.159140651e-25)
(1.000357325 -0.0008825013837 0)
(1.000314432 -0.0007802528745 8.484463787e-26)
(1.000276688 -0.0006899581312 -1.842913584e-26)
(1.000243441 -0.0006102643018 1.423041702e-26)
(1.00021413 -0.0005399668021 -3.015419562e-26)
(1.000188267 -0.0004779945199 -5.342272028e-26)
(1.000165431 -0.0004233975786 3.450769419e-26)
(1.000145252 -0.0003753365443 3.007739264e-26)
(1.000127404 -0.0003330720776 3.531847778e-26)
(1.000111597 -0.0002959546698 -2.254792726e-26)
(1.000097574 -0.0002634137288 4.810476602e-26)
(1.000085104 -0.0002349561214 -2.636653815e-27)
(1.000073984 -0.0002101417976 0)
(1.000064041 -0.0001885911065 1.520387581e-26)
(1.000055096 -0.0001699641664 8.950220487e-27)
(1.000047086 -0.0001540166907 -9.145380069e-27)
(1.000039578 -0.0001402771061 0)
(1.00003373 -0.0001297115107 9.267830562e-28)
(1.000024899 -0.0001157121841 0)
(1.09987975 0.02244223845 9.66390312e-23)
(1.103132872 0.01734713966 2.728695491e-23)
(1.10534284 0.01209209298 -1.880906837e-22)
(1.106473416 0.0067937964 6.341470724e-23)
(1.106522169 0.001518065184 0)
(1.10552821 -0.003694109629 -2.488164093e-22)
(1.103563423 -0.008818296571 1.031730465e-21)
(1.100690032 -0.01377917826 2.428623267e-22)
(1.097007467 -0.01847895943 0)
(1.092639986 -0.02278061067 -2.806313047e-22)
(1.087726521 -0.02653625364 1.673177759e-24)
(1.082411122 -0.02962415195 1.855789258e-22)
(1.076840248 -0.03197030462 0)
(1.071152929 -0.03356195309 2.066090841e-23)
(1.06547337 -0.03444326769 0)
(1.059906255 -0.03469755354 0)
(1.054534102 -0.03442534748 0)
(1.049417308 -0.03372676244 0)
(1.044596634 -0.03269187357 4.750339573e-23)
(1.040096475 -0.03139849536 -5.483735654e-24)
(1.03592855 -0.02991274374 -4.202411031e-23)
(1.032094346 -0.02829261308 6.515424043e-23)
(1.028585555 -0.02659208357 -1.818222491e-22)
(1.025388119 -0.02485491813 -5.496487973e-23)
(1.022495541 -0.02310146255 8.681069285e-23)
(1.019887239 -0.02136849421 -4.861407985e-23)
(1.017544906 -0.01967301942 8.364434363e-24)
(1.015455267 -0.01803666111 0)
(1.013597914 -0.01647574249 -7.919411429e-25)
(1.011949675 -0.01499857443 5.559350258e-24)
(1.010489445 -0.01361006647 -6.158300005e-24)
(1.009198814 -0.01231346255 0)
(1.008061016 -0.011110068 0)
(1.007060286 -0.009999205679 -3.239477296e-24)
(1.006181842 -0.008978687678 3.411657903e-24)
(1.005412043 -0.008045317133 0)
(1.004738419 -0.007195191592 2.041338189e-24)
(1.004149602 -0.006423890715 -2.172457408e-24)
(1.003635299 -0.005726612703 -1.548285319e-24)
(1.003186314 -0.005098579853 9.376909471e-25)
(1.002794346 -0.004534714103 -1.667744795e-26)
(1.002451934 -0.004029480735 0)
(1.002152567 -0.00357761312 5.805419151e-25)
(1.001890667 -0.003174198114 -4.158489325e-25)
(1.001661379 -0.002814574535 0)
(1.001460499 -0.00249439026 0)
(1.001284384 -0.0022096291 -3.490924014e-25)
(1.001129878 -0.001956613938 3.076049349e-25)
(1.000994243 -0.001731996151 -2.710948724e-25)
(1.000875106 -0.001532738169 -2.389475184e-25)
(1.000770404 -0.001356093539 -2.106257893e-25)
(1.000678347 -0.001199587078 0)
(1.000597377 -0.001060995811 2.013030283e-25)
(1.000526129 -0.0009383303144 -1.85610374e-25)
(1.000463409 -0.0008298156911 0)
(1.000408165 -0.0007338717705 2.378977084e-26)
(1.000359475 -0.0006490928696 -1.01285803e-25)
(1.000316529 -0.0005742280293 -2.092042362e-26)
(1.00027862 -0.0005081629731 6.09684797e-26)
(1.000245133 -0.0004499048295 9.826745404e-28)
(1.00021553 -0.0003985698362 -2.642037239e-26)
(1.000189341 -0.000353373653 6.299782841e-26)
(1.000166151 -0.0003136234046 -3.531831575e-26)
(1.000145594 -0.000278706214 3.988596545e-27)
(1.000127339 -0.0002480893262 -9.824063854e-28)
(1.000111095 -0.0002213092722 5.345330473e-28)
(1.000096604 -0.0001979523095 -2.022580613e-26)
(1.000083644 -0.0001776633792 -1.520380806e-26)
(1.000071977 -0.0001601248435 -1.504428882e-26)
(1.000061526 -0.0001451076991 8.872152035e-27)
(1.000051726 -0.0001321685525 2.731898488e-28)
(1.000044091 -0.0001222180045 -3.588130635e-27)
(1.000032557 -0.0001090322595 0)
(1.09360687 0.01896190827 7.471096954e-23)
(1.096527798 0.01478543412 -2.345303301e-22)
(1.098565166 0.01049624648 1.074688567e-22)
(1.099692341 0.006179918898 -5.670239979e-23)
(1.099909845 0.001878167077 1.170782801e-22)
(1.099234325 -0.002399683275 2.489625784e-22)
(1.097716173 -0.006651753432 -7.249360908e-22)
(1.095415451 -0.01081897457 -2.429195398e-22)
(1.092393296 -0.01482036084 -2.224659062e-22)
(1.088734676 -0.01853328404 3.318154527e-22)
(1.084547404 -0.02182328274 1.327326384e-23)
(1.079948651 -0.02457444212 7.253990187e-23)
(1.075061897 -0.02671308075 -4.45952175e-23)
(1.070008933 -0.02821945384 -4.242081334e-23)
(1.064901801 -0.02912395119 3.81285523e-23)
(1.059837508 -0.02949156664 6.684906369e-23)
(1.0548951 -0.0294029803 -6.685058334e-23)
(1.050135186 -0.02893944266 -2.879904677e-23)
(1.045601566 -0.02817463278 -4.881799633e-23)
(1.041323844 -0.02717267238 6.909581308e-23)
(1.037320149 -0.0259890868 -6.450766135e-23)
(1.033599576 -0.02467260856 -3.448796056e-23)
(1.030163726 -0.02326715055 4.277059565e-23)
(1.027006408 -0.02181288696 5.531165373e-23)
(1.02412071 -0.0203377128 6.513916536e-24)
(1.021489844 -0.01887386291 9.187475379e-23)
(1.019102831 -0.01743550877 -3.670739769e-23)
(1.016948457 -0.0160327385 2.06653178e-23)
(1.015016334 -0.01468311279 1.625573994e-23)
(1.013289281 -0.0133999587 -2.19334004e-25)
(1.011747311 -0.01218913373 5.526849219e-24)
(1.010372614 -0.01105366081 -5.52725037e-24)
(1.009149866 -0.009995482406 0)
(1.008064979 -0.009015076424 0)
(1.007104472 -0.008111401893 -4.658216116e-25)
(1.006255584 -0.007282286713 2.900091499e-24)
(1.005506484 -0.006524801395 -1.691018392e-25)
(1.004846287 -0.005835498949 -4.793997589e-24)
(1.004265047 -0.00521054882 1.13534559e-24)
(1.003753792 -0.004646050387 1.609522246e-24)
(1.003304365 -0.004137911729 -1.197410057e-25)
(1.002909266 -0.00368151988 0)
(1.002561807 -0.003272391291 -5.805359997e-25)
(1.002256224 -0.00290636115 5.977615162e-25)
(1.00198742 -0.002579441419 5.271357073e-25)
(1.001750912 -0.002287874338 0)
(1.001542765 -0.002028164317 7.591493195e-25)
(1.00135953 -0.001797089187 -3.076024263e-25)
(1.001198181 -0.001591697779 -4.797482332e-26)
(1.001056065 -0.001409299518 2.389457342e-25)
(1.000930859 -0.001247450084 2.106242859e-25)
(1.000820526 -0.001103935931 2.189612906e-25)
(1.00072328 -0.0009767592512 -1.930835332e-25)
(1.000637551 -0.0008641237729 -1.702170505e-25)
(1.000561958 -0.000764420932 -3.2689467e-26)
(1.000495283 -0.0006762154784 1.647979728e-25)
(1.000436449 -0.0005982299939 1.237267619e-25)
(1.000384506 -0.0005293282854 -1.052885681e-25)
(1.00033862 -0.0004684988407 8.700776783e-26)
(1.000298056 -0.0004148401 4.704161701e-26)
(1.00026217 -0.0003675475475 -6.875005818e-26)
(1.000230398 -0.0003259052475 -6.363926209e-26)
(1.000202245 -0.0002892789608 1.295502807e-26)
(1.00017727 -0.0002570977007 4.825702809e-27)
(1.000155077 -0.0002288827006 1.091141674e-27)
(1.00013532 -0.0002041956941 -3.262831987e-26)
(1.000117691 -0.000182659243 2.021836754e-26)
(1.000101916 -0.0001639492017 2.407173687e-26)
(1.000087714 -0.0001477730552 1.620644126e-26)
(1.000074988 -0.0001339205858 3.303510723e-28)
(1.000063052 -0.0001219838532 -3.303511059e-28)
(1.000053753 -0.0001128037441 -5.467444273e-29)
(1.000039698 -0.0001006378751 5.474104016e-29)
(1.088332591 0.0158343443 9.173565402e-23)
(1.090988971 0.01244318993 -9.174293652e-23)
(1.092888977 0.008974926404 0)
(1.094013238 0.005490216508 -2.582694253e-23)
(1.094360986 0.002010071029 1.106731466e-22)
(1.093946038 -0.001474839771 -1.102795289e-22)
(1.092797018 -0.004958293434 2.30016846e-22)
(1.090954507 -0.008412347817 2.133845899e-22)
(1.088460318 -0.01177063458 0)
(1.085373215 -0.0149258707 -5.305117991e-23)
(1.081774678 -0.01775664661 1.209969724e-23)
(1.077761255 -0.02015531124 -2.289653415e-22)
(1.073438228 -0.02205279573 2.258455881e-22)
(1.068913258 -0.02342669676 1.169539032e-22)
(1.06428797 -0.02429774598 -2.330197167e-22)
(1.059652236 -0.02471649728 0)
(1.055081165 -0.02474722738 0)
(1.050634387 -0.02445521809 2.879717896e-23)
(1.046357168 -0.02390001159 0)
(1.042282434 -0.02313380738 2.320750628e-24)
(1.038432869 -0.02220242097 6.57401313e-23)
(1.03482273 -0.02114667207 0)
(1.031459413 -0.02000319311 -8.302776045e-24)
(1.028343958 -0.01880511923 0)
(1.025473229 -0.01757975817 1.200813119e-23)
(1.022837888 -0.01635376198 -1.176811894e-22)
(1.020426378 -0.01514815524 8.686909895e-23)
(1.018230083 -0.01397066638 0)
(1.016239857 -0.01282722947 0)
(1.014447276 -0.01173148533 8.549483158e-24)
(1.012837636 -0.01069340667 6.919339156e-24)
(1.011393819 -0.00971695447 -4.651552434e-24)
(1.010100728 -0.008803849566 -2.718094856e-26)
(1.008945316 -0.007954933228 4.765654829e-24)
(1.007915361 -0.007170032105 3.659833265e-24)
(1.006999095 -0.0064478771 -7.439424363e-24)
(1.006185363 -0.00578635773 5.979834747e-24)
(1.005463756 -0.005182830254 -2.887410898e-24)
(1.004824662 -0.004634283891 -1.570467854e-25)
(1.004259343 -0.004137576161 1.085041264e-25)
(1.003759815 -0.003689472309 -1.053854418e-25)
(1.003318589 -0.003286175049 -9.414975824e-27)
(1.002928851 -0.002923919395 0)
(1.002584709 -0.002599226674 -5.977565694e-25)
(1.002280895 -0.002308740366 -1.123165621e-24)
(1.002012714 -0.002049273036 0)
(1.001776006 -0.001817838604 -4.100567882e-25)
(1.001567086 -0.001611667721 0)
(1.001382695 -0.001428210651 3.19065313e-25)
(1.001219949 -0.001265132184 1.419601159e-25)
(1.001076301 -0.001120302094 -1.419612767e-25)
(1.000949504 -0.0009917836607 -8.060267367e-26)
(1.000837574 -0.0008778218214 8.405066175e-26)
(1.000738763 -0.0007768321677 8.433040629e-26)
(1.000651525 -0.0006873905549 2.186772342e-25)
(1.000574494 -0.0006082225773 -2.445802546e-25)
(1.00050646 -0.0005381923267 0)
(1.000446352 -0.0004762894353 2.185469717e-25)
(1.000393222 -0.0004216148467 -8.973908512e-26)
(1.000346229 -0.0003733680278 -6.975461104e-26)
(1.000304637 -0.000330833725 4.897385593e-26)
(1.000267791 -0.0002933739335 -5.323826833e-26)
(1.000235129 -0.0002604181391 5.072231926e-26)
(1.000206136 -0.0002314776771 4.463810824e-26)
(1.000180356 -0.0002060971854 -3.369330045e-26)
(1.000157404 -0.0001838854043 3.187820672e-26)
(1.000136915 -0.0001645056907 -3.508468141e-26)
(1.000118577 -0.000147666428 -4.780952144e-26)
(1.000102063 -0.0001331047784 0)
(1.000087264 -0.0001206328853 1.606226841e-26)
(1.000073382 -0.0001098846326 -1.010392791e-27)
(1.000062565 -0.0001016180541 6.174386622e-27)
(1.000046213 -9.066204867e-05 2.667884397e-27)
(1.083961359 0.01298699036 0)
(1.086409609 0.01027504032 -9.202493724e-23)
(1.088202031 0.007512206657 -5.374892611e-24)
(1.08932515 0.004740620875 2.245384601e-22)
(1.089778521 0.001968556711 -1.262428168e-22)
(1.089570216 -0.0008176311201 -5.078497494e-23)
(1.088715274 -0.003626613393 0)
(1.08723888 -0.006444243403 -2.162217698e-22)
(1.085164807 -0.009210019167 2.553848165e-22)
(1.082533394 -0.01183576697 1.934358587e-22)
(1.07940699 -0.01421460163 -4.380187728e-23)
(1.075866221 -0.01625139408 -1.851182979e-22)
(1.072001959 -0.01788440721 0)
(1.067910252 -0.019091299 4.042149621e-23)
(1.063683965 -0.01988608876 3.751678169e-23)
(1.059406695 -0.02030782922 0)
(1.055149685 -0.02040712634 -9.241192217e-23)
(1.050971022 -0.02023567116 5.238701518e-24)
(1.046916438 -0.0198407948 7.945688411e-23)
(1.043020901 -0.01926424499 -7.434742164e-23)
(1.03931025 -0.01854304865 0)
(1.035802572 -0.01771062867 0)
(1.032509349 -0.01679731352 -1.672580973e-23)
(1.029436293 -0.01583042052 1.672723437e-23)
(1.026584446 -0.01483349349 2.030785557e-23)
(1.023950749 -0.01382716036 -1.983888698e-23)
(1.0215275 -0.01283100767 -8.726432496e-23)
(1.019304581 -0.01185993437 0)
(1.017274916 -0.01091756004 0)
(1.015430894 -0.01000701914 -1.520375828e-23)
(1.013764905 -0.009137701182 0)
(1.012263846 -0.00831718495 -6.407991483e-24)
(1.010913144 -0.007548045088 1.171514059e-23)
(1.009699836 -0.006830978505 -5.192472144e-24)
(1.008612352 -0.006166148879 1.07516882e-24)
(1.007639835 -0.005552944293 4.559822369e-25)
(1.006771852 -0.004989947581 0)
(1.005998465 -0.004475188455 -1.405674412e-24)
(1.005310382 -0.004006335173 1.562771568e-24)
(1.004699079 -0.003580889789 1.274787162e-24)
(1.00415677 -0.003196359811 -1.18502098e-25)
(1.00367602 -0.002849675593 -1.815861973e-24)
(1.003249928 -0.002537740532 7.582108062e-25)
(1.002872525 -0.002257709532 -1.500288853e-24)
(1.002538416 -0.00200681897 5.960301306e-25)
(1.002242754 -0.001782426147 -2.61259355e-25)
(1.001981201 -0.001582039509 2.612627675e-25)
(1.001749886 -0.001403335769 2.037442069e-25)
(1.00154536 -0.001244166072 -2.037463319e-25)
(1.001364551 -0.001102554553 -1.588122849e-25)
(1.00120473 -0.0009766926873 1.588136011e-25)
(1.001063474 -0.0008649313076 -5.236882467e-25)
(1.000938633 -0.0007657711974 1.103936588e-25)
(1.000828305 -0.0006778544305 1.091160062e-25)
(1.000730805 -0.000599956293 -2.554213924e-25)
(1.000644637 -0.0005309771485 2.724412486e-25)
(1.000568478 -0.000469934325 1.089624275e-25)
(1.000501151 -0.0004159525677 -1.163329238e-25)
(1.000441611 -0.0003682533201 0)
(1.000388931 -0.000326148298 6.735251358e-26)
(1.000342289 -0.0002890134536 1.281556906e-25)
(1.000300961 -0.0002563034964 -4.352616221e-26)
(1.000264295 -0.0002275284777 -1.079931202e-25)
(1.000231734 -0.0002022609389 -4.485189903e-26)
(1.000202789 -0.0001800977394 -9.257317051e-28)
(1.000177004 -0.00016070224 -8.424081935e-28)
(1.000153978 -0.0001437793205 2.655748532e-26)
(1.000133365 -0.0001290723429 2.394194899e-26)
(1.000114801 -0.0001163518759 1.509033002e-27)
(1.000098163 -0.000105454923 1.622735719e-27)
(1.000082553 -9.606257378e-05 2.750902493e-28)
(1.000070389 -8.883817851e-05 -6.196372938e-27)
(1.000051998 -7.926275981e-05 2.066463196e-28)
(1.080420133 0.01035798462 -8.009266552e-23)
(1.082707412 0.008242038797 6.990035608e-23)
(1.084417095 0.006093899375 0)
(1.085540442 0.003941971237 9.560892611e-23)
(1.086077757 0.001786723448 -7.057591999e-23)
(1.086031718 -0.0003879191173 9.931253949e-23)
(1.085407554 -0.002597344935 2.957641e-22)
(1.084216002 -0.00483348951 -2.069662268e-22)
(1.082470393 -0.007045975147 -4.981469199e-23)
(1.08019693 -0.0091631615 1.864057325e-22)
(1.077443007 -0.01109568719 -1.631455519e-22)
(1.074276713 -0.0127639983 0)
(1.070778083 -0.01411547485 -8.234244717e-23)
(1.067034032 -0.0151296556 0)
(1.063130262 -0.01581581764 -1.438123568e-22)
(1.059145085 -0.01620357945 6.856646922e-23)
(1.055146272 -0.01633191346 2.900428085e-23)
(1.051190209 -0.01624077541 5.578126484e-23)
(1.047322523 -0.01596684305 -8.023836324e-23)
(1.043579367 -0.01554262273 5.103357e-23)
(1.03998872 -0.01499718631 0)
(1.036571439 -0.0143570538 0)
(1.03334211 -0.01364654565 0)
(1.030309787 -0.01288768937 1.654441779e-23)
(1.027478787 -0.01209981755 0)
(1.024849582 -0.01129947238 1.983802635e-23)
(1.022419129 -0.01050115642 -2.232020545e-23)
(1.020180263 -0.009718860305 1.017426729e-22)
(1.018123686 -0.008962973416 -8.599164031e-24)
(1.016243954 -0.008233898181 -7.055527358e-23)
(1.014534074 -0.007532802837 0)
(1.012986006 -0.006866640529 -2.004042847e-25)
(1.011588313 -0.006240257463 0)
(1.010328242 -0.005655001188 6.693964755e-25)
(1.009194226 -0.005111048949 -1.153346733e-24)
(1.008175931 -0.004608149382 3.341927528e-24)
(1.007263551 -0.004145497277 -3.401877313e-24)
(1.006447617 -0.003721732711 -1.103064928e-24)
(1.005719147 -0.003335105323 1.517416943e-24)
(1.005069807 -0.002983667106 -1.191766282e-25)
(1.004492 -0.002665556234 1.1520865e-24)
(1.003978356 -0.002378345066 9.49844861e-25)
(1.003521925 -0.002119557135 0)
(1.003116688 -0.001886931778 1.10607744e-24)
(1.002757165 -0.001678261159 -3.64023106e-25)
(1.002438391 -0.001491422089 0)
(1.002155894 -0.001324402715 5.514483916e-25)
(1.00190566 -0.00117531896 0)
(1.00168409 -0.001042421656 0)
(1.001487967 -0.0009240967372 -2.072028322e-25)
(1.001314413 -0.0008188623187 -5.092040306e-25)
(1.001160864 -0.0007253633949 1.132024751e-25)
(1.001025037 -0.000642365084 2.459529529e-25)
(1.000904901 -0.000568746225 -1.191212304e-25)
(1.000798652 -0.000503492556 0)
(1.00070469 -0.0004456910088 0)
(1.000621593 -0.0003945243079 -1.462995001e-25)
(1.000548095 -0.0003492622718 3.154009415e-26)
(1.00048307 -0.0003092469189 -3.154020158e-26)
(1.000425521 -0.0002739066312 0)
(1.000374557 -0.0002427381122 -8.660911399e-26)
(1.000329379 -0.0002152807028 1.234574346e-26)
(1.000289295 -0.0001911272769 4.721630908e-26)
(1.000253695 -0.0001699027787 6.800532646e-26)
(1.000222032 -0.0001512930606 3.967699388e-26)
(1.000193818 -0.0001350113683 5.846934866e-27)
(1.000168618 -0.0001208057209 -3.713887209e-26)
(1.000146055 -0.0001084586999 0)
(1.000125731 -9.777734625e-05 0)
(1.000107515 -8.862513875e-05 -1.691986441e-26)
(1.000090423 -8.073496117e-05 0)
(1.000077104 -7.466511696e-05 -7.15939467e-27)
(1.000056963 -6.661936955e-05 -2.882179924e-27)
(1.077651361 0.007896404653 7.612926934e-23)
(1.079817679 0.006312618659 -6.593388282e-23)
(1.081465542 0.004709424862 8.736163193e-23)
(1.082589846 0.003105232724 -8.735882617e-23)
(1.083190957 0.001496408229 -9.384094492e-23)
(1.083268455 -0.0001336918398 1.405400656e-22)
(1.082820224 -0.001799160523 -3.832289744e-22)
(1.081845843 -0.003495008302 -9.891445138e-23)
(1.080350073 -0.005184133979 2.125129028e-22)
(1.078349021 -0.006810595519 -1.808425249e-22)
(1.075879574 -0.008303810751 9.441173872e-23)
(1.07300031 -0.009600913047 1.744745999e-22)
(1.069783372 -0.0106597512 3.018864125e-24)
(1.066308722 -0.01146319548 1.541165568e-22)
(1.062656384 -0.01201722142 -1.868440275e-24)
(1.058900387 -0.01234352549 4.691538362e-25)
(1.055105582 -0.0124709926 -6.310213594e-23)
(1.051326755 -0.01242929848 5.826060387e-23)
(1.047609154 -0.01224571943 0)
(1.043989576 -0.01194451242 2.35064479e-23)
(1.040497415 -0.01154751184 -9.661536394e-25)
(1.037155475 -0.01107480188 1.074256719e-24)
(1.033980615 -0.01054495919 1.837232526e-24)
(1.030984345 -0.009974920792 1.701329528e-23)
(1.028173475 -0.009379698982 -1.578147686e-24)
(1.025550838 -0.008772219739 -2.773366146e-23)
(1.023116027 -0.008163403341 -7.844712872e-25)
(1.020865578 -0.007562795741 -1.156467557e-23)
(1.018792753 -0.006980125345 4.682027124e-23)
(1.016888559 -0.006422124713 -3.676495876e-23)
(1.015147021 -0.005888304841 2.923934057e-23)
(1.013562191 -0.005376314434 2.694161275e-23)
(1.012127029 -0.004891267526 0)
(1.010830304 -0.004437177516 -6.693541577e-25)
(1.009660166 -0.004014597632 5.943064639e-25)
(1.008606156 -0.003623126621 5.272669916e-25)
(1.007658851 -0.003262275397 2.294587716e-26)
(1.006809263 -0.002931212436 -4.142904813e-25)
(1.006048747 -0.002628739196 1.81036007e-24)
(1.00536915 -0.002353423257 -2.525633139e-25)
(1.004763044 -0.00210395245 -2.415585902e-24)
(1.004223127 -0.001878469328 0)
(1.003742408 -0.001675074139 0)
(1.003314837 -0.001492047649 0)
(1.002934875 -0.001327705936 7.449424307e-25)
(1.002597474 -0.001180423645 0)
(1.002298066 -0.001048655422 -1.402253115e-24)
(1.002032528 -0.0009309492214 7.832766543e-25)
(1.001797152 -0.0008259521967 0)
(1.001588605 -0.0007324108939 -2.069458237e-25)
(1.001403899 -0.0006491741012 5.209648665e-25)
(1.001240359 -0.0005751855066 1.524097312e-25)
(1.001095595 -0.000509479284 -2.448900672e-25)
(1.000967476 -0.000451178486 1.272991452e-25)
(1.000854102 -0.0003994874222 0)
(1.000753785 -0.0003536857709 0)
(1.000665022 -0.0003131287587 3.837089992e-26)
(1.000586488 -0.0002772384646 -3.837104778e-26)
(1.00051699 -0.0002455087832 0)
(1.00045545 -0.0002174739219 -1.392481458e-25)
(1.000400936 -0.0001927398724 2.59146392e-26)
(1.000352619 -0.0001709426223 1.012846674e-25)
(1.000309748 -0.0001517610271 -2.641112588e-27)
(1.000271663 -0.000134910865 -7.819792422e-26)
(1.00023778 -0.0001201397782 -5.23813117e-26)
(1.000207583 -0.0001072194286 0)
(1.000180606 -9.594796948e-05 3.277409676e-26)
(1.000156448 -8.615116719e-05 4.364568318e-27)
(1.000134684 -7.767456351e-05 -2.423953523e-26)
(1.000115176 -7.040935907e-05 -2.073763771e-26)
(1.00009687 -6.414406916e-05 0)
(1.000082605 -5.932301126e-05 7.159359584e-27)
(1.000061031 -5.293198421e-05 0)
(1.075610703 0.005556924037 6.839905164e-23)
(1.077690755 0.004457996648 0)
(1.079294785 0.003348186659 0)
(1.080420322 0.00223872206 5.332615061e-24)
(1.081067741 0.001124899382 -1.107156264e-23)
(1.081234399 -6.972824791e-06 0)
(1.080913071 -0.001168274711 1.85203533e-22)
(1.080095687 -0.002356362992 -2.787721864e-22)
(1.078779931 -0.003545944761 -2.044090226e-22)
(1.076975367 -0.00469652653 1.810462116e-22)
(1.074711752 -0.005757019632 -8.704162476e-23)
(1.072040845 -0.006682012409 2.113197594e-24)
(1.06902917 -0.007440932725 -1.579488076e-22)
(1.06575165 -0.008021090832 2.350991174e-24)
(1.062284104 -0.00842621313 0)
(1.058697335 -0.008671154802 1.347604861e-22)
(1.055053933 -0.008775834622 3.02629219e-23)
(1.051407371 -0.008760728253 -3.026756032e-23)
(1.047802466 -0.008644658061 5.384461888e-23)
(1.044276337 -0.00844439602 0)
(1.040859283 -0.008175107249 -4.525309262e-23)
(1.037575428 -0.007850826285 -4.128170438e-23)
(1.034443209 -0.007484616595 -1.888098267e-23)
(1.031475867 -0.007088454037 0)
(1.028681992 -0.006673017738 -8.543967763e-25)
(1.026066148 -0.006247556198 -1.451071129e-24)
(1.023629525 -0.005819892326 1.102407043e-23)
(1.02137052 -0.005396550245 -6.205754743e-24)
(1.019284962 -0.004983313559 -9.922712174e-24)
(1.017365406 -0.004586937778 4.308031125e-23)
(1.015604513 -0.004211265593 -3.385961086e-23)
(1.013996365 -0.003853762927 -5.606062935e-23)
(1.012532747 -0.00351182349 0)
(1.011207062 -0.003188500917 0)
(1.010009626 -0.002886880517 1.725456884e-25)
(1.008929283 -0.002607252422 2.393758006e-24)
(1.007956312 -0.002349242703 -4.904419401e-25)
(1.007081855 -0.002112220202 -1.225879284e-24)
(1.006297531 -0.001895399492 8.908596612e-25)
(1.005595368 -0.001697819237 1.709682433e-25)
(1.004968098 -0.001518659506 -1.257344876e-24)
(1.004408486 -0.001356589688 0)
(1.003909519 -0.001210264226 9.868265907e-25)
(1.00346513 -0.001078479587 0)
(1.003069748 -0.000960055019 -1.462953235e-24)
(1.002718276 -0.0008538470715 4.004429484e-25)
(1.002406079 -0.0007587655703 9.00299485e-25)
(1.002128959 -0.0006737835226 -8.021696397e-25)
(1.001883127 -0.0005979426209 -2.883432217e-26)
(1.001665165 -0.0005303440164 -4.293195404e-25)
(1.001471998 -0.0004701651902 -1.756267202e-25)
(1.001300873 -0.0004166532011 -1.512823124e-25)
(1.001149321 -0.0003691166371 4.394864879e-25)
(1.001015134 -0.0003269251825 0)
(1.000896347 -0.0002895092667 1.204601041e-25)
(1.000791203 -0.0002563548828 -1.853536686e-25)
(1.000698137 -0.0002269925656 2.253444371e-25)
(1.000615754 -0.0002010026245 1.934108845e-25)
(1.000542821 -0.0001780219964 0)
(1.000478245 -0.0001577135582 1.133326834e-25)
(1.000421038 -0.0001397787741 0)
(1.000370325 -0.0001239669361 0)
(1.000325327 -0.0001100532106 0)
(1.000285352 -9.783351068e-05 0)
(1.000249786 -8.7124277e-05 -6.563181368e-27)
(1.000218085 -7.776015864e-05 6.105132214e-26)
(1.000189759 -6.95938006e-05 -9.488773787e-28)
(1.000164387 -6.249679591e-05 -4.581179252e-27)
(1.000141525 -5.635532262e-05 5.226106134e-26)
(1.00012103 -5.108959163e-05 2.041792173e-26)
(1.000101797 -4.65468275e-05 -1.051891075e-27)
(1.000086807 -4.304928742e-05 8.705241752e-29)
(1.000064139 -3.841394356e-05 -8.715851282e-29)
(1.074267044 0.003303523502 -6.668255584e-23)
(1.076291773 0.002656431385 7.724976417e-23)
(1.077867928 0.002003921732 -7.724584539e-23)
(1.078994675 0.001352089055 -5.332942502e-24)
(1.079672428 0.0006973093193 1.107248098e-23)
(1.079896871 3.067685523e-05 0)
(1.079657943 -0.0006549752148 1.128575652e-23)
(1.07894272 -0.0013582699 0)
(1.077743427 -0.002063879215 -8.982271373e-23)
(1.076066087 -0.00274815042 -1.758526738e-22)
(1.073936292 -0.003380078135 5.510327572e-25)
(1.071401237 -0.00393225482 2.259701556e-24)
(1.068523697 -0.004386376896 1.6082225e-22)
(1.065375312 -0.004734831764 1.125115141e-22)
(1.062029151 -0.004979737549 3.45288385e-23)
(1.05855387 -0.005129801089 -9.961741611e-23)
(1.055010534 -0.005196714392 3.24281924e-23)
(1.051451693 -0.005192483037 -5.825002705e-23)
(1.04792182 -0.005128131303 -5.384105044e-23)
(1.044458184 -0.005013486029 0)
(1.041091622 -0.004857452135 6.731467472e-23)
(1.037847073 -0.004668298724 -1.058108173e-24)
(1.034743977 -0.004453750906 1.888041288e-23)
(1.031796678 -0.004220913899 0)
(1.029014909 -0.0039761443 -1.475540911e-25)
(1.026404367 -0.003724964685 -1.414718718e-23)
(1.023967302 -0.003472057813 0)
(1.021703105 -0.003221322357 -2.44053687e-25)
(1.019608847 -0.002975934499 -2.029903281e-23)
(1.017679538 -0.002738918662 6.222305591e-25)
(1.015907181 -0.002514147111 0)
(1.014283951 -0.002305401631 5.514086749e-23)
(1.012804338 -0.002107976534 4.944110239e-23)
(1.011460299 -0.001916907808 0)
(1.010244125 -0.001737284394 -1.85349536e-23)
(1.009145357 -0.001569684671 -9.55680827e-24)
(1.008155072 -0.001414767175 0)
(1.00726414 -0.00127244025 -1.712555849e-24)
(1.00646407 -0.001142233812 2.120968663e-24)
(1.005746941 -0.001023531386 3.615034112e-25)
(1.005105602 -0.0009159107477 1.257340784e-24)
(1.004532871 -0.0008185107394 0)
(1.004021719 -0.0007305125962 -9.868218499e-25)
(1.00356608 -0.0006512038368 0)
(1.003160368 -0.0005798884383 -7.396293554e-25)
(1.002799461 -0.0005158910655 7.396393043e-25)
(1.002478683 -0.0004585663362 6.189680791e-25)
(1.002193786 -0.0004073048408 5.352981688e-25)
(1.001940934 -0.0003615336763 4.840612662e-25)
(1.001716655 -0.0003207307869 4.182724269e-25)
(1.00151781 -0.0002843985062 3.695673584e-25)
(1.001341589 -0.0002520772918 -4.900137604e-25)
(1.001185476 -0.0002233550232 -5.64808518e-25)
(1.001047213 -0.0001978558001 -1.225308993e-25)
(1.00092478 -0.0001752384804 -2.243239763e-25)
(1.000816379 -0.0001551954017 1.033086777e-25)
(1.00072041 -0.0001374439552 -1.212443042e-25)
(1.000635442 -0.0001217316099 4.514228712e-26)
(1.000560208 -0.0001078256427 0)
(1.000493579 -9.55319472e-05 1.206935937e-25)
(1.000434549 -8.467331793e-05 0)
(1.000382219 -7.509734322e-05 2.132260059e-26)
(1.000335791 -6.666878298e-05 -2.132264488e-26)
(1.000294551 -5.926624868e-05 -8.484520458e-26)
(1.000257862 -5.278047003e-05 1.588302364e-26)
(1.000225159 -4.711204616e-05 -4.895773105e-26)
(1.000195932 -4.217091089e-05 -4.662898772e-26)
(1.000169748 -3.787765227e-05 4.727471406e-27)
(1.000146148 -3.416211647e-05 -2.664999716e-26)
(1.000124986 -3.097470749e-05 0)
(1.000105125 -2.82248182e-05 0)
(1.000089645 -2.610221699e-05 -8.982945139e-29)
(1.000066236 -2.329907278e-05 3.602130148e-27)
(1.073599103 0.001096704683 1.341671909e-22)
(1.075596494 0.00088399025 5.830500022e-24)
(1.07715912 0.0006691689232 -7.628594105e-23)
(1.078286788 0.0004542847752 8.490398366e-23)
(1.078979795 0.0002380940937 -8.489939839e-23)
(1.079233135 1.757994988e-05 0)
(1.079035395 -0.0002096003975 -1.129619688e-23)
(1.078371557 -0.0004426222321 0)
(1.077231114 -0.000676345512 1.794088399e-22)
(1.07561728 -0.0009032427384 0)
(1.073554024 -0.001112830467 0)
(1.071086293 -0.001296000665 0)
(1.068274992 -0.001446726159 -3.893623078e-23)
(1.065190198 -0.001562509505 7.60204726e-23)
(1.061903689 -0.001644055728 -1.092921806e-22)
(1.058483114 -0.001694240704 -3.285121388e-23)
(1.054988819 -0.001716922819 3.289164254e-23)
(1.051472934 -0.001716059925 0)
(1.04797978 -0.001695283489 0)
(1.04454671 -0.001657830335 0)
(1.041204833 -0.001606635969 -2.3251681e-23)
(1.037979496 -0.00154442991 0)
(1.034890631 -0.001473765749 0)
(1.031953123 -0.001396995018 0)
(1.029177268 -0.001316223827 1.599716415e-23)
(1.026569315 -0.001233283786 1.446450682e-23)
(1.024132046 -0.001149728747 0)
(1.021865333 -0.001066852507 0)
(1.019766661 -0.0009857120235 5.274707095e-24)
(1.017831588 -0.0009071802916 0)
(1.016053807 -0.0008324988838 0)
(1.014425356 -0.0007637215539 0)
(1.012938455 -0.0007017150357 -1.578199761e-22)
(1.011587244 -0.0006403874166 5.06848762e-23)
(1.010361402 -0.0005815328518 2.108151173e-23)
(1.009253195 -0.0005255523123 4.687466632e-24)
(1.008253981 -0.0004734224262 0)
(1.007354589 -0.0004255469971 -4.627123139e-25)
(1.006546572 -0.0003818368616 -1.560655361e-24)
(1.005821982 -0.0003420505152 -1.879836615e-25)
(1.005173658 -0.0003060465267 2.615173204e-24)
(1.004594456 -0.0002734913614 -1.228788417e-24)
(1.004077301 -0.0002440905807 0)
(1.003616115 -0.0002175983314 0)
(1.003205308 -0.0001937784616 7.557577567e-25)
(1.002839745 -0.0001724033336 -1.089921415e-24)
(1.002514733 -0.0001532561064 -2.888166841e-25)
(1.002226004 -0.0001361323226 0)
(1.001969677 -0.0001208371389 -4.87046972e-25)
(1.001742255 -0.0001072081807 -2.042040882e-25)
(1.001540596 -9.507639776e-05 2.377850345e-26)
(1.001361857 -8.428128515e-05 6.754293904e-25)
(1.001203484 -7.46860773e-05 1.372091725e-25)
(1.001063198 -6.616786208e-05 2.615728993e-25)
(1.000938959 -5.861226227e-05 1.093205945e-25)
(1.000828946 -5.191352871e-05 -1.092956999e-25)
(1.000731535 -4.597909108e-05 0)
(1.000645278 -4.072527504e-05 -1.573789807e-25)
(1.000568891 -3.607584276e-05 3.266824558e-26)
(1.000501233 -3.1965165e-05 -1.251892902e-25)
(1.000441289 -2.833394642e-05 -2.859425224e-26)
(1.000388152 -2.513058206e-05 0)
(1.000341013 -2.231021866e-05 1.880315841e-26)
(1.000299147 -1.98331245e-05 6.651982519e-26)
(1.000261904 -1.766335435e-05 -1.616862672e-26)
(1.000228707 -1.576777704e-05 0)
(1.000199036 -1.411601858e-05 4.198344504e-26)
(1.000172448 -1.268108917e-05 -3.886750779e-27)
(1.000148479 -1.14392533e-05 3.885830838e-27)
(1.000126981 -1.037338916e-05 0)
(1.000106806 -9.454229881e-06 0)
(1.000091073 -8.741965425e-06 0)
(1.000067292 -7.806931033e-06 -3.514027533e-27)
(-0.04931393106 0.02129782187 0.05652929929)
(-0.05115229837 0.1186421209 0.0586668802)
(-0.04931003616 0.02130156822 -0.05652929204)
(-0.05111187327 0.118641472 -0.0586677868)
(-0.04839222148 0.1365194648 0.05962631675)
(0.002825084698 0.1212176478 0.06083887945)
(-0.0483784647 0.1364629652 -0.05962676087)
(0.002857201976 0.1212044654 -0.06083984876)
(-0.2182771652 0.02011058066 0.05978908554)
(-0.07337944233 0.1298362526 0.05898050982)
(-0.1497031262 0.1245469359 0.06151237805)
(-0.09180958671 0.02269845362 -0.05713300512)
(-0.2182845312 0.02012656575 -0.05979015068)
(-0.07331807015 0.129840395 -0.05898041811)
(-0.1498056823 0.1245716621 -0.06151759663)
(-0.03263021758 0.07369974171 -4.74837642e-06)
(-0.02863750131 0.06683443858 0.05997809649)
(-0.02882483659 0.06678852181 6.183280576e-05)
(-0.03283491008 0.07383696388 0.06086485179)
(0.04227139468 0.1001508687 0.0606356982)
(0.3578751561 0.04318586152 0.05898551626)
(0.04219740032 0.1002087218 -0.06063624203)
(0.357882726 0.04316896451 -0.05898675377)
(-0.01531383405 0.04474315651 -1.269504526e-05)
(-0.04940780646 0.02127062864 8.655712738e-06)
(-0.0114980647 0.01578057992 0.05501330102)
(-0.05105684823 0.06067998867 0.05699084566)
(-0.01191058448 0.01574274906 -1.837977399e-05)
(-0.05115132772 0.06066622556 3.138988634e-06)
(-0.01491849835 0.0447044434 0.05596298509)
(-0.01798322882 0.05137717227 0.05123103736)
(-0.01844109236 0.05136315642 -0.0001317881739)
(-0.02407189409 0.06687038236 4.584308023e-05)
(-0.0511715817 0.1185777938 7.781104124e-06)
(-0.05337173427 0.09310409673 0.05793459401)
(-0.0296155096 0.08811656085 0.05859623038)
(-0.05353519559 0.09306050463 1.867977564e-05)
(-0.02942750713 0.08799018236 -7.441433105e-06)
(-0.02380042289 0.06699428723 0.057853029)
(-0.01531359048 0.04474454242 1.282921242e-05)
(-0.04940606399 0.02127229199 -9.279342761e-06)
(-0.01149947625 0.0157832625 -0.05501351028)
(-0.05105236644 0.06068666186 -0.05699128904)
(-0.01191056334 0.01574376406 1.81097847e-05)
(-0.05114881997 0.06066895937 -3.518669136e-06)
(-0.01491963581 0.04470798429 -0.05596318006)
(-0.01798132522 0.05137087339 -0.05123028045)
(-0.01843981908 0.05136031762 0.0001323497585)
(-0.02407097785 0.06687144758 -4.57058922e-05)
(-0.05115946335 0.1185772507 -5.286657062e-06)
(-0.05335651592 0.0931247564 -0.05793610154)
(-0.0296050096 0.08811847747 -0.05859773774)
(-0.05352940151 0.09306666899 -1.928019403e-05)
(-0.0294238041 0.08798987208 7.213434362e-06)
(-0.0237996262 0.06699685188 -0.05785315772)
(-0.03554400167 0.08059899227 5.503457342e-05)
(-0.03546675706 0.08063788101 0.06175537011)
(-0.03263476749 0.07369755798 3.57606094e-06)
(-0.02863042535 0.06682287818 -0.05997895653)
(-0.0288228567 0.0667843568 -6.303646864e-05)
(-0.03284775064 0.07383097728 -0.06086364787)
(-0.03554886667 0.08059834259 -5.636014185e-05)
(-0.0354815876 0.0806352394 -0.06175393985)
(-0.0919933499 0.02267667865 -4.238484275e-06)
(-0.08947305855 0.06535179663 0.05745024404)
(-0.08962397818 0.06533728717 -6.161037742e-06)
(-0.1298765865 0.06492923275 -2.050478158e-05)
(-0.1356589548 0.02234139787 0.05782523662)
(-0.1359002858 0.02233362637 -2.019500722e-05)
(-0.1296547083 0.06493696127 0.05808420188)
(-0.3350605509 0.01295229978 0.06541807977)
(-0.1756979471 0.1183473854 0.06278571544)
(-0.2441210155 0.08742860612 0.06613289935)
(-0.2557166468 0.01862344716 -0.06100402434)
(-0.3350662066 0.01296717084 -0.06542026666)
(-0.1757272775 0.1183626742 -0.0627909424)
(-0.2441255091 0.08741548275 -0.0661289309)
(-0.1038844297 0.1464760533 0.06253023289)
(0.02102938969 0.1367026703 0.06088873237)
(0.06561056809 0.1524702142 0.06353929474)
(-0.05881096512 0.1484290063 -0.05986804787)
(-0.1040182095 0.1464210951 -0.06253168464)
(0.02106515098 0.1366925165 -0.06088262717)
(0.06561467747 0.1524830834 -0.06354195044)
(-0.1519195895 0.1045266775 0.07080920449)
(0.07305262681 0.1499788845 0.06475167769)
(0.04263136082 0.1372807112 0.03870094445)
(-0.1202504198 0.1400674774 -0.06397614979)
(-0.1519098407 0.1045121832 -0.0708131765)
(0.07304796059 0.1499993618 -0.0647546054)
(0.04265948376 0.1372607828 -0.0386995601)
(0.13241358 0.1371213975 0.06335593259)
(0.366344672 0.05130010062 0.05892550708)
(0.4069021842 0.06984314565 0.05963184327)
(0.06580842773 0.1150491774 -0.06066800023)
(0.1324384925 0.1371535862 -0.06335568079)
(0.3663758936 0.05126192303 -0.05892553105)
(0.4068855297 0.06986213099 -0.0596283595)
(0.5501416128 0.04211937969 0.05814394833)
(1.118033612 0.09080124865 0.05379970397)
(0.5501166725 0.04214747502 -0.05814445597)
(1.118064721 0.09079082826 -0.0537996894)
(0.5692492657 0.05026119823 0.06353991254)
(1.097634481 0.08106649311 0.05374293533)
(0.9958717359 0.05608277114 0.03253918368)
(0.5473951572 0.04598051108 -0.05837541852)
(0.5692476492 0.05025996467 -0.06354217643)
(1.097627531 0.08106436492 -0.0537458939)
(0.9958697259 0.05608947964 -0.03253883923)
(-0.03711151012 0.1147999119 8.465658857e-06)
(-0.04853675472 0.1364269926 1.828569873e-05)
(-0.03895948396 0.110604394 0.06011756073)
(-0.03774902519 0.1409387867 0.06016884823)
(-0.03907274641 0.1105543966 5.910411384e-05)
(-0.03781257833 0.1408481303 -5.822183492e-06)
(-0.03709846252 0.1149527968 0.06038202152)
(-0.03116003945 0.1118252798 1.485783709e-05)
(0.002843087287 0.1211579939 -1.30648762e-05)
(-0.02179629776 0.1356023289 0.06059753145)
(-0.0137366617 0.09997726456 0.06112209117)
(-0.02184754118 0.1355413422 6.505844366e-06)
(-0.01377871945 0.09995488322 -1.189823242e-05)
(-0.0310582716 0.1119303597 0.06085943921)
(-0.03712068922 0.1147911371 -1.070801553e-05)
(-0.04853040327 0.1364077244 -1.921546763e-05)
(-0.03895732089 0.1105841198 -0.06011583734)
(-0.03779522063 0.1409126404 -0.06016741439)
(-0.03907127542 0.1105462901 -5.782973196e-05)
(-0.03782460243 0.1408373119 -4.007465054e-08)
(-0.0371272145 0.1149258589 -0.06037957163)
(-0.03116467245 0.1118184417 -1.717365998e-05)
(0.0028509299 0.1211559562 4.71734068e-06)
(-0.02181352808 0.1355902994 -0.06059273014)
(-0.01377071072 0.1000199875 -0.06112299573)
(-0.02185256033 0.1355381547 -6.807317325e-06)
(-0.01378920468 0.09996733868 3.795973964e-06)
(-0.03106938251 0.1119032395 -0.06085704192)
(-0.1694284635 0.06254011903 -3.895768124e-05)
(-0.1780883706 0.02136805789 0.05871947107)
(-0.2067337063 0.05922110539 0.0600216303)
(-0.2192362955 0.02013059577 -8.750137362e-05)
(-0.1785254894 0.02137002014 -4.118825628e-05)
(-0.2076250831 0.05927871536 -8.080444009e-05)
(-0.1690250092 0.06253517922 0.05895793206)
(-0.07351765942 0.1297995964 3.330708358e-06)
(-0.08407005579 0.1015003612 0.05815689621)
(-0.08422908697 0.1014789478 1.636541653e-06)
(-0.1175961562 0.1019153087 -1.385793451e-05)
(-0.09806481966 0.1316922812 0.05956132931)
(-0.09829477468 0.13168476 -1.940851821e-05)
(-0.117380813 0.1019528767 0.05871221259)
(-0.1512660797 0.09898128851 -3.330097336e-05)
(-0.1837104821 0.09440036909 0.0606507955)
(-0.1236938597 0.1292383857 0.06042623694)
(-0.1503757158 0.1246137686 -7.526762496e-05)
(-0.1844874641 0.09439959476 -6.518963272e-05)
(-0.1240464172 0.1292488082 -4.227191717e-05)
(-0.1509051712 0.09902356747 0.05955976008)
(-0.09198972621 0.02267944503 4.343943958e-06)
(-0.08945719043 0.06536761778 -0.05745150851)
(-0.08961817285 0.06534291777 6.051110234e-06)
(-0.1298718874 0.064940004 2.159971177e-05)
(-0.1356536493 0.02235359247 -0.05782599565)
(-0.1358983516 0.02233857939 2.095686245e-05)
(-0.1296404822 0.06496921409 -0.05808625717)
(-0.1694299414 0.06255295416 4.11889513e-05)
(-0.2192389292 0.02013603764 8.725852933e-05)
(-0.1780960493 0.02138439511 -0.05872053105)
(-0.2067413111 0.05925047892 -0.06002406491)
(-0.1785277292 0.02137626542 4.233719526e-05)
(-0.2076288169 0.05928813389 8.216986141e-05)
(-0.1690279657 0.06257247594 -0.05896017925)
(-0.07349868675 0.1298011151 2.738867761e-06)
(-0.08403380307 0.1015435417 -0.0581596366)
(-0.08421742203 0.1014912653 -1.038394066e-06)
(-0.1175858586 0.1019332719 1.795536703e-05)
(-0.0980177944 0.1317254732 -0.05956074328)
(-0.09828072366 0.1316934719 2.91700845e-05)
(-0.1173511378 0.1020166558 -0.05871476893)
(-0.151270791 0.09899991801 3.85537552e-05)
(-0.15040443 0.1246191737 7.601083336e-05)
(-0.1837485993 0.09440750491 -0.06065201508)
(-0.1237690833 0.1293373936 -0.06042510951)
(-0.1845006733 0.09440213917 7.036252799e-05)
(-0.1240687836 0.1292708128 5.575833557e-05)
(-0.1509182617 0.09909270989 -0.05956446435)
(0.04215881991 0.1002052947 -1.113750028e-05)
(0.02018999243 0.08230787384 0.06103419819)
(0.0201336561 0.08235504393 1.685042171e-05)
(0.08426423063 0.06168469831 -8.292437918e-07)
(0.1065511753 0.07627276011 0.06012035165)
(0.1064955258 0.07633808447 7.005478775e-07)
(0.0842220505 0.0616894086 0.06060207431)
(0.1930377812 0.04389857749 1.569557622e-06)
(0.2087649639 0.05561946833 0.05959820681)
(0.3534462528 0.03514904763 0.05924480701)
(0.357817188 0.043202461 -1.725814063e-05)
(0.2087597461 0.05561888973 -2.613633118e-06)
(0.3534479919 0.03520493824 -2.604632027e-06)
(0.1930055563 0.04386046041 0.06008732768)
(0.04213832013 0.1002219437 4.824515377e-06)
(0.0201361428 0.08236623992 -0.0610300315)
(0.02011788741 0.08237225683 -8.738579076e-06)
(0.08426901266 0.06168367551 2.49803187e-06)
(0.1065232435 0.07632557636 -0.06011795858)
(0.1064865992 0.07635478002 3.769874012e-06)
(0.08423925718 0.06167828927 -0.06060328267)
(0.1930391488 0.04389935747 -7.001362482e-07)
(0.3578205341 0.04319843319 1.22844082e-05)
(0.2087859574 0.05559556325 -0.05959922328)
(0.3534390007 0.0351665751 -0.05924647528)
(0.2087651832 0.05561316878 5.553654915e-06)
(0.3534476387 0.03521020361 3.736915234e-06)
(0.1930089003 0.04385930256 -0.06008824819)
(-0.2423408091 0.05525528565 0.06124372941)
(-0.2578752895 0.01866632295 -0.00020071645)
(-0.2443691403 0.05542548924 -0.0001849716666)
(-0.2792068594 0.05082519858 -0.0005054397601)
(-0.2899991232 0.016776769 0.06226966714)
(-0.2938540986 0.01691992037 -0.0005391340782)
(-0.2755408229 0.05033953488 0.06249037121)
(-0.4147978831 0.01079214329 0.03922878689)
(-0.3115362351 0.06358827754 0.03806841038)
(-0.3430656255 0.04004161536 0.03834265685)
(-0.3790862937 0.01580409479 -0.03769504579)
(-0.4147995977 0.01079148818 -0.03922862667)
(-0.3115426018 0.06359051159 -0.0380684504)
(-0.3430676067 0.04004047294 -0.0383425442)
(-0.05898783446 0.1484637683 8.621355316e-06)
(-0.03803151087 0.1550472576 0.06045330291)
(-0.03805865515 0.154977635 -4.263163529e-06)
(-0.07222307006 0.1519680502 0.06044783666)
(-0.07238002595 0.1519771765 2.713443898e-06)
(-0.04042804275 0.1609542241 9.131115464e-06)
(-0.04031206392 0.1610019282 0.06111322825)
(-0.121173553 0.1402697952 -7.820382366e-05)
(-0.06836464102 0.1428042147 -0.0001674430001)
(-0.1355904789 0.1311737529 0.06565706346)
(-0.05799869056 0.1525308886 0.06483481826)
(-0.1373492383 0.1319337023 -0.0002052909488)
(-0.05869729153 0.1525170769 -0.0001058459217)
(-0.06714227658 0.1424096909 0.06646537097)
(-0.1323455495 0.0487720236 0.0427094092)
(0.03193263071 0.08701663028 0.04013858438)
(0.03618095166 0.02999041103 0.04001638391)
(-0.126597281 0.0820301153 -0.04058869944)
(-0.1323460681 0.04875896547 -0.04271011726)
(0.0318992447 0.08701800653 -0.04013372935)
(0.0361582882 0.02998136398 -0.04001440765)
(0.06575596209 0.1150167736 -2.699130514e-05)
(0.1312120699 0.08953674241 0.06013742554)
(0.1310877698 0.08963330172 -2.048048718e-05)
(0.1558091349 0.1010974149 -3.138129106e-05)
(0.08911155203 0.1263593991 0.0612204128)
(0.08904946523 0.1263006248 -1.127648486e-05)
(0.1559864676 0.1010951422 0.06073130821)
(0.237662075 0.1056795044 0.04032658657)
(0.3734664335 0.08093830066 0.03550385815)
(0.4189267921 0.07306126227 0.03630470425)
(0.1531431903 0.1368473635 -0.06511818309)
(0.2376326715 0.1056556655 -0.04033127169)
(0.373443234 0.08093627634 -0.03550560999)
(0.418910412 0.07305875364 -0.03630866813)
(0.5472939188 0.04587720792 -2.088332554e-05)
(0.7386018022 0.0543354331 -0.0001047858577)
(0.5496171336 0.04953062393 0.05887064565)
(0.7494095694 0.0526365562 0.05715459591)
(0.5492320731 0.04943637494 -2.427469592e-05)
(0.7492256479 0.05232973361 -7.704321401e-05)
(0.7389449854 0.05436901308 0.05741146265)
(0.6799273283 0.02397976488 0.03894654592)
(0.9727376211 0.03945012497 0.0329066148)
(0.9834005212 0.009433701976 0.03263083074)
(0.6718214725 0.03821045196 -0.03583573147)
(0.6798898102 0.02398225876 -0.03894656433)
(0.9727188009 0.03944609422 -0.03290705298)
(0.9833716925 0.009440810519 -0.03263370945)
(1.271891744 0.1160522977 0.02999198867)
(1.328038756 0.1232495398 0.0278647133)
(1.271878271 0.1160266708 -0.0299935425)
(1.328018324 0.1232393066 -0.02786783826)
(1.235780378 0.07790659082 0.03185425526)
(1.324282757 0.1023385602 0.02802009919)
(1.329665636 0.07859339978 0.02845137456)
(1.258335303 0.09924446106 -0.03034259191)
(1.23579006 0.07789245443 -0.03185207769)
(1.324304552 0.1023238007 -0.02801964079)
(1.329649699 0.07857078805 -0.02845401011)
(-0.312022127 0.04537697326 -0.001017996686)
(-0.3190850036 0.01473628728 0.06350331744)
(-0.3219005703 0.03572286738 0.06550543736)
(-0.3664260343 0.01406649798 -0.0003344141023)
(-0.3270792804 0.01511966501 -0.001062408911)
(-0.3523758909 0.03734338945 -0.0003228270888)
(-0.3044758895 0.04435276493 0.06370833055)
(-0.2153329179 0.08851641098 0.06195019857)
(-0.1771397029 0.1186125862 -0.0001524782981)
(-0.2170669721 0.08866000754 -0.00015533794)
(-0.2481554586 0.08177088486 -0.0004190167067)
(-0.2018598006 0.1105870296 0.06412196621)
(-0.2044931691 0.111410221 -0.0003661052667)
(-0.245140217 0.08116527772 0.06329537363)
(-0.2775837735 0.07414358768 -0.0008309975577)
(-0.289513025 0.06475137863 0.06719623001)
(-0.227032611 0.1006485058 0.06514543358)
(-0.2650044012 0.09129919552 -0.0004135651438)
(-0.3133466951 0.06863942994 -0.0001999566903)
(-0.2319479507 0.1024983417 -0.0007648146477)
(-0.2719142393 0.07254605027 0.06473023674)
(-0.2578750531 0.01867037332 0.0001999134258)
(-0.2423409378 0.05526122347 -0.06124413362)
(-0.2443706831 0.0554273146 0.0001864172849)
(-0.279206217 0.05082344389 0.0005082805057)
(-0.289995893 0.01678683954 -0.06227005922)
(-0.2938535333 0.01692308121 0.0005396193994)
(-0.2755402007 0.05033137351 -0.0624897416)
(-0.3120223363 0.04537672591 0.001019210995)
(-0.3664293332 0.0140708718 0.00033385535)
(-0.3190921233 0.01474446427 -0.06350354226)
(-0.3219066058 0.03572523849 -0.06550346919)
(-0.3270815965 0.01512245025 0.001062776477)
(-0.3523783109 0.03734394304 0.0003263511286)
(-0.3044750707 0.04435238254 -0.06370963241)
(-0.1771500217 0.1186161165 0.0001485219466)
(-0.2153626389 0.08849037369 -0.06195044616)
(-0.2170762313 0.08865374096 0.0001567019719)
(-0.2481575832 0.08176320069 0.0004175099059)
(-0.2018357511 0.1105823833 -0.06412237828)
(-0.2044895491 0.1114071063 0.0003622065478)
(-0.245144099 0.08113839424 -0.06329645555)
(-0.2775832033 0.07414332286 0.0008308198376)
(-0.2650045638 0.09129610531 0.0004173920989)
(-0.2895156829 0.06475225291 -0.06719865987)
(-0.2270035854 0.1006305052 -0.06514218205)
(-0.3133486673 0.06863967674 0.0001991340941)
(-0.2319390576 0.1024933179 0.0007674089739)
(-0.2719096938 0.07254752062 -0.06473004809)
(-0.08750702923 0.1506400194 0.06135285)
(-0.1043711875 0.1465384059 -3.247424216e-05)
(-0.08778538818 0.1506698427 -1.460645177e-05)
(-0.0449258248 0.1615592241 -1.031917898e-05)
(-0.05074437671 0.1586563044 0.063387153)
(-0.05122748344 0.158654382 -4.172124965e-05)
(-0.04464376346 0.1615886714 0.06212498206)
(0.02101100832 0.1366258948 4.221519745e-07)
(-0.01170955087 0.1506370448 0.06087263545)
(-0.01177115368 0.1506172737 3.257236197e-06)
(-0.003286203919 0.1587004414 2.45332926e-06)
(0.03847320493 0.1466341442 0.061412976)
(0.03831781842 0.1465967892 -5.129592973e-06)
(-0.003173902911 0.1587535049 0.061593179)
(0.003263455839 0.1611608837 -4.420163243e-06)
(0.008175997658 0.1594153188 0.0640703605)
(0.05373091479 0.1515227088 0.06230542489)
(0.064956046 0.1523900458 -7.669212302e-05)
(0.007731422718 0.1592914584 -1.325086091e-05)
(0.05340318811 0.1514899969 -2.868888392e-05)
(0.003457984592 0.1612335403 0.06266110255)
(-0.05896462207 0.148429785 -8.249827683e-06)
(-0.03813094304 0.1549885607 -0.06044935622)
(-0.03808181172 0.1549580661 -5.025386315e-06)
(-0.07210126375 0.1517463132 -0.06044013973)
(-0.07234983641 0.1519149587 7.347182516e-06)
(-0.04043589799 0.1609171957 -4.148732461e-05)
(-0.04033784278 0.1608641477 -0.06113148821)
(-0.1044077907 0.146517584 4.190415066e-05)
(-0.0875771529 0.1504552811 -0.0613237329)
(-0.08781002403 0.1506141303 4.527743469e-05)
(-0.04490871886 0.1615060966 -1.264822823e-05)
(-0.05069420962 0.1586036202 -0.0633848074)
(-0.05121423318 0.1586369933 3.409621396e-05)
(-0.04455899625 0.1613929116 -0.06212839109)
(0.02102121097 0.1366236829 2.536247322e-06)
(-0.01174932113 0.1506843592 -0.06087327233)
(-0.01178023191 0.1506289749 -5.879853123e-06)
(-0.003282346588 0.1587325847 -6.221184998e-06)
(0.03847708609 0.1466781947 -0.06141155103)
(0.03832099576 0.1466087864 7.185566498e-06)
(-0.003167280382 0.1588809739 -0.06159296899)
(0.00328797663 0.1611775324 2.522388874e-06)
(0.06495914923 0.152394949 7.33636886e-05)
(0.00823150521 0.1594305376 -0.06406655081)
(0.0537381491 0.1515693702 -0.06230606587)
(0.007748318357 0.1592973719 1.916601153e-05)
(0.05340802738 0.1515036738 2.887748243e-05)
(0.003541503013 0.1612951886 -0.06266056658)
(-0.0793229389 0.1247123114 -0.0003187083317)
(-0.1474836655 0.1190679705 0.0675259476)
(-0.08155245961 0.1065463329 0.0698967092)
(-0.1607983334 0.1076844477 -0.0001752816456)
(-0.1496828972 0.1207377562 -0.0004616239068)
(-0.08778815697 0.1057728545 -0.0002501879605)
(-0.07793709933 0.126494833 0.06819280472)
(0.01083859459 0.1442437269 3.093399888e-05)
(0.01214009443 0.1533717856 0.06575980564)
(0.07957030777 0.1449477658 0.06583717854)
(0.07221981172 0.1497758977 -0.0001892731408)
(0.0117011749 0.1531148766 -8.62186088e-05)
(0.0760977977 0.1446790316 -0.0002332222508)
(0.01403480101 0.1444178924 0.068636324)
(-0.1211930072 0.1402625725 8.546419068e-05)
(-0.06836144506 0.1428014793 0.0001643051719)
(-0.1356323015 0.1311694524 -0.06565560977)
(-0.05798705479 0.1525074259 -0.06483770249)
(-0.1373627599 0.1319303705 0.000204955089)
(-0.05869478899 0.1525079784 9.870803381e-05)
(-0.06712986503 0.1424023922 -0.06646174085)
(-0.07931386878 0.1247175715 0.0003180329561)
(-0.1607957169 0.107681776 0.0001710362773)
(-0.1474932772 0.1190471346 -0.06752745063)
(-0.08154146505 0.1065674255 -0.0698945903)
(-0.1496846153 0.12073142 0.0004579824502)
(-0.0877838354 0.1057802245 0.0002508341877)
(-0.07791821182 0.1265103806 -0.06819230682)
(0.01083834887 0.1442415097 -3.271647628e-05)
(0.07221842965 0.1497818768 0.0001855559264)
(0.01212611448 0.1533834401 -0.06575848221)
(0.07957912824 0.1449722891 -0.06584063371)
(0.0116978502 0.1531192238 9.005130515e-05)
(0.07610093024 0.1446829754 0.0002287886523)
(0.01402648256 0.1444104217 -0.06863435543)
(0.1800859727 0.1097267508 -5.384863643e-05)
(0.1113361578 0.1335950458 0.06205736052)
(0.2032303265 0.1153364622 0.06271299192)
(0.1318294342 0.137122082 -3.878832533e-05)
(0.1111140871 0.1335339425 -1.665824164e-05)
(0.2026879793 0.1154114462 -7.94811761e-05)
(0.1803330996 0.1098631476 0.06158583803)
(0.2284841859 0.0662521303 0.05960636829)
(0.3661904546 0.05127896108 -2.507659921e-05)
(0.2283825517 0.0662767848 -1.493477572e-06)
(0.2503089093 0.07510475612 -2.249314808e-05)
(0.3781667145 0.05826274981 0.05921835667)
(0.377747875 0.05826696035 -6.311170994e-05)
(0.2505836042 0.07515089082 0.06018691049)
(0.2743234898 0.0813429579 -6.686033087e-05)
(0.2967182648 0.08436205293 0.06359803262)
(0.390050685 0.06405855446 0.05963069414)
(0.4040734726 0.06969859906 -0.0002095655701)
(0.2942122619 0.08402234008 6.915971501e-05)
(0.3895091041 0.06390398127 -0.0001501088461)
(0.2744235357 0.08157423105 0.06128932758)
(0.06575823403 0.115019142 1.65288648e-05)
(0.131171821 0.08962205784 -0.06013767814)
(0.1310757871 0.08965887278 1.911498905e-05)
(0.1558121897 0.1011107547 2.679527228e-05)
(0.08916842633 0.1263509791 -0.06121774561)
(0.08906593467 0.1263003573 7.750660371e-06)
(0.1559971418 0.1011342843 -0.06073207064)
(0.1800977056 0.1097302732 5.458713008e-05)
(0.1318364213 0.1371318457 4.316490233e-05)
(0.1113835321 0.1336107327 -0.06205662013)
(0.20325984 0.1153246146 -0.06271302968)
(0.1111287545 0.1335401101 1.903434111e-05)
(0.202695033 0.1154078811 8.164289261e-05)
(0.1803737804 0.1098696983 -0.06158640648)
(0.366200863 0.05126906638 2.96840652e-05)
(0.2284756558 0.06628150246 -0.05960544325)
(0.2283790283 0.06628637381 8.708071613e-06)
(0.2503023756 0.07511897338 2.330114952e-05)
(0.3781662894 0.05826422015 -0.05921974549)
(0.3777480551 0.05826874284 6.626685739e-05)
(0.2505595181 0.07519571829 -0.06018685018)
(0.2743200432 0.08135051577 6.743003138e-05)
(0.4040619715 0.06970677172 0.0002138004979)
(0.2967069459 0.08437643527 -0.06360215618)
(0.3900520287 0.06407608163 -0.05963360027)
(0.2942046247 0.08402615588 -7.063200662e-05)
(0.3895069733 0.06391068585 0.000151834956)
(0.2744149761 0.08159579769 -0.06128974394)
(0.5572250901 0.03944163816 0.05811359263)
(0.5500816134 0.04210401268 -1.351676415e-05)
(0.5572585401 0.03946011204 -1.029185757e-06)
(0.7782053216 0.05528474389 -2.86913121e-05)
(0.7620363397 0.05325996837 0.05680050996)
(0.7619016967 0.05313347837 -4.248813651e-05)
(0.7782694436 0.05531192888 0.05682279278)
(0.9828466382 0.07631710081 -5.118384413e-05)
(0.9627975305 0.0697090719 0.05557033481)
(1.139040588 0.1004023242 0.05351901855)
(1.117897873 0.08852964554 -6.627515034e-05)
(0.9625333183 0.06954277399 -7.98262219e-05)
(1.138862181 0.09884416654 -7.165527175e-05)
(0.9830232454 0.07642057584 0.05547451053)
(0.5500775966 0.04211310906 1.001548526e-05)
(0.55724937 0.03944012721 -0.05811319644)
(0.5572665937 0.0394600036 1.042032826e-05)
(0.7782169968 0.05528450621 3.26893751e-05)
(0.7620348747 0.05327958655 -0.0568008964)
(0.7618986624 0.05313959792 4.722580452e-05)
(0.7783073638 0.05530496539 -0.05682627271)
(0.9828438416 0.07631906134 5.267302279e-05)
(1.117906577 0.08852329432 7.312680996e-05)
(0.9627982615 0.06971652434 -0.05557406229)
(1.13901139 0.1003988342 -0.05351995865)
(0.9625325533 0.06954372448 8.471369159e-05)
(1.138853354 0.09884087669 6.814337282e-05)
(0.9830194192 0.0764257489 -0.05547593251)
(0.7271461774 0.04815085386 -0.0001526619813)
(0.5594295723 0.05071110804 0.05999376182)
(0.7327719929 0.03973937507 0.05760199313)
(0.5668151455 0.05000202516 4.918546713e-05)
(0.5592731802 0.05057780337 -0.0001278656486)
(0.730323857 0.0367793562 -0.0002255421573)
(0.7275241161 0.050000696 0.05765747657)
(0.9325591138 0.05425392512 4.179449382e-05)
(0.950537659 0.06330668157 0.05631022107)
(1.087616038 0.06835147053 0.0530147465)
(1.097381446 0.07863084241 -0.0001346109907)
(0.9506501877 0.06302270933 -0.0001408723937)
(1.085627902 0.06547349414 -0.0002120889788)
(0.9341612828 0.05470148854 0.05941226004)
(0.5472959932 0.04587720822 1.774374153e-05)
(0.7386045911 0.05433927787 0.0001072876237)
(0.5496433391 0.04952563986 -0.05887357265)
(0.7494015273 0.05266537208 -0.05715529191)
(0.549239162 0.04943587564 2.797400066e-05)
(0.7492242649 0.05233864751 7.625882192e-05)
(0.7389520259 0.05437927455 -0.05741396526)
(0.7271496619 0.04815198002 0.0001555959716)
(0.5668153737 0.05000450761 -4.712405976e-05)
(0.5594382192 0.05071457014 -0.05999503119)
(0.732774854 0.03973922818 -0.05760415263)
(0.5592750637 0.05058025003 0.0001315755986)
(0.730325059 0.0367807865 0.0002295765742)
(0.7275345415 0.04999984165 -0.05766053)
(0.9325567419 0.05425855763 -4.028276029e-05)
(1.097382244 0.07863239709 0.000137144877)
(0.9505324278 0.06332212741 -0.05631059033)
(1.087606618 0.06836040926 -0.0530158465)
(0.9506488978 0.0630278419 0.0001430066304)
(1.085626828 0.06548054273 0.0002144816424)
(0.9341519256 0.05471303423 -0.05941388339)
(0.1760169066 0.1319047274 0.06822058251)
(0.2246191626 0.1142408954 0.06434868675)
(0.1525895788 0.1367633445 -0.0001401957824)
(0.1725667294 0.131721573 -4.011635346e-05)
(0.2239401976 0.1118666324 -0.0001264698297)
(0.2485275742 0.1026669819 -0.0001967603399)
(0.2519690847 0.1057105718 0.06568612319)
(0.1525852668 0.1367749682 0.000145789508)
(0.1759788047 0.1319390917 -0.06821555867)
(0.2246141992 0.1142219103 -0.0643475386)
(0.1725481619 0.1317288723 4.288915202e-05)
(0.2239353062 0.111858794 0.0001303862846)
(0.2485063912 0.1026586974 0.0001960470365)
(0.2519215251 0.1056874631 -0.06568309305)
(-0.003828957366 0.01788984981 -0.0001225683072)
(-0.001743462238 0.01036901686 -0.0001141299522)
(-0.0006920705644 0.003412303271 -0.0001056562737)
(-0.002310856293 0.006494241575 0.02742090796)
(-0.0008459697526 0.003722825019 0.01738403563)
(9.204646186e-05 0.001236484729 0.00985675673)
(-0.002523780855 0.006472867925 -0.0001213198204)
(-0.0009007160856 0.003716108975 -0.0001139338544)
(-0.0003793696322 0.001194422537 -0.0001047790704)
(-0.00361556107 0.01788157988 0.02787059844)
(-0.001686355611 0.01035361797 0.0175520516)
(-0.0002171883673 0.003462284031 0.009963399745)
(-0.007301402401 0.02438848958 -0.0001106222067)
(-0.003983467643 0.01414852296 -0.0001054764548)
(-0.001494786266 0.0046348256 -0.0001030483194)
(-0.007145424784 0.02448352645 0.02915406393)
(-0.003962175032 0.014199476 0.01811744421)
(-0.001034142217 0.00477921077 0.01030977165)
(-0.003828859714 0.01789032288 0.0001225981085)
(-0.001743435887 0.01036930127 0.0001141461779)
(-0.0006920628687 0.003412394525 0.0001056658864)
(-0.002311254715 0.006495432614 -0.02742084254)
(-0.0008461439403 0.003723570725 -0.01738395789)
(9.200524987e-05 0.001236753861 -0.009856708215)
(-0.002523733296 0.006473281265 0.0001211926504)
(-0.0009006972807 0.003716349186 0.0001138511152)
(-0.0003793601162 0.001194502171 0.000104730572)
(-0.003615781699 0.01788306565 -0.02787065036)
(-0.001686469374 0.01035454525 -0.01755204527)
(-0.0002172288722 0.003462621707 -0.009963399858)
(-0.007301202916 0.02438867375 0.0001107249181)
(-0.003983399338 0.01414860643 0.0001055470348)
(-0.001494772068 0.0046348389 0.000103091997)
(-0.007145472745 0.0244845906 -0.02915420192)
(-0.003962284102 0.01420016042 -0.01811750256)
(-0.001034211643 0.004779470978 -0.01030981453)
)
;

boundaryField
{
    inlet
    {
        type            fixedValue;
        value           nonuniform 0();
    }
    outlet
    {
        type            zeroGradient;
    }
    topAndBottom
    {
        type            symmetry;
    }
    frontAndBack
    {
        type            empty;
    }
    cylinder
    {
        type            noSlip;
    }
    procBoundary3to1
    {
        type            processor;
        value           nonuniform List<vector> 
125
(
(-0.4032830392 -0.009885773016 5.332139248e-07)
(-0.4013834306 0.01159128736 -2.07571069e-21)
(-0.3612179495 0.03024562488 -1.848855626e-22)
(-0.2915002598 0.04826290238 -7.013007794e-26)
(-0.1962014397 0.05989382583 1.090678619e-22)
(-0.08618045981 0.06602415749 -6.976431866e-23)
(0.03061129018 0.06718359498 1.514096824e-22)
(0.1465821277 0.06488956929 -1.413640848e-22)
(0.2565460641 0.06029269454 -8.355279729e-24)
(0.3574315425 0.05457277939 -2.039295775e-22)
(0.4477747688 0.04855820375 2.035397264e-22)
(0.5273973756 0.042738292 -2.4358021e-22)
(0.5969022597 0.03736933843 4.802163183e-22)
(0.6572617488 0.03255876295 -4.587819231e-22)
(0.7095632043 0.02832359302 3.143196189e-23)
(0.7548671497 0.02462932301 2.144081434e-22)
(0.7941348557 0.02141546153 0)
(0.8281983881 0.01861088723 -1.339822827e-22)
(0.8577535018 0.01614206509 1.430647488e-22)
(0.883362741 0.01393778851 1.094118151e-22)
(0.9054631384 0.01193341379 -1.568985932e-22)
(0.9243795221 0.01007642666 6.329898308e-24)
(0.9403465746 0.00833289412 3.884364039e-23)
(0.9535426679 0.006693728113 -3.277029546e-23)
(0.964134822 0.005176705594 5.554214873e-23)
(0.9723257098 0.003821030365 -2.654163184e-23)
(0.9783881071 0.002673890276 -3.838682333e-23)
(0.982672912 0.001772579333 2.247815541e-23)
(0.9855855114 0.001128998359 1.672055149e-23)
(0.9875383955 0.0007230714871 1.303898764e-23)
(0.9888980674 0.0005075700289 -2.441938163e-23)
(0.9899454615 0.0004214492426 1.170862476e-23)
(0.9908611986 0.0004053588073 8.993845514e-24)
(0.9917353387 0.0004133116991 -1.6336546e-23)
(0.9925924474 0.0004173054572 1.098494587e-23)
(0.9934217394 0.00040594431 -4.738457922e-24)
(0.9942011484 0.0003791074902 5.522593052e-24)
(0.9949115281 0.0003421340788 -3.134405762e-25)
(0.9955430867 0.0003014558776 -2.269687874e-24)
(0.9960955206 0.0002621110803 2.680012093e-24)
(0.996575102 0.0002269515606 -3.298665497e-24)
(0.9969911671 0.0001969039525 2.902241766e-24)
(0.9973533708 0.0001716622664 -1.358590487e-24)
(0.9976701561 0.0001503847394 -4.973721611e-25)
(0.9979482826 0.0001321834366 5.639740359e-25)
(0.9981930067 0.0001163629823 -1.245752656e-24)
(0.9984085017 0.000102464496 4.369970383e-25)
(0.9985982537 9.020462964e-05 -3.159579249e-25)
(0.9987653083 7.93993154e-05 3.799410718e-26)
(0.9989123838 6.989940781e-05 2.78047912e-25)
(0.9990419093 6.156239594e-05 2.150412598e-25)
(0.9991560355 5.4249736e-05 -2.044587544e-25)
(0.9992566514 4.783404249e-05 3.641624872e-25)
(0.999345409 4.220219192e-05 1.537605152e-25)
(0.999423752 3.725673144e-05 -7.425158915e-27)
(0.9994929463 3.291409191e-05 -1.206667808e-25)
(0.9995541052 2.910172955e-05 1.433834827e-26)
(0.9996082096 2.575651825e-05 7.486936756e-27)
(0.999656125 2.282348047e-05 -4.112142994e-26)
(0.9996986158 2.025478757e-05 -6.752346941e-26)
(0.9997363584 1.800866449e-05 4.646836723e-27)
(0.9997699512 1.604855386e-05 4.222381424e-27)
(0.99979993 1.434256935e-05 -3.645844728e-26)
(0.9998267546 1.28632334e-05 -2.19614052e-26)
(0.9998509041 1.158616129e-05 7.453057484e-27)
(0.9998725392 1.049389253e-05 -4.225196928e-27)
(0.9998928286 9.553841944e-06 4.226039329e-27)
(0.9999086366 8.831488006e-06 -3.486626853e-28)
(0.9999325228 7.876030356e-06 3.501066712e-28)
(-0.09181784584 -0.02271865674 0.05713342534)
(-0.2557116063 -0.01861804628 0.06100409308)
(-0.3790558296 -0.01579747134 0.03769625751)
(-0.04931163662 -0.0213237106 0.05653002098)
(-0.04931003021 -0.02132265744 -0.05652986398)
(-0.2182697927 -0.02011967422 0.0597897873)
(-0.09181071814 -0.02271312117 -0.0571334272)
(-0.2182740679 -0.0201213107 -0.05979043996)
(-0.04940578196 -0.02129644285 8.675506965e-06)
(-0.01149705446 -0.01579700939 0.05501420495)
(-0.01190968064 -0.01575953133 -1.835335173e-05)
(-0.04940493144 -0.02129619259 -9.426500786e-06)
(-0.01149917232 -0.01579857427 -0.0550143304)
(-0.0119099453 -0.01576010201 1.802760437e-05)
(-0.335046327 -0.01295549582 0.06541943367)
(-0.2557048887 -0.01862398341 -0.06100437016)
(-0.3350516304 -0.01297012238 -0.06542159262)
(-0.09199161272 -0.02270227682 -4.221418213e-06)
(-0.1356574368 -0.02236054849 0.05782602453)
(-0.1358989293 -0.02235218054 -2.019251512e-05)
(-0.1780843133 -0.02137716562 0.05872012428)
(-0.2192285361 -0.02013989711 -8.750526359e-05)
(-0.1785211483 -0.02137841735 -4.124863692e-05)
(-0.09198923132 -0.0227005776 4.070989094e-06)
(-0.1356540624 -0.0223532595 -0.05782634194)
(-0.1358977905 -0.02234957879 2.050104586e-05)
(-0.219229867 -0.02013971617 8.683126967e-05)
(-0.1780906175 -0.02137176539 -0.05872063816)
(-0.1785228799 -0.0213761417 4.1824237e-05)
(-0.4147725551 -0.01077368273 0.03923052024)
(-0.3790618164 -0.01579874736 -0.03769619264)
(-0.4147742855 -0.0107731929 -0.03923035896)
(-0.2578657897 -0.01867497899 -0.0002007020631)
(-0.2899882984 -0.01678545472 0.0622703707)
(-0.2938429905 -0.01692950333 -0.000539082458)
(-0.3190726091 -0.01474274774 0.06350418946)
(-0.3664093198 -0.01406910518 -0.0003343628945)
(-0.3270661338 -0.01512660397 -0.001062325944)
(-0.2578645321 -0.01867602889 0.0001996337661)
(-0.2899834927 -0.01679226469 -0.06227062686)
(-0.293841776 -0.01693132973 0.0005394284418)
(-0.3664124131 -0.01407340398 0.0003337804356)
(-0.3190789006 -0.01474971232 -0.0635043474)
(-0.3270681383 -0.01512888876 0.001062627574)
(-0.002310817685 -0.006501370285 0.02742135338)
(-0.000846005724 -0.003727022549 0.01738433719)
(9.20279129e-05 -0.001237882773 0.009856913558)
(-0.002523774758 -0.006480231632 -0.0001213165452)
(-0.0009007625053 -0.003720461094 -0.000113933964)
(-0.0003794000722 -0.001195912093 -0.000104780304)
(-0.002311322557 -0.006501966111 -0.02742122173)
(-0.0008461955145 -0.003727375211 -0.0173842127)
(9.199314244e-05 -0.001238001875 -0.009856836608)
(-0.002523768045 -0.006480406942 0.0001211390585)
(-0.0009007501307 -0.003720544478 0.0001138147175)
(-0.0003793867907 -0.001195932108 0.0001047091233)
)
;
    }
    procBoundary3to2
    {
        type            processor;
        value           nonuniform List<vector> 
103
(
(1.327039438 0.1458166906 0.02696332079)
(1.326988903 0.1458081647 -0.02696648958)
(1.29934068 0.1614690587 0.02335270004)
(1.282179347 0.1508173988 0.02178927588)
(1.299362013 0.1614763439 -0.02334967859)
(1.282183033 0.1507995098 -0.02178841594)
(1.247754254 0.138885373 -1.922894047e-06)
(1.218686411 0.1183577613 0)
(1.194402113 0.1001849393 -2.917546023e-22)
(1.174128245 0.08469592178 1.076744364e-22)
(1.157099931 0.0718568029 -9.408337248e-23)
(1.142622246 0.06106770167 8.997685772e-23)
(1.130220597 0.05199249624 1.012404848e-23)
(1.119555079 0.04431229473 6.219508639e-23)
(1.110364756 0.03776514751 -7.849442551e-24)
(1.102450887 0.03212659669 2.463921637e-23)
(1.095655423 0.02722111591 -1.014617475e-22)
(1.089858118 0.02290328554 -9.217414989e-23)
(1.084962174 0.0190533457 1.60718753e-23)
(1.080888747 0.0155751206 0)
(1.077578131 0.01238687704 0)
(1.074982941 0.009420958225 -2.23460806e-23)
(1.073066314 0.006617952705 2.909727749e-23)
(1.071802514 0.003929332575 -3.610732555e-23)
(1.071174403 0.00130198812 6.370378987e-23)
(-0.0202522566 0.03540962374 -0.0001280723859)
(-0.01086978964 0.02463805726 0.03078273444)
(-0.01978400326 0.03556144036 0.05360457909)
(-0.01101173274 0.02458533895 -0.0001030971058)
(-0.009261852653 0.02590179576 0.0281397921)
(-0.009543152358 0.02584990768 -0.0001457651417)
(-0.009260229347 0.02589836877 -0.0281389828)
(-0.009542591505 0.02584855357 0.0001460076819)
(-0.0292048658 0.04178259592 5.730166482e-05)
(-0.02592829027 0.07442790378 6.811380116e-06)
(-0.02906021602 0.04177832885 0.06184956239)
(-0.02588584292 0.07454009422 0.06184373934)
(-0.02588584292 0.07454009422 0.06184373934)
(-0.02592829027 0.07442790378 6.811380116e-06)
(-0.02025383926 0.03540919824 0.0001277996923)
(-0.01086720926 0.02463180226 -0.03078461475)
(-0.0197886857 0.03556017708 -0.0536029612)
(-0.01101058151 0.02458249688 0.0001025445496)
(-0.02920599563 0.04178748095 -5.876855421e-05)
(-0.02594117975 0.07443711411 -8.830333871e-06)
(-0.02906514425 0.0417952926 -0.0618511476)
(-0.02593274624 0.07457205853 -0.06184321996)
(-0.02593274624 0.07457205853 -0.06184321996)
(-0.02594117975 0.07443711411 -8.830333871e-06)
(0.001086367 0.06359258591 0.06200074316)
(0.001082194762 0.06356901062 2.15746312e-05)
(0.06573143383 0.04683210238 -9.173729118e-07)
(0.06568332033 0.0468583343 0.06163577451)
(0.1814126159 0.03283281741 1.725880882e-06)
(0.3534183944 0.02858988361 0.05985607011)
(0.3535145244 0.02863110526 -4.007709429e-06)
(0.1813667607 0.03278936755 0.06091047501)
(0.001117300661 0.06360700805 -0.06199885643)
(0.00109032431 0.06357424715 -1.682553864e-05)
(0.06573444455 0.04683321533 -1.73446937e-06)
(0.06569047686 0.04685726511 -0.06163808802)
(0.1814140806 0.03283568951 3.838533976e-07)
(0.3534860517 0.02856114641 -0.05985523313)
(0.3535393337 0.02862179635 9.771511376e-06)
(0.1813615454 0.03280126863 -0.06091225672)
(0.5693103742 0.03779325365 0.05868751991)
(0.5693655911 0.03787600987 -1.043916595e-05)
(0.8005286239 0.05854430995 -1.138607106e-05)
(0.8005484003 0.05843219845 0.05741266886)
(1.262704898 0.1267357462 0.05280562649)
(1.2612732 0.1264991386 -3.394566997e-05)
(1.309896717 0.1339467243 -0.0001110752835)
(1.311618387 0.1362390865 0.04940016911)
(1.327039438 0.1458166906 0.02696332079)
(1.262700335 0.1267355452 -0.05280525544)
(1.261266315 0.1264960326 3.752910813e-05)
(1.30989099 0.1339300301 0.0001110594954)
(1.311610827 0.1362073641 -0.04939862623)
(1.326988903 0.1458081647 -0.02696648958)
(1.008359968 0.08521772885 -1.136660359e-05)
(1.164074231 0.1118241552 0.05340459384)
(1.163962238 0.1117824051 -5.501288563e-05)
(1.008477565 0.0852108917 0.05566298994)
(0.5693939674 0.03777049158 -0.05868896118)
(0.5693940135 0.03787035886 1.288771115e-05)
(0.8005437505 0.05855780901 7.419202383e-06)
(0.8005807082 0.05846505697 -0.05741327889)
(1.0083434 0.08523126839 1.173233675e-05)
(1.164054526 0.1118360674 -0.05340454613)
(1.163949845 0.1117840577 5.656205886e-05)
(1.008438092 0.08525022762 -0.05566338079)
(-0.009261852653 0.02590179576 0.0281397921)
(-0.005353667337 0.01482382558 0.01888023025)
(-0.00151399789 0.004941917868 0.01071070335)
(-0.009260229347 0.02589836877 -0.0281389828)
(-0.005352727615 0.01482186305 -0.01887996683)
(-0.001513719882 0.004941266315 -0.01071077137)
(-0.009543152358 0.02584990768 -0.0001457651417)
(-0.005415964149 0.01482471162 -0.0001343752369)
(-0.001995930738 0.004774276952 -0.0001210069425)
(-0.009542591505 0.02584855357 0.0001460076819)
(-0.005415689406 0.01482398138 0.0001345418103)
(-0.001995873363 0.004774056329 0.0001211065231)
)
;
    }
}


// ************************************************************************* //
