/*--------------------------------*- C++ -*----------------------------------*\
| =========                 |                                                 |
| \\      /  F ield         | OpenFOAM: The Open Source CFD Toolbox           |
|  \\    /   O peration     | Version:                                        |
|   \\  /    A nd           | Website:  www.openfoam.com                      |
|    \\/     M anipulation  |                                                 |
\*---------------------------------------------------------------------------*/
FoamFile
{
    version     2.0;
    format      ascii;
    class       volVectorField;
    location    "4.8";
    object      U;
}
// * * * * * * * * * * * * * * * * * * * * * * * * * * * * * * * * * * * * * //

dimensions      [0 1 -1 0 0 0 0];


internalField   nonuniform List<vector> 
2403
(
(1.000024397 -5.61561342e-05 0)
(1.000234736 -0.000169119588 0)
(1.000680789 -0.0002831382517 0)
(1.001372203 -0.0003979143123 1.084485023e-22)
(1.002298696 -0.0005139389473 -1.325645655e-22)
(1.003456568 -0.0006315397456 1.826407591e-22)
(1.00484982 -0.0007508279865 -1.50307027e-22)
(1.006483103 -0.0008715909676 2.412337485e-22)
(1.008358913 -0.0009931158144 -3.229628131e-22)
(1.010477653 -0.001112956727 1.341871864e-22)
(1.012837376 -0.001230984777 -4.155096617e-23)
(1.015434816 -0.001347500639 1.936404456e-23)
(1.018262888 -0.001459628943 0)
(1.02131051 -0.001564605188 0)
(1.024562593 -0.001659926535 2.650914877e-23)
(1.027997554 -0.001742588064 -2.65085246e-23)
(1.031586513 -0.001809108486 0)
(1.0352935 -0.00185621855 0)
(1.039076693 -0.001881733744 -1.949597163e-23)
(1.042891248 -0.00188527696 1.876341459e-23)
(1.04669342 -0.001868379432 -3.345214502e-25)
(1.050444064 -0.00183348032 9.154651113e-24)
(1.054108854 -0.001781909338 -8.819509878e-24)
(1.057653708 -0.001711824702 1.247414177e-23)
(1.061036317 -0.001617573529 -2.178255653e-23)
(1.06419749 -0.001490240012 3.369467519e-24)
(1.06705955 -0.001321654122 -1.623957864e-23)
(1.000024263 -0.0001689907259 -5.563698479e-23)
(1.000233294 -0.0005087855589 -5.519028648e-23)
(1.000676948 -0.0008516013783 5.401248552e-23)
(1.001364946 -0.001196490503 -1.064616391e-22)
(1.002287266 -0.001544844301 2.121260336e-22)
(1.003440579 -0.001897562689 -1.553581843e-22)
(1.004829312 -0.002254925135 9.813756652e-23)
(1.006458594 -0.002616412045 -1.928579079e-22)
(1.00833129 -0.002980373009 1.84991172e-22)
(1.01044798 -0.003342960933 -4.402275049e-23)
(1.012808281 -0.003700411928 2.023423026e-22)
(1.015411332 -0.004052003193 -1.801868718e-22)
(1.018250687 -0.004391744032 0)
(1.021313675 -0.004710701163 0)
(1.024585966 -0.005000711586 -2.670479334e-23)
(1.028047155 -0.005252838015 1.026914939e-23)
(1.031669018 -0.005456755674 2.785978544e-23)
(1.035415646 -0.00560245184 -4.092869552e-24)
(1.039244875 -0.00568300439 -7.457028895e-25)
(1.043111132 -0.005696940296 -8.925178092e-25)
(1.046969426 -0.005648562735 -2.017619196e-25)
(1.050778772 -0.00554492098 2.017494798e-25)
(1.05450249 -0.005389758944 1.813865211e-23)
(1.058104037 -0.005177133817 -1.599407061e-23)
(1.061539 -0.004888810099 -3.958421924e-24)
(1.064745163 -0.004498847868 0)
(1.067642569 -0.003983286098 2.187518917e-23)
(1.000024051 -0.0002817004661 5.615200259e-23)
(1.000230882 -0.0008479491037 5.472911074e-23)
(1.000670074 -0.001419118801 1.649384318e-22)
(1.001351536 -0.001993616365 -1.623384782e-22)
(1.002265828 -0.002573791985 1.236033684e-24)
(1.003410329 -0.003161166693 1.057544766e-22)
(1.004790249 -0.00375628239 3.151213224e-24)
(1.006411586 -0.004358473733 9.951679532e-23)
(1.008278099 -0.004965559053 1.832754143e-22)
(1.010391469 -0.005573191999 -1.946899448e-22)
(1.012753145 -0.006175346178 0)
(1.015365647 -0.006766510266 0)
(1.018225176 -0.007340726366 -3.659093778e-23)
(1.021318378 -0.00788248847 0)
(1.02463084 -0.008376043015 2.712108868e-23)
(1.028143839 -0.008806170831 -5.638536221e-23)
(1.031830889 -0.009156289426 1.783950284e-23)
(1.035656703 -0.009409639274 4.092435356e-24)
(1.039578535 -0.009553829573 1.476781178e-24)
(1.043549238 -0.009585345786 -9.081428664e-25)
(1.04752124 -0.009510370011 0)
(1.051449848 -0.009339751714 0)
(1.05529363 -0.009079002147 0)
(1.059010797 -0.008717800989 -1.538535822e-23)
(1.062551822 -0.008225632746 2.242734299e-23)
(1.065848615 -0.00756029352 -4.542125867e-24)
(1.068816829 -0.006682858434 0)
(1.000023676 -0.0003927538076 0)
(1.000227061 -0.001182428833 0)
(1.000659237 -0.001979319168 -1.104570421e-22)
(1.001330364 -0.002781261994 -1.08871602e-22)
(1.002231888 -0.003591817749 -1.051012408e-22)
(1.003362246 -0.00441336516 -5.060354402e-25)
(1.004727804 -0.005246952554 -3.063928839e-22)
(1.006335922 -0.006092028111 2.022548255e-22)
(1.008192066 -0.006946029478 0)
(1.010300139 -0.007803740714 1.128398436e-23)
(1.01266373 -0.008657386127 4.352862814e-23)
(1.015286795 -0.00949534531 -3.07875594e-22)
(1.018170446 -0.01031115827 3.44434476e-22)
(1.021307243 -0.01108977882 6.325670207e-23)
(1.024680958 -0.01180556328 -7.844558189e-23)
(1.02827232 -0.01243249191 0)
(1.032057118 -0.01294674893 0)
(1.036002105 -0.01332503571 0)
(1.04006443 -0.01354895723 0)
(1.044194683 -0.01361165433 -7.701946763e-24)
(1.048341271 -0.01351966853 9.501753162e-24)
(1.052453797 -0.01328625386 -7.335306501e-25)
(1.056483491 -0.01291761772 1.001353097e-24)
(1.060380248 -0.0123985403 1.150806138e-23)
(1.064086131 -0.01168633969 -2.35355202e-23)
(1.067524015 -0.01072345935 -5.803550427e-24)
(1.070602686 -0.009457302389 3.263975889e-23)
(1.000023051 -0.0005014101323 1.158131791e-22)
(1.000221552 -0.001510010841 -2.291910787e-22)
(1.000643761 -0.002528666267 0)
(1.001300086 -0.003554782541 0)
(1.00218316 -0.004593392586 -2.381820021e-24)
(1.003292849 -0.005648008737 -4.826860839e-24)
(1.004637079 -0.006720524194 -1.06291144e-22)
(1.0062251 -0.007810863044 -1.992545971e-22)
(1.008064774 -0.008916421323 2.241072297e-22)
(1.010162969 -0.01003137953 -5.916053997e-24)
(1.012526249 -0.0111469485 1.27116813e-22)
(1.015160374 -0.01224951153 -1.285672204e-22)
(1.018069639 -0.01332181411 0)
(1.021255654 -0.01434995773 0)
(1.024708964 -0.01530896769 -4.749247724e-23)
(1.028406717 -0.01615906995 2.434935236e-23)
(1.032323436 -0.01686436997 -3.565659202e-23)
(1.03642907 -0.01739340683 0)
(1.040682014 -0.01772101804 -6.364214708e-24)
(1.045030541 -0.01783544465 -3.732244873e-24)
(1.049417673 -0.01774128317 -9.972330315e-25)
(1.053785099 -0.01745191722 -9.751557601e-24)
(1.058073825 -0.01697256634 8.28467535e-24)
(1.062221984 -0.01628230683 2.257788875e-23)
(1.066159439 -0.01532641248 -7.003104764e-24)
(1.069796205 -0.01403341857 4.715509105e-24)
(1.073031091 -0.01233912378 -6.190691923e-24)
(1.000022126 -0.0006071940569 0)
(1.000213809 -0.001828223896 8.569327392e-23)
(1.000622499 -0.003062683427 -1.148402351e-22)
(1.001258704 -0.00430831444 2.281643614e-22)
(1.002116541 -0.005571668957 -2.115763559e-24)
(1.003197607 -0.006857615794 1.089588821e-22)
(1.004511711 -0.008169236835 -2.117264005e-22)
(1.006070485 -0.00950742578 4.16454784e-22)
(1.007884814 -0.01087004759 -4.131985124e-22)
(1.009965201 -0.01225113558 3.206072157e-24)
(1.012322273 -0.01364092223 2.102121325e-22)
(1.014965736 -0.01502500826 -4.192156392e-23)
(1.017903071 -0.0163813231 2.604503602e-22)
(1.021140569 -0.01768270407 -2.999523726e-22)
(1.024681756 -0.01890658152 -5.63231178e-23)
(1.028510511 -0.02001150496 1.698198622e-22)
(1.032593828 -0.02094349209 -3.944549571e-23)
(1.036903403 -0.02165843215 -1.556409184e-23)
(1.041399998 -0.02212259071 2.192666893e-23)
(1.046030298 -0.02231778739 1.32958795e-23)
(1.050731057 -0.02224378321 -1.053505053e-23)
(1.055433572 -0.02191050372 9.764471223e-25)
(1.060065111 -0.02131925545 2.194438091e-24)
(1.064547899 -0.02044192348 -3.507443508e-24)
(1.06879506 -0.01921176289 0)
(1.072699005 -0.01754536099 1.481152929e-24)
(1.076144611 -0.01536981644 3.03706093e-23)
(1.000021146 -0.0007097363995 -6.126367428e-23)
(1.000204845 -0.002136290576 2.939114275e-23)
(1.0005954 -0.003578126455 0)
(1.00120446 -0.005035746389 -3.710724554e-24)
(1.002028613 -0.006518452088 5.855477968e-23)
(1.003071235 -0.008032692576 0)
(1.004344143 -0.009582890462 2.811288376e-23)
(1.005861685 -0.01117135565 0)
(1.007638371 -0.01279694004 1.920086707e-22)
(1.009689084 -0.01445413819 -3.847463934e-22)
(1.012029489 -0.01613267772 1.706363577e-22)
(1.014674852 -0.01781669749 0)
(1.017638079 -0.01948286421 -7.481783465e-23)
(1.020930374 -0.02109772114 -2.801682077e-22)
(1.024565439 -0.02262418901 2.823908831e-22)
(1.028540484 -0.02402596885 0)
(1.032822635 -0.02523271507 -1.832955184e-23)
(1.037380866 -0.02618164705 6.312244846e-23)
(1.042177065 -0.02682584243 0)
(1.047157261 -0.02713880163 9.735740565e-24)
(1.052252539 -0.02711347511 -7.842238455e-24)
(1.057381781 -0.02675251198 1.12136745e-23)
(1.062454208 -0.02604912352 -1.444394302e-23)
(1.067370682 -0.02496532605 -1.899743555e-23)
(1.0720217 -0.02342186188 1.895211578e-23)
(1.076275896 -0.02132571664 -5.570708475e-24)
(1.079999031 -0.01859913072 -5.645895595e-23)
(1.000020003 -0.0008074039724 6.119506536e-23)
(1.000193422 -0.002430101869 0)
(1.00056154 -0.004070971637 -1.208500281e-22)
(1.001136359 -0.005731895332 1.245863827e-22)
(1.00191569 -0.007424840415 -1.793087075e-22)
(1.002907419 -0.009161406817 0)
(1.004125099 -0.01094792814 1.973862391e-22)
(1.005585999 -0.01278823785 -2.255509008e-22)
(1.007308703 -0.01468263609 -2.126476515e-22)
(1.009313105 -0.01662674505 9.199172256e-24)
(1.011620936 -0.01861061189 2.018586754e-22)
(1.014254569 -0.02061744997 1.3150559e-22)
(1.017234858 -0.02262169266 -2.212049061e-22)
(1.020580184 -0.02458626434 1.537879823e-22)
(1.024308256 -0.0264568231 0)
(1.028432067 -0.02819395561 0)
(1.032939719 -0.02973265417 -7.847810686e-23)
(1.037795288 -0.03098624063 1.509380749e-23)
(1.042956061 -0.03188143076 -3.48311368e-23)
(1.048364163 -0.03237247463 0)
(1.053946008 -0.03244116432 -9.212554986e-25)
(1.059608048 -0.03207958184 2.255940758e-24)
(1.065237562 -0.03126874831 6.108729587e-24)
(1.070707392 -0.02995752095 0)
(1.075877594 -0.02805322178 -2.567672768e-23)
(1.080584726 -0.0254561685 2.389196924e-24)
(1.084668479 -0.02208892223 2.528975105e-23)
(1.000018526 -0.0008987304304 1.273336724e-22)
(1.000178735 -0.002704830231 -1.258712595e-22)
(1.000518752 -0.004532646305 0)
(1.00105067 -0.0063869021 0)
(1.001774838 -0.008282558781 1.206283168e-22)
(1.002700493 -0.01023292163 0)
(1.003844519 -0.01224950438 -1.207701791e-22)
(1.005228936 -0.01434039133 2.276638053e-22)
(1.006876285 -0.01650804325 -2.563720518e-22)
(1.008811889 -0.01874971226 -5.534328721e-23)
(1.011064405 -0.02105668604 -2.008682669e-22)
(1.013664604 -0.0234123468 3.870687412e-22)
(1.016643265 -0.02578995394 -1.888248008e-22)
(1.020029206 -0.02815048294 -1.592413675e-22)
(1.023847635 -0.03043574682 1.58819585e-22)
(1.028120498 -0.03257345323 4.832485271e-22)
(1.032859069 -0.0344968329 -4.303031395e-22)
(1.03805056 -0.03612002207 2.414738493e-22)
(1.043647399 -0.03734774042 -1.174085518e-22)
(1.049577732 -0.03809863067 0)
(1.05575724 -0.03832817179 0)
(1.062079748 -0.03800922878 0)
(1.068407484 -0.0371045161 -3.240154383e-23)
(1.074577977 -0.03554526125 3.313732537e-23)
(1.080410946 -0.03322378082 -1.083943367e-23)
(1.085699729 -0.03003732597 2.619354555e-24)
(1.090248578 -0.02591573548 -1.244487527e-25)
(1.000016683 -0.0009820863246 -6.671769309e-23)
(1.00016047 -0.002955519646 -1.293917325e-22)
(1.000465438 -0.004954546212 -1.305268559e-22)
(1.000943991 -0.006987914405 1.286705953e-22)
(1.001599366 -0.009074375819 0)
(1.002442481 -0.0112303939 0)
(1.003493236 -0.01347060405 3.698731508e-22)
(1.004776038 -0.01580675821 1.902248589e-24)
(1.006320194 -0.01824839468 -2.018732981e-22)
(1.008157222 -0.02079636169 2.859178297e-22)
(1.010323326 -0.0234440285 -2.67978703e-22)
(1.012858783 -0.02617611275 4.625076287e-22)
(1.015805943 -0.02896607629 -2.002352696e-22)
(1.01920727 -0.03177304264 0)
(1.023102226 -0.03453777021 0)
(1.027525361 -0.03717677048 -2.628257739e-22)
(1.03250583 -0.03959187807 2.620828527e-22)
(1.038055749 -0.041680795 -9.142164008e-23)
(1.044145051 -0.04333239414 9.362849143e-23)
(1.050697404 -0.04443856837 -5.395414156e-23)
(1.057604247 -0.04491300518 -2.135400331e-24)
(1.064741402 -0.04469542768 0)
(1.071941229 -0.04371943933 -3.655324772e-23)
(1.078996762 -0.04189103517 1.302196687e-23)
(1.085674337 -0.03908430685 -3.900455249e-24)
(1.09170875 -0.03519756137 3.869025271e-24)
(1.09685596 -0.03017707741 -5.688572804e-24)
(1.000014417 -0.001055628689 6.661821973e-23)
(1.000138137 -0.003176660508 -2.700028806e-22)
(1.000400402 -0.005327401379 2.650915578e-22)
(1.000813763 -0.007521527059 0)
(1.001384017 -0.009782199956 1.374026512e-22)
(1.002124696 -0.0121302912 1.308392681e-22)
(1.0030581 -0.01458487801 -2.511528093e-22)
(1.00421197 -0.01716236957 0)
(1.005619738 -0.01987618297 0)
(1.007319431 -0.02273391513 -2.454244165e-22)
(1.009357866 -0.02573669563 -3.353027332e-24)
(1.01178565 -0.02887233826 2.702797415e-22)
(1.014658488 -0.0321159522 -4.134958771e-22)
(1.01803561 -0.03542627458 1.999984299e-22)
(1.021976152 -0.0387407816 1.656197619e-22)
(1.026534935 -0.04196973751 1.226694575e-22)
(1.031759924 -0.04499133156 -2.871917846e-22)
(1.037687425 -0.04767987978 -1.823819254e-22)
(1.04432442 -0.04989671499 -5.37285623e-23)
(1.051598584 -0.05149947725 0)
(1.059380849 -0.05234358042 -5.422287933e-25)
(1.067518155 -0.05231815519 0)
(1.075805512 -0.05131330819 -7.753786667e-24)
(1.08397911 -0.04919910819 2.434946714e-23)
(1.091733848 -0.04582679681 7.019049101e-23)
(1.098724447 -0.04110138178 2.26767109e-23)
(1.104640711 -0.0349984725 3.577077086e-23)
(1.00001166 -0.001117302741 0)
(1.000111241 -0.003362113612 -2.083548381e-24)
(1.000322391 -0.005640896244 1.384168982e-22)
(1.00065751 -0.007973056847 1.431859798e-22)
(1.001124869 -0.01038661651 -1.311130114e-22)
(1.00174015 -0.01290761826 2.765329435e-22)
(1.002527761 -0.01556093225 6.638577724e-23)
(1.003518972 -0.01836902109 -3.363974639e-22)
(1.004751055 -0.02135125998 1.594684149e-23)
(1.006269 -0.02452234223 -3.013389596e-23)
(1.008127242 -0.027889548 1.917157401e-22)
(1.010389811 -0.0314516076 -1.657996523e-22)
(1.013128714 -0.03518991757 2.287226098e-22)
(1.01642275 -0.03906553845 -1.089721508e-22)
(1.020355308 -0.04301463665 -5.027567167e-23)
(1.025008928 -0.04694234327 -9.037659688e-23)
(1.030460507 -0.05071544052 4.229340153e-22)
(1.036779202 -0.05416597357 -2.65615306e-22)
(1.044005151 -0.05711964357 1.634255817e-22)
(1.05209967 -0.05939215126 -3.169098643e-23)
(1.060932823 -0.06078020078 3.450848366e-23)
(1.070300945 -0.06108568549 1.301147419e-23)
(1.079949645 -0.06012766239 -3.26283981e-23)
(1.089541759 -0.05772243643 3.158206512e-23)
(1.0986753 -0.05369102093 4.865197751e-23)
(1.106894473 -0.0479536257 9.014402355e-25)
(1.113798605 -0.04053465369 0)
(1.000008331 -0.001164843924 0)
(1.000079316 -0.003505100521 -2.890758549e-22)
(1.000230399 -0.005883633197 1.432977504e-22)
(1.000473383 -0.008326132631 1.047153797e-23)
(1.000818645 -0.01086584833 2.543346696e-22)
(1.001283429 -0.01353469731 -2.235732902e-22)
(1.001893577 -0.01636444759 -3.037304838e-22)
(1.002683174 -0.01938490696 2.700407123e-22)
(1.003692851 -0.02262330306 0)
(1.004973743 -0.0261041522 2.594522061e-22)
(1.006589111 -0.0298442481 -2.840472809e-22)
(1.008614712 -0.0338511229 2.929029704e-22)
(1.011139395 -0.03811952496 0)
(1.014266845 -0.04262259852 3.279006009e-22)
(1.018109942 -0.0472993499 -3.690815007e-22)
(1.022787504 -0.05205212061 1.899456642e-22)
(1.028416999 -0.05673735111 -1.56387523e-22)
(1.035108071 -0.06115485951 -3.833734959e-22)
(1.042948512 -0.06508916548 7.383230085e-23)
(1.051968772 -0.06828890974 8.41828031e-23)
(1.062046128 -0.07046821844 8.228057573e-23)
(1.072930103 -0.07130336067 -3.673368842e-24)
(1.08429176 -0.07050651124 -2.328873024e-24)
(1.095694871 -0.06781470749 4.454603509e-23)
(1.106603222 -0.06300722487 -1.320758899e-23)
(1.116405652 -0.05603220682 -3.537861863e-23)
(1.124577397 -0.04699254419 1.562727548e-23)
(1.000004402 -0.001195725795 0)
(1.000042154 -0.003598083658 -2.410698283e-24)
(1.000123994 -0.006042895631 4.131145832e-22)
(1.000260592 -0.008562405879 -2.90663642e-22)
(1.000463732 -0.01119520102 -5.538104101e-22)
(1.000751298 -0.01397959912 3.003377922e-22)
(1.001149426 -0.01695533549 3.58769445e-22)
(1.001694496 -0.02016097031 -1.450648876e-22)
(1.002428683 -0.02363297556 4.388908217e-22)
(1.003407515 -0.02740876999 -7.131160826e-23)
(1.004703495 -0.03151872703 2.874350892e-22)
(1.006402848 -0.03598399175 -5.42040214e-22)
(1.008612017 -0.04081550764 0)
(1.011459611 -0.04600133756 0)
(1.015094797 -0.05150073807 -1.231130101e-22)
(1.019681822 -0.05722015352 1.358016158e-23)
(1.025393401 -0.06301171826 2.005512691e-22)
(1.032401283 -0.06865867346 1.46566288e-22)
(1.040867018 -0.07387194839 0)
(1.050892001 -0.07832064866 -2.004638633e-22)
(1.06241526 -0.08161231207 2.629319953e-22)
(1.075170897 -0.08327604911 0)
(1.088706489 -0.08283541613 -2.452874579e-24)
(1.102443894 -0.07989489242 -8.227699994e-23)
(1.115655661 -0.07417450735 -5.355147337e-23)
(1.127507343 -0.06567415388 0)
(1.137303694 -0.05462277379 -8.352526566e-23)
(0.9999997487 -0.001207794263 0)
(0.99999978 -0.003634464266 1.535770727e-22)
(1.000003607 -0.006107017055 -7.683418086e-22)
(1.000020183 -0.008665126399 -3.12913762e-22)
(1.000061701 -0.01135242903 3.01404843e-22)
(1.000145483 -0.01421377864 -3.005419161e-22)
(1.000296063 -0.01729651548 0)
(1.00054975 -0.02064777507 0)
(1.00094917 -0.02431627019 -6.066576064e-22)
(1.001552282 -0.02835583541 0)
(1.002438948 -0.03281480586 -1.401375819e-22)
(1.003703164 -0.03773334258 2.776951993e-22)
(1.005468011 -0.04314765375 -2.831966585e-22)
(1.007890338 -0.0490699806 4.270604615e-22)
(1.011154874 -0.05548019141 -1.26856463e-22)
(1.015481685 -0.06231546267 2.363018554e-22)
(1.021117285 -0.06943344756 -2.28127022e-22)
(1.028321859 -0.07660633055 0)
(1.037354428 -0.08348954674 -2.391663388e-22)
(1.048428651 -0.08966219336 2.382721247e-22)
(1.061623958 -0.0945663911 -6.965488659e-23)
(1.076678034 -0.09751006139 -1.836828542e-23)
(1.093001966 -0.09772215241 -2.49083713e-24)
(1.109786793 -0.09459075951 4.795854049e-23)
(1.126014639 -0.08775646606 -1.772251427e-23)
(1.140526461 -0.07732797091 3.954808401e-23)
(1.152398552 -0.0637456035 0)
(0.9999941941 -0.001200146685 0)
(0.9999527953 -0.003608911134 2.40780532e-22)
(0.9998708218 -0.006065325561 -2.48902314e-22)
(0.9997544822 -0.008617529292 4.717574995e-22)
(0.9996157539 -0.01131371103 0)
(0.9994696586 -0.01420469152 0)
(0.9993386783 -0.01734537052 -6.535176955e-22)
(0.9992562588 -0.02079204502 0)
(0.9992610627 -0.02460770365 3.208326354e-22)
(0.999409136 -0.02886303898 6.377333581e-22)
(0.9997827904 -0.03362559615 -1.50838944e-23)
(1.000481683 -0.0389631676 -6.318480746e-22)
(1.001642895 -0.04494836522 6.466837272e-22)
(1.003450991 -0.0516327039 -2.873876877e-22)
(1.00612767 -0.05903560539 0)
(1.009954001 -0.06713003158 1.283988021e-22)
(1.015264221 -0.07581866285 -2.340113884e-22)
(1.022441689 -0.08488049962 1.141174397e-22)
(1.031893069 -0.09394792697 0)
(1.044020001 -0.1024569081 -1.778388412e-22)
(1.059079974 -0.109645712 1.772760048e-22)
(1.076934904 -0.1145072081 9.330574143e-23)
(1.096892136 -0.1158576875 9.686883513e-23)
(1.117738049 -0.1126828311 -1.27341155e-22)
(1.137969641 -0.104463335 0)
(1.155939217 -0.09153012718 4.373843674e-24)
(1.170431888 -0.07470034742 -3.621399043e-22)
(0.9999897451 -0.001167365804 1.458268507e-22)
(0.9999073582 -0.003510608803 -1.411708338e-22)
(0.9997346026 -0.005904974077 3.234830126e-22)
(0.9994741703 -0.008402295499 3.323692358e-22)
(0.9991382751 -0.01105540738 -1.648922199e-22)
(0.9987383139 -0.01392102909 3.328147519e-22)
(0.9982933909 -0.01706031111 3.2033892e-22)
(0.9978288847 -0.02053780899 3.292694397e-22)
(0.997376865 -0.02443255128 -1.67604357e-21)
(0.996990041 -0.02883323549 1.711943132e-21)
(0.9967460655 -0.03382944267 1.032098919e-21)
(0.9967397061 -0.03952436708 -3.540716675e-22)
(0.9971125305 -0.046032695 -3.142420714e-22)
(0.9980666529 -0.05345572408 -6.70292261e-22)
(0.9998639038 -0.06188095823 0)
(1.002852775 -0.07135724374 0)
(1.007467233 -0.08185228352 -2.759233043e-22)
(1.014249264 -0.09321422964 3.957089489e-22)
(1.023817103 -0.1050791112 -2.554212878e-22)
(1.036840978 -0.1167708131 3.760072773e-22)
(1.053895422 -0.1272920873 4.171068511e-22)
(1.0751858 -0.1351279377 0)
(1.099920389 -0.1383759141 -5.810106006e-23)
(1.12631673 -0.1354101294 2.048988064e-22)
(1.151997704 -0.1254412545 1.221460521e-22)
(1.17450088 -0.1091996488 5.97389593e-22)
(1.192243351 -0.08815286971 -2.505097192e-22)
(0.999984154 -0.001108823816 -3.373527844e-22)
(0.999855483 -0.003338152651 1.714231542e-22)
(0.9995871891 -0.005621640225 0)
(0.999175802 -0.00801221975 -1.677136452e-22)
(0.9986315254 -0.01056581161 8.603184571e-23)
(0.9979614121 -0.01334274203 -8.587384943e-23)
(0.9971780234 -0.01640729154 0)
(0.9962951019 -0.01983555257 -9.804018059e-24)
(0.9953331501 -0.02372248884 -7.303989797e-22)
(0.9943360809 -0.02817182398 -3.400036884e-22)
(0.9933640769 -0.03329550425 2.659666217e-23)
(0.9925002117 -0.03923906408 -1.133753658e-21)
(0.9918836795 -0.04616693261 0)
(0.9917180394 -0.05424752391 -7.745784313e-22)
(0.9922800978 -0.06365981331 7.739681412e-22)
(0.9939691531 -0.07456079405 7.650440202e-22)
(0.9973379341 -0.08705597809 3.271441648e-22)
(1.003123738 -0.1011288413 -3.402881083e-23)
(1.012234134 -0.1165370447 -1.074057321e-22)
(1.025756778 -0.1325788018 0)
(1.044854198 -0.1479390309 -1.058709248e-22)
(1.070328981 -0.1603570348 6.130970665e-23)
(1.101435592 -0.1666899128 5.539523116e-23)
(1.1355545 -0.1639307488 7.452847317e-23)
(1.168740495 -0.1515451792 -4.36027177e-22)
(1.197170829 -0.1308360867 -2.828008368e-22)
(1.21882505 -0.1042230637 1.370327295e-21)
(0.9999786277 -0.001027095862 1.709927795e-22)
(0.9998036746 -0.00309305597 -3.472494217e-22)
(0.9994382584 -0.005213580467 2.18758191e-23)
(0.9988730032 -0.007442018294 -2.187390162e-23)
(0.9981153773 -0.009834414472 -1.351171366e-22)
(0.9971676112 -0.01245126745 -1.345411355e-22)
(0.9960296219 -0.01536172032 8.998837857e-23)
(0.9947011492 -0.0186506797 0)
(0.9931879739 -0.02242197191 3.465191202e-22)
(0.9915168505 -0.02678868907 7.640386565e-22)
(0.9897212997 -0.03189381952 -1.540917984e-21)
(0.9878596318 -0.03792660756 3.160192739e-21)
(0.9860469373 -0.04509789519 0)
(0.9844559939 -0.05365596058 -8.925368498e-22)
(0.9833614322 -0.063900932 4.1535735e-23)
(0.9831859364 -0.07614992646 -1.573565996e-21)
(0.9845606882 -0.09072276562 2.755243692e-23)
(0.9884059049 -0.1078587077 1.926780529e-21)
(0.9960461303 -0.1276065846 -4.055671475e-22)
(1.009166498 -0.1494772645 -9.582979043e-22)
(1.030018191 -0.1721348367 -3.118190521e-22)
(1.060358483 -0.1918163856 -6.127741878e-23)
(1.100605401 -0.2034761254 5.463146586e-07)
(1.145755029 -0.2005665644 -8.756187342e-07)
(1.188808891 -0.1843201409 1.312278023e-07)
(1.224826733 -0.1568915502 3.003593587e-07)
(1.25112155 -0.1223563981 -2.890217527e-06)
(0.999973371 -0.0009209412927 0)
(0.9997536425 -0.00277360785 1.758110656e-22)
(0.9992932258 -0.004678841714 2.031432095e-22)
(0.9985771998 -0.006688301767 2.155211489e-25)
(0.9976095277 -0.008856024838 1.570300435e-22)
(0.9963852934 -0.01124136465 -4.656348767e-23)
(0.9948906048 -0.01391472901 4.65584269e-23)
(0.9931095169 -0.01696208435 -9.675967065e-23)
(0.9910288078 -0.02048822142 4.791841458e-22)
(0.9886441936 -0.02462100479 -4.076626104e-22)
(0.9859544609 -0.02952840664 -8.270115706e-24)
(0.9829788645 -0.03542849974 -1.628970044e-21)
(0.9797817879 -0.04257105702 8.77713791e-22)
(0.9764740105 -0.05130741638 -2.761314267e-23)
(0.9732720335 -0.06205887872 0)
(0.9705431029 -0.07534268526 -9.942231305e-22)
(0.9689360193 -0.0917917002 1.10293612e-21)
(0.9694852699 -0.112100636 1.410933353e-21)
(0.9739411021 -0.1369041978 9.389351045e-23)
(0.9846200096 -0.1665237693 -3.29910348e-22)
(1.006200729 -0.200166831 -4.91604247e-08)
(1.041010553 -0.2312942507 -1.113513678e-07)
(1.094573929 -0.2512086774 7.07103879e-07)
(1.140228063 -0.2456185606 0.008073935745)
(1.193881853 -0.2264330265 0.01328616746)
(1.241773064 -0.1933906195 0.01787485508)
(1.275655206 -0.1523151122 0.02084592542)
(0.9999689846 -0.0007911743026 1.823959885e-22)
(0.9997087306 -0.002383288306 0)
(0.9991598014 -0.004023510203 -2.036518521e-22)
(0.9983024856 -0.005759012744 -1.631701915e-22)
(0.9971370795 -0.007639363839 4.707151621e-23)
(0.9956503462 -0.009719981789 8.524157711e-25)
(0.9938146307 -0.01206758909 1.481136272e-22)
(0.9915959251 -0.01476474412 -1.507851723e-22)
(0.9889569187 -0.0179145731 2.600439833e-22)
(0.9858575198 -0.02164955528 1.018701307e-22)
(0.9822540031 -0.02614264151 2.115259314e-22)
(0.978107514 -0.03162015868 0)
(0.9733964267 -0.03838021754 0)
(0.9681322523 -0.04684969982 5.058709909e-22)
(0.9624052634 -0.05754574211 0)
(0.9564304346 -0.0712323205 9.923450106e-22)
(0.9506888979 -0.08887555268 -8.522496422e-22)
(0.9460947234 -0.1118030581 1.226947044e-21)
(0.9445057951 -0.1415624295 1.515683321e-21)
(0.9486928728 -0.1805175244 -9.318782561e-08)
(0.967140289 -0.2282684312 -7.156799247e-08)
(1.001687282 -0.260546965 -0.005074959371)
(1.055449664 -0.2969912402 0.001039567317)
(1.132081247 -0.306074426 0.009406932815)
(1.192586156 -0.2807918863 0.02765738428)
(1.279166267 -0.240003871 0.0382731871)
(1.317867619 -0.1823236252 0.04359258303)
(1.340494472 -0.12170862 0.02783870401)
(0.9999649244 -0.0006395437871 -1.824004879e-22)
(0.9996685128 -0.001928099245 1.157733127e-23)
(0.9990416507 -0.003258016655 1.011716635e-25)
(0.9980598525 -0.00466891816 8.888140588e-24)
(0.996719355 -0.006203204871 -2.157507142e-22)
(0.994998503 -0.007908979382 -2.454051749e-23)
(0.9928561233 -0.009844820835 -1.715176787e-22)
(0.9902394927 -0.01208435008 4.072044787e-22)
(0.9870856931 -0.01472160585 -4.742508039e-23)
(0.9833183904 -0.01787951745 5.355105405e-23)
(0.9788444111 -0.02172169365 -2.312190006e-22)
(0.9735532968 -0.02646888722 0)
(0.9673189859 -0.03242754524 1.283046678e-22)
(0.9600090859 -0.04003170294 -2.366399631e-22)
(0.9514996124 -0.04988728788 -5.624741078e-22)
(0.9417286605 -0.06292816687 0)
(0.9307624937 -0.08037525815 1.218017175e-22)
(0.9190759369 -0.1042761104 -6.778690787e-21)
(0.9075646559 -0.1371377352 4.150588908e-22)
(0.8993471453 -0.1841282724 -1.536013449e-07)
(0.9137067147 -0.2316408415 -0.01359387491)
(0.9361410202 -0.2952108474 -0.009664443407)
(0.9921629501 -0.3542720138 -0.003908409479)
(1.120395377 -0.4099309315 0.01723279441)
(1.261631819 -0.3855956914 0.04087027805)
(1.339837117 -0.2892096798 0.05485046794)
(1.305123594 -0.181007352 0.05701575719)
(1.225714438 -0.1071595076 0.0560479138)
(0.9999614323 -0.0004704457888 -1.870197251e-22)
(0.9996353606 -0.001419268552 0)
(0.9989456127 -0.002399958787 -1.184127307e-23)
(0.997863227 -0.003442567003 1.890440662e-22)
(0.9963804527 -0.004579733463 2.285492197e-22)
(0.994468139 -0.005848862392 5.518682917e-25)
(0.9920731135 -0.007295925242 1.787875211e-22)
(0.9891256453 -0.008979382793 -2.061878689e-22)
(0.9855389947 -0.01097507832 -2.130973755e-22)
(0.9812027052 -0.01338363937 2.845314216e-22)
(0.9759743502 -0.01634171937 1.737436788e-22)
(0.9696709521 -0.02003865446 -1.278290391e-22)
(0.9620578262 -0.02474333989 1.356152899e-22)
(0.9528368192 -0.03084541739 -2.823012542e-22)
(0.9416243022 -0.03892251701 4.380793455e-22)
(0.9279631079 -0.04987131169 0)
(0.9112504364 -0.06501728098 0)
(0.8910416336 -0.08680548221 4.543844423e-21)
(0.8664987395 -0.1179587929 -1.250367217e-06)
(0.8393524743 -0.1690595944 2.506907555e-07)
(0.8382513237 -0.2262475632 -0.01990098075)
(0.7908797145 -0.2955892364 -0.02835365578)
(0.9010690083 -0.4549637987 -0.01359192873)
(1.070271605 -0.5849270971 0.02308478625)
(1.111060117 -0.43645668 0.07458918997)
(0.725892755 -0.1121228621 0.08668344627)
(0.4751061478 -0.0127480072 0.07294908739)
(0.3937031484 -0.01934123695 0.06439252964)
(0.9999589877 -0.0002880821194 1.870119667e-22)
(0.9996120516 -0.0008693875421 -9.450689459e-23)
(0.9988781073 -0.001470867909 -7.13288862e-23)
(0.9977247892 -0.002111416859 -1.445524848e-22)
(0.9961412863 -0.002811655364 4.895075858e-23)
(0.9940928226 -0.003595375014 -2.470494883e-23)
(0.9915171605 -0.004492029395 -2.036363883e-22)
(0.9883315124 -0.005539381387 0)
(0.9844305249 -0.006786926545 -1.663032601e-22)
(0.9796766398 -0.008301100779 -2.882316066e-22)
(0.9738872958 -0.01017333889 1.174982147e-22)
(0.9668190484 -0.01253252344 0)
(0.9581434714 -0.01556483189 1.414972354e-22)
(0.9474157529 -0.01954680926 -1.414881026e-22)
(0.934008819 -0.02489788935 0)
(0.9170857284 -0.03228585199 -1.858226325e-22)
(0.8952808608 -0.04275530834 1.857318644e-22)
(0.8672589947 -0.05822435491 0)
(0.8282640985 -0.08149455342 2.202033056e-06)
(0.802246334 -0.120133569 -0.02437157157)
(0.745151544 -0.1873482429 -0.02705174814)
(0.7027529816 -0.3021498507 -0.04750666915)
(0.6733005888 -0.5246820341 -0.03668098902)
(0.4493373346 -0.4328248338 0.01690141283)
(-0.03056560049 -0.04927175305 0.06648723409)
(0.9999577628 -9.719289361e-05 0)
(0.9996000325 -0.0002931673081 1.182183624e-22)
(0.9988431883 -0.0004962001492 7.139733604e-23)
(0.997653066 -0.0007128033439 4.760891596e-23)
(0.9960171891 -0.0009499794038 7.373808518e-23)
(0.9938977372 -0.001215910906 -1.004124323e-22)
(0.9912275463 -0.001520813521 -5.385035269e-23)
(0.9879166731 -0.001877825751 -3.76554767e-24)
(0.9838494596 -0.002304238001 2.458066874e-22)
(0.978873185 -0.002823397111 -1.184783177e-22)
(0.9727824938 -0.003467658968 1.184292689e-22)
(0.9652990129 -0.004283026535 -1.335739357e-22)
(0.9560389559 -0.005336595747 9.899230539e-23)
(0.9444692347 -0.006729400086 0)
(0.9298096449 -0.00861685712 0)
(0.9109821124 -0.01125207909 4.53336505e-23)
(0.8860915429 -0.01504210517 0)
(0.8532251933 -0.02070900625 -9.335013242e-22)
(0.8047447107 -0.02949703649 -3.345400738e-07)
(0.7634524397 -0.05567388216 -0.02794605447)
(0.6476725695 -0.09553568177 -0.05638891856)
(0.5565873252 -0.1867258925 -0.06856803528)
(0.321769783 -0.3658638092 -0.07790275977)
(1.171465204 -0.5357651101 0.05969790046)
(0.6982222738 -0.5935157931 0.02994883494)
(1.070270916 -0.5849484524 -0.02309310292)
(1.171421473 -0.5357654577 -0.05969593442)
(0.6982306066 -0.5935305985 -0.02994918805)
(0.8328701378 -0.1869993962 0.08515436134)
(1.111028024 -0.4364258413 -0.07458197005)
(0.8328697737 -0.1869964326 -0.08515128223)
(0.5036052306 -0.02289953685 0.07527460097)
(0.7258938239 -0.1121219697 -0.0866796158)
(0.5036228143 -0.0229243092 -0.07527233583)
(0.4045388686 -0.01392485451 0.06589970631)
(-0.01803527869 -0.03228781053 0.06850256796)
(0.4750714633 -0.01275352824 -0.07294623947)
(0.4045205228 -0.01399076336 -0.06589848378)
(-0.01796742558 -0.03216122412 -0.0685135671)
(0.6089568221 -0.6115268791 0.001260792253)
(0.4126400431 -0.44272584 -0.06558901115)
(0.6733172416 -0.5246986562 0.03668109097)
(0.608953584 -0.6115290408 -0.001263317765)
(0.412645616 -0.442736439 0.06558864514)
(0.4493437926 -0.4328408785 -0.01690316742)
(-0.02155078201 -0.02624573815 0.06258801971)
(-0.02141859639 -0.02610963628 -0.06259041361)
(-0.03052302308 -0.04922633116 -0.06648107458)
(0.1697986877 -0.05898538668 -0.09839891226)
(0.3217897001 -0.3658450382 0.07790089296)
(0.1698008171 -0.05898238948 0.09839681142)
(1.331128523 -0.3179959376 0.05258271274)
(1.246631116 -0.4652145446 0.06215115833)
(1.119061998 -0.2727156417 0.0755931823)
(1.261580032 -0.385655666 -0.04087758238)
(1.331128097 -0.3179952151 -0.05257942629)
(1.246580901 -0.4651406926 -0.06213964159)
(1.119067291 -0.2727120506 -0.07559009141)
(1.321108847 -0.2053745235 0.05711244999)
(1.04433126 -0.2049834081 0.07741126301)
(0.8250978821 -0.08160580157 0.07143219451)
(1.339845515 -0.2892139217 -0.05484842657)
(1.321109923 -0.2053692027 -0.05711387331)
(1.044332825 -0.2049842101 -0.0774073967)
(0.8251101159 -0.08161070964 -0.0714297729)
(1.018417327 -0.5650127719 0.01150042122)
(0.7467199214 -0.5191460528 -0.02904890385)
(0.7984106732 -0.6741736582 0.006588527156)
(0.9010670575 -0.4549681347 0.013590178)
(1.018439462 -0.5650307153 -0.01150168033)
(0.7466903043 -0.5191283666 0.02904678786)
(0.79841186 -0.6741720294 -0.00659299771)
(0.636280057 -0.2036080877 -0.0003600667296)
(1.110951212 -0.4365834712 0.0002443724219)
(1.023288019 -0.3537838486 0.07825201211)
(0.7867790253 -0.3011665883 0.08683517532)
(1.023133265 -0.3546736173 0.0001329862507)
(0.7862335088 -0.301369899 0.0003923443519)
(0.6368852914 -0.2037105096 0.07849114952)
(0.2585423149 0.006267280787 -5.574205326e-05)
(0.7261153072 -0.1126965236 0.000191169251)
(0.6250580851 -0.06295602064 0.08344372189)
(0.3395868689 -0.009516947094 0.09223636497)
(0.6251506199 -0.06355850908 6.884341386e-05)
(0.3399130906 -0.009342226463 8.785794698e-05)
(0.2581223124 0.006016939375 0.08759637629)
(-0.00729664474 -0.04881879906 0.06723403907)
(0.39375608 -0.01929206726 -0.06439394893)
(-0.007200446169 -0.04873113566 -0.06723085873)
(0.4489937257 -0.4324262227 5.686013094e-05)
(-0.03036707489 -0.04906038039 5.733075666e-05)
(-0.02416770502 -0.08427401899 0.06520265058)
(-0.03103894456 -0.04606870991 0.06532431494)
(-0.02427035956 -0.08409678519 3.467083453e-05)
(-0.03118681046 -0.04617973467 7.554510404e-05)
(0.3924677336 -0.314047439 -0.0764056463)
(0.4984017412 -0.02928234098 -0.07762444133)
(0.2744399906 -0.05121109293 -0.09353117188)
(0.5565753003 -0.1866989552 0.06857135326)
(0.3924577651 -0.3140274496 0.07640337099)
(0.4984018502 -0.02927204382 0.07762374896)
(0.2744503559 -0.05121132584 0.09352902978)
(0.1258610585 -0.259971547 0.0001313463537)
(0.3216323467 -0.3653432453 -0.0001714997493)
(0.2078115303 -0.376320004 -0.07582685449)
(0.2538332562 -0.2744554343 -0.08646514816)
(0.2074461146 -0.3748999055 -0.000191960134)
(0.2542994181 -0.2739803514 -0.0001586581567)
(0.1261111041 -0.2609043213 -0.0834181176)
(0.9128349884 -0.6319643444 -8.401868041e-05)
(0.6967281969 -0.5931677914 0.0003813096904)
(0.9110262931 -0.6565402206 0.02932308768)
(0.6249968304 -0.4927887669 0.03113937807)
(0.9100055621 -0.6558859789 0.000150264303)
(0.6239884058 -0.4920426382 -0.0005242850344)
(0.9136124686 -0.6317269792 0.0394385852)
(0.7789658142 -0.4757920691 0.0004835060003)
(0.6707305796 -0.3468129833 0.0647017519)
(0.4560060185 -0.2943609746 0.0545185146)
(0.6699240755 -0.3462709957 -0.0004106159142)
(0.4569790141 -0.2946050666 0.0002040982001)
(0.7798218446 -0.4757005867 0.06542002642)
(0.9128369192 -0.6319685104 8.537989545e-05)
(0.6967283021 -0.5931716913 -0.0003780724054)
(0.9110292428 -0.6565390421 -0.02932344281)
(0.6250064662 -0.4928004697 -0.03114232497)
(0.9100077685 -0.6558859174 -0.0001501058417)
(0.6239960039 -0.4920487091 0.0005256332957)
(0.9136175611 -0.6317390394 -0.03944013757)
(0.7789652453 -0.4757944507 -0.0004814895814)
(0.670723921 -0.3468222487 -0.06470491621)
(0.4560144623 -0.2943665617 -0.05452038613)
(0.6699237279 -0.3462749612 0.0004117491956)
(0.4569814631 -0.2946064761 -0.0002010682458)
(0.779820333 -0.4757073514 -0.06542222993)
(0.5307416287 -0.1089175515 7.155495566e-05)
(0.8328384531 -0.1877928125 0.0001034599262)
(0.9284960261 -0.2647672867 0.08331821855)
(0.4370275186 -0.06247273938 0.08890971416)
(0.9286080865 -0.2654149837 0.0002376631336)
(0.4372005684 -0.06236060068 -0.00011939972)
(0.5302773171 -0.1089047838 0.08710490783)
(0.463456144 -0.1768946769 0.08074508296)
(0.4644951259 -0.1769046759 0.0002286561116)
(0.6362744444 -0.2036029274 0.0003568561338)
(1.110942452 -0.4365734939 -0.0002489959755)
(1.023263464 -0.3537556844 -0.07824948912)
(0.7867485011 -0.3011475182 -0.08683290827)
(1.023125914 -0.3546635555 -0.0001374937017)
(0.7862223938 -0.3013614248 -0.0003963141077)
(0.6368709376 -0.203695256 -0.07848769411)
(0.530741599 -0.1089161796 -7.500543922e-05)
(0.8328388075 -0.1877916366 -0.000107126138)
(0.9284924055 -0.2647563432 -0.08331539995)
(0.4370285745 -0.06247029828 -0.08890669018)
(0.9286074867 -0.2654113338 -0.0002413636332)
(0.4372008277 -0.06236008964 0.0001157824647)
(0.5302755561 -0.1088991549 -0.08710139792)
(0.463441657 -0.1768842768 -0.08074338154)
(0.4644858829 -0.1768987609 -0.0002284695945)
(0.2020480548 0.02005838707 0.0001351718467)
(0.503708959 -0.02325928719 -2.076470686e-05)
(0.5503796426 -0.0323506507 0.07964378879)
(0.1864660954 0.008222721753 0.07751868877)
(0.5505095133 -0.03254977101 6.788594349e-05)
(0.1867551921 0.007943186345 -6.209214866e-05)
(0.2016985589 0.019855318 0.08465364478)
(0.06475981591 0.0108873282 0.06772520181)
(0.06502518601 0.01159440008 -0.0001871250865)
(0.2585435428 0.006268408759 5.252225831e-05)
(0.7261169829 -0.1126963239 -0.0001955830564)
(0.6250568521 -0.06295223468 -0.08344019468)
(0.3395896239 -0.009513549574 -0.09223313293)
(0.6251515411 -0.06355751583 -7.321919814e-05)
(0.3399144784 -0.009341322298 -9.162845053e-05)
(0.2581252008 0.006021250519 -0.08759300069)
(0.2020496309 0.02005905742 -0.0001389827681)
(0.5037178193 -0.02326756468 2.100042932e-05)
(0.5503953448 -0.03235228296 -0.07964139107)
(0.1864747584 0.008214675272 -0.07751691734)
(0.5505159619 -0.03255052724 -7.258827948e-05)
(0.1867576163 0.007940474768 5.828870464e-05)
(0.2017017232 0.01985811552 -0.08464959714)
(0.06475105204 0.01088578726 -0.06772115751)
(0.0650210345 0.01159346206 0.0001850246006)
(0.04425202154 -0.009067829403 9.216506442e-06)
(0.05519542232 0.006798548413 0.07482819688)
(-0.0008486887191 -0.007606004317 0.06265223511)
(0.05547982721 0.006919047669 6.266914938e-05)
(-0.001089917183 -0.007096529296 -0.0001303338165)
(0.04411819855 -0.008952017372 0.07252637839)
(0.05249192897 -0.0174202108 8.016709674e-05)
(-0.01780784765 -0.03216331223 1.602016683e-05)
(0.05218090359 -0.02459627839 0.0684451186)
(-0.01275371277 -0.01827049237 0.06867061342)
(0.05218192393 -0.02455326683 -1.466330636e-05)
(-0.01270043866 -0.01806326222 -2.285941587e-05)
(0.05239878585 -0.017395353 0.07089740286)
(0.0442475392 -0.009072572082 -1.448879836e-05)
(0.05517785222 0.00677983659 -0.07482549836)
(-0.0008741308219 -0.007613162205 -0.0626448869)
(0.05547402102 0.006912697795 -6.780508e-05)
(-0.001096189554 -0.007099155694 0.0001249066562)
(0.04410134224 -0.008964542958 -0.07252091776)
(0.05248038042 -0.01742687018 -8.524476611e-05)
(-0.01778272712 -0.03212322973 -3.449729752e-05)
(0.05225043252 -0.02461223677 -0.06844337034)
(-0.01280650594 -0.01825926353 -0.06866502384)
(0.05220710713 -0.02455615616 -5.382427498e-07)
(-0.0127112426 -0.01805971918 1.485758144e-05)
(0.0523516674 -0.01741570149 -0.0708920463)
(0.5525073146 -0.6173332914 -8.317703506e-05)
(0.6080582966 -0.6095075844 -8.792887566e-05)
(0.6815062787 -0.6543351671 -0.01782450173)
(0.4128263679 -0.4925710567 -0.002629876971)
(0.6807711358 -0.6536698355 -0.0001136100729)
(0.4126875927 -0.4923094951 0.000555934022)
(0.5524305999 -0.6183159628 -0.026181564)
(0.3815436496 -0.533777602 -0.0001971265254)
(0.252149948 -0.3771830006 -0.02535351202)
(0.2391844074 -0.4189326337 -0.04674945328)
(0.2519867373 -0.3774371883 -9.01382161e-05)
(0.2389092174 -0.4181861801 0.0003603065271)
(0.3823423285 -0.5356577951 -0.03918677992)
(0.552509338 -0.6173333652 8.374715182e-05)
(0.6080544855 -0.6095076214 9.03281137e-05)
(0.6815008159 -0.6543277343 0.01782481446)
(0.4128372439 -0.4925788959 0.002629787611)
(0.6807712337 -0.6536681043 0.0001131305491)
(0.4126934601 -0.4923146004 -0.0005555487378)
(0.5524349458 -0.6183157664 0.0261814772)
(0.381543651 -0.5337789656 0.0001979977293)
(0.2521508437 -0.377187504 0.02535317236)
(0.2391945762 -0.4189397552 0.04675099793)
(0.2519866589 -0.3774390333 8.991455895e-05)
(0.238912851 -0.4181901293 -0.0003600545941)
(0.3823426288 -0.5356603139 0.03918636269)
(0.4489938955 -0.4324329288 -5.45450743e-05)
(-0.02172809648 -0.02573287129 -6.369977372e-05)
(-0.02169079589 -0.02569154568 6.839490432e-05)
(-0.02197366064 -0.04069222725 0.05659534952)
(-0.02247778968 -0.04058468473 -0.00013119441)
(-0.03035249122 -0.04904379423 -3.427989693e-05)
(-0.02426479476 -0.08424696345 -0.06520366386)
(-0.03105118849 -0.04615360682 -0.06533508422)
(-0.02429756911 -0.08408568788 -2.044122079e-05)
(-0.03119045367 -0.04620100748 -6.858936062e-05)
(-0.02199171206 -0.04071926024 -0.05660024256)
(-0.0224843516 -0.04059230353 0.0001373717354)
(0.1221132475 -0.2886098089 -0.06325523834)
(0.1217298405 -0.2887463782 -6.241436156e-05)
(0.0655672335 -0.16271066 1.39758255e-05)
(0.1704307077 -0.05874784457 -0.0001918176151)
(0.1973438153 -0.172468352 -0.09416625743)
(0.04508391815 -0.05478882789 -0.09855112868)
(0.1977706718 -0.1721327647 -0.0002219517029)
(0.04478886174 -0.05453866524 6.780738074e-05)
(0.06579101803 -0.1630006785 -0.09343608805)
(0.1258606054 -0.2599680066 -0.0001300985905)
(0.3216386893 -0.3653358017 0.0001703766584)
(0.207815263 -0.3763026708 0.07582724827)
(0.25383337 -0.2744254397 0.08646534288)
(0.2074464223 -0.3748941521 0.0001934762148)
(0.2542996689 -0.2739712467 0.0001609339422)
(0.126107683 -0.2608950778 0.08341689503)
(0.1221090092 -0.2886056615 0.06325460314)
(0.121726831 -0.2887436098 6.14856283e-05)
(0.06556675978 -0.1627081654 -1.23898832e-05)
(0.1704316548 -0.05874654602 0.000194788158)
(0.1973406907 -0.1724599252 0.09416492823)
(0.045080362 -0.05478583253 0.09854966463)
(0.1977702141 -0.1721296013 0.0002243812059)
(0.04478820326 -0.05453759679 -6.550909473e-05)
(0.06578757136 -0.1629941753 0.09343458718)
(1.145424409 -0.2769719613 0.02455725851)
(1.112919794 -0.3771324412 0.0161270068)
(1.216830432 -0.3672052637 0.0319238849)
(1.132093372 -0.3060615638 -0.009406001371)
(1.145421239 -0.2769710043 -0.02455854436)
(1.112912955 -0.3771244266 -0.01612824159)
(1.216780902 -0.3672402332 -0.03192193746)
(1.263758004 -0.2529063604 0.0362105358)
(1.246303294 -0.356562783 0.03659380212)
(1.315380691 -0.301846983 0.04728174557)
(1.192609796 -0.2807971979 -0.0276549985)
(1.263751547 -0.2529029099 -0.03620895292)
(1.246271293 -0.356598619 -0.03659321663)
(1.315372852 -0.301850571 -0.0472792992)
(1.31026899 -0.1963958551 0.04282869469)
(1.329987126 -0.2793244949 0.04954459063)
(1.343292536 -0.2116320203 0.0527943804)
(1.279169534 -0.240001378 -0.03827305808)
(1.310273372 -0.1963972264 -0.04282371418)
(1.329986283 -0.2793314876 -0.0495435171)
(1.343287712 -0.2116354548 -0.05279592353)
(1.334432142 -0.1478987033 0.02716064406)
(1.339566582 -0.1907509322 0.05308251194)
(1.314761682 -0.1362252766 0.05365698178)
(1.317838208 -0.1823233092 -0.04359048162)
(1.334420915 -0.1478813868 -0.02716066114)
(1.339605863 -0.1907414242 -0.0530815222)
(1.314755012 -0.1362162142 -0.05365707956)
(0.9537424716 -0.3256025195 -0.008661137557)
(0.8133051553 -0.2875486216 -0.02491760615)
(0.9098556974 -0.3967081024 -0.01542900316)
(0.9361450344 -0.295215986 0.009664494219)
(0.9537536492 -0.3256064767 0.008660522581)
(0.813306346 -0.287547145 0.02491926381)
(0.9098519994 -0.3967050053 0.01542747002)
(1.087402694 -0.4017786449 0.01150809127)
(0.9349369936 -0.4295406212 -0.01028241669)
(1.044682379 -0.5152589906 0.01171142267)
(0.9921743688 -0.3542724562 0.003907116737)
(1.087435818 -0.4017734722 -0.01151246974)
(0.9349443372 -0.4295415268 0.01028061401)
(1.04468885 -0.5152679644 -0.01171959069)
(1.227892035 -0.3991748185 0.03539326149)
(1.094503928 -0.5333079524 0.02143600846)
(1.23672841 -0.5167706306 0.05193200501)
(1.12042409 -0.4099063774 -0.01723793601)
(1.227813324 -0.3992446841 -0.03538286045)
(1.094564374 -0.533358895 -0.02144690186)
(1.236598223 -0.5168097642 -0.05191506525)
(1.304564103 -0.3934500689 -2.914396068e-05)
(1.290856814 -0.3670007741 0.04546461298)
(1.276950658 -0.4181374609 0.04618084545)
(1.261205058 -0.3851652429 -0.0001079332436)
(1.290551981 -0.3665901343 -8.836140829e-05)
(1.276489488 -0.418222927 -4.238883302e-05)
(1.304942728 -0.3932585509 0.05134247236)
(1.301854852 -0.2501639041 -2.859245264e-06)
(1.340097065 -0.2598385565 0.05619976545)
(1.320720663 -0.2881918306 0.06122645569)
(1.339775634 -0.2894307711 -2.575905064e-05)
(1.340060524 -0.2601399047 -1.500047911e-05)
(1.320594461 -0.2885741571 -5.498458932e-06)
(1.301933381 -0.2497656457 0.0621672985)
(1.245348335 -0.121834267 0.05633655853)
(0.7745769434 -0.06106749968 0.06963985619)
(0.6613291087 -0.03282881452 0.0639306527)
(1.305164003 -0.1810020925 -0.05701638571)
(1.24534064 -0.121820933 -0.05633810155)
(0.7745511044 -0.06109210136 -0.06963706688)
(0.6612919459 -0.03287909951 -0.06392511567)
(0.6355590761 -0.03087584526 0.06301193423)
(1.225748501 -0.107158499 -0.05604955923)
(0.6355547377 -0.03090640314 -0.06301221355)
(0.8770214453 -0.4169563672 -0.01902373304)
(0.7398430054 -0.3097433949 -0.04217209888)
(0.7382695154 -0.4563024322 -0.03475647395)
(0.7908795248 -0.2955790773 0.0283536085)
(0.8770359862 -0.4169686782 0.01902357131)
(0.7398455179 -0.3097218042 0.04217193711)
(0.7382833334 -0.4563129813 0.03475780688)
(0.8898889358 -0.5272310662 -0.000162803438)
(0.9315864089 -0.4939152085 -0.006655008741)
(0.8596528933 -0.4803378604 -0.01753564073)
(0.9049614625 -0.4528906434 -0.0003836855356)
(0.9329507794 -0.492583093 -0.0002144265743)
(0.8620376494 -0.4781042974 -0.0002864703809)
(0.8892065163 -0.5284493448 -0.01004825724)
(1.056953387 -0.6374724649 -7.364208502e-05)
(1.069562223 -0.5847647962 -1.360793152e-05)
(1.122677682 -0.5961185145 0.03454188973)
(1.019326432 -0.6332636515 0.02553071154)
(1.121905648 -0.5962734297 -4.503882199e-05)
(1.018430712 -0.6328085829 3.994683294e-06)
(1.057706773 -0.6373895732 0.03812434102)
(0.2017849749 -0.004303229838 9.724431242e-06)
(0.4753630514 -0.01271995557 2.974036569e-05)
(0.4460439807 -0.01063112634 0.07022774723)
(0.2114860043 0.002137849727 0.07729363148)
(0.4461274285 -0.01076427225 -8.573718715e-06)
(0.2118668076 0.002116342487 0.0001817673655)
(0.2018970282 -0.004283359187 0.07270718236)
(0.3938307666 -0.01941160068 -2.865900794e-06)
(0.1949481953 -0.02217065806 0.06538890096)
(0.1951113632 -0.02219182722 1.305813389e-05)
(0.2051273361 -0.0322197886 -5.018603683e-06)
(0.2050658776 -0.0321643587 0.06391280176)
(0.7060871459 -0.2618460748 -0.04763270421)
(0.6607707192 -0.1210415128 -0.05400654852)
(0.6226156453 -0.1946066682 -0.06130335258)
(0.7451613895 -0.1873619162 0.02705126569)
(0.7060839263 -0.2618442714 0.04763429138)
(0.6607657404 -0.1210466867 0.05400804161)
(0.6225868617 -0.1945811297 0.06130242981)
(0.6758141834 -0.4552455588 -0.0417806051)
(0.5902321196 -0.227329002 -0.06363410398)
(0.4627089601 -0.3754715026 -0.06723245418)
(0.7027352378 -0.3021463475 0.04750860812)
(0.6758317183 -0.4552590043 0.0417783029)
(0.5902166903 -0.2272987243 0.06363430305)
(0.4627311895 -0.3754872594 0.06723235983)
(0.5779006177 -0.5889894827 -3.512167992e-05)
(0.6736127364 -0.5236749229 -0.000102583284)
(0.6751436814 -0.6003841778 -0.02847502277)
(0.5913651775 -0.5165912697 -0.04521360107)
(0.6746724132 -0.5995847934 -3.573867322e-05)
(0.5914595417 -0.5156422041 -7.742367091e-05)
(0.5784383748 -0.5895528169 -0.03798673705)
(0.5952530861 -0.1592156287 -0.06542411604)
(0.6244142189 -0.01689445648 -0.06055330324)
(0.5485131498 -0.02474858886 -0.07278959859)
(0.6476769004 -0.09554782264 0.05638730319)
(0.5952668099 -0.1591916684 0.06542648002)
(0.6244093023 -0.01687762804 0.06055454255)
(0.548527432 -0.02473553215 0.07278837668)
(0.4779888923 -0.1647810825 -0.0001757667227)
(0.5106640782 -0.220527989 -0.07163119928)
(0.528981428 -0.1390967311 -0.0726544183)
(0.5603996008 -0.1859974422 -0.0003441630146)
(0.5124878971 -0.2197575815 -0.0001898633563)
(0.5329103014 -0.1386768819 -0.0003379480269)
(0.4760896703 -0.1652359402 -0.07660776879)
(1.042674525 -0.5763273233 0.0001709249451)
(1.170912293 -0.536197735 -3.278963841e-05)
(1.157960959 -0.5749995042 0.04829472966)
(0.9995234878 -0.4933270472 0.06507763039)
(1.157136651 -0.5749481993 3.892506358e-05)
(0.9988118704 -0.4939103756 -8.303639223e-05)
(1.043466572 -0.5766256207 0.05635696401)
(1.056955385 -0.6374818821 7.833447979e-05)
(1.069566881 -0.584777009 1.883524746e-05)
(1.122694561 -0.5961595511 -0.03454842509)
(1.019316996 -0.6332593658 -0.02553301971)
(1.121911572 -0.5962866032 5.452832475e-05)
(1.018432549 -0.6328106366 -4.386963071e-06)
(1.057715728 -0.6374161495 -0.03812903777)
(1.042670511 -0.5763375053 -0.000167073774)
(1.170892173 -0.536196703 2.909183963e-05)
(1.157930951 -0.5750439202 -0.04829590118)
(0.9995081909 -0.4933353163 -0.06507505711)
(1.157123562 -0.5749603638 -3.353411208e-05)
(0.9988052711 -0.4939119108 8.409634403e-05)
(1.04346274 -0.5766546616 -0.0563602967)
(0.1952578513 -0.007572171197 4.943422299e-06)
(0.4046521841 -0.01409966417 -1.391216215e-05)
(0.4221801121 -0.0115100377 0.06767302403)
(0.1918563634 -0.01361079166 0.06739120991)
(0.4223053782 -0.01166097033 -7.237669567e-06)
(0.1920039743 -0.01367137383 -1.450496266e-05)
(0.1951887391 -0.007669028252 0.0695903036)
(0.2017761947 -0.004303824015 -1.403740057e-05)
(0.4753500461 -0.01272269259 -3.450496164e-05)
(0.4460333856 -0.01062831808 -0.07022397865)
(0.2114786914 0.002130142527 -0.07728970325)
(0.4461235776 -0.01076435011 1.509319101e-06)
(0.2118642472 0.002113428549 -0.0001817476239)
(0.2018679859 -0.004282947735 -0.07270264524)
(0.1952445252 -0.007580294089 -9.417421331e-06)
(0.4046513921 -0.01412038762 3.209109184e-06)
(0.4221572319 -0.01152880715 -0.06766763482)
(0.1919085665 -0.01363774537 -0.06738918178)
(0.4223000984 -0.01166710129 7.209359441e-06)
(0.1920226583 -0.01367868369 1.933293258e-06)
(0.1951419377 -0.007695125279 -0.06958553495)
(0.4670845435 -0.5496094527 -0.0001655053475)
(0.4124432875 -0.4421010102 -4.568821121e-05)
(0.5024479802 -0.4908213519 -0.05501315796)
(0.3501365073 -0.4861901277 -0.06025700213)
(0.5021928953 -0.4899266203 -7.110443212e-05)
(0.3505112127 -0.4852433921 -0.0001133656261)
(0.467636961 -0.5503424262 -0.04981477848)
(0.5779014429 -0.5889910052 3.534256705e-05)
(0.6736169305 -0.5236789849 0.000106952913)
(0.6751317955 -0.6003773481 0.02847456062)
(0.5913685596 -0.5165935876 0.04521213769)
(0.674668857 -0.5995839652 3.868450948e-05)
(0.5914593196 -0.5156416955 7.559422894e-05)
(0.5784406824 -0.5895567137 0.03798666697)
(0.467083503 -0.5496104396 0.0001663184302)
(0.4124467062 -0.4421039398 4.755721978e-05)
(0.5024406704 -0.4908161524 0.05501328797)
(0.3501396885 -0.4861891755 0.06025526239)
(0.5021914807 -0.4899257838 7.347597169e-05)
(0.3505121903 -0.4852427781 0.0001120423057)
(0.4676309695 -0.5503457154 0.04981397849)
(1.321806952 -0.3629024365 -2.461821671e-05)
(1.314406128 -0.344292175 0.04942991317)
(1.327700533 -0.3270373218 0.05900886801)
(1.331019109 -0.3180701381 -4.285873623e-05)
(1.314216487 -0.344128483 -6.385619983e-05)
(1.327490994 -0.3274032318 -1.702409874e-05)
(1.322111424 -0.3626093353 0.05567727445)
(1.24619461 -0.4653247492 3.799939881e-05)
(1.22232267 -0.4064707923 0.06802398702)
(1.221836929 -0.4067113781 -1.999619651e-05)
(1.29550603 -0.4118110858 -2.34998931e-05)
(1.28173413 -0.4491034739 0.05292468019)
(1.281182913 -0.4493631715 -1.793712283e-05)
(1.295978357 -0.4114201307 0.05858067798)
(1.11891517 -0.2730098655 4.821800907e-06)
(1.177561623 -0.340134965 0.07258984023)
(1.177258462 -0.3402387883 5.717602121e-06)
(1.291742188 -0.3668180922 -1.661024345e-05)
(1.27234877 -0.3165436997 0.06662012077)
(1.27213082 -0.3170019516 -4.875030861e-06)
(1.292105245 -0.3664076306 0.06316161581)
(1.304581581 -0.3934364322 4.358908797e-05)
(1.261191416 -0.3851802503 0.0001031102006)
(1.290896079 -0.3670112825 -0.04547351183)
(1.276801035 -0.4180402883 -0.04620259015)
(1.290557205 -0.3665894477 9.910389454e-05)
(1.276451388 -0.4181946288 2.019070512e-05)
(1.305052082 -0.3932355039 -0.05135958566)
(1.321821935 -0.3628986059 2.60717611e-05)
(1.331018513 -0.3180692785 3.895190786e-05)
(1.314417697 -0.3442872622 -0.04943143511)
(1.327727434 -0.3270381542 -0.0590033738)
(1.314218169 -0.3441245045 6.482333186e-05)
(1.32749918 -0.327402956 1.226180807e-05)
(1.322176394 -0.3626068986 -0.0556789092)
(1.246177713 -0.4653025545 -4.935374981e-05)
(1.22231565 -0.4064279986 -0.06802237958)
(1.221836558 -0.4066968234 1.665545744e-05)
(1.295518798 -0.4118027145 2.883764283e-05)
(1.281595284 -0.4490173524 -0.05292224404)
(1.281144164 -0.4493425605 -1.284447944e-05)
(1.29605017 -0.4113987636 -0.05858623831)
(1.118917814 -0.2730085703 -7.601798964e-06)
(1.177566351 -0.3401216372 -0.07258890032)
(1.177261199 -0.3402340551 -7.741108478e-06)
(1.291755581 -0.3668168141 1.675783811e-05)
(1.272370101 -0.3165421501 -0.06661576182)
(1.27213782 -0.3170011499 1.142624993e-06)
(1.292152221 -0.3664065818 -0.06316264574)
(1.275415635 -0.215135336 -6.638323703e-06)
(1.333384566 -0.2317371338 0.05678433836)
(1.244300999 -0.1837422169 0.06184622354)
(1.321074368 -0.2056786644 -1.67922112e-05)
(1.333362774 -0.2320679164 -1.201873844e-05)
(1.244311841 -0.1840862776 -6.192829134e-06)
(1.275450623 -0.2147435107 0.06210009907)
(1.04437537 -0.2052139496 5.499773393e-05)
(0.9617862692 -0.1494270012 0.07626357533)
(0.9618217311 -0.1497637436 2.439947049e-05)
(1.187473604 -0.2154939084 8.83333371e-06)
(1.236342833 -0.2638012312 0.06874988237)
(1.236253285 -0.2642037296 1.518030784e-05)
(1.187514972 -0.2150808509 0.06895441918)
(0.8252364957 -0.0819733303 5.563059478e-06)
(0.8859312888 -0.1081504778 0.07394101464)
(0.8860206211 -0.1084309091 2.255676989e-05)
(1.134454763 -0.1744623457 5.026845316e-06)
(1.082765648 -0.1413013865 0.0667742641)
(1.082827011 -0.1416512296 1.892165423e-06)
(1.134436049 -0.1740832754 0.06794269633)
(1.301861617 -0.2501658695 1.154566239e-06)
(1.3397784 -0.2894325927 2.296568963e-05)
(1.340112229 -0.2598470223 -0.05619912934)
(1.320741737 -0.2881944382 -0.06122259111)
(1.340065545 -0.2601433141 1.389180675e-05)
(1.320602615 -0.2885754212 2.192483478e-06)
(1.301949864 -0.2497709872 -0.06216525865)
(1.275420264 -0.2151376829 4.898401669e-06)
(1.321079008 -0.2056785496 1.159645027e-05)
(1.333396161 -0.2317442156 -0.05678008959)
(1.244322985 -0.1837319341 -0.06184737793)
(1.333366563 -0.232070474 1.131162666e-05)
(1.244321345 -0.1840846885 3.314817489e-06)
(1.275460555 -0.214749787 -0.06209846405)
(1.044378181 -0.2052145104 -5.861048393e-05)
(0.9617873387 -0.1494310091 -0.07626103899)
(0.961824492 -0.1497656769 -2.818802978e-05)
(1.187479945 -0.215495989 -1.144503304e-05)
(1.236355708 -0.2638011879 -0.06874582089)
(1.236259982 -0.2642040619 -1.870014941e-05)
(1.18752489 -0.2150856531 -0.06895240283)
(0.8252350262 -0.08197514182 -2.228575461e-06)
(0.8859605556 -0.1081661313 -0.07394029188)
(0.8860345282 -0.1084375993 -2.542929215e-05)
(1.134460101 -0.1744651361 -5.579216768e-06)
(1.082783284 -0.1412893244 -0.06677496021)
(1.082833349 -0.141648759 -2.605691989e-06)
(1.134451503 -0.1740911468 -0.0679409118)
(1.018132176 -0.5647509824 -7.469653663e-05)
(0.9790211937 -0.6195802726 0.01128636542)
(0.9785035628 -0.6192694484 -7.256484709e-05)
(0.9276159149 -0.5766786653 -8.404404309e-05)
(0.9694640598 -0.531539245 0.001736161811)
(0.9696710162 -0.5308190412 -0.0001097109296)
(0.9278311924 -0.5773840164 -0.0002711538173)
(0.7471978492 -0.5179545895 -0.0001313734544)
(0.7626503534 -0.5890931546 -0.0203275069)
(0.7624826071 -0.5881879331 -6.476208767e-05)
(0.8344171966 -0.5612302874 -0.0001080201347)
(0.809073004 -0.5033087834 -0.0224437586)
(0.8100465931 -0.5016209211 -0.0001826417094)
(0.8342905246 -0.5622760024 -0.0143365283)
(0.7978951938 -0.6733621845 -0.0001014927849)
(0.913783027 -0.666391187 0.01058616272)
(0.7871569075 -0.6557670571 -0.008676864736)
(0.9132552403 -0.6660431468 -5.047405485e-05)
(0.7863171005 -0.6552433401 -3.480648801e-05)
(0.8686242473 -0.6227043725 -4.967906509e-05)
(0.8691993472 -0.6233769657 -0.003247839434)
(0.8898932357 -0.527234721 0.0001644722111)
(0.9049633573 -0.4528933238 0.0003865792653)
(0.931590669 -0.4939184433 0.006653317962)
(0.8596630405 -0.4803418045 0.01753574705)
(0.9329526667 -0.4925840563 0.0002160025811)
(0.8620412189 -0.4781053548 0.0002864449075)
(0.8892174375 -0.5284597891 0.01004643654)
(1.018137296 -0.5647595119 7.497379995e-05)
(0.979044395 -0.6195828634 -0.01128480736)
(0.9785124603 -0.6192682489 7.34414604e-05)
(0.9276193904 -0.5766813378 8.655425624e-05)
(0.9694728192 -0.5315402291 -0.001737158159)
(0.9696756209 -0.5308184327 0.000110943448)
(0.9278432437 -0.577391287 0.0002684911386)
(0.7471938483 -0.5179520718 0.0001362665875)
(0.7626441606 -0.589090608 0.02032679864)
(0.7624776231 -0.5881841328 6.132901337e-05)
(0.834419368 -0.5612306693 0.0001065131278)
(0.8090738176 -0.5032930333 0.02244400998)
(0.810044443 -0.5016137523 0.0001803703823)
(0.8342958455 -0.5622783002 0.0143380234)
(0.7978961301 -0.6733608283 0.0001060792514)
(0.9137946048 -0.6663939152 -0.01058773373)
(0.7871724258 -0.6557765767 0.008678229377)
(0.9132616917 -0.666041624 5.344799079e-05)
(0.7863207455 -0.6552457019 3.332290038e-05)
(0.8686287936 -0.6227086483 5.18789528e-05)
(0.869207663 -0.6233831518 0.00324592298)
(-0.007178026797 -0.04866554623 5.048341281e-05)
(0.06193850629 -0.03409474845 0.06630056808)
(0.006578210005 -0.06980766286 0.06530963325)
(0.06209199994 -0.03403227602 1.370801857e-05)
(0.006584772557 -0.06968371052 1.103484076e-05)
(0.07845979914 -0.04918928996 -4.565551965e-06)
(0.07840020543 -0.04920569247 0.06476582001)
(0.3938456657 -0.01939879364 -2.884145459e-06)
(0.1950405414 -0.02212846263 -0.06538725393)
(0.1951409997 -0.02217912839 -1.581134676e-06)
(0.2051291584 -0.03222511006 8.526798641e-06)
(0.2050643866 -0.03218448057 -0.06391583743)
(-0.007146451095 -0.04863882271 -5.388280786e-05)
(0.06202653162 -0.03413365473 -0.0662997165)
(0.006624161211 -0.06973117321 -0.06530524926)
(0.0621205058 -0.034042328 -4.532067603e-06)
(0.006596723854 -0.06966109172 -1.321019091e-05)
(0.07846286011 -0.04919321297 3.089518111e-06)
(0.07840631397 -0.04921977183 -0.06476963466)
(0.3926860759 -0.3133863184 -8.096656544e-05)
(0.3379693967 -0.2379166972 -0.08395257255)
(0.3382370408 -0.2374261033 -6.045743967e-05)
(0.4141598545 -0.1975603517 -9.979288072e-05)
(0.4568222097 -0.2626508141 -0.07441075046)
(0.457747375 -0.2619502761 -0.0001156238066)
(0.4131644115 -0.1980413119 -0.08051432531)
(0.4527768377 -0.1027753108 -0.0001750671823)
(0.5089347495 -0.0864211857 -0.07580028127)
(0.4376222296 -0.03500907131 -0.08279483034)
(0.502315758 -0.02916577839 -0.0003245570783)
(0.5128606119 -0.08612666989 -0.0003294476617)
(0.4395288895 -0.03490215837 -0.0001727831014)
(0.450874291 -0.1030602455 -0.08051568465)
(0.2747551376 -0.05108363407 -9.085410738e-05)
(0.2959778242 -0.1496208889 -0.09003895118)
(0.2961787226 -0.1493432762 -9.048601843e-05)
(0.3818810079 -0.1237971095 -0.000105772048)
(0.3640490064 -0.04229138421 -0.08820644564)
(0.3650471778 -0.04218138614 -0.0001061316035)
(0.3809068828 -0.1240880966 -0.08537226125)
(0.477990366 -0.1647818122 0.0001756637722)
(0.5603969832 -0.1859889169 0.0003489549055)
(0.5106410369 -0.2204907325 0.07163383078)
(0.5289814368 -0.1391142852 0.07265203731)
(0.5124816746 -0.2197462085 0.0001922455932)
(0.5329101695 -0.1386810367 0.0003356718441)
(0.4760942754 -0.1652410803 0.07660794471)
(0.3926832289 -0.3133801877 7.693424798e-05)
(0.3379855478 -0.2378792676 0.08395257243)
(0.3382429415 -0.2374138075 6.235664519e-05)
(0.4141626384 -0.1975562493 9.907443329e-05)
(0.4567939793 -0.2626239717 0.07441292232)
(0.4577399283 -0.2619419265 0.0001154807613)
(0.4131723608 -0.1980299546 0.08051316819)
(0.4527788855 -0.1027716918 0.0001759321803)
(0.5023162609 -0.02916265055 0.0003266430587)
(0.5089437028 -0.08640257917 0.07580001641)
(0.437619155 -0.03500477169 0.0827939156)
(0.5128635578 -0.086121255 0.0003305460829)
(0.4395285113 -0.03490051475 0.0001734488943)
(0.4508803742 -0.1030502334 0.0805148567)
(0.2747589198 -0.05108318241 9.28925194e-05)
(0.2959853837 -0.1496103954 0.0900377709)
(0.2961815536 -0.1493393033 9.316504831e-05)
(0.3818845194 -0.1237923638 0.000107671832)
(0.3640544161 -0.04229078808 0.08820493589)
(0.3650494029 -0.04218078443 0.0001073570496)
(0.3809172119 -0.1240754332 0.08537135692)
(1.166844845 -0.2347989455 0.01045484317)
(1.137225279 -0.2693838779 0.008655612865)
(1.172103011 -0.2647257389 0.01206471704)
(1.140249037 -0.2456277359 -0.008075256993)
(1.166912254 -0.2348143774 -0.01045435403)
(1.137278137 -0.2693827157 -0.008657036108)
(1.172149643 -0.2647311698 -0.01206421819)
(1.219000508 -0.209564327 0.01567337264)
(1.206024919 -0.2539079848 0.01512600792)
(1.237249005 -0.2360061744 0.01799764471)
(1.193913066 -0.2264429098 -0.01328635241)
(1.219017603 -0.2095705975 -0.0156732622)
(1.206035379 -0.2539043206 -0.01512612507)
(1.237253261 -0.2360018403 -0.01799761806)
(1.260043459 -0.1721366874 0.01956825035)
(1.263382639 -0.2139230054 0.02032938435)
(1.283483006 -0.1898361755 0.022065214)
(1.241779036 -0.1933942702 -0.01787473049)
(1.260035709 -0.1721395337 -0.01956823344)
(1.26338482 -0.2139182495 -0.02032934644)
(1.283477963 -0.1898299264 -0.02206542971)
(1.288599714 -0.1322425361 0.02222397084)
(1.297902505 -0.1645561796 0.02319747917)
(1.307585346 -0.1416768067 0.02388471023)
(1.275618639 -0.152315083 -0.02084520952)
(1.288516877 -0.1322421678 -0.02223095169)
(1.297893809 -0.1645516687 -0.02319590169)
(1.307519614 -0.1416437455 -0.02388839939)
(1.02667507 -0.2766519911 -0.002950424616)
(0.9743393972 -0.2758908388 -0.00709567578)
(1.000389201 -0.3039074331 -0.004298399292)
(1.001692782 -0.260547038 0.005075231572)
(1.02667757 -0.2766512479 0.002950712185)
(0.9743353723 -0.2758926212 0.007096011396)
(1.000394738 -0.303911871 0.0042984018)
(1.094530808 -0.3037149808 0.004372757652)
(1.031183806 -0.3288773008 6.255020586e-05)
(1.064702726 -0.3645073194 0.01100106539)
(1.055439924 -0.2969833231 -0.001039301564)
(1.094534612 -0.3037079912 -0.00437305861)
(1.031192907 -0.3288777878 -6.232316988e-05)
(1.06473094 -0.3645020992 -0.01100260058)
(1.249802851 -0.2929572366 -0.001060836199)
(1.222453111 -0.274625105 0.03075931369)
(1.208113344 -0.3093513754 0.03003062848)
(1.234133289 -0.2933761665 -0.0034351584)
(1.24212194 -0.278044588 -0.001314855669)
(1.236422002 -0.3048491456 -0.002809030697)
(1.237092542 -0.2983784853 0.03348277383)
(1.307320366 -0.2357953539 -0.0001105595122)
(1.291263834 -0.2250612012 0.0401265382)
(1.29425183 -0.2522588015 0.04132573274)
(1.28064288 -0.2386580864 -0.0001587888837)
(1.291846363 -0.2236864439 -7.3332824e-05)
(1.295239355 -0.251709689 -0.000157076625)
(1.306933871 -0.235936551 0.04304009809)
(1.333309999 -0.1729646337 -0.0001003074109)
(1.325292409 -0.1690733982 0.04514582247)
(1.330561201 -0.1875125606 0.04616748614)
(1.317803586 -0.1807303982 -0.0001081971114)
(1.323820982 -0.1673896569 -3.2120507e-05)
(1.330486047 -0.1874345485 -0.0001375623398)
(1.334626148 -0.1729980859 0.04681440096)
(1.305288849 -0.1210596415 0.05364579962)
(1.340470704 -0.1216825391 -0.02783996874)
(1.305331567 -0.1210503996 -0.05364719879)
(0.9231916625 -0.2607977235 -0.01262374526)
(0.8812197694 -0.2317509561 -0.01664549278)
(0.8769185525 -0.2665313542 -0.01538596402)
(0.9136947557 -0.2316396448 0.01359509402)
(0.9231883125 -0.260803434 0.01262281558)
(0.8812132501 -0.2317422975 0.01664501788)
(0.8769220325 -0.266523969 0.0153843613)
(1.017014744 -0.3972912792 -0.0004641683237)
(1.022384976 -0.369590068 -0.0001030588383)
(0.9776083274 -0.3805540825 -0.005645666517)
(1.018775478 -0.3634050047 -0.002060854225)
(1.036050188 -0.3739596501 -0.0003866614982)
(0.9960647365 -0.3786917409 -0.001847241981)
(1.008304765 -0.3994261874 -0.0007706759176)
(1.155827433 -0.4470714018 -0.0001618193694)
(1.15514479 -0.4110767232 0.02332376712)
(1.115545071 -0.4436928256 0.01842566326)
(1.120610815 -0.4032319654 -0.0006036820644)
(1.156144675 -0.4072818364 -0.000285822492)
(1.114888145 -0.4424500202 -0.0002350529681)
(1.156088557 -0.4481576011 0.02555228532)
(1.211347721 -0.1563068124 0.06124682847)
(1.305168139 -0.1812796864 -7.458165966e-07)
(1.211432541 -0.1566096699 1.071850499e-05)
(1.177773427 -0.1328370811 -2.566715951e-06)
(1.286416452 -0.1587084327 0.05696085691)
(1.28637923 -0.1589336666 -1.239792892e-05)
(1.177752382 -0.1325815816 0.06069086272)
(1.20678515 -0.0943859197 0.05596762465)
(1.08547635 -0.08329787965 0.05862522257)
(1.225691335 -0.1069898697 -4.380564693e-05)
(1.206672284 -0.09433790727 -5.35193526e-05)
(1.085509231 -0.08335667925 -1.208935529e-05)
(0.8294920483 -0.2711636295 -0.01904743001)
(0.7902428791 -0.2128247763 -0.02334950002)
(0.7351512734 -0.2698416046 -0.04317104051)
(0.8382488102 -0.2262352179 0.01990288057)
(0.8294746043 -0.2711587458 0.01904797495)
(0.7902248851 -0.2128366653 0.0233525425)
(0.7351446545 -0.2698225347 0.04317198845)
(0.8391227697 -0.3555389488 -0.002828270599)
(0.8331376228 -0.3402611146 -0.02648020523)
(0.768086865 -0.2998839073 -0.03294522816)
(0.9085657266 -0.3350317649 -0.0005665806661)
(0.8799255619 -0.3526139909 -0.003795724472)
(0.8704078782 -0.3362033224 -0.0001209219345)
(0.8040070739 -0.3495905058 -0.03100967923)
(0.7785731113 -0.1497631473 -0.02600966439)
(0.7815412401 -0.09674237484 -0.02635693975)
(0.7430014057 -0.1150945596 -0.02834726429)
(0.8022019133 -0.12012099 0.02436979426)
(0.778558018 -0.1497553607 0.026007367)
(0.7815019175 -0.09672847649 0.02635737603)
(0.7429935049 -0.1150856136 0.02834756861)
(0.6513615054 -0.3260772002 -0.0005450660589)
(0.6931269035 -0.3455286899 -0.04662669896)
(0.6643726045 -0.2861388981 -0.05293409977)
(0.7175948055 -0.3013610303 -0.001763184443)
(0.7004768649 -0.3434937696 -0.0006688168665)
(0.6750274941 -0.2819561688 -0.001425635628)
(0.6460604998 -0.3291787378 -0.05291075815)
(0.7197940901 -0.07192364836 -0.03032952213)
(0.7547239933 -0.02408904713 -0.02874971663)
(0.7068719588 -0.02688927247 -0.03146583831)
(0.7634545195 -0.05567398882 0.02794609231)
(0.71979129 -0.07192320206 0.03032959529)
(0.7547285602 -0.02408884098 0.0287495769)
(0.7068719665 -0.02688820098 0.03146580477)
(0.6663740127 -0.08853966287 -0.003018347451)
(0.6490364896 -0.1155122489 -0.05939412171)
(0.6365072446 -0.07270822401 -0.05844980937)
(0.7373385447 -0.1052458852 -0.0006157592339)
(0.6816434895 -0.1191259458 -0.003028096072)
(0.7249482299 -0.08164985147 -0.0006521976114)
(0.6346457372 -0.08576411119 -0.06177900474)
(1.265073075 -0.3430364423 0.0007104400312)
(1.07242485 -0.2715698155 0.02301521807)
(1.162654102 -0.3099931195 0.02672394236)
(1.240208651 -0.3078916825 -0.00552181034)
(1.271186359 -0.3254534012 -0.0009577324162)
(1.237183042 -0.3214336641 -0.004293927887)
(1.086619389 -0.2952419354 0.02422550191)
(1.16210805 -0.3485048776 -0.0005791944168)
(1.108813318 -0.3428483171 0.01526356031)
(1.149830741 -0.3775299095 0.02146297688)
(1.133937264 -0.372922753 -0.002220490228)
(1.142683406 -0.3533423472 -0.002772754309)
(1.159637437 -0.3736357622 -0.0005971007254)
(1.144648632 -0.3439051851 0.01964306055)
(1.217155429 -0.3670546738 -0.0001498477312)
(1.188436184 -0.348745724 0.0009734201447)
(1.206282964 -0.3424108978 0.02917675662)
(1.184448671 -0.3731417439 0.02690267485)
(1.209769879 -0.337066525 -0.0005157606118)
(1.188503933 -0.3739934488 6.204355225e-05)
(1.175503089 -0.3426831043 0.02489156371)
(1.265030114 -0.3430160142 -0.0007128123516)
(1.240207354 -0.3078897684 0.005519366981)
(1.07244904 -0.2715673583 -0.02301376621)
(1.16265464 -0.3099789692 -0.02672354022)
(1.271172443 -0.3254443361 0.0009580764169)
(1.237171961 -0.3214270704 0.004289968195)
(1.08663698 -0.2952301988 -0.02422456361)
(1.162102927 -0.3484941788 0.0005907540786)
(1.133940389 -0.3729215758 0.002223965089)
(1.108796264 -0.3428225485 -0.01526542266)
(1.149802956 -0.3775628808 -0.02145041672)
(1.142689881 -0.3533356936 0.002774943561)
(1.159624561 -0.3736526427 0.000605000138)
(1.144617062 -0.3438835441 -0.01964041105)
(1.217137542 -0.3670661769 0.0001469774981)
(1.18841681 -0.3487345742 -0.0009694215437)
(1.206270523 -0.3424019271 -0.02917500138)
(1.184321172 -0.3731415142 -0.02690198237)
(1.20976457 -0.3370655331 0.0005111032758)
(1.188472773 -0.3740030913 -6.485406047e-05)
(1.175465596 -0.3426736176 -0.02489659263)
(1.265591787 -0.2809806156 -0.0004323593075)
(1.245799429 -0.2662582682 0.03363301256)
(1.278599281 -0.2686152918 0.0391726301)
(1.267451213 -0.2518561364 -0.000256433614)
(1.254709183 -0.2661040441 -0.0005364311814)
(1.281004118 -0.2672178373 -0.0002436203212)
(1.259867568 -0.2841327448 0.03644986319)
(1.272722136 -0.3411935289 0.04071143196)
(1.245749674 -0.3549461706 -0.0003174579789)
(1.272684672 -0.3396577678 -0.0002321057137)
(1.257330636 -0.3139821121 -0.0004445588444)
(1.232302384 -0.3338002783 0.0331038888)
(1.233578933 -0.3255788388 -0.0007806770663)
(1.255704959 -0.3194088968 0.03679753847)
(1.296023682 -0.3227017034 0.04429129617)
(1.315563015 -0.3015018128 -7.928945803e-05)
(1.296240119 -0.321821834 -0.0001321113569)
(1.278572072 -0.3001200496 -0.0002247786712)
(1.29611588 -0.2848998588 0.04287567793)
(1.296943711 -0.2837839569 -0.0001342856499)
(1.277174939 -0.3027591264 0.0400110198)
(1.249805102 -0.2929597143 0.001059489843)
(1.234136084 -0.2933746983 0.003437017197)
(1.222456503 -0.2746255884 -0.0307582645)
(1.208134714 -0.3093659035 -0.03002808537)
(1.242123408 -0.2780430863 0.001312425108)
(1.236423077 -0.3048535573 0.002809583164)
(1.237100708 -0.2983856622 -0.03348131108)
(1.265594192 -0.2809804609 0.0004318263777)
(1.267451278 -0.2518539165 0.0002537359859)
(1.245810507 -0.2662586608 -0.03363034536)
(1.278601626 -0.2686131896 -0.03917077769)
(1.254711648 -0.2661023912 0.0005364356993)
(1.281005272 -0.2672169239 0.00024199703)
(1.259874219 -0.2841331326 -0.03644940056)
(1.245741028 -0.3549562805 0.0003110966168)
(1.272750753 -0.3412028921 -0.0407135205)
(1.272689096 -0.3396595893 0.0002346793743)
(1.257333499 -0.3139826271 0.00044385374)
(1.232278403 -0.3338088437 -0.03310034054)
(1.233575605 -0.3255835384 0.0007739541379)
(1.255711658 -0.3194099044 -0.03679829209)
(1.315561097 -0.3015027443 7.623610765e-05)
(1.296032795 -0.3227034491 -0.04429074125)
(1.296241868 -0.3218214034 0.0001323133772)
(1.278577481 -0.3001197813 0.0002264964743)
(1.296118574 -0.2849031298 -0.04287372869)
(1.296945066 -0.2837847595 0.0001326106929)
(1.277197776 -0.3027607443 -0.04001089231)
(1.317217257 -0.2193409702 -9.694063721e-05)
(1.301900851 -0.2111131549 0.04143919507)
(1.324972651 -0.2034022578 0.04547226266)
(1.310219305 -0.1948602686 -4.410463492e-05)
(1.302067336 -0.2096047036 -8.019075498e-05)
(1.324896539 -0.2034516346 -9.321012455e-05)
(1.31710485 -0.2193725269 0.04440677284)
(1.339212663 -0.2562800885 0.05108063044)
(1.330093273 -0.2793006829 -4.867413661e-05)
(1.339260854 -0.2564278449 -2.989676074e-05)
(1.324348521 -0.2468603441 -5.342815148e-05)
(1.311930522 -0.2660306836 0.04510954185)
(1.312358512 -0.2656161609 -8.389870103e-05)
(1.324154085 -0.2469683905 0.0467473833)
(1.343445894 -0.2336379416 0.05209853352)
(1.343258799 -0.2118534199 -2.608590001e-05)
(1.34343629 -0.2338417791 -2.600097697e-05)
(1.333034852 -0.2279759896 -4.715833679e-05)
(1.338726641 -0.2093486492 0.04891310346)
(1.338703249 -0.2093908092 -4.209165092e-05)
(1.333004678 -0.2279769741 0.04802939003)
(1.307321482 -0.2357959615 0.0001100107432)
(1.280644148 -0.2386566693 0.0001574179814)
(1.291278898 -0.2250626366 -0.04012452438)
(1.294255639 -0.2522572633 -0.0413242232)
(1.291849291 -0.2236858393 7.43862776e-05)
(1.295240721 -0.2517091341 0.0001558247645)
(1.306936922 -0.2359389547 -0.04303959836)
(1.31721714 -0.2193425283 9.562534435e-05)
(1.310218368 -0.1948596301 4.388046865e-05)
(1.301895862 -0.2111110945 -0.04143871661)
(1.324976086 -0.2034187676 -0.04546803257)
(1.302066915 -0.2096032528 7.803500586e-05)
(1.324896097 -0.2034554163 9.289015318e-05)
(1.317105702 -0.2193776856 -0.04440534368)
(1.330093043 -0.2793030339 4.682458543e-05)
(1.339220314 -0.2562899342 -0.05107970016)
(1.339262702 -0.2564306077 2.964951189e-05)
(1.324349531 -0.2468622396 5.326558947e-05)
(1.311933521 -0.2660358701 -0.04510811621)
(1.312359389 -0.2656178001 8.27677502e-05)
(1.324159642 -0.2469744946 -0.04674470092)
(1.343260003 -0.2118551293 2.125201193e-05)
(1.343440475 -0.2336370933 -0.05209539207)
(1.343435586 -0.2338416661 2.36778581e-05)
(1.333031505 -0.2279774382 4.334605627e-05)
(1.338722496 -0.2093660177 -0.04891246594)
(1.33870211 -0.2093952829 3.913163188e-05)
(1.332988292 -0.2279805232 -0.04802708611)
(1.339590912 -0.1909328141 -1.203930412e-05)
(1.342385504 -0.1736147469 -3.555454449e-05)
(1.341715535 -0.1912992463 0.04947155626)
(1.333105984 -0.171043051 0.05332316113)
(1.341698086 -0.1912143632 -4.313370485e-05)
(1.332983936 -0.1712202318 -2.802346376e-05)
(1.342502652 -0.1736192512 0.04991087394)
(1.34194088 -0.1563674661 -6.018619253e-05)
(1.339456287 -0.1422586936 0.05127948267)
(1.324776059 -0.1524672563 0.0534376648)
(1.31448514 -0.136235741 -9.188176956e-05)
(1.33921854 -0.1404419102 -4.991293641e-05)
(1.324586869 -0.1525373274 -6.379981698e-05)
(1.342084321 -0.1575717929 0.05054542654)
(1.333305759 -0.1729625538 9.842986669e-05)
(1.3177968 -0.1807289684 0.0001018787845)
(1.325297836 -0.1690754901 -0.0451423254)
(1.330538565 -0.1875057712 -0.04616518084)
(1.323817431 -0.167388577 3.152902785e-05)
(1.330481245 -0.1874320726 0.0001321128717)
(1.334623389 -0.1729955287 -0.0468124692)
(1.339599058 -0.190930004 1.765416794e-05)
(1.342384425 -0.1736103692 3.342661374e-05)
(1.341722141 -0.1912844542 -0.0494715203)
(1.333102813 -0.1710336972 -0.05332194887)
(1.34169966 -0.1912098091 4.287490823e-05)
(1.332984695 -0.1712171473 2.496801323e-05)
(1.342502324 -0.173608159 -0.04990884028)
(1.341936638 -0.1563595986 5.634354048e-05)
(1.314486063 -0.136231632 8.704122251e-05)
(1.339450843 -0.1422468815 -0.05127869892)
(1.324769232 -0.1524567963 -0.05343254821)
(1.339216915 -0.1404339795 4.475399271e-05)
(1.324583754 -0.1525328873 6.240925024e-05)
(1.342073955 -0.1575559464 -0.05054143262)
(1.013599404 -0.3578434954 -9.777344765e-05)
(0.8962092305 -0.2988200573 -0.01030950318)
(0.9409960778 -0.3519487178 -0.0101430462)
(1.017130185 -0.3509366069 -0.003821986767)
(1.040972193 -0.3466805684 -0.0009420808873)
(0.9903564997 -0.3633319633 -0.003255286391)
(0.8847438218 -0.3139691701 -0.01306674231)
(0.9382226125 -0.3372518819 -0.003954933706)
(0.8363071446 -0.2806158078 -0.02132012896)
(0.8585164763 -0.3266538187 -0.02307409955)
(0.9401014762 -0.327488885 -0.0009093355435)
(0.964025074 -0.3230523195 -0.001198530585)
(0.9115058472 -0.3434207265 -0.004236612031)
(0.8829244414 -0.3103888383 -0.02042698915)
(0.9206822963 -0.396818079 -0.0009018325347)
(0.9394605187 -0.3585965608 -0.001347927357)
(0.9375184678 -0.3774772121 -0.0123141095)
(0.8866903597 -0.3624444187 -0.01958756317)
(0.948925629 -0.3769540439 -0.001056092218)
(0.909944668 -0.3683678552 -0.002215260052)
(0.912300599 -0.3435734111 -0.01628198775)
(1.013603685 -0.3578455372 9.845681332e-05)
(1.017134291 -0.3509386312 0.003822496496)
(0.8962193437 -0.2988252908 0.01030882327)
(0.9410063151 -0.3519487917 0.01014239067)
(1.040974826 -0.3466833311 0.0009425059581)
(0.9903600811 -0.3633318861 0.003255919446)
(0.8847519421 -0.3139724261 0.01306593027)
(0.9382253883 -0.3372511876 0.003955110404)
(0.9400981288 -0.3274833626 0.0009077114661)
(0.8363185057 -0.2806158987 0.02132067396)
(0.8585299917 -0.3266568895 0.02307402932)
(0.9640243391 -0.3230483362 0.001197591984)
(0.9115068904 -0.3434191852 0.004236350144)
(0.8829358675 -0.3103911988 0.02042677622)
(0.9206839429 -0.3968183717 0.000904372509)
(0.9394643102 -0.3585971278 0.001348483422)
(0.937523482 -0.3774717677 0.01231311759)
(0.8867050764 -0.3624472338 0.01958717928)
(0.948927985 -0.3769526562 0.001057001927)
(0.9099486144 -0.3683683034 0.002215745311)
(0.9123127607 -0.3435754906 0.01628120794)
(1.045067704 -0.4180026522 8.052216307e-05)
(1.053491331 -0.3853611819 0.006060127278)
(1.077696656 -0.4326538607 0.01165157682)
(1.088796417 -0.3972558914 -0.0003493127891)
(1.063249863 -0.3909452993 0.001034544623)
(1.07770499 -0.4329094557 -0.0001075921118)
(1.041685664 -0.41630302 0.005200403926)
(0.9644709425 -0.4607148416 -0.004097898954)
(0.9395811088 -0.4277778254 -0.0005111518405)
(0.9664721266 -0.459267757 -0.0002905249277)
(0.993041866 -0.4270993699 -0.0003652052673)
(0.9619886232 -0.405763148 -0.007668338364)
(0.9672600243 -0.4013135098 -0.0007625521609)
(0.9900057278 -0.4296601165 -0.002207592033)
(1.044633468 -0.5150149872 -6.26149283e-05)
(1.000219564 -0.4896385945 0.003209572723)
(1.000946597 -0.4889654662 -0.0001300633135)
(1.025313764 -0.4509674449 -0.0001108600424)
(1.06355972 -0.4711149428 0.0117067869)
(1.063722238 -0.4709599006 -6.314128969e-05)
(1.023890146 -0.451445046 0.004295205544)
(1.017021069 -0.397293058 0.0004669729864)
(1.01877969 -0.3634058068 0.002061808524)
(1.022402403 -0.3695921562 0.0001002023616)
(0.977618486 -0.3805532552 0.005644227182)
(1.036055735 -0.3739616568 0.0003890848481)
(0.9960689437 -0.3786919982 0.001848472556)
(1.00832236 -0.3994306193 0.000767741416)
(1.04507672 -0.4180040775 -7.57893182e-05)
(1.088808632 -0.39725288 0.0003546208586)
(1.0535173 -0.3853622718 -0.00606472367)
(1.077736553 -0.4326538243 -0.01165887157)
(1.063258724 -0.3909453078 -0.001029973695)
(1.077720274 -0.4329082745 0.0001151081313)
(1.041713223 -0.4163096233 -0.005205227615)
(0.9395819873 -0.4277772995 0.000512282239)
(0.9644854014 -0.4607176091 0.004097297046)
(0.9664766521 -0.4592679253 0.0002907420878)
(0.9930479266 -0.4271024379 0.0003664193815)
(0.9619987437 -0.4057622424 0.007667390843)
(0.9672628069 -0.4013131046 0.000763298644)
(0.9900248145 -0.429668318 0.002206310621)
(1.044641432 -0.5150221491 6.83584303e-05)
(1.000240001 -0.4896451129 -0.003210702605)
(1.000954721 -0.4889684368 0.0001309496597)
(1.025322851 -0.4509717187 0.0001146778959)
(1.063595437 -0.4711285178 -0.0117163473)
(1.063736612 -0.4709648709 7.214578975e-05)
(1.023904288 -0.4514513985 -0.00429961709)
(1.239923055 -0.4360915479 0.03971354113)
(1.227865491 -0.3989907582 -6.225039461e-05)
(1.239504575 -0.4361255114 -6.057689215e-05)
(1.19829007 -0.4450174382 -6.879690588e-05)
(1.191785207 -0.4072542477 0.02955648092)
(1.19253064 -0.4063298092 -7.695858807e-05)
(1.198413995 -0.4454125115 0.0328663553)
(1.094055295 -0.5331803431 -2.07640912e-05)
(1.147351071 -0.5434548229 0.03129832404)
(1.146689745 -0.5435006365 -3.938970225e-05)
(1.154263235 -0.4921555552 -6.98081377e-05)
(1.107516141 -0.4853058809 0.01983604237)
(1.107096611 -0.4848574182 -7.565596387e-05)
(1.154776079 -0.492509264 0.02822394265)
(1.236027187 -0.5171437602 -4.206395709e-05)
(1.196799638 -0.5368379343 0.04206776246)
(1.195973838 -0.5369456162 -1.306237687e-06)
(1.247876354 -0.4772061402 0.04512710952)
(1.247214505 -0.4774957322 -4.384355379e-05)
(1.202294858 -0.489485143 -1.574793231e-05)
(1.20287414 -0.4894861274 0.0369613556)
(1.15583512 -0.4470568863 0.0001812592802)
(1.120621362 -0.4032218251 0.0006093519063)
(1.155138556 -0.4110312644 -0.02331724786)
(1.115610222 -0.4436738312 -0.01843638573)
(1.156139536 -0.4072627419 0.000295117571)
(1.114910088 -0.4424420399 0.0002460829173)
(1.156138189 -0.4481181406 -0.02556263455)
(1.227834981 -0.3990056404 5.150187459e-05)
(1.239376669 -0.4359296245 -0.03971295753)
(1.239390427 -0.4360967665 -1.098756411e-05)
(1.198260667 -0.4450071549 7.288665615e-05)
(1.191701035 -0.4071510485 -0.02954063743)
(1.192503822 -0.40630071 6.90152617e-05)
(1.198451589 -0.4453785248 -0.03280149758)
(1.094070171 -0.5331962368 3.41610873e-05)
(1.147388828 -0.5435370158 -0.03130300974)
(1.146699336 -0.5435285141 5.265852191e-05)
(1.154286421 -0.4921887638 9.589432317e-05)
(1.107593185 -0.4853296611 -0.01984944849)
(1.107120008 -0.4848657015 9.079690865e-05)
(1.154900018 -0.4925935867 -0.02823515309)
(1.235981183 -0.5171585871 3.204040973e-05)
(1.196691456 -0.5370332962 -0.04206318315)
(1.195932601 -0.5370076442 1.172799995e-05)
(1.247478351 -0.4772241158 -0.04509007845)
(1.247101873 -0.477509868 7.766732964e-06)
(1.202235336 -0.4895598836 6.750537361e-05)
(1.202730649 -0.4897367175 -0.03687882451)
(1.143630369 -0.1127235689 -1.517783938e-06)
(1.265772847 -0.1386254674 0.05669166269)
(1.112970179 -0.09672487005 0.05905902701)
(1.245245529 -0.1218223059 -3.992650829e-05)
(1.265710764 -0.1387325197 -2.047293372e-05)
(1.112962018 -0.09684388653 -1.258784337e-05)
(1.143640188 -0.1125337155 0.05995074067)
(0.7747567246 -0.06134812629 2.974185812e-05)
(0.7294623684 -0.04681314918 0.06765288856)
(0.7295613378 -0.04708451888 1.163997585e-05)
(1.034002024 -0.114004495 0.06560298776)
(1.034113165 -0.1143022226 1.859920843e-05)
(0.9894610157 -0.09269708149 5.393849477e-06)
(0.9893897144 -0.09243892845 0.06431327883)
(0.6614076511 -0.033040066 2.399944996e-07)
(0.6915900814 -0.03820305279 0.0655963041)
(0.6916859881 -0.03844131532 6.842200826e-06)
(0.9474195342 -0.07630612206 4.326034017e-06)
(0.9118400115 -0.06408752916 0.06161055261)
(0.9118908602 -0.06426202342 -5.800293419e-06)
(0.9473695335 -0.07608609992 0.06295609788)
(1.305177554 -0.1812784208 6.920831097e-06)
(1.211388226 -0.1563108032 -0.06124555734)
(1.211438044 -0.1566100657 -3.389806906e-06)
(1.17777086 -0.1328387911 -1.272752273e-06)
(1.286409318 -0.1587034784 -0.0569588395)
(1.28637858 -0.1589320299 9.303966515e-06)
(1.177738965 -0.1325863952 -0.06068795324)
(1.143631011 -0.1127261787 -1.247069789e-06)
(1.245246794 -0.1218184104 3.496058758e-05)
(1.265771256 -0.1386285829 -0.05668658554)
(1.112976784 -0.09670761655 -0.05905907217)
(1.26571004 -0.1387330916 1.856664221e-05)
(1.112964752 -0.09683944391 1.238248834e-05)
(1.14363814 -0.1125407174 -0.05994768148)
(0.774749615 -0.0613563022 -3.22165382e-05)
(0.729454768 -0.0468412943 -0.06765052899)
(0.7295636489 -0.04709554665 -1.790288517e-05)
(1.034023664 -0.1140264488 -0.06560100351)
(1.034118654 -0.114308801 -1.593581273e-05)
(0.9894498502 -0.09270328438 -8.209485987e-06)
(0.9893612377 -0.09246013339 -0.06431021117)
(0.661390593 -0.03305466204 3.601289135e-06)
(0.6915972055 -0.0382154915 -0.06559577944)
(0.6916852359 -0.03844634305 -7.773684985e-06)
(0.9474235424 -0.07631069778 -6.326521249e-06)
(0.9118363147 -0.06408664605 -0.06160946904)
(0.9118876014 -0.06426226796 8.33190969e-06)
(0.9473769022 -0.07609760331 -0.06295463227)
(0.6355888028 -0.0310334929 -4.392763476e-06)
(0.8803319652 -0.05480505622 0.06108649751)
(0.880328945 -0.0549496557 1.991780713e-07)
(1.225700053 -0.1069885063 4.910239033e-05)
(1.085494057 -0.08331112764 -0.05862510917)
(1.085515523 -0.08336063297 1.470849964e-05)
(0.6355962717 -0.03104374177 -7.108112652e-06)
(0.8803255279 -0.0548465031 -0.06108365305)
(0.8803316248 -0.05496233528 -3.766896265e-06)
(0.8387638629 -0.435371547 -0.02314864483)
(0.8863456943 -0.4146179554 -0.0008244197968)
(0.8445093118 -0.4313604725 -0.0006436179182)
(0.8354093034 -0.3887727417 -0.001692823209)
(0.856903781 -0.3799096279 -0.02325062575)
(0.876325148 -0.3799721929 -0.002200665169)
(0.823077961 -0.3934041417 -0.02753790978)
(0.7873938027 -0.3536213064 -0.0009162154098)
(0.7747126618 -0.3112527758 -0.03728922451)
(0.7377205898 -0.3532659979 -0.04084497221)
(0.7568407251 -0.3134127578 -0.001734953109)
(0.7947645844 -0.3219437311 -0.001023445235)
(0.7455739128 -0.3526376736 -0.0007342844415)
(0.7795798779 -0.3557541869 -0.03559584857)
(0.739754404 -0.4546416816 -0.0002468065655)
(0.7934841457 -0.4492926009 -0.02833348776)
(0.795604285 -0.4461493239 -0.0003613032688)
(0.7880958205 -0.3959740954 -0.0006920534675)
(0.7363302031 -0.4014880941 -0.0386471004)
(0.739735945 -0.3995104961 -0.0004369272261)
(0.7844694011 -0.4008249923 -0.03278166977)
(0.8391192949 -0.3555380722 0.002828478988)
(0.9085539261 -0.335023528 0.0005632716639)
(0.833135987 -0.3402492093 0.02648136694)
(0.7680584305 -0.2998717934 0.03294589672)
(0.8799226676 -0.3526100912 0.003794431109)
(0.8704017109 -0.336202224 0.0001228268329)
(0.8039963697 -0.3495840005 0.03100927609)
(0.8863489507 -0.4146208601 0.0008254780394)
(0.8387712871 -0.4353695105 0.02314828573)
(0.8445101755 -0.4313585756 0.0006408326058)
(0.8354064515 -0.3887700286 0.001692965697)
(0.8569098398 -0.3799034904 0.02325005986)
(0.8763256663 -0.379969795 0.002200087713)
(0.8230669493 -0.3933924434 0.02753717654)
(0.7873975655 -0.3536233942 0.0009165147769)
(0.7568390643 -0.313407485 0.001732834206)
(0.77472082 -0.3112636883 0.03728886003)
(0.7377328455 -0.3532592315 0.04084499692)
(0.7947639275 -0.3219465972 0.001022543937)
(0.7455760901 -0.3526355199 0.0007326865153)
(0.7795946542 -0.3557609804 0.03559551627)
(0.7397594618 -0.4546447421 0.0002516654478)
(0.7934755665 -0.4492710006 0.02833332134)
(0.7956031177 -0.4461439752 0.0003613075208)
(0.7880984684 -0.3959738444 0.0006942690021)
(0.7363496177 -0.4014966977 0.03864603788)
(0.7397413682 -0.3995129134 0.0004385132498)
(0.7844789672 -0.400823726 0.03278147951)
(0.7529809569 -0.2308269612 -0.0003897027285)
(0.6893595956 -0.2210342911 -0.04698788212)
(0.6755679025 -0.2468622655 -0.0524273715)
(0.7418809003 -0.2687009546 -0.003075233685)
(0.7857889118 -0.2461998132 -0.0005114440414)
(0.7040312576 -0.2490619867 -0.002475823594)
(0.6671859633 -0.2069314638 -0.05131615653)
(0.7228010271 -0.1765221095 -0.002623795923)
(0.6781234111 -0.1382664429 -0.05142901011)
(0.6659426538 -0.141774483 -0.05663600483)
(0.7547891871 -0.1357260552 -0.0006025683771)
(0.7717612058 -0.1557256542 -0.0007003744313)
(0.7007194496 -0.1481842501 -0.002943235732)
(0.6874641025 -0.162572826 -0.05388513986)
(0.6298918034 -0.1943638311 -0.0007540566614)
(0.6909617907 -0.1991407276 -0.001137917667)
(0.653147507 -0.2250947312 -0.05684531392)
(0.6495050112 -0.166199957 -0.05889929477)
(0.6604804619 -0.2228073377 -0.0009272511397)
(0.6640701015 -0.169184818 -0.001672902549)
(0.6739554422 -0.1910426596 -0.0550061314)
(0.7529822122 -0.2308338206 0.0003900832009)
(0.7418808825 -0.2687026602 0.003077447936)
(0.6893593206 -0.2210337619 0.04698842643)
(0.675561288 -0.2468824392 0.05242722876)
(0.7857929067 -0.2462058981 0.0005146863394)
(0.7040282038 -0.2490680688 0.002473388828)
(0.6671858129 -0.206947126 0.05131546632)
(0.7228007517 -0.1765178777 0.002624025001)
(0.75479196 -0.1357268469 0.000606871962)
(0.6781248246 -0.1382487275 0.05142747379)
(0.6659305953 -0.1417869201 0.05663707808)
(0.771759532 -0.1557190083 0.0006996245179)
(0.7007182699 -0.1481874556 0.002946031151)
(0.6874646791 -0.1625569989 0.05388524276)
(0.6298822926 -0.1943568422 0.0007472560979)
(0.6909586206 -0.199138698 0.001137955549)
(0.6531365237 -0.225102012 0.05684742972)
(0.6494688021 -0.1661924376 0.05889967621)
(0.6604767523 -0.2228090153 0.0009268390703)
(0.6640610387 -0.1691830687 0.001672509687)
(0.6739459918 -0.1910361002 0.05500605936)
(0.6769918078 -0.4539194142 -0.0001852086777)
(0.6080720263 -0.4434492956 -0.04973671351)
(0.6089140325 -0.4422378857 -0.0001398978242)
(0.6289188988 -0.3791227993 -0.0002475760617)
(0.6833829449 -0.3957830149 -0.04493425126)
(0.6865416209 -0.3939953637 -0.0003242125361)
(0.6265730134 -0.380908243 -0.05205460968)
(0.5526844011 -0.2667038643 -0.06565207627)
(0.5938281322 -0.2258995817 -0.0004297617654)
(0.554615019 -0.2654550578 -0.0002484253562)
(0.6012639854 -0.3003871258 -0.0003275209889)
(0.6274713825 -0.2610400887 -0.05836979627)
(0.631407972 -0.2569898471 -0.0006339826372)
(0.598770106 -0.3028354145 -0.05935394341)
(0.46317987 -0.3746603432 -6.084459878e-05)
(0.5361402259 -0.4178025463 -0.05829711344)
(0.5366916453 -0.4167620969 -9.929015232e-05)
(0.5103671228 -0.315699807 -0.06712179488)
(0.5114705878 -0.3147669332 -0.000136759346)
(0.5695040615 -0.3531540036 -0.0001716525074)
(0.5681445566 -0.3545343671 -0.05955711607)
(0.6513626988 -0.3260807331 0.0005451727973)
(0.7175913702 -0.3013612958 0.001766381573)
(0.6931060624 -0.3455256219 0.04662779921)
(0.6643787561 -0.2861607466 0.05293294157)
(0.700471372 -0.3434936187 0.0006683019678)
(0.6750282018 -0.2819617706 0.001424569295)
(0.6460657876 -0.3291901251 0.05291061682)
(0.6769976002 -0.4539235006 0.0001821829004)
(0.6080698914 -0.4434342364 0.04973621237)
(0.6089152391 -0.4422345812 0.0001405470196)
(0.6289213384 -0.379123264 0.0002475485471)
(0.6833744875 -0.3957879715 0.0449344258)
(0.68653931 -0.3939974898 0.0003219202007)
(0.626580252 -0.3809094212 0.05205556013)
(0.5938224761 -0.225890851 0.0004229029301)
(0.5526845528 -0.2666820385 0.06565103125)
(0.554614094 -0.2654489098 0.0002403467452)
(0.6012649402 -0.3003946033 0.0003287155259)
(0.6274649558 -0.2610557017 0.058370254)
(0.6314060558 -0.2569943144 0.0006347922989)
(0.5987732418 -0.3028625842 0.05935420626)
(0.4631869351 -0.374663876 6.099157269e-05)
(0.5361577378 -0.4178125558 0.05829624158)
(0.5366970911 -0.4167638014 0.0001032692935)
(0.5103911458 -0.3156911875 0.06712074613)
(0.5114770673 -0.3147630126 0.0001330619215)
(0.5695086759 -0.3531613559 0.000173056492)
(0.5681568412 -0.354556331 0.05955595452)
(0.5731376341 -0.118018106 -0.06880402004)
(0.6030227865 -0.1589424864 -0.0007262257682)
(0.5809377774 -0.1177242083 -0.0007391993419)
(0.6234471206 -0.1008847216 -0.001820249906)
(0.6273243058 -0.1360880859 -0.06237881121)
(0.64153499 -0.1369747395 -0.001801358442)
(0.6095688298 -0.1006235378 -0.06513798117)
(0.655403934 -0.05336302639 -0.002970622318)
(0.6286665453 -0.04256082424 -0.05980973474)
(0.6189694134 -0.01829830694 -0.06438872633)
(0.7101968175 -0.01996075001 -0.0006248337925)
(0.7148553727 -0.04616982572 -0.0006440443936)
(0.6493576548 -0.01917130958 -0.002943911445)
(0.6246996062 -0.05233136002 -0.06339533938)
(0.5569804869 -0.07303164713 -0.07134287898)
(0.5561903861 -0.02462930798 -0.0007295397126)
(0.5647100885 -0.07276923107 -0.0007358470453)
(0.6102974638 -0.06186155886 -0.001811811493)
(0.5898315283 -0.02112396607 -0.06837870279)
(0.6031723661 -0.02114743073 -0.001800934359)
(0.596795718 -0.06190789389 -0.06717148465)
(0.6663770468 -0.08853895736 0.003019064855)
(0.7373361601 -0.1052487455 0.000611610361)
(0.6490640562 -0.1155277083 0.0593917798)
(0.6365042562 -0.07270640365 0.05845186202)
(0.6816498128 -0.1191297739 0.003026193902)
(0.7249491519 -0.08164954067 0.0006527954169)
(0.6346549624 -0.08575978902 0.06177816391)
(0.60302729 -0.1589354299 0.0007316427716)
(0.5731241286 -0.1180418236 0.06880278308)
(0.5809343992 -0.1177304364 0.0007392152173)
(0.6234506464 -0.1008895498 0.001822612629)
(0.6273658901 -0.1360859651 0.06237690004)
(0.6415468356 -0.136973367 0.001805010677)
(0.6095784253 -0.1006410406 0.06513809248)
(0.6554064489 -0.05336196231 0.002969909334)
(0.7101968423 -0.01995568043 0.0006258186251)
(0.6286746948 -0.04255598895 0.05980851751)
(0.6189669606 -0.01828637742 0.06438846958)
(0.7148555329 -0.04616765376 0.0006406273139)
(0.6493576845 -0.01916739811 0.002944034972)
(0.6247064698 -0.0523280789 0.0633961141)
(0.5561952319 -0.02462517901 0.000731884934)
(0.5569985669 -0.07302550971 0.07134093993)
(0.5647159345 -0.0727664133 0.0007360790658)
(0.6102998384 -0.06186334017 0.001810074558)
(0.589839151 -0.02111212772 0.06837804834)
(0.6031750187 -0.02114372354 0.001801394386)
(0.596802368 -0.06191430937 0.06717025794)
(1.059664065 -0.3269281436 0.01019712021)
(0.9917976948 -0.3367562588 0.007287227671)
(1.122888159 -0.3749743639 -0.003562434631)
(1.137928022 -0.3563359654 -0.004774263774)
(1.141893136 -0.3836811276 0.0006702974233)
(1.159741429 -0.366270422 -0.0009769206704)
(0.9889009937 -0.3112792234 0.007858623434)
(1.122897163 -0.3749716288 0.003566733908)
(1.059692572 -0.3269215938 -0.01019781716)
(0.9918304884 -0.3367578245 -0.007290693848)
(1.137935152 -0.3563329298 0.004777157501)
(1.141901204 -0.383680321 -0.0006666208661)
(1.159748793 -0.3662693851 0.0009799547304)
(0.9889178693 -0.3112748649 -0.007861200909)
(1.335058464 -0.1275949609 0.05104992339)
(1.305307113 -0.1209056993 -0.000131320724)
(1.334936276 -0.1255453699 -0.000112106214)
(1.305316708 -0.1209000168 0.0001369021953)
(1.335089723 -0.1275688535 -0.05104863069)
(1.334941754 -0.1255314983 0.0001148293287)
(0.7650991216 -0.2722502373 -0.03948124482)
(0.7122791128 -0.232090431 -0.04302459507)
(0.7757451004 -0.2808172578 -0.00325267008)
(0.8078335403 -0.2920236823 -0.003016198179)
(0.8171107458 -0.2606239197 -0.000695785049)
(0.8435557105 -0.2698363041 -0.0009162833985)
(0.7377534899 -0.2382622627 -0.03896927971)
(0.77573828 -0.2808143679 0.003249220646)
(0.7650829828 -0.272260585 0.03948231439)
(0.712254676 -0.2320854232 0.04302316686)
(0.8078243085 -0.2920274251 0.003013039181)
(0.8170968863 -0.260627837 0.0006929390925)
(0.8435414109 -0.2698430344 0.0009143387729)
(0.7377195898 -0.238275575 0.03896992172)
(0.2085504318 -0.204896282 0.009703612867)
(0.1203857713 -0.1192645287 0.006332456792)
(0.03973715955 -0.03979572045 0.003570432402)
(0.2085533212 -0.2049003162 -0.009704068886)
(0.1203884221 -0.1192674967 -0.006332878791)
(0.03973832806 -0.0397969852 -0.003570729308)
(-0.0114382309 -0.01217644278 0.03289941656)
(-0.00693626853 -0.007058733468 0.02145604211)
(-0.002176413324 -0.002559832647 0.01218338739)
(-0.0113784608 -0.01212080423 -0.03290006844)
(-0.006902157856 -0.007026681488 -0.02145665343)
(-0.002165073397 -0.002548954677 -0.01218396774)
(0.2133240574 -0.0585599764 -0.000190536626)
(0.1193466456 -0.03207452909 -0.0001740882638)
(0.03834831357 -0.009719926576 -0.0001726447713)
(0.2133199707 -0.05900712519 0.04679913634)
(0.1193724601 -0.03218038042 0.02953611747)
(0.03816038016 -0.01048879857 0.01686653302)
(0.08486484628 0.005766109643 -0.0001809691924)
(0.0447173082 0.004037780036 -0.0001711463782)
(0.01336307719 0.001944747216 -0.0001642672276)
(0.1245825938 0.003771384393 0.05010523231)
(0.06797011942 0.003776299376 0.03235285923)
(0.02127681237 0.001187766434 0.01853955956)
(0.1247233359 0.004020331825 -0.0001142658339)
(0.06806742083 0.003826842598 -0.0001360720988)
(0.02123788824 0.002065717814 -0.0001500637946)
(0.08470814082 0.005427547906 0.04590382702)
(0.04460617922 0.003925365362 0.02923371582)
(0.01341348619 0.001137301115 0.01671516059)
(0.2079702939 -0.2042875659 -6.512294392e-06)
(0.1199089014 -0.1187937014 -1.688343498e-05)
(0.03964563602 -0.03946844414 -2.357468376e-05)
(-0.01136385676 -0.01573005624 0.03395992483)
(-0.006581151161 -0.008850199645 0.02118547261)
(-0.001943031317 -0.003025600281 0.012070721)
(-0.01151202879 -0.01568066586 -0.0001135887625)
(-0.006612709164 -0.008861834125 -0.0001119816164)
(-0.002392976506 -0.002693333812 -0.0001137478379)
(0.03502037058 -0.1050327444 0.0001708024057)
(0.0188389166 -0.06282782682 0.0001628632263)
(0.005471504983 -0.02150807581 0.0001607810446)
(0.03548085907 -0.1054262192 -0.04687360411)
(0.01903537438 -0.06310851765 -0.0295993033)
(0.006298891786 -0.0214164737 -0.01697368213)
(-0.01143205367 -0.03226022361 0.02960812347)
(-0.006645444199 -0.01848529769 0.01987466195)
(-0.001935088755 -0.006153122191 0.01127620949)
(0.2308807233 -0.176827454 -0.02110015475)
(0.1334873479 -0.1020218308 -0.01344121866)
(0.04397593121 -0.03382269721 -0.007690900708)
(0.230732862 -0.1761575927 0.0001302607904)
(0.1332902254 -0.1017121305 0.0001095408477)
(0.04409525087 -0.03343925689 9.768183546e-05)
(0.2363251177 -0.1548216314 -0.03054281989)
(0.1356278115 -0.088934825 -0.0206239794)
(0.04439684466 -0.02933925354 -0.01173347873)
(0.2364159666 -0.1548731635 1.621116467e-05)
(0.1355518152 -0.08897429707 5.407941354e-05)
(0.04464316398 -0.02887030574 7.629597208e-05)
(0.1943113889 -0.02875854277 -8.686575357e-05)
(0.1080949139 -0.01449633858 -0.0001184499029)
(0.03446349099 -0.003873246785 -0.00014107884)
(0.164336153 -0.01870575657 0.04738809556)
(0.09066138029 -0.00912835752 0.0304373656)
(0.02857703868 -0.002909730456 0.01738805834)
(0.1643975946 -0.01836576183 -0.0001946885911)
(0.09067609023 -0.00902319278 -0.0001823000993)
(0.02864688094 -0.002071437362 -0.0001733244615)
(0.194171562 -0.02895848313 0.05062184944)
(0.1080388236 -0.01451481337 0.03261752121)
(0.03434165227 -0.004743751029 0.01869617099)
(0.2133210538 -0.05855877783 0.0001884191617)
(0.1193449143 -0.03207395842 0.0001726868534)
(0.0383477216 -0.00971978827 0.0001718231622)
(0.2133123526 -0.05900332648 -0.04679704408)
(0.1193679107 -0.03217858395 -0.02953468449)
(0.03815883344 -0.01048826514 -0.01686571003)
(0.1943106285 -0.02875819704 8.488756564e-05)
(0.1080945604 -0.01449620492 0.0001171542104)
(0.03446339758 -0.003873260278 0.0001403265937)
(0.164334283 -0.01870483899 -0.04738617632)
(0.09066026114 -0.009127977257 -0.03043605424)
(0.0285766463 -0.002909631466 -0.0173872995)
(0.1643966767 -0.0183656192 0.0001927095637)
(0.09067548234 -0.009023131283 0.0001810065001)
(0.02864664268 -0.0020714503 0.0001725767933)
(0.1941697289 -0.02895710052 -0.05061989452)
(0.10803802 -0.0145142779 -0.03261618334)
(0.03434148817 -0.004743645237 -0.01869541052)
(0.05649240327 0.01041114367 -0.0001206640767)
(0.02908677326 0.006392253813 -0.0001313408527)
(0.008439920616 0.002530928404 -0.0001396300277)
(0.05635553915 0.01018311906 0.0455479449)
(0.02898480991 0.00632140554 0.02862491217)
(0.008598332111 0.001770770797 0.01638573129)
(0.08486490433 0.005766239479 0.000179115831)
(0.04471737647 0.004037818238 0.00016993929)
(0.01336309751 0.001944714976 0.0001635700396)
(0.1245818121 0.00377233855 -0.05010329823)
(0.06796964481 0.003776661276 -0.0323515337)
(0.02127662334 0.001187845146 -0.01853878916)
(0.1247228371 0.004020505106 0.0001122719066)
(0.06806701503 0.003826891817 0.0001347721572)
(0.02123769844 0.002065686456 0.0001493114832)
(0.08470874112 0.005428361325 -0.04590194691)
(0.04460661745 0.003925674487 -0.02923243763)
(0.01341366899 0.001137378045 -0.01671443289)
(0.05649288801 0.01041132623 0.0001186738753)
(0.02908709974 0.006392353806 0.0001300739567)
(0.008440039451 0.002530923772 0.0001388977618)
(0.05635712377 0.01018406091 -0.04554601365)
(0.02898595032 0.006321916987 -0.02862365333)
(0.008598788845 0.001770949169 -0.01638502492)
(0.02440579483 0.006223781592 -0.03783469152)
(0.01162477197 0.0035970227 -0.02552094207)
(0.003200568449 0.0007984207089 -0.01451050227)
(-0.007777761987 -0.00707814937 0.03608193314)
(-0.005115192871 -0.00421302706 0.02254045012)
(-0.001676103263 -0.001696534775 0.01284687732)
(-0.007825853226 -0.006820258982 -0.0001400783653)
(-0.005078836954 -0.00412037228 -0.0001313499084)
(-0.00201460676 -0.001196282247 -0.000128338164)
(-0.004373203007 -0.004504036885 -0.03408618258)
(-0.003642159316 -0.002755720977 -0.02308532435)
(-0.001363383445 -0.001247651238 -0.01311244744)
(-0.007781418097 -0.007069112179 -0.03608108833)
(-0.005113779146 -0.00420732702 -0.02253883057)
(-0.001674567015 -0.001694534835 -0.0128453188)
(-0.007825684049 -0.006818087444 0.0001361372422)
(-0.005077853856 -0.004118945946 0.0001287837206)
(-0.002013956978 -0.001195831525 0.000126791373)
(0.1341687491 -0.2012444953 2.84378794e-05)
(0.07760604121 -0.1173360405 4.034877468e-05)
(0.0254718972 -0.03921111143 4.23771871e-05)
(0.1524603424 -0.1928885646 0.003996998133)
(0.08839857561 -0.1137420134 0.002749655287)
(0.02937840627 -0.03813099149 0.001636135058)
(0.1518652706 -0.1927634629 -0.000138231937)
(0.08805302243 -0.1135733987 -8.787938701e-05)
(0.02919803598 -0.03808384449 -5.965616795e-05)
(0.2079721776 -0.2042898517 7.290221723e-06)
(0.1199108261 -0.1187956389 1.746071838e-05)
(0.03964655524 -0.03946936402 2.390120943e-05)
(-0.01152044975 -0.01189764943 -0.0001428230608)
(-0.006897361577 -0.006966678449 -0.0001371540436)
(-0.002555050495 -0.00212977541 -0.0001286536537)
(-0.0115025811 -0.01187896224 0.0001446761714)
(-0.006886931116 -0.006955869227 0.0001383285714)
(-0.002551596391 -0.002126153346 0.0001293487123)
(0.01541112819 -0.06841056049 0.0001514496834)
(0.007035404299 -0.04024438679 0.0001592789176)
(0.001386122465 -0.0135748869 0.000164438142)
(0.009248893588 -0.02341914978 -0.05216745438)
(0.003337299907 -0.01360715764 -0.0335350503)
(0.001000382208 -0.00445486729 -0.01917622023)
(0.008862073674 -0.02328398696 0.0001841160941)
(0.003221499979 -0.01350304744 0.0001831628961)
(7.563127833e-05 -0.004490511106 0.0001801469731)
(0.01575283254 -0.06858896349 -0.05083644933)
(0.007137327679 -0.04038388298 -0.03255867971)
(0.002280790228 -0.01352800915 -0.01865469801)
(0.03502004621 -0.1050307806 -0.000170141282)
(0.01883870806 -0.06282664995 -0.0001624302642)
(0.005471439853 -0.02150767576 -0.0001605273795)
(0.03547948529 -0.1054212492 0.04687309966)
(0.01903459442 -0.06310546193 0.02959893355)
(0.006298625334 -0.02141540651 0.0169734839)
(0.01541091541 -0.0684091123 -0.0001505359239)
(0.007035286564 -0.04024350962 -0.000158680206)
(0.001386105254 -0.01357458087 -0.0001640910003)
(0.00924773782 -0.02341726509 0.05216634991)
(0.003336829505 -0.01360595031 0.0335342539)
(0.001000275554 -0.004454423955 0.01917575181)
(0.008861875121 -0.0232832996 -0.0001829080189)
(0.003221419531 -0.01350260786 -0.0001823705046)
(7.563525656e-05 -0.00449034898 -0.000179686016)
(0.01575181234 -0.06858519788 0.05083557361)
(0.007136838454 -0.04038154836 0.03255804012)
(0.002280644396 -0.0135271828 0.01865433662)
(-0.01143434414 -0.03226653185 -0.02960806163)
(-0.006646799849 -0.01848943516 -0.01987490709)
(-0.001935587336 -0.006154641968 -0.01127657567)
(0.2541104178 -0.121574046 0.04059940559)
(0.1452726501 -0.06849750841 0.02608007819)
(0.04738719483 -0.02252857248 0.01493753849)
(0.2363246529 -0.1548196452 0.03054196754)
(0.1356270704 -0.08893355544 0.02062335158)
(0.04439636047 -0.02933869841 0.01173296813)
(0.2540920053 -0.1215683316 -0.04060304672)
(0.1452601188 -0.06849262235 -0.02608139543)
(0.04738218078 -0.02252647205 -0.01493774774)
(0.2247558599 -0.08545869111 0.04599517112)
(0.125873516 -0.04717886011 0.03097522393)
(0.04017367369 -0.01517243658 0.01768333069)
(0.224745884 -0.08545456861 -0.04599340169)
(0.1258681126 -0.04717685976 -0.0309743323)
(0.04017199962 -0.0151719241 -0.01768313608)
(0.02440951267 0.006225642741 0.03783744823)
(0.01162666929 0.003598062733 0.02552244504)
(0.003201148204 0.0007987027856 0.01451106238)
(0.01318163843 0.003503744649 0.03967155302)
(0.005886114874 0.002011698661 0.025082712)
(0.001590642914 0.0002918564705 0.01431644769)
(0.0131708313 0.003498117129 -0.03967257793)
(0.005879180714 0.002008525438 -0.02508248623)
(0.001588139397 0.0002907440965 -0.0143158014)
(0.1342677452 -0.2014485796 -0.01364161641)
(0.07769011246 -0.1175391302 -0.009173116693)
(0.02572747196 -0.0391701416 -0.005235811415)
(0.08886715193 -0.1768670874 -0.02802966568)
(0.05093352233 -0.1051495061 -0.01805149028)
(0.01704647292 -0.03549915673 -0.01039465142)
(0.1342680313 -0.2014486044 0.01364134692)
(0.07769070058 -0.1175397033 0.009172908295)
(0.02572787058 -0.03917054509 0.005235741367)
(0.08886613231 -0.1768608789 0.02803197292)
(0.05093210754 -0.1051448299 0.01805219465)
(0.01704575956 -0.0354970622 0.0103946505)
(-0.01195128337 -0.02009644305 0.03085746869)
(-0.007033957775 -0.01122849662 0.02089487795)
(-0.002099241948 -0.003756980182 0.01186888043)
(-0.01287953685 -0.02963909576 0.03259567911)
(-0.007501934582 -0.01674678465 0.02051801422)
(-0.002251882242 -0.005539444476 0.01169519352)
(-0.01288317826 -0.02964595643 -0.03259959128)
(-0.007504359756 -0.01675121611 -0.02051976402)
(-0.002252727184 -0.005541078427 -0.01169576352)
(0.06094378008 -0.1533617545 -0.03576145215)
(0.03438930356 -0.09011050111 -0.02414716928)
(0.01136737754 -0.03011909929 -0.01379804944)
(0.0609434409 -0.1533591145 0.03576058357)
(0.03438946165 -0.09010956567 0.02414678834)
(0.01136758279 -0.03011899168 0.01379806956)
(0.2308910202 -0.1768342586 0.02109792277)
(0.1334949675 -0.1020273151 0.01344040536)
(0.04397921384 -0.03382513072 0.007690780923)
(0.1524651712 -0.1928959855 -0.003997091525)
(0.08840250877 -0.1137476605 -0.002749865904)
(0.02938022464 -0.03813346685 -0.001636335846)
(0.2307408144 -0.1761629908 -0.0001296884087)
(0.1332965057 -0.1017165574 -0.0001092193392)
(0.04409817743 -0.03344138042 -9.750757603e-05)
(0.1518696648 -0.1927695883 0.0001385392338)
(0.08805663981 -0.1135783338 8.811668273e-05)
(0.02919978983 -0.03808619554 5.97980342e-05)
(-0.004359913479 -0.004498181205 0.03409002201)
(-0.0036344035 -0.002751728148 0.02308777268)
(-0.001360729309 -0.001246096338 0.01311365594)
(-0.004500939498 -0.004234013304 -0.0001673323919)
(-0.003651251653 -0.002702034728 -0.0001601086061)
(-0.001698756803 -0.0007206579983 -0.0001442209781)
(-0.01175563932 -0.03220676694 -0.0001479224134)
(-0.006710410592 -0.01849103462 -0.0001398422237)
(-0.002441272271 -0.005978025897 -0.0001268027622)
(0.2540186761 -0.1209945723 -0.0001762589369)
(0.1451408146 -0.06828851553 -0.0001600520182)
(0.04761429284 -0.02184322648 -0.0001559150747)
(0.2364158158 -0.154872093 -1.476406379e-05)
(0.1355510962 -0.08897329685 -5.32056566e-05)
(0.04464267534 -0.02886980493 -7.581231967e-05)
(0.2540070044 -0.1209909224 0.0001766896384)
(0.145132324 -0.06828535322 0.0001602457187)
(0.04761065664 -0.02184176106 0.0001560212695)
(0.2250491104 -0.08551165628 -4.520102536e-05)
(0.1259634291 -0.047288349 -9.248530165e-05)
(0.0404719046 -0.01441882454 -0.0001207734454)
(0.2250456228 -0.08551034131 4.515397288e-05)
(0.1259620736 -0.04728793055 9.232857604e-05)
(0.04047168785 -0.01441888074 0.0001206557427)
(0.02452239952 0.006644583283 -0.000194134717)
(0.01174083439 0.003719346033 -0.0001813804855)
(0.003015833143 0.001472590488 -0.000162159254)
(0.0245209702 0.006643960974 0.0001927841068)
(0.0117401661 0.003719056304 0.0001804376614)
(0.003015654977 0.001472497168 0.0001616213431)
(0.0132746451 0.003735363379 -0.0001124404966)
(0.005984818045 0.002087530323 -0.0001206366279)
(0.001349289423 0.0009221111436 -0.0001259624833)
(0.0132705337 0.003733133266 0.0001103516447)
(0.005982187742 0.002086217572 0.0001193563042)
(0.001348350043 0.0009216159554 0.000125230874)
(-0.004504645543 -0.004235908145 0.0001642074945)
(-0.003653483375 -0.002703273876 0.0001579404592)
(-0.001699482886 -0.0007211794128 0.0001429665425)
(0.08828109553 -0.1765121451 0.0001621396837)
(0.05063338267 -0.1048533005 0.0001349778382)
(0.0165043638 -0.03557358773 0.0001200705486)
(0.1341693335 -0.2012448418 -2.84518293e-05)
(0.07760678966 -0.1173367505 -4.025193677e-05)
(0.02547237715 -0.03921158315 -4.229192236e-05)
(0.0882800296 -0.1765068479 -0.0001621936466)
(0.05063224612 -0.1048491166 -0.0001348849717)
(0.01650376139 -0.03557161853 -0.0001199854003)
(-0.0113660129 -0.01574694686 -0.03396589969)
(-0.006582827158 -0.008857122497 -0.02118845132)
(-0.001943784346 -0.003027129294 -0.01207198766)
(-0.01151241511 -0.01568408043 0.0001166497284)
(-0.006612831107 -0.008862901998 0.0001140042047)
(-0.002393041455 -0.002693348808 0.0001149884915)
(-0.01195998949 -0.02011173587 -0.03086022175)
(-0.007039056428 -0.0112375801 -0.02089689841)
(-0.002101031683 -0.00376011777 -0.01187021228)
(-0.01222743979 -0.01998415831 0.0001529464918)
(-0.007090684112 -0.01121860729 0.0001454729901)
(-0.002575500361 -0.003451340202 0.0001312022412)
(-0.01222433022 -0.01997959724 -0.0001496845399)
(-0.007088874856 -0.01121581552 -0.0001432685102)
(-0.0025748377 -0.003450437831 -0.0001299354289)
(-0.01302199657 -0.02958733869 -0.0001045949472)
(-0.007516952323 -0.01674327758 -0.0001065694158)
(-0.002742869038 -0.005309863121 -0.0001087622906)
(-0.01302318178 -0.02958936148 0.0001058906223)
(-0.007517638642 -0.01674446037 0.0001074319162)
(-0.002743106527 -0.005310233411 0.0001092551465)
(0.06076351731 -0.1532186837 9.172490913e-05)
(0.03434000354 -0.08994783072 0.0001110592415)
(0.01073013175 -0.03026428651 0.0001160854637)
(0.06076389006 -0.1532181673 -9.212435596e-05)
(0.03434054429 -0.08994809724 -0.0001111841927)
(0.0107304834 -0.03026459073 -0.0001161204346)
(-0.0117566664 -0.03220927354 0.0001489505282)
(-0.006711077231 -0.01849270261 0.0001405339973)
(-0.002441547377 -0.005978658276 0.0001272007347)
)
;

boundaryField
{
    inlet
    {
        type            fixedValue;
        value           uniform (1 0 0);
    }
    outlet
    {
        type            zeroGradient;
    }
    topAndBottom
    {
        type            symmetry;
    }
    frontAndBack
    {
        type            empty;
    }
    cylinder
    {
        type            noSlip;
    }
    procBoundary0to1
    {
        type            processor;
        value           nonuniform List<vector> 
116
(
(1.069531769 -0.001107636758 -7.900208223e-23)
(1.070138742 -0.00333116861 -3.07607871e-23)
(1.071360818 -0.005576412158 0)
(1.073221587 -0.007866568669 -2.583648505e-23)
(1.075756409 -0.01022029266 -2.320039092e-23)
(1.07901421 -0.01266339933 -5.306739718e-23)
(1.083059718 -0.01522655877 0)
(1.08797878 -0.01794856092 4.20195978e-23)
(1.093882229 -0.02087758033 -1.398732295e-22)
(1.100906929 -0.02407497235 4.716661611e-23)
(1.109228689 -0.02762045969 0)
(1.119075176 -0.03161086869 0)
(1.130732324 -0.03617433375 -8.219285738e-23)
(1.144570292 -0.04146459627 8.212258297e-23)
(1.161063016 -0.04768055437 0)
(1.180815227 -0.05497723805 4.277158939e-22)
(1.20465474 -0.06379739189 -5.434116047e-22)
(1.233579575 -0.07426967415 4.305535114e-21)
(1.268253901 -0.08550085354 1.626744062e-06)
(1.309303828 -0.101622213 2.614353273e-06)
(1.309303828 -0.101622213 2.614353273e-06)
(1.309303828 -0.101622213 2.614353273e-06)
(1.309303828 -0.101622213 2.614353273e-06)
(1.309303828 -0.101622213 2.614353273e-06)
(1.309303828 -0.101622213 2.614353273e-06)
(1.342444482 -0.09585108865 0.02874671926)
(1.332777009 -0.1115283563 -0.0001001145234)
(1.334536434 -0.1138632441 0.05164760505)
(0.3901823595 -0.02548265891 0.06290462232)
(0.390247644 -0.02546102561 -0.06290538224)
(-0.03662927247 -0.0931892143 7.30683173e-05)
(-0.03662927247 -0.0931892143 7.30683173e-05)
(-0.03651757431 -0.09314545587 0.06514365521)
(-0.008013431045 -0.1160053471 0.06438112405)
(-0.03651757431 -0.09314545587 0.06514365521)
(-0.008140596349 -0.1159728466 -7.032935786e-08)
(-0.02188126423 -0.06388232426 0.05372999704)
(-0.02245798436 -0.0638680169 -0.0001464199595)
(-0.0358667732 -0.0871569605 -6.175738561e-06)
(-0.03607889584 -0.08728125693 0.06410777603)
(-0.03326562601 -0.08079621288 0.06330889364)
(-0.0334605662 -0.08076943922 7.734313846e-05)
(-0.03664343766 -0.09320380438 -6.751186459e-05)
(-0.03664343766 -0.09320380438 -6.751186459e-05)
(-0.03655947559 -0.09319941773 -0.06514943495)
(-0.008109671735 -0.1160297271 -0.06438756952)
(-0.03655947559 -0.09319941773 -0.06514943495)
(-0.00816942239 -0.1159781534 1.231137762e-06)
(-0.03587882389 -0.08716674499 1.036230154e-05)
(-0.0361108054 -0.08731062895 -0.06411203382)
(-0.03327113242 -0.0808127561 -0.06331327569)
(-0.03346346418 -0.0807761906 -7.517414131e-05)
(-0.02188691704 -0.06389261213 -0.05373056006)
(-0.02245963085 -0.06387172791 0.0001484176144)
(0.6179020775 -0.03178473883 0.06176140478)
(1.206793034 -0.09439110972 -0.05596718195)
(0.6179828389 -0.03177502047 -0.06176674128)
(0.3902755101 -0.02553914793 -3.823411686e-06)
(0.3902755101 -0.02553914793 -3.823411686e-06)
(0.220730094 -0.04440786091 -1.155308301e-06)
(0.3901823595 -0.02548265891 0.06290462232)
(0.2206984694 -0.04437393797 0.06317813922)
(0.0301470295 -0.09315455098 0.06424325207)
(0.03010270454 -0.09316616076 2.050612542e-05)
(0.1012214952 -0.06690100355 2.986468297e-06)
(0.1011769674 -0.06692291641 0.06380699404)
(0.3902975226 -0.02553307176 1.163601133e-05)
(0.3902975226 -0.02553307176 1.163601133e-05)
(0.2207253068 -0.04440900737 3.269556821e-06)
(0.390247644 -0.02546102561 -0.06290538224)
(0.2206839969 -0.04437771153 -0.06318045367)
(0.03011412838 -0.09316083128 -0.06424044477)
(0.03009200264 -0.09316599151 -8.700563561e-06)
(0.101226066 -0.06689326935 8.82112299e-07)
(0.1011963214 -0.06689311386 -0.06381082734)
(1.294185989 -0.1067225744 0.05488472961)
(1.34242998 -0.0958338732 -0.02874955177)
(1.332778318 -0.1115112697 9.933769594e-05)
(1.334545532 -0.1138260378 -0.05164518255)
(1.294194681 -0.1067107333 -0.05488268247)
(1.06000763 -0.07209379325 -1.249667783e-05)
(1.06000763 -0.07209379325 -1.249667783e-05)
(1.060121668 -0.0720694812 0.05848046211)
(1.186117803 -0.08199053934 0.05615933645)
(1.294185989 -0.1067225744 0.05488472961)
(1.060121668 -0.0720694812 0.05848046211)
(1.185936495 -0.08039713339 -7.219069926e-05)
(1.206673394 -0.09433676714 5.482333828e-05)
(1.292690429 -0.1064993926 -4.893464471e-05)
(0.6179577002 -0.03187879947 -1.231768977e-05)
(0.8549161326 -0.04924008566 -1.073679407e-05)
(0.8549316899 -0.04911560462 0.06040745768)
(1.060011331 -0.0720980542 1.433591308e-05)
(1.206673394 -0.09433676714 5.482333828e-05)
(1.060130979 -0.07208707614 -0.05848228953)
(0.6179846853 -0.03187833543 1.584141338e-05)
(0.854935293 -0.04924856037 1.138547849e-05)
(0.85497736 -0.04913928827 -0.06041341272)
(1.334536434 -0.1138632441 0.05164760505)
(1.292690429 -0.1064993926 -4.893464471e-05)
(1.332777009 -0.1115283563 -0.0001001145234)
(1.292690568 -0.1064921032 5.112633718e-05)
(1.334545532 -0.1138260378 -0.05164518255)
(1.332778318 -0.1115112697 9.933769594e-05)
(-0.009023369435 -0.0311615786 0.0304128396)
(-0.005031044147 -0.0181177367 0.0189005561)
(-0.001374512791 -0.006097895337 0.01075622696)
(-0.009025339062 -0.03116675609 -0.03041303334)
(-0.0050321413 -0.0181211018 -0.01890063696)
(-0.001374876642 -0.006099147548 -0.01075627794)
(-0.009183701426 -0.03106254243 -0.0001135502727)
(-0.005052404673 -0.01806426673 -0.000108958904)
(-0.001854957086 -0.005946614118 -0.0001068251923)
(-0.009184243838 -0.03106431723 0.0001137241078)
(-0.005052721432 -0.01806538446 0.0001090587166)
(-0.0018550556 -0.005947003877 0.0001068788396)
)
;
    }
    procBoundary0to2
    {
        type            processor;
        value           nonuniform List<vector> 
75
(
(0.9999579017 9.68600219e-05 7.379661205e-25)
(0.9996004207 0.000292208834 2.437026983e-23)
(0.9988436263 0.0004941447228 -1.485108198e-24)
(0.997653555 0.0007091354495 -2.713779684e-23)
(0.9960177751 0.0009443139706 -1.531078747e-23)
(0.9938984503 0.001207790112 6.097304601e-24)
(0.9912284131 0.001509574285 6.167560037e-24)
(0.9879177285 0.001862595886 -7.020094139e-24)
(0.9838507545 0.002283931583 5.535915357e-23)
(0.9788747984 0.00279664187 -2.898128297e-23)
(0.9727845496 0.00343267033 -1.561068469e-23)
(0.9653016897 0.004237459253 -1.674026824e-23)
(0.9560424392 0.005277308921 -8.999881269e-23)
(0.94447353 0.006652063531 7.209780611e-23)
(0.9298137305 0.008515276951 -6.348262153e-23)
(0.9109820114 0.01111838716 8.874117792e-23)
(0.8860744443 0.01487088087 -9.100031663e-22)
(0.8531862487 0.02062162381 1.924616271e-21)
(0.8047119168 0.02946932129 -4.229976539e-07)
(0.7547118935 0.02407724786 -0.02874935599)
(0.6244069228 0.01688483398 -0.06055335778)
(0.4983961475 0.02925460352 -0.0776248311)
(0.1697860235 0.05890340463 -0.09840093363)
(0.1697879831 0.05890131112 0.09839879449)
(0.2744307364 0.05114324664 -0.09353244618)
(0.4983959448 0.02924739482 0.07762407175)
(0.2744408761 0.0511447148 0.09353026613)
(0.1704180793 0.05866636891 -0.0001918077428)
(0.04507205801 0.05471219526 -0.09855409844)
(0.04477694648 0.05446249023 6.782772667e-05)
(0.1704189623 0.05866545703 0.0001948041239)
(0.04506848276 0.0547098227 0.09855258159)
(0.04477627707 0.05446168545 -6.551433079e-05)
(0.5485074311 0.02472836526 -0.07278988955)
(0.6244021025 0.01687445692 0.06055450196)
(0.5485214177 0.02471928392 0.07278857629)
(0.4376163863 0.03497155553 -0.08279533735)
(0.5023100154 0.02913910221 -0.0003245310335)
(0.4395229593 0.0348654716 -0.000172756885)
(0.2747458459 0.0510163258 -9.084132973e-05)
(0.3640419703 0.04224050977 -0.08820723246)
(0.3650400752 0.04213117555 -0.000106112569)
(0.5023103861 0.02913724302 0.0003266771914)
(0.4376130164 0.03496959774 0.08279435733)
(0.4395224569 0.03486478624 0.0001734831148)
(0.2747495418 0.05101639409 9.291362837e-05)
(0.3640470939 0.04224161823 0.08820567674)
(0.365042185 0.04213127795 0.000107380364)
(0.7068603844 0.02688141873 -0.03146556965)
(0.7547181595 0.02407985213 0.02874924092)
(0.7068615736 0.02688670935 0.03146550887)
(0.6189628544 0.01828595739 -0.06438887276)
(0.7101874892 0.01995184882 -0.000624780441)
(0.6493502197 0.01916069757 -0.002943808081)
(0.5561844243 0.02461052698 -0.0007294942261)
(0.5898255823 0.02110864843 -0.06837889315)
(0.6031660465 0.02113393668 -0.001800854146)
(0.7101874995 0.01995044395 0.0006258422584)
(0.6189603996 0.01827975036 0.06438849941)
(0.6493502367 0.01915929384 0.002944028903)
(0.556189149 0.024608023 0.0007319195164)
(0.5898330623 0.02110168506 0.06837812479)
(0.6031686405 0.02113224037 0.001801412256)
(0.009244295854 0.02338535893 -0.05216853099)
(0.003334612221 0.01358716879 -0.0335357381)
(0.0009995026769 0.004448148179 -0.01917657263)
(0.008857476986 0.02325044008 0.0001841349443)
(0.003218825739 0.01348322847 0.0001831775961)
(7.473631695e-05 0.004483797487 0.0001801570474)
(0.009243162592 0.02338379462 0.05216738675)
(0.003334159128 0.01358616486 0.03353491331)
(0.0009994012228 0.004447778688 0.01917608741)
(0.008857284685 0.02324988815 -0.0001829130076)
(0.003218750772 0.01348287477 -0.0001823754721)
(7.474276751e-05 0.004483666486 -0.0001796903204)
)
;
    }
}


// ************************************************************************* //
