/*--------------------------------*- C++ -*----------------------------------*\
| =========                 |                                                 |
| \\      /  F ield         | OpenFOAM: The Open Source CFD Toolbox           |
|  \\    /   O peration     | Version:                                        |
|   \\  /    A nd           | Website:  www.openfoam.com                      |
|    \\/     M anipulation  |                                                 |
\*---------------------------------------------------------------------------*/
FoamFile
{
    version     2.0;
    format      ascii;
    class       volVectorField;
    location    "4.5";
    object      U;
}
// * * * * * * * * * * * * * * * * * * * * * * * * * * * * * * * * * * * * * //

dimensions      [0 1 -1 0 0 0 0];


internalField   nonuniform List<vector> 
2403
(
(-0.1234195262 0.02975748732 0.05978226952)
(-0.3280065761 0.02182099425 0.06601285388)
(-0.4475573025 0.003405968432 0.04113560582)
(-0.4049797171 -0.028930452 5.415100121e-07)
(-0.34014242 -0.05367367659 -2.73474472e-21)
(-0.2339452177 -0.07171089716 1.197525387e-21)
(-0.1043420547 -0.08220705298 3.417890845e-22)
(0.03766493295 -0.08458610694 -3.867047359e-22)
(0.1790183924 -0.08106627824 8.87633255e-23)
(0.3113474154 -0.07375239431 3.409178466e-23)
(0.429838353 -0.06482821586 -1.059809344e-22)
(0.5325726292 -0.05574849234 0)
(0.6198125371 -0.04726941618 -1.707978441e-22)
(0.6929873161 -0.03970148329 1.377562766e-22)
(0.7539249337 -0.03310224275 -5.618001288e-23)
(0.8044276913 -0.02739208478 6.83590596e-23)
(0.8460719377 -0.0224320947 -1.222340943e-23)
(0.8801302201 -0.01807685969 1.829626543e-23)
(0.9075966013 -0.0142238735 -1.694592071e-23)
(0.929263796 -0.01082819634 6.794344735e-24)
(0.945837156 -0.007903938919 0)
(0.9580429285 -0.00549859896 0)
(0.9666823382 -0.003652084563 -3.995101984e-24)
(0.9726115593 -0.002359041221 3.797817002e-24)
(0.9766619502 -0.001553040495 -1.951715511e-24)
(0.9795441933 -0.001119168823 -1.476606677e-24)
(0.9817824998 -0.0009253293861 2.276575355e-24)
(0.983701831 -0.0008546908364 -1.106630587e-24)
(0.9854616108 -0.0008252049686 0)
(0.9871119253 -0.0007925236481 8.172657218e-25)
(0.9886480139 -0.0007414319345 -1.255166965e-25)
(0.9900493177 -0.0006736120093 -2.14878799e-25)
(0.9913005733 -0.0005973483563 1.356954698e-26)
(0.9923990003 -0.000521184973 2.443792439e-25)
(0.9933533063 -0.000451090339 0)
(0.9941792604 -0.000389934003 4.287048866e-29)
(0.9948948119 -0.0003380029334 -2.319015833e-24)
(0.9955168685 -0.0002943231288 2.320771804e-24)
(0.9960599228 -0.0002572884348 0)
(0.9965355359 -0.0002254589888 -1.579052514e-24)
(0.9969527176 -0.000197784719 1.579351227e-24)
(0.9973188598 -0.0001735739959 -1.869612088e-24)
(0.9976402857 -0.0001523617961 2.302690801e-24)
(0.9979225417 -0.0001337891993 -1.527749545e-24)
(0.9981705156 -0.0001175395039 1.787613574e-24)
(0.9983884905 -0.0001033211429 -8.374826824e-25)
(0.9985802006 -9.086812007e-05 -9.936203871e-25)
(0.9987488938 -7.995147904e-05 3.483062451e-25)
(0.9988973942 -7.037427903e-05 -2.527944578e-25)
(0.9990281663 -6.196610994e-05 4.756434383e-25)
(0.9991433646 -5.457945188e-05 -1.570912325e-26)
(0.9992448766 -4.808791982e-05 1.730280195e-25)
(0.9993343573 -4.238115018e-05 -1.730818544e-25)
(0.9994132576 -3.736328557e-05 1.741735702e-29)
(0.9994828506 -3.295079823e-05 -1.246210285e-25)
(0.9995442556 -2.906995121e-05 -1.347473803e-29)
(0.999598457 -2.565633796e-05 9.624973127e-26)
(0.999646321 -2.265402131e-05 7.508237697e-26)
(0.9996886106 -2.001421194e-05 -1.595311007e-25)
(0.999725998 -1.769409404e-05 -6.454801797e-26)
(0.9997590763 -1.565598143e-05 -5.620679801e-26)
(0.9997883689 -1.386675315e-05 -5.991722863e-30)
(0.9998143386 -1.229743062e-05 1.965259551e-26)
(0.9998373952 -1.09227627e-05 -7.240327499e-26)
(0.9998579016 -9.720798539e-06 1.675183236e-26)
(0.9998761827 -8.67245526e-06 -3.134471803e-30)
(0.9998925179 -7.761251585e-06 0)
(0.9999071964 -6.972434415e-06 -3.671295043e-27)
(0.9999203193 -6.295388361e-06 3.672027294e-27)
(0.9999325813 -5.709645811e-06 0)
(0.9999421261 -5.257211433e-06 4.699385351e-27)
(0.999956421 -4.650071802e-06 2.355770735e-27)
(-0.06543158301 0.1888894254 0.06424805256)
(-0.1313541277 0.1605017248 0.07122523643)
(-0.1063270932 0.0507456033 0.0458385337)
(0.01983198299 -0.06158753223 -4.403937942e-06)
(0.06833353016 -0.1293553378 -1.551499897e-21)
(0.156341879 -0.1800224609 5.803058308e-22)
(0.2533140759 -0.2073069064 8.213704883e-23)
(0.3531646892 -0.2133480602 -3.749332468e-23)
(0.449697361 -0.2036467222 -1.629530089e-23)
(0.5383033278 -0.1844573741 -1.10398701e-23)
(0.6162292045 -0.1612317221 0)
(0.6827543471 -0.1376811794 9.429856583e-23)
(0.7385084392 -0.1158471065 3.298659683e-23)
(0.7847397345 -0.0966052369 -2.29056627e-22)
(0.8228694682 -0.0801282326 1.108926736e-22)
(0.8542717015 -0.06619836157 -2.159725518e-23)
(0.8801673616 -0.05441169017 0)
(0.9015748423 -0.04432494141 -9.368594025e-24)
(0.9192992192 -0.03556030614 6.544835909e-23)
(0.9339534638 -0.02787743387 -4.594337401e-23)
(0.9459901555 -0.02119706886 -3.000903598e-23)
(0.9557588385 -0.01556350775 9.024483162e-24)
(0.9635634746 -0.01106003847 -5.000483003e-24)
(0.9697034642 -0.007714806761 1.909421462e-24)
(0.974487142 -0.005442596026 0)
(0.9782195935 -0.004045771798 -2.3942629e-24)
(0.9811780678 -0.003266556719 3.824953118e-24)
(0.9835897002 -0.002853310045 -9.861306398e-25)
(0.9856202613 -0.002610586161 -8.597809635e-25)
(0.9873773517 -0.002417020081 -7.758316172e-25)
(0.9889230601 -0.002216559869 -6.563542469e-25)
(0.9902901393 -0.001996934416 2.962477116e-25)
(0.9914965105 -0.001767756959 -7.626968991e-25)
(0.9925552684 -0.001544606888 0)
(0.993479738 -0.001340156802 9.351396583e-25)
(0.994284652 -0.001161001895 -4.159175517e-25)
(0.9949850398 -0.001007926127 -3.258374093e-25)
(0.995595422 -0.00087828606 0)
(0.9961287794 -0.0007678883137 0)
(0.9965958319 -0.0006728437576 0)
(0.9970053774 -0.0005902059182 0)
(0.9973647786 -0.0005179557776 1.280504189e-24)
(0.9976803345 -0.0004546865942 0)
(0.9979575176 -0.0003992998856 -9.937262533e-25)
(0.9982011098 -0.0003508360146 0)
(0.9984152899 -0.0003084222677 0)
(0.9986036998 -0.0002712736426 2.302177944e-26)
(0.9987695116 -0.0002387061758 9.08133515e-25)
(0.998915494 -0.00021013019 -2.832689714e-25)
(0.9990440653 -0.0001850403581 0)
(0.9991573372 -0.0001630012876 -2.078366456e-25)
(0.9992571598 -0.0001436336101 -8.543089415e-26)
(0.9993451572 -0.000126606314 8.543476556e-26)
(0.9994227535 -0.0001116315194 1.386760327e-25)
(0.9994912004 -9.845999043e-05 2.921867443e-27)
(0.9995515987 -8.687385049e-05 5.118159398e-26)
(0.999604915 -7.668268643e-05 -1.027280129e-25)
(0.9996519998 -6.771925485e-05 3.967156428e-26)
(0.9996936027 -5.983704889e-05 -7.235212417e-26)
(0.9997303845 -5.290801103e-05 1.477197619e-27)
(0.9997629281 -4.682002573e-05 5.630417173e-26)
(0.9997917481 -4.14747966e-05 4.771422548e-26)
(0.9998172997 -3.678629622e-05 0)
(0.9998399857 -3.267942976e-05 2.778126386e-26)
(0.9998601632 -2.908873933e-05 8.263354377e-27)
(0.9998781518 -2.595711877e-05 0)
(0.999894226 -2.323511903e-05 2.276927672e-26)
(0.9999086703 -2.087846534e-05 -4.138374685e-27)
(0.9999215838 -1.885537588e-05 1.810299386e-27)
(0.9999336506 -1.710464884e-05 -8.559781548e-27)
(0.9999430429 -1.575219018e-05 -4.9224562e-27)
(0.999957111 -1.393674701e-05 -2.13382013e-27)
(0.09559917732 0.1352605351 0.06517751112)
(0.215812979 0.1422999905 0.07228491387)
(0.4899146883 0.00674344804 -3.083516993e-07)
(0.5388717158 -0.09738999879 2.490777761e-06)
(0.588717689 -0.1862040272 6.009554584e-21)
(0.638970395 -0.2479925301 -1.465912507e-21)
(0.6831974601 -0.2786990583 -4.625518857e-22)
(0.7225317222 -0.2825127331 -3.02112127e-22)
(0.7580075717 -0.2669258847 1.618186441e-23)
(0.7898035362 -0.2401881527 2.319284221e-23)
(0.8177655141 -0.2090060239 -2.884576164e-23)
(0.8419789704 -0.1778355488 2.387054458e-23)
(0.862752033 -0.1491494707 0)
(0.8804637654 -0.1240105611 0)
(0.895495308 -0.1026160911 9.978990819e-23)
(0.9082259876 -0.08469375587 3.159605546e-23)
(0.9190414693 -0.06975389408 -7.425252913e-23)
(0.9283342113 -0.05724393546 -7.088919091e-24)
(0.9364892442 -0.04665027637 0)
(0.9438491489 -0.03757263478 6.296230383e-24)
(0.9506661144 -0.02976392582 4.405290986e-23)
(0.9570659547 -0.02312366554 -3.862450103e-23)
(0.9630468981 -0.01764263557 -4.029278894e-24)
(0.9685188975 -0.01332127853 1.343310736e-25)
(0.9733676934 -0.01010046466 2.18600112e-23)
(0.9775154398 -0.007835682449 -2.447288557e-23)
(0.9809552992 -0.006316889976 0)
(0.9837516347 -0.005315246757 5.828290817e-26)
(0.9860135958 -0.004628898673 1.673785713e-24)
(0.9878620733 -0.004109444108 0)
(0.9894034955 -0.003666628675 6.573983849e-25)
(0.9907173992 -0.003257895495 0)
(0.9918564059 -0.002871913029 3.843281477e-25)
(0.9928528292 -0.002512551055 0)
(0.9937270496 -0.002187496296 2.295583649e-24)
(0.9944935432 -0.001901492625 -2.860090508e-24)
(0.995164441 -0.001654763991 -1.420741149e-24)
(0.9957512252 -0.001443609703 2.764862264e-25)
(0.9962647485 -0.001262525409 1.100514286e-24)
(0.9967145423 -0.001106182528 -4.025826637e-25)
(0.9971089325 -0.000970260457 2.248715715e-26)
(0.9974550835 -0.0008515579399 -7.318362746e-27)
(0.9977591354 -0.000747699431 -2.587732724e-25)
(0.9980263681 -0.0006567954424 -1.649809944e-25)
(0.9982613507 -0.0005772256035 5.678146969e-26)
(0.9984680598 -0.0005075514397 3.216275978e-25)
(0.9986499673 -0.000446500006 -2.783761043e-25)
(0.9988101083 -0.0003929585691 0)
(0.9989511359 -0.0003459662343 0)
(0.9990753697 -0.0003046968642 -2.210688228e-25)
(0.9991848429 -0.0002684368384 -2.183659798e-25)
(0.9992813393 -0.0002365638503 -1.482563804e-25)
(0.9993664224 -0.0002085395049 1.822758058e-26)
(0.9994414615 -0.000183894933 -2.902568739e-25)
(0.9995076606 -0.000162216811 1.897490971e-26)
(0.9995660808 -0.000143143985 -2.651693556e-26)
(0.9996176557 -0.0001263644868 1.240320622e-26)
(0.9996632075 -0.0001116049544 7.466890525e-26)
(0.9997034591 -9.862490371e-05 1.467168737e-25)
(0.9997390482 -8.721315764e-05 5.958836166e-26)
(0.9997705378 -7.718516556e-05 5.970246315e-26)
(0.9997984258 -6.837966233e-05 -5.089772929e-26)
(0.9998231523 -6.065550098e-05 0)
(0.9998451071 -5.388923529e-05 0)
(0.9998646352 -4.797310661e-05 -2.787720289e-26)
(0.9998820459 -4.281304757e-05 -8.436585389e-28)
(0.9998976043 -3.832758863e-05 -2.044602065e-26)
(0.9999115857 -3.444379485e-05 -2.194265557e-28)
(0.9999240857 -3.110939671e-05 -1.158890277e-26)
(0.9999357664 -2.822356324e-05 8.560669318e-27)
(0.9999448582 -2.599420075e-05 1.325502557e-29)
(0.9999584768 -2.300124743e-05 -1.327122612e-29)
(0.6289657186 0.03466938745 0.06276285646)
(0.7883849945 0.004564347163 0.03933933962)
(0.9886350544 -0.09268603919 1.436468399e-06)
(1.014600865 -0.1669838301 0)
(1.0248876 -0.2281688745 -1.061117543e-20)
(1.020833219 -0.2704319183 5.104990894e-21)
(1.006240766 -0.2898954592 7.530680951e-22)
(0.9882548445 -0.2877793793 9.169232609e-22)
(0.9714385749 -0.2698073152 1.69045275e-22)
(0.9579429462 -0.2426742581 -2.568490203e-22)
(0.9483631979 -0.2120164998 4.732179499e-23)
(0.942459627 -0.1816079365 -1.528092509e-23)
(0.9396355761 -0.1535725682 9.380457865e-24)
(0.9391585248 -0.1288328581 0)
(0.9403143134 -0.1075696439 -7.885697944e-23)
(0.9425011138 -0.08956740508 1.011146621e-22)
(0.9452723039 -0.07443887075 -6.383476251e-23)
(0.9483476357 -0.06175049953 7.085532943e-24)
(0.9516033412 -0.05108628531 5.168052243e-24)
(0.9550352448 -0.04208255091 0)
(0.9586929558 -0.03444967967 -4.154023266e-24)
(0.9626032156 -0.02798179997 0)
(0.9667136228 -0.02254819755 -2.617159685e-23)
(0.9708812365 -0.01806570395 3.923068999e-23)
(0.9749078966 -0.01446282059 -1.145398576e-23)
(0.9786005593 -0.01165132527 7.661385781e-24)
(0.9818254244 -0.009515813137 -8.766036843e-24)
(0.9845332468 -0.007920857388 -5.78620807e-24)
(0.9867517503 -0.006727710337 5.529159245e-24)
(0.9885568865 -0.005811912248 5.157840219e-24)
(0.9900398838 -0.005075722489 -9.206774225e-25)
(0.9912828256 -0.004452815002 -5.523099184e-25)
(0.9923472966 -0.003905520149 -3.852455475e-24)
(0.9932737893 -0.003417176942 0)
(0.9940870128 -0.002982631296 1.718216306e-24)
(0.9948023515 -0.002600405616 -1.349095206e-24)
(0.9954307636 -0.002268114921 7.469601043e-26)
(0.9959820911 -0.001981141281 0)
(0.9964655074 -0.001733436191 -8.865368125e-25)
(0.9968894063 -0.001518948981 8.21056777e-25)
(0.9972613871 -0.001332410944 -8.928530136e-26)
(0.9975881175 -0.001169608303 -1.105223088e-24)
(0.9978753404 -0.001027234713 -3.687413475e-26)
(0.998127984 -0.000902614938 4.167199334e-25)
(0.9983503016 -0.0007934846342 1.014281705e-25)
(0.9985459949 -0.0006978720228 -4.133174256e-25)
(0.9987183032 -0.0006140494704 5.890194252e-25)
(0.9988700662 -0.0005405105172 3.372211258e-25)
(0.9990037731 -0.0004759501524 -3.259668225e-26)
(0.9991216056 -0.0004192386858 4.292875448e-25)
(0.9992254771 -0.0003693972825 1.837238726e-25)
(0.9993170633 -0.0003255771047 1.829307408e-25)
(0.9993978341 -0.0002870409289 0)
(0.9994690873 -0.0002531443489 7.656085374e-27)
(0.9995319662 -0.0002233229302 1.066462701e-30)
(0.9995874694 -0.0001970863431 -8.460709573e-26)
(0.9996364753 -0.0001740006296 -1.108575258e-26)
(0.9996797625 -0.0001536885205 -7.426158336e-26)
(0.9997180178 -0.0001358222023 -1.351757918e-25)
(0.9997518462 -0.0001201135476 0)
(0.9997817809 -0.0001063089761 -5.13988824e-26)
(0.9998082939 -9.418659272e-05 -1.506052156e-27)
(0.999831803 -8.355247889e-05 -3.735836013e-26)
(0.9998526784 -7.423691728e-05 0)
(0.9998712477 -6.609150637e-05 5.584068583e-26)
(0.9998878045 -5.898664336e-05 -3.329064425e-28)
(0.9999026007 -5.281016599e-05 1.889533265e-26)
(0.9999158977 -4.746174383e-05 -1.474815886e-26)
(0.9999277863 -4.286956172e-05 1.18084982e-26)
(0.9999388962 -3.889486998e-05 7.722642736e-27)
(0.9999475437 -3.582426288e-05 4.900950519e-29)
(0.9999604976 -3.170162028e-05 0)
(1.303365866 0.06076801608 0.0317618382)
(1.316199822 -0.006071453866 8.592965781e-08)
(1.304220286 -0.0706341243 6.57257575e-08)
(1.282595434 -0.1352301083 -1.531281755e-21)
(1.248062737 -0.1903627408 0)
(1.203235818 -0.2287681081 1.951145116e-21)
(1.154043012 -0.2475355388 2.21305638e-21)
(1.107013703 -0.2482705837 -1.519713649e-21)
(1.06583412 -0.2359605087 -7.293446869e-22)
(1.032393597 -0.2157451613 5.004940906e-22)
(1.00697316 -0.1920503623 -1.841257278e-22)
(0.9887170948 -0.1678277039 -9.574479461e-24)
(0.9763662752 -0.1448401816 1.367140524e-23)
(0.9685729949 -0.1239439365 -3.436082953e-23)
(0.964135004 -0.1054380727 0)
(0.962068615 -0.08930379289 0)
(0.9616172678 -0.07537508534 6.081279852e-24)
(0.9622313622 -0.06343439015 0)
(0.9635419684 -0.0532559339 -4.030127103e-23)
(0.9653292988 -0.04461973956 6.705702618e-23)
(0.9674799034 -0.03731452331 -2.776775319e-23)
(0.9699335983 -0.03114201433 0)
(0.9726321215 -0.02592650885 2.275427875e-23)
(0.97548616 -0.0215249071 -2.616598898e-24)
(0.9783712239 -0.01782982109 -1.904438054e-23)
(0.9811491889 -0.0147622905 1.105060479e-24)
(0.983700437 -0.01225706533 -6.898400903e-24)
(0.9859491322 -0.01024752827 4.492678626e-25)
(0.9878713674 -0.008657232989 1.102576322e-24)
(0.9894864916 -0.007401282723 5.34133975e-24)
(0.9908391885 -0.006395493766 -3.848161664e-24)
(0.991981227 -0.005567595531 4.364874531e-24)
(0.9929587761 -0.004864630404 3.205696341e-24)
(0.9938068924 -0.004253744007 -3.205616907e-24)
(0.9945496084 -0.003717469576 0)
(0.9952028187 -0.003247070912 4.122359327e-25)
(0.9957774146 -0.002836689172 7.955093618e-25)
(0.9962825793 -0.002480463202 0)
(0.9967265469 -0.002171659734 7.601444499e-25)
(0.9971166444 -0.001903628373 -8.973956378e-25)
(0.9974595367 -0.001670332359 1.656315451e-25)
(0.9977611374 -0.001466700249 4.398500276e-25)
(0.9980265909 -0.001288605303 6.302973343e-25)
(0.9982603386 -0.001132664682 5.013177061e-26)
(0.9984662277 -0.0009960307025 -5.013167039e-26)
(0.9986476154 -0.0008762490055 0)
(0.9988074481 -0.0007711815052 -3.034494671e-25)
(0.9989483164 -0.0006789643045 -2.37290209e-25)
(0.999072498 -0.000597977158 -5.716126079e-26)
(0.9991819931 -0.0005268142346 -1.814075947e-25)
(0.9992785588 -0.0004642560021 0)
(0.9993637384 -0.0004092433719 0)
(0.9994388901 -0.0003608514888 0)
(0.9995052091 -0.0003182727661 1.25596492e-25)
(0.9995637443 -0.0002808052403 1.042818206e-25)
(0.9996154254 -0.0002478351938 9.798503196e-26)
(0.9996610731 -0.0002188239578 5.511800862e-27)
(0.9997014033 -0.0001932972894 6.924891291e-26)
(0.9997370499 -0.0001708394314 6.561948015e-26)
(0.9997685763 -0.0001510900931 0)
(0.9997964792 -0.0001337332839 0)
(0.9998211963 -0.0001184905651 0)
(0.9998431154 -0.0001051181109 3.840548752e-26)
(0.9998625806 -9.340289686e-05 -1.047088572e-27)
(0.9998798968 -8.315868226e-05 -2.711893712e-26)
(0.9998953373 -7.422266709e-05 0)
(0.9999091368 -6.645389824e-05 -1.831091921e-26)
(0.9999215388 -5.972629194e-05 2.795002231e-26)
(0.9999326278 -5.394963786e-05 5.267294557e-29)
(0.999942991 -4.89494858e-05 -7.628769505e-27)
(0.9999510576 -4.50865446e-05 0)
(0.9999631419 -3.98998251e-05 0)
(1.309728374 0.09283719185 -2.305045134e-07)
(1.317812459 0.04330207011 2.019730456e-07)
(1.318289816 -0.009089775655 1.114365221e-07)
(1.310126135 -0.06183213393 -8.890116055e-22)
(1.289218473 -0.1118883319 9.724077886e-22)
(1.256058211 -0.1538645247 0)
(1.214426942 -0.1835208603 -2.690172768e-21)
(1.169550191 -0.199430093 6.480563332e-22)
(1.126110134 -0.202962048 1.991059554e-21)
(1.087339447 -0.1969814865 -5.919228144e-22)
(1.055060706 -0.1845171527 -3.351721027e-22)
(1.029539543 -0.1684444284 8.026916271e-23)
(1.010273546 -0.1508311864 -1.827040926e-23)
(0.996343562 -0.1331838418 2.850975495e-23)
(0.9866763686 -0.1163843148 5.872826413e-24)
(0.9802936697 -0.1009120714 0)
(0.9763689973 -0.08695642926 2.700712018e-23)
(0.9742454473 -0.07454912114 -2.426448411e-23)
(0.9734189543 -0.06364811876 0)
(0.9735112308 -0.05417349565 0)
(0.9742451097 -0.04601987725 2.787569199e-24)
(0.9754239273 -0.03905880322 -2.175190017e-23)
(0.9769119213 -0.03314137148 2.306566317e-23)
(0.9786134648 -0.02810910633 1.112655221e-24)
(0.9804528073 -0.02381318977 1.009149845e-24)
(0.9823590622 -0.02013352366 1.409489149e-23)
(0.9842605222 -0.0169870787 -1.600190255e-23)
(0.9860883011 -0.01432113211 -3.638493929e-25)
(0.9877850379 -0.01209615526 -5.260178263e-24)
(0.9893128879 -0.01026862552 5.314060104e-24)
(0.9906566839 -0.008782656182 -4.413217103e-24)
(0.9918213131 -0.007572893942 7.09905303e-25)
(0.9928250624 -0.006574463708 3.545531536e-24)
(0.9936918878 -0.005732988694 0)
(0.9944451946 -0.005009597318 0)
(0.9951044005 -0.004379968385 0)
(0.9956841614 -0.003829773568 -7.698177063e-26)
(0.9961949643 -0.003349747246 0)
(0.9966451051 -0.002932120259 7.667718133e-25)
(0.9970418708 -0.002569104435 -1.437688574e-24)
(0.9973914421 -0.002253333097 0)
(0.9976993945 -0.00197812481 0)
(0.9979707527 -0.001737734535 -1.168932533e-25)
(0.9982099601 -0.001527376525 1.168931317e-25)
(0.998420894 -0.001343076834 0)
(0.9986069293 -0.001181485957 -8.043308505e-26)
(0.9987710177 -0.001039729157 9.42784142e-27)
(0.9989157552 -0.0009153101419 3.96660618e-26)
(0.9990434325 -0.0008060524389 3.133903446e-26)
(0.9991560717 -0.0007100592792 -1.957162464e-25)
(0.9992554562 -0.0006256800574 0)
(0.9993431574 -0.0005514791295 0)
(0.9994205596 -0.0004862070753 1.675294199e-26)
(0.9994888817 -0.0004287745302 -3.151867522e-26)
(0.9995491984 -0.0003782314219 1.476573347e-26)
(0.9996024582 -0.0003337464427 0)
(0.9996494959 -0.0002945894587 -1.006748377e-26)
(0.9996910506 -0.0002601261342 1.006747627e-26)
(0.9997277778 -0.0002298002441 -6.537247487e-26)
(0.9997602509 -0.0002031195367 -4.845310232e-28)
(0.9997889749 -0.0001796520164 -3.39185536e-27)
(0.999814401 -0.0001590235344 -2.573785909e-27)
(0.9998369285 -0.0001409059747 2.57378283e-27)
(0.9998569092 -0.0001250103028 -1.915460754e-27)
(0.9998746553 -0.0001110834454 2.731941864e-27)
(0.999890444 -9.890443144e-05 -8.164823374e-28)
(0.9999045237 -8.82801139e-05 0)
(0.9999171082 -7.904312289e-05 4.603078053e-28)
(0.999928419 -7.104367506e-05 -1.410922323e-26)
(0.9999385331 -6.417462868e-05 1.307804985e-28)
(0.9999479858 -5.822863503e-05 -1.30780432e-28)
(0.999955344 -5.363480827e-05 1.081511017e-29)
(0.9999663678 -4.746639155e-05 -1.08282792e-29)
(1.267385266 0.07767352201 1.052664641e-06)
(1.276255305 0.0377455027 -5.408451167e-21)
(1.277559157 -0.002838161066 3.653232981e-21)
(1.270275321 -0.04450937789 -1.095237984e-22)
(1.253749619 -0.08417935923 2.512268498e-21)
(1.228282105 -0.1180220121 1.522594422e-21)
(1.196203917 -0.1432736718 -7.103396941e-22)
(1.161070983 -0.1589107857 -1.183418371e-21)
(1.126287891 -0.1654847171 9.341274144e-23)
(1.094385497 -0.1644043733 5.94077969e-22)
(1.066768627 -0.1576422312 0)
(1.043894962 -0.1471540806 0)
(1.025709426 -0.1345603257 -1.176831052e-22)
(1.011694306 -0.1211617091 1.180546471e-22)
(1.001226717 -0.1077943002 4.571242454e-23)
(0.9936875453 -0.09502291653 0)
(0.9884831169 -0.08316517083 0)
(0.9850881434 -0.07235694174 -4.079119611e-24)
(0.9830748369 -0.06264917781 1.66529567e-24)
(0.9821018784 -0.05404390136 0)
(0.9818938465 -0.04650480909 -1.841689388e-24)
(0.9822280659 -0.03996249219 -1.312387197e-24)
(0.9829303516 -0.0343197257 0)
(0.9838726535 -0.02946094474 -1.112425725e-24)
(0.98496665 -0.02526792857 -1.008959638e-24)
(0.9861523608 -0.02163749295 0)
(0.9873850789 -0.01849295707 1.198114218e-23)
(0.9886253154 -0.01578374655 -1.551432015e-23)
(0.9898348424 -0.01347454561 5.330650537e-24)
(0.9909786411 -0.01153128291 0)
(0.992029743 -0.009911926542 -3.399712452e-24)
(0.9929731535 -0.00856584092 3.417236755e-24)
(0.9938064215 -0.007439881637 2.612755205e-24)
(0.9945367668 -0.006486228578 -2.872462648e-24)
(0.9951764749 -0.005667494908 6.669654477e-26)
(0.9957386643 -0.004957486229 -2.959090736e-26)
(0.9962347284 -0.004338737432 -6.128537589e-26)
(0.9966734062 -0.003799147843 3.811685015e-25)
(0.9970614497 -0.003328997125 -9.794182901e-25)
(0.9974047226 -0.002919440119 5.088685281e-25)
(0.9977081701 -0.002562411687 0)
(0.9979762168 -0.002250756042 4.576587653e-25)
(0.9982129358 -0.001978250651 -1.030800888e-25)
(0.9984220086 -0.001739614653 4.611825906e-25)
(0.9986066959 -0.001530397782 0)
(0.9987698553 -0.001346826898 -2.799684224e-25)
(0.9989139902 -0.001185667179 0)
(0.9990413038 -0.00104411796 -5.551364605e-26)
(0.9991537453 -0.0009197402881 6.483922329e-27)
(0.999253044 -0.0008104057557 7.399925014e-26)
(0.9993407339 -0.0007142570061 -1.50806458e-25)
(0.9994181739 -0.0006296740365 1.686528949e-26)
(0.9994865658 -0.0005552440414 -1.987118832e-27)
(0.9995469713 -0.0004897338639 -1.48781679e-26)
(0.9996003281 -0.0004320657071 9.141451517e-26)
(0.9996474648 -0.0003812963971 1.017912227e-26)
(0.9996891137 -0.0003366005091 -1.017912074e-26)
(0.9997259209 -0.0002972525571 0)
(0.99975846 -0.000262618496 0)
(0.999787241 -0.0002321456153 0)
(0.999812709 -0.0002053422897 0)
(0.999835257 -0.0001817769442 0)
(0.9998552376 -0.000161076752 -1.984494665e-27)
(0.999872963 -0.0001429135867 1.984492609e-27)
(0.9998887092 -0.0001269987047 0)
(0.9999027206 -0.0001130798918 0)
(0.9999152171 -0.0001009369644 0)
(0.9999263877 -9.037905311e-05 0)
(0.9999364289 -8.123518972e-05 0)
(0.9999454084 -7.338307321e-05 1.16674602e-28)
(0.9999538014 -6.658579031e-05 -1.166745431e-28)
(0.999960335 -6.133407832e-05 0)
(0.9999701243 -5.428185895e-05 0)
(1.231925333 0.06738546438 -9.33092687e-22)
(1.239164364 0.0341518839 0)
(1.239999342 -0.0003171005772 -1.497751342e-21)
(1.234127082 -0.0343507212 -1.498888585e-22)
(1.221282301 -0.06622007752 -1.562898652e-21)
(1.201857968 -0.09371063979 0)
(1.17740962 -0.1149423695 -2.629672616e-22)
(1.150267795 -0.1290781317 2.499667744e-22)
(1.122783565 -0.1363351403 1.535130116e-22)
(1.096808097 -0.1376361814 1.748835213e-22)
(1.073497804 -0.1343058478 -5.081764402e-22)
(1.053450158 -0.1276393577 0)
(1.036795585 -0.1188452244 3.961990952e-22)
(1.023345593 -0.10889812 -1.915108669e-23)
(1.012778971 -0.09852514302 -4.553801616e-23)
(1.004705156 -0.08821093455 -3.263301385e-23)
(0.9987451408 -0.07833936248 4.908467472e-24)
(0.9944934535 -0.06911530473 1.329922216e-24)
(0.9915891553 -0.06064495172 -1.664917847e-24)
(0.9897372908 -0.05298177787 4.362743533e-25)
(0.988694807 -0.04613764749 -9.449751632e-25)
(0.988255616 -0.04008860461 0)
(0.9882481933 -0.0347815691 -1.154799283e-23)
(0.9885388063 -0.03014335287 1.154863666e-23)
(0.9890313645 -0.02609260331 0)
(0.9896610009 -0.02255275664 0)
(0.9903833748 -0.01946146022 2.427977802e-25)
(0.9911637846 -0.01677264065 3.664079373e-24)
(0.9919699781 -0.01445133117 -3.959031676e-24)
(0.9927704281 -0.0124653291 9.269739634e-26)
(0.9935369504 -0.0107788356 2.996777403e-24)
(0.9942486323 -0.009351071863 -2.985274633e-24)
(0.9948941434 -0.008139410389 2.392900013e-24)
(0.9954711854 -0.007104221721 -4.260308035e-24)
(0.9959837272 -0.006212534508 1.867615853e-25)
(0.9964386275 -0.005439136589 1.860346797e-24)
(0.9968430186 -0.004765480771 1.072298047e-26)
(0.9972029436 -0.004177747722 1.526457746e-25)
(0.9975231041 -0.003664851041 0)
(0.9978077207 -0.003217133671 -7.345578917e-25)
(0.9980604387 -0.002825967718 2.523676601e-25)
(0.9982845066 -0.002483898369 -4.576517585e-25)
(0.9984829875 -0.002184418406 -8.766384046e-26)
(0.9986587315 -0.001921923852 -1.928461713e-25)
(0.9988143259 -0.001691617608 -7.758803939e-26)
(0.9989520729 -0.001489392379 2.799656834e-25)
(0.9990740002 -0.001311717566 0)
(0.9991818946 -0.001155541556 1.829941337e-25)
(0.999277339 -0.001018212793 2.038417383e-25)
(0.9993617435 -0.0008974184041 -1.436677093e-26)
(0.9994363674 -0.000791136665 1.508055701e-25)
(0.9995023346 -0.0006975990422 -2.893867704e-26)
(0.9995606452 -0.0006152584335 1.616655885e-26)
(0.999612187 -0.0005427613168 1.277213218e-26)
(0.9996577466 -0.0004789231359 -1.683295489e-25)
(0.9996980205 -0.0004227066157 8.751740349e-27)
(0.9997336254 -0.0003732025036 -8.751741492e-27)
(0.9997651081 -0.0003296134787 0)
(0.9997929511 -0.0002912384334 -4.615865223e-26)
(0.9998175848 -0.0002574646291 -4.567372176e-26)
(0.9998393934 -0.0002277572655 9.742530422e-27)
(0.9998587095 -0.0002016346828 -2.565805175e-27)
(0.9998758289 -0.0001786846141 -1.975656551e-27)
(0.9998910195 -0.0001585450413 1.471900083e-27)
(0.9999045173 -0.0001408968929 -2.165095178e-28)
(0.9999165307 -0.0001254608536 -1.97414359e-28)
(0.9999272469 -0.0001119931686 1.30177601e-26)
(0.9999368276 -0.0001002826226 0)
(0.9999454408 -9.013991828e-05 0)
(0.9999531442 -8.142961875e-05 0)
(0.9999603453 -7.388905595e-05 -6.472457021e-29)
(0.9999659513 -6.806284933e-05 6.472453764e-29)
(0.9999743519 -6.023866996e-05 0)
(1.202526909 0.05776447734 -6.498147654e-22)
(1.208673792 0.03032603978 0)
(1.209491095 0.002083511295 2.490737043e-21)
(1.204922205 -0.02563807919 -2.497533923e-21)
(1.194946532 -0.0515287319 1.098729859e-21)
(1.179956134 -0.07409248664 1.538450273e-21)
(1.161046527 -0.0920702573 -7.11128584e-22)
(1.139786405 -0.1048076766 4.548833545e-22)
(1.117826308 -0.1123515379 -1.329542941e-22)
(1.096557896 -0.115240934 1.781279044e-22)
(1.07694853 -0.1142968269 0)
(1.059569812 -0.1104164666 2.879562264e-22)
(1.044642406 -0.1044838579 -5.137750106e-22)
(1.032168714 -0.09723497065 -1.514535882e-22)
(1.021952835 -0.08930830084 -2.606964839e-22)
(1.013785221 -0.08109163402 2.011006979e-22)
(1.007443528 -0.07296098098 2.374957283e-24)
(1.002646151 -0.06517319057 0)
(0.9991043579 -0.05787218402 0)
(0.996571026 -0.05114065946 3.833129358e-24)
(0.9948405729 -0.04501780924 -4.269858444e-24)
(0.9937362903 -0.03951030213 6.631594934e-24)
(0.9931062079 -0.03459804779 -6.632147214e-24)
(0.9928261255 -0.0302411303 -7.080092359e-24)
(0.9928011812 -0.02638890717 7.246189772e-24)
(0.9929625252 -0.02298940568 0)
(0.9932603317 -0.01999627481 -2.427664101e-25)
(0.9936559755 -0.01737126884 5.770695321e-24)
(0.9941160677 -0.01508233737 -8.424980229e-24)
(0.9946099162 -0.01309949809 2.561522093e-24)
(0.9951102012 -0.01139136653 -3.019397869e-26)
(0.9955951576 -0.009924205909 -2.75471584e-26)
(0.9960502416 -0.008663518692 0)
(0.9964681234 -0.007576799267 -3.024588163e-26)
(0.9968471031 -0.006635822646 -1.466570934e-24)
(0.9971888504 -0.005817567083 1.439558827e-24)
(0.9974963889 -0.005103817344 -1.072248248e-26)
(0.9977728899 -0.004480144941 -1.525924109e-25)
(0.9980208892 -0.003934850361 0)
(0.998242943 -0.003457863323 4.821816005e-25)
(0.9984413976 -0.003040168986 1.800732974e-25)
(0.9986183387 -0.002674169583 -1.800741079e-25)
(0.9987757936 -0.002353244668 -1.210565502e-25)
(0.9989157306 -0.002071636364 -4.382938356e-25)
(0.9990400114 -0.001824345039 6.290139567e-26)
(0.9991503426 -0.001607037522 -1.344973361e-25)
(0.9992482545 -0.001415963522 -2.124492878e-25)
(0.9993351058 -0.001247876667 -1.829926129e-25)
(0.9994121039 -0.001099960493 -1.961427998e-25)
(0.9994803277 -0.0009697623405 1.774125195e-25)
(0.9995407464 -0.000855138047 2.681543009e-26)
(0.999594232 -0.0007542080249 -2.681545574e-26)
(0.9996415674 -0.0006653228298 0)
(0.9996834527 -0.0005870351521 0)
(0.9997205116 -0.0005180756466 1.567285298e-26)
(0.9997532989 -0.0004573312537 7.189934304e-27)
(0.9997823071 -0.0004038256407 -5.48247717e-26)
(0.9998079738 -0.0003567017894 0)
(0.9998306875 -0.0003152075929 4.615849444e-26)
(0.9998507914 -0.000278679768 4.047253394e-26)
(0.9998685995 -0.0002465404665 0)
(0.9998843821 -0.0002182828428 0)
(0.9998983724 -0.0001934526136 -1.410721685e-27)
(0.9999107898 -0.0001716591564 1.410720212e-27)
(0.9999218272 -0.0001525596509 0)
(0.9999316538 -0.0001358526956 0)
(0.9999404215 -0.0001212748951 -2.536968004e-26)
(0.9999482617 -0.0001085980997 0)
(0.9999553116 -9.761780712e-05 7.368727837e-27)
(0.9999616178 -8.818768229e-05 0)
(0.9999675137 -8.002351662e-05 -5.356361647e-29)
(0.999972104 -7.371522331e-05 -2.155667421e-27)
(0.9999789835 -6.524304687e-05 1.381692169e-29)
(1.178465572 0.04972934928 2.314345643e-22)
(1.183735383 0.02724162454 0)
(1.184583247 0.004054992231 1.045868939e-21)
(1.181078221 -0.01879481781 -1.048328426e-21)
(1.173293267 -0.04015967904 -1.061406058e-21)
(1.16160521 -0.058968476 -1.998071941e-21)
(1.146805453 -0.07432565434 -8.0238467e-22)
(1.129992064 -0.08572538072 7.491736042e-22)
(1.112333865 -0.093124684 -3.477162348e-22)
(1.09486964 -0.09683387004 1.367322876e-22)
(1.078382338 -0.09737936709 1.933475885e-22)
(1.063382596 -0.09538699073 -2.361310153e-22)
(1.050138566 -0.09149873778 1.161176321e-22)
(1.038740692 -0.08629620918 -6.370289714e-23)
(1.029112499 -0.08030442344 2.604884546e-22)
(1.021143764 -0.07386816057 -4.072482367e-22)
(1.014690761 -0.06726913039 0)
(1.00958411 -0.06077608185 0)
(1.005616142 -0.05455357175 0)
(1.002593648 -0.04870965222 0)
(1.000342542 -0.04330078495 9.810474545e-26)
(0.9987109311 -0.03835265511 -1.822172502e-24)
(0.997568286 -0.03386929957 -9.649823332e-25)
(0.996805728 -0.0298367385 6.123854629e-24)
(0.9963359716 -0.02622838306 -3.48296669e-24)
(0.9960911081 -0.02301199631 3.789998931e-24)
(0.9960185463 -0.02015538601 -7.379456811e-27)
(0.9960763215 -0.01762907578 -3.745266876e-24)
(0.9962291283 -0.01540611055 -1.721335671e-24)
(0.9964461222 -0.01346036779 1.721374888e-24)
(0.9967006432 -0.01176498966 -1.464693537e-24)
(0.9969710444 -0.0102919977 2.896782951e-24)
(0.997241451 -0.009013216395 -1.374347059e-24)
(0.9975016778 -0.007901867167 0)
(0.9977462368 -0.006933979514 0)
(0.9979728837 -0.006089078077 0)
(0.9981812262 -0.005350105518 0)
(0.9983717542 -0.004702888084 -7.500613997e-25)
(0.9985451036 -0.004135747224 7.508592148e-25)
(0.9987021073 -0.00363854154 2.596061031e-25)
(0.9988439275 -0.003202177784 3.6667511e-25)
(0.9989715507 -0.002819019075 -1.340405102e-25)
(0.9990859984 -0.002482459397 2.629134485e-25)
(0.9991883546 -0.00218672357 2.335285793e-25)
(0.9992797249 -0.001926748342 0)
(0.9993611854 -0.001698096049 1.465525093e-25)
(0.9994337458 -0.001496889419 2.335326845e-25)
(0.999498329 -0.001319753554 -6.254192033e-26)
(0.9995557676 -0.001163756114 2.939989341e-26)
(0.9996068096 -0.001026345492 0)
(0.99965213 -0.0009052927224 7.264396282e-26)
(0.9996923404 -0.0007986426236 1.810802119e-26)
(0.9997279953 -0.0007046757822 -7.514267785e-26)
(0.9997595965 -0.0006218792874 0)
(0.9997875961 -0.0005489228321 6.124191755e-26)
(0.9998123994 -0.0004846376648 3.945604126e-26)
(0.9998343685 -0.0004279973356 4.763463485e-26)
(0.9998538266 -0.0003781001153 -4.282673604e-27)
(0.9998710621 -0.0003341535416 5.193204867e-28)
(0.9998863307 -0.0002954605596 7.06303881e-27)
(0.9998998595 -0.0002614062484 -3.299683155e-27)
(0.9999118576 -0.0002314623292 0)
(0.9999225047 -0.0002051493615 0)
(0.9999319574 -0.0001820506578 0)
(0.9999403626 -0.000161804248 -8.010521214e-28)
(0.999947849 -0.0001440924078 1.476866791e-27)
(0.9999545312 -0.0001286364531 1.061813348e-26)
(0.9999605083 -0.000115194913 0)
(0.9999658844 -0.0001035514017 -7.368712161e-27)
(0.9999706946 -9.355108527e-05 -4.261768931e-27)
(0.9999751928 -8.489276477e-05 1.293371391e-28)
(0.9999786954 -7.820234596e-05 3.825450149e-27)
(0.999983946 -6.921629401e-05 0)
(1.158652277 0.04310648631 2.882094832e-24)
(1.163152206 0.02454833345 0)
(1.164040128 0.005331324546 8.864082392e-22)
(1.161371467 -0.01364464366 -1.710235063e-21)
(1.155306647 -0.03141821452 9.716152243e-23)
(1.146160778 -0.04718880879 7.64258157e-23)
(1.134488723 -0.06031152971 4.58691459e-23)
(1.121074742 -0.07041122435 4.145317971e-23)
(1.10676946 -0.07740583266 5.864428124e-22)
(1.092354474 -0.0814740209 -2.717198743e-22)
(1.078459141 -0.0829562481 -2.4138994e-22)
(1.065529334 -0.08227976882 7.831454988e-23)
(1.053840135 -0.07990213126 1.547311408e-22)
(1.043527374 -0.07626486291 -5.231833913e-23)
(1.034605064 -0.07178015166 1.050979258e-22)
(1.027011476 -0.06678072308 8.391831814e-23)
(1.020672778 -0.06149436754 0)
(1.015452398 -0.056152502 1.61728719e-22)
(1.011219257 -0.05090167344 2.130081643e-23)
(1.00785347 -0.04586852649 -1.0263419e-23)
(1.005219539 -0.04113357009 -9.808374079e-26)
(1.003185118 -0.03673606021 3.528427863e-26)
(1.001635712 -0.03269366215 -1.187884235e-24)
(1.000476944 -0.0290095822 1.163400691e-24)
(0.999631666 -0.02567479719 -2.966551909e-26)
(0.9990365862 -0.02267238667 1.028626356e-24)
(0.9986397756 -0.01998198761 -1.066225358e-24)
(0.9983984353 -0.01758250748 1.520718482e-24)
(0.9982766505 -0.01545289375 -7.220441562e-25)
(0.9982437195 -0.01357178806 -8.002795898e-25)
(0.9982735049 -0.01191704299 6.759652864e-27)
(0.9983445405 -0.01046573981 -7.627851704e-25)
(0.9984402259 -0.009194847379 7.557696607e-25)
(0.9985486109 -0.008082240883 -6.658718732e-25)
(0.9986616858 -0.007107635004 6.658802408e-25)
(0.9987744047 -0.006253110197 0)
(0.9988837259 -0.0055031761 -5.760820405e-27)
(0.9989878809 -0.004844535902 4.690908878e-25)
(0.9990857711 -0.004265919657 -4.694292833e-25)
(0.999176785 -0.003757449475 -2.052695792e-26)
(0.9992608376 -0.003310277697 -4.58733949e-25)
(0.9993379299 -0.002916818781 -1.179381847e-25)
(0.9994081831 -0.002570570632 1.065053055e-25)
(0.9994718528 -0.002265835741 0)
(0.9995293008 -0.00199759922 1.417038722e-25)
(0.9995809611 -0.001761435172 -5.983475132e-27)
(0.9996273055 -0.001553442316 1.969718446e-26)
(0.9996688113 -0.001370196636 -1.964924023e-26)
(0.9997059349 -0.001208705982 1.964929993e-26)
(0.9997390988 -0.00106635989 -1.553809366e-26)
(0.9997686878 -0.0009408772324 -4.330464275e-26)
(0.9997950532 -0.0008302578525 -2.604863634e-26)
(0.9998185177 -0.0007327423697 8.014339127e-26)
(0.9998393792 -0.0006467805701 -4.174612594e-26)
(0.9998579119 -0.0005710063366 -1.889084232e-26)
(0.9998743665 -0.000504216605 -7.227214074e-26)
(0.9998889704 -0.0004453526862 0)
(0.9999019287 -0.0003934833195 0)
(0.9999134254 -0.0003477892931 0)
(0.9999236256 -0.0003075504479 -2.267122598e-27)
(0.9999326742 -0.000272131917 2.818824126e-28)
(0.9999407058 -0.0002409763126 -1.110515992e-26)
(0.9999478419 -0.000213596213 3.234826338e-27)
(0.9999541847 -0.0001895591226 7.071849575e-27)
(0.9999598284 -0.0001684877251 -7.928536189e-27)
(0.9999648587 -0.0001500522181 6.831469552e-27)
(0.9999693517 -0.0001339633663 -5.268099388e-27)
(0.9999733729 -0.0001199702859 0)
(0.9999769916 -0.0001078481106 -3.455783925e-27)
(0.9999802307 -9.743601005e-05 4.132421934e-27)
(0.9999832611 -8.842061276e-05 -1.835477517e-27)
(0.9999856212 -8.14539482e-05 -1.630019986e-27)
(0.9999891607 -7.209613688e-05 0)
(1.142206835 0.03747648755 1.757065445e-22)
(1.14608332 0.02208257821 0)
(1.147017569 0.00612168605 -1.869949316e-21)
(1.14504005 -0.009647391964 3.046074565e-21)
(1.14032878 -0.02450891314 6.962187734e-22)
(1.133120616 -0.03780064816 7.649978275e-22)
(1.1238286 -0.04905314275 -6.263066515e-22)
(1.113026296 -0.05796889597 0)
(1.101347899 -0.06445606673 0)
(1.089387276 -0.06860793778 -5.659534802e-23)
(1.077645876 -0.07064270074 5.119923598e-23)
(1.066503801 -0.0708524832 0)
(1.056219091 -0.06956592233 0)
(1.046944195 -0.06711593474 1.18565014e-22)
(1.038743875 -0.06381846906 -7.139980114e-23)
(1.03160997 -0.05995682595 -1.941054932e-23)
(1.02549885 -0.05575099627 -1.356227901e-22)
(1.020317867 -0.05139792778 -5.792848542e-23)
(1.015981694 -0.04702889187 1.884085977e-22)
(1.012403107 -0.04274409899 -4.225301456e-23)
(1.009497565 -0.03863675263 -8.870878228e-24)
(1.00716379 -0.03476618945 1.122419304e-23)
(1.005301197 -0.03116092105 2.25738327e-25)
(1.003826406 -0.02783483616 -8.614818472e-26)
(1.002671636 -0.02479011956 -3.05380434e-28)
(1.001780024 -0.02202129521 4.885053718e-26)
(1.001103028 -0.01951794843 3.611284996e-26)
(1.000599396 -0.01726665673 2.80091587e-26)
(1.000234104 -0.01525217798 -1.904806217e-26)
(0.9999772537 -0.0134579897 -1.786833275e-26)
(0.9998034102 -0.0118665083 1.110977448e-26)
(0.9996914176 -0.01045935633 1.511554403e-25)
(0.9996243274 -0.009217884003 -3.228305852e-25)
(0.9995891156 -0.008123886941 -1.692916462e-26)
(0.9995761272 -0.007160289896 1.926701558e-25)
(0.9995783769 -0.006311589743 0)
(0.9995908634 -0.005564000764 5.760568488e-27)
(0.9996100149 -0.004905378079 0)
(0.9996332425 -0.004325179083 4.953980671e-26)
(0.999658623 -0.003814135557 -2.275540338e-25)
(0.999684943 -0.003363810469 1.709366695e-25)
(0.999711281 -0.002966796541 1.179364001e-25)
(0.9997369571 -0.002616776706 -1.065038398e-25)
(0.9997614867 -0.002308201602 0)
(0.9997845492 -0.002036181787 -5.995014529e-26)
(0.9998059661 -0.00179639216 -3.964329528e-27)
(0.9998256765 -0.001585000188 -8.992739794e-26)
(0.9998437042 -0.001398615732 0)
(0.9998601237 -0.00123425124 0)
(0.9998750312 -0.001089283125 2.382516153e-26)
(0.999888527 -0.000961411269 -8.122783689e-28)
(0.999900709 -0.0008486181738 -6.953464716e-27)
(0.9999116727 -0.0007491308316 -5.551399243e-27)
(0.9999215131 -0.0006613876388 4.138644943e-26)
(0.9999303253 -0.0005840110763 2.68671791e-26)
(0.999938203 -0.0005157854507 1.988940126e-26)
(0.9999452362 -0.0004556383478 0)
(0.9999515094 -0.0004026245269 0)
(0.9999571007 -0.0003559114997 -6.300428216e-27)
(0.9999620815 -0.0003147664166 0)
(0.999966516 -0.0002785447398 1.056539137e-27)
(0.9999704654 -0.0002466760331 1.12272475e-26)
(0.9999739846 -0.0002186634709 -1.192925985e-28)
(0.99997712 -0.0001940690388 -8.683349824e-27)
(0.9999799162 -0.0001725069832 6.676991991e-27)
(0.9999824137 -0.0001536400515 -8.784607087e-27)
(0.9999846485 -0.0001371731717 5.268084287e-27)
(0.9999866518 -0.0001228501336 0)
(0.9999884573 -0.0001104411579 3.455774455e-27)
(0.9999900753 -9.978199307e-05 0)
(0.9999915909 -9.055208474e-05 1.851420081e-27)
(0.9999927719 -8.341930864e-05 -2.004324637e-29)
(0.9999945452 -7.383760654e-05 -1.717769238e-28)
(1.128485714 0.0326987501 -6.805739646e-23)
(1.131865731 0.01987741471 -8.728217635e-23)
(1.132841858 0.006566284046 -1.430132439e-22)
(1.13141988 -0.006622703257 5.96333765e-22)
(1.127733269 -0.01911443887 -1.34836751e-21)
(1.122011687 -0.0303746124 0)
(1.114566122 -0.04003697363 6.262185177e-22)
(1.105807776 -0.04787186757 2.590691109e-22)
(1.096211376 -0.05379307334 2.591998141e-22)
(1.086236999 -0.0578392114 -1.482910516e-22)
(1.076283341 -0.06015108529 3.828567514e-22)
(1.066670723 -0.06092969181 -1.779493882e-22)
(1.057632653 -0.06041136865 -8.711764943e-24)
(1.049322697 -0.05884606303 -1.456370183e-23)
(1.041826619 -0.05647854293 1.017810763e-22)
(1.035173053 -0.05353544753 -1.442721116e-22)
(1.029349769 -0.05021063135 1.052341153e-22)
(1.024308591 -0.04667329486 2.861016771e-23)
(1.0199839 -0.04305660714 -2.510190622e-22)
(1.016311642 -0.03944909305 0)
(1.013232378 -0.03591981306 -3.131309321e-23)
(1.010679885 -0.03254166896 -2.785859363e-23)
(1.008575913 -0.02935350436 -2.255895925e-25)
(1.006851455 -0.02638001374 6.391862833e-24)
(1.005445997 -0.02363026438 -6.519804508e-24)
(1.004307652 -0.02110542539 -4.884552195e-26)
(1.003392044 -0.01880236746 -3.620737236e-26)
(1.002661118 -0.01671432996 2.273638527e-24)
(1.002082076 -0.01483148408 -2.302491773e-24)
(1.001626507 -0.01314181486 7.555342163e-26)
(1.001269955 -0.01163187178 -6.169805838e-26)
(1.000991775 -0.0102872619 0)
(1.000775001 -0.0090931006 3.613273124e-27)
(1.000606036 -0.008034550023 0)
(1.000474197 -0.00709735973 -2.128085988e-25)
(1.000371197 -0.006268265854 2.238148476e-25)
(1.000290638 -0.005535189501 9.670882719e-27)
(1.000227575 -0.004887262221 8.990245551e-26)
(1.000178198 -0.004314839871 -1.039025415e-25)
(1.000139465 -0.003809456717 -9.019968334e-26)
(1.000109147 -0.003363252668 0)
(1.000085453 -0.00296912995 -6.373462271e-26)
(1.000066978 -0.002621048698 6.097267397e-27)
(1.000052583 -0.002313676344 -1.626763639e-27)
(1.000041349 -0.002042304883 -4.621544175e-26)
(1.000032549 -0.001802767268 -2.131476607e-26)
(1.000025623 -0.00159136455 5.078062526e-26)
(1.000020152 -0.001404808849 -2.370535068e-26)
(1.000015826 -0.001240180583 2.02208555e-26)
(1.00001241 -0.00109489503 -3.332662595e-26)
(1.000009725 -0.0009666724795 -2.619055168e-29)
(1.00000762 -0.000853507878 -1.259528422e-26)
(1.000005975 -0.0007536390418 1.079943909e-26)
(1.000004689 -0.0006655152564 9.243496521e-27)
(1.000003682 -0.0005877689034 7.913547599e-27)
(1.000002891 -0.0005191917501 -2.558041018e-28)
(1.00000227 -0.0004587158683 5.163130917e-28)
(1.00000178 -0.0004053979859 -2.605089337e-28)
(1.000001395 -0.0003584058831 6.30040036e-27)
(1.000001091 -0.0003170061107 0)
(1.000000852 -0.0002805525314 0)
(1.000000663 -0.000248474708 0)
(1.000000515 -0.0002202753241 -2.220332893e-27)
(1.000000399 -0.0001955135133 -1.868147442e-27)
(1.000000307 -0.0001738018406 -8.050201811e-29)
(1.000000235 -0.0001548018653 2.552105602e-27)
(1.000000179 -0.0001382173035 3.563621386e-29)
(1.000000135 -0.0001237906651 -8.688128668e-28)
(1.0000001 -0.0001112909458 3.660098514e-29)
(1.000000073 -0.0001005530834 4.72630555e-28)
(1.00000005 -9.125441575e-05 2.687648058e-30)
(1.000000034 -8.406814302e-05 -1.783389734e-28)
(1.000000015 -7.441379947e-05 8.581064963e-29)
(1.116984374 0.02858306325 -2.747759826e-23)
(1.119966641 0.01785979399 -1.465253029e-22)
(1.120969678 0.006703560587 1.384305608e-22)
(1.119987394 -0.004363859962 0)
(1.117117204 -0.01486795905 -5.596394787e-22)
(1.112562694 -0.02442167952 5.605657621e-22)
(1.106554331 -0.03270944503 0)
(1.099397461 -0.03956402094 -5.180918815e-22)
(1.091454592 -0.04490138369 0)
(1.083087113 -0.04873063732 0)
(1.074612357 -0.05114012187 0)
(1.066297664 -0.0522663726 9.787769513e-24)
(1.058349639 -0.05227881692 8.712519007e-24)
(1.050914845 -0.05136452417 0)
(1.044086805 -0.0497134488 0)
(1.037913616 -0.0475065065 4.238625476e-23)
(1.03240711 -0.04490582352 -3.96444458e-23)
(1.027551319 -0.04205256398 -2.870792909e-23)
(1.023307849 -0.03906854966 1.073691501e-22)
(1.019625449 -0.03604784491 0)
(1.016465405 -0.0330482133 -3.176911251e-23)
(1.013767431 -0.03013523077 8.834684792e-23)
(1.011478989 -0.02734373539 1.078322926e-23)
(1.009556149 -0.02470786241 -1.97424748e-23)
(1.007949066 -0.02224751131 8.858517636e-24)
(1.006608946 -0.0199689943 0)
(1.005493888 -0.017873233 2.026449847e-25)
(1.004569091 -0.01595819946 4.485850399e-24)
(1.003804843 -0.01421864809 -4.437956336e-24)
(1.003174933 -0.01264664601 -7.55480243e-26)
(1.002656253 -0.01123241632 -4.094811611e-26)
(1.002228918 -0.009964988907 -1.020428492e-24)
(1.001876242 -0.008832681956 9.463900484e-25)
(1.001584449 -0.007823558895 0)
(1.001342287 -0.006925868649 0)
(1.001140636 -0.006128400789 -5.294471944e-25)
(1.000972134 -0.005420712014 5.081386288e-25)
(1.000830831 -0.00479322586 3.999759598e-25)
(1.000711961 -0.00423724496 -4.042715203e-25)
(1.000611581 -0.003745205126 9.019821485e-26)
(1.000526594 -0.003309945901 1.759395358e-25)
(1.000454414 -0.002924786263 1.31792698e-26)
(1.000392972 -0.002584054465 9.407665815e-26)
(1.00034054 -0.002282708573 -8.105113432e-26)
(1.000295672 -0.002016274741 1.084697991e-25)
(1.000257161 -0.001780784321 -1.192359965e-25)
(1.000224001 -0.001572711491 -2.782664644e-26)
(1.000195361 -0.001388916144 8.962025415e-26)
(1.000170562 -0.001226597696 -7.770798058e-26)
(1.000149045 -0.001083261188 3.309350775e-26)
(1.00013035 -0.0009566917866 -1.582640946e-26)
(1.000114089 -0.0008449317218 5.08439034e-26)
(1.000099932 -0.0007462556677 2.257298458e-26)
(1.000087592 -0.0006591442041 -3.838071994e-26)
(1.000076822 -0.000582257574 -7.913503415e-27)
(1.000067409 -0.000514412258 -3.400102263e-27)
(1.000059169 -0.0004545615409 -1.891636028e-26)
(1.000051946 -0.0004017797193 -1.392584847e-26)
(1.000045607 -0.0003552487461 2.219282203e-27)
(1.000040037 -0.0003142466743 -2.219284954e-27)
(1.000035138 -0.0002781366204 0)
(1.000030822 -0.0002463561485 0)
(1.000027015 -0.0002184138842 2.220324037e-27)
(1.000023654 -0.0001938745658 1.350068222e-27)
(1.00002068 -0.0001723554767 9.550883108e-28)
(1.000018043 -0.0001535221123 -4.370162917e-28)
(1.000015699 -0.0001370814102 -1.494313327e-28)
(1.00001361 -0.0001227786682 -2.30830418e-27)
(1.000011737 -0.0001103853346 -1.196227072e-28)
(1.000010065 -9.973812271e-05 1.548348673e-27)
(1.000008506 -9.051734344e-05 -1.387671115e-27)
(1.000007294 -8.339090855e-05 9.417695619e-28)
(1.000005482 -7.381618829e-05 8.456062261e-29)
(1.10731334 0.02498751561 5.848649829e-23)
(1.109983894 0.01599716456 -1.133493222e-22)
(1.111009576 0.006628430518 -5.808875598e-23)
(1.110378723 -0.002671648698 -3.710387917e-22)
(1.108160075 -0.01153011597 4.992698544e-22)
(1.104507536 -0.01964422445 2.182484467e-22)
(1.099619429 -0.02675040601 0)
(1.09373022 -0.03271969571 2.159128447e-22)
(1.087112762 -0.03747784125 -1.683965496e-23)
(1.080050229 -0.04102133168 -1.764102244e-22)
(1.072798828 -0.04340238439 5.24210548e-24)
(1.065580977 -0.04471310506 1.350091426e-22)
(1.058577018 -0.04507472709 -1.735035973e-23)
(1.051922637 -0.04462686176 -2.386838769e-22)
(1.045712255 -0.04351628116 1.112458468e-22)
(1.040003912 -0.04188695345 -2.741917363e-24)
(1.034824985 -0.03987217632 3.561540906e-23)
(1.030178807 -0.03759024771 -3.561542097e-23)
(1.026050422 -0.0351439325 -1.331477493e-23)
(1.022409193 -0.03262069684 0)
(1.019222615 -0.03008339495 0)
(1.016443287 -0.02759109742 -7.231613193e-23)
(1.014033766 -0.02517781026 -1.235302011e-22)
(1.011959719 -0.02286734271 4.168927744e-23)
(1.010189596 -0.02068623846 1.154991947e-23)
(1.008684108 -0.01865006649 0)
(1.007403613 -0.01676345989 -7.077352896e-24)
(1.006315447 -0.01502726702 1.255204345e-23)
(1.005392557 -0.013439111 -5.703856066e-24)
(1.004611173 -0.01199438147 0)
(1.00394994 -0.01068663101 2.433582018e-25)
(1.003390055 -0.009507906594 1.212974505e-25)
(1.002915366 -0.008449230967 1.41193081e-24)
(1.002512184 -0.007501115755 -1.337907118e-24)
(1.002169004 -0.006653983646 0)
(1.001876214 -0.005898482851 -7.886042025e-25)
(1.001625818 -0.005225711785 8.566340088e-25)
(1.001411163 -0.004627357005 -6.842181661e-26)
(1.001226741 -0.004095746212 -1.529561014e-26)
(1.001067969 -0.003624126256 0)
(1.000930957 -0.003206096319 -1.759370699e-25)
(1.000812496 -0.002835537961 0)
(1.000709904 -0.002507201916 7.994017066e-26)
(1.000620915 -0.002216404294 -1.919199966e-25)
(1.000543612 -0.001958957215 -6.974123333e-26)
(1.00047636 -0.001731128998 2.260467413e-25)
(1.000417762 -0.001529597375 1.219478056e-25)
(1.000366621 -0.001351400368 -2.523970601e-26)
(1.000321917 -0.001193892181 1.681176554e-26)
(1.000282787 -0.001054708358 0)
(1.000248501 -0.0009317396326 0)
(1.000218439 -0.0008231108483 3.682540057e-26)
(1.000192068 -0.0007271610555 -4.5302698e-26)
(1.000168925 -0.0006424228225 2.91371041e-26)
(1.000148603 -0.0005676009209 0)
(1.000130746 -0.0005015517257 -4.421328893e-26)
(1.000115042 -0.000443264604 2.024652837e-26)
(1.00010122 -0.0003918458365 2.831799718e-26)
(1.000089042 -0.0003465049459 -3.020852009e-26)
(1.000078306 -0.0003065432352 0)
(1.000068834 -0.0002713434328 -1.710744165e-26)
(1.000060467 -0.0002403593213 -1.810809771e-26)
(1.000053068 -0.0002131131285 -1.304420119e-27)
(1.000046519 -0.0001891819795 1.454981016e-26)
(1.000040713 -0.0001681939375 -1.146003617e-26)
(1.000035556 -0.0001498235839 7.930548643e-28)
(1.000030963 -0.0001337855038 -1.119956727e-27)
(1.000026863 -0.0001198317907 3.746999631e-27)
(1.000023183 -0.0001077399614 -4.701221326e-27)
(1.000019895 -9.735105636e-05 -2.031513569e-27)
(1.000016825 -8.835338348e-05 1.408830624e-27)
(1.000014437 -8.139903799e-05 5.917435984e-28)
(1.000010862 -7.205479805e-05 0)
(1.099172153 0.0217934488 4.786600906e-23)
(1.101600613 0.0142525941 0)
(1.10264342 0.006381002772 1.094826319e-22)
(1.102288386 -0.001444631606 2.310925571e-22)
(1.100584605 -0.008919277791 3.329861263e-22)
(1.097646531 -0.0157886382 -1.346734647e-21)
(1.093645745 -0.02185827301 2.575531822e-23)
(1.08876479 -0.02702277408 0)
(1.08321134 -0.03122180978 0)
(1.077207777 -0.03444223701 -1.938828585e-22)
(1.070964801 -0.03671059818 3.205965261e-22)
(1.064667533 -0.03808922457 -1.555754321e-22)
(1.058472354 -0.03866501442 1.252742695e-22)
(1.052502711 -0.03854198185 4.334719773e-25)
(1.046849979 -0.03783306633 -2.088736402e-22)
(1.041576464 -0.03665217975 9.78155369e-23)
(1.036719068 -0.03510771509 0)
(1.032293641 -0.03329832951 0)
(1.028299732 -0.03131093272 0)
(1.024723788 -0.02922067815 -2.425879959e-23)
(1.021544452 -0.0270881314 2.424592165e-23)
(1.018731116 -0.0249661474 7.267146381e-23)
(1.016250319 -0.02289475471 1.934128966e-22)
(1.014074085 -0.02089586457 -5.267292309e-23)
(1.012178819 -0.01898480459 0)
(1.010538143 -0.01718441058 -3.264305648e-23)
(1.009119454 -0.01550368554 4.920234069e-24)
(1.007894403 -0.01394764193 0)
(1.006837584 -0.01251577296 -2.705198011e-24)
(1.005926578 -0.01120525725 3.170537249e-24)
(1.005141625 -0.01001212811 2.105434899e-25)
(1.004465311 -0.008931037355 -1.212912716e-25)
(1.00388233 -0.007955356252 1.786366804e-24)
(1.003379333 -0.007077681642 -1.78643449e-24)
(1.002944809 -0.006290312814 -1.01215249e-25)
(1.002568928 -0.005585562056 -1.244466677e-24)
(1.002243324 -0.00495595919 2.279485314e-24)
(1.001960879 -0.004394395393 -9.744184501e-25)
(1.001715556 -0.003894206368 4.470840109e-26)
(1.001502228 -0.003449432436 0)
(1.001316474 -0.003054395489 1.4972076e-25)
(1.0011545 -0.002703646336 -1.4972281e-25)
(1.001013091 -0.002392386405 -1.148151435e-25)
(1.000889519 -0.002116342145 6.425051417e-25)
(1.000781445 -0.001871660711 -1.88852278e-25)
(1.000686851 -0.001654887066 -5.099269731e-26)
(1.000603989 -0.0014629321 -1.898421506e-25)
(1.000531339 -0.001293036229 6.789587253e-26)
(1.000467582 -0.001142733452 0)
(1.000411579 -0.00100981883 0)
(1.000362348 -0.0008923208485 -4.029290702e-26)
(1.000319048 -0.0007884788061 -2.282365165e-26)
(1.000280951 -0.000696724143 -7.634429268e-26)
(1.000247424 -0.000615663991 6.703452005e-26)
(1.00021791 -0.0005440653451 0)
(1.000191919 -0.0004808390281 4.768205302e-26)
(1.000169019 -0.0004250235393 -1.045968223e-26)
(1.00014883 -0.0003757695577 8.00934547e-27)
(1.000131021 -0.0003323259103 -1.776862728e-26)
(1.000115299 -0.0002940280174 -3.023075186e-26)
(1.000101412 -0.0002602850818 1.88609087e-26)
(1.000089133 -0.000230583769 1.635446458e-26)
(1.000078264 -0.0002044618612 1.975746557e-26)
(1.000068635 -0.0001815141157 -1.21297665e-26)
(1.000060093 -0.0001613863741 2.628977146e-26)
(1.000052498 -0.0001437672752 -1.438780762e-27)
(1.000045731 -0.00012838356 0)
(1.000039688 -0.0001149980436 8.350528213e-27)
(1.000034259 -0.0001033977458 4.701203414e-27)
(1.000029408 -9.343048761e-05 -4.993675334e-27)
(1.000024876 -8.479744874e-05 0)
(1.00002135 -7.812461543e-05 5.676700082e-28)
(1.00001607 -6.915794969e-05 0)
(1.092323151 0.01891150784 7.655438966e-23)
(1.094565626 0.01259863454 2.159938594e-23)
(1.095625282 0.005999634001 -1.497219683e-22)
(1.095487026 -0.0005660689294 5.07736858e-23)
(1.094189236 -0.006846179704 0)
(1.091822018 -0.01263521195 -1.910349987e-22)
(1.08852581 -0.01779847565 7.849565849e-22)
(1.084445865 -0.02223686599 1.814827118e-22)
(1.079744955 -0.02590653161 0)
(1.074601074 -0.02878643754 -2.019606979e-22)
(1.069188172 -0.03088835031 3.858998756e-24)
(1.06366059 -0.03225380994 1.311803746e-22)
(1.058153365 -0.03294470437 0)
(1.052777672 -0.03303842453 1.419891925e-23)
(1.047619868 -0.03262168198 0)
(1.042743129 -0.0317841923 0)
(1.03818975 -0.03061338441 0)
(1.033983985 -0.02919067037 0)
(1.030135355 -0.02758925143 2.982574777e-23)
(1.026641675 -0.02587326763 -3.712308453e-24)
(1.023492201 -0.02409680896 -2.611534563e-23)
(1.020669674 -0.0223053655 3.980609578e-23)
(1.018150673 -0.02053776538 -1.099017174e-22)
(1.015909202 -0.01882232661 -3.359474475e-23)
(1.013928793 -0.01717058425 5.211939544e-23)
(1.012182373 -0.0156029445 -2.953796722e-23)
(1.010647312 -0.01412544867 4.929629016e-24)
(1.009305671 -0.0127470509 0)
(1.008135557 -0.01147207886 -4.651024572e-25)
(1.007114711 -0.01029949584 3.300322472e-24)
(1.006223765 -0.009226508312 -3.651749596e-24)
(1.005446415 -0.008249528321 0)
(1.00476844 -0.007363916934 0)
(1.004177113 -0.006564109531 -1.922968056e-24)
(1.003661134 -0.005844013736 2.024250227e-24)
(1.003210633 -0.005197368067 0)
(1.002817054 -0.004617973281 1.213781203e-24)
(1.002472976 -0.004099831268 -1.291057136e-24)
(1.002171981 -0.003637229541 -9.200723814e-25)
(1.001908547 -0.003224975998 5.574845068e-25)
(1.001677836 -0.00285814891 -1.225761129e-26)
(1.001475599 -0.00253193629 0)
(1.00129817 -0.002242025884 3.465219925e-25)
(1.001142429 -0.001984587203 -2.45343923e-25)
(1.001005663 -0.001756140969 0)
(1.000885512 -0.001553544838 0)
(1.000779915 -0.001373973589 -2.074407798e-25)
(1.000687068 -0.001214895206 1.825040842e-25)
(1.000605389 -0.001074044832 -1.605644149e-25)
(1.000533493 -0.0009493974982 -1.412542432e-25)
(1.000470176 -0.0008391413615 -1.242522508e-25)
(1.000414389 -0.0007416540114 0)
(1.000365223 -0.000655483541 1.17000515e-25)
(1.000321883 -0.0005793340915 -1.076909619e-25)
(1.000283674 -0.0005120538589 0)
(1.000249982 -0.0004526233801 1.375290943e-26)
(1.000220264 -0.0004001426868 -5.884560306e-26)
(1.000194041 -0.0003538175838 -1.205433075e-26)
(1.00017089 -0.0003129466238 3.463581062e-26)
(1.000150442 -0.000276906313 2.376934061e-30)
(1.000132365 -0.0002451487742 -1.504174044e-26)
(1.000116369 -0.0002171925994 3.596853257e-26)
(1.000102208 -0.0001926011808 -1.975736801e-26)
(1.000089657 -0.0001709951437 2.243489505e-27)
(1.000078514 -0.0001520426002 -2.295919678e-28)
(1.000068605 -0.0001354506437 3.047839481e-28)
(1.000059773 -0.0001209623839 -1.139664335e-26)
(1.000051882 -0.0001083549886 -8.350493373e-27)
(1.000044792 -9.742825138e-05 -8.426632318e-27)
(1.000038454 -8.803912727e-05 4.842613455e-27)
(1.000032533 -7.990633734e-05 1.510421116e-28)
(1.000027924 -7.361988471e-05 -1.941182895e-27)
(1.000021023 -6.517180922e-05 0)
(1.086584436 0.01626945378 5.825114158e-23)
(1.088684704 0.01101156187 -1.837845441e-22)
(1.089760664 0.005508472448 8.411819222e-23)
(1.089794142 2.872532884e-05 -4.337025846e-23)
(1.088818274 -0.0052142664 9.070123339e-23)
(1.086906812 -0.01006789421 1.91150146e-22)
(1.084166396 -0.01442605895 -5.481653968e-22)
(1.080722944 -0.01820424611 -1.815234534e-22)
(1.076707678 -0.0213680937 -1.623560927e-22)
(1.07226218 -0.02389607718 2.415602472e-22)
(1.06752973 -0.02579251159 9.462062933e-24)
(1.062641132 -0.02708380642 5.101131511e-23)
(1.057713309 -0.02781377357 -3.096876029e-23)
(1.052845957 -0.02803979254 -2.883771172e-23)
(1.04811968 -0.0278281066 2.578242655e-23)
(1.043596575 -0.02724889195 4.416541807e-23)
(1.039321617 -0.02637200503 -4.416655951e-23)
(1.035324484 -0.02526381001 -1.879877584e-23)
(1.031621811 -0.02398512598 -3.119122744e-23)
(1.028219537 -0.02259012384 4.386074241e-23)
(1.025115213 -0.0211256343 -4.086987285e-23)
(1.022300159 -0.01963117573 -2.149027164e-23)
(1.019760887 -0.01813989683 2.667242105e-23)
(1.01747909 -0.01667937445 3.380607194e-23)
(1.015438078 -0.01526640096 4.030983907e-24)
(1.013614397 -0.01391957407 5.660488117e-23)
(1.011991268 -0.01264490433 -2.232372989e-23)
(1.010553417 -0.01144492849 1.259466791e-23)
(1.009286583 -0.01032671507 9.858247699e-24)
(1.00817222 -0.009293653106 -1.335379199e-25)
(1.007191201 -0.008344629815 3.335140064e-24)
(1.006327375 -0.007476826767 -3.335319042e-24)
(1.005567254 -0.006686922637 0)
(1.004898861 -0.005970950689 0)
(1.004311319 -0.005324266333 -2.818709965e-25)
(1.003794855 -0.004741851235 1.744607432e-24)
(1.003340824 -0.004218616457 -1.018059264e-25)
(1.002941621 -0.003749568739 -2.882247444e-24)
(1.002590579 -0.003329891737 6.830866597e-25)
(1.002281889 -0.002955136902 9.66184248e-25)
(1.002010421 -0.00262111617 -7.403953704e-26)
(1.001771573 -0.002323649086 0)
(1.001561303 -0.002058926344 -3.465186721e-25)
(1.001376159 -0.001823575507 3.590957131e-25)
(1.001213111 -0.001614513381 3.162887751e-25)
(1.0010695 -0.001428936453 0)
(1.00094299 -0.001264309492 4.528060492e-25)
(1.000831527 -0.001118351349 -1.82502697e-25)
(1.0007333 -0.0009890178434 -2.974183865e-26)
(1.000646713 -0.000874481075 1.41253256e-25)
(1.000570361 -0.000773106049 1.242514184e-25)
(1.000503014 -0.0006834275956 1.298448659e-25)
(1.000443594 -0.0006041310025 -1.142508867e-25)
(1.00039116 -0.0005340376597 -1.004900883e-25)
(1.000344884 -0.0004720947817 -1.915832219e-26)
(1.000304041 -0.0004173671517 9.676660486e-26)
(1.000267987 -0.0003690276097 7.189828986e-26)
(1.000236153 -0.0003263469177 -6.155292935e-26)
(1.000208035 -0.0002886822887 5.066411785e-26)
(1.000183187 -0.0002554585951 2.69723243e-26)
(1.000161208 -0.0002261832903 -3.983296038e-26)
(1.000141756 -0.0002004029735 -3.641489651e-26)
(1.00012453 -0.000177722326 7.443932249e-27)
(1.000109255 -0.0001577945153 2.756305054e-27)
(1.00009569 -0.0001403126761 8.62490655e-28)
(1.000083624 -0.0001250068157 -1.86528707e-26)
(1.000072867 -0.0001116405027 1.137024072e-26)
(1.000063254 -0.0001000085454 1.36953183e-26)
(1.000054615 -8.992652158e-05 9.08350284e-27)
(1.000046892 -8.126271446e-05 1.859860401e-28)
(1.000039675 -7.375776388e-05 -1.859860581e-28)
(1.000034057 -6.795637611e-05 -3.074462734e-29)
(1.000025644 -6.015963265e-05 3.078207683e-29)
(1.081812899 0.01381095062 7.033559098e-23)
(1.08380494 0.009473743839 -7.034395633e-23)
(1.084895218 0.004929192226 0)
(1.085066274 0.0003994286277 -1.968294824e-23)
(1.084345136 -0.003937005503 8.405809578e-23)
(1.082792724 -0.007962594832 -8.375184711e-23)
(1.080494675 -0.01159084846 1.730432826e-22)
(1.077558294 -0.01476132713 1.577858037e-22)
(1.074091277 -0.01744378971 0)
(1.070208619 -0.01962021028 -3.840999027e-23)
(1.066028849 -0.02128864487 8.644417455e-24)
(1.061665084 -0.02246425736 -1.606148264e-22)
(1.057219121 -0.02317817361 1.579900916e-22)
(1.05278038 -0.02347291163 7.96884269e-23)
(1.048423681 -0.02339880985 -1.588729124e-22)
(1.044208987 -0.02301031945 0)
(1.040182182 -0.02236266577 0)
(1.036376228 -0.02150924438 1.87969699e-23)
(1.032812667 -0.02049981873 0)
(1.029503339 -0.01937940931 1.587888591e-24)
(1.026452133 -0.01818763471 4.205413009e-23)
(1.023656649 -0.01695847309 0)
(1.021109758 -0.01572039583 -5.195024876e-24)
(1.018800284 -0.01449705675 0)
(1.016715066 -0.01330604188 7.456358734e-24)
(1.014837245 -0.01216334315 -7.265468366e-23)
(1.013149525 -0.01108005208 5.400981005e-23)
(1.011638581 -0.01005815859 0)
(1.010292145 -0.00909840408 0)
(1.009098164 -0.008205141877 5.29020656e-24)
(1.008040691 -0.007381622423 4.235305052e-24)
(1.007103864 -0.006626285931 -2.834652184e-24)
(1.006274038 -0.005936340283 -1.40007254e-26)
(1.00553961 -0.005308872459 2.902553941e-24)
(1.004890223 -0.004740462903 2.221349838e-24)
(1.004316384 -0.004227213569 -4.519470667e-24)
(1.003809487 -0.003765032799 3.628898136e-24)
(1.003361846 -0.003349830321 -1.751134687e-24)
(1.002966639 -0.002977613687 -9.539902086e-26)
(1.002617858 -0.002644639659 6.490145445e-26)
(1.002310166 -0.002347418503 -6.555920042e-26)
(1.002038691 -0.00208238252 -4.629334268e-27)
(1.001799077 -0.001846231025 0)
(1.001587601 -0.001636053241 -3.590927267e-25)
(1.001400966 -0.001449174861 -6.757321704e-25)
(1.001236259 -0.001283150988 0)
(1.001090909 -0.00113575916 -2.453650826e-25)
(1.000962645 -0.001004990694 0)
(1.00084946 -0.0008890397061 1.903037562e-25)
(1.000749576 -0.000786288867 8.467486519e-26)
(1.000661418 -0.000695291629 -8.467533303e-26)
(1.000583595 -0.0006147525518 -4.716189099e-26)
(1.00051488 -0.0005435092097 4.9312423e-26)
(1.000454199 -0.0004805174054 4.968634886e-26)
(1.000400606 -0.0004248402624 1.295318645e-25)
(1.00035327 -0.0003756414654 -1.440957907e-25)
(1.000311459 -0.0003321783301 0)
(1.000274519 -0.0002937946027 1.28123809e-25)
(1.000241882 -0.000259910246 -5.228550121e-26)
(1.000213028 -0.0002300257024 -4.085073889e-26)
(1.000187497 -0.0002036826849 2.831298392e-26)
(1.0001649 -0.0001804780328 -3.100310414e-26)
(1.000144881 -0.0001600614479 2.943380292e-26)
(1.000127125 -0.0001421217182 2.584691307e-26)
(1.000111353 -0.0001263825368 -1.930327689e-26)
(1.000097321 -0.0001126013159 1.821601674e-26)
(1.000084809 -0.0001005656219 -2.017614977e-26)
(1.000073626 -9.009091002e-05 -2.733573215e-26)
(1.000063575 -8.101132865e-05 0)
(1.000054588 -7.320850201e-05 9.188553233e-27)
(1.00004619 -6.644901342e-05 -5.75100931e-28)
(1.000039653 -6.122367689e-05 3.514572553e-27)
(1.00002986 -5.420068648e-05 1.534629499e-27)
(1.077895208 0.01149305975 0)
(1.079805908 0.007972327025 -6.959891404e-23)
(1.080909362 0.004279995008 -4.142027659e-24)
(1.081189509 0.0005974339281 1.699663394e-22)
(1.080668892 -0.002930571307 -9.523862894e-23)
(1.079398801 -0.006209131209 -3.791490688e-23)
(1.077450532 -0.009173389601 0)
(1.074914052 -0.01178437756 -1.595022842e-22)
(1.071880642 -0.01401070514 1.871637555e-22)
(1.068445946 -0.01584018995 1.389856194e-22)
(1.064710392 -0.01726609047 -3.280736192e-23)
(1.0607725 -0.01829675395 -1.315363961e-22)
(1.056721555 -0.01895414974 0)
(1.052638098 -0.01926947851 2.785001269e-23)
(1.048591577 -0.01928066743 2.555040717e-23)
(1.044639462 -0.01902951688 0)
(1.040827565 -0.01855908431 -6.172324428e-23)
(1.037190729 -0.01791161966 3.830886245e-24)
(1.033753798 -0.01712706579 5.216792651e-23)
(1.030532843 -0.01624205309 -4.849473625e-23)
(1.027536484 -0.01528926946 0)
(1.0247672 -0.01429714408 0)
(1.022222579 -0.01328978053 -1.063698936e-23)
(1.019896309 -0.01228719551 1.063771212e-23)
(1.017779305 -0.01130518972 1.276439123e-23)
(1.015860252 -0.01035650554 -1.249204008e-23)
(1.014125219 -0.009452248898 -5.425486622e-23)
(1.012559251 -0.008599592145 0)
(1.011152393 -0.007797955659 0)
(1.009893525 -0.007047568534 -9.363813786e-24)
(1.00877126 -0.006351215431 0)
(1.007772948 -0.005710302777 -3.940567331e-24)
(1.006884805 -0.005123347621 7.199849691e-24)
(1.006094927 -0.004587979725 -3.188710325e-24)
(1.005393246 -0.004101661258 6.584317688e-25)
(1.004770598 -0.003661518118 2.77945708e-25)
(1.004218514 -0.003264382724 0)
(1.003729305 -0.002906972564 -8.568172553e-25)
(1.003296053 -0.002586034165 9.522384232e-25)
(1.002912605 -0.00229847737 7.749414893e-25)
(1.002573492 -0.00204146744 -7.389274043e-26)
(1.002273642 -0.001812027936 -1.10171908e-24)
(1.002008445 -0.001607370134 4.591696591e-25)
(1.001773964 -0.001425044709 -9.090205576e-25)
(1.001566686 -0.001262792776 3.594433048e-25)
(1.001383487 -0.001118540442 -1.57535169e-25)
(1.001221599 -0.0009903940624 1.575365693e-25)
(1.001078566 -0.0008766345416 1.224633749e-25)
(1.000952214 -0.0007757098858 -1.224642468e-25)
(1.000840608 -0.0006862260585 -9.512493952e-26)
(1.00074203 -0.0006069353382 9.512547898e-26)
(1.000654955 -0.0005367216198 -3.12743852e-25)
(1.000578028 -0.0004745856244 6.559448819e-26)
(1.000510059 -0.0004196299115 6.497961051e-26)
(1.000449998 -0.0003710469034 -1.513358447e-25)
(1.000396921 -0.0003281151693 1.611845062e-25)
(1.000350016 -0.0002901834356 6.451468484e-26)
(1.000308562 -0.0002566806782 -6.840085035e-26)
(1.000271912 -0.0002271036369 0)
(1.000239499 -0.0002010127031 3.937986798e-26)
(1.000210826 -0.0001780046542 7.507489435e-26)
(1.000185441 -0.0001577350822 -2.557918668e-26)
(1.000162945 -0.0001398993192 -6.279509851e-26)
(1.000142988 -0.0001242254832 -2.596437091e-26)
(1.000125259 -0.0001104730398 -5.425316922e-28)
(1.000109483 -9.843072386e-05 -4.927448491e-28)
(1.000095413 -8.79131113e-05 1.52654414e-26)
(1.000082837 -7.875903116e-05 1.374364048e-26)
(1.000071532 -7.082371201e-05 8.687349425e-28)
(1.000061424 -6.400388484e-05 9.898646467e-28)
(1.000051976 -5.80956725e-05 1.575434677e-28)
(1.000044622 -5.352824842e-05 -3.527993484e-27)
(1.000033605 -4.738917932e-05 1.276943997e-28)
(1.074745769 0.00928059114 -5.920586089e-23)
(1.076596228 0.006496344387 5.168515118e-23)
(1.07771161 0.003574322283 0)
(1.078076801 0.0006588864901 7.143773745e-23)
(1.077711327 -0.002136054488 -5.264991265e-23)
(1.07666024 -0.004735269762 7.386379431e-23)
(1.074983849 -0.007093806539 2.17851441e-22)
(1.072756965 -0.00918261837 -1.53080264e-22)
(1.070061136 -0.01097445468 -3.631073484e-23)
(1.066978036 -0.01246041046 1.337706503e-22)
(1.063593602 -0.01363294136 -1.171606864e-22)
(1.059994362 -0.0144967745 0)
(1.056260021 -0.01506706062 -5.7682e-23)
(1.052463892 -0.01536623132 0)
(1.048670707 -0.01542232416 -9.854780171e-23)
(1.044935477 -0.01526677361 4.65542219e-23)
(1.04130345 -0.01493238033 1.935074751e-23)
(1.037810457 -0.01445172365 3.70862149e-23)
(1.034483518 -0.01385597519 -5.321578287e-23)
(1.031341691 -0.01317405375 3.365455213e-23)
(1.028397074 -0.01243206116 0)
(1.025655839 -0.01165295633 0)
(1.023119258 -0.01085642501 0)
(1.020784635 -0.01005894118 1.061836079e-23)
(1.018646199 -0.009273829099 0)
(1.016695967 -0.008511578517 1.257183857e-23)
(1.014924076 -0.007780617185 -1.404494559e-23)
(1.013318542 -0.00708844943 6.38318828e-23)
(1.011865609 -0.006439402896 -5.544284586e-24)
(1.010556192 -0.005832948018 -4.407142259e-23)
(1.009381968 -0.005265841046 0)
(1.008332876 -0.00474056925 -1.238494531e-25)
(1.00739674 -0.004258448584 0)
(1.006561533 -0.003817912012 4.141143666e-25)
(1.005816931 -0.003416779607 -7.102987869e-25)
(1.005153941 -0.003052923113 2.052130977e-24)
(1.004564324 -0.002724031023 -2.089581664e-24)
(1.004040473 -0.002427589059 -6.747503142e-25)
(1.003575425 -0.002161034103 9.290824057e-25)
(1.003162915 -0.001921886623 -7.282844753e-26)
(1.002797383 -0.00170791913 7.036997415e-25)
(1.002473618 -0.001516720847 5.774438466e-25)
(1.002186813 -0.001346014506 0)
(1.001932865 -0.001193808247 6.707068264e-25)
(1.001708093 -0.001058259356 -2.208670834e-25)
(1.001509204 -0.0009376706999 0)
(1.001333267 -0.0008304875108 3.336530259e-25)
(1.001177674 -0.0007352927669 0)
(1.001040109 -0.0006508014977 0)
(1.000918508 -0.0005758550936 -1.24936682e-25)
(1.000811035 -0.0005094143162 -3.059640149e-25)
(1.000716053 -0.0004505498314 6.7301603e-26)
(1.000632108 -0.0003984351686 1.471052837e-25)
(1.00055791 -0.0003523294367 -7.116430304e-26)
(1.000492318 -0.000311559084 0)
(1.000434334 -0.0002755262137 0)
(1.000383073 -0.0002436979645 -8.660312212e-26)
(1.000337746 -0.0002155902841 1.863867743e-26)
(1.000297662 -0.0001907757917 -1.863870005e-26)
(1.00026221 -0.0001688712866 0)
(1.000230841 -0.0001495531422 -5.077028776e-26)
(1.000203062 -0.0001325324264 7.041907694e-27)
(1.000178443 -0.0001175526825 2.745796581e-26)
(1.000156599 -0.0001043868258 3.972442607e-26)
(1.000137191 -9.283415884e-05 2.315161086e-26)
(1.00011992 -8.271770061e-05 3.400924531e-27)
(1.000104514 -7.388175328e-05 -2.15802097e-26)
(1.000090742 -6.619096381e-05 0)
(1.000078362 -5.952378926e-05 0)
(1.000067291 -5.379356662e-05 -9.742669336e-27)
(1.000056943 -4.882909595e-05 0)
(1.000048888 -4.499111629e-05 -4.122527055e-27)
(1.000036819 -3.983228164e-05 -1.666984333e-27)
(1.072298412 0.007146652214 5.543875002e-23)
(1.074105305 0.005038568394 -4.791551816e-23)
(1.07523082 0.002824875933 6.457542798e-23)
(1.075660559 0.000615415325 -6.45753945e-23)
(1.075411816 -0.001504033483 -6.935589825e-23)
(1.074525112 -0.00347717305 1.03530975e-22)
(1.07305378 -0.005271818039 -2.815488059e-22)
(1.071062172 -0.00686616171 -7.179727926e-23)
(1.06862253 -0.008240374711 1.546129081e-22)
(1.065806847 -0.009387687303 -1.29605308e-22)
(1.062690799 -0.01030139693 6.844412822e-23)
(1.059351771 -0.01098397911 1.239742972e-22)
(1.055862358 -0.01144556065 2.318530481e-24)
(1.052290193 -0.01170179739 1.070960142e-22)
(1.048696075 -0.01177273432 -1.608669964e-24)
(1.045132796 -0.01168117982 1.622538162e-25)
(1.041644842 -0.01145118849 -4.259412977e-23)
(1.038268483 -0.01110688166 3.916584426e-23)
(1.03503212 -0.01067155469 0)
(1.031956876 -0.01016701649 1.54789463e-23)
(1.02905734 -0.009613128153 -6.577644496e-25)
(1.026342404 -0.009027515126 7.686859736e-25)
(1.023816112 -0.008425427326 1.262333732e-24)
(1.021478492 -0.007819730521 1.099825634e-23)
(1.019326335 -0.007220969256 -1.060914099e-24)
(1.017353939 -0.00663752973 -1.767117624e-23)
(1.01555375 -0.006075918151 -5.299421846e-25)
(1.013916587 -0.005541351787 -7.322056905e-24)
(1.012431054 -0.005039044601 2.943877076e-23)
(1.011086201 -0.004570882402 -2.309632233e-23)
(1.009873609 -0.004134767127 1.825188484e-23)
(1.008783831 -0.003728086249 1.682616209e-23)
(1.007808443 -0.003352340508 0)
(1.006936952 -0.003008240218 -4.140853614e-25)
(1.006158516 -0.0026945105 3.668744999e-25)
(1.005463661 -0.002409448711 3.248402953e-25)
(1.004844191 -0.00215133 1.505652038e-26)
(1.004292637 -0.001918339159 -2.543020032e-25)
(1.003802076 -0.001708597485 1.110664748e-24)
(1.00336619 -0.001520226243 -1.563375915e-25)
(1.002979372 -0.001351567266 -1.477201262e-24)
(1.002636306 -0.001200747498 0)
(1.002332035 -0.001065993362 0)
(1.002062328 -0.000945762128 0)
(1.001823375 -0.0008386240644 4.530809308e-25)
(1.001611755 -0.0007432593158 0)
(1.001424407 -0.0006584581039 -8.491491974e-25)
(1.001258604 -0.0005831148792 4.740339737e-25)
(1.001111913 -0.0005162217184 0)
(1.000982168 -0.0004568664285 -1.250449222e-25)
(1.000867439 -0.000404229118 3.132731414e-25)
(1.000766003 -0.0003575685781 9.139910046e-26)
(1.00067632 -0.0003162372892 -1.464389084e-25)
(1.000597036 -0.000279654227 7.622221143e-26)
(1.000526938 -0.0002473056575 0)
(1.000464944 -0.0002187162207 0)
(1.000410115 -0.0001934661255 2.278583998e-26)
(1.000361629 -0.0001711698403 -2.278587858e-26)
(1.000318746 -0.0001514828596 0)
(1.000280807 -0.0001341054673 -8.228067672e-26)
(1.000247229 -0.0001187771141 1.528691482e-26)
(1.000217492 -0.0001052675444 5.944923922e-26)
(1.000191135 -9.337442409e-05 -1.572647913e-27)
(1.000167747 -8.291954973e-05 -4.571852089e-26)
(1.000146966 -7.374497692e-05 -3.054858289e-26)
(1.000128469 -6.571076278e-05 0)
(1.00011197 -5.869343443e-05 1.904162032e-26)
(1.000097219 -5.2585482e-05 2.538476161e-27)
(1.000083958 -4.729032586e-05 -1.408236652e-26)
(1.000072098 -4.273911664e-05 -1.202887482e-26)
(1.000061013 -3.879596633e-05 0)
(1.000052383 -3.574740734e-05 4.122507655e-27)
(1.000039454 -3.164965127e-05 0)
(1.070503016 0.00506789112 4.829693108e-23)
(1.072279866 0.00359189839 0)
(1.07341336 0.002041318776 0)
(1.073889636 0.0004933914232 3.904708073e-24)
(1.073724577 -0.0009921159887 -8.118530155e-24)
(1.072955531 -0.002376157209 0)
(1.071631575 -0.003636491884 1.351295421e-22)
(1.069809544 -0.004758702522 -2.033616139e-22)
(1.0675539 -0.005729407463 -1.47456069e-22)
(1.064930731 -0.006543602704 1.305357782e-22)
(1.062008816 -0.00719603841 -6.18719515e-23)
(1.058858899 -0.007687911565 1.743050324e-24)
(1.055548401 -0.00802575314 -1.106118843e-22)
(1.052140744 -0.008219938056 1.844827402e-24)
(1.048693725 -0.008283927082 0)
(1.045258357 -0.00823318599 9.21953843e-23)
(1.041878393 -0.008084148104 2.046516259e-23)
(1.038590245 -0.007853400017 -2.034954737e-23)
(1.035423155 -0.007557062073 3.603609088e-23)
(1.032399606 -0.007210322304 0)
(1.029535897 -0.006827102456 -2.981000192e-23)
(1.026842824 -0.006419839801 -2.701648002e-23)
(1.024326405 -0.00599936892 -1.230405311e-23)
(1.02198862 -0.005574890283 0)
(1.019828118 -0.005154003835 -5.871826544e-25)
(1.017840887 -0.004742803113 -9.723670446e-25)
(1.016020868 -0.004346027994 6.971532715e-24)
(1.014360481 -0.003967235887 -3.949568755e-24)
(1.012850814 -0.003609306453 -6.257737142e-24)
(1.011481404 -0.003275162243 2.709955849e-23)
(1.01024194 -0.002966957497 -2.128508218e-23)
(1.009124391 -0.002681210805 -3.500170983e-23)
(1.008120035 -0.002414690334 0)
(1.007220655 -0.002168382909 0)
(1.006416513 -0.001943383206 1.10240444e-25)
(1.00569775 -0.001738815002 1.483573815e-24)
(1.005055983 -0.001553395191 -3.025283663e-25)
(1.004483675 -0.001385821274 -7.544155376e-25)
(1.003973926 -0.001234809486 5.491691439e-25)
(1.003520416 -0.001099057558 1.048633633e-25)
(1.003117531 -0.0009774543891 -7.711219174e-25)
(1.002759884 -0.0008686539142 0)
(1.002442405 -0.0007713873659 6.030746955e-25)
(1.002160768 -0.0006845581168 0)
(1.001911071 -0.0006071497556 -8.897950287e-25)
(1.001689797 -0.0005382187047 2.438834436e-25)
(1.001493792 -0.000476899468 5.460786605e-25)
(1.001320235 -0.0004224035331 -4.858688313e-25)
(1.00116661 -0.0003740093259 -1.767956225e-26)
(1.001030668 -0.0003310581911 -2.594341393e-25)
(1.000910416 -0.0002929545416 -1.058048569e-25)
(1.000804064 -0.0002591751251 -9.089576712e-26)
(1.000710013 -0.0002292394561 2.639705506e-25)
(1.000626843 -0.0002027281726 0)
(1.000553296 -0.0001792801143 7.214970909e-26)
(1.000488258 -0.0001585590718 -1.105398141e-25)
(1.000430735 -0.0001402559869 1.3432215e-25)
(1.000379854 -0.0001240979279 1.150039032e-25)
(1.000334839 -0.0001098376773 0)
(1.000295006 -9.72530536e-05 6.699331196e-26)
(1.000259745 -8.614974736e-05 0)
(1.000228513 -7.63597153e-05 0)
(1.000200829 -6.773748424e-05 0)
(1.000176261 -6.015562212e-05 0)
(1.000154431 -5.350116481e-05 -3.839843092e-27)
(1.000134999 -4.767363847e-05 3.570530931e-26)
(1.000117664 -4.258388046e-05 -5.587003892e-28)
(1.000102166 -3.815386855e-05 -2.670825788e-27)
(1.000088232 -3.431340537e-05 3.038905803e-26)
(1.00007577 -3.101237615e-05 1.184415299e-26)
(1.000064122 -2.815238398e-05 -6.10562586e-28)
(1.000055054 -2.594076099e-05 5.045915855e-29)
(1.000041467 -2.296914245e-05 -5.05206501e-29)
(1.069324681 0.003028351886 -4.663909063e-23)
(1.071082848 0.002154001804 5.583782311e-23)
(1.072222079 0.001235168976 -5.583595614e-23)
(1.072728748 0.0003178000976 -3.904854347e-24)
(1.072617775 -0.0005626983284 8.119125723e-24)
(1.071924588 -0.001383261399 0)
(1.070696053 -0.002130804854 8.221387531e-24)
(1.068983984 -0.002796958608 0)
(1.066847199 -0.003373235036 -6.500335645e-23)
(1.064348517 -0.00385777743 -1.261848867e-22)
(1.06155273 -0.004247174624 5.933057099e-25)
(1.058526131 -0.004541967058 1.815457756e-24)
(1.055332673 -0.004745977173 1.131029243e-22)
(1.052032994 -0.004865228993 7.823578568e-23)
(1.048682893 -0.004907510403 2.377029366e-23)
(1.045332159 -0.004881790473 -6.816621968e-23)
(1.042023996 -0.004797632603 2.214704717e-23)
(1.038794832 -0.004664720895 -3.927625943e-23)
(1.035674388 -0.004492497641 -3.603318931e-23)
(1.032685979 -0.004289890009 0)
(1.029846976 -0.004065112238 4.443201484e-23)
(1.027169387 -0.003825533084 -7.631859261e-25)
(1.024660501 -0.003577599034 1.23034892e-23)
(1.022323553 -0.003326806092 0)
(1.020158395 -0.003077712278 -1.17482045e-25)
(1.018162124 -0.002833986393 -9.090505563e-24)
(1.016329673 -0.002598489029 0)
(1.014654335 -0.002373369559 -1.56970238e-25)
(1.013128221 -0.002160170177 -1.286081281e-23)
(1.011742438 -0.001960229024 4.122265277e-25)
(1.010486953 -0.001775584398 0)
(1.009352064 -0.001607455254 3.452077492e-23)
(1.008329981 -0.001452253217 3.088294304e-23)
(1.007412048 -0.001306142606 0)
(1.006590149 -0.001171796402 -1.153022138e-23)
(1.005854807 -0.001048851047 -5.93157166e-24)
(1.005197969 -0.0009372016047 0)
(1.004611795 -0.0008362875238 -1.055878442e-24)
(1.004089247 -0.0007453385893 1.307637535e-24)
(1.003623969 -0.000663549133 2.223461393e-25)
(1.003210341 -0.0005903004685 7.711162263e-25)
(1.002842936 -0.0005247450619 0)
(1.002516606 -0.0004661121372 -6.030698125e-25)
(1.002226964 -0.0004137461015 0)
(1.001970052 -0.0003670393205 -4.503395588e-25)
(1.001742298 -0.0003254351487 4.503438044e-25)
(1.001540481 -0.0002884173409 3.759766299e-25)
(1.001361717 -0.0002555085007 3.243562329e-25)
(1.001203433 -0.0002262767033 2.930124336e-25)
(1.001063329 -0.0002003278259 2.525614583e-25)
(1.000939344 -0.0001773018948 2.227540564e-25)
(1.000829657 -0.0001568850136 -2.949179053e-25)
(1.00073265 -0.0001387831789 -3.391366898e-25)
(1.000646865 -0.0001227452514 -7.343196658e-26)
(1.000571008 -0.0001085470493 -1.341904623e-25)
(1.000503931 -9.599671447e-05 6.169920365e-26)
(1.000444606 -8.491598516e-05 -7.213362113e-26)
(1.000392126 -7.514015786e-05 2.695970855e-26)
(1.00034569 -6.651687703e-05 0)
(1.00030459 -5.890810504e-05 7.152552196e-26)
(1.000268198 -5.21934644e-05 0)
(1.000235957 -4.627008722e-05 1.256790362e-26)
(1.000207374 -4.105016253e-05 -1.256792524e-26)
(1.000182009 -3.645777852e-05 -4.985867678e-26)
(1.000159468 -3.242604417e-05 9.324086237e-27)
(1.000139406 -2.88951839e-05 -2.863574329e-26)
(1.000121507 -2.581161304e-05 -2.725255988e-26)
(1.000105505 -2.312799248e-05 2.76025774e-27)
(1.000091117 -2.080169667e-05 -1.551144933e-26)
(1.000078249 -1.880187292e-05 0)
(1.000066221 -1.706995894e-05 0)
(1.000056856 -1.572799576e-05 -5.215107045e-29)
(1.000042825 -1.393120034e-05 2.101321323e-27)
(1.068740004 0.001007784896 9.437229243e-23)
(1.070488969 0.000718997481 4.878059695e-24)
(1.07163116 0.000414991072 -5.493958524e-23)
(1.07215305 0.0001110918555 6.188460413e-23)
(1.072069137 -0.0001808123642 -6.188204307e-23)
(1.071413648 -0.0004529634065 0)
(1.070232302 -0.0007011805446 -8.229160874e-24)
(1.068575339 -0.0009219675963 0)
(1.066498224 -0.001112664482 1.294988439e-22)
(1.064061228 -0.001273190602 0)
(1.061327855 -0.001402244156 0)
(1.058362126 -0.001500018748 0)
(1.055226277 -0.001567823807 -2.723608582e-23)
(1.051979631 -0.00160765844 5.297902854e-23)
(1.048677056 -0.001622079399 -7.565125029e-23)
(1.045367775 -0.001614026789 -2.245639815e-23)
(1.042094746 -0.001586639121 2.248394369e-23)
(1.038894421 -0.00154309849 0)
(1.035796774 -0.001486511198 0)
(1.032825539 -0.001419818364 0)
(1.029998628 -0.001345731484 -1.537718374e-23)
(1.027328652 -0.001266688604 0)
(1.024823521 -0.001184827535 0)
(1.022487083 -0.00110197389 0)
(1.020319763 -0.001019642898 1.033149006e-23)
(1.018319187 -0.0009390541595 9.29427288e-24)
(1.016480767 -0.0008611580264 0)
(1.014798217 -0.0007866689183 0)
(1.013264015 -0.0007160972909 3.344419886e-24)
(1.011869803 -0.0006497868436 0)
(1.010606504 -0.0005882458295 0)
(1.00946424 -0.0005328335423 0)
(1.008433798 -0.0004837430961 -9.867137239e-23)
(1.007508062 -0.0004366314242 3.167036074e-23)
(1.006677179 -0.0003924787832 1.311120874e-23)
(1.005933386 -0.0003513562394 2.908047917e-24)
(1.005268765 -0.0003137704243 0)
(1.004675469 -0.0002798136346 -2.857601707e-25)
(1.004146454 -0.0002492657326 -9.612399168e-25)
(1.003675293 -0.0002218343466 -1.137904387e-25)
(1.00325632 -0.000197312156 1.606121131e-24)
(1.002884093 -0.000175385712 -7.539055807e-25)
(1.002553398 -0.000155783243 0)
(1.002259813 -0.0001382800022 0)
(1.001999341 -0.0001226684184 4.603932954e-25)
(1.001768375 -0.0001087661298 -6.636051733e-25)
(1.00156368 -9.640163071e-05 -1.751998099e-25)
(1.001382344 -8.54102819e-05 0)
(1.001221754 -7.564660408e-05 -2.948191784e-25)
(1.00107958 -6.698062166e-05 -1.233160591e-25)
(1.000953745 -5.929335098e-05 1.455658641e-26)
(1.000842405 -5.246947978e-05 4.067235157e-25)
(1.00074392 -4.641628745e-05 8.233962271e-26)
(1.000656826 -4.105086882e-05 1.568945701e-25)
(1.000579818 -3.630004554e-05 6.540008047e-26)
(1.000511732 -3.210119507e-05 -6.538512468e-26)
(1.000451524 -2.839583342e-05 0)
(1.000398267 -2.512880878e-05 -9.364869318e-26)
(1.000351137 -2.224858229e-05 1.938668121e-26)
(1.000309413 -1.970805197e-05 -7.42277911e-26)
(1.000272457 -1.746587005e-05 -1.693434526e-26)
(1.000239708 -1.548687899e-05 0)
(1.000210671 -1.374160849e-05 1.106780109e-26)
(1.0001849 -1.220513023e-05 3.907808651e-26)
(1.000162001 -1.085571843e-05 -9.498316339e-27)
(1.000141621 -9.673867973e-06 0)
(1.000123439 -8.641872743e-06 2.454019774e-26)
(1.000107184 -7.743880477e-06 -2.267571899e-27)
(1.000092569 -6.9655961e-06 2.267034706e-27)
(1.000079497 -6.29642473e-06 0)
(1.000067279 -5.717352917e-06 0)
(1.000057763 -5.267168386e-06 0)
(1.00004351 -4.66783635e-06 -2.050178385e-27)
(-0.06720236686 0.02859263758 0.05885641584)
(-0.06231233198 0.1550713915 0.0622466957)
(-0.06719849863 0.02859699216 -0.05885649599)
(-0.06226968714 0.1550723397 -0.0622477116)
(-0.0541924879 0.1756463396 0.06368467772)
(0.01736413938 0.1472508065 0.06511043316)
(-0.05417638678 0.1755875044 -0.06368508225)
(0.01739495613 0.1472350389 -0.06511069797)
(-0.2833348128 0.02454408097 0.06416597827)
(-0.08949761232 0.1669585108 0.06288690511)
(-0.1804592468 0.1495379603 0.0672874648)
(-0.1234094681 0.02976427631 -0.05978257982)
(-0.2833431488 0.0245606525 -0.0641671192)
(-0.08943128769 0.1669659578 -0.06288663135)
(-0.1805688345 0.1495613838 -0.0672932157)
(-0.03687260885 0.09105800289 -1.262786035e-05)
(-0.03463600133 0.08490140936 0.06426321622)
(-0.03482210937 0.08486013109 7.865566576e-05)
(-0.03710815682 0.09122088939 0.06504255327)
(0.06333613616 0.1180634184 0.06482541806)
(0.4171932909 0.03883932101 0.0631767557)
(0.06325677766 0.1181246337 -0.06482586218)
(0.4172011489 0.03882134804 -0.06317794038)
(-0.0206005765 0.06101556133 -1.40131189e-05)
(-0.06735546387 0.02855752384 -2.3362765e-06)
(-0.0159445347 0.02168979604 0.05718969927)
(-0.06821923857 0.08103167398 0.05959671988)
(-0.01639921196 0.02163784334 -1.792276739e-05)
(-0.06835988643 0.08101760905 -7.400994998e-06)
(-0.02016578807 0.06097602881 0.05850163448)
(-0.02303775671 0.06760605947 0.05443644341)
(-0.02363019885 0.06758756938 -0.0001517528409)
(-0.03144503499 0.08989749111 5.855363888e-05)
(-0.0623386568 0.1549875582 5.556473751e-06)
(-0.06883466966 0.1232540949 0.06106102017)
(-0.03697623419 0.1166576447 0.06202233744)
(-0.06905518626 0.1232018826 1.683612807e-05)
(-0.03674849054 0.1164809033 -1.944781219e-05)
(-0.03115297996 0.09007036652 0.06104734963)
(-0.02060030911 0.06101711569 1.426314429e-05)
(-0.06735367998 0.02855943164 1.761510446e-06)
(-0.01594602472 0.02169286244 -0.05719001075)
(-0.06821446724 0.08103917397 -0.05959734037)
(-0.01639918883 0.02163901456 1.773236483e-05)
(-0.06835717557 0.0810206656 7.129712405e-06)
(-0.02016693455 0.06097995681 -0.05850195558)
(-0.02303559893 0.06759943541 -0.05443571094)
(-0.02362872149 0.06758448815 0.0001524116564)
(-0.03144403994 0.08989870404 -5.830123452e-05)
(-0.06232589301 0.1549875741 -2.893100669e-06)
(-0.06881842227 0.1232761792 -0.06106275172)
(-0.036965127 0.1166599468 -0.06202404087)
(-0.06904896294 0.1232085135 -1.733841352e-05)
(-0.03674457122 0.1164806809 1.930268067e-05)
(-0.03115209161 0.09007323483 -0.06104759472)
(-0.03702745171 0.09674376469 6.521126027e-05)
(-0.03694247992 0.09677231358 0.0661179752)
(-0.03687722298 0.09105571492 1.142363826e-05)
(-0.03462829211 0.08488944625 -0.06426419576)
(-0.03481988333 0.08485587512 -7.988808731e-05)
(-0.03712123133 0.09121462753 -0.06504131986)
(-0.03703227123 0.09674303714 -6.659348956e-05)
(-0.03695706028 0.0967694191 -0.06611648427)
(-0.1236494563 0.02973767103 -1.377894194e-05)
(-0.1184812276 0.08534155984 0.06035474022)
(-0.1186822258 0.08532187494 -1.430664534e-05)
(-0.1703009642 0.08301877706 -3.156235468e-05)
(-0.1800739838 0.02867759369 0.06095281489)
(-0.1804283457 0.02866717959 -3.292515129e-05)
(-0.1699734331 0.08303163033 0.06146244615)
(-0.407830273 0.01042985934 0.07144655704)
(-0.2100085732 0.1370907063 0.06927417049)
(-0.2825287618 0.08207336835 0.07346429556)
(-0.3280029629 0.02183463267 -0.06601328324)
(-0.4078358193 0.01044455481 -0.07144903582)
(-0.2100393001 0.1371045939 -0.06927998762)
(-0.2825306222 0.08205807359 -0.07345926008)
(-0.114734472 0.174041348 0.06895056528)
(0.04336382791 0.1654079895 0.06548534455)
(0.1085063808 0.171205876 0.07012060602)
(-0.06534891062 0.1887739578 -0.0642491583)
(-0.1148806522 0.1739790458 -0.06895178752)
(0.04340477596 0.1653965619 -0.0654789828)
(0.1085106838 0.1712214872 -0.0701235817)
(-0.1540432031 0.09684060514 0.08054487687)
(0.12094232 0.1611163007 0.07201672592)
(0.08947450077 0.1275675631 0.04361632346)
(-0.1314210378 0.160484607 -0.0712229763)
(-0.15403213 0.09682140446 -0.08054956995)
(0.1209349136 0.1611404608 -0.07201987738)
(0.08950139845 0.1275459687 -0.04361475785)
(0.1875388618 0.1491750965 0.06976746328)
(0.4321509125 0.04649942135 0.06335496373)
(0.4963404475 0.05727067908 0.06495809021)
(0.09560899104 0.1352600248 -0.06517912608)
(0.1875653048 0.149211057 -0.06976712813)
(0.4321847623 0.04645827727 -0.06335497719)
(0.4963245046 0.05728792918 -0.06495442285)
(0.6256808822 0.0321656197 0.06231829281)
(1.185285043 0.06352043125 0.05728655092)
(0.6256568621 0.03219357771 -0.06231849625)
(1.185318814 0.0635091162 -0.05728621335)
(0.6721261177 0.02918715028 0.06935962516)
(1.170793582 0.05136661656 0.05719887744)
(1.090952852 0.02120821978 0.0348787912)
(0.6289700088 0.03466503614 -0.06276616715)
(0.6721259789 0.02918447215 -0.069362406)
(1.17078722 0.05136429229 -0.05720154909)
(1.090944205 0.02121385261 -0.03487840709)
(-0.0388032354 0.145002605 8.098907384e-06)
(-0.05437916968 0.1755316175 2.07864963e-05)
(-0.04475842908 0.1427133721 0.06419791379)
(-0.0366142316 0.1784631269 0.06445898347)
(-0.04489743001 0.1426632017 7.111762609e-05)
(-0.03670339398 0.1783441316 -8.444594277e-06)
(-0.03878935414 0.145187917 0.06456814684)
(-0.02859262921 0.1378105716 1.570052526e-05)
(0.01735808646 0.1471887256 -1.701319354e-05)
(-0.01369452383 0.1684797166 0.06498714434)
(-0.006303656962 0.1200949425 0.06530569724)
(-0.01377263671 0.1684092224 4.569239736e-06)
(-0.00636159538 0.1200704287 -1.293342699e-05)
(-0.02845824974 0.1379239091 0.06510650242)
(-0.03881275792 0.1449934146 -1.044372e-05)
(-0.0543718613 0.1755116446 -2.185863643e-05)
(-0.04475576615 0.14269299 -0.06419617645)
(-0.03666161552 0.1784337612 -0.06445742311)
(-0.04489571874 0.1426550197 -6.968291666e-05)
(-0.03671546567 0.1783321399 2.121457827e-06)
(-0.03881939645 0.1451598597 -0.06456558288)
(-0.02859772039 0.1378036865 -1.804266724e-05)
(0.01736586628 0.1471860004 7.516844514e-06)
(-0.01371282054 0.1684632419 -0.06498203193)
(-0.006342417502 0.1201386467 -0.06530731352)
(-0.01377778617 0.1684047282 -4.912906938e-06)
(-0.006373464478 0.1200832212 5.054091176e-06)
(-0.02847082148 0.1378971874 -0.06510407842)
(-0.2199658154 0.07820042415 -5.740804232e-05)
(-0.23374066 0.02682362186 0.06244534446)
(-0.2655115416 0.07199952015 0.06466650557)
(-0.2847641008 0.02457604263 -0.0001264377425)
(-0.2343970418 0.02682644295 -6.206435857e-05)
(-0.2668223613 0.07209348908 -0.0001152416755)
(-0.2193626297 0.07819111979 0.06293935289)
(-0.08968521634 0.1669017451 9.577662751e-07)
(-0.1080042181 0.1317376224 0.06154470068)
(-0.1082193465 0.1317015115 -1.599570764e-06)
(-0.15020844 0.1295925362 -2.054632526e-05)
(-0.1195157647 0.1661868716 0.06397329651)
(-0.1198305351 0.166165101 -2.4110416e-05)
(-0.1498962915 0.1296443543 0.06256997941)
(-0.191733571 0.1230591366 -4.618736295e-05)
(-0.2306497736 0.1140755691 0.06581549651)
(-0.1501242709 0.1595176624 0.06548674174)
(-0.1813767835 0.1496430102 -9.487263089e-05)
(-0.2317535492 0.1141060972 -9.000978423e-05)
(-0.150615278 0.1595262304 -5.187147765e-05)
(-0.1912061471 0.1231053361 0.0640337016)
(-0.1236459289 0.02974080386 1.394129761e-05)
(-0.1184651344 0.08535885194 -0.06035617708)
(-0.1186763811 0.08532806565 1.42893616e-05)
(-0.1702968385 0.08303043062 3.28248322e-05)
(-0.1800697451 0.02869095546 -0.06095362659)
(-0.1804268512 0.02867258883 3.3782287e-05)
(-0.1699604342 0.08306627387 -0.06146471576)
(-0.2199681713 0.07821385435 5.984391909e-05)
(-0.2847671709 0.02458166786 0.0001261997329)
(-0.2337501319 0.02684085277 -0.06244649259)
(-0.2655205513 0.07202955322 -0.06466913581)
(-0.2343999132 0.02683299928 6.335748329e-05)
(-0.2668267646 0.07210308558 0.0001167007006)
(-0.2193677579 0.07823009567 -0.06294180684)
(-0.08966465175 0.1669048465 5.405029062e-06)
(-0.1079664732 0.1317838803 -0.06154768945)
(-0.1082073367 0.1317147824 2.31930672e-06)
(-0.1501983928 0.1296121796 2.512933303e-05)
(-0.1194702829 0.166226892 -0.06397273937)
(-0.1198172243 0.1661760162 3.490073453e-05)
(-0.1498670992 0.1297133649 -0.06257290476)
(-0.1917399727 0.1230779414 5.192929005e-05)
(-0.1814075809 0.1496475323 9.58075339e-05)
(-0.2306915898 0.1140810536 -0.06581687136)
(-0.1502142999 0.159619628 -0.06548494102)
(-0.2317681389 0.1141080272 9.566432172e-05)
(-0.1506428075 0.1595478803 6.635197909e-05)
(-0.191223489 0.1231762593 -0.0640388197)
(0.06319376687 0.1181228042 -1.516901721e-05)
(0.03347291241 0.09572802344 0.06510329492)
(0.03340361052 0.0957750628 1.674748946e-05)
(0.1062794546 0.06830819568 -3.175614102e-06)
(0.1360559367 0.08577083175 0.06426371838)
(0.135978199 0.08584214149 -2.57609805e-06)
(0.1062446293 0.06831617013 0.06462872116)
(0.2289713146 0.04444432936 -2.613387651e-07)
(0.2510807142 0.05759425434 0.06375468528)
(0.4073483012 0.03058618937 0.06329557846)
(0.4171206958 0.03886662114 -1.866039247e-05)
(0.2510614402 0.05759983945 -4.924612195e-06)
(0.4073466859 0.03065248835 -3.248986647e-06)
(0.2289443529 0.04440127179 0.06412081854)
(0.06317163531 0.1181399677 8.264299355e-06)
(0.03341474013 0.09578555567 -0.06509894877)
(0.03338641519 0.09579210687 -8.047410389e-06)
(0.1062844724 0.06830619552 4.910577077e-06)
(0.1360258204 0.08582571731 -0.06426104873)
(0.13596847 0.08585953929 7.258419697e-06)
(0.106262604 0.06830193425 -0.06462997939)
(0.2289728931 0.04444484386 1.082565848e-06)
(0.4171245745 0.03886216695 1.319459451e-05)
(0.2511030549 0.05756786848 -0.06375572033)
(0.4073422429 0.03060324034 -0.06329724574)
(0.2510673247 0.05759334502 8.016663279e-06)
(0.4073467597 0.03065751021 4.353910807e-06)
(0.2289477559 0.04439927609 -0.06412168009)
(-0.3076806015 0.06458172951 0.06654264253)
(-0.3311404249 0.02191821634 -0.0002872143641)
(-0.3105814641 0.06487876684 -0.0002607450242)
(-0.3503228103 0.05625749803 -0.0007082835414)
(-0.366784562 0.01852231306 0.06777019838)
(-0.3723991231 0.01873650212 -0.0007662964008)
(-0.3451086574 0.05549939639 0.06829825945)
(-0.4660163315 -0.009821446882 0.0419188283)
(-0.3580912984 0.04677939261 0.0419445696)
(-0.3761806661 0.01004960435 0.04081338223)
(-0.4475635872 0.00340807829 -0.04113553748)
(-0.4660178857 -0.00981910215 -0.04191863492)
(-0.3580932596 0.04678009107 -0.04194462675)
(-0.3761815997 0.01005255753 -0.04081319119)
(-0.06558132833 0.1887937144 9.401800498e-06)
(-0.03411845118 0.194640673 0.06512874618)
(-0.03417824765 0.1945501541 -4.618539144e-06)
(-0.08027283468 0.1899401027 0.06537488063)
(-0.08049956284 0.1899376573 2.989026057e-06)
(-0.03452412699 0.1987020515 1.05193524e-05)
(-0.03434956523 0.1987631374 0.06639052039)
(-0.1325354006 0.1608050913 -8.895289129e-05)
(-0.05445568604 0.1516682706 -0.0001739925666)
(-0.1456637026 0.1431493593 0.0736871129)
(-0.04655679277 0.1713538343 0.07255150009)
(-0.1476855989 0.1442394884 -0.0002266521846)
(-0.0473402056 0.1713600912 -0.0001155492299)
(-0.05314999522 0.1511745752 0.0749273323)
(-0.1090948232 0.001093452326 0.04775075814)
(0.08855249948 0.04963866299 0.04435462556)
(0.1027340477 -0.02794152252 0.04315295794)
(-0.1063191657 0.05076102835 -0.04583883972)
(-0.1090894719 0.00110582268 -0.04775151205)
(0.08855821087 0.04963978032 -0.04434924715)
(0.1027324165 -0.02793865825 -0.04315064708)
(0.09552703215 0.1352278468 -3.148344428e-05)
(0.1693845072 0.1005637493 0.06458547683)
(0.1692292837 0.100669443 -2.480550397e-05)
(0.2030240612 0.1118470437 -3.529164717e-05)
(0.1277502653 0.1462975326 0.06625221349)
(0.127649293 0.1462392367 -1.318612468e-05)
(0.2032435155 0.1118365247 0.06566215775)
(0.3213803743 0.08428888047 0.0455526715)
(0.4668416631 0.06305976099 0.03922848874)
(0.5313886982 0.0337994131 0.04017173518)
(0.2158101778 0.1423504258 -0.07228359744)
(0.3213452449 0.08427466224 -0.04555792248)
(0.4668222738 0.063057829 -0.03923039739)
(0.5313673678 0.03379669304 -0.04017602276)
(0.6288461522 0.03457764956 -2.115268694e-05)
(0.8344562048 0.03404672439 -0.0001026581605)
(0.6380251047 0.03591584572 0.06356936917)
(0.8389635423 0.03512466626 0.06132183418)
(0.6375788405 0.03584952406 -2.609158137e-05)
(0.8387703245 0.03479770936 -7.683268882e-05)
(0.8348342015 0.03410892456 0.06170228148)
(0.8066621206 -0.0206388008 0.04206897807)
(1.082328046 -0.006236389367 0.03513285598)
(1.104361612 -0.04389400754 0.03515267175)
(0.7883782296 0.004553498391 -0.03933623694)
(0.8066115042 -0.02064851401 -0.04206916416)
(1.082295173 -0.006243192277 -0.03513336544)
(1.104327169 -0.04388896234 -0.03515600352)
(1.311175653 0.0834672511 0.03152712494)
(1.34535908 0.08590306173 0.02893092748)
(1.311162519 0.08344139928 -0.03152876268)
(1.345338577 0.08589387237 -0.02893418016)
(1.289018526 0.0346357838 0.03290746843)
(1.343982904 0.05931148524 0.02896916683)
(1.350001644 0.03202629706 0.02969090118)
(1.303390523 0.06075650026 -0.03175948858)
(1.289028492 0.03462289413 -0.03290517984)
(1.34400604 0.05929640704 -0.02896868881)
(1.349985263 0.03200384171 -0.02969361946)
(-0.3863652659 0.04592985522 -0.001380261577)
(-0.3965147955 0.0147601553 0.06928452225)
(-0.3895408719 0.03082864504 0.07200694576)
(-0.4501505591 0.01080683934 -0.0004889615247)
(-0.4086455751 0.01508097508 -0.001467077847)
(-0.4305307732 0.03165153948 -0.000421249302)
(-0.3751216839 0.04475309075 0.06987194097)
(-0.2675249048 0.1029022686 0.06781145304)
(-0.2119145212 0.1375144765 -0.0001942790849)
(-0.2699117092 0.1031852157 -0.0002094643621)
(-0.3049134242 0.09027292735 -0.0005631636071)
(-0.2389807351 0.1220641286 0.07120596703)
(-0.2423910381 0.1233024915 -0.000469343737)
(-0.3008102121 0.08931650895 0.06971838287)
(-0.3370180275 0.07572976518 -0.001086892211)
(-0.3451843953 0.05958753189 0.0747673515)
(-0.2658671373 0.1038085624 0.07252829536)
(-0.3089187879 0.08524396949 -0.0005042264262)
(-0.3760190132 0.06274816222 -0.0002403096748)
(-0.2724638922 0.1060835498 -0.0009630399281)
(-0.3289619687 0.07382874023 0.07162601102)
(-0.3311404899 0.02192222892 0.0002862223104)
(-0.3076819947 0.06458638525 -0.06654278986)
(-0.3105836895 0.06487996632 0.0002620734166)
(-0.350321869 0.05625538934 0.0007111933665)
(-0.3667813954 0.01853247763 -0.06777048657)
(-0.3723986232 0.01873967636 0.0007667035914)
(-0.3451078033 0.055489996 -0.06829735914)
(-0.3863656321 0.04592924159 0.001381363265)
(-0.4501541965 0.01081132024 0.0004884110959)
(-0.3965220086 0.01476821942 -0.0692846615)
(-0.3895475355 0.03083031926 -0.07200437993)
(-0.4086479726 0.01508374786 0.001467380798)
(-0.4305332045 0.03165191805 0.0004247545128)
(-0.3751212209 0.04475166318 -0.0698731111)
(-0.2119257304 0.1375172121 0.0001899316943)
(-0.2675561954 0.1028726273 -0.06781154073)
(-0.2699215249 0.1031779191 0.0002108034903)
(-0.3049151785 0.09026406495 0.0005613271586)
(-0.2389553012 0.1220562386 -0.07120595543)
(-0.2423875848 0.123297773 0.0004645514824)
(-0.3008135389 0.08928645259 -0.06971943581)
(-0.3370168876 0.07572891076 0.001086479108)
(-0.3089169214 0.0852397859 0.0005078546878)
(-0.3451845429 0.05958686738 -0.0747701064)
(-0.265835111 0.1037879752 -0.07252407462)
(-0.3760197962 0.06274763952 0.0002394033528)
(-0.2724533999 0.1060774721 0.000965352783)
(-0.3289560231 0.07382896723 -0.07162558511)
(-0.09716721923 0.1841260534 0.06698419584)
(-0.1153568105 0.1741312296 -3.793147012e-05)
(-0.09754716127 0.1841529692 -1.699637338e-05)
(-0.03736298889 0.194849242 -1.122445475e-05)
(-0.04136411611 0.1855813769 0.07025962575)
(-0.04194753943 0.1855855151 -4.575666316e-05)
(-0.03699548868 0.1948844733 0.06816350003)
(0.0433174805 0.1653283091 -1.49027689e-06)
(0.002144622386 0.1860974151 0.06563094779)
(0.002051760799 0.1860704665 2.708644229e-06)
(0.01567128847 0.1929681034 2.295592596e-06)
(0.06832080389 0.1747132887 0.06655677566)
(0.06811575198 0.1746774005 -6.380752804e-06)
(0.01583195116 0.1930277229 0.06687172782)
(0.02686215292 0.1913028138 -4.646943905e-06)
(0.03615323207 0.1831246948 0.07086023382)
(0.09051551157 0.1760855039 0.06813529045)
(0.1077472882 0.1711303887 -8.457222322e-05)
(0.03562616151 0.1829963703 -1.414570385e-05)
(0.0901160555 0.1760570033 -3.189884322e-05)
(0.0271208025 0.1913794252 0.06863800638)
(-0.06555547033 0.1887586235 -9.219562952e-06)
(-0.03422041681 0.194577244 -0.06512458958)
(-0.03420121321 0.1945292851 -5.425900135e-06)
(-0.08015512755 0.1897051132 -0.06536622497)
(-0.08047210776 0.1898717842 8.219175663e-06)
(-0.03453578356 0.198662051 -4.509374022e-05)
(-0.03438636808 0.1986110425 -0.06641134558)
(-0.1153971665 0.174107365 4.811740086e-05)
(-0.09726834316 0.1839212468 -0.06695026681)
(-0.09758289114 0.1840904543 4.936633446e-05)
(-0.03735061209 0.1947925315 -1.559672437e-05)
(-0.04130959622 0.1855257802 -0.07025679245)
(-0.04193306875 0.1855671687 3.692155271e-05)
(-0.036921054 0.1946730393 -0.06816588554)
(0.04332924997 0.1653255398 4.868178317e-06)
(0.002103603868 0.1861443134 -0.06563239978)
(0.002042883722 0.1860817274 -5.180008226e-06)
(0.01567507704 0.1930010732 -5.478756312e-06)
(0.06832576472 0.1747601191 -0.06655572872)
(0.06811934013 0.1746898701 9.061576067e-06)
(0.01583751574 0.1931601169 -0.06687287077)
(0.02688799559 0.1913223592 2.591469562e-06)
(0.1077504697 0.1711365629 8.094014271e-05)
(0.03621532779 0.1831441933 -0.07085623966)
(0.09052248939 0.1761391594 -0.06813616084)
(0.03564512311 0.1830039483 2.090686162e-05)
(0.09012077651 0.1760731033 3.226179012e-05)
(0.02720974576 0.1914492945 -0.0686375087)
(-0.06172924474 0.1209669145 -0.0003310291932)
(-0.1542358882 0.1214604094 0.07625187464)
(-0.06051731366 0.09204236239 0.07948759085)
(-0.1630185779 0.09903226232 -0.0001587595368)
(-0.1566337258 0.1234658846 -0.0005023166132)
(-0.06618379864 0.08981201557 -0.0002331661576)
(-0.06048945734 0.1231479027 0.07717480632)
(0.04607860938 0.1493726571 4.648449269e-05)
(0.04422775651 0.1685716351 0.07338671062)
(0.1317812265 0.1479243618 0.07358018004)
(0.119992825 0.1608901762 -0.0002094724679)
(0.04374602913 0.1682894092 -9.230339372e-05)
(0.1278944851 0.1475884963 -0.0002655378795)
(0.04963365128 0.1495971503 0.07709928377)
(-0.1325568078 0.1607963575 9.680481535e-05)
(-0.05445309341 0.1516641715 0.0001699239025)
(-0.1457093593 0.1431426569 -0.07368480901)
(-0.04654466496 0.1713262515 -0.07255447134)
(-0.1477008573 0.1442350618 0.0002256648384)
(-0.04733800071 0.1713492447 0.0001072560685)
(-0.05313795976 0.1511647403 -0.07492274044)
(-0.06171959942 0.1209689042 0.0003295464723)
(-0.1630156927 0.09902744327 0.0001540462963)
(-0.1542445396 0.1214349178 -0.07625338375)
(-0.060504899 0.09205734109 -0.07948426549)
(-0.1566348514 0.1234574648 0.0004979940362)
(-0.066179214 0.08981584282 0.0002328993546)
(-0.06046967714 0.1231581933 -0.07717349966)
(0.04607525964 0.1493707157 -4.9059701e-05)
(0.1199898807 0.1608975084 0.0002052564287)
(0.04421150345 0.1685858857 -0.0733845229)
(0.131783696 0.1479533165 -0.07358362869)
(0.0437415459 0.1682947068 9.588412076e-05)
(0.1278937602 0.1475939032 0.0002602048844)
(0.04961969494 0.1495910318 -0.07709653163)
(0.2362852341 0.1180474188 -5.911035453e-05)
(0.1585108414 0.1506688954 0.06773553005)
(0.2680595186 0.1193852591 0.06886120025)
(0.1868591858 0.1491880178 -4.027151809e-05)
(0.1582357643 0.1506119597 -1.832293772e-05)
(0.2674231025 0.1194908548 -8.702497448e-05)
(0.2365862415 0.1181869191 0.06710057158)
(0.2784845185 0.06873853453 0.0640439426)
(0.4319728762 0.04648797811 -2.708353021e-05)
(0.278358672 0.06877194102 -3.495049817e-06)
(0.3087363301 0.07672003181 -2.489238497e-05)
(0.4513194082 0.05200221039 0.06397881835)
(0.4508664017 0.05201519711 -6.773861315e-05)
(0.3090561968 0.07675845748 0.06505338623)
(0.3416502778 0.08038884383 -7.392207598e-05)
(0.3720564418 0.07857252686 0.0697032056)
(0.4706584764 0.05515046183 0.06475662064)
(0.4932619729 0.05708312702 -0.000224485797)
(0.3693403091 0.07822421541 7.72575475e-05)
(0.4700809901 0.05498222043 -0.0001565793186)
(0.3417674223 0.08061087007 0.06668817426)
(0.09552969659 0.1352299477 2.040427328e-05)
(0.1693414757 0.1006529633 -0.06458565646)
(0.1692163308 0.100696157 2.323914726e-05)
(0.2030271724 0.1118610504 3.042899554e-05)
(0.1278101316 0.1462872331 -0.06624958422)
(0.1276666086 0.146238337 9.61472503e-06)
(0.2032541189 0.1118777516 -0.06566308611)
(0.2362976201 0.118051623 6.01210459e-05)
(0.1868664725 0.1491992439 4.50610149e-05)
(0.1585605484 0.1506863235 -0.06773481892)
(0.2680914654 0.1193753879 -0.06886134183)
(0.1582509979 0.1506189091 2.10375587e-05)
(0.2674309639 0.1194881608 8.951330588e-05)
(0.2366291211 0.1181951355 -0.06710137789)
(0.4319841687 0.04647706436 3.20219175e-05)
(0.2784762128 0.06876757962 -0.06404282274)
(0.2783550639 0.06878145193 1.113085359e-05)
(0.3087297692 0.07673461143 2.561515917e-05)
(0.4513210357 0.05200141057 -0.06398023159)
(0.4508672492 0.05201616605 7.106942029e-05)
(0.3090317174 0.07680472663 -0.06505315939)
(0.3416473135 0.08039694219 7.466453614e-05)
(0.4932510277 0.05709077053 0.0002292548154)
(0.3720470245 0.07858850563 -0.06970835272)
(0.4706612054 0.05516663006 -0.06475980085)
(0.3693333131 0.07822855284 -7.824886437e-05)
(0.4700793901 0.0549884466 0.0001584896966)
(0.3417600165 0.08063413165 -0.06668874154)
(0.6275066845 0.03016965777 0.06213829182)
(0.6256106835 0.03216315596 -1.308074819e-05)
(0.6275404048 0.03019935394 -8.10275651e-08)
(0.8563343016 0.04096350666 -2.849393636e-05)
(0.8457249429 0.03769793097 0.06082107111)
(0.845582884 0.03757041793 -4.188723465e-05)
(0.8564009346 0.04098703221 0.06072398209)
(1.057095967 0.05652512471 -5.656226872e-05)
(1.042852926 0.04849781585 0.05931713844)
(1.200778977 0.07464038892 0.05687338816)
(1.185136232 0.06117293988 -5.997999064e-05)
(1.04255336 0.04835247315 -8.60244238e-05)
(1.200592632 0.07304618226 -7.174433848e-05)
(1.05728984 0.05661074492 0.05911987762)
(0.6256072476 0.03217201176 9.010502621e-06)
(0.6275342127 0.03016644392 -0.06213783037)
(0.6275493154 0.03019863762 1.008724917e-05)
(0.8563466998 0.04096303446 3.276168885e-05)
(0.8457249138 0.03771679285 -0.06082116512)
(0.8455801812 0.03757632744 4.666403103e-05)
(0.8564413083 0.04097914485 -0.06072769361)
(1.057093138 0.05652699586 5.796390852e-05)
(1.185145089 0.06116603887 6.696568622e-05)
(1.042853096 0.04850479314 -0.05932078194)
(1.200750016 0.07463735873 -0.05687422666)
(1.042552363 0.04835315088 9.092575759e-05)
(1.200584386 0.07304277561 6.788883504e-05)
(1.057285985 0.05661565534 -0.05912119138)
(0.8294975499 0.02437925909 -0.0001576689305)
(0.6556792876 0.03383803537 0.06509173227)
(0.8433941683 0.01131716913 0.06216982104)
(0.6695155524 0.02890464972 4.073162064e-05)
(0.6554757585 0.03372433504 -0.000145988429)
(0.8407352859 0.008210374889 -0.0002483038389)
(0.829934238 0.02626526053 0.06211580599)
(1.02412215 0.02888711827 1.818449275e-05)
(1.036373509 0.04005966468 0.06011868588)
(1.166990998 0.03641125721 0.05684414437)
(1.170552935 0.04885513183 -0.000137641676)
(1.036441195 0.0397831899 -0.0001564365091)
(1.1649052 0.03348021048 -0.0001936407042)
(1.025867705 0.0293087855 0.06329544036)
(0.628848408 0.03457748042 1.777753439e-05)
(0.8344591444 0.03404988833 0.0001050651631)
(0.6380522667 0.03590940175 -0.06357259148)
(0.8389554117 0.03515308798 -0.06132214225)
(0.6375861411 0.03584848125 3.014473216e-05)
(0.838769118 0.03480637466 7.558206515e-05)
(0.8348412827 0.03411797334 -0.06170468161)
(0.8295016635 0.02437867225 0.000160702354)
(0.6695169627 0.02890648503 -3.817663291e-05)
(0.6556887331 0.03383968558 -0.06509297712)
(0.8433990991 0.01131452289 -0.06217294855)
(0.6554779252 0.03372604135 0.000149893658)
(0.8407378338 0.0082100033 0.0002534256554)
(0.8299465789 0.02626182482 -0.06211896276)
(1.024118604 0.02889115057 -1.746004278e-05)
(1.17055414 0.04885658273 0.0001398794389)
(1.036367875 0.0400746022 -0.06011845194)
(1.166980445 0.03642084562 -0.05684430135)
(1.036439527 0.03978802985 0.0001581139225)
(1.16490328 0.03348765417 0.0001952294054)
(1.025856354 0.02931920013 -0.06329624418)
(0.2456273968 0.1302864314 0.07630985765)
(0.2978552662 0.1119935637 0.07112402991)
(0.2151744952 0.1422562285 -0.0001544248993)
(0.241786116 0.1300843859 -4.497559059e-05)
(0.2970925862 0.1094497277 -0.0001464195745)
(0.3304198639 0.09231031964 -0.0002211402981)
(0.3342320155 0.09567313315 0.07309931558)
(0.2151694236 0.1422698459 0.0001604077616)
(0.2455859033 0.1303271588 -0.07630377367)
(0.297851354 0.1119757748 -0.07112260085)
(0.2417657079 0.1300943941 4.76857077e-05)
(0.2970878166 0.1094427381 0.0001506204144)
(0.3303980654 0.0923030597 0.0002200564901)
(0.3341833118 0.09565086266 -0.07309561354)
(-0.005200759922 0.02468797467 -0.0001305757514)
(-0.002397215854 0.01437757811 -0.0001209329469)
(-0.0008819623494 0.004763280501 -0.000110928667)
(-0.003245685436 0.009035033305 0.02837019445)
(-0.001190549733 0.005208238797 0.01796642182)
(4.155328193e-05 0.001731688799 0.01017858242)
(-0.003468535512 0.009006473184 -0.0001281943734)
(-0.001250606727 0.005196664271 -0.0001199031767)
(-0.0004471806905 0.001686299168 -0.0001092834189)
(-0.004974631738 0.02467949416 0.02901423013)
(-0.002333091025 0.01436229077 0.01825717284)
(-0.0003859756343 0.004815999695 0.01035751808)
(-0.009745668226 0.03306785513 -0.0001145466592)
(-0.005373466216 0.01924447401 -0.0001100205979)
(-0.001963429403 0.006343256568 -0.0001079200158)
(-0.009585596258 0.03317228063 0.03075916305)
(-0.00535293865 0.01930152108 0.01911623768)
(-0.001477868141 0.006497524387 0.01087929809)
(-0.005200647217 0.02468846535 0.0001306609807)
(-0.002397182624 0.01437787173 0.0001209848255)
(-0.0008819521391 0.004763371532 0.0001109589408)
(-0.003246081554 0.00903637659 -0.02837017259)
(-0.001190724549 0.005209078903 -0.01796637013)
(4.151176794e-05 0.001731991591 -0.01017854853)
(-0.003468474184 0.009006933167 0.0001281069263)
(-0.00125057719 0.005196926478 0.0001198453509)
(-0.0004471683667 0.001686384042 0.0001092490286)
(-0.004974838407 0.02468110131 -0.02901433939)
(-0.002333202856 0.01436329179 -0.01825720136)
(-0.0003860177296 0.004816365 -0.01035753826)
(-0.009745447209 0.03306800463 0.0001147136501)
(-0.005373387632 0.01924452765 0.0001101332608)
(-0.001963411256 0.006343254409 0.0001079886098)
(-0.009585621076 0.03317338213 -0.0307593643)
(-0.005353041993 0.01930222063 -0.01911633435)
(-0.001477939268 0.006497791046 -0.01087936357)
)
;

boundaryField
{
    inlet
    {
        type            fixedValue;
        value           nonuniform 0();
    }
    outlet
    {
        type            zeroGradient;
    }
    topAndBottom
    {
        type            symmetry;
    }
    frontAndBack
    {
        type            empty;
    }
    cylinder
    {
        type            noSlip;
    }
    procBoundary3to1
    {
        type            processor;
        value           nonuniform List<vector> 
125
(
(-0.4050115433 0.02898258415 5.416871499e-07)
(-0.3401816453 0.0536950091 -1.904976981e-21)
(-0.2339882747 0.07169423037 -1.333991004e-22)
(-0.1043871656 0.08215959979 -3.650496719e-26)
(0.03761921731 0.08452316437 3.754584406e-23)
(0.1789748653 0.08100076082 -4.622594748e-24)
(0.3113071398 0.07369225987 -2.125251629e-22)
(0.4298008661 0.06477737599 1.843140448e-22)
(0.5325370418 0.05570830776 -3.233404094e-23)
(0.6197784356 0.04723985724 -2.759799231e-22)
(0.6929549315 0.03968156541 2.755783148e-22)
(0.753894939 0.03308998513 -2.248014078e-22)
(0.804400827 0.02738519663 4.204066347e-22)
(0.8460475695 0.02242758006 -3.641232063e-22)
(0.8801103055 0.01807484706 3.390858352e-23)
(0.9075814566 0.01422283094 1.516506892e-22)
(0.9292523196 0.01082745836 0)
(0.9458285829 0.007903366658 -8.213444026e-23)
(0.9580367059 0.005498250895 8.790636782e-23)
(0.9666780385 0.003652003838 6.394355943e-23)
(0.9726088177 0.002359199642 -9.137112859e-23)
(0.9766604294 0.001553376058 3.799261517e-24)
(0.9795435714 0.00111957093 2.228177919e-23)
(0.9817824603 0.0009256958254 -1.888011527e-23)
(0.9837020935 0.0008549842801 3.208333324e-23)
(0.9854619759 0.0008254499697 -1.538999806e-23)
(0.9871122793 0.0007927750143 -2.260906211e-23)
(0.9886483089 0.0007417408388 1.31679042e-23)
(0.9900495462 0.0006740074463 9.917378429e-24)
(0.991300747 0.0005978344572 7.820620596e-24)
(0.9923991352 0.0005217453922 -1.467457408e-23)
(0.9933534136 0.0004517028864 7.052141003e-24)
(0.9941793551 0.000390554209 5.450952197e-24)
(0.9948950151 0.0003386894297 -9.913108162e-24)
(0.9955171534 0.0002949884869 6.679235087e-24)
(0.9960601619 0.0002579118004 -2.887856868e-24)
(0.9965357071 0.0002260392397 3.372832036e-24)
(0.9969528339 0.0001983162716 -1.892112654e-25)
(0.9973189336 0.0001740544914 -1.389962062e-24)
(0.9976403286 0.0001527931127 1.646232617e-24)
(0.997922564 0.000134176484 -2.028108057e-24)
(0.998170526 0.0001178891943 1.787061831e-24)
(0.9983884954 0.0001036391791 -8.372138831e-25)
(0.9985802038 9.115915295e-05 -3.075788192e-25)
(0.998748897 8.021885854e-05 3.483057002e-25)
(0.9988973978 7.062039694e-05 -7.717390632e-25)
(0.9990281701 6.219290591e-05 2.706213258e-25)
(0.9991433681 5.478861987e-05 -1.962859774e-25)
(0.9992448797 4.828103987e-05 2.338454555e-26)
(0.9993343598 4.25599871e-05 1.729542661e-25)
(0.9994132596 3.752953122e-05 1.340856736e-25)
(0.9994828522 3.310588882e-05 -1.275557554e-25)
(0.9995442571 2.921527469e-05 2.273759316e-25)
(0.9995984585 2.579304568e-05 9.612835829e-26)
(0.9996463225 2.27827404e-05 -4.60204286e-27)
(0.999688612 2.013516853e-05 -7.559367446e-26)
(0.9997259993 1.780731851e-05 8.926839284e-27)
(0.9997590775 1.576152452e-05 4.67141296e-27)
(0.9997883701 1.396493175e-05 -2.582532754e-26)
(0.9998143399 1.238893331e-05 -4.247233164e-26)
(0.9998373966 1.100854909e-05 2.905333724e-27)
(0.999857903 9.801882104e-06 2.643129427e-27)
(0.9998761843 8.749687722e-06 -2.302886239e-26)
(0.9998925195 7.835205771e-06 -1.388986209e-26)
(0.9999071981 7.043407575e-06 4.714787945e-27)
(0.9999203208 6.363518987e-06 -2.680869285e-27)
(0.9999325829 5.774933054e-06 2.681404318e-27)
(0.9999421276 5.320072105e-06 -2.212294669e-28)
(0.9999564223 4.70915558e-06 2.221489977e-28)
(-0.123417592 -0.02968147183 0.0597826052)
(-0.3280056269 -0.0216991212 0.06601259195)
(-0.4475813586 -0.003308790823 0.04113388116)
(-0.06719799913 -0.02853698955 0.05885664759)
(-0.06719661202 -0.0285355888 -0.05885656028)
(-0.2833326007 -0.02442449848 0.06416603636)
(-0.1234108382 -0.02967525404 -0.05978262473)
(-0.2833373709 -0.02442610872 -0.06416670783)
(-0.06735138693 -0.02850151661 -2.329548566e-06)
(-0.01594032977 -0.02165934259 0.05718985332)
(-0.01639511692 -0.02160755907 -1.791075085e-05)
(-0.06735055477 -0.02850111609 1.608674333e-06)
(-0.01594255602 -0.02166076059 -0.05719006084)
(-0.01639539407 -0.02160807028 1.764567292e-05)
(-0.4078407921 -0.01032317875 0.07144525751)
(-0.3279990944 -0.02170517322 -0.06601273089)
(-0.4078459658 -0.01033784506 -0.07144771338)
(-0.1236477325 -0.02966080301 -1.377040517e-05)
(-0.1800744236 -0.02858159613 0.06095327228)
(-0.1804288774 -0.02857033558 -3.2925189e-05)
(-0.2337399583 -0.02670855083 0.06244552005)
(-0.2847615252 -0.02445672082 -0.0001264532088)
(-0.2343959496 -0.02671057036 -6.21330873e-05)
(-0.1236455153 -0.02965884187 1.364849636e-05)
(-0.1800720457 -0.02857345889 -0.06095358758)
(-0.1804281222 -0.02856740015 3.326987922e-05)
(-0.2847630952 -0.02445649799 0.0001257239084)
(-0.2337475884 -0.02670261908 -0.06244604393)
(-0.2343981433 -0.02670808565 6.277090999e-05)
(-0.4660387573 0.009898745801 0.04191217084)
(-0.4475875101 -0.003311310929 -0.0411338114)
(-0.4660403554 0.009896181524 -0.04191197718)
(-0.3311392536 -0.02179694558 -0.0002872234371)
(-0.3667862979 -0.01840315466 0.06776975949)
(-0.3724010382 -0.01861764263 -0.0007663049186)
(-0.3965204894 -0.01464451397 0.06928370023)
(-0.4501636901 -0.01069139059 -0.0004889882903)
(-0.4086520106 -0.01496298583 -0.001467125328)
(-0.3311381994 -0.02179793172 0.0002859313307)
(-0.3667814332 -0.01841023882 -0.06776989994)
(-0.3723998337 -0.01861955924 0.000766560574)
(-0.4501670997 -0.01069590882 0.0004884197454)
(-0.3965268291 -0.01465161586 -0.06928377483)
(-0.4086540812 -0.01496535882 0.0014673646)
(-0.003244146457 -0.009023850035 0.02837012252)
(-0.001189671331 -0.005202082127 0.0179663754)
(4.184336431e-05 -0.001729690847 0.01017853341)
(-0.003467028862 -0.008995444854 -0.0001282004417)
(-0.001249738811 -0.005190612862 -0.0001199090287)
(-0.0004468952956 -0.001684378376 -0.0001092870488)
(-0.003244641483 -0.009024337866 -0.02837001747)
(-0.001189855408 -0.005202365568 -0.01796626607)
(4.181129237e-05 -0.001729784317 -0.01017846515)
(-0.003467005387 -0.008995562543 0.0001280466396)
(-0.001249714225 -0.005190653345 0.0001198042809)
(-0.0004468782122 -0.001684380929 0.0001092242546)
)
;
    }
    procBoundary3to2
    {
        type            processor;
        value           nonuniform List<vector> 
103
(
(1.343337354 0.1127660447 0.02804185191)
(1.343284266 0.1127584726 -0.02804514126)
(1.308823024 0.1342168385 0.02399864216)
(1.289385302 0.1253651465 0.02231043838)
(1.308845104 0.1342230354 -0.02399555296)
(1.289387196 0.1253456526 -0.0223095539)
(1.251087763 0.1162199716 -1.928532741e-06)
(1.218019259 0.0986901531 0)
(1.190912869 0.0832983743 -2.796543334e-22)
(1.168791059 0.07051447791 1.00605563e-22)
(1.150610787 0.06015443512 -8.884448558e-23)
(1.135484273 0.05155712183 8.165418949e-23)
(1.122804419 0.04438737121 1.052802884e-23)
(1.11212007 0.03832819274 5.369961964e-23)
(1.103085405 0.0331361078 -7.391433604e-24)
(1.095437435 0.02861164254 1.985671644e-23)
(1.088969452 0.02460650606 -8.135944368e-23)
(1.083524458 0.02100275416 -7.214812519e-23)
(1.078978456 0.01770770552 1.164724255e-23)
(1.075232563 0.0146506205 0)
(1.072212325 0.01177375288 0)
(1.069859832 0.00903182448 -1.551070889e-23)
(1.068130843 0.006386439762 2.118799073e-23)
(1.066994617 0.003808672082 -2.587541647e-23)
(1.066430989 0.001264778462 4.430595931e-23)
(-0.02318182203 0.04214667845 -0.0001399996173)
(-0.01347853534 0.03112290769 0.0331162059)
(-0.02268228433 0.04228663291 0.05746548103)
(-0.01361608325 0.03106143725 -0.0001067627559)
(-0.01207883042 0.03416053168 0.03002468342)
(-0.01240894853 0.03410214344 -0.000150296003)
(-0.01207704507 0.0341569261 -0.03002384013)
(-0.01240834739 0.03410072559 0.0001505754205)
(-0.03186518565 0.04753120825 6.577142318e-05)
(-0.02385342265 0.08670268915 5.762142529e-06)
(-0.03172568805 0.04751518286 0.06633041691)
(-0.02381573845 0.08683659763 0.0661058958)
(-0.02381573845 0.08683659763 0.0661058958)
(-0.02385342265 0.08670268915 5.762142529e-06)
(-0.02318342578 0.04214610408 0.0001397628386)
(-0.0134756961 0.03111602624 -0.03311827537)
(-0.02268707739 0.04228503887 -0.05746380136)
(-0.01361478959 0.03105822872 0.0001062141989)
(-0.03186636479 0.0475363672 -6.727021213e-05)
(-0.02386613498 0.08671267547 -8.041861986e-06)
(-0.03173081422 0.04753278323 -0.06633218954)
(-0.02386166039 0.086871146 -0.06610518973)
(-0.02386166039 0.086871146 -0.06610518973)
(-0.02386613498 0.08671267547 -8.041861986e-06)
(0.007998949289 0.07164017232 0.06614452237)
(0.007997824327 0.07161678741 2.096407267e-05)
(0.08198945043 0.05016365801 -2.789113487e-06)
(0.08193696927 0.05019155561 0.06571505882)
(0.2125155483 0.03172887211 -3.06293452e-07)
(0.4029959188 0.02356625285 0.06388162521)
(0.4030972623 0.02361825621 -4.880180507e-06)
(0.2124678115 0.03167960772 0.06495519392)
(0.008034334445 0.07165556958 -0.06614252116)
(0.008007226902 0.07162241996 -1.562735424e-05)
(0.08199311202 0.05016453527 2.784187345e-08)
(0.08194601418 0.0501894665 -0.06571762091)
(0.2125177802 0.0317315111 2.537825182e-06)
(0.4030682961 0.02353462331 -0.06388088702)
(0.4031237306 0.02360790388 1.117574188e-05)
(0.2124637037 0.03169089417 -0.06495702759)
(0.6350666328 0.02888973718 0.06267753542)
(0.6351232067 0.02898600581 -9.803786498e-06)
(0.8735268768 0.045200303 -1.15573027e-05)
(0.8735487452 0.04507622316 0.06127854414)
(1.303071785 0.09893622802 0.05541078556)
(1.301557181 0.09872514447 -5.286076416e-05)
(1.338659687 0.1030456998 -9.545031179e-05)
(1.340432511 0.105385006 0.05223915582)
(1.343337354 0.1127660447 0.02804185191)
(1.303071329 0.09893739332 -0.05541017756)
(1.301552044 0.09872239743 5.642609325e-05)
(1.338654456 0.1030285187 9.53068236e-05)
(1.340426846 0.1053525576 -0.05223739231)
(1.343284266 0.1127584726 -0.02804514126)
(1.076950953 0.0666569424 -1.322703244e-05)
(1.219950795 0.08745907933 0.05666792735)
(1.219832261 0.08741047296 -5.24257777e-05)
(1.077080235 0.0666234093 0.05927506695)
(0.6351531096 0.02886559095 -0.06267936743)
(0.6351528147 0.0289798957 1.269112967e-05)
(0.8735426884 0.04521361498 7.233543865e-06)
(0.8735822522 0.04510898517 -0.06127909293)
(1.076934688 0.0666704073 1.320409601e-05)
(1.219936737 0.0874713072 -0.05666744933)
(1.219821788 0.08741215286 5.367685838e-05)
(1.077041461 0.06666297478 -0.05927504295)
(-0.01207883042 0.03416053168 0.03002468342)
(-0.00703135153 0.0195818031 0.02015729851)
(-0.002061560472 0.006516423616 0.01143710546)
(-0.01207704507 0.0341569261 -0.03002384013)
(-0.007030340492 0.01957975626 -0.02015703242)
(-0.002061274642 0.006515751325 -0.01143718958)
(-0.01240894853 0.03410214344 -0.000150296003)
(-0.00709634041 0.01958507733 -0.0001422281328)
(-0.002574462191 0.006337778291 -0.0001288663168)
(-0.01240834739 0.03410072559 0.0001505754205)
(-0.007096067856 0.01958433194 0.0001424223901)
(-0.002574415971 0.006337563577 0.0001289850574)
)
;
    }
}


// ************************************************************************* //
