/*--------------------------------*- C++ -*----------------------------------*\
| =========                 |                                                 |
| \\      /  F ield         | OpenFOAM: The Open Source CFD Toolbox           |
|  \\    /   O peration     | Version:                                        |
|   \\  /    A nd           | Website:  www.openfoam.com                      |
|    \\/     M anipulation  |                                                 |
\*---------------------------------------------------------------------------*/
FoamFile
{
    version     2.0;
    format      ascii;
    class       volVectorField;
    location    "1.9";
    object      U;
}
// * * * * * * * * * * * * * * * * * * * * * * * * * * * * * * * * * * * * * //

dimensions      [0 1 -1 0 0 0 0];


internalField   nonuniform List<vector> 
2429
(
(1.04908013 1.706278161e-05 -3.707896887e-24)
(1.04884645 0.0002118188323 3.762993112e-24)
(1.048224332 0.0003977970491 0)
(1.047237581 0.0005698800979 0)
(1.04591949 0.0007237245604 -1.527624836e-23)
(1.044311154 0.0008560671807 1.527606061e-23)
(1.042459042 0.0009648409769 -1.085469301e-24)
(1.04041246 0.001049190449 0)
(1.038221159 0.00110938788 1.005173123e-23)
(1.035933272 0.001146651954 -7.801335853e-24)
(1.03359364 0.001162914818 0)
(1.031242406 0.001160705801 -4.208034174e-24)
(1.028914526 0.001142961934 8.016670441e-24)
(1.026638921 0.001110447443 0)
(1.024439191 0.001066226029 6.828218661e-24)
(1.022335302 0.001013752083 1.95710365e-23)
(1.020341542 0.000955829973 0)
(1.018466992 0.0008946677603 -2.698897388e-24)
(1.016716791 0.0008320132534 -7.621039366e-24)
(1.015092852 0.0007692528502 -2.252267748e-24)
(1.013594482 0.0007075064682 2.255543016e-24)
(1.012218861 0.0006476953269 0)
(1.010961455 0.0005905509672 -1.672723336e-24)
(1.009816458 0.0005365817748 1.674582499e-24)
(1.008777267 0.0004860592051 0)
(1.007836901 0.0004390642552 -1.214548639e-24)
(1.006988288 0.0003955720793 3.501242644e-24)
(1.006224412 0.0003555194186 0)
(1.005538386 0.0003188251512 1.825971668e-24)
(1.004923522 0.000285378847 7.74354406e-25)
(1.004373402 0.000255029043 6.768115571e-25)
(1.003881961 0.0002275877271 -6.141243455e-25)
(1.003443531 0.0002028465119 2.31046309e-24)
(1.003052864 0.0001805926087 -5.465094634e-25)
(1.002705134 0.000160618298 -2.156394911e-25)
(1.002395919 0.0001427247799 8.305893425e-25)
(1.002121189 0.0001267234356 -1.662815303e-25)
(1.001877284 0.0001124365415 1.507320925e-25)
(1.001660892 9.969796089e-05 -1.711292085e-26)
(1.001469024 8.835361757e-05 1.159092558e-25)
(1.001298992 7.826139754e-05 0)
(1.001148379 6.929307904e-05 0)
(1.001015034 6.132185003e-05 0)
(1.000897047 5.430254722e-05 0)
(1.000792708 4.80880642e-05 0)
(1.000700407 4.257459801e-05 0)
(1.000618775 3.768426315e-05 2.534972352e-26)
(1.000546596 3.334846951e-05 -3.808893135e-25)
(1.000482788 2.950566281e-05 -3.233639101e-26)
(1.000426391 2.610100965e-05 -2.860282e-25)
(1.000376551 2.308586713e-05 -2.696009144e-25)
(1.000332514 2.041630675e-05 7.761474719e-27)
(1.000293607 1.805304639e-05 1.519270881e-27)
(1.000259239 1.596141567e-05 -2.189469394e-27)
(1.000228882 1.411082445e-05 6.709687623e-28)
(1.000202071 1.247374335e-05 -1.456506614e-25)
(1.000178392 1.102602746e-05 4.893544734e-28)
(1.000157482 9.745717579e-06 6.956992266e-27)
(1.000139017 8.613699745e-06 -3.25772122e-27)
(1.000122713 7.61304545e-06 5.039334307e-27)
(1.000108315 6.728572641e-06 -5.03472779e-27)
(1.000095602 5.946691228e-06 6.538324952e-26)
(1.000084377 5.255493617e-06 -6.36031355e-26)
(1.000074465 4.644589066e-06 6.679419632e-27)
(1.000065713 4.105230616e-06 -4.928233101e-27)
(1.000057985 3.628630002e-06 9.084298826e-27)
(1.000051159 3.207563326e-06 -4.1567797e-27)
(1.000045133 2.835604863e-06 -1.911673285e-26)
(1.000039802 2.506873168e-06 -5.577351988e-27)
(1.000035121 2.217088454e-06 0)
(1.000030879 1.957413821e-06 5.157381775e-27)
(1.000027606 1.748141437e-06 -2.079706321e-27)
(1.000023077 1.449519367e-06 2.084912861e-27)
(1.049473312 5.302472343e-05 -4.55136893e-24)
(1.049226712 0.0006450259352 1.276954325e-23)
(1.04858128 0.00120895614 -8.416146268e-24)
(1.047561969 0.001729512079 1.39939178e-23)
(1.04620404 0.002193883019 1.836458237e-24)
(1.044550869 0.002592525291 -1.582974017e-23)
(1.042651203 0.002919492499 1.084961001e-24)
(1.040556461 0.003172409845 2.317602147e-24)
(1.038318258 0.003352174236 -1.12995041e-24)
(1.035986255 0.003462448627 -1.119202131e-24)
(1.03360622 0.003509159731 0)
(1.031218384 0.003500384112 4.201064421e-24)
(1.028859638 0.00344318041 -3.113999801e-23)
(1.026560204 0.003344016927 2.741097683e-23)
(1.024343018 0.003210916823 0)
(1.022226494 0.003053277562 -2.627226599e-23)
(1.020224222 0.002879107965 0)
(1.018344842 0.002694975685 -1.647115041e-23)
(1.016592961 0.002506199915 2.084239747e-23)
(1.014969918 0.00231707216 1.411722719e-23)
(1.013474425 0.002131062735 0)
(1.012103115 0.001950955697 -1.119869933e-23)
(1.010851039 0.001778878659 3.624829345e-24)
(1.009712122 0.001616283776 6.137979528e-24)
(1.008679575 0.001463986512 5.507633149e-24)
(1.007746227 0.001322305677 4.933050863e-24)
(1.006904775 0.001191248002 -2.239849369e-24)
(1.006147967 0.001070647874 -9.419961934e-25)
(1.005468734 0.0009602255819 9.119381815e-25)
(1.004860278 0.0008595939281 -2.313588007e-24)
(1.004316146 0.0007682615737 -1.336469278e-24)
(1.003830266 0.0006856560963 7.373272761e-26)
(1.003396977 0.0006111600497 -5.299889949e-25)
(1.00301104 0.0005441440908 -4.676933751e-25)
(1.00266764 0.0004839890922 4.677037419e-25)
(1.002362369 0.000430098397 -7.861231029e-25)
(1.002091218 0.0003819040127 3.487200694e-25)
(1.001850548 0.000338870584 0)
(1.001637072 0.0003004980034 -2.684386149e-25)
(1.001447826 0.0002663225088 -2.430246244e-25)
(1.001280146 0.0002359166929 0)
(1.001131641 0.000208893691 0)
(1.001000179 0.000184881481 -7.912962354e-26)
(1.000883878 0.0001636852126 6.658161229e-25)
(1.000781019 0.0001449060769 0)
(1.000690034 0.0001282493435 2.752262119e-26)
(1.000609574 0.000113480606 -5.189923869e-26)
(1.000538439 0.0001003911668 3.718433687e-25)
(1.000475559 8.879399517e-05 2.469308981e-27)
(1.000419988 7.852237649e-05 3.08584844e-25)
(1.000370883 6.942924052e-05 2.56328947e-25)
(1.000327497 6.138066562e-05 0)
(1.000289168 5.425795001e-05 0)
(1.000255311 4.79565143e-05 1.791483136e-25)
(1.000225406 4.238343286e-05 1.464042652e-25)
(1.000198996 3.745478937e-05 2.815642939e-25)
(1.00017567 3.309879569e-05 -4.064161535e-27)
(1.000155073 2.924648147e-05 0)
(1.000136886 2.584084692e-05 0)
(1.000120827 2.283161313e-05 0)
(1.000106648 2.01731509e-05 -6.799872074e-26)
(1.000094128 1.782410113e-05 -1.322095557e-25)
(1.000083073 1.574810944e-05 2.823340022e-27)
(1.000073312 1.391389032e-05 -7.261935754e-27)
(1.000064692 1.229586906e-05 -1.615179692e-26)
(1.000057082 1.086511604e-05 3.192688427e-26)
(1.000050362 9.600726354e-06 -1.627619878e-26)
(1.000044429 8.484088534e-06 2.454042423e-26)
(1.000039182 7.497851988e-06 2.128086909e-27)
(1.000034574 6.62940441e-06 -2.128077263e-27)
(1.000030397 5.851848515e-06 4.922782695e-27)
(1.000027175 5.22721286e-06 0)
(1.000022715 4.332254289e-06 0)
(1.050269864 0.0001034027247 0)
(1.049996797 0.00110830035 1.024993071e-24)
(1.049303112 0.002064272549 -1.282590665e-23)
(1.04821676 0.002945023031 1.093096864e-23)
(1.046776934 0.003728684442 0)
(1.04503162 0.004399076618 0)
(1.043034378 0.004946315301 0)
(1.040841207 0.005366750129 -1.668877708e-23)
(1.038507716 0.00566239054 9.476485015e-24)
(1.036086626 0.005839973522 4.762130857e-24)
(1.033625412 0.00591016941 -4.444664608e-23)
(1.031165775 0.005886920846 1.774027105e-23)
(1.028747398 0.005782047663 1.557616582e-25)
(1.026401139 0.005608909075 3.343377068e-23)
(1.024148242 0.00538144724 -2.960019634e-23)
(1.022005758 0.00511397318 5.561876327e-25)
(1.019986155 0.004819324595 2.431400016e-23)
(1.01809701 0.004508385668 1.059937132e-23)
(1.016341827 0.00419011792 9.600604084e-24)
(1.014720805 0.003871774391 -1.453855249e-23)
(1.013231489 0.003559163507 -1.265717529e-23)
(1.011869393 0.003256851208 1.14520785e-23)
(1.010628612 0.002968257579 3.57627823e-24)
(1.009502353 0.002695711278 -1.27643999e-25)
(1.008483312 0.002440563463 -1.089132915e-23)
(1.007563927 0.002203393127 -4.933583913e-24)
(1.006736554 0.001984244114 -2.148373254e-24)
(1.005993632 0.001782813228 0)
(1.005327831 0.001598558239 -1.756852298e-24)
(1.004732169 0.001430750747 1.565209521e-24)
(1.004200075 0.001278513571 -6.497969991e-25)
(1.00372542 0.001140864191 6.498142023e-25)
(1.003302525 0.001016762911 -1.578168824e-24)
(1.002926155 0.0009051550538 5.761714946e-26)
(1.002591512 0.0008050021248 1.294017102e-24)
(1.002294224 0.0007153022063 -3.718669114e-25)
(1.002030318 0.0006351013233 -3.176832186e-25)
(1.001796203 0.0005635022264 5.992744551e-25)
(1.001588638 0.0004996683392 2.457341393e-25)
(1.001404709 0.0004428237822 2.210900276e-25)
(1.001241801 0.000392254288 -5.221683472e-25)
(1.001097572 0.0003473129841 2.778608919e-25)
(1.000969935 0.0003073967449 0)
(1.000857037 0.0002720899643 -5.866389104e-25)
(1.000757205 0.0002407987329 -6.033161145e-26)
(1.000668915 0.0002130540479 6.898242971e-27)
(1.000590856 0.0001884627273 6.109745394e-27)
(1.000521855 0.0001666740521 4.732259038e-26)
(1.000460872 0.000147376191 0)
(1.000406985 0.0001302902169 0)
(1.000359372 0.0001151746873 2.995823663e-25)
(1.00031731 0.0001017961283 -1.09730463e-25)
(1.000280155 8.995781619e-05 5.153051205e-26)
(1.000247339 7.94882483e-05 -1.739304294e-25)
(1.000218356 7.023311744e-05 -3.020884879e-25)
(1.00019276 6.20527492e-05 -1.360431786e-25)
(1.000170146 5.483349447e-05 -2.313709556e-25)
(1.000150184 4.8443731e-05 0)
(1.000132564 4.279182982e-05 0)
(1.000117009 3.779695875e-05 3.148109433e-27)
(1.000103277 3.338477401e-05 1.483439226e-25)
(1.000091152 2.948738579e-05 4.92116238e-27)
(1.000080446 2.604496534e-05 6.271160488e-26)
(1.000070991 2.300658622e-05 5.06385686e-26)
(1.000062637 2.033059322e-05 4.09545408e-26)
(1.000055265 1.796266796e-05 -3.484061225e-26)
(1.000048759 1.586935158e-05 0)
(1.000043017 1.402081468e-05 3.279052821e-26)
(1.000037938 1.238844155e-05 -2.123423551e-26)
(1.000033478 1.095136516e-05 0)
(1.000029435 9.664641371e-06 -5.206332679e-27)
(1.000026317 8.632174784e-06 0)
(1.000021997 7.150320432e-06 -1.183464585e-27)
(1.051492216 0.0001715248042 -5.371739191e-24)
(1.051178067 0.001617661522 7.399131355e-24)
(1.050408764 0.002991346148 0)
(1.049217339 0.004253638318 1.897692759e-23)
(1.047649401 0.005372470266 1.594070729e-24)
(1.045760357 0.006324528306 -1.86752875e-23)
(1.043611447 0.007096061418 0)
(1.041265902 0.007682661324 4.894032873e-24)
(1.038785269 0.008088384403 5.172501396e-24)
(1.036226343 0.008324395421 -4.756650182e-24)
(1.033640269 0.008407366245 4.373495391e-23)
(1.031074195 0.008355457339 -2.089900009e-23)
(1.028568181 0.008188258851 -4.270950223e-23)
(1.026151645 0.007926619813 3.001768798e-23)
(1.023845089 0.007591208305 -3.000094976e-23)
(1.021664229 0.007201873047 -3.86695068e-23)
(1.019619711 0.006776306956 3.70290765e-23)
(1.017717255 0.006329612653 -2.270903736e-23)
(1.015958505 0.005874346673 -1.009767753e-23)
(1.014341787 0.005420752965 8.647220843e-24)
(1.012862826 0.004977003021 -3.756630171e-25)
(1.011515495 0.004549350662 -7.454019147e-24)
(1.010292533 0.004142256609 -3.139718715e-24)
(1.009186086 0.003758596297 -2.872236089e-24)
(1.008188033 0.003399976668 5.293169975e-24)
(1.007290158 0.003067078474 -2.701079911e-25)
(1.00648428 0.002759925401 1.905058465e-24)
(1.005762407 0.002478053023 -2.189660867e-25)
(1.005116881 0.002220615736 -1.964518988e-25)
(1.004540487 0.001986477283 -1.303900013e-25)
(1.004026506 0.001774300078 0)
(1.003568729 0.001582628499 1.699570382e-24)
(1.003161445 0.001409956672 5.103333538e-25)
(1.002799427 0.001254775998 0)
(1.00247791 0.001115610938 -8.387275215e-25)
(1.002192572 0.0009910429868 1.846417463e-26)
(1.001939505 0.0008797225807 0)
(1.001715188 0.0007803865156 2.694547907e-25)
(1.001516455 0.0006918602345 -5.283391821e-25)
(1.001340464 0.0006130546103 0)
(1.001184677 0.000542968266 1.060256912e-26)
(1.001046825 0.000480700422 -3.457262484e-25)
(1.000924891 0.0004254202996 1.658067615e-25)
(1.000817067 0.0003764845818 0)
(1.00072175 0.0003331147885 0)
(1.000637473 0.000294686114 0)
(1.000562987 0.0002606278046 9.036214474e-26)
(1.000497165 0.0002304507797 -9.036274749e-26)
(1.000439006 0.0002037291172 -7.086921187e-26)
(1.000387626 0.0001800822373 7.084452435e-26)
(1.000342206 0.0001591948369 2.028696849e-25)
(1.000302099 0.0001406953754 -6.457460057e-25)
(1.000266695 0.0001243189637 0)
(1.000235437 0.0001098338551 3.079282514e-25)
(1.000207836 9.702924059e-05 -1.59958231e-25)
(1.000183456 8.571774451e-05 6.946417722e-27)
(1.000161895 7.575271824e-05 8.940048377e-25)
(1.000142876 6.69224084e-05 1.425928475e-25)
(1.000126107 5.910824916e-05 -7.031039974e-25)
(1.000111311 5.220283144e-05 5.402032831e-25)
(1.00009825 4.610397699e-05 -2.897990545e-25)
(1.00008672 4.07173837e-05 -1.398177346e-25)
(1.00007654 3.595944251e-05 1.110969369e-25)
(1.00006755 3.175730915e-05 0)
(1.000059605 2.805051452e-05 0)
(1.00005259 2.477215109e-05 0)
(1.000046399 2.187696368e-05 4.147124303e-28)
(1.000040933 1.93228769e-05 -1.08029927e-26)
(1.000036099 1.706961534e-05 1.979937222e-27)
(1.000031854 1.508768895e-05 -5.33656446e-28)
(1.000028006 1.331432343e-05 -6.30315617e-27)
(1.000025039 1.189235207e-05 1.409862854e-27)
(1.000020929 9.8519169e-06 1.626741026e-27)
(1.053175727 0.0002693088963 -3.526356445e-24)
(1.052802861 0.002198878127 1.457695873e-23)
(1.051926151 0.00402790497 -1.457696319e-23)
(1.050585552 0.00570252374 -1.963679221e-23)
(1.048836208 0.007178888158 4.065050212e-23)
(1.046744484 0.008425870467 -2.101376802e-23)
(1.044382826 0.009426046054 0)
(1.041824636 0.01017528621 -1.145751005e-23)
(1.039138634 0.01068176821 3.675671621e-23)
(1.036388349 0.01096240959 -4.183518397e-23)
(1.033634302 0.01103873931 3.815510884e-23)
(1.030927219 0.01093707758 0)
(1.028304994 0.01068621473 -4.359175015e-24)
(1.025795562 0.01031573063 0)
(1.023418991 0.009853572568 0)
(1.02118912 0.009325558961 6.673312433e-24)
(1.019114013 0.008754440689 1.155273217e-23)
(1.017196652 0.008159642603 -1.200873794e-23)
(1.015435855 0.007557348724 -1.005135507e-23)
(1.013827174 0.006960693053 9.078980771e-24)
(1.012363856 0.006379936976 -8.462444435e-24)
(1.01103775 0.005822652856 -7.034488668e-24)
(1.009839982 0.00529401775 -6.273924041e-24)
(1.008761367 0.004797250829 0)
(1.007792626 0.004334094071 2.602855056e-24)
(1.006924548 0.003905206778 2.209032613e-24)
(1.00614817 0.003510427514 1.961646649e-24)
(1.005454932 0.003148947263 0)
(1.0048368 0.002819458616 3.048964406e-24)
(1.004286318 0.002520304385 -2.958158104e-24)
(1.003796617 0.00224961022 1.212608163e-24)
(1.003361409 0.00200539345 -1.144677897e-24)
(1.002974955 0.001785639603 -4.652196978e-25)
(1.002632049 0.001588348489 4.415194936e-26)
(1.002327982 0.001411581926 0)
(1.002058506 0.001253488562 3.534292584e-25)
(1.001819805 0.001112308896 -5.782445941e-25)
(1.00160846 0.0009864140836 2.862474504e-25)
(1.001421405 0.0008742835068 2.243602023e-25)
(1.001255898 0.000774513605 -2.197368346e-26)
(1.001109513 0.00068582186 1.3439116e-26)
(1.000980057 0.0006070811016 0)
(1.000865625 0.0005372022128 2.931104424e-25)
(1.000764484 0.000475312029 -2.75773391e-25)
(1.000675111 0.0004204725142 4.399206398e-25)
(1.000596057 0.000371955758 -7.777260371e-25)
(1.000526242 0.0003289377712 -3.322497532e-25)
(1.000464606 0.0002908131579 6.764718091e-25)
(1.00041018 0.0002570550374 0)
(1.000362096 0.0002271956732 -9.382941013e-25)
(1.000319525 0.0002008615652 1.071519022e-25)
(1.000281979 0.0001775082611 1.027403103e-24)
(1.000248895 0.0001568279353 0)
(1.000219711 0.0001385376071 0)
(1.000193952 0.0001223718627 -5.080076588e-25)
(1.000171206 0.0001080873081 2.617877964e-25)
(1.000151095 9.548554847e-05 9.936885653e-26)
(1.000133341 8.432492207e-05 -3.377216759e-25)
(1.000117697 7.445809998e-05 -1.981914125e-26)
(1.000103895 6.574224637e-05 -1.746179444e-26)
(1.000091707 5.804614855e-05 4.530340477e-26)
(1.000080941 5.125272984e-05 -2.727149134e-26)
(1.000071434 4.525741447e-05 3.791217101e-26)
(1.00006304 3.996699769e-05 0)
(1.000055626 3.53001016e-05 4.211671016e-27)
(1.000049081 3.118016372e-05 -4.21408061e-27)
(1.000043302 2.754347418e-05 -5.962873801e-27)
(1.0000382 2.433305118e-05 4.76344268e-27)
(1.000033688 2.149768898e-05 0)
(1.000029725 1.900127878e-05 0)
(1.000026134 1.676609933e-05 0)
(1.000023365 1.497318477e-05 -2.497383649e-27)
(1.000019528 1.240103689e-05 -5.618584129e-28)
(1.055370919 0.0004057006404 -1.18279768e-23)
(1.054918149 0.002877218225 9.719455976e-24)
(1.053895208 0.005213609953 5.541310565e-24)
(1.052352225 0.007342776898 0)
(1.050357922 0.009206860243 0)
(1.047994093 0.0107659807 1.219764683e-23)
(1.045348719 0.01199949794 -1.219570464e-23)
(1.042508206 0.01290566213 -3.558218053e-23)
(1.039550159 0.01350050995 9.491211358e-23)
(1.03655365 0.01380339042 0)
(1.03358811 0.01384590603 3.975806515e-23)
(1.03070256 0.01366537741 -4.472301974e-23)
(1.027934108 0.0133022456 -2.956217277e-23)
(1.025310325 0.01279569731 3.187025681e-23)
(1.022849692 0.01218160933 0)
(1.020562847 0.01149235555 -2.875692435e-23)
(1.018454077 0.01075620835 2.541251115e-23)
(1.016522472 0.00999718204 6.364996324e-25)
(1.014763084 0.009235081117 4.588944423e-25)
(1.01316807 0.008485621272 8.800054145e-24)
(1.011727756 0.007760651768 7.32141827e-24)
(1.010431495 0.007068563902 -6.802776448e-24)
(1.009268253 0.006414886073 1.858671265e-23)
(1.008226977 0.005802936212 -5.794403173e-24)
(1.007296843 0.005234373579 2.283299389e-24)
(1.006467453 0.004709589495 -2.422659857e-24)
(1.005728985 0.004227979932 -3.756110338e-24)
(1.00507229 0.00378816776 1.794284356e-24)
(1.004488932 0.003388221069 -2.975455319e-24)
(1.003971195 0.003025850389 0)
(1.003512053 0.002698557109 1.00812119e-24)
(1.003105147 0.002403764202 -2.090864786e-24)
(1.002744733 0.002138895164 4.368013718e-25)
(1.002425653 0.001901409633 8.027740265e-25)
(1.002143288 0.001688884308 -7.193034586e-25)
(1.001893497 0.001499006997 3.376256163e-25)
(1.001672597 0.001329591746 2.944303816e-25)
(1.001477269 0.00117868134 -2.031502204e-25)
(1.001304621 0.001044354284 5.39105827e-26)
(1.001152044 0.0009248888455 2.110030646e-25)
(1.001017234 0.0008187523454 1.789846501e-25)
(1.000897997 0.0007246716211 1.142513601e-24)
(1.00079272 0.0006411772152 -1.159973844e-24)
(1.000699787 0.0005671992772 0)
(1.000617703 0.0005016705463 3.575663333e-25)
(1.000544969 0.0004437798505 7.71913128e-25)
(1.000480845 0.0003923957779 -3.413506436e-25)
(1.000424386 0.0003468532841 -1.369552226e-25)
(1.000374606 0.0003065343212 0)
(1.000330657 0.0002708693538 -8.562521482e-25)
(1.000291759 0.0002393783922 8.576435082e-25)
(1.000257425 0.0002114660509 -2.536076379e-25)
(1.000227216 0.0001867804063 1.933353351e-26)
(1.000200591 0.0001649592073 2.822463485e-25)
(1.000177087 0.0001456744555 -1.32585416e-25)
(1.000156324 0.0001286381757 7.809502929e-26)
(1.000137978 0.0001136021901 -2.900318714e-26)
(1.000121776 0.0001003233751 2.201121383e-26)
(1.000107479 8.86016229e-05 2.881037069e-26)
(1.000094861 7.825030763e-05 8.536515404e-27)
(1.00008372 6.910716836e-05 -2.938565139e-26)
(1.000073883 6.103064738e-05 0)
(1.0000652 5.389589415e-05 -1.024627921e-27)
(1.000057533 4.759318531e-05 0)
(1.000050765 4.202680269e-05 0)
(1.00004479 3.711237222e-05 0)
(1.000039516 3.277516264e-05 -6.835491669e-28)
(1.00003486 2.894869787e-05 6.835497108e-28)
(1.000030744 2.557202882e-05 -3.739441991e-27)
(1.000027129 2.260119319e-05 2.831032607e-27)
(1.000023853 1.994251865e-05 0)
(1.000021326 1.781040048e-05 1.004983056e-28)
(1.000017825 1.475160785e-05 0)
(1.058144666 0.0005949147063 0)
(1.057586169 0.003687326482 1.079123963e-23)
(1.056369141 0.006600390285 -3.102526944e-23)
(1.054558098 0.009239341155 3.27752329e-23)
(1.052240809 0.01152947153 1.500499232e-23)
(1.049520434 0.01342107853 0)
(1.046506223 0.01489125246 -1.46097544e-23)
(1.043301623 0.01594347378 0)
(1.039999994 0.01660331204 5.673070436e-23)
(1.036698107 0.01689751734 -4.530742266e-23)
(1.03347088 0.01686952128 4.539877108e-23)
(1.030366405 0.01657251924 -2.316789247e-23)
(1.027422412 0.01606016913 3.519687961e-24)
(1.02466505 0.01538254657 3.68537998e-23)
(1.022109142 0.01458467084 -2.330010983e-25)
(1.019760715 0.01370642145 -3.33821996e-24)
(1.01761904 0.01278200276 2.948309702e-24)
(1.015678036 0.01183985251 0)
(1.013927767 0.0109028759 4.616711992e-24)
(1.012355919 0.009988813844 7.881794188e-24)
(1.01094904 0.009110708282 -7.881055294e-24)
(1.009693383 0.008277511732 -3.166347556e-24)
(1.008575381 0.007494835253 0)
(1.007581908 0.006765717548 0)
(1.006700472 0.006091276505 -3.529542002e-26)
(1.005919383 0.005471202193 -2.319524236e-24)
(1.005227866 0.004904112596 -1.8764625e-24)
(1.004616106 0.004387822176 -1.474533965e-24)
(1.004075235 0.003919611568 1.431623415e-24)
(1.003597267 0.003496436528 0)
(1.003175045 0.003115061109 -1.118485402e-24)
(1.002802181 0.002772240274 1.432567731e-24)
(1.002472969 0.002464760339 -1.611080894e-24)
(1.002182351 0.002189487845 4.37566949e-25)
(1.001925796 0.001943544938 -7.624715272e-25)
(1.00169937 0.00172406578 6.102126063e-25)
(1.001499548 0.001528425007 -2.664273779e-25)
(1.001322977 0.001354447946 1.67912874e-24)
(1.001167233 0.001199667978 -4.645416372e-24)
(1.001029885 0.001062083894 2.965908873e-24)
(1.000908671 0.0009399270145 -2.313776065e-24)
(1.000801235 0.0008317871392 2.269653587e-24)
(1.000706591 0.0007357699936 4.710475054e-25)
(1.000623364 0.0006506932139 3.593083631e-24)
(1.000550028 0.0005753428216 -7.89835152e-25)
(1.000485101 0.0005087194908 -6.233337234e-25)
(1.000427812 0.0004496076955 6.266723142e-25)
(1.00037749 0.0003972981099 7.707730477e-26)
(1.0003332 0.0003510285532 1.639007443e-25)
(1.000294125 0.0003101083539 -2.179563861e-25)
(1.000259593 0.000273947764 0)
(1.000229098 0.0002419785945 1.04177632e-25)
(1.000202202 0.0002137408544 -1.899685383e-26)
(1.000178467 0.0001887883715 -2.960243964e-26)
(1.000157511 0.0001667432204 0)
(1.000139007 0.0001472690591 -3.790749131e-26)
(1.000122671 0.0001300643558 2.70910294e-26)
(1.000108253 0.0001148614531 5.172124473e-27)
(1.000095529 0.0001014264697 0)
(1.000084302 8.955428652e-05 0)
(1.000074395 7.906754987e-05 1.401795227e-26)
(1.000065654 6.980936072e-05 -2.726585639e-27)
(1.00005794 6.163826313e-05 -1.753429452e-26)
(1.000051131 5.442690459e-05 0)
(1.000045119 4.806209379e-05 7.133633157e-27)
(1.000039811 4.244431137e-05 -6.077946545e-27)
(1.000035123 3.748620895e-05 0)
(1.000030984 3.311133197e-05 0)
(1.000027324 2.924996508e-05 3.977491134e-28)
(1.000024109 2.585208969e-05 -2.996247568e-28)
(1.000021197 2.281088473e-05 0)
(1.000018951 2.037184742e-05 2.097034147e-27)
(1.000015839 1.687260271e-05 -4.261714619e-28)
(1.061589303 0.0008519150898 1.320648859e-23)
(1.060890913 0.00466983566 -2.699508984e-23)
(1.059417746 0.008250957718 -2.335908827e-24)
(1.057254853 0.0114714353 5.578776693e-23)
(1.054516161 0.01423577181 -4.710280233e-23)
(1.051333548 0.01648379985 0)
(1.04784491 0.01819282496 1.352344924e-22)
(1.04417841 0.01937702177 -1.202008733e-22)
(1.040455435 0.02006599671 -4.73908866e-23)
(1.036783751 0.02030466223 0)
(1.033239816 0.02015650168 3.219555173e-23)
(1.029875737 0.01969317575 -5.438142855e-23)
(1.026729223 0.0189836499 0)
(1.023822426 0.01809052185 3.597887672e-23)
(1.021164532 0.01706907778 -2.965137506e-23)
(1.018755137 0.01596736013 2.490377388e-23)
(1.016586544 0.01482585097 -5.124372947e-23)
(1.014645668 0.01367754927 1.944243801e-23)
(1.012916141 0.01254826974 -4.617483162e-24)
(1.011380192 0.0114571378 7.457802578e-24)
(1.01001995 0.0104174193 -1.400146438e-23)
(1.008818121 0.009437638217 1.837789412e-23)
(1.007758255 0.008522731971 -1.077652338e-23)
(1.006824887 0.007674979499 7.221236331e-24)
(1.006003677 0.006894630149 -4.206435168e-24)
(1.005281551 0.006180397241 4.698384691e-27)
(1.004646736 0.005529841152 1.700853546e-24)
(1.00408876 0.004939676631 1.469741925e-24)
(1.003598356 0.00440617636 1.311670638e-24)
(1.00316732 0.003925348972 5.02043672e-25)
(1.002788427 0.003493084135 -4.507926758e-25)
(1.002455263 0.003105466401 -1.436555434e-25)
(1.002162301 0.002758484588 8.356944732e-25)
(1.001904628 0.002448353554 1.956323853e-25)
(1.001677603 0.002171856183 1.518947136e-25)
(1.001477906 0.001925386213 0)
(1.001302155 0.001705908005 3.318002936e-24)
(1.001146699 0.001510993201 2.520348078e-24)
(1.001010061 0.001337630234 -6.851366028e-25)
(1.00089015 0.001183693079 -4.983887781e-24)
(1.000784688 0.001047109995 -3.750732527e-24)
(1.000691348 0.0009261538947 -3.432869889e-26)
(1.000609085 0.0008187997015 3.921614732e-25)
(1.000537014 0.0007238247966 -3.085619266e-25)
(1.00047372 0.0006398004803 -3.079420335e-25)
(1.000417877 0.0005654711202 4.411093857e-25)
(1.000368608 0.0004996880063 5.888006255e-26)
(1.000325213 0.0004415245482 6.111219476e-26)
(1.000286966 0.0003900866352 1.016721861e-25)
(1.000253215 0.0003446066022 -4.752151852e-26)
(1.000223417 0.0003044122945 0)
(1.000197118 0.0002688958465 -3.222972759e-26)
(1.000173911 0.0002375074262 2.858172369e-26)
(1.000153439 0.000209762526 2.961010207e-26)
(1.000135386 0.0001852338218 0)
(1.000119462 0.0001635576718 0)
(1.000105416 0.0001444124377 -2.057128219e-26)
(1.000093027 0.0001275082611 0)
(1.000082097 0.0001125843813 3.528551375e-27)
(1.000072452 9.940779671e-05 8.671746705e-27)
(1.000063938 8.777323618e-05 0)
(1.000056422 7.750067351e-05 1.182251985e-26)
(1.000049787 6.843144897e-05 6.109728195e-27)
(1.000043931 6.0425076e-05 1.405066393e-28)
(1.000038762 5.335726646e-05 -6.232304276e-27)
(1.000034199 4.711847554e-05 6.077974294e-27)
(1.00003017 4.161223016e-05 -3.877181973e-27)
(1.000026614 3.675389919e-05 -5.441206935e-28)
(1.000023469 3.246615641e-05 4.414350043e-28)
(1.000020708 2.869348092e-05 -2.594367101e-27)
(1.000018206 2.531726329e-05 6.293201656e-29)
(1.000016277 2.260985414e-05 -9.910649611e-28)
(1.000013604 1.872611758e-05 4.261731393e-28)
(1.06583101 0.001199874169 -4.914666347e-23)
(1.064947577 0.00588114986 2.453012871e-23)
(1.06313569 0.01024839752 0)
(1.060509955 0.01414087956 0)
(1.057219906 0.01743948222 1.501585672e-22)
(1.053437152 0.02007466244 -1.497672601e-22)
(1.049342967 0.02202458123 -1.493324757e-22)
(1.045106846 0.02330601774 0)
(1.040873188 0.02396964153 -5.745736223e-23)
(1.036756219 0.02408854658 0)
(1.032838564 0.02375433883 -4.704448693e-23)
(1.029176834 0.02306009436 4.637169918e-23)
(1.025805463 0.02209219718 0)
(1.022739537 0.020927797 -1.271623966e-23)
(1.019979613 0.01963414916 -1.863202819e-24)
(1.017515813 0.01826853443 0)
(1.015331029 0.01687789628 1.781025241e-24)
(1.013403704 0.01549901716 2.514170229e-24)
(1.011710278 0.01415923999 7.97569219e-24)
(1.010226934 0.01287771538 -6.204560803e-24)
(1.008930635 0.01166700642 4.485409478e-24)
(1.007799676 0.01053466432 -8.938404468e-24)
(1.006814004 0.00948451424 0)
(1.005955384 0.008517534068 2.232144935e-24)
(1.005207534 0.007632457581 -2.338769635e-24)
(1.004556083 0.006826465627 1.730807956e-24)
(1.003988396 0.006095601306 6.419410051e-25)
(1.003493475 0.005435164632 -1.30684041e-24)
(1.003061681 0.004840335026 2.428922213e-25)
(1.002684789 0.004305884374 8.178588843e-25)
(1.002355586 0.003826675014 -3.708743992e-24)
(1.002067354 0.003398213655 1.330276351e-24)
(1.001815328 0.003015447969 3.389631593e-25)
(1.001594734 0.002673918511 -5.924322285e-24)
(1.001400433 0.00236992977 1.094694829e-23)
(1.001230426 0.002099228584 7.790472897e-24)
(1.001081851 0.001858595057 -7.565169861e-25)
(1.000950989 0.001645010772 -4.376382765e-24)
(1.000836127 0.001455187456 -2.562892394e-25)
(1.000735848 0.001286978265 -1.45850371e-25)
(1.000648058 0.001137966791 1.750430245e-25)
(1.000570792 0.001006023014 -4.207395998e-25)
(1.000502806 0.0008892288823 0)
(1.000443116 0.0007859796738 -1.586378285e-26)
(1.000390647 0.0006946210122 0)
(1.00034442 0.0006137804099 -1.871790132e-25)
(1.000303666 0.0005422977805 -1.102080231e-26)
(1.000267746 0.0004791109385 0)
(1.000236094 0.000423241616 -1.985413531e-26)
(1.000208197 0.000373839585 -1.351760107e-26)
(1.000183607 0.000330164601 0)
(1.000161935 0.0002915654961 -7.908632063e-27)
(1.000142844 0.000257463405 -3.683387179e-27)
(1.00012602 0.000227349232 1.229263577e-26)
(1.000111184 0.0002007513906 0)
(1.000098099 0.0001772609755 -4.29071011e-27)
(1.000086554 0.0001565160326 1.498265353e-26)
(1.000076368 0.0001381957502 3.802785996e-27)
(1.000067381 0.0001220170282 -1.138225739e-26)
(1.000059453 0.0001077299848 -2.226356666e-26)
(1.000052458 9.511436578e-05 1.118645591e-26)
(1.000046286 8.397612171e-05 -1.174120733e-26)
(1.00004084 7.414373818e-05 0)
(1.000036034 6.546511727e-05 5.175506137e-27)
(1.000031793 5.780541082e-05 1.421296806e-27)
(1.000028049 5.104542265e-05 -5.034578574e-27)
(1.000024744 4.507992809e-05 4.652917117e-27)
(1.000021826 3.981665177e-05 -3.265476238e-27)
(1.000019247 3.517149936e-05 2.900307975e-27)
(1.000016981 3.108425063e-05 0)
(1.000014929 2.742647529e-05 0)
(1.000013346 2.449329512e-05 0)
(1.000011154 2.02858073e-05 0)
(1.071026322 0.001666588218 1.725132713e-23)
(1.069897713 0.007395481254 0)
(1.067638098 0.01270451973 -2.535194067e-23)
(1.064402775 0.01738564642 -1.414984208e-22)
(1.060390959 0.02129366245 1.880950504e-22)
(1.055838582 0.02433952259 0)
(1.05098802 0.0265080081 3.18834061e-22)
(1.046048729 0.02783148012 6.930958682e-23)
(1.041190494 0.02839453175 -6.94627241e-23)
(1.036541856 0.02831203096 0)
(1.032192962 0.02770757096 1.2599342e-23)
(1.028199011 0.02669993554 0)
(1.02458607 0.02539750902 -2.678483519e-23)
(1.021358194 0.02389539319 4.512610379e-23)
(1.018503676 0.02227416242 0)
(1.016000147 0.02059987639 -2.331773505e-23)
(1.013818782 0.01892454983 2.296948665e-23)
(1.011927613 0.01728735795 1.376096991e-25)
(1.010294077 0.01571624699 0)
(1.008886743 0.01422979805 -1.7703694e-24)
(1.007676318 0.01283918913 1.527159601e-24)
(1.006636193 0.01154997303 3.459781137e-24)
(1.005742633 0.01036368407 -4.605186544e-24)
(1.004974753 0.009278864274 0)
(1.004314488 0.008291909572 8.5284633e-25)
(1.00374618 0.007398119464 0)
(1.003256597 0.006591472832 -1.172024997e-25)
(1.002834327 0.005865538714 2.256626469e-25)
(1.002468971 0.005214438419 -2.423642058e-25)
(1.002153132 0.004631337559 -5.275494264e-24)
(1.001879633 0.004109924117 1.063680168e-23)
(1.001640917 0.003644796952 -4.922313813e-24)
(1.001433996 0.003230154683 -1.732402957e-24)
(1.001254782 0.002861202903 1.953969242e-24)
(1.001098002 0.002533274625 -9.604987643e-24)
(1.000961379 0.002241673223 -7.572579495e-26)
(1.000843053 0.001983155405 -5.515526566e-25)
(1.00073992 0.001754047526 -5.06318717e-25)
(1.000649773 0.001550996575 4.714104709e-25)
(1.000571011 0.001371224124 -2.068149297e-25)
(1.000502107 0.00121200966 0)
(1.000441688 0.001071032533 0)
(1.000388651 0.0009463769635 0)
(1.000342091 0.0008362254466 -6.907264302e-26)
(1.000301196 0.0007388175255 4.606659869e-26)
(1.000265249 0.0006526709965 5.409351469e-26)
(1.000233635 0.000576506252 -8.403846159e-26)
(1.000205831 0.0005091852982 0)
(1.000181383 0.0004496919738 0)
(1.000159878 0.0003971261654 3.337235411e-26)
(1.000140948 0.0003506894559 2.244750094e-26)
(1.000124273 0.0003096715717 2.628555003e-26)
(1.000109582 0.0002734429839 -1.846854164e-26)
(1.000096633 0.0002414402566 -4.868940201e-27)
(1.000085219 0.0002131755232 0)
(1.000075161 0.0001882123097 -3.416587673e-27)
(1.000066296 0.0001661676371 -2.524713996e-26)
(1.00005848 0.0001467027813 5.725582187e-27)
(1.000051588 0.0001295174975 1.748140325e-26)
(1.000045511 0.0001143456671 1.006325372e-26)
(1.000040151 0.000100951851 -8.875567202e-27)
(1.000035423 8.912820416e-05 8.160323344e-28)
(1.000031251 7.869129541e-05 -8.160323559e-28)
(1.00002757 6.947908202e-05 -5.321840896e-27)
(1.000024322 6.134836603e-05 -1.150350774e-27)
(1.000021456 5.417273101e-05 4.90995966e-27)
(1.000018926 4.784054889e-05 2.900222839e-27)
(1.000016693 4.2253892e-05 3.033892203e-27)
(1.000014719 3.732350024e-05 1.195895353e-28)
(1.000012986 3.298544341e-05 -1.195895333e-28)
(1.000011416 2.910340526e-05 0)
(1.000010205 2.599051938e-05 -7.240495265e-30)
(1.000008528 2.152557926e-05 7.249314199e-30)
(1.07738927 0.002290339844 0)
(1.07593002 0.009308847033 0)
(1.073071703 0.01576139852 8.090842341e-23)
(1.069028322 0.02137733367 -1.129665207e-22)
(1.064076148 0.02597476814 1.026044302e-23)
(1.058540544 0.02945468569 -1.884035754e-22)
(1.052738554 0.03179794543 1.913917035e-23)
(1.046928828 0.03308211602 0)
(1.041314903 0.03344509384 0)
(1.036043025 0.03305137803 5.839226887e-23)
(1.031205905 0.03206522631 -1.086584089e-22)
(1.026850315 0.03063906341 5.026513948e-23)
(1.022988518 0.02890832678 -9.850526237e-24)
(1.019608152 0.02698821945 -3.086501863e-23)
(1.016680077 0.02497297536 4.837735511e-24)
(1.014165015 0.02293706606 2.602108809e-23)
(1.012018805 0.02093687891 -2.372251199e-24)
(1.0101962 0.01901274777 -1.37620399e-25)
(1.008653609 0.01719137635 1.022964597e-25)
(1.007350885 0.01548862144 0)
(1.006252105 0.01391227749 5.662575557e-25)
(1.005325833 0.01246433304 6.737058991e-25)
(1.00454463 0.01114310344 4.93162464e-26)
(1.003885349 0.009943626321 -3.304307254e-25)
(1.00332827 0.008859274417 5.547145417e-25)
(1.00285582 0.007883274447 0)
(1.002455379 0.007006880119 -5.232520853e-25)
(1.002115232 0.006221503475 -2.885174491e-24)
(1.001823462 0.005519537067 9.977703075e-24)
(1.001574971 0.004893098535 -1.186803948e-23)
(1.001363456 0.004335196337 0)
(1.001181143 0.003838853484 0)
(1.001024635 0.003397373992 1.441642727e-24)
(1.000891146 0.00300591908 0)
(1.000776323 0.002658847742 1.439906359e-24)
(1.000677151 0.00235119421 -2.286609254e-25)
(1.000591472 0.002078759732 2.287540633e-25)
(1.00051726 0.001837432526 -1.020829171e-25)
(1.000452775 0.001623774389 8.126359531e-27)
(1.000396644 0.001434740892 0)
(1.000347736 0.001267514918 -6.24686235e-27)
(1.00030507 0.001119614894 0)
(1.000267792 0.000988938134 -2.311023233e-26)
(1.000235198 0.0008735169689 5.736822316e-26)
(1.000206689 0.0007715069691 -4.60675332e-26)
(1.000181734 0.0006813574195 0)
(1.000159862 0.0006017069811 3.61360449e-26)
(1.000140672 0.0005313462841 2.116178499e-26)
(1.000123824 0.0004691949601 0)
(1.000109024 0.0004142938808 -9.965412349e-27)
(1.000096016 0.0003657980159 -1.248220073e-26)
(1.000084578 0.0003229639174 1.33516964e-26)
(1.000074519 0.0002851356027 1.192820535e-26)
(1.00006567 0.0002517305358 0)
(1.000057882 0.0002222372996 0)
(1.000051026 0.0001961970914 -6.034436335e-27)
(1.000044988 0.0001732067471 1.626825346e-26)
(1.000039668 0.0001529098072 0)
(1.00003498 0.0001349911801 -8.790759001e-27)
(1.000030849 0.0001191725951 0)
(1.000027207 0.0001052084452 -6.912688023e-28)
(1.000023996 9.28820128e-05 8.215638376e-29)
(1.000021165 8.200196966e-05 7.521604617e-29)
(1.000018668 7.239927579e-05 5.338961868e-28)
(1.000016466 6.392455655e-05 0)
(1.000014523 5.644591288e-05 -3.411262771e-28)
(1.000012809 4.984681715e-05 -2.416474805e-27)
(1.000011296 4.402501119e-05 -2.638855432e-29)
(1.000009959 3.888731158e-05 -1.162440695e-28)
(1.000008786 3.436699414e-05 0)
(1.000007723 3.032197446e-05 0)
(1.000006903 2.707847789e-05 4.252959092e-28)
(1.000005768 2.242639801e-05 -1.701097649e-28)
(1.085207975 0.003133291104 0)
(1.083298442 0.01176544225 0)
(1.079630626 0.01962742672 0)
(1.074504471 0.02637135311 0)
(1.068320196 0.03174790911 2.697446702e-22)
(1.061524933 0.03565204794 4.599146237e-22)
(1.054521102 0.03809333979 -2.162296489e-22)
(1.047638817 0.03921635145 0)
(1.041122619 0.03923534323 7.196873594e-23)
(1.035133373 0.03837884853 -7.197676468e-23)
(1.029756836 0.03686388534 0)
(1.025022287 0.03488560866 4.295110631e-23)
(1.020919843 0.03261183015 -9.774555272e-23)
(1.017412853 0.03017984507 6.197340695e-24)
(1.014448022 0.02769712636 2.945049423e-23)
(1.011963785 0.02524455365 5.14140605e-24)
(1.009896442 0.02288010486 2.94356431e-25)
(1.008184737 0.02064213513 -6.698396085e-24)
(1.006772361 0.01855339729 6.595421535e-24)
(1.005609695 0.0166249116 2.729297079e-25)
(1.004653944 0.01485938032 -4.271264472e-24)
(1.003868817 0.01325369787 1.027451172e-23)
(1.003222203 0.01180182108 -1.074422379e-23)
(1.002690602 0.01049386956 -7.976069722e-24)
(1.002252893 0.009319230331 8.570512198e-25)
(1.00188855 0.008267541406 -4.539183491e-24)
(1.001587756 0.007328278425 1.136183012e-23)
(1.001339825 0.006491468714 -5.277260616e-24)
(1.001132206 0.005746772049 6.265108994e-24)
(1.000959231 0.005084385404 4.993165934e-24)
(1.000816329 0.004497074416 -1.421454012e-24)
(1.00069697 0.00397651332 -9.615909981e-26)
(1.000596677 0.003515359482 3.02700358e-25)
(1.000512295 0.003107234067 1.856492867e-25)
(1.000440983 0.002745840494 -2.98669064e-25)
(1.000380425 0.002425955418 6.108972231e-27)
(1.000328852 0.002143028845 0)
(1.000284844 0.001892836087 -9.296937553e-27)
(1.000247167 0.00167166073 -9.841476606e-26)
(1.000214808 0.001476198754 9.028849528e-26)
(1.000186964 0.001303477686 6.247127055e-27)
(1.000162975 0.001150879341 -1.520154281e-26)
(1.000142239 0.001016167976 3.317506411e-26)
(1.000124289 0.0008972636287 -4.611055207e-26)
(1.000108715 0.0007922513231 2.235369758e-26)
(1.00009518 0.0006995041273 -1.049917961e-26)
(1.000083395 0.0006175886593 0)
(1.000073121 0.0005452446589 -2.116192411e-26)
(1.000064157 0.0004813596862 -6.595747034e-27)
(1.00005633 0.0004249494967 6.595759874e-27)
(1.000049488 0.0003751433063 0)
(1.0000435 0.0003311705557 -1.335176919e-26)
(1.000038253 0.0002923493392 -1.192826771e-26)
(1.000033651 0.0002580757004 0)
(1.000029612 0.0002278185509 6.607954489e-27)
(1.000026066 0.0002011083679 8.357097596e-27)
(1.000022951 0.0001775286959 -9.173243501e-27)
(1.000020214 0.000156713677 3.658500137e-27)
(1.000017807 0.0001383400405 0)
(1.00001569 0.0001221219168 0)
(1.000013827 0.0001078068734 2.699536486e-27)
(1.000012186 9.517208153e-05 -3.952174477e-28)
(1.000010742 8.402081492e-05 3.952173708e-28)
(1.000009469 7.417937774e-05 3.057117373e-28)
(1.000008348 6.549442059e-05 -3.05711677e-28)
(1.00000736 5.783061414e-05 0)
(1.000006488 5.106842458e-05 9.552268927e-29)
(1.00000572 4.510296672e-05 -1.727243144e-29)
(1.000005042 3.983868554e-05 -9.216549632e-28)
(1.000004447 3.520716162e-05 -6.715180067e-28)
(1.000003908 3.106278835e-05 -4.36027482e-28)
(1.000003492 2.773972837e-05 -1.569895299e-28)
(1.000002917 2.29737749e-05 2.69176115e-28)
(1.0948668 0.004271651621 -4.611249928e-23)
(1.092333131 0.01495681298 -9.498721535e-23)
(1.087558055 0.02457969672 3.259448209e-22)
(1.080976656 0.03268023628 -3.241740855e-22)
(1.073165118 0.03894647357 -2.289767768e-22)
(1.064732836 0.04323871885 1.72896283e-22)
(1.056209569 0.04564886708 0)
(1.048015756 0.0464283212 -5.139128356e-23)
(1.040438876 0.04589698678 0)
(1.033641546 0.04437125389 -3.500488963e-23)
(1.027688654 0.04213731096 -5.166365122e-23)
(1.022579281 0.03944212393 5.166923636e-23)
(1.018268697 0.03648881232 1.914011307e-23)
(1.014684455 0.03343616093 0)
(1.01174067 0.03040260875 5.608278176e-24)
(1.009347471 0.02747290042 -7.628672879e-25)
(1.007417147 0.02470374895 -4.820142368e-24)
(1.005870731 0.02212761373 1.36950008e-23)
(1.004637672 0.01975945519 8.569362834e-24)
(1.003658107 0.01760178284 -2.076644438e-24)
(1.002882193 0.01564927098 -6.762596578e-24)
(1.002268701 0.01389108772 0)
(1.001779654 0.01231413028 4.579956981e-24)
(1.001394964 0.01090496909 0)
(1.001094041 0.00965044064 -4.068924359e-24)
(1.000855125 0.008534473769 4.074094752e-24)
(1.000667454 0.007542860996 0)
(1.00052259 0.00666503572 5.002274943e-25)
(1.000408843 0.005888284454 -5.002100068e-25)
(1.000319672 0.005201041533 0)
(1.000250266 0.004593333442 1.425824503e-26)
(1.000196255 0.004055932881 2.9697862e-25)
(1.000153968 0.003581019294 -2.006325546e-25)
(1.000120773 0.003161482005 6.517400167e-26)
(1.000094777 0.002790793982 -6.517467733e-26)
(1.000074425 0.002463336726 -5.884172268e-27)
(1.000058465 0.002174191024 0)
(1.000045955 0.001918928276 0)
(1.000036151 0.001693601324 0)
(1.000028463 0.001494716702 2.12964456e-26)
(1.000022431 0.001319171122 -2.129653401e-26)
(1.000017694 0.001164252631 0)
(1.000013942 0.001027595752 -1.795531166e-26)
(1.000010981 0.0009070269754 2.075620032e-28)
(1.00000865 0.0008006046297 -3.080959945e-27)
(1.00000682 0.0007066673249 2.480529125e-27)
(1.000005384 0.0006237494383 -2.480535157e-27)
(1.000004255 0.0005505600102 -6.704266871e-28)
(1.000003366 0.0004859593647 3.955784423e-27)
(1.000002665 0.000428939835 -1.108805807e-27)
(1.000002112 0.0003786110926 0)
(1.000001675 0.0003341873634 0)
(1.000001329 0.0002949758051 0)
(1.000001056 0.000260364699 0)
(1.000000842 0.0002298152635 -4.890615635e-27)
(1.000000672 0.0002028521664 0)
(1.000000537 0.0001790538907 0)
(1.000000429 0.0001580493111 -4.126242944e-27)
(1.000000344 0.0001395108145 0)
(1.000000276 0.0001231489768 -5.451874481e-28)
(1.000000223 0.000108708431 -2.699546641e-27)
(1.00000018 9.59638982e-05 0)
(1.000000145 8.471657925e-05 0)
(1.000000118 7.479101598e-05 0)
(1.000000096 6.603234863e-05 -1.276612462e-28)
(1.000000078 5.830393739e-05 1.276612081e-28)
(1.000000064 5.148510211e-05 -4.76382856e-29)
(1.000000053 4.546996038e-05 8.011854117e-30)
(1.000000044 4.016206497e-05 1.195447794e-27)
(1.000000037 3.549235181e-05 6.329354844e-28)
(1.00000003 3.131396691e-05 4.627329114e-28)
(1.000000026 2.796373422e-05 -2.712676207e-28)
(1.00000002 2.315902783e-05 -1.000528789e-28)
(1.106895511 0.005826851479 4.607963362e-23)
(1.103482572 0.01914811037 -1.1289292e-22)
(1.097169041 0.03100462878 -5.808503501e-22)
(1.088610363 0.04074275244 3.684684174e-22)
(1.078634692 0.04796871948 -3.170759577e-22)
(1.068061859 0.05255801602 1.590697623e-22)
(1.057614222 0.05472835269 -2.069232121e-22)
(1.047827327 0.05489881761 1.066978139e-22)
(1.039022855 0.05353546531 -1.238168971e-22)
(1.031340743 0.05107062799 1.779282397e-22)
(1.02480154 0.04787826916 -6.36666106e-23)
(1.019354173 0.04426639157 0)
(1.014901298 0.04047570424 0)
(1.011319898 0.03668433361 -2.381961903e-23)
(1.008483025 0.03301595705 9.022169415e-24)
(1.006265128 0.02955313322 9.459399454e-24)
(1.004548716 0.02634448135 -1.078379796e-23)
(1.003236041 0.02341136251 0)
(1.002241857 0.02075765411 0)
(1.001495822 0.01837355148 0)
(1.000941433 0.016242926 2.630420599e-25)
(1.000534082 0.01434521069 2.088433393e-24)
(1.000233967 0.01265814298 -2.090159904e-24)
(1.000020146 0.01116227774 0)
(0.99987424 0.00984267912 -1.416591494e-25)
(0.9997776199 0.008678075505 -4.541863412e-25)
(0.9997170302 0.007650301135 2.200394023e-25)
(0.9996833089 0.006744220974 -1.897598567e-26)
(0.9996664633 0.005944799527 5.025231968e-26)
(0.9996632134 0.005240328796 -3.129282972e-26)
(0.9996701864 0.004619740587 1.698331807e-28)
(0.9996841185 0.004072805875 0)
(0.9997020598 0.003590829764 0)
(0.9997220684 0.003166112324 7.873939438e-27)
(0.9997430087 0.002791807193 0)
(0.9997640683 0.002461905558 -4.658225086e-26)
(0.9997846411 0.002171144672 5.299717491e-26)
(0.9998043498 0.001914869285 4.514602829e-26)
(0.999822979 0.001688956993 -4.514610166e-26)
(0.9998403957 0.001489776964 3.702002061e-26)
(0.9998565251 0.001314140194 -4.091080822e-26)
(0.999871325 0.001159297456 0)
(0.9998847945 0.00102281803 -1.793286003e-26)
(0.9998970241 0.0009024794888 -3.668466562e-27)
(0.9999080954 0.0007963355648 1.898994477e-26)
(0.999918088 0.0007027031794 1.225597145e-26)
(0.9999270809 0.0006200982737 -1.016804659e-26)
(0.9999351529 0.0005472165776 -1.39004198e-27)
(0.9999423823 0.0004829111849 1.412648605e-27)
(0.9999488455 0.0004261715095 -3.404421481e-27)
(0.9999546147 0.0003761060756 1.205250092e-27)
(0.9999597575 0.0003319285215 8.603514111e-28)
(0.9999643365 0.0002929450221 -8.603521918e-28)
(0.9999684089 0.0002585438433 0)
(0.999972028 0.0002281868716 0)
(0.9999752419 0.0002013976585 0)
(0.9999780934 0.0001777564962 0)
(0.9999806221 0.0001568934588 4.677293618e-28)
(0.9999828634 0.0001384820702 2.265208805e-27)
(0.9999848491 0.0001222341951 5.451893622e-28)
(0.9999866076 0.000107895672 1.51191608e-27)
(0.9999881644 9.524232063e-05 -1.237344411e-27)
(0.9999895423 8.407635528e-05 -1.03177735e-27)
(0.9999907615 7.4223265e-05 -2.736549129e-29)
(0.9999918401 6.552907781e-05 0)
(0.9999927942 5.785797821e-05 0)
(0.999993638 5.109004163e-05 2.653760597e-31)
(0.9999943841 4.512006551e-05 -3.315512056e-28)
(0.9999950448 3.985224077e-05 -2.974231857e-28)
(0.9999956255 3.521795655e-05 -9.906278541e-32)
(0.9999961524 3.107143245e-05 9.325075759e-31)
(0.9999965591 2.774684459e-05 -8.632298581e-32)
(0.9999971229 2.297913221e-05 8.642811552e-32)
(1.121976704 0.008027634216 0)
(1.117304862 0.02484766068 0)
(1.108856904 0.0395786543 0)
(1.097600449 0.05133477588 9.182847877e-22)
(1.084702707 0.05955451623 3.709212988e-22)
(1.071322198 0.06422574556 -5.985090501e-22)
(1.058450695 0.06579271977 2.977084188e-22)
(1.046756154 0.06492998964 -1.576815664e-22)
(1.036562635 0.06231664352 6.641683331e-23)
(1.027949193 0.05853947625 8.054050935e-23)
(1.020856586 0.05407946416 0)
(1.015156021 0.04930714313 0)
(1.010671958 0.04449565462 -3.99560367e-23)
(1.007211511 0.03983281118 6.460090355e-23)
(1.004599167 0.03543889794 -2.912116978e-23)
(1.002668231 0.03138864076 4.269018911e-24)
(1.001266349 0.02771420844 8.246645682e-24)
(1.000272733 0.02441846603 -2.103554479e-23)
(0.9995886622 0.02148657732 3.069328531e-24)
(0.9991342587 0.01889078029 4.856599673e-24)
(0.9988469944 0.01660069557 1.367319586e-25)
(0.998682063 0.01458466334 -7.920042477e-25)
(0.9986033957 0.01281136583 4.625250542e-25)
(0.9985868399 0.01125384255 1.805263794e-24)
(0.9986109953 0.009887174679 1.401246709e-25)
(0.9986646073 0.008688504764 -1.820477394e-25)
(0.9987374609 0.00763761591 2.272613622e-24)
(0.9988213978 0.006715790616 2.216890739e-24)
(0.9989079765 0.005905914928 -3.830743547e-24)
(0.9989955633 0.005194744631 0)
(0.9990828019 0.004571171593 0)
(0.9991673748 0.004023718063 0)
(0.9992473341 0.003542701595 -8.946290299e-27)
(0.999321811 0.00311993882 -7.874367886e-27)
(0.9993906289 0.002748261804 0)
(0.9994538069 0.002421341583 -1.315671978e-26)
(0.9995114409 0.002133649265 0)
(0.9995637453 0.001880386798 1.252662156e-25)
(0.9996110344 0.001657389452 -1.200751826e-25)
(0.9996536568 0.001461023733 0)
(0.9996919648 0.001288095374 3.890851996e-27)
(0.9997262666 0.0011358389 0)
(0.9997568967 0.001001766403 2.447491789e-26)
(0.9997842431 0.0008836110478 -1.452954524e-26)
(0.9998086337 0.0007794450192 8.315185308e-27)
(0.9998303642 0.0006876004279 -4.064309382e-26)
(0.9998497044 0.0006066129225 3.069003395e-26)
(0.9998668997 0.000535193902 -6.175070183e-28)
(0.9998821735 0.0004722079667 -4.293076342e-27)
(0.9998957295 0.0004166544675 0)
(0.999907753 0.000367651827 -2.833907729e-27)
(0.9999184113 0.0003244239898 3.770236416e-28)
(0.9999278543 0.000286287372 2.456887892e-27)
(0.9999362198 0.000252640097 0)
(0.9999436275 0.0002229544843 -9.039666734e-27)
(0.9999501812 0.0001967623524 0)
(0.999955979 0.0001736519042 0)
(0.9999611076 0.0001532602014 4.95169237e-28)
(0.999965643 0.0001352670155 -2.760385086e-27)
(0.9999696529 0.0001193899583 3.574838062e-28)
(0.9999731978 0.0001053800626 -1.622734499e-27)
(0.9999763312 9.301778773e-05 4.345582898e-27)
(0.9999791005 8.210950873e-05 1.017640019e-27)
(0.9999815479 7.248445063e-05 -3.893269665e-28)
(0.9999837107 6.399198354e-05 -1.671866907e-27)
(0.9999856218 5.649927157e-05 0)
(0.9999873107 4.988904343e-05 -1.249103207e-27)
(0.9999888027 4.405844143e-05 -6.685441439e-28)
(0.9999901229 3.891381104e-05 1.393503348e-29)
(0.9999912829 3.43880794e-05 -4.108303048e-30)
(0.9999923347 3.033883884e-05 -9.826724013e-30)
(0.9999931462 2.709234507e-05 2.015213576e-28)
(0.9999942708 2.243682843e-05 0)
(1.141221952 0.01092150538 3.00284704e-22)
(1.134705463 0.03226297271 0)
(1.123200305 0.05066090408 1.263168768e-21)
(1.108154637 0.06486874345 -1.684653321e-21)
(1.091227574 0.07413753638 3.990183715e-23)
(1.074119434 0.07859940997 2.967317075e-22)
(1.058201401 0.0790751411 -3.840024852e-22)
(1.04426762 0.07662792736 3.154769823e-23)
(1.032569368 0.07224242902 2.728789118e-22)
(1.023054896 0.06670320145 -7.903434841e-23)
(1.015525244 0.06061676921 8.360520774e-23)
(1.009735354 0.05441265932 -5.34179109e-23)
(1.005402502 0.04838850698 1.358034972e-23)
(1.00224337 0.04272688534 -1.18702997e-23)
(1.000020682 0.0375325701 3.177143559e-24)
(0.9985238858 0.03285920098 -1.280392582e-23)
(0.9975620895 0.02871104139 3.282309698e-24)
(0.9969895341 0.02506492255 -2.067627869e-24)
(0.9966953301 0.02187873771 4.66026264e-25)
(0.9965938582 0.01909963162 3.642061096e-24)
(0.996619077 0.01667814353 -1.029469137e-23)
(0.9967305634 0.01457148001 1.021268274e-23)
(0.9968975307 0.01273876906 -5.005635123e-25)
(0.9970968428 0.01114383704 -1.789903961e-24)
(0.9973081701 0.009753543617 0)
(0.9975243847 0.008541718787 6.998303711e-25)
(0.9977400064 0.007486693259 -2.469787889e-24)
(0.9979489524 0.006566624988 -4.537683933e-26)
(0.9981458926 0.005762629411 1.615481576e-24)
(0.9983295573 0.00505993879 8.952596097e-25)
(0.9984996551 0.004445620704 -9.319657598e-25)
(0.9986559844 0.003907645126 7.596031694e-25)
(0.9987985017 0.003436024484 -7.544456964e-25)
(0.9989276842 0.003022382254 0)
(0.999044371 0.002659448725 0)
(0.9991494714 0.002340847474 -2.338490995e-25)
(0.99924386 0.002061007754 2.451873921e-25)
(0.9993283979 0.00181508195 -1.279132211e-26)
(0.9994039476 0.001598859956 0)
(0.9994713507 0.001408683938 -5.955102951e-27)
(0.9995314107 0.001241373978 -6.19593709e-26)
(0.9995848121 0.001094189778 6.729615168e-26)
(0.9996322581 0.0009646717403 6.563118247e-26)
(0.9996744161 0.0008505933551 -2.308330983e-26)
(0.9997118476 0.0007500838239 7.398304187e-26)
(0.9997450569 0.0006615143581 8.923630158e-27)
(0.999774501 0.000583456384 -1.090604786e-27)
(0.9998005927 0.0005146531164 -4.921743308e-26)
(0.999823703 0.0004539984026 -2.339863244e-26)
(0.9998441641 0.00040051935 0)
(0.9998622734 0.0003533608111 0)
(0.9998782961 0.0003117708835 -4.007417421e-27)
(0.9998924683 0.0002750876496 4.007419138e-27)
(0.9999050025 0.0002427324381 0)
(0.9999160858 0.0002141908829 2.511058057e-26)
(0.9999258822 0.0001890122123 -2.635474329e-27)
(0.9999345404 0.0001667997508 -1.01384562e-26)
(0.999942192 0.0001472031335 8.532582234e-28)
(0.9999489531 0.000129913511 -8.532576157e-28)
(0.9999549267 0.000114658858 5.923110745e-27)
(0.9999602041 0.0001011994427 9.056502348e-29)
(0.9999648662 8.93239052e-05 -7.397008764e-27)
(0.9999689846 7.88458932e-05 -4.523057038e-27)
(0.9999726225 6.960109753e-05 -2.950906182e-27)
(0.999975836 6.14446268e-05 1.821544763e-27)
(0.9999786745 5.424873411e-05 2.331237769e-27)
(0.9999811822 4.790066518e-05 1.24910617e-27)
(0.9999833969 4.230154335e-05 9.628548116e-28)
(0.9999853562 3.736135765e-05 3.697841765e-29)
(0.9999870773 3.301563839e-05 2.025712391e-29)
(0.9999886375 2.912760204e-05 6.365152081e-28)
(0.9999898411 2.601043926e-05 -1.998619862e-28)
(0.9999915089 2.154057631e-05 -1.661848021e-30)
(1.165619074 0.01584844817 -3.805624404e-22)
(1.156543771 0.04356664451 0)
(1.140883811 0.0667833868 -6.835354199e-22)
(1.120595466 0.08371294096 1.929097085e-21)
(1.098135854 0.09363229797 -6.13416626e-22)
(1.076075464 0.09706390113 -3.565245391e-22)
(1.056336802 0.09545601915 0)
(1.039806902 0.0904586462 0)
(1.026536202 0.08347736414 -1.051838978e-22)
(1.016239208 0.07552731799 -2.009529638e-22)
(1.008495042 0.06734337841 0)
(1.002871514 0.05939031243 -3.020405638e-23)
(0.9989451834 0.05195066488 0)
(0.9963243821 0.04516945329 6.480864641e-24)
(0.9947018842 0.03911837484 -3.164697907e-24)
(0.9938189817 0.03381265837 1.536771772e-24)
(0.9934463008 0.02921108234 3.593313687e-24)
(0.9934080536 0.02524825621 -1.516836006e-23)
(0.9935898395 0.02185119662 9.597750702e-24)
(0.9939066534 0.01893712109 -5.525615385e-24)
(0.9942946304 0.01643168406 0)
(0.9947186943 0.01427611963 0)
(0.9951555142 0.01242094077 5.044353165e-25)
(0.9955875966 0.01082107135 0)
(0.9960014313 0.009437888581 0)
(0.9963917453 0.00824099809 -2.020706978e-24)
(0.9967557758 0.00720416899 1.921916999e-24)
(0.9970918585 0.006303828719 1.710640734e-24)
(0.9973991391 0.005520478389 -1.665312048e-24)
(0.9976782922 0.004838320378 3.749347048e-26)
(0.9979308188 0.004243641519 1.207543114e-24)
(0.99815847 0.003724440176 -2.284643674e-24)
(0.9983629738 0.003270611577 1.079847032e-24)
(0.9985461369 0.00287359586 -4.283924179e-25)
(0.9987098399 0.002526013679 8.090302414e-25)
(0.9988559203 0.002221463862 -3.822991427e-25)
(0.9989860906 0.001954401496 2.992636578e-25)
(0.9991019279 0.001720032657 -2.916605559e-25)
(0.9992048893 0.001514218848 -4.376211565e-27)
(0.9992963179 0.001333386614 5.955293665e-27)
(0.9993774341 0.001174464963 9.495986891e-26)
(0.9994492974 0.001034781384 5.060962821e-26)
(0.999512968 0.0009119458272 -6.563167772e-26)
(0.999569381 0.0008038309775 1.563994931e-26)
(0.9996193382 0.0007086385698 -1.460787551e-25)
(0.9996635582 0.0006248010563 5.951314691e-26)
(0.999702686 0.0005509482894 1.209787735e-26)
(0.9997372983 0.0004858786648 2.518876775e-26)
(0.999767909 0.0004285367863 4.777523616e-26)
(0.9997949748 0.0003779955467 -8.180655129e-27)
(0.9998189015 0.0003334409469 0)
(0.9998400485 0.0002941584986 0)
(0.999858738 0.0002595169023 0)
(0.999875255 0.0002289692966 0)
(0.9998898472 0.0002020279439 -1.343544431e-26)
(0.9999027367 0.0001782649916 0)
(0.9999141224 0.0001573045044 2.348347568e-26)
(0.9999241791 0.0001388147575 1.194426912e-27)
(0.9999330613 0.00012250353 -1.194425967e-27)
(0.9999409058 0.0001081135795 -1.526656986e-26)
(0.9999478337 9.541825421e-05 0)
(0.9999539519 8.421778642e-05 5.496652334e-27)
(0.999959355 7.433610419e-05 3.190252732e-27)
(0.9999641266 6.561800335e-05 3.789821895e-27)
(0.9999683406 5.792665335e-05 0)
(0.9999720623 5.114144223e-05 -2.469633841e-27)
(0.9999753495 4.515593715e-05 2.637134261e-27)
(0.9999782523 3.987682133e-05 1.366145915e-28)
(0.9999808199 3.52191606e-05 -4.187935457e-29)
(0.9999830751 3.11221149e-05 1.362462169e-27)
(0.9999851192 2.745669097e-05 -6.567736624e-28)
(0.9999866961 2.451807652e-05 0)
(0.9999888809 2.030442416e-05 0)
(1.198294318 0.02052570046 3.268728155e-21)
(1.184935684 0.05668252976 -2.162910423e-21)
(1.162730582 0.08677175034 -1.063298911e-21)
(1.134637794 0.107667724 -7.274591277e-22)
(1.104397226 0.1182747638 0)
(1.075814204 0.119839906 -1.298648447e-22)
(1.051442567 0.1149791541 -3.318034953e-22)
(1.032121476 0.106277606 -1.092477043e-22)
(1.017473177 0.09573031442 1.7435877e-22)
(1.006776454 0.08464995703 2.540886732e-22)
(0.9992683922 0.07389196587 -7.514329853e-23)
(0.9942484106 0.06390705266 0)
(0.9911139184 0.05489533815 0)
(0.9893627502 0.04691521187 2.236394612e-23)
(0.9886106792 0.03997832232 2.275473866e-23)
(0.9885639832 0.03406016658 2.323823695e-24)
(0.9889600814 0.02906575277 0)
(0.989594499 0.02486701899 2.2961537e-23)
(0.9903465689 0.02133719824 -6.890943901e-24)
(0.9911433937 0.01836024863 1.123931693e-23)
(0.9919375539 0.01583558882 -1.069714775e-23)
(0.9927034648 0.01368727185 6.184890388e-25)
(0.9934272846 0.01185453732 0)
(0.994101529 0.01028614812 0)
(0.9947220092 0.008940064444 0)
(0.9952881044 0.007782437086 -2.043729437e-25)
(0.9958014081 0.006784605422 2.464229811e-24)
(0.9962646494 0.005922290743 -2.382745219e-24)
(0.9966809494 0.005175487315 -2.039643032e-24)
(0.9970537915 0.004527662576 3.687379799e-24)
(0.9973869111 0.003964794693 -1.780853461e-24)
(0.9976840213 0.003474897751 0)
(0.9979485914 0.003047832804 6.136807612e-25)
(0.9981838407 0.00267504409 -6.136691147e-25)
(0.9983927804 0.002349265121 -4.38004944e-27)
(0.9985781981 0.00206428091 -4.287948162e-25)
(0.9987426286 0.001814751192 4.258392844e-25)
(0.9988883528 0.001596075231 -3.314323197e-25)
(0.9990174199 0.001404285857 3.365592613e-25)
(0.999131674 0.001235963245 2.585847891e-25)
(0.9992327323 0.001088189539 -3.133378068e-25)
(0.9993220505 0.0009584074039 -1.878793741e-25)
(0.9994010319 0.0008443366657 -2.99920935e-27)
(0.9994708768 0.0007440010624 -2.214297724e-26)
(0.9995326249 0.0006557106405 6.577841478e-26)
(0.9995872022 0.0005779927721 1.215021734e-26)
(0.9996354331 0.0005095620358 -7.477779133e-26)
(0.9996780496 0.0004492935986 -4.08090629e-26)
(0.999715701 0.0003962013217 0)
(0.9997489623 0.0003494202673 0)
(0.9997783434 0.0003081916052 0)
(0.9998042912 0.0002718466246 0)
(0.9998272087 0.0002398098684 3.103478133e-26)
(0.9998474517 0.0002115631443 -3.00576883e-27)
(0.9998653266 0.0001866537994 0)
(0.9998811099 0.0001646868673 1.999298833e-27)
(0.9998950466 0.000145313305 9.658884351e-28)
(0.9999073524 0.000128225355 -1.268671255e-26)
(0.9999182178 0.0001131523561 -1.513216089e-27)
(0.9999278113 9.985607486e-05 8.711805946e-27)
(0.9999362818 8.812663525e-05 -9.810838576e-28)
(0.9999437607 7.777912001e-05 5.591975116e-28)
(0.9999503642 6.865058919e-05 4.218855e-28)
(0.9999561948 6.059744382e-05 0)
(0.9999613433 5.349311479e-05 0)
(0.9999658896 4.722606241e-05 0)
(0.9999699048 4.169788137e-05 -2.773753971e-27)
(0.99997345 3.682230808e-05 0)
(0.9999765856 3.25208401e-05 0)
(0.9999793395 2.873723832e-05 -1.320585171e-27)
(0.9999818355 2.535234696e-05 0)
(0.9999837609 2.263869897e-05 0)
(0.9999864283 1.874779549e-05 0)
(1.240579594 0.03373716802 1.39810612e-06)
(1.222630933 0.08060839059 1.395938491e-21)
(1.191769787 0.1180708241 3.475972645e-21)
(1.152260165 0.1424040913 -7.68195664e-22)
(1.110551163 0.1521300643 -2.318221498e-22)
(1.072929135 0.1494020061 -3.654777571e-22)
(1.042778416 0.1387620848 3.310292772e-22)
(1.020428379 0.124301172 1.091143729e-22)
(1.004649266 0.108738149 -1.354560395e-22)
(0.9940447064 0.09361633235 0)
(0.9873678089 0.0797646683 1.19506339e-23)
(0.9835252465 0.06747311684 -5.831013056e-24)
(0.9817112444 0.05677051574 1.906735583e-23)
(0.981296223 0.0475813578 -4.807199341e-23)
(0.9817993037 0.03982108262 4.740162799e-23)
(0.9828684531 0.03338835012 -3.386164256e-23)
(0.9842221116 0.02812250512 1.701155434e-23)
(0.985656646 0.02381521077 -1.305193529e-23)
(0.9870606018 0.02027102132 -3.123959637e-24)
(0.9883844478 0.01732766695 6.587270839e-24)
(0.9896097493 0.01486033626 -5.234612301e-24)
(0.9907315327 0.01277990151 -6.815193399e-24)
(0.9917508236 0.01101902004 6.110255909e-24)
(0.9926714584 0.009523524405 -4.337847605e-24)
(0.993498524 0.008249191458 4.337613457e-24)
(0.9942382784 0.007159939617 3.400255388e-24)
(0.9948979114 0.0062260091 -3.44571035e-24)
(0.9954848846 0.005422797556 -8.139790533e-26)
(0.9960063396 0.004730081451 -2.336348145e-24)
(0.9964689564 0.004131214764 4.573823999e-24)
(0.996878972 0.003612366545 -2.036738805e-24)
(0.9972421226 0.003161937334 0)
(0.9975635732 0.002770184631 2.634327094e-26)
(0.9978479456 0.002428922877 -2.323903487e-26)
(0.9980993944 0.002131239488 4.380247958e-27)
(0.998321656 0.001871254424 0)
(0.9985180716 0.001643939091 -4.555131134e-25)
(0.9986916115 0.001444981431 5.217192968e-26)
(0.9988449094 0.001270679137 3.943987713e-25)
(0.9989803039 0.001117852754 -3.062540859e-25)
(0.9990997968 0.0009838039846 3.06563863e-25)
(0.9992052322 0.0008661691163 1.167085669e-25)
(0.9992983385 0.0007628269313 0)
(0.9993805596 0.0006719826991 1.047316705e-25)
(0.9994531601 0.0005920872712 0)
(0.9995172606 0.0005217929813 -7.000114077e-26)
(0.9995738541 0.0004599246527 6.153051801e-26)
(0.9996238184 0.0004054556444 6.780328407e-26)
(0.9996679291 0.0003574874085 5.326759072e-26)
(0.9997068713 0.0003152327119 -1.206884907e-26)
(0.9997412466 0.0002779990632 0)
(0.9997715968 0.000245187813 4.069044183e-27)
(0.9997983937 0.000216271956 -3.209809549e-26)
(0.9998220451 0.0001907801893 0)
(0.9998429226 0.0001683047123 2.723993809e-27)
(0.9998613528 0.0001484873566 -5.101864512e-27)
(0.9998776221 0.0001310116369 -1.600538448e-26)
(0.9998919838 0.0001155992329 1.807748311e-26)
(0.9999046617 0.0001020055148 -3.372425063e-27)
(0.9999158534 9.001516675e-05 1.567915189e-27)
(0.9999257332 7.94385745e-05 5.875447365e-28)
(0.9999344551 7.010872692e-05 -5.87544353e-28)
(0.9999421551 6.187848673e-05 4.338772157e-28)
(0.999948953 5.461820573e-05 -8.035389452e-28)
(0.999954955 4.821363598e-05 3.69661774e-28)
(0.9999602544 4.256411771e-05 4.910713095e-27)
(0.9999649343 3.758085999e-05 0)
(0.9999690662 3.318603814e-05 0)
(0.9999727205 2.93088396e-05 0)
(0.9999759297 2.589852955e-05 0)
(0.9999788382 2.284768479e-05 1.352860231e-27)
(0.9999810818 2.040188875e-05 -7.356264658e-28)
(0.9999841898 1.689519778e-05 -3.549276755e-28)
(1.296499567 0.04217274997 2.436400105e-06)
(1.268564231 0.1084880234 8.153574415e-07)
(1.224362933 0.1593649992 6.296985445e-08)
(1.168846213 0.1892017844 5.296032239e-22)
(1.111596421 0.1967641148 0)
(1.062543725 0.1868020849 9.342783906e-23)
(1.026130406 0.1672871747 1.441990394e-22)
(1.001367344 0.1445186117 0)
(0.9854543028 0.1221138907 0)
(0.9760273232 0.1018140769 0)
(0.9713728589 0.08428684367 3.280023619e-23)
(0.9699092141 0.06947275909 -3.902935771e-23)
(0.9704483228 0.05705113551 -1.919265875e-23)
(0.972155866 0.04674534066 -2.835752362e-23)
(0.9744548002 0.03832981871 6.049048219e-24)
(0.9769645072 0.03158903476 2.540824192e-23)
(0.9794413812 0.02625181201 -5.220746425e-23)
(0.9817519232 0.0220123834 9.593321329e-24)
(0.9838447069 0.01859916602 1.054317174e-23)
(0.9857161506 0.01580432984 0)
(0.987382145 0.01348400063 7.542608638e-24)
(0.9888622459 0.01154222893 -5.773913791e-24)
(0.9901748495 0.009910488807 5.221608636e-24)
(0.9913366524 0.00853469541 -5.181125756e-24)
(0.9923630428 0.007370222977 0)
(0.9932685328 0.006380444924 2.500465442e-25)
(0.9940667933 0.005535695768 -3.617659623e-24)
(0.9947703568 0.004812023259 3.843655968e-24)
(0.9953903855 0.004190035354 3.013695332e-24)
(0.9959367266 0.003653930366 -3.329348914e-25)
(0.9964181003 0.003190702725 -2.549116058e-24)
(0.9968422361 0.002789538009 6.786259818e-26)
(0.9972159558 0.002441397437 -8.607661377e-26)
(0.9975452639 0.002138711478 -7.251535087e-25)
(0.9978354528 0.00187511736 1.430800777e-24)
(0.9980911928 0.00164523541 -6.796388074e-25)
(0.9983166002 0.001444492764 -9.962505037e-27)
(0.9985152966 0.001268988495 0)
(0.9986904626 0.00111538584 0)
(0.9988448878 0.0009808464281 -4.363443122e-26)
(0.9989809468 0.000862918686 4.367701995e-26)
(0.9991008762 0.0007594930808 0)
(0.9992066592 0.0006686806643 2.977053568e-26)
(0.9992999723 0.0005888939858 -1.345027456e-25)
(0.9993822897 0.0005187571951 -2.302821984e-26)
(0.9994549102 0.0004570752734 4.327283492e-26)
(0.9995189797 0.0004028069773 -2.024461734e-26)
(0.9995755082 0.0003550451819 0)
(0.9996253858 0.0003129946401 -5.494536085e-26)
(0.9996693942 0.00027596137 0)
(0.9997082307 0.0002433413604 0)
(0.9997425063 0.0002146043074 4.633074793e-27)
(0.9997727506 0.0001892764244 -8.692156917e-27)
(0.9997994391 0.0001669519972 5.057753134e-28)
(0.9998229925 0.0001472733094 3.553304026e-27)
(0.9998437795 0.0001299239867 0)
(0.9998621252 0.0001146262517 -2.132940142e-26)
(0.9998783169 0.0001011361247 1.031801632e-27)
(0.9998926078 8.923900602e-05 -1.92912591e-27)
(0.9999052216 7.87460357e-05 1.186754183e-28)
(0.9999163552 6.949096561e-05 7.786485056e-28)
(0.9999261828 6.132740587e-05 1.054425231e-26)
(0.999934858 5.4126417e-05 0)
(0.9999425161 4.777441305e-05 -4.251774571e-28)
(0.9999492769 4.217132309e-05 2.453790329e-28)
(0.999955246 3.722899488e-05 -4.730920958e-27)
(0.9999605169 3.286968413e-05 1.236195184e-28)
(0.9999651703 2.902525758e-05 -2.228325513e-28)
(0.9999692856 2.563372988e-05 3.062291839e-27)
(0.9999728995 2.265068686e-05 2.224113954e-27)
(0.9999761748 1.998214755e-05 -1.34410121e-27)
(0.9999787011 1.784287532e-05 7.245814739e-28)
(0.9999822008 1.477581109e-05 3.57216115e-28)
(1.331389993 0.1266042433 0.02536151413)
(1.266194418 0.2216714201 1.129924482e-07)
(1.184625806 0.2559639268 9.050307962e-08)
(1.104544345 0.2558748753 0)
(1.040288432 0.2324742674 -4.882277323e-22)
(0.9970022566 0.1993780685 2.51969527e-22)
(0.9708711521 0.165169139 -4.056264054e-23)
(0.9566999111 0.1339619236 7.473951006e-23)
(0.9506639846 0.1074029337 8.621654052e-23)
(0.9501453563 0.08570058198 6.451336876e-24)
(0.9529111959 0.06831784704 -9.425521777e-23)
(0.9572589722 0.05448026007 5.461677661e-23)
(0.9620991056 0.04353895108 4.831866075e-23)
(0.9668149827 0.03498621213 -4.189886856e-23)
(0.9710984324 0.02838948475 -5.037286153e-24)
(0.9748442373 0.02332716672 3.51512064e-24)
(0.9780707896 0.01940430959 1.638867582e-23)
(0.9808481075 0.0162991518 -1.324110615e-23)
(0.9832509098 0.01378286579 -1.472672194e-24)
(0.9853400169 0.01170809823 0)
(0.9871612791 0.009981886478 -9.694056152e-25)
(0.9887504174 0.008539917227 -7.910788604e-24)
(0.990137292 0.007331479364 1.139788222e-23)
(0.9913480358 0.006314313807 -6.455600908e-24)
(0.9924057307 0.005453760487 0)
(0.9933305586 0.004722151631 0)
(0.9941399506 0.004097548065 2.622039581e-26)
(0.9948488777 0.003562382209 2.974889268e-24)
(0.9954702281 0.003102401925 -3.173820044e-24)
(0.9960151593 0.002705923293 0)
(0.99649336 0.002363295863 6.998128759e-27)
(0.9969132422 0.002066510481 -9.535970417e-25)
(0.9972821073 0.00180889637 1.723071166e-24)
(0.9976063028 0.001584872274 -1.742935228e-25)
(0.9978913589 0.00138974167 -7.125429682e-25)
(0.9981420999 0.001219530744 -1.699525265e-27)
(0.9983627367 0.00107086251 -4.816060289e-25)
(0.9985569439 0.0009408597242 4.484772962e-26)
(0.9987278842 0.0008270858519 4.390731243e-25)
(0.9988783253 0.0007274277024 -1.8801602e-25)
(0.999010827 0.0006400559574 -1.653608354e-25)
(0.9991275912 0.0005633786739 0)
(0.9992305049 0.0004960423857 1.278718511e-25)
(0.999321225 0.0004368757026 0)
(0.9994012069 0.0003848623884 0)
(0.9994717318 0.0003391136789 0)
(0.9995339241 0.0002988602431 -7.632061104e-26)
(0.999588773 0.000263431385 7.461987753e-26)
(0.9996371548 0.0002322378341 -7.576752e-27)
(0.9996798346 0.0002047679647 -5.167826437e-26)
(0.9997174836 0.0001805664854 0)
(0.9997506986 0.0001592414781 -3.975501912e-26)
(0.9997800036 0.0001404496132 -3.876185793e-26)
(0.9998058603 0.0001238869881 -2.828481342e-26)
(0.9998286752 0.000109286505 2.989242868e-26)
(0.9998488072 9.64138946e-05 1.982719042e-26)
(0.9998665727 8.50633356e-05 2.033123567e-26)
(0.9998822505 7.505388178e-05 -1.671692035e-26)
(0.9998960867 6.622639101e-05 1.440489584e-26)
(0.9999082981 5.844081034e-05 0)
(0.999919076 5.157382805e-05 -1.054426068e-26)
(0.9999285892 4.551684529e-05 9.943252916e-27)
(0.9999369865 4.017421023e-05 0)
(0.9999443995 3.54616665e-05 -7.441239553e-27)
(0.9999509439 3.130500749e-05 2.000979751e-28)
(0.9999567225 2.763880027e-05 -1.377744514e-28)
(0.999961824 2.440570889e-05 -3.986338234e-27)
(0.9999663354 2.155357614e-05 -6.221587098e-27)
(0.999970297 1.904502493e-05 -2.193102642e-27)
(0.9999738873 1.680101085e-05 1.672028291e-27)
(0.9999766565 1.500209049e-05 9.149193267e-28)
(0.9999804926 1.242311124e-05 0)
(1.342756163 0.153816282 0.05733721503)
(1.288412229 0.2749415711 0.02896251814)
(1.144588991 0.3550199144 2.470141861e-07)
(1.056393483 0.3398328825 6.530450139e-22)
(0.9891022135 0.2924141635 -2.004397894e-22)
(0.9481205047 0.2370238999 -4.553863743e-22)
(0.9268318852 0.1856707699 2.484364959e-23)
(0.918748233 0.1424712728 -1.028113403e-22)
(0.9195826431 0.10823667 1.00563038e-22)
(0.9258717833 0.08206934067 -3.862385749e-23)
(0.9346495673 0.06246733412 3.382486944e-24)
(0.9438406255 0.04792341442 2.817021636e-23)
(0.9523197004 0.03720040805 -6.428439332e-24)
(0.9596373004 0.02933349672 1.700287055e-23)
(0.9657260001 0.02356164303 -2.511876323e-23)
(0.9707154078 0.01927339483 0)
(0.9748135501 0.01599806304 -4.490071675e-24)
(0.9782245041 0.01340870446 0)
(0.9811076539 0.01130343294 -1.035101357e-23)
(0.9835734715 0.00956600883 1.326799293e-23)
(0.9856964513 0.008125370374 -8.942118893e-24)
(0.9875296608 0.006929087226 9.922835287e-24)
(0.9891147966 0.005932687189 7.65211492e-24)
(0.9904871726 0.005098242473 -4.866301343e-25)
(0.9916773382 0.004395037931 -5.571669158e-24)
(0.9927114298 0.003799105867 -4.533316191e-24)
(0.993611517 0.003291769853 8.248860493e-24)
(0.9943961796 0.002858194625 -3.968036111e-24)
(0.9950811326 0.002486382294 -1.523509623e-24)
(0.9956797519 0.002166534426 1.707150538e-24)
(0.9962034767 0.001890605366 -7.486740306e-26)
(0.9966621172 0.001651956982 6.576624178e-26)
(0.997064105 0.001445084575 1.197697142e-25)
(0.9974167053 0.001265398317 -7.432564919e-25)
(0.9977261955 0.001109049081 7.940240375e-25)
(0.9979980115 0.000972791063 1.962669082e-26)
(0.9982368695 0.0008538741149 -5.746904063e-25)
(0.9984468641 0.0007499623587 5.541624616e-25)
(0.9986314719 0.0006590753763 0)
(0.9987938066 0.0005795146377 2.109380084e-25)
(0.9989367008 0.0005097854763 -5.411008739e-26)
(0.9990625334 0.0004486181886 -1.172016244e-25)
(0.99917337 0.0003949216558 -2.975038902e-25)
(0.999271021 0.0003477547792 -1.042600312e-25)
(0.9993570683 0.0003063014741 1.20375044e-26)
(0.9994329055 0.0002698565071 8.053048747e-26)
(0.9994997621 0.0002377979669 1.576570929e-25)
(0.9995587086 0.0002095867502 -1.384953167e-25)
(0.9996106848 0.0001847523808 6.275182508e-26)
(0.9996565206 0.0001628815223 -6.557052824e-27)
(0.9996969459 0.0001436178164 3.14524741e-27)
(0.9997326029 0.000126647763 -2.638628108e-27)
(0.9997640561 0.0001116953861 3.483293272e-26)
(0.9997918032 9.851811213e-05 2.864066573e-26)
(0.9998162828 8.690306915e-05 -2.4817248e-26)
(0.9998378812 7.666343563e-05 1.415657532e-27)
(0.9998569386 6.763517256e-05 -2.174685259e-26)
(0.9998737548 5.96741642e-05 1.771165337e-26)
(0.9998885943 5.26536834e-05 -1.539963583e-26)
(0.9999016901 4.646220468e-05 0)
(0.9999132478 4.100154056e-05 -3.489808888e-28)
(0.9999234485 3.618522851e-05 -9.894068183e-27)
(0.9999324522 3.193712178e-05 2.998061013e-28)
(0.9999404 2.819015649e-05 1.499088259e-26)
(0.9999474163 2.488528159e-05 -6.619082557e-27)
(0.9999536114 2.197043974e-05 -5.334429138e-27)
(0.9999590804 1.940002112e-05 8.483715865e-27)
(0.9999639165 1.713253726e-05 -1.289766128e-28)
(0.9999681633 1.513824978e-05 -4.640827316e-29)
(0.9999720119 1.335431003e-05 -1.693243465e-27)
(0.9999749803 1.192421771e-05 -1.918717605e-27)
(0.9999790922 9.874110197e-06 0)
(0.8661839544 0.1176971503 0.07478356075)
(0.9455653149 0.2827584687 0.04012872242)
(0.8682070061 0.4142608904 -4.123323835e-07)
(0.8483207312 0.4003174086 3.445856521e-07)
(0.8385211601 0.3370947985 -3.53601491e-24)
(0.8434960513 0.2629139233 1.06493079e-22)
(0.8548545795 0.1957446442 -1.689452104e-22)
(0.8693296732 0.1414364523 -8.82586894e-23)
(0.8859765492 0.1004014183 1.02076661e-22)
(0.9032814483 0.07089252253 -6.173110748e-23)
(0.9194734535 0.05051828874 0)
(0.9334476745 0.03682873883 -1.160594367e-23)
(0.9449311312 0.02770269226 4.334988736e-23)
(0.9541504876 0.02155076092 -5.507251471e-23)
(0.9615006086 0.01729229137 2.771270994e-23)
(0.9673840422 0.01421852851 0)
(0.9721524851 0.01187446008 -8.270216586e-24)
(0.9760821289 0.009989016869 -1.746314067e-24)
(0.9793713359 0.00842209764 1.522851264e-23)
(0.9821562189 0.007109898413 -1.445376149e-24)
(0.9845310094 0.006018003993 -9.780982176e-24)
(0.9865643572 0.005115440808 9.779947207e-24)
(0.9883098955 0.004369134551 6.348183629e-24)
(0.9898119172 0.00374792624 -8.236484734e-24)
(0.9911077224 0.003226418196 -6.69685221e-24)
(0.9922285463 0.002785490067 1.044401468e-24)
(0.993200338 0.002410799622 4.861942841e-24)
(0.9940446628 0.002091160634 0)
(0.994779555 0.001817538218 0)
(0.9954202037 0.001582535279 -1.836916668e-25)
(0.9959794738 0.001380083267 1.693514515e-25)
(0.9964683079 0.001205194528 0)
(0.9968960463 0.001053750217 -6.197501988e-26)
(0.9972706882 0.0009223273722 5.706514132e-26)
(0.9975991069 0.0008080634199 5.008187191e-26)
(0.9978872254 0.0007085509172 -6.486250843e-25)
(0.9981401583 0.0006217546016 9.72370051e-26)
(0.9983623123 0.0005459667177 3.716031698e-25)
(0.9985574384 0.0004796855617 1.177232982e-25)
(0.998728951 0.0004216877035 -1.034767347e-25)
(0.9988798472 0.0003708712739 1.822259842e-25)
(0.9990126535 0.0003263090735 1.976107705e-25)
(0.9991295757 0.0002872047364 1.691931032e-25)
(0.9992325451 0.0002528664219 8.694637438e-26)
(0.9993232535 0.0002226946967 1.227533492e-25)
(0.9994031777 0.0001961752958 -1.052560672e-25)
(0.9994736099 0.000172853045 -8.132772325e-26)
(0.9995356908 0.0001523309792 6.283318063e-26)
(0.9995904208 0.0001342673976 -5.413377798e-26)
(0.9996386768 0.0001183636424 5.508455176e-26)
(0.9996812294 0.0001043582334 0)
(0.9997187565 9.202159156e-05 3.728422834e-26)
(0.9997518548 8.115252946e-05 4.394113638e-26)
(0.9997810497 7.15745965e-05 3.91534812e-27)
(0.999806804 6.313289296e-05 -3.91536153e-27)
(0.9998295247 5.569143726e-05 0)
(0.9998495707 4.913083238e-05 -1.304333675e-27)
(0.9998672579 4.334617922e-05 1.304338537e-27)
(0.9998828649 3.824525083e-05 0)
(0.9998966373 3.374691318e-05 0)
(0.9999087913 2.97797493e-05 0)
(0.999919518 2.628086744e-05 -6.344147609e-28)
(0.9999289854 2.319487915e-05 9.260999836e-29)
(0.9999373423 2.047301397e-05 -1.532618233e-26)
(0.9999447195 1.807234804e-05 6.720291767e-27)
(0.999951233 1.595505626e-05 1.09196694e-26)
(0.9999569829 1.408800154e-05 2.152991519e-28)
(0.9999620674 1.244103778e-05 3.444635109e-27)
(0.9999665322 1.099254541e-05 4.921603542e-29)
(0.9999705783 9.696876114e-06 0)
(0.999973699 8.6582001e-06 9.969399899e-28)
(0.9999780218 7.169337942e-06 -2.950232209e-30)
(0.1464160647 -0.1444216917 0.0800039908)
(0.355207537 0.09133888448 0.08193850319)
(0.472562996 0.3682889953 0.03068282419)
(0.4797162933 0.3567446389 -9.768364319e-07)
(0.5905450925 0.2981359187 -5.219275278e-23)
(0.6871809414 0.2274137558 7.247917632e-23)
(0.7618980495 0.1633012841 1.84452917e-24)
(0.8174736933 0.1122536213 -1.538451608e-22)
(0.8587878146 0.07468625683 7.219626044e-23)
(0.8895537549 0.04890757042 -6.742171669e-23)
(0.9123263828 0.03241115573 1.389069879e-22)
(0.9291411279 0.02239490427 -3.0756658e-23)
(0.9417193504 0.01639789957 -9.72698017e-24)
(0.9513763972 0.01270234883 0)
(0.9590032877 0.01028899089 6.901348732e-24)
(0.9651773482 0.008585489198 0)
(0.9702750646 0.007267626406 -4.973825733e-24)
(0.9745394095 0.006165145522 2.001709548e-24)
(0.9781287483 0.005210863838 -1.916701354e-24)
(0.9811576996 0.004391466913 0)
(0.9837204467 0.003705056105 8.942263219e-24)
(0.9858972609 0.003140500906 -1.035170327e-23)
(0.9877547177 0.002677468951 1.009661278e-24)
(0.9893465018 0.002294301399 8.762604485e-25)
(0.9907156014 0.001973486777 7.618434118e-25)
(0.9918967436 0.001702515707 1.163420139e-26)
(0.9929183719 0.001472430458 2.990266064e-25)
(0.9938040538 0.001276349223 -3.606394688e-24)
(0.9945734563 0.001108683841 3.867016625e-24)
(0.9952430684 0.0009648313112 -3.155416547e-24)
(0.9958267755 0.0008410147528 2.787145172e-24)
(0.9963363241 0.0007341395188 7.626389666e-26)
(0.9967816956 0.0006416572975 0)
(0.9971714055 0.0005614538983 -5.697921006e-26)
(0.9975127449 0.0004917634453 -1.014150317e-25)
(0.9978119785 0.0004311021624 1.298399187e-24)
(0.9980744991 0.000378218395 -1.636571146e-25)
(0.9983048951 0.0003320577641 -1.045017482e-24)
(0.9985071706 0.0002917001208 -2.448039939e-25)
(0.9986849357 0.0002563900856 0)
(0.9988412727 0.0002254602452 1.760688927e-25)
(0.998978823 0.0001983432366 -1.760767557e-25)
(0.9990998878 0.0001745533112 -1.002677832e-26)
(0.9992064747 0.0001536680919 -1.360200827e-25)
(0.9993003439 0.0001353223772 -4.867863573e-27)
(0.9993830338 0.0001191955328 -1.050603067e-25)
(0.9994558915 0.0001050135694 -8.710670855e-26)
(0.9995201005 9.253702191e-05 7.653071057e-26)
(0.9995766981 8.155670577e-05 6.722265496e-26)
(0.999626594 7.189047925e-05 5.902602078e-26)
(0.9996705876 6.337924786e-05 0)
(0.9997093818 5.588345155e-05 0)
(0.9997435949 4.928044237e-05 -5.731837016e-26)
(0.9997737708 4.346245963e-05 1.851649221e-26)
(0.9998003884 3.833501005e-05 -3.052311579e-26)
(0.9998238693 3.381530719e-05 -2.668153925e-26)
(0.9998445847 2.983075133e-05 -2.329524525e-26)
(0.9998628617 2.631759377e-05 2.03083879e-26)
(0.9998789884 2.321981145e-05 -2.585021561e-26)
(0.9998932187 2.048812817e-05 1.526854729e-26)
(0.9999057765 1.807915148e-05 1.230286848e-26)
(0.9999168589 1.59546382e-05 5.312374972e-27)
(0.9999266402 1.408089185e-05 0)
(0.9999352738 1.242825481e-05 8.115559042e-27)
(0.9999428951 1.097065058e-05 0)
(0.9999496241 9.685118218e-06 -1.154983673e-27)
(0.9999555642 8.551538915e-06 1.446072183e-27)
(0.9999608168 7.551599221e-06 0)
(0.9999654292 6.672152582e-06 0)
(0.9999696089 5.885501249e-06 0)
(0.9999728327 5.254843073e-06 0)
(0.9999772981 4.350979451e-06 0)
(-0.128386384 -0.213818311 0.07260854282)
(-0.1853336217 -0.02464178504 0.07570157677)
(-0.1020670298 0.1723237385 0.02577866442)
(0.1356588635 0.1652377665 8.117364568e-08)
(0.3670830399 0.1376593866 1.258379489e-22)
(0.5540679655 0.1020901547 3.390755093e-23)
(0.6913072689 0.07050419843 1.947101868e-26)
(0.7853866673 0.04608421373 -2.953555104e-23)
(0.8470709764 0.02878453041 2.440924195e-23)
(0.8866893631 0.0175532709 -1.518565058e-22)
(0.9122398521 0.01091107992 1.35863049e-22)
(0.9292820337 0.007260706564 -1.298725142e-23)
(0.941379639 0.005282480657 -8.078435309e-23)
(0.9505866137 0.004139132184 8.078262075e-23)
(0.9579784678 0.003401547022 -5.580285091e-23)
(0.9641157536 0.002870149119 1.026928243e-22)
(0.9693081592 0.002447339415 -8.654175683e-23)
(0.973727805 0.002084802819 8.1849487e-24)
(0.9774771008 0.001765111413 3.560217902e-23)
(0.9806402366 0.001487346128 0)
(0.9833046553 0.001253422711 -1.978217813e-23)
(0.9855567687 0.001060977936 2.118387859e-23)
(0.9874717399 0.0009035245657 1.579171197e-23)
(0.9891093625 0.0007735938609 -2.263351569e-23)
(0.9905159261 0.0006650180742 9.011335381e-25)
(0.9917279214 0.0005734114496 5.599421064e-24)
(0.992775006 0.0004956879563 -4.799310213e-24)
(0.9936817678 0.0004295080942 8.170095579e-24)
(0.9944687356 0.0003729724847 -3.927453029e-24)
(0.9951530855 0.0003245087386 -5.800575581e-24)
(0.9957492319 0.0002828233996 3.373740908e-24)
(0.9962693292 0.0002468584892 2.548938614e-24)
(0.996723681 0.0002157462168 2.014814586e-24)
(0.9971210627 0.0001887692889 -3.781726935e-24)
(0.9974689775 0.0001653304058 1.818027973e-24)
(0.9977738644 0.0001449269055 1.405556451e-24)
(0.9980412446 0.0001271466266 -2.555693173e-24)
(0.9982757986 0.0001116154056 1.721291723e-24)
(0.998481699 9.803809608e-05 -7.435014693e-25)
(0.9986626403 8.616154623e-05 8.674558898e-25)
(0.9988217393 7.576131316e-05 -4.919121837e-26)
(0.9989616935 6.664630969e-05 -3.566846865e-25)
(0.9990848531 5.865012339e-05 4.20917114e-25)
(0.9991932705 5.163144289e-05 -5.177753853e-25)
(0.9992887406 4.54673808e-05 4.550908361e-25)
(0.9993728336 4.004955676e-05 -2.129051197e-25)
(0.9994469228 3.528521995e-05 -7.763808042e-26)
(0.9995122123 3.1093451e-05 8.819432885e-26)
(0.9995697576 2.740400932e-05 -1.938733045e-25)
(0.999620485 2.415621777e-05 6.808072758e-26)
(0.9996652085 2.129693222e-05 -4.888381537e-26)
(0.9997046438 1.877916652e-05 6.023805255e-27)
(0.9997394204 1.656143443e-05 4.287330487e-26)
(0.9997700923 1.460732965e-05 3.2897874e-26)
(0.9997971464 1.288505081e-05 -3.123531811e-26)
(0.9998210117 1.136681587e-05 5.539175915e-26)
(0.9998420658 1.002828254e-05 2.324373259e-26)
(0.9998606412 8.848066393e-06 -1.14980013e-27)
(0.9998770307 7.807360549e-06 -1.809682219e-26)
(0.9998914926 6.889608251e-06 2.215790765e-27)
(0.9999042544 6.080218989e-06 1.158660963e-27)
(0.9999155166 5.366330663e-06 -6.070916491e-27)
(0.9999254562 4.736618011e-06 -9.914011028e-27)
(0.9999342295 4.181129423e-06 6.980976717e-28)
(0.9999419739 3.691128418e-06 6.279994392e-28)
(0.9999488116 3.258923563e-06 -5.269080541e-27)
(0.9999548476 2.877764956e-06 -3.163543501e-27)
(0.999960185 2.541493163e-06 1.076330958e-27)
(0.999964872 2.245676095e-06 -6.066369271e-28)
(0.9999691193 1.981002791e-06 6.067581164e-28)
(0.9999723953 1.76872517e-06 -4.993380361e-29)
(0.9999769325 1.464474061e-06 5.013761276e-29)
(0.08784323112 -0.1636415282 0.07855945646)
(-0.07701984983 -0.2493095252 0.07463584394)
(0.08783534141 -0.1635950901 -0.07856469892)
(-0.07702723098 -0.2492971557 -0.07463869921)
(-0.09734988248 -0.2279140158 0.07110014758)
(-0.1124863312 -0.0436555361 0.06247230398)
(-0.09734043057 -0.2279331219 -0.07110151153)
(-0.112484686 -0.04365255752 -0.06247275749)
(0.8221579614 0.09356243094 0.07522863184)
(0.1973996877 -0.09971281798 0.0785334613)
(0.8220720777 0.09351205494 -0.07522538758)
(0.1972924508 -0.09974458417 -0.0785367463)
(-0.05000680193 -0.1533196054 9.833845102e-05)
(-0.04984534871 -0.1532853223 0.07894487422)
(-0.04020443512 -0.117396007 0.06251852277)
(-0.0409132809 -0.1174324464 -0.0001956541457)
(-0.1856185799 -0.07959445063 0.07652422489)
(-0.1934787451 -0.04020365486 0.06408686259)
(-0.3600207504 -0.01607119046 0.06705022237)
(-0.1283950315 -0.2138426007 -0.07260799349)
(-0.1856300352 -0.0796241101 -0.07652898421)
(-0.1934719107 -0.04019505294 -0.06408735424)
(-0.3600240265 -0.01607061318 -0.06705140565)
(-0.06015492538 -0.1524542661 -3.217025599e-05)
(-0.05826940625 -0.1441191688 0.07596490082)
(-0.05848653046 -0.1440531162 0.0001399618782)
(-0.06048091942 -0.1527435359 0.07686927158)
(-0.05002350876 -0.1533408523 -9.064225402e-05)
(-0.04989456261 -0.1533595565 -0.07895276956)
(-0.06016893227 -0.1524676384 3.777106002e-05)
(-0.05827619432 -0.144141533 -0.07597044537)
(-0.05848993957 -0.1440623364 -0.0001370061652)
(-0.0605180479 -0.1527820363 -0.07687489224)
(-0.05357900183 -0.1504368327 9.441916872e-05)
(-0.09731168101 -0.2277280141 3.836359469e-06)
(-0.06301993795 -0.1932977382 0.0704794031)
(-0.1118039706 -0.1854026906 0.06787047504)
(-0.06267039009 -0.1929135896 -4.739900478e-05)
(-0.1120824402 -0.1852828483 9.127689304e-06)
(-0.05324981142 -0.1507771633 0.06814852318)
(-0.03539082967 -0.1029911699 -1.460032463e-05)
(-0.1126927463 -0.04358252097 -3.386312385e-05)
(-0.1129304695 -0.1234265384 0.06433706011)
(-0.02806242384 -0.03665017945 0.06055062643)
(-0.1130947004 -0.1233687195 -3.854559332e-05)
(-0.02860278149 -0.03654663579 -1.344625871e-05)
(-0.03487335609 -0.1029885718 0.0631945236)
(-0.04021132505 -0.1174090982 -0.06251948662)
(-0.04091515775 -0.1174369373 0.000198277843)
(-0.0535811945 -0.1504413674 -9.340662457e-05)
(-0.09731069804 -0.2277343167 -4.49967609e-07)
(-0.06302443982 -0.1933212778 -0.07048280819)
(-0.1118051582 -0.1854259813 -0.06787247401)
(-0.06267253184 -0.1929217977 4.882595599e-05)
(-0.1120824819 -0.1852900123 -9.522515158e-06)
(-0.05325736339 -0.1507882325 -0.0681494484)
(-0.03539181604 -0.1029932178 1.520980309e-05)
(-0.1126917386 -0.04358151774 3.359419998e-05)
(-0.1129341987 -0.1234289738 -0.0643378356)
(-0.02806460905 -0.0366508237 -0.06055136678)
(-0.1130951533 -0.1233699773 3.834843932e-05)
(-0.02860301777 -0.03654687 1.364776381e-05)
(-0.03487781402 -0.1029935871 -0.06319520462)
(1.358493788 0.1276865397 0.06005606371)
(1.050722441 0.1259728025 0.07193346656)
(1.358558538 0.1277328842 -0.06005896095)
(1.050732837 0.1258777862 -0.07191546205)
(1.318813391 0.2239821879 0.03184166317)
(1.073916424 0.1517154863 0.07123707943)
(1.13013741 0.2484008369 0.06708605523)
(1.342760858 0.1538273812 -0.05733764738)
(1.318814402 0.2239969417 -0.03184161796)
(1.074006557 0.1516328064 -0.07119024788)
(1.130124279 0.2483843669 -0.06708860099)
(0.7422720561 0.06443850093 0.07666970732)
(0.7425373112 0.06416060254 2.127203386e-05)
(0.9907760064 0.2311682733 0.0691029956)
(0.267806063 -0.07955098436 0.07977595418)
(0.4623131403 0.07240018343 0.08244738616)
(0.8661587986 0.1177522336 -0.07476823831)
(0.9907822267 0.2311376502 -0.0691008149)
(0.267794326 -0.07952389257 -0.07978126618)
(0.4623311717 0.07237718135 -0.08244584251)
(0.3084753194 0.01743781657 0.08415122214)
(-0.0818148954 -0.2316189388 0.07614617054)
(-0.0799270585 -0.07792933824 0.08093687579)
(0.1464520745 -0.1443694128 -0.07999993556)
(0.3084531516 0.0174280118 -0.08415598012)
(-0.08178852891 -0.231596508 -0.0761481748)
(-0.07995428505 -0.07795938034 -0.08093740242)
(0.3885037511 0.2421472953 0.04048850145)
(-0.06608106606 -0.0133320716 0.08047111646)
(0.03195911832 0.172260115 0.06820160637)
(0.3552070002 0.09133307425 -0.08194389367)
(0.3885097457 0.2421760936 -0.04048699388)
(-0.06612713823 -0.01335772417 -0.08046827379)
(0.03197068369 0.1722592153 -0.06820571029)
(-0.1284962767 -0.2136225196 1.63507368e-05)
(-0.163379605 -0.1739435108 0.06898497325)
(-0.1635063297 -0.1738040416 8.390859779e-06)
(-0.2102636029 -0.1444261744 3.415260593e-06)
(-0.1560848178 -0.1776463177 0.07440138846)
(-0.1562198049 -0.1774727074 8.667668256e-06)
(-0.2101454238 -0.1446023013 0.07055560234)
(-0.1206277731 0.1277114434 0.05965288637)
(-0.3820018659 -0.006863764736 0.06580757098)
(-0.3359852416 0.02235448943 0.05296038871)
(-0.1853247784 -0.02466747603 -0.07570750084)
(-0.120627527 0.127725319 -0.05964994293)
(-0.381995129 -0.006867181308 -0.06580806535)
(-0.3359879617 0.02234351122 -0.05296293879)
(-0.02415256627 -0.1990426823 2.129365634e-05)
(0.08783402504 -0.1635556129 -1.18814799e-05)
(0.03291957411 -0.1575090285 0.0781758355)
(0.01373727472 -0.2124016336 0.078179017)
(0.03278300662 -0.1574257721 -1.020634962e-05)
(0.01363669098 -0.2122835224 1.037600357e-05)
(-0.02394112197 -0.1991997941 0.07767750881)
(-0.05383718701 -0.2216572432 7.319235005e-06)
(-0.07721781411 -0.2490756847 3.332909495e-05)
(-0.03886526234 -0.2418744227 0.07682710393)
(-0.07060264298 -0.2260483037 0.07499175832)
(-0.03896550643 -0.2416403525 -6.760786887e-06)
(-0.07081737798 -0.2259343835 8.943405738e-05)
(-0.05383568582 -0.2219406492 0.07631536194)
(-0.02416770409 -0.1990466793 -1.737782248e-05)
(0.08782888993 -0.1635411232 5.146801986e-06)
(0.03279873085 -0.1575446459 -0.07818532538)
(0.01371907928 -0.2123843502 -0.07817925415)
(0.03274549527 -0.1574342531 1.251610479e-05)
(0.01362876578 -0.2122784097 -4.795513561e-06)
(-0.0239815097 -0.1992091167 -0.07768165384)
(-0.05385117304 -0.2216610565 -4.073008402e-06)
(-0.07722067523 -0.2490735495 -3.260297257e-05)
(-0.03889103035 -0.2418834291 -0.07683048597)
(-0.07061822863 -0.2260655976 -0.07499306418)
(-0.03897432143 -0.2416427388 6.077428866e-06)
(-0.07082303092 -0.225940767 -8.43673941e-05)
(-0.05387584769 -0.2219486597 -0.0763184998)
(0.516765245 0.02741406678 1.468927541e-05)
(0.7798611467 0.07628690845 0.0755392503)
(0.5762514341 0.04008915799 0.07732403551)
(0.8223584175 0.0930714417 3.930991188e-05)
(0.7800920234 0.07590803736 3.149929378e-05)
(0.5764225003 0.03985269941 2.969526068e-05)
(0.5166150305 0.02763134283 0.07746930734)
(0.1973055351 -0.09981280154 -1.008712125e-05)
(0.1299180415 -0.1008887755 0.07821725378)
(0.1298989796 -0.1009152721 1.449742175e-05)
(0.2897753832 -0.03527822144 8.308401251e-06)
(0.3590433972 -0.02785586507 0.07818494633)
(0.359104645 -0.02803255765 1.940913501e-05)
(0.2896355968 -0.03523145008 0.07815790691)
(0.7423526784 0.06446125313 -0.07667476747)
(0.7425612783 0.06416662648 -8.895550374e-06)
(0.5167595362 0.02740956245 -1.21297478e-05)
(0.822332951 0.09305697723 -4.86610302e-05)
(0.7798507909 0.07625108457 -0.07554284699)
(0.5762428454 0.04013079055 -0.07732568171)
(0.7800866796 0.07589651921 -2.627573656e-05)
(0.576417803 0.03986415971 -2.869928124e-05)
(0.5165983998 0.02762048025 -0.07747238938)
(0.197274144 -0.09981797926 3.845531998e-06)
(0.1298720228 -0.1008933211 -0.07821522129)
(0.1298828582 -0.1009145844 9.879816711e-07)
(0.2897817487 -0.0352682727 -2.89672484e-06)
(0.3590114375 -0.02786966553 -0.07818377053)
(0.3590901156 -0.02803602792 -1.230336523e-05)
(0.2896608084 -0.03519149463 -0.0781634469)
(-0.2461986314 -0.1079628201 6.182369986e-07)
(-0.1756820677 -0.1312255823 0.07591536433)
(-0.2693178865 -0.06817677394 0.07232330243)
(-0.1856356516 -0.07949774647 -2.756754532e-06)
(-0.1757567477 -0.1310817589 5.826923423e-06)
(-0.2693980193 -0.06802904362 -1.824907425e-06)
(-0.2461310816 -0.1081496701 0.07187807486)
(-0.193585279 -0.04015305888 -2.003147987e-05)
(-0.1836791654 -0.1146530782 0.06577426457)
(-0.1837531748 -0.1145670997 -1.738667745e-05)
(-0.2463746031 -0.09494548041 -1.800876928e-05)
(-0.2645987801 -0.03313495176 0.06569870848)
(-0.264725808 -0.03308893386 -2.185129841e-05)
(-0.2462659085 -0.09504426796 0.06737147116)
(-0.2953782458 -0.07143901472 -1.943713511e-05)
(-0.3291933628 -0.04623136825 0.06886615152)
(-0.3205586099 -0.02488724371 0.06687235555)
(-0.3603372747 -0.01605804346 -4.542730223e-05)
(-0.3294216491 -0.04620300193 -3.380169234e-05)
(-0.3207070853 -0.0248495541 -2.581757151e-05)
(-0.2952659754 -0.07153092653 0.0686039837)
(-0.1284979729 -0.2136304766 -1.10458559e-05)
(-0.1633717601 -0.1739718085 -0.06898751529)
(-0.1635050727 -0.1738113561 -8.363494012e-06)
(-0.2102617214 -0.1444292931 -1.578168644e-06)
(-0.1561146897 -0.1776798601 -0.0744045939)
(-0.1562274094 -0.1774829845 -7.506733764e-06)
(-0.2101402453 -0.1446119541 -0.07055617736)
(-0.2461982485 -0.1079607813 4.88788009e-07)
(-0.1856402346 -0.07950637441 -2.44158746e-06)
(-0.1757103382 -0.1312717287 -0.07591940531)
(-0.2693221532 -0.06815379809 -0.07232186641)
(-0.1757657205 -0.1310953573 -7.534784363e-06)
(-0.2694000432 -0.06802292628 4.8652077e-06)
(-0.2461289727 -0.1081405847 -0.07187947548)
(-0.1935830544 -0.04015018778 2.032866232e-05)
(-0.1836751567 -0.1146545215 -0.06577536056)
(-0.1837520322 -0.1145676353 1.68754089e-05)
(-0.2463735813 -0.09494620207 1.791725229e-05)
(-0.264596484 -0.03312426874 -0.06569949352)
(-0.2647250248 -0.0330850186 2.264476658e-05)
(-0.2462606031 -0.09504713031 -0.06737256223)
(-0.295377589 -0.07144007286 1.994581099e-05)
(-0.360338286 -0.01605705072 4.515155358e-05)
(-0.3291892223 -0.04624204163 -0.06886766957)
(-0.3205653075 -0.02487931337 -0.06687334557)
(-0.329420833 -0.04620577515 3.401599507e-05)
(-0.320709022 -0.02484635903 2.692696632e-05)
(-0.295263836 -0.07153351854 -0.06860464409)
(1.350260221 0.08523646179 0.0273012372)
(1.382781621 0.1000844962 0.0311385312)
(1.350254048 0.08525271897 -0.02730396292)
(1.3827716 0.1001125759 -0.03114008593)
(1.310225276 0.1557914318 0.0245668909)
(1.359670627 0.1473922627 0.02910051826)
(1.330049807 0.188981123 0.02689085958)
(1.331413135 0.1266233815 -0.0253612389)
(1.310218258 0.1558024659 -0.02456867907)
(1.359691146 0.1474111723 -0.02909836291)
(1.330056986 0.1890066948 -0.02689136947)
(1.33929389 0.08714949646 0.0001940011099)
(1.338069372 0.08858302795 0.06637623343)
(1.320438409 0.1920350503 -0.0001301669932)
(1.33103959 0.1749019273 0.0566988934)
(1.321635778 0.1642119074 0.06168179251)
(1.385217681 0.1596340079 0.0003459697179)
(1.381984107 0.1827636546 -0.0006020045435)
(1.327808696 0.1632756137 1.096571182e-05)
(1.312823235 0.1884295817 0.06067559583)
(1.254512201 0.303373203 0.02606901299)
(1.190608354 0.3007285739 0.03450033898)
(1.170264739 0.3494550259 0.02997787158)
(1.288419529 0.2749575531 -0.02896023815)
(1.254496048 0.3033817451 -0.02607142146)
(1.190608643 0.3007101465 -0.03449723837)
(1.170242858 0.3494329854 -0.02997738557)
(0.6396810408 0.06295844407 0.07731112578)
(0.8664939479 0.117050062 5.177057508e-05)
(0.6398913438 0.06263859006 5.093572999e-05)
(0.7035143197 0.09681218171 6.863109423e-05)
(0.910404757 0.15002329 0.07381846114)
(0.9106026015 0.1486071994 7.023216846e-05)
(0.7032593723 0.09717910376 0.07754747185)
(0.9902399821 0.366911041 0.03353894815)
(0.5222645096 0.143859587 0.08063244251)
(0.7095551791 0.3297683578 0.04008846214)
(0.945550525 0.2827492971 -0.04013043362)
(0.990205424 0.3668776083 -0.03354270145)
(0.522262005 0.1438309413 -0.0806295725)
(0.7095063159 0.3297911426 -0.04009313992)
(0.1464652962 -0.1443621523 1.758064931e-05)
(0.05459200097 -0.1939676907 0.07983603203)
(0.05453204822 -0.1939124795 1.430266665e-05)
(0.09428051215 -0.1527619954 2.884445882e-05)
(0.2036470035 -0.1049723549 0.08204377111)
(0.203680843 -0.1051059491 4.021015798e-05)
(0.09430633384 -0.152765666 0.08207076141)
(0.2541640786 0.1243905178 0.0002315788777)
(0.4025407021 0.1627526517 0.07738432721)
(0.2166748348 0.04603140929 0.08419394323)
(0.3543658942 0.0908023201 -0.000130052268)
(0.4001840866 0.1644197335 -0.0003481761472)
(0.2170034091 0.0466359525 1.335818163e-05)
(0.256432139 0.1223847782 0.08311401603)
(0.5256948215 0.4022873375 0.020643072)
(0.1722008794 0.2782234729 0.02984650692)
(0.2612018265 0.3288174966 0.02055287372)
(0.4725442521 0.3682983993 -0.03067906193)
(0.5257071933 0.4022983181 -0.02064190395)
(0.1721996999 0.2782099242 -0.02984657963)
(0.2612092252 0.3288190544 -0.02055307871)
(-0.278680946 -0.02609357324 0.07141943964)
(-0.1853603354 -0.02470757755 -1.738699999e-05)
(-0.2789341253 -0.02611418418 -2.319831359e-05)
(-0.2733331031 0.01640585993 -0.0001034396315)
(-0.1750811423 0.03178554704 0.07264465185)
(-0.1754788801 0.03140849401 -4.992345312e-05)
(-0.2728030955 0.01675599035 0.06846652069)
(0.0107676651 0.2091684519 0.01557875449)
(-0.2561568087 0.06443433068 0.02291485755)
(-0.1249441239 0.0920900782 0.01435640262)
(-0.102070002 0.1723170679 -0.02577873479)
(0.01076644537 0.209170782 -0.01557855855)
(-0.2561604233 0.06443317575 -0.02291485227)
(-0.1249466881 0.09209058091 -0.01435629126)
(1.33405653 0.1121332479 0.0002448721872)
(1.374906992 0.1055336878 0.06070798065)
(1.326310257 0.1383386078 0.06343001266)
(1.39086172 0.1315873714 0.0008510142067)
(1.39199674 0.1076986931 0.0008917268899)
(1.330584317 0.135969693 0.0001945086603)
(1.331600695 0.1144866995 0.06486204107)
(1.009391083 0.08710018043 0.07422932463)
(1.009708534 0.08666867385 3.179920595e-05)
(1.215695706 0.0923444842 6.115830806e-05)
(1.215173933 0.09317342305 0.07079920852)
(1.027493922 0.1046668899 0.07269034265)
(1.051272598 0.1252626366 9.832415416e-05)
(1.027946885 0.1041248055 6.931662026e-05)
(1.217991373 0.1142982267 9.525407524e-05)
(1.223433898 0.1388626271 0.06778002121)
(1.224408683 0.1377048657 0.0001444827314)
(1.217322841 0.1154261594 0.06900521973)
(1.339301032 0.08714621428 -0.0001920003348)
(1.390579165 0.07943332964 -0.06150496884)
(1.393253337 0.07933475554 -0.0005362984819)
(1.338090152 0.08856942372 -0.06637874673)
(1.334070096 0.1121432848 -0.000238717247)
(1.39086568 0.1316061161 -0.0008418886099)
(1.374877841 0.1055514103 -0.06071025855)
(1.326333957 0.1384011874 -0.06343290216)
(1.392015885 0.1077092954 -0.0008927711938)
(1.330584179 0.1359883095 -0.0001840774095)
(1.33164587 0.1145147059 -0.0648671965)
(1.009471289 0.08710590444 -0.07424002212)
(1.009735715 0.08666753646 -2.415691808e-05)
(1.215715259 0.09233665089 -5.933245977e-05)
(1.215219818 0.09315081226 -0.07080751486)
(1.051255394 0.1252349504 -9.137467711e-05)
(1.027583296 0.1046531209 -0.07269953339)
(1.027964447 0.1041183853 -5.096884274e-05)
(1.218016745 0.1143017247 -7.930194812e-05)
(1.223498851 0.1388713052 -0.06775425827)
(1.224404159 0.1377057339 -0.0001201373719)
(1.217433469 0.1154443411 -0.06901971246)
(1.075200389 0.1507493931 0.0001513861826)
(1.238261667 0.1938207616 0.001150008463)
(1.229193676 0.1651193897 0.06660032653)
(1.096839554 0.1825838563 0.06988015543)
(1.232380133 0.164505623 0.0002764187497)
(1.098308224 0.1797494935 0.0003773014266)
(1.233537716 0.1932121063 0.06506286836)
(1.258047141 0.2310503601 0.001369610848)
(1.213117355 0.2482919179 0.06144302588)
(1.118306217 0.2173394558 0.06809649491)
(1.138759433 0.2491861941 -0.0002817991917)
(1.274196101 0.2610350257 -0.0003963262822)
(1.122856167 0.2138661866 0.0001974828656)
(1.218612423 0.2231964208 0.06328655109)
(1.32044281 0.1920361869 0.0001342217914)
(1.385220788 0.1596358445 -0.0003450070822)
(1.331052107 0.1749056126 -0.0567001434)
(1.32165723 0.1641965948 -0.06166501647)
(1.381987437 0.1827629819 0.0006045849417)
(1.327822578 0.1632664723 -1.631042756e-05)
(1.312824794 0.1884281078 -0.06068179472)
(1.075266209 0.1507283639 -0.0001791434605)
(1.238281004 0.1938005677 -0.001134624355)
(1.229322655 0.1650298538 -0.06654917348)
(1.096970114 0.1824843341 -0.06991723273)
(1.232459624 0.1644718482 -0.0002981845245)
(1.098360507 0.179719632 -0.0003613574589)
(1.233585038 0.1931632675 -0.06509161369)
(1.258030542 0.2310489775 -0.001360567807)
(1.138750437 0.2491775508 0.0002832916893)
(1.213102456 0.2482994538 -0.06144658544)
(1.118332063 0.2172872387 -0.06811065918)
(1.274183127 0.2610362536 0.0004005769281)
(1.122855234 0.2138488346 -0.0001907412667)
(1.218608763 0.2231993949 -0.06330221831)
(0.7642521954 0.140620751 8.798315251e-05)
(0.9490024445 0.1891693667 0.07244352612)
(0.8128739176 0.1926444729 0.07792786651)
(0.9884260239 0.2316298828 -0.0002132209243)
(0.9486021727 0.187573575 -2.604443455e-06)
(0.811268369 0.1948709281 0.0003059465641)
(0.7635508821 0.1405120459 0.07760482714)
(0.267920735 -0.07963675737 -1.265602004e-05)
(0.4324001641 -0.006224484096 0.07892075481)
(0.4325812603 -0.006520534186 1.928966582e-05)
(0.5039098381 0.02850249899 7.622930755e-05)
(0.336124102 -0.04261347598 0.08164316101)
(0.3365758449 -0.0428708799 6.061073809e-05)
(0.5031846958 0.02878038702 0.08018724754)
(0.571561605 0.07522872305 0.000256435924)
(0.6270454662 0.1311223549 0.0795028007)
(0.4010682418 0.009236671158 0.08266703528)
(0.4628674898 0.06939758158 0.0003274493447)
(0.6308105098 0.1309875576 0.0009969558457)
(0.4021367103 0.008389930307 0.000147346808)
(0.5686873683 0.07536513925 0.08052033439)
(0.8664956142 0.1170705737 -7.433399746e-05)
(0.63966715 0.06305222251 -0.07730480743)
(0.639883043 0.06266959482 -4.471795298e-05)
(0.703509883 0.09683402709 -7.00488438e-05)
(0.9103748672 0.1499996455 -0.07384657506)
(0.91060658 0.1486021422 -8.228065173e-05)
(0.7032371424 0.09725328336 -0.07754501199)
(0.7642518065 0.1406279054 -8.506494046e-05)
(0.9884158851 0.231618585 0.0002192081499)
(0.9490495315 0.189132433 -0.07245448692)
(0.8128688586 0.1926382925 -0.07793468069)
(0.9486071156 0.187559573 5.366428164e-06)
(0.8112578428 0.1948683369 -0.0003061490259)
(0.7635535326 0.1405377665 -0.07760789441)
(0.2679164632 -0.07962733333 2.376668395e-06)
(0.4323395304 -0.006269898489 -0.07891979385)
(0.4325596241 -0.006530596026 -1.924834167e-05)
(0.5039077511 0.02850450222 -8.261912614e-05)
(0.336179387 -0.04255821267 -0.08164330474)
(0.336591788 -0.04285300579 -6.208817163e-05)
(0.5031715196 0.02878139965 -0.08018699756)
(0.5715717435 0.07523365794 -0.0002541571149)
(0.4628701022 0.06939313131 -0.0003230095542)
(0.6270745125 0.1311452217 -0.07950312397)
(0.4011138269 0.009254654682 -0.08266820642)
(0.6308167253 0.1309947911 -0.0009940331384)
(0.4021485731 0.00839646369 -0.0001422959601)
(0.5687238462 0.07538170934 -0.08052258541)
(0.1337615457 -0.09581871196 4.527078327e-05)
(0.2581467758 -0.04945781313 0.08371299448)
(0.1731769408 -0.02837648983 0.0851747804)
(0.3080842091 0.01630550762 3.943194065e-05)
(0.258196567 -0.04990649606 4.653988917e-05)
(0.1731469379 -0.02841372061 7.030257925e-05)
(0.1337065 -0.09577512078 0.08402492984)
(-0.08192535145 -0.2313734287 2.735105327e-05)
(-0.02033626644 -0.2241222727 0.07873644993)
(-0.02038516144 -0.2239165009 8.376886733e-06)
(-0.08616908791 -0.1910424372 0.07818745764)
(-0.08622758933 -0.190857091 3.864376021e-05)
(-0.002275611805 -0.1821357576 2.733349318e-05)
(-0.002223144971 -0.1823182537 0.08114294006)
(-0.08633010226 -0.137819636 0.07997679364)
(-0.07981324614 -0.07786089187 5.989684444e-05)
(-0.08633173758 -0.1376622551 5.180671369e-05)
(0.01736254425 -0.1260629314 3.25690798e-05)
(0.03969735671 -0.06196068939 0.0840529356)
(0.03998090572 -0.06184780001 4.988686159e-05)
(0.01733426425 -0.1262259044 0.08310425623)
(0.1464735319 -0.1443465803 -1.024015616e-05)
(0.05457852523 -0.1939935809 -0.0798392003)
(0.05452712758 -0.193918605 -1.206731233e-05)
(0.09428024221 -0.1527632633 -2.755717954e-05)
(0.2036388222 -0.1049449187 -0.08204402358)
(0.2036790138 -0.1050962571 -3.540909987e-05)
(0.09430271197 -0.152774711 -0.08207319334)
(0.1337611774 -0.09581536423 -4.370541303e-05)
(0.3080791793 0.01630401616 -4.540613317e-05)
(0.2581111896 -0.04945794731 -0.08371459175)
(0.1731914618 -0.02834406033 -0.08517410239)
(0.2581861945 -0.04990542837 -4.558874521e-05)
(0.1731517845 -0.02840347838 -6.763957652e-05)
(0.1337062731 -0.0957670762 -0.084026577)
(-0.08191784389 -0.2313682086 -2.55694883e-05)
(-0.02032315421 -0.2241143444 -0.07873938205)
(-0.02038236272 -0.2239136202 -1.074339861e-05)
(-0.08614106093 -0.1910503333 -0.0781891088)
(-0.08622023491 -0.1908588704 -3.184134849e-05)
(-0.002269252905 -0.1821292588 -2.651697815e-05)
(-0.002204250294 -0.1822935119 -0.08114384918)
(-0.07982233489 -0.07786855119 -5.102938038e-05)
(-0.08633259096 -0.1378438521 -0.07997710447)
(-0.08633252395 -0.1376690296 -4.020083098e-05)
(0.01736372509 -0.1260496427 -3.217051689e-05)
(0.03969617673 -0.06192701958 -0.08405556365)
(0.03998054988 -0.06183788271 -4.96917079e-05)
(0.01733617322 -0.1261810693 -0.08310680742)
(-0.06568253745 -0.01349026396 7.00790937e-05)
(0.0926027881 0.08034233602 0.0003826867157)
(0.06624752264 0.007584059573 0.08310154332)
(-0.04621496009 0.05418080638 0.0776170929)
(0.06756711565 0.007904278181 8.757324932e-05)
(-0.04640027451 0.05334851242 0.0001379983946)
(0.0910172997 0.07954128564 0.07964596684)
(0.1377816324 0.1733640613 0.0001147580215)
(0.153377483 0.2062644029 0.06693843625)
(-0.007156801862 0.1254169602 0.07171369991)
(0.0341310157 0.1762661224 -0.0001639293845)
(0.1711515536 0.2220411867 -0.0003270550522)
(-0.005097983555 0.1267778221 -0.0002158309974)
(0.1224201399 0.160697538 0.07205405921)
(0.2541658638 0.1243987503 -0.0002308812784)
(0.3543646146 0.09080274702 0.0001270126273)
(0.4025496788 0.1627444194 -0.07738875157)
(0.2166754435 0.04605795676 -0.08419401796)
(0.4001858373 0.1644216095 0.0003454928555)
(0.217003091 0.0466432169 -7.732322866e-06)
(0.2564280802 0.1224049439 -0.0831145052)
(-0.06569781682 -0.01349717529 -6.182162337e-05)
(0.09260166266 0.08034232984 -0.0003833239126)
(0.06623979702 0.007599305412 -0.08310401955)
(-0.04625845561 0.05416602308 -0.07761658587)
(0.06756414592 0.007908588648 -8.728494547e-05)
(-0.04641426376 0.05334299365 -0.0001385508526)
(0.09101281922 0.07954131365 -0.07964509302)
(0.1377888454 0.1733591292 -0.0001136139384)
(0.03413661776 0.1762641784 0.0001602735317)
(0.1533919871 0.2062443874 -0.06693850362)
(-0.007165634872 0.1254215685 -0.07171719049)
(0.1711564674 0.2220338917 0.0003304852476)
(-0.005098012926 0.1267776637 0.00021331485)
(0.1224354679 0.1606829953 -0.07205532748)
(-0.2504961609 0.05982179778 -0.0002761635037)
(-0.1505766143 0.08776173242 0.0665947251)
(-0.2148131136 0.09545237571 0.05934846695)
(-0.123375014 0.1331643849 -0.0001812422367)
(-0.1507532307 0.08874479633 -0.000262933011)
(-0.2198728167 0.1021914442 -1.452856665e-07)
(-0.2499035314 0.05918469878 0.06362421934)
(-0.3473032826 -0.02000412323 0.06772116351)
(-0.3829240407 -0.006909866086 -9.79925296e-05)
(-0.3479986168 -0.02013756208 -7.61104683e-05)
(-0.350437971 0.0062188204 -0.0002498288282)
(-0.3854745397 0.002680150121 0.06273123906)
(-0.3874700553 0.002592252131 -0.0003061916205)
(-0.3489140013 0.006677147497 0.06457891778)
(-0.3368239201 0.032410356 -0.0006088922689)
(-0.3022251965 0.05287850926 0.05343174023)
(-0.3704809859 0.01225460053 0.05799894738)
(-0.3526340722 0.02609238492 -0.0004253704092)
(-0.3169843997 0.056647346 -0.0003486932104)
(-0.3747171582 0.0128371425 -0.0007252772958)
(-0.3335528159 0.03240893205 0.05944088362)
(-0.1853599018 -0.0247152444 1.29262319e-05)
(-0.2786898667 -0.02606892148 -0.07141882147)
(-0.278936849 -0.02610822438 2.387458288e-05)
(-0.2733297498 0.01641354826 0.0001025193857)
(-0.1750513322 0.03178636979 -0.07264417267)
(-0.1754721733 0.03140998896 4.602047025e-05)
(-0.2727959371 0.01677835634 -0.06846829876)
(-0.2504936424 0.059820651 0.0002763576145)
(-0.1233729447 0.1331673202 0.0001851155692)
(-0.150547324 0.08777575622 -0.06659198239)
(-0.2148137982 0.09544551887 -0.05935138415)
(-0.1507431108 0.0887483068 0.0002658894406)
(-0.2198732186 0.1021883681 1.942319803e-08)
(-0.2498967473 0.05917883428 -0.06362450973)
(-0.3829224628 -0.006910065381 9.707978124e-05)
(-0.3472966674 -0.02000415087 -0.06772000882)
(-0.3479976771 -0.02013684956 7.622586634e-05)
(-0.3504342655 0.006220974791 0.0002518207389)
(-0.3854681969 0.002675106688 -0.06273165114)
(-0.3874678808 0.002590796214 0.0003066747459)
(-0.3489062738 0.00668432059 -0.06457729431)
(-0.3368226461 0.03241043417 0.0006099635823)
(-0.3526351096 0.02608874743 0.0004257581126)
(-0.3022269607 0.05287694432 -0.05342987686)
(-0.3704824781 0.01224929224 -0.05799944207)
(-0.316984769 0.05664651171 0.0003513333839)
(-0.374717545 0.01283531215 0.0007258580577)
(-0.3335499335 0.03240855786 -0.05944208349)
(1.399880739 0.06803697074 0.05695382657)
(1.400088594 0.06867906296 -5.226037831e-06)
(1.401235653 0.06235400561 -1.082168587e-05)
(1.387001021 0.05959688435 0.05443154499)
(1.399897009 0.06805202333 -0.05695245304)
(1.400091173 0.06868844465 7.872445542e-06)
(1.401235334 0.06237163606 1.09737232e-05)
(1.387019277 0.05963559253 -0.05443020285)
(0.6681087395 0.1965762289 0.07674910161)
(0.5724445102 0.2086046961 0.07959040346)
(0.5259332407 0.1419135643 7.742311218e-06)
(0.7035734662 0.2088355444 0.0009458194644)
(0.5794138181 0.2118210283 -0.000340697718)
(0.7611271363 0.2707298464 -0.0005266288982)
(0.710982949 0.2520119876 0.07379677047)
(0.5259255645 0.1419085682 -3.873583993e-06)
(0.6681190209 0.1966086776 -0.07674699339)
(0.5724079559 0.208594826 -0.0795826902)
(0.7035654462 0.2088473346 -0.0009426461363)
(0.5793919817 0.2118230661 0.0003417151711)
(0.7611086609 0.2707442948 0.0005237286019)
(0.7109424649 0.2520439685 -0.07379065827)
(-0.01683674461 -0.05719596816 -0.0001232619603)
(-0.009394304526 -0.03366495391 -0.0001199260792)
(-0.003307573419 -0.01125347378 -0.000118258304)
(-0.0166865262 -0.05737378674 0.03416016512)
(-0.009385590903 -0.03377222853 0.02122290546)
(-0.00277316001 -0.01144348235 0.01207830918)
(-0.008982840376 -0.04293501478 -0.0001469796891)
(-0.004202370983 -0.02528257247 -0.0001344202003)
(-0.001396373393 -0.008483138482 -0.0001210513853)
(-0.005767923509 -0.0157224724 0.02962448639)
(-0.002127465375 -0.00917243186 0.01870507536)
(-0.0001096428694 -0.003068811038 0.0105740797)
(-0.006002478728 -0.01566675289 -0.0001403769119)
(-0.002192676398 -0.009142389068 -0.0001300823947)
(-0.0006191155629 -0.003014328937 -0.0001165317607)
(-0.008738652633 -0.04295070588 0.03093437019)
(-0.004130063701 -0.02528484103 0.019418696)
(-0.0008675820034 -0.008547518265 0.01099874024)
(-0.01683734326 -0.05719785839 0.0001236969528)
(-0.009394657526 -0.03366614293 0.0001201898966)
(-0.003307682587 -0.01125390061 0.0001184057332)
(-0.01668876297 -0.05737939374 -0.0341606061)
(-0.00938682584 -0.03377592699 -0.02122313421)
(-0.002773568181 -0.01144487547 -0.01207844397)
(-0.00898295446 -0.04293574606 0.000147160194)
(-0.004202419234 -0.02528301005 0.0001345200214)
(-0.00139637397 -0.008483287877 0.0001211042573)
(-0.00576832756 -0.01572251429 -0.02962463)
(-0.002127603009 -0.009172436011 -0.01870512326)
(-0.0001096596895 -0.003068803142 -0.01057410106)
(-0.006002420753 -0.01566670563 0.0001404586131)
(-0.002192636366 -0.009142326464 0.0001301296599)
(-0.0006190963207 -0.003014294247 0.0001165564003)
(-0.008739470316 -0.04295288323 -0.03093456994)
(-0.004130394492 -0.02528623032 -0.01941876724)
(-0.0008676554863 -0.008548029654 -0.01099878124)
)
;

boundaryField
{
    inlet
    {
        type            fixedValue;
        value           nonuniform 0();
    }
    outlet
    {
        type            zeroGradient;
    }
    topAndBottom
    {
        type            symmetry;
    }
    frontAndBack
    {
        type            empty;
    }
    cylinder
    {
        type            noSlip;
    }
    procBoundary1to0
    {
        type            processor;
        value           nonuniform List<vector> 
116
(
(1.048911678 -0.000181242991 -6.116604684e-25)
(1.049306302 -0.0005503700018 2.246744371e-25)
(1.050105928 -0.0009210138846 0)
(1.051332598 -0.001303839117 1.430723926e-24)
(1.053022242 -0.001701197169 -6.753574645e-26)
(1.055225264 -0.002120584795 4.609966616e-24)
(1.058008201 -0.002570215101 -1.070110966e-23)
(1.061464349 -0.003061993969 5.424341637e-24)
(1.065719414 -0.003609514687 -6.403700695e-25)
(1.070931532 -0.004234770869 -4.82289544e-24)
(1.077318316 -0.004963742767 1.409555566e-23)
(1.085171863 -0.005826601487 0)
(1.094886641 -0.006876691653 8.403758389e-24)
(1.107005513 -0.008159407738 -4.932993192e-23)
(1.122262334 -0.009764143871 0)
(1.141770015 -0.01178861541 -2.637415477e-22)
(1.166748648 -0.01409424473 -2.071066375e-22)
(1.200387732 -0.01820995857 1.104676134e-21)
(1.243549305 -0.01815769706 -2.537843637e-06)
(1.362249276 0.04509502249 0.02764093035)
(1.294236876 -0.0139361845 0.02149297051)
(1.319256479 -0.008755746476 0.02322182834)
(1.294139435 -0.01393853097 -0.02149945797)
(1.319182657 -0.008713091656 -0.02322542857)
(1.362227931 0.04512033207 -0.02764224043)
(1.362249276 0.04509502249 0.02764093035)
(1.362249276 0.04509502249 0.02764093035)
(1.362249276 0.04509502249 0.02764093035)
(0.7151710108 0.05708747941 0.07918622814)
(0.7152123665 0.05712696267 -0.07919005409)
(-0.01120072644 -0.1275838612 3.581509007e-05)
(-0.04921669322 -0.07815040666 0.0001204952227)
(-0.01110200506 -0.1278535867 0.07934208093)
(-0.01110200506 -0.1278535867 0.07934208093)
(-0.04907499256 -0.07801445285 0.08005810739)
(-0.01120072644 -0.1275838612 3.581509007e-05)
(-0.02134512989 -0.06022762185 0.03477831637)
(-0.02174886379 -0.06015926917 -0.0001769739203)
(-0.03930100247 -0.07260916501 -0.0001707995179)
(-0.03867882428 -0.072682371 0.0686992201)
(-0.02323180273 -0.05369091104 0.03935819447)
(-0.0233642921 -0.05361621218 -0.0001118699426)
(-0.0112300242 -0.1275788953 -1.712356255e-05)
(-0.04921986674 -0.07817600015 -0.0001120754865)
(-0.01120770928 -0.127850074 -0.07934530825)
(-0.01120770928 -0.127850074 -0.07934530825)
(-0.04908701874 -0.07811384765 -0.08007110792)
(-0.0112300242 -0.1275788953 -1.712356255e-05)
(-0.03930844161 -0.07261827792 0.000178496533)
(-0.03869928313 -0.07271414896 -0.06870529855)
(-0.02323601639 -0.05369888444 -0.03936308262)
(-0.02336558969 -0.05361823694 0.0001136064391)
(-0.02134803581 -0.06023552673 -0.03477840727)
(-0.02175020962 -0.06016248115 0.0001783488683)
(1.000936269 0.07217619125 0.07669228105)
(1.400225674 0.05338263131 -0.062685908)
(1.000925656 0.07213991611 -0.07669144387)
(0.7154141022 0.05684873202 1.677185476e-05)
(0.4632766686 0.0226976179 -8.359215813e-07)
(0.4632766686 0.0226976179 -8.359215813e-07)
(0.463116148 0.02289648727 0.07830614637)
(0.463116148 0.02289648727 0.07830614637)
(0.0705838482 -0.08660477146 0.07958049683)
(0.07060891758 -0.08643985573 8.234584496e-06)
(0.2280174874 -0.03109435394 -1.117486362e-05)
(0.2278526676 -0.03108506653 0.07918691985)
(0.7154288889 0.05685692198 -2.111188193e-05)
(0.4632812126 0.02269025318 6.159238089e-06)
(0.4632812126 0.02269025318 6.159238089e-06)
(0.4631212398 0.02287236328 -0.07831098123)
(0.4631212398 0.02287236328 -0.07831098123)
(0.07068495498 -0.08652864591 -0.07958132413)
(0.07063703043 -0.0864179514 -5.015933085e-06)
(0.2280288305 -0.03110231308 1.112429868e-05)
(0.2278821303 -0.03110582708 -0.07919328918)
(1.408312975 0.04490320196 0.05786421104)
(1.362227931 0.04512033207 -0.02764224043)
(1.362227931 0.04512033207 -0.02764224043)
(1.362227931 0.04512033207 -0.02764224043)
(1.408362305 0.04491655986 -0.0578672124)
(1.393248868 0.07933164151 0.0005373563047)
(1.347975823 0.06242676792 8.016748918e-05)
(1.390555931 0.07943385618 0.06150514627)
(1.390555931 0.07943385618 0.06150514627)
(1.390555931 0.07943385618 0.06150514627)
(1.347168504 0.06301999316 0.06763919031)
(1.393248868 0.07933164151 0.0005373563047)
(1.393248868 0.07933164151 0.0005373563047)
(1.393248868 0.07933164151 0.0005373563047)
(1.001143877 0.07179697879 2.060418346e-05)
(1.219199765 0.07111815768 3.817533454e-05)
(1.218863734 0.07163337181 0.07263440042)
(1.347981965 0.06242282073 -7.699750466e-05)
(1.401785013 0.05308992359 -0.0001312956196)
(1.347193326 0.06300749529 -0.0676398222)
(1.00115406 0.07178517325 -3.403572854e-05)
(1.219202953 0.0711058833 -4.259996538e-05)
(1.218858072 0.07159197749 -0.07263055719)
(1.393509669 0.03883243812 0.0539199895)
(1.409230015 0.0440994478 5.619212836e-06)
(1.401576003 0.0409339341 0.0002841957432)
(1.409237367 0.04410561891 1.188710072e-06)
(1.39354387 0.03885929771 -0.05392003285)
(1.40158044 0.04094742613 -0.0002804295547)
(-0.02134512989 -0.06022762185 0.03477831637)
(-0.01247636487 -0.03478805267 0.02336930694)
(-0.003840349283 -0.01159719668 0.01326245686)
(-0.02134803581 -0.06023552673 -0.03477840727)
(-0.01247811535 -0.03479332399 -0.02336971344)
(-0.003841000155 -0.01159914673 -0.01326295716)
(-0.02174886379 -0.06015926917 -0.0001769739203)
(-0.01255830531 -0.03478608503 -0.0001666335397)
(-0.004435717715 -0.01138588582 -0.0001505115829)
(-0.02175020962 -0.06016248115 0.0001783488683)
(-0.01255919202 -0.03478824139 0.0001675707572)
(-0.004436106031 -0.01138674158 0.0001510535986)
)
;
    }
    procBoundary1to3
    {
        type            processor;
        value           nonuniform List<vector> 
125
(
(0.1356734746 -0.1652663442 8.115817685e-08)
(0.3670945201 -0.1376674739 3.852418151e-22)
(0.5540772388 -0.1020880131 -2.991918399e-22)
(0.6913150362 -0.0705005899 -2.586226474e-22)
(0.7853936026 -0.04608268033 2.625646704e-22)
(0.8470773461 -0.02878489318 1.911637747e-22)
(0.88669508 -0.01755429852 -9.539486994e-23)
(0.9122448398 -0.010911953 -7.589023466e-23)
(0.9292864428 -0.007261237816 0)
(0.9413837015 -0.00528280172 -5.106210593e-23)
(0.9505904566 -0.004139443716 4.03761489e-23)
(0.9579821105 -0.003401969278 -1.394424629e-23)
(0.9641191636 -0.002870638112 1.687344833e-23)
(0.969311326 -0.002447882744 -2.928973296e-24)
(0.973730415 -0.002085121853 4.335869278e-24)
(0.9774789961 -0.001765231529 -4.0088664e-24)
(0.9806415771 -0.001487280744 1.630444347e-24)
(0.9833056001 -0.001253181529 0)
(0.9855574504 -0.001060577519 0)
(0.9874722621 -0.0009029957223 -9.8660651e-25)
(0.989109804 -0.0007729782504 9.374810057e-25)
(0.9905163483 -0.0006643584357 -4.838620568e-25)
(0.9917283672 -0.0005727530038 -3.711624242e-25)
(0.9927754976 -0.0004950681651 5.784971145e-25)
(0.9936823026 -0.0004289502771 -2.8127851e-25)
(0.9944692878 -0.0003724860969 0)
(0.9951536196 -0.0003240902285 2.096251382e-25)
(0.9957497171 -0.0002824603684 -3.223615749e-26)
(0.9962697475 -0.0002465357592 -5.532712881e-26)
(0.9967240265 -0.0002154511372 3.502147563e-27)
(0.9971213376 -0.0001884942594 6.295039506e-26)
(0.997469189 -0.0001650709801 0)
(0.9977740199 -0.000144688168 1.1054217e-29)
(0.9980413095 -0.0001268959951 -5.976034595e-25)
(0.9982757926 -0.0001113812671 5.98061195e-25)
(0.9984816796 -9.78224954e-05 0)
(0.998662624 -8.5958546e-05 -4.057356418e-25)
(0.9988217269 -7.556875924e-05 4.058145787e-25)
(0.998961685 -6.646314196e-05 -4.78880685e-25)
(0.9990848484 -5.847663158e-05 5.890577328e-25)
(0.9991932691 -5.146679092e-05 -3.899685905e-25)
(0.9992887414 -4.531073951e-05 4.550897683e-25)
(0.9993728349 -3.990190515e-05 -2.129024947e-25)
(0.9994469239 -3.514771944e-05 -2.511848075e-25)
(0.9995122125 -3.096667982e-05 8.817840531e-26)
(0.9995697569 -2.728753591e-05 -6.344350429e-26)
(0.9996204835 -2.404848814e-05 1.191552001e-25)
(0.9996652064 -2.119607337e-05 -4.073538846e-27)
(0.9997046415 -1.868382822e-05 4.287282161e-26)
(0.9997394182 -1.647103501e-05 -4.288621e-26)
(0.9997700899 -1.45218062e-05 4.283216501e-30)
(0.999797144 -1.280448785e-05 -3.044827469e-26)
(0.9998210092 -1.12912115e-05 -3.277446648e-30)
(0.9998420632 -9.957494031e-06 2.325136973e-26)
(0.9998606386 -8.781857749e-06 1.797009445e-26)
(0.9998770283 -7.745472304e-06 -3.825263983e-26)
(0.9998914905 -6.83180854e-06 -1.53188334e-26)
(0.9999042527 -6.026320195e-06 -1.325703151e-26)
(0.9999155154 -5.316175545e-06 -1.406385291e-30)
(0.9999254555 -4.690053439e-06 4.570660413e-27)
(0.999934229 -4.137989019e-06 -1.677711541e-26)
(0.9999419736 -3.651236055e-06 3.873126897e-27)
(0.9999488113 -3.222113526e-06 -7.191872068e-31)
(0.9999548471 -2.843900707e-06 0)
(0.9999601843 -2.510475163e-06 -8.328371733e-28)
(0.999964871 -2.217427255e-06 8.330034655e-28)
(0.9999691181 -1.955501575e-06 0)
(0.999972394 -1.745686191e-06 1.025506211e-27)
(0.9999769312 -1.445263988e-06 5.580930946e-28)
(-0.193475443 0.04027008727 0.06408793945)
(-0.3820034311 0.006845663012 0.06580911937)
(-0.2561439169 -0.06449253933 0.02291491636)
(-0.1124897698 0.04372632933 0.06247372554)
(-0.1124852206 0.0437325887 -0.06247442994)
(-0.3600222494 0.01609219383 0.06705166587)
(-0.1934652253 0.04027982173 -0.06408883337)
(-0.3600301443 0.01610853583 -0.06705342473)
(-0.1126958677 0.0436542815 -3.383505581e-05)
(-0.02806931274 0.03671341606 0.06055234515)
(-0.02860953506 0.03660993432 -1.342795748e-05)
(-0.1126937334 0.04365693829 3.379766729e-05)
(-0.02807064219 0.03671767822 -0.06055326622)
(-0.02860943375 0.03661161429 1.377864908e-05)
(-0.3359770203 -0.02241886557 0.05296063984)
(-0.3819999083 0.00685780697 -0.06580999247)
(-0.3359802365 -0.02240786573 -0.05296322509)
(-0.1935819013 0.04022107733 -2.000926283e-05)
(-0.2645909332 0.03319931105 0.06569949306)
(-0.2647182063 0.03315438911 -2.182458604e-05)
(-0.320555129 0.02494531626 0.06687369871)
(-0.3603395208 0.01607859054 -4.538685464e-05)
(-0.3207038947 0.02490813231 -2.571440027e-05)
(-0.1935783459 0.04022537548 2.071220241e-05)
(-0.2645878012 0.03321583685 -0.06570094119)
(-0.2647170632 0.03316107392 2.331226263e-05)
(-0.3603421035 0.01608416753 4.571369932e-05)
(-0.3205648515 0.02496378328 -0.06687545803)
(-0.3207072164 0.02491527354 2.763533702e-05)
(-0.1249347165 -0.09213747925 0.01435623317)
(-0.2561475689 -0.06449186384 -0.02291491133)
(-0.1249372144 -0.09213834659 -0.014356122)
(-0.3829256466 0.006891258727 -9.794465322e-05)
(-0.3854721743 -0.002732074592 0.06273194783)
(-0.3874676621 -0.002644887691 -0.0003061754719)
(-0.3704745961 -0.0123187473 0.05799934255)
(-0.3526249714 -0.02616067675 -0.0004253308697)
(-0.3747099283 -0.01290233658 -0.0007252298064)
(-0.382925431 0.006894975022 9.741969224e-05)
(-0.3854677414 -0.00272349996 -0.06273257517)
(-0.3874661616 -0.002641964721 0.0003068614246)
(-0.3526259403 -0.02615704936 0.0004257501035)
(-0.3704767273 -0.01231235991 -0.05799993157)
(-0.374710831 -0.01290000073 0.0007258991786)
(-0.005771129191 0.01575087676 0.02962563608)
(-0.002129452722 0.009189410156 0.01870582893)
(-0.0001103269461 0.003074642234 0.01057454008)
(-0.006005655236 0.01569507998 -0.0001403518441)
(-0.002194655429 0.009159299821 -0.0001300642122)
(-0.0006198099772 0.003020093306 -0.0001165218305)
(-0.005771462671 0.01575273636 -0.02962591607)
(-0.002129613049 0.009190571563 -0.01870597062)
(-0.0001103676072 0.003075060762 -0.01057461724)
(-0.006005573444 0.01569575434 0.000140551008)
(-0.002194624853 0.009159694574 0.0001301936055)
(-0.0006198029759 0.003020226003 0.0001165959454)
)
;
    }
}


// ************************************************************************* //
