/*--------------------------------*- C++ -*----------------------------------*\
| =========                 |                                                 |
| \\      /  F ield         | OpenFOAM: The Open Source CFD Toolbox           |
|  \\    /   O peration     | Version:                                        |
|   \\  /    A nd           | Website:  www.openfoam.com                      |
|    \\/     M anipulation  |                                                 |
\*---------------------------------------------------------------------------*/
FoamFile
{
    version     2.0;
    format      ascii;
    class       volVectorField;
    location    "1.1";
    object      U;
}
// * * * * * * * * * * * * * * * * * * * * * * * * * * * * * * * * * * * * * //

dimensions      [0 1 -1 0 0 0 0];


internalField   nonuniform List<vector> 
2429
(
(0.9999629828 8.433958552e-05 7.745735226e-25)
(0.999653424 0.0002495059848 2.558006867e-23)
(0.9990131281 0.0004216594972 -1.557297018e-24)
(0.9979938791 0.0006389154695 -2.838276934e-23)
(0.9964721963 0.0009401746269 -1.597164363e-23)
(0.9942629286 0.001313884049 6.363654457e-24)
(0.9912675108 0.001696995328 6.42572518e-24)
(0.987543789 0.002037061192 -7.172208116e-24)
(0.9832041213 0.002344722787 5.66759648e-23)
(0.978265887 0.002684577367 -2.948564605e-23)
(0.9725871056 0.003132665834 -1.573434901e-23)
(0.9658863904 0.003753549972 -1.675048017e-23)
(0.9577673725 0.004611681409 -8.945745869e-23)
(0.9477008568 0.005799836318 7.16576136e-23)
(0.9349212607 0.007469233107 -6.242647192e-23)
(0.9183650098 0.009877178205 8.708212555e-23)
(0.8961159535 0.01344646821 -8.888716261e-22)
(0.8662637621 0.01905449455 1.877346715e-21)
(0.8210033988 0.02787897666 -4.134475271e-07)
(0.7735255768 0.02331611659 -0.02825865201)
(0.6427861467 0.01675997061 -0.05996572319)
(0.5180681125 0.02979701349 -0.0781058302)
(0.1791488225 0.06165008314 -0.1006888781)
(0.9999638722 0.0002502781561 -1.234702855e-23)
(0.9996635239 0.000740840875 -1.243260024e-23)
(0.9990436121 0.001252000757 -9.917718358e-23)
(0.9980578169 0.001897175568 1.252955761e-22)
(0.9965868794 0.002792307129 0)
(0.99445198 0.003902785254 -2.597893325e-23)
(0.9915596892 0.005039968306 1.052961333e-22)
(0.9879708803 0.006046200685 -1.079763237e-22)
(0.9838025464 0.00695127257 -2.255043705e-22)
(0.9790835385 0.007944958561 -1.057017648e-24)
(0.9736939815 0.009249625018 -1.201009853e-22)
(0.9673885966 0.01105044363 -2.631232325e-22)
(0.9598283928 0.01352679513 3.961614773e-22)
(0.9505760355 0.01693161238 1.419109062e-22)
(0.93902755 0.02167319703 1.985342366e-23)
(0.9243782586 0.02842863238 0)
(0.9052809334 0.03828349241 8.187340087e-22)
(0.8804381708 0.05331753355 -2.874619904e-21)
(0.8451229064 0.07640453756 3.202641046e-06)
(0.8013510124 0.0927732304 -0.02578642127)
(0.6808099791 0.1188362736 -0.0531275858)
(0.615068893 0.2299372335 -0.06324074608)
(0.4370159018 0.4607214763 -0.06528681705)
(0.9999661462 0.0004081953432 0)
(0.9996849034 0.001208559501 -1.956004642e-22)
(0.9991046061 0.002041711487 9.926354625e-23)
(0.9981831559 0.003092595318 9.824270688e-23)
(0.9968097896 0.004550583742 -2.519409358e-22)
(0.9948180904 0.006357960708 5.098391614e-23)
(0.9921242795 0.008203428893 -1.055380301e-22)
(0.9887942353 0.009824725964 2.174049267e-22)
(0.9849525319 0.01126472139 2.460665732e-24)
(0.9806480184 0.0128257983 2.325380127e-22)
(0.9757997639 0.01485931341 3.658038182e-24)
(0.9702253658 0.01764694731 0)
(0.9636831756 0.02144558949 1.84903266e-24)
(0.9558875942 0.02660302373 -2.78081854e-22)
(0.9464871329 0.03367122597 0)
(0.9350747653 0.04354344884 -6.147816985e-22)
(0.9211019974 0.05756670874 -9.51417966e-22)
(0.9042525535 0.07827468906 2.284772989e-23)
(0.883805928 0.1084847116 -1.865965156e-06)
(0.862074363 0.1592727165 -2.565573215e-06)
(0.8171444828 0.2049678412 -0.02251405487)
(0.772652916 0.3066153203 -0.0404293252)
(0.7941211352 0.5283064355 -0.02552459382)
(0.7741374017 0.6444756449 0.04368084477)
(0.1419583529 0.01205017926 0.08963417093)
(0.9999693582 0.0005539869624 1.865708741e-22)
(0.9997150399 0.00163916208 3.949752777e-22)
(0.9991907843 0.002766987464 0)
(0.998360202 0.004188283486 -1.985557074e-22)
(0.9971242669 0.006159925462 3.99111298e-22)
(0.9953336718 0.008601175611 0)
(0.9929174733 0.01108340907 2.043759607e-22)
(0.9899470238 0.01324166627 -1.551344658e-22)
(0.9865546848 0.01512335788 1.525513841e-24)
(0.9828126598 0.01712514192 -5.501554815e-23)
(0.9786867319 0.01970315385 0)
(0.9740690796 0.02320372535 0)
(0.9688292928 0.02791436902 0)
(0.9628507325 0.03420448023 0)
(0.9560469439 0.04263410538 0)
(0.9484191107 0.05410409795 2.82409118e-21)
(0.9401170644 0.06983318917 2.457770642e-21)
(0.9317799287 0.0918736442 0)
(0.9245212686 0.1227300084 0)
(0.9220269702 0.167636435 -5.524362994e-07)
(0.9100282904 0.2155639676 -0.01563376448)
(0.8469717852 0.2725749858 -0.0223043032)
(0.9902075242 0.4137805458 -0.005894654057)
(1.186478328 0.5148465224 0.03140477357)
(1.430917185 0.4400302076 0.0838617337)
(1.388174892 0.142404211 0.1118457014)
(1.264054132 -0.09287062208 0.09944884979)
(1.24155791 -0.2462611296 0.07924867551)
(0.9999733067 0.000683897915 -1.866492418e-22)
(0.9997521102 0.002021320501 -1.992598012e-22)
(0.9992968643 0.003408573197 0)
(0.9985778592 0.005155412035 -1.681419619e-22)
(0.9975101878 0.007578692295 -1.730572372e-22)
(0.9959650521 0.01057498437 1.473502804e-22)
(0.9938860477 0.01360582332 -4.707597319e-24)
(0.9913487443 0.01620716859 2.086140923e-22)
(0.9884907001 0.01842179674 0)
(0.9854059423 0.02072030487 0)
(0.9821062697 0.02363820388 0)
(0.9785563897 0.02755790484 0)
(0.9747302382 0.03275220713 9.155833219e-22)
(0.9706548189 0.03955716858 2.871969402e-21)
(0.9664544774 0.04842546686 -9.908456035e-22)
(0.9624037478 0.06006470982 -3.190953148e-21)
(0.9590745294 0.07538849514 1.005006449e-21)
(0.9575135649 0.09566104942 -2.157044351e-21)
(0.9598353681 0.1222676578 -6.754016531e-23)
(0.9691024625 0.157431326 -3.283377347e-09)
(0.9949031904 0.1999000891 5.49228781e-09)
(1.010646072 0.2446015148 -0.005659958125)
(1.081194185 0.2878576527 0.002389460359)
(1.181072324 0.3233120373 0.02264435381)
(1.340992749 0.2678215676 0.04692400944)
(1.441298954 0.1293004036 0.06246443261)
(1.45068537 -0.03384565678 0.06314911791)
(1.390272553 -0.1706815193 0.05392110541)
(0.9999774548 0.000794796254 -1.86481079e-22)
(0.9997933712 0.002346921882 -1.182226252e-23)
(0.999416549 0.003952941839 -1.19471088e-23)
(0.9988235792 0.005973099354 2.163191804e-22)
(0.9979448831 0.008776059274 -1.902265959e-22)
(0.9966744874 0.01223686768 -1.96750696e-22)
(0.9949710204 0.01571711429 -3.939551523e-22)
(0.9929115257 0.01865964041 0)
(0.9906338448 0.02109423942 0)
(0.988248984 0.02354638108 0)
(0.9858085067 0.02660625179 0)
(0.9833350949 0.03067268981 0)
(0.980884007 0.0359681716 -1.760884853e-21)
(0.9785763203 0.04273756296 -1.009943532e-21)
(0.9766563062 0.05131224536 4.940071059e-23)
(0.9755341062 0.06214171185 9.393447847e-22)
(0.9759197418 0.07577088855 -9.168358098e-22)
(0.9789410378 0.09276831977 9.190397868e-22)
(0.9864684297 0.1135323141 -1.348787831e-21)
(1.001028492 0.1379449773 1.23951397e-21)
(1.027536662 0.1646811261 2.078531072e-09)
(1.068831794 0.1857474248 3.068736302e-08)
(1.129556871 0.1906405226 -1.339110088e-07)
(1.182549571 0.1950295548 0.01061400079)
(1.255237976 0.1485112543 0.01731487894)
(1.304153869 0.06740820815 0.02196277723)
(1.309410161 -0.02574572552 0.02267277867)
(0.9999818221 0.000884082859 1.80697017e-22)
(0.9998363399 0.002609260801 -5.809533696e-24)
(0.999542278 0.004390063384 1.159215237e-23)
(0.9990832391 0.006627462836 0)
(0.9984047296 0.009732834275 1.902100782e-22)
(0.9974238778 0.01356160512 -9.348749565e-23)
(0.9961137868 0.01738760619 1.020433574e-22)
(0.9945495588 0.02056912549 1.914947696e-22)
(0.9928631997 0.02311737975 8.678492576e-22)
(0.9911760924 0.02559638175 2.020420996e-22)
(0.9895680448 0.02862872139 -1.203912095e-21)
(0.9880993738 0.03260358865 8.057467204e-22)
(0.9868728148 0.03769821773 2.468491225e-21)
(0.9860611254 0.0440498909 -1.655498582e-21)
(0.9859537006 0.05185379784 4.484905479e-23)
(0.9869958867 0.06134487005 -1.678385278e-21)
(0.9898407683 0.07274048014 4.083346424e-22)
(0.9954391994 0.08612552783 0)
(1.005146147 0.1012718508 -6.144929652e-22)
(1.020686805 0.1173157088 6.128854737e-22)
(1.044245423 0.1324098329 -1.154413711e-22)
(1.077373694 0.1419245524 3.113157151e-22)
(1.119309536 0.1397784514 3.59530858e-07)
(1.163699531 0.1182341673 -6.479005225e-07)
(1.200608345 0.07934149434 1.402235545e-07)
(1.221474096 0.02714365906 1.97482435e-07)
(1.221437707 -0.02948051838 -1.494952717e-06)
(0.9999866889 0.0009516214083 0)
(0.9998817521 0.002806537014 -2.268456795e-23)
(0.9996717143 0.004716386918 2.268345707e-23)
(0.9993471583 0.007113406232 0)
(0.9988694512 0.01044224299 0)
(0.9981788372 0.01454112684 9.347693456e-23)
(0.9972613205 0.01861015424 2.816534939e-22)
(0.9961858405 0.02193406378 -2.831843578e-22)
(0.9950726544 0.02450284051 -7.658923359e-22)
(0.9940472924 0.02690066139 0)
(0.993199291 0.0297735592 0)
(0.9926106324 0.03348967682 1.505031239e-21)
(0.9924063132 0.0381755687 -8.207033684e-22)
(0.9927811423 0.04388106178 1.178578547e-21)
(0.9940128287 0.05067514108 -3.803065992e-22)
(0.9965015218 0.05862704401 4.255558602e-23)
(1.000785484 0.06773996617 -1.684249443e-22)
(1.007579225 0.07784237407 4.680194275e-22)
(1.01779497 0.08847435483 0)
(1.032441236 0.09868443741 -3.964903874e-22)
(1.052420669 0.1067055284 -3.077007664e-22)
(1.078077471 0.1097524069 -4.22485534e-23)
(1.107937483 0.104233826 0)
(1.138167522 0.08724925774 0)
(1.163175867 0.05880504778 -2.207848809e-22)
(1.177349863 0.02198411095 -2.68292371e-22)
(1.177444172 -0.01751415599 0)
(0.9999914553 0.0009977823738 0)
(0.9999262559 0.002939929955 -6.532676896e-23)
(0.9997982899 0.004933838899 -1.097226176e-22)
(0.9996042873 0.007433877173 0)
(0.9993206708 0.01090878829 4.322959305e-23)
(0.9989097496 0.01518253055 2.207386746e-22)
(0.9983688832 0.01939682813 8.987539316e-23)
(0.9977570744 0.02277628259 -8.969658326e-23)
(0.9971793818 0.02528912551 1.40669562e-21)
(0.9967546037 0.02753008969 7.198412066e-22)
(0.9965698262 0.03015144584 -1.782301061e-21)
(0.9967180252 0.03350327818 -7.319481373e-22)
(0.9973269223 0.03766349835 -7.41820283e-22)
(0.9985826289 0.04261019415 1.648993391e-22)
(1.000734203 0.04832155175 1.739820951e-22)
(1.004109269 0.05476162337 3.488424034e-22)
(1.00911847 0.06181461017 2.910169753e-22)
(1.016263556 0.06920224389 -2.993561526e-22)
(1.026103669 0.07641931607 -4.142945789e-22)
(1.039154809 0.08256971527 8.088990292e-22)
(1.055689176 0.08634216495 1.273116985e-22)
(1.075492412 0.08595207576 -8.480002432e-23)
(1.097223567 0.07942500296 0)
(1.118295462 0.06535101976 -3.804298373e-23)
(1.135305977 0.04360126467 3.594701267e-26)
(1.14491832 0.01624219325 -3.596197208e-26)
(1.145262276 -0.01292389742 -1.75011445e-22)
(0.9999959594 0.00102288109 8.521179263e-23)
(0.9999683622 0.003011002088 2.376493767e-23)
(0.9999178662 0.005046327218 1.512872334e-22)
(0.9998464535 0.007596297518 0)
(0.9997442585 0.01114455759 -8.784565529e-23)
(0.9995938804 0.01550434403 -1.758817895e-22)
(0.9994034822 0.01977495269 0)
(0.9992189136 0.02313673547 0)
(0.9991283855 0.02553781365 -1.405400291e-21)
(0.9992300204 0.02757253517 1.714094207e-22)
(0.9996022333 0.02988782332 1.98624605e-22)
(1.000338791 0.03281741489 -1.475088434e-22)
(1.001564701 0.03640266985 -3.193371307e-22)
(1.003444504 0.04057128689 -1.446713903e-23)
(1.006184136 0.04524325191 -4.605956648e-22)
(1.010034004 0.05032214127 1.417916907e-22)
(1.015288681 0.05564085979 -3.043514573e-23)
(1.022278705 0.06088820017 4.47007114e-22)
(1.031317037 0.06560068777 -8.86541561e-23)
(1.04261158 0.06902657456 -1.094307991e-22)
(1.056158735 0.07021922983 -2.463313529e-22)
(1.07150545 0.06807453018 0)
(1.087553445 0.06148970158 0)
(1.102598293 0.04976082176 3.810195434e-23)
(1.114568083 0.03301622862 0)
(1.121393308 0.01267766346 0)
(1.121783921 -0.008840938047 5.757562953e-23)
(1.000000118 0.001028377243 -8.520662381e-23)
(1.000007103 0.003024268533 8.531320326e-23)
(1.000027614 0.00506174723 -8.5323229e-23)
(1.000067929 0.007612765652 1.238952445e-22)
(1.000129964 0.01116794907 -1.257750657e-22)
(1.000215724 0.0155343009 1.67206975e-22)
(1.000344171 0.01978365373 -6.541168654e-22)
(1.000546802 0.02306798934 0)
(1.000886009 0.02531915793 -3.237899999e-22)
(1.001431006 0.02711598967 0)
(1.002254822 0.02910070636 3.337148284e-22)
(1.003449254 0.0315930675 3.292451255e-22)
(1.005127183 0.03460806618 1.693168577e-22)
(1.007424281 0.03804077077 5.90828255e-24)
(1.010500683 0.04177654697 4.482440208e-22)
(1.01453958 0.04569293138 -4.003249737e-22)
(1.019741759 0.04959228277 -2.011107252e-24)
(1.026305134 0.05319925218 -3.982605467e-22)
(1.034382692 0.05609252044 3.974262239e-22)
(1.044009638 0.05772445794 -2.23356924e-22)
(1.055055841 0.05743554633 1.068972067e-22)
(1.067030781 0.05452290701 1.169122315e-22)
(1.079076123 0.04835375532 -4.839098785e-24)
(1.090065837 0.03862074879 2.784907133e-23)
(1.098656252 0.02551418064 2.996903966e-23)
(1.10352339 0.009966908554 4.614892281e-23)
(1.103861444 -0.006431147238 -5.417658982e-23)
(1.000003868 0.001016010692 0)
(1.000041831 0.002984958825 0)
(1.000125694 0.004989289788 0)
(1.000264403 0.007498032929 -1.657655988e-22)
(1.000470973 0.01100083962 0)
(1.000768804 0.01530095646 0)
(1.001181692 0.01946414915 1.796435065e-23)
(1.001724261 0.02262446831 3.216210333e-22)
(1.002427374 0.02469550151 2.456480877e-22)
(1.003338944 0.02624417686 7.897896723e-23)
(1.004524646 0.02790187755 7.630099822e-23)
(1.006066628 0.02997330414 -2.249472687e-22)
(1.008060128 0.03245578981 5.06916044e-24)
(1.010612807 0.03522563755 1.435312916e-22)
(1.013844454 0.03815565066 0)
(1.017882629 0.04110465652 0)
(1.022856946 0.04388901016 -4.339487789e-22)
(1.028876252 0.04627340235 -3.807090891e-22)
(1.035987674 0.04790346084 -3.173568538e-22)
(1.044151099 0.0483735292 2.454317135e-22)
(1.053156647 0.04724437458 0)
(1.062571414 0.04406846139 0)
(1.071761933 0.03849869948 4.843830149e-24)
(1.079952722 0.03041390607 1.882314325e-23)
(1.086251974 0.02000724581 -3.688379484e-23)
(1.089809711 0.007944885627 -3.392983027e-23)
(1.090101936 -0.004689018791 4.001369056e-23)
(1.000007152 0.0009879616007 0)
(1.000072022 0.002899289027 0)
(1.000210864 0.004839721673 -7.958997936e-23)
(1.000434031 0.007269053376 -5.465352746e-22)
(1.000767938 0.0106679323 0)
(1.001252186 0.0148401732 -7.826550584e-23)
(1.001908815 0.01885480475 4.737426247e-22)
(1.002739026 0.02185002374 -3.815621609e-22)
(1.003747851 0.02372796521 2.238671377e-22)
(1.004961439 0.02503734631 3.698794823e-22)
(1.006431319 0.02638954047 2.874616632e-22)
(1.008227127 0.02807434309 0)
(1.010427717 0.03007901358 0)
(1.013117494 0.03227542534 0)
(1.016381847 0.03452563959 0)
(1.020305475 0.03668957008 4.464072861e-22)
(1.024965029 0.03861555861 4.337303504e-22)
(1.030407564 0.04009090762 3.801387009e-22)
(1.036620331 0.04085704951 3.172494834e-22)
(1.043525982 0.04061970033 -4.347573904e-23)
(1.050898992 0.03907438454 -2.032655511e-22)
(1.058376587 0.03593124828 1.207380085e-23)
(1.065503219 0.0310078691 0)
(1.071728995 0.02428190538 5.309488038e-24)
(1.076448514 0.01593246065 -2.680877567e-23)
(1.079100975 0.006437263891 3.758979998e-23)
(1.079342708 -0.003461152199 8.611305578e-24)
(1.000009686 0.0009460728983 3.891521064e-23)
(1.00009662 0.002773766245 2.683962499e-22)
(1.000281905 0.004624983704 0)
(1.000578619 0.006943384976 6.258534116e-22)
(1.001022846 0.01019375966 3.794161089e-22)
(1.001663184 0.01417962422 -7.657664768e-23)
(1.002524613 0.0179948843 -2.22486707e-22)
(1.003597076 0.02079755836 4.483169028e-22)
(1.00486062 0.02248134394 -5.868395056e-22)
(1.00631782 0.02356893669 -2.214294416e-22)
(1.008004409 0.02464579543 -2.182889892e-22)
(1.00997802 0.02598731099 -6.914390862e-23)
(1.012304521 0.0275787043 2.234859991e-22)
(1.015046857 0.02928857104 -5.27502941e-22)
(1.018263493 0.03098155325 1.275654134e-22)
(1.022008549 0.0325308669 -4.465743906e-22)
(1.026321503 0.03381282644 6.613542476e-24)
(1.031207702 0.03464248447 4.994298828e-22)
(1.036630987 0.03482650789 -7.936609811e-23)
(1.042480135 0.03416208163 -4.206282719e-22)
(1.048551782 0.03243850099 -1.340664311e-22)
(1.054563754 0.02947804788 1.308260466e-23)
(1.060177817 0.02518564732 8.869303437e-24)
(1.064997455 0.01958227617 9.898104581e-25)
(1.06860501 0.01282332095 -1.178374388e-23)
(1.070625134 0.005260108339 -1.265804727e-23)
(1.070829382 -0.00258363497 1.898780282e-23)
(1.000011697 0.000892192001 -7.587943171e-23)
(1.0001178 0.002614825379 -2.313832181e-22)
(1.000342617 0.004356230581 0)
(1.000701721 0.00653702669 7.499337905e-23)
(1.001235895 0.009597747974 -3.783008928e-22)
(1.002004606 0.0133499391 3.6830418e-23)
(1.003037557 0.01692707376 -2.788955763e-23)
(1.00431181 0.01951773347 -5.776818158e-22)
(1.005783268 0.0210109515 2.885665539e-22)
(1.007432309 0.02189847255 -6.829552e-23)
(1.009279592 0.02273490515 2.085039634e-24)
(1.011373248 0.0237818304 9.803147534e-23)
(1.013766748 0.02502293642 3.19358288e-23)
(1.01650556 0.02632913012 2.597391211e-22)
(1.019628236 0.02757501637 -1.152204668e-22)
(1.023164997 0.02865126935 1.999606563e-22)
(1.027129096 0.02945211393 -7.203924636e-22)
(1.03150233 0.02983458636 1.967494554e-22)
(1.036240578 0.0296540513 4.338388582e-22)
(1.041222253 0.02876540004 -6.505188617e-24)
(1.046268616 0.02702070376 -4.98423256e-23)
(1.051168302 0.02431513043 0)
(1.055664325 0.02060678883 -4.343809287e-24)
(1.059466656 0.01593496787 -1.913758375e-24)
(1.062281641 0.01042892672 -8.245157757e-24)
(1.063852709 0.004349214664 -3.655696188e-23)
(1.064025911 -0.001929512657 -4.834348105e-24)
(1.000014237 0.0008281054612 -7.246544218e-23)
(1.000137438 0.00242682643 -7.406817849e-23)
(1.000394101 0.004040287463 2.734111159e-22)
(1.000802493 0.0060600821 1.839903679e-23)
(1.001409128 0.008899240625 -9.052391359e-24)
(1.00228375 0.01238112039 -2.932954503e-22)
(1.003458449 0.01568870038 5.869626782e-22)
(1.004897526 0.01805304065 8.45105984e-24)
(1.006535314 0.0193626944 -6.764665808e-23)
(1.008332451 0.02007460746 -1.952813373e-22)
(1.010296554 0.02070739569 -3.819272506e-22)
(1.01246736 0.02150847234 -3.707725977e-23)
(1.014886153 0.02245768282 2.442252564e-22)
(1.017586315 0.02343574522 5.546041146e-23)
(1.020591705 0.02432740961 4.068830189e-22)
(1.023915215 0.02504462622 -7.979589383e-22)
(1.027552721 0.02549336602 5.280722044e-22)
(1.031473516 0.02557284093 0)
(1.035624868 0.0251728658 -1.329684164e-22)
(1.039895655 0.02418665151 6.423037039e-24)
(1.04413719 0.02251665819 7.213879937e-23)
(1.048185822 0.02010025959 0)
(1.051844895 0.01692343544 4.344811728e-24)
(1.054900855 0.01303075191 0)
(1.05714421 0.008528515868 2.890211003e-24)
(1.058395672 0.003612312567 3.526930719e-24)
(1.058548888 -0.001445878427 3.440849181e-24)
(1.000016384 0.0007559998429 -7.133648414e-23)
(1.000153619 0.002214344508 2.893706246e-22)
(1.000436235 0.003684874383 -2.915793196e-22)
(1.000883734 0.005525970183 0)
(1.001548514 0.008118751219 -2.454470175e-22)
(1.00250872 0.01129982231 5.438254166e-22)
(1.003797898 0.01431197634 -2.956661958e-22)
(1.005369126 0.01643997595 5.353759567e-24)
(1.007138006 0.01757545559 -3.276379507e-23)
(1.009047641 0.01813674379 2.95625499e-22)
(1.011095598 0.01860424858 1.272646611e-22)
(1.013311034 0.01920272437 4.493602808e-23)
(1.015726757 0.01991440127 0)
(1.01836769 0.02063217428 1.550650938e-22)
(1.02124702 0.02125356941 -4.058915229e-22)
(1.024366114 0.02170787282 3.872966103e-22)
(1.027708869 0.02191348903 -1.153858368e-23)
(1.031242481 0.02179512553 -4.326902594e-22)
(1.034904551 0.02127586542 5.37989045e-22)
(1.03859963 0.02027821779 -1.494451968e-22)
(1.042209653 0.01873826475 -6.160978052e-23)
(1.04560399 0.01661795964 6.814200545e-23)
(1.048631045 0.01391741419 -2.871369715e-23)
(1.05113189 0.01068073631 -4.443953226e-24)
(1.052955043 0.006995230613 1.016111615e-24)
(1.053973533 0.003008845402 -3.181223455e-24)
(1.054112824 -0.001079571954 -1.41563842e-23)
(1.000017702 0.0006772521491 2.123663319e-22)
(1.000165294 0.001983431697 -2.832316727e-22)
(1.000468231 0.003299387719 -1.396235252e-22)
(1.000946423 0.004947556105 -2.773221115e-22)
(1.001656965 0.0072731522 2.805992647e-22)
(1.002685106 0.01012799831 -5.483272615e-22)
(1.004065525 0.01282401497 0)
(1.005741628 0.01470907658 5.294425669e-22)
(1.007612635 0.01568082127 0)
(1.009607536 0.01611655602 -1.936426605e-24)
(1.011713491 0.01645137405 0)
(1.013950576 0.01688707793 -1.998420141e-22)
(1.016346541 0.0174100313 2.277310081e-22)
(1.018919437 0.0179248616 5.179846877e-23)
(1.021674212 0.01834389689 0)
(1.024603809 0.01860707562 0)
(1.027686139 0.01865200063 -4.923850471e-22)
(1.030889703 0.01842208049 1.675740739e-22)
(1.034150669 0.01786100823 1.390789287e-22)
(1.037384869 0.01691018386 -2.282367404e-23)
(1.040500739 0.0155287207 5.062211847e-23)
(1.0433927 0.01369708906 3.127252222e-23)
(1.045942206 0.01142297405 -3.12699953e-23)
(1.048028997 0.008745472507 -6.733332849e-24)
(1.049541739 0.005734507899 1.012350698e-23)
(1.050389295 0.002502626537 -3.486270502e-25)
(1.050519027 -0.0008028284152 -7.698962637e-24)
(1.000018621 0.000593627893 -2.794576551e-22)
(1.000174145 0.001738594127 4.155014794e-22)
(1.000492854 0.00289123347 2.509951721e-24)
(1.000994503 0.004335353338 4.13258133e-22)
(1.00173991 0.006377041095 1.346358445e-22)
(1.00282056 0.008885145111 2.709860598e-22)
(1.004272293 0.01124857063 3.262479022e-23)
(1.006030329 0.01288646897 -2.940081773e-22)
(1.007980193 0.01370485247 -1.241930704e-22)
(1.010039482 0.01403897903 3.662985097e-22)
(1.012183285 0.01426989109 -2.403161087e-22)
(1.014426813 0.01457828816 -5.746632043e-23)
(1.01679417 0.01495350127 -1.967815807e-22)
(1.019297972 0.01531185919 1.582004521e-22)
(1.021937293 0.01558225424 0)
(1.024699593 0.01571134133 -3.382953382e-22)
(1.027559964 0.01565598056 4.977855103e-22)
(1.030485432 0.01537259232 0)
(1.033418076 0.01481810246 -3.196823351e-23)
(1.036286199 0.01395174035 -1.387646711e-23)
(1.039015654 0.01274690529 5.385819703e-23)
(1.041520715 0.01119417605 -4.69284794e-23)
(1.043708235 0.00930435523 -3.763448037e-24)
(1.045486093 0.007111039769 8.575945826e-24)
(1.046770448 0.004669805055 -1.228491747e-23)
(1.047493702 0.002065933631 1.900353038e-24)
(1.047617565 -0.0005915746286 -2.278473275e-24)
(1.000019244 0.0005065430383 2.411245621e-22)
(1.000180563 0.001483605738 -6.147708578e-22)
(1.000511022 0.002466535063 4.085580476e-22)
(1.0010301 0.003698354243 -5.393181846e-22)
(1.001801586 0.005443070803 -5.406887757e-25)
(1.002922167 0.00758798616 1.324832438e-22)
(1.004428793 0.009605705652 0)
(1.006249627 0.01099347206 0)
(1.008260426 0.01167030851 0)
(1.010366289 0.01192113696 0)
(1.012533421 0.01207372356 0)
(1.01477414 0.01228552344 2.161461847e-22)
(1.017109234 0.01254837657 -2.555818901e-22)
(1.019547762 0.01279148086 1.929443934e-22)
(1.022084825 0.01295786509 -1.930598703e-22)
(1.024703929 0.01300146559 0)
(1.027380832 0.01289057724 -1.598758842e-22)
(1.030078975 0.01259499955 3.556038763e-23)
(1.032747976 0.01208244592 4.786585388e-23)
(1.035328687 0.01132506187 1.387875042e-23)
(1.037758535 0.01030491695 1.625218404e-25)
(1.039966973 0.009017810467 4.799132526e-24)
(1.041879623 0.007475383577 3.763853698e-24)
(1.043424801 0.005705967437 0)
(1.044538618 0.003753254592 -7.136038776e-25)
(1.045170272 0.001681268845 -5.84049423e-24)
(1.045291254 -0.0004299001224 0)
(1.000019656 0.000416893641 -1.016818724e-22)
(1.000185067 0.001221097095 2.697596191e-22)
(1.000524038 0.002029648094 -9.048608996e-25)
(1.001055764 0.003043157617 -1.316021849e-22)
(1.001846316 0.004481013995 -2.627545055e-22)
(1.002996565 0.006249974301 2.590720116e-22)
(1.004544352 0.007911842106 6.289132239e-23)
(1.006413028 0.009048020711 -1.856833395e-22)
(1.008470053 0.009591761423 1.226622756e-22)
(1.010608131 0.009774993768 0)
(1.012788976 0.00987131737 2.217208465e-22)
(1.01502214 0.01001200827 -3.29459668e-22)
(1.017325722 0.01019114017 2.272034763e-22)
(1.01970606 0.01035120546 -4.145665339e-22)
(1.0221552 0.01044642307 1.89439588e-22)
(1.024654953 0.01044070979 0)
(1.0271822 0.01031127673 7.754548294e-23)
(1.0296999 0.01003631163 -3.562641136e-23)
(1.032162516 0.009590803421 -7.536377448e-23)
(1.03452153 0.008956564187 6.644952931e-23)
(1.036723004 0.00812308501 -1.189376194e-23)
(1.038707646 0.007089133415 -3.140978301e-23)
(1.040414676 0.005864802319 6.572536529e-23)
(1.041786985 0.004472529496 -4.041976867e-23)
(1.042774881 0.002946122461 1.062560678e-23)
(1.043339426 0.00133345752 5.84612949e-24)
(1.043458875 -0.0003071158851 0)
(1.000019896 0.0003254087265 1.34583207e-22)
(1.000188022 0.0009532334823 1.325953948e-22)
(1.000532938 0.001584190445 -6.681139158e-23)
(1.001073561 0.002375188756 1.320210751e-22)
(1.001877602 0.003498859466 0)
(1.003049206 0.004882235492 -2.558299326e-22)
(1.004627122 0.006180424081 -3.877614428e-24)
(1.006532382 0.007066585837 -1.180675584e-22)
(1.00862197 0.007482647642 0)
(1.01078177 0.007611596483 -1.149937245e-22)
(1.012970181 0.007669235424 0)
(1.015194109 0.007759100695 3.162783504e-22)
(1.017469719 0.007876993542 -1.063973654e-23)
(1.019801467 0.007978320236 -1.976317709e-22)
(1.022179567 0.008027983903 -1.742302057e-22)
(1.024584982 0.007998744191 9.067202944e-23)
(1.026994125 0.007875231715 -3.967213573e-24)
(1.029372079 0.007641503859 -7.379277902e-23)
(1.031678395 0.007280374285 7.87305269e-24)
(1.033870908 0.006779741965 1.042308501e-26)
(1.035902314 0.006133257828 -5.078157705e-23)
(1.037721972 0.005341210487 4.668942186e-24)
(1.039279063 0.004411984133 9.03946392e-24)
(1.040526437 0.003362678118 4.273342976e-23)
(1.041423746 0.00221831002 -9.76126251e-24)
(1.04194003 0.001013209641 -8.350147857e-24)
(1.042058474 -0.0002115504575 4.98411275e-24)
(1.00002006 0.0002326944406 0)
(1.000190032 0.0006817517404 -6.620784564e-23)
(1.000538939 0.001132935865 6.470512408e-23)
(1.001085429 0.001698564097 -1.306032169e-22)
(1.001898488 0.002502877609 0)
(1.003084597 0.003493529832 1.271863894e-22)
(1.004684193 0.004423876946 0)
(1.006615093 0.005057840012 1.219112225e-22)
(1.008726538 0.005351253327 0)
(1.010900602 0.005436588247 2.703062095e-24)
(1.013092765 0.00546909663 2.482571468e-24)
(1.015308009 0.005523429959 -1.051901935e-22)
(1.017561217 0.005596845105 -1.001700418e-22)
(1.019855683 0.005657555597 1.134729398e-22)
(1.022180605 0.005680652469 -2.678405803e-22)
(1.024516593 0.005646567155 1.376520637e-22)
(1.026838905 0.005546670721 1.597534807e-22)
(1.029114853 0.005369872108 0)
(1.031308849 0.005105095735 -7.8738982e-24)
(1.033382467 0.004744402059 4.528508167e-23)
(1.035293132 0.004284056564 -4.618955009e-23)
(1.036996194 0.003725040423 3.284852939e-26)
(1.038447731 0.003073650177 -3.385747678e-23)
(1.039607616 0.002341780456 1.897683647e-23)
(1.040442024 0.001546537248 1.541383797e-23)
(1.040925395 0.0007109502609 -7.314604261e-24)
(1.041043791 -0.0001378133107 -1.080952995e-24)
(1.000020147 0.0001392734887 0)
(1.000191182 0.0004081132912 -1.961265194e-22)
(1.000542484 0.00067812062 1.958064838e-22)
(1.001092497 0.001016454468 0)
(1.001910996 0.00149794594 7.813951468e-25)
(1.003106382 0.002091186918 9.950716735e-23)
(1.004720671 0.002650379717 3.111001931e-23)
(1.006667187 0.003030503876 0)
(1.008792026 0.003205455888 1.169615198e-22)
(1.010974639 0.003254925412 0)
(1.013168368 0.003272210937 2.694454278e-24)
(1.015376996 0.003302276266 2.121691246e-22)
(1.017614639 0.003343472016 3.08255018e-24)
(1.019883902 0.003376647525 1.916962207e-22)
(1.022173489 0.003387318405 -8.892870915e-23)
(1.024463841 0.003363637547 3.791484154e-23)
(1.026729335 0.00329953257 -8.901250571e-23)
(1.028938827 0.003189302496 6.620390437e-23)
(1.031060208 0.003027432936 -1.255340562e-22)
(1.033057152 0.002809800627 5.932437732e-23)
(1.034890199 0.002534379347 0)
(1.036518689 0.002201772925 -2.620460731e-24)
(1.037903117 0.001815730572 3.237604635e-23)
(1.039007665 0.001383390927 -3.236973494e-23)
(1.039802413 0.0009149681506 0)
(1.040265069 0.0004236736002 9.84464165e-24)
(1.040383754 -7.536419083e-05 3.033534877e-24)
(1.000020174 4.622431605e-05 0)
(1.000191568 0.0001355151077 6.645165497e-23)
(1.00054377 0.0002252204454 -6.6128762e-23)
(1.001095304 0.0003375526549 0)
(1.001916341 0.0004973116734 -1.296811994e-22)
(1.003117042 0.0006944134774 -3.986492097e-24)
(1.004738703 0.0008803693827 -6.168726298e-23)
(1.006692825 0.001006667092 6.161355236e-23)
(1.008824449 0.001064752824 -1.185580508e-22)
(1.011011463 0.001081064445 -5.617979561e-23)
(1.013206087 0.001086620291 5.609108626e-23)
(1.015411468 0.001096427301 0)
(1.017641376 0.001109960874 0)
(1.019898203 0.001120898896 0)
(1.022170408 0.001124596024 0)
(1.024437423 0.001116008936 0)
(1.026673829 0.001092961531 8.235536502e-23)
(1.028850828 0.00105474452 -1.389843543e-22)
(1.030936985 0.0009996905453 6.614509384e-23)
(1.032896702 0.0009263171101 0)
(1.034692054 0.0008339811237 4.571846055e-23)
(1.036284286 0.0007230867469 -4.571809244e-23)
(1.037635994 0.0005950609953 -3.27167772e-23)
(1.038713431 0.0004523247659 3.27146743e-23)
(1.039488483 0.0002983827915 0)
(1.039940456 0.0001374710303 0)
(1.040058548 -2.599261669e-05 -1.126631853e-23)
(0.3406783101 0.3818153587 -0.0785385257)
(0.1791508451 0.06164773329 0.1006867456)
(0.3406969833 0.3817964424 0.07853656027)
(0.7154488102 0.5382010087 -0.03385034145)
(0.6640939204 0.6585465015 0.009964776093)
(0.4370199365 0.4607316802 0.06528635275)
(0.7154640151 0.5382167717 0.03385035131)
(0.6640549032 0.6585456076 -0.009972888596)
(0.4977575526 0.4763339836 0.02758688791)
(0.4977766447 0.4763882855 -0.02759581006)
(-0.01987094485 0.0402518722 0.08401972378)
(-0.01983298923 0.04020643347 -0.08401638293)
(-0.01290578347 0.07885349868 0.08539063363)
(-0.01290481373 0.07885663466 -0.08538630399)
(1.166620813 0.5813707164 0.03395049175)
(1.346238604 0.5482646758 0.08100983627)
(0.7741848676 0.6445592713 -0.04368141477)
(1.166625274 0.5813874081 -0.03396122345)
(1.346186639 0.5482682192 -0.08100767875)
(1.319703913 0.4512076391 0.1019858312)
(1.146850196 0.1863530618 0.1253540286)
(1.319665318 0.4511700508 -0.1019765836)
(1.146860578 0.1863534443 -0.1253531551)
(1.070046142 0.09064811232 0.1303703139)
(0.931952083 -0.07069247047 0.1123230508)
(1.070061528 0.09065785196 -0.1303694218)
(0.9319461507 -0.0706075588 -0.1123252701)
(0.04769916204 0.0225124239 0.09393957248)
(0.9429228436 -0.1081422759 0.108281383)
(0.9890808666 -0.1982709574 0.0900526506)
(0.04774915723 0.02247988593 -0.09393913869)
(0.9428030698 -0.1081516588 -0.1082729673)
(0.9891219109 -0.1982891844 -0.09005230005)
(0.2879607841 0.05309864489 -0.09535171533)
(0.5795127811 0.189381639 -0.06848853263)
(0.413077779 0.3249328254 -0.07693744158)
(0.5180678425 0.02978975068 0.07810508046)
(0.2879709976 0.05309994612 0.09534952411)
(0.5794961588 0.189358673 0.06849146481)
(0.4130659254 0.3249135052 0.07693502246)
(0.06959143695 0.1718834092 1.13026743e-05)
(0.1798276033 0.06139607197 -0.0002036668475)
(0.04781464076 0.05780375917 -0.1010140593)
(0.2082900463 0.180394143 -0.09612757464)
(0.04752890821 0.05753335585 6.826458348e-05)
(0.2087504593 0.1800299185 -0.0002356386401)
(0.06980384491 0.1722033523 -0.09546887156)
(-0.0500973566 0.09064316472 0.06695572996)
(-0.05059149858 0.09037422296 -0.0001761598068)
(0.8705946728 0.7135672548 0.01553532758)
(0.9558357587 0.4456714732 -0.009175790588)
(1.100428028 0.5595552866 0.02008635475)
(0.7940928054 0.5282892939 0.0255217179)
(0.8705953773 0.7135859984 -0.01555237704)
(0.9558654369 0.4456979188 0.00917433909)
(1.100453317 0.5595621978 -0.020088871)
(1.028656089 0.6825355318 -9.812180432e-05)
(0.7726221897 0.6441765514 0.0004589321513)
(0.7085990859 0.5488779614 0.04628536588)
(1.005771361 0.6921079576 0.04199003302)
(0.7072285691 0.5482040969 -0.0005667231423)
(1.004676216 0.6914341798 0.0001687231394)
(1.029626804 0.6822833641 0.05524230182)
(0.5740340237 0.2137352907 0.1109180126)
(0.5752051337 0.2136850403 0.0002607074644)
(0.2055720833 -0.03659180317 -8.402775079e-05)
(0.04626054871 -0.01070995911 0.09187057963)
(0.2009670544 -0.05805158661 0.1155064925)
(0.04645817167 -0.01176603545 -0.0002291930537)
(0.2016344205 -0.05800227576 0.00017508375)
(0.2050104239 -0.03692489235 0.1068626848)
(1.018450736 -0.230362067 0.0845901073)
(0.142038233 0.01205680075 -0.08963515378)
(1.018501914 -0.2304239142 -0.0845944456)
(1.421220937 0.2268156598 0.10751207)
(1.369918923 0.3032057842 0.05328609662)
(1.466299285 0.1905347686 0.06843829664)
(1.430846012 0.4399389774 -0.08384715665)
(1.421241135 0.2268158843 -0.1075120868)
(1.369859044 0.3032994178 -0.05329454207)
(1.466316375 0.1905325447 -0.06843943106)
(1.280142907 -0.04578248025 0.1034457889)
(1.484455729 0.1435677477 0.07129922004)
(1.491837806 0.001620592031 0.07256931643)
(1.388199395 0.1424192286 -0.1118463617)
(1.280129874 -0.04561533221 -0.103439331)
(1.484494279 0.1435654606 -0.07130442999)
(1.491891928 0.001462862079 -0.07257780412)
(0.1338481077 0.2745424765 0.0001358714569)
(0.3405505706 0.3812433699 -0.0001813598232)
(0.2682801901 0.2869124049 -0.08781816105)
(0.221812959 0.3974636573 -0.07618299411)
(0.2687807612 0.2863999343 -0.0001690972188)
(0.2214149018 0.3959335936 -0.0002003608422)
(0.134090868 0.2755318234 -0.08458414119)
(0.1307980062 0.3081889917 -0.06329344868)
(0.1304086626 0.308280717 -7.477730255e-05)
(0.06959092148 0.1718810359 -9.670055547e-06)
(0.1798285091 0.0613950617 0.0002066743588)
(0.04781100432 0.05780115389 0.1010125585)
(0.2082864783 0.1803862357 0.09612620127)
(0.04752821495 0.05753245387 -6.594418543e-05)
(0.208749809 0.1800269993 0.0002381282028)
(0.06980028572 0.172197129 0.09546732039)
(0.1338475192 0.2745389043 -0.0001345700086)
(0.3405564185 0.381235824 0.0001803114544)
(0.268279387 0.2868825093 0.08781831952)
(0.2218159313 0.3974457475 0.07618337669)
(0.2687806178 0.2863909296 0.0001714471849)
(0.2214148388 0.3959276226 0.0002019116602)
(0.1340870909 0.2755224524 0.08458287085)
(0.1307930361 0.3081839365 0.06329292562)
(0.1304052237 0.3082775398 7.374432973e-05)
(0.411096051 0.5684873757 -0.0002012011617)
(0.2563259773 0.4462546583 -0.04465148176)
(0.2743470472 0.4087375408 -0.02128229399)
(0.2560637382 0.4454540192 0.0003768805485)
(0.274162032 0.4088985651 -0.0001054643548)
(0.411972734 0.5705188718 -0.03581897249)
(0.595262855 0.6534752623 -0.0001028318292)
(0.6630335824 0.6563305906 -8.057180151e-05)
(0.4485029411 0.5315083098 0.004655523314)
(0.7349767249 0.6882982741 -0.01241947531)
(0.448364512 0.531176815 0.0005837500346)
(0.7341435759 0.6875576333 -0.0001206993306)
(0.5952505748 0.6545805169 -0.0218893106)
(0.4110947093 0.5684883789 0.0002017562027)
(0.256334636 0.4462603415 0.0446532286)
(0.2743449356 0.4087373168 0.02128294521)
(0.2560669158 0.4454575762 -0.0003768441514)
(0.2741611489 0.4089006184 0.0001044205779)
(0.4119691317 0.5705193503 0.03581896123)
(0.5952634508 0.6534757531 0.000103200613)
(0.6630099964 0.6563347163 8.441800217e-05)
(0.4485109664 0.5314980681 -0.00465462267)
(0.7349433351 0.6882917874 0.0124199348)
(0.4483712604 0.5311782455 -0.0005844032111)
(0.7341340097 0.6875585302 0.000122793085)
(0.5952475677 0.654579405 0.02188958739)
(0.4973483207 0.4758190756 5.148507476e-05)
(0.4973476659 0.4758445355 -4.224203867e-05)
(-0.02000933706 0.03942316787 -0.0001030462806)
(-0.01999817114 0.03940914103 0.0001032598837)
(-0.012309072 0.07831636484 1.712252124e-05)
(-0.05120362277 0.09112896509 0.08117165794)
(0.07134015916 0.07260649592 0.08189788986)
(-0.05124494548 0.09091773153 0.0001281862586)
(0.07160524011 0.07226097621 3.743625381e-05)
(-0.05010222863 0.09064149061 -0.06695447015)
(-0.05059317307 0.09037380079 0.0001765628309)
(-0.01230603682 0.07831612301 -1.289184766e-05)
(-0.05120613807 0.09115062844 -0.08117443993)
(0.07129292841 0.0726356074 -0.08190017026)
(-0.05124514244 0.09092438037 -0.0001294450588)
(0.07159278749 0.07226901718 -3.760383662e-05)
(0.900095024 0.532425093 0.0005802026913)
(0.5283458367 0.336778957 0.07348068938)
(0.8023235079 0.4032547827 0.08985867192)
(0.5293332542 0.3370280606 0.0002133137606)
(0.801312392 0.4025049002 -0.0004677318534)
(0.9010933767 0.5322354964 0.08868735877)
(1.028662453 0.6825418399 9.749047221e-05)
(0.7726242568 0.6441998454 -0.0004416766532)
(0.7085991368 0.5488974192 -0.04628933217)
(1.005820798 0.692129995 -0.04198778849)
(0.7072380398 0.5482126911 0.0005681791523)
(1.004687669 0.6914375342 -0.0001630978294)
(1.029631626 0.6823000221 -0.05524184152)
(0.9000962166 0.5324275804 -0.0005780692146)
(0.5283483323 0.3367809627 -0.07348296538)
(0.8023167222 0.4032651405 -0.08986308761)
(0.5293352886 0.3370288241 -0.0002095936798)
(0.801312739 0.4025092262 0.0004693807403)
(0.9010916822 0.5322414783 -0.08868973623)
(0.8291866936 0.2457629878 -0.0003964444362)
(1.319388344 0.4513574767 0.0002614200858)
(0.9689302758 0.34726818 0.1213391421)
(1.267043 0.3701741843 0.1093552126)
(0.9683775518 0.3475741367 0.0005425151767)
(1.266729625 0.3712491196 0.000152996065)
(0.8301004928 0.2458114878 0.1132794152)
(0.7320187395 0.1336012979 0.0001259735315)
(1.146786856 0.1874980306 0.0001608667672)
(0.6523699995 0.07547172684 0.1336188884)
(1.206671432 0.2752971991 0.1193654756)
(0.652516918 0.07531003311 -0.0001209447962)
(1.206735593 0.2761801389 0.0003066215815)
(0.7316865363 0.1336395521 0.127741986)
(0.5740180847 0.2137228289 -0.1109162426)
(0.5751940399 0.2136777844 -0.0002601234301)
(0.8291814917 0.2457566073 0.0003929618057)
(1.31937815 0.4513446579 -0.0002672450126)
(0.9688963698 0.3472465078 -0.1213366054)
(1.267015971 0.3701383753 -0.1093524346)
(0.9683657977 0.3475645202 -0.0005474648947)
(1.266722787 0.3712363872 -0.0001584019674)
(0.8300865143 0.2457926386 -0.1132756292)
(0.7320213363 0.1335997263 -0.0001289395373)
(1.146791635 0.1874981338 -0.0001626365347)
(0.6523813123 0.0754711537 -0.133617454)
(1.206673825 0.2752832426 -0.1193638507)
(0.6525205908 0.07531043809 0.0001185180922)
(1.206738113 0.2761755877 -0.0003095583778)
(0.7316917707 0.1336328677 -0.1277390244)
(0.1872565539 -0.04739988372 0.1033937571)
(0.187996896 -0.04852718265 -0.0003280971305)
(0.4796049876 -0.03254867003 -2.470479702e-05)
(1.070371335 0.09151817956 0.0002944817483)
(0.5581601298 -0.001872550273 0.1421580731)
(0.9956545741 0.01812878498 0.1271827238)
(0.5586191635 -0.002117335442 0.0001979245878)
(0.9958674361 0.01912963433 0.0001311390729)
(0.4788726634 -0.03221045067 0.1368650035)
(0.4253407833 -0.06855871253 0.0003203499429)
(0.9321985765 -0.06992968569 -1.54517775e-05)
(0.4402781774 -0.06595793236 0.11752987)
(0.9464176208 -0.03936952084 0.1209941498)
(0.4408288789 -0.06525404976 -0.0001215795636)
(0.9467213508 -0.03898992335 0.0001423308244)
(0.4246736857 -0.06834582075 0.1325954319)
(0.1872315056 -0.04739208919 -0.1033916152)
(0.1879852936 -0.04852330976 0.0003285161837)
(0.4796080102 -0.03254752213 2.422207089e-05)
(1.070378076 0.0915220939 -0.0002962502477)
(0.5581733308 -0.001872923234 -0.1421571998)
(0.9956639185 0.0181452913 -0.1271834902)
(0.5586241394 -0.002116943394 -0.0001996976502)
(0.9958719043 0.0191366201 -0.0001317264239)
(0.4788796679 -0.03220923005 -0.1368643697)
(0.4253411805 -0.0685554336 -0.000321764594)
(0.9321969414 -0.06990341984 2.038638546e-05)
(0.4402671213 -0.06593309816 -0.1175324936)
(0.9464367968 -0.03933167025 -0.1209974751)
(0.4408225753 -0.06524496592 0.0001203929811)
(0.9467277902 -0.03897575654 -0.0001429229672)
(0.4246746791 -0.06833852668 -0.1325939143)
(0.2700770038 -0.0480139747 0.0002026388519)
(0.04816496975 0.02231128287 -4.297352793e-06)
(0.03869948743 -0.001110649515 0.09936969863)
(0.3172703683 -0.06230040558 0.09550370366)
(0.03920479541 -0.00137456634 7.898520257e-05)
(0.3174366179 -0.06226483808 -1.714144978e-05)
(0.2693398661 -0.04792076719 0.1037446818)
(0.205568232 -0.03659899311 7.852022372e-05)
(0.04624448197 -0.01071177573 -0.0918634722)
(0.2009366799 -0.05803518994 -0.1155057468)
(0.04645298954 -0.01176655051 0.0002244928886)
(0.2016239029 -0.05799733496 -0.0001798217833)
(0.2049997935 -0.03694355246 -0.1068571418)
(0.2700844923 -0.04802297897 -0.0002071251842)
(0.04818349553 0.02230009291 -5.764535802e-06)
(0.03868919881 -0.001113065221 -0.09936630047)
(0.3173341149 -0.06232193095 -0.09549861681)
(0.03920549343 -0.001375674634 -8.685775223e-05)
(0.3174591042 -0.06227496025 1.503200996e-05)
(0.2693582113 -0.04794036275 -0.1037396157)
(0.5687845646 0.02502454857 -0.07293466681)
(0.6670258921 0.09402966264 -0.05561774511)
(0.6180331877 0.1603625509 -0.06514402333)
(0.642781409 0.01674986311 0.05996683534)
(0.5687984636 0.02501545778 0.07293332976)
(0.6670291274 0.09405286506 0.0556140007)
(0.6180417494 0.1603442937 0.06514581375)
(0.4721505027 0.1052174646 -0.0001884375574)
(0.4560781907 0.03584483324 -0.0836752851)
(0.529186636 0.08792546323 -0.07617737084)
(0.5222938576 0.0296729903 -0.0003484459875)
(0.4581530088 0.03573027541 -0.0001858146585)
(0.5334251697 0.08760854794 -0.0003536415488)
(0.4700811911 0.1055250733 -0.08125432599)
(0.6468748955 0.1954468796 -0.06078161704)
(0.7701967326 0.1828070661 -0.02639732978)
(0.7342702153 0.2592298236 -0.04630700468)
(0.6808033558 0.1188653037 0.05312684219)
(0.6468420131 0.1954258654 0.06077989522)
(0.7701665201 0.1828243853 0.02639746813)
(0.7342475002 0.2592184315 0.04630830473)
(0.4875675167 0.3875022645 -0.06707426433)
(0.733692937 0.3013710855 -0.04608674275)
(0.7145053281 0.463463838 -0.03956971363)
(0.6150474695 0.2299089408 0.0632406976)
(0.4875872883 0.3875179053 0.06707406172)
(0.7336650654 0.3013607423 0.04608866051)
(0.7145211186 0.4634747289 0.03956768868)
(0.4988191044 0.5761528591 -0.0001774890128)
(0.4368089366 0.4600304137 -5.169788957e-05)
(0.3733274055 0.5115202453 -0.05945741958)
(0.5327647543 0.5089663637 -0.05380302571)
(0.3737039067 0.510481804 -0.0001267403418)
(0.5325067905 0.5079853235 -7.725629072e-05)
(0.4994010841 0.5769582763 -0.04799519229)
(0.7810889738 0.4610229694 -0.03197097294)
(0.8242877289 0.2840424186 -0.02584973162)
(0.9259584846 0.407096594 -0.01524766497)
(0.7726576108 0.3065851502 0.04043009416)
(0.7811032496 0.46103256 0.0319721195)
(0.8243024262 0.2840408511 0.02585119147)
(0.9259959259 0.407123398 0.01524817046)
(0.7946752003 0.5269589947 -0.0001495844549)
(0.8157086009 0.6048339942 -0.01561968615)
(0.81552378 0.603803381 -7.142280676e-05)
(0.8919285878 0.5691546144 -0.000120826823)
(0.8603982315 0.5070372104 -0.01837967127)
(0.8615101923 0.5050977455 -0.0002081204703)
(0.8918083209 0.5703724045 -0.009143380631)
(0.1425278632 0.01182863906 0.0001225347238)
(0.2416133063 -0.02179717488 0.08421069252)
(0.3987219807 -0.08991627383 0.08911722704)
(0.2418951072 -0.02195826335 3.288764725e-05)
(0.3992379012 -0.08999613413 1.328699181e-05)
(0.4966402086 -0.1291913725 2.568044615e-05)
(0.4961227915 -0.1292627597 0.08443376177)
(0.9590943415 0.3810605031 -0.01163298851)
(0.9743569974 0.2708977172 -0.008119774746)
(0.9984954265 0.2956662173 -0.005000245896)
(0.8469869298 0.272585476 0.02230547995)
(0.9590144675 0.3810517324 0.01163947837)
(0.9743685908 0.2709000919 0.008119637375)
(0.998510307 0.2956658962 0.00499905349)
(1.124951362 0.4982559463 0.01987063553)
(1.043350772 0.321974347 0.0002181088739)
(1.156424952 0.3598034404 0.01789851566)
(0.9901913113 0.4137816418 0.005894189521)
(1.124968035 0.4982661617 -0.01988075938)
(1.043368408 0.3219733996 -0.0002197225229)
(1.156465608 0.3597925879 -0.01790363922)
(1.388643518 0.4940037551 0.06991586283)
(1.196513357 0.3629679098 0.02460622601)
(1.327770349 0.3282260017 0.04643656392)
(1.186558168 0.5149020644 -0.03141899993)
(1.388474163 0.4940611576 -0.06989514519)
(1.196553065 0.3629333518 -0.02461359181)
(1.327668196 0.3283089806 -0.04642362944)
(1.430221933 0.4403194381 2.651925171e-05)
(1.443356579 0.3784237207 0.09316512327)
(1.442623288 0.3788943559 -3.375206761e-05)
(1.472613997 0.3488433795 -3.607693283e-05)
(1.432894469 0.3945530376 0.07076672621)
(1.432144972 0.3949862187 -3.394641588e-05)
(1.473278012 0.3482038204 0.07892453278)
(1.388102617 0.1429043708 6.515553137e-05)
(1.345383869 0.06700179435 0.111540038)
(1.345406718 0.06767994888 4.077691925e-05)
(1.496991886 0.09383754257 1.370535974e-05)
(1.511123379 0.1602662246 0.09552347661)
(1.510925825 0.1611005097 1.260407546e-05)
(1.497050481 0.09296211007 0.09647635957)
(1.24234552 -0.2105353247 0.08383759748)
(1.482693414 -0.04250314393 0.07076156918)
(1.434317456 -0.1598215468 0.0628677422)
(1.263856955 -0.09278267552 -0.0994132415)
(1.242403471 -0.2105710698 -0.08384323873)
(1.482657267 -0.04267804862 -0.07074046121)
(1.434310143 -0.1598246104 -0.06288064098)
(1.411639962 -0.1925665588 0.05951362016)
(1.241578088 -0.2462536291 -0.07924927938)
(1.411702032 -0.192575186 -0.05952197915)
(1.305513675 0.2896907244 0.04126469192)
(1.188303926 0.2371809162 0.01220996188)
(1.201070204 0.1885947767 0.03015389082)
(1.181070751 0.3232940586 -0.02264723864)
(1.305466547 0.2897251348 -0.04126209956)
(1.1883241 0.2371728846 -0.01220917103)
(1.201059718 0.1885951504 -0.03015571205)
(1.423884114 0.1693669473 0.05991668722)
(1.252487487 0.1808644768 0.0331357068)
(1.326978854 0.120470324 0.04234636142)
(1.340958597 0.2678693601 -0.04692285536)
(1.423892354 0.1693704265 -0.05991776929)
(1.252510326 0.1808705892 -0.03313496235)
(1.326973867 0.1204691773 -0.04234734118)
(1.456442193 0.005821988582 0.06440045741)
(1.340430842 0.0940708413 0.043786505)
(1.355671805 0.01124888951 0.04693499736)
(1.441321914 0.129302094 -0.0624689304)
(1.45647785 0.00575516843 -0.0644138191)
(1.340438862 0.09406817135 -0.04378962461)
(1.355688042 0.0112349267 -0.04693508248)
(1.410863461 -0.1405822092 0.05716328567)
(1.353474191 -0.01738012318 0.04605302971)
(1.347081462 -0.08872017692 0.02639819834)
(1.450739262 -0.03391043743 -0.06314254628)
(1.410842251 -0.1405147 -0.05716868479)
(1.35344293 -0.01738545131 -0.04605577734)
(1.347073169 -0.08870814435 -0.02639795788)
(0.6171235578 0.6142802484 -4.249186178e-05)
(0.7158073193 0.5370705961 -0.0001154366808)
(0.627662028 0.5331326862 -0.04316436917)
(0.7216172946 0.6221042074 -0.02460663088)
(0.6277747111 0.5320779762 -8.673878618e-05)
(0.721102352 0.6212157072 -3.870838521e-05)
(0.6177257106 0.6149119395 -0.03511598887)
(0.4988173405 0.5761536422 0.0001782385191)
(0.4368117911 0.46003327 5.364304836e-05)
(0.3733293175 0.5115185892 0.05945576226)
(0.5327554608 0.5089609707 0.05380312217)
(0.3737043392 0.5104808596 0.0001254203912)
(0.5325046242 0.5079844299 7.961380206e-05)
(0.4993930502 0.5769608521 0.04799449739)
(0.6171236138 0.6142822948 4.259789674e-05)
(0.7158108356 0.5370745852 0.0001197100394)
(0.6276638472 0.5331347241 0.04316308988)
(0.7215998466 0.6221001933 0.02460619295)
(0.6277737045 0.5320772759 8.490934183e-05)
(0.7210966142 0.6212161387 4.274203004e-05)
(0.6177249992 0.6149168163 0.03511604926)
(1.178609125 0.6632213792 -8.731638505e-05)
(1.165774824 0.5811870322 -2.071491348e-05)
(1.118220218 0.6483528139 0.03723894827)
(1.238438572 0.5962249147 0.04806634688)
(1.117174875 0.6478767085 4.59917956e-06)
(1.237471779 0.5964234349 -5.592468962e-05)
(1.179579528 0.6631116863 0.05300880066)
(1.188132533 0.611294813 0.00018712933)
(1.345400338 0.5488198201 -5.0878028e-05)
(1.177158712 0.5409603441 0.08929384871)
(1.298505461 0.5790767249 0.06554382428)
(1.176266721 0.541584901 -9.395049522e-05)
(1.297410287 0.5790782884 3.604894103e-05)
(1.189162784 0.6116013204 0.07636613129)
(1.17861513 0.6632327471 9.184414665e-05)
(1.165782322 0.5811982904 2.712631626e-05)
(1.118224623 0.6483390233 -0.03724056371)
(1.238463971 0.5962736368 -0.0480744961)
(1.117181757 0.6478757632 -4.72557923e-06)
(1.237481019 0.5964391099 6.823454242e-05)
(1.179593894 0.6631411412 -0.05301322121)
(1.188130694 0.6113080416 -0.0001823541203)
(1.345376803 0.5488202252 4.621821025e-05)
(1.177145228 0.5409720181 -0.0892903895)
(1.298474331 0.5791352648 -0.06554463757)
(1.176261021 0.5415873659 9.553751069e-05)
(1.297396882 0.5790948377 -2.918556497e-05)
(1.189163999 0.6116379435 -0.0763700596)
(0.5684124566 -0.09948918514 4.757450505e-05)
(0.9434904655 -0.1080875197 9.675995032e-05)
(0.5304982072 -0.08667335488 0.1168682282)
(0.9523406712 -0.1392211456 0.102195284)
(0.5315789186 -0.0864736529 0.0003838862182)
(0.9526837534 -0.1389356509 2.00781284e-05)
(0.5683301279 -0.09986940732 0.1078531911)
(0.6068465656 -0.1240190421 3.725305859e-05)
(0.9895631202 -0.1978065314 2.731109532e-05)
(0.6536196688 -0.1478530047 0.09379943956)
(0.9671560362 -0.1684620272 0.09557794839)
(0.6540997219 -0.1476183253 1.072465624e-05)
(0.9676456852 -0.168091634 3.13752943e-05)
(0.6064846656 -0.1239923385 0.100377738)
(0.5684011823 -0.0995155528 -5.598447122e-05)
(0.943447198 -0.1080905176 -0.000104487057)
(0.5304605172 -0.08667797693 -0.1168631021)
(0.9522565573 -0.1393577249 -0.1021901059)
(0.5315636011 -0.0864749029 -0.0003834990649)
(0.952661348 -0.1389796036 -3.888037152e-05)
(0.5682885903 -0.09994299767 -0.1078437595)
(0.6068474249 -0.1240433473 -4.42150254e-05)
(0.9895904679 -0.1978167016 -3.930663421e-05)
(0.6537069139 -0.1479182214 -0.09379734291)
(0.9671656217 -0.168586896 -0.09556747161)
(0.6541370971 -0.1476415776 -2.046066415e-05)
(0.9676516362 -0.1681347223 -3.547579122e-05)
(0.6064799806 -0.1240545483 -0.1003698375)
(0.2883227602 0.05296084828 -9.664204127e-05)
(0.310722014 0.1552008862 -0.09160703398)
(0.3109623246 0.1548988016 -9.669006625e-05)
(0.3994373953 0.1275300642 -0.0001139499929)
(0.38054866 0.04356200301 -0.08954258726)
(0.3816446602 0.04344339866 -0.0001139463849)
(0.3983683428 0.127844819 -0.08651842061)
(0.4988093568 0.1685154171 -0.0001896485487)
(0.5503468496 0.1413546021 -0.07283746205)
(0.53333788 0.2251533996 -0.07176998694)
(0.58363755 0.1885917703 -0.0003713602068)
(0.5545914824 0.1408969495 -0.0003628804699)
(0.5353276036 0.2243180514 -0.0002057524532)
(0.4967435245 0.1690095986 -0.07708942458)
(0.4133375985 0.3242127338 -8.640374035e-05)
(0.3551998505 0.2465961803 -0.08506656157)
(0.3555083108 0.2460670432 -6.526335072e-05)
(0.4336041092 0.203329971 -0.000107943319)
(0.4787962729 0.2698928041 -0.07477024993)
(0.4798163453 0.2691321487 -0.0001251281546)
(0.4325135583 0.2038501697 -0.08131994832)
(0.4721521334 0.105214796 0.0001894344493)
(0.5222942181 0.02967111434 0.0003505881728)
(0.4560748035 0.03584274483 0.08367431627)
(0.5291943238 0.08791022728 0.07617689622)
(0.4581524881 0.03572953732 0.0001865133095)
(0.5334276114 0.08760452739 0.0003549317668)
(0.4700861876 0.1055173146 0.08125334939)
(0.288326497 0.05296084691 9.871582352e-05)
(0.3107289192 0.155191304 0.09160576858)
(0.3109648978 0.1548952369 9.94637684e-05)
(0.3994405758 0.1275259311 0.0001159650361)
(0.3805537584 0.04356298077 0.08954102908)
(0.3816467695 0.04344344325 0.000115198918)
(0.3983778226 0.1278336356 0.08651739242)
(0.4988099752 0.1685171272 0.0001897399238)
(0.5836331496 0.1885847928 0.0003765123607)
(0.550344445 0.1413758494 0.07283474704)
(0.533311571 0.2251186258 0.0717723958)
(0.5545902998 0.1409025993 0.0003609020637)
(0.5353200239 0.2243076171 0.0002083503002)
(0.4967459666 0.1690171082 0.0770893894)
(0.4133340394 0.3242069075 8.245944778e-05)
(0.3552149737 0.2465593912 0.08506640907)
(0.3555138023 0.2460549452 6.730889568e-05)
(0.4336062842 0.2033264761 0.0001073583466)
(0.4787657185 0.2698674215 0.07477227643)
(0.4798079587 0.269124375 0.0001251272639)
(0.4325199967 0.2038403475 0.08131861423)
(0.8700109305 0.7126475083 -0.0001125101898)
(0.848054298 0.6819680445 -0.002243446918)
(0.993703055 0.6906005016 0.01941492685)
(0.8470525564 0.6813492485 -3.366084604e-05)
(0.9930456774 0.6902077467 -6.44095944e-05)
(0.9344942954 0.6369024469 -5.887525054e-05)
(0.9351732389 0.6376847121 0.003455280275)
(0.9502814192 0.5265844827 -0.000188855243)
(0.9131714984 0.4778363306 -0.01317102764)
(0.9934396118 0.4853886491 -0.001365477701)
(0.9603430443 0.443368721 -0.0004383723722)
(0.915900476 0.4752713038 -0.0003232195663)
(0.9950489115 0.483889964 -0.000261154825)
(0.9494938976 0.5280289086 -0.004756936029)
(1.100108025 0.559239317 -8.573472564e-05)
(1.061245098 0.6279344507 0.0200388085)
(1.060662035 0.6276147887 -7.919934497e-05)
(0.9966622859 0.5791341965 -0.0001032346704)
(1.040201309 0.5243420585 0.00847494983)
(1.040498401 0.5235267022 -0.0001264896483)
(0.9968881813 0.5799527009 0.006356954215)
(0.7946726961 0.5269569356 0.0001548273004)
(0.8157013821 0.6048327624 0.01561803223)
(0.815519433 0.6038001401 7.035003187e-05)
(0.8919317484 0.5691544023 0.0001206312216)
(0.8604017362 0.5070223203 0.01837955867)
(0.8615096489 0.5050908069 0.0002066242711)
(0.8918105429 0.5703726349 0.009143733205)
(0.869998385 0.7126471823 0.0001291661143)
(0.8480653823 0.6819777634 0.002240970691)
(0.9937126163 0.6905958349 -0.01942528248)
(0.8470593689 0.6813511029 3.605766616e-05)
(0.9930540059 0.6902011121 7.525363593e-05)
(0.9345040648 0.6369068538 6.232223882e-05)
(0.9351902448 0.6376971726 -0.003458838408)
(0.9502883883 0.5265875225 0.0001916985945)
(0.9603532624 0.4433772705 0.0004410688623)
(0.9131924583 0.4778377279 0.01317028682)
(0.9934613077 0.4854050113 0.001362121992)
(0.9159075036 0.4752707459 0.0003235624606)
(0.9950570126 0.4838953529 0.00026446257)
(0.9495106189 0.528038364 0.004754044981)
(1.10011518 0.5592443749 8.64523468e-05)
(1.061275895 0.6279273722 -0.0200392101)
(1.060673972 0.627606433 8.41488344e-05)
(0.9966698614 0.5791361107 0.0001081292086)
(1.040217025 0.5243431354 -0.008476774626)
(1.040506956 0.5235261693 0.0001292464624)
(0.9969073041 0.579960153 -0.006361822133)
(1.018957845 -0.2299670255 3.638505385e-05)
(0.7163630934 -0.1770797641 0.08772481642)
(0.7169848669 -0.1768252249 5.060265678e-05)
(0.7872622536 -0.2152851867 4.955017657e-05)
(1.051593881 -0.2666773479 0.07898543399)
(1.052233125 -0.2662607763 5.006561409e-05)
(0.7867305792 -0.215582275 0.08289110807)
(0.1425531866 0.01183215525 -0.0001240551702)
(0.2416622797 -0.02179903612 -0.08420804682)
(0.3987701279 -0.08987923927 -0.0891175811)
(0.24190826 -0.02195755435 -2.597851318e-05)
(0.3992540117 -0.0899865531 -7.390840496e-06)
(0.4966456394 -0.1291895925 -2.946971401e-05)
(0.4961313866 -0.1292601965 -0.08443606351)
(1.018980863 -0.2299847483 -4.01248844e-05)
(0.7164757531 -0.1771544147 -0.08772354607)
(0.7170170471 -0.1768479707 -3.290483774e-05)
(0.7872712596 -0.2152905041 -4.775517171e-05)
(1.051678888 -0.2667244007 -0.07898854929)
(1.052256449 -0.2662745848 -3.963170275e-05)
(0.786748248 -0.2155908824 -0.08289204995)
(1.42085129 0.2273825869 -2.336922555e-06)
(1.438059535 0.3054348946 0.1012791409)
(1.437503845 0.3057627006 -2.10108829e-06)
(1.498716501 0.2932949995 -2.839836314e-05)
(1.512405208 0.2293451098 0.09171955203)
(1.512022516 0.2301932017 -1.457859582e-05)
(1.499275233 0.2925665143 0.08601179569)
(1.445549073 0.309190015 -4.518352659e-05)
(1.402802074 0.3459743921 0.06105252769)
(1.407781808 0.2713658051 0.05914426258)
(1.369478073 0.3026460786 -0.0001474131476)
(1.402234274 0.3461100961 -6.543523949e-05)
(1.407446794 0.2709086063 -0.0001165954609)
(1.446035916 0.3088708246 0.06799030084)
(1.480262153 0.2648387928 -3.793526635e-05)
(1.50578121 0.2129382467 0.0788968487)
(1.440305915 0.233629086 0.06431911128)
(1.466174755 0.190755193 -5.671683212e-05)
(1.505483538 0.2135949621 -2.811888695e-05)
(1.440085268 0.2335133869 -8.4171924e-05)
(1.480675901 0.2643352095 0.07408136902)
(1.430199724 0.4402925212 -4.145234122e-05)
(1.443344925 0.3783662378 -0.09316400989)
(1.442622895 0.3788749559 3.022541095e-05)
(1.47262588 0.3488301868 4.497960598e-05)
(1.43269903 0.3944492019 -0.07076541677)
(1.43208656 0.3949608201 -7.133657296e-06)
(1.47335934 0.3481667555 -0.07893407989)
(1.420858394 0.2273823557 2.775543881e-06)
(1.438071936 0.305417186 -0.1012808033)
(1.437509141 0.305756245 2.224720428e-06)
(1.498735523 0.2932916051 3.280118561e-05)
(1.512451613 0.2293451701 -0.09171922009)
(1.512038305 0.2301929892 1.507578485e-05)
(1.499343668 0.2925602816 -0.08601755091)
(1.445575025 0.3091740481 6.556125958e-05)
(1.369463379 0.3026699959 0.0001402932524)
(1.402634866 0.3458798018 -0.06108066883)
(1.407837491 0.271392342 -0.05915717938)
(1.402191544 0.3460817318 3.496002125e-05)
(1.407456587 0.2709130843 0.0001319114037)
(1.446182982 0.3088410377 -0.06801420541)
(1.480287371 0.2648322709 4.443447548e-05)
(1.466181603 0.1907534263 5.690285399e-05)
(1.505839319 0.2129360289 -0.07889553886)
(1.440333853 0.233627554 -0.06432502256)
(1.505503127 0.2135934703 2.769975931e-05)
(1.440093199 0.2335100934 8.930380925e-05)
(1.48077604 0.2643265668 -0.07408822385)
(1.280394555 -0.04498557138 1.683980365e-05)
(1.306234044 0.00353034515 0.1084574363)
(1.306406796 0.004164658781 4.836876333e-05)
(1.476862652 0.03264494639 2.142507888e-05)
(1.456074569 -0.02234340504 0.09265562867)
(1.4562309 -0.02148024336 7.458487435e-06)
(1.476778069 0.03178688909 0.09523528661)
(1.522573496 0.09999622081 -3.96826177e-06)
(1.519794396 0.1565132827 0.08213975863)
(1.494137777 0.09516086899 0.07279227806)
(1.484406521 0.1440187783 -3.36840722e-05)
(1.519621382 0.1572505414 -1.208358365e-05)
(1.494160029 0.09575468617 -1.676004977e-05)
(1.522631439 0.09920129302 0.08350323035)
(1.516934549 0.04532769141 3.544485226e-06)
(1.505672511 -0.006750726719 0.0820320076)
(1.49605194 0.04759414745 0.07305571227)
(1.491997074 0.002316757381 -1.336059511e-06)
(1.505860806 -0.005934674779 1.04808903e-05)
(1.496146166 0.0482564481 -4.097523241e-06)
(1.516881813 0.04451549261 0.08321680632)
(1.388112331 0.1429100596 -6.409958425e-05)
(1.345414546 0.06703924459 -0.1115450972)
(1.345417693 0.06769413482 -3.745015389e-05)
(1.497019122 0.09384986897 -2.745509984e-06)
(1.511177233 0.1602763588 -0.0955265609)
(1.510945114 0.1611044941 -8.846316402e-06)
(1.497134712 0.09299642757 -0.09648804199)
(1.280370021 -0.04493598621 -2.976891811e-06)
(1.306304424 0.003620359869 -0.1084672965)
(1.306426956 0.004196996706 -4.148205078e-05)
(1.476893537 0.03267495156 3.148756592e-06)
(1.456165485 -0.02214336201 -0.09262124016)
(1.456228898 -0.02141862008 2.792429117e-05)
(1.4769377 0.03186891046 -0.09525564013)
(1.522611684 0.09999884344 1.829908787e-05)
(1.484420955 0.1440183058 3.765586564e-05)
(1.519860683 0.1565153335 -0.08214387058)
(1.494205986 0.09515116727 -0.07280410639)
(1.519646769 0.1572517314 1.681022587e-05)
(1.494184651 0.09575140411 2.750989062e-05)
(1.52273532 0.09920772396 -0.08351717156)
(1.516991745 0.04533245304 2.754020289e-05)
(1.492013254 0.002274602944 1.765428383e-05)
(1.505961297 -0.006746443631 -0.08201264576)
(1.49614956 0.04754722905 -0.07306930425)
(1.50592488 -0.005924694868 5.235552382e-05)
(1.496176542 0.04824030965 2.176207465e-05)
(1.517078933 0.04452169752 -0.08324576199)
(0.7267015444 0.02639473544 -0.0310424585)
(0.7824967556 0.05356383651 -0.02742838179)
(0.7401019623 0.07009912133 -0.02985884703)
(0.7735320915 0.02331864221 0.02825853865)
(0.726702993 0.02639995321 0.03104239768)
(0.7825037658 0.05356870323 0.02742854964)
(0.7401019954 0.07010545087 0.02985909941)
(0.6776620666 0.05313642888 -0.003128376292)
(0.6387366072 0.01826843648 -0.06402558356)
(0.6471967216 0.04207243317 -0.05920236206)
(0.7331384969 0.01983631366 -0.0006452405963)
(0.6713345047 0.01915730573 -0.003100180336)
(0.7379720095 0.04567203473 -0.000665625312)
(0.6447265141 0.052108911 -0.06299408589)
(0.7643662186 0.1117172271 -0.027804148)
(0.8223971169 0.1142673095 -0.02372794978)
(0.8011697388 0.1440487519 -0.02538705628)
(0.8012932206 0.09278691955 0.02578554284)
(0.7643533986 0.1117524074 0.02780284423)
(0.8223688377 0.1142681783 0.02373340316)
(0.8011250045 0.1440587131 0.02539091651)
(0.7484041495 0.1742109078 -0.002765374428)
(0.6879859946 0.1401953656 -0.0558889468)
(0.6989298206 0.1352525881 -0.05041612971)
(0.7798884632 0.1334013628 -0.0006209050268)
(0.7253060598 0.1466849359 -0.003105689643)
(0.7975934249 0.1525267179 -0.0007102571445)
(0.7105291826 0.1599650013 -0.05297303772)
(0.5778281192 0.2715881085 -0.06538145142)
(0.6189733117 0.2283854931 -0.0004633998423)
(0.5799316799 0.2702240868 -0.0002690048106)
(0.6293818437 0.3046407139 -0.0003574771434)
(0.6543996951 0.2631439659 -0.05764096991)
(0.6587293285 0.2587697389 -0.0006876168531)
(0.6266516553 0.3073328298 -0.05864108307)
(0.764703364 0.2651402067 -0.04158847366)
(0.8665643802 0.2151143655 -0.01895612644)
(0.862078754 0.2601333317 -0.01790686115)
(0.8171628621 0.2049763726 0.02251502379)
(0.7647020688 0.2651100213 0.04159092156)
(0.8666037532 0.2151151382 0.01895754882)
(0.8620877341 0.2601364221 0.01790731102)
(0.8262367231 0.349261479 -0.001032466084)
(0.773564278 0.3521939428 -0.03887176715)
(0.8091235067 0.3053238815 -0.03526925433)
(0.791213699 0.3103360295 -0.001888042517)
(0.782195502 0.3514162219 -0.0008102640557)
(0.8308744464 0.3164835836 -0.001177099514)
(0.8174784916 0.3516465143 -0.0332909136)
(0.9101034721 0.2500219708 -0.01414608066)
(0.9416573028 0.2118653729 -0.01257402735)
(0.9559621323 0.238936484 -0.01138842654)
(0.9100390579 0.2155632376 0.01563351533)
(0.9101204423 0.2500263489 0.01414456303)
(0.9416589516 0.2118670749 0.01257523636)
(0.9559735384 0.2389470803 0.01138836434)
(0.9818941795 0.3182439662 -0.004283054276)
(0.8974281696 0.3111434264 -0.02019343646)
(0.8699466201 0.2629567993 -0.01863312689)
(0.9822731796 0.3112553867 -0.0009839266441)
(0.9554065127 0.328129046 -0.004662809267)
(1.006228607 0.3038779467 -0.001221790825)
(0.9216053039 0.2907876712 -0.01747061149)
(1.026891088 0.4449951671 0.001286701311)
(0.9956039538 0.4118547878 -0.0005765277697)
(1.02923421 0.4434135488 -0.0003278961738)
(1.055146631 0.4042742386 -0.0004185733884)
(1.016959572 0.3841342079 -0.003235299877)
(1.023172246 0.3797581008 -0.0008775895258)
(1.051617152 0.4071484551 0.003119456246)
(1.185953076 0.514678672 -3.156049039e-05)
(1.254261839 0.5234295534 0.04346356035)
(1.253455338 0.5234922253 -5.237541811e-05)
(1.252843648 0.457576565 -8.919464452e-05)
(1.194717864 0.4551729438 0.02891171905)
(1.194270561 0.4546162861 -9.841610494e-05)
(1.253442386 0.4579934097 0.03909427663)
(1.264416581 -0.09225608829 4.188079744e-05)
(1.251840702 -0.1357351722 0.09459581324)
(1.252220681 -0.1351848234 2.769255865e-05)
(1.436377858 -0.07308718599 0.08938619257)
(1.436640514 -0.07224766306 -5.257013489e-06)
(1.418338453 -0.1188802207 -3.168474754e-05)
(1.418103834 -0.1196444583 0.08539506503)
(1.242089119 -0.2456103887 3.356518067e-05)
(1.243048355 -0.2814796633 0.07366892847)
(1.243770485 -0.2806961163 6.042077814e-05)
(1.351084814 -0.2701136425 0.000109001)
(1.366821951 -0.2373641562 0.07250166041)
(1.367658784 -0.2363859767 6.774289838e-05)
(1.349953556 -0.2718433046 0.06780778704)
(1.043527932 0.2686902226 -0.002481832487)
(1.035123332 0.2248853409 -0.003829705194)
(1.065197546 0.2354496986 -0.001371028602)
(1.010655671 0.2446063446 0.005659520898)
(1.043535582 0.2686921754 0.002481959377)
(1.035125588 0.2248869563 0.003830131703)
(1.065203347 0.2354510919 0.00137131118)
(1.124699923 0.3164720942 0.01681877116)
(1.100031628 0.2491540886 0.002903355373)
(1.145758612 0.2465552043 0.006722425796)
(1.081203503 0.2878529553 -0.002389342246)
(1.124731408 0.316459377 -0.01682053904)
(1.100019125 0.2491464445 -0.002903341833)
(1.145762851 0.2465401218 -0.006723669544)
(1.232396704 0.2827055725 -0.0007370542736)
(1.225259191 0.3173767361 0.02888328693)
(1.171103109 0.2829059772 0.02098376408)
(1.206723502 0.3187307257 -0.00253409517)
(1.237218999 0.31313478 -0.0007429367102)
(1.20954728 0.2941693964 -0.003090727088)
(1.212937265 0.2771415495 0.02620763169)
(1.372779261 0.2395150266 0.0519419114)
(1.34067424 0.2656834458 -0.0003917101131)
(1.37289402 0.2376233916 -0.0002854743515)
(1.344530628 0.2078005773 -0.0005288525146)
(1.314494955 0.2407818623 0.04161668178)
(1.317552226 0.231272852 -0.0009309061027)
(1.341767216 0.2142521709 0.04593891688)
(1.452343203 0.0879959143 0.06392670368)
(1.441508609 0.1293884174 -6.005888373e-05)
(1.452511484 0.08834022639 -3.270611871e-05)
(1.413052122 0.08036721981 -5.714523897e-05)
(1.402131515 0.116096534 0.05514261902)
(1.402814029 0.1156661378 -0.0001007929523)
(1.412661781 0.08036802292 0.05656594382)
(1.451539764 -0.03312547685 8.102373666e-05)
(1.409118903 -0.06187227257 0.0005659248645)
(1.440923379 -0.07229258514 0.0615381773)
(1.414434076 -0.02738619443 0.05650138764)
(1.442147754 -0.07062367213 0.000182198022)
(1.416070435 -0.02715387736 0.0001232901349)
(1.406547879 -0.06208457083 0.05524385988)
(1.321524052 -0.1407997463 0.024577438)
(1.390325816 -0.1706685353 -0.05392940952)
(1.32147217 -0.1408021983 -0.02458056645)
(1.220688783 0.1766391666 0.01426024316)
(1.17588101 0.1686165905 0.009225048258)
(1.203083905 0.1459040985 0.01176443296)
(1.182567006 0.1950257861 -0.01061341718)
(1.22068403 0.1766380948 -0.01426042839)
(1.175880438 0.1686152953 -0.009224323039)
(1.203081376 0.1459024289 -0.01176465661)
(1.284267402 0.1114539165 0.02008586622)
(1.229241673 0.1224714082 0.01431385021)
(1.25068073 0.09059546746 0.01663608705)
(1.255230512 0.1485092475 -0.01731490992)
(1.284266037 0.1114530823 -0.02008585974)
(1.22924246 0.1224699918 -0.01431387479)
(1.250683413 0.09059398129 -0.01663601928)
(1.312836903 0.02168966482 0.02290601391)
(1.266520359 0.05597206077 0.01810939483)
(1.27409799 0.01896792826 0.01930350446)
(1.304158556 0.06740400258 -0.0219627608)
(1.312847216 0.02168172639 -0.02290604317)
(1.266522393 0.05596930963 -0.01810928648)
(1.274098234 0.01896223091 -0.01930343616)
(1.296039254 -0.06792742372 0.02150509579)
(1.274310345 -0.01885310399 0.01921820188)
(1.268091389 -0.04943156783 0.01947077728)
(1.309432236 -0.02575054929 -0.02267274212)
(1.296062653 -0.06792778377 -0.02150248457)
(1.274302212 -0.01886521469 -0.01921855102)
(1.268080599 -0.04945160275 -0.0194698297)
(0.577707335 0.07380371472 -0.07141245826)
(0.5770142654 0.02489875329 -0.0007809898893)
(0.5859948938 0.07351893782 -0.0007876113572)
(0.6320027859 0.06204828005 -0.001926209592)
(0.6101893409 0.02122359057 -0.06824939239)
(0.6245108921 0.02124738344 -0.001914674693)
(0.6175067643 0.06211250825 -0.06698631524)
(0.689166859 0.08809797789 -0.003179152212)
(0.6553745565 0.07174447906 -0.05778002671)
(0.6702083845 0.1145853206 -0.05878752186)
(0.7614700189 0.1036709007 -0.0006347121631)
(0.7485321473 0.08063764307 -0.0006740401664)
(0.7051874646 0.1182065994 -0.003189616333)
(0.6551293138 0.08531255538 -0.06129737405)
(0.5947180283 0.1191241571 -0.06872596794)
(0.626377688 0.1600523561 -0.0007797509451)
(0.6030877047 0.1187992267 -0.0007918891536)
(0.6458277253 0.1010938974 -0.001936517812)
(0.6495961548 0.1360625023 -0.06192728628)
(0.6648662823 0.1369449222 -0.001918150197)
(0.630921564 0.1008467435 -0.06484258793)
(0.6776645508 0.05313845037 0.003128018384)
(0.7331386809 0.01983501421 0.000646309554)
(0.6387342936 0.01826229561 0.06402518977)
(0.6472059614 0.04207541466 0.05920073347)
(0.6713345675 0.01915594527 0.003100418738)
(0.7379725189 0.04567425721 0.000662608392)
(0.6447332429 0.05211263599 0.06299444406)
(0.5770189763 0.02489623623 0.0007834327071)
(0.5777243074 0.07380205685 0.07141019413)
(0.5860002578 0.0735179319 0.000788112218)
(0.6320048053 0.06205244523 0.001924802659)
(0.6101967374 0.02121663778 0.06824860307)
(0.6245134649 0.02124569234 0.001915251097)
(0.617512602 0.06212458858 0.06698473942)
(0.6891688964 0.08810093933 0.003180583262)
(0.7614666082 0.1036806958 0.000632546254)
(0.6553710659 0.07175074117 0.05778086875)
(0.670231613 0.1146102719 0.05878386428)
(0.7485330766 0.08064170763 0.0006756993631)
(0.7051913203 0.1182152766 0.003189027691)
(0.6551364544 0.0853164958 0.06129573111)
(0.6263800908 0.1600476392 0.000785833778)
(0.5947017071 0.1191531515 0.06872425994)
(0.6030831924 0.1188076197 0.0007923204651)
(0.6458301606 0.1011016149 0.001939445871)
(0.6496327471 0.1360670768 0.06192450816)
(0.6648757804 0.1369465397 0.001922785801)
(0.6309286897 0.100871113 0.06484205112)
(0.6547299764 0.195153533 -0.0008117280006)
(0.7169080691 0.1979263934 -0.001236211147)
(0.6729469226 0.1656296047 -0.05824437754)
(0.6789828096 0.2252190285 -0.05607469589)
(0.688636954 0.1686996639 -0.001788963237)
(0.6870055861 0.2228047857 -0.001008376482)
(0.6986660662 0.1894520187 -0.05411170064)
(0.7823918555 0.2283818387 -0.0004264331408)
(0.7021996399 0.2458628811 -0.05142374593)
(0.7143290701 0.2171951152 -0.04564644146)
(0.7731938293 0.2661699111 -0.003281273101)
(0.7332699986 0.2480022156 -0.002655267949)
(0.8167795926 0.2423619428 -0.0005427665166)
(0.6911712432 0.2043228364 -0.05020121606)
(0.7483984105 0.1742174758 0.002766843513)
(0.7798859989 0.1334181543 0.0006271268408)
(0.6879691504 0.1402212157 0.05588850276)
(0.6989281392 0.135266051 0.05041276505)
(0.7253011201 0.1466950486 0.003109815103)
(0.7975833715 0.1525397178 0.000710345165)
(0.7105231934 0.1599694856 0.05297164282)
(0.654718312 0.1951483186 0.0008059061357)
(0.7169004586 0.1979301111 0.001236831141)
(0.6729052925 0.1656291877 0.05824378747)
(0.6789649622 0.2252300888 0.05607588972)
(0.6886248703 0.1687010649 0.001789399766)
(0.6869985109 0.222808427 0.00100893535)
(0.6986488603 0.1894571892 0.05411130666)
(0.7823741777 0.2283904781 0.0004278270231)
(0.7731847871 0.2661667018 0.003283374953)
(0.702174046 0.2458813191 0.05142224899)
(0.7143002697 0.2171884715 0.04564641964)
(0.7332576084 0.2480081417 0.002653779143)
(0.8167662173 0.2423638331 0.0005463039582)
(0.6911411379 0.204340268 0.05019981136)
(0.4880889115 0.3866110627 -6.800481099e-05)
(0.5656763312 0.4297360556 -0.05742685902)
(0.5662951778 0.4285914132 -0.0001098058438)
(0.5355481718 0.3235997347 -0.06695287202)
(0.5367538167 0.3225765762 -0.0001489782611)
(0.5983591822 0.3606491252 -0.0001884610795)
(0.5968649711 0.3621777076 -0.05882259643)
(0.6825390112 0.3291487425 -0.0005958420053)
(0.6932557382 0.2871387008 -0.05186833006)
(0.726510824 0.3470291459 -0.04504155437)
(0.7499307308 0.3004621477 -0.001906891465)
(0.704962348 0.2826134726 -0.001543825919)
(0.7345606722 0.3447842961 -0.000732044249)
(0.6767349681 0.3325546265 -0.05175106763)
(0.7158223613 0.4619776757 -0.0002051918135)
(0.6422630874 0.4540753727 -0.04817901407)
(0.6432043158 0.4527324286 -0.000155048237)
(0.6615154538 0.3853864338 -0.0002724531875)
(0.7192770078 0.4001722878 -0.04311077898)
(0.7227725082 0.398182758 -0.0003570206631)
(0.6589293113 0.3873694378 -0.0507591562)
(0.6189651339 0.2283777161 0.0004570705678)
(0.5778235819 0.2715672525 0.06538020079)
(0.5799288916 0.270218401 0.0002611845567)
(0.6293808639 0.3046480263 0.0003587991719)
(0.6543853729 0.2631589714 0.05764123753)
(0.6587241993 0.2587745015 0.0006885449169)
(0.6266501043 0.3073590362 0.058641181)
(0.4880950483 0.3866146379 6.8261723e-05)
(0.5656913118 0.4297460645 0.05742583133)
(0.566299535 0.42859303 0.0001138781589)
(0.5355689676 0.3235916219 0.06695161327)
(0.5367589814 0.3225728502 0.0001454947877)
(0.5983625265 0.3606563766 0.0001900205942)
(0.5968738203 0.3621991757 0.05882127859)
(0.6825377607 0.3291516005 0.0005960828216)
(0.7499227758 0.3004590568 0.001909634471)
(0.6932506084 0.287157531 0.05186687767)
(0.7264863669 0.3470211436 0.04504269625)
(0.7049578778 0.2826181685 0.001542634658)
(0.7345533384 0.3447819406 0.0007315112765)
(0.6767350199 0.332563976 0.05175077423)
(0.7158276926 0.4619808385 0.0002022121323)
(0.6422585738 0.4540602201 0.04817837893)
(0.6432046723 0.4527289722 0.0001558204448)
(0.6615165929 0.3853864016 0.0002725239192)
(0.7192672566 0.400173474 0.04311104249)
(0.722769452 0.3981833175 0.0003547719226)
(0.6589338213 0.3873695316 0.05076001594)
(0.7827565137 0.4591518679 -0.0002769792904)
(0.8396150354 0.4497236702 -0.02508121531)
(0.8420281243 0.4461686368 -0.0004047142228)
(0.8303306138 0.3933802452 -0.0007715689958)
(0.7754384643 0.4029404429 -0.03635269297)
(0.7792285372 0.4007229516 -0.0004844564796)
(0.8261791956 0.3987616837 -0.03009408057)
(0.8811146421 0.3475612578 -0.00311401713)
(0.8009038959 0.2910093057 -0.03062836766)
(0.871845238 0.3288718252 -0.02372968439)
(0.9500864925 0.3229417127 -0.0006580796893)
(0.9109530729 0.327159958 -0.0002016089654)
(0.9233469383 0.3410882865 -0.004256284069)
(0.8420145224 0.3420264991 -0.02845053019)
(0.8868773182 0.4309333875 -0.01956265367)
(0.936655837 0.4044781324 -0.0009251566327)
(0.8934279398 0.4264018031 -0.0007223542234)
(0.8802139321 0.3820457701 -0.001877484958)
(0.9007181428 0.3692456796 -0.02005733595)
(0.9227632547 0.3690441225 -0.002443804645)
(0.8661547553 0.3873003121 -0.02455430185)
(0.8262440748 0.3492606787 0.001032118842)
(0.7912132258 0.3103264836 0.001885207391)
(0.7735780636 0.352179957 0.03887232642)
(0.8091445435 0.3053280539 0.03526999437)
(0.7821982583 0.3514108839 0.000808279119)
(0.8308798833 0.3164830831 0.001175202462)
(0.8175010449 0.351646989 0.0332912484)
(0.7827619672 0.4591544768 0.0002816684565)
(0.8396105586 0.449702784 0.02508072047)
(0.8420287187 0.4461633578 0.0004059959469)
(0.8303362303 0.3933780365 0.0007734897224)
(0.77545865 0.4029433914 0.03635197334)
(0.7792344602 0.4007230869 0.0004856944128)
(0.8261964122 0.3987556818 0.03009403313)
(0.8811174987 0.3475584035 0.003113335116)
(0.9500853146 0.3229384797 0.0006535811817)
(0.8008909968 0.2909982406 0.03063019726)
(0.8718439572 0.3288718369 0.02373134064)
(0.9109584679 0.3271594603 0.0002021746573)
(0.9233491271 0.3410872951 0.004252974393)
(0.8420151272 0.3420170231 0.02845099318)
(0.9366669344 0.4044847631 0.0009259750087)
(0.8868922617 0.4309215262 0.0195616236)
(0.893432188 0.4263968015 0.0007214225674)
(0.8802157833 0.3820396223 0.001877313262)
(0.9007130823 0.3692628546 0.02005225372)
(0.9227642093 0.369046202 0.002440763395)
(0.8661537895 0.3872801729 0.02455361939)
(0.9715435003 0.3812406013 -0.001009028394)
(0.9861748633 0.3391855038 -0.001615505872)
(0.9306705358 0.3468851417 -0.01628877187)
(0.9864377552 0.3563118832 -0.008567958326)
(0.9567447766 0.3530781147 -0.002500427671)
(0.9997308262 0.3565376895 -0.001185414187)
(0.9558796849 0.3229745637 -0.01301639173)
(1.063458299 0.3324938227 -0.0001621472427)
(0.9869852056 0.3262777815 -0.006397526218)
(0.9346740572 0.2720695141 -0.007034954452)
(1.067914775 0.3203844201 -0.003998783989)
(1.042754394 0.3378636548 -0.003291393992)
(1.089676696 0.3172537995 -0.0008980130041)
(0.9238319955 0.2899162054 -0.009791926064)
(0.9819089837 0.3182468042 0.004287573537)
(0.982277781 0.3112577118 0.0009823807779)
(0.8974431725 0.3111656403 0.0201897951)
(0.8699741608 0.2629639423 0.01863303622)
(0.9554178769 0.3281392992 0.004663397929)
(1.006234899 0.3038795175 0.001221288127)
(0.9216271584 0.2907906982 0.01746714055)
(0.9715354737 0.3812489225 0.001019203913)
(0.9861770033 0.3391853881 0.001628523905)
(0.930644773 0.3469343701 0.01628184693)
(0.9864328421 0.3562812542 0.008586721072)
(0.956747712 0.353102922 0.002510873284)
(0.9997138628 0.3565241538 0.00118366471)
(0.9558654898 0.32296543 0.01301356287)
(1.06346419 0.3324865147 0.0001643886198)
(1.067919417 0.320383258 0.004000102071)
(0.9869976064 0.3262683101 0.006401371456)
(0.9346887005 0.272063448 0.007033740202)
(1.042749782 0.337857033 0.003290990305)
(1.089683382 0.3172509092 0.0008990569333)
(0.9238367313 0.2898985721 0.009790879538)
(1.124900455 0.4979263218 -8.163580714e-05)
(1.07085172 0.4736111048 0.009863467771)
(1.071704938 0.4728178926 -0.0001536379574)
(1.094561453 0.4263661378 -0.0001496364185)
(1.141037304 0.4442848376 0.01931186051)
(1.141265367 0.4439691231 -9.189593598e-05)
(1.0929265 0.4271324987 0.01066301046)
(1.077513677 0.3679459506 -0.0006011428277)
(1.030771074 0.3534124538 -0.001306659849)
(1.079437101 0.3341963943 0.004740520964)
(1.072568451 0.3312378875 -0.002320506191)
(1.051520177 0.3515730907 -0.001945717165)
(1.094146725 0.3390005243 -0.0005307403567)
(1.068015811 0.3703385136 0.004337046921)
(1.111893844 0.3857641554 8.377168612e-06)
(1.151528043 0.3975429161 0.01865980529)
(1.116183559 0.3469550439 0.01158015729)
(1.159108403 0.3546278148 -0.0004920972779)
(1.151746887 0.3973854912 -0.0001552947368)
(1.127202422 0.3526165403 0.0008444211077)
(1.108115479 0.3845851127 0.01117961661)
(0.9956022342 0.411858396 0.000582052133)
(1.026917237 0.4450102289 -0.001289062907)
(1.029240716 0.4434164769 0.000330755634)
(1.055153803 0.4042723663 0.0004211181429)
(1.016917842 0.3840907401 0.003242458084)
(1.023164103 0.3797481326 0.0008759694469)
(1.051646397 0.407144821 -0.003121868561)
(1.124913296 0.4979341573 8.803736e-05)
(1.070884948 0.4736240595 -0.009864567344)
(1.071716709 0.4728224401 0.0001547372248)
(1.094574433 0.4263694797 0.0001535411671)
(1.141091242 0.4443023085 -0.01932316916)
(1.14128665 0.4439751258 0.0001025745247)
(1.092952688 0.4271378397 -0.01066800065)
(1.077521772 0.3679444652 0.0006049747961)
(1.072573141 0.3312368035 0.002322315626)
(1.030785893 0.3534069356 0.001305419251)
(1.079458272 0.3341938391 -0.004743945837)
(1.051521584 0.3515707626 0.001947334617)
(1.09415361 0.3390003643 0.0005333125443)
(1.068043356 0.3703351988 -0.004341000429)
(1.111905767 0.3857637733 -2.88918323e-06)
(1.159123195 0.354622212 0.0004984907043)
(1.151581787 0.3975406802 -0.01866854723)
(1.116216194 0.346951923 -0.01158538364)
(1.15176734 0.3973830911 0.0001645328857)
(1.127212966 0.3526142585 -0.0008391005468)
(1.108152533 0.3845872469 -0.01118523645)
(1.387680683 0.4945356732 -6.402961258e-05)
(1.322913489 0.5147841702 0.05699276507)
(1.321864101 0.5149712176 -1.243922358e-05)
(1.377413799 0.4303896342 0.06037614698)
(1.376556419 0.4307919358 -6.586760134e-05)
(1.314576942 0.449230619 -2.79394129e-05)
(1.315294862 0.4492050942 0.04992506363)
(1.246979056 0.4016801279 -0.0002005415382)
(1.197582064 0.4042377759 0.02664003977)
(1.238842694 0.3577470576 0.03183370722)
(1.197541568 0.3552994954 -0.0007094848061)
(1.196971091 0.4026636964 -0.0002833945585)
(1.240270683 0.3531846854 -0.0003497245272)
(1.24725545 0.4030070209 0.03520953308)
(1.352687895 0.3746189856 0.05270206251)
(1.327808768 0.3277793614 -0.0001046181787)
(1.352177095 0.3746253918 -8.991020462e-05)
(1.299580556 0.3923540884 -9.671612502e-05)
(1.283443907 0.345918117 0.03931889005)
(1.284381041 0.3444859262 -0.0001265175717)
(1.299752609 0.3928987486 0.04414446805)
(1.185974161 0.5146961985 4.951404431e-05)
(1.254312532 0.5235277592 -0.04346987102)
(1.253469106 0.5235254361 7.052394451e-05)
(1.252876052 0.4576160408 0.0001234598817)
(1.194822617 0.4551976832 -0.02892922754)
(1.194303329 0.4546250058 0.0001184832031)
(1.253606944 0.4580920436 -0.03910844609)
(1.387619879 0.4945555911 5.091228329e-05)
(1.322788359 0.5150410128 -0.05698483681)
(1.321816729 0.515052716 2.514779153e-05)
(1.376899936 0.4304371401 -0.0603315512)
(1.376414388 0.4308177498 1.720374463e-05)
(1.314510058 0.449331457 9.358674806e-05)
(1.315141934 0.4495417978 -0.04981015631)
(1.246992092 0.4016596535 0.0002253456676)
(1.197555887 0.3552860317 0.0007161635164)
(1.1976677 0.4042090363 -0.02665379896)
(1.238848432 0.3576874108 -0.03182632428)
(1.197000326 0.4026519735 0.000297513072)
(1.240269084 0.3531596785 0.0003616252157)
(1.247327486 0.4029515555 -0.03522278839)
(1.327771433 0.3277972635 9.097611043e-05)
(1.352048893 0.3744640345 -0.05270852995)
(1.35204163 0.3745975564 -1.304187068e-06)
(1.299541927 0.3923376942 0.0001047775524)
(1.283341059 0.3457812197 -0.03930143162)
(1.284348604 0.3444471116 0.0001172611333)
(1.299773813 0.3928265409 -0.04406087668)
(1.242859674 -0.2099370713 4.207172244e-05)
(1.2446172 -0.1741995671 0.08908444348)
(1.245062515 -0.1736555491 3.398759877e-05)
(1.400315435 -0.161201566 3.208308126e-05)
(1.383463438 -0.2005408255 0.07656301359)
(1.384110219 -0.1997697737 5.336230358e-05)
(1.399828931 -0.1619204358 0.08119450865)
(1.491124132 -0.05537195659 0.07956556949)
(1.483120025 -0.04171640174 3.085058903e-05)
(1.491466158 -0.05447658721 2.442578334e-05)
(1.474722954 -0.09972523323 -7.555541102e-06)
(1.46970502 -0.08455028458 0.06864863444)
(1.470246909 -0.08341421137 3.87099339e-05)
(1.474430897 -0.1006827779 0.07660694226)
(1.455714474 -0.1418168859 4.928908605e-05)
(1.434826445 -0.1807702614 0.0694047643)
(1.453396258 -0.1242645036 0.06590635056)
(1.435523217 -0.1585414813 0.0001274043743)
(1.435723195 -0.1798411895 9.873123052e-05)
(1.454147573 -0.1229055922 6.676396578e-05)
(1.455147397 -0.1427356473 0.07328106601)
(1.264362572 -0.09223071271 -6.983745496e-05)
(1.251750997 -0.1360346495 -0.09458465817)
(1.252224869 -0.1352672671 -6.023698159e-05)
(1.436194577 -0.07266519051 -0.08924472881)
(1.436606538 -0.07211843461 -4.778218506e-05)
(1.41827659 -0.1188224686 -0.0001278590388)
(1.417416358 -0.1194513469 -0.08545860599)
(1.242865286 -0.2099547222 -2.625135936e-05)
(1.244635789 -0.1744089339 -0.0891040973)
(1.245076546 -0.1737254965 -3.459731798e-05)
(1.400357573 -0.1611935784 -2.277483956e-05)
(1.383639106 -0.2005487604 -0.07659147026)
(1.384141438 -0.1997710834 -2.571933761e-05)
(1.399964121 -0.1618982937 -0.08123336709)
(1.483095415 -0.0417482035 -2.739016787e-05)
(1.491105827 -0.05511420412 -0.07939680474)
(1.491442658 -0.05438518368 1.789060151e-05)
(1.474647179 -0.09957629963 -8.827829955e-05)
(1.46953629 -0.08443008226 -0.06861527124)
(1.470208641 -0.08338000044 -7.65794994e-05)
(1.473893445 -0.1001901218 -0.07662342006)
(1.455695513 -0.1417516751 -4.447373495e-05)
(1.435531484 -0.1585440355 -0.0001279033321)
(1.434863865 -0.1807575442 -0.06943072106)
(1.453256466 -0.1241808764 -0.06590299218)
(1.435720554 -0.1798326909 -7.702944235e-05)
(1.454130662 -0.122884273 -9.662033482e-05)
(1.455081187 -0.1425423439 -0.07330483522)
(1.391330195 -0.2466457096 0.0004449781133)
(1.412779094 -0.2160074532 0.06567043677)
(1.386909804 -0.2221940355 0.05624369341)
(1.415331582 -0.191879176 0.0003282056928)
(1.414681717 -0.2148790916 0.0001931373677)
(1.392704799 -0.2228738841 0.001263471391)
(1.388618421 -0.2494818687 0.06188686903)
(1.242105904 -0.2456106992 -4.488981813e-05)
(1.243108759 -0.2815051223 -0.0736745515)
(1.243789433 -0.2807025017 -5.44099293e-05)
(1.351097466 -0.2701082687 -0.0001141778228)
(1.366859227 -0.237326806 -0.07249745824)
(1.367667668 -0.2363748033 -7.246334781e-05)
(1.349977663 -0.2718262203 -0.06780783464)
(1.391325968 -0.2466398281 -0.0004477365219)
(1.415342828 -0.1918813722 -0.0003173313137)
(1.4127943 -0.215991413 -0.06567440284)
(1.386935688 -0.2221887546 -0.05624186692)
(1.414675813 -0.2148726774 -0.0001872284168)
(1.392708315 -0.2228734424 -0.001264199625)
(1.388611746 -0.2494592152 -0.06188440012)
(1.306323325 0.2888648857 -0.0002329102529)
(1.263420129 0.2747522282 0.00066640653)
(1.266694318 0.3051248827 0.03527789728)
(1.283869631 0.2598700303 0.03702299574)
(1.271675056 0.3052512802 -4.821427165e-05)
(1.289725233 0.2536484454 -0.000748827012)
(1.248503938 0.2686222323 0.03202665712)
(1.339815205 0.2600024885 0.0004799135594)
(1.225323033 0.2243109521 0.03333841663)
(1.123141887 0.1952221017 0.02817643054)
(1.306023002 0.216011049 -0.005892521433)
(1.31331261 0.2331647024 -0.004860244625)
(1.337477127 0.2382242354 -0.0008642787419)
(1.142484468 0.220432225 0.03045492226)
(1.232394757 0.2826976326 0.0007468570063)
(1.206728298 0.3187254933 0.002537760917)
(1.225247145 0.3174002062 -0.02886904335)
(1.171092483 0.2828778714 -0.02098708506)
(1.237210758 0.3131484529 0.0007501652788)
(1.209553607 0.2941612832 0.003092543271)
(1.212915534 0.2771201004 -0.02620532286)
(1.306304197 0.2888751734 0.0002295785509)
(1.263403677 0.2747444924 -0.0006619678167)
(1.266570719 0.305119653 -0.03528010604)
(1.283856719 0.2598601273 -0.03702154835)
(1.271642814 0.305257656 4.215959754e-05)
(1.289718811 0.2536461132 0.000744966628)
(1.248475679 0.2686178595 -0.03203496634)
(1.339781774 0.2599884453 -0.0004808591818)
(1.306021917 0.2160108784 0.005890008942)
(1.22531559 0.2242971674 -0.03333889382)
(1.123155658 0.1952199012 -0.02817474122)
(1.313304038 0.2331590546 0.004856890368)
(1.337465491 0.2382190074 0.0008644141447)
(1.142496329 0.2204217896 -0.03045545829)
(1.400757309 0.2064110276 0.05631842368)
(1.424181069 0.1690180637 -9.934734214e-05)
(1.401107368 0.2053618369 -0.0001656108139)
(1.368129846 0.180678474 -0.0002714932273)
(1.386415168 0.1511815782 0.05285578529)
(1.387651629 0.1498484164 -0.0001609431286)
(1.36603935 0.1838967043 0.04962545247)
(1.326618786 0.1850566896 -0.001253989911)
(1.276837972 0.2125521106 0.03690812301)
(1.284861548 0.1646320236 0.036761977)
(1.299614625 0.1939584432 -0.003810790427)
(1.312629816 0.207528493 -0.003227948597)
(1.307682329 0.1692870429 -0.001492115744)
(1.309943332 0.1905979011 0.04083536527)
(1.342840811 0.1605820702 -0.0005221175174)
(1.354375041 0.1352888263 0.04696180692)
(1.309413121 0.1449357621 0.03943993732)
(1.331590516 0.1198242576 -0.0002939351694)
(1.357771448 0.1338991116 -0.0002886428593)
(1.320081349 0.1456313057 -0.0006401461198)
(1.335085951 0.1638116919 0.04401429926)
(1.340664803 0.2656965599 0.0003838991021)
(1.372816838 0.239529662 -0.05194572426)
(1.372901881 0.2376274064 0.0002898954276)
(1.344535405 0.2078033674 0.0005294126918)
(1.314471102 0.2407994622 -0.04161321883)
(1.317547733 0.2312793059 0.0009242629098)
(1.34177864 0.214260724 -0.04594126381)
(1.424185743 0.1690184932 9.953110178e-05)
(1.400780762 0.206414196 -0.05632068061)
(1.401114564 0.205361851 0.0001686804114)
(1.3681391 0.1806794044 0.0002761914595)
(1.38642964 0.1511845223 -0.05285689483)
(1.387657805 0.1498489752 0.0001622604481)
(1.366072489 0.1838998664 -0.04962796887)
(1.326621734 0.1850611699 0.001254102799)
(1.299617712 0.1939593515 0.00381478946)
(1.2768573 0.212570522 -0.03690660473)
(1.284863171 0.1646361131 -0.03676288156)
(1.312631429 0.2075344306 0.003230232784)
(1.307683685 0.1692884429 0.001491270946)
(1.309951723 0.1906108183 -0.04083542299)
(1.342844628 0.1605835545 0.0005237253649)
(1.331591539 0.1198240205 0.0002934864753)
(1.354383567 0.1352867494 -0.0469626449)
(1.309426115 0.1449389034 -0.03943924622)
(1.357775139 0.1338987258 0.0002896191634)
(1.320084222 0.1456322675 0.0006424339437)
(1.335096059 0.1638153502 -0.0440161118)
(1.457115446 0.04667000768 0.06451401487)
(1.456738233 0.006393099922 7.311232141e-06)
(1.457274085 0.04712249451 -1.758693525e-05)
(1.418397371 0.04426022296 -3.847789349e-05)
(1.418730581 0.008093438363 0.05736435677)
(1.41920068 0.00839328797 9.853669426e-06)
(1.418118853 0.04408786434 0.05732271869)
(1.379153953 0.07317651081 -0.0001207808581)
(1.368799872 0.1041124801 0.04892581838)
(1.34906242 0.06669748375 0.04563980201)
(1.342388317 0.09287707511 -0.000203408521)
(1.370279333 0.1035976932 -0.0001891358058)
(1.349970174 0.06533814648 -6.961298052e-05)
(1.378466507 0.07320801165 0.05038230032)
(1.384133662 0.04101283911 -9.393418232e-05)
(1.384693789 0.01002690618 0.05132666537)
(1.354295032 0.03829970451 0.04591840145)
(1.356450346 0.009687182111 9.227824953e-05)
(1.385050978 0.01039514052 -4.41115175e-05)
(1.354911432 0.03678056577 -7.281482095e-05)
(1.383717757 0.04090770316 0.05107505623)
(1.441517627 0.1293885806 6.337961454e-05)
(1.452386695 0.08798870654 -0.06393427677)
(1.452526396 0.08833641136 4.080863058e-05)
(1.41306219 0.08036304823 6.315659167e-05)
(1.4021516 0.1160974073 -0.05514544382)
(1.402821817 0.1156660525 0.000103787147)
(1.41268871 0.08035988775 -0.05656927443)
(1.456748599 0.006372330182 4.251673024e-07)
(1.457151975 0.04662811058 -0.06452231158)
(1.457289669 0.04710712835 2.635994682e-05)
(1.418403366 0.04425234021 4.178307845e-05)
(1.418752065 0.008074056671 -0.05737032105)
(1.419205895 0.008385065674 -4.300297382e-06)
(1.418127773 0.04406654054 -0.05732825477)
(1.379160604 0.07317400611 0.0001247921763)
(1.342391803 0.09287738528 0.0002049131659)
(1.368813609 0.1041075071 -0.04892786052)
(1.349087887 0.06669309188 -0.04564175832)
(1.370284827 0.1035962178 0.0001912970983)
(1.349976809 0.06533719082 7.479281219e-05)
(1.378483594 0.07320184165 -0.05038662462)
(1.384140101 0.0410092461 9.793668082e-05)
(1.356452899 0.009683040868 -8.747390853e-05)
(1.384709618 0.01001666026 -0.05132829232)
(1.354298854 0.03829053203 -0.04592266421)
(1.385056266 0.01038994718 4.994853204e-05)
(1.354915637 0.03677815632 7.495768415e-05)
(1.383734999 0.04089787966 -0.05107923748)
(1.408096879 -0.09694697759 0.0008016220758)
(1.427706003 -0.1090108683 0.05931697601)
(1.371728497 -0.1227072951 0.05317871575)
(1.414984343 -0.1382644338 0.0001652859173)
(1.430267357 -0.1065790083 0.000201268282)
(1.400978004 -0.1257462844 0.0007271779753)
(1.389807424 -0.09517792672 0.05385442643)
(1.37373917 -0.04990500939 -9.200009966e-07)
(1.380947586 -0.02147517094 0.05054466661)
(1.348112599 -0.04080105282 0.04686461851)
(1.356620183 -0.01895044398 0.000117966638)
(1.381521381 -0.02109363904 -4.0514409e-05)
(1.355934758 -0.04274008955 5.402357489e-05)
(1.373933176 -0.04926692156 0.04924304643)
(1.45153828 -0.03314122941 -6.518843288e-05)
(1.409107322 -0.0618570213 -0.0005588551126)
(1.440865549 -0.07222085539 -0.06150315926)
(1.414441147 -0.02743601015 -0.05650281809)
(1.44212307 -0.07059630482 -0.0001850937222)
(1.416070776 -0.02716696974 -0.0001167990538)
(1.406526626 -0.06206547702 -0.05523230587)
(1.408077238 -0.09691902599 -0.000803390079)
(1.41498252 -0.1382426904 -0.0001718865069)
(1.427602123 -0.1088843861 -0.05931325935)
(1.371732018 -0.1226633765 -0.05318203086)
(1.430241127 -0.1065362332 -0.0002239766861)
(1.40097284 -0.1257287835 -0.0007309808973)
(1.389810548 -0.09511914095 -0.05386549296)
(1.37373946 -0.04990870597 5.834480352e-06)
(1.356622995 -0.01895090139 -0.0001194510798)
(1.380928683 -0.02150263232 -0.05054669984)
(1.348124655 -0.04080370832 -0.04686682586)
(1.38152137 -0.02110288038 4.024462812e-05)
(1.355938057 -0.0427403354 -4.961265101e-05)
(1.373932301 -0.0492799349 -0.04924416523)
(1.367679359 -0.1944638452 0.05105461149)
(1.350154559 -0.1511416715 0.04959634516)
(1.396232371 -0.1697291225 5.004260785e-05)
(1.375080343 -0.1979191149 -0.0001199764689)
(1.389463769 -0.1561315336 0.0003555332576)
(1.377953724 -0.178010147 -0.0004908505673)
(1.330005056 -0.1710097303 0.04881980837)
(0.738301418 0.2263969463 -0.04147959828)
(0.7959467292 0.2651089444 -0.03767458507)
(0.8087712443 0.2762538458 -0.003466620344)
(0.8497374757 0.2546092369 -0.0007246061255)
(0.8420979932 0.2852723188 -0.003201332388)
(0.8771776379 0.2620399583 -0.0009245222338)
(0.7647689228 0.2309460388 -0.03720894181)
(0.8087675117 0.2762448314 0.003461839599)
(0.7382906013 0.2263812981 0.04148145273)
(0.7959521207 0.2651124326 0.03767739267)
(0.8497321477 0.2546057995 0.0007194775231)
(0.8421000127 0.2852723025 0.003196657827)
(0.8771824566 0.2620423516 0.0009200582605)
(0.7647681091 0.2309527717 0.03721229456)
(1.043467951 0.2939188914 0.01253695619)
(1.115063864 0.2736125001 0.01548147807)
(1.192255851 0.3260269875 -0.003988402266)
(1.208306211 0.3372131933 0.0005491769193)
(1.202151055 0.3020081178 -0.005120453954)
(1.222178972 0.3148414226 -0.0009316330362)
(1.03746864 0.265202983 0.01262642856)
(1.192266074 0.3260206186 0.003993338838)
(1.043504219 0.2939138818 -0.01254071493)
(1.115094951 0.2735960088 -0.01548174263)
(1.208315744 0.337208374 -0.0005448540095)
(1.20215819 0.3019996135 0.005123730797)
(1.222186989 0.3148354015 0.0009348157824)
(1.03748745 0.2651907265 -0.0126289827)
(1.396242113 -0.1697237616 -4.133915757e-05)
(1.367701903 -0.1944656283 -0.05105397541)
(1.350192976 -0.1511464853 -0.0495965284)
(1.375083366 -0.1979242832 0.0001227867495)
(1.389463853 -0.1561362583 -0.0003525975503)
(1.377950881 -0.1780249593 0.0004906283538)
(1.330020139 -0.1710395818 -0.04881816361)
(0.2326200297 0.2274743394 0.01596754425)
(0.1346412735 0.132988218 0.01044339893)
(0.04450714587 0.0445952686 0.005897386983)
(0.2326340732 0.2274907446 -0.01596912795)
(0.1346505756 0.1329979666 -0.01044482085)
(0.04451071237 0.0445989612 -0.005898294761)
(-0.01842457469 0.02199867661 0.04470820212)
(-0.01288316362 0.01377264426 0.02925989794)
(-0.004636787017 0.005201166384 0.0166430096)
(-0.01840600841 0.02198153015 -0.04470647119)
(-0.01287252523 0.01376290764 -0.02925902958)
(-0.004633271918 0.005197864877 -0.01664281553)
(0.01638602089 0.07258771585 0.0001517155625)
(0.00748702113 0.04276527772 0.000160890561)
(0.001493141346 0.01444155512 0.0001671891101)
(0.009804868322 0.02479434647 -0.0535670447)
(0.003541593275 0.01442338317 -0.03444854774)
(0.001046563858 0.004728362502 -0.01970277736)
(0.009408898808 0.02464799338 0.0001865200507)
(0.003422541422 0.01431152481 0.0001863429432)
(9.618177531e-05 0.004763040605 0.0001839819347)
(0.01673458606 0.07278510212 -0.05209792093)
(0.007591506792 0.04291805205 -0.0333860649)
(0.002411099226 0.0143974002 -0.01913473323)
(-0.02975706865 0.04849187078 -0.0001836148124)
(-0.0179852157 0.02839165939 -0.0001740089441)
(-0.006436584666 0.009320610138 -0.0001563151699)
(0.2636246622 0.2005641608 0.02982769269)
(0.1528547445 0.1164250606 0.01894494086)
(0.05046236606 0.03883873307 0.01083201449)
(0.2635258214 0.1997980378 -0.0002071597978)
(0.1526873531 0.1160349337 -0.0001579818056)
(0.05066919563 0.03831584348 -0.0001394046145)
(0.03732369661 0.1115884486 0.0001715511573)
(0.02008873684 0.06686544344 0.000164239768)
(0.005853033201 0.02291845386 0.000162831966)
(0.03779937704 0.1120171475 -0.04774196351)
(0.02029453126 0.06717087936 -0.03017132504)
(0.006699187802 0.02283285595 -0.01730937374)
(0.01638578315 0.07258624607 -0.0001507721628)
(0.00748689601 0.04276437827 -0.0001602717682)
(0.001493120629 0.01444123461 -0.0001668299664)
(0.009803695158 0.02479262871 0.05356590211)
(0.003541121631 0.01442227877 0.03444772096)
(0.001046458045 0.004727956011 0.0197022901)
(0.009408685992 0.0246473586 -0.0001852964411)
(0.003422455345 0.01431110847 -0.0001855391505)
(9.618398346e-05 0.00476288358 -0.0001835136973)
(0.01673353935 0.07278139694 0.0520970168)
(0.007591007035 0.04291574519 0.03338540197)
(0.002410952597 0.01439658404 0.01913435982)
(0.03732329843 0.111586324 -0.0001708611496)
(0.02008848748 0.06686413807 -0.0001637866297)
(0.005852952246 0.02291799954 -0.0001625655631)
(0.03779789811 0.1120119749 0.04774144153)
(0.02029369615 0.06716767578 0.03017094139)
(0.006698907166 0.02283173375 0.01730916821)
(0.06539760867 0.1642777994 0.03588407773)
(0.03693584617 0.09667094718 0.0242450001)
(0.01219522961 0.03236306324 0.01386250748)
(-0.02398250338 0.06579839427 0.02974161621)
(-0.01409594749 0.03875269902 0.01997101932)
(-0.004451224776 0.01312492377 0.01132850848)
(-0.02398096971 0.06579562714 -0.02974099121)
(-0.01409518445 0.03875135961 -0.01997091592)
(-0.004451068847 0.01312448833 -0.01132869316)
(0.1674426074 0.2109030959 -8.560677599e-05)
(0.09736290519 0.1249141116 -0.0003156090583)
(0.03240064238 0.04206023467 -0.0002603655136)
(0.1667973362 0.2107161225 0.0001295642247)
(0.09697730266 0.1247009613 7.720347793e-05)
(0.03225546935 0.0419539926 4.82315419e-05)
(0.1463144805 0.218909664 -1.630514669e-05)
(0.08472125027 0.1279071952 -2.897316176e-05)
(0.02785828091 0.04280768784 -3.231962429e-05)
(0.1674383194 0.210892529 8.571130194e-05)
(0.09735950318 0.1249075962 0.0003156379839)
(0.03239902273 0.04205773341 0.0002603789929)
(0.1667926044 0.2107092788 -0.0001297841452)
(0.09697330049 0.1246954888 -7.731665185e-05)
(0.03225360375 0.04195154069 -4.83106475e-05)
(0.2319369861 0.2267093318 -2.714302491e-05)
(0.1340709092 0.1324161072 -3.819423221e-05)
(0.04445118491 0.04414861093 -4.514461813e-05)
(0.2319428402 0.2267165383 2.925057604e-05)
(0.1340751845 0.1324203912 3.985965341e-05)
(0.0444529488 0.04415033463 4.609756971e-05)
(-0.01845628365 0.02152593278 -0.0001979776629)
(-0.01278515974 0.01357474349 -0.0001895190629)
(-0.005139210455 0.004581633391 -0.0001755043957)
(-0.01845159786 0.0215203406 0.0001979124495)
(-0.01278238693 0.01357157006 0.0001894547544)
(-0.005138463712 0.004580773248 0.000175479422)
(-0.02798204715 0.06195143686 0.03551674901)
(-0.01668298721 0.03639617342 0.02236577179)
(-0.005418425783 0.01234146671 0.01275293012)
(-0.02950186442 0.04876970571 0.03688014477)
(-0.01796576279 0.02850860979 0.02503307749)
(-0.005884977085 0.009730566511 0.01423871718)
(0.282105684 0.1054274404 0.06400010436)
(0.1590398556 0.05895463684 0.04312637975)
(0.0510474111 0.01927041014 0.02460095414)
(0.01301121119 -0.004115600005 0.05073190859)
(0.004289296241 -0.001792600461 0.03448763107)
(0.0007041298963 6.464759666e-05 0.01961418823)
(0.05792369614 -0.02113909095 0.06163577168)
(0.02906288152 -0.01172578306 0.03906095317)
(0.008519596846 -0.003169337325 0.02234120981)
(0.06539822978 0.1642810891 -0.0358848868)
(0.03693582668 0.09667226963 -0.02424535595)
(0.01219505231 0.03236330109 -0.01386247708)
(0.09574722214 0.1899207625 -0.02712011982)
(0.05495340375 0.1132042838 -0.01750976163)
(0.01838431021 0.0383146706 -0.01009907273)
(0.1464305857 0.2191905077 -0.01134909172)
(0.08482636511 0.1281570386 -0.007619465266)
(0.02808880507 0.04280816561 -0.004358244912)
(0.09574525004 0.1899126976 0.02712250898)
(0.05495137397 0.1131982755 0.01751052103)
(0.01838336674 0.03831203029 0.01009910765)
(0.1464292804 0.2191874824 0.01134929496)
(0.08482587001 0.1281556095 0.007619543379)
(0.02808885515 0.04280793933 0.004358320671)
(-0.02797881119 0.06194349511 -0.0355192358)
(-0.01668105324 0.0363910349 -0.02236659247)
(-0.005417704131 0.01233957167 -0.01275294504)
(-0.02950236016 0.04876897167 -0.03687945325)
(-0.0179656739 0.02850822055 -0.02503280038)
(-0.005884905371 0.009730464162 -0.01423877449)
(0.3075498968 0.1453352293 0.05560961331)
(0.1767236069 0.08281957262 0.03564946598)
(0.05791303654 0.02755128946 0.02040668652)
(0.3075277996 0.1453285228 -0.05561456459)
(0.1767085333 0.08281372902 -0.03565126915)
(0.05790698067 0.0275488027 -0.02040695948)
(0.2820918264 0.1054219749 -0.06399794961)
(0.159032391 0.05895205009 -0.04312532656)
(0.05104447908 0.01926950935 -0.02460078291)
(0.07807552089 -0.0243262013 0.05889361375)
(0.03994817838 -0.01359398788 0.03980745505)
(0.01178469605 -0.003720479403 0.0226386642)
(0.07806398221 -0.02432055164 -0.0588913419)
(0.03994146083 -0.01359062477 -0.03980646068)
(0.01178275454 -0.003719556532 -0.02263855721)
(0.05790353071 -0.02113033724 -0.06163839021)
(0.02905010506 -0.0117203387 -0.03906117803)
(0.00851480416 -0.003167227199 -0.02234051205)
(-0.02802492832 0.06175165889 -9.993056564e-05)
(-0.01662834496 0.03628963452 -0.0001077706173)
(-0.005926873935 0.01204907622 -0.0001132873328)
(0.28235609 0.1054013695 -7.449166627e-05)
(0.1590581863 0.05905496732 -0.000135563022)
(0.05141977419 0.01820542283 -0.0001731948258)
(0.2833204852 0.07509721182 -0.0002689098743)
(0.1597808485 0.04223779146 -0.000243502627)
(0.05176303338 0.01303715054 -0.0002432776503)
(0.2833316236 0.07570086093 0.06721810845)
(0.1598218444 0.0424033679 0.04233074321)
(0.0514963058 0.01414670341 0.02415784151)
(0.1627058358 -0.01448306781 -0.0002552256803)
(0.08715840176 -0.008841425664 -0.0002500088432)
(0.0265347795 -0.003746162581 -0.0002473884396)
(0.2094154787 -0.009570819725 0.07779563681)
(0.1154530225 -0.00731756948 0.05027328088)
(0.03649700992 -0.002149838697 0.02881024908)
(0.2095966541 -0.009921856944 -0.0001477282186)
(0.1155740977 -0.007374605164 -0.0001920754766)
(0.0364236335 -0.00350797833 -0.0002225358702)
(0.162410585 -0.01398227068 0.07175378824)
(0.08695303562 -0.008684162061 0.04569249671)
(0.02660187899 -0.002489483804 0.02612306441)
(0.0130455646 -0.004695331318 -0.000248823874)
(0.004406101279 -0.001977379746 -0.0002378804513)
(0.0002474548019 -0.0007617475516 -0.0002145631277)
(0.05818610801 -0.02147590708 -0.0001412219002)
(0.02928471811 -0.01185670529 -0.0001644787964)
(0.008167678224 -0.004163585304 -0.0001819747111)
(0.06521611412 0.164099313 8.617267114e-05)
(0.0368821143 0.09648311016 0.0001074594903)
(0.01155230891 0.03249880377 0.0001141725871)
(0.06521637898 0.1640984464 -8.66293205e-05)
(0.03688260389 0.09648314852 -0.000107608736)
(0.01155264993 0.03249901725 -0.0001142165049)
(-0.02426438643 0.06563091131 -0.0001637913625)
(-0.01414201874 0.0386697728 -0.0001485919404)
(-0.004949369205 0.01291173488 -0.0001315732855)
(-0.02426400056 0.0656299953 0.0001642781886)
(-0.01414195657 0.03866940822 0.0001489544197)
(-0.004949443843 0.01291168947 0.0001318012625)
(0.09513438156 0.1895197652 0.0001603708437)
(0.05463314445 0.1128740007 0.0001323827306)
(0.01784696794 0.03836836829 0.0001175161486)
(0.146314328 0.2189098908 1.587110176e-05)
(0.08472045498 0.1279064482 2.880387617e-05)
(0.02785789043 0.04280735767 3.225615497e-05)
(0.09513295955 0.1895135506 -0.0001605604047)
(0.05463170523 0.1128690391 -0.0001323568778)
(0.01784624367 0.03836607934 -0.0001174625734)
(0.276366908 0.1794936101 0.04174315787)
(0.1592916061 0.1039197825 0.02820673767)
(0.05231511743 0.0345787865 0.01603204981)
(0.2636108845 0.2005566616 -0.02983130837)
(0.1528448125 0.1164184658 -0.01894640094)
(0.05045815133 0.03883567215 -0.01083236926)
(0.2635164773 0.1997918764 0.0002083822346)
(0.1526792547 0.1160292795 0.0001587279506)
(0.05066552032 0.03831316797 0.0001398260234)
(0.2763633441 0.17949323 -0.04174426471)
(0.1592899653 0.1039196664 -0.02820757079)
(0.05231481369 0.03457891355 -0.01603272365)
(0.2765102013 0.1794987988 3.997772623e-05)
(0.1592252821 0.1039581845 8.061923791e-05)
(0.05266768 0.03394513456 0.0001103225079)
(-0.02457666914 0.03495796588 0.04305404425)
(-0.01527233833 0.02073490464 0.02694218225)
(-0.005064903235 0.007247751549 0.01536997849)
(0.001335624354 0.003172617299 0.05295201377)
(-0.001869184014 0.002732152815 0.03317232817)
(-0.001117681345 0.001583046423 0.01894009207)
(-0.02462366823 0.03475404047 -0.0001303049736)
(-0.01522477985 0.02064693297 -0.0001346975461)
(-0.005606416933 0.006780727946 -0.0001391268638)
(0.001457549597 0.002768477386 -0.0001620687675)
(-0.001719238351 0.00253797755 -0.0001656427993)
(-0.001587684993 0.0008107111821 -0.0001699474839)
(0.01300333145 -0.004113582455 -0.05072816343)
(0.00428464421 -0.001790629186 -0.03448529774)
(0.0007026339685 6.551470908e-05 -0.01961312594)
(0.01304175166 -0.004694039803 0.0002460534591)
(0.00440357169 -0.001976156828 0.0002359268441)
(0.000246405153 -0.0007610454335 0.0002134178965)
(-0.02457693421 0.0349606113 -0.04305687399)
(-0.01527254673 0.02073555649 -0.02694287427)
(-0.005064968123 0.00724771691 -0.01536973922)
(0.001335228809 0.003167479138 -0.05295313116)
(-0.001868044937 0.002728889027 -0.0331716248)
(-0.001116821748 0.001581883631 -0.01893883673)
(-0.0246233512 0.0347544549 0.0001294628935)
(-0.01522454585 0.02064683029 0.0001342018053)
(-0.005606343885 0.006780616752 0.0001388619065)
(0.001456710175 0.002768259651 0.0001587079054)
(-0.001719901926 0.002538072017 0.0001635429786)
(-0.001587968013 0.000810923096 0.0001687049395)
(-0.02802344242 0.0617475725 9.962076601e-05)
(-0.01662732911 0.03628687146 0.0001076528688)
(-0.005926454696 0.01204795154 0.0001132319185)
(-0.02975767488 0.04849173503 0.0001836144892)
(-0.01798555327 0.02839175825 0.0001739967273)
(-0.006436740122 0.009320735191 0.0001563108242)
(0.2765114979 0.1794986196 -3.809472695e-05)
(0.1592251715 0.1039575764 -7.946036409e-05)
(0.05266758316 0.03394487037 -0.0001096888273)
(0.307405744 0.1445997313 -0.0002021062774)
(0.1765209488 0.0825774289 -0.000197505956)
(0.05821472344 0.02662682423 -0.0002013631872)
(0.3073912936 0.1445953662 0.0002026808596)
(0.1765101243 0.08257348775 0.0001977841147)
(0.05821004975 0.02662501142 0.000201501718)
(0.2731404868 0.0375127048 -0.0001167190689)
(0.1532472594 0.01975561715 -0.0001669606686)
(0.04925458237 0.005493363816 -0.0002044387425)
(0.2511185944 0.02526151264 0.07145049051)
(0.1400906185 0.01312284358 0.04585276541)
(0.04465931998 0.004441630076 0.02616674228)
(0.2511676408 0.02478210507 -0.0002691299633)
(0.140083534 0.01300955714 -0.000258131559)
(0.04475138269 0.003203402041 -0.0002546542535)
(0.2730421505 0.03781149454 0.07437111037)
(0.1532287093 0.01977416335 0.04788366164)
(0.04910186027 0.006765782067 0.02742716125)
(0.2823492393 0.1053989641 7.467997255e-05)
(0.1590547561 0.05905393993 0.0001355100012)
(0.05141829219 0.01820510141 0.0001731204125)
(0.2833163556 0.07509545702 0.0002664825957)
(0.1597782671 0.04223687068 0.0002418947664)
(0.05176202931 0.01303689388 0.0002423257049)
(0.283323588 0.07569617985 -0.06721578204)
(0.1598169069 0.04240116552 -0.04232912201)
(0.0514946432 0.01414610063 -0.02415690231)
(0.2731396548 0.03751230201 0.0001149209095)
(0.1532465361 0.01975542766 0.0001657709746)
(0.04925423013 0.005493344484 0.0002037444434)
(0.2511204706 0.02526108824 -0.07144931533)
(0.1400920351 0.0131227198 -0.04585190335)
(0.04465978452 0.004441619661 -0.02616623809)
(0.251166421 0.02478214851 0.0002677949678)
(0.1400823215 0.01300951207 0.0002572563552)
(0.04475066214 0.003203382285 0.0002541479094)
(0.2730431301 0.03781011907 -0.07436937693)
(0.1532296683 0.01977373252 -0.04788242539)
(0.04910239075 0.006765757013 -0.02742645805)
(0.07837728071 -0.02505372599 -0.0002970411171)
(0.04020035025 -0.01381221721 -0.0002777090864)
(0.01152112227 -0.004778015832 -0.0002514249333)
(0.1249872196 -0.02665904231 -0.0001498736872)
(0.06592529285 -0.01550384987 -0.0001812970964)
(0.01970465742 -0.005668780696 -0.0002057230879)
(0.1247293997 -0.02636377083 0.0719621609)
(0.06574640229 -0.01542040525 0.04529386122)
(0.01995145691 -0.004471524096 0.02594986148)
(0.1627044998 -0.0144826048 0.0002549544803)
(0.08715754104 -0.008841213171 0.0002498419436)
(0.02653420841 -0.003746048701 0.0002472953619)
(0.2094180128 -0.009571368737 -0.07779496639)
(0.1154541298 -0.007317857069 -0.05027274708)
(0.03649754891 -0.002149923507 -0.02880992868)
(0.2095953897 -0.00992171404 0.0001469472535)
(0.1155720639 -0.007374479883 0.000191579095)
(0.03642275053 -0.003507886264 0.0002222482666)
(0.1624120721 -0.01398210617 -0.07175352972)
(0.08695384655 -0.008684113593 -0.04569224331)
(0.02660219877 -0.002489506201 -0.02612293317)
(0.07837170743 -0.02505125616 0.0002968840991)
(0.04019735769 -0.01381088276 0.0002775535992)
(0.01152006563 -0.00477759798 0.0002513394412)
(0.1249847888 -0.02665798653 0.0001495146919)
(0.06592341403 -0.01550322741 0.0001810942083)
(0.01970370921 -0.005668491015 0.0002056096754)
(0.1247285071 -0.02636273558 -0.07196197377)
(0.06574571456 -0.01542000024 -0.04529370943)
(0.01995125855 -0.004471447876 -0.02594980548)
(0.05817512092 -0.02147100659 0.0001389324174)
(0.02927712591 -0.01185322751 0.0001630270588)
(0.008164498568 -0.004162069286 0.0001811285728)
)
;

boundaryField
{
    inlet
    {
        type            fixedValue;
        value           uniform (1 0 0);
    }
    outlet
    {
        type            zeroGradient;
    }
    topAndBottom
    {
        type            symmetry;
    }
    frontAndBack
    {
        type            empty;
    }
    cylinder
    {
        type            noSlip;
    }
    procBoundary2to0
    {
        type            processor;
        value           nonuniform List<vector> 
75
(
(0.999962865 -8.439181885e-05 0)
(0.9996530438 -0.0002497753523 1.240690315e-22)
(0.9990126305 -0.000422456418 7.484006529e-23)
(0.997993307 -0.0006406979069 4.989692301e-23)
(0.9964715434 -0.000943737898 7.686705271e-23)
(0.9942621811 -0.001320194743 -1.043107089e-22)
(0.9912666385 -0.001706735739 -5.533981716e-23)
(0.9875427586 -0.002050523977 -3.300297894e-24)
(0.9832028914 -0.002362208373 2.520488558e-22)
(0.9782643887 -0.002706858558 -1.201662037e-22)
(0.9725852244 -0.003161183921 1.201157772e-22)
(0.9658839536 -0.003790413666 -1.336554777e-22)
(0.9577641883 -0.004659750109 9.91640096e-23)
(0.9476968974 -0.00586306409 0)
(0.9349174905 -0.007553307629 0)
(0.9183651664 -0.009989574677 4.443724832e-23)
(0.8961325454 -0.01359341982 0)
(0.866301406 -0.01912644236 -9.114022008e-22)
(0.8210346421 -0.02789699263 -3.270829241e-07)
(0.7735379405 -0.02331908084 -0.0282591154)
(0.6427943751 -0.01676258367 -0.05996576375)
(0.5180745246 -0.02981230078 -0.07810566117)
(0.1791607896 -0.06170656167 -0.1006874098)
(0.1791630066 -0.06170365105 0.1006853025)
(0.2879696485 -0.05314143457 -0.09535093421)
(0.5180746191 -0.02980209398 0.07810497757)
(0.2879800841 -0.0531417891 0.09534877168)
(0.1798395338 -0.06145222878 -0.0002036698121)
(0.04782560734 -0.05786093075 -0.1010117287)
(0.04753993275 -0.05759026 6.825035026e-05)
(0.1798405143 -0.06145097827 0.0002066624414)
(0.04782202015 -0.05785805051 0.1010102665)
(0.04753926089 -0.05758923801 -6.593241039e-05)
(0.5687912506 -0.02503511605 -0.07293456064)
(0.6427894822 -0.01674621687 0.05996698762)
(0.5688054507 -0.02502218711 0.07293331469)
(0.4560844304 -0.03586580995 -0.08367507021)
(0.5223004495 -0.02968726057 -0.0003484789444)
(0.458159381 -0.035750503 -0.0001858373288)
(0.2883316732 -0.05300326421 -9.664582051e-05)
(0.3805556075 -0.04359155503 -0.08954220889)
(0.3816517095 -0.04347241272 -0.0001139574112)
(0.5223009624 -0.02968417811 0.0003505608707)
(0.4560813947 -0.03586161012 0.08367414669)
(0.4581590053 -0.03574890108 0.0001864933779)
(0.2883354979 -0.05300286568 9.869326729e-05)
(0.3805609837 -0.04359109418 0.08954068286)
(0.3816539315 -0.04347186259 0.0001151797943)
(0.7267140646 -0.02639446718 -0.03104281835)
(0.7735427419 -0.02331895898 0.02825897768)
(0.7267142644 -0.02639357961 0.03104278415)
(0.6387440883 -0.01827350109 -0.06402556594)
(0.7331490086 -0.01983729636 -0.0006452954623)
(0.6713429754 -0.01916031286 -0.003100296802)
(0.5770212191 -0.02490789874 -0.0007810415856)
(0.6101962355 -0.02123085621 -0.06824936293)
(0.6245182126 -0.02125276654 -0.001914763494)
(0.7331491726 -0.01983240709 0.0006462713469)
(0.6387417666 -0.01826178379 0.06402529725)
(0.6713430652 -0.01915649872 0.00310042936)
(0.5770260548 -0.02490381566 0.0007834040348)
(0.610203787 -0.02121916863 0.06824868757)
(0.6245208553 -0.02124912378 0.001915241194)
(0.009808933364 -0.02481961925 -0.05356631644)
(0.00354394431 -0.01443834367 -0.03444808626)
(0.001047330158 -0.004733381719 -0.01970255683)
(0.009412968578 -0.02467312634 0.0001865058529)
(0.003424883942 -0.01432638109 0.0001863317956)
(9.69594643e-05 -0.004768081046 0.0001839743913)
(0.009807753957 -0.02481775868 0.05356520611)
(0.003543464807 -0.01443714758 0.03444728322)
(0.001047222224 -0.004732941389 0.01970208382)
(0.009412754702 -0.02467242826 -0.0001852883798)
(0.003424795364 -0.01432592425 -0.0001855327192)
(9.696032887e-05 -0.004767909088 -0.000183509096)
)
;
    }
    procBoundary2to3
    {
        type            processor;
        value           nonuniform List<vector> 
103
(
(1.250695435 -0.1110943162 -2.155600527e-07)
(1.250695435 -0.1110943162 -2.155600527e-07)
(1.250695435 -0.1110943162 -2.155600527e-07)
(1.250695435 -0.1110943162 -2.155600527e-07)
(1.250695435 -0.1110943162 -2.155600527e-07)
(1.250695435 -0.1110943162 -2.155600527e-07)
(1.201266364 -0.07867997053 7.98576754e-07)
(1.16385279 -0.05387377488 -6.60888995e-22)
(1.136495282 -0.03984928977 -4.021454341e-22)
(1.115773802 -0.02906706118 1.322468575e-22)
(1.099688922 -0.02197890287 5.291013111e-24)
(1.087123606 -0.01676745906 8.242871808e-23)
(1.077167114 -0.01298769721 -2.563441936e-23)
(1.069210464 -0.01016900843 -8.000176805e-24)
(1.062796677 -0.008025092768 1.710935841e-23)
(1.057600784 -0.006371236725 1.151978836e-23)
(1.053371036 -0.005070694355 1.073631107e-23)
(1.049930003 -0.00403512469 7.606769256e-24)
(1.047142122 -0.003194432747 5.639108718e-24)
(1.044901875 -0.002500469026 0)
(1.043133617 -0.001917484781 1.419694518e-24)
(1.041779811 -0.001414918489 -3.797198066e-24)
(1.040797937 -0.0009722408283 -9.867746546e-24)
(1.0401591 -0.0005663545232 1.096911775e-23)
(1.039843333 -0.0001871813907 -1.846249703e-23)
(-0.06984340987 0.1585688961 -4.546899572e-05)
(-0.0671678015 0.1533719801 0.06890539277)
(-0.07037646803 0.1592338746 0.07292004075)
(-0.06730732997 0.1530301325 0.0001434037405)
(-0.04490581826 0.123164184 0.05369343733)
(-0.04535012334 0.1230657975 -0.0001758510852)
(-0.04490372782 0.1231597411 -0.05369311991)
(-0.04534813538 0.1230633661 0.0001768406342)
(-0.02549359741 0.1312170153 6.192064207e-05)
(-0.02549359741 0.1312170153 6.192064207e-05)
(-0.02553744062 0.131443957 0.07816906656)
(-0.02553744062 0.131443957 0.07816906656)
(0.1658721343 0.02483238494 0.07877136929)
(0.1661345422 0.02466287797 6.002982393e-07)
(-0.06984836887 0.158566521 4.488925003e-05)
(-0.06715923116 0.1533614377 -0.06890698283)
(-0.07039024376 0.1592279577 -0.07291936516)
(-0.06730468048 0.1530265724 -0.0001441356809)
(-0.02549781687 0.1312172323 -6.254449679e-05)
(-0.02549781687 0.1312172323 -6.254449679e-05)
(-0.02555071173 0.131444651 -0.07816851799)
(-0.02555071173 0.131444651 -0.07816851799)
(0.1658156558 0.02486646983 -0.07877469015)
(0.1661154707 0.02467259357 -8.033992779e-06)
(0.3528894312 -0.07813258798 0.08031063092)
(0.3533070286 -0.07811116239 4.06263272e-05)
(0.5962171785 -0.1814814511 3.860345971e-05)
(0.5956526522 -0.1816106153 0.08002811964)
(0.8553508908 -0.2612866749 5.20519582e-05)
(1.082626898 -0.3062356044 0.0741416823)
(1.083240805 -0.3057137817 5.944553902e-05)
(0.8548162592 -0.2616038563 0.0781929961)
(0.3528506799 -0.078106817 -0.08030188136)
(0.3532924899 -0.07810463373 -3.235692507e-05)
(0.5962277045 -0.1814889664 -3.739931508e-05)
(0.5956846308 -0.1816397027 -0.08002833109)
(0.8553558366 -0.2612887084 -5.332646042e-05)
(1.082639314 -0.3062355653 -0.07414081113)
(1.083244943 -0.3057152258 -6.057186881e-05)
(0.8548263568 -0.2616104384 -0.07819103445)
(1.243910022 -0.3162041479 0.06863165252)
(1.244703586 -0.3152789017 9.574521292e-05)
(1.333462888 -0.3013922106 0.0001266932177)
(1.332334463 -0.303713265 0.06293575233)
(1.325539901 -0.2188552317 0.02625164987)
(1.325539901 -0.2188552317 0.02625164987)
(1.325539901 -0.2188552317 0.02625164987)
(1.325539901 -0.2188552317 0.02625164987)
(1.288671216 -0.1765171655 0.02286854473)
(1.325529351 -0.218871508 -0.02625281832)
(1.325529351 -0.218871508 -0.02625281832)
(1.325529351 -0.218871508 -0.02625281832)
(1.325529351 -0.218871508 -0.02625281832)
(1.288653529 -0.1765226972 -0.02287104666)
(1.368883549 -0.2762162515 0.0004427962993)
(1.343275134 -0.248227997 0.05313527382)
(1.38606269 -0.2558247416 0.001779047385)
(1.361850503 -0.2800316249 0.05768815937)
(1.243954439 -0.3162249817 -0.06863124382)
(1.244710437 -0.3152857515 -8.578929714e-05)
(1.333471561 -0.3013948886 -0.0001220894241)
(1.332369123 -0.3037293934 -0.06293975385)
(1.368886712 -0.2762166103 -0.0004415629428)
(1.343241406 -0.2482214256 -0.05313522271)
(1.386077445 -0.2558303689 -0.001781820832)
(1.361857067 -0.280031969 -0.05768858156)
(-0.01727226778 0.05685971256 0.02711973805)
(-0.009708783601 0.03415529741 0.01681079386)
(-0.002939028318 0.01176598621 0.009555175248)
(-0.01727244513 0.0568615551 -0.02712027342)
(-0.009709037057 0.03415660298 -0.01681110428)
(-0.002939161776 0.0117664831 -0.009555361857)
(-0.01734002328 0.05657516044 -9.930772135e-05)
(-0.009695944803 0.03396876454 -9.629234996e-05)
(-0.003355926797 0.01157418811 -9.316103761e-05)
(-0.01734004163 0.05657633024 9.984235252e-05)
(-0.009696045339 0.03396952569 9.664330945e-05)
(-0.003356020665 0.01157457078 9.336905254e-05)
)
;
    }
}


// ************************************************************************* //
