/*--------------------------------*- C++ -*----------------------------------*\
| =========                 |                                                 |
| \\      /  F ield         | OpenFOAM: The Open Source CFD Toolbox           |
|  \\    /   O peration     | Version:                                        |
|   \\  /    A nd           | Website:  www.openfoam.com                      |
|    \\/     M anipulation  |                                                 |
\*---------------------------------------------------------------------------*/
FoamFile
{
    version     2.0;
    format      ascii;
    class       surfaceScalarField;
    location    "7.8";
    object      phi;
}
// * * * * * * * * * * * * * * * * * * * * * * * * * * * * * * * * * * * * * //

dimensions      [0 3 -1 0 0 0 0];
oriented        oriented;


internalField   nonuniform List<scalar> 
6016
(
0.01968206359
-2.313399154e-05
0.01971201648
-2.995288769e-05
0.01974904975
-3.703326868e-05
0.01979347507
-4.442531635e-05
0.01984563963
-5.216456523e-05
0.01990587827
-6.023863697e-05
0.01997438278
-6.850451119e-05
0.02005060817
-7.622539215e-05
0.02013024047
-7.963230941e-05
0.02019457766
-6.433718816e-05
0.02024162349
-4.70458334e-05
0.020297998
-5.637451347e-05
0.0203620451
-6.404710267e-05
0.02043167805
-6.963295433e-05
0.02050630911
-7.463105445e-05
0.02058551291
-7.920380153e-05
0.02066874773
-8.323482644e-05
0.02075532752
-8.657978738e-05
0.02084441606
-8.908853444e-05
0.02093503038
-9.061432483e-05
0.02102605207
-9.102169473e-05
0.02111624672
-9.019465148e-05
0.02120424167
-8.799495044e-05
0.02128824965
-8.400798125e-05
0.02136664428
-7.839463405e-05
0.02143995447
-7.331018592e-05
-6.69273691e-05
0.01999226203
-2.483242389e-05
0.01999875429
-3.644514339e-05
0.02000999681
-4.827578909e-05
0.02002592691
-6.035541367e-05
0.0200464163
-7.26539574e-05
0.02007118051
-8.500284938e-05
0.02009958874
-9.691274719e-05
0.02013046063
-0.00010709729
0.02016304236
-0.0001122140493
0.02020398698
-0.0001052818063
0.02025332855
-9.638740645e-05
0.02030049581
-0.0001035417832
0.02036246476
-0.000126016052
0.02043207236
-0.000139240555
0.02050701913
-0.000149577829
0.02058667982
-0.0001588644857
0.02067051223
-0.0001670672381
0.02075783538
-0.0001739029425
0.02084781247
-0.0001790656276
0.02093945127
-0.0001822531289
0.02103161595
-0.0001831863765
0.02112304522
-0.000181623921
0.0212123362
-0.0001772859359
0.02129768795
-0.0001693597334
0.02137743361
-0.0001581403027
0.02145199441
-0.000147870999
-0.0001350201686
0.01998925757
-2.606329152e-05
0.01999512347
-4.231104151e-05
0.02000555234
-5.870466346e-05
0.02002045213
-7.525519653e-05
0.02003967516
-9.187699866e-05
0.02006297113
-0.0001082988195
0.02008997084
-0.0001239124604
0.02012041194
-0.0001375383955
0.02015551613
-0.0001473182448
0.02020103569
-0.0001508013681
0.020255235
-0.0001505867181
0.0203038243
-0.0001521310913
0.02036311769
-0.0001853094424
0.02043238886
-0.0002085117236
0.02050795827
-0.0002251472377
0.02058859504
-0.0002395012592
0.02067369394
-0.0002521661452
0.02076258213
-0.0002627911343
0.02085441811
-0.0002709016035
0.02094818876
-0.0002760237858
0.02104271962
-0.0002777172368
0.02113669399
-0.0002755982903
0.02122863888
-0.0002692308287
0.02131668742
-0.0002574082772
0.02139913031
-0.0002405831964
0.02147617147
-0.00022491217
-0.0002053455361
0.01998650544
-2.688452843e-05
0.01999181077
-4.761637194e-05
0.02000152964
-6.842353751e-05
0.02001559308
-8.931863314e-05
0.02003392294
-0.0001102068634
0.02005644252
-0.0001308184005
0.02008316799
-0.0001506379391
0.02011450546
-0.0001688758699
0.02015185566
-0.0001846684404
0.02019860467
-0.0001975503852
0.02025897189
-0.0002109539423
0.02032299349
-0.0002161526956
0.02037124222
-0.0002335581674
0.02043380409
-0.0002710736022
0.0205089268
-0.0003002699489
0.02059092939
-0.0003215038486
0.02067795868
-0.0003391954425
0.02076924282
-0.0003540752731
0.02086393267
-0.0003655914526
0.02096098308
-0.0003730742012
0.02105916107
-0.0003758952346
0.02115706324
-0.0003735004602
0.02125310739
-0.0003652749806
0.0213453141
-0.0003496149897
0.02143186649
-0.0003271355845
0.02151270901
-0.0003057546968
-0.0002790886848
0.01998409365
-2.274637315e-05
0.01998891321
-5.243593892e-05
0.01999802326
-7.753358829e-05
0.02001140652
-0.0001027018935
0.0200290874
-0.000127887745
0.02005116332
-0.0001528943259
0.02007790282
-0.0001773774374
0.02010991846
-0.000200891515
0.02014831712
-0.0002230671003
0.02019470031
-0.0002439335798
0.02025182098
-0.0002680746159
0.02032670072
-0.0002910324349
0.02039374483
-0.0003006022859
0.02044353621
-0.0003208649853
0.02051067288
-0.0003674066187
0.02059324373
-0.0004040746974
0.02068278462
-0.0004287363342
0.02077731534
-0.0004486059996
0.02087589557
-0.0004641716825
0.02097743953
-0.0004746181677
0.02108063483
-0.00047909054
0.02118395895
-0.0004768245766
0.02128567441
-0.0004669904459
0.0213836364
-0.000447576981
0.02147586008
-0.0004193592616
0.02156195883
-0.0003918534631
-0.0003575477047
0.02000286064
-4.80790939e-06
0.01998645539
-3.603069477e-05
0.01999501143
-8.608962881e-05
0.02000778337
-0.0001154738334
0.02002488418
-0.0001449885642
0.02004653614
-0.000174546284
0.02007313311
-0.0002039744109
0.02010531116
-0.0002330695639
0.02014395002
-0.0002617059657
0.02018999118
-0.0002899747363
0.02024365333
-0.0003217367697
0.02030933553
-0.0003567146349
0.02039371004
-0.0003849767995
0.02046680481
-0.0003939597585
0.0205155038
-0.000416105615
0.02059526376
-0.0004838346651
0.02068745824
-0.0005209308167
0.02078605494
-0.0005472026956
0.02088961262
-0.0005677293711
0.02099695596
-0.0005819615055
0.02110666941
-0.0005888039922
0.02121707193
-0.0005872271018
0.02132621766
-0.0005761361764
0.02143173209
-0.000553091416
0.0215313924
-0.0005190195753
0.02162439136
-0.0004848524304
-0.0004421844363
0.02002465632
-6.673728315e-06
0.02002473794
-3.611232044e-05
0.02000455659
-6.590827718e-05
0.02000455018
-0.0001154674284
0.02002098403
-0.0001614224202
0.02004203497
-0.0001955972178
0.02006814831
-0.0002300877592
0.0200999495
-0.0002648707453
0.02013819492
-0.0002999513879
0.020183655
-0.0003354348249
0.02023629234
-0.0003743741104
0.02029642191
-0.0004168442045
0.02036844051
-0.0004569954052
0.02045155687
-0.000477076121
0.02051804718
-0.0004825959298
0.02059665628
-0.000562443765
0.02069149717
-0.0006157717115
0.02079458058
-0.0006502861068
0.02090416009
-0.0006773088879
0.02101869546
-0.0006964968754
0.02113658164
-0.0007066901741
0.0212559308
-0.0007065762615
0.02137451897
-0.0006947243495
0.02148965941
-0.0006682318569
0.02159880222
-0.0006281623901
0.0217006027
-0.0005866529135
-0.0005346855186
0.02002676904
-8.427767632e-06
0.02003187672
-4.12200097e-05
0.02004046916
-7.450072187e-05
0.02003383858
-0.0001088368511
0.02001708844
-0.0001446722731
0.02003722729
-0.0002157360754
0.02006243164
-0.0002552921022
0.02009331683
-0.0002957559423
0.02013059467
-0.0003372292253
0.02017500441
-0.0003798445603
0.02022672406
-0.0004260937696
0.02028591271
-0.0004760328597
0.02035541887
-0.000526501566
0.02044813706
-0.0005697943127
0.02055020466
-0.0005846635322
0.02061180811
-0.0006240472163
0.02069919033
-0.0007031539357
0.02080293291
-0.0007540286916
0.02091847442
-0.0007928504027
0.02104161812
-0.0008196405784
0.02116953427
-0.0008346063216
0.02129996865
-0.0008370106395
0.02143033659
-0.0008250922966
0.02155753354
-0.0007954288071
0.02167856638
-0.0007491952252
0.021791402
-0.000699488541
-0.0006370203779
0.02002909932
-1.002459268e-05
0.020033515
-4.563569365e-05
0.02004095057
-8.193629443e-05
0.02005175537
-0.0001196416496
0.02006636443
-0.0001592813414
0.02005186228
-0.0002012339204
0.0200555787
-0.0002590085187
0.02008496536
-0.0003251426034
0.02012067564
-0.0003729395118
0.02016347829
-0.0004226472099
0.02021376826
-0.0004763837393
0.02027189696
-0.0005341615593
0.02033901356
-0.000593618174
0.02042250288
-0.0006532836314
0.0205417721
-0.0007039327582
0.02065301326
-0.0007352883828
0.02072629024
-0.0007764309157
0.02081694948
-0.0008446879359
0.02093210878
-0.0009080097052
0.02106433426
-0.0009518660586
0.02120436285
-0.0009746349078
0.02134840905
-0.0009810568458
0.02149334033
-0.0009700235719
0.0216355022
-0.0009375906844
0.02177130603
-0.000884999056
0.02189783349
-0.000826016003
-0.0007515113588
0.02003166105
-1.139924987e-05
0.02003515279
-4.912743201e-05
0.02004107893
-8.786244547e-05
0.02004993909
-0.0001285018094
0.02006230413
-0.0001716463784
0.02007874714
-0.0002176769268
0.02008660328
-0.0002668646656
0.02008087747
-0.0003194167901
0.02010794529
-0.0004000073336
0.02014844832
-0.0004631502387
0.02019662022
-0.0005245556405
0.02025308541
-0.0005906267574
0.02031881368
-0.0006593464493
0.0203955003
-0.0007299702529
0.02049106269
-0.0007994951534
0.0206100866
-0.0008543122886
0.02072071959
-0.0008870639077
0.02083140594
-0.000955374294
0.02094464305
-0.001021246811
0.02108520187
-0.001092424877
0.02123941002
-0.001128843066
0.02140004537
-0.00114169219
0.02156291305
-0.001132891253
0.02172358931
-0.001098266945
0.02187767725
-0.001039086996
0.02202110873
-0.0009694474883
-0.0008809297789
0.02003446567
-1.243192612e-05
0.02003669415
-5.135591783e-05
0.02004065574
-9.18240337e-05
0.02004708727
-0.0001349333412
0.02005671081
-0.0001812699212
0.02007018748
-0.0002311536015
0.02008812645
-0.0002848036274
0.02011125389
-0.0003425442368
0.02011577796
-0.0004045313976
0.02012925736
-0.0004766296436
0.02017439436
-0.000569692643
0.02022825844
-0.0006444908433
0.02029210222
-0.0007231902274
0.02036731037
-0.000805178413
0.0204569662
-0.0008891509806
0.02057166668
-0.0009690127715
0.0207097056
-0.001025102831
0.02081976646
-0.001065435154
0.02094923956
-0.001150719914
0.02110146994
-0.001244655251
0.02127257093
-0.001299944054
0.02145335116
-0.001322472419
0.0216382819
-0.001317821997
0.0218218596
-0.001281844643
0.02199856351
-0.00121579091
0.02216281138
-0.001133695361
-0.001028591857
0.02003785188
-1.282940869e-05
0.02003830781
-5.181185147e-05
0.02003975348
-9.326971381e-05
0.02004328964
-0.0001384694952
0.02004977527
-0.0001877555569
0.02005979892
-0.0002411772499
0.02007346168
-0.0002984663925
0.02009255359
-0.0003616361501
0.02011746321
-0.0004294410136
0.02014339386
-0.0005025602955
0.02015517372
-0.0005814725042
0.02019619303
-0.0006855101578
0.02025686172
-0.0007838589227
0.02032995113
-0.0008782678252
0.02041748116
-0.0009766810128
0.02052408128
-0.001075612887
0.02065804409
-0.001159065648
0.0208045596
-0.001211950658
0.02096052931
-0.001306689629
0.02111418058
-0.001398306518
0.02130147803
-0.001487241507
0.02150632281
-0.001527317195
0.02171847146
-0.001529970652
0.02193048502
-0.0014938582
0.02213522101
-0.001420526896
0.0223250759
-0.00132355025
-0.001198453018
0.02004395471
-1.236012671e-05
0.02004216794
-5.002508014e-05
0.02004096714
-9.206892119e-05
0.02004190364
-0.0001394059982
0.02004565844
-0.000191510356
0.02005167141
-0.0002471902192
0.02005738149
-0.0003041764715
0.02007071224
-0.0003749669106
0.02009045349
-0.0004491822626
0.02011594364
-0.0005280504414
0.02014990405
-0.0006154329258
0.0201740836
-0.0007096897052
0.02021138736
-0.0008211626907
0.02028062641
-0.0009475068766
0.02036590444
-0.001061959046
0.02047146836
-0.001181176806
0.02060992538
-0.001297522672
0.02078462537
-0.00138665064
0.02093454179
-0.001456606051
0.02111236653
-0.001576131262
0.02132179396
-0.001696668938
0.02155613303
-0.001761656262
0.02180208922
-0.001775926842
0.02204965326
-0.001741422232
0.02228928481
-0.001660158446
0.02251063384
-0.001544899287
-0.00139519025
0.02005192602
-1.154154982e-05
0.02004829692
-4.639598765e-05
0.02004553918
-8.931118052e-05
0.02004603971
-0.0001399065324
0.02004904433
-0.0001945149776
0.02005089012
-0.0002490360116
0.02004729761
-0.0003005839655
0.02005284083
-0.0003805101287
0.02006536998
-0.0004617114186
0.02007884398
-0.0005415244412
0.0201042081
-0.0006407970457
0.02014033033
-0.0007458119397
0.02017756381
-0.0008583961737
0.02021693472
-0.0009868777962
0.02029744332
-0.001142467642
0.02039942995
-0.001283163438
0.02052975683
-0.001427849555
0.02070016273
-0.001557056536
0.02089517767
-0.00165162099
0.02111022411
-0.001791177701
0.02133275137
-0.001919196199
0.02159943031
-0.002028335198
0.02188735408
-0.00206385061
0.02217977752
-0.002033845674
0.02246313723
-0.001943518154
0.02272323595
-0.001804998024
-0.001624313708
0.02004609174
-5.788197007e-06
0.02003869238
-3.899662679e-05
0.02003055683
-8.117563105e-05
0.02002753437
-0.0001368840755
0.02002806841
-0.0001950490196
0.0200311589
-0.0002521265072
0.02003713208
-0.0003065571462
0.02004598075
-0.0003893588076
0.02005086398
-0.0004665946509
0.02004831023
-0.0005389706895
0.02006081446
-0.0006533012773
0.02008549331
-0.0007704908036
0.02011565826
-0.0008885611229
0.0201627641
-0.001033983633
0.02020890438
-0.001188607922
0.02030506295
-0.001379322015
0.02043247491
-0.001555261515
0.02060816351
-0.001732745133
0.0208385959
-0.001882053381
0.02105592997
-0.002008511768
0.02131996836
-0.002183234593
0.02163031275
-0.002338679577
0.02197185827
-0.002405396128
0.02232159541
-0.002383582818
0.02266014484
-0.002282067584
0.0229679204
-0.002112773609
-0.00189210629
0.02003834182
-1.853418311e-06
0.02004645181
-4.710661815e-05
0.02004299908
-7.772290608e-05
0.02004328025
-0.0001371652434
0.02004489006
-0.0001966588365
0.02003134816
-0.000238584609
0.02001429745
-0.0002895064441
0.02000775274
-0.0003828141029
0.02000963682
-0.000468478734
0.02001695811
-0.0005462919772
0.02002991563
-0.0006662588078
0.02004047672
-0.0007810518997
0.02004583647
-0.0008939208698
0.02007584423
-0.001063991402
0.02012417016
-0.001236933853
0.02018327137
-0.001438423227
0.02030105336
-0.001673043504
0.02046565921
-0.001897350975
0.02069355943
-0.002109953607
0.02097145183
-0.002286404162
0.02129359664
-0.002505379399
0.02164529725
-0.002690380189
0.02205332797
-0.002813426853
0.02247737559
-0.002807630441
0.0228861286
-0.002690820584
0.02325284421
-0.002479489235
-0.002206291496
0.02000597278
-7.825497596e-06
0.02001372356
-5.485739998e-05
0.0200328682
-9.686755066e-05
0.02004611747
-0.0001504145193
0.02004454976
-0.0001950911276
0.02002226156
-0.0002162964166
0.02002720024
-0.0002944451275
0.02002689751
-0.0003825113748
0.01999848087
-0.0004400621014
0.01996720592
-0.0005150170275
0.01995432514
-0.0006533780312
0.01995598103
-0.0007827077989
0.01996842567
-0.000906365513
0.019987039
-0.00108260473
0.02000504408
-0.001254938935
0.02006164623
-0.001495025382
0.02013335976
-0.001744757032
0.0202866876
-0.002050678809
0.02051881388
-0.002342079887
0.02084414527
-0.002611735554
0.0211925336
-0.002853767731
0.02162627794
-0.003124124529
0.02212724613
-0.003314395046
0.02265181156
-0.003332195873
0.02315192002
-0.003190929034
0.02359482768
-0.002922396897
-0.00257006185
0.01999904042
-6.865417991e-06
0.01999627234
-5.208932526e-05
0.01999708792
-9.768312834e-05
0.01999363068
-0.000146957286
0.01999500434
-0.000196464785
0.02001865181
-0.0002399438915
0.02003333796
-0.0003091312862
0.02001660408
-0.0003657775016
0.01996834483
-0.0003918028541
0.01996331606
-0.0005099882649
0.01995151404
-0.0006415760156
0.01990488058
-0.0007360743436
0.01986048263
-0.0008619675669
0.01984805987
-0.001070181973
0.01986437918
-0.001271258238
0.01990083409
-0.001531480298
0.01995445502
-0.001798377963
0.02005811673
-0.002154340519
0.02026111041
-0.002545073563
0.02058608743
-0.002936712576
0.02102938204
-0.003297062344
0.02157751861
-0.003672261108
0.02218961545
-0.00392649188
0.02285166685
-0.003994247281
0.02347407812
-0.003813340305
0.02402015162
-0.003468470403
-0.002993893529
0.01999782309
-4.688406654e-06
0.01999171049
-4.597673099e-05
0.01998244077
-8.841340832e-05
0.01996875019
-0.0001332667064
0.01995367597
-0.0001813905744
0.01994640215
-0.0002326700725
0.01993025906
-0.0002929881987
0.01992008656
-0.0003556050106
0.01994115386
-0.0004128701559
0.01994447583
-0.0005133102396
0.01990275941
-0.0005998596055
0.01982034496
-0.0006536598938
0.01979114356
-0.0008327661744
0.01973158075
-0.001010619165
0.01967409713
-0.001213774615
0.01966251787
-0.001519901038
0.01970230057
-0.00183816067
0.01979468594
-0.002246725878
0.01993602033
-0.002686407962
0.02024776427
-0.003248456514
0.02076928663
-0.003818584699
0.02142924146
-0.004332215945
0.02223563535
-0.004732885771
0.02308138546
-0.001235373175
-0.001184559473
-0.001235445097
-0.001184619656
0.02385623118
-0.001181179596
-0.001112879169
-0.001181256562
-0.001112870705
0.02450010782
-0.001070039012
-0.0009861832402
-0.001070043001
-0.0009860817951
-0.0008988465866
-0.0008281896252
-0.0008993770482
-0.0008292515642
0.01999732067
-2.009417319e-06
0.01998962678
-3.82828413e-05
0.01997685767
-7.564430271e-05
0.0199587887
-0.0001151977371
0.01993542672
-0.0001580285962
0.01990800718
-0.0002052505411
0.01987353943
-0.0002585204557
0.01983696667
-0.000319032252
0.01981109896
-0.0003870024493
0.01976966796
-0.0004718792408
0.01973437032
-0.000564561977
0.01973520706
-0.00065449664
0.01969085723
-0.0007884163473
0.01957478349
-0.0008945454209
0.01951560832
-0.001154599446
0.01942869461
-0.001432987337
0.01936053381
-0.001769999864
0.01937323065
-0.002259422721
0.01949087445
-0.002804051761
0.01974542222
-0.003503004293
0.02029811034
-0.004371272815
0.02112007424
-0.001284350279
-0.001292628352
-0.001284309916
-0.001292891304
0.005561692923
-0.001461535822
0.005553914043
0.005562137241
0.00555402051
-0.001460803888
-0.001461501728
-0.001460734811
0.005673366272
-0.001347016958
-2.956852635e-08
-0.005820207037
0.005935853912
-0.001296804638
-2.183424685e-08
-0.006061307926
0.006155284807
-0.001164007761
-8.131239477e-09
-0.00624404175
0.006324850288
-0.0009796086241
-4.649743315e-08
0.01999689789
1.091883731e-06
0.01998783306
-2.921801237e-05
0.01997266768
-6.047892791e-05
0.01995113844
-9.366850066e-05
0.01992285534
-0.0001297454999
0.01988739006
-0.0001697852655
0.01984395447
-0.0002150848643
0.01979218308
-0.0002672608678
0.0197334096
-0.0003282289806
0.01966250935
-0.0004009789864
0.0195861288
-0.0004881814392
0.01952309456
-0.0005914624034
0.01945406363
-0.0007193854243
0.01941298159
-0.0008534633811
0.01931316165
-0.001054779512
0.01913095811
-0.001250783796
0.01901768875
-0.001656730508
0.01889678573
-0.002138519699
0.01885213527
-0.002759401301
0.01901237391
-0.003663242934
0.004916590417
-0.00116428581
0.004798929693
0.00491678922
0.004799072527
-0.00123067273
-0.001164423494
-0.001230898728
0.004990519034
-0.001358289762
1.086454875e-08
-0.005160322235
0.005284618626
-0.001585838091
5.875496561e-09
1.135220193e-08
0.001481335519
-0.005500597964
0.001512268605
0.001343648012
0.001512698064
0.001354762064
-0.0004256736825
-0.0004208228933
-0.000437356401
-0.0004202726601
-0.001436021825
0.0003602734194
0.001483735109
-0.0003906554544
-1.733124762e-05
-0.00156329903
0.000331632431
0.001578671284
-0.0003462278818
-7.768000716e-07
-0.001611939084
0.000276035138
0.001619989228
-0.0002835695453
-5.157340145e-07
-0.006557936157
-4.540136975e-08
-0.0002130430683
-0.0002115150038
0.01999656059
4.530012105e-06
0.01998630437
-1.896179417e-05
0.01996908823
-4.326279163e-05
0.01994453632
-6.911658849e-05
0.01991210151
-9.731069632e-05
0.01987104737
-0.0001287311284
0.01982042032
-0.0001644578185
0.01975901384
-0.000205854397
0.01968545847
-0.0002546736099
0.01959769694
-0.0003132174574
0.01949409598
-0.000384580492
0.01937545527
-0.0004728216949
0.019239855
-0.000583785161
0.01910830725
-0.0007219156358
0.01895594552
-0.0009024177829
0.0188186627
-0.001113500973
0.01859980208
-0.0014378699
0.01828512877
-0.00182384638
0.01806070845
-0.002534980982
0.004541281148
-0.003533271969
0.00442410497
0.004541664908
0.004423686457
0.004545652078
-0.001168670795
1.40559068e-08
1.196334691e-09
0.001443153064
-0.004636804338
0.001226622823
0.00112715421
0.001248519031
0.001113988285
-0.0004003263575
-0.0003570699163
-0.0003971873023
-0.0003680506898
-0.001203048542
0.0004386961285
0.001242278782
-0.0004650728144
-1.285355325e-05
0.0005012129064
-0.001366716104
0.001409348706
-0.0005407722949
-3.073212125e-06
0.000484807068
-0.001539373172
0.001579020978
-0.0005239220043
-5.328679423e-07
-0.001644247709
0.0003914699082
0.001645526048
-0.0003926262258
-1.220198077e-07
-0.00158913495
0.000262991168
-0.0002329584843
-7.71451448e-09
0.00155910998
-0.001459068903
0.0001823138292
0.001424540666
-0.0001475532052
-2.323651046e-07
0.01999652709
8.001198077e-06
0.01998558579
-8.020495619e-06
0.01996698438
-2.466137884e-05
0.01994025609
-4.238830467e-05
0.01990471481
-6.176941712e-05
0.01985942249
-8.343881383e-05
0.01980313925
-0.0001081745814
0.01973425402
-0.0001369691681
0.01965069538
-0.0001711149792
0.01954981095
-0.0002123330267
0.01942820221
-0.0002629717615
0.01928168667
-0.0003263061598
0.01910491521
-0.0004070137075
0.01889476135
-0.0005117617781
0.01864306942
-0.0006507258564
0.01836505599
-0.0008354875425
0.01802114027
-0.001093954183
0.01763683594
-0.001439542047
0.01711291555
-0.002011060599
0.004184803007
-0.0006109898796
0.00398111417
0.004185068048
0.003981537496
-0.0007647868393
-0.0006130899795
-0.000764012443
0.001145504162
0.004145453292
-0.001106200705
4.625825837e-08
0.000367216314
-0.001000722858
0.001013547658
-0.0003771754325
-2.865680649e-06
0.0005632917204
-0.001114988898
0.001147747895
-0.0005940460013
-2.004715055e-06
-0.001319281733
0.0006859881289
-7.00211532e-08
0.001364668809
-0.0007313051816
-0.001373132023
0.0005946861166
1.282067856e-06
0.001303607158
-0.0005264433221
-0.0008993425684
0.0002150026629
9.275780728e-07
0.0007829646136
-9.95522893e-05
-0.0005455271061
5.011885144e-05
1.307155556e-07
0.0005000052414
-4.727702639e-06
-0.000437411175
5.455500103e-05
-1.419827172e-08
-3.421851841e-05
0.01999890854
9.090616686e-06
0.01998984359
1.044449126e-06
0.01997263829
-7.456079676e-06
0.0199467387
-1.648871372e-05
0.0199113496
-2.638031966e-05
0.01986537716
-3.746638444e-05
0.01980735876
-5.015617945e-05
0.01973536483
-6.497524202e-05
0.01964686311
-8.261326842e-05
0.01953852676
-0.0001039966785
0.01940595693
-0.0001304019348
0.01924328307
-0.0001636323049
0.01904256871
-0.0002062993565
0.01879310679
-0.0002622998593
0.01847994702
-0.0003375660954
0.01808586782
-0.0004414083429
0.01758100138
-0.000589087743
0.01694573715
-0.00080427782
0.004072524522
-0.001120848051
0.00395466021
0.00407327055
0.00395506932
0.003981223373
-0.0005196459376
-4.279479733e-08
-3.247654161e-09
0.001000710143
-0.003850069404
0.0009444036186
0.0008938067942
0.0009783669313
0.000868381321
-0.0002269364231
-0.0001912881304
-0.000209030283
-0.0002083413193
0.0003872546612
-0.0008782485145
0.0008645702356
-0.0003645068813
-9.069500513e-06
0.0006634453658
-0.0008277630012
-5.455695675e-07
0.0008232437458
-0.00065838054
0.0009122979673
-0.0009197610592
2.081071979e-07
7.254984213e-06
4.61805132e-05
5.822544221e-05
3.707054234e-07
-3.415224038e-05
-7.062442156e-05
0.02000617191
0.02000437136
0.01999405009
0.01997470534
0.01994548539
0.01990520111
0.01985225532
0.01978452675
0.01969920648
0.0195925616
0.01945958574
0.01929347305
0.01908481172
0.01882030248
0.01848073065
0.01803802057
0.01745456742
0.01667865177
0.003903919142
0.003878708337
0.003903799769
0.00387860947
0.0003801083374
0.003721908238
-0.0001980936695
-3.764004015e-09
0.0001357784867
-0.0008395215084
0.0008123418813
-0.0001054144945
-3.184364959e-06
0.0002621299386
-0.0007253348333
0.0006710673722
-0.0002060717361
-1.790741254e-06
0.0004941697213
-0.0004529044049
-9.021762936e-07
0.0003622671606
-0.0004026303001
0.0006751600904
-1.507986423e-07
-0.001388903033
-0.0006592382828
-0.001002127155
2.445846595e-06
0.0007528989314
0.001159080348
-0.001319231695
0.0006860011282
-7.73311681e-08
0.001364670668
-0.0007313627679
0.001373119672
0.0006751773165
-1.403711789e-07
-0.001388893516
-0.0006592631041
-0.0009123373757
-0.001002131383
2.43706485e-06
0.0007528917506
0.001159139943
0.0002735379316
4.959918804e-07
-0.001045375459
-0.0001280010364
0.0005946502213
1.290285028e-06
0.001303611708
-0.0005264325453
0.00089934177
0.0002735223439
5.057763865e-07
-0.001045377031
-0.0001279928628
5.628046294e-05
-1.086904333e-07
-0.0006050787191
3.379842965e-06
0.0002149894075
9.386067014e-07
0.0007829552259
-9.954147242e-05
0.0005454652897
5.634286828e-05
-1.146697514e-07
-0.00060504919
3.355700946e-06
4.723432455e-05
-6.59320199e-08
-0.0004506000244
-3.397954099e-05
-4.762633112e-05
-2.105038043e-05
8.82367942e-08
3.489197977e-05
3.369649555e-05
5.00960283e-05
1.407831578e-07
0.0004999747586
-4.746276009e-06
0.0004372942272
4.731873135e-05
-2.543613349e-08
-0.0004505261741
-3.406134551e-05
-4.776723429e-05
-2.119927456e-05
1.904236449e-07
3.499876226e-05
3.377732359e-05
0.0008572407891
-6.347299145e-07
-0.000789713919
-0.0009866531963
-0.0005510265711
-2.378324816e-07
0.0005647375262
0.0004806966012
0.0006635815865
-0.0008278208206
-5.59456801e-07
0.0008231985568
-0.0006583998652
0.0009197973483
0.0008572396136
-6.347405785e-07
-0.0007896957603
-0.0009867064609
-0.0004942149785
-0.0005509921104
-2.427601666e-07
0.0005647286914
0.0004807211583
2.059406309e-07
7.254035063e-06
-2.188274806e-07
-1.226993182e-06
-4.630257128e-05
-2.330332211e-07
-1.231627142e-06
5.853604382e-05
2.479363344e-07
-3.43611197e-05
-7.072542861e-05
-0.0002776793584
-9.97791324e-07
0.0001437108982
0.0001350010691
-0.0004529629353
-8.934521754e-07
0.0003622949699
-0.0004026535592
-0.0002776640175
-1.007733206e-06
0.0001437156777
0.0001349902233
0.0004179329814
-0.001632401931
-0.00042957073
-2.080275224e-07
-0.001516591153
2.178624283e-07
0.001513997593
0.0005970618161
0.001284755707
2.786971163e-08
-0.001385030442
0.0003737847957
0.0004848347097
-0.001539373663
-5.063218033e-07
0.001579018567
-0.0005239732908
0.001644248147
0.0004179209105
-1.96918718e-07
-0.001632396924
-0.0004295752152
-0.001516633641
2.486144451e-07
0.001514070368
0.0005969648816
0.001284761773
3.492924598e-08
-0.001385055699
0.0003737813388
0.0002985193946
-0.001616414841
-0.0002711641082
-7.540280454e-08
2.806670917e-07
0.001187897419
0.0003115802807
0.0009167962495
1.84396554e-08
-0.001003454189
0.0001429199635
0.0003914516689
-1.138475318e-07
0.001645529565
-0.0003926192345
0.0002984159131
0.001589117542
-5.653868465e-08
-0.001616387238
-0.0002710896793
2.894139282e-07
0.001187895799
0.0003115659659
0.0009168316405
4.325134147e-09
-0.001003382392
0.000142889299
0.0006686089256
-3.918406406e-07
-0.0007356065847
-0.001251892234
-0.0009286891025
-6.971997954e-07
0.0009341027689
0.0006587289
-5.483418931e-07
0.0008575315463
-0.001001869568
0.000563269862
-0.001114907055
-2.011387382e-06
0.00114772944
-0.0005940808583
0.0006686881118
-3.928807455e-07
-0.0007355978256
-0.001251929101
-0.0009285320741
-7.069579393e-07
0.0009341634506
0.000658657168
-5.522514932e-07
0.0008575434685
-0.001001882983
0.00036617906
-0.001076077681
1.877243293e-06
0.0007119339348
-4.289285437e-09
-3.908272589e-06
0.001304441195
-0.0005263812811
-9.371132197e-09
-0.001371942025
0.0005951735503
6.861609591e-07
-0.000367321528
0.001192890424
0.0004773521023
2.406922876e-06
0.001074005161
-0.0005525589622
-0.001050296449
0.001192857905
-3.245128442e-09
0.0004784517492
-0.0005528092511
-5.401349625e-09
-0.001047237392
0.0007130421577
-4.481289272e-06
5.11701302e-05
-0.0003041042515
2.615582137e-07
0.0002609446324
-4.199798152e-09
-8.267872481e-06
0.0007834375525
-9.857038147e-05
-0.0008992336035
-5.302576406e-09
0.0002152993143
3.282937677e-07
-5.152151718e-05
0.0006850811498
0.0001490766865
3.622939456e-07
0.0003032761341
-0.0003898470423
-1.334367451e-05
0.0006855153283
-4.253197181e-09
0.0001494248954
-0.0003894385945
-4.587603178e-09
-1.286917138e-05
0.0002608774466
-8.861283723e-06
2.157599086e-07
4.751068504e-05
-1.055138379e-05
5.441206164e-05
9.50401146e-09
-3.426052976e-05
2.477994048e-07
4.768797407e-05
-1.059900252e-05
0.0009114851582
-0.0009186080803
-1.533442498e-09
7.332568027e-06
-3.472798468e-05
-7.066153916e-05
4.713797599e-05
1.107186859e-08
5.861118974e-05
1.85495265e-07
8.001284507e-05
2.882600972e-07
-4.007002285e-05
-4.018307399e-07
6.265408478e-09
8.001037103e-05
-3.949158312e-05
3.711022453e-09
-1.352253414e-07
0.0004277164338
-4.267067522e-07
-0.0003435214956
-0.0005366726345
-0.0006658056672
7.303169994e-05
0.0005944802409
-1.708670671e-06
-4.776331634e-07
0.0001258940512
-0.000403075211
0.0002621601695
-0.0007252429835
-1.813317797e-06
0.0006709889576
-0.0002060928257
0.000427662633
-4.075408035e-07
-0.0003436077332
-0.0005366102923
-0.0006657803009
-1.717332872e-06
7.302976647e-05
0.0005944634447
-4.836830657e-07
0.0001259112722
-0.0004030718495
0.0005105760969
-0.0002505752344
-7.113597501e-07
-0.0002710211728
1.269100895e-09
1.173040135e-05
0.0003619742633
-0.0004024959314
4.154611077e-10
0.0004929584801
-0.0004533393993
-1.218229568e-06
-0.0005111749223
0.0003619855948
0.0005126747204
-8.366757971e-07
0.0002522402374
-0.0002851451954
-0.0003688886646
0.000360654116
1.079701616e-09
0.0005106769455
-0.0002843801327
6.408568177e-10
-0.0003695283413
-0.0002719695665
1.232353788e-05
-0.001178971143
-0.0005621569494
4.189936928e-07
0.001051486557
1.921394553e-09
0.0006892206198
0.0007530812589
0.001160871767
-5.691010207e-10
-0.001000021448
8.079452288e-07
0.00117887033
0.0007634455776
-0.001190224922
-2.409758039e-06
0.000564388227
0.0005984312083
-1.329327481e-06
1.565960539e-09
0.0007632800218
-0.001188363529
0.0005971367357
1.98174767e-09
-8.336619412e-07
0.001054572856
0.0006891046948
0.001069912251
-0.0006004059981
-2.804781388e-06
3.354918081e-09
0.0005847817268
-1.829614527e-06
-0.001067892975
0.0005398800683
0.0005348335839
-4.991063702e-06
5.439664746e-07
0.000600765744
-2.878502781e-06
1.532265076e-09
0.0005392963286
0.0005331414341
-4.356660802e-06
1.066201181e-09
-2.726366762e-06
0.0005846408416
-0.001178973339
-0.0005621651087
4.21828569e-07
0.001051477717
0.0006892408198
0.00075306943
0.001160899115
-0.0009114989528
-0.001000033093
8.066002588e-07
0.001178877241
0.0007634688859
-0.001190260976
-2.409499728e-06
0.0005644081996
0.0005984712632
-1.330016917e-06
0.0007632867585
-0.001188382502
0.0005971605946
-8.34110982e-07
0.001054557161
0.0006891501059
0.001069930173
-0.000600429632
-2.800050337e-06
0.0005847805787
-1.82839785e-06
-0.001067921486
0.0005398816063
0.000534861005
-4.992729387e-06
5.412041156e-07
0.0006008107614
-2.880704064e-06
0.0005392991105
0.0005331608741
-4.35667466e-06
-2.726767264e-06
0.0005846463872
0.0002135759305
0.0005087396746
-3.222073138e-07
-4.562608637e-09
-1.005490442e-05
-0.001045394783
-0.0001276028494
-3.774710036e-09
0.0002742637944
1.200739621e-06
-0.000215329035
0.0003616432578
-5.361371721e-07
-0.0005078091309
-9.502815097e-06
-3.600766364e-09
0.0003622433941
-3.815200672e-09
-8.83409079e-06
-1.041821054e-05
6.053522482e-07
-1.32842492e-05
-8.947441172e-10
-1.290667661e-05
0.0003661809506
-0.001076079569
1.869175493e-06
0.0007119327581
-3.907610386e-06
0.001304406135
-0.0005263615551
-0.001371941282
0.0005951776137
7.001952331e-07
-0.0003673138287
0.001192904438
0.0004773209051
2.417860724e-06
0.001074003195
-0.0005525568796
-0.001050296724
0.001192850385
0.0004784336536
-0.0005528092792
-0.001047219383
0.0007130372392
-4.478705475e-06
0.0002135658094
0.0005087463706
-3.294980903e-07
-1.005448124e-05
-0.001045385806
-0.0001276071075
0.0008992342574
0.0002742606508
1.210870529e-06
-0.000215303127
0.0003616196613
-5.281838242e-07
-0.0005078210023
0.0003898578131
-9.501491506e-06
0.0003622376638
0.0003894412364
-8.833964221e-06
-1.041638808e-05
6.060072801e-07
-1.328128238e-05
-1.290505192e-05
1.103906504e-05
0.0002580245271
-6.283731183e-07
-5.755180805e-09
-7.484836285e-06
-0.0006052982439
3.064222812e-06
-1.163193442e-09
0.0005454303424
5.669615453e-05
3.355128974e-07
-1.181601097e-05
9.14829299e-05
-3.612805217e-07
-0.0002562758818
4.432532071e-05
0.00021569169
-4.308047611e-09
9.15959682e-05
4.596672788e-05
-5.444724673e-09
0.0002147661793
-7.842829574e-06
-4.52225916e-07
5.182782443e-05
-7.050284573e-06
-2.206096942e-09
5.164441145e-05
-6.127702397e-06
5.117352215e-05
-0.0003041098123
2.543568378e-07
0.0002609453332
-8.267608503e-06
0.0007834369292
-9.856604572e-05
0.0002152966728
3.398894293e-07
-5.152391899e-05
0.000685071235
0.0001490680178
3.703579193e-07
0.0003032880587
-1.334207304e-05
0.0006855243898
0.0001494217011
-1.286885883e-05
0.000260878471
-8.859984259e-06
1.103315213e-05
0.0002580285905
-6.375105185e-07
-7.484664133e-06
-0.0006053270942
3.062334812e-06
0.0005453957975
5.675313959e-05
3.473112961e-07
-1.180090759e-05
9.147564535e-05
-3.487431826e-07
-0.0002562819774
4.433240627e-05
0.0002156540226
9.157345323e-05
4.59661844e-05
0.0002147705463
-7.841931051e-06
-4.504481537e-07
5.183413856e-05
-7.051287458e-06
5.164175322e-05
-6.128224207e-06
-5.541775918e-05
-1.22402556e-05
-7.161735556e-08
4.89362619e-05
-8.245798632e-09
1.880161646e-05
2.234432118e-07
5.529970094e-05
-5.866827535e-08
-3.636647349e-06
-3.416728254e-07
1.313948545e-05
-8.916597876e-06
-3.881212529e-06
-5.490855347e-09
-1.921648371e-07
-3.35226454e-06
-9.497570164e-06
-4.23717385e-09
-3.080124692e-06
4.910994841e-05
1.925761447e-05
4.876396353e-05
-2.563279665e-05
-3.534275859e-07
-2.843243417e-09
2.616135834e-05
3.501307539e-05
3.421978057e-05
-8.701444764e-09
-4.750557119e-05
-2.163033869e-05
-6.068384204e-08
-4.868618117e-05
3.056204259e-05
5.307680232e-05
-1.084363947e-07
2.627380551e-05
-1.385466637e-06
-5.71260936e-09
3.088641098e-05
5.283564561e-05
-4.771963901e-09
-1.014261295e-06
2.634413173e-05
-5.541015204e-05
-1.22471237e-05
-8.5862005e-08
4.892826941e-05
1.880659647e-05
2.335971296e-07
5.528020731e-05
-4.22369152e-08
-3.637434358e-06
-3.350235344e-07
1.315703319e-05
-8.945917341e-06
-3.876090102e-06
-1.879545725e-07
-3.352343844e-06
-9.507265123e-06
-3.079125148e-06
4.908071981e-05
1.927064453e-05
4.876493884e-05
-2.563577406e-05
-3.719748566e-07
2.616821737e-05
3.498991808e-05
3.421761527e-05
-4.743206732e-05
-2.159374366e-05
1.970253585e-09
-4.863126835e-05
3.06571368e-05
5.297092496e-05
-8.151938724e-08
2.628467329e-05
-1.371750858e-06
3.087552581e-05
5.287558386e-05
-1.011722991e-06
2.636215336e-05
0.0008429311228
0.0005037400816
4.098288351e-07
-0.0007158823706
3.656472901e-10
-0.0006311990283
-0.0007880172892
-0.0009880173027
3.137344682e-09
0.0008567886485
-6.21531805e-07
-0.0008439498379
-0.000813144957
0.0008680024095
2.556933061e-06
-0.000506417181
-0.0004889359659
6.143018434e-06
-1.250214588e-09
-0.0008127101229
0.0008670036797
-0.0004873473923
1.250815175e-09
5.625859261e-06
-0.0007182154529
-0.0006317417356
0.0004955607394
-0.0007230130072
1.166063681e-06
7.33071653e-10
-0.0004895968979
-2.249129576e-07
-0.0004967569954
8.045943433e-06
1.639883697e-06
0.000722559657
-0.0003461111435
-0.0003872922331
9.203835226e-06
5.928977188e-10
7.987843107e-06
9.758962364e-11
-0.0003449865522
-0.0003850155641
8.628901256e-06
-0.0004912467239
0.0008429260214
0.0005037498304
4.100036439e-07
-0.0007158759874
-0.0006312094967
-0.0007880036765
-0.0009880465083
0.0009186272272
0.0008567913571
-6.202706472e-07
-0.0008439370513
-0.0008131243872
0.0008679859509
2.555646141e-06
-0.0005064376921
-0.0004889674431
6.143029622e-06
-0.0008126827707
0.000866983597
-0.0004873653529
5.625574621e-06
-0.0007182030709
-0.0006317616681
0.0004955772446
-0.0007230285267
1.167094084e-06
-0.0004895910652
-2.250990079e-07
-0.0004967878621
8.04551875e-06
1.637068823e-06
0.0007225883936
-0.0003461165262
-0.000387312772
9.203835276e-06
7.987385342e-06
-0.00034499101
-0.000385028469
8.628119971e-06
-0.0004912354432
7.33268942e-06
9.789900812e-10
-5.873891873e-07
-4.707806827e-05
-5.86044318e-07
-3.191261644e-07
-1.292798054e-06
3.383829792e-09
-5.674829412e-07
-3.472991285e-05
-7.066941013e-05
5.858027079e-05
1.232552709e-07
8.006801182e-05
2.680927427e-07
-4.012107619e-05
-4.150396327e-07
8.000151001e-05
-3.950451704e-05
-1.377956428e-07
-3.272769047e-07
-1.295313041e-06
-5.673772824e-07
-1.582298048e-07
1.603268734e-05
1.346664602e-10
1.550920346e-05
-0.0001636117547
-0.0001203775797
-6.658428151e-08
1.769454467e-09
1.303297942e-05
0.0001432897331
0.0001337214721
2.345405177e-09
-0.0002779766888
-1.169260674e-06
0.000165406146
-0.0003056711781
3.137970966e-07
0.0001202677094
1.445751263e-05
1.644088295e-09
-0.0003058730538
2.041370117e-09
1.369378077e-05
1.363771636e-05
0.0005105762217
-0.0002505785295
-7.081251405e-07
-0.0002710187433
1.173045383e-05
0.0003619667457
-0.0004024553387
0.0004929913636
-0.000453395799
-1.222384347e-06
-0.0005111717088
0.0003619908819
0.0005126981839
-8.453256987e-07
0.0002522404568
-0.0002851532616
-0.0003688954266
0.0003606579935
0.0005106636775
-0.0002843671283
-0.0003695114171
-0.0002719624099
1.232304376e-05
-1.580517627e-07
1.603241127e-05
1.550907355e-05
-0.0001636103264
-0.0001203768569
-6.262664425e-08
1.303284116e-05
0.000143282963
0.0001337225045
-0.0002779764502
-1.178296599e-06
0.0001653977372
-0.0003056570209
3.078993442e-07
0.0001202639352
1.445581335e-05
-0.0003058711411
1.369356678e-05
1.363664379e-05
0.00034869037
-0.001369242558
-0.0003869426626
-2.852697392e-05
-0.001342473854
0.0004575406355
0.001397476101
-1.132997707e-05
0.001522014416
-0.0004964192121
-7.015890501e-07
0.0004593181249
-0.001484211741
0.001481366073
-0.005500661977
0.001512266257
0.001343669229
0.001512686607
0.001354857575
-0.0004256608558
-0.0004208809861
-0.0004374029805
-0.0004202275987
0.001435994211
0.0003487163444
-2.850742486e-05
-0.001369272738
-0.0003869303906
-0.0005012491744
-0.001342498339
-1.132516509e-05
0.0004576997596
0.00139737292
0.001522032428
-0.0004964627123
-6.960656257e-07
0.0004593311598
-0.001484204811
0.0003387710742
-0.001541751768
-0.0003590283632
-1.289979213e-06
0.001556684743
-1.592267867e-06
0.0004517290037
0.001631840565
-0.00161178939
-3.936770851e-07
0.0003982754873
0.0003602586174
-1.733859702e-05
0.00148374178
-0.0003906675886
0.001563277354
0.0003387756315
-1.28363629e-06
-0.001541750206
-0.000359019142
-1.571621909e-06
0.001556681642
0.0004517571146
0.001631829976
-3.856671406e-07
-0.001611800417
0.0003982770225
0.0002811907538
-0.001602876706
-0.0002900319506
-2.211825624e-07
0.001645809876
-2.386317546e-07
0.0003777392332
0.001640556023
-0.001648679011
-1.22719214e-07
0.0003067651063
0.0003315730326
-7.7331031e-07
0.001578689611
-0.000346211981
0.001611938936
0.0002812774451
-2.267745188e-07
-0.001602896151
-0.0002900934526
-2.33327731e-07
0.0016457786
0.0003777363774
0.001640526949
-1.048196066e-07
-0.001648697465
0.000306691253
-3.65592293e-08
0.0009801728131
-0.001635603131
-0.001627318144
-0.001626008019
-0.001636413576
-0.0002597748553
-0.0002467601432
-0.0002455042644
-0.0002606902877
-6.080162926e-08
0.0002760259518
0.001627582041
-0.0002106699343
0.001569489563
0.0002365127851
-0.001594906837
-4.255745371e-07
0.000275912652
-4.991125509e-07
0.001620007552
-0.0002834821531
0.0009798402131
0.00655793143
-0.001635598434
-0.001627255785
-0.001626002653
-0.001636409673
-0.0002597689364
-0.000246688402
-0.0002453919992
-0.0002606923063
-0.0002630869647
-7.951847013e-08
0.0002761022113
0.001627591229
-0.0002105258296
0.001569493962
-4.111536318e-07
0.000236401014
-0.001594957989
0.000396601894
-0.0011434458
-0.0004328089219
-2.339571002e-05
-0.00102896105
0.0003604793796
0.001040323855
-4.625871817e-06
0.001151213918
-0.0005124980733
-4.708620105e-06
0.0004897845757
-0.001123791801
0.001442994617
-0.004636696825
0.001226616811
0.001127136829
0.001248522018
0.001113976374
-0.0004003184933
-0.0003570309385
-0.0003971630427
-0.0003680361498
0.001203011798
0.0003966351013
-2.339630755e-05
-0.001143462059
-0.0004327885314
-0.0003672385661
-0.001028971696
-4.620701118e-06
0.0003604638192
0.001040367144
0.001151241994
-0.0005125843137
-4.714797722e-06
0.0004897798848
-0.001123722767
0.0004910119582
-0.001328233918
-0.0005278145174
-1.679628739e-06
0.001184161056
-2.668669408e-06
0.0005330132537
0.001338572572
-3.535680701e-07
-0.001281191601
0.0006115815224
0.0004385766443
-1.285726192e-05
0.001242365389
-0.0004650729696
0.001366759155
0.0004910023801
-1.693160369e-06
-0.001328269976
-0.0005277983984
-2.669737122e-06
0.001184191098
0.0005329904977
0.001338600369
-3.623280443e-07
-0.001281177885
0.0006116279556
-0.0005395686645
-2.773367311e-07
-0.001495946389
-1.274715474e-07
0.001390522726
0.0006341654444
-2.033238692e-07
-0.001480772687
0.0006395449482
-3.086381009e-06
0.00140935252
-0.0005407561626
-2.439792698e-07
-0.0005397665606
-0.001495825839
-1.58224588e-07
0.001390580785
0.000634178936
-1.731453895e-07
-0.001480806235
0.0006395230577
0.0004949746699
-0.001595662056
1.576520192e-07
0.001621090203
-0.0005205820449
2.157693201e-08
-4.481916221e-07
-0.0004951464671
0.001609917761
0.0004646978749
-1.94962659e-07
0.00159616407
-0.0005651604794
-0.001554730635
0.001578629049
-0.0005238835856
2.221011286e-09
0.0004837140537
-0.001538994612
0.001609672307
1.489982822e-08
0.0004634683187
-0.0005655232771
-1.1304304e-08
-0.001554206025
0.001621465984
-0.000520290727
0.0003491605279
-0.001598198093
6.250967633e-09
0.001562864709
-0.0003138309194
-2.477578773e-09
-6.834532785e-08
-0.0003486273108
0.001637334197
0.000356887513
-1.698123577e-08
0.001598280295
-0.00162078558
-0.0003701039594
0.001645470923
-0.0003930471254
-0.001644149621
-2.754296941e-09
0.0003916065621
0.001637367347
-1.936514727e-09
0.0003571976999
-0.001620591882
-0.0003706654529
-4.857846095e-09
0.001562855938
-0.000313196697
-0.001502252105
-0.0001672923361
-1.943649701e-07
1.361065147e-07
0.0008478008231
0.0001189781763
0.000717301123
-1.00374086e-08
-0.0007511013052
8.104454508e-05
-2.801120434e-08
-0.0002330278124
0.001559086404
0.001459062071
-1.776692672e-07
-0.001502150798
-0.0001672594448
1.412594429e-07
0.0008477899553
0.0001189964588
0.0007173872757
-2.264904305e-08
-0.0007511342954
8.108839867e-05
-2.002585605e-08
8.746936252e-05
0.0001823863441
-2.484511311e-07
-0.0001476304975
2.031956134e-08
8.741749728e-05
-0.0005432005732
-4.286923834e-06
-0.001079999473
-0.0009102116145
0.0003935276189
0.000912757382
-8.818722193e-06
-0.0005811308495
-1.282275675e-06
0.0005796695508
-0.0009259455288
-0.001000856934
-2.847732228e-06
0.001013560618
-0.000377094519
-4.290966932e-06
-0.0005431589942
-0.001080041406
-0.0003872596472
-0.0009102715942
-8.808337591e-06
0.0003935217665
0.0009128178127
-0.0005810530109
-1.302293872e-06
0.0005797035453
-0.0009258803153
0.0006511935635
-0.001100234953
8.418689499e-07
0.001145030243
-0.0006968336488
2.927470427e-09
-1.099341167e-06
-0.0006526340541
0.00119240187
0.000609079421
-1.493340984e-06
0.001098310583
-0.0006310245678
-0.001059838675
0.001150619238
-0.0005912707111
3.241406388e-09
0.0005610254851
-0.001122381968
0.001193311186
1.642857891e-09
0.0006074006288
-0.0006287427919
9.467671088e-10
-0.001064257164
0.001144792481
-0.0006982740886
0.000720467793
-0.001306963347
3.628281987e-07
0.001275347539
5.806990364e-09
0.001363772064
-0.0007308949593
1.072577479e-08
-0.001318663695
0.0006857058418
-2.277216699e-07
-0.0007201035064
0.001390859941
0.0006941400971
3.672368785e-08
0.00130769176
-0.001275588088
0.001389763212
9.640047249e-09
0.0006942392818
4.099126043e-09
-0.00127454566
0.001277055774
2.127729509e-05
-0.0002107699344
-6.35674268e-08
0.0002083645862
-6.770943539e-09
0.0005001223345
-4.644563632e-06
-5.707007586e-09
5.008899689e-05
-4.875462711e-08
-2.097046816e-05
0.0004699828952
5.10415723e-05
8.365812694e-07
0.0002100687354
0.0004700973567
-6.167321057e-09
5.125967775e-05
-3.908627846e-09
0.000208292304
-3.437468888e-05
-0.0004375763884
-3.302918203e-09
5.474932521e-05
6.106554927e-08
0.0002049027899
-0.0002033645249
-3.581784549e-05
0.0002049006616
-0.0002031515858
-3.60693921e-05
6.692959482e-09
8.057832209e-09
-4.649684459e-05
1.578448432e-09
-4.646591847e-05
0.0003364821551
-0.0008802986955
-0.0003184773933
-1.595457823e-05
-0.0008651954474
0.0001636515497
0.0008404785551
-3.156172915e-06
0.0007544137794
-0.0002211169628
-3.863993954e-06
0.0002630503292
-0.000792483152
0.001000222857
-0.003849578836
0.0009443874768
0.0008937653325
0.0009782767609
0.0008683506434
-0.0002269014204
-0.0001912970096
-0.000208957978
-0.0002082710739
0.0008781293445
0.0003364968892
-1.596557499e-05
-0.0008802621538
-0.0003183985046
-0.0001357307004
-0.00086507486
-3.1736833e-06
0.0001636163369
0.000840362907
0.0007544969108
-0.0002211671837
-3.837271449e-06
0.0002630084167
-0.0007925008725
-9.380635922e-07
-0.0005685210313
-0.0008394347559
0.0007105739973
-2.199526208e-06
0.0003081692474
-3.067605416e-07
0.0004886395292
-0.0006116429036
-9.082593083e-06
0.0008645334796
-0.0003645811847
-9.290397723e-07
-0.0005684832043
-0.0008394615876
-2.17146607e-06
0.0007106304523
0.0003081980949
-3.069388263e-07
0.0004886464666
-0.0006116690012
0.0007617498509
-0.0006941629529
1.850463718e-07
-0.0006989712543
2.834770994e-10
0.0008233606958
-0.0006571775633
3.515989526e-09
0.0006618679558
-0.0008286001729
-2.046875468e-07
-0.0007629364759
0.0007732399538
-3.952645459e-07
0.0006942849432
-0.0006226294476
-0.0007296407712
8.355078943e-10
0.0007721948997
-0.0006215324827
-2.506624451e-09
-0.0007302007902
-0.000700208219
-0.0001727282162
-3.779121615e-06
-0.0007699444576
-0.0008268725438
3.67581391e-05
0.0007934071082
-3.291504489e-06
5.949316716e-05
-3.832234099e-06
-0.000721469987
-0.000839602413
-3.16722443e-06
0.0008124201243
-0.000105381189
-3.803272074e-06
-0.0001727003785
-0.0007699065157
-0.0008268138638
-3.296824323e-06
3.672736762e-05
0.000793380349
-3.840215351e-06
5.952975468e-05
-0.0007214757913
0.0002434818085
-0.0006275777969
9.035715099e-07
0.0005532892778
-0.0001700967159
-1.448674794e-10
-9.908500911e-07
-0.0002442313829
0.0006083730669
0.0003079165389
-1.738675684e-06
0.0006244315066
-0.000141228879
-0.0006875356876
0.0006746061037
-0.0002054698384
6.881960025e-10
0.0002610684431
-0.000731996137
0.0006103263113
-1.353765507e-10
0.0003067708899
-0.0001407744121
-1.086155699e-09
-0.0006940108124
0.0005516969981
-0.0001705933005
0.0006865586688
0.001174407087
-8.404725669e-07
3.980613692e-09
-0.001388185677
-0.000659901204
-6.158727342e-09
0.0006760002134
1.966717592e-07
-0.0006865645712
0.0006883248062
-4.095846421e-07
-0.001174291565
6.245064268e-09
0.0006883266243
3.368582071e-10
0.0007204834965
-0.001306964465
3.72600637e-07
0.001275354994
0.001363759464
-0.000730924233
-0.001318606659
0.0006857048207
-2.52687739e-07
-0.0007201494952
0.001390871047
0.000694201805
3.899622514e-08
0.001307699543
-0.00127563242
0.001389740874
0.0006942590356
-0.001274558845
0.001277072752
0.000686571577
0.001174400747
-8.327760544e-07
-0.001388155126
-0.0006599268512
0.0006759941584
1.847180677e-07
-0.0006866032525
0.0006883960629
-4.157179179e-07
-0.001174283104
0.0006883482815
2.790270464e-05
0.0002066617277
-3.548129987e-08
-3.018152998e-09
-0.0004505470929
-3.434728342e-05
-6.172029614e-09
4.725823898e-05
-3.717059313e-08
-2.787572237e-05
4.729576003e-05
-5.676908272e-08
-0.0002067252589
-7.427270334e-10
4.741655579e-05
-7.483244464e-09
2.127378607e-05
-0.0002107579315
-7.315501416e-08
0.000208357105
0.0005001050495
-4.656320338e-06
5.008214577e-05
-3.054178008e-08
-2.095732362e-05
0.0004699342476
5.10283832e-05
8.355552944e-07
0.0002100299533
0.0004701221902
5.121993864e-05
0.0002082701243
2.791829345e-05
0.0002066544124
-5.037840366e-08
-0.0004505316107
-3.431320219e-05
0.0004374732652
4.733993152e-05
-3.810807261e-08
-2.792701377e-05
4.737319004e-05
-1.071359713e-08
-0.000206654896
0.0002032613935
4.747003007e-05
0.0002031985343
-0.0005836665201
-0.0006057273916
8.248118619e-07
9.482576299e-10
0.0005637173412
0.0004806194529
3.076666289e-09
-0.0005516192182
-3.669457646e-07
0.0005839965374
-0.0006415215117
-5.544943718e-07
0.0006066335883
8.931316831e-10
-0.0006418494957
-1.046711885e-09
0.0007617559725
-0.0006941727032
1.848933343e-07
-0.0006989773766
0.0008232875412
-0.0006571745884
0.0006620028155
-0.0008286717073
-2.096257469e-07
-0.0007629531107
0.0007732369056
-3.880435574e-07
0.0006943118611
-0.0006226208833
-0.0007297027996
0.000772151953
-0.000621480843
-0.0007302569962
-0.0007002180227
-0.0005836597297
-0.000605733683
8.259229757e-07
0.0005637113729
0.0004806466462
-0.0005516063308
-3.74959092e-07
0.0005839738347
-0.0006414910653
-5.471297196e-07
0.0006066537047
-0.0006418032606
0.000463898562
0.001629049636
1.245283476e-07
-0.0004719850423
2.517630866e-09
-3.198833964e-07
-0.0004638100565
0.000441645774
-7.52431657e-08
-0.001629346759
-0.0004209343011
-0.001632259247
-0.0004298593403
-3.764610025e-09
0.0004177647113
2.340459775e-09
0.0004409893962
-0.0004214705153
-6.316638983e-09
-0.0004715662983
0.00151356729
0.0005975108965
-1.50506556e-08
-0.001515671725
-9.359540961e-08
0.0005230093069
0.001468433982
0.0005237230687
0.001468204951
-2.575467406e-09
-0.001588199522
1.17863896e-07
0.001591215036
7.645999454e-09
-5.880572467e-08
0.001588776077
-0.001556815935
-2.417720846e-08
-0.001556246527
0.001591612526
-0.001384819802
0.00037448503
-4.020005858e-09
0.001284630457
3.310560454e-08
0.0004450136933
0.0004456633728
-1.72504304e-09
0.001564811257
8.177434726e-08
3.361602291e-10
-1.589642821e-08
-0.001565141696
0.001518008084
-5.34579594e-09
0.00151781522
0.0004949683336
-0.001595622956
1.869879029e-07
0.001621124355
-0.0005206351465
0.001578619693
-0.0005238706983
0.000483711867
-0.001538964971
-4.721988248e-07
-0.0004951426704
0.001609916095
0.0004647173402
-1.035416942e-07
0.001596121077
-0.0005653167452
-0.001554674083
0.001609643484
0.0004634872461
-0.0005655163575
-0.001554092145
0.00162156673
-0.0005204013376
0.0004638934217
0.001629058282
1.254653651e-07
-0.0004719502997
-0.001632235175
-0.0004298683886
0.001644150037
0.0004177528513
-3.199570648e-07
-0.0004638034247
0.0004416425568
-6.285786732e-08
-0.001629390351
-0.0004209356124
0.001620813607
0.0004409841195
-0.000421481046
0.001620601767
-0.0004715015742
0.001513596465
0.000597471111
-0.001515656397
-8.398761034e-08
0.0005230074272
0.001468467832
0.0005237385405
0.001468205022
-0.001588225359
1.274643461e-07
0.001591208941
4.572405009e-08
0.001588873668
-0.001557271256
-0.00155624906
0.001591607224
-0.00138483754
0.000374494854
0.001284634244
3.955932336e-08
0.0004449922347
0.0004456429792
0.001564821802
8.015489063e-08
-6.245755149e-09
-0.001565178041
0.001518030012
0.00151782402
0.0002989312198
0.001517613379
2.888192302e-08
-0.0002537061275
-2.644558955e-09
-5.514008743e-08
-0.000298716973
0.0003196914742
-2.467110813e-08
-0.001517623777
-0.000218982222
0.001465466561
-0.001616315878
-0.0002717762325
-3.366838357e-09
0.001589047367
0.0002989727156
-2.628602738e-09
0.0003199301813
-0.0002196194266
-2.253260177e-09
0.001465434159
-0.000253455923
0.001188059176
0.0003121564805
-5.224510979e-09
1.17839792e-07
0.0002445990829
0.00109225718
0.0002451336189
0.00109247154
-3.249191883e-09
-0.001459397634
-4.733168648e-08
0.001390750423
-2.755226641e-09
8.606262474e-08
0.001459398347
-5.323986395e-09
0.0013907534
-0.001003707792
0.0001434650616
9.36337028e-10
0.0009169563967
1.069068815e-07
0.0001801790181
0.0001804700629
-3.436700025e-09
0.001317539244
-2.301712221e-08
-1.87235675e-09
9.868167515e-09
-0.001317453486
0.001241381363
-1.423149241e-09
0.001241396168
0.0003491621222
-0.001598203051
2.051622928e-09
0.001562905303
-0.0003138688972
0.001645488279
-0.0003930395134
0.0003915846762
-6.527719527e-08
-0.0003486314929
0.001637349552
0.0003568767859
-8.834764191e-09
0.001598295435
-0.0003700922229
0.00163740938
0.0003571738042
-0.0003706544926
0.0015629401
-0.0003132741061
0.0002989466332
0.001517614961
2.475944309e-08
-0.0002536836958
-0.001616284276
-0.0002717111293
0.0002988634838
0.001589072022
-5.568414894e-08
-0.0002987550972
0.0003197731008
-1.497712303e-08
-0.001517618415
-0.0002189323553
0.001465476068
0.0003200134198
-0.0002195803451
0.001465466942
-0.0002534086558
0.001188069422
0.0003121456861
1.28732377e-07
0.0002445982874
0.001092236794
0.0002451315959
0.001092485015
-0.001459404501
-5.434201242e-08
0.001390718783
9.461731857e-08
0.001459409138
0.001390678978
-0.0010036809
0.0001434638945
0.000916975412
1.136678775e-07
0.000180216384
0.0001804877935
0.00131754423
-2.322751431e-08
1.173158679e-08
-0.00131746348
0.001241408691
0.001241438089
-0.0007353506659
-0.001251835213
2.44108316e-09
0.0006681279011
-3.72543649e-07
-0.001207777892
-0.0008030442369
-0.001207197722
-0.0008030729333
1.78555192e-09
0.0007029852995
4.256724024e-07
-0.000765581265
2.81108445e-09
-6.149638607e-07
-0.0007035765663
0.000644701166
2.496436874e-09
0.000643843812
-0.0007661363076
0.0009342904545
0.0006570048258
4.300620877e-09
-0.0009301288261
-3.383104477e-07
0.0007455379831
0.0009621430496
0.0007444563744
0.0009616970898
-6.421618643e-09
-0.00102570492
5.566030117e-07
0.00107277174
-6.994213116e-10
-9.477805839e-07
0.00102511739
-0.0009964652783
-3.888780918e-09
-0.0009983867822
0.001072937882
0.0008569414188
-0.0010007299
7.340592478e-09
-2.484382242e-07
-0.001135489174
-1.707023307e-07
0.0008284465939
-0.001134747379
3.89735884e-09
0.0008278023096
-2.142561531e-09
2.410064579e-07
4.397093859e-09
0.0006511870933
-0.001100224887
8.456371443e-07
0.001145065887
-0.000696870808
0.001150600359
-0.0005913089056
0.0005609994911
-0.001122299091
-1.102939514e-06
-0.000652622753
0.001192410477
0.0006090446565
-1.492949647e-06
0.001098293192
-0.0006310070125
-0.001059874088
0.001193316524
0.00060736963
-0.0006287283264
-0.001064297475
0.001144868036
-0.0006983519632
-0.0007353332721
-0.00125186401
0.0006682001802
-3.829898143e-07
-0.001207813434
-0.0008030338227
-0.001207221583
-0.0008030517414
0.0007029810739
4.323137961e-07
-0.0007655662746
-6.21013997e-07
-0.0007035684843
0.0006446708735
0.0006438150705
-0.0007660815702
0.0009343617521
0.0006569283298
-0.0009299899248
-3.228248083e-07
0.000745523446
0.0009621997341
0.0007444464487
0.0009617380095
-0.001025710305
5.528366091e-07
0.001072732404
-9.389690506e-07
0.001025132888
-0.0009965437653
-0.0009984531628
0.001072857206
0.0008569551689
-0.001000741816
-2.593396492e-07
-0.001135491991
-1.670008979e-07
0.0008284697018
-0.001134734517
0.0008278106462
2.466533441e-07
4.784393152e-05
-1.06461593e-05
-1.163962356e-09
6.387156414e-08
6.470576846e-05
1.090532917e-07
6.397649255e-05
6.46679804e-05
6.067192619e-09
6.40725823e-05
-1.114482571e-09
-1.981715645e-10
2.534825244e-12
-3.440140002e-05
5.462013503e-05
2.146871471e-08
0.000204907758
-3.592835798e-05
0.0002049201463
-3.609484158e-05
2.19645692e-08
-4.649436679e-05
-4.646478834e-05
4.785544779e-05
-1.062229275e-05
3.800816668e-08
6.469253058e-05
9.37576774e-08
6.397046033e-05
6.468025757e-05
6.405406444e-05
-4.80320439e-09
-0.00034271389
-0.0005376237031
-9.919757112e-10
0.000426572485
-3.22449617e-07
-0.0004671468924
-0.0002449408133
-0.0004680664094
-0.0002444995503
1.283709491e-09
0.0002888269963
5.181027389e-07
-0.0002041220273
-2.025586344e-10
-6.083403358e-07
-0.0002896268083
0.0003619355841
-5.892476416e-10
0.0003609218583
-0.0002045585935
-0.0006085127897
-8.738406622e-05
9.123684897e-07
0.0005248865613
1.21103083e-09
-1.719784619e-06
0.0006050476837
-0.000671525079
-9.086844666e-07
8.764459318e-05
0.000507745576
7.282922076e-05
0.0005979205616
1.251318719e-09
-0.0006724628282
1.05938651e-09
-0.0006781788281
0.0005096278019
7.460424868e-10
0.0005230113434
0.0001256648116
-0.0004041008816
2.164911187e-09
-4.763161322e-07
-0.0004242416203
-0.0004251858516
1.746116383e-09
-0.0001049749946
5.521731355e-07
1.504594574e-09
-5.579902169e-07
0.0001052366938
1.981678289e-09
0.0002434767467
-0.0006275898693
9.037785358e-07
0.0005533011564
-0.0001700919554
0.0006745372673
-0.0002054944069
0.0002610392506
-0.0007318947389
-1.00241791e-06
-0.0002442360998
0.0006083040436
0.0003079234325
-1.729297847e-06
0.0006244680951
-0.0001412295116
-0.0006876021107
0.0006102755589
0.0003067359066
-0.0001407197381
-0.0006940949236
0.0005517149237
-0.000170579148
-0.0003427449834
-0.0005376051338
0.0004265457936
-3.279868584e-07
-0.0004671955198
-0.0002449796481
-0.0004680960485
-0.0002444870531
0.0002888187128
5.150818661e-07
-0.0002041288867
-6.082811727e-07
-0.0002896116627
0.0003619136987
0.0003608802719
-0.0002045771728
-0.00060851445
-8.738071631e-05
9.148597032e-07
0.0005248895617
7.279585505e-05
0.0005979197442
-0.0006724356338
-1.72272e-06
0.0006050506363
-0.0006715276625
-9.109295263e-07
8.763614113e-05
0.0005077381729
-0.0006781599965
0.0005096290593
0.000523022488
0.0001256668736
-0.0004041047623
-4.864924353e-07
-0.000424238901
-0.0004251760656
-0.0001049724634
5.585797115e-07
-5.614107809e-07
0.0001052350054
-0.00133139787
-2.376110083e-09
0.005688250161
-1.756754125e-08
2.530053015e-09
0.005851911569
-0.0003510678371
-0.0003916960426
-0.0004036075598
0.005673631961
-0.001346969383
-0.001331398546
0.005820408479
0.005688399632
0.005852061411
-0.0003916985379
-0.0003510538903
-0.0004035890201
-0.001238321048
-1.212743835e-08
0.00601257853
-1.896764942e-08
-0.0003549524257
-0.0003803848684
-0.0003618419231
-1.204951668e-08
0.006152996208
-0.0003501092734
-0.0003387554558
-0.0003510908988
0.005935967942
-0.001296837864
-0.001238316571
0.006061401677
0.006012638083
-0.0003803844333
-0.0003549615117
-0.0003618289531
0.006153051043
-0.000338737099
-0.0003501164901
-0.0003511123534
-0.001074923644
-1.654771245e-08
0.006267806387
-7.862942282e-09
-0.0003087145994
-0.0003306774448
-0.0003077856099
-1.242477652e-08
0.006355447477
-0.000301294676
-0.0002800126667
-0.0003000542259
0.006155362954
-0.00116401242
-0.001074948901
0.006244213519
0.006267885609
-0.0003306258711
-0.0003087987778
-0.0003078571736
0.006355507789
-0.0002800897016
-0.0003012246091
-0.0002999917581
-0.0009256595408
-1.42227261e-07
0.006432550071
-2.181399166e-08
-0.0002534166731
-0.0002749516823
-0.0002522859369
-1.109500198e-07
0.006323766035
-0.0009789761047
-0.000926458423
0.006433094428
-0.0002748216947
-0.000253509915
-0.0002523402973
-0.001462433452
1.892056338e-09
0.004883786898
6.102007668e-09
4.511686882e-09
0.005054930647
-0.0003809030866
-0.0004297192869
-0.0004263574481
0.004990911593
-0.001358421424
-0.001462441962
0.005160464146
0.004883651824
0.005054811167
-0.0004297435092
-0.0003808716309
-0.0004263465435
1.064008195e-08
-0.000398236457
-0.0004378206011
-0.0004468714222
-0.0003938653904
1.528365058e-08
-0.0004338410317
-0.000452280511
-0.0004387059912
0.001238495328
0.001372425359
0.001383359043
0.001238321201
0.0004434937344
-0.0012769758
-1.797983193e-05
0.005284636647
-0.001585668363
-0.0003982511051
-0.0004378160393
-0.0004468463613
-0.0003938360015
-0.0004521805731
-0.0004339589035
-0.0004388295952
0.00123855155
0.001372464992
0.001383358441
0.001238328815
-1.799265289e-05
0.000443510157
-0.001277013467
0.0003815110912
-0.00153222391
5.332351699e-06
0.001549344547
-0.0004039627965
-1.28307697e-09
-6.636541763e-06
-0.0003838907049
0.001519309933
-1.412832396e-05
0.001506379182
-0.001458149382
-0.000424756932
0.001522166287
-0.0003938434815
-0.001526040052
1.12923545e-09
0.001535202346
-3.446936321e-09
-0.00152680642
-0.0004133907279
1.422659458e-09
0.001539367238
-0.0004115464264
0.0003209592621
-0.001601625484
5.359553542e-07
0.001613979562
-0.0003338478038
-1.490573001e-09
-3.614526757e-07
-0.0003220658593
0.001592383995
-7.752742454e-07
0.001600865503
-0.001584334669
-0.0003619834496
0.001579914239
-0.0003452197804
-0.001566146584
-2.131896206e-09
0.001592727193
-7.493785332e-10
-0.001586248301
-0.0003613700954
-2.142143538e-09
0.001613715555
-0.0003343799544
0.0002592200431
-0.001633287239
4.587314311e-07
-0.0002619907488
-3.933617255e-09
-1.871241555e-07
-0.0002605584716
-6.569349599e-07
0.001634161096
-0.001631804718
-0.0002852689924
0.001619257146
-0.0002828900018
-0.001611828432
-6.132276045e-09
-3.894615483e-09
-0.001631697225
-0.0002851324416
-4.507011084e-09
-0.0002623522239
0.0002013768975
-6.071872825e-07
-0.0002130599103
-0.0002115209355
-6.267797145e-07
0.0002014620193
-0.001321807922
-1.706212156e-08
0.00440094501
-6.672243187e-09
-3.068540571e-08
-0.001308643688
0.001057073931
0.001138218106
0.001163558376
0.004545576736
-0.001168321261
-0.001322035876
0.004400764337
-0.001145405812
-0.001309107469
0.001138208991
0.001057071659
0.001163552899
0.0004776081078
-0.001250529423
2.43243291e-06
0.001290145858
-0.0005196611607
4.185425633e-09
-2.000368378e-06
-0.0004764953063
0.00128693343
-8.962777023e-06
0.001232621527
-0.001185994844
-0.0005027367169
0.001267632706
-0.0004693527806
-0.00126341823
4.244061198e-09
0.001304530073
4.382917693e-09
-0.001232751301
-0.0004960966576
2.989667665e-09
0.001281949363
-0.0005233906987
0.0005421430175
-0.001406517815
8.450558344e-07
0.001455235748
-0.0005917167094
1.070230382e-08
-1.457261344e-06
-0.0005450019531
0.0005045962733
0.001451211647
-1.212254732e-06
0.001406844895
-0.00136122082
-0.0005851841178
0.001410909143
-0.0005372811638
0.0004915917674
-0.001368298515
5.553798536e-09
0.0004992437537
0.001452348197
2.948312063e-09
-0.001360676925
-0.0005843476048
1.329696548e-08
0.00145535905
-0.0005926710525
4.709565401e-08
0.00141511301
-0.0001826520292
-0.0002331321224
0.001558949038
0.0002632188781
3.855329444e-09
0.001415275361
-0.0001829304971
4.271610518e-09
0.0002196716434
7.331383997e-09
0.001362057005
-0.0001664549303
-5.686426918e-09
-5.351834961e-08
-0.0002191773883
0.0002484402939
0.001529900587
0.0002487234865
0.001529848324
-4.658776875e-09
0.001362154961
-0.0001662120253
-2.959215475e-07
-6.471937537e-08
-0.001270221439
-0.0001155366121
0.001424188399
-0.0001473360131
-0.001458889707
3.656731395e-09
0.0001818012654
-0.001270130191
-0.00011540781
1.53782236e-09
6.918822153e-09
0.000993326738
0.001102819448
0.001086194751
-0.0003340549399
-0.0003586897461
-0.0003418471846
-0.0003116692397
6.140024121e-08
0.0009105749663
0.001000843269
0.00102580146
0.0009383425153
0.0003438996146
-0.0009010324564
-1.659661334e-05
0.004145762928
-0.001106054435
0.001102924402
0.0009931438397
0.001085967294
-0.0003339628431
-0.0003586216225
-0.000341891979
-0.0003117536447
0.0009106325237
0.001000867756
0.001025855759
0.0009384112841
-1.658228191e-05
0.0003439064854
-0.0009010989041
0.0004480611898
-0.001076922746
1.481504205e-05
0.001046989861
-0.0004329438409
4.940069427e-10
-1.929099447e-05
-0.0004361172332
0.0004234729575
0.001045482927
-5.754987544e-07
0.0009991493058
-0.0003824225019
0.001105057977
-0.0004224011822
0.0004172979476
-9.765752649e-10
0.0004416309598
0.001092196802
4.07105437e-10
-0.000413707824
3.147688626e-09
0.001013054356
-0.0004352072439
-0.0006336063417
-2.65263059e-08
0.003815125912
-3.307026569e-09
-3.889971108e-09
-0.0004582508366
0.0008739403977
0.0009478610777
0.0009527773721
0.003980405325
-0.0005202675489
-0.0006332124818
0.003814638315
-0.0003798398526
-0.00045812952
0.000947697261
0.0008739936455
0.0009527856908
0.0004235746376
-0.0008311340371
2.804998791e-06
0.0008002820128
-0.0003955274796
-1.322560284e-10
-3.391023721e-06
-0.0004266643407
0.000444096116
0.0008505294871
-7.366196086e-06
0.000820419414
-0.0008335537874
-0.0003440063095
0.0008787072028
-0.0003611200649
0.0003887147117
-0.0009153719445
6.003756154e-10
0.0004427889447
0.0008561034575
-1.577855723e-09
-0.0008621359962
-0.000337483817
-4.76671117e-10
0.0007957418477
-0.0003991817646
-0.0002404555287
-4.64831932e-09
0.0008349814292
0.0009168917461
0.0009127228868
0.003680683572
-3.957271236e-09
-2.282269775e-09
0.0008180961923
0.0009026953208
0.0008925737568
0.003721921488
-0.0001979653447
-0.0002403549043
0.0009169971895
0.0008349094106
0.0009126332031
0.003680710264
0.0009026123944
0.0008182117282
0.0008927070203
0.0001305969587
-0.0008724512144
1.570845225e-05
0.0008152390896
-8.909483903e-05
1.553148094e-09
-1.560368233e-05
-0.0001267046235
0.0001597906122
0.0007948595726
-3.408672651e-06
0.0008053392463
-7.236364249e-05
0.000879763749
-0.0001170297106
0.0001509752442
-1.907209992e-09
0.0001654854911
0.0008292705992
9.283714994e-10
-8.016671173e-05
-6.450345333e-12
0.0007810925607
-8.674949476e-05
0.0004316918184
0.001532671241
-3.857660762e-06
-0.0004482278086
-8.983852963e-09
-5.087149053e-06
-0.0003715752332
-2.193579244e-05
-0.00139323363
-0.0004299226215
-0.001535693796
-0.0004105694858
2.119048758e-10
1.3771316e-09
-0.0004266410153
5.594563905e-10
-0.0004139044541
-0.001418279399
-0.0004626504126
2.880206965e-06
0.001452374695
1.227239706e-09
-1.421085225e-05
0.001386093925
-0.001335165331
-2.993289446e-06
0.0004623608993
0.001442704762
0.0004597033384
0.001417385056
5.047784996e-10
-0.00139682711
8.239309902e-10
-0.001410144133
0.001450988734
-3.623952136e-09
0.001431062381
0.0004598228824
-0.001485676915
-8.103363543e-09
0.00152169196
-0.0004965314168
0.001476826094
-0.0004673620169
-5.304567945e-06
-1.26182423e-08
-2.478009832e-06
-0.001472286128
0.001504159635
4.191140746e-07
0.0004604327703
-0.0005023588649
-9.193163168e-09
0.001507539147
-1.273027024e-08
-0.0005016183481
0.0004316723943
0.001532637514
-3.864874792e-06
-0.0004481877592
-0.001535685438
-0.000410554085
0.001526033772
-5.085924356e-06
-0.0003715714746
-2.191630675e-05
-0.001393255056
-0.000429899885
0.001458140857
-0.000426627586
0.001526795269
-0.0004138338306
-0.001418361197
-0.0004626561771
2.877761711e-06
0.001452479992
0.0004598086383
0.001417314645
-0.0004916177969
-0.001396830149
-1.420035366e-05
0.001386236103
-0.001335216978
-2.99051254e-06
0.0004623726257
0.001442589471
-0.0005045986659
-0.001410155066
0.001450885697
-0.0004992213623
0.001431258893
0.0004598275033
-0.001485664912
0.001521677822
-0.0004965445907
0.001476823592
-0.0004672252717
-5.318688778e-06
-2.46883947e-06
-0.001472272056
0.001504172167
4.517750027e-07
0.0004601656861
-0.0005022328032
0.001507545477
-0.0005015654406
0.0003673932318
0.001568134252
2.134625859e-06
-0.000388316361
-1.206774626e-09
-2.648843353e-06
-0.000369902273
-1.223127422e-06
-0.001563788714
-0.000378351195
-0.001548857565
-0.0003573314845
-2.978944866e-09
-1.733515837e-09
-0.0003766661399
-2.522425321e-09
-0.0003921891218
-1.165098976e-06
0.000437289641
0.001585258073
0.001556548007
0.0004472695474
-3.815473229e-09
0.0004334332272
0.001585413744
4.254041746e-09
-0.001537493088
2.241533936e-06
0.001564722218
-2.36412873e-10
-3.930845285e-06
0.001535062549
-5.970007886e-09
0.001563047293
-6.57608858e-07
0.0004157720685
-0.001612075951
0.000397448766
-3.172545783e-09
0.001632001397
0.000413669714
-1.317600227e-10
0.001588956163
1.118369023e-06
1.042431348e-09
-6.75159972e-07
-0.001587748614
0.001608348065
-2.588361203e-09
0.00160906622
0.0003815091698
-0.001532223888
5.328748871e-06
0.001549350511
-0.0004039658374
0.001522162462
-0.0003938505975
-6.630408687e-06
-0.0003838880103
0.001519298685
-1.412878343e-05
0.001506388355
-0.0004247863061
0.001535208812
-0.0004134065881
0.001539384308
-0.0004115552175
0.0003673965866
0.0015681346
2.134068875e-06
-0.0003883159545
-0.001548838692
-0.0003573272656
0.001566142237
-2.65262155e-06
-0.0003699153953
-1.219600939e-06
-0.001563788516
-0.0003783459687
0.001584334937
-0.0003766636525
0.001586248863
-0.0003921855303
0.001556543023
0.000447271226
-1.169860648e-06
0.0004372726799
0.001585296162
0.0004334158858
0.001585448779
-0.001537491703
2.238127778e-06
0.001564703384
-3.912441503e-06
0.001535055414
0.001563011003
-0.001612084858
0.0003974500534
0.00163199882
-6.58416623e-07
0.0004157967212
0.0004136894933
0.00158895427
1.123693172e-06
-6.713918672e-07
-0.001587745889
0.001608348337
0.001609066689
0.0003107252477
0.001623561064
4.700730036e-07
-0.0003207742524
-2.571591145e-09
-3.805090898e-07
-0.0003114068731
-4.469205878e-07
-0.001623564703
-0.0002978250319
-0.001603021094
-0.0002890379593
-3.229711537e-09
-3.393631302e-09
-0.0002976185935
-2.447491912e-09
-0.0003207859487
-1.4352829e-07
0.0003464114165
0.0016564295
0.001645800353
0.0003775708408
-1.868508703e-09
0.0003462948627
0.001656560774
-1.109628076e-09
-0.00162485518
2.575888864e-07
0.001637046275
-1.623219851e-09
-4.139511048e-07
0.001624517799
-2.169696953e-09
0.001636806843
-1.236606122e-07
0.0003275656304
-0.001648648912
0.00030708761
-3.009715606e-09
0.001640414313
0.0003277206174
-2.233379535e-09
0.001643769745
2.265953372e-07
-3.701984463e-09
-2.028363283e-07
-0.001643813132
0.00165295604
-2.179111007e-09
0.001653038105
0.00032096966
-0.001601626068
5.356620552e-07
0.001613969846
-0.0003338505887
0.001579953792
-0.0003452128677
-3.677921459e-07
-0.0003220939703
0.001592352591
-7.726439592e-07
0.001600868977
-0.0003619733774
0.001592697741
-0.0003613648588
0.001613694543
-0.0003343838669
0.0003107189431
0.001623561634
4.681250842e-07
-0.0003207814317
-0.001603045456
-0.000289092827
0.001611818571
-3.760673941e-07
-0.0003113920945
-4.507426437e-07
-0.001623577267
-0.0002979029072
0.001631837462
-0.0002976823086
0.001631697914
-0.0003208066945
0.001645782025
0.0003775662736
-1.437775264e-07
0.0003464792548
0.001656319907
0.00034635591
0.001656455032
-0.001624854001
2.600066558e-07
0.00163709769
-4.119296485e-07
0.001624523266
0.001636878654
-0.001648677311
0.0003069919561
0.001640441016
-1.174753587e-07
0.0003275130194
0.0003276714318
0.001643767178
2.168072609e-07
-1.93635372e-07
-0.001643801791
0.001652783772
0.001652881016
0.0002761155852
0.001627453405
3.37620428e-09
-0.00164381048
-0.0002566658648
1.791526922e-07
0.001638309906
-3.460938801e-09
-2.109059567e-07
0.001643923903
-1.27289257e-07
0.0002568139987
0.00161933561
-1.288862956e-10
0.001619387971
-4.233693487e-09
0.001638564826
0.001627649037
-0.0002494015641
2.94415002e-07
-6.846839936e-09
-2.651919436e-07
-0.001628036862
0.001618054699
-2.988180024e-07
0.0002498678931
-0.0002251402961
0.0002357763846
-0.001594722226
-4.021611772e-09
-0.0002106494168
0.001569173712
-7.137319067e-09
0.001617663084
-3.626168914e-09
-0.0002250310244
0.0002592209092
-0.001633287768
4.564325245e-07
-0.0002619919392
0.001619317202
-0.0002828255887
-1.912652384e-07
-0.000260566896
-6.416170031e-07
0.001634167113
-0.0002851702002
-0.000285061563
-0.0002623530266
0.0002762004877
0.001627467146
-0.0002633027585
-0.001643810433
-0.0002566791402
1.748052716e-07
0.001638319382
-2.093833274e-07
0.001643925168
-1.200209821e-07
0.0002568381395
0.001619262942
-0.0002483898346
0.001619337042
-0.0002486732817
0.001638585092
0.001627648846
-0.0002493928115
2.875672889e-07
0.0002356550902
-0.001594778543
-0.0002105054756
0.001569213752
-2.52997772e-07
-0.001628024538
0.001617990134
-2.987165352e-07
0.0002498441745
-0.0002252405219
0.001617651851
-0.0002251366071
0.0004451147827
0.001233551057
6.192147822e-07
-0.0004526634695
1.239289255e-09
-5.025723697e-06
-0.0003921689479
-1.579826603e-05
-0.001135282699
-0.0004677227928
-0.001262249742
-0.0004542849712
1.492957946e-09
9.086074055e-10
-0.000469285113
1.644357832e-09
-0.0004128441323
-0.001170750957
-0.0004257700668
1.804014615e-05
0.001178152771
1.750001463e-09
-6.19498505e-06
0.001066678379
-1.940781772e-05
0.0004008255061
0.001082379123
0.0004105741539
0.001140317589
-1.563090134e-09
-7.152392948e-10
0.001136769352
1.308087959e-09
0.00111749334
0.0004919487783
-0.001145155617
2.277633337e-09
0.001159645417
-0.0005111494732
0.001172039958
-0.0004534496838
6.897622677e-06
1.408359812e-09
-5.533974535e-06
-0.001151680795
0.001179276556
-1.146262949e-05
0.000440133962
-0.0004700840119
1.142363845e-09
0.001189168514
1.609543858e-09
-0.000473300183
0.0004451158486
0.001233558894
6.205264521e-07
-0.0004526772108
-0.001262265981
-0.0004542621605
0.001263389826
-5.026256825e-06
-0.0003921706001
-1.580047931e-05
-0.00113529694
-0.0004677063936
0.001186015285
-0.0004692733151
0.001232771224
-0.0004128706291
-0.001170753725
-0.000425761805
1.803936691e-05
0.001178159418
0.0004105558094
0.001140345587
-0.0004173146728
-6.191226469e-06
0.001066695765
-1.940720657e-05
0.0004008151623
0.00108238498
-0.0004234257921
0.001136756671
-0.0004415787888
0.001117514144
0.0004919575
-0.001145100444
0.001159669361
-0.0005112389328
0.001172048471
-0.0004534629913
6.898145364e-06
-5.535538765e-06
-0.001151700478
0.001179309514
-1.146402682e-05
0.0004401588149
-0.0004700325753
0.001189198266
-0.0004732691773
0.0005116701478
0.001321109929
-4.475444041e-07
-0.0005421929271
6.256357067e-09
4.741336088e-06
-0.0005041635031
0.0004581216779
-5.357160642e-07
-0.001319950892
-0.0005685487283
-0.001330093296
-0.0005287336365
7.098595305e-09
0.000488841686
4.371456158e-09
0.0004908438802
-0.0005688469183
1.05636455e-08
-0.0005426125864
-1.507169748e-06
0.0005669963045
0.001227751342
0.001188053126
0.00052994857
5.396476318e-10
0.0005645015352
0.001229444301
7.51640973e-10
-0.00121897459
1.935051786e-06
0.001261877294
2.623044335e-09
-4.044666292e-06
0.001213597767
1.180462286e-09
0.001259138434
-0.001281430581
0.0006110804576
1.085240516e-08
0.001338113604
-6.889213462e-07
0.0005919498299
0.0005911647473
3.865235508e-09
0.001310235028
6.065164836e-07
7.570993068e-09
-3.46307219e-07
-0.001309082197
0.001352461293
1.304982363e-08
0.001352109211
0.0004776235477
-0.00125053702
2.438049213e-06
0.001290164165
-0.0005196845502
0.001267726232
-0.0004693699899
-2.008870497e-06
-0.0004765248217
0.001286940179
-8.966504632e-06
0.001232640551
-0.0005027317247
0.001304515695
-0.0004960992941
0.001281993646
-0.00052343986
0.0005116637483
0.001321124217
-4.371356488e-07
-0.0005421804154
-0.001330107271
-0.0005287196104
0.001368312874
0.0004888279344
4.733077551e-06
-0.0005041534576
0.0004580905821
-5.530375916e-07
-0.001319991125
-0.0005685481558
0.001361293917
0.0004908096129
-0.0005688512082
0.001360713335
-0.000542588075
0.001188074822
0.0005299248375
-1.508296672e-06
0.0005669548299
0.00122778922
0.0005644594438
0.001229477468
-0.001218979183
1.938047086e-06
0.001261818662
-4.045809631e-06
0.001213614102
0.001259067124
-0.001281406488
0.0006111160757
0.001338139116
-6.932104511e-07
0.0005919754208
0.0005911967068
0.001310227581
6.149452524e-07
-3.655751378e-07
-0.001309069416
0.001352514788
0.001352139925
-2.49134106e-07
-0.001505477861
-0.0005885723066
-0.0005396080012
-0.001496176889
-1.848003029e-08
-0.001505175934
-0.0005888172119
-7.001996525e-08
0.0005457803017
3.432571883e-07
-0.000596029991
-3.375266154e-08
-3.549127528e-07
-0.0005467386975
-2.16575633e-08
-0.0005965142597
0.001389774043
0.0006339060104
1.191926659e-08
-2.141923699e-07
0.000645109938
0.001439767077
0.0006449263668
0.001438862842
9.923012649e-09
-0.001401240552
3.842423444e-07
0.001454049762
1.620390468e-08
-4.103454331e-07
0.001401852966
1.672085061e-08
0.001454676095
-0.001479849824
0.000640001838
-2.685077656e-08
-2.180581046e-08
0.0006473409975
0.0006473161802
1.651988511e-09
-2.097224073e-07
-0.001505633572
-0.001505203608
-6.801823135e-08
1.307403244e-07
1.601701734e-09
0.0005421379722
-0.001406561641
8.941050863e-07
0.001455287371
-0.0005917471018
0.001410893612
-0.0005372793673
-1.483669799e-06
-0.0005449737536
0.001451211277
-1.237138289e-06
0.001406975199
-0.0005852003097
0.001452329498
-0.0005843515142
0.001455620446
-0.0005927248949
-0.0005396747218
-0.001496097304
-1.203036226e-08
-0.001505689089
-0.0005887395269
-0.001505080352
-0.0005887685721
0.0005456803271
3.624977545e-07
-0.0005958695647
-3.254172976e-07
-0.0005465219511
-0.0005962280999
0.001389798495
0.0006338991365
-2.491252607e-07
0.0006452041247
0.001439827589
0.0006449588994
0.001438859429
-0.001401261069
4.479798569e-07
0.001454041091
-4.431983683e-07
0.001401936614
0.001454863823
-0.001479887926
0.0006400256878
-4.189298131e-08
0.0006474593043
0.0006472795413
-9.013388245e-08
-0.001506397595
-0.001505150097
3.02568683e-07
0.0001978541449
0.00131468731
2.867915342e-09
-0.0001504828867
-4.43301989e-09
-9.314676493e-08
-0.000197398682
-6.676213383e-08
-0.001314709842
-0.0001227371742
-0.001502582404
-0.0001671476658
-3.437954743e-09
-4.101888818e-09
-0.000122656589
-7.124317225e-10
-0.0001499506728
0.0008478187088
0.0001193665471
-3.757295401e-09
4.671781715e-08
0.0001014785267
0.0007973171453
0.0001015801195
0.0007975498233
-4.842961474e-09
8.810930575e-08
0.001177619405
0.001177920207
1.204823898e-10
-2.410110651e-08
0.001113073134
-3.648586259e-09
0.001112861806
-0.0007512346142
8.105096455e-05
2.431699019e-09
0.0007174294335
2.697425086e-08
9.348463225e-05
9.376105558e-05
-2.338429815e-09
0.001056374101
-1.898336998e-08
-3.79602624e-09
-3.996828552e-08
-0.001056376768
0.001014724102
1.067696241e-09
0.001014727437
-0.0002331912483
0.001558936345
2.096299281e-08
0.001415182476
-0.0001827551854
0.001415330415
-0.0001830294768
0.000219672755
-9.132325612e-10
0.001362062516
-0.0001664096241
-4.657873393e-08
-0.0002191798988
0.001529923049
0.001529884589
0.001362166913
-0.0001661652585
0.000197841177
0.001314686716
-2.749090926e-09
-0.0001504670563
-0.001502493863
-0.0001671042868
0.001458911581
-9.119832731e-08
-0.0001973770675
-6.645774713e-08
-0.001314706721
-0.000122763014
0.001270276752
-0.0001226845097
0.001270199778
-0.0001499196206
0.0008478286519
0.0001193664089
6.50616761e-08
0.0001015444058
0.0007972088672
0.0001016432153
0.0007974655977
7.549873427e-08
0.001177574467
0.001177850636
-3.082721654e-08
0.0011131114
0.001112922783
-0.0007512452158
8.111381986e-05
0.0007174511141
2.838259284e-08
9.341937161e-05
9.371647172e-05
0.001056379642
-2.264478789e-08
-4.983341798e-08
-0.001056399899
0.001014775109
0.001014760194
8.801931289e-05
-7.420230863e-09
-1.360837355e-09
-2.860226386e-09
-0.0001473924451
0.0001818523714
-7.402583356e-08
-0.0001155775272
-0.0001154168631
8.796834952e-05
8.917513851e-09
-3.298743872e-06
-0.001031446082
-0.0005682944236
-0.0005393149469
-0.001098504912
1.494165348e-09
-0.001043172773
-0.000563696073
-2.01073405e-09
0.0004908638702
8.691133334e-06
-0.0004957385337
6.170697604e-10
-1.125454048e-05
-0.0004933460192
1.03365952e-09
-0.0005030466169
-0.0009852520065
-0.0004434367686
4.776130797e-06
0.0009909676366
1.165861018e-09
-5.193973036e-06
0.0009708653383
-0.0009545662456
-3.761653089e-06
0.0004429574114
0.0009176577443
0.0004033942246
0.0009280631974
-1.207899022e-09
-0.0009515602195
1.471204261e-09
-0.001000761046
0.0009236547178
-9.947408223e-10
0.000983391639
0.0005770881174
-0.0009292568809
3.491769554e-09
-0.000579245831
-1.848619086e-06
-0.0009832415345
-0.0009868419653
-1.393067925e-09
-0.0004952256118
3.611450722e-06
1.297275869e-09
-2.278557279e-06
0.0004992850643
-0.0005052942904
1.511415472e-09
-0.0005031078431
0.0004480512026
-0.00107688826
1.481491834e-05
0.001046965116
-0.0004329424851
0.001105033052
-0.0004222720328
-1.928434623e-05
-0.0004360871246
0.001045506295
-5.797267221e-07
0.000999070089
-0.0003824410423
0.001092221523
-0.0004137695774
0.001013002001
-0.0004352041195
-0.0005392751871
-0.001098552311
-3.28826825e-06
-0.001031506993
-0.000568237822
-0.00104322906
-0.0005636338842
0.0004908511817
8.688422268e-06
-0.0004958029348
-1.125224814e-05
-0.0004933154387
-0.0005031320099
-0.0009852660394
-0.0004434247281
4.776586732e-06
0.0009909728614
0.0004033788398
0.0009281070805
-0.0003886978323
-0.0009515976268
-5.188179865e-06
0.0009709032223
-0.000954634315
-3.755020181e-06
0.0004429387074
0.0009176843214
-0.0004440501932
-0.001000843483
0.0009236610484
-0.000442734709
0.0009834143999
0.0005771321079
-0.0009292065765
-0.0005792142581
-1.844994416e-06
-0.0009832330501
-0.0009868013276
-0.0004952484971
3.618391297e-06
-2.284885862e-06
0.0004993322686
-0.000505243375
-0.0005030773995
0.0002978451175
0.0009089087607
2.021684054e-06
-0.0002643725916
6.48696829e-10
-2.679134214e-06
-0.0002685582854
0.0002847455206
-1.279454556e-05
-0.0008451503662
-0.0002940862648
-0.0009547962348
-0.0003243657199
-7.889757854e-10
0.0003478362267
2.145563654e-09
0.000318734538
-0.0002903858222
-1.675266558e-09
-0.0002433056417
-0.0009226131286
-0.0002025221634
1.348329939e-05
0.0008847154499
1.203569136e-10
-3.624739463e-06
0.0008499285548
-1.5295321e-05
0.0001911848114
0.0008243796741
0.0001824905236
0.0009131874339
2.187405936e-09
-2.577038171e-10
0.0008608552024
2.346159663e-10
0.0008462553427
0.0002630759804
-0.0008061317883
-4.615808306e-09
0.0007604208868
-0.000221224457
0.0008429998012
-0.0002284944693
5.837176176e-06
3.500237619e-10
-4.786910492e-06
-0.0008300232943
0.0008037742696
-8.641874121e-06
0.0002212364193
-0.0001806980244
-9.136952745e-11
0.0008109031413
-1.317899234e-09
-0.000182411613
0.000297857954
0.0009089245565
2.022266693e-06
-0.0002644166493
-0.0009547284929
-0.0003243015736
0.000915253451
0.0003478102582
-2.689858034e-06
-0.0002685906064
0.0002847836451
-1.278735084e-05
-0.0008451686602
-0.0002940629677
0.0008336204762
0.0003187185136
-0.0002903808671
0.0008622148264
-0.0002433863524
-0.0009226107475
-0.0002025225507
1.348432106e-05
0.000884747675
0.0001824033966
0.0009131014307
-0.000150979067
-3.620102307e-06
0.0008499330728
-1.530808044e-05
0.0001911671997
0.0008242332716
-0.0001597294857
0.0008607598089
-0.0001654887782
0.0008463135172
0.0002630406458
-0.000806192285
0.0007605003185
-0.000221190567
0.0008429914876
-0.0002284961746
5.836062675e-06
-4.784503158e-06
-0.0008300024415
0.0008037323945
-8.640845707e-06
0.0002212392153
-0.0001808659718
0.0008108666727
-0.000182570816
-0.0005669446933
-0.0008418387254
-6.463499564e-10
-7.100444264e-07
-0.0007645607809
-0.0005328909753
-0.0007664776133
-0.000531379557
1.645473677e-09
0.0004904833307
1.26451933e-06
-0.0004579430608
-3.863788094e-10
-1.641448975e-06
-0.0004925581073
-1.223835212e-09
-0.0004601125132
-1.271187281e-06
0.0003576089791
0.0006621527462
0.000713765613
0.0003055285735
-4.38096771e-09
0.0003552611105
0.000664008714
-4.505356188e-09
-0.0007756559016
1.699299608e-06
0.0007336876016
2.634656759e-09
-3.290006255e-06
0.0007712272166
1.994663027e-09
0.0007313537375
0.0004874461549
-0.0006128008536
1.209060747e-09
-5.057582533e-07
-0.0006852671961
-0.000686291584
2.932599981e-09
-7.000209923e-07
0.0004131454518
0.0004114306533
-9.506837616e-10
8.805132203e-07
3.102939117e-09
0.0004235719225
-0.0008311243126
2.805075442e-06
0.0008002878195
-0.0003955406292
0.0008786701564
-0.000361196523
-3.389734988e-06
-0.000426661905
0.0008505349289
-7.362187152e-06
0.0008204062079
-0.000344004727
0.0008561160623
-0.0003374686688
0.0007957570697
-0.0003992076851
-0.0005669347607
-0.0008418808877
-7.096356214e-07
-0.0007644950877
-0.0005329812789
-0.0007664393584
-0.0005314603839
0.000490476731
1.265979751e-06
-0.000457894629
-1.633285074e-06
-0.0004925367464
-0.00046000878
0.0007138216515
0.0003055420729
-1.237799804e-06
0.0003575501251
0.0006622415612
0.0003552175656
0.0006640976929
-0.0007756512084
1.70229442e-06
0.0007336284917
-3.290865519e-06
0.0007712166299
0.0007312613683
0.0004874467923
-0.0006128130537
-5.187505988e-07
-0.0006853071227
-0.0006863326669
-6.829269135e-07
0.0004131691904
0.0004114810361
8.853411899e-07
-3.829993487e-06
-0.000744393594
-0.000112040317
-0.0001724013525
-0.0007845995865
1.222714747e-09
-0.0007587760748
-0.0001114659895
-9.7024226e-11
0.0001470879848
9.471251593e-06
-0.0001000977591
1.534371507e-09
-9.344897667e-06
-0.0001464380145
2.483342186e-09
-0.0001002678014
-0.000849898108
-4.578635668e-05
1.529968672e-05
0.000791289836
1.009338013e-10
-3.332169336e-06
0.0007858228547
-1.543782099e-05
4.461614339e-05
0.0007642283421
4.082182029e-05
0.0008585825197
-2.072224917e-10
-1.41871309e-09
0.0007973562566
5.73957634e-11
0.0007589891801
-3.819867979e-06
-0.0007202523643
5.941271461e-05
-0.0007357139739
1.816412899e-09
-0.000734053803
1.828411642e-09
-5.219846597e-05
9.336602931e-06
1.327512626e-10
-9.438674069e-06
5.219438932e-05
1.191548297e-09
0.000130595563
-0.0008724440486
1.570943032e-05
0.0008152485604
-8.910795822e-05
0.0008798381971
-0.0001169892129
-1.559412669e-05
-0.0001266861058
0.0007949708675
-3.411434877e-06
0.0008053196225
-7.237996836e-05
0.0008293517788
-8.021150532e-05
0.0007811242857
-8.678134464e-05
-0.0001723736282
-0.000784513729
-3.830761056e-06
-0.0007443106436
-0.0001121610851
-0.0007587094889
-0.0001115899249
0.0001470880622
9.480429913e-06
-0.000100027891
-9.35777747e-06
-0.0001464438449
-0.0001001497763
-0.0008499166478
-4.578199387e-05
1.529586534e-05
0.000791294911
4.074010663e-05
0.0008585730448
-3.317551315e-06
0.0007858766757
-1.543807561e-05
4.460034848e-05
0.00076421388
0.0007973493721
0.0007589915385
5.943337932e-05
-0.0007357128471
-3.817795697e-06
-0.0007203412005
-0.0007341325122
-5.219351448e-05
9.328148704e-06
-9.438970844e-06
5.21712928e-05
-2.426805862e-05
-0.001265639998
3.564337313e-06
0.0004160768612
0.0004652458854
-0.001391215599
4.450575173e-09
-0.001406990996
4.08244611e-09
0.0004756144998
3.471011494e-09
5.107343111e-06
3.773899421e-09
0.0004652319378
-0.001391222364
-2.427852999e-05
-0.001265679399
3.556435876e-06
0.0004160722247
-0.001407013622
0.0004756121421
5.114367582e-06
-5.384532668e-07
0.0002004071356
3.171950855e-09
-1.949107569e-09
0.00020049123
-5.552673619e-07
-1.544907286e-05
-0.0009292724947
-3.581253094e-06
0.0002978692872
0.0003615443384
-0.0009818629983
-1.941371381e-09
-0.001013355613
9.00578058e-11
0.0003341324987
1.060928434e-09
4.729924978e-06
1.239383637e-09
0.0003615507207
-0.000981922307
-1.543550846e-05
-0.0009292551612
-3.562949996e-06
0.0002978802185
-0.0010133498
0.0003341020763
4.71730039e-06
2.558961171e-06
-2.620182111e-09
5.292795771e-05
-4.822931135e-05
4.917525836e-07
-1.093604222e-08
2.549664015e-05
-2.341849368e-05
-1.367009415e-08
7.021654728e-06
-6.516230938e-06
2.558378279e-06
5.292699919e-05
-4.82283293e-05
-3.009878144e-09
4.915541435e-07
2.549595987e-05
-2.341798135e-05
-1.115350693e-08
7.021391927e-06
-6.516062157e-06
-1.377537619e-08
-4.793726516e-07
-3.053020245e-06
2.443917407e-06
-1.385177062e-07
-1.284883742e-07
-1.479045253e-06
1.236941152e-06
-1.087804568e-07
-4.070947324e-07
3.623388212e-07
-8.373388259e-08
-4.815862148e-07
2.438392745e-06
-1.398194019e-07
-3.048609684e-06
-1.291607963e-07
1.233910593e-06
-1.094305769e-07
-1.476903809e-06
3.61365825e-07
-8.405020367e-08
-4.064755964e-07
-1.396470087e-06
1.181900154e-07
3.746493235e-05
-3.599239276e-10
-4.009456628e-05
-1.955682372e-07
8.723329066e-08
1.736454916e-05
-1.894977093e-10
-1.865249844e-05
7.040686118e-08
4.655724459e-06
-8.882823972e-11
-4.921609708e-06
-1.732748019e-06
3.746055772e-05
-4.009090897e-05
-3.45212385e-07
1.735724416e-05
-1.86575459e-05
4.651655175e-06
-4.926461099e-06
-3.018511921e-06
-1.729355473e-05
1.199581856e-07
1.192458188e-05
-3.506502731e-10
-5.679897728e-07
-7.745144897e-06
9.245186863e-08
5.202350738e-06
-1.832439073e-10
-1.952374887e-06
7.260954462e-08
1.311861649e-06
-8.49291043e-11
-5.141974305e-06
-8.061655576e-08
1.726206071e-05
-2.538314609e-05
-1.192636792e-06
-7.811028435e-08
7.731605072e-06
-1.160283031e-05
-7.046439033e-08
1.949038849e-06
-3.071212662e-06
-4.843686486e-06
-2.539926646e-05
-3.938858097e-10
-1.052498955e-06
-1.161423658e-05
-2.070774169e-10
-3.07524017e-06
-9.661207152e-11
-3.362424737e-06
1.188315889e-05
-7.178631226e-07
5.179495014e-06
1.303784376e-06
2.615648807e-06
1.232058469e-10
5.279564506e-05
-4.808146502e-05
5.212945744e-07
1.043472198e-10
2.541692054e-05
-2.33336053e-05
5.058404016e-11
6.991625378e-06
-6.484051051e-06
-1.625331864e-07
-6.338779057e-08
-3.228930894e-06
-5.352625669e-08
-5.016846044e-08
-1.537881718e-06
-4.161957949e-08
-4.19003186e-07
5.345718167e-09
3.042169522e-06
3.081911796e-10
-3.246438758e-06
2.645866876e-08
1.473512661e-06
1.747857831e-10
-1.544968307e-06
4.057510984e-07
8.742327265e-11
-4.209975299e-07
4.449134803e-06
-1.130800422e-07
-1.679020188e-05
7.878575694e-11
2.418447205e-05
9.329544245e-07
-8.745701318e-08
-8.253665087e-06
4.144270363e-11
1.185726402e-05
-7.044424344e-08
-2.320280452e-06
1.928303081e-11
3.323660289e-06
4.786905158e-06
-1.685013509e-05
2.427368856e-05
1.081034735e-06
-8.28728114e-06
1.190569488e-05
-2.331016804e-06
3.341607834e-06
-2.213708026e-08
4.041729281e-06
-1.488443166e-07
-4.92266686e-08
1.919067832e-06
-1.129881152e-07
5.22359173e-07
-8.395658973e-08
-6.381399054e-07
-7.053310208e-08
5.230565385e-05
-1.757429731e-07
-4.906059964e-08
2.508262304e-05
-3.606244503e-08
6.881710723e-06
-3.876188415e-07
5.227781161e-05
-5.279474879e-05
-9.100130726e-11
-8.075371528e-08
2.506047593e-05
-2.54163531e-05
-4.942443251e-11
6.874611601e-06
-6.991404039e-06
-2.350601137e-11
-1.314253989e-06
-1.629404172e-08
5.075549636e-05
-3.506805416e-07
-4.43507149e-08
2.416339969e-05
-5.137397475e-08
6.582402694e-06
-1.153180546e-06
-2.245033713e-10
5.068815394e-05
-2.595494654e-07
-1.421679422e-10
2.412263413e-05
-8.196097612e-11
6.563769574e-06
-3.815149447e-06
3.11688614e-05
5.667220528e-08
-3.55041245e-10
-8.556921208e-07
1.434139965e-05
6.387654303e-08
-1.850218798e-10
3.737450088e-06
6.266904652e-08
-8.574409595e-11
-3.592307571e-06
-1.382435998e-07
-3.115540832e-05
-7.494943097e-07
-1.054193697e-07
-1.434022351e-05
-8.187622088e-08
-3.738831777e-06
-3.20236675e-06
-3.726535761e-10
-5.804261902e-07
-1.970054589e-10
-9.160761235e-11
-4.056388966e-06
-9.754903407e-07
-1.3962496e-06
1.175979324e-07
3.746461916e-05
-4.009393691e-05
-1.955197792e-07
8.691327873e-08
1.736440951e-05
-1.865224419e-05
7.025016613e-08
4.655691932e-06
-4.921550415e-06
-1.73169965e-06
3.74597504e-05
-4.008915855e-05
-3.449189336e-07
1.735686728e-05
-1.865673401e-05
4.651565073e-06
-4.926234273e-06
-3.814998937e-06
3.11687214e-05
5.606186705e-08
-8.556615489e-07
1.434134047e-05
6.354847646e-08
3.737435316e-06
6.251004439e-08
-3.591759992e-06
-1.375701033e-07
-3.115504665e-05
2.538288965e-05
-7.49326025e-07
-1.050605006e-07
-1.434007487e-05
1.160270196e-05
-8.170411241e-08
-3.738795317e-06
3.071173592e-06
-3.202333352e-06
2.539914761e-05
-5.804214188e-07
1.161417138e-05
3.075218465e-06
-4.055621618e-06
-9.75277664e-07
-2.697921545e-06
7.318509254e-08
-3.279995797e-10
7.064806627e-06
-5.547841191e-07
6.425745164e-08
-1.654950136e-10
2.995121186e-06
5.559873657e-08
-7.629308357e-11
7.015575574e-07
-2.923467852e-06
7.036984454e-06
-6.615358698e-07
2.981823442e-06
6.978459314e-07
-3.018397375e-06
-1.729352041e-05
1.193602339e-07
1.192459711e-05
-5.67960035e-07
-7.745123509e-06
9.21311117e-08
5.202368634e-06
-1.952367221e-06
7.245450286e-08
1.311867758e-06
-5.141281584e-06
-7.993249645e-08
1.72620314e-05
-1.192425628e-06
-7.774427916e-08
7.731590134e-06
-7.028847424e-08
1.949036419e-06
-4.843560584e-06
-1.05246478e-06
-3.361836716e-06
1.188324069e-05
-7.17680895e-07
5.179565503e-06
1.3038088e-06
-2.697861998e-06
7.26296862e-08
7.064836881e-06
-5.547671419e-07
6.396876845e-08
2.995139276e-06
5.546001089e-08
7.015646744e-07
-2.923079286e-06
7.03702011e-06
-6.61400412e-07
2.981858712e-06
6.978661984e-07
-2.607457267e-06
2.784092387e-06
-1.909053833e-07
-5.602915598e-07
1.080882082e-06
-1.46187011e-07
2.449241807e-07
-1.073474505e-07
-5.333726146e-07
-7.709066924e-08
1.668912286e-06
-1.415052234e-07
-5.876350153e-08
9.038377836e-07
-4.693556944e-08
2.677690523e-07
-3.187300753e-07
-4.224257039e-10
-2.421875606e-06
1.649673015e-06
-4.609170309e-08
-2.400454909e-10
-1.223917142e-06
8.927531796e-07
-1.206122205e-10
-3.57087257e-07
2.641801906e-07
-1.468121782e-06
-1.67000659e-06
-5.7126748e-07
-1.667022958e-07
-3.343278229e-07
-9.042607858e-07
-9.941390255e-08
-1.301204095e-07
-2.678806144e-07
2.974549045e-08
-9.619157111e-08
-5.277104854e-07
-7.565515225e-08
-1.400477791e-07
-5.801475907e-08
-4.656433748e-08
-3.178064861e-07
-2.420000775e-06
1.650004276e-06
-4.593625826e-08
-1.222952326e-06
8.928265516e-07
-3.568002155e-07
2.641797686e-07
2.920016414e-06
-3.720439775e-08
4.449460019e-05
-3.938971595e-05
1.462180065e-10
5.698039244e-07
-3.967736777e-08
2.163444678e-05
-1.924462768e-05
7.092230767e-11
-3.328913662e-08
5.988815618e-06
-5.385745514e-06
2.245980003e-11
2.34549307e-06
8.523384641e-08
-4.451602538e-05
5.435625734e-07
4.478683707e-08
-2.166083682e-05
2.529005575e-08
-5.997788858e-06
2.124286943e-06
4.808049827e-05
-7.823398582e-11
-4.449389766e-05
4.699558933e-07
2.333310084e-05
-4.186570662e-11
-2.163394108e-05
6.483873947e-06
-1.941830781e-11
-5.988608775e-06
2.61555512e-06
5.212544829e-07
-1.056929635e-07
8.403597715e-11
3.508517964e-08
4.038503498e-11
1.743167377e-11
-1.05069403e-07
-3.040709945e-06
3.532173159e-08
-1.472732977e-06
-4.055116219e-07
5.032745459e-06
-8.680569029e-06
-1.095517998e-07
1.554789994e-10
1.08134932e-06
-4.208143376e-06
-9.420606585e-08
8.235420039e-11
-1.159222805e-06
-7.974650865e-08
3.834432632e-11
5.601629318e-06
1.414859317e-07
8.717878472e-06
1.258657751e-06
1.148878821e-07
4.229782584e-06
9.257245727e-08
1.166558616e-06
5.157928922e-06
2.179930774e-10
1.066238235e-06
1.181875302e-10
5.594022033e-11
5.395908789e-06
1.244203877e-06
4.4492145e-06
-1.128817966e-07
-1.678989138e-05
2.418409327e-05
9.32988096e-07
-8.735216964e-08
-8.253507041e-06
1.185712922e-05
-7.03932563e-08
-2.320235661e-06
3.323636606e-06
4.786753228e-06
-1.684931839e-05
2.427272785e-05
1.080993665e-06
-8.286858266e-06
1.190526605e-05
-2.330894417e-06
3.341495698e-06
5.03269669e-06
-8.680373824e-06
-1.092157459e-07
1.081344269e-06
-4.208047956e-06
-9.4023404e-08
-1.159195528e-06
-7.965729081e-08
5.600917897e-06
1.41003963e-07
8.717333925e-06
1.258458347e-06
1.1462911e-07
4.22951089e-06
9.244751392e-08
1.166477743e-06
5.157851475e-06
1.066226031e-06
5.395444758e-06
1.244073132e-06
-2.240738659e-08
4.043853901e-06
-1.494177933e-07
-4.936617471e-08
1.919842814e-06
-1.132875955e-07
5.225463694e-07
-8.409661553e-08
-2.143551814e-06
-5.075761267e-05
4.801769935e-05
-1.075981817e-07
-5.244778887e-07
-2.416461458e-05
2.262380824e-05
-7.826671911e-08
-6.58281062e-06
6.11987395e-06
-6.154074416e-08
-1.31321785e-06
-5.230717103e-05
-1.572825964e-08
-3.503787278e-07
-2.508341484e-05
-4.404038464e-08
-6.88197113e-06
-5.121978665e-08
-2.143903958e-06
4.801420076e-05
-1.075281911e-07
-5.245243878e-07
2.262227562e-05
-7.825654586e-08
6.119418686e-06
-6.15408561e-08
-5.315503661e-06
-4.195168249e-08
-1.274585098e-06
-7.465343879e-08
-8.117122576e-08
-5.314416267e-06
-4.182162295e-08
-1.274311149e-06
-7.456165639e-08
-8.112642147e-08
-2.606855626e-06
2.784959751e-06
-1.914042785e-07
-5.601639065e-07
1.081625931e-06
-1.464891637e-07
2.451766087e-07
-1.074929698e-07
-1.360055051e-06
5.735250315e-07
-6.515960613e-08
-3.225078827e-07
1.005263419e-07
-5.644329081e-08
-2.93369052e-08
-4.799295262e-08
-1.360103338e-06
-6.451012948e-08
-3.225128722e-07
-5.61232625e-08
-4.784360084e-08
3.005893149e-06
-3.951424413e-05
4.451708834e-05
6.183737206e-07
-1.93136107e-05
2.16614527e-05
-5.412925639e-06
5.998010703e-06
3.55431897e-06
-3.396941893e-05
1.046919382e-07
8.169267321e-07
-1.664665489e-05
7.043571966e-08
-4.646968222e-06
5.0968779e-08
3.005666453e-06
-3.951330823e-05
3.713542525e-08
6.183028137e-07
-1.931310983e-05
3.96366347e-08
-5.412758356e-06
3.327205552e-08
3.554139993e-06
-3.396814505e-05
1.045330882e-07
8.168698032e-07
-1.664621129e-05
7.037375448e-08
-4.64683329e-06
5.094561798e-08
-5.524128653e-07
-3.824662132e-06
-1.446623941e-07
-1.597573376e-07
-1.816298677e-06
-1.142392953e-07
-4.929060423e-07
-8.585206809e-08
-2.244856357e-07
-6.26902847e-08
-7.125941657e-08
-5.045506597e-08
-4.180532873e-08
-2.242892757e-07
3.826826719e-06
-6.30077492e-08
-7.11993972e-08
1.817387932e-06
-5.063320887e-08
4.932374835e-07
-4.189125126e-08
6.233203755e-06
1.037556255e-07
1.391318497e-06
1.009261463e-07
8.595844867e-08
6.23319315e-06
1.038038698e-07
1.391305902e-06
1.009428543e-07
8.596872593e-08
-6.380125084e-07
-7.052927891e-08
-1.757379771e-07
-4.904910066e-08
-3.605446842e-08
2.34543202e-06
8.536467233e-08
5.435398375e-07
4.485084043e-08
2.531923069e-08
-3.873776794e-07
5.227873785e-05
-8.067945459e-08
2.506112229e-05
6.874867899e-06
2.124283817e-06
4.699353392e-07
-1.470484732e-06
-1.682961757e-07
-3.350706316e-07
-1.310464987e-07
-9.663614699e-08
-1.01183785e-06
-5.860379074e-07
-8.699934362e-10
-1.418768854e-07
-1.07774187e-07
-4.772445769e-10
2.589130559e-08
-2.212375953e-10
3.893676045e-07
4.060319916e-06
2.68727358e-10
1.232542093e-07
1.926340465e-06
1.476746711e-10
5.245463596e-07
6.760885471e-11
-1.80023149e-06
-5.068945666e-05
2.425221281e-11
4.802540707e-05
-3.80775564e-07
-2.412341576e-05
1.658731367e-11
2.262567733e-05
-6.564044896e-06
1.79758905e-11
6.121710626e-06
-1.153042329e-06
-2.595214459e-07
-1.80033193e-06
4.802431032e-05
-3.808387004e-07
2.262490331e-05
6.121407592e-06
-5.017587031e-06
-2.00716176e-10
-1.11896487e-06
-9.67984275e-11
-3.34816118e-11
-5.016698574e-06
-1.11869798e-06
-2.084292258e-06
-4.669977304e-10
2.83046106e-06
-3.409418331e-07
-2.495661411e-10
1.105535738e-06
-1.114562635e-10
2.532377304e-07
-2.084447394e-06
2.829690178e-06
-3.409443797e-07
1.105202746e-06
2.531595123e-07
-1.172688374e-06
-3.136569468e-10
-2.312106675e-07
-1.600570657e-10
-7.436208169e-11
-1.172778704e-06
5.853058059e-07
-2.312577787e-07
1.074008474e-07
-2.601651436e-08
-1.011382563e-06
-1.417495632e-07
3.262515326e-06
6.504670979e-11
-3.391870086e-05
6.992898005e-07
3.182559023e-11
-1.661099622e-05
6.394813235e-12
-4.635492737e-06
2.919723657e-06
-3.938895482e-05
5.697085947e-07
-1.924421914e-05
-5.385605244e-06
3.262345737e-06
-3.391858433e-05
6.99292036e-07
-1.661076139e-05
-4.635360851e-06
-1.673785208e-07
-6.439259423e-08
-3.231875945e-06
-5.465659037e-08
-5.07156552e-08
-1.538909252e-06
-4.189926249e-08
-4.192330872e-07
4.385000425e-09
-3.246979333e-06
2.628143914e-08
-1.54517146e-06
-4.210422346e-07
-5.539907895e-07
-1.463853201e-07
-1.603141879e-07
-1.151948467e-07
-8.630981483e-08
-1.394974318e-07
-7.45851815e-10
-3.82050234e-06
1.488993155e-08
-4.168376134e-10
-1.814335962e-06
-1.949454671e-10
-4.922641125e-07
-1.395053051e-07
-3.819832327e-06
1.487833964e-08
-1.814006851e-06
-4.921695739e-07
-5.227291673e-08
2.524298656e-10
9.482829309e-09
1.237872813e-10
5.466319337e-11
-5.225190049e-08
-4.060773471e-06
9.480044673e-09
-1.926577424e-06
-5.246198491e-07
5.878680368e-06
5.329384582e-11
1.225864942e-06
1.117927849e-11
-8.934170252e-12
5.878441559e-06
1.225763882e-06
3.894035084e-07
1.232661656e-07
)
;

boundaryField
{
    inlet
    {
        type            calculated;
        value           nonuniform List<scalar> 
25
(
-0.0196589296
-0.0199905636
-0.0199880267
-0.0199856842
-0.0199882318
-0.0200207991
-0.0200227905
-0.020025015
-0.0200275025
-0.0200302864
-0.020033433
-0.0200374544
-0.020044424
-0.0200527446
-0.0200518451
-0.0200422766
-0.0200000007
-0.0200000005
-0.0200000001
-0.01999999966
-0.01999999919
-0.01999999872
-0.01999999828
-0.01999999796
-0.01999999779
)
;
    }
    outlet
    {
        type            calculated;
        value           nonuniform 0();
    }
    topAndBottom
    {
        type            symmetry;
        value           uniform 0;
    }
    frontAndBack
    {
        type            empty;
        value           nonuniform 0();
    }
    cylinder
    {
        type            calculated;
        value           uniform 0;
    }
    procBoundary0to1
    {
        type            processor;
        value           nonuniform List<scalar> 
116
(
0.02150688187
0.02152008724
0.02154649686
0.02158645217
0.02164041788
0.02170902812
0.02179310381
0.02189373688
0.02201232449
0.02215052716
0.02231047347
0.02249493709
0.02270737113
0.02295235948
0.02323571303
0.02356702943
0.02395859803
0.02444398329
0.02496187909
0.0008357118987
0.006422462438
0.006487174306
0.006420830689
0.006486365286
0.0008358737909
0.006540653285
-0.0001959131315
-0.0001979124241
0.0004170888761
0.0004171331816
-8.781952831e-05
-3.07501766e-05
-8.769417266e-05
-2.6656405e-05
-3.044082548e-05
-2.673959019e-05
-1.546534461e-07
-8.929692221e-07
-3.924660426e-05
-3.845809544e-05
5.042429045e-07
2.298077925e-07
-8.783037126e-05
-3.075529702e-05
-8.778128516e-05
-2.677109629e-05
-3.045740206e-05
-2.677153259e-05
-3.926104115e-05
-3.849848236e-05
5.04325674e-07
2.297607938e-07
-1.54784276e-07
-8.930937831e-07
0.0006844067663
0.001424554704
0.0006843615059
0.0004171908411
3.685649396e-05
0.0002145313705
3.685678413e-05
0.0002145199919
5.37592026e-06
5.401785848e-06
8.224391253e-05
8.221612172e-05
0.000417260734
3.686097803e-05
0.0002145331436
3.68728901e-05
0.0002145216197
5.404790675e-06
5.417785834e-06
8.224474294e-05
8.219339948e-05
0.001551033694
0.006540577868
-0.0001959784533
-0.0001980063638
0.001551045051
-0.0001440691982
0.001238135733
-0.0001442251417
0.001393613359
0.0001754483695
0.001238269572
0.00139323686
2.521753395e-10
0.0001747245574
0.0006841468275
0.0009873404189
0.00098665821
0.001238151729
0.001424206859
0.001238297806
0.0006841157903
0.0009873177464
0.0009866061667
0.001606926989
0.001549957481
0.001606018733
0.001549951273
0.001606947513
0.001606064919
-3.716034531e-06
-1.778987711e-06
-4.876291577e-07
-3.717191359e-06
-1.779592399e-06
-4.878162526e-07
-3.705840142e-06
-1.773364655e-06
-4.853163397e-07
-3.706252006e-06
-1.773582884e-06
-4.853832977e-07
)
;
    }
    procBoundary0to2
    {
        type            processor;
        value           nonuniform List<scalar> 
75
(
2.916492073e-06
2.844984505e-06
2.865194433e-06
2.856027758e-06
2.839627509e-06
2.817887863e-06
2.789602049e-06
2.753313762e-06
2.706997581e-06
2.64818968e-06
2.573911295e-06
2.480376032e-06
2.361965983e-06
2.209363435e-06
2.005724157e-06
1.301736274e-06
-5.634596518e-06
-2.836217964e-05
-7.233010081e-06
-6.495769987e-08
-1.200651796e-09
2.396760328e-09
-3.481596916e-08
-3.414789277e-08
-2.056340147e-08
4.422049403e-09
-1.975474948e-08
-3.464856738e-08
-3.794677202e-08
-3.812646255e-08
-3.439924492e-08
-3.742204827e-08
-3.79739487e-08
3.385249132e-09
2.969908867e-09
5.949342712e-09
-1.244386574e-09
3.122069963e-09
-7.382747204e-10
-2.041466401e-08
-8.337831831e-09
-8.043970963e-09
3.949573779e-09
5.931116682e-11
-2.155796809e-10
-2.00792571e-08
-7.271563817e-09
-7.594241222e-09
-7.499957823e-09
-7.0106538e-08
8.062723144e-09
4.399308134e-10
-3.215512642e-10
2.01967799e-09
4.375956188e-09
2.63483063e-09
3.944271409e-09
2.204420072e-09
4.192328949e-09
3.652473852e-09
5.429135009e-09
5.76111936e-09
5.226475281e-09
-3.480707133e-09
-1.698528601e-09
-4.724998404e-10
-3.448479479e-09
-1.68235362e-09
-4.680082305e-10
-3.442149794e-09
-1.67927434e-09
-4.66761672e-10
-3.434896828e-09
-1.675049993e-09
-4.657547837e-10
)
;
    }
}


// ************************************************************************* //
