/*--------------------------------*- C++ -*----------------------------------*\
| =========                 |                                                 |
| \\      /  F ield         | OpenFOAM: The Open Source CFD Toolbox           |
|  \\    /   O peration     | Version:                                        |
|   \\  /    A nd           | Website:  www.openfoam.com                      |
|    \\/     M anipulation  |                                                 |
\*---------------------------------------------------------------------------*/
FoamFile
{
    version     2.0;
    format      ascii;
    class       surfaceScalarField;
    location    "5.9";
    object      phi;
}
// * * * * * * * * * * * * * * * * * * * * * * * * * * * * * * * * * * * * * //

dimensions      [0 3 -1 0 0 0 0];
oriented        oriented;


internalField   nonuniform List<scalar> 
6016
(
0.01968197345
-2.304385185e-05
0.019711644
-2.967055627e-05
0.01974819106
-3.654705961e-05
0.01979191006
-4.371900297e-05
0.01984312728
-5.121721851e-05
0.01990215205
-5.902476901e-05
0.01996914612
-6.699407258e-05
0.02004353002
-7.438389602e-05
0.02012095237
-7.742235019e-05
0.02018268056
-6.172819507e-05
0.02022668366
-4.400309649e-05
0.02027952269
-5.283903131e-05
0.02033949345
-5.997075571e-05
0.02040445933
-6.496587652e-05
0.02047378251
-6.93231807e-05
0.0205469885
-7.320599762e-05
0.02062348851
-7.650000794e-05
0.02070255296
-7.906445202e-05
0.02078330705
-8.075408562e-05
0.02086473482
-8.142776707e-05
0.02094569117
-8.095634959e-05
0.02102492515
-7.923398088e-05
0.02110107064
-7.614548962e-05
0.02117239896
-7.132831811e-05
0.0212374365
-6.503754566e-05
0.02129700648
-5.956997383e-05
-5.32679193e-05
0.01999217188
-2.465213503e-05
0.0199983819
-3.588058129e-05
0.02000913907
-4.730423355e-05
0.02002436541
-5.894534282e-05
0.02004391304
-7.076485102e-05
0.02006747376
-8.258548906e-05
0.02009438908
-9.390939477e-05
0.02012344734
-0.000103442153
0.02015386024
-0.0001078352424
0.02019223882
-0.0001001067745
0.02023856845
-9.033273089e-05
0.02028223304
-9.650362445e-05
0.02034016048
-0.0001178981863
0.0204051387
-0.0001299441048
0.02047481561
-0.0001390000827
0.02054851504
-0.0001469054309
0.0206256459
-0.0001536308671
0.02070548124
-0.0001588997931
0.02078714266
-0.0001624155054
0.02086960152
-0.0001638866283
0.02095169158
-0.0001630464059
0.02103213106
-0.0001596734607
0.02110951923
-0.0001535336655
0.02118210595
-0.0001439150391
0.02124836395
-0.0001312955485
0.02130901901
-0.0001202250397
-0.0001074818407
0.01998917006
-2.579550031e-05
0.01999476147
-4.147199631e-05
0.02000471818
-5.726094713e-05
0.02001893318
-7.316033901e-05
0.02003723958
-8.907125428e-05
0.02005936377
-0.0001047096769
0.0200849093
-0.0001194549189
0.02011358259
-0.0001321154474
0.02014656979
-0.0001408224452
0.02018958048
-0.0001431174553
0.0202408314
-0.0001415836522
0.02028598344
-0.0001416556714
0.02034130354
-0.0001732182866
0.02040601954
-0.0001946601028
0.02047639612
-0.0002093766652
0.0205511464
-0.0002216557096
0.02062961212
-0.0002320965815
0.02071106959
-0.0002403572675
0.02079462979
-0.0002459757027
0.02087923636
-0.0002484931958
0.02096367682
-0.0002474868738
0.02104660587
-0.0002426025071
0.02112654368
-0.0002334714775
0.02120166148
-0.0002190328334
0.02127037109
-0.0002000051618
0.02133318522
-0.0001830391731
-0.0001635052921
0.01998642177
-2.653307469e-05
0.01999146412
-4.65143507e-05
0.02000073043
-6.6527256e-05
0.02001413721
-8.656711771e-05
0.0200315876
-0.0001065216414
0.02005298211
-0.000126104191
0.02007831009
-0.0001447828965
0.02010794644
-0.0001617517961
0.02014325578
-0.000176131794
0.02018758233
-0.0001874439973
0.02024509925
-0.0001991005804
0.02030579814
-0.000202354559
0.02035018286
-0.0002176030094
0.02040829344
-0.0002527706797
0.0204783371
-0.000279420327
0.02055456964
-0.0002978882502
0.02063507424
-0.0003126011763
0.02071902031
-0.0003243033393
0.02080550234
-0.0003324577376
0.02089342157
-0.0003364124195
0.02098149532
-0.0003355606226
0.02106827884
-0.0003293860327
0.02115216923
-0.0003173618624
0.02123120696
-0.0002980705645
0.02130367136
-0.0002724695731
0.02136981336
-0.0002491811803
-0.0002223190841
0.01998401498
-2.231625391e-05
0.0199885868
-5.108617933e-05
0.01999727018
-7.521063675e-05
0.02001003399
-9.93309219e-05
0.02002688451
-0.0001233721657
0.02004789708
-0.0001471167617
0.02007331394
-0.0001701997604
0.02010371681
-0.0001921546669
0.02014017663
-0.0002125916097
0.0201842536
-0.0002315209632
0.02023865593
-0.0002535029144
0.02031035855
-0.000274057176
0.02037371602
-0.0002809604878
0.02041921442
-0.0002982690792
0.02048141143
-0.0003416173374
0.02055836959
-0.0003748464086
0.02064154126
-0.0003957728471
0.02072887096
-0.0004116330389
0.02081934982
-0.0004229366013
0.02091182447
-0.0004288870701
0.0210049167
-0.0004286528471
0.02109704482
-0.0004215141556
0.02118643105
-0.0004067480955
0.0212709258
-0.0003825653156
0.02134860767
-0.0003501514438
0.02141938684
-0.0003199603578
-0.0002850187701
0.0200027873
-4.304459192e-06
0.01998615409
-3.445296247e-05
0.0199943157
-8.337224631e-05
0.02000651421
-0.0001115294388
0.02002284554
-0.0001397034945
0.02004351078
-0.0001677820025
0.02006887835
-0.0001955673373
0.02009955419
-0.0002228305038
0.02013638279
-0.0002494202067
0.02018026499
-0.0002754031689
0.02023137471
-0.0003046126341
0.02029406322
-0.0003367456878
0.02037495256
-0.0003618498247
0.02044400935
-0.0003673258679
0.02048796343
-0.0003855714195
0.02056230461
-0.0004491875955
0.02064833895
-0.000481807184
0.02073992841
-0.0005032225016
0.02083554448
-0.0005185526739
0.02093392615
-0.0005272687365
0.02103357125
-0.0005282979532
0.02113271608
-0.0005206589832
0.02122934811
-0.0005033801293
0.02132105555
-0.0004742727512
0.02140563663
-0.0004347325336
0.02148256233
-0.0003968860607
-0.0003528680124
0.02002458894
-6.102900786e-06
0.0200244621
-3.432612303e-05
0.02000392649
-6.283663555e-05
0.02000340364
-0.0001110065843
0.02001914058
-0.0001554404403
0.02003929612
-0.0001879375394
0.02006429168
-0.0002205629005
0.02009472363
-0.0002532624569
0.02013131432
-0.0002860109044
0.02017479462
-0.0003188834619
0.02022508256
-0.0003549005812
0.02028244381
-0.0003941069352
0.02035122098
-0.0004306269952
0.02043055871
-0.000446663601
0.0204926202
-0.0004476329144
0.02056608126
-0.0005226486479
0.02065503396
-0.0005707598916
0.0207513722
-0.0005995607352
0.02085324217
-0.0006204226439
0.02095899202
-0.000633018597
0.02106690322
-0.0006362091485
0.02117497528
-0.0006287310419
0.02128088344
-0.0006092882908
0.0213818616
-0.0005752509137
0.02147532675
-0.000528197689
0.02156018259
-0.0004817418944
-0.0004273635743
0.02002670935
-7.797250752e-06
0.02003163287
-3.924964258e-05
0.02003990911
-7.111287256e-05
0.02003282391
-0.0001039213845
0.02001546952
-0.0001380860525
0.02003481921
-0.0002072872316
0.02005903549
-0.0002447791882
0.02008870671
-0.0002829336737
0.02012451251
-0.0003218167098
0.0201671541
-0.0003615250499
0.02021676598
-0.0004045124631
0.02027345769
-0.0004507986522
0.02034002266
-0.0004971919633
0.02042930401
-0.0005359449454
0.02052740123
-0.0005457301402
0.02058421883
-0.0005794662454
0.0206660258
-0.0006525668689
0.02076332863
-0.0006968635656
0.0208714692
-0.0007285632077
0.02098609768
-0.0007476470794
0.02110422267
-0.0007543341428
0.02122343783
-0.0007479462063
0.02134101429
-0.0007268647471
0.02145371433
-0.0006879509507
0.02155844278
-0.0006329261405
0.02165337067
-0.0005766697734
-0.0005103002673
0.02002904844
-9.3431893e-06
0.02003330823
-4.350942938e-05
0.02004047613
-7.82807786e-05
0.02005089179
-0.0001143370372
0.02006497733
-0.0001521715951
0.02004981659
-0.0001921264971
0.02005270262
-0.0002476652233
0.02008105287
-0.00031128392
0.02011550071
-0.0003562645512
0.02015677965
-0.0004028039937
0.02020524311
-0.0004529759261
0.02026119418
-0.0005067497246
0.02032572569
-0.0005617234693
0.02040616485
-0.0006163841062
0.02052188437
-0.0006614496676
0.0206289817
-0.0006865635723
0.02069720316
-0.0007207883268
0.02078180086
-0.000781461274
0.02088990141
-0.0008366637517
0.02101398536
-0.0008717310326
0.021144534
-0.0008848827852
0.02127754097
-0.0008809531738
0.0214096732
-0.0008589969804
0.0215370746
-0.0008153523535
0.02165596672
-0.0007518182558
0.02176357162
-0.0006842746645
-0.0006038524485
0.02003161994
-1.067673068e-05
0.02003498706
-4.68765445e-05
0.02004069952
-8.399324278e-05
0.02004924869
-0.0001228862066
0.02006119418
-0.0001641170808
0.02007709514
-0.0002080274586
0.02008427739
-0.0002548474747
0.02007773396
-0.0003047404971
0.02010378071
-0.0003823112997
0.02014303706
-0.0004420603542
0.02018970356
-0.000499642426
0.02024435952
-0.000561405684
0.02030791986
-0.0006252838037
0.02038201564
-0.0006904798871
0.02047449788
-0.0007539319077
0.02058987515
-0.0008019408496
0.02069612111
-0.0008270342909
0.02080154901
-0.0008868891685
0.02090825334
-0.000943368083
0.02104116476
-0.001004642453
0.0211863715
-0.001030089531
0.02133632602
-0.001030907687
0.0214865545
-0.001009225463
0.02163234504
-0.0009611428927
0.02176899952
-0.0008884727446
0.02189250032
-0.0008077754542
-0.0007106866068
0.0200344352
-1.167893424e-05
0.020036573
-4.901434038e-05
0.02004037947
-8.779970514e-05
0.02004658501
-0.0001290917496
0.02005590281
-0.0001734348832
0.02006898247
-0.0002211071218
0.02008641866
-0.0002722836686
0.02010891985
-0.0003272416852
0.02011269503
-0.0003860864864
0.02012525868
-0.0004546240029
0.02016925088
-0.0005436346269
0.02022172271
-0.0006138775136
0.02028387654
-0.0006874376412
0.02035703486
-0.0007636381981
0.02044420709
-0.0008411041388
0.02055591706
-0.000913650823
0.02069034512
-0.0009614623494
0.02079585501
-0.0009923990658
0.02091969637
-0.00106720944
0.02106501947
-0.001149965551
0.02122782614
-0.001192896208
0.02139853452
-0.001201616067
0.02157123557
-0.001181926504
0.02174003002
-0.001129937346
0.02189895582
-0.001047398545
0.02204235645
-0.0009511760922
-0.0008340825007
0.02003783282
-1.205735235e-05
0.02003823426
-4.94157813e-05
0.02003958733
-8.915277303e-05
0.02004298833
-0.000132492745
0.02004928998
-0.0001797365353
0.02005907249
-0.0002308896391
0.02007242576
-0.0002856369403
0.02009112695
-0.0003459428744
0.02011554772
-0.0004105072583
0.0201408761
-0.0004799523896
0.02015193823
-0.0005546967559
0.02019204092
-0.0006539802007
0.02025155744
-0.0007469541607
0.02032321481
-0.0008352955723
0.02040896156
-0.0009268508919
0.02051334108
-0.00101803034
0.02064454722
-0.001092668491
0.02078757842
-0.00113543026
0.02093919287
-0.001218823893
0.02108682937
-0.001297602051
0.02126673917
-0.001372806014
0.02146243848
-0.001397315375
0.02166312013
-0.001382608152
0.02186080023
-0.001327617444
0.02204771849
-0.001234316804
0.0222160262
-0.001119483811
-0.0009780684854
0.02004394779
-1.158113714e-05
0.02004214474
-4.761273606e-05
0.02004091733
-8.792535826e-05
0.02004181454
-0.0001333899516
0.02004551401
-0.0001834360059
0.02005145039
-0.0002368260281
0.02005705332
-0.000291239872
0.02007024316
-0.0003591327116
0.02008979817
-0.0004300622672
0.02011504022
-0.0005051944449
0.02014867408
-0.0005883306204
0.02017245219
-0.0006777583097
0.02020922349
-0.0007837254571
0.02027772179
-0.0009037938757
0.02036201585
-0.001011144946
0.02046627436
-0.001122288853
0.02060303002
-0.001229424153
0.02077551173
-0.001307911968
0.02092218485
-0.001365497017
0.02109554003
-0.001470957234
0.02129894024
-0.001576206222
0.02152549108
-0.001623866211
0.02176122781
-0.001618344878
0.02199540979
-0.00156179942
0.0222176597
-0.00145656671
0.02241715271
-0.001318976815
-0.001147556074
0.02005193162
-1.076815551e-05
0.02004832644
-4.40075549e-05
0.02004561107
-8.520998799e-05
0.02004617234
-0.0001339512214
0.02004925595
-0.0001865196165
0.02005119659
-0.0002387666702
0.02004770673
-0.0002877500061
0.02005336925
-0.0003647952413
0.020066029
-0.0004427220117
0.0200796296
-0.0005187950519
0.02010512026
-0.0006138212803
0.02014135375
-0.0007139917948
0.02017867416
-0.000821045867
0.02021809641
-0.0009432161253
0.02029851018
-0.001091558717
0.02040022665
-0.001224005325
0.02053002466
-0.001359222161
0.02069954747
-0.001477434788
0.02089306902
-0.001559018568
0.02110580041
-0.001683688617
0.02132395683
-0.001794362647
0.02158460971
-0.001884519085
0.02186418026
-0.00189791542
0.02214487702
-0.001842496179
0.02241200159
-0.001723691267
0.02265057554
-0.00155755075
-0.001348538643
0.02004610791
-5.030961859e-06
0.02003877274
-3.667238469e-05
0.02003074683
-7.718408099e-05
0.02002788254
-0.000131086933
0.02002862722
-0.0001872642921
0.02003198486
-0.0002421243103
0.02003828924
-0.0002940543821
0.0200475339
-0.0003740399034
0.02005287652
-0.0004480646366
0.02005083434
-0.0005167528741
0.0200639358
-0.0006269227396
0.02008929251
-0.0007393485044
0.02012019093
-0.0008519442911
0.02016811168
-0.000991136875
0.02021515487
-0.001138601903
0.02031218926
-0.001321039719
0.0204404296
-0.001487462501
0.02061685883
-0.001653864021
0.02084783558
-0.001789995314
0.02106475023
-0.00190060326
0.02132714834
-0.002056760759
0.0216340551
-0.002191425835
0.02196994299
-0.002233803309
0.02231056531
-0.002183118501
0.02263503824
-0.002048164183
0.0229225847
-0.001845097196
-0.001588130867
0.02003836823
-1.122594555e-06
0.0200465845
-4.488865227e-05
0.02004331018
-7.390976378e-05
0.02004385006
-0.0001316268072
0.02004580562
-0.0001892198512
0.02003269924
-0.0002290179363
0.02001618328
-0.00027753842
0.02001029238
-0.0003681490002
0.02001296385
-0.0004507361087
0.02002122595
-0.0005250149777
0.02003528355
-0.0006409803353
0.02004710584
-0.0007511707978
0.02005387307
-0.0008587115202
0.02008551305
-0.001022776854
0.02013567766
-0.001188766517
0.02019690691
-0.001382268969
0.02031699149
-0.001607547084
0.02048408357
-0.0018209561
0.02071461449
-0.002020526224
0.02099499004
-0.002180978813
0.02131918309
-0.002380953805
0.02167064463
-0.00254288737
0.02207655135
-0.002639710024
0.02249529173
-0.002601858879
0.02289348136
-0.002446353813
0.02324260635
-0.002194222182
-0.001875328639
0.02000602483
-7.146722073e-06
0.02001391505
-5.277887941e-05
0.02003330354
-9.329824931e-05
0.02004690593
-0.0001452291969
0.02004580935
-0.0001881232749
0.02002412188
-0.0002073304614
0.02002982207
-0.0002832386094
0.02003044568
-0.000368772613
0.02000312366
-0.0004234140847
0.01997314266
-0.0004950339772
0.0199618082
-0.0006296458773
0.01996529789
-0.0007546604923
0.01997990864
-0.0008733222691
0.02000102527
-0.001043893485
0.02002186204
-0.001209603282
0.02008178452
-0.001442191454
0.02015734638
-0.001683108938
0.0203150922
-0.001978701925
0.02055229955
-0.002257733567
0.02088339858
-0.002512077845
0.02123719233
-0.002734747545
0.0216756641
-0.002981359142
0.02217960576
-0.003143651677
0.02270427308
-0.0031265262
0.02319904759
-0.002941128323
0.02362875709
-0.002623931689
-0.002215829567
0.0199990993
-6.245517917e-06
0.01999650698
-5.018656148e-05
0.0199976242
-9.441547186e-05
0.01999460485
-0.0001422098442
0.01999656762
-0.0001900860472
0.02002098006
-0.000231742899
0.02003662419
-0.0002988827401
0.02002105352
-0.0003532019436
0.01997418858
-0.0003765491467
0.01997086912
-0.0004917145158
0.01996109104
-0.0006198678024
0.01991680303
-0.0007103724743
0.01987515794
-0.0008316771861
0.01986602444
-0.001034759978
0.01988627394
-0.001229852781
0.01992733581
-0.001483253329
0.01998627953
-0.001742052661
0.02009632921
-0.002088751598
0.02030683658
-0.002468240935
0.02064078531
-0.002846026577
0.02109437361
-0.003188335839
0.02165375841
-0.003540743945
0.02227526468
-0.003765157938
0.02294481301
-0.003796074536
0.02356935566
-0.003565670989
0.02410869247
-0.003163268506
-0.002622802602
0.01999789069
-4.136104525e-06
0.01999198687
-4.428274827e-05
0.01998307427
-8.550287316e-05
0.01996990203
-0.0001290376056
0.01995552427
-0.0001757082857
0.01994914791
-0.0002253665365
0.01993412633
-0.0002838611565
0.01992533569
-0.0003444113064
0.01994810388
-0.0003993173348
0.01995347202
-0.0004970826541
0.01991416533
-0.0005805611117
0.01983458115
-0.0006307882983
0.01980882061
-0.0008059166448
0.01975325798
-0.0009791973511
0.01970048666
-0.001177081462
0.01969460347
-0.001477370135
0.01974131486
-0.001788764054
0.01984203423
-0.002189470967
0.01999335185
-0.002619558551
0.02031748869
-0.003170163415
0.0208546687
-0.003725515843
0.02153245811
-0.004218533359
0.0223575863
-0.00459028613
0.02322240294
-0.001192787735
-0.001137602721
-0.001192848677
-0.001137652043
0.02401057064
-0.001125555455
-0.00105132884
-0.001125632667
-0.001051321737
0.02465779038
-0.0009978278777
-0.0009074618216
-0.0009978340094
-0.00090736457
-0.0008073807218
-0.0007289156102
-0.0008078985298
-0.0007299482126
0.0199973976
-1.534047504e-06
0.0199899415
-3.682664675e-05
0.0199775789
-7.314027484e-05
0.01996010075
-0.0001115594537
0.01993753241
-0.0001531399447
0.01991113312
-0.0001989672521
0.01987794081
-0.0002506688431
0.01984293557
-0.0003094060686
0.01981897793
-0.0003753596944
0.01977984059
-0.0004579453131
0.01974729758
-0.0005480180958
0.01975147319
-0.0006349639059
0.01971106448
-0.0007655079374
0.01959957074
-0.0008677036087
0.01954598464
-0.001123495364
0.01946563931
-0.001397024806
0.01940537604
-0.00172850078
0.01942789606
-0.002211990986
0.01955789831
-0.002749560807
0.01982807394
-0.003440339039
0.02040161764
-0.004299059547
0.02125018005
-0.001263901261
-0.001269535358
-0.001263857011
-0.001269802127
0.005600608176
-0.001435957599
0.005596967942
0.005601054112
0.005597067664
-0.001431997356
-0.001435923457
-0.001431925562
0.005715866011
-0.001308013746
-3.182514134e-08
-0.005865368013
0.005984849989
-0.001245015431
-2.200240597e-08
-0.006112250221
0.006209311764
-0.001094880944
-8.477595478e-09
-0.006298486749
0.006381784333
-0.000890629024
-4.92878343e-08
0.01999699251
1.472627327e-06
0.01998818752
-2.802165042e-05
0.01997347209
-5.842484265e-05
0.01995259542
-9.068278758e-05
0.01992518865
-0.0001257331708
0.01989084989
-0.0001646284966
0.01984882281
-0.0002086417553
0.01979878038
-0.0002593636415
0.01974210347
-0.0003186827896
0.0196737204
-0.0003895622363
0.01960034838
-0.0004746460749
0.01954091769
-0.0005755332186
0.01947617895
-0.0007007691905
0.01944027902
-0.0008318036867
0.01934656108
-0.001029777426
0.01917147415
-0.00122193787
0.01906702773
-0.001624054366
0.01895679658
-0.002101759835
0.01892560118
-0.002718365407
0.01910385732
-0.003618595179
0.004945064384
-0.001152809299
0.004828331255
0.004945263806
0.004828477378
-0.001218176855
-0.001152947157
-0.001218405736
0.005022543949
-0.001341391382
1.055618909e-08
-0.005196653961
0.005325692418
-0.001565001256
5.19857498e-09
1.122475084e-08
0.001446677992
-0.005546879069
0.001526865198
0.001355097196
0.001526652048
0.001366872585
-0.0004182503897
-0.0004138002981
-0.0004305458089
-0.0004127006907
-0.001449254256
0.0003487637753
0.001498177773
-0.0003800361585
-1.765113551e-05
-0.001580009199
0.0003155591785
0.001596057487
-0.0003307978364
-8.096329552e-07
-0.001630699768
0.0002544562465
0.001639584191
-0.0002628009877
-5.396842931e-07
-0.006652774547
-4.804888565e-08
-0.0001885578441
-0.0001869743784
0.01999665001
4.821338916e-06
0.01998667743
-1.804907221e-05
0.01996994576
-4.169317005e-05
0.01994609781
-6.68348397e-05
0.01991460844
-9.424380206e-05
0.01987476879
-0.000124788838
0.01982565907
-0.0001595320364
0.01976611334
-0.0001998179102
0.01969481014
-0.0002473795901
0.0196097482
-0.0003045002992
0.01950936021
-0.000374258082
0.01939452661
-0.0004606996118
0.01926342214
-0.0005696647176
0.01913721666
-0.0007055982085
0.01899117665
-0.000883737417
0.0188615162
-0.00109227742
0.01865162733
-0.001414165499
0.01834752004
-0.001797652548
0.01813660537
-0.002507450736
0.00456457765
-0.003506242837
0.004447565689
0.004564964772
0.00444714492
0.004571667439
-0.00115991304
1.39528672e-08
1.30062778e-09
0.00143014131
-0.004666468752
0.001235784022
0.001134784031
0.001257663088
0.001121734147
-0.0003980998364
-0.0003549391212
-0.0003950192921
-0.0003655809028
-0.001212250002
0.0004350920154
0.001252433216
-0.0004622150063
-1.30602239e-05
0.0004963728525
-0.00137996599
0.001423820405
-0.0005370944761
-3.132792072e-06
0.0004770080144
-0.001557528016
0.001598703804
-0.000517628684
-5.551197395e-07
-0.00166978885
0.0003791975933
0.001673619113
-0.0003828988639
-1.289941096e-07
-0.001626411141
0.0002473537972
-0.0002208521596
-8.667666796e-09
0.001599918171
-0.00151209636
0.0001646666938
0.001481984859
-0.0001343212485
-2.339633443e-07
0.01999662271
8.196908238e-06
0.01998598042
-7.406780638e-06
0.01996789044
-2.36031861e-05
0.01994190445
-4.084885242e-05
0.01990735994
-5.969928634e-05
0.01986334774
-8.077663665e-05
0.01980866302
-0.0001048473145
0.01974173639
-0.000132891279
0.01966054505
-0.0001661882496
0.01956249237
-0.0002064476212
0.01944424303
-0.0002560087337
0.0193016854
-0.000318141979
0.01912954885
-0.0003975281688
0.01892480154
-0.0005008509044
0.01867939109
-0.0006383269669
0.01840872465
-0.0008216109824
0.01807333756
-0.001078778408
0.01769912905
-0.001423444037
0.0171869129
-0.001995234586
0.004207149477
-0.0006073654028
0.004002394858
0.004207414672
0.004002820711
-0.0007615215671
-0.0006094738828
-0.0007607487955
0.001139307185
0.004170174972
-0.001102378585
4.590383321e-08
0.0003660145752
-0.00100717013
0.001020492647
-0.0003764222242
-2.914868182e-06
0.0005629390289
-0.001124443586
0.001158068604
-0.0005945323463
-2.031701655e-06
-0.001333916369
0.0006865426141
-7.262707001e-08
0.001381267001
-0.0007338206212
-0.001399264197
0.0005980795873
1.299140469e-06
0.001333167915
-0.0005332824433
-0.0009332980712
0.0002159521195
9.724006157e-07
0.0008175754496
-0.0001012018955
-0.0005802564034
4.636170243e-05
1.315576431e-07
0.0005354848852
-1.72174161e-06
-0.0004767155925
5.135264619e-05
-1.457301472e-08
-3.202468261e-05
0.01999900822
9.186645649e-06
0.0199902537
1.347751188e-06
0.01997357758
-6.927063001e-06
0.01994844688
-1.57181532e-05
0.01991409001
-2.534241323e-05
0.01986944303
-3.612965811e-05
0.01981307924
-4.848351353e-05
0.01974311132
-6.292336204e-05
0.01965705572
-8.013264747e-05
0.01955164037
-0.0001010322751
0.01942252649
-0.0001268948511
0.01926390722
-0.0001595227106
0.01906791052
-0.0002015314624
0.01882389024
-0.0002568306294
0.018516944
-0.0003313807232
0.01812988286
-0.0004345498411
0.01763281251
-0.0005817080656
0.01700610372
-0.0007967352465
0.004090076752
-0.001113869786
0.003971713104
0.004090825175
0.003972123895
0.004000113093
-0.0005173591777
-4.256567511e-08
-3.098970597e-09
0.0009986907089
-0.003870394037
0.0009500994603
0.0008989007693
0.0009843228937
0.0008733053825
-0.000226864485
-0.0001910672865
-0.0002088282094
-0.000208162099
0.0003876721252
-0.000883941643
0.0008705772974
-0.0003651233094
-9.184470455e-06
0.0006662595185
-0.0008347637098
-5.554826655e-07
0.0008307568502
-0.000661697177
0.0009237089325
-0.0009314668177
2.084038854e-07
7.549481233e-06
4.669330974e-05
6.220091997e-05
3.755853035e-07
-3.264762144e-05
-7.662219244e-05
0.02000627486
0.02000478741
0.01999500598
0.01997644468
0.01994827702
0.01990934443
0.01985808625
0.01979242411
0.01970959808
0.01960592979
0.01947647131
0.0193144764
0.01911058918
0.0188515537
0.01851817037
0.01808232161
0.01750626942
0.01673800853
0.003920584541
0.00389524271
0.003920465124
0.003895143677
0.0003788002545
0.003739294625
-0.0001975065854
-3.752135772e-09
0.000135709159
-0.0008436766173
0.0008165598941
-0.0001053922602
-3.200175888e-06
0.0002629567917
-0.0007298475615
0.0006754789239
-0.0002067746682
-1.813486143e-06
0.0004973443307
-0.0004565275397
-9.094282952e-07
0.0003654580541
-0.0004053654172
0.000677954099
-1.573175615e-07
-0.001411090719
-0.0006659702606
-0.001014849486
2.491461265e-06
0.0007599328634
0.001176134095
-0.001333864311
0.0006865554895
-7.995855504e-08
0.001381270282
-0.0007338815029
0.001399249538
0.0006779712952
-1.464838241e-07
-0.001411079072
-0.0006659952753
-0.000923748311
-0.001014853658
2.481999999e-06
0.0007599254381
0.001176194531
0.0002748724678
5.241395422e-07
-0.001078904634
-0.0001297900439
0.000598040253
1.307829013e-06
0.001333172999
-0.0005332715428
0.0009332971708
0.0002748561032
5.342918305e-07
-0.001078906189
-0.000129781374
5.271926409e-05
-1.119490584e-07
-0.000639889209
7.025490318e-06
0.0002159382755
9.838912369e-07
0.0008175655392
-0.0001011905321
0.0005801933389
5.278406463e-05
-1.178438692e-07
-0.000639857454
6.997895263e-06
4.332711212e-05
-6.78335418e-08
-0.0004884081426
-3.156672761e-05
-4.841021148e-05
-1.83691587e-05
1.05528414e-07
3.470065412e-05
3.197318707e-05
4.633851019e-05
1.42584973e-07
0.0005354526166
-1.74036979e-06
0.0004765896625
4.341617277e-05
-2.558508059e-08
-0.0004883307413
-3.164951179e-05
-4.856807846e-05
-1.849753185e-05
2.073846005e-07
3.48052136e-05
3.205301152e-05
0.0008652287425
-6.275282476e-07
-0.0007985872057
-0.0009974808257
-0.0005554759453
-2.42246359e-07
0.0005681609863
0.0004849015353
0.000666397573
-0.0008348224486
-5.69172606e-07
0.0008307101876
-0.00066171614
0.0009315027941
0.0008652277234
-6.272059662e-07
-0.0007985690152
-0.0009975342965
-0.0004973898668
-0.0005554413761
-2.471815244e-07
0.0005681520051
0.0004849264187
2.060189551e-07
7.548462993e-06
-2.312122219e-07
-1.485689402e-06
-4.682973953e-05
-2.471020361e-07
-1.491237106e-06
6.252383814e-05
2.48171184e-07
-3.287191431e-05
-7.672983831e-05
-0.0002798136963
-1.007001924e-06
0.0001447228798
0.0001361399612
-0.0004565865301
-9.006870557e-07
0.0003654858065
-0.0004053884567
-0.0002797983005
-1.01696193e-06
0.0001447276639
0.0001361290979
0.0004067354735
-0.001655713048
-0.0004205935223
-2.177530505e-07
-0.001541210999
2.169381917e-07
0.001542776755
0.0005962968918
0.001323987609
2.842480701e-08
-0.001421180904
0.0003720373382
0.000477039723
-0.001557535296
-5.266867189e-07
0.00159870256
-0.000517680301
0.00166978943
0.0004067240188
-2.063090521e-07
-0.001655709443
-0.0004205976967
-0.001541248375
2.49199597e-07
0.001542848928
0.0005961904983
0.001323993518
3.570323916e-08
-0.001421206362
0.0003720332473
0.000283519573
-0.00165035618
-0.0002594933564
-8.117962332e-08
2.89642655e-07
0.0012301511
0.0003094989833
0.0009646125198
2.484156661e-08
-0.00105003928
0.000138121186
0.0003791798475
-1.205093937e-07
0.001673621526
-0.000382891431
0.0002834175015
0.001626391785
-6.148103036e-08
-0.001650328634
-0.0002594191705
2.987605658e-07
0.001230149113
0.0003094839166
0.0009646493873
1.000827304e-08
-0.001049965181
0.000138089852
0.0006687669067
-4.007479415e-07
-0.0007376663089
-0.001264616221
-0.0009366631986
-7.097299851e-07
0.0009426488889
0.0006609835569
-5.596520406e-07
0.0008639114552
-0.001012972549
0.0005629164879
-0.001124360609
-2.038295269e-06
0.001158050538
-0.0005945681219
0.0006688487201
-4.015464512e-07
-0.0007376565563
-0.001264654932
-0.0009365046164
-7.194397226e-07
0.0009427108684
0.0006609107591
-5.637318216e-07
0.0008639240828
-0.001012986287
0.0003719523811
-0.001104372789
1.908307407e-06
0.0007342706834
-4.505055325e-09
-3.754073168e-06
0.001334004557
-0.0005332685246
-9.79377538e-09
-0.001398023305
0.0005985962046
7.025289465e-07
-0.0003731019507
0.001225154795
0.00048041254
2.492744503e-06
0.001102270589
-0.0005649888037
-0.001073056973
0.001225113951
-3.464326772e-09
0.0004815489744
-0.0005652083067
-5.632239356e-09
-0.001069934633
0.000735421136
-4.344196378e-06
5.11370011e-05
-0.0003201174214
2.650820468e-07
0.0002772360242
-4.335778658e-09
-8.51634699e-06
0.0008180627945
-0.0001001862736
-0.0009331846975
-5.508589593e-09
0.000216286086
3.513086961e-07
-5.149825812e-05
0.0007199918927
0.0001487305069
3.886328101e-07
0.000319257059
-0.0004071166674
-1.373092006e-05
0.00072044161
-4.420257007e-09
0.0001491139211
-0.0004066792964
-4.755887181e-09
-1.323101264e-05
0.0002771650299
-9.141140898e-06
2.45964243e-07
4.914461289e-05
-5.558814693e-06
5.120090095e-05
9.694200623e-09
-3.206990045e-05
2.751761224e-07
4.932371952e-05
-5.572587405e-06
0.0009228639424
-0.0009302930142
-1.466292962e-09
7.638940842e-06
-3.323947988e-05
-7.668729903e-05
4.772744189e-05
1.180243674e-08
6.256314178e-05
1.838515954e-07
9.123538141e-05
3.182583301e-07
-4.563018492e-05
-7.085900634e-07
6.703303026e-09
9.123901501e-05
-4.500654505e-05
3.957676494e-09
-4.251067982e-07
0.0004300262059
-4.311266227e-07
-0.0003454672321
-0.0005406553876
-0.0006698265094
7.330327077e-05
0.0005982552777
-1.729204581e-06
-4.824767735e-07
0.000126644233
-0.0004059479642
0.0002629869043
-0.0007297550268
-1.836043889e-06
0.0006754000247
-0.0002067958584
0.0004299721958
-4.119445779e-07
-0.000345553889
-0.000540592893
-0.0006698009264
-1.737853297e-06
7.330121429e-05
0.0005982385482
-4.885326836e-07
0.0001266615111
-0.000405944578
0.0005148797817
-0.000252729625
-7.151853084e-07
-0.0002732975198
1.275902792e-09
1.186127245e-05
0.00036516648
-0.0004052240913
4.153834692e-10
0.000496119481
-0.0004569717152
-1.226124153e-06
-0.0005154873656
0.0003654746984
0.0005166968448
-8.44564411e-07
0.0002544014007
-0.0002871347219
-0.0003717875321
0.0003641366081
1.079135821e-09
0.0005146824456
-0.00028636122
6.334334156e-10
-0.0003724377
-0.0002742573903
1.245623137e-05
-0.001195458582
-0.0005688107491
4.25185092e-07
0.001068762502
2.009183625e-09
0.0006950796355
0.0007601264206
0.001177940018
-4.385132672e-10
-0.001012710599
8.135348244e-07
0.001195366194
0.0007683779336
-0.001204624801
-2.435947989e-06
0.0005710720192
0.0006087013883
-1.203366608e-06
1.599212327e-09
0.0007682109572
-0.001202731184
0.0006073751156
2.060747441e-09
-6.838592482e-07
0.001071896155
0.000694967244
0.001090730467
-0.0006103877479
-2.867173836e-06
3.53821084e-09
0.0005912834204
-1.855469521e-06
-0.001088692309
0.0005523151902
0.0005431451681
-4.912578502e-06
5.489471522e-07
0.0006107849284
-2.632489882e-06
1.588312634e-09
0.0005517069839
0.0005414278172
-4.261389776e-06
1.11865919e-09
-2.464805435e-06
0.0005911216022
-0.001195460877
-0.0005688190072
4.281343045e-07
0.001068753547
0.0006951002109
0.0007601144796
0.001177967698
-0.0009228779635
-0.00101272266
8.121986538e-07
0.001195373417
0.0007684025095
-0.001204662688
-2.435689923e-06
0.0005710922683
0.0006087420518
-1.204100628e-06
0.0007682183162
-0.001202750915
0.0006073994257
-6.843673372e-07
0.001071880301
0.0006950135179
0.00109074867
-0.0006104117886
-2.862202832e-06
0.0005912824083
-1.854227454e-06
-0.001088721143
0.0005523162882
0.0005431734369
-4.914353403e-06
5.460605629e-07
0.0006108307993
-2.634808068e-06
0.0005517097612
0.0005414477126
-4.261446726e-06
-2.46518963e-06
0.0005911277511
0.0002170023163
0.0005277188257
-3.396733893e-07
-4.749913528e-09
-1.010603804e-05
-0.001078919665
-0.0001293801089
-3.917030743e-09
0.0002756431358
1.239468416e-06
-0.0002187932067
0.0003638038986
-5.453109515e-07
-0.0005267783496
-9.583046823e-06
-3.754587003e-09
0.0003644398215
-3.971035472e-09
-8.881930613e-06
-1.049009436e-05
6.152630552e-07
-1.328887947e-05
-9.307571113e-10
-1.288512453e-05
0.0003719541183
-0.001104374505
1.899846846e-06
0.0007342693989
-3.753376931e-06
0.001333969054
-0.0005332484659
-0.001398021156
0.0005985986021
7.17237456e-07
-0.0003730934345
0.001225169135
0.0004803800591
2.504166251e-06
0.001102267973
-0.0005649861856
-0.001073057498
0.00122510633
0.0004815306192
-0.0005652081978
-0.001069916253
0.0007354158778
-4.341494438e-06
0.0002169917126
0.0005277257896
-3.472708264e-07
-1.010558751e-05
-0.001078910464
-0.0001293844599
0.0009331854245
0.0002756398778
1.249993819e-06
-0.0002187660601
0.000363779013
-5.37045631e-07
-0.0005267907159
0.0004071280575
-9.581666539e-06
0.0003644338178
0.0004066821119
-8.8818027e-06
-1.048816986e-05
6.159338097e-07
-1.328582606e-05
-1.288343717e-05
8.82360559e-06
0.0002769079224
-6.804223236e-07
-5.955927009e-09
-7.809125016e-06
-0.00064012072
6.684378722e-06
-1.267634102e-09
0.000580163862
5.316179937e-05
3.532414842e-07
-9.618063113e-06
8.936750683e-05
-3.904039538e-07
-0.0002750526985
4.946470451e-05
0.0002330038915
-4.480886867e-09
8.950221813e-05
5.121334581e-05
-5.676983214e-09
0.0002319942345
-8.186154865e-06
-4.818854067e-07
5.733624388e-05
-7.389657376e-06
-2.282206518e-09
5.714518568e-05
-6.411436732e-06
5.114050415e-05
-0.0003201233488
2.576202081e-07
0.000277236954
-8.51606247e-06
0.00081806214
-0.0001001817106
0.0002162833826
3.63428133e-07
-5.15006241e-05
0.0007199813388
0.000148721396
3.970122551e-07
0.0003192697681
-1.372925402e-05
0.0007204510484
0.000149110612
-1.323068524e-05
0.0002771665355
-9.139773776e-06
8.817251347e-06
0.0002769125319
-6.898283453e-07
-7.808961633e-06
-0.0006401505279
6.682443319e-06
0.0005801282986
5.322067893e-05
3.656695005e-07
-9.601805734e-06
8.936002282e-05
-3.779215597e-07
-0.0002750601692
4.947141727e-05
0.0002329645709
8.947896765e-05
5.121254062e-05
0.0002319988387
-8.185266142e-06
-4.801406584e-07
5.734234299e-05
-7.390781021e-06
5.714212775e-05
-6.41200015e-06
-6.315975726e-05
-1.100855316e-05
-6.86291867e-08
5.663448838e-05
-8.549583454e-09
1.761100037e-05
2.640453012e-07
6.301714852e-05
-2.052006352e-06
-3.892939175e-06
-3.528165766e-07
1.19648476e-05
-7.468749301e-06
-4.143284191e-06
-5.915407971e-09
-2.148605409e-06
-3.596005738e-06
-8.056317235e-06
-4.341031816e-09
-3.300702617e-06
5.684362423e-05
1.806975379e-05
5.747197023e-05
-2.542617085e-05
-3.823261954e-07
-3.019290652e-09
2.49740339e-05
3.481861525e-05
3.249399439e-05
-9.18487745e-09
-4.830269456e-05
-1.889519262e-05
-6.553473845e-08
-5.737515895e-05
2.920995309e-05
6.293139209e-05
-1.033504582e-07
2.608595332e-05
-1.478159479e-06
-6.133423067e-09
2.955366826e-05
6.267752212e-05
-4.860889634e-09
-1.086969748e-06
2.517210181e-05
-6.315261005e-05
-1.10151512e-05
-8.346453029e-08
5.66264644e-05
1.761621713e-05
2.736499902e-07
6.299885145e-05
-2.036423305e-06
-3.893730393e-06
-3.457828323e-07
1.198210934e-05
-7.498709616e-06
-4.137619458e-06
-2.14675719e-06
-3.595997923e-06
-8.065663639e-06
-3.299594008e-06
5.681408415e-05
1.808341888e-05
5.747310814e-05
-2.542858349e-05
-4.017479078e-07
2.498067836e-05
3.47931355e-05
3.249098362e-05
-4.822575587e-05
-1.886016456e-05
-7.76576525e-11
-5.731724502e-05
2.930641545e-05
6.281611929e-05
-7.620056594e-08
2.609469962e-05
-1.464195646e-06
2.954118262e-05
6.271885056e-05
-1.084331198e-06
2.518979578e-05
0.0008498288232
0.0005093142479
4.212877647e-07
-0.0007220850735
3.852708773e-10
-0.0006374796706
-0.0007968693278
-0.0009988309119
3.245151453e-09
0.0008647764539
-6.268426326e-07
-0.00085087219
-0.0008212539789
0.0008741658063
2.577797736e-06
-0.0005120152879
-0.0004943410408
6.297705408e-06
-1.212374915e-09
-0.0008208176386
0.0008731515043
-0.0004927205215
1.253930398e-09
5.780404029e-06
-0.000724435749
-0.0006380304413
0.0005011191624
-0.0007298593287
1.169114444e-06
7.424765591e-10
-0.0004945147633
-2.296705345e-07
-0.0005023288209
8.217450344e-06
1.651371757e-06
0.0007294152284
-0.0003494118339
-0.0003910009451
9.346179122e-06
6.002968564e-10
8.168376573e-06
9.333925761e-11
-0.0003482685737
-0.0003887094308
8.76995959e-06
-0.000496180215
0.0008498237612
0.0005093240758
4.21468796e-07
-0.0007220786762
-0.0006374902433
-0.0007968556546
-0.0009988605046
0.0009303124703
0.0008647797271
-6.256572245e-07
-0.0008508595408
-0.0008212329905
0.000874149173
2.57663707e-06
-0.0005120358459
-0.0004943728302
6.297741499e-06
-0.0008207899266
0.0008731311656
-0.0004927386348
5.780102124e-06
-0.0007244233106
-0.0006380506059
0.0005011358162
-0.0007298749959
1.170158267e-06
-0.0004945089064
-2.298656487e-07
-0.0005023600044
8.217040804e-06
1.648552913e-06
0.0007294442706
-0.0003494174201
-0.0003910215627
9.346159418e-06
8.167924124e-06
-0.0003482730692
-0.0003887224261
8.769156656e-06
-0.0004961688808
7.639055232e-06
1.069791846e-09
-8.075370606e-07
-4.766566593e-05
-8.061165746e-07
-3.456923296e-07
-2.091204155e-06
3.554623812e-09
-1.307474891e-06
-3.324158166e-05
-7.669715883e-05
6.253304751e-05
1.206244182e-07
9.128894383e-05
2.974204716e-07
-4.568451829e-05
-7.220347862e-07
9.123206656e-05
-4.502061238e-05
-4.278103294e-07
-3.542166027e-07
-2.093658076e-06
-1.307330074e-06
-1.628279232e-07
1.622569162e-05
1.349742793e-10
1.570507007e-05
-0.0001650029284
-0.0001213904301
-6.483591752e-08
1.775120709e-09
1.315889775e-05
0.0001442974319
0.0001348557787
2.35008002e-09
-0.0002801206226
-1.179856979e-06
0.0001668062482
-0.000308038236
3.142567035e-07
0.0001212812999
1.458809722e-05
1.643968475e-09
-0.0003082482241
2.043614047e-09
1.382141123e-05
1.376531318e-05
0.0005148799582
-0.0002527329515
-7.119547063e-07
-0.0002732951055
1.186132253e-05
0.0003651588527
-0.000405183223
0.0004961526857
-0.0004570285906
-1.230277927e-06
-0.0005154842225
0.0003654801771
0.0005167201292
-8.532137309e-07
0.0002544016641
-0.0002871427613
-0.0003717941462
0.0003641405334
0.0005146690778
-0.0002863481597
-0.0003724206015
-0.0002742502551
1.245573656e-05
-1.626563683e-07
1.622541361e-05
1.570493892e-05
-0.0001650014975
-0.0001213897223
-6.087757207e-08
1.315875731e-05
0.0001442906336
0.0001348568207
-0.0002801203659
-1.188899179e-06
0.0001667978277
-0.0003080240289
3.083454008e-07
0.0001212775488
1.458639119e-05
-0.0003082462839
1.382119542e-05
1.376423828e-05
0.0003382058154
-0.001381382558
-0.0003771848734
-2.889264407e-05
-0.001354670249
0.000451513186
0.001411083485
-1.15535692e-05
0.001539064201
-0.0004897002133
-7.445670839e-07
0.0004515201242
-0.001500139545
0.001446705787
-0.005546942737
0.001526870819
0.001355121637
0.001526642424
0.00136698177
-0.0004182426952
-0.0004138647481
-0.0004305958919
-0.0004126651367
0.001449225625
0.0003382343307
-2.887267991e-05
-0.001381414454
-0.0003771728242
-0.000496413163
-0.001354695384
-1.154851141e-05
0.0004516881147
0.001410968944
0.001539081726
-0.0004897363437
-7.384630771e-07
0.0004515150443
-0.001500121963
0.0003241510511
-0.001557898283
-0.000344935288
-1.326673792e-06
0.001574877393
-1.639770299e-06
0.0004428345938
0.001653792502
-0.00163240137
-4.089958246e-07
0.0003857533403
0.0003487465339
-1.765887227e-05
0.001498184896
-0.0003800469306
0.001579987166
0.0003241576608
-1.320093618e-06
-0.00155789837
-0.0003449263648
-1.617822875e-06
0.00157487476
0.0004428645119
0.001653782036
-4.007149635e-07
-0.001632412855
0.0003857555565
0.0002616650011
-0.001621275028
-0.0002708650759
-2.246714496e-07
0.00166929364
-2.490612281e-07
0.0003639455174
0.00167012832
-0.001675930401
-1.298049851e-07
0.0002894514635
0.0003155011616
-8.059815913e-07
0.001596074144
-0.000330782155
0.001630699864
0.000261749462
-2.305007777e-07
-0.001621293726
-0.0002709251018
-2.435307018e-07
0.001669262195
0.0003639432134
0.00167009638
-1.110368522e-07
-0.001675948138
0.0002893802979
-3.775418341e-08
0.0008793981107
-0.001657660012
-0.001647927861
-0.001646567747
-0.001658491603
-0.0002373144038
-0.000223601606
-0.0002223020425
-0.0002382696748
-6.443841593e-08
0.0002578028786
0.001659743675
-0.0001935963929
0.001611391521
0.0002159755628
-0.001633314675
-4.560179333e-07
0.0002543373442
-5.222754771e-07
0.001639600097
-0.0002627153039
0.0008790619907
0.006652768719
-0.001657654595
-0.001647863896
-0.001646561784
-0.001658486437
-0.0002373080454
-0.0002235323713
-0.0002221900843
-0.0002382712501
-0.0002474489666
-8.415624971e-08
0.0002578774095
0.001659752087
-0.0001934517172
0.001611393871
-4.408697979e-07
0.0002158647338
-0.001633366021
0.0003930958432
-0.001151545055
-0.0004300751827
-2.372560538e-05
-0.001035531323
0.000358831926
0.001047398464
-4.684492752e-06
0.001160805642
-0.0005118162911
-4.764520276e-06
0.0004883680826
-0.001132592913
0.001429982042
-0.004666360435
0.001235777884
0.001134766802
0.001257666183
0.001121722054
-0.0003980919252
-0.0003548999948
-0.0003949949442
-0.0003655663587
0.001212213142
0.0003931295698
-2.372623217e-05
-0.001151561623
-0.0004300548568
-0.0003660371858
-0.001035541757
-4.679270813e-06
0.0003588164138
0.001047441799
0.00116083422
-0.0005119038929
-4.770605657e-06
0.0004883636185
-0.001132523339
0.0004867241172
-0.001340454799
-0.0005244818262
-1.753482611e-06
0.001194623801
-2.683863238e-06
0.0005318047308
0.001352821604
-3.572655917e-07
-0.001293972345
0.0006102749132
0.0004349710094
-1.306414951e-05
0.001252522563
-0.0004622162798
0.001380010957
0.000486714061
-1.767770574e-06
-0.001340491837
-0.0005244654105
-2.685206078e-06
0.001194654761
0.0005317811512
0.001352850596
-3.659391751e-07
-0.001293959172
0.0006103232345
-0.000534183467
-2.984703613e-07
-0.001512746293
-1.293918126e-07
0.001406451445
0.0006330421609
-2.118839741e-07
-0.001501670187
0.0006386251735
-3.14643015e-06
0.001423822709
-0.0005370784861
-2.631256196e-07
-0.0005343657718
-0.001512642744
-1.616000807e-07
0.001406512042
0.0006330556386
-1.804732652e-07
-0.001501681304
0.000638584697
0.0004879812706
-0.001617577561
1.663924233e-07
0.001645588378
-0.0005161809363
2.245544757e-08
-4.651830761e-07
-0.000488149922
0.001631322737
0.0004559961713
-2.067722458e-07
0.001618097877
-0.0005611012789
-0.00157441851
0.001598300076
-0.0005175772704
1.963123205e-09
0.000475868778
-0.001557148668
0.001631069445
1.553524181e-08
0.0004547311806
-0.0005614606829
-1.235135663e-08
-0.001573888571
0.001645984433
-0.0005158700834
0.0003387813832
-0.001632592472
9.096072767e-09
0.001601017644
-0.000307213073
-2.577350386e-09
-7.330331412e-08
-0.0003382195671
0.001668232896
0.0003436790879
-2.098263971e-08
0.001632686489
-0.001651571283
-0.0003639930865
0.001673555079
-0.0003833424456
-0.001669681649
-2.825970981e-09
0.0003793428497
0.001668257645
-1.981136288e-09
0.0003440074902
-0.001651361711
-0.0003645891762
-5.018458425e-09
0.00160101524
-0.0003065392268
-0.001551125471
-0.0001543661385
-2.011585066e-07
1.497591394e-07
0.0008970341428
0.0001137903275
0.0007717399205
-7.314324525e-09
-0.0008036785714
7.527307305e-05
-3.002966073e-08
-0.0002209212197
0.001599894072
0.001512088253
-1.836111272e-07
-0.001551023611
-0.000154332723
1.555159596e-07
0.0008970232186
0.0001138091679
0.0007718299197
-2.04173791e-08
-0.0008037124184
7.531908792e-05
-1.893244751e-08
8.243731329e-05
0.0001647399583
-2.509655361e-07
-0.0001344001644
2.333734704e-08
8.238209579e-05
-0.0005433776616
-4.352226377e-06
-0.001088529992
-0.0009161446656
0.0003936095642
0.0009191446764
-8.937450244e-06
-0.0005831594688
-1.304802402e-06
0.0005811992138
-0.000933398141
-0.00100730512
-2.896700192e-06
0.001020504545
-0.0003763399087
-4.35620152e-06
-0.0005433352372
-0.001088573066
-0.0003876768773
-0.0009162048504
-8.927124534e-06
0.0003936034919
0.0009192053602
-0.0005830815051
-1.32459187e-06
0.0005812335094
-0.0009333320295
0.0006521605882
-0.001110282326
8.563497076e-07
0.0011561139
-0.0006988515425
3.031013095e-09
-1.115557594e-06
-0.0006536194882
0.001203770638
0.0006090330114
-1.517502511e-06
0.001108317509
-0.0006324626534
-0.0010688697
0.001161001134
-0.000591718568
3.332843391e-09
0.0005606776957
-0.001131995297
0.001204674918
1.727385405e-09
0.0006073695216
-0.0006301394023
9.818067311e-10
-0.001073379974
0.001155872838
-0.000700318463
0.0007240264127
-0.001324025288
3.692881527e-07
0.001294703114
6.108103816e-09
0.001380348883
-0.0007334051963
1.108734233e-08
-0.001333289752
0.0006862623478
-2.324335632e-07
-0.0007236537562
0.001409964966
0.0006951882229
3.458405705e-08
0.001324771521
-0.001290248795
0.001408837312
1.011483e-08
0.0006952954305
4.169360869e-09
-0.001289189112
0.001296454293
1.854093908e-05
-0.0002291024949
-5.654857157e-08
0.0002282362605
-7.155954423e-09
0.0005355935969
-1.629513873e-06
-5.842282269e-09
4.633718633e-05
-4.102767621e-08
-1.8216667e-05
0.0005064422086
4.730037069e-05
8.825684164e-07
0.0002283475756
0.0005065719282
-6.564698863e-09
4.752815857e-05
-3.797203767e-09
0.0002281441281
-3.218282824e-05
-0.0004768995506
-3.224025771e-09
5.155378116e-05
6.15197323e-08
0.0002288941832
-0.0002256918941
-3.528849152e-05
0.0002288998499
-0.0002254793006
-3.554918386e-05
7.329815006e-09
1.874151833e-08
-4.897568818e-05
1.659172153e-09
-4.894157774e-05
0.0003365413817
-0.0008856077626
-0.0003187523352
-1.61229279e-05
-0.0008695277761
0.0001635166301
0.0008448922913
-3.171985386e-06
0.000759175369
-0.0002216213299
-3.910792416e-06
0.0002635619983
-0.0007972052447
0.0009982028762
-0.00386990131
0.0009500830501
0.0008988582937
0.000984231935
0.0008732743203
-0.0002268292919
-0.0001910758394
-0.0002087556257
-0.0002080915073
0.0008838214936
0.0003365557839
-1.613383869e-05
-0.0008855705606
-0.0003186728783
-0.0001356615541
-0.000869406099
-3.189473017e-06
0.000163481114
0.0008447760119
0.0007592590491
-0.0002216713823
-3.8841019e-06
0.0002635196796
-0.0007972232444
-9.528308105e-07
-0.000570890557
-0.0008460797937
0.0007153202322
-2.226748585e-06
0.0003090386819
-3.121768329e-07
0.0004911180078
-0.0006162555711
-9.197469494e-06
0.0008705403718
-0.0003651982896
-9.439066241e-07
-0.0005708526346
-0.0008461074166
-2.198707631e-06
0.0007153771014
0.0003090675643
-3.123728099e-07
0.0004911247942
-0.0006162816026
0.0007665284684
-0.0007004175489
1.904291867e-07
-0.0007037813305
3.119097161e-10
0.0008308783875
-0.0006604737957
3.534518022e-09
0.0006646548631
-0.0008356184741
-2.084332447e-07
-0.0007677349498
0.0007774462525
-4.022405787e-07
0.00070054082
-0.0006261132446
-0.000735722513
8.887431143e-10
0.0007763798912
-0.000624997884
-2.539931187e-09
-0.000736293165
-0.0007050341428
-0.0001731692954
-3.824679974e-06
-0.0007744749113
-0.0008309218578
3.676825458e-05
0.000797466532
-3.308152836e-06
5.96615804e-05
-3.876649232e-06
-0.0007256099576
-0.0008437581021
-3.183070403e-06
0.0008166385096
-0.0001053588896
-3.84880548e-06
-0.0001731412881
-0.0007744363105
-0.0008308627294
-3.313474881e-06
3.673719319e-05
0.0007974397558
-3.884602252e-06
5.969828845e-05
-0.0007256157204
0.0002444884116
-0.0006316617955
9.151009903e-07
0.0005570880568
-0.0001708296369
-1.371119033e-10
-1.003997053e-06
-0.0002452479374
0.0006126100142
0.0003091208462
-1.759573993e-06
0.0006284724953
-0.0001417323087
-0.0006917552788
0.0006790640736
-0.0002061643603
6.860454785e-10
0.0002618802086
-0.0007365940905
0.0006145900921
-1.406293722e-10
0.0003079585387
-0.0001412711631
-1.083438776e-09
-0.0006983134814
0.0005554720599
-0.0001713324006
0.0006912589678
0.001195573541
-8.501691203e-07
4.194516501e-09
-0.001410340401
-0.000666651231
-6.39522069e-09
0.0006788174034
1.965275384e-07
-0.0006912587863
0.0006899365032
-4.151341026e-07
-0.00119546693
6.468706055e-09
0.0006899459317
3.573217485e-10
0.0007240425905
-0.001324026446
3.794958272e-07
0.001294710678
0.001380336475
-0.0007334361577
-0.001333230082
0.0006862608845
-2.585405326e-07
-0.0007237012242
0.001409978168
0.0006952518752
3.722258754e-08
0.001324779793
-0.001290296012
0.001408815535
0.0006953150986
-0.001289202899
0.001296471574
0.0006912726208
0.001195566718
-8.420710198e-07
-0.001410308395
-0.0006666769686
0.0006788113196
1.840254208e-07
-0.0006912994806
0.0006900145473
-4.215630411e-07
-0.001195457772
0.0006899702494
2.531932274e-05
0.0002279289094
-3.474458679e-08
-3.186026671e-09
-0.0004883610356
-3.19502024e-05
-6.581107133e-09
4.335042758e-05
-3.763649488e-08
-2.529378297e-05
4.336548412e-05
-6.096400707e-08
-0.0002279877101
-7.86787488e-10
4.34933727e-05
-7.876356008e-09
1.853711685e-05
-0.0002290898312
-6.65229273e-08
0.0002282283098
0.0005355753866
-1.64012379e-06
4.632977168e-05
-2.173544816e-08
-1.820265007e-05
0.0005063914152
4.728558394e-05
8.816789234e-07
0.0002283061017
0.0005065979432
4.748625923e-05
0.0002281203365
2.533532262e-05
0.0002279208995
-5.039848262e-08
-0.0004883444478
-3.191296766e-05
0.00047678877
4.343648682e-05
-3.864002749e-08
-2.534669076e-05
4.344601279e-05
-1.273256329e-08
-0.0002279130449
0.0002255826837
4.354938673e-05
0.0002255285097
-0.0005888936237
-0.0006102360562
8.326265746e-07
9.603183976e-10
0.000567126028
0.0004848252095
3.109811971e-09
-0.0005560771115
-3.715254635e-07
0.0005892210725
-0.0006468018065
-5.632210566e-07
0.0006111606554
8.999354478e-10
-0.0006471379036
-1.051843737e-09
0.0007665347171
-0.0007004274186
1.902712911e-07
-0.0007037875026
0.0008308042236
-0.000660470742
0.0006647916529
-0.0008356907763
-2.132933215e-07
-0.0007677516551
0.0007774421438
-3.950356327e-07
0.0007005679611
-0.0006261039825
-0.0007357850847
0.0007763366085
-0.0006249457592
-0.0007363499789
-0.0007050440298
-0.0005888867911
-0.0006102424015
8.337483571e-07
0.0005671200033
0.0004848526669
-0.0005560640559
-3.795096513e-07
0.0005891983103
-0.0006467707789
-5.558666979e-07
0.0006111808522
-0.0006470911541
0.000455846068
0.001656505876
1.319146659e-07
-0.0004668983756
2.895174272e-09
-3.330068234e-07
-0.0004557528647
0.0004316955599
-8.112718408e-08
-0.001656821684
-0.0004152619973
-0.00165556163
-0.0004208967814
-3.84465494e-09
0.0004065628549
2.654205234e-09
0.0004310182251
-0.0004158272518
-6.490936045e-09
-0.0004664581944
0.001542322183
0.0005967576
-1.590241107e-08
-0.001540250735
-9.687159436e-08
0.0005221700524
0.001501116114
0.0005229158259
0.00150086123
-2.770010236e-09
-0.001613390738
1.235384359e-07
0.001619994091
7.997795443e-09
-6.532382871e-08
0.001613996253
-0.001578735314
-2.550929669e-08
-0.001578133631
0.001620419767
-0.001420944481
0.0003727776184
-4.12809163e-09
0.001323842552
3.26227975e-08
0.0004437064843
0.0004443909303
-1.737454478e-09
0.001597398975
8.708393446e-08
5.900126224e-10
-1.923308846e-08
-0.001597755139
0.001554549712
-5.474305026e-09
0.001554335578
0.0004879744793
-0.001617540142
1.967857835e-07
0.001645623695
-0.0005162323694
0.00159829058
-0.0005175643263
0.0004758689953
-0.001557119974
-4.902173122e-07
-0.0004881456042
0.001631323437
0.0004560149433
-1.099710962e-07
0.001618060897
-0.0005612370728
-0.001574394155
0.001631041557
0.0004547488239
-0.0005614473846
-0.001573779401
0.001646088765
-0.0005159766849
0.0004558407378
0.001656514989
1.333177627e-07
-0.0004668624541
-0.001655538027
-0.0004209058506
0.001669682134
0.0004065515901
-3.33410116e-07
-0.0004557458532
0.000431693258
-6.838045256e-08
-0.001656867235
-0.0004152625963
0.001651600518
0.0004310135152
-0.0004158377239
0.001651371987
-0.0004663910019
0.00154235034
0.0005967148426
-0.00154023328
-8.67525127e-08
0.0005221651336
0.001501150602
0.000522930253
0.001500861182
-0.001613414702
1.335405293e-07
0.001619987047
4.408058959e-08
0.001614091449
-0.001579182103
-0.00157812867
0.001620413442
-0.001420962426
0.0003727875007
0.001323846381
3.927172453e-08
0.0004436839809
0.0004443701113
0.001597409574
8.571921326e-08
-9.315240052e-09
-0.001597792136
0.0015545721
0.001554344557
0.0002879119772
0.001559484505
3.079788074e-08
-0.0002464069381
-2.699594416e-09
-5.821689228e-08
-0.0002876637601
0.0003055986985
-2.804355326e-08
-0.001559500537
-0.0002111004801
0.001511135708
-0.00165025368
-0.0002601390064
-3.448805957e-09
0.001626316566
0.000283998392
-2.717240773e-09
0.0003058604432
-0.0002117789879
-2.266811233e-09
0.001511098711
-0.000246118245
0.001230306471
0.0003101172115
-5.400250588e-09
1.265286786e-07
0.000241753667
0.001137001413
0.0002423314801
0.001137218814
-3.376745325e-09
-0.001499955252
-4.880383121e-08
0.001435125345
-2.885634982e-09
8.614610685e-08
0.001499969463
-5.499089754e-09
0.0014351351
-0.001050300436
0.0001387058093
1.054775802e-09
0.0009647802231
1.169368398e-07
0.0001762127107
0.0001765410803
-3.549871521e-09
0.001365287018
-2.565725906e-08
-1.867820839e-09
1.058859565e-08
-0.001365203918
0.001292214043
-1.397737813e-09
0.001292225828
0.0003387830372
-0.001632597645
4.724643275e-09
0.001601059229
-0.0003072519296
0.001673571961
-0.0003833346099
0.0003793214416
-7.015102155e-08
-0.0003382238872
0.001668246549
0.0003436690095
-1.25181858e-08
0.001632702236
-0.0003639806342
0.00166829898
0.0003439838892
-0.0003645778094
0.001601101505
-0.0003066184341
0.0002879273911
0.001559486282
2.653852684e-08
-0.0002463836848
-0.00165022229
-0.0002600740821
0.0002838901755
0.001626341272
-5.884682885e-08
-0.0002877021261
0.0003056788894
-1.802552557e-08
-0.00155949513
-0.0002110503819
0.001511144367
0.0003059425296
-0.0002117397947
0.001511131722
-0.0002460691951
0.001230317133
0.0003101059896
1.379084916e-07
0.0002417528991
0.001136979702
0.0002423296182
0.001137232653
-0.00149996229
-5.611328416e-08
0.001435093201
9.505069025e-08
0.001499980327
0.001435058678
-0.001050273107
0.0001387048748
0.0009647999905
1.23915819e-07
0.0001762506308
0.0001765588851
0.001365292291
-2.576087649e-08
1.242948488e-08
-0.001365214362
0.001292241412
0.001292268403
-0.0007374055057
-0.001264577649
2.473167898e-09
0.0006682901779
-3.794666109e-07
-0.001220329066
-0.0008072065722
-0.001219741578
-0.0008072344282
1.919911648e-09
0.0007044813293
4.372533922e-07
-0.0007685491627
2.90320946e-09
-5.73821471e-07
-0.0007050974588
0.0006448256966
2.565699613e-09
0.0006440022084
-0.0007691164366
0.0009428438556
0.0006592273789
4.411653114e-09
-0.0009381305148
-3.434164081e-07
0.0007487553891
0.0009716831684
0.0007476552468
0.000971231479
-6.396016461e-09
-0.001035079381
5.671094533e-07
0.001083316633
-6.568281549e-10
-9.639142077e-07
0.001034478709
-0.001004993891
-3.865502415e-09
-0.001006951452
0.001083482747
0.0008633159294
-0.001011817249
7.522947746e-09
-2.558543869e-07
-0.001147664064
-1.735275547e-07
0.0008330499522
-0.001146909536
3.998756308e-09
0.0008323943559
-2.14985053e-09
2.477995641e-07
4.492201703e-09
0.0006521540297
-0.001110272189
8.60286487e-07
0.001156149866
-0.0006988889584
0.001160982192
-0.0005917574316
0.0005606513414
-0.001131911064
-1.119452297e-06
-0.0006536080905
0.001203780454
0.0006089976271
-1.517172857e-06
0.001108300087
-0.0006324447815
-0.001068906255
0.001204680687
0.0006073378109
-0.0006301248246
-0.001073420985
0.001155949165
-0.0007003968799
-0.0007373866972
-0.001264607608
0.0006683651428
-3.906038025e-07
-0.00122036573
-0.0008071962365
-0.001219765883
-0.000807212397
0.0007044770047
4.442135218e-07
-0.0007685343328
-5.801038044e-07
-0.0007050893573
0.0006447949826
0.0006439725416
-0.000769061711
0.0009429164563
0.0006591500821
-0.0009379899152
-3.284357331e-07
0.0007487405265
0.0009717409202
0.0007476449493
0.0009712732847
-0.001035085005
5.634788002e-07
0.001083276865
-9.553468046e-07
0.001034494753
-0.001005073429
-0.001007018961
0.001083401878
0.0008633300127
-0.001011829156
-2.673322669e-07
-0.001147667509
-1.700671018e-07
0.0008330738715
-0.001146896633
0.0008324030786
2.534713589e-07
4.950451062e-05
-5.589844448e-06
-7.561668814e-10
6.574609676e-08
7.672177002e-05
9.553152964e-08
7.07368956e-05
7.669195332e-05
6.641731128e-09
7.086298381e-05
-1.567171853e-09
1.146963437e-08
-3.46725318e-11
-3.221231453e-05
5.141616085e-05
1.937934145e-08
0.0002288979777
-3.540456709e-05
0.0002289198523
-3.55769395e-05
3.330734567e-08
-4.897470034e-05
-4.894429199e-05
4.95173661e-05
-5.570063042e-06
3.682301095e-08
7.669845057e-05
8.713483879e-08
7.074401847e-05
7.670274429e-05
7.084504658e-05
5.655253481e-09
-0.0003446484934
-0.0005416220319
-9.995868641e-10
0.0004288686823
-3.264677188e-07
-0.0004705506962
-0.0002463776019
-0.0004714842684
-0.0002459296828
1.288078586e-09
0.0002902276026
5.248423326e-07
-0.0002051484555
-2.017023789e-10
-6.161145497e-07
-0.000291037318
0.000363608059
-6.00345638e-10
0.0003625801488
-0.0002055911126
-0.0006124282157
-8.777086488e-05
9.236740646e-07
0.0005284445511
1.218101447e-09
-1.740402653e-06
0.0006089178391
-0.0006756064727
-9.198221795e-07
8.80345126e-05
0.0005111474169
7.309758045e-05
0.0006017408225
1.247265189e-09
-0.0006765667449
1.062189352e-09
-0.0006823432628
0.0005130556992
7.675943794e-10
0.0005265436242
0.0001264117969
-0.0004069897488
2.170208286e-09
-4.814200727e-07
-0.0004272901873
-0.0004282492798
1.748488448e-09
-0.0001055136865
5.589925389e-07
1.508380337e-09
-5.646038721e-07
0.0001057786851
1.987086019e-09
0.0002444833619
-0.0006316739379
9.153047333e-07
0.0005570999963
-0.0001708248627
0.0006789948038
-0.0002061890971
0.0002618509607
-0.0007364920187
-1.015555312e-06
-0.0002452526454
0.0006125406249
0.0003091276025
-1.750188953e-06
0.0006285092244
-0.0001417326584
-0.0006918222333
0.0006145390284
0.0003079234447
-0.00014121617
-0.000698398136
0.0005554901057
-0.0001713182202
-0.000344679931
-0.0005416033681
0.0004288417633
-3.320028905e-07
-0.0004705995675
-0.0002464164664
-0.000471514093
-0.0002459171544
0.0002902193142
5.218093375e-07
-0.0002051554235
-6.160495584e-07
-0.0002910221539
0.0003635859359
0.0003625383271
-0.0002056098057
-0.0006124298748
-8.776750278e-05
9.261721973e-07
0.0005284475594
7.306404476e-05
0.0006017400283
-0.0006765393488
-1.743339036e-06
0.0006089207994
-0.0006756089034
-9.220722415e-07
8.802603129e-05
0.0005111399676
-0.0006823242773
0.0005130569441
0.0005265547821
0.0001264138964
-0.0004069936328
-4.916036135e-07
-0.000427287382
-0.0004282393976
-0.0001055111597
5.654050416e-07
-5.680265068e-07
0.0001057770021
-0.001287102376
-2.362504372e-09
0.005735651151
-1.896839125e-08
3.049594703e-09
0.005903394859
-0.0003418316615
-0.0003812052232
-0.0003936064448
0.005716119091
-0.001307945486
-0.001287109722
0.005865574409
0.005735808998
0.005903549294
-0.0003812101144
-0.0003418161216
-0.0003935863984
-0.001178716727
-1.235172409e-08
0.006068441892
-1.930829765e-08
-0.0003425354242
-0.0003691272301
-0.0003496167351
-1.243378768e-08
0.006212385506
-0.0003366489353
-0.0003241501382
-0.0003376977916
0.005984967301
-0.00124504758
-0.001178712688
0.006112345907
0.006068505282
-0.000369124835
-0.000342546301
-0.0003496052014
0.006212441515
-0.0003241332389
-0.000336653601
-0.0003377168566
-0.0009966191127
-1.769006647e-08
0.006330395463
-8.17123353e-09
-0.0002918551294
-0.000314573165
-0.0002908952734
-1.300060506e-08
0.006419963962
-0.0002826773386
-0.0002604454681
-0.0002813868159
0.006209389327
-0.001094885942
-0.0009966421584
0.006298649222
0.006330472742
-0.000314522816
-0.0002919368961
-0.0002909644536
0.006420021994
-0.00026052041
-0.0002826087841
-0.0002813257482
-0.0008270271695
-1.495439414e-07
0.006497742941
-2.284985839e-08
-0.0002308750489
-0.0002533305945
-0.0002297232611
-1.154612229e-07
0.006380708387
-0.0008900069977
-0.0008277958792
0.006498276208
-0.0002532033479
-0.0002309673342
-0.0002297760426
-0.001443647072
1.70797662e-09
0.004917075075
6.114397487e-09
4.974352069e-09
0.005093381263
-0.0003776759539
-0.0004262270639
-0.0004229593699
0.005022942781
-0.001341525421
-0.001443659503
0.005196801872
0.004916940125
0.005093259813
-0.000426251695
-0.0003776445597
-0.0004229483837
1.05244104e-08
-0.0003920227975
-0.000431770318
-0.000441050345
-0.0003883510648
1.517494121e-08
-0.0004297084577
-0.0004486395999
-0.0004343899826
0.001248624108
0.001384423779
0.001395091941
0.001248055065
0.0004381735286
-0.001287838341
-1.8281322e-05
0.005325712723
-0.0015648291
-0.0003920367349
-0.0004317648532
-0.0004410237498
-0.0003883197074
-0.0004485373297
-0.0004298295621
-0.0004345166453
0.001248681707
0.001384464918
0.001395091201
0.001248062617
-1.829473976e-05
0.0004381902244
-0.001287876809
0.000369828653
-0.001548594469
5.476757413e-06
0.001566243245
-0.0003929528335
-1.353651756e-09
-6.789568993e-06
-0.0003721832871
0.001534615196
-1.444064683e-05
0.001521862085
-0.001472357826
-0.0004150997743
0.001537544877
-0.0003832895601
-0.001541034854
1.169752657e-09
0.001550970777
-3.546340567e-09
-0.001542819255
-0.0004035068226
1.398108092e-09
0.001555858146
-0.000400702591
0.0003044763906
-0.001620457977
5.576094488e-07
0.001633424817
-0.0003179992992
-1.540766727e-09
-3.726140773e-07
-0.0003056089482
0.001610183917
-8.054120017e-07
0.001619663701
-0.001602413153
-0.0003472429654
0.001597342523
-0.0003297540631
-0.001582969044
-2.198112099e-09
0.001610551784
-7.57315274e-10
-0.001604413574
-0.0003466016775
-2.211636282e-09
0.001633146148
-0.0003185337985
0.0002376498461
-0.001654886358
4.910788859e-07
-0.0002409104472
-4.115018462e-09
-1.751201079e-07
-0.0002390436082
-6.900414901e-07
0.001655798449
-0.001652585316
-0.0002653240838
0.001638812133
-0.000262079507
-0.00163059645
-6.458130947e-09
-4.150531961e-09
-0.001652470267
-0.0002651809347
-4.716673784e-09
-0.0002412456955
0.0001802640552
-6.488442217e-07
-0.0001885731236
-0.0001869784087
-6.694412761e-07
0.0001803486373
-0.001312961445
-1.671508632e-08
0.00442696642
-6.585519059e-09
-3.029515449e-08
-0.001302666048
0.001063752446
0.001145987486
0.001171430064
0.004571592336
-0.001159560764
-0.001313190544
0.004426782907
-0.001139205331
-0.001303132319
0.00114597817
0.001063749972
0.001171424483
0.0004743317084
-0.001261328097
2.845096761e-06
0.001301806465
-0.0005176607344
5.562272629e-09
-2.452467095e-06
-0.0004732065347
0.001298383764
-9.390268189e-06
0.0012430429
-0.001195291443
-0.0005005761919
0.001278368931
-0.0004664366471
-0.001273636432
4.334166289e-09
0.001315853926
4.276517574e-09
-0.001242933861
-0.0004942245563
3.411665641e-09
0.001293780423
-0.0005210989459
0.0005377932941
-0.001421365088
8.64720282e-07
0.001471461995
-0.0005887660269
1.110507437e-08
-1.494970458e-06
-0.0005407275293
0.0004992507034
0.001466792201
-1.23219963e-06
0.001421722515
-0.001374875103
-0.0005827096896
0.001425426364
-0.0005335303784
0.0004865742158
-0.001381608737
5.742479988e-09
0.0004937738805
0.001467947758
3.049818048e-09
-0.00137427864
-0.000581862881
1.385235768e-08
0.001471602467
-0.0005897427634
4.890819565e-08
0.001464606486
-0.0001743718424
-0.0002210569748
0.001599753561
0.0002476072658
4.049874697e-09
0.001464771012
-0.0001746848327
4.468974716e-09
0.0002073409162
7.822573462e-09
0.001415500393
-0.0001580721659
-5.955304139e-09
-5.766778661e-08
-0.0002068158404
0.0002321956684
0.00157459601
0.0002325024768
0.001574539193
-4.84736454e-09
0.001415600002
-0.0001578015392
-2.913814638e-07
-6.601716562e-08
-0.001331744964
-0.0001067372633
0.001481629377
-0.0001341122113
-0.001511910978
3.848494833e-09
0.0001641560107
-0.001331648393
-0.0001066108605
1.627975348e-09
6.774225156e-09
0.0009998361178
0.001110402646
0.001093753468
-0.0003333584343
-0.0003581470019
-0.0003411786955
-0.000310976081
6.105624941e-08
0.0009157955767
0.001006992323
0.001032119258
0.0009437387661
0.0003436627162
-0.0009064956699
-1.677033247e-05
0.004170486152
-0.001102230911
0.001110509048
0.0009996509213
0.001093523969
-0.0003332658505
-0.0003580781287
-0.0003412236874
-0.0003110607934
0.0009158535112
0.001007017382
0.001032174365
0.0009438084686
-1.675609268e-05
0.000343669524
-0.000906562501
0.0004475844945
-0.001084880981
1.502268685e-05
0.001055067444
-0.0004327942761
6.315610267e-10
-1.945320156e-05
-0.0004356314495
0.0004224511929
0.001053126104
-6.175075661e-07
0.001006073414
-0.000382042014
0.001113103549
-0.0004217274011
0.0004161124676
-8.392084832e-10
0.0004406402203
0.001100593349
1.272613144e-09
-0.0004134756112
3.185912985e-09
0.001020581134
-0.000435116486
-0.0006317762958
-2.621526169e-08
0.00383315741
-3.225863116e-09
-3.7276638e-09
-0.0004573560754
0.0008783465026
0.0009529494178
0.0009579172227
0.003999293182
-0.0005179844547
-0.0006313831378
0.003832667926
-0.0003785317089
-0.0004572346362
0.0009527845484
0.000878399558
0.0009579254959
0.0004246471666
-0.0008369396373
2.844967325e-06
0.0008061904002
-0.0003967427724
-1.24399673e-10
-3.439816869e-06
-0.0004277819661
0.0004449612541
0.0008568378256
-7.459893721e-06
0.0008260689388
-0.0008389051404
-0.0003448272151
0.0008849229362
-0.0003616972985
0.0003891367862
-0.0009215474961
5.998560511e-10
0.0004436303053
0.0008625015543
-1.577097826e-09
-0.0008678686428
-0.0003382277147
-4.688252825e-10
0.0008015824344
-0.0004004504935
-0.000240114452
-4.62844424e-09
0.0008390903183
0.0009217519749
0.0009175387255
0.003697816777
-4.023629955e-09
-2.3876898e-09
0.0008221063487
0.000907434122
0.0008972623364
0.003739307983
-0.0001973783118
-0.0002400138093
0.0009218579911
0.0008390178693
0.0009174485705
0.003697843313
0.0009073507549
0.000822222599
0.0008973963371
0.0001307119075
-0.0008772717007
1.584893828e-05
0.0008199019351
-8.919263956e-05
1.559219991e-09
-1.574358812e-05
-0.0001268050242
0.0001598511035
0.0007992574037
-3.426839237e-06
0.0008094933462
-7.236844719e-05
0.0008846519856
-0.0001170283564
0.0001509300704
-1.897930974e-09
0.000165566165
0.0008340531982
9.453797188e-10
-8.018816912e-05
8.762138392e-13
0.000785376121
-8.683885722e-05
0.0004224383617
0.001548264595
-3.784282589e-06
-0.0004400442857
-9.192257521e-09
-5.036117133e-06
-0.0003630809064
-2.235715074e-05
-0.001406034237
-0.0004211513131
-0.001550446515
-0.0004006863404
1.353531224e-10
1.335913316e-09
-0.0004175986445
4.963592812e-10
-0.0004060268319
-0.001431830921
-0.0004561237743
2.985808128e-06
0.001466717265
1.231666486e-09
-1.446059925e-05
0.001398970944
-0.001346797458
-3.088193136e-06
0.0004558249013
0.001457597479
0.000453713675
0.001431519696
4.358289535e-10
-0.001410213164
7.560573225e-10
-0.00142312441
0.001466085527
-3.917066247e-09
0.001445080964
0.0004519426055
-0.001501687532
-8.642829211e-09
0.00153877124
-0.0004897622348
0.001492118514
-0.0004602494537
-5.183464572e-06
-1.2614193e-08
-2.603746999e-06
-0.001487265323
0.001520237885
3.649241513e-07
0.0004533946527
-0.0004963016398
-9.398688623e-09
0.001523868132
-1.349887854e-08
-0.0004954730285
0.0004224172692
0.00154823289
-3.791457409e-06
-0.0004399970704
-0.001550439634
-0.0004006716682
0.001541028646
-5.035003332e-06
-0.0003630739348
-2.233729165e-05
-0.001406059456
-0.0004211241708
0.001472348095
-0.0004175835139
0.001542807949
-0.0004059430754
-0.001431918735
-0.000456145178
2.983253468e-06
0.001466839194
0.0004538277989
0.00143144281
-0.0004866025279
-0.001410216157
-1.444966261e-05
0.001399124906
-0.001346851879
-3.08534938e-06
0.0004558675358
0.001457448836
-0.00049926208
-0.001423135732
0.001465961201
-0.0004937528316
0.001445310561
0.0004519366643
-0.001501668162
0.001538756213
-0.0004897718172
0.001492122382
-0.0004600953718
-5.197490873e-06
-2.594298267e-06
-0.001487264103
0.001520249279
3.991103188e-07
0.0004530941065
-0.0004961663404
0.001523871837
-0.0004954167187
0.0003546914087
0.001585676857
2.201374833e-06
-0.0003763251629
-1.231743465e-09
-2.72679552e-06
-0.0003572052279
-1.263147454e-06
-0.001581143956
-0.0003649413356
-0.001565239366
-0.00034320343
-3.057767293e-09
-1.766019268e-09
-0.0003632007018
-2.592825069e-09
-0.0003802896565
-1.201385827e-06
0.000427329466
0.001604745483
0.001574750837
0.0004382535731
-4.162538985e-09
0.0004233646325
0.001604911636
4.363558503e-09
-0.001554590145
2.3025743e-06
0.001582699665
-2.935279973e-10
-4.031054623e-06
0.00155200376
-6.316327169e-09
0.00158093321
-6.809612621e-07
0.000404720635
-0.001632693391
0.0003848939872
-3.267348949e-09
0.001653956531
0.0004025555804
-6.691315523e-11
0.001607775827
1.153137426e-06
1.118476195e-09
-6.977780999e-07
-0.001606517336
0.001628027122
-2.655775742e-09
0.001628773991
0.0003698269635
-0.001548594332
5.473038866e-06
0.001566249029
-0.0003929560548
0.001537541577
-0.0003832954693
-6.783254654e-06
-0.0003721811903
0.001534603036
-1.444121666e-05
0.001521871011
-0.0004151286268
0.001550976538
-0.0004035216709
0.001555875034
-0.0004007121685
0.0003546945292
0.001585677214
2.200846444e-06
-0.0003763247858
-0.001565221677
-0.0003431993594
0.001582964646
-2.730768612e-06
-0.0003572181597
-1.259524901e-06
-0.001581143735
-0.0003649365882
0.001602413486
-0.0003631984372
0.001604414173
-0.0003802860122
0.001574746397
0.0004382568237
-1.206279843e-06
0.000427314201
0.001604781778
0.0004233486997
0.00160494461
-0.001554588897
2.298933432e-06
0.001582682314
-4.011779517e-06
0.001551996943
0.001580897912
-0.001632701954
0.0003848955514
0.00165395401
-6.819600779e-07
0.0004047441427
0.0004025741461
0.001607774048
1.158753337e-06
-6.939204241e-07
-0.001606514795
0.001628027685
0.001628774584
0.000292652347
0.001643698901
4.918427469e-07
-0.0003034155726
-2.701868331e-09
-4.003684364e-07
-0.0002933680871
-4.673256687e-07
-0.001643702542
-0.0002792805365
-0.001621420483
-0.0002698427209
-3.388494991e-09
-3.53850065e-09
-0.0002790788063
-2.606776916e-09
-0.0003034326385
-1.506904166e-07
0.0003315446959
0.001681578722
0.001669284913
0.0003637673436
-1.938179962e-09
0.0003314370902
0.001681705755
-1.134638207e-09
-0.001645511921
2.682535792e-07
0.001658683143
-1.684347028e-09
-4.299935081e-07
0.001645159665
-2.262118087e-09
0.001658438815
-1.296003196e-07
0.0003113766207
-0.001675897175
0.0002897909251
-3.112373395e-09
0.001669977954
0.0003115417498
-2.323703655e-09
0.001666576327
2.368658606e-07
-3.872839376e-09
-2.121073168e-07
-0.001666619668
0.001677002703
-2.286070725e-09
0.001677078624
0.0003044865093
-0.001620458612
5.573189164e-07
0.001633415319
-0.0003180020814
0.001597380936
-0.0003297472901
-3.792376683e-07
-0.000305636735
0.00161015322
-8.026951857e-07
0.00161966736
-0.0003472333317
0.001610522977
-0.0003465966473
0.0016331255
-0.0003185375684
0.0002926461969
0.001643699415
4.89772751e-07
-0.0003034227713
-0.001621444161
-0.0002698963135
0.001630586165
-3.957225212e-07
-0.0002933535739
-4.712556838e-07
-0.001643715383
-0.0002793578124
0.001652619345
-0.000279141474
0.001652470709
-0.000303453689
0.001669267023
0.0003637629586
-1.509643043e-07
0.0003316112751
0.001681470891
0.0003314969859
0.00168160183
-0.001645510759
2.708208898e-07
0.00165873315
-4.278794931e-07
0.00164516544
0.001658509967
-0.001675925174
0.0002896967976
0.001670004408
-1.231749874e-07
0.00031132482
0.000311493692
0.001666573537
2.266545438e-07
-2.02382257e-07
-0.001666607758
0.001676832627
0.001676924196
0.0002579085198
0.001659608722
3.553292522e-09
-0.001669586934
-0.0002375517163
1.820166239e-07
0.001666049788
-3.600262456e-09
-2.193800752e-07
0.001669700887
-1.362658299e-07
0.0002376810274
0.001654394594
-1.095762055e-10
0.001654427577
-4.372045014e-09
0.001666318224
0.001657788125
-0.0002293495591
3.039653135e-07
-7.140098843e-09
-2.645983136e-07
-0.001658187725
0.001650826288
-3.180600367e-07
0.0002298352077
-0.0002084372303
0.0002151995934
-0.001633106735
-4.112174179e-09
-0.0001935848885
0.001611040099
-7.319570931e-09
0.001650428407
-3.87261105e-09
-0.000208342891
0.00023765056
-0.001654886694
4.885929819e-07
-0.0002409111754
0.0016388707
-0.0002620166101
-1.792812992e-07
-0.0002390518525
-6.7403157e-07
0.001655804283
-0.000265226203
-0.0002651113521
-0.0002412454199
0.0002579918614
0.001659622343
-0.0002476903936
-0.001669586737
-0.0002375645719
1.775130346e-07
0.001666059022
-2.178531941e-07
0.001669701692
-1.287259082e-07
0.0002377042341
0.001654321731
-0.0002321451478
0.001654376907
-0.0002324522162
0.00166633802
0.001657787654
-0.0002293406169
2.967917352e-07
0.0002150781764
-0.001633163087
-0.0001934400535
0.001611080002
-2.517099556e-07
-0.001658174292
0.001650758389
-3.178834618e-07
0.0002298107418
-0.0002085371354
0.001650416694
-0.0002084485524
0.000442341301
0.001243466464
5.747674659e-07
-0.0004505997933
1.283550886e-09
-4.957755432e-06
-0.0003894792208
-1.644520914e-05
-0.00114340289
-0.0004655185239
-0.001272086301
-0.000451504348
1.554405797e-09
9.624360592e-10
-0.0004674187216
1.765780746e-09
-0.000410573199
-0.001179081509
-0.0004241977644
1.810545163e-05
0.001187072213
1.773254883e-09
-6.228624302e-06
0.001073873879
-1.948882182e-05
0.0003991304392
0.001090208042
0.0004088986607
0.001148518308
-1.505310398e-09
-6.952495653e-10
0.001145470508
1.439426233e-09
0.001125528873
0.0004906476777
-0.00115437928
2.343737455e-09
0.001169435663
-0.0005104709266
0.001181350134
-0.0004519193623
7.040184611e-06
1.464605019e-09
-5.54571453e-06
-0.001160482014
0.001188877285
-1.163876869e-05
0.0004384861651
-0.0004692322655
1.235001489e-09
0.001199032136
1.670868111e-09
-0.0004724685777
0.0004423424069
0.001243474404
5.760941013e-07
-0.0004506137378
-0.001272102801
-0.0004514810898
0.00127360752
-4.958367455e-06
-0.0003894810114
-1.644765208e-05
-0.001143417284
-0.0004655020771
0.001195312158
-0.000467406827
0.001242954251
-0.0004106001516
-0.00117908423
-0.0004241894204
1.810461848e-05
0.001187078884
0.000408880262
0.001148546679
-0.000416129541
-6.224878442e-06
0.001073891271
-1.948802972e-05
0.0003991202177
0.001090214095
-0.0004224044819
0.001145457562
-0.0004405868935
0.001125549752
0.0004906566706
-0.001154323278
0.001169460181
-0.0005105618404
0.001181358795
-0.000451932897
7.040707312e-06
-5.547337419e-06
-0.001160502053
0.001188910928
-1.164010342e-05
0.0004385117493
-0.0004691808897
0.001199062534
-0.0004724370495
0.0005084019968
0.001333714695
-4.595669056e-07
-0.0005398572466
6.590428733e-09
4.808430405e-06
-0.000500914491
0.0004540350283
-5.529723356e-07
-0.001332615157
-0.0005661888019
-0.001342406512
-0.0005253708874
7.269685892e-09
0.0004844079072
4.054316963e-09
0.0004866537906
-0.0005664987914
1.098626261e-08
-0.0005402087893
-1.508136532e-06
0.0005659003484
0.001239264602
0.001198601199
0.0005288276559
6.408711681e-10
0.0005634840143
0.001240977667
9.013388051e-10
-0.001229617056
1.891869573e-06
0.001273545654
2.815536452e-09
-4.016866981e-06
0.001224122689
1.314107266e-09
0.001270815963
-0.001294205068
0.0006097815016
1.120255804e-08
0.001352345271
-6.917311292e-07
0.0005908096804
0.0005900791125
3.958601495e-09
0.00132315946
6.002422121e-07
7.818606999e-09
-3.511177986e-07
-0.001322017089
0.001366454315
1.357436924e-08
0.001366077471
0.0004743467655
-0.001261336249
2.855421608e-06
0.001301824684
-0.0005176850529
0.001278464331
-0.0004664539479
-2.459787655e-06
-0.0004732379657
0.001298390758
-9.394938506e-06
0.00124306158
-0.0005005707611
0.001315838943
-0.0004942274691
0.001293826885
-0.0005211478389
0.0005083950372
0.00133372968
-4.487742259e-07
-0.0005398446659
-0.001342421457
-0.000525356134
0.001381623659
0.0004843934307
4.801836705e-06
-0.0005009047996
0.0004540018886
-5.710963127e-07
-0.001332657436
-0.0005661886086
0.00137495173
0.0004866184142
-0.0005665032729
0.001374316706
-0.0005401841241
0.001198623444
0.0005288035149
-1.509669286e-06
0.0005658578034
0.001239304254
0.0005634408494
0.001241011634
-0.001229621856
1.89472763e-06
0.001273485743
-4.01804025e-06
0.00122413936
0.001270744052
-0.001294180248
0.0006098184592
0.001352372186
-6.960319843e-07
0.0005908360928
0.0005901118505
0.001323152039
6.087004844e-07
-3.710540448e-07
-0.001322004716
0.001366510393
0.001366109739
-2.633187571e-07
-0.001523330801
-0.0005850078585
-0.0005342022687
-0.001512987693
-1.940871517e-08
-0.001523046081
-0.0005852351526
-7.292335208e-08
0.0005408720012
3.578620478e-07
-0.0005927791797
-3.476965412e-08
-3.814171124e-07
-0.0005418743134
-2.238233253e-08
-0.0005932447912
0.001405680121
0.0006327855851
1.251601309e-08
-2.197787944e-07
0.0006439229308
0.001457936514
0.000643739563
0.001457005722
1.048526291e-08
-0.00141656538
3.930917471e-07
0.001471128856
1.696725335e-08
-4.172736753e-07
0.001417204057
1.751597346e-08
0.001471777312
-0.001500706877
0.0006390895226
-2.786021837e-08
-2.644146931e-08
0.00064622927
0.0006462165892
1.743127008e-09
-2.196893378e-07
-0.001524898307
-0.001524427992
-7.095775315e-08
1.3651885e-07
1.75190994e-09
0.0005377913332
-0.001421411155
9.156430365e-07
0.00147152148
-0.0005888061963
0.001425409368
-0.000533528924
-1.522692428e-06
-0.0005407051888
0.001466788513
-1.258074466e-06
0.00142185876
-0.0005827274414
0.001467928222
-0.0005818676035
0.001471884649
-0.0005898154382
-0.0005342567454
-0.00151291758
-1.575001005e-08
-0.001523612905
-0.0005851312706
-0.001522956651
-0.0005851681701
0.0005407795447
3.792767019e-07
-0.0005926287702
-3.510827813e-07
-0.0005416694874
-0.0005930184676
0.001405705531
0.0006327784494
-2.564844335e-07
0.0006440254453
0.001457994952
0.0006437749792
0.00145699965
-0.001416586394
4.597974136e-07
0.001471112341
-4.517044252e-07
0.001417290288
0.001471960087
-0.001500733685
0.0006391033928
-4.743602566e-08
0.0006463756272
0.0006461905182
-9.502780927e-08
-0.001525633645
-0.001524359436
3.16399053e-07
0.0001853537669
0.001372200818
3.234974885e-09
-0.000142052796
-4.630481576e-09
-9.85404023e-08
-0.0001848681346
-6.676370793e-08
-0.001372223144
-0.0001138211606
-0.001551455917
-0.0001542375977
-3.498508142e-09
-4.396069462e-09
-0.0001137512848
-6.447604322e-10
-0.0001414880475
0.0008970537547
0.000114217393
-3.970063932e-09
5.873366465e-08
9.598396356e-05
0.0008482918282
9.61065576e-05
0.0008485392567
-5.17486214e-09
9.197856147e-08
0.00123154055
0.001231850281
8.113440824e-11
-2.700795603e-08
0.001169915545
-3.858174946e-09
0.001169695961
-0.0008038214255
7.528493973e-05
2.534672205e-09
0.0007718770712
3.159538953e-08
8.794713918e-05
8.824517385e-05
-2.364480952e-09
0.001116133385
-2.151509161e-08
-3.970489991e-09
-3.736456115e-08
-0.001116133555
0.00107762282
1.148638131e-09
0.001077628524
-0.0002211159298
0.001599740827
2.144024011e-08
0.001464677977
-0.0001744762623
0.001464826909
-0.000174785207
0.0002073420832
-9.529186018e-10
0.001415506342
-0.0001580265231
-5.041117742e-08
-0.0002068186364
0.001574617971
0.001574575449
0.001415613121
-0.0001577547345
0.0001853406175
0.001372200129
-2.761091563e-09
-0.0001420362916
-0.001551366711
-0.0001541934335
0.001511932971
-9.640667632e-08
-0.0001848463693
-6.649869481e-08
-0.001372219704
-0.0001138479592
0.00133180144
-0.0001137802438
0.001331719804
-0.0001414557054
0.0008970643061
0.0001142170057
7.800822662e-08
9.605213083e-05
0.00084817867
9.617205584e-05
0.0008484513423
7.881650768e-08
0.001231495499
0.001231779106
-3.420449022e-08
0.001169954966
0.001169758689
-0.0008038324969
7.535062765e-05
0.0007719004954
3.29706819e-08
8.787929256e-05
8.819881344e-05
0.001116138885
-2.534743842e-08
-4.760481972e-08
-0.001116156926
0.001077675667
0.001077662813
8.301853417e-05
-7.837252279e-09
8.406065131e-10
-3.026842141e-09
-0.0001341696996
0.0001642072841
-7.57979864e-08
-0.0001067793941
-0.0001066200939
8.296462043e-05
1.174346115e-08
-3.352904682e-06
-0.001039658233
-0.0005692362229
-0.0005394368267
-0.001107383165
1.541412314e-09
-0.001051607604
-0.0005645601403
-1.962228275e-09
0.0004906829769
8.824537332e-06
-0.0004960483901
7.139928192e-10
-1.142340586e-05
-0.0004932127481
1.175425199e-09
-0.0005034653156
-0.0009923402316
-0.0004438560356
4.858240165e-06
0.0009985425784
1.171800128e-09
-5.301135862e-06
0.0009777066259
-0.0009608379444
-3.818653243e-06
0.0004433831096
0.0009245414706
0.0004035397204
0.0009346826943
-1.204661881e-09
-0.0009580218805
1.466854798e-09
-0.001007578738
0.0009306393005
-1.003415901e-09
0.0009908314697
0.0005785711268
-0.0009367655209
3.496195376e-09
-0.0005812444235
-1.879788132e-06
-0.0009911511134
-0.000994818966
-1.292875711e-09
-0.0004959951737
3.669066159e-06
1.324098188e-09
-2.314167381e-06
0.0005001159064
-0.0005066584143
1.508251827e-09
-0.0005044370804
0.0004475751207
-0.001084846355
1.502228807e-05
0.001055042457
-0.0004327928828
0.001113079071
-0.0004215971026
-1.945066008e-05
-0.0004356003813
0.001053151107
-6.215783266e-07
0.001005993604
-0.0003820610136
0.001100617909
-0.0004135378883
0.001020528604
-0.0004351130952
-0.0005393963132
-0.001107431253
-3.342733244e-06
-0.001039720108
-0.0005691786489
-0.001051664777
-0.0005644972192
0.0004906702868
8.821869707e-06
-0.0004961137676
-1.142106705e-05
-0.0004931817833
-0.0005035514207
-0.0009923543678
-0.0004438438637
4.858645685e-06
0.0009985478616
0.0004035241968
0.0009347269475
-0.000389119849
-0.0009580596369
-5.295367686e-06
0.0009777446509
-0.0009609068098
-3.812045589e-06
0.0004433640475
0.0009245680563
-0.000444914701
-0.00100766197
0.0009306456014
-0.0004435755803
0.0009908542355
0.0005786158713
-0.0009367145495
-0.0005812123416
-1.876267369e-06
-0.000991142303
-0.0009947778749
-0.0004960183613
3.675891896e-06
-2.320427587e-06
0.000500163602
-0.0005066071532
-0.0005044062369
0.0002979088582
0.0009146979624
2.04975798e-06
-0.000264557788
6.696706267e-10
-2.700214148e-06
-0.000268528429
0.0002845216503
-1.293609142e-05
-0.0008502027592
-0.0002945186239
-0.0009609472207
-0.0003246751612
-7.998281974e-10
0.0003479527574
2.145727596e-09
0.0003185821747
-0.0002907802594
-1.667086965e-09
-0.00024337604
-0.0009278327633
-0.0002025709983
1.360520559e-05
0.0008899339412
1.297386776e-10
-3.636507782e-06
0.0008544323562
-1.543634402e-05
0.0001911831139
0.0008289966269
0.0001823800242
0.0009183252737
2.208543852e-09
-2.272426723e-10
0.0008658838656
2.389688534e-10
0.0008510585869
0.0002635869046
-0.0008110313377
-4.61655821e-09
0.0007652635006
-0.0002217252363
0.0008481994145
-0.0002287422526
5.918635322e-06
3.602012995e-10
-4.847682669e-06
-0.0008350395639
0.0008089306262
-8.739485907e-06
0.0002214383703
-0.0001809074969
-9.20349181e-11
0.0008161584794
-1.307283126e-09
-0.0001826278934
0.0002979216685
0.0009147138399
2.050340852e-06
-0.0002646021232
-0.0009608788958
-0.0003246104329
0.0009214280494
0.0003479266401
-2.710884016e-06
-0.0002685606293
0.0002845592461
-1.292894348e-05
-0.0008502212784
-0.0002944950878
0.0008389724308
0.0003185659677
-0.00029077525
0.0008679480515
-0.0002434572432
-0.0009278302667
-0.000202571438
1.360623126e-05
0.0008899663184
0.000182292491
0.0009182387245
-0.0001509339261
-3.631870392e-06
0.0008544367046
-1.544906815e-05
0.000191165633
0.0008288495769
-0.0001597901286
0.0008657879155
-0.0001655694513
0.0008511170675
0.0002635513275
-0.0008110922922
0.0007653435177
-0.0002216912598
0.0008481910335
-0.0002287439929
5.917524818e-06
-4.845274611e-06
-0.0008350185966
0.0008088884673
-8.738454582e-06
0.0002214412404
-0.0001810764482
0.0008161217519
-0.0001827881247
-0.0005692893915
-0.0008485257006
-6.412964579e-10
-7.212928463e-07
-0.0007705329295
-0.0005353588502
-0.0007724809975
-0.000533824527
1.67437817e-09
0.0004921260324
1.283514507e-06
-0.0004596997592
-3.847311362e-10
-1.666031434e-06
-0.0004942343576
-1.229695107e-09
-0.0004619013396
-1.287622253e-06
0.0003588864042
0.0006668422987
0.0007185558281
0.0003063655229
-4.383761111e-09
0.0003565067377
0.0006687245271
-4.515713173e-09
-0.0007809624205
1.722839003e-06
0.0007390009094
2.638966949e-09
-3.33187891e-06
0.0007764739775
1.996822341e-09
0.0007366327376
0.0004899077078
-0.0006174295339
1.220678289e-09
-5.135403611e-07
-0.0006905291081
-0.0006915712111
2.948754701e-09
-7.095664635e-07
0.000414904356
0.0004131665272
-9.48397686e-10
8.933498408e-07
3.120610374e-09
0.0004246444171
-0.0008369298053
2.84505067e-06
0.0008061961932
-0.000396755978
0.0008848856368
-0.0003617743096
-3.43853604e-06
-0.0004277794671
0.0008568436693
-7.455902965e-06
0.0008260555313
-0.0003448254868
0.0008625143552
-0.0003382124316
0.0008015976449
-0.0004004765306
-0.0005692793334
-0.0008485683371
-7.20903996e-07
-0.000770466885
-0.0005354499326
-0.0007724423441
-0.0005339061975
0.0004921193792
1.284986186e-06
-0.0004596509008
-1.657931158e-06
-0.0004942129755
-0.0004617972311
0.0007186122841
0.0003063791101
-1.254261096e-06
0.0003588272092
0.0006669317589
0.0003564628068
0.0006688141503
-0.0007809576865
1.72585577e-06
0.0007389413055
-3.332744493e-06
0.0007764632942
0.0007365398343
0.0004899082924
-0.0006174417351
-5.265110983e-07
-0.000690569406
-0.0006916126196
-6.924977039e-07
0.0004149285931
0.0004132172985
8.982079338e-07
-3.874812424e-06
-0.0007487234059
-0.0001123263541
-0.0001728370122
-0.0007893082161
1.227368876e-09
-0.0007632801322
-0.0001117450786
-9.282993113e-11
0.0001473307645
9.571699835e-06
-0.000100282199
1.53830313e-09
-9.445363318e-06
-0.0001466796359
2.494450194e-09
-0.0001004552172
-0.0008545679307
-4.584649526e-05
1.543602523e-05
0.0007957856554
1.059346747e-10
-3.349766993e-06
0.0007898559264
-1.557517745e-05
4.46711012e-05
0.0007683741121
4.084211149e-05
0.0008632881853
-2.641341676e-10
-1.414901491e-09
0.0008018685712
2.725496916e-11
0.0007631242011
-3.864036601e-06
-0.0007244072077
5.957865482e-05
-0.0007400233863
1.815107928e-09
-0.0007383755633
1.841460891e-09
-5.230681584e-05
9.434571545e-06
1.389003883e-10
-9.537684561e-06
5.230364956e-05
1.199525841e-09
0.0001307105373
-0.0008772644886
1.584993742e-05
0.000819911435
-8.920586047e-05
0.0008847268046
-0.0001169877041
-1.57340794e-05
-0.000126786583
0.0007993690461
-3.4296152e-06
0.0008094736208
-7.238502512e-05
0.0008341347608
-8.023323438e-05
0.0007854078795
-8.687090142e-05
-0.0001728091084
-0.0007892217434
-3.875576752e-06
-0.0007486400766
-0.0001124478663
-0.0007632131467
-0.0001118697662
0.0001473308477
9.580880785e-06
-0.0001002118995
-9.458235554e-06
-0.0001466854723
-0.0001003367858
-0.0008545865641
-4.584215705e-05
1.543221381e-05
0.0007957907561
4.076003955e-05
0.0008632787103
-3.33516515e-06
0.0007899099345
-1.557541077e-05
4.465536317e-05
0.0007683596669
0.0008018617066
0.0007631266144
5.959946105e-05
-0.0007400222418
-3.861968731e-06
-0.0007244965114
-0.0007384547088
-5.230184317e-05
9.426132927e-06
-9.53796046e-06
5.228054807e-05
-2.45661195e-05
-0.001276080611
3.532570182e-06
0.0004112882307
0.0004599614396
-0.001404052557
4.538042226e-09
-0.001419503518
4.113140231e-09
0.0004705540774
3.510940176e-09
5.088378526e-06
3.779526357e-09
0.0004599465883
-0.001404059515
-2.457701342e-05
-0.001276121375
3.524043371e-06
0.000411282745
-0.001419526895
0.000470551373
5.095717488e-06
-5.594264558e-07
0.0001792293572
3.305278863e-09
-2.115272191e-09
0.0001793127157
-5.770217094e-07
-1.560423935e-05
-0.0009349294287
-3.602265762e-06
0.0002974238205
0.0003613966055
-0.0009882341255
-1.940895012e-09
-0.001019933462
8.142419353e-11
0.0003337370621
1.039323173e-09
4.742936432e-06
1.221009131e-09
0.0003614030164
-0.0009882940542
-1.559079846e-05
-0.0009349123432
-3.584044402e-06
0.0002974342992
-0.001019927804
0.0003337062857
4.730373168e-06
2.667651055e-06
-5.119337461e-09
5.375900456e-05
-4.887205423e-05
5.134216049e-07
-1.314848306e-08
2.590834941e-05
-2.374097276e-05
-1.552579538e-08
7.137751271e-06
-6.608804777e-06
2.667022671e-06
5.375805064e-05
-4.887107325e-05
-5.537774895e-09
5.132065745e-07
2.590766384e-05
-2.374046626e-05
-1.338078674e-08
7.137483395e-06
-6.608637715e-06
-1.563809521e-08
-5.730725247e-07
-3.204324922e-06
2.438843998e-06
-1.471369644e-07
-1.483206617e-07
-1.545813664e-06
1.236532938e-06
-1.154720541e-07
-4.227751454e-07
3.632964256e-07
-8.884390672e-08
-5.756753093e-07
2.433030802e-06
-1.486201745e-07
-3.199977777e-06
-1.491010525e-07
1.233346012e-06
-1.162179192e-07
-1.543703938e-06
3.622729578e-07
-8.920754388e-08
-4.22166917e-07
-1.336449412e-06
1.217670451e-07
3.870302756e-05
-3.772495231e-10
-4.124204435e-05
-1.789841374e-07
9.049224747e-08
1.795195095e-05
-1.988944885e-10
-1.919971023e-05
7.334068325e-08
4.81697952e-06
-9.335510804e-11
-5.069212198e-06
-1.684591734e-06
3.870067387e-05
-4.123851186e-05
-3.344371354e-07
1.794550039e-05
-1.920516469e-05
4.813183417e-06
-5.074278128e-06
-3.110772246e-06
-1.824051968e-05
1.260629325e-07
1.270924478e-05
-3.63340986e-10
-5.842228805e-07
-8.176568371e-06
9.733749208e-08
5.552872419e-06
-1.900712442e-10
-2.063157069e-06
7.656564441e-08
1.402456861e-06
-8.821644624e-11
-5.300458232e-06
-8.458614753e-08
1.820777295e-05
-2.655364289e-05
-1.232881888e-06
-8.217096092e-08
8.162581966e-06
-1.214799058e-05
-7.424054017e-08
2.05974374e-06
-3.218385807e-06
-4.986055312e-06
-2.656965159e-05
-4.088460207e-10
-1.085125684e-06
-1.215945154e-05
-2.151430318e-10
-3.222423841e-06
-1.005988992e-10
-3.473222428e-06
1.2665916e-05
-7.422935799e-07
5.528988176e-06
1.394017318e-06
2.731877296e-06
1.364781908e-10
5.362318014e-05
-4.872137333e-05
5.464899772e-07
1.125709871e-10
2.58265634e-05
-2.365443597e-05
5.451316224e-11
7.106933369e-06
-6.576023567e-06
-2.787200207e-07
-6.703547925e-08
-3.567158834e-06
-8.052088102e-08
-5.341008227e-08
-1.69060233e-06
-4.422903548e-08
-4.590679457e-07
-9.98589178e-08
3.194469948e-06
3.332445536e-10
-3.587089316e-06
4.546165791e-09
1.540849756e-06
1.839923411e-10
-1.698847884e-06
4.216393766e-07
9.206952373e-11
-4.61416041e-07
4.499889973e-06
-1.132479746e-07
-1.694531676e-05
7.850625219e-11
2.441986731e-05
9.440281423e-07
-8.763040097e-08
-8.332032568e-06
4.121625975e-11
1.197548155e-05
-7.062263947e-08
-2.342834911e-06
1.917032465e-11
3.357465547e-06
4.838693652e-06
-1.700600438e-05
2.451029249e-05
1.09256148e-06
-8.366089121e-06
1.202459045e-05
-2.353719211e-06
3.375657684e-06
-1.533806543e-07
5.175247179e-06
-1.592360749e-07
-8.15876648e-08
2.456055164e-06
-1.207708961e-07
6.690617875e-07
-8.956004538e-08
-5.9210149e-07
-7.488048142e-08
5.322093203e-05
-1.66612902e-07
-5.195516484e-08
2.553413e-05
-3.797546893e-08
7.008844665e-06
-3.295609358e-07
5.31926865e-05
-5.362227231e-05
-1.017022691e-10
-6.712977608e-08
2.551165063e-05
-2.582598737e-05
-5.129925783e-11
7.001625263e-06
-7.106706278e-06
-2.51728679e-11
-1.225407976e-06
-1.927998882e-08
5.183080678e-05
-3.336603564e-07
-4.747923764e-08
2.468986196e-05
-5.433351673e-08
6.729518749e-06
-1.05326597e-06
-2.318428871e-10
5.176171376e-05
-2.369875553e-07
-1.469183988e-10
2.464803854e-05
-8.539042541e-11
6.710388688e-06
-3.83852258e-06
3.237615612e-05
5.972620346e-08
-3.720385733e-10
-8.626650801e-07
1.490908501e-05
6.720158392e-08
-1.937865434e-10
3.888511253e-06
6.589420608e-08
-8.984302069e-11
-3.628823611e-06
-1.445269695e-07
-3.236333824e-05
-7.577896412e-07
-1.10460166e-07
-1.490856499e-05
-8.59948617e-08
-3.890180289e-06
-3.219566185e-06
-3.893964002e-10
-5.80187157e-07
-2.059473252e-10
-9.58032681e-11
-4.093033344e-06
-9.888992744e-07
-1.336216049e-06
1.211473051e-07
3.870269237e-05
-4.124137872e-05
-1.789346561e-07
9.015719998e-08
1.795179961e-05
-1.91994369e-05
7.31767625e-08
4.816943234e-06
-5.069146724e-06
-1.683491888e-06
3.869982652e-05
-4.123668047e-05
-3.341284187e-07
1.794510347e-05
-1.920431206e-05
4.813088252e-06
-5.074039151e-06
-3.838357098e-06
3.237600453e-05
5.908788322e-08
-8.626320893e-07
1.490901804e-05
6.685807733e-08
3.888493521e-06
6.57276844e-08
-3.628255579e-06
-1.438272915e-07
-3.236296765e-05
2.655338042e-05
-7.576143538e-07
-1.100872117e-07
-1.490841282e-05
1.214785813e-05
-8.58160359e-08
-3.890143291e-06
3.218344927e-06
-3.219533434e-06
2.656951982e-05
-5.801838082e-07
1.21593761e-05
3.222397757e-06
-4.0922225e-06
-9.886747037e-07
-2.816123575e-06
7.679206229e-08
-3.421205308e-10
7.63979323e-06
-5.796153177e-07
6.765424707e-08
-1.725580902e-10
3.248882373e-06
5.866720961e-08
-7.950220046e-11
7.642551324e-07
-3.053940893e-06
7.610496436e-06
-6.922712502e-07
3.234972098e-06
7.604152167e-07
-3.110649749e-06
-1.824047602e-05
1.254404862e-07
1.270925935e-05
-5.841936183e-07
-8.17653946e-06
9.700347218e-08
5.552889087e-06
-2.063145849e-06
7.640423862e-08
1.402461762e-06
-5.299745759e-06
-8.387418004e-08
1.820774546e-05
-1.2326634e-06
-8.178963873e-08
8.162565692e-06
-7.405741982e-08
2.0597403e-06
-4.985925564e-06
-1.085095001e-06
-3.4726017e-06
1.266601654e-05
-7.421020941e-07
5.529066438e-06
1.394043632e-06
-2.816065119e-06
7.621335811e-08
7.639812413e-06
-5.79599409e-07
6.735290236e-08
3.248894136e-06
5.852238625e-08
7.642599773e-07
-3.053553252e-06
7.610518751e-06
-6.921344418e-07
3.234999761e-06
7.604341093e-07
-2.735164131e-06
3.156935811e-06
-2.020365604e-07
-5.881219234e-07
1.242638516e-06
-1.546843595e-07
2.859743959e-07
-1.136635321e-07
-5.662593341e-07
-8.127008265e-08
1.608215175e-06
-1.497026981e-07
-6.20758711e-08
8.820529556e-07
-4.965227233e-08
2.632448196e-07
-3.396935751e-07
-4.359809453e-10
-2.416497748e-06
1.588388315e-06
-4.883587472e-08
-2.479785912e-10
-1.22334349e-06
8.706568432e-07
-1.246324277e-10
-3.579379033e-07
2.595724256e-07
-1.565149551e-06
-1.609134499e-06
-7.881318351e-07
-1.752009932e-07
-3.572816029e-07
-8.823864461e-07
-1.883038012e-07
-1.371764032e-07
-2.633302883e-07
7.631730389e-09
-1.015823647e-07
-5.604885189e-07
-7.981165883e-08
-1.482167471e-07
-6.131479847e-08
-4.927502867e-08
-3.387319781e-07
-2.41452892e-06
1.588678868e-06
-4.867195827e-08
-1.222331435e-06
8.707070741e-07
-3.57637142e-07
2.595649218e-07
2.991475878e-06
-3.558740469e-08
4.50415329e-05
-3.982919105e-05
1.486785433e-10
5.855654276e-07
-3.8426045e-08
2.190924209e-05
-1.946497574e-05
7.227625473e-11
-3.236818785e-08
6.066775007e-06
-5.448862666e-06
2.296085111e-11
2.40569438e-06
8.481122189e-08
-4.5063836e-05
5.573795251e-07
4.422942396e-08
-2.193638082e-05
2.475853682e-08
-6.076016755e-06
2.185421958e-06
4.8720395e-05
-7.971434882e-11
-4.504082283e-05
4.844998574e-07
2.365392798e-05
-4.266115751e-11
-2.190873207e-05
6.575843707e-06
-1.975146279e-11
-6.066565381e-06
2.731774551e-06
5.464468653e-07
-1.768143846e-07
1.058533282e-10
2.516784795e-08
5.27098575e-11
2.295898129e-11
-1.761450875e-07
-3.193016572e-06
2.542404263e-08
-1.540067605e-06
-4.21397321e-07
5.082759712e-06
-8.759669146e-06
-1.096675788e-07
1.55517103e-10
1.092570121e-06
-4.247512629e-06
-9.441363318e-08
8.23537347e-11
-1.170309458e-06
-7.999410138e-08
3.834953768e-11
5.652805582e-06
1.418531171e-07
8.797427757e-06
1.27010026e-06
1.152547218e-07
4.269414683e-06
9.291838038e-08
1.177734328e-06
5.207330925e-06
2.182335387e-10
1.076900014e-06
1.182859636e-10
5.601627703e-11
5.447067708e-06
1.255979444e-06
4.499967976e-06
-1.13049866e-07
-1.694500498e-05
2.441948578e-05
9.440616459e-07
-8.75255535e-08
-8.331873697e-06
1.197534567e-05
-7.057164047e-08
-2.342789815e-06
3.357441629e-06
4.838542514e-06
-1.700518627e-05
2.450932906e-05
1.092520957e-06
-8.365665461e-06
1.202416072e-05
-2.353596616e-06
3.375545457e-06
5.08270951e-06
-8.759473435e-06
-1.093314534e-07
1.092565038e-06
-4.247416895e-06
-9.423089942e-08
-1.170282045e-06
-7.990483677e-08
5.652091853e-06
1.413702706e-07
8.796882608e-06
1.269899126e-06
1.149954118e-07
4.269142674e-06
9.279323162e-08
1.177653358e-06
5.207251501e-06
1.076888115e-06
5.446602372e-06
1.2558486e-06
-1.536758339e-07
5.177411762e-06
-1.598309676e-07
-8.173653742e-08
2.456836608e-06
-1.210826335e-07
6.692489623e-07
-8.97051066e-08
-2.121033729e-06
-5.183298152e-05
4.915197195e-05
-1.105324742e-07
-5.215806255e-07
-2.469111244e-05
2.317249987e-05
-8.084084584e-08
-6.729938642e-06
6.272242339e-06
-6.388416741e-08
-1.224312225e-06
-5.322248585e-05
-1.86772741e-08
-3.333408956e-07
-2.553493491e-05
-4.715013342e-08
-7.009108063e-06
-5.417103365e-08
-2.121415971e-06
4.914832949e-05
-1.104612882e-07
-5.216324219e-07
2.317090913e-05
-8.083118021e-08
6.271771512e-06
-6.38845674e-08
-5.329673643e-06
-4.574606548e-08
-1.28333276e-06
-7.900485069e-08
-8.536883038e-08
-5.328564079e-06
-4.561109766e-08
-1.283055834e-06
-7.890905017e-08
-8.532217968e-08
-2.734499635e-06
3.157878618e-06
-2.025329349e-07
-5.879802601e-07
1.243440464e-06
-1.549858204e-07
2.862448146e-07
-1.138086707e-07
-1.457427129e-06
7.904687446e-07
-6.810500521e-08
-3.441348441e-07
1.895051335e-07
-5.935288091e-08
-7.254168927e-09
-5.063363256e-08
-1.457464296e-06
-6.746314595e-08
-3.440927743e-07
-5.903510149e-08
-5.048573877e-08
3.072585908e-06
-3.995562003e-05
4.506490225e-05
6.321712072e-07
-1.95350119e-05
2.193700025e-05
-5.476437332e-06
6.076240712e-06
3.609327515e-06
-3.43234428e-05
1.046755095e-07
8.292689179e-07
-1.682528668e-05
7.033366898e-08
-4.698037981e-06
5.086992737e-08
3.072360797e-06
-3.995466808e-05
3.551765156e-08
6.320996473e-07
-1.953450317e-05
3.838535516e-08
-5.476267499e-06
3.235122535e-08
3.609146233e-06
-3.432216869e-05
1.045151966e-07
8.292123643e-07
-1.682484059e-05
7.027070288e-08
-4.697901685e-06
5.084634365e-08
-8.60378663e-07
-4.641462589e-06
-1.565200974e-07
-2.277424395e-07
-2.200316142e-06
-1.229213248e-07
-5.950786908e-07
-9.172826391e-08
-4.270077873e-07
-6.485487789e-08
-1.181256194e-07
-5.314445008e-08
-4.414442342e-08
-4.267848153e-07
4.643708284e-06
-6.518354541e-08
-1.180628866e-07
2.20144127e-06
-5.332848896e-08
5.954197634e-07
-4.423306964e-08
6.309491769e-06
1.030499618e-07
1.408216196e-06
1.005787297e-07
8.583533791e-08
6.309475484e-06
1.030977403e-07
1.408201138e-06
1.005955549e-07
8.584580752e-08
-5.919664167e-07
-7.488347822e-08
-1.66610503e-07
-5.194312619e-08
-3.796770011e-08
2.405614885e-06
8.493900804e-08
5.57350793e-07
4.42922932e-08
2.478720358e-08
-3.293096601e-07
5.319364133e-05
-6.705227803e-08
2.551230929e-05
7.001887931e-06
2.185424408e-06
4.844815466e-07
-1.567734783e-06
-1.768544208e-07
-3.580368119e-07
-1.381339151e-07
-1.020433636e-07
-1.084151642e-06
-8.041168049e-07
-8.92038791e-10
-1.536824929e-07
-1.974492038e-07
-4.895422321e-10
4.072771907e-09
-2.274401318e-10
2.877573472e-07
5.195770956e-06
2.780520387e-10
1.029280069e-07
2.46404038e-06
1.518092218e-10
6.714924468e-07
6.910429968e-11
-1.767233082e-06
-5.176305082e-05
2.604802887e-11
4.915833737e-05
-3.72917947e-07
-2.464884402e-05
1.796405956e-11
2.317367081e-05
-6.710673136e-06
1.915261064e-11
6.273851549e-06
-1.053127517e-06
-2.369577665e-07
-1.767351898e-06
4.915718706e-05
-3.729869988e-07
2.317286266e-05
6.273536565e-06
-5.014365079e-06
-2.082152924e-10
-1.119304575e-06
-1.004172115e-10
-3.477123208e-11
-5.013448634e-06
-1.119032e-06
-2.180594905e-06
-4.820402687e-10
3.206900394e-06
-3.556315519e-07
-2.576112786e-10
1.269192577e-06
-1.151023467e-10
2.949272452e-07
-2.180766395e-06
3.206063739e-06
-3.556415751e-07
1.268830314e-06
2.948414468e-07
-1.261002054e-06
-3.219058848e-10
-2.484424029e-07
-1.637471647e-10
-7.612992221e-11
-1.26107311e-06
8.033561482e-07
-2.484823788e-07
1.970446237e-07
-4.202704542e-09
-1.083644267e-06
-1.535532668e-07
3.317275588e-06
6.507739614e-11
-3.427189574e-05
7.116404668e-07
3.170726995e-11
-1.678903853e-05
6.273342874e-12
-4.686359022e-06
2.991185199e-06
-3.982841774e-05
5.854717035e-07
-1.946456002e-05
-5.448720101e-06
3.317098249e-06
-3.427177778e-05
7.116425056e-07
-1.678880053e-05
-4.686225331e-06
-2.836464621e-07
-6.805577753e-08
-3.570314421e-06
-8.166704287e-08
-5.396665315e-08
-1.691717759e-06
-4.451451979e-08
-4.59320177e-07
-1.008708548e-07
-3.58767742e-06
4.35303531e-09
-1.699073443e-06
-4.614666951e-07
-8.619421925e-07
-1.583117279e-07
-2.28302111e-07
-1.239146788e-07
-9.220276088e-08
-4.160511297e-07
-7.855114388e-10
-4.636487831e-06
-4.076231864e-08
-4.369531646e-10
-2.197842583e-06
-2.042143107e-10
-5.94224825e-07
-4.160752691e-07
-4.635791199e-06
-4.078340766e-08
-2.197504872e-06
-5.941293306e-07
-2.464249213e-07
2.615705572e-10
-3.316285213e-08
1.282286809e-10
5.611828619e-11
-2.463850785e-07
-5.196198866e-06
-3.316188149e-08
-2.464267703e-06
-6.715642941e-07
5.956036906e-06
5.395236486e-11
1.243048821e-06
1.142998326e-11
-8.973720926e-12
5.955796175e-06
1.242947694e-06
2.877813723e-07
1.0293807e-07
)
;

boundaryField
{
    inlet
    {
        type            calculated;
        value           nonuniform List<scalar> 
25
(
-0.0196589296
-0.0199905636
-0.0199880267
-0.0199856842
-0.0199882318
-0.0200207991
-0.0200227905
-0.020025015
-0.0200275025
-0.0200302864
-0.020033433
-0.0200374544
-0.020044424
-0.0200527446
-0.0200518451
-0.0200422766
-0.0200000007
-0.0200000005
-0.0200000001
-0.01999999966
-0.01999999919
-0.01999999872
-0.01999999828
-0.01999999796
-0.01999999779
)
;
    }
    outlet
    {
        type            calculated;
        value           nonuniform 0();
    }
    topAndBottom
    {
        type            symmetry;
        value           uniform 0;
    }
    frontAndBack
    {
        type            empty;
        value           nonuniform 0();
    }
    cylinder
    {
        type            calculated;
        value           uniform 0;
    }
    procBoundary0to1
    {
        type            processor;
        value           nonuniform List<scalar> 
116
(
0.02135027443
0.02136323296
0.02138920868
0.02142862716
0.02148208651
0.02155041155
0.02163467812
0.02173630733
0.02185712379
0.02199933451
0.0221657524
0.02236001221
0.02258664028
0.02285155809
0.02316217693
0.02352980413
0.02396925803
0.02451566554
0.02510913086
0.0007230674678
0.006480045449
0.006550229322
0.006478406504
0.006549426863
0.0007232253703
0.006648079507
-0.0001703900835
-0.0001724020804
0.0004574021736
0.000457448973
-0.0001030698455
-3.094134922e-05
-0.000102915137
-2.115172212e-05
-3.060167601e-05
-2.123150596e-05
1.525647978e-07
-6.401981984e-07
-4.404832172e-05
-4.31932966e-05
1.025643188e-06
7.412927986e-07
-0.0001030805996
-3.094735367e-05
-0.0001030032148
-2.127827018e-05
-3.062070741e-05
-2.126572511e-05
-4.406395265e-05
-4.323666275e-05
1.025671026e-06
7.41179461e-07
1.52444875e-07
-6.402788276e-07
0.0007406741524
0.001481999402
0.0007406253483
0.0004575172267
3.598441795e-05
0.0002418706924
3.599483971e-05
0.0002418596421
1.484414453e-05
1.488328835e-05
9.856781985e-05
9.852856644e-05
0.00045759139
3.599024738e-05
0.0002418726705
3.601426427e-05
0.000241861332
1.488521182e-05
1.490252108e-05
9.856739286e-05
9.850384172e-05
0.001596442994
0.006647993376
-0.0001704532883
-0.0001724932034
0.001596454644
-0.0001309273214
0.001304079378
-0.0001310913046
0.001456154813
0.0001572127313
0.00130422699
0.001455742193
1.005862359e-10
0.0001565229822
0.0007404012177
0.001054040076
0.001053322063
0.001304096013
0.001481648271
0.001304256481
0.0007403675355
0.001054016033
0.001053266638
0.001643091907
0.001595314606
0.001642126094
0.001595308433
0.001643110937
0.001642171891
-5.01520877e-06
-2.407076963e-06
-6.610899964e-07
-5.016384488e-06
-2.407694057e-06
-6.612814706e-07
-5.002854574e-06
-2.40013413e-06
-6.581945378e-07
-5.003267458e-06
-2.400354106e-06
-6.582621076e-07
)
;
    }
    procBoundary0to2
    {
        type            processor;
        value           nonuniform List<scalar> 
75
(
2.909584406e-06
2.835203071e-06
2.854380011e-06
2.843158973e-06
2.82525005e-06
2.802944468e-06
2.774662427e-06
2.738789185e-06
2.693377088e-06
2.636017767e-06
2.563637811e-06
2.472192772e-06
2.355761311e-06
2.204851618e-06
2.0026092e-06
1.298918786e-06
-5.655867427e-06
-2.847435638e-05
-7.2972992e-06
-7.661897407e-08
-4.771526393e-09
-2.832789329e-09
-4.214386143e-08
-4.150100684e-08
-2.749110704e-08
-9.809917704e-10
-2.670361471e-08
-4.194389223e-08
-4.369594244e-08
-4.385671342e-08
-4.170652634e-08
-4.318973906e-08
-4.371522702e-08
-1.480124579e-09
-7.410114348e-10
1.109899126e-09
-6.828053832e-09
-2.106855434e-09
-6.331924598e-09
-2.732074709e-08
-1.463029154e-08
-1.432972074e-08
-1.327027481e-09
-5.377408193e-09
-5.724781919e-09
-2.699477613e-08
-1.358749037e-08
-1.389004103e-08
-1.993907755e-08
-8.196295503e-08
-5.293603067e-09
-3.497463475e-09
-4.055191726e-09
-2.078721676e-09
-4.737051223e-10
-1.805549737e-09
-5.104559275e-10
-1.725080613e-09
1.422879878e-10
-5.305532995e-10
6.478390236e-10
1.363754604e-09
8.638068038e-10
-3.991241964e-09
-1.964565503e-09
-5.528028795e-10
-3.955199083e-09
-1.94624126e-09
-5.475171229e-10
-3.955077546e-09
-1.946575065e-09
-5.474500806e-10
-3.942686554e-09
-1.939523359e-09
-5.454445471e-10
)
;
    }
}


// ************************************************************************* //
