/*--------------------------------*- C++ -*----------------------------------*\
| =========                 |                                                 |
| \\      /  F ield         | OpenFOAM: The Open Source CFD Toolbox           |
|  \\    /   O peration     | Version:                                        |
|   \\  /    A nd           | Website:  www.openfoam.com                      |
|    \\/     M anipulation  |                                                 |
\*---------------------------------------------------------------------------*/
FoamFile
{
    version     2.0;
    format      ascii;
    class       volVectorField;
    location    "5";
    object      U;
}
// * * * * * * * * * * * * * * * * * * * * * * * * * * * * * * * * * * * * * //

dimensions      [0 1 -1 0 0 0 0];


internalField   nonuniform List<vector> 
2403
(
(1.000024558 -5.654484468e-05 0)
(1.000236381 -0.0001703393511 0)
(1.000685694 -0.0002852507976 0)
(1.001382332 -0.000400981536 1.074244761e-22)
(1.002316059 -0.0005180273489 -1.312675634e-22)
(1.003483262 -0.0006367185105 1.808101554e-22)
(1.004888085 -0.0007571702625 -1.48699473e-22)
(1.006535338 -0.0008791748353 2.384971553e-22)
(1.008427678 -0.001002023839 -3.190366994e-22)
(1.010565672 -0.001123265195 1.324756719e-22)
(1.012947554 -0.001242786998 -4.09555701e-23)
(1.015570272 -0.001360914708 1.905506621e-23)
(1.01842697 -0.001474774002 0)
(1.021506812 -0.001581617033 0)
(1.024795032 -0.001678998733 2.578458132e-23)
(1.02827052 -0.001763996838 -2.578394727e-23)
(1.031905034 -0.001833118159 0)
(1.035663027 -0.001882731027 0)
(1.039501864 -0.001909666526 -1.763368381e-23)
(1.043373188 -0.001911954873 1.695589461e-23)
(1.047226074 -0.001889516092 1.704462527e-24)
(1.051011419 -0.001844282063 9.281678769e-24)
(1.054685688 -0.001779278555 -1.098523764e-23)
(1.058211613 -0.001696798198 1.361694113e-23)
(1.061554192 -0.00159660126 -2.364123077e-23)
(1.064672675 -0.001474175608 3.673813589e-24)
(1.06751432 -0.001322467912 -1.714504943e-23)
(1.000024423 -0.0001701577549 -5.513376475e-23)
(1.000234918 -0.0005124468067 -5.469578653e-23)
(1.000681791 -0.0008579409776 5.35101511e-23)
(1.001374951 -0.001205692422 -1.054463838e-22)
(1.002304422 -0.001557105352 2.100906189e-22)
(1.003466962 -0.001913086593 -1.538061716e-22)
(1.004867143 -0.00227392649 9.706464401e-23)
(1.006510252 -0.002639120615 -1.906868846e-22)
(1.008399317 -0.003007035089 1.827612895e-22)
(1.010535081 -0.003373834274 -4.344789526e-23)
(1.012917354 -0.003735779619 1.993301552e-22)
(1.01554551 -0.004092211464 -1.774606338e-22)
(1.018413338 -0.004437163781 0)
(1.0215084 -0.004761747786 0)
(1.0248167 -0.005057969481 -2.598396413e-23)
(1.028318325 -0.005317141731 1.01234931e-23)
(1.031985702 -0.005528908017 2.690682638e-23)
(1.035783363 -0.00568217346 -3.887820727e-24)
(1.039668365 -0.005767073254 -6.917050028e-25)
(1.043591684 -0.005777373482 -7.771197312e-25)
(1.04750126 -0.00571255972 1.830191187e-24)
(1.051346291 -0.005578159314 -1.830078265e-24)
(1.05508101 -0.005382973656 2.043202897e-23)
(1.058665721 -0.005133400344 -1.806571092e-23)
(1.062063198 -0.004827370123 -4.270605584e-24)
(1.065229436 -0.004452110021 0)
(1.06810912 -0.003987019846 2.312055915e-23)
(1.000024207 -0.0002836367568 5.565165103e-23)
(1.000232467 -0.0008540228107 5.423135607e-23)
(1.000674801 -0.00142963433 1.634503568e-22)
(1.001361304 -0.002008877181 -1.608329818e-22)
(1.002282585 -0.002594122474 1.244776752e-24)
(1.003436109 -0.003186902021 1.047344068e-22)
(1.004827234 -0.003787775505 3.172919882e-24)
(1.006462119 -0.004396103731 9.845287162e-23)
(1.008344683 -0.005009736706 1.810334617e-22)
(1.010476778 -0.005624365703 -1.92304876e-22)
(1.012860057 -0.006234013272 0)
(1.015497304 -0.006833237366 0)
(1.018384976 -0.007416160876 -3.596034391e-23)
(1.021509949 -0.007967348148 0)
(1.024858153 -0.008471310938 2.640708747e-23)
(1.028411385 -0.00891324758 -5.473551647e-23)
(1.032143845 -0.009276536648 1.728141779e-23)
(1.036020722 -0.009542637592 3.887403593e-24)
(1.039998554 -0.009694295756 1.368121651e-24)
(1.044026873 -0.009720125026 -7.949593256e-25)
(1.048051251 -0.009618340621 0)
(1.052017466 -0.009397265202 0)
(1.055875257 -0.009070743435 0)
(1.059579764 -0.008648813936 -1.67458174e-23)
(1.063088429 -0.008127676666 2.427222381e-23)
(1.066350883 -0.007486924396 -4.863178565e-24)
(1.069306803 -0.006693238699 0)
(1.000023826 -0.0003954345939 0)
(1.000228586 -0.001190839957 0)
(1.000663789 -0.001993884409 -1.094678878e-22)
(1.001339775 -0.00280240347 -1.078722642e-22)
(1.002248042 -0.003619987909 -1.040767213e-22)
(1.003387117 -0.004449032255 -5.095834559e-25)
(1.004763513 -0.005290610864 -3.032582464e-22)
(1.006384753 -0.006144211 2.001502198e-22)
(1.008256471 -0.007007318982 0)
(1.010382749 -0.007874780562 1.114257303e-23)
(1.01276739 -0.00873889827 4.295345563e-23)
(1.015414623 -0.00958811868 -3.029741179e-22)
(1.018325855 -0.01041611627 3.389026932e-22)
(1.021493939 -0.01120801244 6.191778204e-23)
(1.024902982 -0.0119385094 -7.676569246e-23)
(1.028534242 -0.0125821364 0)
(1.032364244 -0.01311503449 0)
(1.036360278 -0.01351145986 0)
(1.040478879 -0.01374629724 0)
(1.044667504 -0.01380180161 -6.053427919e-24)
(1.04886803 -0.01367349568 7.624794449e-24)
(1.05302096 -0.01337112707 -9.900746233e-25)
(1.057069101 -0.01291238615 1.138337566e-24)
(1.060959432 -0.01231013277 1.242565947e-23)
(1.06464069 -0.01155859141 -2.536610335e-23)
(1.068052735 -0.01063037217 -6.143483354e-24)
(1.071127421 -0.009480703196 3.441184981e-23)
(1.000023193 -0.0005048010456 1.148330442e-22)
(1.000222997 -0.001520654444 -2.27266424e-22)
(1.000648078 -0.002547104239 0)
(1.001309019 -0.003581554434 0)
(1.002198507 -0.004629078812 -2.397626311e-24)
(1.0033165 -0.005693211654 -4.859480995e-24)
(1.004671072 -0.006775882086 -1.052749051e-22)
(1.006271641 -0.007877068634 -1.971335855e-22)
(1.008126242 -0.00899423605 2.217194566e-22)
(1.010241933 -0.01012165382 -5.847733959e-24)
(1.012625509 -0.01125064711 1.253703144e-22)
(1.015283001 -0.01236770299 -1.268312016e-22)
(1.018219028 -0.01345567167 0)
(1.021435573 -0.01450093673 0)
(1.02492359 -0.01547905639 -4.650579234e-23)
(1.028660749 -0.01635091045 2.362266562e-23)
(1.032622315 -0.0170805261 -3.456114854e-23)
(1.036778864 -0.01763336635 0)
(1.041088322 -0.01797578322 -5.94930221e-24)
(1.045496087 -0.01808225892 -3.289992445e-24)
(1.049939085 -0.01794346407 -2.97134006e-24)
(1.054350495 -0.01756834268 -9.631721449e-24)
(1.05866347 -0.01697658068 9.987169444e-24)
(1.062813469 -0.01618264213 2.436522899e-23)
(1.066736691 -0.01517837852 -7.584260312e-24)
(1.070359164 -0.0139304665 4.973907731e-24)
(1.073601455 -0.01238468386 -6.531557929e-24)
(1.000022257 -0.0006112532716 0)
(1.000215152 -0.001840965104 8.496976721e-23)
(1.00062652 -0.003084762963 -1.138798192e-22)
(1.001267035 -0.004340390504 2.262340126e-22)
(1.002130871 -0.005614450352 -2.129602933e-24)
(1.00321972 -0.006911839744 1.07960674e-22)
(1.004543539 -0.008235687595 -2.096930361e-22)
(1.006114129 -0.009586960359 4.123417203e-22)
(1.007942556 -0.01096361572 -4.088498301e-22)
(1.010039526 -0.01235980758 3.333438211e-24)
(1.01241591 -0.01376592071 2.077405965e-22)
(1.015081704 -0.01516770893 -4.133784536e-23)
(1.018044724 -0.01654323434 2.561498362e-22)
(1.021311676 -0.01786561103 -2.950733493e-22)
(1.024886618 -0.01911302978 -5.496803482e-23)
(1.028754036 -0.02024492638 1.657184632e-22)
(1.032881619 -0.02120714958 -3.83970475e-23)
(1.037241769 -0.02195189898 -1.476848415e-23)
(1.041794961 -0.02243529999 2.071621111e-23)
(1.046485337 -0.02262272818 1.104295557e-23)
(1.051244114 -0.02249731015 -8.262323761e-24)
(1.055994839 -0.02206367445 1.22456829e-24)
(1.06065768 -0.02134038201 2.465341592e-24)
(1.065152564 -0.0203414931 -3.79751538e-24)
(1.069398592 -0.01905582547 0)
(1.073302997 -0.01744553017 1.563972817e-24)
(1.076770742 -0.01544971009 3.178895065e-23)
(1.000021265 -0.0007144171525 -6.079679482e-23)
(1.000206071 -0.002150980616 2.915569454e-23)
(1.00059907 -0.003603577193 0)
(1.001212067 -0.005072730541 -3.681511132e-24)
(1.002041716 -0.006567810291 5.808264503e-23)
(1.00309149 -0.008095300192 0)
(1.004373349 -0.009659680063 2.787006924e-23)
(1.005901811 -0.01126335285 0)
(1.007691574 -0.01290529044 1.900438726e-22)
(1.009757734 -0.01458014421 -3.806627085e-22)
(1.012116216 -0.01627783704 1.687734282e-22)
(1.014782595 -0.01798270836 0)
(1.017770136 -0.01967162037 -7.360482454e-23)
(1.021090482 -0.02131145451 -2.75214757e-22)
(1.024757965 -0.02286598088 2.774582193e-22)
(1.028770517 -0.02430011362 0)
(1.033095996 -0.02554328961 -1.756876766e-23)
(1.037704126 -0.02652842916 6.093720349e-23)
(1.042556697 -0.02719693316 0)
(1.047597601 -0.02750340954 7.972495989e-24)
(1.052753073 -0.02742173646 -6.990166692e-24)
(1.057935196 -0.02694853012 1.252157262e-23)
(1.063047059 -0.02609682659 -1.648362091e-23)
(1.067987769 -0.02487697753 -2.018421916e-23)
(1.072653476 -0.02327341179 2.013608792e-23)
(1.076926258 -0.02124537072 -5.831777778e-24)
(1.080689929 -0.01872890552 -5.896034657e-23)
(1.000020108 -0.0008126470547 6.072870797e-23)
(1.000194515 -0.002446558457 0)
(1.000564805 -0.004099485209 -1.199302829e-22)
(1.001143131 -0.005773337611 1.236371818e-22)
(1.001927362 -0.007480165957 -1.779161112e-22)
(1.002925495 -0.009231634487 0)
(1.004151221 -0.01103414587 1.956951061e-22)
(1.005621976 -0.01289164499 -2.236163579e-22)
(1.007356531 -0.01480458091 -2.106151359e-22)
(1.009375005 -0.0167687727 9.251713396e-24)
(1.011699398 -0.01877451203 1.997884596e-22)
(1.014352418 -0.02080526696 1.298316552e-22)
(1.017355303 -0.02283572913 -2.184295108e-22)
(1.020726902 -0.02482925432 1.514123359e-22)
(1.024485566 -0.02673241289 0)
(1.028645137 -0.02850727044 0)
(1.033194666 -0.03008882351 -7.646958266e-23)
(1.038098997 -0.03138549586 1.434236286e-23)
(1.043315476 -0.03231085091 -3.334626777e-23)
(1.048784509 -0.03279801794 0)
(1.054428488 -0.03280761634 -4.723347126e-25)
(1.060148238 -0.03232515748 2.739840141e-24)
(1.065826136 -0.03135385403 6.617980359e-24)
(1.071334031 -0.02989634192 0)
(1.076537409 -0.0279307102 -2.688532077e-23)
(1.081284757 -0.02541528603 2.485985314e-24)
(1.08543143 -0.0222879017 2.637196847e-23)
(1.000018617 -0.0009044661289 1.264340555e-22)
(1.000179672 -0.002722835896 -1.249819346e-22)
(1.000521555 -0.004563850355 0)
(1.001056487 -0.006432276318 0)
(1.001784883 -0.008343170342 1.197088101e-22)
(1.00271608 -0.01030990358 0)
(1.003867097 -0.01234409248 -1.198557651e-22)
(1.005260124 -0.01445396649 2.257562106e-22)
(1.006917886 -0.01664216606 -2.542277885e-22)
(1.008865931 -0.01890618033 -5.486111766e-23)
(1.011133194 -0.02123759534 -1.98819219e-22)
(1.013750793 -0.02362011028 3.828827507e-22)
(1.01674992 -0.02602731731 -1.867107326e-22)
(1.020159894 -0.02842073446 -1.569618979e-22)
(1.024006569 -0.0307432496 1.565459079e-22)
(1.028312793 -0.03292409561 4.73269723e-22)
(1.033090962 -0.03489675536 -4.216304742e-22)
(1.038329332 -0.036570225 2.331877897e-22)
(1.043980548 -0.03783476813 -1.131739746e-22)
(1.049971411 -0.03858586218 0)
(1.056214467 -0.0387560645 0)
(1.06259933 -0.03831139183 0)
(1.068984869 -0.03723894979 -3.45194798e-23)
(1.075208674 -0.03552841037 3.523525348e-23)
(1.081095837 -0.03314871453 -1.11326247e-23)
(1.086450024 -0.03005970168 2.771455631e-24)
(1.091088445 -0.02620742389 -6.318600161e-26)
(1.000016756 -0.000988235944 -6.628739187e-23)
(1.000161233 -0.002974827796 -1.285247018e-22)
(1.000467722 -0.004988014412 -1.296678669e-22)
(1.000948738 -0.007036607922 1.277994445e-22)
(1.001607584 -0.009139472233 0)
(1.002455271 -0.01131314372 0)
(1.003511828 -0.01357236963 3.672112062e-22)
(1.004801812 -0.01592907601 1.888110139e-24)
(1.006354718 -0.01839304149 -2.002390804e-22)
(1.008202288 -0.02096539931 2.835648114e-22)
(1.010381 -0.02363987063 -2.655504487e-22)
(1.012931484 -0.02640155665 4.5802923e-22)
(1.015896517 -0.02922433683 -1.982218076e-22)
(1.019319091 -0.03206799747 0)
(1.023239346 -0.03487456788 0)
(1.027692752 -0.0375622722 -2.58101609e-22)
(1.032709682 -0.04003324582 2.57371473e-22)
(1.038303495 -0.04217986827 -8.877961612e-23)
(1.044444691 -0.04387558645 8.954627192e-23)
(1.051056151 -0.04498752006 -5.109527186e-23)
(1.058027056 -0.04540508471 -1.357674356e-24)
(1.065230602 -0.04506120933 0)
(1.07249766 -0.04391593784 -3.860144493e-23)
(1.079622738 -0.04193753765 1.400606363e-23)
(1.08637775 -0.03908119012 -3.869900656e-24)
(1.092506226 -0.03531095203 4.034992399e-24)
(1.097774123 -0.03058954095 -5.688511264e-24)
(1.000014472 -0.001062104982 6.618855962e-23)
(1.00013871 -0.003196997468 -2.683355269e-22)
(1.000402115 -0.00536265939 2.633948614e-22)
(1.00081733 -0.007572853643 0)
(1.001390216 -0.009850872425 1.365853468e-22)
(1.002134391 -0.01221767118 1.299852897e-22)
(1.003072268 -0.01469245449 -2.493900418e-22)
(1.004231725 -0.0172918291 0)
(1.005646366 -0.02002948212 0)
(1.007354423 -0.02291336158 -2.436681542e-22)
(1.009402992 -0.02594502905 -3.377550949e-24)
(1.01184302 -0.02911275243 2.679209294e-22)
(1.014730637 -0.03239214669 -4.096334843e-22)
(1.018125615 -0.03574274194 1.980393496e-22)
(1.022087794 -0.03910348253 1.635113897e-22)
(1.026672937 -0.04238658296 1.203637818e-22)
(1.03193024 -0.04547062261 -2.827930969e-22)
(1.037897374 -0.04822444795 -1.77453361e-22)
(1.044582337 -0.05049329233 -5.114476577e-23)
(1.05191261 -0.05210886062 0)
(1.059757981 -0.05290146245 -5.99622678e-25)
(1.067964483 -0.05275393139 0)
(1.07632782 -0.051584786 -8.222325853e-24)
(1.08458749 -0.04932932668 2.538794778e-23)
(1.092444562 -0.04592280905 7.245504548e-23)
(1.099561039 -0.04133748369 2.33360956e-23)
(1.105633638 -0.03556467537 3.686838247e-23)
(1.000011695 -0.001124010746 0)
(1.000111607 -0.003383181403 -2.096344643e-24)
(1.000323486 -0.005677426252 1.376028513e-22)
(1.0006598 -0.008026263969 1.423999305e-22)
(1.001128879 -0.0104578633 -1.302606817e-22)
(1.00174648 -0.01299836374 2.74917398e-22)
(1.002537104 -0.0156727797 6.596930634e-23)
(1.00353214 -0.01850379803 -3.343477767e-22)
(1.004769005 -0.02151109709 1.584067e-23)
(1.00629288 -0.02470976554 -3.012151129e-23)
(1.008158448 -0.028107577 1.904630948e-22)
(1.010430054 -0.03170382317 -1.644346211e-22)
(1.013180116 -0.0354805102 2.269375768e-22)
(1.016487961 -0.03939962841 -1.080833087e-22)
(1.020437683 -0.04339901428 -4.98186478e-23)
(1.025112766 -0.0473859957 -8.943069181e-23)
(1.03059132 -0.05122792235 4.167028386e-22)
(1.036943941 -0.0547512373 -2.613705584e-22)
(1.044212039 -0.05776516195 1.58561551e-22)
(1.052357533 -0.06005883298 -2.906737351e-23)
(1.061250736 -0.06140371744 3.115403909e-23)
(1.070688859 -0.06159641591 1.381517324e-23)
(1.080420699 -0.06048639517 -3.423973667e-23)
(1.090114735 -0.057957294 3.249869585e-23)
(1.09937626 -0.05391542855 4.964137844e-23)
(1.107755637 -0.04834784504 8.95813733e-25)
(1.114856082 -0.0412927244 0)
(1.000008344 -0.001171681361 0)
(1.000079463 -0.00352657801 -2.875188732e-22)
(1.000230838 -0.005920879689 1.425116682e-22)
(1.000474317 -0.008380413864 1.053120696e-23)
(1.000820322 -0.01093858872 2.529858494e-22)
(1.001286161 -0.01362742836 -2.222543127e-22)
(1.001897744 -0.01647886728 -3.02081532e-22)
(1.002689251 -0.01952296591 2.684073914e-22)
(1.003701427 -0.02278728617 0)
(1.004985562 -0.02629678884 2.577909775e-22)
(1.006605131 -0.03006881346 -2.821617797e-22)
(1.008636161 -0.03411151567 2.911131132e-22)
(1.011167857 -0.03842038411 0)
(1.014304392 -0.04296966106 3.252872241e-22)
(1.018159312 -0.04770022724 -3.660409398e-22)
(1.022852338 -0.05251686744 1.880778145e-22)
(1.028502096 -0.05727678342 -1.544157914e-22)
(1.035219606 -0.06177418546 -3.775084229e-22)
(1.04309412 -0.06577707128 7.411409339e-23)
(1.052157612 -0.06900745562 8.455038229e-23)
(1.062288964 -0.07115479101 7.888149405e-23)
(1.073240763 -0.07189175622 -4.968622411e-24)
(1.08468998 -0.0709631524 -2.239333801e-24)
(1.096208837 -0.06817467323 4.540439522e-23)
(1.107270165 -0.06339049587 -1.404037119e-23)
(1.117268417 -0.05662312218 -3.612863579e-23)
(1.125680065 -0.047985869 1.594857093e-23)
(1.000004392 -0.001202586053 0)
(1.000042068 -0.003619620585 -2.424797373e-24)
(1.000123747 -0.006080240698 4.110593182e-22)
(1.000260112 -0.008616865579 -2.891188015e-22)
(1.000462978 -0.01126825335 -5.509714373e-22)
(1.000750264 -0.01407282969 2.988588691e-22)
(1.001148146 -0.01707050847 3.568428574e-22)
(1.001693079 -0.02030012396 -1.44308604e-22)
(1.002427313 -0.02379850765 4.366659527e-22)
(1.003406481 -0.02760357088 -7.093316485e-23)
(1.004703248 -0.03174628603 2.859727325e-22)
(1.006404043 -0.03624848272 -5.389936266e-22)
(1.008615588 -0.04112193778 0)
(1.011466893 -0.04635596199 0)
(1.015107685 -0.05191193228 -1.223728545e-22)
(1.019703014 -0.05769897837 1.360578116e-23)
(1.025426628 -0.06357018912 1.989252878e-22)
(1.032451505 -0.06930334262 1.447306977e-22)
(1.040940765 -0.07459301443 0)
(1.050997893 -0.07908237431 -1.924453863e-22)
(1.06256509 -0.08235567387 2.511027518e-22)
(1.075382136 -0.08394102739 0)
(1.08900539 -0.08339723682 -2.342203352e-24)
(1.102868405 -0.08039808865 -8.395200064e-23)
(1.116255325 -0.07474644925 -5.463665356e-23)
(1.128337632 -0.0665019956 0)
(1.138419544 -0.05589931104 -8.498518272e-23)
(0.9999997238 -0.001214591158 0)
(0.9999994955 -0.003655771248 1.528471079e-22)
(1.000002704 -0.006143933409 -7.646912764e-22)
(1.000018276 -0.008718943861 -3.114863206e-22)
(1.000058432 -0.01142462362 2.999210619e-22)
(1.000140527 -0.01430596268 -2.990620244e-22)
(1.000289114 -0.01741050287 0)
(1.000540535 -0.0207856602 0)
(1.000937437 -0.02448052628 -6.038131805e-22)
(1.001537818 -0.02854946822 0)
(1.002421635 -0.03304145391 -1.393771076e-22)
(1.00368299 -0.03799737013 2.76238337e-22)
(1.005445137 -0.04345435689 -2.818044753e-22)
(1.007865213 -0.04942601798 4.250575157e-22)
(1.011128344 -0.05589450994 -1.262035402e-22)
(1.01545517 -0.06279997822 2.348986836e-22)
(1.021093017 -0.07000123245 -2.26721541e-22)
(1.028303049 -0.07726519086 0)
(1.037345681 -0.08423143686 -2.360977519e-22)
(1.048437052 -0.0904545766 2.352146365e-22)
(1.061661463 -0.09535576459 -6.22916981e-23)
(1.0767647 -0.0982455527 -2.360428977e-23)
(1.093170072 -0.09839137797 -2.355472262e-24)
(1.110083871 -0.09525087938 4.852263308e-23)
(1.126503115 -0.08854384922 -1.794427431e-23)
(1.141276138 -0.07843208403 3.999635684e-23)
(1.15347812 -0.0653552259 0)
(0.9999941642 -0.001206672301 0)
(0.999952355 -0.003629496555 2.397379955e-22)
(0.9998693221 -0.006101049825 -2.479055645e-22)
(0.9997512087 -0.008669633148 4.696306135e-22)
(0.9996100061 -0.01138366474 0)
(0.9994607736 -0.01429415208 0)
(0.9993260126 -0.01745618416 -6.508585688e-22)
(0.9992391586 -0.02092628989 0)
(0.9992388137 -0.02476783257 3.194877132e-22)
(0.9993809821 -0.02905207384 6.351071674e-22)
(0.9997479923 -0.03384721692 -1.510491133e-23)
(1.000439498 -0.03922182833 -6.292837857e-22)
(1.001592617 -0.04524953751 6.44327029e-22)
(1.003392033 -0.0519833019 -2.860814912e-22)
(1.006059616 -0.05944494604 0)
(1.009876714 -0.06761054585 1.277535651e-22)
(1.015177937 -0.0763841751 -2.328434911e-22)
(1.022347222 -0.08553981056 1.134607247e-22)
(1.031792236 -0.09469478654 0)
(1.043917243 -0.1032625717 -1.753905671e-22)
(1.058985553 -0.1104641669 1.748353978e-22)
(1.076869678 -0.1152997391 9.640391463e-23)
(1.096893155 -0.1166283818 9.734907783e-23)
(1.117861481 -0.113505665 -1.287812858e-22)
(1.138290672 -0.1054866227 0)
(1.156543483 -0.09294674329 4.323366409e-24)
(1.171405256 -0.07669485474 -3.653568956e-22)
(0.9999896282 -0.00117357253 1.452436337e-22)
(0.9999064226 -0.003530187507 -1.405633375e-22)
(0.9997320642 -0.005938948354 3.221042946e-22)
(0.9994691735 -0.008451859765 3.310441102e-22)
(0.9991299344 -0.01112199508 -1.642250304e-22)
(0.9987256429 -0.0140062629 3.315115708e-22)
(0.9982752985 -0.01716598988 3.189847734e-22)
(0.9978042054 -0.02066595076 3.279872744e-22)
(0.9973443581 -0.02458556625 -1.66977699e-21)
(0.9969484016 -0.02901409608 1.705937713e-21)
(0.9966939254 -0.03404175672 1.028624095e-21)
(0.9966755517 -0.03977253998 -3.529416383e-22)
(0.997034712 -0.0463221931 -3.129327092e-22)
(0.997973434 -0.05379347259 -6.681183718e-22)
(0.9997534384 -0.06227638189 0)
(1.002723095 -0.07182291594 0)
(1.007316199 -0.08240221084 -2.750222781e-22)
(1.014074577 -0.09385771218 3.942967218e-22)
(1.023616829 -0.1058113649 -2.541244844e-22)
(1.036615318 -0.1175671709 3.743862994e-22)
(1.053650772 -0.1281154972 4.150629313e-22)
(1.074941339 -0.1359545802 0)
(1.099714539 -0.1392308724 -5.871192668e-23)
(1.126211883 -0.1363888454 2.055189884e-22)
(1.152080374 -0.1267083025 1.222869191e-22)
(1.174872654 -0.1109548438 6.005306182e-22)
(1.19301066 -0.09057863616 -2.514394857e-22)
(0.9999840413 -0.001114657817 -3.360393541e-22)
(0.9998544265 -0.0033564438 1.707789442e-22)
(0.9995841237 -0.005653322273 0)
(0.9991695478 -0.008058452182 -1.670547599e-22)
(0.9986208601 -0.01062795775 8.571561401e-23)
(0.9979450214 -0.01342229612 -8.555817474e-23)
(0.9971544922 -0.01650590082 0)
(0.9962628829 -0.01995513964 -9.857226056e-24)
(0.9952905393 -0.02386540822 -7.281837506e-22)
(0.9942812392 -0.02834093563 -3.388083605e-22)
(0.9932949864 -0.03349423482 2.674840305e-23)
(0.9924145788 -0.03947163333 -1.130777051e-21)
(0.9917789149 -0.04643857039 0)
(0.9915912231 -0.05456486169 -7.728883299e-22)
(0.9921278364 -0.06403198962 7.724379784e-22)
(0.9937874238 -0.07499997179 7.636896582e-22)
(0.9971218707 -0.08757571747 3.26503444e-22)
(1.002867418 -0.1017380755 -3.39336635e-23)
(1.011930893 -0.1172316463 -1.068680073e-22)
(1.025400996 -0.133337705 0)
(1.044445887 -0.1487345984 -1.038331074e-22)
(1.069880701 -0.1611824899 6.174912925e-23)
(1.100982156 -0.1675958459 5.444910997e-23)
(1.135159641 -0.165039195 7.42839127e-23)
(1.168496129 -0.1530425888 -4.362654928e-22)
(1.197191423 -0.1329347589 -2.832294932e-22)
(1.21923905 -0.1071067683 1.376163017e-21)
(0.9999785044 -0.001032367241 1.703476478e-22)
(0.9998024512 -0.003109623313 -3.459820776e-22)
(0.9994346265 -0.00524230029 2.179765801e-23)
(0.9988654942 -0.007483970131 -2.179574247e-23)
(0.998102477 -0.009890872407 -1.346680649e-22)
(0.9971477185 -0.01252359413 -1.340933504e-22)
(0.9960009955 -0.01545140974 8.969226225e-23)
(0.9946618604 -0.01875949723 0)
(0.9931358801 -0.02255208407 3.453211687e-22)
(0.9914496148 -0.02694268103 7.620136605e-22)
(0.9896362874 -0.03207483937 -1.536988569e-21)
(0.987753808 -0.03813859332 3.152837035e-21)
(0.9859168185 -0.0453456389 0)
(0.9842975311 -0.05394552712 -8.913398969e-22)
(0.983169759 -0.06424069565 4.160491604e-23)
(0.9829550155 -0.07655094775 -1.571160269e-21)
(0.9842827839 -0.0911972562 2.730677147e-23)
(0.988071082 -0.1084140911 1.925218887e-21)
(0.9956424451 -0.1282380874 -4.048832654e-22)
(1.008680898 -0.1501659982 -9.582912713e-22)
(1.029441218 -0.1728609944 -3.118153994e-22)
(1.059689094 -0.192590477 -6.171702009e-23)
(1.099867578 -0.204375679 5.443589259e-07)
(1.144998595 -0.2017541081 -8.716314904e-07)
(1.188122099 -0.1860079846 1.308228622e-07)
(1.224341947 -0.1593163152 3.000844053e-07)
(1.250999971 -0.1257444754 -2.892179112e-06)
(0.9999732328 -0.0009255498612 0)
(0.9997522459 -0.002788171161 1.751879922e-22)
(0.9992890564 -0.004704125547 2.024685774e-22)
(0.9985685547 -0.006725247652 2.167050398e-25)
(0.9975946369 -0.008905760007 1.565036068e-22)
(0.9963622742 -0.01130509947 -4.642179004e-23)
(0.9948573961 -0.01399379228 4.641673908e-23)
(0.9930638412 -0.0170580335 -9.649676827e-23)
(0.9909681408 -0.02060293472 4.778612673e-22)
(0.9885657332 -0.02475674909 -4.067245989e-22)
(0.9858550212 -0.02968797263 -8.304150803e-24)
(0.9828547794 -0.03561535537 -1.62546524e-21)
(0.9796288405 -0.04278930097 8.763195504e-22)
(0.976287185 -0.05156238016 -2.764081943e-23)
(0.9730451804 -0.06235777064 0)
(0.9702684567 -0.07569484286 -9.935022235e-22)
(0.968603336 -0.09220693509 1.102481924e-21)
(0.9690809943 -0.1125834242 1.410707713e-21)
(0.9734478145 -0.1374471329 9.426453096e-23)
(0.9840168198 -0.1671068167 -3.307801544e-22)
(1.005464967 -0.2007724488 -4.919317197e-08)
(1.040122005 -0.2319503097 -1.125547297e-07)
(1.093520389 -0.2520210701 7.015835512e-07)
(1.139142413 -0.2466733027 0.008023146933)
(1.192753219 -0.2280028404 0.01322502743)
(1.240721756 -0.195758066 0.01781098992)
(1.274842945 -0.1557226754 0.02079273952)
(0.9999688033 -0.0007950889014 1.818057159e-22)
(0.999707079 -0.002395631132 0)
(0.999155044 -0.004044902179 -2.029794967e-22)
(0.9982927329 -0.005790255287 -1.626698485e-22)
(0.9971203365 -0.007681436715 4.693116853e-23)
(0.9956244865 -0.009773925586 8.567191527e-25)
(0.9937773242 -0.01213452762 1.477247128e-22)
(0.9915445952 -0.01484598667 -1.50408602e-22)
(0.9888887094 -0.01801169545 2.594607958e-22)
(0.9857692453 -0.02176446836 1.016350049e-22)
(0.9821420538 -0.026277663 2.110903921e-22)
(0.9779677364 -0.03177807872 0)
(0.9732239886 -0.03856436233 0)
(0.9679214049 -0.04706440906 5.053614333e-22)
(0.9621490255 -0.05779661205 0)
(0.9561198735 -0.07152663489 9.91627695e-22)
(0.9503120891 -0.08922005875 -8.515934195e-22)
(0.9456359679 -0.1121982036 1.227096101e-21)
(0.9439439832 -0.1419962696 1.516489418e-21)
(0.9480026953 -0.1809631818 -9.322696938e-08)
(0.9662813857 -0.2287101411 -7.167488552e-08)
(1.000709808 -0.2610299884 -0.005108888504)
(1.054249871 -0.2975710409 0.000984498575)
(1.130638335 -0.3069563178 0.009321201435)
(1.19103878 -0.2822119327 0.02747493967)
(1.277432352 -0.24231135 0.03805143517)
(1.316187389 -0.1858343773 0.04336164658)
(1.338610755 -0.1269405515 0.02771043113)
(0.9999647568 -0.0006426990001 -1.818102163e-22)
(0.9996668152 -0.001938004406 1.154117343e-23)
(0.9990365862 -0.003275129771 1.016619175e-25)
(0.9980493425 -0.004693881277 8.840262373e-24)
(0.9967012252 -0.006236823895 -2.151345173e-22)
(0.9949704322 -0.007952095868 -2.447482696e-23)
(0.9928155622 -0.009898328246 -1.710584291e-22)
(0.9901836192 -0.01214928967 4.062210718e-22)
(0.9870113808 -0.01479923463 -4.729307852e-23)
(0.9832221532 -0.01797134993 5.343999383e-23)
(0.9787223128 -0.02182953632 -2.308419337e-22)
(0.9734008287 -0.02659486065 0)
(0.9671309275 -0.03257413106 1.281648288e-22)
(0.9597792948 -0.04020197411 -2.363328032e-22)
(0.951220696 -0.0500852 -5.621119602e-22)
(0.9413912688 -0.06315869197 0)
(0.9303546135 -0.08064167486 1.220615324e-22)
(0.9185816562 -0.1045750482 -6.77985462e-21)
(0.9069646676 -0.1374517637 4.149552664e-22)
(0.8986146626 -0.1844245718 -1.537295975e-07)
(0.9128641977 -0.2319320192 -0.01361502008)
(0.93509506 -0.295477612 -0.009701964161)
(0.990881445 -0.3545611684 -0.004016492713)
(1.118661442 -0.4104047103 0.01704097109)
(1.259315051 -0.3866321416 0.04056123191)
(1.336622924 -0.2911705204 0.05443521651)
(1.300317763 -0.1838986114 0.05656506277)
(1.218432738 -0.1109055366 0.05560563506)
(0.9999612554 -0.0004727276436 -1.864508905e-22)
(0.9996335618 -0.001426484778 0)
(0.9989402393 -0.002412428305 -1.180632732e-23)
(0.9978520703 -0.003460748462 1.884834132e-22)
(0.9963612016 -0.004604233925 2.279024072e-22)
(0.9944383218 -0.005880306226 5.543474179e-25)
(0.9920300135 -0.007334957177 1.783562555e-22)
(0.9890662569 -0.009026752721 -2.057057141e-22)
(0.9854599916 -0.01103169666 -2.12645307e-22)
(0.9811003854 -0.01345059819 2.84034524e-22)
(0.9758445502 -0.01642030395 1.734633688e-22)
(0.9695089412 -0.02013034282 -1.276827353e-22)
(0.9618581945 -0.0248498096 1.354903316e-22)
(0.9525933211 -0.03096864379 -2.820950057e-22)
(0.9413296023 -0.03906493708 4.378334427e-22)
(0.9276082506 -0.05003554932 0)
(0.9108245027 -0.06520405832 0)
(0.8905313009 -0.08700881008 4.544784476e-21)
(0.8658908141 -0.1181597497 -1.250634327e-06)
(0.838629149 -0.1692178381 2.507150036e-07)
(0.8374209291 -0.2263784519 -0.01991754535)
(0.7899935078 -0.2956539984 -0.02840854104)
(0.8997713779 -0.4548670526 -0.01370152026)
(1.068289064 -0.5846701089 0.02283434475)
(1.10737114 -0.435902372 0.07403911348)
(0.7208281936 -0.1120716258 0.0859026416)
(0.4692632637 -0.01334727848 0.07222432262)
(0.3865294478 -0.02026370119 0.06380741278)
(0.9999588036 -0.00028948371 1.864431519e-22)
(0.999610177 -0.0008738387721 -9.422625435e-23)
(0.9988725135 -0.001478509198 -7.112050196e-23)
(0.9977131836 -0.002122509349 -1.44144473e-22)
(0.996121264 -0.002826598169 4.881824627e-23)
(0.994061809 -0.003614564734 -2.463973753e-23)
(0.991472326 -0.004515850761 -2.031416725e-22)
(0.9882697293 -0.005568282201 0)
(0.9843483372 -0.006821460935 -1.659867982e-22)
(0.9795702109 -0.008341932877 -2.87748938e-22)
(0.97375233 -0.01022123759 1.173124516e-22)
(0.9666507032 -0.01258835332 0)
(0.9579362792 -0.01562954604 1.413879318e-22)
(0.94716353 -0.01962148444 -1.413789281e-22)
(0.9337045215 -0.02498377589 0)
(0.9167211374 -0.03238403919 -1.858089292e-22)
(0.894846786 -0.04286529155 1.857184286e-22)
(0.8667457113 -0.05834023412 0)
(0.827666681 -0.08160055291 2.202569557e-06)
(0.8015829345 -0.1202278456 -0.02437774406)
(0.744409086 -0.1873689988 -0.02705904309)
(0.7019285731 -0.3020293717 -0.04752965242)
(0.6723176575 -0.5242223591 -0.03674449321)
(0.4483225308 -0.4319031596 0.01665863063)
(-0.03042117304 -0.04854725106 0.06587361456)
(0.9999575725 -9.768541697e-05 0)
(0.9995981196 -0.0002947553053 1.178684042e-22)
(0.9988374924 -0.0004988458529 7.11897487e-23)
(0.9976412424 -0.0007165688305 4.747081448e-23)
(0.9959967819 -0.0009550484224 7.354141133e-23)
(0.9938661202 -0.001222442848 -1.00159623e-22)
(0.991181834 -0.001528924295 -5.373931749e-23)
(0.987853677 -0.001887653251 -3.780585096e-24)
(0.9837656597 -0.002315973836 2.453216015e-22)
(0.9787646804 -0.002837275692 -1.182967503e-22)
(0.9726449297 -0.00348394213 1.182478543e-22)
(0.9651275046 -0.004301998145 -1.334412124e-22)
(0.9558280354 -0.005358561948 9.88895173e-23)
(0.9442128017 -0.006754699355 0)
(0.9295009146 -0.008645868266 0)
(0.9106134188 -0.01128508033 4.532705476e-23)
(0.8856551304 -0.01507874022 0)
(0.8527134401 -0.02074677907 -9.33601339e-22)
(0.8041613398 -0.02952965113 -3.345848984e-07)
(0.762815093 -0.05570741231 -0.02794818612)
(0.6470765516 -0.09553480722 -0.05638933356)
(0.5559506637 -0.1866006841 -0.06855238096)
(0.3213013824 -0.3654341271 -0.07787452067)
(1.16823926 -0.5352233813 0.05925126)
(0.6966667952 -0.5924046212 0.02964645824)
(1.068288017 -0.5846911189 -0.02284260959)
(1.168195788 -0.5352236505 -0.05924931317)
(0.6966749932 -0.5924193967 -0.02964683805)
(0.8280199229 -0.1866844611 0.0844177075)
(1.107339322 -0.4358717304 -0.07403195908)
(0.8280195401 -0.1866815424 -0.08441464013)
(0.4980480234 -0.02343635386 0.07455250848)
(0.7208292024 -0.1120707322 -0.08589882524)
(0.498065258 -0.02346094211 -0.0745504395)
(0.3977834516 -0.01483316129 0.06529139701)
(-0.01824258212 -0.03207431574 0.06786408658)
(0.4692280532 -0.01335224317 -0.07222286615)
(0.3977652273 -0.01489892713 -0.06529014171)
(-0.01817877005 -0.0319492635 -0.06787476764)
(0.6077569018 -0.6104557879 0.001062279472)
(0.4120473651 -0.4422328334 -0.06558602824)
(0.6723343747 -0.5242390352 0.03674457945)
(0.6077536395 -0.6104579932 -0.001064819703)
(0.4120529434 -0.4422434493 0.06558565889)
(0.4483288797 -0.4319191306 -0.01666039593)
(-0.02144482002 -0.02599619729 0.06200361504)
(-0.02131323786 -0.02585975966 -0.06200596351)
(-0.03037599262 -0.04849768082 -0.0658675316)
(0.1695540471 -0.05891335453 -0.09832457094)
(0.3213213011 -0.3654153675 0.07787265186)
(0.1695561742 -0.05891035622 0.09832246957)
(1.328194124 -0.3197077538 0.05218894878)
(1.243188059 -0.4652353534 0.06168880317)
(1.113912922 -0.2729120312 0.07496217254)
(1.259263605 -0.3866914469 -0.04056852431)
(1.328193703 -0.3197070592 -0.05218567107)
(1.243138394 -0.4651619624 -0.06167738428)
(1.1139182 -0.2729085118 -0.07495908979)
(1.316777065 -0.2080479008 0.05666410055)
(1.038631532 -0.2053381512 0.0767403187)
(0.8180130816 -0.08247068782 0.07076574687)
(1.336631327 -0.291174794 -0.05443317852)
(1.316778156 -0.2080426334 -0.05666548626)
(1.038633072 -0.2053389807 -0.07673646709)
(0.8180249296 -0.08247559821 -0.0707633987)
(1.016673692 -0.5647970494 0.01129765886)
(0.7456226232 -0.518754019 -0.02913005874)
(0.7968674435 -0.6732083169 0.006382965243)
(0.899769599 -0.4548712736 0.01369973562)
(1.016695444 -0.5648144896 -0.01129889865)
(0.7455930446 -0.5187363668 0.02912792952)
(0.7968685517 -0.6732067714 -0.006387461087)
(0.6332098423 -0.2028532678 -0.0003591427963)
(1.107265676 -0.4360287005 0.0002438816005)
(1.019168026 -0.3532184823 0.07764316846)
(0.7836944589 -0.3002820874 0.08617933187)
(1.019015335 -0.3541053404 0.0001324739511)
(0.7831503661 -0.3004839933 0.0003899924778)
(0.633810645 -0.2029526997 0.07783911126)
(0.2558932897 0.006048512382 -5.568551982e-05)
(0.7210490797 -0.1126405155 0.0001895406841)
(0.6198744786 -0.06315068616 0.0826652418)
(0.3367199488 -0.009587783654 0.0913910981)
(0.6199663527 -0.06374752415 6.793182827e-05)
(0.3370446882 -0.009414849379 8.673649745e-05)
(0.2554775892 0.005800377435 0.08676788941)
(-0.007843816823 -0.04831138885 0.06659913246)
(0.3865827158 -0.02021497744 -0.06380873637)
(-0.007740077711 -0.04822437942 -0.06659466092)
(0.4479805188 -0.4315067026 5.678048184e-05)
(-0.03022270388 -0.04833412406 5.724917521e-05)
(-0.02446361558 -0.0825566954 0.06460855013)
(-0.03063253733 -0.04522311273 0.06469920355)
(-0.0245655521 -0.08238886118 3.488698907e-05)
(-0.03077996431 -0.04533102158 7.412574806e-05)
(0.3919418812 -0.313730646 -0.07637836395)
(0.4978437179 -0.02926167081 -0.07759219549)
(0.2740801867 -0.05115752372 -0.09346757508)
(0.5559386445 -0.1865737336 0.06855569676)
(0.3919319243 -0.3137106573 0.07637608754)
(0.4978438369 -0.02925139304 0.07759149707)
(0.2740905458 -0.05115775569 0.09346543286)
(0.1256605473 -0.2595946321 0.0001312284763)
(0.321163774 -0.3649149455 -0.0001712695519)
(0.2074680376 -0.3757791318 -0.07580649156)
(0.2534679016 -0.2741219857 -0.08641706142)
(0.2071036042 -0.3743618482 -0.0001917379241)
(0.2539332455 -0.2736478824 -0.0001584029305)
(0.1259106524 -0.2605258706 -0.08337571475)
(0.910607296 -0.6308401212 -8.392979292e-05)
(0.6951759756 -0.5920572158 0.0003800780136)
(0.9091153232 -0.6556437095 0.02903935304)
(0.6233718624 -0.4916520873 0.03081400638)
(0.9080999327 -0.6549893642 0.0001500357407)
(0.6223703919 -0.4909047635 -0.0005234678133)
(0.9113802253 -0.6306033085 0.03909757341)
(0.776724599 -0.4746541728 0.0004816551735)
(0.6684119106 -0.345763006 0.06419457601)
(0.4546529168 -0.2935454096 0.05412427628)
(0.6676092862 -0.3452239803 -0.000409702604)
(0.4556250646 -0.2937900274 0.0002038703751)
(0.7775779618 -0.4745643453 0.0649443019)
(0.9106091921 -0.6308442811 8.530662446e-05)
(0.6951760505 -0.5920611091 -0.0003768434008)
(0.9091180876 -0.6556426835 -0.02903972896)
(0.623381444 -0.4916637541 -0.03081695599)
(0.9081020858 -0.6549893223 -0.00014985439)
(0.6223779565 -0.4909108156 0.0005248328964)
(0.9113852126 -0.6306153578 -0.03909914202)
(0.7767240106 -0.4746565354 -0.0004796340845)
(0.6684052862 -0.3457722239 -0.06419773477)
(0.4546612962 -0.2935509621 -0.0541261555)
(0.6676089434 -0.3452279338 0.0004108448879)
(0.455627492 -0.2937914253 -0.0002008413257)
(0.7775764009 -0.4745710658 -0.06494650978)
(0.5277072675 -0.1084732324 7.089338158e-05)
(0.8279882351 -0.1874722856 0.0001024569694)
(0.9239983013 -0.2642984953 0.08263659698)
(0.4339848858 -0.06221425051 0.08812427796)
(0.9241103208 -0.2649423493 0.0002363755966)
(0.4341578728 -0.06210337097 -0.000119084469)
(0.5272418534 -0.1084583664 0.08636961362)
(0.4615888904 -0.1762501435 0.08016382327)
(0.4626253496 -0.1762616972 0.0002280966794)
(0.6332042684 -0.202848151 0.0003559662725)
(1.107257001 -0.4360187943 -0.0002484568609)
(1.019143666 -0.353190547 -0.07764067915)
(0.7836641139 -0.3002631129 -0.08617709274)
(1.019008024 -0.3540953584 -0.0001369340291)
(0.7831393071 -0.3004755566 -0.0003939209044)
(0.6337963922 -0.2029375755 -0.07783569127)
(0.5277072271 -0.1084718782 -7.43159618e-05)
(0.8279885685 -0.1874711257 -0.0001061057772)
(0.9239947132 -0.2642876841 -0.08263379526)
(0.4339858891 -0.06221181831 -0.08812127013)
(0.9241097162 -0.2649387438 -0.0002400512599)
(0.4341581141 -0.06210286115 0.0001154893817)
(0.5272400824 -0.1084527986 -0.08636613158)
(0.4615744722 -0.1762397932 -0.08016214297)
(0.4626161467 -0.1762558145 -0.0002278996252)
(0.1995963089 0.01965192809 0.0001331044092)
(0.4981506124 -0.02379363268 -2.04054594e-05)
(0.545066338 -0.03276895589 0.07888473769)
(0.1839203938 0.007843240012 0.07678471104)
(0.5451964641 -0.03296636419 6.726065361e-05)
(0.18420515 0.007567191197 -6.196075319e-05)
(0.1992510488 0.01945141139 0.08383917033)
(0.06365611914 0.01059838942 0.06707101965)
(0.06391759697 0.01129953779 -0.0001853114046)
(0.2558945013 0.006049644863 5.247119604e-05)
(0.7210507142 -0.1126403131 -0.000193934228)
(0.619873159 -0.06314688662 -0.08266172212)
(0.3367226456 -0.009584393362 -0.09138787717)
(0.6199672181 -0.06374651905 -7.229130013e-05)
(0.3370460513 -0.009413945074 -9.048996882e-05)
(0.2554804365 0.005804679683 -0.08676451935)
(0.1995978813 0.01965261444 -0.0001369417248)
(0.4981591526 -0.02380183968 2.080251499e-05)
(0.5450817796 -0.03277051042 -0.07888235124)
(0.1839292252 0.007835187741 -0.07678268854)
(0.5452027766 -0.03296708359 -7.19311218e-05)
(0.184207814 0.00756449252 5.794850092e-05)
(0.1992541718 0.01945422444 -0.0838350941)
(0.06364729002 0.01059682211 -0.06706679301)
(0.06391345699 0.01129857804 0.0001830205199)
(0.04310530842 -0.009243858476 9.559353061e-06)
(0.05398890224 0.006398877754 0.07408236675)
(-0.001116726403 -0.007657814251 0.06205107572)
(0.05427025475 0.006521751207 6.115462019e-05)
(-0.00135602114 -0.007155831387 -0.0001300191873)
(0.04297374843 -0.009126977558 0.07183094038)
(0.05101087684 -0.01758084936 7.879787348e-05)
(-0.01802134808 -0.03195104729 1.545813013e-05)
(0.05053350019 -0.02468614727 0.06781090752)
(-0.01293872429 -0.01824881715 0.06800894772)
(0.05053444512 -0.02464542793 -1.442590176e-05)
(-0.0128865111 -0.01804330724 -2.298119586e-05)
(0.05092076562 -0.01755469204 0.0702203288)
(0.04310075351 -0.009248869785 -1.497663604e-05)
(0.05397095657 0.006379917398 -0.07407920128)
(-0.001142749812 -0.007665365086 -0.06204368352)
(0.05426427913 0.006515070731 -6.670365881e-05)
(-0.001362499653 -0.007158603114 0.000124541396)
(0.04295677562 -0.009140079749 -0.07182532076)
(0.05099931892 -0.01758787357 -8.390836157e-05)
(-0.01799742511 -0.03191145448 -3.395154755e-05)
(0.05060159225 -0.02470385635 -0.06780916137)
(-0.0129929271 -0.01823848578 -0.06800325452)
(0.05055915414 -0.02464885332 -6.417244353e-07)
(-0.01289768188 -0.01804005455 1.491750289e-05)
(0.05087363639 -0.01757600053 -0.07021493273)
(0.5515579307 -0.6164465864 -8.283734061e-05)
(0.6068611235 -0.6084391636 -8.820095222e-05)
(0.6803328703 -0.6534769224 -0.01795013675)
(0.4120470062 -0.4916805959 -0.002794615562)
(0.6795992674 -0.6528122145 -0.000113545734)
(0.4119077572 -0.4914196613 0.0005551366592)
(0.5514800206 -0.6174267743 -0.02627988481)
(0.3808681936 -0.5329354299 -0.0001970331642)
(0.251647382 -0.3764546784 -0.02544550672)
(0.2387808229 -0.4182617902 -0.04679194303)
(0.2514845185 -0.3767106227 -8.983082335e-05)
(0.2385053844 -0.4175166482 0.0003598839488)
(0.3816650496 -0.5348121142 -0.03926069855)
(0.5515599625 -0.6164466782 8.342547692e-05)
(0.6068573121 -0.608439215 9.063266693e-05)
(0.6803274419 -0.6534695687 0.01795041564)
(0.4120578939 -0.4916885183 0.002794505136)
(0.679599371 -0.6528105067 0.0001130952722)
(0.4119136209 -0.491424782 -0.0005547242804)
(0.5514843971 -0.6174266279 0.02627977807)
(0.3808682024 -0.5329368044 0.0001979162713)
(0.2516482952 -0.3764592258 0.0254451503)
(0.2387910015 -0.4182689285 0.04679347957)
(0.2514844461 -0.3767124788 8.962090619e-05)
(0.2385090204 -0.4175206017 -0.0003596237158)
(0.3816653672 -0.5348146605 0.03926026719)
(0.4479806577 -0.4315133823 -5.446325092e-05)
(-0.02161955738 -0.0254856408 -6.312234749e-05)
(-0.02158241253 -0.02544433584 6.77331377e-05)
(-0.02154536208 -0.03971240772 0.05605877371)
(-0.02204438562 -0.03960269639 -0.0001295922226)
(-0.03020727861 -0.0483163841 -3.442461269e-05)
(-0.02455853439 -0.0825345654 -0.06460975406)
(-0.03064324289 -0.04530603572 -0.06470979529)
(-0.02459197471 -0.08237933161 -2.059226695e-05)
(-0.03078302404 -0.04535163889 -6.732373246e-05)
(-0.02156270289 -0.03973871685 -0.05606359626)
(-0.02205067416 -0.0396100281 0.0001356794072)
(0.1219004552 -0.2881215429 -0.06324515027)
(0.1215172812 -0.2882592107 -6.210645772e-05)
(0.06546321959 -0.1624712816 1.40392916e-05)
(0.1701849305 -0.05867623173 -0.0001915055463)
(0.1970609325 -0.172256204 -0.09410125852)
(0.04501199236 -0.05470890567 -0.09847342858)
(0.1974869879 -0.1719213536 -0.0002216029951)
(0.04471680451 -0.05445927054 6.779238579e-05)
(0.06568718036 -0.1627604925 -0.09337032351)
(0.1256600938 -0.259591093 -0.0001299793025)
(0.3211701172 -0.3649075078 0.0001701492421)
(0.2074717721 -0.3757618107 0.07580688224)
(0.2534680201 -0.2740920005 0.08641725326)
(0.2071039134 -0.3743560995 0.0001932560534)
(0.2539334981 -0.2736387794 0.0001606800077)
(0.1259072322 -0.2605166318 0.08337449046)
(0.1218962262 -0.2881174073 0.06324450945)
(0.1215142769 -0.2882564481 6.118328397e-05)
(0.06546274518 -0.1624687867 -1.245236505e-05)
(0.1701858768 -0.05867493262 0.0001944759674)
(0.197057809 -0.1722477777 0.09409992766)
(0.04500843729 -0.05470590879 0.09847196436)
(0.1974865308 -0.1719181898 0.00022403329)
(0.04471614612 -0.05445820118 -6.54946464e-05)
(0.06568373446 -0.1627539896 0.09336882143)
(1.143991713 -0.2782039233 0.02438030562)
(1.111307454 -0.377730124 0.01595053665)
(1.214835053 -0.3681849525 0.03167594274)
(1.130650399 -0.3069435479 -0.00932027501)
(1.143988578 -0.278203005 -0.0243815854)
(1.111300688 -0.3777221695 -0.01595179911)
(1.214785914 -0.3682197616 -0.03167401775)
(1.262042144 -0.2549468445 0.03598890292)
(1.244190775 -0.3577286484 0.03632084597)
(1.312909396 -0.3037337375 0.0469413787)
(1.1910624 -0.2822172858 -0.02747256156)
(1.262035746 -0.2549434024 -0.03598732666)
(1.244159023 -0.3577641698 -0.03632029183)
(1.312901544 -0.3037372799 -0.04693894156)
(1.30856893 -0.1995668825 0.04258766694)
(1.327375614 -0.281490881 0.04918733296)
(1.340099509 -0.2146488862 0.05240910081)
(1.277435638 -0.2423088661 -0.03805130779)
(1.308573367 -0.1995683312 -0.0425827112)
(1.327374758 -0.2814978356 -0.04918626282)
(1.340094729 -0.2146523048 -0.05241062231)
(1.332617246 -0.1522824808 0.02702191081)
(1.336102907 -0.1940448772 0.05269489177)
(1.310156059 -0.1402836955 0.05327305503)
(1.316158136 -0.1858340398 -0.04335955721)
(1.332606133 -0.1522652575 -0.02702192748)
(1.336142018 -0.1940355534 -0.05269389679)
(1.310149565 -0.1402746817 -0.05327314214)
(0.9526049501 -0.3258944912 -0.008754478535)
(0.8124049489 -0.2876736548 -0.02497643712)
(0.9086408655 -0.3967487777 -0.01552315923)
(0.9350990553 -0.2954827506 0.009702014515)
(0.9526160583 -0.3258984458 0.008753871409)
(0.8124061312 -0.2876721588 0.02497809803)
(0.9086372167 -0.3967456072 0.01552162245)
(1.085794503 -0.4021830738 0.01134019669)
(0.9336143274 -0.4295547609 -0.010394971)
(1.042948572 -0.5152375655 0.01151459434)
(0.9908928002 -0.3545616522 0.004015197759)
(1.085827536 -0.4021778973 -0.01134456068)
(0.9336216575 -0.4295555002 0.01039315569)
(1.042954879 -0.5152461574 -0.01152272813)
(1.225734959 -0.4000286619 0.03511553081)
(1.092572638 -0.5332980962 0.02119961399)
(1.233798702 -0.5167765052 0.05153781096)
(1.118690009 -0.4103802888 -0.01704609543)
(1.22565707 -0.4000982646 -0.03510521605)
(1.092632602 -0.5333486137 -0.0212104502)
(1.23366939 -0.516815257 -0.05152097523)
(1.301686274 -0.3944541259 -2.889971877e-05)
(1.288363224 -0.3682439435 0.04512627468)
(1.274361519 -0.4189738528 0.04583042902)
(1.258889476 -0.3862034158 -0.0001072747978)
(1.288059899 -0.3678340098 -8.788551388e-05)
(1.273902919 -0.41905845 -4.19985034e-05)
(1.302062355 -0.3942646434 0.0509551562)
(1.297237072 -0.2519185063 -2.750151402e-06)
(1.336555959 -0.262046073 0.05576853018)
(1.316618487 -0.2897607927 0.06074162692)
(1.336562569 -0.2913882094 -2.55423509e-05)
(1.336520138 -0.2623431256 -1.483805365e-05)
(1.316494253 -0.2901382313 -5.35777169e-06)
(1.297314271 -0.2515255535 0.06166347859)
(1.238756763 -0.1253473827 0.05589115236)
(0.7670448609 -0.0621190553 0.0689884326)
(0.6523710601 -0.03419707497 0.06334340175)
(1.300357937 -0.1838935342 -0.05656567403)
(1.238749215 -0.1253340918 -0.05589266655)
(0.7670188791 -0.06214353126 -0.06898596382)
(0.6523340467 -0.03424743286 -0.06333792709)
(0.6260701599 -0.03233261348 0.06243796601)
(1.21846672 -0.1109046328 -0.05560727257)
(0.6260661957 -0.03236319892 -0.06243823967)
(0.8758286496 -0.4168984719 -0.01911382942)
(0.7389736599 -0.3096587059 -0.04220429705)
(0.7372428634 -0.4560077122 -0.03481865166)
(0.7899932742 -0.2956438026 0.02840849157)
(0.8758433079 -0.4169107775 0.01911364357)
(0.7389761827 -0.3096370928 0.04220413207)
(0.7372567468 -0.4560182906 0.03481997059)
(0.888506628 -0.526968989 -0.0001633258779)
(0.9301703292 -0.4937785463 -0.006788948321)
(0.858398995 -0.4801340164 -0.01763967508)
(0.9036484785 -0.4527971418 -0.0003829894245)
(0.9315255364 -0.4924520405 -0.0002142074044)
(0.8607730112 -0.4779065326 -0.0002859579107)
(0.8878380289 -0.5281841789 -0.01017821725)
(1.054588343 -0.6367278209 -7.354575657e-05)
(1.067585911 -0.5845097197 -1.340778553e-05)
(1.120374653 -0.5957868664 0.03423839302)
(1.017322496 -0.6326991168 0.02526587223)
(1.11960805 -0.59594148 -4.494576217e-05)
(1.016436933 -0.6322439911 4.135746615e-06)
(1.05533539 -0.6366455438 0.03779862635)
(0.1981966087 -0.004757254649 8.96958234e-06)
(0.4695189721 -0.01332300573 2.919679415e-05)
(0.4399802716 -0.01139504941 0.06956117936)
(0.2082378683 0.001715586134 0.07659653791)
(0.4400622259 -0.01152906813 -8.20253915e-06)
(0.2086142461 0.001694626915 0.0001787464893)
(0.1983051756 -0.004737957032 0.07201665693)
(0.3866566348 -0.02033224141 -3.019100689e-06)
(0.190596801 -0.02260586625 0.06480028361)
(0.1907584581 -0.02262682831 1.300802798e-05)
(0.2002397303 -0.03251210251 -4.559927029e-06)
(0.2001782308 -0.03245885894 0.06334688716)
(0.705312175 -0.2617829156 -0.04765247917)
(0.6601590553 -0.121044699 -0.05401048422)
(0.6219298899 -0.1945116543 -0.06129935615)
(0.7444189632 -0.1873826947 0.0270585599)
(0.7053089729 -0.2617811085 0.04765406648)
(0.6601541092 -0.1210498703 0.05401198009)
(0.621901106 -0.1944861 0.06129843344)
(0.6748804102 -0.4549002166 -0.04182755533)
(0.5895502635 -0.2271865284 -0.06362760295)
(0.4620860464 -0.3751091615 -0.06722416973)
(0.7019108433 -0.3020258641 0.04753159394)
(0.6748980015 -0.4549137156 0.04182523415)
(0.5895348376 -0.2271562384 0.06362780117)
(0.4621082923 -0.3751249306 0.06722407241)
(0.5770052427 -0.5883088314 -3.496812749e-05)
(0.6726286763 -0.5232179235 -0.0001022874996)
(0.6740938944 -0.599758134 -0.02856420302)
(0.5905095783 -0.516089874 -0.04525678806)
(0.6736232853 -0.5989603502 -3.567630825e-05)
(0.5906035218 -0.5151433319 -7.719900882e-05)
(0.5775416347 -0.5888704894 -0.03805102903)
(0.5946030172 -0.1591301781 -0.06541281597)
(0.6238425124 -0.01689160563 -0.0605479095)
(0.5479244154 -0.0247341764 -0.07276550818)
(0.6470808853 -0.09554695269 0.05638771905)
(0.5946167486 -0.1591062021 0.06541517982)
(0.6238376184 -0.01687471918 0.06054916573)
(0.547938714 -0.0247211272 0.07276428422)
(0.4774196005 -0.1646475108 -0.000175358624)
(0.510051771 -0.2203545427 -0.07161099733)
(0.5283818997 -0.1389991343 -0.0726310911)
(0.5597539591 -0.1858737649 -0.0003433701845)
(0.5118710174 -0.2195858048 -0.0001894089341)
(0.5323016839 -0.1385802835 -0.0003372056261)
(0.4755249893 -0.1651013307 -0.07657772628)
(1.039952385 -0.5754556532 0.0001704995623)
(1.167691665 -0.5356541942 -3.257383759e-05)
(1.155259884 -0.5745938912 0.04792102057)
(0.9963570712 -0.4923021938 0.06458549606)
(1.154441183 -0.5745419862 3.888488667e-05)
(0.9956492828 -0.4928847372 -8.291372781e-05)
(1.040739483 -0.5757537555 0.0559372692)
(1.054590286 -0.6367371866 7.823252274e-05)
(1.0675905 -0.584521822 1.861543796e-05)
(1.120391238 -0.5958275314 -0.03424490171)
(1.017312571 -0.6326948875 -0.02526817651)
(1.11961389 -0.5959545293 5.43811194e-05)
(1.016438757 -0.6322460305 -4.504750907e-06)
(1.055344103 -0.6366719895 -0.03780331988)
(1.039948357 -0.5754657682 -0.0001666576037)
(1.167671658 -0.5356531339 2.891090732e-05)
(1.155229907 -0.5746379213 -0.04792220639)
(0.9963418343 -0.4923103863 -0.06458295695)
(1.154428115 -0.574554029 -3.351639485e-05)
(0.9956427123 -0.4928862524 8.397914949e-05)
(1.040735564 -0.5757826098 -0.05594059907)
(0.1915103839 -0.008085329394 5.150472665e-06)
(0.3978951985 -0.01500479749 -1.411177712e-05)
(0.4157836761 -0.01237400961 0.06704049199)
(0.1878732739 -0.01410612459 0.06677204171)
(0.4159059976 -0.01252241073 -7.485876581e-06)
(0.1880187092 -0.01416551365 -1.416420976e-05)
(0.191440359 -0.008181104477 0.0689379639)
(0.1981873683 -0.004757908964 -1.347595383e-05)
(0.4695057405 -0.01332528994 -3.264248974e-05)
(0.4399695664 -0.01139187735 -0.06955766347)
(0.2082301484 0.001707764662 -0.07659123644)
(0.4400584817 -0.01152895571 1.409828982e-06)
(0.2086114604 0.00169186267 -0.0001800517939)
(0.1982755855 -0.00473778585 -0.07201191982)
(0.1914969314 -0.008093598084 -9.643186702e-06)
(0.3978943961 -0.01502550492 3.46797467e-06)
(0.4157608858 -0.01239285484 -0.06703517286)
(0.1879249487 -0.01413340944 -0.06677000289)
(0.4159007851 -0.01252857714 7.480165321e-06)
(0.1880371423 -0.01417295257 1.684950843e-06)
(0.1913934199 -0.008207543468 -0.06893317474)
(0.4663489257 -0.5489197255 -0.0001652568785)
(0.4118508673 -0.4416097478 -4.554195893e-05)
(0.5017231516 -0.4903061531 -0.05503428617)
(0.3495865522 -0.4855415529 -0.06026772004)
(0.501468125 -0.4894135866 -7.095416639e-05)
(0.3499612697 -0.4845970652 -0.0001130700923)
(0.46690064 -0.5496508703 -0.04985219765)
(0.5770060776 -0.588310371 3.520375846e-05)
(0.6726328943 -0.5232220038 0.0001066802351)
(0.6740820364 -0.599751327 0.0285637268)
(0.590512977 -0.5160922292 0.04525530996)
(0.6736197419 -0.598959532 3.864252098e-05)
(0.5906033102 -0.515142839 7.537949513e-05)
(0.5775439664 -0.5888744405 0.0380509426)
(0.4663478882 -0.5489207225 0.0001660779877)
(0.4118542865 -0.4416126818 4.74143229e-05)
(0.5017158564 -0.4903009696 0.05503441049)
(0.3495897344 -0.4855406163 0.06026597394)
(0.5014667154 -0.4894127556 7.333189039e-05)
(0.349962249 -0.4845964589 0.0001117514234)
(0.4668946539 -0.5496541889 0.04985138833)
(1.318581804 -0.3640851149 -2.440738761e-05)
(1.311709422 -0.3457618017 0.04906235107)
(1.324064808 -0.3284125446 0.0585511491)
(1.328086115 -0.3197797991 -4.256795676e-05)
(1.311521364 -0.3455974476 -6.348446004e-05)
(1.323857693 -0.3287742821 -1.683351393e-05)
(1.318883623 -0.3637951744 0.05525285177)
(1.242756005 -0.465343147 3.807514269e-05)
(1.218325399 -0.4065059751 0.06750232689)
(1.217843827 -0.4067435082 -1.987711908e-05)
(1.29208242 -0.4124155531 -2.332607631e-05)
(1.278756768 -0.4496143229 0.05252515285)
(1.278209516 -0.4498715821 -1.768086584e-05)
(1.292551007 -0.4120280922 0.05813405456)
(1.113769372 -0.2732030356 4.795032308e-06)
(1.172993965 -0.3402282136 0.07200986217)
(1.172694729 -0.3403293576 5.718747559e-06)
(1.287806392 -0.3675307392 -1.64563631e-05)
(1.267841316 -0.3173867767 0.06608438038)
(1.267626677 -0.3178400362 -4.765372347e-06)
(1.288165662 -0.3671245486 0.06266827752)
(1.301703622 -0.3944405655 4.325335978e-05)
(1.258875932 -0.3862182559 0.0001025298084)
(1.288402236 -0.3682541721 -0.04513511232)
(1.27421251 -0.4188768378 -0.0458520631)
(1.288065074 -0.3678332437 9.855247538e-05)
(1.273864994 -0.4190302122 2.00339436e-05)
(1.302171026 -0.3942417966 -0.05097215875)
(1.318596669 -0.364081353 2.58177564e-05)
(1.328085522 -0.3197789572 3.867469183e-05)
(1.311720852 -0.34575686 -0.04906383628)
(1.324091523 -0.3284134815 -0.05854567559)
(1.31152301 -0.3455934726 6.441911139e-05)
(1.323865826 -0.3287740522 1.208654791e-05)
(1.318948109 -0.3637928947 -0.05525444076)
(1.242739259 -0.4653210769 -4.93245804e-05)
(1.218318571 -0.4064635532 -0.06750074403)
(1.217843506 -0.4067290773 1.657461238e-05)
(1.292095223 -0.4124073143 2.862643481e-05)
(1.278619239 -0.449528828 -0.05252273573)
(1.278171166 -0.4498511319 -1.284146533e-05)
(1.292622721 -0.4120071447 -0.05813957173)
(1.113772005 -0.27320177 -7.568871548e-06)
(1.172998717 -0.3402150521 -0.07200891896)
(1.172697463 -0.3403246855 -7.736636015e-06)
(1.287819744 -0.3675295314 1.657703629e-05)
(1.267862543 -0.3173853201 -0.06608003506)
(1.267633652 -0.3178392747 1.042217388e-06)
(1.28821242 -0.3671236728 -0.06266927168)
(1.27024769 -0.2170718327 -6.580002699e-06)
(1.329475568 -0.2341837624 0.05634237455)
(1.238541664 -0.1858540552 0.06132689112)
(1.316743087 -0.2083469854 -1.659521759e-05)
(1.329454411 -0.2345098152 -1.191769975e-05)
(1.238553025 -0.1861927226 -6.090184054e-06)
(1.270281635 -0.2166854737 0.06158575732)
(1.038677303 -0.205565743 5.47012737e-05)
(0.9555933595 -0.1499567098 0.07557791462)
(0.9556297083 -0.1502897457 2.412477613e-05)
(1.181742226 -0.2166285634 8.791766922e-06)
(1.231228998 -0.2647891858 0.0681801737)
(1.231141917 -0.265186489 1.51882548e-05)
(1.181782057 -0.2162208284 0.06836449675)
(0.8181531391 -0.08283308712 5.7087021e-06)
(0.8792922895 -0.1088560066 0.07325952652)
(0.8793825835 -0.1091322609 2.2311917e-05)
(1.128111371 -0.1757466891 4.917544435e-06)
(1.075807223 -0.1427339922 0.06617873035)
(1.075869058 -0.1430780951 1.831091868e-06)
(1.128091692 -0.1753730791 0.06734613323)
(1.297243781 -0.2519204868 1.049404273e-06)
(1.336565339 -0.2913900429 2.275864059e-05)
(1.336571072 -0.2620545507 -0.05576788636)
(1.316639458 -0.2897634664 -0.06073778081)
(1.336525147 -0.2623465351 1.372615364e-05)
(1.31650237 -0.2901395228 2.06573384e-06)
(1.297330619 -0.2515309109 -0.06166144624)
(1.270252257 -0.2170741896 4.835153221e-06)
(1.316747711 -0.2083468998 1.141387015e-05)
(1.32948708 -0.234190894 -0.05633814206)
(1.23856352 -0.1858438892 -0.06132800637)
(1.329458179 -0.2345123951 1.120144945e-05)
(1.238562478 -0.1861911644 3.206578368e-06)
(1.270291427 -0.2166917862 -0.06158411482)
(1.038680088 -0.2055663139 -5.830095316e-05)
(0.9555943668 -0.1499607257 -0.07557537927)
(0.9556324214 -0.1502916827 -2.790086548e-05)
(1.181748514 -0.2166306598 -1.139537886e-05)
(1.231241814 -0.2647892021 -0.06817612965)
(1.231148583 -0.2651868478 -1.869503934e-05)
(1.18179188 -0.2162256517 -0.06836248406)
(0.8181515707 -0.0828349149 -2.357107561e-06)
(0.8793212666 -0.1088716079 -0.07325879066)
(0.8793963696 -0.1091389416 -2.517725067e-05)
(1.12811663 -0.1757494858 -5.487154372e-06)
(1.075824658 -0.1427220865 -0.06617941266)
(1.075875328 -0.1430756707 -2.547209525e-06)
(1.128106917 -0.1753809645 -0.06734433968)
(1.016393541 -0.5645422715 -7.428651555e-05)
(0.9772839562 -0.6191291917 0.01107967046)
(0.9767781037 -0.618817208 -7.268023395e-05)
(0.9260947117 -0.5763378539 -8.752038753e-05)
(0.9679064486 -0.5313629141 0.001571531193)
(0.9681107475 -0.5306558869 -0.0001098563506)
(0.9263133542 -0.5770437641 -0.0004355145411)
(0.7460983792 -0.5175655 -0.000131037832)
(0.7614588898 -0.5885685442 -0.02043680493)
(0.7612905425 -0.5876646356 -6.474506905e-05)
(0.8331147236 -0.5608335303 -0.0001080939985)
(0.8078841964 -0.5030040299 -0.02253864207)
(0.8088533848 -0.5013204936 -0.0001822691792)
(0.8329913231 -0.5618787871 -0.01445876231)
(0.7963549369 -0.6723977682 -0.0001013757716)
(0.9120926739 -0.6656696888 0.0103768484)
(0.7858194543 -0.6550428262 -0.008826209495)
(0.9115698844 -0.6653165927 -5.051531797e-05)
(0.7849817055 -0.6545179371 -3.496941782e-05)
(0.8671762504 -0.6221668533 -5.037176245e-05)
(0.8677501956 -0.6228489421 -0.003407977595)
(0.888510734 -0.5269726417 0.0001651201319)
(0.9036504108 -0.452799784 0.0003859251294)
(0.9301749547 -0.4937814358 0.006787207155)
(0.8584094812 -0.4801379939 0.01763971696)
(0.9315274134 -0.4924529467 0.0002158265676)
(0.8607766292 -0.4779075974 0.0002859930127)
(0.8878500743 -0.5281946388 0.01017626179)
(1.016398652 -0.5645507903 7.456263243e-05)
(0.9773060953 -0.6191319097 -0.01107816716)
(0.9767871749 -0.6188160196 7.356905145e-05)
(0.9260981373 -0.5763404913 9.027605762e-05)
(0.9679153265 -0.5313627714 -0.001572592552)
(0.9681153357 -0.530655463 0.0001111330257)
(0.926325606 -0.5770511543 0.000432589869)
(0.7460943867 -0.5175629918 0.0001359511926)
(0.7614527096 -0.5885660894 0.02043604853)
(0.761285572 -0.5876608654 6.13325524e-05)
(0.8331169228 -0.5608339531 0.0001066638133)
(0.8078851234 -0.5029883232 0.02253884752)
(0.8088512686 -0.5013133415 0.0001800310344)
(0.8329969303 -0.5618813926 0.01446017477)
(0.7963558468 -0.672396425 0.0001059894685)
(0.9121039426 -0.6656728495 -0.01037846572)
(0.7858350072 -0.6550526233 0.008827504319)
(0.9115762843 -0.6653150514 5.351114513e-05)
(0.7849853606 -0.6545203286 3.354099557e-05)
(0.8671807914 -0.6221709329 5.269191312e-05)
(0.8677585315 -0.6228562602 0.003405943738)
(-0.007717349217 -0.04815846343 4.795853364e-05)
(0.05994141915 -0.03408530983 0.06570129603)
(0.005530001412 -0.0687294971 0.06473045113)
(0.06009530406 -0.0340283718 1.356187513e-05)
(0.005543599279 -0.06860742661 1.341698141e-05)
(0.07591221511 -0.04880939662 -3.978502283e-06)
(0.07585103632 -0.04883115683 0.06419500843)
(0.3866716106 -0.02031958251 -2.753648931e-06)
(0.1906890777 -0.02256535242 -0.06479857607)
(0.1907881476 -0.02261467013 -1.692344236e-06)
(0.2002419491 -0.03251704307 8.069197205e-06)
(0.20017773 -0.03247777844 -0.06334993275)
(-0.007683415133 -0.04813199723 -5.247453237e-05)
(0.06003113392 -0.03412888461 -0.06570023001)
(0.00558336462 -0.06865425778 -0.06472723806)
(0.06012443277 -0.03403984141 -4.639448712e-06)
(0.005557879049 -0.068585128 -1.44781215e-05)
(0.07591630151 -0.04881202297 2.653345514e-06)
(0.07586026525 -0.04884091688 -0.06419894474)
(0.3921591707 -0.3130710581 -8.081765215e-05)
(0.3375220083 -0.2376690319 -0.08390904697)
(0.3377886166 -0.2371794612 -6.032209211e-05)
(0.4136420122 -0.1973792586 -9.95580801e-05)
(0.4562455375 -0.2624164023 -0.07438628068)
(0.4571682266 -0.2617174163 -0.000115359728)
(0.4126490641 -0.1978591839 -0.08047722947)
(0.4522420914 -0.102690557 -0.0001746699082)
(0.508362178 -0.08635927988 -0.07577120743)
(0.4371103658 -0.03498047598 -0.08275307223)
(0.5017487673 -0.02914535214 -0.0003238358603)
(0.5122790344 -0.08606538042 -0.0003287216999)
(0.4390123789 -0.03487379143 -0.0001723921454)
(0.4503441631 -0.1029748742 -0.08047816216)
(0.2743941767 -0.05103033934 -9.068592362e-05)
(0.2955888764 -0.1494630978 -0.08998262246)
(0.295788788 -0.1491861382 -9.031208747e-05)
(0.381407761 -0.123682064 -0.0001055344465)
(0.3636012944 -0.04225239534 -0.08815403252)
(0.3645969075 -0.04214263575 -0.000105900635)
(0.3804361281 -0.1239724106 -0.08532541275)
(0.4774210754 -0.164648236 0.0001752564085)
(0.5597513424 -0.1858652351 0.0003481627981)
(0.5100287326 -0.2203172717 0.07161362702)
(0.5283819093 -0.1390166784 0.07262871058)
(0.511864796 -0.2195744271 0.0001917918327)
(0.5323015538 -0.1385844348 0.0003349303158)
(0.4755295976 -0.1651064598 0.07657790146)
(0.3921563277 -0.3130649265 7.678868201e-05)
(0.3375381569 -0.2376316073 0.08390904633)
(0.3377945161 -0.2371671687 6.222130527e-05)
(0.4136447961 -0.1973751535 9.884081894e-05)
(0.4562173142 -0.2623895512 0.07438845075)
(0.4571607824 -0.2617090633 0.0001152179856)
(0.4126570138 -0.197847819 0.0804760723)
(0.4522441392 -0.1026869326 0.0001755352403)
(0.5017492745 -0.02914223036 0.0003259268211)
(0.5083711373 -0.08634065755 0.07577094156)
(0.4371072846 -0.0349761942 0.08275215384)
(0.5122819827 -0.0860599592 0.0003298207006)
(0.4390119988 -0.03487215469 0.000173061773)
(0.4503502452 -0.1029648497 0.08047733385)
(0.2743979563 -0.05102988729 9.272463982e-05)
(0.2955964354 -0.1494526037 0.08998144193)
(0.2957916189 -0.1491821644 9.299056761e-05)
(0.3814112712 -0.1236773164 0.0001074341165)
(0.3636066942 -0.04225180425 0.08815252183)
(0.3645991284 -0.04214203605 0.0001071273097)
(0.3804464539 -0.1239597426 0.08532450822)
(1.165732666 -0.236071837 0.01039619487)
(1.135960039 -0.2703790524 0.008587052186)
(1.170757627 -0.265956694 0.01198478477)
(1.13916338 -0.2466824752 -0.008024453658)
(1.165799962 -0.2360873417 -0.01039570878)
(1.13601282 -0.2703780125 -0.008588464618)
(1.170804071 -0.2659621854 -0.01198429061)
(1.217894289 -0.2114823304 0.01560504017)
(1.204630706 -0.2554654004 0.01503814814)
(1.23583445 -0.2379550768 0.01790153158)
(1.192784327 -0.2280127363 -0.01322521178)
(1.217911319 -0.2114885804 -0.01560493036)
(1.204641088 -0.2554617499 -0.01503826448)
(1.235838679 -0.2379507522 -0.01790150505)
(1.259096678 -0.1749718938 0.01950155018)
(1.261987503 -0.2163597106 0.02022989825)
(1.282162762 -0.192802542 0.0219654251)
(1.240727729 -0.1957616846 -0.01781086586)
(1.259088997 -0.1749747049 -0.01950153297)
(1.261989686 -0.2163549816 -0.02022986037)
(1.282157771 -0.1927963487 -0.02196563965)
(1.287966096 -0.1361379572 0.02216897384)
(1.296732145 -0.1681564618 0.02310682836)
(1.306637362 -0.1459017687 0.02381266931)
(1.274806801 -0.155722647 -0.02079202555)
(1.287883668 -0.1361374675 -0.02217594179)
(1.296723508 -0.1681520588 -0.0231052553)
(1.306572016 -0.1458688125 -0.02381634722)
(1.025594316 -0.2771789914 -0.002993047142)
(0.9733110932 -0.2762837682 -0.007132854356)
(0.9992331591 -0.304312663 -0.004346263973)
(1.000715298 -0.2610300781 0.00510916347)
(1.025596812 -0.27717828 0.002993333712)
(0.9733070512 -0.2762855667 0.007133190197)
(0.9992386752 -0.3043171131 0.004346262064)
(1.093197044 -0.304420541 0.004303901562)
(1.029899201 -0.3293288034 -8.792455367e-07)
(1.063250042 -0.3650314766 0.01084393973)
(1.054240161 -0.2975631571 -0.0009842281923)
(1.093200843 -0.3044136313 -0.004304199344)
(1.029908281 -0.3293293472 1.108934191e-06)
(1.063278217 -0.3650263474 -0.01084547802)
(1.247929932 -0.2945009036 -0.001056765591)
(1.220827458 -0.2762304894 0.03055971029)
(1.206408143 -0.3106926112 0.02982107545)
(1.232449493 -0.2947710111 -0.003425942394)
(1.24042325 -0.2796275513 -0.001310591799)
(1.234577301 -0.306196039 -0.002800134518)
(1.235288918 -0.2999151071 0.03325640972)
(1.305338029 -0.2383720037 -0.0001099683599)
(1.289528563 -0.2276375022 0.03989177379)
(1.292292931 -0.2545530298 0.04106338762)
(1.278900485 -0.240969229 -0.0001576952824)
(1.290107285 -0.2262680991 -7.313531168e-05)
(1.293273742 -0.2540051759 -0.000156193079)
(1.304954339 -0.2385141565 0.0427688491)
(1.331316278 -0.1767887882 -9.934588914e-05)
(1.323625112 -0.1728802492 0.04489556457)
(1.328569407 -0.1910395498 0.0458933092)
(1.316122324 -0.1842466568 -0.0001074047089)
(1.322158845 -0.1712015538 -3.274766785e-05)
(1.328494696 -0.1909599777 -0.0001365837171)
(1.332625514 -0.1768249352 0.0465480496)
(1.300260013 -0.1253901521 0.05327555456)
(1.338587298 -0.1269145653 -0.0277116894)
(1.300302641 -0.1253810938 -0.05327694668)
(0.9222523749 -0.2610808485 -0.01265041207)
(0.8803655795 -0.2319718875 -0.01666495809)
(0.8759864295 -0.2667132918 -0.01541199589)
(0.9128522238 -0.231930824 0.01361624114)
(0.9222489841 -0.2610865611 0.01264948032)
(0.8803590431 -0.2319632117 0.01666448318)
(0.8759898728 -0.2667058696 0.01541039157)
(1.015594925 -0.3975153457 -0.0004634393841)
(1.020982068 -0.3699164606 -0.0002283759948)
(0.9762982061 -0.3807717671 -0.005757164714)
(1.017436233 -0.3637200419 -0.002059344068)
(1.034646316 -0.3742960025 -0.0003811667647)
(0.9947163343 -0.3788953877 -0.001858611131)
(1.006863669 -0.3996518529 -0.000901093463)
(1.153860808 -0.4475059589 -0.0001611104239)
(1.15327704 -0.411648728 0.0231046741)
(1.113733318 -0.4440375308 0.01821900228)
(1.118863161 -0.4037256857 -0.0006017054831)
(1.154270862 -0.4078692628 -0.0002845216521)
(1.113077335 -0.4428010203 -0.0002343326471)
(1.154120431 -0.4485874411 0.02531309821)
(1.204957931 -0.1585821798 0.06072745764)
(1.300362199 -0.1841662228 -7.111179471e-07)
(1.205042292 -0.1588800827 1.061936793e-05)
(1.170710937 -0.1352659378 -2.513452157e-06)
(1.281074441 -0.1618067595 0.05651023458)
(1.281037411 -0.1620273698 -1.223147374e-05)
(1.170689897 -0.1350148842 0.06017445647)
(1.198746066 -0.09840153739 0.05552569243)
(1.076153028 -0.08622187995 0.05812465467)
(1.218408661 -0.1107350533 -4.390005554e-05)
(1.198633998 -0.09835426222 -5.398823752e-05)
(1.076186328 -0.08627728309 -1.211391917e-05)
(0.8285897461 -0.2712475532 -0.01906971266)
(0.7894522521 -0.2128976364 -0.02336244223)
(0.7343443818 -0.2698113122 -0.04319788234)
(0.8374184123 -0.2263660942 0.01991944733)
(0.8285722764 -0.2712426569 0.0190702593)
(0.7894342602 -0.2129095597 0.02336548587)
(0.7343377541 -0.2697922192 0.04319882879)
(0.8380493623 -0.3554989075 -0.002821248807)
(0.8321407092 -0.3402862828 -0.02654234328)
(0.767217386 -0.299901374 -0.03299404062)
(0.9074631086 -0.3350780648 -0.0005645991542)
(0.8788084306 -0.3526320762 -0.003784538906)
(0.8693380536 -0.3361980601 -0.0001195890818)
(0.8030306804 -0.3495480687 -0.03106593068)
(0.7778661432 -0.1498346333 -0.0260155342)
(0.7808863674 -0.09680367597 -0.0263608613)
(0.7423261052 -0.1151295116 -0.02835052865)
(0.8015385456 -0.1202152612 0.02437596686)
(0.7778510818 -0.1498268523 0.02601323564)
(0.7808470815 -0.09678976572 0.02636129771)
(0.7423182279 -0.1151205536 0.02835083286)
(0.6505505612 -0.325879481 -0.0005437025339)
(0.6922656866 -0.3453447324 -0.04665508805)
(0.6635958138 -0.2859954176 -0.05294742688)
(0.7167326678 -0.3012425851 -0.001759246929)
(0.6995970651 -0.3433150351 -0.0006671315206)
(0.6742231982 -0.281821219 -0.001422434953)
(0.6452625553 -0.3289731338 -0.0529272251)
(0.71914422 -0.07194139159 -0.03033025968)
(0.7540927379 -0.02409942456 -0.02875097812)
(0.7062340196 -0.02689086263 -0.03146509733)
(0.7628171589 -0.05570752054 0.02794822393)
(0.7191414145 -0.07194095137 0.0303303328)
(0.7540972791 -0.02409920572 0.02875083842)
(0.7062340061 -0.02688975405 0.0314650648)
(0.6656847147 -0.08851563448 -0.003013387433)
(0.6484003453 -0.1154889826 -0.0593903215)
(0.6359230904 -0.07270400805 -0.05844705158)
(0.736594762 -0.1052414302 -0.0006152143647)
(0.6809359807 -0.1191000763 -0.003023118938)
(0.7242179501 -0.08164189366 -0.0006515725714)
(0.6340261054 -0.08574232795 -0.06177139315)
(1.263236954 -0.344102766 0.000712345682)
(1.071120748 -0.2726052584 0.02284998441)
(1.161086466 -0.3111518657 0.0265262924)
(1.238517653 -0.3091387404 -0.005511595424)
(1.26947752 -0.3266023644 -0.0009589956074)
(1.235339732 -0.3226063214 -0.004282193156)
(1.085212906 -0.2962359008 0.02404037493)
(1.160419168 -0.3493058773 -0.0005760445362)
(1.107297027 -0.3435611459 0.01510167578)
(1.148081269 -0.3782267017 0.02126301858)
(1.132234693 -0.3735260143 -0.002213729621)
(1.141058927 -0.354030479 -0.002765108884)
(1.157847658 -0.3743423391 -0.0005941886192)
(1.143010177 -0.3447233294 0.01946001848)
(1.215153257 -0.3680433668 -0.0001486141988)
(1.186657899 -0.3496760222 0.0009767845002)
(1.204451405 -0.343487092 0.02895573475)
(1.182573018 -0.3739661695 0.02667904816)
(1.207901492 -0.3381570688 -0.0005122801306)
(1.186611853 -0.3748293929 6.364989048e-05)
(1.173766948 -0.3436200734 0.0246907698)
(1.263194061 -0.3440823837 -0.0007147167356)
(1.238516343 -0.3091368445 0.005509165953)
(1.071144919 -0.2726028966 -0.02284853727)
(1.161087102 -0.3111378525 -0.02652587986)
(1.269463596 -0.3265933325 0.0009593370265)
(1.235328698 -0.3225997833 0.004278246933)
(1.085230573 -0.2962243055 -0.02403942203)
(1.160414063 -0.349295182 0.0005875806955)
(1.132237822 -0.3735248512 0.002217209586)
(1.107280079 -0.3435354852 -0.01510355155)
(1.148053659 -0.3782595707 -0.02125059212)
(1.141065403 -0.3540238648 0.002767306502)
(1.157834832 -0.3743591333 0.0006020839921)
(1.142978746 -0.3447017513 -0.01945740892)
(1.215135503 -0.3680548161 0.0001457893473)
(1.186638576 -0.3496648738 -0.0009728111179)
(1.204439133 -0.3434782023 -0.02895396583)
(1.182446029 -0.3739658349 -0.02667834146)
(1.207896256 -0.3381561157 0.000507636722)
(1.186580803 -0.374838949 -6.639295899e-05)
(1.173729581 -0.3436105547 -0.02469571672)
(1.263682414 -0.282754276 -0.0004304318935)
(1.244116281 -0.2680733638 0.0334274252)
(1.276673964 -0.2706271986 0.03891871117)
(1.265716827 -0.2538957041 -0.0002554969876)
(1.25298765 -0.2679096119 -0.0005340760156)
(1.279063362 -0.2692327149 -0.0002425256441)
(1.257991962 -0.2859000487 0.03621059357)
(1.270494465 -0.3425751026 0.04041475496)
(1.243635483 -0.3561195599 -0.0003161047504)
(1.27045631 -0.3410451016 -0.0002310911869)
(1.255302422 -0.315469317 -0.000442876789)
(1.230375783 -0.3350553497 0.03286354565)
(1.231628613 -0.3268586284 -0.000777877654)
(1.253691269 -0.3208758972 0.03653786627)
(1.293677717 -0.3243249835 0.04397184166)
(1.313091171 -0.3033888873 -7.885462058e-05)
(1.293893389 -0.3234481002 -0.0001314564365)
(1.27647071 -0.3018398277 -0.0002238122487)
(1.293952864 -0.2868701164 0.04258146863)
(1.294775767 -0.2857590632 -0.0001336724544)
(1.275082421 -0.30446726 0.0397339437)
(1.247932198 -0.2945033637 0.001055425356)
(1.23245229 -0.2947695623 0.003427788068)
(1.220830886 -0.2762309836 -0.03055866169)
(1.206429548 -0.3107071008 -0.02981854608)
(1.240424727 -0.2796260595 0.001308170177)
(1.23457841 -0.3062004471 0.002800683807)
(1.235297106 -0.299922205 -0.03325495381)
(1.263684819 -0.282754112 0.0004298979219)
(1.265716905 -0.2538935005 0.0002528125005)
(1.244127358 -0.2680737768 -0.03342476657)
(1.27667632 -0.2706251002 -0.03891686334)
(1.252990123 -0.2679079752 0.0005340740567)
(1.279064518 -0.2692318032 0.0002409057431)
(1.257998611 -0.285900406 -0.03621012901)
(1.243626915 -0.3561295844 0.000309816154)
(1.270522972 -0.3425843454 -0.04041683451)
(1.270460711 -0.3410468792 0.0002336521043)
(1.255305282 -0.3154697995 0.0004421803977)
(1.230351984 -0.3350637884 -0.03286002588)
(1.231625349 -0.3268632996 0.000771206475)
(1.25369794 -0.3208768021 -0.03653861931)
(1.313089247 -0.3033898091 7.581476529e-05)
(1.293686717 -0.3243266845 -0.04397127771)
(1.293895106 -0.3234476568 0.0001316450244)
(1.276476085 -0.3018395477 0.0002255119163)
(1.293955524 -0.2868733623 -0.04257952508)
(1.294777107 -0.2857598579 0.0001320013682)
(1.27510515 -0.3044688619 -0.03973381032)
(1.315224854 -0.2222290048 -9.628902499e-05)
(1.300176561 -0.2139928012 0.04120863401)
(1.322975868 -0.2065961887 0.04519372398)
(1.308518811 -0.1980376712 -4.41955318e-05)
(1.3003413 -0.212490507 -7.946451677e-05)
(1.322900057 -0.206643153 -9.266112346e-05)
(1.315113484 -0.2222616911 0.04413186081)
(1.336438035 -0.258730478 0.05071070641)
(1.327481502 -0.2814654936 -4.836504709e-05)
(1.336486101 -0.2588752896 -2.968009459e-05)
(1.322053035 -0.2494107137 -5.312786625e-05)
(1.309701898 -0.2682874441 0.04480233132)
(1.310127317 -0.2678740508 -8.343746466e-05)
(1.321859782 -0.249519792 0.04643009333)
(1.340482877 -0.2363737179 0.05171919934)
(1.340066005 -0.2148660943 -2.586343584e-05)
(1.340473561 -0.2365740394 -2.581584601e-05)
(1.330668735 -0.2308326857 -4.684654666e-05)
(1.336274439 -0.2125171546 0.04858416407)
(1.336250851 -0.21255667 -4.182967312e-05)
(1.330638915 -0.2308355784 0.04770473713)
(1.305339149 -0.2383726219 0.0001094199359)
(1.278901758 -0.240967817 0.0001563335161)
(1.289543588 -0.2276389794 -0.03988976875)
(1.292296739 -0.2545515053 -0.04106188432)
(1.290110211 -0.226267507 7.418052581e-05)
(1.293275107 -0.2540046258 0.0001549459239)
(1.304957384 -0.2385165647 -0.04276834917)
(1.315224737 -0.2222305619 9.498477226e-05)
(1.308517902 -0.1980370674 4.397056921e-05)
(1.300171605 -0.2139907664 -0.04120815798)
(1.322979333 -0.206612675 -0.04518952365)
(1.30034089 -0.2124890802 7.732062045e-05)
(1.322899624 -0.2066469394 9.234690146e-05)
(1.315114331 -0.2222668534 -0.0441304437)
(1.32748127 -0.2814678313 4.652423479e-05)
(1.336445638 -0.2587403039 -0.05070977476)
(1.336487945 -0.2588780571 2.942640047e-05)
(1.322054041 -0.2494126151 5.296308513e-05)
(1.309704865 -0.2682925965 -0.04480090993)
(1.310128185 -0.2678756805 8.230869316e-05)
(1.321865337 -0.2495259021 -0.04642742508)
(1.340067226 -0.2148678119 2.105448346e-05)
(1.340477507 -0.2363729321 -0.05171606722)
(1.340472844 -0.2365739469 2.349663831e-05)
(1.330665407 -0.2308341353 4.305518726e-05)
(1.336270281 -0.2125344181 -0.04858353195)
(1.336249723 -0.2125611259 3.888950681e-05)
(1.330622607 -0.230839123 -0.04770244347)
(1.336127206 -0.1942227599 -1.193036511e-05)
(1.339685578 -0.1774211841 -3.557041936e-05)
(1.339156227 -0.1947869754 0.04914176052)
(1.329319071 -0.1746033161 0.05293515352)
(1.339138314 -0.1947002234 -4.289792149e-05)
(1.329197882 -0.1747757391 -2.773297301e-05)
(1.33980198 -0.1774281395 0.0495798217)
(1.339027047 -0.1604998497 -5.980596137e-05)
(1.336302022 -0.1466659719 0.05093398575)
(1.320607239 -0.1562900779 0.05305159932)
(1.309881889 -0.1402901253 -9.096856204e-05)
(1.336065321 -0.1448553072 -5.034240516e-05)
(1.320419799 -0.1563564409 -6.315612838e-05)
(1.339170395 -0.161701396 0.05021164746)
(1.331312068 -0.1767867388 9.748569135e-05)
(1.316115584 -0.1842452421 0.0001011207171)
(1.323630562 -0.1728823916 -0.0448920927)
(1.328546887 -0.1910327721 -0.04589101337)
(1.322155316 -0.1712004912 3.216650277e-05)
(1.328489925 -0.1909575205 0.0001311623331)
(1.332622799 -0.176822425 -0.04654613491)
(1.336135325 -0.194219997 1.749445123e-05)
(1.339684521 -0.1774168625 3.344677969e-05)
(1.339162811 -0.194772291 -0.04914171528)
(1.32931592 -0.1745940964 -0.05293393334)
(1.339139874 -0.1946957024 4.263138119e-05)
(1.329198653 -0.174772711 2.468451241e-05)
(1.339801695 -0.1774171773 -0.04957779016)
(1.339022841 -0.1604920293 5.598666866e-05)
(1.309882884 -0.1402860659 8.615343535e-05)
(1.336296696 -0.1466541899 -0.05093320539)
(1.320600444 -0.1562797441 -0.05304652402)
(1.336063769 -0.144847418 4.521717463e-05)
(1.320416664 -0.156352043 6.17807036e-05)
(1.339160122 -0.1616856752 -0.05020767657)
(1.01228884 -0.35805629 -0.0001008592554)
(0.8952056187 -0.2990989978 -0.01039465784)
(0.9398444687 -0.3521712456 -0.01023964568)
(1.015814819 -0.3512423653 -0.003821499317)
(1.039675224 -0.3469713991 -0.0009443436617)
(0.9890219361 -0.3635281445 -0.003266901737)
(0.8837325949 -0.3141980009 -0.01315188608)
(0.9370713462 -0.3373982162 -0.003945624989)
(0.8353983223 -0.2807878195 -0.0213825128)
(0.8575049965 -0.3267551934 -0.02314013201)
(0.9389734176 -0.3276070404 -0.0009073971597)
(0.9628877844 -0.3232220783 -0.001197403844)
(0.9103642517 -0.3435030133 -0.004225250675)
(0.8819030001 -0.3105673305 -0.02049525996)
(0.9194273427 -0.3968476131 -0.0009002968961)
(0.9382562968 -0.3587174207 -0.001344087495)
(0.9362988592 -0.3776221588 -0.01240985457)
(0.8855771445 -0.3625141947 -0.01966629825)
(0.9476558132 -0.3770524441 -0.001056918092)
(0.9087565743 -0.3684242063 -0.002209781943)
(0.9111809333 -0.3437328151 -0.01636324045)
(1.012293112 -0.3580583188 0.0001015380756)
(1.015818913 -0.351244377 0.003822001575)
(0.8952156947 -0.2991042237 0.0103939842)
(0.9398546274 -0.3521712748 0.01023899628)
(1.039677845 -0.3469741539 0.0009447605707)
(0.9890255222 -0.3635280536 0.003267526857)
(0.8837406788 -0.3142012275 0.01315107891)
(0.9370741275 -0.337397511 0.003945802012)
(0.9389700785 -0.327601503 0.0009057705098)
(0.8354096691 -0.2807878889 0.02138305916)
(0.8575185202 -0.326758247 0.02314005715)
(0.9628870574 -0.3232180795 0.001196462583)
(0.9103653075 -0.3435014631 0.004224990523)
(0.8819144259 -0.3105696766 0.02049504692)
(0.9194290019 -0.3968478754 0.0009028495294)
(0.9382600881 -0.3587179721 0.001344643669)
(0.9363038547 -0.3776166215 0.01240886385)
(0.8855919039 -0.3625169832 0.01966590688)
(0.9476581661 -0.3770510297 0.001057825603)
(0.9087605341 -0.368424641 0.00221027722)
(0.9111930888 -0.3437348528 0.01636246041)
(1.043526155 -0.4182586199 8.18053781e-05)
(1.051993544 -0.3857244815 0.005914387631)
(1.076023934 -0.4329384556 0.01147297686)
(1.087161231 -0.3976726831 -0.0003470104798)
(1.061727665 -0.391306076 0.001039535218)
(1.076032449 -0.4332023236 -0.0001071893755)
(1.040134466 -0.416548 0.00504696184)
(0.9630310044 -0.4607029362 -0.004232956092)
(0.9382425422 -0.4277851754 -0.0005106543506)
(0.9650271524 -0.4592632924 -0.0002896712241)
(0.9915990229 -0.4272048708 -0.0003615469899)
(0.960656201 -0.4058952242 -0.007780913591)
(0.9659186762 -0.4014045314 -0.0007633612825)
(0.9885594676 -0.4297763436 -0.002340911889)
(1.042900607 -0.5149991866 -6.237258897e-05)
(0.9986468874 -0.4896150939 0.003046652142)
(0.9993718349 -0.4889519681 -0.0001296814284)
(1.023741995 -0.4510908399 -0.0001100233655)
(1.061850404 -0.4712592969 0.01151830146)
(1.062010042 -0.4711076012 -6.291506839e-05)
(1.022323667 -0.4515653577 0.004135999635)
(1.015601227 -0.3975171158 0.0004662386701)
(1.017440445 -0.363720832 0.002060287131)
(1.02099945 -0.369918602 0.0002255291324)
(0.9763083001 -0.3807708708 0.005755734374)
(1.03465186 -0.3742980019 0.0003835903819)
(0.9947205468 -0.3788956286 0.001859834509)
(1.006881258 -0.3996561925 0.0008981626229)
(1.043535123 -0.4182600197 -7.708313343e-05)
(1.08717338 -0.3976696781 0.0003522916147)
(1.052019443 -0.3857255623 -0.005918973607)
(1.076063632 -0.4329382699 -0.01148024224)
(1.061736469 -0.391306076 -0.001034978777)
(1.076047646 -0.4332011081 0.0001146688877)
(1.040161972 -0.4165544336 -0.005051774423)
(0.9382434231 -0.4277845987 0.0005117883022)
(0.9630455248 -0.4607054779 0.004232328236)
(0.965031686 -0.4592633987 0.0002898957263)
(0.9916050851 -0.4272079147 0.0003627684803)
(0.9606663067 -0.4058941894 0.007779965736)
(0.9659214528 -0.4014041093 0.0007641054636)
(0.9885785815 -0.4297843931 0.002339619899)
(1.042908504 -0.515006272 6.811527203e-05)
(0.9986673908 -0.4896211448 -0.003047805234)
(0.9993799585 -0.4889549066 0.0001305941506)
(1.023751066 -0.4510950547 0.0001138573949)
(1.061885854 -0.4712725912 -0.01152783062)
(1.062024317 -0.4711124886 7.188989034e-05)
(1.0223378 -0.4515714899 -0.004140414851)
(1.237575181 -0.4367708378 0.03940247497)
(1.225707965 -0.3998483527 -6.159896032e-05)
(1.237159079 -0.4368052767 -6.006170344e-05)
(1.196147072 -0.4455633286 -6.831798856e-05)
(1.189776748 -0.4079536616 0.029308282)
(1.190519483 -0.4070381467 -7.610769045e-05)
(1.1962694 -0.445955529 0.03259175406)
(1.092126805 -0.533172651 -2.06452056e-05)
(1.145168619 -0.5434564304 0.03101661514)
(1.144511139 -0.543502646 -3.921615613e-05)
(1.152196645 -0.4924045782 -6.948361741e-05)
(1.105641689 -0.4854922857 0.01961446624)
(1.105223026 -0.4850462758 -7.533848796e-05)
(1.152707105 -0.4927566682 0.02796387234)
(1.233102537 -0.5171473669 -4.177380775e-05)
(1.194295797 -0.5368556314 0.04173182289)
(1.193474799 -0.5369623723 -1.177445596e-06)
(1.245274784 -0.4776210556 0.04477794228)
(1.244617093 -0.4779090584 -4.349203885e-05)
(1.199993446 -0.4898138259 -1.560133028e-05)
(1.200569494 -0.4898149287 0.0366580429)
(1.153868408 -0.4474915254 0.000180450288)
(1.118873654 -0.4037156019 0.0006073531319)
(1.153270759 -0.4116035267 -0.02309823583)
(1.11379812 -0.4440185959 -0.01822966904)
(1.154265723 -0.4078502762 0.0002937667228)
(1.11309916 -0.4427930681 0.000245301954)
(1.154169604 -0.4485482029 -0.02532342009)
(1.225677714 -0.3998631903 5.095922839e-05)
(1.237031245 -0.4366091147 -0.03940177571)
(1.237045522 -0.4367765916 -1.098210838e-05)
(1.196117936 -0.445553193 7.234224537e-05)
(1.189693206 -0.4078512989 -0.02929252604)
(1.190492868 -0.4070092854 6.82147435e-05)
(1.196307518 -0.4459223429 -0.03252735682)
(1.092141545 -0.5331884124 3.395467215e-05)
(1.145206031 -0.5435380653 -0.0310212803)
(1.14452063 -0.5435303365 5.239016987e-05)
(1.15221962 -0.4924376241 9.540313689e-05)
(1.105718189 -0.4855158671 -0.01962779641)
(1.105246251 -0.4850544891 9.038265716e-05)
(1.152830074 -0.4928405911 -0.02797503846)
(1.23305686 -0.5171620829 3.182988067e-05)
(1.194187985 -0.5370495474 -0.0417273107)
(1.193433698 -0.5370239579 1.154772116e-05)
(1.244879374 -0.4776387204 -0.04474111225)
(1.244505152 -0.4779230503 7.705566789e-06)
(1.199934107 -0.489888062 6.701965093e-05)
(1.200426347 -0.4900638109 -0.03657623316)
(1.135843115 -0.1153117717 -1.464012656e-06)
(1.259828359 -0.1419291729 0.05624374083)
(1.104432556 -0.09947946846 0.05855427766)
(1.238653939 -0.1253329817 -3.977953854e-05)
(1.259766026 -0.1420325321 -2.024923098e-05)
(1.104424147 -0.09959515746 -1.26454926e-05)
(1.135853438 -0.1151257668 0.05944017834)
(0.7672247722 -0.06239590323 3.011671803e-05)
(0.7214874984 -0.04798306968 0.06702573214)
(0.721584201 -0.04825011103 1.17411726e-05)
(1.026416067 -0.1155843148 0.06501342169)
(1.026526219 -0.115875933 1.831693526e-05)
(0.9812356126 -0.09440911921 5.187160307e-06)
(0.9811651634 -0.09415609992 0.06373417604)
(0.6524481361 -0.03440548803 1.535139298e-08)
(0.6831391379 -0.03947762892 0.06498994364)
(0.6832324757 -0.03971259114 6.585371312e-06)
(0.9385328844 -0.07815488946 4.124409152e-06)
(0.9022683215 -0.06606866794 0.06105639662)
(0.9023183942 -0.06624001481 -6.037263813e-06)
(0.9384839447 -0.07793855844 0.06238946575)
(1.300371573 -0.184164993 6.827597913e-06)
(1.204998059 -0.1585862951 -0.06072619372)
(1.205047743 -0.1588805139 -3.353404532e-06)
(1.17070838 -0.1352676881 -1.289448487e-06)
(1.281067312 -0.1618019016 -0.05650822118)
(1.281036746 -0.1620257849 9.150819333e-06)
(1.170676439 -0.1350197684 -0.0601715771)
(1.135843785 -0.1153144049 -1.274174562e-06)
(1.23865523 -0.1253291134 3.483574699e-05)
(1.259826767 -0.1419323838 -0.05623871028)
(1.104439218 -0.09946232212 -0.05855432403)
(1.259765317 -0.1420331433 1.836482533e-05)
(1.104426897 -0.09959073969 1.244352134e-05)
(1.135851408 -0.1151327998 -0.05943714852)
(0.7672176041 -0.06240421182 -3.22916232e-05)
(0.7214799117 -0.04801132507 -0.06702351747)
(0.7215864795 -0.04826123169 -1.783075741e-05)
(1.026437374 -0.1156063461 -0.06501150686)
(1.02653165 -0.1158825686 -1.562750667e-05)
(0.981224416 -0.09441532375 -7.938604974e-06)
(0.9811367068 -0.09417726933 -0.06373117944)
(0.6524311771 -0.03442012502 3.804156786e-06)
(0.683146211 -0.03949019253 -0.06498944462)
(0.6832317117 -0.03971765888 -7.487828517e-06)
(0.9385368918 -0.07815947188 -6.102657389e-06)
(0.902264649 -0.06606794903 -0.06105532617)
(0.902315167 -0.06624031041 8.550883738e-06)
(0.9384913557 -0.07795007554 -0.06238801827)
(0.6260996835 -0.03248793631 -4.514039753e-06)
(0.870047921 -0.05691938937 0.06053978003)
(0.8700448506 -0.05706113986 5.127268809e-08)
(1.218417402 -0.1107337208 4.916097328e-05)
(1.076170659 -0.08623521076 -0.05812455243)
(1.076192631 -0.08628127234 1.472158545e-05)
(0.6261070945 -0.03249822503 -6.889844897e-06)
(0.8700416698 -0.05696086462 -0.06053697858)
(0.8700475542 -0.05707385804 -3.571036488e-06)
(0.8376063149 -0.4352222909 -0.02323254874)
(0.8851193033 -0.4145637141 -0.0008224367057)
(0.8433324103 -0.4312221353 -0.0006419239134)
(0.8342989148 -0.3886889059 -0.001688394174)
(0.855808935 -0.3798918253 -0.02332503836)
(0.8751646182 -0.3799563924 -0.00219497771)
(0.8220080049 -0.3933067202 -0.02760612094)
(0.7863992512 -0.3535254671 -0.0009135116326)
(0.7738023194 -0.3112140933 -0.03732954806)
(0.7368007325 -0.353119018 -0.04088428817)
(0.7559287893 -0.3133237615 -0.001730880509)
(0.7938080833 -0.3218884785 -0.001019913012)
(0.7446333907 -0.3524932235 -0.0007323481085)
(0.7786083794 -0.3556536816 -0.035644624)
(0.738723105 -0.4543516197 -0.0002460847222)
(0.7923802083 -0.4490640792 -0.02840819683)
(0.7944931786 -0.4459295956 -0.0003603123106)
(0.7870502257 -0.3958236615 -0.0006901488121)
(0.7353597688 -0.401272626 -0.03869579282)
(0.7387556978 -0.399300397 -0.0004357440201)
(0.7834358945 -0.4006624632 -0.03284127898)
(0.8380458878 -0.355498022 0.002821461406)
(0.9074513018 -0.335069812 0.0005612853053)
(0.8321390848 -0.3402743467 0.02654350051)
(0.7671889559 -0.2998892359 0.032994711)
(0.8788055398 -0.3526281661 0.003783247731)
(0.8693318718 -0.3361969521 0.0001214969583)
(0.8030199842 -0.3495415345 0.03106552327)
(0.8851225989 -0.4145666083 0.0008235237827)
(0.8376138392 -0.43522025 0.02323215422)
(0.8433333086 -0.4312202393 0.0006391576085)
(0.8342960777 -0.3886861814 0.001688544193)
(0.8558150551 -0.3798856746 0.02332445637)
(0.8751651566 -0.379953989 0.002194409279)
(0.8219970248 -0.3932949827 0.02760537871)
(0.7864030275 -0.3535275539 0.000913816616)
(0.7559271342 -0.3133184822 0.001728761325)
(0.7738104901 -0.3112250105 0.0373291806)
(0.736813015 -0.3531122498 0.04088430519)
(0.7938074315 -0.3218913466 0.001019013384)
(0.7446355799 -0.3524910692 0.0007307551693)
(0.7786231961 -0.3556604709 0.03564428595)
(0.7387281854 -0.4543546875 0.0002509677419)
(0.7923716931 -0.4490424389 0.02840801331)
(0.7944920338 -0.4459242386 0.0003603307535)
(0.7870528933 -0.3958234028 0.0006923770137)
(0.7353792501 -0.4012812558 0.03869471712)
(0.7387611431 -0.3993028206 0.0004373429999)
(0.7834455071 -0.4006611742 0.03284108066)
(0.7521399318 -0.2307744762 -0.0003888203858)
(0.6886531165 -0.2210186754 -0.04700691635)
(0.6748269839 -0.246775731 -0.05243903589)
(0.7410191895 -0.2686297694 -0.003069491923)
(0.7849088188 -0.246167762 -0.0005107770824)
(0.7032196464 -0.2489730436 -0.002470987132)
(0.6665016827 -0.2068981554 -0.05132834268)
(0.7220444374 -0.176499663 -0.002619463633)
(0.6774931452 -0.1382786036 -0.05143700892)
(0.6652865475 -0.1417537808 -0.05663645624)
(0.7540225359 -0.1357239606 -0.0006020453044)
(0.7709766963 -0.1557335636 -0.0006999593161)
(0.699987461 -0.1481579081 -0.002938290796)
(0.6867829468 -0.1625631373 -0.05389012568)
(0.6291893416 -0.1942693324 -0.0007524107599)
(0.6902144887 -0.1990804982 -0.001135109031)
(0.652421939 -0.2249974344 -0.05684924296)
(0.6488251279 -0.1661459166 -0.05889759235)
(0.6597366848 -0.2227126226 -0.0009251701549)
(0.6633572393 -0.1691272805 -0.001669476484)
(0.6732441606 -0.1909949263 -0.05501094513)
(0.752141201 -0.230781342 0.0003891999551)
(0.7410191762 -0.2686314748 0.003071709531)
(0.6886528716 -0.2210181487 0.04700746193)
(0.6748203764 -0.2467959175 0.05243889161)
(0.7849128267 -0.2461738535 0.0005140199325)
(0.7032166001 -0.2489791297 0.002468551591)
(0.6665015436 -0.2069138321 0.05132765339)
(0.7220441754 -0.1764954247 0.002619690604)
(0.7540253194 -0.1357247488 0.0006063465851)
(0.6774945838 -0.1382608739 0.05143547494)
(0.6652745063 -0.1417662164 0.05663753128)
(0.7709750435 -0.1557269112 0.0006992063977)
(0.6999862866 -0.148161112 0.002941085809)
(0.6867835461 -0.1625472997 0.05389023046)
(0.6291798334 -0.194262338 0.0007456095487)
(0.6902113264 -0.1990784672 0.00113514613)
(0.6524109652 -0.2250047162 0.05685135818)
(0.6487889309 -0.1661383886 0.05889797547)
(0.6597329796 -0.2227142999 0.0009247585006)
(0.6633481796 -0.1691255279 0.001669082447)
(0.6732347238 -0.1909883662 0.05501087381)
(0.6760545494 -0.4535778635 -0.0001847133991)
(0.6072391051 -0.4430750029 -0.04976628327)
(0.6080786822 -0.4418668156 -0.0001395185646)
(0.6280979478 -0.3788476001 -0.0002469284596)
(0.6824870624 -0.395526216 -0.04497009998)
(0.6856370446 -0.3937435311 -0.0003233682907)
(0.6257581817 -0.3806280757 -0.05207600004)
(0.5520144895 -0.2665049295 -0.06564351695)
(0.593137627 -0.2257599544 -0.0004288088151)
(0.5539404343 -0.2652589882 -0.0002478535343)
(0.6005243988 -0.3001830441 -0.0003267201851)
(0.6267393696 -0.2608899176 -0.05837317258)
(0.6306661227 -0.2568479644 -0.0006325537954)
(0.598036473 -0.3026251256 -0.05935783116)
(0.46255573 -0.3743000288 -6.065664218e-05)
(0.5354116169 -0.4174215442 -0.05830820747)
(0.53596142 -0.4163836811 -9.902517513e-05)
(0.5097164273 -0.315430269 -0.0671121219)
(0.5108172552 -0.3144996677 -0.0001364298367)
(0.5687686811 -0.352873012 -0.0001712135204)
(0.5674125669 -0.3542496682 -0.05956308587)
(0.6505517603 -0.3258830135 0.0005438112754)
(0.7167292347 -0.3012428488 0.001762445847)
(0.6922448472 -0.3453416636 0.04665618502)
(0.6636019731 -0.2860172758 0.05294626624)
(0.6995915747 -0.3433148845 0.0006666193689)
(0.6742239115 -0.2818268239 0.001421370096)
(0.6452678556 -0.328984521 0.05292708125)
(0.676060358 -0.4535819672 0.000181698697)
(0.6072369984 -0.4430599441 0.04976577752)
(0.6080798966 -0.4418635132 0.0001401722364)
(0.6281003935 -0.3788480649 0.0002469053937)
(0.6824786157 -0.3955311908 0.04497026549)
(0.6856347404 -0.3937456635 0.0003210819996)
(0.6257654329 -0.3806292491 0.05207694576)
(0.5931319745 -0.2257512193 0.0004219511031)
(0.5520146494 -0.2664830966 0.06564247139)
(0.5539395132 -0.2652528368 0.0002397760979)
(0.6005253572 -0.3001905219 0.0003279159293)
(0.6267329564 -0.2609055329 0.05837363015)
(0.6306642109 -0.2568524316 0.0006333638196)
(0.5980396173 -0.3026522993 0.05935809276)
(0.4625628003 -0.3743035647 6.08062635e-05)
(0.5354291465 -0.4174315562 0.05830733281)
(0.5359668737 -0.4163853891 0.0001030078284)
(0.5097404624 -0.3154216496 0.06711107267)
(0.5108237397 -0.3144957479 0.0001327335513)
(0.568773301 -0.3528803643 0.0001726195344)
(0.5674248751 -0.3542716373 0.05956192219)
(0.5725163256 -0.1179505325 -0.06878671452)
(0.602355786 -0.1588577386 -0.0007246316384)
(0.5802996749 -0.1176574078 -0.0007376152792)
(0.6227862328 -0.100841986 -0.001816707298)
(0.6266720509 -0.1360362662 -0.06237128688)
(0.6408513158 -0.1369222486 -0.00179781693)
(0.6089384958 -0.1005808688 -0.06512581174)
(0.6547279358 -0.05334831887 -0.00296574421)
(0.6280905852 -0.04255677149 -0.05980498443)
(0.6183680295 -0.01829265153 -0.06437736103)
(0.7094828626 -0.0199559349 -0.0006242760324)
(0.7141367305 -0.04616398403 -0.0006434277323)
(0.6486893531 -0.01916465744 -0.002939086076)
(0.6240911656 -0.05231736607 -0.06338521717)
(0.5563801179 -0.07298871403 -0.07132113916)
(0.55558536 -0.02461511574 -0.0007279818512)
(0.5640932485 -0.07272689796 -0.0007342824984)
(0.6096532906 -0.06183477242 -0.00180831184)
(0.589226324 -0.02111447667 -0.06836138147)
(0.6025379713 -0.0211378771 -0.001797453123)
(0.596181163 -0.06188079898 -0.06715594864)
(0.6656877534 -0.08851492581 0.003014104357)
(0.7365923885 -0.105244292 0.0006110643266)
(0.6484279278 -0.1155044407 0.05938797991)
(0.635920113 -0.07270218623 0.05844910466)
(0.6809423147 -0.1191039034 0.003021215432)
(0.7242188745 -0.08164158411 0.0006521699271)
(0.6340353416 -0.08573799796 0.06177055292)
(0.6023602915 -0.1588506766 0.0007300478701)
(0.5725028315 -0.1179742464 0.06878547811)
(0.5802962997 -0.117663634 0.000737631181)
(0.6227897609 -0.1008468119 0.001819068949)
(0.626713646 -0.1360341358 0.06236937762)
(0.640863167 -0.1369208732 0.001801467959)
(0.6089480968 -0.100598367 0.06512592394)
(0.6547304636 -0.05334725254 0.00296503161)
(0.7094828986 -0.01995082596 0.0006252479713)
(0.6280987434 -0.04255192757 0.05980377027)
(0.6183656138 -0.01828069612 0.06437710717)
(0.7141369032 -0.04616181188 0.0006400078892)
(0.6486894076 -0.01916073221 0.002939208714)
(0.6240980543 -0.05231407857 0.06338599145)
(0.5555902118 -0.0246109887 0.0007303286718)
(0.5563982046 -0.07298256621 0.0713192014)
(0.5640990979 -0.07272407721 0.0007345141544)
(0.6096556728 -0.06183654956 0.001806574804)
(0.589233973 -0.02110263584 0.06836072559)
(0.6025406352 -0.02113416764 0.00179791441)
(0.59618783 -0.06188720472 0.067154722)
(1.058293892 -0.3275599448 0.01005134321)
(0.9905183971 -0.337226582 0.007145054523)
(1.121236665 -0.375490932 -0.003553345067)
(1.136341459 -0.3569484087 -0.004764929341)
(1.140272862 -0.3841542896 0.0006713453512)
(1.158171029 -0.3668329334 -0.0009772100445)
(0.9876829935 -0.3118128351 0.007725187518)
(1.121245644 -0.3754882311 0.003557622053)
(1.058322378 -0.3275535578 -0.01005204412)
(0.9905510808 -0.3372282378 -0.007148510905)
(1.136348581 -0.3569454354 0.004767808027)
(1.140280886 -0.3841535084 -0.0006676881693)
(1.158178358 -0.3668319532 0.0009802292331)
(0.9876997918 -0.3118085996 -0.007727753913)
(1.331586284 -0.1323266711 0.05072008926)
(1.300281351 -0.1252347889 -0.0001299713532)
(1.33146121 -0.1302847243 -0.000111420715)
(1.300290986 -0.1252291723 0.0001355183005)
(1.331617571 -0.1323007946 -0.05071880222)
(1.331466757 -0.1302709634 0.0001141259567)
(0.7642600122 -0.2722610036 -0.03951404645)
(0.7115477169 -0.2321026097 -0.04304979748)
(0.7748422027 -0.2807755106 -0.003246676293)
(0.806897601 -0.2920145259 -0.003010820217)
(0.8161918364 -0.260624089 -0.0006951033756)
(0.8426111554 -0.2698644618 -0.0009157917136)
(0.7369971148 -0.2382998406 -0.03900082484)
(0.7748353791 -0.2807726154 0.003243224842)
(0.7642438609 -0.2722713624 0.03951511439)
(0.7115232552 -0.2320976031 0.04304836803)
(0.8068883602 -0.2920182739 0.003007659459)
(0.8161779612 -0.2606280132 0.0006922559215)
(0.8425968272 -0.2698712038 0.0009138455559)
(0.7369631777 -0.2383131784 0.03900146748)
(0.2080519176 -0.2044209327 0.009565383161)
(0.1200907389 -0.1189771998 0.006241977718)
(0.03963829774 -0.03969573941 0.003519136276)
(0.2080547711 -0.2044249342 -0.009565851277)
(0.1200933688 -0.1189801478 -0.00624240692)
(0.03963945867 -0.03969699647 -0.003519436467)
(-0.01136176636 -0.01207736931 0.03258690108)
(-0.006886967258 -0.007004419726 0.02125147545)
(-0.002160829309 -0.002540606306 0.01206707659)
(-0.01130216212 -0.01202164754 -0.03258748528)
(-0.006852918773 -0.006972351653 -0.02125203396)
(-0.002149503833 -0.002529728803 -0.0120676234)
(0.2122315312 -0.05829234012 -0.0001896455133)
(0.1187202555 -0.03191475701 -0.0001730384993)
(0.03814178811 -0.009669226372 -0.0001714710925)
(0.2122266695 -0.05873662619 0.04642304366)
(0.1187452606 -0.03202019669 0.02930001026)
(0.03795511484 -0.01043203729 0.01673192308)
(0.08395039011 0.005676414979 -0.0001794633098)
(0.04422292416 0.003985041369 -0.0001696560978)
(0.01321102995 0.001922876495 -0.0001627830908)
(0.1234872078 0.003709455262 0.04964422915)
(0.06736093022 0.003734276658 0.03205526214)
(0.02108250303 0.001176543188 0.01836919435)
(0.1236275452 0.00395626114 -0.0001133568498)
(0.06745796312 0.003784489508 -0.0001349106057)
(0.02104419518 0.00204648642 -0.0001487318942)
(0.08379528569 0.005340843314 0.04546887147)
(0.04411288629 0.003873528441 0.02895676949)
(0.01326096181 0.001123009434 0.01655692774)
(0.2074740931 -0.2038152333 -6.130243797e-06)
(0.1196158635 -0.1185084042 -1.645967613e-05)
(0.03954594573 -0.03937102721 -2.313345554e-05)
(-0.01120477004 -0.01547605572 0.0336231504)
(-0.006487988485 -0.008714406445 0.0209740958)
(-0.00191452545 -0.002982311766 0.01194985107)
(-0.01135181527 -0.01542579177 -0.0001127578833)
(-0.00651923172 -0.008725158314 -0.0001110366874)
(-0.002359876849 -0.002653143451 -0.0001127295626)
(0.03496155923 -0.1048629156 0.0001707565529)
(0.01880674814 -0.06272299906 0.0001628026603)
(0.005461642147 -0.02147133348 0.0001607033145)
(0.03542159841 -0.1052554378 -0.04684510802)
(0.01900293858 -0.06300301961 -0.02958077517)
(0.006288434318 -0.02137958915 -0.01696288277)
(-0.01102365243 -0.03106186175 0.02934837937)
(-0.006402201029 -0.0177944763 0.01969875101)
(-0.001855492004 -0.005924461129 0.01117616146)
(0.2302482773 -0.1763616659 -0.02091170375)
(0.133113914 -0.1017412192 -0.0133225449)
(0.04385098847 -0.03372548332 -0.007623124674)
(0.2301007813 -0.1756947287 0.0001287888392)
(0.1329169848 -0.1014335406 0.0001085606048)
(0.04396865472 -0.03334516369 9.68324566e-05)
(0.235583942 -0.1543577054 -0.03031275373)
(0.1351912877 -0.08865640649 -0.02046816704)
(0.04425123705 -0.02924261096 -0.01164503572)
(0.2356741751 -0.1544100195 1.576502017e-05)
(0.1351154738 -0.08869573373 5.350310395e-05)
(0.04449548561 -0.02877704072 7.55952868e-05)
(0.1931418451 -0.02861766223 -8.609419214e-05)
(0.1074293502 -0.01441599233 -0.0001174304619)
(0.03424656081 -0.003850059769 -0.0001398769627)
(0.16313315 -0.01860207924 0.04696900376)
(0.08998178116 -0.009069822531 0.03016877518)
(0.0283576657 -0.002887771353 0.01723498122)
(0.1631946929 -0.01826476394 -0.0001932104093)
(0.08999677704 -0.008965269451 -0.0001808481312)
(0.02842706539 -0.002056697771 -0.0001718707304)
(0.1930005088 -0.02881530018 0.05020116504)
(0.1073719313 -0.01443406081 0.03234747308)
(0.03412500012 -0.004713316905 0.01854174125)
(0.2122285522 -0.05829115001 0.0001875490282)
(0.1187185399 -0.03191419052 0.0001716518877)
(0.03814120201 -0.009669090061 0.0001706583107)
(0.2122190993 -0.05873285538 -0.04642097165)
(0.1187407406 -0.03201841065 -0.0292985921)
(0.03795357786 -0.0104315068 -0.0167311088)
(0.1931410903 -0.02861731554 8.413299073e-05)
(0.1074290011 -0.01441585613 0.0001161465594)
(0.0342464693 -0.003850072485 0.0001391317452)
(0.1631312686 -0.01860116394 -0.04696709788)
(0.08998065372 -0.009069444125 -0.03016747311)
(0.02835726954 -0.002887672749 -0.01723422776)
(0.16319378 -0.0182646205 0.0001912453675)
(0.08999617458 -0.008965207811 0.0001795636448)
(0.02842682979 -0.002056710602 0.0001711283133)
(0.192998675 -0.02881393049 -0.05019922678)
(0.1073711249 -0.01443352948 -0.03234614736)
(0.03412483389 -0.00471321144 -0.01854098791)
(0.05575889602 0.01025083778 -0.00011975718)
(0.02869616257 0.006299030205 -0.000130229137)
(0.00832188942 0.002496749924 -0.000138369263)
(0.05562344461 0.01002466358 0.04510719663)
(0.02859515119 0.006228644027 0.02834744953)
(0.008478721651 0.001743891051 0.01622682313)
(0.08395045245 0.005676546112 0.0001776091574)
(0.04422299466 0.003985079796 0.0001684491161)
(0.01321105226 0.001922844253 0.0001620860957)
(0.123486424 0.003710403548 -0.04964230421)
(0.0673604559 0.003734633492 -0.03205394267)
(0.02108231534 0.001176620874 -0.01836842714)
(0.1236270639 0.003956436012 0.0001113730179)
(0.06745757499 0.003784538428 0.0001336166421)
(0.02104401502 0.002046454901 0.000147982685)
(0.08379586489 0.005341649006 -0.04546699016)
(0.04411330944 0.003873834564 -0.02895549179)
(0.01326113731 0.001123085001 -0.01655620043)
(0.05575937819 0.01025102441 0.0001177475248)
(0.02869648486 0.006299132927 0.0001289506518)
(0.008322006255 0.002496745535 0.0001376305351)
(0.05562498756 0.01002559648 -0.04510524412)
(0.02859625868 0.006229146163 -0.02834617855)
(0.008479160923 0.001744064058 -0.01622610992)
(0.02393812164 0.006076953576 -0.03746447156)
(0.01138279099 0.003514610361 -0.02527088041)
(0.003128191347 0.0007757554589 -0.01436830329)
(-0.007789455826 -0.007066172313 0.03573019972)
(-0.005111240138 -0.004204033079 0.02232020738)
(-0.00167364033 -0.001690174265 0.01272121698)
(-0.007836906731 -0.006810384448 -0.0001388813931)
(-0.005075002439 -0.004112065735 -0.0001301709402)
(-0.002008704467 -0.001194762773 -0.0001271545008)
(-0.004455912541 -0.004531756279 -0.03375697421)
(-0.003674064228 -0.00277069621 -0.02286159285)
(-0.001370926412 -0.001249162264 -0.01298522667)
(-0.007793643327 -0.007057521469 -0.03572929595)
(-0.005110144425 -0.004198568679 -0.02231856147)
(-0.001672213146 -0.001688258464 -0.01271964879)
(-0.00783688011 -0.006808327551 0.0001349144133)
(-0.005074101487 -0.004110706644 0.0001275887243)
(-0.002008080741 -0.00119433449 0.0001255982527)
(0.1338923317 -0.2008376958 2.870048781e-05)
(0.07744351719 -0.1170928526 4.059363323e-05)
(0.02541713695 -0.03912836962 4.259482302e-05)
(0.1521336222 -0.192489059 0.004085958525)
(0.08820302756 -0.113495993 0.00280509235)
(0.02931239875 -0.0380448712 0.001667529146)
(0.151539476 -0.192364952 -0.0001383360005)
(0.08785824382 -0.1133281279 -8.806521581e-05)
(0.02913117149 -0.03799896901 -5.988012258e-05)
(0.2074759621 -0.2038175053 6.91495211e-06)
(0.1196177792 -0.1185103321 1.704160428e-05)
(0.03954686117 -0.03937194282 2.346272271e-05)
(-0.01144290265 -0.01180046046 -0.0001415089914)
(-0.006848114961 -0.006913054798 -0.0001358835599)
(-0.002535702071 -0.002114665903 -0.0001274700332)
(-0.01142505619 -0.01178180808 0.0001432832104)
(-0.006837692331 -0.006902269489 0.0001370005139)
(-0.002532248771 -0.002111053448 0.0001281307493)
(0.01538556642 -0.06830081993 0.0001514163953)
(0.007023460665 -0.04017790862 0.0001592111734)
(0.001383307022 -0.01355192541 0.0001643406387)
(0.009234079773 -0.02338237605 -0.05212415443)
(0.00333181365 -0.01358522466 -0.03350689463)
(0.0009990740133 -0.004447481882 -0.01916002097)
(0.008847549152 -0.02324750684 0.0001840287072)
(0.003216116721 -0.01348131957 0.0001830546516)
(7.511627104e-05 -0.004483140364 0.0001800210111)
(0.01572703617 -0.06847870728 -0.05079719081)
(0.00712529558 -0.04031704247 -0.03253308659)
(0.002277250198 -0.01350498436 -0.01863989276)
(0.03496123498 -0.1048609535 -0.0001700942646)
(0.01880653997 -0.06272182337 -0.0001623690615)
(0.00546157725 -0.02147093385 -0.0001604492645)
(0.03542022576 -0.1052504725 0.04684460208)
(0.01900215911 -0.06299996703 0.0295804046)
(0.006288168107 -0.02137852309 0.01696268403)
(0.01538535308 -0.06829937234 -0.0001505017391)
(0.007023342469 -0.04017703184 -0.0001586119496)
(0.001383289678 -0.01355161951 -0.0001639932028)
(0.009232924791 -0.02338049217 0.05212305015)
(0.003331343147 -0.01358401812 0.03350609837)
(0.0009989671379 -0.004447038978 0.01915955266)
(0.008847350608 -0.02324681956 -0.000182820927)
(0.003216036498 -0.01348088009 -0.000182262404)
(7.512034591e-05 -0.004482978276 -0.0001795601568)
(0.01572601693 -0.06847494404 0.05079631407)
(0.007124806675 -0.0403147096 0.03253244649)
(0.002277104516 -0.01350415874 0.01863953108)
(-0.01102593923 -0.03106817154 -0.02934832503)
(-0.00640355342 -0.01779860795 -0.01969899842)
(-0.001855988608 -0.00592597684 -0.0111765268)
(0.2531783991 -0.121150601 0.04030174384)
(0.1447261754 -0.06824611105 0.02589020767)
(0.04720502521 -0.02244106245 0.01482899461)
(0.235583499 -0.1543557388 0.03031189688)
(0.1351905618 -0.08865514974 0.02046753696)
(0.04425075904 -0.02924206102 0.01164452509)
(0.2531600519 -0.1211449014 -0.04030536668)
(0.1447136878 -0.06824124266 -0.02589151966)
(0.04720002912 -0.0224389695 -0.01482920456)
(0.2238035041 -0.085118729 0.0456536644)
(0.1253265583 -0.04698160793 0.03074491318)
(0.03999547958 -0.01510450574 0.01755218266)
(0.2237935824 -0.0851146236 -0.04565191401)
(0.1253211875 -0.04697961729 -0.03074403262)
(0.03999381641 -0.01510399628 -0.01755199212)
(0.02394186588 0.006078794272 0.03746730617)
(0.01138470658 0.003515639994 0.02527243721)
(0.00312878224 0.0007760358828 0.01436889714)
(0.012821544 0.003370290408 0.03928239656)
(0.005702511307 0.001937238624 0.02483663144)
(0.001535832915 0.0002712753686 0.01417571685)
(0.01281056115 0.003364664948 -0.03928325743)
(0.005695481771 0.001934050213 -0.02483631736)
(0.001533303659 0.0002701611293 -0.01417502593)
(0.1339910646 -0.2010402443 -0.01369348279)
(0.07752716828 -0.1172949921 -0.009208314571)
(0.02567329245 -0.03908650662 -0.005255722746)
(0.08870287809 -0.1765501555 -0.02804763686)
(0.05083698206 -0.1049542681 -0.0180621176)
(0.0170141022 -0.03543094487 -0.01040042154)
(0.1339913649 -0.2010402983 0.01369320401)
(0.07752776541 -0.1172955823 0.009208100493)
(0.0256736941 -0.0390869159 0.005255649809)
(0.08870186941 -0.1765439729 0.02804994064)
(0.05083557551 -0.1049496105 0.01806281967)
(0.01701339209 -0.03542885824 0.01040041919)
(-0.01170560332 -0.0196358632 0.03055557078)
(-0.006886173764 -0.01097779669 0.02068854423)
(-0.002051620673 -0.003677216534 0.01175108716)
(-0.01250262369 -0.02870236961 0.0322718722)
(-0.007276573628 -0.01622070482 0.02031174831)
(-0.002177721593 -0.005368845919 0.01157676031)
(-0.01250620715 -0.02870920435 -0.03227575463)
(-0.007278965628 -0.01622511351 -0.0203134862)
(-0.00217855656 -0.005370470247 -0.0115773278)
(0.06083365936 -0.1530889414 -0.03575338726)
(0.03432597496 -0.08994632659 -0.02414140279)
(0.0113466047 -0.0300628408 -0.01379457388)
(0.06083332206 -0.1530863102 0.03575251558)
(0.03432613338 -0.08994539619 0.02414102011)
(0.01134680974 -0.03006273483 0.01379459306)
(0.2302585653 -0.1763684602 0.02090947716)
(0.1331215248 -0.1017466942 0.01332173046)
(0.04385426603 -0.03372791238 0.007623001214)
(0.1521384392 -0.1924964447 -0.004086056065)
(0.0882069511 -0.1135016199 -0.002805307839)
(0.02931421249 -0.03804733921 -0.001667734135)
(0.2301087196 -0.1757001186 -0.0001282069376)
(0.132923253 -0.1014379595 -0.0001082334353)
(0.0439715747 -0.03334728315 -9.665482226e-05)
(0.1515438608 -0.1923710622 0.0001386549522)
(0.0878618533 -0.1133330514 8.830992047e-05)
(0.02913292115 -0.03800131514 6.002635141e-05)
(-0.004442335745 -0.00452568009 0.03376083885)
(-0.003666143376 -0.002766580682 0.02286405987)
(-0.001368220854 -0.001247571781 0.01298644761)
(-0.004582848511 -0.004264162803 -0.0001661098187)
(-0.003683329516 -0.002717299419 -0.0001587939018)
(-0.001703101641 -0.0007272258266 -0.0001429627955)
(-0.01133839755 -0.03101001617 -0.0001477158275)
(-0.006466723552 -0.01779991511 -0.0001389331645)
(-0.002357504732 -0.005750857218 -0.0001257787111)
(0.2530875016 -0.1205739795 -0.0001755029408)
(0.1445955257 -0.06803775591 -0.0001592069477)
(0.04743057646 -0.02176037797 -0.0001549505325)
(0.2356740316 -0.1544089573 -1.431802513e-05)
(0.1351147627 -0.08869473902 -5.26289372e-05)
(0.04449500048 -0.02877654197 -7.511134359e-05)
(0.2530758725 -0.12057034 0.0001759383779)
(0.1445870668 -0.06803460553 0.000159403403)
(0.04742695408 -0.02175891802 0.0001550581097)
(0.2240963556 -0.08517286503 -4.456166866e-05)
(0.1254168409 -0.04709100841 -9.16078383e-05)
(0.04029186922 -0.01435666495 -0.0001197527611)
(0.2240928925 -0.08517155902 4.452130084e-05)
(0.1254155004 -0.04709059396 9.145688237e-05)
(0.04029165758 -0.01435672179 0.0001196386498)
(0.02405338814 0.006493588031 -0.0001923737449)
(0.01149764258 0.003635762379 -0.0001797144215)
(0.002945248575 0.001443362644 -0.0001606276541)
(0.02405196783 0.006492971189 0.0001909347686)
(0.01149698048 0.003635475528 0.0001787136753)
(0.002945072162 0.001443269662 0.0001600562534)
(0.01291299816 0.003600041283 -0.0001115437392)
(0.005799866059 0.002012210738 -0.0001196039509)
(0.001296700678 0.0008952288597 -0.0001248262896)
(0.01290882472 0.00359777971 0.0001093262787)
(0.005797203933 0.002010887184 0.000118247599)
(0.001295754545 0.0008947326864 0.0001240515264)
(-0.004586661208 -0.004266132178 0.0001629552756)
(-0.003685620271 -0.002718581484 0.0001566054015)
(-0.001703845101 -0.0007277603752 0.0001416967076)
(0.08811747378 -0.1761962789 0.0001621520796)
(0.05053732951 -0.1046588476 0.0001350148612)
(0.01647194367 -0.03550582965 0.0001201104497)
(0.1338929185 -0.2008380506 -2.870629368e-05)
(0.07744426643 -0.1170935668 -4.049154722e-05)
(0.02541761706 -0.03912884227 -4.250658834e-05)
(0.08811641073 -0.176190996 -0.0001622014242)
(0.05053619534 -0.1046546745 -0.0001349194067)
(0.01647134264 -0.03550386522 -0.0001200239172)
(-0.01120646343 -0.01549227805 -0.03362905949)
(-0.006489398092 -0.008720952345 -0.02097704315)
(-0.001915186619 -0.002983718326 -0.01195110399)
(-0.01135205083 -0.01542899683 0.0001157805153)
(-0.006519273895 -0.008726114278 0.00011303713)
(-0.002359916106 -0.002653125753 0.0001139567193)
(-0.01171400613 -0.01965075256 -0.03055828826)
(-0.006891113962 -0.0109866407 -0.02069054049)
(-0.002053360776 -0.00368027345 -0.01175240388)
(-0.01197870937 -0.01952385838 0.0001513050448)
(-0.006941838823 -0.01096797871 0.0001439685845)
(-0.0025229277 -0.003374739658 0.0001299031123)
(-0.01197572038 -0.01951945345 -0.0001480833837)
(-0.006940096451 -0.0109652801 -0.00014178999)
(-0.002522285626 -0.003373868016 -0.0001286507421)
(-0.01264571537 -0.02865239448 -0.0001041259561)
(-0.007292072901 -0.01621851702 -0.0001058418668)
(-0.002663729189 -0.005142194629 -0.0001079320102)
(-0.0126468873 -0.02865442445 0.0001054174746)
(-0.007292753839 -0.01621970453 0.0001067013355)
(-0.002663966216 -0.005142567161 0.0001084231726)
(0.06065346816 -0.1529468486 9.184614597e-05)
(0.03427679157 -0.08978432953 0.0001111294073)
(0.0107095874 -0.03020824351 0.0001161127836)
(0.06065384008 -0.1529463339 -9.224242306e-05)
(0.03427733168 -0.08978459592 -0.0001112526131)
(0.01070993848 -0.03020854728 -0.0001161468556)
(-0.01133942132 -0.03101252365 0.0001487415165)
(-0.00646738539 -0.01780157943 0.0001396229251)
(-0.002357777158 -0.005751486526 0.0001261753649)
)
;

boundaryField
{
    inlet
    {
        type            fixedValue;
        value           uniform (1 0 0);
    }
    outlet
    {
        type            zeroGradient;
    }
    topAndBottom
    {
        type            symmetry;
    }
    frontAndBack
    {
        type            empty;
    }
    cylinder
    {
        type            noSlip;
    }
    procBoundary0to1
    {
        type            processor;
        value           nonuniform List<vector> 
116
(
(1.070011361 -0.001134166882 -8.337616412e-23)
(1.070632463 -0.003411783834 -3.230681064e-23)
(1.071882681 -0.005714235479 0)
(1.073785464 -0.008066920948 -2.704330539e-23)
(1.07637594 -0.01049083592 -2.431699176e-23)
(1.079702636 -0.01301444483 -5.54106271e-23)
(1.083829589 -0.01567146744 0)
(1.088841413 -0.01850426193 4.357658779e-23)
(1.094847007 -0.02156513212 -1.447637674e-22)
(1.101980271 -0.02492017515 4.874463482e-23)
(1.110412598 -0.02865454845 0)
(1.120365427 -0.03287136422 0)
(1.132115659 -0.03770596313 -8.379975792e-23)
(1.146020785 -0.04332045547 8.372731261e-23)
(1.162533532 -0.04991898772 0)
(1.182235972 -0.05766487632 4.318375769e-22)
(1.205922615 -0.06700546629 -5.487727268e-22)
(1.23452399 -0.07804587421 4.33059653e-21)
(1.268682337 -0.08994915541 1.629155934e-06)
(1.308964303 -0.1067062798 2.610002046e-06)
(1.308964303 -0.1067062798 2.610002046e-06)
(1.308964303 -0.1067062798 2.610002046e-06)
(1.308964303 -0.1067062798 2.610002046e-06)
(1.308964303 -0.1067062798 2.610002046e-06)
(1.308964303 -0.1067062798 2.610002046e-06)
(1.340484768 -0.1017813665 0.0286286328)
(1.329012978 -0.1164988496 -0.0001026482406)
(1.330766984 -0.1188291783 0.05127457301)
(0.382465808 -0.0263884307 0.06233934774)
(0.3825310945 -0.02636676304 -0.06234008838)
(-0.0364001916 -0.09089612274 7.168355361e-05)
(-0.0364001916 -0.09089612274 7.168355361e-05)
(-0.03629044095 -0.09085291385 0.06453807042)
(-0.009117771761 -0.1132395923 0.06380179812)
(-0.03629044095 -0.09085291385 0.06453807042)
(-0.009243305353 -0.1132085264 5.432055547e-08)
(-0.02114868405 -0.06153017341 0.05329131881)
(-0.02170046667 -0.06151851778 -0.0001434199205)
(-0.03524513591 -0.08466338377 -5.042724143e-06)
(-0.03545336351 -0.08478376684 0.06352977527)
(-0.03240026037 -0.07819099504 0.06271574899)
(-0.03259465245 -0.07816357738 7.49251326e-05)
(-0.03641382686 -0.09091107171 -6.612418277e-05)
(-0.03641382686 -0.09091107171 -6.612418277e-05)
(-0.03633103912 -0.09090787219 -0.06454385466)
(-0.009213864932 -0.1132651443 -0.06380808915)
(-0.03633103912 -0.09090787219 -0.06454385466)
(-0.009272116887 -0.1132141637 1.005566026e-06)
(-0.03525687829 -0.084673159 9.196814849e-06)
(-0.03548450137 -0.08481309023 -0.06353400329)
(-0.03240561285 -0.07820748121 -0.06272010707)
(-0.0325974947 -0.07817029728 -7.276204851e-05)
(-0.02115432686 -0.06154046974 -0.05329188429)
(-0.02170212461 -0.06152224936 0.0001454084279)
(0.6077900596 -0.03332506749 0.06120123664)
(1.198753718 -0.09840684319 -0.05552530666)
(0.6078707678 -0.03331531233 -0.06120646307)
(0.3825584724 -0.02644274834 -3.705623307e-06)
(0.3825584724 -0.02644274834 -3.705623307e-06)
(0.2150997526 -0.04454126076 -8.774017904e-07)
(0.382465808 -0.0263884307 0.06233934774)
(0.2150680796 -0.04450870322 0.06261442179)
(0.028143194 -0.09138426886 0.06367619044)
(0.02809505457 -0.09139609906 2.068308129e-05)
(0.09781405191 -0.06613600507 3.215642006e-06)
(0.09776983898 -0.06615894701 0.06324377577)
(0.3825805232 -0.02643664834 1.143719962e-05)
(0.3825805232 -0.02643664834 1.143719962e-05)
(0.2150950203 -0.04454206672 2.96850176e-06)
(0.3825310945 -0.02636676304 -0.06234008838)
(0.21505376 -0.04451141552 -0.06261671401)
(0.02810685484 -0.09139087076 -0.06367349216)
(0.02808336239 -0.09139596892 -8.916360279e-06)
(0.09781831975 -0.06612774172 5.60171535e-07)
(0.09778824235 -0.06612755718 -0.06324752582)
(1.288621335 -0.1112493182 0.05454842052)
(1.340470435 -0.1017641276 -0.028631453)
(1.32901436 -0.1164819091 0.0001019014826)
(1.330776135 -0.1187922788 -0.05127219172)
(1.288629942 -0.1112376353 -0.05454642118)
(1.049847977 -0.0752012519 -1.225932484e-05)
(1.049847977 -0.0752012519 -1.225932484e-05)
(1.049960633 -0.07518131085 0.0579821387)
(1.177170454 -0.08625505457 0.05570942678)
(1.288621335 -0.1112493182 0.05454842052)
(1.049960633 -0.07518131085 0.0579821387)
(1.176989813 -0.08466509745 -7.223504179e-05)
(1.198635038 -0.09835320302 5.533393195e-05)
(1.287136543 -0.1110219002 -4.609213593e-05)
(0.6078453475 -0.03341687967 -1.243426173e-05)
(0.8438704168 -0.05150731245 -1.076273786e-05)
(0.8438859246 -0.05138487058 0.05986773421)
(1.049851647 -0.07520556394 1.410668233e-05)
(1.198635038 -0.09835320302 5.533393195e-05)
(1.049969905 -0.07519897164 -0.05798397513)
(0.6078722807 -0.03341639613 1.586835369e-05)
(0.8438895677 -0.05151580647 1.139807678e-05)
(0.8439316423 -0.05140854291 -0.0598736282)
(1.330766984 -0.1188291783 0.05127457301)
(1.287136543 -0.1110219002 -4.609213593e-05)
(1.329012978 -0.1164988496 -0.0001026482406)
(1.287136641 -0.1110146896 4.830487832e-05)
(1.330776135 -0.1187922788 -0.05127219172)
(1.32901436 -0.1164819091 0.0001019014826)
(-0.008668878543 -0.02989646606 0.03019642893)
(-0.004828582463 -0.01737399428 0.01876584968)
(-0.001309659938 -0.005847179152 0.01067939162)
(-0.00867085382 -0.02990166998 -0.03019661707)
(-0.00482968168 -0.01737737513 -0.01876592749)
(-0.00131002453 -0.005848436238 -0.01067944097)
(-0.008828465167 -0.02979822213 -0.0001130541019)
(-0.004849954453 -0.01732100287 -0.0001083643902)
(-0.001786705887 -0.005697111796 -0.000106177328)
(-0.008829009968 -0.02980001716 0.0001132218662)
(-0.004850273384 -0.01732213369 0.0001084604751)
(-0.001786806014 -0.005697506921 0.0001062289735)
)
;
    }
    procBoundary0to2
    {
        type            processor;
        value           nonuniform List<vector> 
75
(
(0.9999577124 9.728469757e-05 7.357777983e-25)
(0.9995985088 0.0002935178957 2.42979661e-23)
(0.998837929 0.0004965467246 -1.480765761e-24)
(0.9976417299 0.0007127680141 -2.706153241e-23)
(0.9959973674 0.0009492145715 -1.526948902e-23)
(0.9938668338 0.001214042081 6.080734519e-24)
(0.9911827022 0.001517334638 6.151279135e-24)
(0.9878547345 0.001872039893 -7.00728908e-24)
(0.9837669575 0.002295232585 5.525346186e-23)
(0.9787662973 0.002809995681 -2.893326539e-23)
(0.9726469896 0.003448318172 -1.559064909e-23)
(0.9651301863 0.004255684602 -1.672363332e-23)
(0.9558315239 0.005298421315 -8.993325161e-23)
(0.9442171014 0.006676397261 7.204555923e-23)
(0.9295049997 0.008543197126 -6.346446646e-23)
(0.9106132983 0.01115014758 8.872399557e-23)
(0.88563798 0.01490614537 -9.100225334e-22)
(0.8526744098 0.02065815984 1.92484832e-21)
(0.804128433 0.02950069918 -4.230570024e-07)
(0.754080561 0.0240862609 -0.02875062633)
(0.6238352503 0.01688047876 -0.06054799483)
(0.4978380406 0.02923215784 -0.07759259068)
(0.1695412764 0.05882923917 -0.09832662808)
(0.1695432371 0.05882715288 0.09832448879)
(0.2740708532 0.05108753554 -0.093468879)
(0.4978378343 0.02922493155 0.07759183635)
(0.2740809978 0.05108900653 0.09346669912)
(0.170172196 0.05859263187 -0.0001914958729)
(0.04500002567 0.05463061909 -0.09847644024)
(0.04470478287 0.05438145214 6.781252654e-05)
(0.1701730797 0.05859172288 0.0001944917107)
(0.04499645284 0.05462825323 0.09847492412)
(0.04470411375 0.05438064995 -6.55005516e-05)
(0.5479186787 0.02471223709 -0.07276580958)
(0.6238304077 0.01687014931 0.06054912794)
(0.5479326522 0.02470314896 0.0727644991)
(0.4371044072 0.03494103 -0.08275360757)
(0.5017429435 0.02911688184 -0.0003238179077)
(0.4390063501 0.03483516972 -0.0001723682234)
(0.2743848067 0.05096089691 -9.067301081e-05)
(0.3635941855 0.04219947411 -0.08815484477)
(0.3645897406 0.04209038396 -0.0001058810759)
(0.501743312 0.02911501656 0.0003259587261)
(0.4371010502 0.03493905603 0.08275263016)
(0.4390058518 0.03483447807 0.0001730922573)
(0.2743885045 0.0509609665 9.27452516e-05)
(0.3635993247 0.04220057776 0.08815328885)
(0.3645918563 0.04209048472 0.0001071492456)
(0.7062223911 0.02688152983 -0.03146483771)
(0.7540868373 0.0240888776 0.02875051123)
(0.7062235894 0.02688685632 0.03146477793)
(0.6183615211 0.01827871124 -0.06437751859)
(0.7094735621 0.01994535386 -0.0006242118493)
(0.6486819587 0.01915240357 -0.00293897964)
(0.555579367 0.02459460779 -0.0007279407366)
(0.5892203886 0.02109750664 -0.06836158219)
(0.6025316423 0.02112271574 -0.001797375983)
(0.7094735536 0.01994398567 0.0006252871703)
(0.618359025 0.01827252786 0.06437714681)
(0.6486819484 0.01915101196 0.002939201072)
(0.5555840865 0.02459210205 0.0007303632619)
(0.5892278471 0.021090545 0.06836081616)
(0.6025342263 0.02112102079 0.001797932011)
(0.009229429541 0.02334786854 -0.05212525132)
(0.003329093758 0.01356481492 -0.03350759542)
(0.0009981837268 0.004440621255 -0.01916038089)
(0.008842899673 0.02321324898 0.0001840469987)
(0.003213410165 0.01346108345 0.0001830689276)
(7.420993245e-05 0.004476286854 0.0001800308869)
(0.009228297327 0.02334630805 0.05212410845)
(0.003328640911 0.0135638133 0.03350677161)
(0.0009980822028 0.004440252623 0.01915989624)
(0.008842707218 0.02321269836 -0.0001828264855)
(0.003213335636 0.01346073043 -0.0001822677568)
(7.421667109e-05 0.004476156068 -0.000179564708)
)
;
    }
}


// ************************************************************************* //
