/*--------------------------------*- C++ -*----------------------------------*\
| =========                 |                                                 |
| \\      /  F ield         | OpenFOAM: The Open Source CFD Toolbox           |
|  \\    /   O peration     | Version:                                        |
|   \\  /    A nd           | Website:  www.openfoam.com                      |
|    \\/     M anipulation  |                                                 |
\*---------------------------------------------------------------------------*/
FoamFile
{
    version     2.0;
    format      ascii;
    class       volVectorField;
    location    "2.2";
    object      U;
}
// * * * * * * * * * * * * * * * * * * * * * * * * * * * * * * * * * * * * * //

dimensions      [0 1 -1 0 0 0 0];


internalField   nonuniform List<vector> 
2429
(
(0.9999612308 8.917057587e-05 7.824208025e-25)
(0.9996327753 0.0002684051757 2.58390354e-23)
(0.9989384116 0.0004534186173 -1.573425126e-24)
(0.9978476243 0.0006502794039 -2.869422179e-23)
(0.9963494479 0.0008650062531 -1.615669208e-23)
(0.9944112911 0.001104176019 6.436671054e-24)
(0.9919753015 0.001378759449 6.501757294e-24)
(0.988954333 0.001709843329 -7.292358108e-24)
(0.9852096769 0.002129709266 5.759486209e-23)
(0.9805305741 0.002673060384 -3.001125657e-23)
(0.9746419366 0.003364689159 -1.605261376e-23)
(0.9672353618 0.004219532892 -1.711535903e-23)
(0.9579782322 0.005264596458 -9.151710161e-23)
(0.9464636139 0.006575516038 7.330812787e-23)
(0.9320581975 0.008310560983 -6.392129984e-23)
(0.9137907206 0.01074957206 8.915864206e-23)
(0.8897919511 0.01433711377 -9.092655692e-22)
(0.8581395805 0.01995136657 1.917221326e-21)
(0.8111272605 0.02873419603 -4.205839465e-07)
(0.7623154047 0.02370256135 -0.02860841309)
(0.6320394206 0.01680969068 -0.06036984056)
(0.5067189418 0.02947358108 -0.07784089067)
(0.1737853528 0.06007675345 -0.09934920598)
(0.9999621821 0.0002647468418 -1.246995568e-23)
(0.9996434363 0.0007973151715 -1.256017095e-23)
(0.9989706261 0.001347090575 -1.001840781e-22)
(0.9979145586 0.001931823602 1.266366721e-22)
(0.9964657533 0.002569140741 0)
(0.9945945586 0.003278223787 -2.630187797e-23)
(0.9922478507 0.004091105334 1.066800113e-22)
(0.9893456311 0.005069632599 -1.095270026e-22)
(0.9857601901 0.006308531607 -2.291819327e-22)
(0.9812974771 0.007908877265 -1.142237008e-24)
(0.9757068438 0.0099405657 -1.223891064e-22)
(0.9687151848 0.01244101296 -2.688142698e-22)
(0.9600436665 0.01547809382 4.048105087e-22)
(0.9493715823 0.01925403026 1.452366584e-22)
(0.9362201135 0.02419898859 2.033120361e-23)
(0.9198691161 0.03106104333 0)
(0.8990006762 0.04099045719 8.370385818e-22)
(0.8722928456 0.05608652721 -2.940446434e-21)
(0.835000284 0.07912054362 3.270265201e-06)
(0.7896869592 0.09478240744 -0.0261843038)
(0.6692344095 0.1198543372 -0.05370482487)
(0.6009680327 0.2282355917 -0.06348096414)
(0.4233380532 0.450406813 -0.0654213427)
(0.9999645045 0.0004320264294 0)
(0.9996655928 0.001301517869 -1.9743939e-22)
(0.9990346406 0.002198331944 1.002711612e-22)
(0.998045693 0.00315049939 9.919678545e-23)
(0.9966922829 0.004185898042 -2.547071939e-22)
(0.994950189 0.005334524916 5.157260011e-23)
(0.9927750056 0.006646666062 -1.06926776e-22)
(0.9900998806 0.00822031957 2.205886334e-22)
(0.9868172347 0.01020565459 2.599953807e-24)
(0.9827633687 0.01276054467 2.3665633e-22)
(0.9777313694 0.01598717567 3.848219832e-24)
(0.9715098496 0.01992581361 0)
(0.9639110427 0.02465136395 1.961279345e-24)
(0.9547561995 0.03042980853 -2.844961028e-22)
(0.9438074769 0.03785182076 0)
(0.930729255 0.04793487917 -6.303547636e-22)
(0.9149824078 0.06214892098 -9.768922848e-22)
(0.8961814155 0.08308646174 2.107399904e-23)
(0.8735392932 0.113513279 -1.905505732e-06)
(0.8489772438 0.1642426773 -2.617452551e-06)
(0.8019464096 0.2088209267 -0.02303945736)
(0.7544566362 0.3078458192 -0.04144203536)
(0.7681472503 0.5228308505 -0.02745866555)
(0.7320131579 0.6165098463 0.0360628066)
(0.01762149725 0.06199411122 0.08047340763)
(0.9999678644 0.0005865537413 1.881860868e-22)
(0.9996970449 0.001766370059 3.985666523e-22)
(0.999125324 0.002981544454 0)
(0.9982311995 0.004268725394 -2.005776751e-22)
(0.99701216 0.005663796902 4.033042488e-22)
(0.9954510851 0.007204765137 0)
(0.9935149554 0.008956019686 2.068158402e-22)
(0.9911539318 0.01104494047 -1.571080657e-22)
(0.9882862414 0.01366692492 1.630583582e-24)
(0.9847866286 0.01702308708 -5.588079399e-23)
(0.9805022627 0.02123086529 0)
(0.9752954191 0.02630853222 0)
(0.9690819733 0.03229638921 0)
(0.9618403141 0.03945456014 0)
(0.9535857641 0.04839832911 0)
(0.9443807047 0.06021104689 2.896264916e-21)
(0.9343723815 0.07629876114 2.523427375e-21)
(0.92411809 0.09883537063 0)
(0.9146020561 0.1303492578 0)
(0.9091887682 0.1760177357 -5.740991049e-07)
(0.8940402773 0.2236212568 -0.01627323357)
(0.8286875986 0.2799411914 -0.02382891214)
(0.9603719724 0.4213167446 -0.008414178184)
(1.137471054 0.5244350401 0.02603050501)
(1.332829681 0.4558678369 0.0721684604)
(1.201982284 0.1867217929 0.09298440958)
(0.9954439689 0.01860772114 0.08438605082)
(0.9260726051 -0.04134299172 0.07474663331)
(0.9999720112 0.0007253368583 -1.88269401e-22)
(0.9997358239 0.002181259972 -2.010069992e-22)
(0.9992372732 0.003677671712 0)
(0.998459934 0.005258376071 -1.69583606e-22)
(0.9974054886 0.00696469455 -1.748002882e-22)
(0.9960647594 0.008839386986 1.488244334e-22)
(0.9944173804 0.01095619912 -4.956443777e-24)
(0.9924320763 0.01346422517 2.113548789e-22)
(0.9900549271 0.01659263541 0)
(0.9872017123 0.02057148112 0)
(0.9837755327 0.02551709279 0)
(0.9797109969 0.03140623959 0)
(0.9750208895 0.03820465237 9.335941722e-22)
(0.9698153371 0.04611490323 2.934713471e-21)
(0.9643110448 0.05565634636 -1.01353635e-21)
(0.9588402784 0.06776809958 -3.272057035e-21)
(0.9539709221 0.08362142791 1.03722521e-21)
(0.9506888749 0.1046633152 -2.220879556e-21)
(0.9509611931 0.1323952622 -7.451449871e-23)
(0.9576838652 0.1690953902 -5.351774641e-09)
(0.9798949293 0.2139082722 2.322302302e-09)
(0.9913674453 0.2599801692 -0.006541035547)
(1.055477836 0.3083529356 0.001089346636)
(1.146611749 0.350998991 0.01916112834)
(1.294382742 0.3149649295 0.04162997836)
(1.390994907 0.2115090056 0.0562582303)
(1.415728124 0.09193306509 0.0597254783)
(1.399974644 -0.01040524934 0.05810281419)
(0.999975771 0.0008434722832 -1.87767866e-22)
(0.9997770362 0.002535237142 -1.191289696e-23)
(0.999361747 0.004270460604 -1.2046638e-23)
(0.9987172431 0.006097115443 2.181818025e-22)
(0.997848424 0.008059459018 -1.917866159e-22)
(0.9967539737 0.01020199995 -1.987294036e-22)
(0.9954260976 0.01260319699 -3.980537066e-22)
(0.9938515368 0.01542621099 0)
(0.9920030157 0.01892269924 0)
(0.9898357629 0.02333979319 0)
(0.9873050114 0.0287786149 0)
(0.9844044665 0.03516536008 0)
(0.9812223019 0.04235915026 -1.793890029e-21)
(0.977951767 0.05044361262 -1.033103328e-21)
(0.9749187344 0.05983015824 5.254169738e-23)
(0.9725924658 0.07123456209 9.627440512e-22)
(0.9716950194 0.08551777884 -9.437375026e-22)
(0.9733163407 0.1034886509 9.460161638e-22)
(0.9792565175 0.1257052027 -1.402181615e-21)
(0.9919330923 0.1522270725 1.299077722e-21)
(1.016205158 0.1819620881 -8.324740612e-10)
(1.054764762 0.2077147647 2.342640325e-08)
(1.112779798 0.2199206099 -1.181087738e-07)
(1.161443838 0.2315358215 0.009568928268)
(1.234613091 0.200912352 0.0162845218)
(1.292318676 0.1404554346 0.02148052389)
(1.319231256 0.06684007515 0.02369612203)
(0.9999806848 0.0009387744624 1.819464179e-22)
(0.9998236012 0.002822052003 -5.848712565e-24)
(0.9994968245 0.004749829164 1.166841236e-23)
(0.9989927981 0.006771164078 0)
(0.9983196573 0.008930869532 1.917703576e-22)
(0.9974830565 0.0112725061 -9.419272444e-23)
(0.9964864045 0.01387510762 1.033041766e-22)
(0.995332258 0.0169089543 1.933811584e-22)
(0.9940160281 0.02063953701 8.771302943e-22)
(0.992528469 0.02532291959 2.049894237e-22)
(0.9908685481 0.03103269254 -1.220932749e-21)
(0.9890705352 0.03762413597 8.174654454e-22)
(0.9872621101 0.0448679641 2.50994558e-21)
(0.9856782256 0.05270776659 -1.683912238e-21)
(0.984681813 0.06142625187 4.756764863e-23)
(0.98477713 0.07155576012 -1.715797814e-21)
(0.9866457119 0.08366740468 4.177505086e-22)
(0.991235047 0.09812059314 0)
(0.99989192 0.1148654869 -6.393170709e-22)
(1.014335422 0.1331840761 6.37627382e-22)
(1.036840364 0.1514544498 -1.522094635e-22)
(1.069113987 0.16539002 3.949917039e-22)
(1.111084512 0.1694041089 3.52537408e-07)
(1.157296447 0.1562563303 -6.246874634e-07)
(1.199497449 0.1273586997 1.399754681e-07)
(1.230990022 0.08532469119 2.142183218e-07)
(1.247585899 0.0348204779 -1.755835581e-06)
(0.9999857497 0.001012166996 0)
(0.9998713807 0.003040830846 -2.280520723e-23)
(0.9996349146 0.005112453927 2.280401693e-23)
(0.9992734772 0.007275670874 0)
(0.9987976637 0.009573676371 0)
(0.9982187 0.01204662647 9.418262797e-23)
(0.9975491141 0.01477068876 2.839691799e-22)
(0.9968035774 0.01791762126 -2.856935835e-22)
(0.9959952289 0.02176077818 -7.738426756e-22)
(0.9951476988 0.02655183641 0)
(0.9942855893 0.03234278583 0)
(0.993469109 0.03891325261 1.52328972e-21)
(0.9928414301 0.04594325305 -8.340041701e-22)
(0.9926474282 0.05326960483 1.197521927e-21)
(0.9932286626 0.0610459 -3.861262279e-22)
(0.9950431979 0.06965800313 4.51663561e-23)
(0.9986698947 0.07948575372 -1.718722285e-22)
(1.004847974 0.09064575536 4.766137929e-22)
(1.014519308 0.1028448288 0)
(1.028749229 0.1152262431 -4.0465435e-22)
(1.048570493 0.1261403245 -3.274853832e-22)
(1.074582228 0.1329463485 -4.108038951e-23)
(1.105735027 0.1322168958 0)
(1.138902898 0.1209071471 0)
(1.169397202 0.09855539089 -2.298276219e-22)
(1.192533221 0.06705202326 -2.916621699e-22)
(1.205315281 0.03019473047 0)
(0.9999907073 0.001062589218 0)
(0.999918313 0.003190385256 -6.550597356e-23)
(0.9997704667 0.005357894003 -1.100856128e-22)
(0.9995482396 0.007611678617 0)
(0.9992636299 0.009991560718 4.334042489e-23)
(0.9989317327 0.01253239889 2.216834478e-22)
(0.9985720269 0.01530494082 9.041834188e-23)
(0.9982067151 0.01847865552 -9.023830434e-23)
(0.9978641681 0.02232945994 1.415024698e-21)
(0.9975923431 0.02710256142 7.258855937e-22)
(0.997429129 0.0328158084 -1.796590232e-21)
(0.9974493328 0.03919595767 -7.395685616e-22)
(0.9977927153 0.04584204707 -7.506391677e-22)
(0.998683341 0.05250120829 1.657759762e-22)
(1.000422551 0.05923034247 1.758464645e-22)
(1.003391826 0.06631629931 3.539027695e-22)
(1.008048413 0.07403054059 2.931345884e-22)
(1.014935908 0.08238571364 -3.044888838e-22)
(1.024664449 0.09102382076 -4.181522722e-22)
(1.03782967 0.09909929186 8.208506668e-22)
(1.054837102 0.1053279 1.215403537e-22)
(1.075699202 0.1079520044 -8.019800597e-23)
(1.099383649 0.1049651995 0)
(1.123735993 0.09479261391 -4.408032461e-23)
(1.145861356 0.07685107711 4.160221892e-26)
(1.162744546 0.05239077463 -4.160900544e-26)
(1.172220308 0.0238697783 -2.238454479e-22)
(0.999995431 0.001090838854 8.532784597e-23)
(0.9999629799 0.003273237864 2.396095744e-23)
(0.9998992935 0.005490815729 1.516403002e-22)
(0.9998085953 0.007786798099 0)
(0.9997031237 0.01019643761 -8.817156392e-23)
(0.9995998291 0.0127482719 -1.766093333e-22)
(0.9995238596 0.0155061591 0)
(0.9995005524 0.0186362954 0)
(0.9995744 0.02241039503 -1.413735054e-21)
(0.99980084 0.02706212923 1.723218143e-22)
(1.000225031 0.03257831717 2.015228112e-22)
(1.000926804 0.03864681876 -1.470183717e-22)
(1.002037774 0.0448095274 -3.203967367e-22)
(1.0037478 0.05074496689 -1.545440901e-23)
(1.006302005 0.05644123178 -4.619242572e-22)
(1.009996998 0.06212281863 1.417831029e-22)
(1.015174144 0.06801253849 -3.329075592e-23)
(1.022214387 0.07408778783 4.452186537e-22)
(1.031487388 0.08001520663 -9.198239343e-23)
(1.043282068 0.08505696712 -1.144848368e-22)
(1.057714582 0.08823704702 -2.361610333e-22)
(1.074496314 0.08840249669 0)
(1.09273659 0.08434439834 0)
(1.110966137 0.07515686215 4.414989761e-23)
(1.127354539 0.06058694891 0)
(1.139943212 0.04146883122 0)
(1.14723466 0.0194949271 7.563747239e-23)
(0.9999998123 0.001098244972 -8.532266494e-23)
(1.000004321 0.003293507087 8.54319528e-23)
(1.000018363 0.005518593642 -8.544879485e-23)
(1.000048532 0.007812411852 1.23813776e-22)
(1.000105838 0.01020507707 -1.258945052e-22)
(1.000207661 0.01271947634 1.673654216e-22)
(1.00038414 0.01541278401 -6.541403151e-22)
(1.000663945 0.01844377255 0)
(1.001097201 0.02207543708 -3.238695694e-22)
(1.001735311 0.02652122555 0)
(1.002634729 0.03175533501 3.349500008e-22)
(1.003878296 0.03743971691 3.304540481e-22)
(1.005579913 0.04307548805 1.703512544e-22)
(1.007887951 0.0482930941 6.109760067e-24)
(1.010987695 0.05303393898 4.48580611e-22)
(1.015097438 0.05748997772 -3.986471702e-22)
(1.020461115 0.0618501905 -2.927144787e-24)
(1.027324826 0.06612360736 -3.897669104e-22)
(1.035897953 0.07000413327 3.889364344e-22)
(1.046286864 0.07293496695 -2.047686665e-22)
(1.058458971 0.07419378231 1.151033702e-22)
(1.072034731 0.07298872869 8.99549378e-23)
(1.086279503 0.06855876151 -1.076708852e-23)
(1.100201301 0.06041728655 3.685712712e-23)
(1.112572327 0.04847876395 4.154327395e-23)
(1.122062108 0.03330103129 6.144380926e-23)
(1.127601583 0.01601951152 -6.866142444e-23)
(1.000003781 0.001086578571 0)
(1.000041583 0.003256556035 0)
(1.000125523 0.005450541998 0)
(1.00026322 0.007702670514 -1.657150615e-22)
(1.00046386 0.01003793611 0)
(1.000748216 0.01247511504 0)
(1.001146125 0.01506504636 1.918648147e-23)
(1.001685825 0.0179531469 3.212266172e-22)
(1.002412322 0.02138628894 2.458425972e-22)
(1.003381186 0.02556975784 7.886131857e-23)
(1.004658539 0.03047051815 7.610871645e-23)
(1.006322473 0.03573243368 -2.242047798e-22)
(1.008463748 0.04083203831 5.286254651e-24)
(1.011190381 0.04537097165 1.427538669e-22)
(1.014632054 0.04926688899 0)
(1.0189384 0.05268184873 0)
(1.02427375 0.05581212406 -4.227162177e-22)
(1.030789656 0.05870020409 -3.662167003e-22)
(1.038584181 0.06109589141 -2.986828641e-22)
(1.047677917 0.06257015668 2.21303781e-22)
(1.057928855 0.0626030499 0)
(1.068977724 0.06064385272 0)
(1.080263806 0.05622761984 1.077792612e-23)
(1.09108115 0.04908648719 2.803390541e-23)
(1.100574231 0.03920719556 -4.630193008e-23)
(1.107831708 0.02699522134 -4.808031653e-23)
(1.112117245 0.01325841235 5.62810378e-23)
(1.000007283 0.001057995034 0)
(1.000074141 0.003168671054 0)
(1.000219245 0.005297430752 -7.932248883e-23)
(1.000450052 0.007474022627 -5.440012792e-22)
(1.000777063 0.009719698486 0)
(1.001220911 0.01204830089 -7.796931401e-23)
(1.001803987 0.01449868019 4.72335956e-22)
(1.002554548 0.01720603466 -3.79539566e-22)
(1.003516977 0.02040560708 2.223667925e-22)
(1.004749791 0.02429505625 3.674074001e-22)
(1.006320625 0.02883267214 2.850476465e-22)
(1.008299709 0.03365441195 0)
(1.010756574 0.03822901942 0)
(1.013763944 0.04214996818 0)
(1.017401001 0.04531197227 0)
(1.021760307 0.04786524012 4.340613871e-22)
(1.0269423 0.05002830091 4.225030105e-22)
(1.033030393 0.05185568738 3.656677589e-22)
(1.040054995 0.0531876122 2.985820386e-22)
(1.047988733 0.05369959215 -4.952943639e-23)
(1.056651533 0.05299852751 -1.728920049e-22)
(1.065723957 0.05069080443 6.544969355e-24)
(1.074792616 0.04649221241 0)
(1.08333569 0.04026290614 1.356322431e-23)
(1.090744304 0.03203235685 -3.724295598e-23)
(1.096384802 0.0221100969 6.096697404e-23)
(1.099738642 0.0110770245 9.909650467e-24)
(1.000010084 0.001014530639 3.871216674e-23)
(1.00010116 0.003036664912 2.666757266e-22)
(1.000298532 0.005071572572 0)
(1.000610915 0.007144923238 6.230533165e-22)
(1.00104768 0.009274361411 3.768366256e-22)
(1.001623057 0.01146458399 -7.611893982e-23)
(1.002356485 0.01374839837 -2.206350873e-22)
(1.003276871 0.0162529177 4.451329991e-22)
(1.004426932 0.01920019531 -5.821319434e-22)
(1.005864179 0.0227760298 -2.199556099e-22)
(1.007654872 0.02693298352 -2.166792073e-22)
(1.009861936 0.03131027363 -6.83372105e-23)
(1.012537706 0.03538643786 2.196102563e-22)
(1.015721078 0.03875112576 -5.169990168e-22)
(1.019448609 0.04129172466 1.254788682e-22)
(1.023768139 0.04315723238 -4.342261956e-22)
(1.028731852 0.04457983752 6.759861209e-24)
(1.034373948 0.04562963806 4.671887981e-22)
(1.040694979 0.04620735407 -8.558205536e-23)
(1.047619248 0.04607825766 -3.818630584e-22)
(1.05497496 0.04494245707 -1.065690972e-22)
(1.062506217 0.0425287053 1.450460246e-23)
(1.069895993 0.03865618017 2.562418601e-24)
(1.076751651 0.03325472654 1.741553434e-24)
(1.082632618 0.02637250926 -2.109278802e-23)
(1.087090926 0.01824933922 -1.405988196e-23)
(1.08976184 0.009309986147 3.13589027e-23)
(1.000012188 0.0009579649397 -7.532971858e-23)
(1.000124089 0.00286701792 -2.30010233e-22)
(1.00036637 0.004784887005 0)
(1.000748702 0.006731989333 7.439369637e-23)
(1.001275172 0.008720060305 -3.755813024e-22)
(1.001956749 0.0107501601 3.649688258e-23)
(1.002811955 0.01285137296 -2.683023365e-23)
(1.003867264 0.01514043065 -5.717996763e-22)
(1.005162069 0.01782387258 2.857847912e-22)
(1.006752087 0.02107450172 -6.734950507e-23)
(1.008701633 0.0248432152 2.206118262e-24)
(1.011068784 0.02878347276 9.631966862e-23)
(1.013889243 0.03239076703 3.135135783e-23)
(1.017172647 0.03526025239 2.52373466e-22)
(1.020921283 0.03728327238 -1.117985875e-22)
(1.025145185 0.03860960562 1.908561218e-22)
(1.02985983 0.0394699851 -6.785137407e-22)
(1.03506825 0.03996416028 1.878679153e-22)
(1.040757851 0.04003706505 3.942305793e-22)
(1.046831537 0.03951239574 -7.022767376e-24)
(1.053129933 0.03815746551 -4.059482283e-23)
(1.059458219 0.03578488804 0)
(1.065566507 0.03228136535 -8.471083699e-25)
(1.071156119 0.02761731218 -1.069290028e-23)
(1.075904141 0.02184688842 -1.824511494e-23)
(1.079489158 0.01515789764 -6.989190964e-23)
(1.081650216 0.007865393057 -5.98647031e-24)
(1.000014821 0.0008902550371 -7.165927174e-23)
(1.000145756 0.00266517909 -7.3382579e-23)
(1.000424881 0.004445421343 2.70501616e-22)
(1.000863095 0.006245780982 1.821921328e-23)
(1.001461719 0.008074594518 -8.953696608e-24)
(1.002229158 0.009931112533 -2.896426797e-22)
(1.003181191 0.01183961861 5.798827971e-22)
(1.0043406 0.01390564088 9.17868195e-24)
(1.00574348 0.01631941856 -6.658610212e-23)
(1.00744372 0.01924070887 -1.914913309e-22)
(1.0095045 0.02262181191 -3.739662746e-22)
(1.011979863 0.02613862242 -3.538332682e-23)
(1.014888674 0.02930432128 2.382469133e-22)
(1.018218566 0.03173653365 5.351540626e-23)
(1.021944243 0.03333100931 3.887686395e-22)
(1.026045197 0.03424071248 -7.605025994e-22)
(1.030509882 0.03468436232 4.937774864e-22)
(1.035321485 0.03479095162 0)
(1.040452753 0.03453433553 -1.171662583e-22)
(1.045811718 0.0337787492 7.432736954e-24)
(1.051262031 0.03235056304 5.708429231e-23)
(1.056648814 0.03011452921 0)
(1.061772997 0.02699784392 8.473366606e-25)
(1.066405403 0.02299352849 0)
(1.070306323 0.01815547583 1.208361914e-23)
(1.073241835 0.01263194769 1.335408969e-23)
(1.07502316 0.006659483655 8.841361174e-24)
(1.000017203 0.0008137254243 -7.044178996e-23)
(1.000163666 0.002435660625 2.861166496e-22)
(1.000472753 0.004061062439 -2.884925008e-22)
(1.000955781 0.005699764231 0)
(1.001612234 0.007357215734 -2.420129906e-22)
(1.002447683 0.009030570774 5.363799237e-22)
(1.003474582 0.01073959619 -2.916772868e-22)
(1.004712072 0.01257894619 6.048645787e-24)
(1.006193305 0.0147220128 -3.213688347e-23)
(1.007970231 0.01731477658 2.901453638e-22)
(1.010106755 0.02031672243 1.245747633e-22)
(1.012649408 0.0234208671 4.369942849e-23)
(1.015605269 0.02617349633 0)
(1.018944807 0.02822217546 1.48164092e-22)
(1.022620343 0.02947065473 -3.869548069e-22)
(1.026588348 0.03006902692 3.669409753e-22)
(1.030816309 0.03022220079 -1.344414059e-23)
(1.035279766 0.03006825578 -3.876606445e-22)
(1.039934326 0.02960960204 4.741261509e-22)
(1.044700811 0.02874218139 -1.270840236e-22)
(1.049470802 0.02733574613 -4.477276095e-23)
(1.054116901 0.02528982664 4.351632933e-23)
(1.058480146 0.02255671811 -1.561524017e-23)
(1.062383426 0.01914163211 3.825080539e-24)
(1.065646384 0.01509482358 1.311487162e-24)
(1.06809616 0.01053356371 -3.665170882e-24)
(1.069594302 0.005636653899 -3.611124537e-23)
(1.000018704 0.0007296727424 2.095013071e-22)
(1.000177033 0.002184417755 -2.79508197e-22)
(1.000510209 0.00364165006 -1.375985449e-22)
(1.001028965 0.00510708293 -2.731229578e-22)
(1.001730815 0.006583662165 2.766979863e-22)
(1.002618728 0.008066868504 -5.395590992e-22)
(1.003702056 0.009572684198 0)
(1.004996627 0.01118497975 5.194038241e-22)
(1.006532557 0.01305942654 0)
(1.008361422 0.0153291138 -1.887452742e-24)
(1.010546027 0.01795811634 0)
(1.013126548 0.02066119274 -1.932000933e-22)
(1.016102037 0.02302848643 2.20033291e-22)
(1.019428531 0.02473961996 4.943094926e-23)
(1.023039728 0.02570997363 0)
(1.026873747 0.02607739643 0)
(1.030884281 0.0260388556 -4.527468589e-22)
(1.035043783 0.02573180593 1.549134044e-22)
(1.039301243 0.02517318143 1.230178909e-22)
(1.043585228 0.02428120678 -1.727253318e-23)
(1.047812515 0.02295719544 4.029009046e-23)
(1.051877336 0.02112845826 1.821546088e-23)
(1.055651843 0.01876467942 -1.821348689e-23)
(1.058997933 0.0158768377 1.295922329e-24)
(1.061778177 0.01250949154 -6.418302943e-24)
(1.063862972 0.00875516937 -9.703075529e-24)
(1.065149325 0.004749382701 -2.829045379e-23)
(1.000019733 0.0006401642875 -2.752883187e-22)
(1.000187065 0.00191701471 4.091785548e-22)
(1.000539056 0.003195633958 2.713811903e-24)
(1.001085619 0.004478584445 4.067515016e-22)
(1.001822327 0.005767045781 1.322177258e-22)
(1.002749849 0.007055571674 2.663403192e-22)
(1.003874747 0.008356895138 3.194947498e-23)
(1.005209773 0.009744049913 -2.880181724e-22)
(1.006782731 0.01135402518 -1.210390823e-22)
(1.008645685 0.01330884385 3.562143872e-22)
(1.010857037 0.01556979062 -2.334234927e-22)
(1.01345482 0.01788434207 -5.556615226e-23)
(1.016432055 0.01988980571 -1.88039082e-22)
(1.019732855 0.02130032339 1.512523256e-22)
(1.023276 0.02204628838 0)
(1.02698557 0.02224747159 -3.120482205e-22)
(1.030805512 0.02209197756 4.573925312e-22)
(1.034702201 0.02170833249 0)
(1.038628593 0.02111859556 -2.750653483e-23)
(1.042524269 0.02026323605 -1.138152923e-23)
(1.046321841 0.01906624604 3.938215598e-23)
(1.049932822 0.01747354762 -3.369037897e-23)
(1.053253169 0.01546566363 -2.069525134e-24)
(1.056173708 0.01305560629 7.628137816e-25)
(1.058588229 0.0102816819 -4.93055996e-25)
(1.060398095 0.007216587412 -7.153920252e-24)
(1.061525718 0.003962941028 1.995897631e-24)
(1.000020437 0.0005466667021 2.371592529e-22)
(1.000194413 0.001637465934 -6.046074767e-22)
(1.000560691 0.002729479495 4.016695739e-22)
(1.001128395 0.00382308232 -5.296906381e-22)
(1.001891319 0.00491833159 -5.999150198e-25)
(1.002848072 0.006009508851 1.298945319e-22)
(1.004002882 0.007106581468 0)
(1.005365479 0.00827138629 0)
(1.006963361 0.00962446345 0)
(1.008845871 0.01126836091 0)
(1.011069464 0.01316731835 0)
(1.013671347 0.01510540429 2.072045727e-22)
(1.016639226 0.01676990491 -2.448590506e-22)
(1.019908213 0.01791390487 1.819505426e-22)
(1.023385725 0.01848103928 -1.820536482e-22)
(1.026984539 0.01857251164 0)
(1.030644093 0.01835654483 -1.45708916e-22)
(1.034322061 0.0179523312 3.147552377e-23)
(1.037978115 0.01738344931 4.112510471e-23)
(1.041564459 0.01660750378 1.138368798e-23)
(1.045023877 0.015565706 1.501702931e-25)
(1.048281926 0.01421707056 3.260913663e-24)
(1.051253066 0.0125490799 2.069811936e-24)
(1.053849584 0.01057481308 0)
(1.055987885 0.008326319671 -8.162419256e-25)
(1.057591441 0.005860034438 2.489026405e-24)
(1.058600649 0.003252978379 0)
(1.000020917 0.0004501920725 -9.983024658e-23)
(1.000199683 0.001348834221 2.64959942e-22)
(1.00057652 0.002248318639 -9.76387857e-25)
(1.001159875 0.003147653184 -1.289235264e-22)
(1.001941999 0.004046256615 -2.57379784e-22)
(1.002919748 0.004938685617 2.533917435e-22)
(1.004095252 0.005832615054 6.132671027e-23)
(1.00547661 0.006778875677 -1.807601976e-22)
(1.007090463 0.0078799743 1.193058735e-22)
(1.008982347 0.009216735095 0)
(1.011209405 0.01076068034 2.131428239e-22)
(1.013807835 0.01233291559 -3.162954282e-22)
(1.016761092 0.01367360957 2.15634194e-22)
(1.019997125 0.01457774174 -3.91345584e-22)
(1.023414238 0.01499934601 1.779580784e-22)
(1.02691765 0.01502395503 0)
(1.030443832 0.01479515707 7.002837245e-23)
(1.033946473 0.01441570517 -3.153469781e-23)
(1.037388734 0.01390702495 -6.34182629e-23)
(1.040733661 0.013239399 5.550540777e-23)
(1.043931738 0.01236933156 -9.104295267e-24)
(1.046919518 0.01126650378 -2.015309237e-23)
(1.049625623 0.00992287226 3.907117619e-23)
(1.051978178 0.008350169305 -1.908964011e-23)
(1.053909914 0.006574291075 3.089041748e-24)
(1.055360131 0.004638151584 -2.491166334e-24)
(1.056282065 0.002598491237 0)
(1.000021224 0.0003515942678 1.320116368e-22)
(1.000203305 0.001053668973 1.300069026e-22)
(1.000587681 0.001756348079 -6.555751129e-23)
(1.001182237 0.002457982645 1.293815515e-22)
(1.001977955 0.003157719777 0)
(1.0029703 0.003850934089 -2.4987248e-22)
(1.004159822 0.004543001574 -3.774925385e-24)
(1.005554481 0.005276668498 -1.147176321e-22)
(1.007176801 0.00612852366 0)
(1.009071911 0.007162479686 -1.109879467e-22)
(1.011297631 0.008357097908 0)
(1.013889024 0.009571680775 3.019325564e-22)
(1.016826466 0.01060172252 -1.159196995e-23)
(1.020032522 0.01128588732 -1.868528609e-22)
(1.023398841 0.01158851694 -1.611469835e-22)
(1.026825106 0.01157752876 8.452358313e-23)
(1.030243679 0.01136875561 -4.448093233e-24)
(1.033608723 0.01104410287 -6.577243906e-23)
(1.036888009 0.01062341008 6.7066764e-24)
(1.040050563 0.01008606647 3.604681042e-27)
(1.043052748 0.009400387323 -3.769389182e-23)
(1.045839367 0.00854443533 6.442013452e-24)
(1.048349454 0.00751309585 9.225168085e-24)
(1.050522565 0.006316004497 2.16939854e-23)
(1.052303032 0.004973120397 -4.376067669e-24)
(1.053641434 0.003515900145 1.856911175e-24)
(1.054500161 0.001984756903 -1.163185079e-24)
(1.000021409 0.0002515280594 0)
(1.000205668 0.0007539849201 -6.490547744e-23)
(1.000595165 0.001256881875 6.32765539e-23)
(1.001197333 0.00175850214 -1.278424946e-22)
(1.00200225 0.002258046533 0)
(1.003004205 0.002751921479 1.241433009e-22)
(1.004203417 0.003244843107 0)
(1.005606235 0.003767202426 1.18458278e-22)
(1.007232518 0.00437262628 0)
(1.009127941 0.005107932992 2.936396745e-24)
(1.011350402 0.005957903293 2.695230636e-24)
(1.013934185 0.006821301082 -1.003470604e-22)
(1.016857551 0.007550798223 -9.487965477e-23)
(1.020039319 0.008030051582 1.057613671e-22)
(1.023366613 0.008233434464 -2.487857983e-22)
(1.026735305 0.008209479649 1.285738096e-22)
(1.030073625 0.008044554342 1.4502497e-22)
(1.033337063 0.007797835014 0)
(1.036498342 0.007485255947 -6.707557047e-24)
(1.039529658 0.007093051341 3.583900029e-23)
(1.042391796 0.00659940598 -3.686130908e-23)
(1.045035575 0.005989484861 3.518538247e-26)
(1.047407325 0.005260264477 -1.945938134e-23)
(1.049454439 0.004418910175 1.265168485e-23)
(1.051129085 0.003479640577 6.293470042e-24)
(1.052389528 0.002463935808 7.223229628e-25)
(1.053204439 0.001398685528 5.585573927e-24)
(1.000021522 0.0001505694775 0)
(1.000207069 0.0004514760258 -1.920111152e-22)
(1.000599677 0.0007526234743 1.916601391e-22)
(1.001206517 0.001052655564 0)
(1.002017042 0.00135114976 8.464028821e-25)
(1.003025065 0.001645794403 9.713603039e-23)
(1.004230768 0.001941188367 3.029367615e-23)
(1.00563772 0.002253509718 0)
(1.007265614 0.002615391129 1.130844644e-22)
(1.009160299 0.003055285092 0)
(1.011379541 0.003564126512 2.932742408e-24)
(1.013957197 0.004081068138 2.026390118e-22)
(1.016870228 0.004517287574 3.38169397e-24)
(1.020035055 0.004802459601 1.803139024e-22)
(1.023336004 0.004921614903 -8.254850615e-23)
(1.026666398 0.004903576428 3.400018753e-23)
(1.029951676 0.004799038389 -8.058456172e-23)
(1.033148371 0.004644961517 5.720575629e-23)
(1.036232955 0.004452230879 -1.066846422e-22)
(1.039179361 0.004213290127 4.947406982e-23)
(1.04195131 0.003915408866 0)
(1.044503561 0.003549982099 -1.86230674e-24)
(1.046787041 0.003115426701 1.888577132e-23)
(1.048753975 0.002616172308 -1.888172837e-23)
(1.050361306 0.002060800613 0)
(1.051572173 0.001461665581 -8.062549376e-26)
(1.052359326 0.0008338055249 -5.579239387e-24)
(1.000021565 4.99794931e-05 0)
(1.000207582 0.0001499344574 6.506307396e-23)
(1.000601416 0.0002500208273 -6.470888778e-23)
(1.001210265 0.0003496827411 0)
(1.002023473 0.0004486667932 -1.266036962e-22)
(1.003035273 0.0005463999225 -3.885178867e-24)
(1.00424431 0.0006443973931 -5.989934604e-23)
(1.005653233 0.0007479205189 5.982853272e-23)
(1.007282007 0.0008680094036 -1.146270458e-22)
(1.009176395 0.001014192541 -5.396892649e-23)
(1.011394112 0.001183498178 5.388344077e-23)
(1.013968805 0.001355689334 0)
(1.016876779 0.001501102439 0)
(1.020033305 0.00159625065 0)
(1.023321395 0.001636336018 0)
(1.026631855 0.001629611071 0)
(1.029889432 0.001592741383 7.314484449e-23)
(1.03305336 0.001539450706 -1.217212129e-22)
(1.036100583 0.00147376696 5.711546025e-23)
(1.039005467 0.001393182002 0)
(1.041733258 0.001293428883 3.406971897e-23)
(1.044240742 0.001171639208 -3.406869985e-23)
(1.046481155 0.001027296413 -1.926422085e-23)
(1.048409038 0.0008619489184 1.926259804e-23)
(1.049983402 0.0006787999906 0)
(1.051169682 0.0004819849645 0)
(1.051942773 0.0002758725366 5.204900548e-24)
(0.3299911773 0.3726632859 -0.07814308064)
(0.1737873424 0.0600745482 0.0993470708)
(0.3300100495 0.372644764 0.07814108227)
(0.6922144933 0.5303146252 -0.03540329577)
(0.6330611696 0.6323604791 0.005136225503)
(0.4233423707 0.4504174688 0.06542084214)
(0.6922316307 0.5303302013 0.03540326298)
(0.6330213967 0.6323568325 -0.005142728867)
(0.4708116864 0.4524882455 0.02159927593)
(0.4708228402 0.4525332149 -0.02160633957)
(-0.02593001536 0.03535064767 0.07506917841)
(-0.02590149995 0.03531948057 -0.07506570965)
(-0.03569742288 0.07068646315 0.07911143175)
(-0.0357066449 0.07068946507 -0.07910651024)
(1.114864147 0.5830148618 0.02808318384)
(1.251925552 0.5425892561 0.06942278921)
(0.7320530503 0.6165829906 -0.03606303848)
(1.114866225 0.5830297944 -0.02809262121)
(1.251880176 0.5425918668 -0.06942094742)
(1.206532252 0.4450165723 0.08700374223)
(0.9706220418 0.1915777292 0.1028120532)
(1.206499821 0.4449835803 -0.08699593012)
(0.9706315806 0.1915794338 -0.102811022)
(0.8735267085 0.109186027 0.105656262)
(0.6748155131 -0.0008457950324 0.09198581537)
(0.8735393621 0.1091951022 -0.1056551268)
(0.6748067616 -0.0007705348221 -0.09198727243)
(-0.009276134914 0.03992680416 0.08244583534)
(0.6592645036 -0.0168804714 0.0891766201)
(0.6314622539 -0.03146702549 0.07908003421)
(-0.00923676253 0.03990193995 -0.0824472484)
(0.6591454362 -0.01690458241 -0.08917216978)
(0.6315065928 -0.0314595115 -0.07908015782)
(0.2802011919 0.05197596323 -0.09428805185)
(0.5664163848 0.1877062399 -0.06854754871)
(0.4014093746 0.3186374367 -0.07661123968)
(0.5067186877 0.02946636319 0.07784013383)
(0.2802113739 0.05197735488 0.09428586791)
(0.56639976 0.1876830553 0.0685504627)
(0.4013978133 0.3186182104 0.07660879509)
(0.06728418016 0.1666014012 1.288661834e-05)
(0.174436527 0.05983234075 -0.0001968001186)
(0.04624498297 0.05603537096 -0.09957185097)
(0.2020268797 0.1758114167 -0.09497716248)
(0.04595365425 0.0557766932 6.807999438e-05)
(0.2024670997 0.1754634878 -0.0002277466206)
(0.06750350273 0.1669044849 -0.09427368998)
(-0.03400814412 0.06474508715 0.06732192423)
(-0.03460435719 0.06462907828 -0.0001719377051)
(0.8300958043 0.6914709313 0.01059595176)
(0.9259630892 0.4498921819 -0.01166254518)
(1.056364405 0.5620221312 0.01544410898)
(0.7681186161 0.5228119054 0.02745617094)
(0.8300929987 0.6914820211 -0.01061091598)
(0.9259940176 0.4499207592 0.0116610227)
(1.056388223 0.5620310642 -0.01544624003)
(0.9655594092 0.6547833611 -9.088449863e-05)
(0.7305571632 0.616250499 0.0004221302651)
(0.6627697873 0.517941745 0.03802509339)
(0.9539446844 0.6723817504 0.03502429939)
(0.661594409 0.5172626106 -0.0005428421872)
(0.9529343243 0.671755853 0.0001623680593)
(0.9664220068 0.6545254874 0.0466345507)
(0.5128071047 0.1934497884 0.09420755989)
(0.5139174493 0.1934319729 0.0002446656292)
(0.08748661016 0.00252249721 -6.902848135e-06)
(0.009800687945 0.005104445105 0.07629991676)
(0.09787705938 -0.01960619276 0.09230735858)
(0.0095790394 0.0043879305 -0.0001327128737)
(0.09829977152 -0.0196945085 9.64145579e-05)
(0.08721575671 0.002490891805 0.08833417829)
(0.6397792721 -0.03209591008 0.07682267834)
(0.01768857667 0.06200374692 -0.08047178209)
(0.6398545055 -0.03216669731 -0.07682397658)
(1.25862618 0.2592477424 0.09008606521)
(1.315329558 0.347629242 0.04683947103)
(1.401147397 0.2617442947 0.06042136733)
(1.332772302 0.4557865202 -0.07215588037)
(1.258645338 0.25925002 -0.09008577589)
(1.315276762 0.3477064701 -0.04684792982)
(1.401164358 0.2617427014 -0.06042215387)
(1.030251077 0.04579030659 0.08665501386)
(1.416698189 0.225979603 0.06311104925)
(1.422828049 0.1207790696 0.06566270982)
(1.202003824 0.1867369858 -0.09298464282)
(1.030213384 0.04593885627 -0.08664953795)
(1.416736074 0.225978855 -0.06311558892)
(1.422882909 0.1206351691 -0.06567129976)
(0.1293051532 0.2661981588 0.0001333208382)
(0.3298555962 0.3721196758 -0.0001758421937)
(0.2600626917 0.2797451733 -0.08701483717)
(0.2139018299 0.3854085313 -0.07593758985)
(0.2605423073 0.2792534808 -0.0001631053224)
(0.2135197832 0.3839378843 -0.0001958553258)
(0.1295531924 0.267156578 -0.0838814648)
(0.1258784822 0.297060965 -0.06323170059)
(0.1254898484 0.2971734345 -6.828726636e-05)
(0.06728366985 0.1665991064 -1.123783611e-05)
(0.1744374208 0.05983138572 0.0001998000263)
(0.04624138177 0.05603289806 0.09957034166)
(0.2020233617 0.1758037076 0.094975759)
(0.04595297596 0.05577584698 -6.576455813e-05)
(0.2024664704 0.1754606344 0.0002302501293)
(0.06749997341 0.1668984697 0.09427211788)
(0.1293045944 0.2661947019 -0.0001319869325)
(0.3298615206 0.3721123132 0.0001748356311)
(0.2600620662 0.2797156314 0.08701493977)
(0.2139049999 0.3853911054 0.0759379037)
(0.2605422409 0.2792445848 0.0001654826136)
(0.2135198367 0.3839321049 0.0001974549542)
(0.1295495116 0.2671475246 0.08388015386)
(0.1258738121 0.2970564141 0.06323105157)
(0.1254866154 0.2971705043 6.737354671e-05)
(0.3946144867 0.5489314118 -0.0002030886357)
(0.2467218847 0.4308164379 -0.04578318087)
(0.2619729211 0.3911523786 -0.02351423352)
(0.2464396538 0.4300347424 0.0003660902634)
(0.2617693652 0.3912504165 -0.0001080310554)
(0.3954862254 0.5509002917 -0.03765277181)
(0.5715493777 0.6331075835 -9.956196357e-05)
(0.6320803147 0.63034166 -9.308126156e-05)
(0.428761978 0.509727305 0.0006701792144)
(0.7053739403 0.6692222372 -0.01538659581)
(0.4286224119 0.5094198526 0.0005180935498)
(0.7045369251 0.6685320282 -0.000117966848)
(0.5716124641 0.6341384161 -0.02422672854)
(0.394613488 0.5489326862 0.0002038459968)
(0.2467309999 0.4308227965 0.04578476192)
(0.2619714672 0.3911537186 0.02351450286)
(0.2464429653 0.4300385064 -0.000365879708)
(0.2617686754 0.3912525994 0.0001073005046)
(0.3954835293 0.5509017492 0.03765250965)
(0.5715503319 0.6331084097 0.0001001981677)
(0.6320573632 0.63034451 9.733495296e-05)
(0.428770146 0.5097209066 -0.0006696833423)
(0.7053442568 0.6692132842 0.01538724417)
(0.4286289913 0.5094216583 -0.0005182283804)
(0.7045282783 0.668531925 0.00012039981)
(0.5716110595 0.6341391312 0.02422667847)
(0.4704648328 0.4520789191 5.033596932e-05)
(0.4704625678 0.4521013264 -4.293384173e-05)
(-0.02628121736 0.03486859415 -8.608578759e-05)
(-0.02627299832 0.03485902693 8.593212037e-05)
(-0.0355021964 0.07043096123 1.620880598e-05)
(-0.04391000389 0.06943038456 0.07808382865)
(-0.01578494153 0.1204475575 0.0773201355)
(-0.04404867143 0.06946363487 9.552522513e-05)
(-0.01581692493 0.1202255266 -2.176830704e-06)
(-0.0340134462 0.06474249322 -0.06732006637)
(-0.03460600716 0.06462796109 0.0001717725811)
(-0.0355035441 0.07043156725 -1.281540337e-05)
(-0.04391697595 0.06945032941 -0.07808596942)
(-0.01583280888 0.1204852196 -0.07731912945)
(-0.04405036587 0.06946968074 -9.720639437e-05)
(-0.01583032427 0.1202361991 -7.745332841e-07)
(0.8339075542 0.5014490358 0.0005266198629)
(0.4885663831 0.3134225918 0.06307636585)
(0.7299026828 0.3723478545 0.07599738648)
(0.4895443721 0.3136685281 0.0002079712294)
(0.7290054221 0.3717193336 -0.0004360605848)
(0.8348301154 0.5013150659 0.07592277138)
(0.9655652654 0.6547891951 9.046136954e-05)
(0.7305587497 0.6162716057 -0.000408001951)
(0.6627714812 0.5179579392 -0.03802842649)
(0.9539884942 0.6724035483 -0.03502223355)
(0.6616036562 0.5172702214 0.0005441089254)
(0.9529447685 0.6717596449 -0.0001577952131)
(0.9664268062 0.6545408402 -0.04663427685)
(0.8339087443 0.5014513939 -0.0005246546994)
(0.4885700665 0.3134250299 -0.06307840852)
(0.7298976136 0.3723574469 -0.07600126386)
(0.4895466706 0.3136694794 -0.000204641872)
(0.7290062133 0.3717234677 0.0004375748395)
(0.8348290046 0.5013206586 -0.07592494185)
(0.7211091052 0.2229223104 -0.000383657389)
(1.206335897 0.4451522131 0.0002539439679)
(0.8685522154 0.3225144726 0.1021893306)
(1.133664354 0.3638641088 0.09225126281)
(0.8679846471 0.3227560257 0.000456979531)
(1.133457243 0.3648226397 0.0001445691233)
(0.7218275275 0.2231370032 0.09382171763)
(0.6173357251 0.1205218666 9.193800202e-05)
(0.9705935301 0.1925225321 0.0001304836238)
(0.5268460302 0.06912915714 0.1081322147)
(1.052722227 0.273135735 0.09936031112)
(0.5270222163 0.06899606713 -0.0001240916922)
(1.052835648 0.2738807083 0.0002712869679)
(0.6169036697 0.1205692957 0.1048054499)
(0.5127933618 0.1934388719 -0.09420601862)
(0.5139080009 0.1934256316 -0.0002441007043)
(0.7211047967 0.2229167756 0.000380745935)
(1.206327535 0.4451413442 -0.0002587833593)
(0.8685224695 0.3224950321 -0.1021872433)
(1.133642184 0.3638336932 -0.0922491798)
(0.8679741033 0.3227473447 -0.0004610888608)
(1.133451314 0.3648118496 -0.000148947521)
(0.7218161299 0.2231205321 -0.093818538)
(0.6173380962 0.1205207177 -9.452858763e-05)
(0.9705974839 0.1925231116 -0.0001322796325)
(0.5268550024 0.06912857855 -0.1081308191)
(1.05272568 0.2731253863 -0.09935880224)
(0.5270253365 0.06899636708 0.0001218858557)
(1.052837908 0.2738773988 -0.0002738881159)
(0.6169082769 0.1205639805 -0.1048028484)
(0.1033089748 -0.02122802512 0.08312609283)
(0.1037253891 -0.02211724941 -0.0002460824192)
(0.342542522 -0.01439171118 -5.234414012e-05)
(0.8738082643 0.1098920038 0.0002377329385)
(0.4271455498 0.006385708316 0.1133443589)
(0.7798772128 0.05226617957 0.102309976)
(0.4275193941 0.006183262577 0.0001272899505)
(0.7800289225 0.05304468281 9.773827512e-05)
(0.3420190557 -0.014111554 0.1082288177)
(0.2826749572 -0.0349281749 0.0001918920173)
(0.674944877 -0.0003167533881 -2.1132608e-05)
(0.2738077904 -0.02331372288 0.09483606906)
(0.7119870911 0.01369582151 0.09770796761)
(0.2742126224 -0.02288343392 -8.927083744e-05)
(0.7121692902 0.01399771686 0.0001002846558)
(0.2822175029 -0.03472421176 0.1047416776)
(0.1032861719 -0.02122068115 -0.08312425204)
(0.1037152248 -0.02211404059 0.0002463368435)
(0.3425447471 -0.01439074193 5.164087634e-05)
(0.8738139059 0.1098956083 -0.0002396220452)
(0.4271558877 0.006385021946 -0.1133433505)
(0.7798840028 0.05228081227 -0.1023100839)
(0.4275234398 0.00618344662 -0.0001290308962)
(0.7800322383 0.05305078756 -9.876018256e-05)
(0.3420245952 -0.01411082622 -0.108228022)
(0.2826748274 -0.03492523816 -0.0001933230053)
(0.6749419515 -0.0002932197462 2.580851153e-05)
(0.2737963649 -0.02329058513 -0.09483794698)
(0.7120048922 0.01372944957 -0.09770981053)
(0.2742065278 -0.02287536749 8.811174793e-05)
(0.712174847 0.01400993624 -0.0001013749288)
(0.2822174624 -0.03471786561 -0.1047401854)
(0.1091782282 0.01022250457 0.0001318276515)
(-0.009012310526 0.03989534181 4.526564638e-05)
(-0.004465114499 0.01861662422 0.08362391112)
(0.1177212669 0.01860939245 0.08234732813)
(-0.004332650547 0.01841408878 -4.893709765e-06)
(0.1176928536 0.01852638278 8.789725687e-06)
(0.1088748505 0.01026066484 0.08620750948)
(0.08748328957 0.002518376408 1.800006376e-06)
(0.009790183744 0.005102038552 -0.07629313339)
(0.09784650605 -0.01959042552 -0.09230654949)
(0.00957644413 0.004387033378 0.0001278879577)
(0.09828892386 -0.01968979359 -0.000100444527)
(0.08720682492 0.002480706804 -0.08832922582)
(0.1091852121 0.01021695638 -0.0001356773971)
(-0.008997875306 0.03988700736 -5.232861767e-05)
(-0.004466230755 0.01861397607 -0.08362118818)
(0.1177788977 0.01858886846 -0.08234308649)
(-0.004330151779 0.01841299146 -1.602152248e-06)
(0.1177125749 0.01851865508 -1.091893109e-05)
(0.1088929662 0.01024827863 -0.08620349272)
(0.5570520934 0.02483933272 -0.07287513375)
(0.6557730389 0.09471451157 -0.05612972238)
(0.6049662063 0.1595342769 -0.06533090694)
(0.6320346332 0.01679947052 0.06037095958)
(0.5570660394 0.02483026775 0.07287380793)
(0.655776136 0.0947379314 0.05612595253)
(0.604974892 0.1595157518 0.06533269807)
(0.4610133802 0.1037595761 -0.0001804681349)
(0.4454533819 0.03533513944 -0.08316991949)
(0.5175174168 0.08699807744 -0.07597301344)
(0.5107585838 0.02935444551 -0.0003342377913)
(0.4474275916 0.03522544015 -0.0001780649584)
(0.521569202 0.08669454671 -0.0003392315727)
(0.4590439648 0.1040537635 -0.08083102652)
(0.6330329999 0.1947321149 -0.06111087836)
(0.7559269027 0.184937877 -0.02681529209)
(0.7184812479 0.2602526067 -0.04710581061)
(0.6692283423 0.1198837387 0.05370410942)
(0.6329999095 0.1947107827 0.06110913497)
(0.7558965235 0.1849557576 0.02681542841)
(0.7184584206 0.2602410787 0.04710711265)
(0.4735924701 0.3805344254 -0.06713952909)
(0.7164464404 0.3013776613 -0.04691594888)
(0.6931496706 0.4585014824 -0.04079216511)
(0.6009465716 0.2282070257 0.06348090144)
(0.4736127219 0.3805504034 0.06713928038)
(0.7164184399 0.3013671719 0.04691791272)
(0.6931665582 0.4585128765 0.040789907)
(0.4811352054 0.5610595565 -0.0001719734218)
(0.4231330394 0.4497523799 -4.846392783e-05)
(0.3603325868 0.4971070425 -0.05986312944)
(0.515865428 0.4985497994 -0.05444860842)
(0.3607026297 0.4961166722 -0.000119907679)
(0.5156035063 0.4976172442 -7.409031991e-05)
(0.4817130245 0.5618269404 -0.04897152704)
(0.7575874756 0.4579476282 -0.03351483922)
(0.8060330086 0.2896494169 -0.02730327987)
(0.8993147122 0.4117560037 -0.01733696179)
(0.7544608466 0.3078149191 0.04144279068)
(0.7576023028 0.4579567213 0.03351608411)
(0.8060450331 0.2896470973 0.02730484563)
(0.8993547012 0.4117843635 0.01733707833)
(0.7686549772 0.5215699 -0.0001399816899)
(0.786538307 0.5958275422 -0.01817955798)
(0.7863490408 0.5948651607 -6.786988412e-05)
(0.8602366949 0.5643947688 -0.0001123986267)
(0.8323804381 0.5045332632 -0.02059750847)
(0.8334108255 0.5027318955 -0.0001945565577)
(0.8601406021 0.5655195813 -0.01196389827)
(0.01772646939 0.06192823638 7.479713895e-05)
(0.0494351177 0.08738794542 0.07727742266)
(0.1438151867 0.02807495742 0.07915146232)
(0.04940305384 0.08734783478 1.07193335e-05)
(0.1439291216 0.02799986577 7.230715085e-06)
(0.1823369016 0.04255992103 -1.222327178e-05)
(0.1822520998 0.04255306162 0.07682413473)
(0.9324115139 0.3886135888 -0.0137875235)
(0.9537669235 0.2828832681 -0.009033990969)
(0.9749367251 0.310656839 -0.007076581991)
(0.8287017095 0.2799516219 0.02383022732)
(0.9323373546 0.3886066768 0.01379366667)
(0.9537777272 0.2828856155 0.009033842855)
(0.9749510946 0.3106556201 0.007075598268)
(1.082188835 0.5069122604 0.01546785197)
(1.016645322 0.3382657754 -0.002081781051)
(1.120834333 0.3813576649 0.01445309423)
(0.9603561732 0.4213214358 0.008413864963)
(1.082202342 0.5069216336 -0.01547681521)
(1.016662725 0.3382641223 0.002080151514)
(1.120871419 0.3813483292 -0.01445757841)
(1.307822686 0.5074502929 0.0602456812)
(1.157415036 0.3873117755 0.02066360593)
(1.27708659 0.3660868941 0.04066590011)
(1.137541394 0.5244858022 -0.02604305788)
(1.307675402 0.5074977396 -0.06022722993)
(1.157450691 0.3872809928 -0.02067008572)
(1.277000463 0.3661635956 -0.04065454073)
(1.332282653 0.4560505736 3.436918377e-05)
(1.325442885 0.3971717619 0.07958035157)
(1.32485301 0.3975031169 -2.381953392e-05)
(1.380423629 0.3857818148 -2.830947966e-05)
(1.353881835 0.4256338733 0.06127124332)
(1.353239768 0.4259636484 -2.476795788e-05)
(1.380983142 0.3852909596 0.06809972819)
(1.201991374 0.187048114 6.364177086e-05)
(1.13617599 0.1254966447 0.09220057633)
(1.136219395 0.1259545155 3.596117007e-05)
(1.339282578 0.1727396493 1.396218252e-05)
(1.370192403 0.2260830065 0.08132400468)
(1.370053786 0.2266478576 1.676652834e-05)
(1.339338781 0.1721577277 0.08197373398)
(0.9325489058 -0.03084216029 0.07621687429)
(1.416379198 0.08910525295 0.06539724925)
(1.389097642 0.006428538073 0.0635157276)
(0.9952830844 0.01865482789 -0.08436237507)
(0.9325912754 -0.03086292246 -0.07621728657)
(1.416353015 0.08895485566 -0.06537974779)
(1.389090942 0.00641662988 -0.06352811964)
(1.380068948 -0.01755880252 0.06249864799)
(0.9261005064 -0.04133659731 -0.07474496959)
(1.380123938 -0.01756856151 -0.06250642897)
(1.261482551 0.3305659554 0.03643127916)
(1.161074923 0.2717960604 0.01072215281)
(1.175454728 0.233244471 0.02733032112)
(1.146610492 0.3509825218 -0.01916393731)
(1.261439865 0.3305979279 -0.0364292768)
(1.161092463 0.2717888432 -0.01072146398)
(1.175445545 0.2332446239 -0.02733210907)
(1.373147683 0.2413981973 0.05370442782)
(1.225495327 0.2316644759 0.03044609136)
(1.301337797 0.188466627 0.03962022201)
(1.294352653 0.315007058 -0.04162979291)
(1.373153746 0.2414010048 -0.0537053597)
(1.225518297 0.231671262 -0.03044537763)
(1.301333685 0.1884653154 -0.03962112918)
(1.415222905 0.1207432563 0.05962770872)
(1.317222421 0.1691963943 0.04153927327)
(1.346305791 0.1059926056 0.04599831798)
(1.391015198 0.2115102745 -0.05626223718)
(1.415250383 0.1206770845 -0.05963876388)
(1.317230825 0.1691936523 -0.04154219035)
(1.346320396 0.1059820134 -0.04599830047)
(1.405862752 0.01364563939 0.0590576927)
(1.352339013 0.08425602 0.04627587018)
(1.366244723 0.02989485377 0.02829365062)
(1.415768027 0.09187503477 -0.05971989017)
(1.405837028 0.01370835488 -0.0590612871)
(1.352316304 0.08425121341 -0.04627929548)
(1.366238606 0.02991049577 -0.02829316546)
(0.595400136 0.599877419 -3.96933351e-05)
(0.6925427796 0.5292542127 -0.0001081616239)
(0.6075532644 0.5235845632 -0.04427955355)
(0.695986698 0.6097115644 -0.02672253193)
(0.6076489529 0.5225905624 -8.171028706e-05)
(0.6954827982 0.6088758545 -3.692480362e-05)
(0.5959880614 0.6004676468 -0.0366762114)
(0.4811336317 0.5610605518 0.0001728390837)
(0.4231359767 0.4497553662 5.045294025e-05)
(0.3603347673 0.4971059154 0.05986134886)
(0.5158566814 0.4985446791 0.05444863257)
(0.360703205 0.4961159717 0.0001186632029)
(0.5156015305 0.4976164386 7.654216366e-05)
(0.4817055072 0.5618302269 0.04897068869)
(0.5954005482 0.5998796852 3.999556549e-05)
(0.6925469418 0.529258018 0.0001126894167)
(0.607555704 0.523587024 0.04427806601)
(0.6959714361 0.6097057017 0.02672220193)
(0.6076482669 0.5225900222 7.998149907e-05)
(0.6954777427 0.6088756452 4.115341879e-05)
(0.5959884923 0.6004736049 0.03667604644)
(1.112748938 0.6491919653 -8.033086432e-05)
(1.114085228 0.5828399021 -1.651498436e-05)
(1.064697073 0.6398781682 0.03087912401)
(1.176213232 0.5961534751 0.04075504683)
(1.063746261 0.6394245783 6.29087193e-06)
(1.175348192 0.5963259861 -5.004030229e-05)
(1.113604515 0.6490953729 0.04492967915)
(1.109187809 0.5925474784 0.0001774764244)
(1.251246561 0.5430756498 -4.026273708e-05)
(1.080117442 0.5155199209 0.07600177975)
(1.222888924 0.5773403251 0.05619388918)
(1.079324847 0.516121221 -8.883751195e-05)
(1.221940851 0.5773118057 3.787894027e-05)
(1.110091498 0.5928517226 0.06543787889)
(1.112754417 0.649202741 8.432225727e-05)
(1.114091492 0.5828502859 2.235821861e-05)
(1.064700983 0.6398678195 -0.03088045031)
(1.176234628 0.5961971773 -0.04076223787)
(1.063752397 0.6394243922 -6.405851396e-06)
(1.175356108 0.5963401751 6.073960286e-05)
(1.113617688 0.6491233497 -0.04493359226)
(1.109186211 0.592559492 -0.0001732931509)
(1.251225746 0.5430756344 3.634518433e-05)
(1.08010559 0.5155302068 -0.07599899802)
(1.2228599 0.5773919895 -0.05619500371)
(1.079319837 0.5161234537 9.032846716e-05)
(1.221928319 0.577326378 -3.1725222e-05)
(1.110092376 0.5928848143 -0.06544138234)
(0.3233273822 -0.01636695747 1.142621129e-05)
(0.6595865112 -0.01691106001 5.194514249e-05)
(0.3206757631 -0.02153748457 0.09451085129)
(0.6429600773 -0.02503125513 0.08541202055)
(0.3212511108 -0.02146245357 0.0002542695242)
(0.6430852558 -0.02486091767 -6.409758492e-06)
(0.3234765131 -0.01643641318 0.0887563253)
(0.327329259 -0.0162112878 3.926571858e-06)
(0.6316785622 -0.03121773315 1.140773926e-06)
(0.3375751982 -0.01218730504 0.08093794011)
(0.6330561754 -0.02909873849 0.08170865364)
(0.3378230932 -0.01215033565 -5.691912733e-06)
(0.6332899756 -0.02887592114 1.500893471e-06)
(0.3271711652 -0.01605649426 0.08422206472)
(0.3233162099 -0.01639116978 -1.809801379e-05)
(0.6595428427 -0.01691898246 -5.633628391e-05)
(0.3206360826 -0.02153710149 -0.09450651989)
(0.6428918196 -0.02514331286 -0.08540487649)
(0.3212358028 -0.02146326935 -0.000254037343)
(0.6430647959 -0.02489527067 -1.176614346e-05)
(0.3234398714 -0.01650577281 -0.0887491497)
(0.3273302802 -0.01623044215 -1.013601775e-05)
(0.631703712 -0.03121734633 -1.176146539e-05)
(0.3376648496 -0.01224289047 -0.08093503996)
(0.6330776852 -0.02918319825 -0.08169795744)
(0.33785641 -0.01216985923 -4.502628646e-06)
(0.633299948 -0.02890421798 -6.395949855e-06)
(0.3271662798 -0.01610600268 -0.08421542628)
(0.280534769 0.05184435794 -9.323223364e-05)
(0.3022796375 0.1519561039 -0.09068895093)
(0.3024956309 0.1516682024 -9.303176138e-05)
(0.3893673439 0.125338718 -0.0001090855348)
(0.3710678576 0.04279909282 -0.08876555935)
(0.3721052684 0.04268578248 -0.0001093136979)
(0.3883553224 0.1256395416 -0.08585108901)
(0.4868876511 0.1662870193 -0.0001813870308)
(0.5380788535 0.1399554965 -0.07274523333)
(0.5204321463 0.2223778289 -0.07169106458)
(0.5703541494 0.1869509399 -0.0003552556544)
(0.5421348192 0.1395199634 -0.0003480589578)
(0.5223221853 0.2215794363 -0.0001963831102)
(0.4849217216 0.1667584214 -0.07681396286)
(0.4016430714 0.3179506759 -8.325877238e-05)
(0.3453839618 0.2415710982 -0.08440831123)
(0.3456670942 0.2410639068 -6.24140491e-05)
(0.4225004957 0.1999532287 -0.0001030947375)
(0.4663251255 0.2656493379 -0.07455334513)
(0.4672878787 0.264922857 -0.0001195534387)
(0.4214671904 0.2004508635 -0.080847952)
(0.4610150024 0.1037569114 0.0001814717153)
(0.5107589412 0.02935258448 0.0003363843592)
(0.4454499747 0.03533311723 0.08316894504)
(0.5175251496 0.08698282434 0.07597253419)
(0.4474270715 0.03522472935 0.0001787751159)
(0.5215716553 0.08669051308 0.0003405220473)
(0.4590489744 0.1040460479 0.08083004204)
(0.2805384855 0.05184439464 9.530446168e-05)
(0.3022865904 0.1519466717 0.09068767029)
(0.30249822 0.1516646871 9.580794294e-05)
(0.3893705303 0.1253346229 0.0001111018037)
(0.3710729702 0.04280013034 0.08876400263)
(0.372107378 0.04268585527 0.0001105719249)
(0.3883648205 0.1256284499 0.08585005679)
(0.4868882835 0.1662887259 0.0001814946588)
(0.5703497191 0.1869438976 0.0003604413156)
(0.53807637 0.1399768232 0.07274251684)
(0.5204057864 0.2223427864 0.0716934434)
(0.5421336346 0.1395256387 0.0003460849103)
(0.5223146117 0.2215689353 0.0001990111038)
(0.4849242411 0.1667659377 0.07681391083)
(0.4016396022 0.3179448608 7.936820025e-05)
(0.3453991199 0.2415345449 0.08440815176)
(0.3456725941 0.2410519388 6.44620391e-05)
(0.4225026922 0.1999497448 0.0001025356603)
(0.4662946818 0.2656238329 0.07455532646)
(0.4672795345 0.2649150469 0.0001195953113)
(0.4214736761 0.2004410495 0.08084660835)
(0.8295621609 0.6906615156 -0.0001058064432)
(0.8142136773 0.667297587 -0.005756606641)
(0.9495403699 0.6766101013 0.01446557139)
(0.8132620074 0.6667233614 -3.357561823e-05)
(0.9489492823 0.6762539491 -5.936627533e-05)
(0.8980370887 0.6285225867 -5.799909494e-05)
(0.8986778964 0.6292440831 -0.0002620320593)
(0.9171250956 0.5262182871 -0.0001736286817)
(0.8838984968 0.4786384589 -0.01556157029)
(0.9597940359 0.4891255858 -0.004377139224)
(0.9301542781 0.447749771 -0.0004064895665)
(0.8864345266 0.4762595875 -0.0003009608017)
(0.9612731054 0.4877248594 -0.000231955716)
(0.9164074483 0.5275284038 -0.007714672563)
(1.056055583 0.5617415021 -7.760465978e-05)
(1.016541642 0.6227467436 0.01522257005)
(1.016005022 0.6224562912 -7.3729336e-05)
(0.9588284788 0.5769511992 -9.585630811e-05)
(1.002034475 0.527544538 0.004758418383)
(1.002277012 0.5267954476 -0.0001152399394)
(0.9590539596 0.5776892807 0.002606693409)
(0.7686521975 0.5215671545 0.0001450532665)
(0.7865291801 0.5958230023 0.01817802313)
(0.7863442677 0.5948610158 6.617981209e-05)
(0.8602393421 0.5643941855 0.0001119866571)
(0.8323824655 0.504516421 0.02059750827)
(0.8334099442 0.5027244422 0.0001927153091)
(0.8601418952 0.5655189057 0.01196443589)
(0.8295495734 0.6906592418 0.0001205256197)
(0.8142240289 0.6673024606 0.005754463678)
(0.949546481 0.6766029126 -0.01447474636)
(0.8132682445 0.6667237593 3.513879824e-05)
(0.9489561588 0.6762469046 6.891996014e-05)
(0.898045944 0.6285263147 6.112979459e-05)
(0.8986928108 0.6292548059 0.0002590478078)
(0.9171314631 0.5262213234 0.000176221345)
(0.930164828 0.4477588296 0.0004094574415)
(0.8839191055 0.4786399069 0.01556082021)
(0.95981356 0.4891422892 0.004374133655)
(0.8864413614 0.4762590433 0.0003012309271)
(0.9612805387 0.4877302067 0.0002349372282)
(0.9164228721 0.5275376337 0.007712019016)
(1.056062042 0.5617467319 7.836162921e-05)
(1.016569264 0.6227412631 -0.01522309172)
(1.016015657 0.622448836 7.775575819e-05)
(0.9588350026 0.5769528311 0.0001001660897)
(1.002048476 0.5275462334 -0.004760083653)
(1.002284555 0.52679522 0.0001174767899)
(0.959070105 0.5776957841 -0.002610990407)
(0.6399897429 -0.03192795737 9.590472542e-06)
(0.3594965357 -0.006433861271 0.0780326658)
(0.3597359741 -0.006348384063 1.877580328e-05)
(0.3926351398 -0.0007928640733 2.402445434e-06)
(0.6589525414 -0.03393803436 0.07469806444)
(0.6591699361 -0.03374207623 1.078649766e-05)
(0.3925190519 -0.0009440721915 0.07608972572)
(0.01774739551 0.06193228578 -7.840430884e-05)
(0.04948096821 0.0874058082 -0.07727533584)
(0.1438514603 0.02812422466 -0.07915065816)
(0.04941490485 0.08735425249 -4.21248598e-06)
(0.1439427732 0.02801353351 -2.660980885e-06)
(0.1823419334 0.04256080357 9.241046085e-06)
(0.1822653774 0.04255019841 -0.07682734463)
(0.640017603 -0.03194785153 -1.583089448e-05)
(0.3595941087 -0.006492125145 -0.07802826568)
(0.3597668842 -0.006367587326 -5.229585168e-06)
(0.3926395456 -0.0007916102593 -3.805909555e-07)
(0.6590358044 -0.03397599867 -0.07469916659)
(0.6591973055 -0.03375457968 -2.390372741e-06)
(0.392523037 -0.000935803685 -0.07609129576)
(1.258392286 0.2596420444 4.821612378e-06)
(1.298561905 0.3295331572 0.08569906429)
(1.298155858 0.3297190781 4.948084714e-06)
(1.391445049 0.3377020854 -2.0567863e-05)
(1.388594909 0.2834764968 0.07836759481)
(1.388301087 0.2840857448 -7.215009555e-06)
(1.391897381 0.3371663931 0.07384997683)
(1.373691688 0.3563635785 -3.606355114e-05)
(1.338125681 0.3856773006 0.05323107527)
(1.349414705 0.3235058106 0.05209226139)
(1.314892149 0.3471339916 -0.0001264418827)
(1.337612799 0.3857798196 -5.293157745e-05)
(1.349090777 0.3230665612 -0.0001014864664)
(1.374122894 0.3561215447 0.0592676323)
(1.400395718 0.3207863872 -2.989147126e-05)
(1.417317622 0.279327452 0.068580445)
(1.378357232 0.2946825696 0.0567073134)
(1.401022724 0.2618755892 -4.871035213e-05)
(1.417061967 0.2798112463 -2.077591153e-05)
(1.378146683 0.2945321916 -7.305607067e-05)
(1.40075448 0.3204080875 0.06447837352)
(1.332264129 0.456026478 -4.699763245e-05)
(1.325437447 0.3971235035 -0.07957959453)
(1.324854069 0.3974868437 2.100811684e-05)
(1.380437627 0.3857714673 3.594385114e-05)
(1.353718952 0.4255386737 -0.06126971571)
(1.353193017 0.4259406348 -1.03135096e-05)
(1.381063366 0.3852630991 -0.0681077718)
(1.258399223 0.2596427068 -4.795590346e-06)
(1.29857525 0.3295200557 -0.08570023964)
(1.298161627 0.3297143591 -5.087452776e-06)
(1.391463356 0.3377004888 2.368756686e-05)
(1.388636557 0.2834791098 -0.07836689071)
(1.388315555 0.2840865997 7.182357632e-06)
(1.391959972 0.3371647545 -0.07385421932)
(1.373714734 0.3563491186 5.39899606e-05)
(1.314879248 0.3471537758 0.0001211593352)
(1.337969975 0.3855812188 -0.05325624752)
(1.349465511 0.3235247752 -0.05210386108)
(1.337573507 0.3857514997 2.72557688e-05)
(1.349099703 0.3230686583 0.0001151706729)
(1.374253989 0.3560961211 -0.05928865293)
(1.400417947 0.3207817905 3.482320236e-05)
(1.401029367 0.2618743184 4.863952321e-05)
(1.417369075 0.279328642 -0.0685789652)
(1.378382263 0.2946797646 -0.05671209829)
(1.41707949 0.2798112365 2.003519452e-05)
(1.37815371 0.2945287753 7.713100538e-05)
(1.400841932 0.3204040121 -0.06448360629)
(1.030392997 0.0463247553 1.380425346e-05)
(1.075721947 0.07815942313 0.08968585769)
(1.075839253 0.07856233974 3.880614358e-05)
(1.30391371 0.1261796391 1.442749958e-05)
(1.269799543 0.08706663458 0.07969582328)
(1.269871513 0.08761677757 9.056508586e-06)
(1.303881985 0.1256297507 0.08102487539)
(1.417242483 0.1906502996 -4.504535421e-07)
(1.422686099 0.2346122604 0.0713910627)
(1.424611192 0.1894943192 0.06471565306)
(1.416631186 0.2262941288 -2.850513849e-05)
(1.422530555 0.2351370241 -6.510911126e-06)
(1.424584674 0.1899138944 -1.473489267e-05)
(1.417323767 0.190094837 0.07269049013)
(1.404721009 0.1494364595 1.771228622e-06)
(1.388130332 0.111592019 0.07243514922)
(1.426084557 0.1542436215 0.06539217966)
(1.422816104 0.121208318 -1.571581394e-05)
(1.388200738 0.1121154859 5.985049239e-06)
(1.426084002 0.154701666 -8.433082853e-06)
(1.404731356 0.1488794797 0.07273877066)
(1.202000239 0.1870538756 -6.315052132e-05)
(1.136201231 0.1255317732 -0.0922043868)
(1.136228318 0.1259678089 -3.36965508e-05)
(1.33930545 0.1727524823 -5.241556708e-06)
(1.370239842 0.2260948976 -0.08132626392)
(1.370071245 0.2266525504 -1.399629389e-05)
(1.339409485 0.1721923424 -0.08198318157)
(1.030363311 0.04636760782 -2.087559342e-06)
(1.075779525 0.07824104532 -0.08969304912)
(1.075856419 0.07859147014 -3.392446158e-05)
(1.303940993 0.1262084677 5.178291588e-06)
(1.269875004 0.08726046542 -0.0796742368)
(1.269867388 0.08767542566 2.243821429e-05)
(1.304016281 0.1257105466 -0.08104095278)
(1.417277 0.1906545384 1.305160455e-05)
(1.416645405 0.2262941767 3.194014459e-05)
(1.42274706 0.2346173015 -0.07139456114)
(1.424676234 0.1894870132 -0.06472603767)
(1.422553985 0.2351394614 1.049060024e-05)
(1.424608176 0.1899114836 2.416805243e-05)
(1.417418377 0.1901050992 -0.0727028404)
(1.40477452 0.14944369 2.534986983e-05)
(1.422831358 0.1211709059 2.913229007e-05)
(1.388412931 0.1116051407 -0.07242551686)
(1.426178054 0.1542033799 -0.06540368146)
(1.388262923 0.1121272269 4.851301906e-05)
(1.426113326 0.154688058 2.362717376e-05)
(1.404915166 0.1488931142 -0.0727642007)
(0.7150039817 0.02662538231 -0.03133564467)
(0.7711633546 0.05464516499 -0.02779427656)
(0.7281577495 0.07099145462 -0.0301802109)
(0.7623217855 0.02370513814 0.02860829865)
(0.7150053041 0.02663068161 0.03133558271)
(0.7711702713 0.05465016264 0.02779444575)
(0.7281577005 0.07099774232 0.03018046556)
(0.6646742236 0.05318851086 -0.00303531469)
(0.6272168298 0.01825936968 -0.06428539204)
(0.6363633356 0.04228138044 -0.05961829735)
(0.7196814437 0.01987447743 -0.0006338489983)
(0.658501009 0.01913781272 -0.003008026016)
(0.7244191348 0.04587925611 -0.0006534953794)
(0.6330646261 0.05216118999 -0.06327635271)
(0.7519250918 0.1133619522 -0.02817240666)
(0.8105663603 0.1172077144 -0.02416469861)
(0.788074873 0.1468370095 -0.02580725413)
(0.7896304216 0.09479666651 0.02618341139)
(0.7519128447 0.1133979534 0.02817107722)
(0.8105393059 0.1172087188 0.02417027618)
(0.7880307547 0.1468475323 0.02581117748)
(0.7337381412 0.1751753811 -0.002683608284)
(0.6753112628 0.1408457618 -0.05637272368)
(0.6869616262 0.1366734645 -0.05107073894)
(0.7653492652 0.1344556777 -0.0006102792609)
(0.7111400183 0.1472770845 -0.003010768709)
(0.7826845012 0.1540262642 -0.0007046826678)
(0.6973272164 0.1611024995 -0.05354990711)
(0.5636126921 0.2686209898 -0.0655362502)
(0.6046898155 0.2267495362 -0.0004437542482)
(0.565613309 0.2673213603 -0.0002570460417)
(0.6135855972 0.3019747799 -0.0003403496245)
(0.639190076 0.2616558504 -0.05807797852)
(0.6432995545 0.2574626829 -0.0006574168974)
(0.6109905082 0.3045287695 -0.05904762786)
(0.7482399016 0.2672503848 -0.04252771443)
(0.85067167 0.2206295075 -0.01954658016)
(0.8440423071 0.2655044339 -0.01858929108)
(0.8019634644 0.2088300048 0.02304044891)
(0.7482376204 0.2672194667 0.04253012167)
(0.8507099318 0.220630312 0.01954806338)
(0.8440496984 0.2655073168 0.01858978381)
(0.8048756997 0.3510666741 -0.000968630591)
(0.7537700819 0.3522871872 -0.03999650147)
(0.7901237196 0.3080107058 -0.03644205959)
(0.7721194585 0.3115250185 -0.00180176868)
(0.7619539263 0.3515850561 -0.0007675857566)
(0.8109074444 0.318893223 -0.001092604691)
(0.7966487472 0.3533272504 -0.03460552645)
(0.8919174662 0.2581735029 -0.01489378532)
(0.9262157383 0.2217233768 -0.0132273086)
(0.9380800104 0.2497887545 -0.01214400131)
(0.8940505282 0.2236205771 0.01627298932)
(0.8919332556 0.2581776104 0.01489221659)
(0.9262171819 0.2217251883 0.01322856973)
(0.9380903786 0.249799856 0.01214395454)
(0.958315024 0.3276535686 -0.004121881297)
(0.8762954602 0.3187830943 -0.02183701118)
(0.8517015885 0.2716654596 -0.0202015462)
(0.9593114468 0.3192030888 -0.0009477931033)
(0.9316427963 0.3355979632 -0.004439581382)
(0.983348939 0.3133345065 -0.001216058431)
(0.9005614185 0.3004924535 -0.01915887792)
(0.9934462487 0.452677687 -0.001707754396)
(0.9653203644 0.4195745974 -0.0005346510747)
(0.9955804157 0.4512373998 -0.0003119182382)
(1.02219435 0.4158340152 -0.0003713062838)
(0.987652448 0.3948016076 -0.005721542414)
(0.9933849027 0.3905847665 -0.000775950275)
(1.019015698 0.418471415 0.0002022562163)
(1.136981398 0.5242859639 -2.586451448e-05)
(1.197308409 0.5341281344 0.03691682532)
(1.196577613 0.5341790519 -4.515894604e-05)
(1.200904373 0.4759317882 -7.855295228e-05)
(1.148732248 0.4709112906 0.02403180334)
(1.148291586 0.4704115022 -8.574625648e-05)
(1.201460441 0.4763177245 0.03327395975)
(0.9956428306 0.01899607976 3.005904479e-05)
(0.9661826655 -0.002548671792 0.08165017304)
(0.9663666803 -0.002232221063 1.959586454e-05)
(1.238657724 0.05333356591 0.07825066627)
(1.238782352 0.05385785677 -8.45764135e-07)
(1.212057812 0.02530607361 -2.617202808e-05)
(1.211984346 0.02489770845 0.07637205063)
(0.9262319657 -0.04105252881 1.377591782e-05)
(0.9298384339 -0.05097899616 0.07266959405)
(0.9300703531 -0.05066947711 1.955541853e-05)
(1.153920307 -0.05371137235 3.31868045e-05)
(1.15949906 -0.03728653005 0.07133544708)
(1.159712961 -0.03692107306 2.296435595e-05)
(1.153593037 -0.05423861742 0.06989461125)
(1.021014866 0.2861184567 -0.003534658837)
(1.017580515 0.242394015 -0.004606015422)
(1.045389665 0.2556811747 -0.00230243024)
(0.9913764753 0.2599853531 0.006540532753)
(1.021022551 0.2861204044 0.003534690971)
(1.017582743 0.2423962728 0.00460651388)
(1.045395571 0.2556833392 0.002302686558)
(1.094218687 0.3409525911 0.0136783785)
(1.077527059 0.2727843691 0.001842377533)
(1.120347367 0.2749978993 0.00543064259)
(1.055487176 0.3083492421 -0.001089163233)
(1.094248512 0.34094243 -0.01367988255)
(1.077515526 0.2727770424 -0.001842245824)
(1.120351385 0.2749848428 -0.005431720451)
(1.197560245 0.3164032382 -0.0006561606029)
(1.187269168 0.3486298175 0.02494631077)
(1.1400501 0.3134284759 0.0179293065)
(1.169836018 0.3466103628 -0.00237132212)
(1.198092703 0.3445572853 -0.0006681438101)
(1.176140758 0.3243152762 -0.002926479583)
(1.1791276 0.3113460712 0.02273350602)
(1.32409422 0.2939424499 0.04625083097)
(1.293924507 0.3130927134 -0.0003530017438)
(1.324115717 0.2922303835 -0.0002579737674)
(1.303333626 0.2637266502 -0.0004862883777)
(1.275170546 0.2894943162 0.03731308988)
(1.277274175 0.2806303243 -0.0008539984347)
(1.30119436 0.269666769 0.04138965805)
(1.403633677 0.1808928325 0.05795438298)
(1.391134067 0.2115272084 -5.384094656e-05)
(1.403712804 0.181118925 -3.171085916e-05)
(1.376793442 0.1698026646 -5.711273173e-05)
(1.363123411 0.1963439935 0.05051845643)
(1.363650665 0.1959100982 -9.249169507e-05)
(1.376539529 0.1698739675 0.05224587582)
(1.415790416 0.0922286639 -1.001859982e-05)
(1.397840182 0.06450365826 -2.624033864e-05)
(1.413915609 0.06422302656 0.0596771363)
(1.396424684 0.09047109362 0.05459415328)
(1.413828887 0.06456438739 -2.820313224e-05)
(1.396448899 0.09045301907 -4.319915579e-05)
(1.397908775 0.06442701605 0.0547497007)
(1.365593497 -0.01481551333 0.02815577007)
(1.400016609 -0.0103861059 -0.05811082195)
(1.365537485 -0.0148201958 -0.02815925694)
(1.198971362 0.2201936646 0.01314886057)
(1.159929352 0.2057125308 0.008585840866)
(1.187873378 0.1886774637 0.01109239863)
(1.161460781 0.2315335562 -0.009568470462)
(1.198966582 0.2201926768 -0.01314904428)
(1.159929966 0.2057122589 -0.008585143421)
(1.187872009 0.1886766824 -0.01109261406)
(1.266687384 0.1735909938 0.0192227856)
(1.215802003 0.1726187871 0.01384914699)
(1.240751595 0.1477957722 0.01630004832)
(1.23460617 0.2009101108 -0.01628454976)
(1.266686313 0.1735900742 -0.01922277698)
(1.215802825 0.1726178059 -0.01384918145)
(1.240754074 0.1477944888 -0.01629998517)
(1.310002674 0.1049953887 0.02302103523)
(1.262266366 0.1217934933 0.01825960318)
(1.277771024 0.09140834354 0.01985746578)
(1.292323403 0.1404517226 -0.02148050307)
(1.310012302 0.1049882419 -0.02302105871)
(1.262268559 0.1217910007 -0.01825949253)
(1.27777219 0.09140348686 -0.01985737676)
(1.321447037 0.03186737252 0.02365309779)
(1.289265915 0.06069677079 0.02065700566)
(1.296393958 0.03318060243 0.02181812265)
(1.319252119 0.06683646893 -0.02369611118)
(1.321470513 0.03186623331 -0.02365016793)
(1.289259476 0.06068534543 -0.02065739131)
(1.296385544 0.03315720483 -0.02181722144)
(0.5657264509 0.07329082778 -0.07139694152)
(0.5649524813 0.02471801164 -0.0007504230658)
(0.5736814087 0.07301944739 -0.0007568412576)
(0.6193960047 0.06186720818 -0.001858429483)
(0.5983673586 0.02114009151 -0.06836062963)
(0.6121047166 0.02116417958 -0.001847303921)
(0.6054921064 0.06192130741 -0.067130237)
(0.6758979743 0.08821645671 -0.003084380457)
(0.6443672687 0.07217002327 -0.05823320854)
(0.6579566111 0.1149297845 -0.05918964549)
(0.7473950183 0.1043747955 -0.0006236619303)
(0.7347349072 0.08107176193 -0.0006616169733)
(0.6915321188 0.1185371541 -0.003094462752)
(0.643229847 0.08544386189 -0.0616268859)
(0.5822817743 0.1183733866 -0.06879611542)
(0.6129684338 0.1592435616 -0.0007478924124)
(0.5903121129 0.1180666969 -0.0007605789112)
(0.6328634905 0.1008487473 -0.00186767789)
(0.6367684407 0.1358963617 -0.062224981)
(0.6514102653 0.13677796 -0.001849037546)
(0.6185685571 0.1005947986 -0.06505073655)
(0.6646767144 0.05319053247 0.003034945067)
(0.7196815233 0.0198731516 0.0006349245297)
(0.6272144101 0.01825323412 0.06428500424)
(0.6363723635 0.04228433784 0.05961666946)
(0.65850103 0.01913644821 0.003008259736)
(0.7244196495 0.04588147394 0.0006504405571)
(0.6330714323 0.05216491959 0.06327672298)
(0.564957196 0.02471551057 0.0007528586602)
(0.5657434454 0.07328922067 0.0713947025)
(0.57368679 0.07301847793 0.0007573259908)
(0.6193980662 0.06187139362 0.001857007509)
(0.5983747884 0.0211331629 0.06835984923)
(0.6121072932 0.02116249794 0.001847872729)
(0.6054980308 0.06193347509 0.06712865496)
(0.6759000042 0.08821939959 0.003085805686)
(0.7473916752 0.1043846212 0.0006214601633)
(0.6443637824 0.07217622304 0.05823406919)
(0.6579800823 0.1149549531 0.05918596568)
(0.7347357437 0.08107578737 0.0006632800764)
(0.6915361176 0.118545875 0.003093836867)
(0.6432370458 0.08544775707 0.06162524992)
(0.6129708514 0.1592387606 0.0007540052138)
(0.5822655269 0.1184026105 0.06879439963)
(0.5903075974 0.1180751523 0.000761021797)
(0.6328659334 0.1008565095 0.001870619219)
(0.6368053177 0.1359008973 0.062222227)
(0.651419872 0.1367795683 0.00185367799)
(0.6185756802 0.100619354 0.06505019972)
(0.6405475312 0.1944620569 -0.0007782144587)
(0.7021144601 0.198216866 -0.001176471249)
(0.6595308843 0.1656996491 -0.05865472082)
(0.6642875491 0.224798974 -0.05655875023)
(0.6745615589 0.1687234769 -0.001721038496)
(0.6719214054 0.2224532614 -0.0009637334943)
(0.6845916013 0.1899553686 -0.05464708178)
(0.7656613046 0.2292874685 -0.0004035171308)
(0.6871566585 0.2460176432 -0.05206087142)
(0.7002910401 0.2189118143 -0.04645832362)
(0.7555973555 0.2671241285 -0.003164714755)
(0.7167243698 0.2481795181 -0.002554895285)
(0.7992679768 0.2440128148 -0.0005261102144)
(0.6776117329 0.2053857052 -0.05088225518)
(0.7337326534 0.1751819632 0.002685081441)
(0.7653470845 0.1344726344 0.0006165320886)
(0.6752945408 0.1408718514 0.05637229506)
(0.6869604011 0.1366871153 0.0510673636)
(0.7111351449 0.1472872563 0.003014941472)
(0.7826750026 0.1540394311 0.0007047299779)
(0.6973216581 0.1611069846 0.05354850193)
(0.6405358389 0.1944567477 0.000772351611)
(0.7021069353 0.1982206142 0.001177105858)
(0.6594892182 0.1656991414 0.05865413871)
(0.6642697115 0.224810158 0.05655994209)
(0.6745494496 0.1687248487 0.001721474299)
(0.6719143674 0.2224569504 0.000964317215)
(0.6845745166 0.1899606213 0.05464666987)
(0.7656436227 0.2292963109 0.0004049437063)
(0.7555881367 0.2671209266 0.003166925984)
(0.6871309445 0.2460365027 0.05205932189)
(0.70026215 0.2189051438 0.04645829027)
(0.7167120074 0.2481855952 0.002553397306)
(0.7992543742 0.2440148245 0.0005297325011)
(0.6775815232 0.2054035921 0.05088081575)
(0.4740823496 0.3796883682 -6.394274333e-05)
(0.5491821663 0.4227893097 -0.05789484261)
(0.5497595175 0.421703763 -0.0001039254678)
(0.5213548272 0.3189477156 -0.06703688725)
(0.5224990919 0.3179755608 -0.0001419286034)
(0.5822001148 0.356181067 -0.0001788905235)
(0.580785192 0.3576253675 -0.05922764559)
(0.6651316566 0.3270832018 -0.0005666328398)
(0.677053748 0.2862081428 -0.05250382889)
(0.7079832466 0.3457725655 -0.04594425681)
(0.7318751412 0.3005305711 -0.001825088148)
(0.6881535419 0.281873178 -0.001476851971)
(0.7156276662 0.343643736 -0.0006958655557)
(0.6596179773 0.3303166833 -0.05241223736)
(0.6943845026 0.4571060966 -0.0001938746843)
(0.6232880644 0.4478185845 -0.04903424303)
(0.6241693747 0.4465506669 -0.0001465250544)
(0.6433755835 0.381554091 -0.0002582519546)
(0.6994200407 0.3973220155 -0.04413211875)
(0.702719799 0.3954454466 -0.0003383973202)
(0.6409297843 0.3834247148 -0.05148183954)
(0.6046816818 0.2267416692 0.0004374064771)
(0.5636083046 0.2685999946 0.06553497078)
(0.5656105838 0.2673156142 0.0002492222193)
(0.6135846539 0.3019821361 0.000341702474)
(0.6391758869 0.2616709624 0.05807823225)
(0.6432944622 0.2574674764 0.0006583690331)
(0.6109890913 0.3045551373 0.05904770353)
(0.4740886344 0.3796920335 6.424060271e-05)
(0.5491976814 0.4227993239 0.05789380151)
(0.5497641139 0.4217054316 0.000108043255)
(0.5213759651 0.3189396513 0.06703561396)
(0.5225043905 0.3179718711 0.0001384546106)
(0.5822035771 0.3561883264 0.0001804843704)
(0.5807945613 0.3576469651 0.05922629455)
(0.665130502 0.3270860516 0.0005668840363)
(0.7318670618 0.3005274428 0.001827908451)
(0.6770486476 0.286227294 0.05250233565)
(0.7079584916 0.3457643822 0.0459454005)
(0.6881491359 0.2818779865 0.001475657853)
(0.7156202505 0.343641331 0.0006953297869)
(0.6596182865 0.3303260226 0.05241192598)
(0.6943900682 0.4571093436 0.0001909458249)
(0.6232842393 0.4478031346 0.04903360123)
(0.624169915 0.4465471334 0.0001473098686)
(0.6433768554 0.3815539998 0.0002583645781)
(0.699410278 0.397323223 0.04413232122)
(0.7027167791 0.3954459875 0.0003361450988)
(0.6409345556 0.3834245716 0.05148266015)
(0.7591493787 0.456194165 -0.000259760764)
(0.8144396017 0.4489594216 -0.02688203705)
(0.8166882117 0.4456287734 -0.0003796339388)
(0.8072039515 0.3942338517 -0.0007274820854)
(0.7539173871 0.4016486094 -0.03764049379)
(0.7574872213 0.3995614785 -0.0004578217355)
(0.8033441955 0.3993299471 -0.0316040451)
(0.8581307824 0.3512475108 -0.002958334999)
(0.7828868532 0.2952437596 -0.03197409038)
(0.8507827339 0.3343673493 -0.02530136111)
(0.9273192445 0.3287554899 -0.0006112767791)
(0.8886493041 0.331409136 -0.0001603815074)
(0.8996842301 0.3466051602 -0.004008355499)
(0.8212402931 0.3455228717 -0.0299127568)
(0.8607027936 0.4327805555 -0.02154102851)
(0.9092737738 0.409317785 -0.0008696605843)
(0.8668111178 0.4285277633 -0.000678123183)
(0.8558038449 0.3850842097 -0.001776265923)
(0.8769367937 0.3743308864 -0.02184746762)
(0.8975582437 0.3743008978 -0.002308728662)
(0.8426966816 0.390004799 -0.026230732)
(0.8048828174 0.351065696 0.0009682277918)
(0.7721187708 0.3115152502 0.001798859364)
(0.7537837448 0.3522728223 0.03999703905)
(0.790144007 0.3080147549 0.03644282068)
(0.7619566423 0.3515795771 0.0007655663203)
(0.8109125406 0.3188926858 0.001090655872)
(0.7966710607 0.3533270926 0.03460592993)
(0.7591549803 0.4561964635 0.0002646419691)
(0.8144346532 0.4489360366 0.02688183508)
(0.8166886396 0.4456227214 0.0003806793096)
(0.8072095027 0.3942310828 0.0007293509981)
(0.7539383584 0.4016514415 0.03763972057)
(0.7574933161 0.3995614824 0.0004591298697)
(0.8033612907 0.3993222508 0.03160419754)
(0.8581328702 0.3512442975 0.002957495125)
(0.9273170866 0.3287518536 0.0006064971637)
(0.782872604 0.2952317529 0.03197607819)
(0.8507785047 0.3343666656 0.02530316669)
(0.8886536307 0.3314083338 0.0001609278983)
(0.8996854537 0.3466039537 0.004004708702)
(0.8212392344 0.345511784 0.02991339485)
(0.9092853162 0.4093249368 0.0008702410953)
(0.8607173585 0.4327661423 0.02154003986)
(0.8668152415 0.4285221191 0.0006768576938)
(0.8558053111 0.3850772192 0.001775760967)
(0.8769315401 0.3743465616 0.02184171046)
(0.897558881 0.374303265 0.002304915362)
(0.8426947759 0.3899810463 0.02623035553)
(0.9439862793 0.3887990614 -0.0009432548914)
(0.9610513339 0.3487025316 -0.00147496778)
(0.9068004868 0.3545062233 -0.01814594013)
(0.9600884151 0.3666496614 -0.01073004666)
(0.9314281732 0.3605511594 -0.002322460909)
(0.9725117009 0.3665962548 -0.001102712397)
(0.9322386063 0.3331079813 -0.01490596638)
(1.036757911 0.3449864444 -0.000121272857)
(0.9625232384 0.3390152685 -0.00853493111)
(0.914281506 0.2853565708 -0.008935892773)
(1.041160016 0.3355599645 -0.00386167528)
(1.015021498 0.3505610475 -0.003199869819)
(1.063729931 0.3318209618 -0.0009062252364)
(0.9028758056 0.3017835753 -0.0117358024)
(0.9583295764 0.3276562341 0.004126208036)
(0.9593157157 0.3192052416 0.0009461077831)
(0.8763100837 0.3188049162 0.02183315348)
(0.8517283081 0.2716726811 0.02020154246)
(0.9316544351 0.3356077004 0.004440139243)
(0.9833549951 0.3133359306 0.001215419841)
(0.9005836227 0.300495666 0.01915545396)
(0.943978543 0.388805873 0.0009535881027)
(0.9610527434 0.3487011432 0.001487536222)
(0.9067776883 0.354552773 0.01813801979)
(0.9600861324 0.3666198937 0.01074902852)
(0.9314316251 0.3605737926 0.002333138923)
(0.9724958866 0.3665825034 0.001100765419)
(0.932227948 0.3330983682 0.01490290307)
(1.036763283 0.3449790754 0.0001233602752)
(1.041164497 0.3355590354 0.003862826365)
(0.9625368578 0.3390042393 0.00853909021)
(0.9142955022 0.2853499864 0.008934760903)
(1.015017521 0.3505554967 0.003199244508)
(1.063736193 0.3318179223 0.0009071471254)
(0.902880934 0.301765362 0.01173482317)
(1.082133794 0.506629269 -7.092559125e-05)
(1.033185077 0.4816409422 0.006253554562)
(1.033970996 0.4809342775 -0.0001392074584)
(1.057929448 0.4389140548 -0.0001276935862)
(1.100155229 0.4581054475 0.01520302405)
(1.100321058 0.4578752052 -7.617322389e-05)
(1.056480766 0.4395191496 0.007206985919)
(1.045624503 0.3827893734 -0.0005415857862)
(1.002815147 0.3670167655 -0.003714308455)
(1.049855784 0.3520931515 0.002065870202)
(1.044353688 0.3472980215 -0.002138520959)
(1.022223322 0.3652335512 -0.001813609)
(1.063783034 0.3566279754 -0.0004678237681)
(1.036790676 0.3850685715 0.001529816503)
(1.076879352 0.4021915883 4.181969284e-05)
(1.11300128 0.4156556894 0.01487686588)
(1.083748626 0.3665046508 0.008569630133)
(1.122867822 0.3765081518 -0.0004187026779)
(1.113091914 0.4156898342 -0.000128750884)
(1.094060578 0.3721199585 0.0009234602112)
(1.073399623 0.4007956709 0.007925070215)
(0.9653183032 0.4195786555 0.0005404954434)
(0.9934685891 0.4526951518 0.00170555358)
(0.9955857326 0.4512410676 0.0003141723527)
(1.02220054 0.4158329465 0.000373472233)
(0.9876106198 0.3947589399 0.005729502926)
(0.9933778611 0.3905750996 0.0007749362563)
(1.019040311 0.4184696295 -0.0002042823)
(1.08214507 0.5066366617 7.690156844e-05)
(1.033215718 0.481655771 -0.006254426017)
(1.033981812 0.4809393802 0.000140046952)
(1.057940946 0.438917731 0.0001312241433)
(1.100202161 0.458121064 -0.01521313674)
(1.100339696 0.4578806855 8.570950146e-05)
(1.056503081 0.4395252618 -0.007211299926)
(1.045632004 0.3827879819 0.0005449460258)
(1.044358485 0.3472972067 0.002140067757)
(1.002829548 0.3670086681 0.003713463149)
(1.049876185 0.3520911386 -0.002068959807)
(1.022225277 0.3652310542 0.001815113594)
(1.063789573 0.3566281277 0.0004702951801)
(1.036815566 0.3850650353 -0.001533303569)
(1.076890078 0.4021913298 -3.703854228e-05)
(1.122881306 0.3765033591 0.0004242362623)
(1.113049227 0.4156534793 -0.01488457765)
(1.08377799 0.3665021645 -0.008574254949)
(1.11311023 0.4156876837 0.0001368235418)
(1.094070173 0.3721181296 -0.0009187891958)
(1.07343258 0.4007976638 -0.007929942039)
(1.307003107 0.5078905073 -5.11261405e-05)
(1.255775929 0.5270689881 0.04896759425)
(1.254846885 0.52720991 -5.912355217e-06)
(1.309451595 0.4563461294 0.05225244556)
(1.308697737 0.4566807471 -5.358311924e-05)
(1.255513291 0.4710204027 -2.110534221e-05)
(1.256159283 0.4710136761 0.04300473873)
(1.199589471 0.4256156714 -0.0001802070377)
(1.154854447 0.424809784 0.02223717473)
(1.195992325 0.3856660772 0.02731621483)
(1.158024733 0.3801365689 -0.0006542005292)
(1.154212932 0.4234011219 -0.0002573055939)
(1.197190272 0.3814948684 -0.0003168893284)
(1.199861866 0.4268208023 0.03006318778)
(1.29441044 0.4079119842 0.0458463335)
(1.277087215 0.3657754341 -8.225607063e-05)
(1.293946404 0.4079272408 -7.425836074e-05)
(1.247048505 0.4204740344 -8.210390719e-05)
(1.236707478 0.378331688 0.03418070839)
(1.237536391 0.3771586199 -0.0001014305886)
(1.247197413 0.4209453864 0.03816561716)
(1.136999669 0.5243018314 4.147408289e-05)
(1.197352757 0.5342165154 -0.03692241872)
(1.196589431 0.5342089941 6.081895708e-05)
(1.200932646 0.475967664 0.0001086047007)
(1.148824743 0.4709347851 -0.02404713789)
(1.148320383 0.4704197133 0.0001031926456)
(1.201605373 0.4764079915 -0.03328675094)
(1.306950727 0.5079076674 4.00016258e-05)
(1.255660105 0.5272927821 -0.04896179782)
(1.254802884 0.5272809136 1.768591315e-05)
(1.308999883 0.4563755565 -0.05221205709)
(1.308571502 0.4566996498 1.213692355e-05)
(1.25545037 0.4711069717 7.978670259e-05)
(1.256011046 0.4713035548 -0.04290754447)
(1.19960104 0.4255975825 0.0002022288719)
(1.158037769 0.3801246345 0.0006601077719)
(1.154931707 0.4247849023 -0.02224930159)
(1.195995723 0.3856121728 -0.02730990903)
(1.154239306 0.4233909455 0.0002697084159)
(1.197188405 0.3814724934 0.0003273662289)
(1.19992536 0.4267717933 -0.03007527226)
(1.277054714 0.3657919772 7.064262425e-05)
(1.29382093 0.4077517197 -0.0458490566)
(1.293822658 0.4078984197 -6.359237864e-06)
(1.247015587 0.4204600865 8.818519646e-05)
(1.236618269 0.3782109817 -0.03416450376)
(1.237508481 0.3771245362 9.277341622e-05)
(1.247229601 0.4208912206 -0.03809210589)
(0.9327528062 -0.03054180874 1.837504737e-05)
(0.9449298182 -0.01818936949 0.07874568608)
(0.9451292106 -0.01789332028 2.165432485e-05)
(1.18880684 0.001537545377 1.435515658e-05)
(1.171848932 -0.01879161175 0.07247839549)
(1.172062904 -0.01847895361 1.597127393e-05)
(1.188634107 0.001200808308 0.07452463207)
(1.370030632 0.07741030449 0.07168721285)
(1.416444922 0.08950909327 -7.021406778e-06)
(1.370183527 0.07794405543 9.613667572e-06)
(1.352484509 0.04733773438 -2.601902708e-05)
(1.408036351 0.0593937143 0.06500707873)
(1.408014948 0.05980377786 -2.470152664e-05)
(1.352516857 0.04684943986 0.0706545149)
(1.33511547 0.01982245106 7.942325457e-06)
(1.320612608 -0.004612764336 0.06813247626)
(1.398489506 0.03155034238 0.06431621883)
(1.38924582 0.006588617229 -8.333970209e-06)
(1.32077692 -0.004303291406 1.355344857e-05)
(1.398508597 0.03182443488 -2.527416265e-05)
(1.335049384 0.01945491602 0.06952818337)
(0.9955994014 0.01900617151 -5.39802643e-05)
(0.9661637733 -0.002860102172 -0.081642518)
(0.966387891 -0.002315531386 -3.958928714e-05)
(1.238541031 0.05371245321 -0.07815696176)
(1.238778751 0.05396996081 -3.974858965e-05)
(1.212030421 0.02533187451 -0.0001018022892)
(1.211545719 0.02496029204 -0.07641881628)
(0.9327556339 -0.03055246518 -8.04285549e-06)
(0.944976958 -0.01838872051 -0.07875981257)
(0.9451457326 -0.01795584721 -2.459856908e-05)
(1.18886996 0.001533187107 -8.803514347e-06)
(1.172027389 -0.01879382865 -0.07249806612)
(1.172098131 -0.01847956884 3.955512338e-06)
(1.188845095 0.001184825014 -0.07454699364)
(1.416435896 0.08948350229 5.667903277e-06)
(1.370120983 0.07762234408 -0.07155460108)
(1.370206132 0.07801876723 2.280274055e-05)
(1.352419012 0.04744775854 -5.643909259e-05)
(1.407882437 0.05951640945 -0.06497693444)
(1.407970694 0.05983913861 -6.547739698e-06)
(1.352020468 0.04721580856 -0.07065775648)
(1.335079236 0.01986641844 9.609226933e-07)
(1.389242142 0.00658366589 7.269319166e-06)
(1.320613765 -0.004608959355 -0.06815714193)
(1.398369433 0.03162549082 -0.06431452844)
(1.320757949 -0.004299951629 6.792701344e-06)
(1.398476608 0.03184478533 2.426127865e-06)
(1.334956996 0.01959735838 -0.06954729485)
(1.300276709 -0.04816306135 0.0001017538257)
(1.309004997 -0.02717524846 0.06695514125)
(1.371586834 -0.04087018587 0.06169071499)
(1.380896638 -0.01752699377 5.485889061e-05)
(1.309443213 -0.026800147 3.8584204e-05)
(1.373228497 -0.040843739 0.0002692461406)
(1.29958476 -0.04899403277 0.06609266773)
(0.9262531306 -0.04105161863 -2.712949727e-05)
(0.9299214196 -0.05100831325 -0.07267384962)
(0.930097934 -0.05067712579 -1.476659022e-05)
(1.153937977 -0.05370161426 -3.865172866e-05)
(1.15953831 -0.03723668508 -0.07132942592)
(1.159725486 -0.03690496566 -2.956981753e-05)
(1.153625571 -0.05421356557 -0.06989490714)
(1.300264528 -0.04815192954 -0.0001034153118)
(1.380901798 -0.01753095188 -4.437450414e-05)
(1.308991942 -0.02715107565 -0.06695895101)
(1.371602128 -0.04086158541 -0.06168934354)
(1.309426302 -0.0267911633 -3.287848843e-05)
(1.373226704 -0.04084347381 -0.000269353129)
(1.299557877 -0.04896074696 -0.06609153557)
(1.262014273 0.33007968 -0.0001890840385)
(1.226624572 0.3129339692 0.0008249822736)
(1.225555409 0.3407379505 0.03089803392)
(1.24630394 0.3027932977 0.03300512062)
(1.230004861 0.3412177529 9.285999602e-06)
(1.25091946 0.2970089135 -0.0006282442574)
(1.212748062 0.3068558494 0.02832375171)
(1.303826185 0.3023689012 0.0005974228963)
(1.195865285 0.2682257166 0.02997996475)
(1.099387222 0.2336686978 0.02553628323)
(1.275544128 0.2625585366 -0.005712228984)
(1.277084525 0.2784878685 -0.004576415713)
(1.306229615 0.2822755078 -0.000911443594)
(1.115864883 0.2585083471 0.02724069972)
(1.197558144 0.3163945294 0.0006655528825)
(1.169840741 0.3466056889 0.002374797133)
(1.187258407 0.3486517579 -0.02493408629)
(1.140040524 0.3134024325 -0.01793242147)
(1.198084523 0.3445693365 0.0006751694103)
(1.176146962 0.3243078822 0.002928201308)
(1.179107629 0.3113250736 -0.02273163158)
(1.261998439 0.3300897462 0.0001866802145)
(1.226608966 0.3129254505 -0.0008212360841)
(1.225434892 0.3407278637 -0.03089942691)
(1.246293175 0.3027848379 -0.03300345827)
(1.229977739 0.3412232256 -1.395874771e-05)
(1.250914566 0.2970075279 0.0006245015343)
(1.212719939 0.3068497552 -0.02833026124)
(1.303793228 0.3023547653 -0.0005986198111)
(1.275542794 0.2625583688 0.005709988644)
(1.195860245 0.2682136857 -0.02998024985)
(1.099400887 0.2336676547 -0.02553461718)
(1.277076792 0.2784829184 0.004573224369)
(1.30621736 0.282270225 0.000911491872)
(1.115878233 0.2585000161 -0.02724077193)
(1.350615215 0.2691457021 0.05030380369)
(1.373371785 0.2410420585 -8.864248979e-05)
(1.350883232 0.2681775183 -0.0001481860001)
(1.326655751 0.2439620485 -0.0002478256431)
(1.345788265 0.2224196039 0.04810030443)
(1.346790013 0.2211869841 -0.0001474495439)
(1.324952681 0.2468943903 0.04493262049)
(1.291427911 0.2409999256 -0.001156417314)
(1.24500474 0.262505662 0.03348183422)
(1.257451514 0.2207423499 0.03387701368)
(1.269948817 0.2445638706 -0.003625638532)
(1.276968217 0.2577579253 -0.003017187833)
(1.278748782 0.2247799302 -0.001404686805)
(1.27681472 0.2465132401 0.03724613156)
(1.308390982 0.2232964855 -0.0004763035565)
(1.321876571 0.2050211103 0.04337911265)
(1.282427981 0.2071319849 0.03677059143)
(1.305489698 0.1875844248 -0.000275306814)
(1.324736524 0.2035981327 -0.0002661015194)
(1.292235963 0.2073702683 -0.0005878184174)
(1.301709312 0.2265250318 0.04042121886)
(1.293916771 0.3131044925 0.0003468465806)
(1.324129259 0.2939552709 -0.04625454442)
(1.324122838 0.2922336479 0.0002622114363)
(1.303338176 0.263728615 0.0004869620557)
(1.275149417 0.289508918 -0.03731025756)
(1.277271008 0.2806362522 0.0008483138097)
(1.30120473 0.2696724325 -0.04139197916)
(1.373375592 0.2410424422 8.874636552e-05)
(1.350634987 0.2691486541 -0.05030571612)
(1.350889268 0.2681775639 0.0001508400013)
(1.326664131 0.2439625636 0.0002519725962)
(1.345801049 0.222422137 -0.04810123459)
(1.346795489 0.2211874363 0.0001485572863)
(1.324983083 0.2468972268 -0.04493479692)
(1.291431149 0.2410039442 0.001156588374)
(1.26995208 0.2445648887 0.003629361345)
(1.245025056 0.2625231402 -0.03348053209)
(1.257454245 0.2207463202 -0.03387787028)
(1.276970531 0.2577636837 0.003019376837)
(1.278750456 0.2247813788 0.001403923903)
(1.276823607 0.2465242025 -0.03724625881)
(1.308394846 0.2232976128 0.0004777673411)
(1.305490903 0.1875843298 0.0002748698937)
(1.321884899 0.2050190516 -0.04337982445)
(1.282440918 0.2071354284 -0.03676994673)
(1.324740121 0.2035977003 0.0002669383568)
(1.292239052 0.2073713267 0.0005899610272)
(1.301719291 0.2265278219 -0.04042286889)
(1.411409354 0.150527943 0.05901431485)
(1.415219424 0.121071222 -2.558705701e-05)
(1.411424938 0.1508245182 -2.577979109e-05)
(1.386378348 0.143205401 -4.993035034e-05)
(1.392798245 0.1166700591 0.05427396645)
(1.392813375 0.1167873927 -4.256875744e-05)
(1.38630741 0.1431473365 0.05351297144)
(1.351815434 0.1585805246 -0.0001191471284)
(1.338370552 0.181816061 0.04559771281)
(1.329201096 0.1481316979 0.04355277334)
(1.318923693 0.1678902298 -0.0001814742082)
(1.339569324 0.1812634579 -0.0001736994996)
(1.329898874 0.1467371475 -7.509994287e-05)
(1.351325891 0.158683946 0.04737071168)
(1.361404827 0.1346903557 -0.0001060290679)
(1.368304488 0.1114996979 0.04956199121)
(1.339170595 0.1271350494 0.04457389501)
(1.346299527 0.1044112602 -3.780772239e-05)
(1.368258276 0.111612785 -9.848236181e-05)
(1.339402993 0.125591565 -9.261325148e-05)
(1.361235912 0.1346818989 0.04863325383)
(1.391142129 0.2115272125 5.676281433e-05)
(1.403672226 0.1808862975 -0.05796093038)
(1.403726304 0.1811153522 3.871046487e-05)
(1.37680256 0.1697995785 6.240658822e-05)
(1.363141305 0.1963446577 -0.05052100003)
(1.363657596 0.195909936 9.518213095e-05)
(1.376564512 0.1698677335 -0.05224865644)
(1.415229486 0.1210511764 3.153453691e-05)
(1.411443071 0.150490189 -0.05902091761)
(1.411438954 0.150810944 3.283934383e-05)
(1.386383676 0.1431985965 5.26050444e-05)
(1.392814112 0.1166535123 -0.05427914526)
(1.392818578 0.1167799034 4.737363221e-05)
(1.386314351 0.14312912 -0.05351769616)
(1.351821657 0.1585784849 0.0001227493819)
(1.318927179 0.1678903355 0.0001828759525)
(1.338383657 0.1818114916 -0.04559952349)
(1.329225397 0.148128564 -0.04355447053)
(1.339574526 0.1812620867 0.0001756263069)
(1.329905342 0.1467363927 7.990221413e-05)
(1.351341633 0.1586787921 -0.04737459581)
(1.361410712 0.1346873162 0.0001096115947)
(1.346303793 0.1044081776 4.254615407e-05)
(1.368319774 0.1114945254 -0.04956318745)
(1.33917548 0.1271266055 -0.04457792484)
(1.3682633 0.1116092449 0.0001038056254)
(1.339407176 0.1255894823 9.459363966e-05)
(1.361251709 0.1346739942 -0.04863699385)
(1.398968717 0.03850785455 -4.553843149e-05)
(1.410679234 0.03747253212 0.0593138256)
(1.397380101 0.01714425969 0.0556255449)
(1.405784309 0.0139126703 -7.155409081e-05)
(1.410555898 0.03771842462 -6.835013873e-05)
(1.397625443 0.01533464606 3.917124143e-05)
(1.398908551 0.03966235826 0.05496947613)
(1.373230931 0.06623341321 -0.000111500966)
(1.372354134 0.08778309558 0.04989287637)
(1.357962728 0.06485904449 0.04794742319)
(1.352314796 0.08264961478 -0.0001179125334)
(1.372300133 0.08775947193 -0.0001495136758)
(1.356504033 0.06317154309 -1.830992723e-05)
(1.374575903 0.06620788663 0.05003193441)
(1.415793972 0.09221587182 2.350781023e-05)
(1.397828393 0.06451030202 2.95294529e-05)
(1.413859907 0.06428299423 -0.05965007383)
(1.396422716 0.09042171256 -0.0545966563)
(1.413810376 0.06458883757 2.661160371e-05)
(1.396447967 0.09043980596 4.811655949e-05)
(1.397879245 0.06442166192 -0.05474223855)
(1.398955757 0.03852586268 4.412318316e-05)
(1.405777601 0.01393290443 6.572330952e-05)
(1.410581824 0.03758026403 -0.05930470318)
(1.397354425 0.01718121172 -0.05562799869)
(1.410530128 0.03775625046 5.166860837e-05)
(1.397617394 0.01534836555 -4.189275982e-05)
(1.398872511 0.03970028208 -0.05497374806)
(1.373230444 0.06623188069 0.0001163078384)
(1.352313579 0.08264949989 0.0001165759547)
(1.372335392 0.08775920896 -0.04989525917)
(1.357973451 0.06485797226 -0.04794983855)
(1.372299961 0.08775180549 0.0001488432203)
(1.356506924 0.06317151602 2.306206267e-05)
(1.374573316 0.06619819633 -0.05003432135)
(1.393506394 -0.03191191769 0.05769119568)
(1.394001566 -0.006462090517 0.05440117726)
(1.400280929 -0.01019617834 -7.988461501e-05)
(1.392614209 -0.03228965695 -3.744194e-05)
(1.395691508 -0.008483334054 5.028281736e-05)
(1.395991128 -0.02853798402 1.160354167e-05)
(1.39128807 -0.02618431361 0.05511964524)
(0.7237412758 0.2290829254 -0.04241070706)
(0.7788290796 0.2684782042 -0.03874396607)
(0.7903254789 0.2782603487 -0.003346049342)
(0.83142843 0.257407996 -0.0007097721174)
(0.823033786 0.2884026625 -0.003096994492)
(0.8583724365 0.2657697606 -0.0009204678305)
(0.7497005528 0.234471413 -0.03826515287)
(0.7903213066 0.2782511445 0.003341207106)
(0.7237289889 0.2290670394 0.04241250086)
(0.7788332037 0.2684818069 0.03874675255)
(0.8314222123 0.2574045952 0.0007046245249)
(0.8230351276 0.2884027109 0.003092249277)
(0.8583760381 0.2657723201 0.0009159825273)
(0.7496978897 0.234478503 0.03826849464)
(1.017085644 0.3155706825 0.009670678669)
(1.087243968 0.300542433 0.0126243857)
(1.156901634 0.3510029441 -0.003769293615)
(1.174283586 0.3607571922 0.000606206704)
(1.169792106 0.3294953582 -0.004942974137)
(1.190478053 0.3407323346 -0.0009561029976)
(1.012908248 0.2883527397 0.01002274225)
(1.15691124 0.3509977473 0.003773554958)
(1.017119554 0.3155677707 -0.009674016534)
(1.087274085 0.3005300867 -0.01262455646)
(1.174292204 0.3607533862 -0.0006024820818)
(1.169798943 0.3294885668 0.004945788375)
(1.190485419 0.3407277573 0.0009589386384)
(1.012925437 0.2883432524 -0.01002501231)
(1.400287683 -0.01019094752 8.855469806e-05)
(1.393519158 -0.03190678849 -0.05769051274)
(1.394023449 -0.006466601079 -0.05440106611)
(1.392614493 -0.03229220186 4.071178423e-05)
(1.39568659 -0.008490074524 -4.715836179e-05)
(1.395983234 -0.02855564943 -1.20920502e-05)
(1.391299614 -0.02621732589 -0.05511770636)
(0.219346446 0.2150105284 0.01251181813)
(0.1267884055 0.1254108457 0.008179514862)
(0.04187971867 0.04194756585 0.004615365632)
(0.2193570648 0.21502292 -0.01251297219)
(0.1267957185 0.1254183061 -0.008180628268)
(0.04188253957 0.04195044547 -0.004616072693)
(-0.01486744769 0.01638088286 0.03967102223)
(-0.009219263866 0.009528474943 0.02590163343)
(-0.00297117952 0.003437969422 0.01471418656)
(-0.01485408338 0.01636890443 -0.03966923541)
(-0.009211692946 0.009521628167 -0.02590071751)
(-0.002968711163 0.003435642946 -0.01471393425)
(0.01582433691 0.07018276733 0.0001515214826)
(0.007225942585 0.04131402124 0.0001599227069)
(0.001431060415 0.01394267285 0.0001655657924)
(0.009483866379 0.02398782267 -0.05274900758)
(0.003423031998 0.01394464396 -0.0339148528)
(0.001019466166 0.004567941458 -0.01939519635)
(0.009093134582 0.02384791564 0.0001851233566)
(0.003305829668 0.01383725106 0.0001844900074)
(8.40347399e-05 0.004603123339 0.000181744213)
(0.01616906406 0.07036961795 -0.05135962082)
(0.00732901996 0.04145943283 -0.03290218615)
(0.002335438833 0.01389713364 -0.01885408879)
(-0.01908164366 0.03179248496 -0.0001845265166)
(-0.01115674287 0.01781482145 -0.0001749252506)
(-0.003985463274 0.005529025993 -0.0001572145259)
(0.2455783479 0.1874901887 0.02505473083)
(0.1421647906 0.1085001962 0.01592643682)
(0.04688184529 0.03607651906 0.009109138905)
(0.2454530965 0.1867686439 -0.0001686018588)
(0.141985582 0.108146997 -0.0001325581817)
(0.04704216021 0.03562846486 -0.000117246935)
(0.03601011706 0.1078385965 0.000171013929)
(0.01937522252 0.064556748 0.0001633629995)
(0.005635172188 0.02211224957 0.0001615833308)
(0.03647764683 0.1082484408 -0.04722765988)
(0.01957602513 0.06484897095 -0.02983323042)
(0.006470435587 0.02202367982 -0.01711116224)
(0.01582411676 0.07018138793 -0.0001505697743)
(0.007225825035 0.04131318586 -0.0001592990656)
(0.001431044279 0.01394238 -0.0001652040891)
(0.00948271645 0.02398619272 0.05274786467)
(0.003422571165 0.01394359707 0.03391402756)
(0.001019362791 0.004567556126 0.01939471051)
(0.009092934048 0.02384733014 -0.0001839013499)
(0.003305750275 0.01383687249 -0.0001836875647)
(8.40396212e-05 0.004602982092 -0.0001812770877)
(0.01616804057 0.07036605926 0.05135870647)
(0.007328535712 0.04145722588 0.03290151839)
(0.002335297084 0.01389635416 0.01885371275)
(0.03600976144 0.1078366081 -0.0001703021529)
(0.01937499982 0.06455554488 -0.0001628966845)
(0.005635103216 0.02211183722 -0.0001613097679)
(0.03647622167 0.1082434756 0.04722710912)
(0.01957522504 0.06484590762 0.02983282953)
(0.006470166464 0.02202260884 0.01711094693)
(0.06287098919 0.1580744611 0.03579219523)
(0.03549046049 0.09294442191 0.02417474473)
(0.0117249735 0.03108912095 0.01381774331)
(-0.01957169201 0.05558581062 0.0345345782)
(-0.01145325208 0.03202492507 0.02320737512)
(-0.003503879258 0.01065976394 0.01317152116)
(-0.01956946163 0.05558135959 -0.03453374078)
(-0.01145199121 0.03202240201 -0.02320716494)
(-0.003503534059 0.01065894818 -0.01317167538)
(0.1591007093 0.2008749079 -0.002245760817)
(0.092373584 0.1187004799 -0.001661552342)
(0.03071950625 0.0398764772 -0.001021465575)
(0.1585166095 0.2007066213 0.0001208231258)
(0.09202664404 0.1185075883 7.48411983e-05)
(0.03055933745 0.03980331504 4.953403621e-05)
(0.1395188419 0.2090016153 -1.682609349e-05)
(0.08073733904 0.1219789339 -3.083556555e-05)
(0.02652129052 0.04079095333 -3.52482005e-05)
(0.1590958955 0.2008648573 0.002245897304)
(0.09236983376 0.1186940032 0.001661546646)
(0.03071777703 0.03987392206 0.001021421509)
(0.1585119641 0.2006999619 -0.0001208910305)
(0.0920228172 0.1185023608 -7.485710798e-05)
(0.03055754285 0.03980094188 -4.955109956e-05)
(0.2187429716 0.2143527462 -1.765456188e-05)
(0.1262852466 0.1249104077 -2.758288345e-05)
(0.04181031537 0.04157337297 -3.395825988e-05)
(0.2187478457 0.2143587039 1.922124118e-05)
(0.1262889861 0.124914043 2.888647794e-05)
(0.04181186827 0.04157487732 3.47003616e-05)
(-0.01501803665 0.01609103838 -0.0001752524908)
(-0.009203199782 0.009438474478 -0.0001674153652)
(-0.003439576686 0.002923868071 -0.0001559364799)
(-0.01501414034 0.01608673021 0.000174955423)
(-0.009200946304 0.009435999876 0.0001672153505)
(-0.00343882972 0.002923048289 0.0001558347857)
(-0.02101498624 0.04897924089 0.03881439055)
(-0.0123289087 0.02774054687 0.02446966204)
(-0.003839156931 0.009138918904 0.01396259296)
(-0.01875887337 0.03194789406 0.03692686183)
(-0.01109202394 0.01784652534 0.02504211932)
(-0.003415545478 0.005905139026 0.01423535415)
(0.2501759759 0.09437137065 0.05396782958)
(0.1405323626 0.0524094158 0.03635243017)
(0.04496827808 0.01698348024 0.02074443209)
(-0.0009279148214 0.003144313687 0.04167824992)
(-0.002228901045 0.002018421757 0.02826636103)
(-0.001025946457 0.0010986146 0.01606173206)
(0.02593560474 -0.008266837477 0.04911093725)
(0.01242394461 -0.004687541274 0.03108190695)
(0.003540726983 -0.001065092947 0.01775336889)
(0.06287150228 0.1580774116 -0.03579307383)
(0.03549038793 0.09294554918 -0.02417513993)
(0.01172478688 0.03108929554 -0.01381773342)
(0.09188276176 0.1825627463 -0.02760886938)
(0.05269406321 0.1086683196 -0.01780048534)
(0.01763194369 0.03673071387 -0.01025753031)
(0.1396481324 0.209297071 -0.01260923238)
(0.08084680796 0.1222362991 -0.008473751785)
(0.02677198515 0.04078028291 -0.004840848908)
(0.09188112268 0.1825554815 0.02761118966)
(0.05269225847 0.1086628726 0.0178011989)
(0.01763108842 0.03672830237 0.01025753602)
(0.1396472132 0.2092949681 0.01260923735)
(0.08084660265 0.1222354702 0.008473709662)
(0.02677211597 0.04078022218 0.004840865099)
(-0.02101124254 0.0489702339 -0.03881692563)
(-0.01232671477 0.02773490126 -0.02447041247)
(-0.003838333544 0.009136860122 -0.01396251733)
(-0.01875929669 0.03194677748 -0.03692585691)
(-0.01109189952 0.01784603459 -0.02504160498)
(-0.003415393778 0.00590493372 -0.01423526787)
(0.2780058833 0.1322296458 0.0472835516)
(0.1593084662 0.07489546484 0.03034034741)
(0.0520764733 0.02476645531 0.01737130515)
(0.2779864019 0.1322236332 -0.04728785708)
(0.1592951542 0.0748902957 -0.03034192491)
(0.05207111638 0.02476424244 -0.01737156553)
(0.2501652587 0.0943669796 -0.05396600539)
(0.1405266706 0.05240737635 -0.03635154584)
(0.0449662796 0.01698288115 -0.02074429251)
(0.04097906225 -0.0115521269 0.04675058522)
(0.02028194498 -0.006589079906 0.03156261996)
(0.005805066472 -0.00166057464 0.01794784251)
(0.04096785242 -0.01154685844 -0.04674872149)
(0.0202755147 -0.006586034066 -0.03156179234)
(0.005802967092 -0.001659645752 -0.01794773819)
(0.02591924382 -0.008259963818 -0.0491129869)
(0.01241374449 -0.004683291238 -0.03108206111)
(0.003537075796 -0.001063501114 -0.01775279916)
(-0.02114999894 0.04890335634 -0.0001144084446)
(-0.01233895106 0.02771879982 -0.0001210459638)
(-0.004426886279 0.008855344529 -0.0001249337993)
(0.2504876437 0.09440187129 -5.786404192e-05)
(0.1406190546 0.05252457913 -0.000111459772)
(0.04531140257 0.01609611841 -0.0001438931545)
(0.243786654 0.06586036614 -0.0002023169738)
(0.1368732775 0.03651897685 -0.0001949076618)
(0.04414300821 0.01115741096 -0.0001981448583)
(0.243810442 0.06637266059 0.05575600058)
(0.1369264278 0.03662649109 0.03514979997)
(0.04392772793 0.01206922377 0.02006526755)
(0.1140529636 -0.00877890016 -0.0002155190743)
(0.06053987714 -0.00576079141 -0.0002063342409)
(0.01824511954 -0.002620023875 -0.0002002534271)
(0.1582259823 -0.005837351214 0.06176261535)
(0.08672242614 -0.005110794841 0.03989367916)
(0.02726666245 -0.001556078848 0.02286054297)
(0.1583809056 -0.006132449194 -0.000131095921)
(0.0868284119 -0.005166032918 -0.0001614512803)
(0.02721277408 -0.002636657815 -0.0001815486048)
(0.1138539385 -0.008369976653 0.05676379672)
(0.06039954044 -0.005627299588 0.03615263173)
(0.01830646296 -0.001622978414 0.02067043755)
(-0.001045428217 0.002803204884 -0.0001916472816)
(-0.002216506344 0.001949799807 -0.0001879382216)
(-0.001429437676 0.0004510407483 -0.0001719436144)
(0.02610111076 -0.008558944851 -0.0001299632612)
(0.01257885536 -0.004794608212 -0.000143160725)
(0.003253971755 -0.001854113098 -0.0001521020084)
(0.06268839084 0.1579135045 8.891536548e-05)
(0.03543783086 0.09276843055 0.0001091926284)
(0.01108506089 0.03122892356 0.0001150522481)
(0.06268870814 0.1579128507 -8.930398904e-05)
(0.03543834972 0.09276861226 -0.0001093035421)
(0.01108541028 0.03122919498 -0.0001150767282)
(-0.01997188094 0.05551913813 -0.0001736739174)
(-0.01153172528 0.0320259138 -0.0001651402873)
(-0.004095325802 0.01045118454 -0.0001491250454)
(-0.0199711412 0.05551743367 0.0001741291264)
(-0.01153140985 0.0320250392 0.0001654632302)
(-0.00409529453 0.01045095563 0.0001493219082)
(0.09127559648 0.1821732073 0.000159762379)
(0.05237878481 0.1083460391 0.000132762998)
(0.01708987452 0.03679117154 0.0001183172884)
(0.1395185451 0.2090015495 1.656476211e-05)
(0.08073660052 0.121978221 3.077691724e-05)
(0.02652086447 0.04079055544 3.524651841e-05)
(0.0912743319 0.1821674773 -0.0001598512336)
(0.05237749456 0.1083414927 -0.0001326828263)
(0.01708921413 0.03678905562 -0.0001182355656)
(0.2542513025 0.165871077 0.03556209137)
(0.1462009063 0.09563016148 0.0240191495)
(0.04792871686 0.03167601184 0.01365756276)
(0.2455661359 0.1874832448 -0.02505760356)
(0.142155909 0.1084941948 -0.01592757356)
(0.04687805575 0.03607375423 -0.009109385558)
(0.245444792 0.186763006 0.0001695054838)
(0.1419785447 0.108141982 0.0001331045282)
(0.04703891121 0.03562607195 0.0001175532401)
(0.2542490417 0.1658712341 -0.03556302295)
(0.1462000831 0.09563041054 -0.02401985634)
(0.04792867731 0.03167625998 -0.01365813766)
(0.2543638861 0.1659075487 2.650075085e-05)
(0.1461270462 0.09567491655 6.608355369e-05)
(0.04822178497 0.03113561288 9.170580194e-05)
(-0.01662066315 0.02350046646 0.0408809918)
(-0.009699599195 0.01319956075 0.02553264255)
(-0.002942955527 0.004454985 0.01455640939)
(-0.007006466533 0.007371463149 0.04418462879)
(-0.005101778832 0.004468749775 0.02763182032)
(-0.001750478297 0.001873768241 0.01575704447)
(-0.01677970765 0.02342634754 -0.0001353390525)
(-0.009730661646 0.01320349803 -0.0001343576482)
(-0.003484849866 0.004049860537 -0.0001362632573)
(-0.007059943328 0.007081923106 -0.0001601836758)
(-0.005062848967 0.004365547655 -0.0001538499935)
(-0.002170565419 0.001261442692 -0.0001525516604)
(-0.0009331981237 0.003144609426 -0.04167481916)
(-0.002231892131 0.002019206851 -0.02826423146)
(-0.001026914894 0.001099079011 -0.01606073763)
(-0.001046976596 0.002803200844 0.0001890354147)
(-0.002217424734 0.001950005858 0.0001861283678)
(-0.001429726034 0.0004512315838 0.0001708844452)
(-0.01662191604 0.02350342739 -0.04088331278)
(-0.009700319251 0.01320058781 -0.02553305494)
(-0.002943194348 0.004455152398 -0.01455603732)
(-0.007003817395 0.007365871162 -0.0441856861)
(-0.005099166728 0.004465058249 -0.02763133319)
(-0.001749214415 0.001872428914 -0.0157560655)
(-0.01677930143 0.02342639449 0.0001342008998)
(-0.009730276961 0.01320313789 0.0001336663574)
(-0.003484627968 0.004049583766 0.0001358804791)
(-0.007058320081 0.007080325418 0.0001575070031)
(-0.005061636645 0.004364448994 0.0001521925277)
(-0.002170028876 0.001261065216 0.0001515777527)
(-0.02114822926 0.04889899554 0.000113873309)
(-0.01233774701 0.02771583655 0.0001207605615)
(-0.004426416179 0.008854218136 0.0001247751614)
(-0.01908180782 0.03179176904 0.000184222992)
(-0.01115658398 0.01781426148 0.0001746818511)
(-0.003985387843 0.005528871951 0.0001570690083)
(0.2543643569 0.1659069083 -2.488224262e-05)
(0.1461265841 0.09567411515 -6.509252601e-05)
(0.04822144589 0.03113521459 -9.116339435e-05)
(0.27789439 0.1315805409 -0.0001909084642)
(0.1591473829 0.07467245753 -0.0001780481483)
(0.05233711967 0.02397651328 -0.0001772067768)
(0.2778818177 0.1315766838 0.0001914841224)
(0.1591380861 0.07466907064 0.0001783252623)
(0.05233310118 0.023974941 0.0001773515476)
(0.2278921532 0.03264603691 -0.0001020434003)
(0.1272535553 0.01677143119 -0.0001410640308)
(0.04071820007 0.004558421455 -0.0001693483605)
(0.200130964 0.02161956521 0.05770745667)
(0.1109511921 0.01083028309 0.03705124198)
(0.03514850966 0.003546416788 0.02115633589)
(0.2001910997 0.02121555287 -0.000228895544)
(0.110959432 0.01071322245 -0.0002164525142)
(0.03522932243 0.002531988088 -0.0002085436339)
(0.2278075222 0.03290431333 0.06090937133)
(0.1272437026 0.01679969445 0.03922925697)
(0.04059538731 0.005606652369 0.02247766004)
(0.2504831565 0.09440023006 5.803549983e-05)
(0.1406171313 0.05252400882 0.0001114258911)
(0.04531076351 0.01609605127 0.0001438384465)
(0.243783723 0.06585907982 0.0002004143937)
(0.1368715439 0.03651838191 0.0001936186667)
(0.04414237583 0.01115726037 0.0001973849411)
(0.2438038879 0.06636884594 -0.05575415995)
(0.1369224995 0.03662480249 -0.03514848959)
(0.04392642099 0.0120687523 -0.02006451267)
(0.2278920224 0.03264575695 0.000100520183)
(0.1272534899 0.01677133072 0.0001400596158)
(0.04071816114 0.004558435351 0.0001687627945)
(0.2001325139 0.02161913671 -0.05770639246)
(0.1109522922 0.01083015386 -0.03705047302)
(0.03514889567 0.003546401908 -0.02115588653)
(0.2001909073 0.02121558758 0.0002277045342)
(0.1109591476 0.01071322245 0.0002156727227)
(0.03522910539 0.002531996288 0.000208091742)
(0.2278084098 0.0329031863 -0.06090789586)
(0.1272445973 0.01679934664 -0.03922821302)
(0.04059585235 0.005606631075 -0.02247706694)
(0.04114941964 -0.01209478813 -0.0002402485997)
(0.0204410075 -0.006748146941 -0.0002239969393)
(0.005582057728 -0.002495639357 -0.0002008356001)
(0.08077220677 -0.01587342505 -0.000138357269)
(0.04204844609 -0.009522286993 -0.0001556885881)
(0.01237286503 -0.003638825292 -0.0001692047761)
(0.08059968277 -0.01560842494 0.05656452356)
(0.04192323201 -0.00944272296 0.03557512271)
(0.01257131081 -0.002695903198 0.02037184409)
(0.1140528902 -0.008778653722 0.0002151347394)
(0.06053987429 -0.005760701285 0.0002060921889)
(0.01824504075 -0.002619984588 0.0002001169689)
(0.1582283749 -0.005837948504 -0.06176190138)
(0.08672380309 -0.005111103126 -0.03989313702)
(0.02726721313 -0.001556171172 -0.02286022121)
(0.1583810093 -0.006132469241 0.0001303008459)
(0.08682804654 -0.005166038361 0.0001609423449)
(0.02721258069 -0.002636633413 0.0001812541957)
(0.1138555542 -0.008369935727 -0.05676341984)
(0.0604006047 -0.005627335912 -0.03615231978)
(0.01830688369 -0.001623021464 -0.02067027068)
(0.04114475811 -0.01209284774 0.0002400743749)
(0.02043846556 -0.006747099032 0.0002238401103)
(0.005581208695 -0.002495313785 0.0002007511576)
(0.0807713151 -0.01587281266 0.0001378993711)
(0.04204783557 -0.009521997747 0.0001554182252)
(0.01237257062 -0.003638718129 0.0001690531405)
(0.08059936278 -0.01560758556 -0.05656419242)
(0.04192310974 -0.009442464889 -0.03557488794)
(0.01257132224 -0.002695885107 -0.02037173536)
(0.0260941063 -0.008555989168 0.0001281036234)
(0.01257439151 -0.004792633227 0.0001419870142)
(0.003252304372 -0.001853311604 0.0001514185189)
)
;

boundaryField
{
    inlet
    {
        type            fixedValue;
        value           uniform (1 0 0);
    }
    outlet
    {
        type            zeroGradient;
    }
    topAndBottom
    {
        type            symmetry;
    }
    frontAndBack
    {
        type            empty;
    }
    cylinder
    {
        type            noSlip;
    }
    procBoundary2to0
    {
        type            processor;
        value           nonuniform List<vector> 
75
(
(0.9999611046 -8.927727494e-05 0)
(0.9996324024 -0.0002688964724 1.253295505e-22)
(0.9989379716 -0.0004546312067 7.562184703e-23)
(0.9978471381 -0.0006525339155 5.042016197e-23)
(0.996348878 -0.0008686653364 7.777030763e-23)
(0.9944106098 -0.001109704172 -1.056222216e-22)
(0.9919744753 -0.001386757895 -5.618245529e-23)
(0.9889533117 -0.001721149558 -3.49687218e-24)
(0.9852083951 -0.002145552149 2.560365894e-22)
(0.9805289538 -0.002695148251 -1.224049627e-22)
(0.9746398781 -0.003395138548 1.223535564e-22)
(0.9672327228 -0.004260721874 -1.365670521e-22)
(0.9579748514 -0.00531922388 1.013033287e-22)
(0.9464594721 -0.006647080698 0)
(0.9320542543 -0.008404314516 0)
(0.9137907558 -0.01087264362 4.549410177e-23)
(0.8898085455 -0.01449482591 0)
(0.8581772872 -0.02002792936 -9.29966392e-22)
(0.8111581866 -0.02875258278 -3.326555962e-07)
(0.762326537 -0.02370405879 -0.02860887642)
(0.6320462527 -0.01680803573 -0.06036986273)
(0.5067238495 -0.02948558801 -0.07784068867)
(0.1737969813 -0.06013917874 -0.09934758625)
(0.1737991432 -0.06013621848 0.09934548361)
(0.2802095069 -0.0520242307 -0.09428712939)
(0.5067239723 -0.02947530136 0.07784000231)
(0.2802198908 -0.05202451921 0.09428497908)
(0.174448112 -0.05989436581 -0.0001968071626)
(0.04625589141 -0.05609673384 -0.09956936105)
(0.04596461611 -0.05583770584 6.806118862e-05)
(0.1744490715 -0.05989308784 0.0001997860831)
(0.04625232179 -0.05609378836 0.09956789851)
(0.04596395312 -0.05583665802 -6.575549572e-05)
(0.5570571826 -0.02484486748 -0.07287500968)
(0.6320413334 -0.01679131633 0.06037110432)
(0.5570714471 -0.02483182608 0.07287377951)
(0.4454583262 -0.03535572294 -0.08316964481)
(0.5107636566 -0.02936541125 -0.0003342722865)
(0.4474326675 -0.0352452411 -0.0001780883828)
(0.2805431156 -0.05189218852 -9.32394561e-05)
(0.3710738926 -0.04283157049 -0.08876509217)
(0.3721113949 -0.0427176862 -0.0001093241255)
(0.5107641711 -0.02936229256 0.0003363548169)
(0.4454552824 -0.03535146828 0.08316871909)
(0.4474322963 -0.03524361654 0.0001787530732)
(0.280546911 -0.05189176098 9.528150389e-05)
(0.3710792813 -0.04283104452 0.08876356963)
(0.3721136158 -0.04271711134 0.0001105508469)
(0.7150146746 -0.02662219258 -0.03133599914)
(0.762331182 -0.02370389289 0.02860873746)
(0.7150147243 -0.0266211604 0.03133596431)
(0.6272227867 -0.01825915837 -0.06428536371)
(0.7196901546 -0.01987071585 -0.0006339069346)
(0.6585077656 -0.01913540618 -0.003008134037)
(0.5649578023 -0.02472212432 -0.000750474748)
(0.5983726594 -0.02114173017 -0.06836058845)
(0.6121103665 -0.02116393805 -0.001847388477)
(0.7196902297 -0.01986567544 0.0006348797321)
(0.6272203925 -0.01824724575 0.06428510701)
(0.6585078298 -0.01913150488 0.003008256656)
(0.5649626486 -0.02471800096 0.0007528259862)
(0.5983802699 -0.02112990365 0.06835992689)
(0.6121130237 -0.02116023845 0.001847854305)
(0.009487983396 -0.02401494635 -0.05274818121)
(0.003425425965 -0.013960703 -0.03391432665)
(0.001020248783 -0.004573335249 -0.01939493754)
(0.009097252953 -0.02387485512 0.0001851066098)
(0.003308213198 -0.0138531785 0.0001844771133)
(8.482960814e-05 -0.004608527344 0.000181735629)
(0.00948681853 -0.02401307361 0.05274707444)
(0.00342495226 -0.01395950171 0.03391352746)
(0.001020141632 -0.004572893732 0.01939446717)
(0.009097048809 -0.02387416585 -0.0001838947729)
(0.00330812998 -0.01385273408 -0.0001836819138)
(8.483260924e-05 -0.00460836221 -0.0001812728299)
)
;
    }
    procBoundary2to3
    {
        type            processor;
        value           nonuniform List<vector> 
103
(
(1.304271141 -0.01916505037 -2.307328994e-07)
(1.304271141 -0.01916505037 -2.307328994e-07)
(1.304271141 -0.01916505037 -2.307328994e-07)
(1.304271141 -0.01916505037 -2.307328994e-07)
(1.304271141 -0.01916505037 -2.307328994e-07)
(1.304271141 -0.01916505037 -2.307328994e-07)
(1.249041057 -0.01589766097 9.42348213e-07)
(1.206726154 -0.008134162054 -8.256929172e-22)
(1.173558888 -0.0060067543 -5.250914414e-22)
(1.148539081 -0.003420627504 1.753940596e-22)
(1.128706974 -0.002061236162 4.783443355e-24)
(1.11306987 -0.001056444809 1.19015981e-22)
(1.100545306 -0.0003953738759 -4.105852386e-23)
(1.090446673 4.29023356e-05 -1.461006726e-23)
(1.082243545 0.000324831782 3.115394271e-23)
(1.0755466 0.0005015844237 2.365911153e-23)
(1.070065297 0.0006008569234 3.199060077e-23)
(1.065581653 0.0006398497887 2.360813049e-23)
(1.061929657 0.0006319101859 2.58120947e-23)
(1.058984046 0.0005883802733 0)
(1.056651203 0.0005166478501 -1.698169862e-23)
(1.0548596 0.0004235431915 1.401131772e-23)
(1.053557385 0.0003133095547 7.496789979e-24)
(1.052708362 0.0001939495119 -6.149280926e-24)
(1.052289492 6.542596928e-05 1.498202514e-23)
(-0.053435465 0.1396449926 -3.284204916e-05)
(-0.05268547367 0.1327982918 0.07488078627)
(-0.05375276491 0.1399182803 0.07557754779)
(-0.0528890867 0.1327401993 0.0001255307864)
(-0.03677470545 0.108935675 0.06212878733)
(-0.03750163688 0.1089560736 -0.0001926412833)
(-0.03677170848 0.1089277693 -0.06212821)
(-0.03749962132 0.1089522438 0.0001936148249)
(-0.04611088721 0.1418863141 8.494324535e-05)
(-0.04611088721 0.1418863141 8.494324535e-05)
(-0.04599113583 0.1419315187 0.07728239992)
(-0.04599113583 0.1419315187 0.07728239992)
(0.02092789203 0.1574386752 0.07625746495)
(0.02086977817 0.1573745217 -2.182415913e-05)
(-0.05344033302 0.1396418307 3.158288665e-05)
(-0.05267581821 0.1327843015 -0.07488210407)
(-0.05376668642 0.1399095302 -0.07557627556)
(-0.05288611268 0.1327353198 -0.000126796799)
(-0.04611622414 0.1418844991 -8.648505406e-05)
(-0.04611622414 0.1418844991 -8.648505406e-05)
(-0.04600694609 0.1419246718 -0.07728075221)
(-0.04600694609 0.1419246718 -0.07728075221)
(0.02088467407 0.1574831926 -0.07626083091)
(0.02085589908 0.157387216 1.386291293e-05)
(0.09942694685 0.1094981113 0.07597027406)
(0.09937798598 0.1095471179 6.535714211e-06)
(0.2332983531 0.05488796864 -9.137808239e-06)
(0.2332082616 0.05483726597 0.07560417748)
(0.4355121498 0.002849145616 9.098343027e-06)
(0.6880313738 -0.03826682947 0.07396553611)
(0.6881744931 -0.03798823177 2.228432988e-05)
(0.4354173971 0.002669304908 0.07521278369)
(0.09936467505 0.1095545594 -0.07596531653)
(0.09935858217 0.1095639366 3.679651293e-06)
(0.2333062734 0.05488185555 1.109361555e-05)
(0.2332347911 0.05481075215 -0.07560564499)
(0.4355139328 0.00284870657 -8.97020053e-06)
(0.6880319632 -0.03825403803 -0.07396636409)
(0.6881755289 -0.03798482522 -2.207003878e-05)
(0.4354212491 0.002664264782 -0.07521281136)
(0.9438283133 -0.06241326535 0.07163225847)
(0.944147721 -0.06203649275 4.768853025e-05)
(1.1550286 -0.07078730058 5.786113952e-05)
(1.154562248 -0.07149176135 0.06857820829)
(1.383388599 -0.06232217807 0.03191113994)
(1.383388599 -0.06232217807 0.03191113994)
(1.383388599 -0.06232217807 0.03191113994)
(1.383388599 -0.06232217807 0.03191113994)
(1.358670356 -0.05362150163 0.02816580168)
(1.383375872 -0.06234411926 -0.03191279052)
(1.383375872 -0.06234411926 -0.03191279052)
(1.383375872 -0.06234411926 -0.03191279052)
(1.383375872 -0.06234411926 -0.03191279052)
(1.358651147 -0.05362766677 -0.02816907541)
(1.295173662 -0.06953647136 0.0001444116395)
(1.360785616 -0.06438335514 0.06132341909)
(1.36936037 -0.06596089767 0.0005600267318)
(1.29386121 -0.07104890417 0.06506125666)
(0.9438698487 -0.06242406259 -0.07163241509)
(0.9441555954 -0.06203988989 -3.645600847e-05)
(1.155040874 -0.07078909701 -5.287845642e-05)
(1.154607413 -0.07150421928 -0.06858269689)
(1.29517289 -0.06953568048 -0.0001429270753)
(1.360742282 -0.0643839887 -0.06132259669)
(1.369374494 -0.06596557658 -0.0005642024864)
(1.293861902 -0.07104751921 -0.06506189775)
(-0.01558351456 0.05402008328 0.03429659482)
(-0.008773718514 0.03170435367 0.02131388077)
(-0.002574770839 0.01072024293 0.01213167272)
(-0.0155834037 0.05402122738 -0.03429708558)
(-0.008773769691 0.03170505474 -0.02131415557)
(-0.002574834789 0.01072050721 -0.01213184156)
(-0.01574192536 0.05386133566 -0.0001239311277)
(-0.008786277086 0.03161035024 -0.0001204536176)
(-0.003112825549 0.01053512749 -0.0001188569011)
(-0.01574160678 0.0538614264 0.0001243883733)
(-0.008786158326 0.031610334 0.0001207538836)
(-0.003112797514 0.01053509434 0.0001190354743)
)
;
    }
}


// ************************************************************************* //
