/*--------------------------------*- C++ -*----------------------------------*\
| =========                 |                                                 |
| \\      /  F ield         | OpenFOAM: The Open Source CFD Toolbox           |
|  \\    /   O peration     | Version:                                        |
|   \\  /    A nd           | Website:  www.openfoam.com                      |
|    \\/     M anipulation  |                                                 |
\*---------------------------------------------------------------------------*/
FoamFile
{
    version     2.0;
    format      ascii;
    class       surfaceScalarField;
    location    "4.4";
    object      phi;
}
// * * * * * * * * * * * * * * * * * * * * * * * * * * * * * * * * * * * * * //

dimensions      [0 3 -1 0 0 0 0];
oriented        oriented;


internalField   nonuniform List<scalar> 
6016
(
0.01968186576
-2.293615796e-05
0.01971119628
-2.933051935e-05
0.01974715442
-3.595814355e-05
0.01979001605
-4.286163463e-05
0.01984008554
-5.006948826e-05
0.01989764839
-5.756285903e-05
0.01996284077
-6.519238558e-05
0.02003505598
-7.22152054e-05
0.02010991523
-7.485925359e-05
0.020168669
-5.875377751e-05
0.02020926588
-4.059687974e-05
0.02025821865
-4.895277303e-05
0.02031378581
-5.556715861e-05
0.02037378469
-5.999888771e-05
0.02043752216
-6.373746813e-05
0.02050447285
-6.695069912e-05
0.02057404455
-6.957170012e-05
0.0206456252
-7.158065063e-05
0.0207186533
-7.30281037e-05
0.02079264262
-7.398931946e-05
0.02086710876
-7.446614022e-05
0.02094139559
-7.428682471e-05
0.02101441994
-7.302435131e-05
0.02108423706
-6.981712129e-05
0.02114861794
-6.438088596e-05
0.02120721918
-5.860124713e-05
-5.068720525e-05
0.01999206406
-2.443662169e-05
0.01999793381
-3.520027359e-05
0.02000810244
-4.61267698e-05
0.02002247341
-5.723261431e-05
0.02004087846
-6.84745442e-05
0.02006298753
-7.967192981e-05
0.02008811911
-9.032397822e-05
0.02011503774
-9.913384008e-05
0.02014293057
-0.000102752081
0.02017837753
-9.420075163e-05
0.020221327
-8.354634753e-05
0.0202611314
-8.875717865e-05
0.02031468012
-0.0001091158811
0.02037471567
-0.0001200344451
0.02043882749
-0.0001278492901
0.02050628632
-0.0001344095323
0.02057649483
-0.0001397802151
0.02064883888
-0.0001439247022
0.02072274601
-0.0001469352311
0.02079770721
-0.0001489505227
0.02087320538
-0.0001499643134
0.02094854324
-0.0001496246883
0.02102259741
-0.0001470785151
0.02109340312
-0.0001406228348
0.02115868652
-0.0001296642747
0.02121802253
-0.0001179372338
-0.0001019537276
0.0199890652
-2.547512609e-05
0.01999432498
-4.046005776e-05
0.0200037078
-5.550958524e-05
0.02001708832
-7.061314295e-05
0.02003427942
-8.566565208e-05
0.02005498574
-0.0001003782508
0.02007878779
-0.0001141260296
0.02010536763
-0.000125713686
0.02013588481
-0.0001332692699
0.02017601617
-0.0001343321166
0.02022394185
-0.0001314720305
0.02026528541
-0.000130100737
0.02031627553
-0.0001601060068
0.02037609692
-0.0001798558324
0.0204409516
-0.000192703979
0.02050949325
-0.0002029511788
0.02058105136
-0.0002113383335
0.02065500593
-0.0002178792701
0.02073075949
-0.0002226887979
0.02080775533
-0.0002259463591
0.0208854066
-0.0002276155882
0.02096293082
-0.0002271489069
0.02103911272
-0.0002232604244
0.02111191081
-0.0002134209286
0.02117900815
-0.0001967616081
0.02123979973
-0.0001787287961
-0.0001542958886
0.0199863212
-2.611213193e-05
0.0199910448
-4.518365568e-05
0.01999975906
-6.422384678e-05
0.02001236246
-8.321655388e-05
0.02002873807
-0.0001020412647
0.02004876469
-0.0001204048663
0.02007240833
-0.0001377696746
0.02010001862
-0.0001533239825
0.02013293188
-0.0001661825338
0.02017445929
-0.000175859529
0.02022873742
-0.0001857501681
0.0202857238
-0.0001870871202
0.02032586081
-0.0002002430185
0.02037914262
-0.0002331376499
0.02044372882
-0.0002572901823
0.0205138068
-0.0002730291584
0.0205874337
-0.0002849652389
0.02066386832
-0.0002943138896
0.02074247535
-0.0003012958326
0.02082262552
-0.0003060965262
0.0209036258
-0.0003086158663
0.02098456028
-0.0003080833853
0.02106406938
-0.0003027695248
0.02113998132
-0.000289332876
0.02120987156
-0.0002666518479
0.02127292387
-0.0002417810883
-0.0002083103826
0.01998392001
-2.180033918e-05
0.01998819021
-4.945386332e-05
0.01999635057
-7.238421458e-05
0.0200083524
-9.521837805e-05
0.02002418207
-0.0001178709471
0.02004389326
-0.0001401160564
0.02006770457
-0.0001615809838
0.02009617159
-0.0001817910094
0.02013033573
-0.0002003466784
0.02017172329
-0.0002172470905
0.02022300577
-0.0002370326517
0.02029111892
-0.0002552002694
0.02035037312
-0.000259497221
0.0203911546
-0.0002739191369
0.02044797021
-0.0003141057998
0.02051885116
-0.0003439101046
0.02059519943
-0.0003613135183
0.02067502343
-0.0003741378892
0.02075755547
-0.0003838278733
0.02084207086
-0.0003906119114
0.02092773155
-0.0003942765607
0.02101343696
-0.000393788793
0.02109762108
-0.0003869536503
0.02117791894
-0.000369630728
0.02125173485
-0.0003404677645
0.02131797971
-0.0003080259387
-0.0002646859193
0.02000269827
-3.699514001e-06
0.01998578587
-3.25414661e-05
0.01999346089
-8.00592314e-05
0.02000494904
-0.000106706537
0.02002032696
-0.0001332488707
0.02003977428
-0.0001595633749
0.02006363557
-0.0001854422805
0.02009249004
-0.0002106454745
0.0201271517
-0.0002350083445
0.02016848633
-0.0002585817227
0.02021662892
-0.0002851752421
0.02027588814
-0.0003144594921
0.02035283773
-0.0003364468207
0.02041738043
-0.0003384618331
0.02045607556
-0.0003528009415
0.02052443846
-0.0004122730017
0.02060373802
-0.0004406130859
0.02068785771
-0.000458257574
0.02077546981
-0.00047143998
0.0208656895
-0.0004808316043
0.02095749062
-0.000486077673
0.02104952699
-0.0004858251639
0.02113995341
-0.0004773800697
0.02122613304
-0.0004558103568
0.0213052213
-0.0004195560258
0.02137577415
-0.0003785787834
-0.0003242502431
0.02002450661
-5.415622098e-06
0.02002412259
-3.215745149e-05
0.02000314631
-5.908295183e-05
0.02000197783
-0.0001055380614
0.02001684269
-0.0001481137315
0.02003588099
-0.0001786016743
0.0200594908
-0.0002090521014
0.02008824135
-0.0002393960198
0.02012282387
-0.0002695908699
0.02016393302
-0.000299690875
0.02021144563
-0.0003326878577
0.02026558037
-0.0003685942318
0.02033062466
-0.0004014911147
0.020405651
-0.0004134881759
0.02046269258
-0.000409842529
0.02053034172
-0.0004799221421
0.02061269638
-0.0005229677482
0.02070164722
-0.0005472084163
0.02079549459
-0.0005652873475
0.02089289414
-0.0005782311573
0.02099252199
-0.0005857055171
0.02109271376
-0.0005860169401
0.0211912512
-0.0005759175031
0.02128512289
-0.0005496820483
0.02137113193
-0.0005055650679
0.02144736587
-0.0004548127212
-0.0003880302154
0.02002663576
-7.036388485e-06
0.02003132993
-3.685161807e-05
0.02003920879
-6.696181959e-05
0.02003154865
-9.787792029e-05
0.02001342821
-0.0001299932904
0.02003177952
-0.0001969529843
0.02005475245
-0.0002320250302
0.02008290867
-0.0002675522441
0.02011689674
-0.0003035789391
0.02015738074
-0.0003401748823
0.02020445211
-0.0003797592254
0.02025816979
-0.0004223119141
0.0203212674
-0.0004645887366
0.02040652476
-0.0004987455331
0.02049998647
-0.0005033042473
0.02055124832
-0.0005311839871
0.02062662355
-0.0005983429802
0.02071664683
-0.0006372317036
0.02081679571
-0.0006654362234
0.02092293278
-0.0006843682273
0.02103234584
-0.0006951185858
0.02114286019
-0.0006965312851
0.02125177222
-0.0006848295299
0.02135556246
-0.0006534722888
0.02145054228
-0.000600544889
0.02153417632
-0.0005384467521
-0.0004573154175
0.02002898497
-8.518858345e-06
0.02003304817
-4.091482238e-05
0.02003987506
-7.378870951e-05
0.02004979122
-0.0001077940797
0.0200632024
-0.0001434044716
0.02004719278
-0.000180943364
0.02004901278
-0.0002338450362
0.02007604223
-0.0002945816942
0.02010889576
-0.0003364324718
0.0201482702
-0.0003795493264
0.02019447482
-0.0004259638456
0.02024775974
-0.0004755968398
0.02030915262
-0.0005259816197
0.02038590718
-0.0005755000875
0.020497338
-0.0006147350755
0.02059942633
-0.0006332723134
0.02066159462
-0.0006605112766
0.02073908206
-0.0007147191486
0.02083923633
-0.0007655904881
0.02095475564
-0.0007998875417
0.02107621991
-0.0008165828549
0.02119970547
-0.0008200168426
0.02132179681
-0.0008069208687
0.02143829698
-0.000769972457
0.02154483837
-0.0007070862746
0.02163805126
-0.0006316596273
-0.0005337422439
0.02003156781
-9.800273036e-06
0.02003477498
-4.412199499e-05
0.02004020987
-7.922360067e-05
0.02004835128
-0.0001159354889
0.02005974369
-0.0001547968794
0.02007492905
-0.0001961287281
0.02008122281
-0.0002401387972
0.02007360532
-0.0002869641987
0.02009832192
-0.0003611490806
0.02013596839
-0.0004171957955
0.02018070762
-0.0004707030808
0.02023306563
-0.0005279548487
0.02029388947
-0.0005868054635
0.02036472554
-0.0006463361623
0.02045333
-0.000703339535
0.02056410471
-0.0007440470188
0.02066483923
-0.0007612457984
0.02076376825
-0.0008136481684
0.02086274473
-0.0008645669736
0.02098711489
-0.0009242576951
0.02112297473
-0.0009524427001
0.02126265341
-0.0009596955196
0.02140144857
-0.000945716031
0.02153421778
-0.0009027416604
0.02165565141
-0.0008285199093
0.02176124927
-0.0007372574732
-0.00061941392
0.02003439556
-1.076283222e-05
0.0200364136
-4.614004469e-05
0.02004001219
-8.282218466e-05
0.02004591116
-0.0001218344652
0.02005481079
-0.0001636965052
0.02006734525
-0.0002086631891
0.02008409083
-0.0002568843827
0.02010573416
-0.0003086075228
0.02010848511
-0.0003639000376
0.02011980334
-0.0004285140275
0.02016225239
-0.0005131521304
0.02021285804
-0.0005785605027
0.02027275555
-0.0006467029698
0.02034318016
-0.000716760776
0.02042703398
-0.0007871933625
0.02053473303
-0.0008517460641
0.02066432374
-0.0008908365097
0.02076387474
-0.0009131991689
0.02088059937
-0.0009812916041
0.02101763896
-0.001061297281
0.0211710279
-0.001105831635
0.02133086587
-0.001119533493
0.02149082339
-0.001105673548
0.02164444112
-0.001056359395
0.02178508281
-0.0009691616089
0.02190669769
-0.0008588723495
-0.0007170369239
0.02003780668
-1.111511367e-05
0.02003813173
-4.646510113e-05
0.02003935234
-8.404279102e-05
0.02004255652
-0.0001250386513
0.02004858667
-0.0001697266534
0.02005801044
-0.0002180869633
0.02007090175
-0.0002697756888
0.02008901966
-0.0003267254361
0.02011271247
-0.0003875928462
0.02013714583
-0.0004529473921
0.02014713752
-0.0005231438158
0.02018588565
-0.0006173086387
0.02024370805
-0.0007045253656
0.02031326088
-0.0007863136104
0.02039638347
-0.0008703159498
0.02049749267
-0.0009528552713
0.02062465366
-0.001017997502
0.02076266626
-0.001051211761
0.02090818092
-0.001126806264
0.02104796226
-0.001201078618
0.02121859016
-0.001276459539
0.02140309039
-0.001304033717
0.02158993479
-0.001292517955
0.02177038431
-0.001236808922
0.02193588388
-0.001134661188
0.02207823683
-0.001001225323
-0.0008300917051
0.02004393613
-1.062724052e-05
0.0200421029
-4.463187654e-05
0.02004082379
-8.276368523e-05
0.02004164195
-0.0001258568098
0.02004522768
-0.0001733123904
0.02005100597
-0.000223865246
0.02005639126
-0.0002751609881
0.02006929569
-0.000339629858
0.02008847799
-0.000406775149
0.02011323312
-0.0004777025265
0.02014623669
-0.0005561473846
0.02016923308
-0.0006403050279
0.02020498669
-0.0007402789757
0.02027211614
-0.0008534430665
0.02035461959
-0.0009528194044
0.0204565422
-0.00105477788
0.02059030385
-0.001151759151
0.02075897946
-0.001219887366
0.02090049841
-0.001268325214
0.02106713322
-0.001367713424
0.02126185725
-0.001471183573
0.02147730266
-0.001519479133
0.02169850756
-0.001513722861
0.02191370493
-0.00145200629
0.02211152062
-0.001332476893
0.02228075517
-0.001170459892
-0.0009630222413
0.02005193506
-9.817705729e-06
0.02004834883
-4.104564479e-05
0.02004566712
-8.008197745e-05
0.02004627374
-0.0001264634286
0.02004941113
-0.0001764497861
0.02005140696
-0.0002258610725
0.02004795853
-0.000271712561
0.02005365359
-0.0003453249233
0.02006632242
-0.0004194439754
0.02007988045
-0.0004912605597
0.02010526908
-0.0005815360134
0.02014130685
-0.0006763428002
0.02017830657
-0.0007772786976
0.02021724251
-0.000892379003
0.02029683826
-0.001032415152
0.02039733531
-0.001155274936
0.02052538155
-0.001279805387
0.02069246986
-0.001386975674
0.02088251831
-0.001458373662
0.02109036185
-0.001575556963
0.02130084367
-0.0016816654
0.02155098495
-0.001769620422
0.02181595758
-0.001778695493
0.02207650312
-0.001712551833
0.02231659376
-0.001572567536
0.02252072834
-0.001374594492
-0.001121507326
0.0200461211
-4.093702699e-06
0.02003885626
-3.378081324e-05
0.02003095016
-7.217587934e-05
0.02002825579
-0.0001237690573
0.02002922257
-0.0001774165631
0.02003285475
-0.0002294932589
0.0200394891
-0.000278346915
0.020049112
-0.0003549478198
0.02005486931
-0.0004252012911
0.02005325259
-0.0004896438312
0.02006681597
-0.0005950994
0.02009264645
-0.0007021732769
0.02012397824
-0.000808610489
0.02017229259
-0.0009406933504
0.02021966328
-0.00107978585
0.02031677878
-0.001252390435
0.02044478796
-0.001407814559
0.02062056107
-0.001562748782
0.02085019299
-0.001688005584
0.02106403432
-0.001789398296
0.02132097712
-0.001938608203
0.02161891963
-0.002067562938
0.02194109879
-0.002100874666
0.02226138741
-0.00203284046
0.02255708323
-0.001868263362
0.02280655729
-0.001624068555
-0.001312714844
0.02003838482
-2.019244515e-07
0.02004672709
-4.21230865e-05
0.02004366101
-6.910979738e-05
0.02004450375
-0.0001246118045
0.02004685927
-0.0001797720769
0.02003424665
-0.0002168806372
0.02001832309
-0.0002624233638
0.02001313917
-0.0003497638958
0.02001663844
-0.0004287005676
0.02002585924
-0.0004988646304
0.02004099749
-0.0006102376474
0.02005400568
-0.0007151814635
0.02006202317
-0.00081662798
0.02009504085
-0.0009737110289
0.02014665336
-0.001131398364
0.02020946035
-0.001315197421
0.02033105941
-0.001529413613
0.02049953263
-0.001731222007
0.02073107898
-0.001919551936
0.0210114107
-0.002069730015
0.0213335839
-0.002260781413
0.02167857183
-0.002412550864
0.02207286213
-0.002495164978
0.02247255398
-0.002432532307
0.02284165045
-0.002237359832
0.02315012615
-0.001932544259
-0.001546100223
0.02000609843
-6.299656478e-06
0.0200141506
-5.017525409e-05
0.02003382774
-8.878694476e-05
0.02004784615
-0.0001386302063
0.02004730331
-0.0001792292448
0.02002631822
-0.0001958955493
0.0200329008
-0.0002690059428
0.0200345816
-0.0003514446894
0.02000848406
-0.0004026030298
0.01997991899
-0.0004702995616
0.01997023951
-0.0006005581715
0.01997564388
-0.0007205858358
0.01999245711
-0.0008334412109
0.02001604334
-0.0009972972512
0.02003957517
-0.001154930195
0.02010257011
-0.001378192356
0.02018157826
-0.001608421764
0.02034307975
-0.001892723499
0.02058423313
-0.002160705315
0.02091901756
-0.002404514449
0.02127442537
-0.002616189227
0.02171112701
-0.002849252504
0.02220764748
-0.002991685454
0.02271678405
-0.002941668873
0.02318440165
-0.002704977425
0.0235727295
-0.002320872095
-0.001829049014
0.01999917242
-5.471577065e-06
0.01999679145
-4.779428388e-05
0.0199982739
-9.026939523e-05
0.01999578698
-0.00013614329
0.0199984651
-0.0001819073642
0.02002380171
-0.0002212321593
0.0200405927
-0.0002857969275
0.02002639663
-0.0003372486213
0.01998115401
-0.0003573604099
0.01997979318
-0.0004689387359
0.01997229253
-0.0005930575187
0.01993059007
-0.0006788833772
0.01989192052
-0.0007947716559
0.01988628426
-0.0009916609996
0.01991065199
-0.001179297916
0.0199564687
-0.001424009062
0.0200207963
-0.001672749368
0.02013716322
-0.002009090416
0.02035472573
-0.002378267826
0.02069633461
-0.002746123331
0.02115716853
-0.00307702315
0.02172180351
-0.003413887482
0.02234239164
-0.003612273581
0.02300309531
-0.003602372546
0.02360595693
-0.003307839043
0.02410639578
-0.002821310939
-0.002178196383
0.01999797189
-3.443365993e-06
0.01999232369
-4.214608865e-05
0.01998385146
-8.179716066e-05
0.01997132092
-0.0001236127461
0.01995780545
-0.0001683918983
0.0199525362
-0.0002159629032
0.01993888815
-0.0002721488806
0.01993177281
-0.0003301332862
0.01995657833
-0.0003821659245
0.01996436363
-0.0004767240364
0.01992786034
-0.0005565542353
0.01985151826
-0.0006025412964
0.01982965132
-0.00077290471
0.01977855736
-0.0009405670388
0.01973100093
-0.00113174149
0.0197313902
-0.001424398331
0.01978568126
-0.001727040426
0.01989536819
-0.002118777345
0.02005705723
-0.002539956867
0.0203933434
-0.003082409495
0.02094447146
-0.003628151211
0.02163567499
-0.00410509101
0.02247062908
-0.004447227675
0.02333954524
-0.001148191265
-0.001087409151
-0.001148241294
-0.001087446991
0.02411776108
-0.001062787059
-0.0009802044267
-0.001062864436
-0.000980198949
0.02473420592
-0.0009095521155
-0.00080936707
-0.0009095609294
-0.0008092756827
-0.0006879761869
-0.0005983132254
-0.0006884752133
-0.0005992958243
0.01999748904
-9.327423087e-07
0.01999032701
-3.498406522e-05
0.01997847068
-6.994082183e-05
0.01996173281
-0.00010687488
0.01994016113
-0.0001468202115
0.0199150407
-0.0001908424771
0.01988343843
-0.000240546608
0.0198503711
-0.0002970659529
0.01982875014
-0.0003605449714
0.01979238545
-0.00044035935
0.01976313184
-0.0005273006245
0.01977124935
-0.0006106588018
0.01973544491
-0.0007371002711
0.01962925729
-0.0008343794203
0.01958213258
-0.001084616779
0.01950936744
-0.001351633185
0.01945818974
-0.001675862723
0.01949189631
-0.002152483922
0.01963562082
-0.002683681367
0.01992243975
-0.003369228426
0.02051687085
-0.004222582313
0.02139013297
-0.001243094207
-0.001245971459
-0.001243045487
-0.00124624197
0.005639983566
-0.00140955059
0.005642217836
0.005640432676
0.005642310607
-0.001401523834
-0.001409516229
-0.001401448734
0.005757857412
-0.001266030735
-3.437515498e-08
-0.005908027804
0.006029703741
-0.001184440853
-2.214035003e-08
-0.006155611816
0.00625302576
-0.00100695714
-8.921657489e-09
-0.00633724136
0.006418950362
-0.0007696326154
-5.257788962e-08
0.01999710929
1.957154899e-06
0.01998862758
-2.650235047e-05
0.01997447823
-5.579147194e-05
0.01995442811
-8.682475469e-05
0.01992813467
-0.0001205267664
0.01989522606
-0.0001579338694
0.01985497945
-0.000200300001
0.01980710679
-0.0002491932878
0.01975303648
-0.0003064746688
0.01968775062
-0.0003750734899
0.01961804236
-0.000457592359
0.01956295953
-0.0005555759738
0.01950336232
-0.0006775030592
0.01947364919
-0.0008046662913
0.01938721952
-0.00099818711
0.01922065373
-0.001185067393
0.01912678472
-0.001581993708
0.01902921648
-0.002054915685
0.01901362284
-0.002668087725
0.0192119793
-0.003567584881
0.004977863781
-0.001140659999
0.004862647855
0.004978063789
0.004862798065
-0.001205143311
-0.001140797919
-0.001205375276
0.005058897065
-0.001324137715
1.02224603e-08
-0.005237412199
0.005371213424
-0.001543356283
4.464667047e-09
1.115725278e-08
0.001408365512
-0.005597447618
0.001542726761
0.00136730478
0.001541567023
0.001380007107
-0.0004097342924
-0.0004058962289
-0.0004228947847
-0.0004040094271
-0.001463066181
0.0003348524008
0.001513177457
-0.0003669609167
-1.80027626e-05
-0.001596606735
0.0002942373061
0.00161313849
-0.0003099187629
-8.503008688e-07
-0.001647698523
0.0002236477807
0.001657038481
-0.0002324190718
-5.686704371e-07
-0.006730462892
-5.050248357e-08
-0.0001479774002
-0.0001463630773
0.01999676165
5.194221594e-06
0.0199871435
-1.688418971e-05
0.01997102499
-3.967296759e-05
0.01994807512
-6.387488233e-05
0.01991779688
-9.024852557e-05
0.01987951364
-0.0001196506286
0.01983234245
-0.000153128808
0.01977515975
-0.0001920105902
0.01970669388
-0.0002380087938
0.01962500277
-0.0002933823869
0.01952859186
-0.0003611814428
0.01941843585
-0.000445419973
0.01929282852
-0.0005518957225
0.01917315112
-0.0006849888962
0.0190348683
-0.0008599042804
0.01891462441
-0.001064823503
0.01871584979
-0.001383219086
0.01842470154
-0.001763767431
0.01822993055
-0.002473316737
0.004592753061
-0.003475469372
0.004476170482
0.004593144241
0.00447574726
0.004602746051
-0.001150666862
1.387429433e-08
1.613134404e-09
0.001417057119
-0.004701652135
0.001246583577
0.001143709334
0.001268390692
0.001130849969
-0.0003959735065
-0.000352872889
-0.0003929495114
-0.0003631442656
-0.001222970833
0.0004313924873
0.001264395063
-0.0004595350892
-1.328162874e-05
0.0004908276082
-0.001395096548
0.001440332592
-0.0005328546191
-3.209033908e-06
0.0004667127287
-0.001578139019
0.001621000579
-0.0005089932059
-5.810848431e-07
-0.001698555627
0.0003609973209
0.001705262543
-0.0003675667725
-1.374658272e-07
-0.001668905894
0.0002214729061
-0.0001993603401
-1.019696379e-08
0.001646803526
-0.001575113712
0.0001314898503
0.001551087986
-0.0001072320953
-2.320472771e-07
0.01999674117
8.451332221e-06
0.01998647445
-6.61747014e-06
0.01996903492
-2.223343147e-05
0.01994400125
-3.884120702e-05
0.01991074173
-5.698900638e-05
0.01986838166
-7.729056444e-05
0.0198157553
-0.0001005024447
0.01975133795
-0.0001275932434
0.0196731586
-0.0001598294378
0.01957868132
-0.0001989051061
0.01946464262
-0.000247142753
0.01932701706
-0.0003077944045
0.01916063995
-0.0003855186112
0.0189626241
-0.000486973045
0.018725094
-0.0006223741889
0.01846374174
-0.0008034712338
0.01813922514
-0.00105870249
0.01777775928
-0.001402301566
0.01727976549
-0.001975322944
0.004234719639
-0.0006031805053
0.004028849246
0.00423498498
0.004029278232
-0.0007579133002
-0.0006052995057
-0.000757142664
0.001132918275
0.004200383029
-0.001098627165
4.550280737e-08
0.0003649569308
-0.001014961844
0.001028880925
-0.0003758822328
-2.993780212e-06
0.0005629254389
-0.001135667531
0.001170292433
-0.0005954862804
-2.064060841e-06
-0.001351170908
0.0006871967005
-7.744882609e-08
0.001400842554
-0.0007367908986
-0.001430605924
0.0006012139865
1.318134533e-06
0.001369067094
-0.0005409932888
-0.0009769796346
0.0002154589517
1.032226799e-06
0.0008631887643
-0.0001027003046
-0.0006296347841
3.879990848e-05
1.740095059e-07
0.000586313745
4.347122155e-06
-0.0005379651317
4.314543563e-05
-1.121627727e-08
-2.703444398e-05
0.01999913189
9.317408699e-06
0.01999076842
1.745997026e-06
0.0199747677
-6.232709694e-06
0.01995062713
-1.470063707e-05
0.0199176066
-2.396847862e-05
0.01987467838
-3.436234473e-05
0.01982045643
-4.628049242e-05
0.01975309954
-6.02363473e-05
0.01967017693
-7.690683605e-05
0.01956847744
-9.720561007e-05
0.01944373227
-0.0001223975842
0.01929021501
-0.0001542771451
0.01910014733
-0.000195450933
0.01886299441
-0.0002498201268
0.01856397379
-0.0003233535706
0.01818599632
-0.000425493755
0.01769912046
-0.0005718266365
0.01708350969
-0.0007866907891
0.004112438464
-0.001104963615
0.00399355443
0.00411318999
0.00399396748
0.004023987519
-0.0005146873209
-4.223615705e-08
-2.871520311e-09
0.0009969578361
-0.003895935743
0.0009572006359
0.0009052273539
0.000991727057
0.0008794417156
-0.0002269143831
-0.0001909180784
-0.0002087093703
-0.0002080741531
0.0003884486783
-0.00089093485
0.000877919186
-0.0003661053274
-9.32768712e-06
0.0006698783455
-0.0008431848803
-5.676115746e-07
0.0008397504151
-0.0006658762692
0.0009373600386
-0.0009454667598
2.085353911e-07
7.898186174e-06
4.858809411e-05
6.808612978e-05
3.793292107e-07
-3.147260628e-05
-8.558094596e-05
0.02000640257
0.02000531076
0.01999621941
0.01997866896
0.01995186663
0.01991469111
0.01986562355
0.01980263273
0.01972301247
0.0196231456
0.01949815332
0.01934136659
0.01914351559
0.01889143861
0.01856602179
0.01813915946
0.01757293444
0.01681476883
0.003942052431
0.003916593747
0.003941933258
0.003916494958
0.000377269327
0.003761591279
-0.000196804539
-3.636777424e-09
0.0001356945708
-0.000848964013
0.0008219030817
-0.0001054138763
-3.219763488e-06
0.0002640870286
-0.0007354827205
0.0006809576268
-0.0002077195683
-1.842366741e-06
0.0005012616972
-0.000460954431
-9.17957926e-07
0.0003693446815
-0.0004087339901
0.0006805742569
-1.658615168e-07
-0.001437451101
-0.0006735632182
-0.001029984306
2.546275643e-06
0.0007683084296
0.00119648964
-0.001351116404
0.0006872096125
-8.481613675e-08
0.001400847513
-0.0007368559057
0.001430588192
0.0006805914216
-1.545105685e-07
-0.001437436693
-0.0006735884073
-0.000937399385
-0.001029988332
2.535920874e-06
0.0007683007314
0.001196551065
0.0002750025885
5.611595353e-07
-0.001121102319
-0.0001314410647
0.0006011700917
1.327437963e-06
0.001369072845
-0.0005409821822
0.0009769785587
0.0002749851903
5.717783224e-07
-0.001121103809
-0.0001314317146
4.5753523e-05
-1.132137337e-07
-0.0006880612413
1.278614461e-05
0.0002154443282
1.044312097e-06
0.0008631780944
-0.0001026881783
0.0006295678505
4.582149829e-05
-1.18885339e-07
-0.000688025909
1.275544716e-05
3.493606517e-05
-6.392856882e-08
-0.000545712948
-2.712431317e-05
-5.068514738e-05
-1.480034499e-05
1.301746064e-07
3.518909947e-05
3.01662177e-05
3.877683446e-05
1.855643683e-07
0.0005862816964
4.323760335e-06
0.0005378258911
3.503107844e-05
-2.012998405e-08
-0.0005456328489
-2.72039941e-05
-5.086571995e-05
-1.489323217e-05
2.284627781e-07
3.528750567e-05
3.0242983e-05
0.000874820635
-6.184350012e-07
-0.000809164826
-0.001010504133
-0.0005608866536
-2.476215083e-07
0.0005724014235
0.0004899945482
0.0006700186235
-0.0008432446888
-5.810583527e-07
0.0008397019296
-0.0006658948063
0.0009455023154
0.0008748198175
-6.177178824e-07
-0.0008091465789
-0.001010557836
-0.0005013075774
-0.0005608519603
-2.525727178e-07
0.0005723922862
0.0004900198238
2.058561162e-07
7.897073937e-06
-2.464464324e-07
-1.850617326e-06
-4.874288037e-05
-2.651536871e-07
-1.857683262e-06
6.842408723e-05
2.4518663e-07
-3.171435075e-05
-8.569779995e-05
-0.0002824540167
-1.018222385e-06
0.0001459594349
0.0001375482662
-0.0004610139709
-9.092084303e-07
0.0003693723412
-0.0004087567409
-0.000282438549
-1.028202914e-06
0.0001459642334
0.0001375373836
0.0003906067286
-0.001682004808
-0.0004069283107
-2.29234379e-07
-0.001570347562
2.148482318e-07
0.001577140428
0.0005942062717
0.001372884715
2.905856142e-08
-0.001465480411
0.0003675692206
0.0004667494167
-0.001578154492
-5.502959561e-07
0.001621000638
-0.000509045268
0.001698556179
0.0003905960939
-2.17398081e-07
-0.00168200283
-0.000406932045
-0.001570378314
2.490301033e-07
0.001577211608
0.0005940877668
0.001372890328
3.660932734e-08
-0.00146550602
0.0003675642698
0.0002593370189
-0.001688809379
-0.0002393447497
-8.879137209e-08
3.008503899e-07
0.001283828161
0.000304214649
0.001029135597
3.127546476e-08
-0.00111163237
0.0001282190233
0.0003609803254
-1.285987426e-07
0.001705263222
-0.0003675587665
0.0002592378728
0.001668883835
-6.805554828e-08
-0.001688781921
-0.0002392717302
3.104462111e-07
0.001283825585
0.0003041986154
0.001029174265
1.55027069e-08
-0.001111555366
0.0001281871017
0.0006691223552
-4.11599104e-07
-0.0007402373261
-0.001279644339
-0.0009462252881
-7.249777698e-07
0.0009528590787
0.0006639695337
-5.725558769e-07
0.0008715820546
-0.001026173171
0.0005629023511
-0.00113558311
-2.070665571e-06
0.001170274789
-0.000595523365
0.0006692074187
-4.121146908e-07
-0.0007402265843
-0.001279685124
-0.0009460648892
-7.346543892e-07
0.0009529225796
0.0006638955884
-5.768774239e-07
0.0008715956611
-0.001026187299
0.000378468149
-0.001139250605
1.944347991e-06
0.0007623652998
-4.795415235e-09
-3.522392312e-06
0.001369904257
-0.0005410457899
-1.033832445e-08
-0.001429299437
0.0006017694403
7.221498712e-07
-0.0003796236965
0.001264986725
0.0004829819139
2.601549892e-06
0.001137117811
-0.0005800751586
-0.001100637488
0.001264932229
-3.748134915e-09
0.0004841660743
-0.0005802509953
-5.937630783e-09
-0.00109743791
0.0007635711018
-4.132634385e-06
5.042803073e-05
-0.0003419162683
2.668138925e-07
0.0003000344077
-4.47870028e-09
-8.808501615e-06
0.0008636927775
-0.0001016432559
-0.0009768580954
-5.769250945e-09
0.0002158465634
3.837596397e-07
-5.08033219e-05
0.0007671615712
0.0001464467521
4.256108376e-07
0.0003410142558
-0.000429953759
-1.418641722e-05
0.0007676262165
-4.645050488e-09
0.0001468830003
-0.0004294754211
-4.958250811e-09
-1.365353642e-05
0.0002999518123
-9.474058703e-06
2.784115247e-07
5.12950735e-05
1.712292121e-06
4.298102939e-05
1.319863686e-08
-2.708331805e-05
3.030893235e-07
5.147542973e-05
1.752344036e-06
0.0009364744532
-0.0009442673869
-1.372176502e-09
8.002839395e-06
-3.207879364e-05
-8.567756987e-05
4.971808698e-05
1.322548091e-08
6.840437445e-05
1.844618482e-07
0.0001043965621
3.604704023e-07
-5.326515007e-05
-1.061120776e-06
7.087218313e-09
0.0001044000574
-5.258194858e-05
4.469320817e-09
-7.606076157e-07
0.0004329230813
-4.365747223e-07
-0.0003478946876
-0.0005455462504
-0.0006748816015
7.365516235e-05
0.0006029786524
-1.755504067e-06
-4.885380039e-07
0.0001275665284
-0.0004095115084
0.0002641169752
-0.0007353893133
-1.864895479e-06
0.0006808781195
-0.000207740886
0.0004328688579
-4.173921143e-07
-0.0003479818481
-0.000545483589
-0.0006748558192
-1.764173736e-06
7.365288269e-05
0.0006029618778
-4.946015774e-07
0.0001275838835
-0.0004095080771
0.0005201531533
-0.0002553647417
-7.19884579e-07
-0.0002760915914
1.284949212e-09
1.202177916e-05
0.0003690552564
-0.00040858369
4.1733038e-10
0.0005000196532
-0.0004614095967
-1.235628589e-06
-0.0005207716347
0.0003697364456
0.0005216154984
-8.539862605e-07
0.0002570443372
-0.0002895796181
-0.0003753447235
0.000368390788
1.088562225e-09
0.0005195809028
-0.0002887955497
6.288586921e-10
-0.0003760074962
-0.0002770658774
1.261869432e-05
-0.001215047516
-0.0005767092781
4.3149937e-07
0.001089386021
2.126887423e-09
0.0007019371468
0.0007685144716
0.001198312034
-2.563164333e-10
-0.001027805522
8.200990416e-07
0.001214967626
0.0007742261997
-0.001221705495
-2.466395275e-06
0.0005790070025
0.0006210020557
-1.05302428e-06
1.655024914e-09
0.0007740573042
-0.001219771911
0.0006196328776
2.174010022e-09
-4.986907173e-07
0.001092577038
0.0007018290844
0.001115789402
-0.0006223218399
-2.943148737e-06
3.765683374e-09
0.0005988578426
-1.887188605e-06
-0.001113729337
0.0005674548342
0.0005529615314
-4.799838729e-06
5.503634394e-07
0.0006227678393
-2.316146003e-06
1.662243406e-09
0.0005668157894
0.0005512120062
-4.127250802e-06
1.192181359e-09
-2.13979317e-06
0.0005986723848
-0.001215049889
-0.0005767176632
4.345962296e-07
0.001089376881
0.0007019581954
0.0007685024095
0.001198340098
-0.0009364887879
-0.001027818058
8.187579843e-07
0.001214975148
0.0007742523807
-0.001221745555
-2.466169909e-06
0.0005790276041
0.0006210434549
-1.053824736e-06
0.0007740654166
-0.001219792487
0.0006196576987
-4.992554437e-07
0.001092560896
0.0007018764516
0.001115807889
-0.0006223464214
-2.937846963e-06
0.0005988570192
-1.885932743e-06
-0.001113758388
0.0005674552675
0.0005529908297
-4.80177561e-06
5.472668481e-07
0.0006228147136
-2.318523192e-06
0.000566818528
0.0005512324461
-4.127364759e-06
-2.140261159e-06
0.0005986793718
0.000220682371
0.000552165668
-3.628447049e-07
-4.991205176e-09
-1.011490145e-05
-0.00112110915
-0.0001310183303
-4.095212052e-09
0.0002758346332
1.288331628e-06
-0.0002225180371
0.000365114108
-5.557033652e-07
-0.0005512162698
-9.622852923e-06
-3.948816511e-09
0.0003657977215
-4.1709406e-09
-8.879632183e-06
-1.052604997e-05
6.261537698e-07
-1.324647983e-05
-9.82265487e-10
-1.280807137e-05
0.0003784696522
-0.001139252051
1.935387614e-06
0.000762363864
-3.521651331e-06
0.001369868242
-0.000541025309
-0.001429295423
0.0006017695895
7.377288821e-07
-0.0003796140555
0.001265001427
0.0004829477442
2.613582311e-06
0.00113711426
-0.0005800717589
-0.001100638264
0.001264924477
0.0004841473987
-0.0005802506831
-0.001097419042
0.0007635653718
-4.129776833e-06
0.0002206711302
0.0005521729793
-3.708256465e-07
-1.011441659e-05
-0.001121099665
-0.0001310227821
0.0009768589089
0.0002758312139
1.299357384e-06
-0.0002224892507
0.000365087506
-5.470427464e-07
-0.00055122928
0.0004299660098
-9.621405767e-06
0.0003657913441
0.0004294784793
-8.879504918e-06
-1.052398869e-05
6.268308079e-07
-1.324331952e-05
-1.280631039e-05
5.093964081e-06
0.0003039402558
-7.595277509e-07
-6.135296625e-09
-8.234146782e-06
-0.0006883292046
1.24399007e-05
-1.552002143e-09
0.0006295358082
4.62418324e-05
3.757540819e-07
-5.873777482e-06
8.45983542e-05
-4.184565864e-07
-0.0003019525941
5.723425875e-05
0.0002579229363
-4.737453784e-09
8.477146602e-05
5.91051866e-05
-5.770317413e-09
0.0002568622911
-8.634084175e-06
-5.223821488e-07
6.560331756e-05
-7.846678786e-06
-2.384088616e-09
6.538060067e-05
-6.795400521e-06
5.043160977e-05
-0.0003419227322
2.590579756e-07
0.0003000357668
-8.808179961e-06
0.0008636920404
-0.0001016383688
0.0002158437779
3.965618967e-07
-5.080548364e-05
0.0007671499622
0.0001464370509
4.343776988e-07
0.0003410281168
-1.418466848e-05
0.0007676360402
0.0001468795387
-1.36531937e-05
0.0002999542642
-9.472571843e-06
5.086813026e-06
0.0003039459473
-7.691829331e-07
-8.233951191e-06
-0.0006883598168
1.243856287e-05
0.000629497814
4.630300783e-05
3.890406702e-07
-5.855638432e-06
8.459065614e-05
-4.061471707e-07
-0.0003019625531
5.724231573e-05
0.0002578818342
8.474734389e-05
5.910471865e-05
0.0002568678818
-8.63310354e-06
-5.205524223e-07
6.561079006e-05
-7.847913603e-06
6.537780424e-05
-6.796019154e-06
-7.477588478e-05
-9.451232413e-06
-4.946293927e-08
6.848276734e-05
-8.770780587e-09
1.580258295e-05
2.991308582e-07
7.452555612e-05
-4.943658073e-06
-4.27770754e-06
-3.624548764e-07
1.049557426e-05
-5.539928438e-06
-4.593193867e-06
-6.106895313e-09
-5.131103038e-06
-3.958952278e-06
-6.108201952e-06
-4.357678638e-09
-3.701135004e-06
6.873580795e-05
1.623584263e-05
7.120436061e-05
-2.571132878e-05
-4.26095912e-07
-3.035936818e-09
2.341886427e-05
3.529303584e-05
3.066460468e-05
-9.321604495e-09
-5.059417289e-05
-1.522397461e-05
-7.388663475e-08
-7.107156601e-05
2.738909242e-05
7.894545707e-05
-1.021570939e-07
2.639922913e-05
-1.670788469e-06
-6.454989665e-09
2.775428623e-05
7.867567629e-05
-4.819787665e-09
-1.252261471e-06
2.363736561e-05
-7.476858413e-05
-9.457431115e-06
-6.489132984e-08
6.84744439e-05
1.580768561e-05
3.107136185e-07
7.450680831e-05
-4.928258052e-06
-4.278470457e-06
-3.550228818e-07
1.051244889e-05
-5.570581615e-06
-4.586847201e-06
-5.127169071e-06
-3.959000931e-06
-6.116909629e-06
-3.699905644e-06
6.870524586e-05
1.624912144e-05
7.120562069e-05
-2.571269361e-05
-4.462833175e-07
2.342476547e-05
3.526342996e-05
3.066020419e-05
-5.051257424e-05
-1.519191552e-05
-5.308301344e-09
-7.100973328e-05
2.748391366e-05
7.881863668e-05
-7.527164465e-08
2.64042847e-05
-1.656611246e-06
2.773867979e-05
7.871858963e-05
-1.249493023e-06
2.36535124e-05
0.0008581821258
0.0005159828333
4.347593156e-07
-0.0007296046364
4.199043315e-10
-0.0006449955018
-0.0008074217368
-0.001011835524
3.407390677e-09
0.0008743680317
-6.327036161e-07
-0.0008592558945
-0.0008309286603
0.0008816524317
2.60286979e-06
-0.0005187123767
-0.0005008758036
6.48117702e-06
-1.140216859e-09
-0.0008304898689
0.0008806186967
-0.0004992151781
1.269098331e-09
5.964088002e-06
-0.0007319767108
-0.0006455567998
0.0005078331631
-0.000738181552
1.172564371e-06
7.664662867e-10
-0.0005004295775
-2.357034293e-07
-0.0005090590291
8.418928292e-06
1.665247523e-06
0.0007377496141
-0.0003534460437
-0.0003954852104
9.516392954e-06
6.157119218e-10
8.381661191e-06
1.01822628e-10
-0.0003522792123
-0.0003931761455
8.938946211e-06
-0.000502113568
0.0008581771391
0.000515992744
4.349684011e-07
-0.0007295982358
-0.0006450061943
-0.0008074079717
-0.001011865586
0.000944287247
0.0008743720005
-6.316452908e-07
-0.0008592434867
-0.0008309071417
0.0008816356941
2.601856603e-06
-0.0005187329561
-0.0005009079859
6.481248609e-06
-0.000830461726
0.0008805981099
-0.0004992334879
5.963769203e-06
-0.0007319642404
-0.0006455772335
0.0005078500014
-0.0007381974134
1.173631415e-06
-0.0005004236921
-2.359186563e-07
-0.0005090906016
8.41853446e-06
1.662420263e-06
0.0007377790551
-0.0003534519067
-0.0003955059124
9.51634404e-06
8.38120667e-06
-0.0003522837655
-0.0003931892496
8.938119629e-06
-0.0005021021637
8.002944027e-06
1.415171347e-09
-1.123954387e-06
-4.965384876e-05
-1.122449607e-06
-3.787379027e-07
-3.05532131e-06
3.88947591e-09
-2.204563074e-06
-3.20804898e-05
-8.569010954e-05
6.837514651e-05
1.18384746e-07
0.0001044418449
3.383458701e-07
-5.332437765e-05
-1.075008788e-06
0.0001043948731
-5.259771344e-05
-7.634072399e-07
-3.878970764e-07
-3.057779911e-06
-2.204401438e-06
-1.687216623e-07
1.645912057e-05
1.379905227e-10
1.594270995e-05
-0.0001667153228
-0.0001226303898
-6.267307105e-08
1.782756757e-09
1.331501247e-05
0.0001455285734
0.0001362586859
2.357646105e-09
-0.0002827725356
-1.192669525e-06
0.0001685293299
-0.0003109568444
3.147253257e-07
0.0001225224133
1.475037984e-05
1.649361944e-09
-0.0003111766179
2.050345731e-09
1.39804162e-05
1.392319177e-05
0.0005201534062
-0.0002553681029
-7.166437013e-07
-0.0002760892009
1.202182842e-05
0.0003690474956
-0.0004085424967
0.000500053252
-0.0004614670447
-1.239788431e-06
-0.0005207686018
0.0003697421797
0.000521638551
-8.626367599e-07
0.0002570446583
-0.0002895876289
-0.0003753511341
0.0003683947763
0.0005195674252
-0.00028878243
-0.0003759901782
-0.0002770587876
1.261819785e-05
-1.685685792e-07
1.645883671e-05
1.594257716e-05
-0.0001667138855
-0.0001226297038
-5.87008742e-08
1.331487125e-05
0.0001455217478
0.0001362597379
-0.0002827722497
-1.201720186e-06
0.000168520898
-0.0003109425741
3.087967477e-07
0.0001225187063
1.474866654e-05
-0.0003111746396
1.398019876e-05
1.392211467e-05
0.0003259697397
-0.001394237582
-0.0003655110341
-2.928730688e-05
-0.001368451719
0.0004446699046
0.001426421855
-1.181243186e-05
0.001558101564
-0.0004811059366
-7.936280471e-07
0.0004417794842
-0.001517981483
0.00140838987
-0.005597510782
0.001542741524
0.001367332882
0.00154155949
0.001380131813
-0.0004097324535
-0.000405967779
-0.0004229487461
-0.0004039846634
0.001463036331
0.000326001094
-2.926688221e-05
-0.001394271394
-0.0003654991507
-0.0004908722992
-0.001368477616
-1.180707129e-05
0.0004448626202
0.001426294366
0.001558118356
-0.0004811330863
-7.868067189e-07
0.0004417528535
-0.001517951316
0.0003053633354
-0.00157428555
-0.0003263199401
-1.364579582e-06
0.001595112803
-1.693126242e-06
0.0004313946152
0.001677792017
-0.001655094648
-4.262900615e-07
0.0003683356545
0.0003348322757
-1.801095632e-05
0.001513184978
-0.0003669699682
0.001596584213
0.0003053724069
-1.357726635e-06
-0.001574287529
-0.0003263113665
-1.669567239e-06
0.001595110631
0.0004314267092
0.001677781643
-4.176853416e-07
-0.001655106575
0.0003683387154
0.0002345084002
-0.001638573847
-0.0002434094775
-2.236076479e-07
0.001694779959
-2.611676328e-07
0.0003442705464
0.001701746522
-0.001705167166
-1.384180653e-07
0.000262896085
0.0002941811783
-8.46471185e-07
0.001613152887
-0.0003099033844
0.001647698736
0.0002345894787
-2.296998138e-07
-0.001638591386
-0.0002434671319
-2.553552959e-07
0.00169474835
0.0003442689718
0.001701710844
-1.185750075e-07
-0.001705183625
0.0002628292304
-3.867320179e-08
0.0007306939281
-0.001677323003
-0.001665735817
-0.001664330413
-0.001678161835
-0.0002016496863
-0.0001863124097
-0.0001849694768
-0.0002026355096
-6.890225096e-08
0.0002292025205
0.0016940858
-0.0001623746508
0.001656524325
0.0001808634933
-0.001674521872
-4.912972282e-07
0.0002235343014
-5.503898135e-07
0.001657051119
-0.0002323362968
0.0007303568855
0.006730456305
-0.001677316706
-0.001665670263
-0.001664323763
-0.001678155083
-0.0002016428615
-0.0001862473491
-0.0001848593289
-0.0002026364926
-0.0002215662837
-8.986280928e-08
0.0002292740724
0.001694092908
-0.0001622312875
0.001656523844
-4.752903065e-07
0.000180755414
-0.001674572683
0.0003895543473
-0.001160969024
-0.0004275047692
-2.405139177e-05
-0.001043431756
0.0003572808693
0.001055867826
-4.760008331e-06
0.001172148662
-0.0005114425701
-4.823305459e-06
0.0004871423996
-0.001143025186
0.001416896913
-0.004701543541
0.001246577415
0.001143692497
0.001268394013
0.00113083792
-0.000395965535
-0.0003528335129
-0.0003929250595
-0.0003631294985
0.001222934485
0.0003895884463
-2.405229945e-05
-0.001160986282
-0.0004274843511
-0.000364979715
-0.001043442245
-4.754914686e-06
0.0003572653
0.001055911574
0.001172177856
-0.0005115318328
-4.829364083e-06
0.0004871383029
-0.001142954962
0.000481983753
-0.001354404495
-0.0005208300645
-1.845740656e-06
0.001206975945
-2.701668159e-06
0.0005307998237
0.001369539346
-3.681358796e-07
-0.001308982547
0.0006089336933
0.0004312694644
-1.328633536e-05
0.001264488289
-0.0004595369336
0.001395143577
0.00048197297
-1.860878177e-06
-0.001354442479
-0.0005208131903
-2.703545308e-06
0.001207008071
0.0005307756823
0.001369569518
-3.767292151e-07
-0.001308969859
0.0006089844906
-0.0005270659771
-3.236738588e-07
-0.001531855307
-1.349004734e-07
0.001425137301
0.0006317336466
-2.232157243e-07
-0.001526269738
0.0006367196468
-3.223258698e-06
0.001440333161
-0.0005328386266
-2.858970472e-07
-0.0005272296068
-0.001531772075
-1.689690842e-07
0.001425200838
0.0006317472632
-1.902148176e-07
-0.001526252882
0.0006366562017
0.0004780217135
-0.001642829203
1.770168775e-07
0.001673857872
-0.0005092509815
2.358192467e-08
-4.847739413e-07
-0.0004781810181
0.00165552137
0.0004441450016
-2.211485571e-07
0.001643372001
-0.0005550439492
-0.001597100109
0.00162058298
-0.000508930257
1.652354655e-09
0.0004655254565
-0.001577760917
0.001655258518
1.633623874e-08
0.00044284506
-0.0005554015448
-1.360912933e-08
-0.001596565458
0.001674279738
-0.0005089117421
0.0003218920659
-0.001672924304
1.29649952e-08
0.001646185214
-0.0002951632298
-2.710643301e-09
-7.953518111e-08
-0.00032128808
0.001703090363
0.0003235397969
-2.625662133e-08
0.001673033853
-0.001687401671
-0.0003531726937
0.001705187101
-0.0003680445329
-0.00169843671
-2.915126585e-09
0.0003611595977
0.001703104258
-2.035673077e-09
0.0003238974168
-0.001687171303
-0.000353818575
-5.21065441e-09
0.001646190853
-0.0002944321047
-0.0016084214
-0.000128859651
-2.073068413e-07
1.607518414e-07
0.0009648072808
0.0001029674734
0.000852273629
-2.926818878e-11
-0.0008795958921
6.225835748e-05
-3.290444874e-08
-0.0001994282639
0.001646778717
0.001575103727
-1.888295698e-07
-0.001608320103
-0.0001288260727
1.670794559e-07
0.0009647968609
0.0001029871613
0.0008523687296
-1.367366186e-08
-0.0008796308967
6.230691968e-05
-1.389217196e-08
6.947794816e-05
0.0001315632213
-2.501989142e-07
-0.0001073122262
3.066619101e-08
6.941785157e-05
-0.0005439906135
-4.428996499e-06
-0.001098690491
-0.0009234032981
0.0003940144685
0.0009269221676
-9.08465926e-06
-0.000585867813
-1.332730429e-06
0.0005833507234
-0.0009423754683
-0.001015098191
-2.975876849e-06
0.001028892873
-0.0003757985207
-4.432932532e-06
-0.0005439474037
-0.001098734606
-0.000388453195
-0.0009234637719
-9.074451999e-06
0.0003940082337
0.0009269831851
-0.0005857898802
-1.352246867e-06
0.0005833854896
-0.0009423082529
0.0006536279626
-0.001122225647
8.729679308e-07
0.00116926082
-0.0007015393133
3.209842882e-09
-1.134173057e-06
-0.0006551093493
0.001217197872
0.0006093380823
-1.546458845e-06
0.001120211599
-0.0006345116362
-0.001079639784
0.001173300606
-0.0005926282163
3.502308696e-09
0.0005606799799
-0.001143419935
0.001218122243
1.897045533e-09
0.0006076702497
-0.0006321386399
1.087506702e-09
-0.001084262778
0.001169012807
-0.0007030376023
0.0007280726588
-0.001344226595
3.769657237e-07
0.001317707625
6.489222322e-09
0.001399896247
-0.0007363677144
1.154304166e-08
-0.001350530135
0.0006869126081
-2.383567518e-07
-0.0007276905725
0.001432545229
0.0006962262519
3.145654283e-08
0.001344995698
-0.001307591858
0.001431379025
1.071914109e-08
0.0006963408053
4.261500061e-09
-0.00130650981
0.001319511176
1.398286767e-05
-0.0002571410973
-5.838510936e-08
0.0002590264214
-7.225866634e-09
0.0005864476529
4.460862449e-06
-7.181671896e-09
3.880848408e-05
-3.45670021e-08
-1.366761553e-05
0.000560225485
3.97904396e-05
9.462406724e-07
0.0002563801572
0.0005603649981
-6.921466684e-09
4.003787737e-05
-2.798752946e-09
0.0002588899994
-2.718820168e-05
-0.0005381757211
-2.924252725e-09
4.335772179e-05
6.030648286e-08
0.000268680011
-0.0002620117718
-3.376298421e-05
0.0002686957106
-0.0002618040719
-3.402790171e-05
8.371641797e-09
3.236280442e-08
-4.965837344e-05
1.965099206e-09
-4.962895183e-05
0.0003368614799
-0.0008921625597
-0.0003193010309
-1.633273841e-05
-0.000875020002
0.0001634434436
0.0008504626256
-3.191494645e-06
0.0007650993518
-0.0002223530597
-3.969920193e-06
0.0002643346331
-0.000803111005
0.000996469555
-0.003895440518
0.000957183879
0.0009051836026
0.0009916351283
0.0008794101695
-0.0002268789483
-0.0001909261833
-0.0002086364263
-0.0002080031186
0.0008908135251
0.0003368754838
-1.63435525e-05
-0.0008921245449
-0.0003192209116
-0.0001356471458
-0.0008748969309
-3.208954222e-06
0.0001634074969
0.0008503455338
0.0007651837134
-0.0002224028728
-3.94328924e-06
0.0002642918123
-0.0008031293636
-9.710881971e-07
-0.0005739674595
-0.0008541141432
0.0007211921809
-2.260971852e-06
0.0003102551707
-3.189040729e-07
0.0004942510275
-0.0006218956971
-9.340578888e-06
0.0008778820827
-0.0003661811692
-9.623240255e-07
-0.0005739295166
-0.0008541427263
-2.232976687e-06
0.0007212495646
0.0003102841006
-3.191292294e-07
0.0004942576446
-0.0006219216194
0.0007724057827
-0.0007079266586
1.968210117e-07
-0.0007096718065
3.601703483e-10
0.0008398767584
-0.0006646275614
3.564939507e-09
0.0006682403749
-0.000844060746
-2.128917089e-07
-0.0007736368353
0.000782671483
-4.107418843e-07
0.0007080520789
-0.0006304562913
-0.0007430613137
9.748331152e-10
0.000781578807
-0.0006293179685
-2.565208755e-09
-0.0007436444267
-0.000710944731
-0.0001737914773
-3.882740059e-06
-0.0007801615643
-0.0008361000963
3.679199389e-05
0.0008026370764
-3.328725504e-06
5.988689179e-05
-3.93358106e-06
-0.0007308392812
-0.0008490461989
-3.20271274e-06
0.0008219821303
-0.0001053803621
-3.906829132e-06
-0.0001737632662
-0.0007801220915
-0.000836040474
-3.334080679e-06
3.676051564e-05
0.0008026100547
-3.941577576e-06
5.992376594e-05
-0.0007308448828
0.0002458001568
-0.0006367517501
9.297678898e-07
0.0005617966879
-0.0001717747385
-1.240357988e-10
-1.020626241e-06
-0.0002465719356
0.0006178422863
0.0003107079027
-1.786230653e-06
0.0006335083098
-0.0001424001533
-0.0006970414939
0.0006846010488
-0.0002070990426
6.902254958e-10
0.000262992213
-0.0007423372764
0.0006198555699
-1.409250077e-10
0.0003095251517
-0.0001419307482
-1.075688515e-09
-0.0007037051959
0.0005601512529
-0.000172285107
0.0006965100844
0.001220913742
-8.628194725e-07
4.459052184e-09
-0.001436659262
-0.0006742665302
-6.699982158e-09
0.0006814671931
1.959756171e-07
-0.0006965024947
0.0006914006467
-4.209263123e-07
-0.001220818251
6.750421733e-09
0.0006914190748
3.818228573e-10
0.0007280894603
-0.001344227762
3.877241114e-07
0.001317715261
0.001399884043
-0.0007364007085
-0.00135046733
0.0006869107241
-2.659154286e-07
-0.0007277399665
0.001432560953
0.0006962924413
3.455364365e-08
0.00134500449
-0.001307642571
0.001431357886
0.000696360425
-0.001306524238
0.001319528699
0.0006965246813
0.001220906269
-8.542108759e-07
-0.001436625392
-0.0006742923232
0.0006814610785
1.82783459e-07
-0.0006965457488
0.0006914872262
-4.277288841e-07
-0.001220808115
0.0006914467095
2.084248494e-05
0.00026163433
-2.826342315e-08
-3.266183211e-09
-0.0005456698776
-2.752181812e-05
-7.027115485e-09
3.495906676e-05
-3.299004886e-08
-2.082307845e-05
3.536860163e-05
-7.096806522e-08
-0.0002616760303
-6.18231593e-10
3.550524621e-05
-8.231739718e-09
1.397787034e-05
-0.000257126767
-6.841439921e-08
0.0002590177673
0.0005864293886
4.445678897e-06
3.880112293e-05
-1.412771222e-08
-1.365090528e-05
0.0005601734307
3.977329747e-05
9.431847276e-07
0.0002563341648
0.0005603931488
3.999306732e-05
0.0002588639583
2.085859285e-05
0.0002616252842
-4.458234424e-08
-0.0005456523028
-2.747934813e-05
0.0005380537039
3.505079329e-05
-3.438101297e-08
-2.087741765e-05
3.545238875e-05
-2.01481372e-08
-0.0002615954572
0.0002618955253
3.556442908e-05
0.0002618562227
-0.0005951932518
-0.0006157508585
8.417389936e-07
9.873930581e-10
0.0005713479552
0.0004899186886
3.156669216e-09
-0.00056149777
-3.771144469e-07
0.0005955180977
-0.0006531958511
-5.736327255e-07
0.0006166984642
9.178680385e-10
-0.0006535412994
-1.049850081e-09
0.0007724122097
-0.0007079366653
1.96677562e-07
-0.000709678053
0.0008398014075
-0.0006646244289
0.0006683794618
-0.0008441339298
-2.17673352e-07
-0.0007736536629
0.0007826661253
-4.035818115e-07
0.0007080794642
-0.0006304461842
-0.0007431245037
0.0007815351935
-0.0006292652834
-0.0007437019568
-0.0007109547534
-0.0005951863661
-0.0006157572764
8.42884669e-07
0.0005713418712
0.0004899464624
-0.0005614845018
-3.850682209e-07
0.0005954952672
-0.0006531640977
-5.663109903e-07
0.000616718768
-0.0006534939297
0.000444001086
0.001688290239
1.409754243e-07
-0.000458577823
3.393672737e-09
-3.482392429e-07
-0.0004438968379
0.0004177616395
-8.85555437e-08
-0.001688630258
-0.0004056111652
-0.001681842275
-0.0004072552888
-3.928473471e-09
0.000390435551
3.064807107e-09
0.0004170660155
-0.0004062182158
-6.698191198e-09
-0.0004581063926
0.001576654294
0.0005946827194
-1.698240418e-08
-0.001569335745
-1.011096356e-07
0.0005196305796
0.00154059287
0.0005204193053
0.001540302971
-3.023627225e-09
-0.001642925051
1.306147869e-07
0.001653954316
8.440680922e-09
-7.364550336e-08
0.001643567327
-0.001604331361
-2.720467411e-08
-0.001603690322
0.001654416773
-0.001465208178
0.0003683652111
-4.260100277e-09
0.001372710915
3.212213572e-08
0.0004401944386
0.0004409263842
-1.753082074e-09
0.00163620818
9.370088733e-08
9.878689453e-10
-2.364201719e-08
-0.001636598519
0.001598580212
-5.633905551e-09
0.001598337162
0.0004780143012
-0.00164279389
2.087418781e-07
0.00167389454
-0.0005093001181
0.001620573243
-0.0005089172214
0.0004655286081
-0.001577733271
-5.110849173e-07
-0.000478175925
0.001655524886
0.0004441627639
-1.176290894e-07
0.001643342609
-0.0005551538757
-0.00159711637
0.001655231791
0.0004428609989
-0.0005553802297
-0.001596462125
0.001674388277
-0.0005090128573
0.0004439954909
0.001688299872
1.430043584e-07
-0.0004585404494
-0.001681819253
-0.0004072643519
0.001698437191
0.0003904250849
-3.490921901e-07
-0.0004438892817
0.0004177604291
-7.539702087e-08
-0.001688678081
-0.0004056108184
0.001687432257
0.0004170620017
-0.0004062285825
0.001687182005
-0.0004580360781
0.001576681007
0.0005946361798
-0.001569315554
-9.033765563e-08
0.0005196215872
0.001540628098
0.000520432283
0.00154030275
-0.001642946499
1.411246802e-07
0.001653945972
4.196241854e-08
0.001643659174
-0.001604767249
-0.001603675795
0.001654409025
-0.001465226322
0.0003683751242
0.001372714762
3.900818939e-08
0.0004401705693
0.0004409050294
0.001636218822
9.271443593e-08
-1.340631587e-08
-0.001636636232
0.001598603085
0.001598346331
0.0002695003979
0.001609603675
3.315516495e-08
-0.0002329492503
-2.760725786e-09
-6.206577633e-08
-0.0002691993878
0.0002835424492
-3.236405637e-08
-0.001609625512
-0.0001961944864
0.00156650762
-0.001688704566
-0.0002400404688
-3.534987174e-09
0.001668804462
0.0002598553208
-2.815640148e-09
0.0002838408269
-0.0001969340353
-2.256362778e-09
0.001566467125
-0.0002326008995
0.001283971462
0.0003048924944
-5.624882728e-09
1.377630849e-07
0.0002351420749
0.001194995077
0.0002357831085
0.001195212661
-3.542315169e-09
-0.001549502766
-5.073019182e-08
0.001490176428
-3.052287076e-09
8.597425339e-08
0.001549536198
-5.706676679e-09
0.001490195448
-0.001111899835
0.000128863667
1.206392918e-09
0.001029308073
1.297158149e-07
0.0001678313529
0.000168217693
-3.69565148e-09
0.001425476525
-2.980320063e-08
-1.855361799e-09
1.291755006e-08
-0.001425396084
0.001357407707
-1.360608257e-09
0.001357420426
0.0003218937919
-0.001672929679
8.376556858e-09
0.001646227907
-0.0002952031036
0.001705203177
-0.0003680364243
0.0003611389334
-7.627098068e-08
-0.0003212925812
0.001703101391
0.0003235306831
-1.739613467e-08
0.001673050222
-0.0003531593346
0.001703144309
0.0003238743566
-0.0003538067041
0.001646279479
-0.0002945134589
0.0002695157008
0.001609605661
2.872779244e-08
-0.0002329249603
-0.001688673598
-0.0002399764463
0.0002597494003
0.001668829048
-6.281534211e-08
-0.0002692378171
0.0002836201056
-2.194722928e-08
-0.001609619943
-0.0001961446533
0.001566514817
0.0002839207762
-0.0001968951449
0.001566500153
-0.0002325495535
0.00128398264
0.0003048807313
1.497797995e-07
0.0002351414169
0.001194971444
0.0002357815301
0.001195226876
-0.001549509981
-5.841780009e-08
0.00149014377
9.532493658e-08
0.001549547045
0.001490116584
-0.001111872098
0.0001288631695
0.001029328649
1.369938612e-07
0.0001678697388
0.000168235415
0.001425482122
-2.977411672e-08
1.469501501e-08
-0.001425406996
0.001357434747
0.001357463475
-0.0007399707043
-0.001279604739
2.534571247e-09
0.0006686311764
-3.87456326e-07
-0.001235191561
-0.0008122501664
-0.001234591057
-0.0008122790272
2.110810703e-09
0.0007065035408
4.46798267e-07
-0.0007722836383
3.058353059e-09
-5.858687938e-07
-0.0007071307544
0.0006452701547
2.736902649e-09
0.0006444324361
-0.0007728627153
0.0009530624474
0.0006621743838
4.574569801e-09
-0.0009477260087
-3.49339853e-07
0.0007528351932
0.0009830447095
0.000751712622
0.0009825856063
-6.316608187e-09
-0.001046256078
5.794904807e-07
0.001095850461
-5.692784516e-10
-9.833889225e-07
0.001045639585
-0.001015198301
-3.799208004e-09
-0.001017199931
0.001096016656
0.0008709803417
-0.001024998157
7.768815631e-09
-2.64029706e-07
-0.001162109581
-1.765299246e-07
0.0008387004992
-0.001161338771
4.140996813e-09
0.0008380317363
-2.123325025e-09
2.551466927e-07
4.635743812e-09
0.0006536214074
-0.001122215433
8.771769952e-07
0.001169297159
-0.0007015771093
0.001173281604
-0.0005926679288
0.0005606533288
-0.00114333417
-1.138559834e-06
-0.0006550981288
0.00121720901
0.0006093024676
-1.54628728e-06
0.001120194123
-0.0006344935465
-0.001079677654
0.001218128492
0.0006076378517
-0.0006321239859
-0.001084304585
0.001169090015
-0.0007031168521
-0.000739950288
-0.001279635943
0.0006687093208
-3.995047139e-07
-0.001235229507
-0.0008122401432
-0.001234615853
-0.0008122560706
0.0007064992111
4.542042212e-07
-0.0007722690574
-5.927367707e-07
-0.0007071228589
0.0006452394815
0.000644401759
-0.0007728081484
0.0009531365834
0.0006620962155
-0.000947583418
-3.350686514e-07
0.0007528200946
0.0009831036794
0.0007517019554
0.0009826284315
-0.001046261975
5.76076119e-07
0.001095810165
-9.751975885e-07
0.001045656239
-0.001015279003
-0.001017268746
0.001095935553
0.0008709948765
-0.001025010046
-2.762669434e-07
-0.001162113772
-1.734196648e-07
0.0008387254923
-0.00116132581
0.0008380409495
2.608776554e-07
5.169143322e-05
1.767144511e-06
2.36156825e-10
6.488396707e-08
9.641266356e-05
7.240701316e-08
7.768828043e-05
9.639634452e-05
7.739411752e-09
7.784265569e-05
-2.646316996e-09
2.753874992e-08
8.542106598e-11
-2.72221296e-05
4.320805223e-05
1.491961859e-08
0.0002686834427
-3.388615291e-05
0.0002687166013
-3.405921993e-05
4.786486947e-08
-4.965902187e-05
-4.963598369e-05
5.170623624e-05
1.78030364e-06
3.16358755e-08
9.637627014e-05
7.459481712e-08
7.771202974e-05
9.640497364e-05
7.782489252e-05
2.009540441e-08
-0.0003470619832
-0.0005465319006
-1.003906132e-09
0.000431748715
-3.314771593e-07
-0.0004747475667
-0.0002481603674
-0.0004756982334
-0.0002477040203
1.297217868e-09
0.0002920087561
5.333532704e-07
-0.0002064434563
-1.969477987e-10
-6.2586055e-07
-0.000292830734
0.0003657526299
-6.063300714e-10
0.0003647071699
-0.0002068936937
-0.0006173206671
-8.826136314e-05
9.380990311e-07
0.0005328679716
1.22233316e-09
-1.766786374e-06
0.0006137532628
-0.000680731467
-9.340813654e-07
8.852887283e-05
0.0005153844922
7.34454916e-05
0.0006065211778
1.259975111e-09
-0.0006817274285
1.067444849e-09
-0.0006875737772
0.0005173251069
7.898775041e-10
0.0005309351282
0.000127330039
-0.0004105729373
2.181393764e-09
-4.877685603e-07
-0.0004310629154
-0.0004320401225
1.754964482e-09
-0.0001061847459
5.67625008e-07
1.514230597e-09
-5.730052745e-07
0.0001064538548
1.993736622e-09
0.0002457951321
-0.0006367639715
9.299751759e-07
0.0005618086962
-0.0001717699524
0.000684531241
-0.000207123993
0.0002629629075
-0.00074223436
-1.032172604e-06
-0.0002465766402
0.0006177724467
0.0003107144862
-1.776846881e-06
0.0006335451914
-0.0001424001168
-0.0006971091132
0.0006198041226
0.0003094899357
-0.0001418753571
-0.0007037905274
0.0005601694367
-0.0001722709084
-0.0003470938528
-0.0005465131192
0.0004317215292
-3.370109147e-07
-0.0004747967156
-0.0002481992557
-0.0004757282796
-0.0002476914643
0.000292000474
5.303147987e-07
-0.0002064505676
-6.257951774e-07
-0.0002928155732
0.0003657302259
0.0003646650741
-0.0002069125376
-0.0006173223081
-8.82580011e-05
9.406025947e-07
0.0005328709775
7.341173717e-05
0.0006065203755
-0.0006816998192
-1.769732772e-06
0.0006137561836
-0.0006807336849
-9.36322792e-07
8.85203972e-05
0.0005153769698
-0.0006875545938
0.0005173263236
0.0005309462745
0.0001273321935
-0.0004105768157
-4.979610467e-07
-0.0004310599855
-0.0004320301157
-0.0001061822354
5.740451943e-07
-5.764277318e-07
0.0001064522042
-0.001237577182
-2.357001014e-09
0.005784573146
-2.054489299e-08
3.722575854e-09
0.005955187493
-0.0003312014802
-0.0003689302078
-0.0003820938353
0.0057580973
-0.001265940292
-0.001237591483
0.005908239436
0.005784739637
0.005955347018
-0.0003689378099
-0.0003311841447
-0.0003820720843
-0.001106099903
-1.25763286e-08
0.006122999653
-1.961609033e-08
-0.0003272958632
-0.0003554890889
-0.0003345960332
-1.283680896e-08
0.00626793402
-0.0003195685358
-0.0003053858553
-0.000320703714
0.006029824578
-0.001184471713
-0.001106096341
0.006155709402
0.00612306737
-0.000355484391
-0.0003273088004
-0.0003345862141
0.006267991188
-0.0003053707651
-0.0003195700201
-0.0003207198068
-0.0008935635172
-1.913248849e-08
0.006385959681
-8.501212024e-09
-0.0002692507353
-0.0002932257942
-0.0002682604646
-1.364729597e-08
0.006472841923
-0.0002570065896
-0.0002332468304
-0.0002556703054
0.0062531019
-0.001006962373
-0.0008935833731
0.006337390448
0.006386034072
-0.0002931771473
-0.0002693290861
-0.0002683263421
0.006472896677
-0.0002333186075
-0.0002569402188
-0.0002556113
-0.0006891179456
-1.572603563e-07
0.006545243234
-2.394831803e-08
-0.0001985180592
-0.0002224893085
-0.0001973548292
-1.197712187e-07
0.006417891845
-0.0007690292051
-0.0006898420035
0.006545757737
-0.0002223664952
-0.0001986082362
-0.0001974051678
-0.001424488152
1.554656744e-09
0.004955561019
6.236965799e-09
5.679018764e-09
0.005137415362
-0.0003744602879
-0.0004227395006
-0.0004195940426
0.005059302786
-0.001324274265
-0.00142450477
0.005237567138
0.004955426951
0.005137292586
-0.0004227645281
-0.0003744288411
-0.0004195829133
1.044247399e-08
-0.0003852478064
-0.0004252126626
-0.0004348578919
-0.0003824501171
1.516210549e-08
-0.0004252387327
-0.0004449717354
-0.0004300341108
0.001260172829
0.001398108306
0.001408354816
0.001259045024
0.000432308859
-0.001300151122
-1.862570498e-05
0.005371236414
-0.001543181046
-0.0003852607894
-0.000425206072
-0.0004348294394
-0.000382416362
-0.0004448666955
-0.0004253629209
-0.0004301638711
0.001260231912
0.001398151148
0.001408353972
0.001259052614
-1.86398612e-05
0.0004323256659
-0.001300190453
0.0003551168603
-0.001566057622
5.636346053e-06
0.001584080933
-0.0003787750945
-1.423618791e-09
-6.955305011e-06
-0.0003574258697
0.001550262761
-1.47857564e-05
0.001538318526
-0.001487555472
-0.0004029382163
0.001553557594
-0.000370297302
-0.001556753373
1.233584365e-09
0.001567126755
-3.646571218e-09
-0.001560036934
-0.0003911051343
1.380750041e-09
0.00157322636
-0.0003866973687
0.0002817727619
-0.001639599273
5.808753607e-07
0.001652827659
-0.0002955804175
-1.607130247e-09
-3.818884992e-07
-0.0002829237219
0.001627193353
-8.397481427e-07
0.001638764368
-0.001621031354
-0.0003268120252
0.001614465891
-0.0003088434969
-0.001599696191
-2.289109892e-09
0.001627597086
-7.821709941e-10
-0.001623134749
-0.0003261454835
-2.305624055e-09
0.001652528593
-0.0002961070743
0.0002056132719
-0.001674986124
5.276157337e-07
-0.0002084734476
-4.30258531e-09
-1.546410287e-07
-0.0002070607596
-7.275747295e-07
0.001675935994
-0.001672399928
-0.0002352275699
0.00165622217
-0.0002316563128
-0.001647617027
-6.810987213e-09
-4.431055281e-09
-0.001672280382
-0.0002350846902
-4.937907179e-09
-0.0002087589779
0.0001432589456
-6.992883125e-07
-0.0001479901501
-0.0001463645128
-7.211024837e-07
0.0001433415704
-0.001304033212
-1.618420675e-08
0.004458428302
-6.40124338e-09
-2.967166844e-08
-0.00129693539
0.001071746638
0.001155324257
0.001180857498
0.004602671528
-0.001150311332
-0.001304263473
0.004458241647
-0.001132812117
-0.001297404459
0.001155314775
0.001071744071
0.001180851867
0.0004708334869
-0.001273663328
3.09760093e-06
0.001315396226
-0.0005156686545
4.66876594e-09
-2.347612877e-06
-0.0004699567666
0.001311460704
-1.04028253e-05
0.001255435683
-0.001206165475
-0.0004984024764
0.001290565049
-0.0004633759212
-0.001285446965
4.468917572e-09
0.001329013151
3.652195053e-09
-0.001254843457
-0.0004926021824
3.55471548e-09
0.001307455672
-0.0005188791719
0.0005325382595
-0.001438519399
8.926397135e-07
0.001490182747
-0.0005851058511
1.160353058e-08
-1.545458812e-06
-0.0005355619304
0.000492894268
0.001484545712
-1.260424704e-06
0.001438891157
-0.001390646741
-0.0005798386095
0.00144203464
-0.0005291961561
0.0004808410975
-0.001396894584
5.968555012e-09
0.0004872844159
0.00148573987
3.161540073e-09
-0.001390022477
-0.0005789680182
1.452158905e-08
0.001490334393
-0.000586112519
5.186841174e-08
0.001525447599
-0.0001583521956
-0.0001996168366
0.001646638178
0.0002217686189
4.29733599e-09
0.001525616056
-0.0001587185756
4.682158711e-09
0.0001845414368
8.578981857e-09
0.001482277589
-0.0001412052476
-6.305902562e-09
-6.35021284e-08
-0.0001839672213
0.0002044043821
0.001626429863
0.0002047511381
0.001626370049
-5.075571672e-09
0.001482375473
-0.0001408865076
-2.761024342e-07
-6.590716634e-08
-0.001411275798
-8.671180364e-05
0.001550741833
-0.0001070546641
-0.001574927103
4.087150796e-09
0.00013100383
-0.001411175644
-8.6605396e-05
1.713650206e-09
6.753116853e-09
0.00100772566
0.001119565677
0.001102910005
-0.0003328199069
-0.0003578058111
-0.0003406755016
-0.000310421078
6.064021581e-08
0.000922243761
0.001014592119
0.001039902327
0.0009503810814
0.0003436541082
-0.000913209596
-1.698632659e-05
0.004200696227
-0.001098477851
0.001119673974
0.001007537961
0.001102678201
-0.0003327267914
-0.0003577360765
-0.0003407207616
-0.0003105061678
0.0009223022007
0.001014617918
0.001039958464
0.0009504520068
-1.697223694e-05
0.0003436608845
-0.0009132769321
0.0004473805504
-0.001094478382
1.529174067e-05
0.001064784734
-0.0004329793156
6.725726462e-10
-1.948388327e-05
-0.0004354854958
0.0004216152802
0.001062235024
-6.711426639e-07
0.001014436634
-0.0003819220629
0.001122741835
-0.0004213112861
0.0004151421366
-7.869767454e-10
0.0004399467298
0.001110690494
1.27932405e-09
-0.0004135540122
3.210526877e-09
0.001029623127
-0.0004353802449
-0.000629835723
-2.578729173e-08
0.003856139529
-3.08671553e-09
-3.471033671e-09
-0.000456452137
0.0008839164607
0.0009594034855
0.0009644194756
0.0040231655
-0.0005153172401
-0.0006294434592
0.003855647772
-0.0003770006117
-0.0004563303137
0.0009592372803
0.0008839692582
0.0009644276903
0.0004261859834
-0.0008440635218
2.894694993e-06
0.000813398622
-0.0003984156766
-1.020880367e-10
-3.500586933e-06
-0.0004293764537
0.0004462894337
0.0008645067935
-7.576600209e-06
0.000833000108
-0.0008455077161
-0.0003460211176
0.0008925232927
-0.0003626323584
0.000389921463
-0.0009291406942
6.117316732e-10
0.0004449291364
0.0008702811092
-1.554624439e-09
-0.0008749446554
-0.0003393273829
-4.463958523e-10
0.0008087076041
-0.000402189259
-0.0002397736053
-4.502061117e-09
0.0008443292946
0.0009279412931
0.000923682655
0.003719852959
-3.866705492e-09
-2.166192262e-09
0.0008272295984
0.0009134979547
0.0009032566797
0.003761605006
-0.0001966759933
-0.0002396720983
0.000928048005
0.0008442562276
0.0009235918571
0.003719880359
0.0009134140434
0.0008273466494
0.0009033915412
0.0001309192127
-0.0008834006581
1.602863095e-05
0.0008258049852
-8.93537353e-05
1.564320326e-09
-1.592228137e-05
-0.0001269914924
0.0001600129313
0.0008048039259
-3.449459361e-06
0.000814769697
-7.240481722e-05
0.0008908515636
-0.0001170818165
0.0001509536639
-1.877976211e-09
0.0001657566869
0.0008400908429
9.725864041e-10
-8.024927507e-05
4.670179684e-13
0.0007907943601
-8.698751577e-05
0.0004116235198
0.001565145071
-3.699138043e-06
-0.0004303333193
-9.37340832e-09
-4.982899896e-06
-0.0003531513852
-2.282034707e-05
-0.001419824918
-0.0004104212422
-0.001566112486
-0.0003888584666
6.446245544e-11
1.31400869e-09
-0.0004065711342
4.483801133e-10
-0.0003966683465
-0.001446934458
-0.0004485037484
3.107789482e-06
0.001482594854
1.269229053e-09
-1.475003196e-05
0.001413300711
-0.001359777007
-3.200675245e-06
0.0004481835527
0.001474333247
0.0004469338175
0.001447484017
3.417365904e-10
-0.001425389513
6.829392907e-10
-0.00143764614
0.00148306832
-4.313808106e-09
0.001460582623
0.0004421154815
-0.001519631582
-9.303390801e-09
0.001557846619
-0.0004811148459
0.001508973021
-0.0004516566305
-5.042359433e-06
-1.250066411e-08
-2.744720079e-06
-0.001503752195
0.001537855158
3.005852331e-07
0.0004448802862
-0.00048882911
-9.582420978e-09
0.001541782227
-1.447725896e-08
-0.0004879048324
0.0004116005115
0.001565115695
-3.70619542e-06
-0.0004302778699
-0.00156610728
-0.0003888446013
0.001556747246
-4.981946994e-06
-0.0003531407145
-2.280009087e-05
-0.001419854392
-0.0004103887957
0.001487544126
-0.0004065539599
0.001560025406
-0.0003965694999
-0.001447029059
-0.0004485432173
3.105145675e-06
0.001482735942
0.0004470578531
0.001447399721
-0.0004808719092
-0.001425392397
-1.473857152e-05
0.001413467974
-0.001359834565
-3.197730646e-06
0.0004482618747
0.001474146226
-0.0004929160052
-0.001437657842
0.001482919313
-0.0004872648577
0.001460850328
0.0004420969387
-0.001519603431
0.001557830422
-0.0004811200401
0.001508984267
-0.0004514825298
-5.056173566e-06
-2.735010368e-06
-0.001503765843
0.001537864911
3.366584885e-07
0.0004445411907
-0.000488682939
0.001541782646
-0.000487844469
0.0003382731165
0.001604010293
2.276015705e-06
-0.0003604772418
-1.251529787e-09
-2.815830375e-06
-0.0003407755116
-1.306861474e-06
-0.001599260261
-0.0003467841854
-0.001581882121
-0.0003245613732
-3.14308429e-09
-1.799339192e-09
-0.0003449900272
-2.678702786e-09
-0.0003645334088
-1.241811848e-06
0.0004141565943
0.001626343019
0.001594999694
0.0004266838466
-4.592654397e-09
0.0004100764133
0.001626522025
4.495941424e-09
-0.001573225858
2.369421217e-06
0.001602158102
-3.501878109e-10
-4.141806715e-06
0.001570453363
-6.730975961e-09
0.001600282003
-7.071147422e-07
0.0003897171153
-0.001655392772
0.0003674457531
-3.379435466e-09
0.00167795965
0.0003874881378
1.373007092e-11
0.001627976382
1.191385103e-06
1.224206914e-09
-7.224496259e-07
-0.001626657089
0.001648931003
-2.732738619e-09
0.001649712377
0.0003551154156
-0.001566057271
5.632490154e-06
0.001584086423
-0.0003787784908
0.001553554866
-0.0003703017426
-6.948800363e-06
-0.0003574244315
0.001550249406
-1.478647381e-05
0.001538326962
-0.0004029663318
0.001567131609
-0.0003911187061
0.001573242848
-0.0003867078318
0.0003382759058
0.001604010607
2.27551949e-06
-0.0003604768676
-0.00158186586
-0.0003245574742
0.001599691687
-2.820045754e-06
-0.0003407881013
-1.303134073e-06
-0.001599259871
-0.0003467800105
0.001621031648
-0.0003449880315
0.001623135343
-0.0003645296134
0.001594995883
0.0004266889801
-1.246871154e-06
0.0004141434275
0.001626376834
0.0004100622441
0.001626552264
-0.001573224692
2.365495395e-06
0.00160214259
-4.121496862e-06
0.00157044678
0.001600247871
-0.00165540081
0.0003674476542
0.001677957167
-7.083631249e-07
0.0003897390494
0.0003875051028
0.001627974696
1.197351556e-06
-7.184902893e-07
-0.001626654649
0.001648931842
0.001649713086
0.0002672132837
0.001663413641
5.168570569e-07
-0.0002783132632
-2.853445274e-09
-4.264500058e-07
-0.0002679606324
-4.88905008e-07
-0.001663415385
-0.0002519051095
-0.001638717309
-0.0002423665777
-3.569371442e-09
-3.695082825e-09
-0.0002517194246
-2.79091543e-09
-0.0002783305657
-1.59135248e-07
0.0003098362921
0.001708642603
0.001694772736
0.0003440873616
-2.021752717e-09
0.0003097479823
0.001708764175
-1.148523644e-09
-0.001667208491
2.799428111e-07
0.001681097881
-1.762347735e-09
-4.481326663e-07
0.001666837641
-2.377243519e-09
0.0016808468
-1.367491224e-07
0.0002871546293
-0.001705131705
0.0002632638503
-3.233553712e-09
0.001701587992
0.0002873389492
-2.404134011e-09
0.001689878865
2.487794354e-07
-4.081619561e-09
-2.223725982e-07
-0.001689919641
0.001701132993
-2.404487636e-09
0.001701203317
0.0002817824408
-0.00163959992
5.805756688e-07
0.001652818452
-0.0002955831518
0.001614502688
-0.0003088369164
-3.888291805e-07
-0.0002829508993
0.00162716353
-8.369263637e-07
0.00163876816
-0.0003268029711
0.001627569173
-0.0003261407262
0.00165250844
-0.0002961106009
0.0002672073454
0.001663414073
5.146373206e-07
-0.0002783204544
-0.001638739934
-0.0002424181303
0.001647606185
-4.215822015e-07
-0.0002679464891
-4.929597557e-07
-0.001663428451
-0.0002519810722
0.001672435351
-0.0002517802713
0.001672280455
-0.0002783518702
0.001694755486
0.0003440832326
-1.59441592e-07
0.0003099008274
0.001708537647
0.0003098060149
0.001708663241
-0.001667207325
2.826929063e-07
0.001681145726
-4.458974291e-07
0.001666843733
0.001680916651
-0.00170515888
0.0002631725218
0.001701613936
-1.300554301e-07
0.0002871041804
0.0002872926806
0.001689875794
2.38069466e-07
-2.120015019e-07
-0.001689907035
0.001700967192
0.001701053647
0.0002293372922
0.001693946656
3.763827733e-09
-0.001695227405
-0.0002067769858
1.825106426e-07
0.001693352171
-3.738689074e-09
-2.285566615e-07
0.001695336512
-1.473262047e-07
0.0002068688631
0.001691768637
-4.738775672e-11
0.00169177796
-4.492551143e-09
0.001693628889
0.001687425683
-0.0001960332781
3.175381643e-07
-7.455476037e-09
-2.521065873e-07
-0.001687840914
0.001682644122
-3.421502938e-07
0.0001965300112
-0.0001789410857
0.000180055347
-0.001674285615
-4.147108467e-09
-0.0001623914773
0.001656134582
-7.462726935e-09
0.001682266902
-4.173039439e-09
-0.0001788789164
0.00020561375
-0.001674986195
5.249332312e-07
-0.0002084734901
0.001656278384
-0.0002315958874
-1.587738987e-07
-0.0002070686053
-7.108175798e-07
0.00167594156
-0.000235131685
-0.0002350173834
-0.0002087572022
0.0002294178207
0.001693959942
-0.0002218499334
-0.001695226973
-0.000206789108
1.778712868e-07
0.001693360978
-2.270521018e-07
0.001695336638
-1.394989524e-07
0.000206890536
0.001691696212
-0.0002043543427
0.001691728174
-0.0002047013288
0.001693647837
0.001687424802
-0.0001960241724
3.100218158e-07
0.0001799353071
-0.001674341229
-0.0001622473902
0.001656173873
-2.38472741e-07
-0.001687826051
0.001682572601
-3.419492426e-07
0.0001965046866
-0.0001790392147
0.001682254814
-0.0001789833509
0.0004396370484
0.00125519588
4.702937938e-07
-0.0004487210454
1.399439824e-09
-4.872929791e-06
-0.0003868470515
-1.749590092e-05
-0.00115284564
-0.0004633287071
-0.00128355968
-0.0004486798834
1.70479946e-09
1.087725756e-09
-0.0004658253544
1.99371105e-09
-0.0004083724246
-0.00118901102
-0.0004228222193
1.819543853e-05
0.001197662463
1.83083115e-09
-6.272145917e-06
0.001082426763
-1.960176927e-05
0.0003975607068
0.001099524167
0.000407374529
0.001158333307
-1.452836716e-09
-6.507117981e-10
0.0011558546
1.448733382e-09
0.001135038642
0.0004896083881
-0.001165334567
2.462638519e-09
0.001181015778
-0.0005101153644
0.001192360119
-0.0004506106928
7.190419319e-06
1.572070248e-09
-5.518687447e-06
-0.001170853395
0.001200185777
-1.184660315e-05
0.0004369967482
-0.0004686511616
1.401121641e-09
0.001210623072
1.726870977e-09
-0.000471938981
0.0004396381552
0.001255204102
4.717818307e-07
-0.0004487352207
-0.001283576604
-0.0004486560769
0.001285417555
-4.873742111e-06
-0.0003868488854
-1.749906609e-05
-0.001152860598
-0.0004633122938
0.001206187605
-0.0004658133533
0.001254864308
-0.0004083997805
-0.001189013738
-0.0004228138099
1.819460635e-05
0.001197669236
0.0004073560729
0.001158362043
-0.0004151597097
-6.268492766e-06
0.00108244435
-1.960098078e-05
0.0003975502943
0.001099530253
-0.0004215679942
0.00115584147
-0.0004398927653
0.001135059754
0.000489617742
-0.001165277674
0.001181041026
-0.0005102079893
0.00119236905
-0.0004506245336
7.191079017e-06
-5.520573398e-06
-0.001170874059
0.001200220642
-1.184795602e-05
0.0004370230006
-0.00046859975
0.001210654269
-0.0004719069618
0.0005048723622
0.001348331579
-4.150148552e-07
-0.0005373993559
6.650084867e-09
5.003295186e-06
-0.000497545388
0.0004495982985
-5.724011893e-07
-0.001347265582
-0.000563638822
-0.00135663535
-0.0005216488857
7.475500826e-09
0.0004795364354
3.872003792e-09
0.0004822495796
-0.0005639236645
1.147745189e-08
-0.0005377703188
-1.533509327e-06
0.0005650391206
0.001252808415
0.001211027781
0.0005279655099
8.012295763e-10
0.0005626103167
0.001254553056
1.146018343e-09
-0.001242007918
1.715340711e-06
0.001287231596
2.637796795e-09
-3.977031519e-06
0.001236560155
1.447860432e-09
0.001284435441
-0.001309211926
0.0006084173807
1.16463738e-08
0.001369045941
-7.060871328e-07
0.0005898021093
0.0005890633669
4.112476972e-09
0.001338257765
6.297990786e-07
8.04001697e-09
-3.642426734e-07
-0.001337097035
0.00138275615
1.42136346e-08
0.001382373028
0.0004708490432
-0.00127367127
3.104748801e-06
0.001315415307
-0.000515693175
0.001290662492
-0.0004633935098
-2.353728592e-06
-0.0004699881422
0.001311467235
-1.040826436e-05
0.001255456122
-0.0004983971873
0.001328997576
-0.0004926051885
0.001307502486
-0.0005189297671
0.0005048648398
0.001348347266
-4.034989831e-07
-0.000537386658
-0.001356651252
-0.0005216332691
0.00139691008
0.0004795210357
4.99776741e-06
-0.0004975354671
0.0004495624538
-5.914612949e-07
-0.001347309563
-0.0005636392325
0.001390727067
0.000482212799
-0.000563928409
0.001390062423
-0.0005377460448
0.001211050648
0.0005279409626
-1.535850482e-06
0.0005649963836
0.001252850004
0.0005625658977
0.001254587895
-0.001242012758
1.71771639e-06
0.001287170395
-3.978733266e-06
0.00123657787
0.001284362203
-0.001309186206
0.0006084559689
0.001369074478
-7.105392939e-07
0.0005898301659
0.0005890970228
0.001338250337
6.384638703e-07
-3.850116714e-07
-0.001337084792
0.001382815064
0.001382407104
-2.808140353e-07
-0.001543908121
-0.0005799771506
-0.0005270637774
-0.001532115162
-2.049433685e-08
-0.001543648532
-0.0005801850843
-7.643071605e-08
0.0005346716937
3.769314501e-07
-0.0005884784356
-3.597327746e-08
-4.148241087e-07
-0.0005357238788
-2.32530103e-08
-0.0005889206728
0.001424340965
0.0006314694063
1.327941314e-08
-2.279523858e-07
0.0006423192861
0.001479272219
0.0006421323215
0.001478310313
1.118637105e-08
-0.001434424826
4.070286851e-07
0.001491026373
1.789774561e-08
-4.310880578e-07
0.001435082278
1.850649722e-08
0.001491696082
-0.00152525672
0.0006371941174
-2.916576551e-08
-3.300918382e-08
0.0006444361379
0.0006444378476
1.811229455e-09
-2.32524064e-07
-0.001547356341
-0.001546839115
-7.469918482e-08
1.447946941e-07
1.875747326e-09
0.0005325398713
-0.001438568046
9.4590953e-07
0.001490251521
-0.0005851576456
0.00144201591
-0.0005291950262
-1.574807739e-06
-0.0005355463466
0.001484538311
-1.287576107e-06
0.001439034225
-0.0005798582075
0.001485719277
-0.0005789737023
0.001490641337
-0.0005862075445
-0.0005271033112
-0.00153205639
-2.037865356e-08
-0.001544277703
-0.0005800478943
-0.00154356651
-0.0005800957381
0.0005345883157
4.012446317e-07
-0.0005883405214
-3.834809605e-07
-0.0005355332214
-0.0005887683426
0.001424367468
0.0006314620476
-2.669008539e-07
0.0006424319951
0.001479328187
0.0006421712356
0.001478300947
-0.001434446438
4.774521875e-07
0.001491000476
-4.675206215e-07
0.001435171642
0.001491873548
-0.001525269422
0.0006371955644
-5.510421737e-08
0.0006446176345
0.0006444249406
-1.013632276e-07
-0.001548057579
-0.001546752033
3.347407453e-07
0.000161361238
0.00144530075
4.091520494e-09
-0.0001243836347
-4.84639753e-09
-1.061114907e-07
-0.0001608265172
-6.483385547e-08
-0.001445319841
-9.475075397e-05
-0.001608751007
-0.0001287713908
-3.518974335e-09
-4.752947139e-09
-9.471057004e-05
-5.307389981e-10
-0.0001237667903
0.0009648385677
0.0001034430165
-4.26241508e-09
6.903774343e-08
8.441125771e-05
0.0009201174349
8.456591855e-05
0.000920385039
-5.48065012e-09
1.006367032e-07
0.001301922354
0.001302245475
1.983687904e-11
-3.410944238e-08
0.001245644409
-4.132562648e-09
0.001245413001
-0.0008797528049
6.228483521e-05
2.693045087e-09
0.0008524243172
4.066831409e-08
7.584946787e-05
7.618042683e-05
-2.264974683e-09
0.001197473048
-2.773817307e-08
-4.124530614e-09
-3.007408023e-08
-0.001197467941
0.001165005605
1.250718085e-09
0.001165015978
-0.0001996749451
0.001646625436
2.26952911e-08
0.001525521196
-0.0001584573429
0.001525672477
-0.0001588198869
0.0001845426672
-8.425714318e-10
0.001482284159
-0.0001411598063
-5.590339637e-08
-0.0001839704598
0.001626450723
0.001626405814
0.001482390417
-0.0001408405224
0.0001613480183
0.00144529988
-2.352911556e-09
-0.0001243662392
-0.001608661962
-0.0001287267503
0.001574948963
-1.037633398e-07
-0.0001608048342
-6.464287744e-08
-0.001445316023
-9.477843029e-05
0.001411333017
-9.474067909e-05
0.001411248633
-0.0001237327899
0.0009648501642
0.0001034424298
8.925587152e-08
8.448223887e-05
0.0009199986716
8.463433256e-05
0.0009202926851
8.673917233e-08
0.001301877825
0.00130217279
-4.18912942e-08
0.001245685063
0.00124547765
-0.0008797646678
6.235389164e-05
0.0008524506033
4.176934187e-08
7.577839871e-05
7.613191915e-05
0.001197478408
-3.177993171e-08
-4.078129431e-08
-0.001197491465
0.001165060745
0.001165052085
7.010903606e-05
-8.345131362e-09
6.148762855e-09
-3.288018924e-09
-0.0001071128243
0.0001310546064
-7.624218558e-08
-8.675501567e-05
-8.661468833e-05
7.00510517e-05
1.78796266e-08
-3.418326573e-06
-0.001049488766
-0.0005707233078
-0.0005399836274
-0.00111798228
1.613266022e-09
-0.001061711482
-0.0005659513704
-1.880807684e-09
0.000490869056
8.989870231e-06
-0.0004967864982
8.238479854e-10
-1.1637058e-05
-0.0004934695679
1.234139214e-09
-0.0005043453341
-0.001000937736
-0.0004446862109
4.960921388e-06
0.001007682503
1.207879283e-09
-5.431996424e-06
0.0009860052036
-0.0009684807985
-3.889704671e-06
0.0004442222128
0.0009328790979
0.0004040269233
0.0009427467814
-1.184539014e-09
-0.0009659357091
1.490216069e-09
-0.001015898301
0.0009391010015
-9.886428507e-10
0.0009998081083
0.0005806649699
-0.0009458114439
3.51250082e-09
-0.0005839157757
-1.918275699e-06
-0.001000652611
-0.001004403452
-1.15388264e-09
-0.000497250389
3.7415697e-06
1.375057691e-09
-2.358733405e-06
0.0005014482588
-0.0005085858921
1.526221981e-09
-0.0005063210832
0.0004473711663
-0.001094443578
1.52914583e-05
0.001064759561
-0.0004329779328
0.001122717188
-0.0004211795858
-1.948130321e-05
-0.000435454642
0.001062260825
-6.752076687e-07
0.001014356467
-0.0003819418181
0.001110715568
-0.0004136169547
0.001029570248
-0.0004353769615
-0.0005399422976
-0.001118031181
-3.408612118e-06
-0.001049551664
-0.0005706647825
-0.001061769711
-0.0005658876632
0.0004908563089
8.987397266e-06
-0.0004968530309
-1.163496988e-05
-0.0004934385582
-0.000504432574
-0.001000952016
-0.00044467394
4.961386044e-06
0.001007687855
0.0004040112754
0.0009427914918
-0.0003899044842
-0.0009659739082
-5.42633014e-06
0.0009860434995
-0.0009685507508
-3.883181323e-06
0.0004442029177
0.0009329056765
-0.0004462422245
-0.001015982524
0.0009391072617
-0.0004448738703
0.0009998308524
0.0005807106562
-0.0009457596725
-0.0005838831312
-1.914942002e-06
-0.001000643354
-0.001004361846
-0.0004972739793
3.748340653e-06
-2.364947141e-06
0.0005014967306
-0.0005085343553
-0.0005062898052
0.0002981928065
0.0009218824346
2.082568026e-06
-0.0002649578803
7.086650699e-10
-2.725108705e-06
-0.0002686762239
0.0002844661297
-1.311213721e-05
-0.0008564692959
-0.0002952273148
-0.0009685520716
-0.0003252738858
-8.010065771e-10
0.0003483533286
2.150311636e-09
0.0003186405385
-0.0002914465965
-1.648523276e-09
-0.0002436212332
-0.0009344050128
-0.0002027476178
1.376071015e-05
0.0008964773889
1.502113754e-10
-3.651814111e-06
0.0008600936452
-1.561602534e-05
0.0001912931992
0.0008347983873
0.0001823465343
0.00092481688
2.246717823e-09
-1.794010812e-10
0.0008722096798
2.508203962e-10
0.0008570734119
0.0002643608919
-0.0008171626527
-4.607456904e-09
0.0007712898863
-0.00022245344
0.0008546801738
-0.0002291814344
6.020387931e-06
3.840378765e-10
-4.923355535e-06
-0.0008412895721
0.0008153202445
-8.863471092e-06
0.0002218170091
-0.0001812661551
-8.846265447e-11
0.000822671198
-1.288722797e-09
-0.0001829965894
0.0002982055803
0.0009218984109
2.083154099e-06
-0.0002650025559
-0.0009684830383
-0.0003252084542
0.0009290200973
0.0003483270459
-2.735719284e-06
-0.0002687082629
0.0002845030418
-1.310506291e-05
-0.0008564881037
-0.0002952034965
0.0008455757527
0.000318624106
-0.0002914415261
0.0008750247687
-0.0002437030416
-0.0009344023645
-0.0002027481143
1.376174164e-05
0.0008965099456
0.0001822584636
0.0009247296319
-0.0001509575154
-3.64718749e-06
0.0008600977629
-1.562870584e-05
0.0001912758693
0.0008346505252
-0.0001599521524
0.0008721130251
-0.0001657599576
0.0008571322617
0.0002643250187
-0.0008172241819
0.0007713706301
-0.0002224193661
0.0008546717083
-0.0002291832161
6.019280927e-06
-4.920956736e-06
-0.0008412684628
0.0008152777336
-8.862445919e-06
0.0002218199637
-0.0001814363552
0.0008226341509
-0.0001831581057
-0.0005723356221
-0.0008566113678
-6.169612223e-10
-7.351502564e-07
-0.0007777780851
-0.000538515536
-0.0007797640232
-0.0005369529005
1.725151644e-09
0.000494346742
1.307078663e-06
-0.000462018858
-3.652889134e-10
-1.696617236e-06
-0.0004964966199
-1.214266703e-09
-0.0004642600231
-1.30819512e-06
0.0003605978012
0.0006726104761
0.0007244827536
0.00030754275
-4.379721108e-09
0.00035817922
0.000674525006
-4.521392075e-09
-0.0007875004603
1.752175961e-06
0.0007455091728
2.652305665e-09
-3.384094535e-06
0.0007829383869
2.001073607e-09
0.0007430990922
0.0004930197341
-0.0006230889378
1.241137409e-09
-5.231526565e-07
-0.0006969372087
-0.0006980005954
2.973369111e-09
-7.214489628e-07
0.0004171888544
0.0004154227262
-9.416620262e-10
9.092922278e-07
3.148402816e-09
0.0004261832173
-0.0008440535573
2.894803632e-06
0.0008134043949
-0.0003984289648
0.0008924856997
-0.0003627100501
-3.499343566e-06
-0.0004293739384
0.0008645131434
-7.572652213e-06
0.0008329864608
-0.0003460192258
0.00087029415
-0.0003393119442
0.0008087228007
-0.0004022154777
-0.0005723254441
-0.0008566545548
-7.348064786e-07
-0.0007777116307
-0.0005386075811
-0.0007797248881
-0.0005370355954
0.0004943400564
1.308584445e-06
-0.000461969502
-1.688632151e-06
-0.0004964753014
-0.0004641555468
0.0007245397244
0.0003075564509
-1.274894088e-06
0.0003605382266
0.000672700717
0.0003581348287
0.0006746154091
-0.000787495675
1.755219868e-06
0.0007454489612
-3.384979847e-06
0.0007829275833
0.0007430055454
0.0004930202659
-0.0006231011309
-5.360962056e-07
-0.0006969779393
-0.0006980423854
-7.04430058e-07
0.0004172137505
0.0004154739772
9.141923713e-07
-3.932119862e-06
-0.0007541749683
-0.0001127258811
-0.0001734528884
-0.0007952218039
1.237138701e-09
-0.0007689539855
-0.0001121361335
-8.221109828e-11
0.0001477036938
9.700242283e-06
-0.0001005544776
1.544261197e-09
-9.573640046e-06
-0.0001470501502
2.50910736e-09
-0.0001007305098
-0.0008605173172
-4.593595553e-05
1.561075887e-05
0.000801488669
1.119369447e-10
-3.371810191e-06
0.0007949885818
-1.575119761e-05
4.475320028e-05
0.0007736334627
4.088032445e-05
0.0008692880148
-2.19467467e-10
-1.402879255e-09
0.0008075975987
5.201086582e-11
0.0007683650174
-3.920632278e-06
-0.0007296498242
5.980097937e-05
-0.0007454691735
1.829766498e-09
-0.0007438314263
1.861956141e-09
-5.24575456e-05
9.56016356e-06
1.474667636e-10
-9.664665401e-06
5.245515658e-05
1.20054255e-09
0.0001309178598
-0.0008833933743
1.602965142e-05
0.0008258145085
-8.936707506e-05
0.0008909268282
-0.0001170409233
-1.591284295e-05
-0.0001269731296
0.0008049159537
-3.452244377e-06
0.0008147498116
-7.242170023e-05
0.000840172866
-8.029468315e-05
0.0007908261221
-8.701978371e-05
-0.0001734247657
-0.0007951345492
-3.932887755e-06
-0.0007540911546
-0.0001128483353
-0.0007688864893
-0.0001122617716
0.0001477037801
9.709424835e-06
-0.000100483636
-9.586502501e-06
-0.000147055987
-0.0001006115917
-0.0008605360211
-4.59316432e-05
1.560695225e-05
0.0008014937464
4.079780568e-05
0.000869278447
-3.357237162e-06
0.0007950426994
-1.575145829e-05
4.473753e-05
0.0007736187763
0.0008075905973
0.0007683673916
5.982199944e-05
-0.0007454679555
-3.918590825e-06
-0.0007297396641
-0.0007439110952
-5.245259503e-05
9.551756181e-06
-9.664975422e-06
5.243211103e-05
-2.491082847e-05
-0.001287805128
3.483796885e-06
0.000406136209
0.0004541840238
-0.001418667458
4.651049295e-09
-0.001433589759
4.154537264e-09
0.0004651706506
3.576386738e-09
5.074017186e-06
3.797621663e-09
0.0004541680507
-0.001418674623
-2.492225018e-05
-0.001287847438
3.474487156e-06
0.0004061294238
-0.00143361396
0.0004651673857
5.081761737e-06
-5.845355564e-07
0.0001421603736
3.513407871e-09
-2.220313401e-09
0.0001422415141
-6.030510909e-07
-1.57982146e-05
-0.000941848375
-3.627392229e-06
0.0002971276924
0.0003615072007
-0.0009960739747
-1.924725938e-09
-0.001027995216
1.000438132e-10
0.0003335302708
1.028914006e-09
4.760663472e-06
1.223454798e-09
0.0003615136688
-0.0009961346828
-1.578496856e-05
-0.0009418316825
-3.60930352e-06
0.000297137619
-0.001027989793
0.0003334990732
4.748217505e-06
2.796364847e-06
-8.363607208e-09
5.475793602e-05
-4.964775054e-05
5.39007331e-07
-1.600240067e-08
2.640428031e-05
-2.413091957e-05
-1.791885286e-08
7.277891787e-06
-6.720965518e-06
2.795682543e-06
5.475699132e-05
-4.964677793e-05
-8.821913792e-09
5.387739648e-07
2.640358817e-05
-2.413042336e-05
-1.625580733e-08
7.277618266e-06
-6.720802486e-06
-1.804131591e-08
-7.055970415e-07
-3.484639609e-06
2.497407535e-06
-1.577908077e-07
-1.762173315e-07
-1.676137868e-06
1.27058248e-06
-1.238238414e-07
-4.561833011e-07
3.751508606e-07
-9.518526997e-08
-7.088409077e-07
2.491165803e-06
-1.595937782e-07
-3.480416689e-06
-1.77173041e-07
1.267165655e-06
-1.247402705e-07
-1.674090343e-06
3.740539198e-07
-9.563137785e-08
-4.555952355e-07
-1.246614088e-06
1.259848987e-07
4.027198145e-05
-3.988208047e-10
-4.267334645e-05
-1.550838325e-07
9.453237668e-08
1.869897136e-05
-2.102130847e-10
-1.988482007e-05
7.703907201e-08
5.022693976e-06
-9.858060748e-11
-5.254719497e-06
-1.609287121e-06
4.027265961e-05
-4.267002133e-05
-3.17769248e-07
1.869384694e-05
-1.98908339e-05
5.019336372e-06
-5.260066868e-06
-3.220013751e-06
-1.953925242e-05
1.338872018e-07
1.381725635e-05
-3.782019518e-10
-6.031151643e-07
-8.770124387e-06
1.036585889e-07
6.049769364e-06
-1.979931514e-10
-2.216109459e-06
8.172411183e-08
1.53136238e-06
-9.190586988e-11
-5.489834941e-06
-8.958433419e-08
1.95047182e-05
-2.811171371e-05
-1.28204565e-06
-8.738771758e-08
8.755489602e-06
-1.287589544e-05
-7.914669119e-08
2.212579973e-06
-3.415478384e-06
-5.154461067e-06
-2.812748323e-05
-4.282629582e-10
-1.124362557e-06
-1.288738282e-05
-2.255027166e-10
-3.419514388e-06
-1.055036689e-10
-3.606618776e-06
1.377116486e-05
-7.718919017e-07
6.024420888e-06
1.522412825e-06
2.870518337e-06
1.546638443e-10
5.461730421e-05
-4.949350083e-05
5.766365722e-07
1.236090133e-10
2.63200245e-05
-2.404226808e-05
5.977534949e-11
7.246082031e-06
-6.687423655e-06
-4.108889122e-07
-7.087645641e-08
-4.063995058e-06
-1.109418455e-07
-5.692983682e-08
-1.919159011e-06
-4.728870086e-08
-5.198370622e-07
-2.202998314e-07
3.474987221e-06
3.708529811e-10
-4.086547452e-06
-2.005996264e-08
1.671233291e-06
2.043186452e-10
-1.928608652e-06
4.550974336e-07
1.012925123e-10
-5.225488092e-07
4.56222742e-06
-1.133889741e-07
-1.713669669e-05
7.877898762e-11
2.47095593e-05
9.57665411e-07
-8.779060834e-08
-8.428902057e-06
4.139565649e-11
1.212121357e-05
-7.079793015e-08
-2.370767412e-06
1.92741565e-11
3.399212285e-06
4.902127729e-06
-1.719833263e-05
2.480151049e-05
1.106672445e-06
-8.463513258e-06
1.21711785e-05
-2.381838791e-06
3.417713181e-06
-3.328349607e-07
6.651095148e-06
-1.642190286e-07
-1.256031288e-07
3.157828912e-06
-1.27880392e-07
8.613221169e-07
-9.544367391e-08
-5.368339189e-07
-8.154919971e-08
5.432155144e-05
-1.558335257e-07
-5.557268103e-08
2.607816167e-05
-4.052189061e-08
7.162307285e-06
-2.584760009e-07
5.429417148e-05
-5.461638865e-05
-1.103309096e-10
-5.024278725e-08
2.605569304e-05
-2.631944163e-05
-5.567084038e-11
7.155113603e-06
-7.245850335e-06
-2.724049827e-11
-1.110425069e-06
-2.038951896e-08
5.313384174e-05
-3.113860298e-07
-5.045580167e-08
2.532957842e-05
-5.781703858e-08
6.908739082e-06
-9.278647853e-07
-2.481985138e-10
5.306163425e-05
-2.085201451e-07
-1.583941299e-10
2.528605153e-05
-9.232562187e-11
6.8888687e-06
-3.847360369e-06
3.394117477e-05
6.365880881e-08
-3.939978601e-10
-8.670987138e-07
1.564742118e-05
7.149367303e-08
-2.054515874e-10
4.085622584e-06
7.006740233e-08
-9.52541906e-11
-3.652535067e-06
-1.526174469e-07
-3.392941393e-05
-7.635774302e-07
-1.16967274e-07
-1.564788678e-05
-9.134502682e-08
-4.087710171e-06
-3.218151015e-06
-4.102733586e-10
-5.748637162e-07
-2.169860584e-10
-1.008532791e-10
-4.119145697e-06
-1.001695057e-06
-1.246360342e-06
1.253295287e-07
4.027161702e-05
-4.267263514e-05
-1.550294146e-07
9.417737137e-08
1.869880404e-05
-1.988452283e-05
7.686529841e-08
5.022652549e-06
-5.254646576e-06
-1.60812199e-06
4.027175856e-05
-4.266808297e-05
-3.174422248e-07
1.869342345e-05
-1.988992736e-05
5.019234475e-06
-5.25981168e-06
-3.847185075e-06
3.394100769e-05
6.298471632e-08
-8.670638404e-07
1.564734379e-05
7.113073793e-08
4.085600958e-06
6.98914005e-08
-3.65194135e-06
-1.518826882e-07
-3.392903238e-05
2.811144605e-05
-7.633945611e-07
-1.165755315e-07
-1.564773036e-05
1.287575894e-05
-9.11571299e-08
-4.087672558e-06
3.415435528e-06
-3.21812154e-06
2.812733185e-05
-5.748608495e-07
1.28872917e-05
3.419481551e-06
-4.118276324e-06
-1.00145479e-06
-2.972035077e-06
8.119554954e-08
-3.580446533e-10
8.474306726e-06
-6.12696431e-07
7.196654498e-08
-1.80892298e-10
3.618648665e-06
6.263597075e-08
-8.333600553e-11
8.561144123e-07
-3.225131503e-06
8.443412735e-06
-7.328781538e-07
3.604134182e-06
8.521725636e-07
-3.219871593e-06
-1.953919528e-05
1.332354315e-07
1.38172756e-05
-6.030798398e-07
-8.770084211e-06
1.033084073e-07
6.049786834e-06
-2.216092675e-06
8.155476786e-08
1.53136598e-06
-5.489087914e-06
-8.883884278e-08
1.950470024e-05
-1.281814739e-06
-8.698851386e-08
8.755474567e-06
-7.895509648e-08
2.212575864e-06
-5.154322296e-06
-1.124329237e-06
-3.605944262e-06
1.377131246e-05
-7.716854946e-07
6.024521178e-06
1.522445369e-06
-2.971961865e-06
8.059149003e-08
8.474345475e-06
-6.126752859e-07
7.165129051e-08
3.618668444e-06
6.248434675e-08
8.561204693e-07
-3.224700384e-06
8.443504754e-06
-7.32729429e-07
3.604198273e-06
8.522026607e-07
-2.908690589e-06
3.721018174e-06
-2.167394712e-07
-6.261217802e-07
1.487509508e-06
-1.658795932e-07
3.480620514e-07
-1.219829886e-07
-6.374543673e-07
-8.672949329e-08
1.550802704e-06
-1.670683496e-07
-6.639585123e-08
8.665896679e-07
-5.317119777e-08
2.612522706e-07
-3.949295232e-07
-4.392570088e-10
-2.473947351e-06
1.530326218e-06
-5.900528225e-08
-2.506725153e-10
-1.25680973e-06
8.54736749e-07
-1.262286233e-10
-3.695070683e-07
2.574549443e-07
-1.733082509e-06
-1.55142137e-06
-1.116845038e-06
-1.855013704e-07
-3.945963355e-07
-8.667689612e-07
-3.257030789e-07
-1.460120882e-07
-2.612928972e-07
-2.487448997e-08
-1.084315029e-07
-6.315863367e-07
-8.527831692e-08
-1.655553277e-07
-6.563843655e-08
-5.279548839e-08
-3.939183286e-07
-2.471838929e-06
1.530545434e-06
-5.882823792e-08
-1.25572815e-06
8.54747806e-07
-3.691861297e-07
2.574355465e-07
3.076146477e-06
-3.345849554e-08
4.570349666e-05
-4.036467689e-05
1.524830518e-10
6.043149326e-07
-3.676401159e-08
2.224240585e-05
-1.973388628e-05
7.421359087e-11
-3.113470771e-08
6.161445856e-06
-5.526020302e-06
2.35442953e-11
2.477210832e-06
8.418577515e-08
-4.572692622e-05
5.738159253e-07
4.346539178e-08
-2.227049416e-05
2.40413103e-08
-6.171028361e-06
2.258303296e-06
4.949251598e-05
-8.314743013e-11
-4.570278126e-05
5.019468203e-07
2.404175828e-05
-4.45140066e-11
-2.224189226e-05
6.687242533e-06
-2.05959303e-11
-6.161234068e-06
2.870404456e-06
5.765896583e-07
-2.808781969e-07
1.682656947e-10
9.635609738e-09
8.73650815e-11
3.899769896e-11
-2.801502045e-07
-3.473559528e-06
9.923370661e-09
-1.670455092e-06
-4.548544871e-07
5.144888079e-06
-8.856987028e-06
-1.097409497e-07
1.560256609e-10
1.106553983e-06
-4.296037746e-06
-9.461242724e-08
8.262276383e-11
-1.183998899e-06
-8.025250631e-08
3.847762824e-11
5.716470861e-06
1.422281281e-07
8.895299967e-06
1.284334224e-06
1.156447296e-07
4.318264598e-06
9.329489414e-08
1.191534032e-06
5.26902544e-06
2.189830599e-10
1.090269568e-06
1.187190533e-10
5.622502834e-11
5.510418002e-06
1.270557734e-06
4.562306408e-06
-1.131905167e-07
-1.713638463e-05
2.470917613e-05
9.576995119e-07
-8.768565545e-08
-8.428742973e-06
1.212107745e-05
-7.074690291e-08
-2.370722265e-06
3.399188472e-06
4.901976346e-06
-1.719751431e-05
2.480054573e-05
1.106632246e-06
-8.463089503e-06
1.217074887e-05
-2.381716194e-06
3.417601233e-06
5.144837497e-06
-8.856791426e-06
-1.094038266e-07
1.106548755e-06
-4.29594204e-06
-9.44291974e-08
-1.183971482e-06
-8.016301251e-08
5.715754158e-06
1.417439525e-07
8.894755194e-06
1.284132055e-06
1.153847255e-07
4.317992814e-06
9.316941348e-08
1.191453121e-06
5.268945473e-06
1.09025731e-06
5.509951263e-06
1.270426574e-06
-3.331572874e-07
6.653367097e-06
-1.648572351e-07
-1.257644552e-07
3.158648986e-06
-1.282117069e-07
8.615184387e-07
-9.559808405e-08
-2.086966152e-06
-5.313607713e-05
5.053729837e-05
-1.140946437e-07
-5.166260142e-07
-2.53308675e-05
2.384456358e-05
-8.403922583e-08
-6.909172271e-06
6.45938469e-06
-6.684005245e-08
-1.109285302e-06
-5.432315896e-05
-1.978227691e-08
-3.110517425e-07
-2.60789849e-05
-5.011525887e-08
-7.162574949e-06
-5.764793017e-08
-2.087388967e-06
5.053347379e-05
-1.140215386e-07
-5.166838888e-07
2.384290166e-05
-8.40303383e-08
6.458895017e-06
-6.684090152e-08
-5.328442632e-06
-5.07618662e-08
-1.290078136e-06
-8.463604365e-08
-9.076036123e-08
-5.327306312e-06
-5.062720112e-08
-1.289796374e-06
-8.453974215e-08
-9.07137525e-08
-2.907957789e-06
3.721951032e-06
-2.172553238e-07
-6.259652401e-07
1.488333702e-06
-1.661925259e-07
3.483424773e-07
-1.221332155e-07
-1.602226506e-06
1.119227485e-06
-7.276031845e-08
-3.773263674e-07
3.269452514e-07
-6.350888728e-08
2.525767277e-08
-5.424011836e-08
-1.602239574e-06
-7.205540012e-08
-3.772679693e-07
-6.316436718e-08
-5.408075171e-08
3.150948664e-06
-4.049347551e-05
4.572799422e-05
6.483039246e-07
-1.980523701e-05
2.227111734e-05
-5.554085687e-06
6.171254652e-06
3.675119173e-06
-3.475678481e-05
1.045813622e-07
8.440285146e-07
-1.704429375e-05
7.014667693e-08
-4.760754511e-06
5.069713163e-08
3.150728525e-06
-4.049250623e-05
3.338479277e-08
6.482322368e-07
-1.980471981e-05
3.672121646e-08
-5.553913233e-06
3.111669475e-08
3.674929028e-06
-3.475551271e-05
1.044199058e-07
8.439703252e-07
-1.704384549e-05
7.008307898e-08
-4.76061672e-06
5.067329549e-08
-1.232145603e-06
-5.717571142e-06
-1.69603316e-07
-3.099410713e-07
-2.708582857e-06
-1.327793274e-07
-7.310507284e-07
-9.872728848e-08
-6.822113215e-07
-6.716714375e-08
-1.770012873e-07
-5.596690353e-08
-4.673041993e-08
-6.819518039e-07
5.719989578e-06
-6.752458937e-08
-1.769306112e-07
2.709789708e-06
-5.616653574e-08
7.314151446e-07
-4.682653118e-08
6.401796231e-06
1.020490041e-07
1.428639071e-06
1.000416702e-07
8.559710296e-08
6.40177533e-06
1.020932759e-07
1.428622102e-06
1.000566118e-07
8.560670906e-08
-5.366893893e-07
-8.155728129e-08
-1.558318739e-07
-5.556114795e-08
-4.051408406e-08
2.477109816e-06
8.431032598e-08
5.737803056e-07
4.352685606e-08
2.406923905e-08
-2.582028018e-07
5.429515229e-05
-5.015855574e-08
2.605636514e-05
7.155382105e-06
2.258309434e-06
5.019293121e-07
-1.735953129e-06
-1.872128303e-07
-3.954182848e-07
-1.470001461e-07
-1.089077436e-07
-1.221984709e-06
-1.13513553e-06
-9.046616854e-10
-1.776669053e-07
-3.360800471e-07
-4.978650344e-10
-2.889195121e-08
-2.320929328e-10
1.359193491e-07
6.671648054e-06
3.033871217e-10
7.125378279e-08
3.165848846e-06
1.646529305e-10
8.637925381e-07
7.423153059e-11
-1.719942162e-06
-5.306301308e-05
2.940747003e-11
5.054157767e-05
-3.616898349e-07
-2.528688476e-05
2.042316321e-11
2.384456956e-05
-6.889163629e-06
2.107179485e-11
6.46061154e-06
-9.276855335e-07
-2.084777744e-07
-1.720085869e-06
5.054036048e-05
-3.617666637e-07
2.384372037e-05
6.460282205e-06
-4.990385033e-06
-2.203703086e-10
-1.115166974e-06
-1.068200864e-10
-3.719681989e-11
-4.989435527e-06
-1.114883794e-06
-2.3127813e-06
-5.037791661e-10
3.774939382e-06
-3.763244158e-07
-2.689784685e-10
1.516272914e-06
-1.204243751e-10
3.57774008e-07
-2.312966805e-06
3.774057535e-06
-3.763362995e-07
1.515890506e-06
3.576828003e-07
-1.391575021e-06
-3.302006937e-10
-2.747198088e-07
-1.685194665e-10
-7.859309846e-11
-1.391673348e-06
1.134348373e-06
-2.747668639e-07
3.356529107e-07
2.875643004e-08
-1.221418603e-06
-1.77530118e-07
3.38297885e-06
6.71394035e-11
-3.470419725e-05
7.265107642e-07
3.275460939e-11
-1.70073055e-05
6.650506572e-12
-4.748819496e-06
3.075851867e-06
-4.036389153e-05
6.042184872e-07
-1.973346421e-05
-5.525875686e-06
3.382794245e-06
-3.470408062e-05
7.265113757e-07
-1.700706584e-05
-4.748684504e-06
-4.159777618e-07
-7.197588408e-08
-4.067475273e-06
-1.121260767e-07
-5.752610201e-08
-1.920418072e-06
-4.759449558e-08
-5.201274373e-07
-2.213584078e-07
-4.087211235e-06
-2.026174451e-08
-1.928871507e-06
-5.226093959e-07
-1.233736564e-06
-1.715243132e-07
-3.105234353e-07
-1.338430767e-07
-9.923535687e-08
-7.508965215e-07
-8.569727751e-10
-5.711388651e-06
-1.081188134e-07
-4.756914902e-10
-2.705019742e-06
-2.221666059e-10
-7.297415362e-07
-7.509354218e-07
-5.710634972e-06
-1.081456502e-07
-2.704659179e-06
-7.296412239e-07
-4.924428794e-07
2.858981645e-10
-8.736105632e-08
1.399557645e-10
6.052504375e-11
-4.923866665e-07
-6.672065001e-06
-8.735778027e-08
-3.166075388e-06
-8.638654246e-07
6.05006388e-06
5.506251e-11
1.264000751e-06
1.174665921e-11
-9.094723532e-12
6.049819353e-06
1.263898724e-06
1.359287533e-07
7.126296944e-08
)
;

boundaryField
{
    inlet
    {
        type            calculated;
        value           nonuniform List<scalar> 
25
(
-0.0196589296
-0.0199905636
-0.0199880267
-0.0199856842
-0.0199882318
-0.0200207991
-0.0200227905
-0.020025015
-0.0200275025
-0.0200302864
-0.020033433
-0.0200374544
-0.020044424
-0.0200527446
-0.0200518451
-0.0200422766
-0.0200000007
-0.0200000005
-0.0200000001
-0.01999999966
-0.01999999919
-0.01999999872
-0.01999999828
-0.01999999796
-0.01999999779
)
;
    }
    outlet
    {
        type            calculated;
        value           nonuniform 0();
    }
    topAndBottom
    {
        type            symmetry;
        value           uniform 0;
    }
    frontAndBack
    {
        type            empty;
        value           nonuniform 0();
    }
    cylinder
    {
        type            calculated;
        value           uniform 0;
    }
    procBoundary0to1
    {
        type            processor;
        value           nonuniform List<scalar> 
116
(
0.02125790629
0.02126928899
0.02129214185
0.02132693835
0.02137435525
0.02143533846
0.02151114582
0.02160346149
0.02171447807
0.02184692097
0.02200432075
0.02219129167
0.02241368571
0.0226792134
0.0229977648
0.02338351151
0.0238556783
0.02445554322
0.02513007
0.0005511399121
0.006509912334
0.006586938979
0.006508280762
0.006586152827
0.0005512868766
0.006731208137
-0.000127758252
-0.0001297359995
0.000521865346
0.0005219149708
-0.0001218389104
-3.197901479e-05
-0.0001216516635
-1.440196641e-05
-3.161515249e-05
-1.446256805e-05
5.684760387e-07
-2.626896821e-07
-5.076002242e-05
-4.983109164e-05
1.682901938e-06
1.386010037e-06
-0.0001218498802
-3.198617435e-05
-0.0001217438414
-1.453073609e-05
-3.163675706e-05
-1.450001792e-05
-5.077734605e-05
-4.987871272e-05
1.682850976e-06
1.385824554e-06
5.683846964e-07
-2.627220743e-07
0.0008259550136
0.00155110292
0.000825901237
0.0005219979006
3.115557249e-05
0.0002871641543
3.118852967e-05
0.0002871528031
2.834816943e-05
2.839960406e-05
0.0001245529976
0.0001244995064
0.0005220780477
3.116302697e-05
0.0002871666988
3.121162213e-05
0.0002871556756
2.840755978e-05
2.842221466e-05
0.0001245508299
0.0001244724048
0.001645454504
0.006731112741
-0.0001278174682
-0.0001298217037
0.001645466577
-0.0001024226395
0.00139065872
-0.0001025761984
0.001532301538
0.0001216387366
0.001390821387
0.001531855847
-4.86387327e-11
0.0001210325983
0.0008256674795
0.001148529059
0.001147765597
0.001390675962
0.00155076108
0.001390852049
0.0008256299414
0.001148503027
0.001147705703
0.001678510196
0.001644275232
0.001677481876
0.001644269382
0.001678527102
0.001677526581
-6.722493262e-06
-3.237176117e-06
-8.914792014e-07
-6.723727516e-06
-3.237826027e-06
-8.91681569e-07
-6.709411428e-06
-3.229225888e-06
-8.880541867e-07
-6.709841412e-06
-3.229456639e-06
-8.881254258e-07
)
;
    }
    procBoundary0to2
    {
        type            processor;
        value           nonuniform List<scalar> 
75
(
2.912633832e-06
2.837803289e-06
2.858645263e-06
2.849813246e-06
2.833852631e-06
2.813170061e-06
2.787071303e-06
2.754476899e-06
2.713426564e-06
2.661262731e-06
2.594689986e-06
2.509577962e-06
2.400069737e-06
2.256846825e-06
2.06324955e-06
1.368578693e-06
-5.601619531e-06
-2.852517496e-05
-7.269180368e-06
-5.988908463e-08
-2.540991181e-10
3.288602426e-09
-3.546276727e-08
-3.486570723e-08
-2.050117131e-08
5.230453758e-09
-1.975656429e-08
-3.530601949e-08
-3.925494046e-08
-3.94479316e-08
-3.508647063e-08
-3.878892565e-08
-3.932025142e-08
4.364348303e-09
3.978600118e-09
6.87097775e-09
-6.339836161e-10
3.991232587e-09
-1.650403515e-10
-2.035938494e-08
-7.867702691e-09
-7.576409324e-09
4.787869285e-09
8.308679204e-10
5.159463725e-10
-2.005072933e-08
-6.886656906e-09
-7.162914692e-09
-2.81807595e-09
-6.526917977e-08
1.337520644e-08
1.601569451e-09
1.098478799e-09
3.198925942e-09
5.348997038e-09
3.680624814e-09
5.005225926e-09
3.478040574e-09
5.197335726e-09
4.788972813e-09
6.381750819e-09
6.748800003e-09
6.266963655e-09
-3.620408211e-09
-1.772841874e-09
-4.950676735e-10
-3.588244951e-09
-1.756661192e-09
-4.905484118e-10
-3.587149415e-09
-1.756363604e-09
-4.901640096e-10
-3.576897995e-09
-1.750520468e-09
-4.886439562e-10
)
;
    }
}


// ************************************************************************* //
