/*--------------------------------*- C++ -*----------------------------------*\
| =========                 |                                                 |
| \\      /  F ield         | OpenFOAM: The Open Source CFD Toolbox           |
|  \\    /   O peration     | Version:                                        |
|   \\  /    A nd           | Website:  www.openfoam.com                      |
|    \\/     M anipulation  |                                                 |
\*---------------------------------------------------------------------------*/
FoamFile
{
    version     2.0;
    format      ascii;
    class       volVectorField;
    location    "4";
    object      U;
}
// * * * * * * * * * * * * * * * * * * * * * * * * * * * * * * * * * * * * * //

dimensions      [0 1 -1 0 0 0 0];


internalField   nonuniform List<vector> 
2403
(
(1.000023643 -5.438755736e-05 0)
(1.000227294 -0.0001636785544 0)
(1.000658887 -0.0002738455557 0)
(1.001327439 -0.0003845927542 1.122550764e-22)
(1.002222674 -0.0004963874975 -1.374030706e-22)
(1.003340681 -0.0006095275565 1.894859247e-22)
(1.004684952 -0.0007240836484 -1.563546224e-22)
(1.006259509 -0.000839793202 2.515820029e-22)
(1.008066155 -0.0009558961899 -3.378932878e-22)
(1.010104526 -0.001069955045 1.40719874e-22)
(1.012371824 -0.001181724856 -4.384218056e-23)
(1.014863641 -0.00129124509 2.056104086e-23)
(1.017571221 -0.001395368476 0)
(1.020481131 -0.001491279057 0)
(1.0235763 -0.001577500834 2.938404424e-23)
(1.026836923 -0.001654169647 -2.938347897e-23)
(1.030244764 -0.00172316092 0)
(1.033787064 -0.001786877827 0)
(1.037455306 -0.001845304951 -2.704225695e-23)
(1.041236507 -0.001892867552 2.608803823e-23)
(1.045099429 -0.001917503165 -8.627178381e-24)
(1.048982423 -0.001903323423 8.642212576e-24)
(1.052790365 -0.001836025244 -1.56e-26)
(1.056404117 -0.001708399244 7.846626181e-24)
(1.059699013 -0.001523174798 -1.426116387e-23)
(1.062564472 -0.001291099318 2.137367569e-24)
(1.064919041 -0.001027388893 -1.259223923e-23)
(1.000023518 -0.0001636793783 -5.7499135e-23)
(1.000225944 -0.0004924497453 -5.701823098e-23)
(1.000655305 -0.000823708177 5.587685646e-23)
(1.001320697 -0.001156515824 -1.102395211e-22)
(1.002212098 -0.001492196623 2.197043551e-22)
(1.003325964 -0.001831565238 -1.611597114e-22)
(1.004666208 -0.002174782961 1.0218184e-22)
(1.006237321 -0.002521178429 -2.010621295e-22)
(1.008041477 -0.002868945629 1.934654427e-22)
(1.010078489 -0.003214132472 -4.622072745e-23)
(1.012347066 -0.003552742881 2.139622924e-22)
(1.014845119 -0.003883322549 -1.907146603e-22)
(1.017564513 -0.0041989695 0)
(1.020490292 -0.004490620206 0)
(1.023606102 -0.004753195894 -2.956385354e-23)
(1.026893202 -0.004987135636 1.082970004e-23)
(1.030333806 -0.005198115496 3.166594907e-23)
(1.03391488 -0.005393080485 -4.918427541e-24)
(1.037627096 -0.005571601449 -9.642036156e-25)
(1.041456273 -0.005716677554 -1.361145823e-24)
(1.045369659 -0.005791984843 -8.47008061e-24)
(1.049303905 -0.005749792938 8.469523438e-24)
(1.053162137 -0.005547116004 8.823503074e-24)
(1.056823673 -0.005161945921 -7.579194619e-24)
(1.060162539 -0.004601157023 -2.693523814e-24)
(1.063065637 -0.003897646116 0)
(1.065449303 -0.003097521292 1.685376743e-23)
(1.000023323 -0.0002728834911 5.800044481e-23)
(1.000223701 -0.0008208365656 5.657215345e-23)
(1.000648922 -0.001372830963 1.704431252e-22)
(1.001308276 -0.00192729132 -1.679241308e-22)
(1.002192313 -0.002486457572 1.195542243e-24)
(1.003298185 -0.003051710762 1.09554226e-22)
(1.004630581 -0.003623395965 3.050764592e-24)
(1.006194851 -0.004200590772 1.035190381e-22)
(1.00799405 -0.004780836432 1.918052874e-22)
(1.010029074 -0.005359534339 -2.037653953e-22)
(1.012300413 -0.005930248145 0)
(1.014809242 -0.006486405578 0)
(1.01754998 -0.007020365685 -3.904458479e-23)
(1.020507025 -0.007516423886 0)
(1.023663917 -0.007963993378 2.995098094e-23)
(1.02700341 -0.008363352004 -6.294685365e-23)
(1.030509049 -0.008724331268 2.006351863e-23)
(1.034167736 -0.009058183085 4.917921243e-24)
(1.037968623 -0.009363241214 1.916408015e-24)
(1.041894984 -0.00961030593 -1.368313721e-24)
(1.045910908 -0.009738378203 0)
(1.049949564 -0.009667743117 0)
(1.053910505 -0.009326668765 0)
(1.057669651 -0.008678245123 -9.862066718e-24)
(1.061097649 -0.007733401969 1.494332575e-23)
(1.064076656 -0.006547393926 -3.241772922e-24)
(1.066518772 -0.005197465165 0)
(1.000022973 -0.0003805376622 0)
(1.000220134 -0.001144856308 0)
(1.000638825 -0.001915161671 -1.141131434e-22)
(1.001288596 -0.002689318203 -1.125749771e-22)
(1.002160868 -0.003470728446 -1.089215209e-22)
(1.003253838 -0.004261571176 -4.895995177e-25)
(1.004573337 -0.005062613009 -3.181363673e-22)
(1.006126063 -0.005872932036 2.101520134e-22)
(1.007916751 -0.006689561205 0)
(1.009948473 -0.007506895134 1.182300916e-23)
(1.01222381 -0.008316548641 4.572961128e-23)
(1.014745347 -0.009105558887 -3.268620109e-22)
(1.017512249 -0.009865026879 3.658736693e-22)
(1.020514602 -0.010579323 6.851910535e-23)
(1.023734179 -0.01123008125 -8.505159993e-23)
(1.027153037 -0.01181288429 0)
(1.030756425 -0.01234043602 0)
(1.034532226 -0.01282810045 0)
(1.038468046 -0.01327222837 0)
(1.042543407 -0.01363034884 -1.441450649e-23)
(1.046717447 -0.01381602868 1.714238807e-23)
(1.05091789 -0.01371727492 3.148360829e-25)
(1.055038652 -0.01323353771 4.415409333e-25)
(1.05895009 -0.01231285987 7.776990537e-24)
(1.06251715 -0.01096983166 -1.60844928e-23)
(1.065614756 -0.009282027576 -4.426574598e-24)
(1.068148444 -0.007358058765 2.547209355e-23)
(1.000022385 -0.0004859428001 1.19412494e-22)
(1.000214968 -0.001462422442 -2.362523783e-22)
(1.000624342 -0.002447377417 0)
(1.001260324 -0.003438250583 0)
(1.0021155 -0.004439865593 -2.30826133e-24)
(1.003189478 -0.005455469784 -4.675380233e-24)
(1.004489636 -0.006486582019 -1.10072884e-22)
(1.006024542 -0.007532633757 -2.072295845e-22)
(1.007801294 -0.008590477692 2.330859943e-22)
(1.009825869 -0.009653754995 -6.174756713e-24)
(1.012103768 -0.01071283944 1.338183633e-22)
(1.014639364 -0.01175233877 -1.3522065e-22)
(1.017434925 -0.01275218571 0)
(1.020489277 -0.01369741404 0)
(1.023790652 -0.01457190168 -5.136806731e-23)
(1.02731747 -0.01536350403 2.724257967e-23)
(1.031053155 -0.01608266444 -4.002202815e-23)
(1.034987375 -0.0167467163 0)
(1.03910698 -0.01734892599 -8.043512655e-24)
(1.043387104 -0.01783224711 -5.531976491e-24)
(1.047780166 -0.01808354851 7.071138925e-24)
(1.052206223 -0.01795786373 -1.023093342e-23)
(1.056551165 -0.01732560765 1.319709027e-24)
(1.060677222 -0.0161195789 1.527669891e-23)
(1.064440836 -0.01435751502 -4.623363227e-24)
(1.067706602 -0.01213937215 3.666949579e-24)
(1.070370567 -0.009605620864 -4.80608863e-24)
(1.000021508 -0.000588656563 0)
(1.000207666 -0.00177119342 8.834942653e-23)
(1.000604342 -0.002965232793 -1.183619322e-22)
(1.00122148 -0.004168544935 2.352522327e-22)
(1.002053131 -0.005387426354 -2.051248977e-24)
(1.003100615 -0.006626414063 1.126568728e-22)
(1.00437318 -0.007888117057 -2.192960069e-22)
(1.005881757 -0.00917280232 4.318094656e-22)
(1.007636428 -0.01047763806 -4.295314414e-22)
(1.009646753 -0.01179595156 2.672012753e-24)
(1.011922221 -0.01311690465 2.195844445e-22)
(1.014471084 -0.01442384769 -4.416339332e-23)
(1.017298768 -0.01569131585 2.771446083e-22)
(1.020408671 -0.01689109124 -3.188760548e-22)
(1.023801489 -0.01801072767 -6.16795413e-23)
(1.027461841 -0.01904164531 1.860333421e-22)
(1.031365215 -0.0199857256 -4.360519735e-23)
(1.035501388 -0.02085719818 -1.877352758e-23)
(1.039857037 -0.02164404331 2.681494181e-23)
(1.044402974 -0.02227336709 2.248460127e-23)
(1.049083508 -0.02260369262 -1.981531783e-23)
(1.053808451 -0.02245550691 -4.289357712e-26)
(1.058452599 -0.02166922324 1.083797398e-24)
(1.062866805 -0.0201618143 -2.319291197e-24)
(1.066895483 -0.01795349184 0)
(1.070388936 -0.01516675728 1.143632894e-24)
(1.073229993 -0.0119747307 2.458359699e-23)
(1.000020581 -0.0006883309547 -6.295569464e-23)
(1.000199206 -0.00207045149 3.024997312e-23)
(1.000578751 -0.003465651546 0)
(1.001170312 -0.004874386762 -3.817041618e-24)
(1.001970365 -0.006305626654 6.027812113e-23)
(1.002982 -0.007765421967 0)
(1.004216472 -0.009257627158 2.900639333e-23)
(1.005687414 -0.01078378437 0)
(1.007408502 -0.01234188416 1.993677609e-22)
(1.009393622 -0.01392553022 -4.00093913e-22)
(1.011657228 -0.01552312801 1.776554337e-22)
(1.014213043 -0.01711611062 0)
(1.017071852 -0.01867705634 -7.952159596e-23)
(1.020241943 -0.02017119879 -2.994705196e-22)
(1.023733843 -0.02157328877 3.016004084e-22)
(1.027544777 -0.02288442285 0)
(1.031649406 -0.02409883567 -2.138756527e-23)
(1.036033002 -0.02522085418 7.186720629e-23)
(1.040680443 -0.02622808204 0)
(1.045558553 -0.02703021713 1.694029137e-23)
(1.0506035 -0.02745694639 -1.131351625e-23)
(1.05571257 -0.02729282198 5.8238801e-24)
(1.060745484 -0.02634651153 -6.041878443e-24)
(1.065537105 -0.02451769998 -1.410731502e-23)
(1.069914961 -0.02182784048 1.407415195e-23)
(1.073709752 -0.01842212058 -4.502982041e-24)
(1.076786178 -0.01450747172 -4.622976079e-23)
(1.000019497 -0.0007833889716 6.28851946e-23)
(1.000188369 -0.002356236837 0)
(1.000546636 -0.003944778131 -1.241825432e-22)
(1.001105782 -0.005550827413 1.280261317e-22)
(1.001863509 -0.007185954372 -1.84367535e-22)
(1.00282734 -0.008861195808 0)
(1.004010286 -0.01058221346 2.036028933e-22)
(1.005428906 -0.01235194172 -2.326633549e-22)
(1.007100922 -0.01416965102 -2.202080344e-22)
(1.009045199 -0.01602987314 8.950568099e-24)
(1.011282189 -0.01792105856 2.096127094e-22)
(1.013832638 -0.01982324637 1.378914439e-22)
(1.01671517 -0.02170611438 -2.317809742e-22)
(1.019945217 -0.02353093485 1.629728337e-22)
(1.02353733 -0.02525679558 0)
(1.027503774 -0.02688594174 0)
(1.0318384 -0.02842508688 -8.643954654e-23)
(1.036519608 -0.02986262786 1.8128181e-23)
(1.04152441 -0.03115195425 -4.080587196e-23)
(1.046811836 -0.03217480701 0)
(1.052310241 -0.03272951517 -2.762141265e-24)
(1.057903948 -0.03256431624 2.617880747e-25)
(1.063433865 -0.03145499511 3.993892518e-24)
(1.068712934 -0.0292822424 0)
(1.073544985 -0.02606711034 -2.065420511e-23)
(1.077733701 -0.02197779149 1.993946071e-24)
(1.081119008 -0.01725691618 2.085899318e-23)
(1.000018088 -0.0008724130729 1.30559846e-22)
(1.000174362 -0.00262388081 -1.29060565e-22)
(1.000505856 -0.004394324626 0)
(1.001024197 -0.006188345838 0)
(1.001729595 -0.008020452656 1.239603459e-22)
(1.002630947 -0.009903340012 0)
(1.003744595 -0.01184765722 -1.24079923e-22)
(1.005091814 -0.01386039499 2.346562816e-22)
(1.006694298 -0.01594281047 -2.642302689e-22)
(1.008576326 -0.01809086677 -5.711819377e-23)
(1.010765241 -0.02029396418 -2.085364373e-22)
(1.013290123 -0.02253182593 4.028198009e-22)
(1.016179443 -0.02477226958 -1.968035859e-22)
(1.019459008 -0.0269742312 -1.680091274e-22)
(1.02315093 -0.02909390452 1.675652869e-22)
(1.027275936 -0.03110497113 5.224501636e-22)
(1.031849299 -0.03301871871 -4.643323455e-22)
(1.036869395 -0.03483098894 2.746457315e-22)
(1.042304696 -0.03647426096 -1.343826366e-22)
(1.048095909 -0.03778571226 0)
(1.054156955 -0.03851910606 0)
(1.060358497 -0.03838129543 0)
(1.066519524 -0.03711262883 -2.358256794e-23)
(1.072424352 -0.03457237353 2.439231395e-23)
(1.07784408 -0.03077896116 -9.581341531e-24)
(1.082545025 -0.02592421827 1.993262076e-24)
(1.086333191 -0.02028952453 -3.416783878e-25)
(1.00001632 -0.0009538158137 -6.823955432e-23)
(1.000156865 -0.002868561228 -1.324765597e-22)
(1.000454818 -0.004805930377 -1.335743884e-22)
(1.000922166 -0.006774473519 1.317748814e-22)
(1.001561981 -0.008792418506 0)
(1.002384864 -0.01087554653 0)
(1.003410186 -0.01303753522 3.794405372e-22)
(1.004661672 -0.01528887758 1.953288417e-24)
(1.006167757 -0.01763761546 -2.078362032e-22)
(1.007958922 -0.02008307497 2.945212734e-22)
(1.01007006 -0.02261644975 -2.769524809e-22)
(1.012539742 -0.02521831674 4.791738928e-22)
(1.015407993 -0.02785601053 -2.077560038e-22)
(1.01871424 -0.03048619645 0)
(1.022494825 -0.03306477459 0)
(1.02678277 -0.03555714426 -2.812499423e-22)
(1.031609534 -0.03794896954 2.804560636e-22)
(1.036995023 -0.04022518998 -1.019416778e-22)
(1.042920538 -0.0423030221 1.100665301e-22)
(1.049316988 -0.04398345407 -6.551450033e-23)
(1.056070058 -0.04496139622 -5.331339619e-24)
(1.063030963 -0.04489242904 0)
(1.069991758 -0.04347487832 -2.797249485e-23)
(1.076699234 -0.04054142298 8.920372194e-24)
(1.08287931 -0.03610407758 -3.986535456e-24)
(1.088246192 -0.03037910266 3.182449217e-24)
(1.09255913 -0.02369131529 -5.63542059e-24)
(1.00001414 -0.001025795293 6.813781417e-23)
(1.000135385 -0.003084895985 -2.758578726e-22)
(1.000392305 -0.005170547652 2.710848184e-22)
(1.000797098 -0.007296140216 0)
(1.001355382 -0.00948424138 1.402539162e-22)
(1.002080385 -0.01175494997 1.338645436e-22)
(1.00299392 -0.01412626604 -2.574654601e-22)
(1.004123096 -0.01661319786 0)
(1.005500541 -0.01922751209 0)
(1.007163309 -0.02197498352 -2.517245988e-22)
(1.009156899 -0.02485416479 -3.239391848e-24)
(1.011530256 -0.02784824969 2.78953139e-22)
(1.014336821 -0.03092557492 -4.278040732e-22)
(1.017632843 -0.03404197355 2.072910386e-22)
(1.021474296 -0.03715068673 1.73652322e-22)
(1.025914114 -0.04021319966 1.316767682e-22)
(1.031001302 -0.04319553351 -3.041711762e-22)
(1.036776632 -0.04606267192 -2.01944113e-22)
(1.04325255 -0.04870429322 -6.413090692e-23)
(1.050358051 -0.05087777918 0)
(1.057953398 -0.05220444107 -2.995052182e-25)
(1.065859187 -0.05227502313 0)
(1.073832726 -0.05073618022 -5.788359048e-24)
(1.081570872 -0.04738610442 1.99688598e-23)
(1.0887365 -0.04222520867 6.058110557e-23)
(1.094970346 -0.03549613036 1.988908596e-23)
(1.099966722 -0.02757493773 3.117891158e-23)
(1.000011476 -0.001086334967 0)
(1.00010942 -0.003266866691 -2.023432431e-24)
(1.000317047 -0.005478071737 1.4125144e-22)
(1.000646479 -0.007738969868 1.458883657e-22)
(1.001105801 -0.01007692257 -1.34130553e-22)
(1.001710422 -0.01251711572 2.821495922e-22)
(1.002484332 -0.0150832192 6.7850996e-23)
(1.003458234 -0.0177961421 -3.435720594e-22)
(1.004668694 -0.02067344239 1.632365238e-23)
(1.006159803 -0.02372777972 -3.007204516e-23)
(1.007984818 -0.02696354791 1.961446124e-22)
(1.010206211 -0.03037425011 -1.707796352e-22)
(1.012893838 -0.03393384815 2.351922745e-22)
(1.016123702 -0.03760004411 -1.122069916e-22)
(1.019976134 -0.04132517386 -5.195943354e-23)
(1.02453148 -0.04506729829 -9.391113844e-23)
(1.029866383 -0.04878324486 4.468777558e-22)
(1.03605106 -0.05239766674 -2.820147534e-22)
(1.043125637 -0.05576201184 1.827726205e-22)
(1.051045691 -0.0585836308 -4.234102872e-23)
(1.05966413 -0.06041156562 4.815405354e-23)
(1.068748969 -0.06073815951 9.639973038e-24)
(1.078010441 -0.05913616344 -2.58400621e-23)
(1.087078568 -0.0553546628 2.765200571e-23)
(1.09552733 -0.0493745731 4.433027519e-23)
(1.10289308 -0.04146943528 9.172417718e-25)
(1.108779811 -0.03208044455 0)
(1.000008246 -0.001133203242 0)
(1.000078495 -0.003407807637 -2.944091611e-22)
(1.000228012 -0.005717309102 1.459999663e-22)
(1.000468411 -0.008086907456 1.018921281e-23)
(1.000809877 -0.01054913065 2.589399116e-22)
(1.001269427 -0.01313494995 -2.281668754e-22)
(1.001872575 -0.01587481476 -3.093833653e-22)
(1.002652943 -0.0187968501 2.757504005e-22)
(1.003650595 -0.02192631634 0)
(1.004915909 -0.02528545879 2.65309201e-22)
(1.006511125 -0.02888790597 -2.907283548e-22)
(1.00851064 -0.0327355761 2.991505893e-22)
(1.011001459 -0.03681508169 0)
(1.014084779 -0.04109562417 3.373764792e-22)
(1.017870697 -0.04553255207 -3.801426085e-22)
(1.022475666 -0.05008217735 1.968854808e-22)
(1.028015679 -0.05469187428 -1.638720206e-22)
(1.034598536 -0.05925306302 -4.058502798e-22)
(1.042306284 -0.06357148161 7.241881532e-23)
(1.051155219 -0.06728053986 8.235272082e-23)
(1.060999202 -0.06983408349 9.581778955e-23)
(1.071556552 -0.07059150439 1.644285353e-24)
(1.08246493 -0.06902100062 -2.701774452e-24)
(1.093260842 -0.06480030885 4.079744299e-23)
(1.103390622 -0.05787843581 -9.725900474e-24)
(1.112239745 -0.04856806817 -3.213193162e-23)
(1.119286276 -0.03739933437 1.423643445e-23)
(1.000004416 -0.001163890641 0)
(1.000042362 -0.003500275496 -2.344257012e-24)
(1.000124694 -0.005875673683 4.200411632e-22)
(1.00026198 -0.008321756546 -2.959410192e-22)
(1.000465825 -0.01087638726 -5.634366317e-22)
(1.000753943 -0.01357686404 3.053084001e-22)
(1.001152251 -0.0164614748 3.65359519e-22)
(1.001696771 -0.01956698233 -1.476351527e-22)
(1.002429313 -0.0229277796 4.464028047e-22)
(1.003404866 -0.0265787925 -7.260106218e-23)
(1.00469512 -0.03054695801 2.92365366e-22)
(1.006385272 -0.03484745566 -5.525091142e-22)
(1.008580302 -0.03948261985 0)
(1.011406874 -0.04443612925 0)
(1.015011941 -0.04968327927 -1.256710335e-22)
(1.019557461 -0.05518477674 1.343107947e-23)
(1.025213622 -0.06088318355 2.06422017e-22)
(1.032147381 -0.06664976678 1.534887113e-22)
(1.040508963 -0.0722110197 0)
(1.050378677 -0.07711160053 -2.320283926e-22)
(1.061664856 -0.08068962224 3.094464704e-22)
(1.074065528 -0.08215267096 0)
(1.08709696 -0.08078713541 -2.927591094e-24)
(1.100158426 -0.07614977088 -7.498541032e-23)
(1.112509028 -0.06813862006 -4.881321207e-23)
(1.123311797 -0.05712383487 0)
(1.131868054 -0.04376518961 -7.713112664e-23)
(0.9999998269 -0.001176195678 0)
(1.000001026 -0.003537737186 1.560124992e-22)
(1.000007588 -0.00594178648 -7.805203004e-22)
(1.000028291 -0.008427257374 -3.176306407e-22)
(1.000075153 -0.01103703722 3.063928854e-22)
(1.000165462 -0.01381493257 -3.055157442e-22)
(1.000323704 -0.01680679742 0)
(1.000585984 -0.02005793442 0)
(1.000994769 -0.0236148649 -6.160956164e-22)
(1.00160775 -0.02752872673 0)
(1.00250425 -0.0318442204 -1.427384641e-22)
(1.003777693 -0.03659529736 2.826261459e-22)
(1.005550266 -0.04180912134 -2.878346606e-22)
(1.007977543 -0.04749328051 4.336413688e-22)
(1.011242863 -0.05364350499 -1.290273492e-22)
(1.015564547 -0.06025039321 2.411098389e-22)
(1.021185759 -0.06726014243 -2.329648566e-22)
(1.028359346 -0.07452753637 0)
(1.037328637 -0.08171451576 -2.504162729e-22)
(1.048279643 -0.08826606744 2.49478506e-22)
(1.061253108 -0.09334923092 -9.858990656e-23)
(1.075947461 -0.09594705791 2.220328832e-24)
(1.091743031 -0.09506204752 -3.087574472e-24)
(1.107811414 -0.09004908901 4.547055399e-23)
(1.123121538 -0.08073260174 -1.67235956e-23)
(1.136506731 -0.06759088057 3.751144939e-23)
(1.147026062 -0.05149131133 0)
(0.9999942844 -0.001169927198 0)
(0.9999550266 -0.003515348713 2.441827134e-22)
(0.9998782218 -0.005905014825 -2.520884763e-22)
(0.9997696323 -0.008386431496 4.787659261e-22)
(0.999641015 -0.01100695207 0)
(0.9995075128 -0.01381634429 0)
(0.9993917602 -0.0168680489 -6.62043702e-22)
(0.9993272352 -0.02021651335 0)
(0.9993527355 -0.02392241081 3.251753283e-22)
(0.9995243637 -0.0280536027 6.46152894e-22)
(0.9999242429 -0.03267394659 -1.495757902e-23)
(1.000651958 -0.03784483909 -6.400115738e-22)
(1.001844414 -0.04362952608 6.539070876e-22)
(1.003685806 -0.05007473849 -2.916425769e-22)
(1.006397586 -0.05721552305 0)
(1.010259827 -0.06507709044 1.30530675e-22)
(1.015603414 -0.07364701299 -2.377759276e-22)
(1.022802289 -0.08277971244 1.163375589e-22)
(1.032243792 -0.09210282044 0)
(1.044297048 -0.1009088283 -1.86311765e-22)
(1.05917694 -0.1081551306 1.857227256e-22)
(1.076702692 -0.1125103207 8.108358575e-23)
(1.096148686 -0.1125736619 9.456032855e-23)
(1.116283648 -0.1073131616 -1.210912023e-22)
(1.135585938 -0.09639486024 0)
(1.152385662 -0.08051081057 4.569158367e-24)
(1.165427047 -0.06089428869 -3.470261093e-22)
(0.9999903199 -0.001138575185 1.476918334e-22)
(0.9999112771 -0.003421483784 -1.431502862e-22)
(0.9997450257 -0.005752244387 3.279643552e-22)
(0.9994950578 -0.008182034748 3.365997117e-22)
(0.999173747 -0.01076284635 -1.670307596e-22)
(0.9987925697 -0.01355033454 3.369495582e-22)
(0.9983707113 -0.01660423589 3.247240088e-22)
(0.9979337315 -0.01998731854 3.333211964e-22)
(0.9975140694 -0.02377624164 -1.695609134e-21)
(0.9971647727 -0.02805690318 1.730288109e-21)
(0.9969637614 -0.03291528168 1.042528988e-21)
(0.9970064219 -0.03844810619 -3.574023829e-22)
(0.9974350238 -0.04476064952 -3.184501032e-22)
(0.9984524504 -0.05194954793 -6.76661609e-22)
(1.000321612 -0.06011740836 0)
(1.003391149 -0.06936369545 0)
(1.008091903 -0.07973646064 -2.783945565e-22)
(1.014955603 -0.09115060825 3.997198736e-22)
(1.024579091 -0.1032250956 -2.590397731e-22)
(1.037598691 -0.1151294162 3.802880356e-22)
(1.054546132 -0.1255821262 4.202784192e-22)
(1.075583037 -0.1327477487 0)
(1.099886916 -0.1345113305 -5.566264857e-23)
(1.125653094 -0.1292428414 2.020382163e-22)
(1.150470551 -0.1163302479 1.21229037e-22)
(1.171827499 -0.09684316232 5.817664898e-22)
(1.188058095 -0.07264574822 -2.456009856e-22)
(0.9999847002 -0.001081539788 -3.41520643e-22)
(0.9998602321 -0.00325472454 1.734458017e-22)
(0.9996007392 -0.005479099525 0)
(0.9992033199 -0.007806742361 -1.698086185e-22)
(0.9986782641 -0.01029283977 8.701710657e-23)
(0.9980328292 -0.01299669369 -8.685740061e-23)
(0.9972798592 -0.01598127167 0)
(0.996433603 -0.01932088149 -9.550118928e-24)
(0.9955152519 -0.0231081256 -7.368221028e-22)
(0.9945693268 -0.02744415558 -3.436538738e-22)
(0.9936567978 -0.03243754036 2.587237361e-23)
(0.9928619792 -0.03822742264 -1.141783306e-21)
(0.9923256086 -0.04496928404 0)
(0.9922533569 -0.05282728971 -7.785849906e-22)
(0.992924836 -0.06199484431 7.7726558e-22)
(0.9947409683 -0.07267750375 7.675671944e-22)
(0.9982519311 -0.08505564068 3.283260812e-22)
(1.004184573 -0.09917032803 -3.445073252e-23)
(1.013425521 -0.1147502795 -1.091273866e-22)
(1.027031194 -0.1309293093 0)
(1.046127626 -0.1461066943 -1.126451572e-22)
(1.071485067 -0.1577069692 5.622429373e-23)
(1.102329371 -0.1623720117 6.11601857e-23)
(1.136011408 -0.1570936359 7.603621672e-23)
(1.168534549 -0.1414932982 -4.341778627e-22)
(1.195978989 -0.1171799986 -2.801367822e-22)
(1.216171195 -0.08695785282 1.339255793e-21)
(0.9999792184 -0.001002379503 1.730209613e-22)
(0.9998093276 -0.003017182585 -3.511931172e-22)
(0.9994547456 -0.005083796391 2.211734287e-23)
(0.9989066211 -0.007254860049 -2.211542561e-23)
(0.9981725038 -0.00958574878 -1.364711686e-22)
(0.9972549406 -0.01213602715 -1.358909195e-22)
(0.996154392 -0.01497356262 9.087722347e-23)
(0.9948713568 -0.01818153413 0)
(0.9934125326 -0.02186159768 3.501651859e-22)
(0.9918055153 -0.02612466714 7.695554664e-22)
(0.9900851391 -0.03111040929 -1.551396103e-21)
(0.9883115821 -0.03700187085 3.17876462e-21)
(0.986602336 -0.04400195791 0)
(0.9851336553 -0.05235539146 -8.94110775e-22)
(0.984184559 -0.06237639893 4.114108914e-23)
(0.9841808257 -0.07442815536 -1.577144041e-21)
(0.9857522475 -0.088899239 2.867724625e-23)
(0.9898094356 -0.1060780043 1.924367094e-21)
(0.9976581593 -0.1259750525 -4.069690907e-22)
(1.010961962 -0.1479306776 -9.522389502e-22)
(1.031949821 -0.1703282493 -3.082042864e-22)
(1.062380717 -0.1890925803 -5.61935691e-23)
(1.10264869 -0.1989654796 5.559231696e-07)
(1.147748628 -0.1933149819 -8.953003037e-07)
(1.190560321 -0.1735389155 1.329126458e-07)
(1.225919143 -0.1420240542 3.007331527e-07)
(1.25089274 -0.1030616971 -2.870557439e-06)
(0.9999740181 -0.0008993448334 0)
(0.9997600753 -0.002706940244 1.77731919e-22)
(0.9993122228 -0.004564575305 2.051775593e-22)
(0.9986161481 -0.006523379783 2.098824292e-25)
(0.9976759303 -0.008636775157 1.58621937e-22)
(0.9964870363 -0.01096328911 -4.697658011e-23)
(0.995036285 -0.01357218297 4.697149701e-23)
(0.9933086523 -0.01654790769 -9.748829811e-23)
(0.9912920112 -0.01999343487 4.828744831e-22)
(0.9889833219 -0.02403458589 -4.100353551e-22)
(0.9863831093 -0.02883625777 -8.102914407e-24)
(0.9835129431 -0.03461110036 -1.637382498e-21)
(0.9804402579 -0.04160241823 8.802022723e-22)
(0.9772806446 -0.05015817328 -2.743600553e-23)
(0.9742563372 -0.06071374617 0)
(0.9717386446 -0.07382965002 -9.934424744e-22)
(0.9703756276 -0.09020160326 1.100753113e-21)
(0.9711929459 -0.1105667842 1.405631287e-21)
(0.9759279368 -0.1355177755 9.182279728e-23)
(0.9868876965 -0.1652094801 -3.233537726e-22)
(1.00876147 -0.1985889062 -4.878012471e-08)
(1.043934696 -0.2287945783 -1.039312377e-07)
(1.09799237 -0.246902125 7.341620366e-07)
(1.143731046 -0.2392882742 0.008311688633)
(1.197647446 -0.2165759727 0.01354901746)
(1.245434686 -0.1791240079 0.01812893842)
(1.278616039 -0.1331615084 0.02103341301)
(0.9999698596 -0.0007728326879 1.841597857e-22)
(0.9997164682 -0.002326797435 0)
(0.9991817265 -0.003926742489 -2.056751065e-22)
(0.9983468177 -0.005619327061 -1.646346809e-22)
(0.9972123032 -0.007453610228 4.74775932e-23)
(0.995765385 -0.009484328917 8.317623382e-25)
(0.9939791979 -0.011777234 1.491765258e-22)
(0.9918207784 -0.01441360254 -1.517883097e-22)
(0.9892541064 -0.01749504735 2.615021144e-22)
(0.9862406872 -0.02115229144 1.024656701e-22)
(0.9827388362 -0.02555580448 2.125478317e-22)
(0.9787123982 -0.03092769652 0)
(0.9741435356 -0.03756055169 0)
(0.9690492936 -0.04587871571 5.061451587e-22)
(0.9635259988 -0.0564135404 0)
(0.9577930362 -0.06996742653 9.915559946e-22)
(0.9523300187 -0.08756389386 -8.513989676e-22)
(0.9480408851 -0.1105689761 1.22156373e-21)
(0.9467763666 -0.1404910542 1.506315496e-21)
(0.9513025078 -0.179555106 -9.264553763e-08)
(0.9701933961 -0.2270949284 -7.076319032e-08)
(1.005067563 -0.2588236109 -0.004861994015)
(1.059596421 -0.2938929992 0.001334204424)
(1.13720909 -0.3005287053 0.009817525885)
(1.198317379 -0.271899216 0.02848282448)
(1.286002534 -0.2263662353 0.03924232114)
(1.324828743 -0.1630053274 0.04456111275)
(1.348464796 -0.09489746809 0.02831035828)
(0.9999657396 -0.0006247449511 -1.841642549e-22)
(0.9996764914 -0.001882801349 1.168392889e-23)
(0.9990650656 -0.003180591875 9.881145927e-26)
(0.9981077874 -0.004557207576 9.051906062e-24)
(0.9968010919 -0.006054641712 -2.175022497e-22)
(0.9951238236 -0.007720459 -2.472178603e-23)
(0.9930357136 -0.009612462688 -1.727845552e-22)
(0.9904852033 -0.01180326973 4.097774606e-22)
(0.9874107934 -0.01438575201 -4.77935518e-23)
(0.9837379074 -0.01748149853 5.381492853e-23)
(0.9793755791 -0.02125222495 -2.319429706e-22)
(0.9742162772 -0.02591547857 0)
(0.9681380847 -0.03177351895 1.284245054e-22)
(0.9610144016 -0.03925952704 -2.370407077e-22)
(0.9527273257 -0.04899190746 -5.61973256e-22)
(0.9432182478 -0.06193772989 0)
(0.9325473578 -0.07936875137 1.203159193e-22)
(0.9211776188 -0.10336623 -6.748643261e-21)
(0.909986732 -0.1364125662 4.149706676e-22)
(0.9021199076 -0.1835538235 -1.523845648e-07)
(0.91676952 -0.2310275945 -0.01342371436)
(0.9398446127 -0.2942006105 -0.00941770222)
(0.9967834869 -0.3524568228 -0.0033098238)
(1.12694776 -0.4063779067 0.0181675473)
(1.271100594 -0.3787327185 0.04229988883)
(1.35407207 -0.2776276574 0.05675248455)
(1.327818051 -0.16502921 0.0590391422)
(1.260792528 -0.08699491745 0.05794581239)
(0.9999622894 -0.00045976823 -1.886794061e-22)
(0.9996438185 -0.001386400577 0)
(0.9989705017 -0.002343627191 -1.194199401e-23)
(0.9979142335 -0.003361179765 1.906632551e-22)
(0.9964674623 -0.004471417023 2.303804787e-22)
(0.9946015907 -0.005711348353 5.398535554e-25)
(0.992264441 -0.007126373249 1.79916446e-22)
(0.9893875426 -0.008774222069 -2.074270747e-22)
(0.9858856642 -0.01072990559 -2.141898657e-22)
(0.9816501899 -0.01309311832 2.855592294e-22)
(0.9765409705 -0.01599920022 1.742748413e-22)
(0.9703780107 -0.0196352566 -1.279788472e-22)
(0.9629308203 -0.02426737539 1.356545929e-22)
(0.9539068798 -0.03028527649 -2.821617476e-22)
(0.942927894 -0.03827696627 4.375548883e-22)
(0.9295373365 -0.04916619729 0)
(0.913120947 -0.06431832826 0)
(0.8932138584 -0.08620744716 4.52376184e-21)
(0.8689439661 -0.1175419023 -1.245129031e-06)
(0.8420788745 -0.1688441815 2.497267588e-07)
(0.8412687865 -0.2260854053 -0.01973843663)
(0.7940515383 -0.2953668574 -0.02794622602)
(0.90584676 -0.4547830213 -0.01295308929)
(1.078203608 -0.5848855203 0.02430333319)
(1.127918412 -0.4380587913 0.07716777503)
(0.7515516436 -0.1119520612 0.09041176365)
(0.5058516941 -0.008928054978 0.07628310742)
(0.4321185851 -0.01357306375 0.06708503278)
(0.9999598821 -0.0002815718668 1.886715975e-22)
(0.9996208788 -0.0008493290214 -9.531771696e-23)
(0.9989040602 -0.00143650345 -7.192687579e-23)
(0.9977779425 -0.002061776662 -1.457062658e-22)
(0.9962319423 -0.002745590589 4.931850096e-23)
(0.9942318688 -0.003511495089 -2.488377481e-23)
(0.9917165274 -0.004388593084 -2.049364252e-22)
(0.9886044486 -0.005414205408 0)
(0.9847918431 -0.006637334036 -1.670103601e-22)
(0.9801430357 -0.008123870895 -2.891897037e-22)
(0.9744777588 -0.009964485185 1.178447408e-22)
(0.967555519 -0.01228675506 0)
(0.9590519827 -0.01527526906 1.414557248e-22)
(0.9485275936 -0.01920692266 -1.414460618e-22)
(0.9353595585 -0.0245081785 0)
(0.9187084587 -0.03186475358 -1.852635789e-22)
(0.8971918923 -0.04234739884 1.851717731e-22)
(0.8694422476 -0.057895871 0)
(0.8306589415 -0.08129915067 2.192379654e-06)
(0.8047688527 -0.1200675136 -0.02426284536)
(0.7478291046 -0.187473903 -0.02692146902)
(0.7056723625 -0.3026033073 -0.04720966139)
(0.6768928045 -0.5261230847 -0.03620412837)
(0.4533326686 -0.4363714331 0.01808125708)
(-0.03105908529 -0.05223939796 0.0693035852)
(0.9999586864 -9.49868239e-05 0)
(0.9996090462 -0.0002863830495 1.19228153e-22)
(0.9988696382 -0.000484594292 7.199185102e-23)
(0.9977072661 -0.0006960279273 4.800402766e-23)
(0.9961096703 -0.0009276335063 7.428011255e-23)
(0.9940396139 -0.00118751849 -1.010896196e-22)
(0.9914309968 -0.001485773088 -5.411404724e-23)
(0.9881952213 -0.00183538399 -3.691674439e-24)
(0.9842182163 -0.002253484628 2.469222436e-22)
(0.9793491583 -0.002763252995 -1.18805166e-22)
(0.9733849807 -0.003396798164 1.187556432e-22)
(0.966050221 -0.004199691768 -1.336539232e-22)
(0.9569650807 -0.005238509852 9.906919024e-23)
(0.9456014437 -0.006614453775 0)
(0.9311826049 -0.008485430811 0)
(0.9126261048 -0.01111086621 4.521144653e-23)
(0.8880158608 -0.01490703408 0)
(0.8554008942 -0.02060405589 -9.301797066e-22)
(0.8070804549 -0.0294434109 -3.333096164e-07)
(0.7658696405 -0.05566312154 -0.02785151193)
(0.649808595 -0.09564483681 -0.05620877561)
(0.558794753 -0.1871854074 -0.06841047054)
(0.3234197122 -0.3673312169 -0.07775984925)
(1.185686656 -0.5370803363 0.06179152401)
(0.7044774583 -0.5977250008 0.03139858417)
(1.078203069 -0.5849075868 -0.02431190041)
(1.185641331 -0.5370808876 -0.06178951998)
(0.7044859649 -0.5977401962 -0.03139898523)
(0.8569723629 -0.1880423396 0.08865884501)
(1.127884829 -0.4380269208 -0.07716027608)
(0.856971851 -0.188039102 -0.08865566572)
(0.5325665294 -0.01971276396 0.07865652729)
(0.7515526352 -0.1119511033 -0.09040779579)
(0.5325853548 -0.01973820003 -0.07865414631)
(0.4406384905 -0.008452635251 0.06871597246)
(-0.01686919865 -0.03314337197 0.07147143049)
(0.5058165458 -0.008935497618 -0.07628051108)
(0.4406193897 -0.008521040334 -0.06871482223)
(-0.01681324062 -0.03301158412 -0.07148435845)
(0.6135987635 -0.6154802455 0.002277886707)
(0.4147478384 -0.4443996822 -0.0653568566)
(0.6769093364 -0.5261397031 0.03620418361)
(0.613595601 -0.6154827879 -0.002280530813)
(0.4147534168 -0.4444102309 0.06535647664)
(0.4533395853 -0.4363880057 -0.01808312212)
(-0.02202581316 -0.027359515 0.06528791895)
(-0.02189323257 -0.02722110831 -0.06529072934)
(-0.0310127214 -0.05218108677 -0.06929663988)
(0.1706444923 -0.0592312927 -0.09841646874)
(0.3234395956 -0.3673124777 0.07775798068)
(0.1706466226 -0.05922831166 0.0984143699)
(1.343862187 -0.3076406616 0.05439031794)
(1.261954398 -0.4636455797 0.06431081417)
(1.144009357 -0.2706712717 0.0785696439)
(1.271047278 -0.3787958702 -0.04230721298)
(1.343861757 -0.3076398841 -0.05438697949)
(1.261901378 -0.463569432 -0.06429886268)
(1.144014514 -0.2706673094 -0.07856646689)
(1.341315958 -0.1904109977 0.05913922851)
(1.072511753 -0.2022776348 0.08058248041)
(0.8614528889 -0.07656678381 0.07455835905)
(1.35408042 -0.27763184 -0.05675039866)
(1.3413168 -0.190405773 -0.05914076096)
(1.072513105 -0.202278311 -0.08057848344)
(0.8614659442 -0.076572175 -0.07455585425)
(1.025216642 -0.564885547 0.01251963574)
(0.7507545914 -0.5202777827 -0.028506565)
(0.80446855 -0.6775692369 0.007631610525)
(0.9058451372 -0.454787315 0.01295122104)
(1.02523842 -0.5649027914 -0.01252095)
(0.7507253761 -0.5202604399 0.02850432003)
(0.8044696752 -0.677568323 -0.007636246072)
(0.6510453826 -0.2070254995 -0.0003642944205)
(1.127793679 -0.4381864538 0.0002462519169)
(1.042739044 -0.3556743456 0.08111772243)
(0.8011209049 -0.3049491883 0.08992305403)
(1.042574543 -0.3565766466 0.0001351403108)
(0.8005703874 -0.3051587982 0.000403834189)
(0.6516720436 -0.2071447529 0.08157710735)
(0.2724705587 0.007500109037 -5.551915043e-05)
(0.7517818636 -0.1125481008 0.0001991230576)
(0.6517181376 -0.06158324095 0.08715669279)
(0.3543851716 -0.009063965384 0.09629653575)
(0.6518109372 -0.06221256566 7.287435395e-05)
(0.3547200284 -0.008880758139 9.388905859e-05)
(0.2720240777 0.007238312692 0.09157398938)
(-0.00389343781 -0.0506694008 0.07010157359)
(0.4321710843 -0.01352578037 -0.06708677021)
(-0.003785372168 -0.0505818591 -0.07009401348)
(0.4529832105 -0.4359624211 5.665626925e-05)
(-0.03084961814 -0.05200330053 5.759291283e-05)
(-0.02245462902 -0.09133181701 0.06792052204)
(-0.03276357474 -0.04966524872 0.06816486109)
(-0.02255572321 -0.09114893218 3.525511018e-05)
(-0.03290832117 -0.04978269432 8.075344614e-05)
(0.3943038185 -0.3151181388 -0.07626556487)
(0.500321812 -0.02935768029 -0.07752513588)
(0.275677066 -0.05139291871 -0.09351690619)
(0.5587827397 -0.1871585906 0.06841377855)
(0.3942938444 -0.315098217 0.07626328884)
(0.5003219376 -0.02934740217 0.07752444705)
(0.275687408 -0.05139316417 0.09351476541)
(0.1265683615 -0.2612807325 0.0001318143946)
(0.3232826014 -0.3668055534 -0.000172194266)
(0.2090356608 -0.3782020799 -0.0756495112)
(0.2551091946 -0.2755959641 -0.08639231233)
(0.2086663566 -0.3767718826 -0.000192599867)
(0.2555779362 -0.2751173518 -0.0001594156273)
(0.1268173945 -0.262218875 -0.0833220271)
(0.9221569021 -0.6361606291 -8.482104939e-05)
(0.7029729863 -0.5973723462 0.0003863992855)
(0.9187655875 -0.6596043434 0.03068851441)
(0.6317284101 -0.4973247822 0.03268532983)
(0.9177301941 -0.6589419511 0.0001508860405)
(0.6306885234 -0.4965885823 -0.0005278863874)
(0.9229499299 -0.6359222715 0.04105482981)
(0.7886669218 -0.4804145322 0.0004917316028)
(0.6811284241 -0.3513409915 0.06706907148)
(0.4617809988 -0.2977616092 0.05634481477)
(0.6803053025 -0.3507834177 -0.0004150024602)
(0.4627585458 -0.2980041411 0.0002046574864)
(0.7895334684 -0.4803161861 0.06763919538)
(0.9221588074 -0.6361648704 8.624865362e-05)
(0.7029730639 -0.5973763256 -0.0003829845144)
(0.9187682845 -0.6596031502 -0.0306889085)
(0.6317379435 -0.4973366859 -0.03268840627)
(0.9177323537 -0.6589419017 -0.0001507092032)
(0.6306961461 -0.4965947288 0.0005292881336)
(0.9229549414 -0.6359345495 -0.0410564552)
(0.7886662916 -0.480416976 -0.0004896274681)
(0.6811213187 -0.3513503947 -0.06707234463)
(0.4617895287 -0.297767308 -0.05634675654)
(0.6803048068 -0.3507874044 0.0004161702347)
(0.4627610033 -0.2980055763 -0.0002015248034)
(0.7895318436 -0.4803231503 -0.06764149766)
(0.54572508 -0.1109666858 7.487702289e-05)
(0.8569406446 -0.1888624158 0.0001082471142)
(0.9503285138 -0.2664013516 0.0865448478)
(0.4524154488 -0.06367457772 0.0926591948)
(0.9504406372 -0.2670664955 0.0002437431794)
(0.4525890021 -0.06355656815 -0.0001208092204)
(0.545266953 -0.1109649266 0.09059970105)
(0.4720888455 -0.1797976457 0.08345396762)
(0.4731406041 -0.179800435 0.0002310013327)
(0.6510395173 -0.2070200969 0.000360944723)
(1.127784419 -0.438176086 -0.0002510773753)
(1.042713418 -0.3556450431 -0.08111504476)
(0.8010893112 -0.3049295938 -0.08992070613)
(1.042566956 -0.3565661788 -0.0001398675103)
(0.8005589216 -0.3051501172 -0.0004079531786)
(0.6516570278 -0.2071288357 -0.08157350927)
(0.5457250319 -0.1109652121 -7.845829699e-05)
(0.8569410302 -0.1888611469 -0.0001120385787)
(0.9503245783 -0.2663897143 -0.08654193113)
(0.4524165729 -0.06367205099 -0.09265606236)
(0.9504400064 -0.26706261 -0.0002475791908)
(0.4525892613 -0.06355604163 0.0001170553731)
(0.5452650667 -0.1109589742 -0.09059606167)
(0.4720738528 -0.179786931 -0.08345221099)
(0.4731310753 -0.1797943619 -0.0002308255431)
(0.2151266557 0.02232678517 0.0001478148023)
(0.5326814179 -0.0200900568 -2.16550924e-05)
(0.5779743606 -0.0298212831 0.08324583003)
(0.2003376542 0.01040028651 0.08099108344)
(0.5781010102 -0.03002446106 6.951019022e-05)
(0.2006366507 0.01009807141 -6.493704619e-05)
(0.2147601862 0.02210932076 0.08856043373)
(0.07077345276 0.0124608219 0.07081081834)
(0.07105730839 0.01319858153 -0.0001974820557)
(0.2724717863 0.007501277068 5.216069624e-05)
(0.7517836099 -0.1125478934 -0.0002037010549)
(0.6517166417 -0.06157936638 -0.0871530358)
(0.3543879808 -0.009060481185 -0.09629318036)
(0.6518118762 -0.06221156746 -7.742068169e-05)
(0.3547214486 -0.008879839487 -9.780810763e-05)
(0.2720269261 0.007242774087 -0.09157046954)
(0.2151282008 0.02232746088 -0.0001517948795)
(0.5326909034 -0.02009853253 2.187167176e-05)
(0.57799013 -0.02982298099 -0.08324334505)
(0.2003450106 0.01039197 -0.08098928215)
(0.5781076249 -0.03002526592 -7.440563909e-05)
(0.2006385056 0.01009523273 6.098948809e-05)
(0.214763245 0.02211221224 -0.08855620811)
(0.07076386511 0.01245908493 -0.07080659149)
(0.07105276051 0.01319755455 0.0001952830421)
(0.05062600052 -0.008095687203 6.515048793e-06)
(0.06174125262 0.008807184689 0.07834121472)
(0.0006754879472 -0.007269558234 0.06547269848)
(0.06204256032 0.00892139655 6.845645386e-05)
(0.0004214256809 -0.006723369051 -0.0001307321252)
(0.05047897935 -0.007995155427 0.07578115265)
(0.06073207822 -0.01639221931 8.652430878e-05)
(-0.016642673 -0.0330109715 1.849650912e-05)
(0.06134481616 -0.02375223133 0.07139272264)
(-0.01161749186 -0.01825448892 0.07177136333)
(0.06134008879 -0.02370442256 -1.611860308e-05)
(-0.01156894831 -0.01804155107 -2.330372083e-05)
(0.06062365784 -0.01637083925 0.07406712168)
(0.05062103066 -0.008100808005 -1.205039057e-05)
(0.06172271474 0.008788519942 -0.07833847117)
(0.0006495929965 -0.00727704795 -0.06546483374)
(0.06203645093 0.00891514592 -7.376256534e-05)
(0.0004148491291 -0.006726158394 0.0001248960862)
(0.05046069396 -0.008008837796 -0.07577542372)
(0.06072003934 -0.01639898909 -9.190616715e-05)
(-0.01662054744 -0.03296909255 -3.643842016e-05)
(0.06141350505 -0.02376671386 -0.07139106952)
(-0.01166997429 -0.01824202081 -0.0717656123)
(0.06136528015 -0.02370691574 3.834625628e-07)
(-0.01157977465 -0.01803765563 1.503504127e-05)
(0.06057451612 -0.01639118331 -0.07406145884)
(0.5560562477 -0.6204597113 -8.455850192e-05)
(0.6126891174 -0.6134474347 -8.696794887e-05)
(0.6859512478 -0.6572984649 -0.01710167968)
(0.4157777541 -0.4958609982 -0.001758984363)
(0.6852093298 -0.656627294 -0.0001140919711)
(0.4156412703 -0.4955952355 0.0005587471122)
(0.5559847414 -0.6214529836 -0.02556604399)
(0.384033275 -0.5367765304 -0.0001973251585)
(0.2540123329 -0.3798515088 -0.02478686589)
(0.2406458589 -0.4213151514 -0.04634706792)
(0.2538489771 -0.3800975304 -9.162114563e-05)
(0.2403724467 -0.4205635692 0.0003618068659)
(0.3848390694 -0.5386701748 -0.03865998476)
(0.5560582682 -0.6204598403 8.516275575e-05)
(0.6126852939 -0.6134476013 8.938245752e-05)
(0.6859457648 -0.6572914821 0.01710194517)
(0.4157886225 -0.4958687589 0.001758859409)
(0.6852094438 -0.6566257184 0.0001136703631)
(0.4156471538 -0.4956003668 -0.0005583673792)
(0.5559890449 -0.6214529269 0.02556592157)
(0.3840332793 -0.5367779332 0.0001982161406)
(0.2540132294 -0.3798559917 0.02478652655)
(0.2406560073 -0.4213223191 0.04634859882)
(0.2538488979 -0.3800993959 9.140914371e-05)
(0.2403760784 -0.4205675489 -0.0003615524498)
(0.3848393906 -0.5386727789 0.0386595507)
(0.4529834912 -0.4359692949 -5.419885586e-05)
(-0.02221490671 -0.0268295466 -6.598258224e-05)
(-0.02217733796 -0.02678720986 7.124396467e-05)
(-0.02381508164 -0.04492313455 0.05903359623)
(-0.024339867 -0.04482033677 -0.0001385654244)
(-0.03083367266 -0.0519829594 -3.408254159e-05)
(-0.02254902907 -0.09131388467 -0.06792201193)
(-0.03277382555 -0.04974937715 -0.06817577136)
(-0.02258203686 -0.0911404679 -1.996628087e-05)
(-0.03291120784 -0.04980372013 -7.382011538e-05)
(-0.02383242475 -0.04494964641 -0.05903854202)
(-0.02434615724 -0.04482768675 0.0001448560342)
(0.1228710268 -0.2903337019 -0.06307117616)
(0.1224882709 -0.2904657126 -6.382472884e-05)
(0.06593223954 -0.1635400959 1.37460038e-05)
(0.1712800091 -0.05899231939 -0.0001927372249)
(0.1983254344 -0.1731939375 -0.09415227815)
(0.04533430562 -0.05506502414 -0.09858170219)
(0.1987547362 -0.1728557599 -0.0002230090041)
(0.04504102231 -0.05481303685 6.779681496e-05)
(0.06615422453 -0.1638328462 -0.09342445037)
(0.1265679151 -0.2612772054 -0.0001305634025)
(0.3232889362 -0.3667981145 0.0001710788842)
(0.2090394066 -0.3781847972 0.07564989463)
(0.2551092948 -0.2755660205 0.08639250694)
(0.2086666666 -0.3767661481 0.000194122601)
(0.2555781788 -0.2751082669 0.0001616900637)
(0.1268139964 -0.2622096616 0.08332080148)
(0.1228667897 -0.2903295811 0.06307054389)
(0.122485249 -0.290462958 6.289625985e-05)
(0.06593176931 -0.1635376122 -1.216010177e-05)
(0.1712809554 -0.05899102893 0.0001957053803)
(0.1983223167 -0.1731855301 0.09415095073)
(0.0453307552 -0.0550620498 0.0985802394)
(0.1987542776 -0.1728526071 0.0002254363974)
(0.04504036578 -0.05481197764 -6.549980752e-05)
(0.06615079377 -0.1638263691 0.09342294914)
(1.150654066 -0.2692450501 0.0253776769)
(1.118902234 -0.3729920822 0.0169869359)
(1.224656247 -0.3607022043 0.0330745169)
(1.137221531 -0.3005154105 -0.009816573426)
(1.150650721 -0.2692438625 -0.02537898923)
(1.118895008 -0.3729838022 -0.01698806261)
(1.224604938 -0.3607377471 -0.03307246208)
(1.270419342 -0.2406252287 0.03719458775)
(1.254740068 -0.3490224356 0.03785138518)
(1.325766572 -0.2905503392 0.04883090184)
(1.198341055 -0.2719042309 -0.02848040727)
(1.270412628 -0.2406217657 -0.03719298)
(1.254706968 -0.3490595796 -0.03785063313)
(1.325758876 -0.2905542015 -0.04882840039)
(1.317231965 -0.1786345497 0.0438582971)
(1.341146297 -0.2666361536 0.05116507101)
(1.357600631 -0.1948685417 0.05451374325)
(1.286005706 -0.2263637321 -0.03924219322)
(1.317236142 -0.1786355644 -0.04385320038)
(1.341145567 -0.266643404 -0.0511639636)
(1.357595546 -0.1948722961 -0.0545153503)
(1.342164252 -0.1247622904 0.02771318108)
(1.355292348 -0.1726977208 0.05479777774)
(1.336155299 -0.1146237777 0.05528786288)
(1.324798712 -0.1630051806 -0.04455892868)
(1.342152965 -0.1247445514 -0.0277132)
(1.355332401 -0.1726876079 -0.05479680117)
(1.336148219 -0.1146149195 -0.05528804456)
(0.9577927113 -0.3240288377 -0.008113209218)
(0.8165262304 -0.2871030694 -0.02450112866)
(0.914250048 -0.3961217088 -0.01486032755)
(0.9398487169 -0.2942057144 0.009417755403)
(0.957804173 -0.3240327361 0.008112533365)
(0.8165275305 -0.2871016569 0.02450274258)
(0.9142464692 -0.3961186683 0.01485870784)
(1.093359691 -0.3987594689 0.01234594927)
(0.9397825468 -0.4288813911 -0.009639238579)
(1.051388222 -0.5142215917 0.01269804873)
(0.9967950801 -0.3524570046 0.003308515764)
(1.093393328 -0.3987540421 -0.01235045913)
(0.9397904284 -0.4288824289 0.009637339139)
(1.051395075 -0.514230642 -0.01270647721)
(1.236539393 -0.3933148783 0.03668615452)
(1.102145416 -0.5320749337 0.02258666017)
(1.24934034 -0.5152236387 0.05377733488)
(1.126977136 -0.4063525206 -0.01817282199)
(1.236456669 -0.393385823 -0.03667537755)
(1.102207532 -0.5321270618 -0.02259788452)
(1.249205709 -0.515264366 -0.05375995883)
(1.316920673 -0.3867373178 -3.04217564e-05)
(1.30124905 -0.3590391308 0.04702398154)
(1.287802729 -0.4123062194 0.04780814427)
(1.270669881 -0.3782930935 -0.0001112323056)
(1.300938875 -0.3586249893 -9.068229239e-05)
(1.287330859 -0.4123955761 -4.438410483e-05)
(1.317310121 -0.386536197 0.05313767693)
(1.323580382 -0.2398194179 -3.484147692e-06)
(1.356088733 -0.2470675905 0.0581689275)
(1.339640655 -0.2787097886 0.06346917006)
(1.354006279 -0.2778657965 -2.682431776e-05)
(1.356049872 -0.2473904252 -1.582696736e-05)
(1.339505925 -0.2791166094 -6.26069271e-06)
(1.323664345 -0.2393944556 0.06449316864)
(1.277078532 -0.1028575364 0.05827464989)
(0.813533774 -0.05517370966 0.07269084212)
(0.7081956174 -0.02487640943 0.06663214067)
(1.327859493 -0.1650234936 -0.05903981789)
(1.277070433 -0.1028446063 -0.05827634526)
(0.8135075127 -0.055198453 -0.07268786503)
(0.7081580512 -0.02492737271 -0.06662624282)
(0.6852913507 -0.02225530162 0.06563491951)
(1.260827448 -0.08699407256 -0.05794757535)
(0.6852861524 -0.02228716369 -0.06563517174)
(0.8813515358 -0.4167796984 -0.01846438379)
(0.7429350593 -0.3100693356 -0.04184272276)
(0.7419900173 -0.4571406575 -0.03429148586)
(0.7940516691 -0.2953569061 0.02794616294)
(0.8813661084 -0.4167917672 0.01846417493)
(0.7429375836 -0.3100479431 0.04184255382)
(0.742003805 -0.4571512444 0.03429275894)
(0.8950526264 -0.527630176 -0.0001644639614)
(0.9368940935 -0.4937392633 -0.005918041595)
(0.8642833408 -0.4806282047 -0.0169130291)
(0.9097890166 -0.4527019952 -0.0003869037517)
(0.9382717062 -0.4923968499 -0.0002165481749)
(0.8666953703 -0.4783718146 -0.0002892648229)
(0.8943645097 -0.528861441 -0.009321039603)
(1.066817183 -0.6397386776 -7.461980414e-05)
(1.077482823 -0.5847227928 -1.418816067e-05)
(1.132166208 -0.5963459312 0.03598932783)
(1.027409868 -0.6347096037 0.02681488929)
(1.131378391 -0.596504607 -4.575387571e-05)
(1.026499042 -0.6342507673 3.595527756e-06)
(1.067587598 -0.6396543914 0.03967345384)
(0.2208420618 -0.001583267756 1.038887463e-05)
(0.5061240361 -0.00889495532 3.456138283e-05)
(0.4783732492 -0.006033443817 0.07335572895)
(0.2288695953 0.004780458706 0.08069466459)
(0.4784631752 -0.006174262108 -8.130140141e-06)
(0.2292741186 0.004749156736 0.0001934810686)
(0.2209655847 -0.001553341201 0.07597579592)
(0.4322506968 -0.01365685118 -2.097263607e-06)
(0.2186821296 -0.01908568769 0.06810299891)
(0.2188567424 -0.01911804907 1.279749354e-05)
(0.2317143674 -0.02929879409 -6.187805535e-06)
(0.2316455283 -0.02923727761 0.0665110285)
(0.7088373919 -0.2621588719 -0.04735610736)
(0.662967207 -0.121166095 -0.05381372715)
(0.6250139618 -0.1950014181 -0.061113084)
(0.7478387927 -0.1874874514 0.0269209922)
(0.7088341215 -0.2621571078 0.04735767544)
(0.6629620959 -0.1211712893 0.05381520151)
(0.6249852833 -0.1949760156 0.06111216143)
(0.6791796143 -0.4563123921 -0.04137171192)
(0.5926085474 -0.2278543197 -0.06344369949)
(0.4649029584 -0.3766868367 -0.06702471069)
(0.7056546432 -0.3025998495 0.04721157042)
(0.6791970188 -0.4563257043 0.04136943437)
(0.5925931692 -0.2278241741 0.06344389346)
(0.4649250881 -0.3767025286 0.06702461272)
(0.5811919663 -0.5912895837 -3.570325995e-05)
(0.6772075705 -0.5251053794 -0.000103732013)
(0.6790431316 -0.6024270983 -0.02789660257)
(0.5944662868 -0.5182320856 -0.04481291021)
(0.6785679346 -0.6016200357 -3.609306923e-05)
(0.5945612837 -0.5172735061 -7.821046135e-05)
(0.5817356492 -0.5918598657 -0.03750305559)
(0.5975170556 -0.1595639088 -0.06526010399)
(0.6264565118 -0.01692068884 -0.06039380319)
(0.5505507952 -0.02480588159 -0.07267085408)
(0.6498129449 -0.09565697152 0.05620715879)
(0.5975307139 -0.1595400725 0.0652624582)
(0.6264515701 -0.01690392102 0.06039504214)
(0.5505650483 -0.02479284546 0.07266963424)
(0.4799503411 -0.1652456485 -0.0001771823609)
(0.5127846446 -0.2211299839 -0.07148107358)
(0.5310515175 -0.1394539693 -0.07252435678)
(0.5626376974 -0.1864518179 -0.000346965131)
(0.5146236611 -0.2203539145 -0.0001914507493)
(0.5350113824 -0.139030611 -0.000340543835)
(0.4780358667 -0.1657041304 -0.07649273734)
(1.054411918 -0.579325532 0.0001723179262)
(1.185111036 -0.5375217363 -3.40327833e-05)
(1.1694504 -0.5755716205 0.05005343427)
(1.0137008 -0.497312713 0.06738198901)
(1.168604028 -0.5755238763 3.87904508e-05)
(1.01297463 -0.4978988822 -8.387443227e-05)
(1.055222919 -0.5796260214 0.05832363858)
(1.0668192 -0.6397483158 7.949490755e-05)
(1.077487628 -0.5847353104 1.950542771e-05)
(1.132183758 -0.5963883176 -0.03599609473)
(1.027399595 -0.6347051987 -0.02681728338)
(1.131384545 -0.5965182134 5.559744526e-05)
(1.026500875 -0.6342528727 -4.043041523e-06)
(1.067596604 -0.6396815737 -0.03967833481)
(1.054407758 -0.5793359856 -0.0001683040537)
(1.185090254 -0.5375207712 3.021688145e-05)
(1.169419797 -0.5756176282 -0.0500546318)
(1.013684854 -0.4973212404 -0.06737933042)
(1.16859066 -0.5755365089 -3.321002603e-05)
(1.012967745 -0.497900465 8.497710327e-05)
(1.055218968 -0.5796558761 -0.05832711517)
(0.2154411858 -0.00450491186 3.715482455e-06)
(0.4407597476 -0.008644796194 -1.29927406e-05)
(0.4563178191 -0.006393279435 0.07062262005)
(0.2134801936 -0.01046552142 0.0702688898)
(0.4564541132 -0.006560447773 -6.168627966e-06)
(0.2136381563 -0.01053501597 -1.602067295e-05)
(0.2153697996 -0.004604420098 0.07264398517)
(0.2208332956 -0.001584111191 -1.503730481e-05)
(0.5061108781 -0.008898548435 -3.918445519e-05)
(0.4783612959 -0.006031614898 -0.07335174446)
(0.2288617907 0.004771503684 -0.08068998122)
(0.4784588366 -0.006174782297 7.06607347e-07)
(0.2292714362 0.004745679546 -0.0001940154584)
(0.2209360672 -0.00155346729 -0.07597090012)
(0.2154272675 -0.004513480883 -8.517587031e-06)
(0.4407588875 -0.008666301836 1.954475753e-06)
(0.4562946548 -0.006412858344 -0.07061698422)
(0.2135325415 -0.01049471007 -0.07026671739)
(0.4564485798 -0.006566849675 6.115709378e-06)
(0.2136570984 -0.01054291519 2.849242165e-06)
(0.2153208416 -0.004631837456 -0.0726388739)
(0.4697615004 -0.5519801942 -0.0001663645004)
(0.4145497568 -0.4437683376 -4.61601798e-05)
(0.5050509214 -0.4925478201 -0.05469369234)
(0.3521162554 -0.4884375166 -0.0599710349)
(0.5047950751 -0.4916450985 -7.161922922e-05)
(0.352490501 -0.4874824108 -0.0001143529259)
(0.4703168213 -0.5527202547 -0.04943103431)
(0.5811928095 -0.5912911325 3.594651879e-05)
(0.677211734 -0.5251094676 0.000108084126)
(0.6790314104 -0.6024207088 0.02789603972)
(0.5944697162 -0.5182344049 0.04481145334)
(0.6785644207 -0.6016193568 3.908471333e-05)
(0.5945610672 -0.5172730029 7.640595128e-05)
(0.581737985 -0.5918637702 0.03750296308)
(0.4697604861 -0.5519811935 0.0001671930971)
(0.4145531832 -0.4437712616 4.803499346e-05)
(0.5050436337 -0.4925426616 0.05469380409)
(0.3521194742 -0.4884365901 0.05996929449)
(0.5047936678 -0.4916442805 7.399344414e-05)
(0.3524914891 -0.4874818032 0.0001130476921)
(0.4703109103 -0.5527235587 0.04943022059)
(1.336001843 -0.3552848151 -2.570849349e-05)
(1.32587172 -0.3351589949 0.05112029229)
(1.344095268 -0.3184766363 0.06112839159)
(1.343747305 -0.3077257593 -4.425838931e-05)
(1.325676074 -0.3349988067 -6.564549632e-05)
(1.343875079 -0.3188632372 -1.80219616e-05)
(1.336317871 -0.3549763568 0.0576434737)
(1.261497526 -0.4637677299 3.741218466e-05)
(1.240694579 -0.4049423758 0.07046699186)
(1.240189524 -0.4051980455 -2.067591395e-05)
(1.310721456 -0.4072054427 -2.440764058e-05)
(1.294583774 -0.4449541564 0.05478641664)
(1.294015143 -0.4452259969 -1.926705304e-05)
(1.311210582 -0.4067972398 0.06066257488)
(1.143846394 -0.2709814658 4.797240983e-06)
(1.199161495 -0.3384586959 0.07531659094)
(1.198839459 -0.3385757275 5.616174303e-06)
(1.309731377 -0.3617209329 -1.741742313e-05)
(1.293478853 -0.3108715176 0.0691239603)
(1.293245479 -0.3113549399 -5.510607849e-06)
(1.310111886 -0.3612892054 0.06546462343)
(1.316938819 -0.3867233412 4.526267754e-05)
(1.2706558 -0.3783088767 0.0001060152664)
(1.301289564 -0.3590510103 -0.04703312481)
(1.287650697 -0.4122087228 -0.04783038352)
(1.300944353 -0.3586247003 0.0001017383267)
(1.287292012 -0.412367077 2.108676425e-05)
(1.317422822 -0.3865122476 -0.05315527135)
(1.336017399 -0.3552806528 2.734362405e-05)
(1.343746729 -0.3077248432 4.027891883e-05)
(1.325884004 -0.3351542885 -0.05112196125)
(1.344123051 -0.3184769902 -0.06112277591)
(1.325677969 -0.3349948345 6.674253871e-05)
(1.343883527 -0.3188627491 1.316532064e-05)
(1.33638517 -0.3549731472 -0.05764530001)
(1.26147985 -0.4637448952 -4.924048408e-05)
(1.240686515 -0.4048977484 -0.07046527108)
(1.240188852 -0.405182872 1.71561463e-05)
(1.310734009 -0.4071963891 2.991029672e-05)
(1.294438656 -0.444865023 -0.05478392243)
(1.293974396 -0.4452045691 -1.271128533e-05)
(1.311282766 -0.4067737333 -0.06066832929)
(1.143849037 -0.270980023 -7.65143046e-06)
(1.199165946 -0.3384445226 -0.07531564322)
(1.198842158 -0.3385706863 -7.688335618e-06)
(1.309744936 -0.3617192879 1.768078619e-05)
(1.293500564 -0.3108695131 -0.06911950461)
(1.29325256 -0.3113539437 1.703992577e-06)
(1.310159807 -0.3612872378 -0.06546581055)
(1.300128108 -0.2039529734 -7.033506826e-06)
(1.351346212 -0.2178331665 0.05879415769)
(1.272204201 -0.1717520969 0.06422388409)
(1.341280388 -0.1907407321 -1.780955036e-05)
(1.35132254 -0.2181876236 -1.255373103e-05)
(1.272213476 -0.1721234914 -6.854451377e-06)
(1.300167121 -0.2035336019 0.06446679405)
(1.072547642 -0.2025228565 5.630423932e-05)
(0.9929035485 -0.1459424771 0.07950322162)
(0.9929350124 -0.1462985597 2.569610915e-05)
(1.215437905 -0.208549717 8.958110474e-06)
(1.260846666 -0.257497643 0.07141333479)
(1.260745643 -0.257926543 1.503864432e-05)
(1.215486095 -0.2081095097 0.07170983023)
(0.8615911623 -0.07696024056 6.118214502e-06)
(0.9196979068 -0.1038494042 0.07715152573)
(0.9197849882 -0.1041538724 2.398102648e-05)
(1.16584403 -0.1668493255 5.503162736e-06)
(1.11757366 -0.1330098355 0.06953665847)
(1.117633199 -0.1333867239 2.072005691e-06)
(1.165829285 -0.1664425377 0.07072167636)
(1.32358737 -0.2398213784 1.717991609e-06)
(1.35400903 -0.2778676001 2.395960885e-05)
(1.35610408 -0.247076126 -0.05816828878)
(1.339662134 -0.2787121624 -0.06346518911)
(1.356054917 -0.2473938843 1.469721098e-05)
(1.339514219 -0.2791177722 2.861793204e-06)
(1.323681288 -0.2393998929 -0.06449104749)
(1.300132919 -0.2039553705 5.249362754e-06)
(1.341285053 -0.1907406124 1.249309024e-05)
(1.351358146 -0.2178401913 -0.05878977847)
(1.272226433 -0.1717417009 -0.0642251567)
(1.351326414 -0.218190148 1.183499567e-05)
(1.272223069 -0.1721219137 3.946680786e-06)
(1.300177516 -0.2035399646 -0.06446512261)
(1.072550466 -0.2025233778 -6.00365754e-05)
(0.9929043469 -0.1459465087 -0.07950060015)
(0.9929378207 -0.1463005085 -2.962053653e-05)
(1.215444401 -0.20855179 -1.166938577e-05)
(1.260859602 -0.2574973756 -0.07140914444)
(1.260752424 -0.257926774 -1.866367196e-05)
(1.215496087 -0.2081143669 -0.0717077311)
(0.8615898076 -0.0769622626 -2.621327063e-06)
(0.9197276452 -0.1038654978 -0.07715082721)
(0.9197991697 -0.1041607122 -2.692555847e-05)
(1.165849588 -0.1668522096 -6.04164988e-06)
(1.117591547 -0.1329975552 -0.06953742243)
(1.117639652 -0.1333842473 -2.767270904e-06)
(1.165845309 -0.1664506221 -0.07071986423)
(1.024925118 -0.5646196899 -7.59257628e-05)
(0.9858284635 -0.6205709303 0.01232675386)
(0.9853014136 -0.6202558049 -7.329228015e-05)
(0.933437398 -0.5772816369 -8.405764829e-05)
(0.9754132273 -0.5313693704 0.002597747052)
(0.9756185882 -0.5306409311 -0.000111117989)
(0.933657853 -0.5779956424 0.0005930586269)
(0.7512380307 -0.51907404 -0.0001327813843)
(0.7671126298 -0.5906803631 -0.01967322343)
(0.7669434463 -0.5897654661 -6.522198095e-05)
(0.8393047307 -0.5622331526 -0.0001092416013)
(0.8134597613 -0.504047846 -0.02185235414)
(0.8144437737 -0.5023415748 -0.0001844563638)
(0.8391778758 -0.5632910724 -0.0136348247)
(0.8039435413 -0.6767466191 -0.0001028057942)
(0.9204360297 -0.6686483005 0.0116407907)
(0.7922707008 -0.6581231285 -0.007862180683)
(0.9198972629 -0.6682947308 -5.135355544e-05)
(0.7914204299 -0.6575919805 -3.505234611e-05)
(0.874179412 -0.6241799992 -5.041166941e-05)
(0.8747630105 -0.6248621371 -0.002393763167)
(0.895056887 -0.5276338556 0.0001663080786)
(0.9097910331 -0.4527046806 0.000389848241)
(0.9368991142 -0.4937424285 0.005916212077)
(0.8642938201 -0.4806320503 0.01691304906)
(0.9382737484 -0.4923978301 0.0002182773379)
(0.866699034 -0.4783728514 0.0002893177214)
(0.8943765017 -0.5288719483 0.009319033808)
(1.024930225 -0.5646282237 7.61653628e-05)
(0.9858509829 -0.6205734052 -0.01232515653)
(0.9853105137 -0.6202545229 7.432582979e-05)
(0.9334409668 -0.57728438 8.689493728e-05)
(0.9754221567 -0.5313694485 -0.002598806586)
(0.9756232626 -0.5306404151 0.0001124982687)
(0.9336704997 -0.5780032925 -0.0005960572342)
(0.751234178 -0.5190716429 0.0001377415849)
(0.7671070534 -0.5906783704 0.01967246082)
(0.7669386165 -0.589761804 6.198304815e-05)
(0.8393070019 -0.5622335811 0.0001078428615)
(0.8134610533 -0.5040325122 0.02185253206)
(0.814441751 -0.5023345107 0.0001823120117)
(0.8391835767 -0.5632935923 0.01363620682)
(0.8039444681 -0.6767454719 0.0001075286066)
(0.9204475435 -0.6686518423 -0.01164243064)
(0.792286236 -0.6581332339 0.007863476886)
(0.9199037744 -0.6682933037 5.450169423e-05)
(0.791424084 -0.6575944986 3.368786741e-05)
(0.8741840385 -0.6241842194 5.273771005e-05)
(0.8747715246 -0.6248692893 0.002391654148)
(-0.003760164585 -0.05051297035 4.69945725e-05)
(0.07310494493 -0.03352118726 0.06906046173)
(0.01251260043 -0.07365583446 0.06797813249)
(0.07326799566 -0.03347209519 1.282412591e-05)
(0.01253594757 -0.07352832558 1.368925943e-05)
(0.09247562404 -0.04949531218 -6.009776938e-06)
(0.09240838311 -0.04951854811 0.06738295654)
(0.4322658721 -0.01364491733 -3.62854093e-06)
(0.2187786797 -0.01904760512 -0.06810135177)
(0.2188876169 -0.0191067742 -7.643437097e-07)
(0.2317176714 -0.02930425392 1.003370749e-05)
(0.2316478803 -0.02925734529 -0.06651437465)
(-0.003724409578 -0.05048642167 -5.431138972e-05)
(0.07319871486 -0.03357903324 -0.06905940225)
(0.01258169338 -0.07357929334 -0.06797559088)
(0.07329838557 -0.03348783738 -3.341009363e-06)
(0.01255477928 -0.07350584186 -1.390806206e-05)
(0.09248142364 -0.04949844351 4.922543958e-06)
(0.09242241573 -0.04952905276 -0.06738740113)
(0.3945254705 -0.3144515989 -8.141832461e-05)
(0.3395202554 -0.2387566969 -0.08386974603)
(0.3397911944 -0.2382625706 -6.087569578e-05)
(0.4159464911 -0.1981763602 -0.000100580331)
(0.4588240891 -0.2634452209 -0.07426771569)
(0.4597573035 -0.2627393289 -0.0001165208994)
(0.4149430142 -0.1986609079 -0.08041606986)
(0.4546133429 -0.1030701762 -0.0001764432943)
(0.5109067737 -0.08664718065 -0.07569031696)
(0.4393782804 -0.03510857275 -0.08271985008)
(0.5042663138 -0.02924034726 -0.0003270891402)
(0.5148632522 -0.08635059877 -0.0003319981116)
(0.4413003061 -0.03500091987 -0.000174127421)
(0.4526955356 -0.1033572118 -0.08042661059)
(0.275996002 -0.05126451723 -9.136645161e-05)
(0.2973188601 -0.1501569008 -0.0900004334)
(0.2975229578 -0.1498770299 -9.10309786e-05)
(0.3835070258 -0.1241890943 -0.0001065748568)
(0.3655846916 -0.0424242136 -0.08816042581)
(0.3665911309 -0.04231341301 -0.0001069030292)
(0.3825248679 -0.1244822593 -0.08530774603)
(0.4799518077 -0.165246383 0.0001770802614)
(0.5626350836 -0.1864433312 0.0003517464912)
(0.5127616585 -0.2210928853 0.0714836968)
(0.5310515397 -0.1394714924 0.07252197799)
(0.5146174529 -0.2203425885 0.0001938291034)
(0.535011251 -0.1390347616 0.0003382744791)
(0.4780404516 -0.1657092719 0.07649291195)
(0.3945226196 -0.3144454937 7.739670209e-05)
(0.3395363828 -0.2387193444 0.08386973985)
(0.3397970894 -0.2382502914 6.277738968e-05)
(0.4159492684 -0.1981722746 9.986403121e-05)
(0.4587959169 -0.2634184931 0.07426988111)
(0.4597498698 -0.2627310168 0.0001163785123)
(0.4149509423 -0.1986495991 0.08041491135)
(0.4546153846 -0.1030665655 0.0001773081641)
(0.5042668225 -0.02923722643 0.0003291696568)
(0.5109157018 -0.08662863361 0.07569005245)
(0.4393752192 -0.03510431643 0.0827189211)
(0.5148661905 -0.0863452049 0.0003330957316)
(0.4412999313 -0.03499929345 0.0001747989016)
(0.4527016043 -0.1033472152 0.0804257828)
(0.2759997758 -0.05126407268 9.34027432e-05)
(0.2973263983 -0.1501464311 0.08999925449)
(0.2975257819 -0.1498730684 9.370762811e-05)
(0.3835105286 -0.124184359 0.000108472838)
(0.3655900625 -0.04242364076 0.08815891789)
(0.3665933416 -0.04231282159 0.0001081259844)
(0.3825351655 -0.1244696229 0.08530684195)
(1.170480564 -0.2268814289 0.01072889141)
(1.141541674 -0.2632978932 0.008981367435)
(1.176792498 -0.2570101642 0.01243328973)
(1.143752 -0.2392974739 -0.0083130835)
(1.170548333 -0.2268963933 -0.01072838823)
(1.141594793 -0.2632960555 -0.008982841907)
(1.176839978 -0.2570152078 -0.01243276853)
(1.222765484 -0.1976827869 0.01596558078)
(1.210991099 -0.2441802825 0.01551656423)
(1.242418755 -0.2240994747 0.01841459612)
(1.197679084 -0.2165857484 -0.01354920477)
(1.222782858 -0.1976891506 -0.01596546759)
(1.211001943 -0.24417654 -0.0155166851)
(1.242423162 -0.2240951111 -0.01841456895)
(1.263414049 -0.1555938634 0.01982997966)
(1.268621925 -0.1995060377 0.02074909831)
(1.288572826 -0.1728756118 0.02247536998)
(1.24544063 -0.1791278307 -0.01812881169)
(1.263405915 -0.1555969034 -0.01982996447)
(1.268624106 -0.1995011691 -0.02074906043)
(1.288567555 -0.172869118 -0.02247559055)
(1.29096502 -0.1110326699 0.02240835243)
(1.302489962 -0.1447245818 0.02355263735)
(1.311361437 -0.1191789128 0.0241394646)
(1.278577266 -0.133161459 -0.02103269045)
(1.29088025 -0.1110330642 -0.02241536835)
(1.302481089 -0.1447194496 -0.02355104514)
(1.311293966 -0.1191452007 -0.02414319441)
(1.030382577 -0.2743245646 -0.002696316245)
(0.9779495899 -0.2744440686 -0.006859284179)
(1.004446241 -0.3020027264 -0.004014935343)
(1.005073103 -0.2588236046 0.004862249254)
(1.030385087 -0.2743236758 0.002696607589)
(0.9779456529 -0.2744457613 0.006859617224)
(1.004451859 -0.3020070962 0.00401496216)
(1.099213263 -0.2995134511 0.004728679118)
(1.035725961 -0.3262767691 0.0004055625957)
(1.070000271 -0.3609640099 0.01178719486)
(1.059586559 -0.2938849553 -0.001333965546)
(1.099217097 -0.2995060855 -0.004728995803)
(1.035735157 -0.3262769862 -0.0004053516611)
(1.07002865 -0.3609582249 -0.01178875283)
(1.257079479 -0.28336236 -0.001077654354)
(1.228566338 -0.264667734 0.0316620056)
(1.214561176 -0.300855563 0.03098677863)
(1.240367398 -0.284546747 -0.003469412606)
(1.248514811 -0.2681875155 -0.001330592137)
(1.243488996 -0.2963241074 -0.002845402289)
(1.244050559 -0.2887967871 0.0345083804)
(1.315458587 -0.2209376152 -0.0001131087971)
(1.298198604 -0.2101099297 0.04115046952)
(1.302185559 -0.2387805464 0.04248956098)
(1.287514892 -0.2250100527 -0.0001636840188)
(1.298798123 -0.2087148731 -7.398857383e-05)
(1.303205226 -0.2382294303 -0.0001609503032)
(1.315058207 -0.2210724708 0.04423661695)
(1.341835403 -0.152311199 -0.000104610157)
(1.332263603 -0.1484439189 0.04618597258)
(1.339005598 -0.1681976145 0.04733929516)
(1.324770404 -0.1613908629 -0.0001116025894)
(1.330775152 -0.1467411268 -2.930203115e-05)
(1.338929729 -0.1681278836 -0.0001418215308)
(1.34317823 -0.1523318248 0.04793039446)
(1.328649713 -0.09816406909 0.0551808243)
(1.348440948 -0.09487090251 -0.02831164621)
(1.328693547 -0.09815442805 -0.05518238163)
(0.9265455164 -0.2600219032 -0.01242407155)
(0.8843333313 -0.2313258536 -0.01647636579)
(0.8802587477 -0.2660791634 -0.01518327784)
(0.9167576496 -0.2310263777 0.01342491777)
(0.9265423725 -0.26002758 0.01242315716)
(0.884326926 -0.2313172952 0.01647589222)
(0.8802624224 -0.2660719758 0.01518168991)
(1.022193647 -0.3955077077 -0.0004855876007)
(1.027490195 -0.367375808 0.0005735449439)
(0.9823709175 -0.3790339568 -0.005022976849)
(1.023544803 -0.3614822446 -0.002070133883)
(1.041108114 -0.3717254552 -0.0004250760776)
(1.000908257 -0.3772233518 -0.001804494175)
(1.013592742 -0.3976748191 -7.006824278e-05)
(1.163552013 -0.4435473635 -0.0001651667365)
(1.162346067 -0.4068750351 0.02437066897)
(1.122513266 -0.440761997 0.01943240146)
(1.127246955 -0.3995986244 -0.0006123252413)
(1.163381723 -0.4030174624 -0.0002916575949)
(1.121861299 -0.4394877333 -0.0002386706421)
(1.163815423 -0.4446542863 0.02669497569)
(1.242623467 -0.1435528903 0.0636113336)
(1.327864611 -0.1653256705 -9.765566787e-07)
(1.242711574 -0.1438811192 1.101979244e-05)
(1.212605009 -0.1193366927 -2.831004412e-06)
(1.311880872 -0.1417563274 0.05896667426)
(1.311844503 -0.1420052365 -1.324810137e-05)
(1.212582378 -0.1190581067 0.06302768449)
(1.24546008 -0.07280349912 0.05783457401)
(1.131838908 -0.06715023464 0.06082998086)
(1.26077696 -0.08683296165 -4.317108198e-05)
(1.245346842 -0.0727548688 -5.087028409e-05)
(1.131871881 -0.0672283478 -1.19324397e-05)
(0.8327271199 -0.2710312823 -0.01885426349)
(0.7931144948 -0.2128238755 -0.02319906537)
(0.7380272712 -0.2700465175 -0.04286967743)
(0.8412662898 -0.226073154 0.01974031742)
(0.8327098616 -0.27102647 0.01885479702)
(0.7930965296 -0.2128355764 0.02320209113)
(0.7380207569 -0.2700276355 0.04287061738)
(0.8429649466 -0.3555863483 -0.002854822296)
(0.836707728 -0.3400685843 -0.02603989587)
(0.771195022 -0.2998337755 -0.03255623219)
(0.9124966123 -0.3348955747 -0.0005756465359)
(0.8839196222 -0.3524439197 -0.00384696217)
(0.8742314365 -0.3362505243 -0.0001257645585)
(0.8075044367 -0.3496562191 -0.03058620317)
(0.7811770047 -0.1497602725 -0.02589513235)
(0.7840307389 -0.09672252702 -0.02625612715)
(0.7454845089 -0.1151529001 -0.02824148199)
(0.8047243209 -0.1200549538 0.02426107321)
(0.7811617627 -0.1497524811 0.02589284902)
(0.7839912774 -0.09670870866 0.02625656147)
(0.7454765029 -0.1151440457 0.02824178579)
(0.654221267 -0.3267477079 -0.0005498205609)
(0.696181939 -0.346139448 -0.04630150441)
(0.6671102859 -0.2866727968 -0.05267162381)
(0.7206458589 -0.3018091771 -0.001777203294)
(0.7035960825 -0.3440862904 -0.0006747498949)
(0.6778598487 -0.2824612853 -0.001436888992)
(0.6488760457 -0.3298767881 -0.05262829844)
(0.7221776513 -0.07197092465 -0.03023284406)
(0.7571171791 -0.02409899666 -0.02865822933)
(0.7092090614 -0.02692236289 -0.03137448815)
(0.7658717556 -0.05566323805 0.02785154978)
(0.7221748809 -0.0719705166 0.03023291703)
(0.7571217843 -0.02409880808 0.02865809002)
(0.7092090764 -0.02692132372 0.03137445303)
(0.6688133109 -0.08869666929 -0.003036366846)
(0.6512910639 -0.1156899108 -0.05922163909)
(0.6385975588 -0.07280065673 -0.05828103022)
(0.7400116927 -0.1053827198 -0.0006176013285)
(0.6841524967 -0.1193180012 -0.003046237479)
(0.7275696269 -0.08176954625 -0.0006542975941)
(0.6368369335 -0.08590837158 -0.06162023787)
(1.271865463 -0.3360992766 0.0006930355266)
(1.077130235 -0.2650565331 0.0237765137)
(1.168461045 -0.3025961293 0.02763613419)
(1.246364151 -0.2999250807 -0.005556163482)
(1.277317708 -0.3180997921 -0.0009510561315)
(1.244141592 -0.3138742176 -0.004342954474)
(1.091740884 -0.288904403 0.02508375443)
(1.168363221 -0.3432010521 -0.0005920062202)
(1.114354392 -0.3381979608 0.01604919597)
(1.156446602 -0.3727209082 0.02241882616)
(1.140295881 -0.3687682754 -0.002246932287)
(1.148617925 -0.3487759337 -0.002801381666)
(1.16642291 -0.368798782 -0.0006093953301)
(1.150732087 -0.3385258657 0.02052260963)
(1.225013441 -0.3604996899 -0.0001563427014)
(1.195134911 -0.3426016191 0.0009505221184)
(1.213280225 -0.3354021376 0.03019844911)
(1.19167261 -0.3675456263 0.02795254309)
(1.216953475 -0.329984226 -0.000534138033)
(1.195794962 -0.3683387611 5.322741857e-05)
(1.182031675 -0.3365303668 0.02583050117)
(1.271822294 -0.3360787016 -0.0006953892735)
(1.24636294 -0.2999230537 0.005553656834)
(1.077154464 -0.2650535404 -0.02377504807)
(1.168461063 -0.3025812775 -0.02763579524)
(1.277303898 -0.3180905781 0.0009514177912)
(1.244130306 -0.3138673549 0.004338949249)
(1.091758028 -0.2888919765 -0.02508291007)
(1.168358008 -0.3431904723 0.0006036760551)
(1.140298947 -0.368767038 0.002250399043)
(1.114336892 -0.3381717606 -0.01605102676)
(1.156417891 -0.3727544905 -0.02240565866)
(1.148624382 -0.348769122 0.002803559925)
(1.166409772 -0.3688161452 0.0006172989419)
(1.150699889 -0.3385041971 -0.02051981542)
(1.224994961 -0.3605113583 0.0001532501009)
(1.195115299 -0.3425905971 -0.0009463919908)
(1.213266997 -0.335392743 -0.03019678666)
(1.191542862 -0.36754607 -0.02795193779)
(1.216947813 -0.3299830302 0.0005294465412)
(1.195763296 -0.3683488409 -5.637986058e-05)
(1.181993646 -0.3365212615 -0.02583595861)
(1.273117716 -0.2701583269 -0.0004405470867)
(1.252236965 -0.2551465418 0.03454606072)
(1.286284825 -0.2565523875 0.0403077087)
(1.274188504 -0.2395882868 -0.0002598981555)
(1.261299111 -0.2550461433 -0.0005460533641)
(1.288762714 -0.2551497038 -0.0002482368308)
(1.267235496 -0.2733248576 0.03752454269)
(1.281775607 -0.3324962505 0.04207121749)
(1.254198839 -0.3473655443 -0.0003236995279)
(1.281745193 -0.3309322583 -0.000236648357)
(1.265393878 -0.3047160569 -0.000451790112)
(1.239801837 -0.325770164 0.0342062649)
(1.241210582 -0.3174386283 -0.0007932204136)
(1.263687023 -0.3102306753 0.03798074805)
(1.305720503 -0.3127451981 0.04574988705)
(1.325953037 -0.2902045442 -8.126447511e-05)
(1.305942935 -0.3118516872 -0.000135067633)
(1.287054119 -0.2896276651 -0.0002289672104)
(1.304969901 -0.2731195997 0.04420280683)
(1.305823491 -0.2719837403 -0.0001369427141)
(1.285609484 -0.2923168929 0.04126637972)
(1.257081655 -0.2833648879 0.001076270082)
(1.240370195 -0.2845451583 0.003471330771)
(1.228569544 -0.2646680898 -0.03166094973)
(1.214582309 -0.3008701853 -0.03098416627)
(1.248516235 -0.2681859454 0.001328117519)
(1.2434899 -0.2963285015 0.002845961957)
(1.244058584 -0.2888043131 -0.03450687602)
(1.27312011 -0.2701582187 0.0004400139114)
(1.274188526 -0.2395859919 0.0002571468587)
(1.252248065 -0.2551467765 -0.03454334031)
(1.28628714 -0.2565502979 -0.04030582758)
(1.261301545 -0.2550443778 0.000546072002)
(1.28876386 -0.2551487911 0.0002465907519)
(1.267242153 -0.273325365 -0.03752408352)
(1.254189846 -0.3473759874 0.0003169809045)
(1.281804746 -0.3325060933 -0.04207331972)
(1.281749755 -0.3309342602 0.0002392540606)
(1.265396766 -0.3047167134 0.0004510334721)
(1.239777068 -0.3257792814 -0.03420258378)
(1.24120695 -0.3174434172 0.0007862573804)
(1.263693878 -0.3102321665 -0.03798149119)
(1.325951189 -0.2902055377 7.813788023e-05)
(1.305730218 -0.3127471599 -0.04574935497)
(1.305944865 -0.3118513138 0.0001353131026)
(1.287059685 -0.2896274617 0.0002307622828)
(1.304972776 -0.2731230228 -0.04420082311)
(1.305824923 -0.2719845917 0.0001352423591)
(1.285632822 -0.2923185763 -0.04126627302)
(1.325495805 -0.202991442 -9.982980446e-05)
(1.308884433 -0.1947045395 0.04243036411)
(1.333360992 -0.1856185316 0.0466792872)
(1.317185637 -0.1770730181 -4.357462554e-05)
(1.309059248 -0.1931716736 -8.348355629e-05)
(1.333284853 -0.1856796873 -9.559476287e-05)
(1.325377593 -0.2030167858 0.04560901025)
(1.351267244 -0.2422068245 0.0527516782)
(1.341254834 -0.2666206937 -5.010099466e-05)
(1.351317151 -0.2423694112 -3.091792498e-05)
(1.334016547 -0.2322157122 -5.476396474e-05)
(1.321186189 -0.2528199574 0.04648856658)
(1.321627613 -0.2524018794 -8.596355491e-05)
(1.333815558 -0.2323176012 0.0481642734)
(1.356524695 -0.2181978873 0.05380318756)
(1.357567065 -0.1951108789 -2.714992216e-05)
(1.356514811 -0.2184192975 -2.687942928e-05)
(1.34313384 -0.2118626182 -4.857004789e-05)
(1.349328397 -0.1917667565 0.05036084009)
(1.349307269 -0.1918224817 -4.327435706e-05)
(1.343100914 -0.211853458 0.04946983224)
(1.315459716 -0.2209381906 0.0001125490409)
(1.28751614 -0.2250086277 0.0001622805069)
(1.298213894 -0.210111161 -0.04114841931)
(1.302189388 -0.2387789951 -0.04248802023)
(1.298801068 -0.2087142127 7.50793881e-05)
(1.3032066 -0.2382288777 0.0001596743443)
(1.315061299 -0.221074911 -0.0442361078)
(1.325495687 -0.2029930343 9.846260442e-05)
(1.317184602 -0.1770722249 4.334356605e-05)
(1.308879342 -0.1947023951 -0.04242986721)
(1.333364326 -0.1856351753 -0.04667492112)
(1.309058804 -0.1931701166 8.126941399e-05)
(1.333284399 -0.1856834678 9.524358705e-05)
(1.32537852 -0.2030219789 -0.04560752399)
(1.341254629 -0.2666231387 4.819502742e-05)
(1.351275145 -0.2422168518 -0.05275072214)
(1.351319031 -0.2423721911 3.067104472e-05)
(1.33401759 -0.2322176075 5.460070933e-05)
(1.321189365 -0.2528253664 -0.04648709435)
(1.321628549 -0.2524035872 8.479711796e-05)
(1.3338211 -0.2323237374 -0.04816151703)
(1.357568164 -0.1951126451 2.217469688e-05)
(1.356519014 -0.2181969033 -0.05379996302)
(1.356514167 -0.2184191548 2.450119745e-05)
(1.3431304 -0.2118641062 4.464209432e-05)
(1.349324369 -0.1917847427 -0.05036015372)
(1.349306091 -0.1918270994 4.020508315e-05)
(1.343084189 -0.2118571499 -0.04946745891)
(1.355318252 -0.1728996983 -1.257692884e-05)
(1.354323992 -0.1530954339 -3.535532279e-05)
(1.352913086 -0.1722375454 0.0509083983)
(1.350484203 -0.1517573315 0.05502197843)
(1.352899349 -0.1721629403 -4.412949137e-05)
(1.350360157 -0.1519584001 -2.941088392e-05)
(1.354442645 -0.1530872593 0.05133629454)
(1.354941979 -0.1343625789 -6.167673299e-05)
(1.353600494 -0.1190299685 0.05272480448)
(1.344053079 -0.1319663938 0.05510546801)
(1.335870895 -0.1146551201 -9.598325325e-05)
(1.353361343 -0.1171917797 -4.771789618e-05)
(1.343858054 -0.1320558586 -6.674057226e-05)
(1.355083558 -0.1355742882 0.05196257425)
(1.341831153 -0.1523090276 0.0001026871139)
(1.324763459 -0.1613893803 0.0001051098602)
(1.332269154 -0.1484457554 -0.04618236971)
(1.338982555 -0.1681909043 -0.04733692829)
(1.330771601 -0.1467399484 2.866603843e-05)
(1.338924832 -0.1681253601 0.0001362327688)
(1.343175464 -0.1523291653 -0.04792842)
(1.355326522 -0.1728967908 1.84071859e-05)
(1.354322895 -0.1530909074 3.320017716e-05)
(1.352919836 -0.1722224586 -0.05090840223)
(1.350481068 -0.1517476817 -0.05502078157)
(1.352901022 -0.1721583218 4.3905791e-05)
(1.350360905 -0.1519551879 2.630843108e-05)
(1.354442239 -0.15307579 -0.05133424174)
(1.354937688 -0.1343546309 5.776811348e-05)
(1.335871666 -0.1146509511 9.107454228e-05)
(1.353594991 -0.1190182652 -0.05272407513)
(1.344046374 -0.1319556887 -0.05510017827)
(1.353359596 -0.1171837915 4.248499613e-05)
(1.343855169 -0.1320513749 6.52919469e-05)
(1.35507307 -0.1355581357 -0.05195851594)
(1.018286752 -0.3567506382 -8.432589079e-05)
(0.8997611827 -0.2974978362 -0.009802681292)
(0.9451176814 -0.3506292236 -0.009578319114)
(1.021804216 -0.3492816924 -0.003818062594)
(1.045573341 -0.3452937109 -0.0009329736121)
(0.9951461407 -0.3621187152 -0.003198608144)
(0.8883299362 -0.312822737 -0.01255156218)
(0.9423271012 -0.3366093474 -0.003994304041)
(0.8395505672 -0.2800099465 -0.0208958354)
(0.8621354797 -0.3261657709 -0.0226233615)
(0.9441228465 -0.3270958977 -0.0009184260089)
(0.9680740836 -0.3224808708 -0.001204817057)
(0.9155838467 -0.3430197052 -0.004285524669)
(0.8865694418 -0.3096119543 -0.01997003657)
(0.9252271322 -0.3962805467 -0.0009069951314)
(0.9437759359 -0.3578702638 -0.001361883527)
(0.9419068963 -0.3764615331 -0.01174686517)
(0.8906809236 -0.3619188761 -0.0190826408)
(0.9535035884 -0.3761366474 -0.001050787347)
(0.9142168838 -0.3678991331 -0.002235713223)
(0.9162968048 -0.3426942061 -0.01577433372)
(1.018291085 -0.3567527002 8.505468846e-05)
(1.021808374 -0.3492837352 0.003818629859)
(0.899771453 -0.2975030499 0.009801961072)
(0.9451282416 -0.3506293621 0.009577604417)
(1.045576025 -0.3452964869 0.0009334503439)
(0.995149745 -0.3621186504 0.003199311327)
(0.8883382368 -0.3128260498 0.01255070202)
(0.9423298642 -0.3366086786 0.003994504299)
(0.9441194902 -0.3270904466 0.0009168403223)
(0.8395620139 -0.280010114 0.02089635526)
(0.862149037 -0.3261688425 0.02262327256)
(0.9680733248 -0.3224769605 0.001203911292)
(0.9155848739 -0.3430181842 0.004285295627)
(0.8865809061 -0.3096143046 0.01996979707)
(0.9252288577 -0.3962808654 0.0009095623308)
(0.9437797684 -0.3578708611 0.001362476925)
(0.9419121135 -0.376456304 0.01174580559)
(0.890695581 -0.361921659 0.01908222868)
(0.9535060266 -0.3761353028 0.001051766991)
(0.9142208387 -0.3678995852 0.00223620802)
(0.9163090537 -0.3426963486 0.01577351574)
(1.050801357 -0.4158573311 7.07755777e-05)
(1.058958733 -0.382751769 0.006809277855)
(1.084003801 -0.4301970525 0.01254391326)
(1.0949127 -0.3941854006 -0.0003610929614)
(1.068847931 -0.3883482262 0.0009995150834)
(1.084030668 -0.4303998086 -0.0001102934594)
(1.047434761 -0.4142460239 0.005992769445)
(0.9698299915 -0.459980769 -0.003363908313)
(0.9444823572 -0.4271495764 -0.0005129469853)
(0.9718420412 -0.4585150332 -0.0002940849259)
(0.9983652951 -0.4258303174 -0.0003808288447)
(0.96684078 -0.4046083087 -0.007032777521)
(0.9721422133 -0.4003182064 -0.0007593691937)
(0.9953474811 -0.4283851702 -0.001487233284)
(1.051336634 -0.513969303 -6.423119946e-05)
(1.006180426 -0.4887746039 0.004056625212)
(1.006908347 -0.4880831013 -0.0001325584179)
(1.031208921 -0.4494347212 -0.0001159208989)
(1.070098284 -0.4693069724 0.01265019665)
(1.070270442 -0.4691359214 -6.532448213e-05)
(1.029772473 -0.4499424955 0.005119789883)
(1.022200112 -0.395509352 0.0004884864487)
(1.023549038 -0.3614830183 0.002071177504)
(1.027507836 -0.3673775217 -0.0005764921684)
(0.982381313 -0.3790332178 0.005021447183)
(1.041113698 -0.3717273885 0.0004275326474)
(1.000912505 -0.37722359 0.001805802353)
(1.013610512 -0.3976793339 6.70439412e-05)
(1.050810595 -0.415858688 -6.588725326e-05)
(1.094925218 -0.3941822377 0.0003665901154)
(1.058985231 -0.3827526764 -0.006814003613)
(1.084044706 -0.4301972376 -0.01255143534)
(1.068857047 -0.3883481532 -0.0009947975565)
(1.084046345 -0.4303986139 0.0001180672583)
(1.047462859 -0.4142529369 -0.005997758182)
(0.9444834016 -0.4271490899 0.0005142153183)
(0.9698448106 -0.4599832516 0.003363253119)
(0.9718466961 -0.4585152037 0.0002944444833)
(0.9983714563 -0.4258332969 0.0003821083536)
(0.9668510471 -0.4046075221 0.007031750051)
(0.9721451549 -0.4003177408 0.0007602065059)
(0.9953666791 -0.4283933048 0.00148589687)
(1.0513448 -0.5139765784 7.00605197e-05)
(1.006200835 -0.4887804836 -0.004057833244)
(1.006916518 -0.488086023 0.0001334948185)
(1.031218106 -0.4494390041 0.0001198204069)
(1.070135248 -0.4693210917 -0.01266003585)
(1.07028524 -0.469141064 7.459180938e-05)
(1.029786999 -0.4499488971 -0.005124358482)
(1.249543221 -0.4311184452 0.04116517593)
(1.236515792 -0.3931116944 -6.570382613e-05)
(1.249115104 -0.4311502862 -6.315391758e-05)
(1.206883695 -0.4408126379 -7.112097922e-05)
(1.199681958 -0.4022799606 0.03072412987)
(1.200441673 -0.4013155171 -8.12066863e-05)
(1.20701294 -0.4412203696 0.03415952844)
(1.101689981 -0.5319447059 -2.146994202e-05)
(1.156209205 -0.5420455532 0.0326427626)
(1.155535286 -0.5420928054 -4.035238501e-05)
(1.162516758 -0.4895383956 -7.144371758e-05)
(1.114834983 -0.483131474 0.02091513089)
(1.114414199 -0.4826739869 -7.750387091e-05)
(1.163037025 -0.4898974484 0.0294658176)
(1.248617361 -0.5156084228 -4.365157775e-05)
(1.207249127 -0.5352676957 0.0436503364)
(1.206404276 -0.5353816235 -2.113639345e-06)
(1.258792571 -0.4735709895 0.04675946357)
(1.258113018 -0.4738689748 -4.566718986e-05)
(1.211706319 -0.4863620422 -1.659055681e-05)
(1.212298075 -0.4863608831 0.03839027666)
(1.163560052 -0.4435323985 0.0001851182791)
(1.12725774 -0.3995881363 0.0006181459526)
(1.162340046 -0.4068282472 -0.02436382321)
(1.122579932 -0.4407423602 -0.01944344513)
(1.163376571 -0.4029978183 0.0003012324911)
(1.121883745 -0.4394794897 0.0002500408473)
(1.163867068 -0.4446136364 -0.0267055072)
(1.236484038 -0.3931267337 5.447120987e-05)
(1.248985801 -0.4309563036 -0.04116524958)
(1.248998182 -0.4311213729 -1.074349597e-05)
(1.206852916 -0.4408016553 7.562474709e-05)
(1.199594671 -0.4021726938 -0.03070797126)
(1.20041384 -0.4012852317 7.309759311e-05)
(1.207047373 -0.4411822969 -0.03409266026)
(1.101705349 -0.5319610245 3.534067399e-05)
(1.156248117 -0.5421299078 -0.03264762201)
(1.155545206 -0.5421214018 5.413776006e-05)
(1.162540809 -0.4895722791 9.835390565e-05)
(1.114914312 -0.4831556719 -0.02092896975)
(1.114438304 -0.4826824357 9.317218399e-05)
(1.16316515 -0.4899833906 -0.02947729389)
(1.248569683 -0.5156236742 3.328560556e-05)
(1.207138848 -0.535469659 -0.04364551411)
(1.206362258 -0.5354456556 1.282453131e-05)
(1.258382046 -0.473590517 -0.04672158327)
(1.257997043 -0.4738838191 8.259304227e-06)
(1.211645838 -0.486439221 6.99519423e-05)
(1.21215273 -0.4866196655 -0.03830443507)
(1.182231079 -0.09841307146 -1.830768644e-06)
(1.294291339 -0.1206870656 0.05866450178)
(1.15539648 -0.08152439981 0.06130515783)
(1.276978295 -0.1028598844 -4.056159301e-05)
(1.294232714 -0.1208137713 -2.158137979e-05)
(1.155391352 -0.08166194724 -1.231260923e-05)
(1.182236718 -0.0982025664 0.06224304304)
(0.8137192928 -0.05547156193 3.056369633e-05)
(0.7709729127 -0.04018459263 0.07058948128)
(0.7710827558 -0.04047464015 1.280537442e-05)
(1.072273857 -0.1050134932 0.06832610523)
(1.072390327 -0.1053371382 1.967392947e-05)
(1.031218165 -0.0829963765 6.260411005e-06)
(1.031141923 -0.08271616304 0.06697645622)
(0.7082821887 -0.02510300304 1.41307597e-06)
(0.7357097911 -0.03089036493 0.06840911589)
(0.7358157366 -0.03114535521 8.247789699e-06)
(0.9927177789 -0.06585014396 5.103567258e-06)
(0.9607391929 -0.05285898726 0.06412348634)
(0.9607950874 -0.05305033393 -4.746577478e-06)
(0.9926618846 -0.0656119785 0.06554457658)
(1.327874155 -0.1653244041 7.386600649e-06)
(1.242665446 -0.1435567661 -0.06360999597)
(1.24271727 -0.1438815659 -3.435624767e-06)
(1.212602401 -0.1193384504 -1.197173703e-06)
(1.311873782 -0.14175141 -0.05896460585)
(1.311844014 -0.1420035569 1.006631893e-05)
(1.212569118 -0.1190631681 -0.06302460938)
(1.182231598 -0.09841582472 -1.060458616e-06)
(1.276979594 -0.1028561016 3.553028701e-05)
(1.294290048 -0.1206901892 -0.05865920407)
(1.155402981 -0.08150739318 -0.06130523907)
(1.29423202 -0.1208143514 1.956681865e-05)
(1.155394041 -0.08165768882 1.213582285e-05)
(1.182234721 -0.09821001364 -0.06223984197)
(0.81371211 -0.0554796753 -3.320021254e-05)
(0.7709647847 -0.0402136144 -0.07058693535)
(0.7710851118 -0.04048592613 -1.941153205e-05)
(1.072296508 -0.1050356433 -0.06832397384)
(1.072395919 -0.1053437354 -1.696418578e-05)
(1.031207118 -0.08300290098 -9.278716868e-06)
(1.031113091 -0.08273829493 -0.06697315353)
(0.7082644424 -0.02511787749 2.451956042e-06)
(0.7357167283 -0.03090355876 -0.06840857883)
(0.7358149127 -0.03115075069 -9.208632106e-06)
(0.9927217326 -0.0658550025 -7.211676814e-06)
(0.9607354672 -0.05285821493 -0.06412228831)
(0.9607917183 -0.05305069577 7.312563157e-06)
(0.9926688212 -0.06562416649 -0.06554301699)
(0.6853243736 -0.02242638843 -3.545887819e-06)
(0.9329263188 -0.04274670955 0.06354523573)
(0.9329252838 -0.0429070437 8.556002715e-07)
(1.260785784 -0.0868317328 4.870437185e-05)
(1.131857279 -0.06716373253 -0.06082983614)
(1.13187826 -0.06723241533 1.46224439e-05)
(0.6853325973 -0.02243706575 -8.421337798e-06)
(0.9329194621 -0.04278871986 -0.06354218666)
(0.932928043 -0.04291985263 -4.64213467e-06)
(0.8429745669 -0.4355795093 -0.02260855755)
(0.8908005956 -0.4144300224 -0.0008316915737)
(0.8487873645 -0.4315282452 -0.0006499054609)
(0.8394077845 -0.3888617209 -0.001709099244)
(0.8608373421 -0.379733895 -0.02275675566)
(0.8805077476 -0.3797875515 -0.002222235851)
(0.8269306134 -0.3935468629 -0.02706314449)
(0.7909482361 -0.3538887901 -0.0009259460955)
(0.7779611155 -0.3114133899 -0.03693114997)
(0.7409992604 -0.3537323632 -0.04048057426)
(0.760083157 -0.3137573871 -0.001749538568)
(0.7981773649 -0.3221655633 -0.001035878595)
(0.7489244119 -0.3530953202 -0.0007411727845)
(0.7830540551 -0.356040611 -0.0351977861)
(0.7434897086 -0.4554623858 -0.0002495012176)
(0.7974973852 -0.4498400088 -0.02782443764)
(0.7996409716 -0.4466641714 -0.0003650170863)
(0.7918558207 -0.3963364249 -0.000699050758)
(0.7398109074 -0.4021165466 -0.03823930915)
(0.7432498456 -0.4001191435 -0.0004412005371)
(0.7881878664 -0.4012323179 -0.03233544089)
(0.8429615537 -0.355585514 0.00285505916)
(0.9124849087 -0.3348874274 0.0005724017481)
(0.8367062092 -0.3400568247 0.02604102244)
(0.7711667187 -0.2998218029 0.03255686009)
(0.8839167884 -0.3524400651 0.003845712907)
(0.8742253957 -0.3362494795 0.0001276722377)
(0.8074939105 -0.3496498855 0.03058576826)
(0.890803878 -0.4144328742 0.0008327570763)
(0.8429823258 -0.4355775311 0.02260816944)
(0.8487883337 -0.4315263525 0.0006472338637)
(0.8394050327 -0.3888590736 0.001709302718)
(0.8608434057 -0.3797277415 0.02275617501)
(0.8805082982 -0.3797851461 0.002221708475)
(0.8269198716 -0.3935354037 0.02706235325)
(0.7909519887 -0.3538908858 0.0009262601743)
(0.7600815 -0.3137521682 0.001747452187)
(0.7779692729 -0.3114242557 0.03693077701)
(0.7410114657 -0.3537256712 0.04048059275)
(0.7981767176 -0.3221684127 0.001034995376)
(0.7489265718 -0.353093192 0.0007395975552)
(0.7830687472 -0.3560474351 0.03519743618)
(0.7434947755 -0.4554654859 0.0002543335751)
(0.7974890855 -0.4498188808 0.02782418667)
(0.7996399008 -0.4466589588 0.0003651095088)
(0.7918584894 -0.396336241 0.0007012806686)
(0.739830143 -0.4021250945 0.03823824506)
(0.7432552326 -0.4001215626 0.0004427822038)
(0.7881974765 -0.4012312452 0.03233519808)
(0.7559712693 -0.2311567033 -0.0003922022645)
(0.6918786454 -0.2212251826 -0.04672137243)
(0.6781856716 -0.2472474958 -0.05218003447)
(0.744937543 -0.2690511551 -0.003095787079)
(0.7889311323 -0.2464751878 -0.0005135214007)
(0.7068967558 -0.2494628016 -0.002492819357)
(0.6696160628 -0.2071705606 -0.05107477144)
(0.7255004407 -0.1767502362 -0.002639840585)
(0.6803898953 -0.1383933423 -0.05122055401)
(0.6682733313 -0.14196691 -0.05644807923)
(0.757549714 -0.1358919052 -0.0006046044917)
(0.7745908461 -0.1558866663 -0.0007023833945)
(0.7033219487 -0.1484042362 -0.002961520667)
(0.689890381 -0.1627532387 -0.05367987554)
(0.6323487377 -0.1947579969 -0.0007598170588)
(0.6936047161 -0.1994675142 -0.001147550893)
(0.6556978072 -0.2255091608 -0.05662617126)
(0.6518980704 -0.1664837165 -0.05870998947)
(0.6630935016 -0.2232139962 -0.0009343845285)
(0.6665805943 -0.1694836624 -0.001685234393)
(0.6764696158 -0.1913228038 -0.05479301174)
(0.7559724661 -0.2311635167 0.0003925904745)
(0.7449375133 -0.2690528625 0.003097986477)
(0.6918782467 -0.221224655 0.04672190305)
(0.6781790646 -0.2472675609 0.05217989248)
(0.7889350704 -0.2464812344 0.0005167539613)
(0.7068936877 -0.249468851 0.002490404101)
(0.6696158867 -0.2071861229 0.05107407456)
(0.7255001075 -0.1767460469 0.002640077491)
(0.7575524413 -0.1358927278 0.0006089048726)
(0.6803912024 -0.1383757488 0.0512190101)
(0.6682612406 -0.1419793345 0.05644913799)
(0.774589086 -0.1558800733 0.0007016520818)
(0.7033207589 -0.148407449 0.002964309361)
(0.6898908658 -0.1627375087 0.05367997063)
(0.6323392473 -0.1947510476 0.0007530453527)
(0.6936015254 -0.1994654967 0.001147595433)
(0.6556868217 -0.2255164208 0.05662827627)
(0.6518619178 -0.166476252 0.05871035975)
(0.6630897877 -0.223215673 0.0009339774209)
(0.6665715485 -0.1694819324 0.001684850524)
(0.676460138 -0.1913162666 0.05479293368)
(0.6803682268 -0.45497225 -0.0001869527947)
(0.611053395 -0.4446559084 -0.04939166601)
(0.611903025 -0.4434329842 -0.0001412179759)
(0.6318293934 -0.3800166921 -0.0002498239728)
(0.6865797708 -0.3965881216 -0.04457356265)
(0.6897678799 -0.3947826508 -0.0003271710261)
(0.6294631317 -0.3818196555 -0.05174629618)
(0.5550187987 -0.2673923823 -0.06546027153)
(0.5962340514 -0.2264154601 -0.0004330524432)
(0.5569648338 -0.2661337684 -0.0002503650097)
(0.6038563474 -0.3010887423 -0.0003302979483)
(0.6300369445 -0.2615960666 -0.0581434636)
(0.6340063771 -0.2575172317 -0.0006389424311)
(0.601342858 -0.3035586535 -0.05911704006)
(0.4653775199 -0.375868361 -6.147501632e-05)
(0.5387282225 -0.4190618466 -0.05801940819)
(0.5392845404 -0.4180121318 -0.0001002194314)
(0.5126425485 -0.3166070171 -0.06692582417)
(0.5137543718 -0.3156662144 -0.0001378645024)
(0.5720933819 -0.3540875077 -0.0001731661649)
(0.5707230018 -0.3554809254 -0.05930470894)
(0.6542224448 -0.3267512408 0.0005499393983)
(0.7206424392 -0.3018094576 0.001780388385)
(0.6961612271 -0.3461364278 0.04630258479)
(0.6671164201 -0.2866945457 0.05267046404)
(0.7035906248 -0.3440861546 0.0006742527569)
(0.677860541 -0.2824668606 0.001435836401)
(0.6488813078 -0.3298881701 0.05262814634)
(0.6803740067 -0.4549763121 0.0001839572713)
(0.6110512392 -0.4446409999 0.04939113872)
(0.6119042365 -0.4434297234 0.0001418898102)
(0.6318318283 -0.3800171795 0.0002498053912)
(0.6865714179 -0.3965930569 0.04457372796)
(0.6897655953 -0.3947847755 0.0003249069648)
(0.6294703633 -0.3818209102 0.05174723282)
(0.5962284043 -0.2264067689 0.0004262201144)
(0.5550189398 -0.2673706524 0.06545922656)
(0.5569639011 -0.2661276524 0.0002423146053)
(0.6038572963 -0.301096203 0.0003314939496)
(0.6300304951 -0.261611633 0.05814391252)
(0.6340044544 -0.2575216904 0.0006397548806)
(0.6013459846 -0.3035857485 0.05911729513)
(0.4653845581 -0.3758718847 6.162538665e-05)
(0.5387456639 -0.4190718771 0.05801852099)
(0.5392899607 -0.4180138391 0.000104196888)
(0.5126664847 -0.3165984386 0.06692477132)
(0.513760824 -0.3156623066 0.000134184371)
(0.5720979805 -0.354094854 0.0001745739148)
(0.5707351875 -0.3555028374 0.05930354133)
(0.575293723 -0.1182899879 -0.06866162928)
(0.6053457552 -0.1592887368 -0.0007319141306)
(0.5831522896 -0.1179934378 -0.0007448349689)
(0.6257598443 -0.1010888594 -0.001833014103)
(0.6296129898 -0.1363449294 -0.0622104889)
(0.6439343664 -0.1372352025 -0.001814135562)
(0.6117742 -0.1008265601 -0.06498651414)
(0.6577930174 -0.05345812558 -0.002988312725)
(0.6307252648 -0.04261984031 -0.05964811665)
(0.6210919816 -0.01833122549 -0.06424320455)
(0.7127556328 -0.01999848502 -0.0006267165109)
(0.7174322727 -0.04624081956 -0.0006460955485)
(0.6517182573 -0.01920919042 -0.002961418076)
(0.6268483285 -0.05242176108 -0.0632456438)
(0.5590597873 -0.07320329694 -0.07121615722)
(0.5582844794 -0.02468591156 -0.0007350826567)
(0.5668464959 -0.07293887822 -0.0007414061046)
(0.6125480508 -0.061988559 -0.001824383032)
(0.5919444515 -0.02116751832 -0.06824534627)
(0.6053876301 -0.02119149012 -0.001813445774)
(0.5989424095 -0.06203551155 -0.0670321056)
(0.6688163291 -0.08869598446 0.003037087514)
(0.7400092826 -0.105385595 0.0006134732392)
(0.6513185192 -0.1157053514 0.05921929991)
(0.6385945529 -0.07279888794 0.05828307155)
(0.6841587717 -0.1193218316 0.003044351614)
(0.7275705534 -0.08176926254 0.0006548979675)
(0.6368461163 -0.08590410358 0.06161939343)
(0.6053502409 -0.1592817194 0.0007373196956)
(0.5752802116 -0.1183136401 0.06866039203)
(0.5831489096 -0.1179996521 0.000744852477)
(0.6257633628 -0.1010936834 0.001835373055)
(0.6296544403 -0.1363428543 0.06220857258)
(0.6439461683 -0.137233844 0.001817784488)
(0.6117837667 -0.1008440307 0.06498662169)
(0.6577955164 -0.05345708124 0.002987604531)
(0.7127556536 -0.01999342764 0.0006276925004)
(0.6307334205 -0.04261505737 0.0596468995)
(0.6210895337 -0.0183193081 0.06424295281)
(0.717432411 -0.04623867922 0.0006426917851)
(0.6517182984 -0.01920528167 0.002961536955)
(0.6268551557 -0.05241852318 0.06324641343)
(0.5582893161 -0.02468178877 0.0007374234031)
(0.5590778316 -0.07319718423 0.07121421621)
(0.5668523277 -0.07293606724 0.0007416418485)
(0.6125504106 -0.06199034748 0.001822654272)
(0.5919520545 -0.02115569444 0.06824469274)
(0.6053902803 -0.0211877884 0.001813905045)
(0.5989490196 -0.06204193225 0.06703087973)
(1.064609141 -0.3229501133 0.01093397579)
(0.9964032789 -0.3337196613 0.008011784077)
(1.128973766 -0.3714347616 -0.003598005879)
(1.143647844 -0.3523605586 -0.004806840611)
(1.147773673 -0.3805279167 0.0006603035425)
(1.165346046 -0.3627236125 -0.0009758195056)
(0.993260799 -0.3080055135 0.008537538543)
(1.12898287 -0.3714318063 0.003602447954)
(1.06463771 -0.3229427144 -0.01093467492)
(0.9964366185 -0.3337206977 -0.008015341793)
(1.143655013 -0.3523572028 0.004809826504)
(1.147781954 -0.3805269361 -0.0006564885466)
(1.16535358 -0.3627222826 0.0009789367988)
(0.9932780583 -0.3080005246 -0.008540181642)
(1.350658991 -0.1028913839 0.05239178439)
(1.328655749 -0.09801980779 -0.0001371902974)
(1.350554048 -0.1008156213 -0.0001145960382)
(1.328665495 -0.09801404134 0.0001430401643)
(1.350690896 -0.1028645098 -0.0523906052)
(1.350559663 -0.1008014652 0.0001175228891)
(0.7680988678 -0.2723193733 -0.03915755862)
(0.7148982498 -0.2321995996 -0.04273714194)
(0.7789630164 -0.2810749778 -0.003274504009)
(0.8111815185 -0.2921710927 -0.003035934796)
(0.8204062196 -0.2608091015 -0.0006983044106)
(0.8469507566 -0.2699416331 -0.0009188000376)
(0.7404676856 -0.2383035348 -0.03865946085)
(0.7789562462 -0.2810721289 0.00327109)
(0.7680828723 -0.2723296373 0.03915861811)
(0.7148740222 -0.2321946185 0.04273571663)
(0.8111723688 -0.2921748016 0.00303281048)
(0.8203924825 -0.2608129831 0.000695484744)
(0.8469366386 -0.2699482979 0.0009168759129)
(0.740434067 -0.2383166975 0.03866009173)
(0.2105232422 -0.2067569912 0.01037196328)
(0.1215555029 -0.1203966926 0.006769693068)
(0.04012888282 -0.04019271747 0.003818287622)
(0.2105262857 -0.2067612418 -0.01037245654)
(0.1215582479 -0.1203997824 -0.006770143529)
(0.04013008587 -0.04019402689 -0.003818605141)
(-0.01182012983 -0.01265885663 0.03434062615)
(-0.007190523764 -0.007335053181 0.02239916448)
(-0.002260411877 -0.002660438334 0.01271959434)
(-0.01175947691 -0.01260244713 -0.034341334)
(-0.007155829512 -0.007302541956 -0.02239980447)
(-0.002248870131 -0.002649385544 -0.01272020233)
(0.2186173312 -0.059832619 -0.0001943712373)
(0.122390416 -0.03284523654 -0.0001788871288)
(0.03935449966 -0.009967263042 -0.0001780977985)
(0.2186173177 -0.06029332345 0.04857158901)
(0.1224204021 -0.03295278211 0.03064739896)
(0.0391607348 -0.01076467082 0.01749976175)
(0.08968953535 0.006250814643 -0.0001880533122)
(0.04732990013 0.004319498032 -0.000178220138)
(0.0141681626 0.002058828841 -0.0001713585425)
(0.1302535372 0.004107807598 0.05232601159)
(0.07112795732 0.003998548405 0.03378705551)
(0.02228500739 0.00124773414 0.01936073529)
(0.1303968397 0.004366764174 -0.0001183099643)
(0.07122689345 0.004050526078 -0.0001414597107)
(0.02224322075 0.002164304598 -0.0001563746746)
(0.08952273279 0.005897882192 0.0479925488)
(0.04721208708 0.004202692632 0.03056375062)
(0.01422034109 0.001214871693 0.01747516118)
(0.2099326142 -0.206133692 -8.672588896e-06)
(0.1210694227 -0.1199161528 -1.914521592e-05)
(0.04004155984 -0.03985310925 -2.584176469e-05)
(-0.01206351841 -0.01683226742 0.03549117262)
(-0.00699468729 -0.009446285506 0.02214641889)
(-0.002070305462 -0.00321827821 0.01261998919)
(-0.01221549321 -0.01678328878 -0.0001175582495)
(-0.007026724277 -0.009459911929 -0.0001163586729)
(-0.002540720713 -0.002871273381 -0.0001184537513)
(0.03522842468 -0.1056287979 0.000170483849)
(0.01895270763 -0.06319700039 0.0001626145312)
(0.005507472933 -0.02163760795 0.000160599054)
(0.03568975179 -0.1060258491 -0.04684582433)
(0.01914989559 -0.06348018163 -0.02958445055)
(0.00633480938 -0.02154712671 -0.01696603143)
(-0.01322894353 -0.037566871 0.03078444835)
(-0.007719546434 -0.0215478091 0.02067277451)
(-0.002287556259 -0.007167892643 0.01173062483)
(0.2335036408 -0.1787368275 -0.02198453435)
(0.1350377169 -0.1031814393 -0.01399712855)
(0.04449489471 -0.03422743339 -0.008008188537)
(0.2333560334 -0.1780537524 0.0001383621986)
(0.1348415298 -0.1028618958 0.0001147030748)
(0.04462257154 -0.03382932643 0.0001020033347)
(0.2395090783 -0.1567880345 -0.03160750742)
(0.1375080363 -0.09012481959 -0.02134461106)
(0.04502493903 -0.0297558173 -0.01214226301)
(0.2396049527 -0.1568368192 1.852829978e-05)
(0.1374325934 -0.09016602657 5.687528437e-05)
(0.04528131734 -0.02927179897 7.967089473e-05)
(0.2001126673 -0.02943563077 -9.043596395e-05)
(0.1114024807 -0.0148897503 -0.000123242835)
(0.03554309643 -0.003989142578 -0.0001467804899)
(0.1704469954 -0.01921347098 0.0493886766)
(0.09412014337 -0.009420824582 0.03171902757)
(0.02969560141 -0.00302013525 0.01811827951)
(0.1705081653 -0.01886070992 -0.0002016953373)
(0.09413363276 -0.009312863866 -0.0001891955529)
(0.02976760367 -0.002147434079 -0.0001802682156)
(0.1999810887 -0.0296467383 0.0526219926)
(0.111353478 -0.01491019642 0.03390104792)
(0.03542025436 -0.004894149535 0.01942996947)
(0.2186141538 -0.05983135388 0.0001921668193)
(0.1223885719 -0.0328446302 0.0001774275079)
(0.039353862 -0.009967114159 0.0001772422373)
(0.2186093539 -0.06028936328 -0.04856941413)
(0.122415631 -0.03295090743 -0.03064590817)
(0.03915910942 -0.01076411288 -0.01749890562)
(0.2001118113 -0.02943525721 8.837320186e-05)
(0.1114020535 -0.0148896 0.0001218915904)
(0.0355429696 -0.003989151738 0.0001459960929)
(0.1704450754 -0.01921253254 -0.04938668195)
(0.09411899445 -0.009420437339 -0.03171766389)
(0.02969520103 -0.00302003409 -0.01811749034)
(0.1705071484 -0.01886056352 0.0001996380427)
(0.09413293744 -0.009312798502 0.0001878506002)
(0.02976732535 -0.002147445524 0.0001794909354)
(0.1999791508 -0.02964528745 -0.05261995478)
(0.1113526115 -0.01490963303 -0.03389965283)
(0.03542007157 -0.004894037648 -0.01942917641)
(0.06041944924 0.01127883207 -0.0001244421882)
(0.03118128893 0.006894211111 -0.0001363505209)
(0.009074326535 0.002712486981 -0.0001454971362)
(0.06027618755 0.01104364513 0.04766600493)
(0.03107507193 0.00682198694 0.02995907062)
(0.009240509093 0.001917369884 0.01715016643)
(0.0896894809 0.006250942152 0.0001861179187)
(0.0473298942 0.004319532174 0.0001769600121)
(0.01416814597 0.002058791056 0.0001706306464)
(0.1302525819 0.0041087725 -0.05232400343)
(0.07112735762 0.003998906305 -0.03378567766)
(0.02228475953 0.001247810909 -0.01935993394)
(0.130396157 0.004366928124 0.0001162379213)
(0.07122632632 0.004050563689 0.000140108063)
(0.02224295028 0.002164265773 0.0001555920618)
(0.089523231 0.00589871301 -0.04799058634)
(0.04721244611 0.004203004135 -0.0305624164)
(0.01422049606 0.001214947654 -0.01747440143)
(0.06041983975 0.01127899094 0.0001223531036)
(0.03118154687 0.006894293056 0.0001350201167)
(0.009074412014 0.00271247292 0.0001447281746)
(0.0602777004 0.01104458494 -0.04766397789)
(0.0310761641 0.006822493839 -0.02995774856)
(0.009240950709 0.00191754688 -0.01714942447)
(0.02697399889 0.007035431597 -0.03959348844)
(0.01296118169 0.004054577398 -0.02671037383)
(0.003602120741 0.0009272919115 -0.01518702786)
(-0.007677439364 -0.007114889328 0.03773294524)
(-0.005118621664 -0.004248901873 0.02357478376)
(-0.001685929424 -0.001725984859 0.01343721111)
(-0.007731548473 -0.006848218488 -0.0001460945442)
(-0.005083404908 -0.004153623094 -0.0001371408861)
(-0.002041175785 -0.001203169237 -0.0001340472414)
(-0.003898639022 -0.004331363675 -0.03563459339)
(-0.003456387186 -0.00266393572 -0.02413863254)
(-0.001320101682 -0.001234808182 -0.01371158173)
(-0.007680660433 -0.007105331957 -0.03773209391)
(-0.005116861491 -0.004242854755 -0.02357311335)
(-0.001684242281 -0.001723854576 -0.01343559586)
(-0.007731301089 -0.006845880536 0.0001420012047)
(-0.005082345775 -0.004152092024 0.0001344792598)
(-0.002040489634 -0.00120268423 0.000132444003)
(0.1351953658 -0.2027446646 2.692464517e-05)
(0.07820999073 -0.1182361823 3.889827068e-05)
(0.0256764805 -0.03951776676 4.106234766e-05)
(0.1537092233 -0.1943984933 0.003524592048)
(0.08914750201 -0.1146780165 0.002454676694)
(0.02963064077 -0.03846119819 0.001468797183)
(0.1531107761 -0.1942683686 -0.0001371846207)
(0.08879883126 -0.114505865 -8.658624892e-05)
(0.02945523824 -0.0384076689 -5.826794229e-05)
(0.2099345584 -0.2061360567 9.510393834e-06)
(0.1210713903 -0.1199181379 1.976200045e-05)
(0.04004249719 -0.03985404927 2.619109938e-05)
(-0.01190591106 -0.01236892135 -0.000149072921)
(-0.007150189469 -0.00723845449 -0.0001431700459)
(-0.002655922839 -0.002210918457 -0.0001342213627)
(-0.01188771736 -0.01234985474 0.0001510338759)
(-0.007139543033 -0.007227422774 0.0001443980259)
(-0.002652392302 -0.002207215939 0.0001349491691)
(0.01550130066 -0.06879349916 0.0001510967646)
(0.007077508434 -0.04047703032 0.0001590539338)
(0.001397136281 -0.01365534699 0.0001643276207)
(0.009300234272 -0.02354706158 -0.05219596206)
(0.003356388135 -0.01368365027 -0.03355513016)
(0.001003882231 -0.004480793353 -0.01918827682)
(0.008913278541 -0.02341087134 0.000183940451)
(0.003240462561 -0.01357885089 0.0001830702904)
(7.853814852e-05 -0.00451621401 0.0001801322385)
(0.01584300314 -0.06897372838 -0.05084953545)
(0.007179513822 -0.04061778083 -0.03256943433)
(0.002292154067 -0.01360894437 -0.01866161925)
(0.03522810409 -0.1056268429 -0.0001698211248)
(0.01895250172 -0.06319583028 -0.0001621806282)
(0.005507408965 -0.02163721089 -0.0001603448641)
(0.03568838541 -0.1060208953 0.04684531895)
(0.01914911992 -0.0634771381 0.02958408047)
(0.006334544556 -0.02154606441 0.01696583308)
(0.01550108895 -0.06879205857 -0.0001501826617)
(0.007077391206 -0.0404761588 -0.000158455049)
(0.00139711943 -0.01365504344 -0.0001639804022)
(0.009299079508 -0.02354518641 0.05219485799)
(0.003355918369 -0.01368244894 0.03355433386)
(0.001003775763 -0.004480352138 0.01918780839)
(0.008913080718 -0.02341018928 -0.0001827327605)
(0.003240382924 -0.0135784151 -0.0001822780231)
(7.854244384e-05 -0.004516053379 -0.0001796712978)
(0.01584198659 -0.0689699741 0.05084865939)
(0.007179026228 -0.04061545407 0.0325687946)
(0.0022920086 -0.01360812096 0.01866125783)
(-0.01323133696 -0.0375735415 -0.03078437943)
(-0.007720987579 -0.02155219008 -0.02067302887)
(-0.002288089599 -0.007169504764 -0.01173100641)
(0.2583105551 -0.1234559247 0.04197745903)
(0.1477408062 -0.06962538598 0.02695777191)
(0.04821148435 -0.02292428424 0.01543891717)
(0.2395086318 -0.156786004 0.03160662025)
(0.1375073005 -0.09012353089 0.02134395523)
(0.04502445329 -0.02975525464 0.01214173014)
(0.2582916959 -0.1234500942 -0.04198122975)
(0.1477279713 -0.0696203889 -0.02695913903)
(0.04820635199 -0.02292213746 -0.01543913643)
(0.2291908394 -0.08701759755 0.04758630101)
(0.1284290722 -0.04809193439 0.03204786381)
(0.04100847825 -0.01548973081 0.01829383753)
(0.2291804823 -0.08701333919 -0.04758447118)
(0.1284234323 -0.04808985832 -0.03204694106)
(0.04100672176 -0.01548919431 -0.01829363572)
(0.02697812808 0.007037463468 0.03959638236)
(0.0129633082 0.004055720173 0.02671195408)
(0.003602774322 0.0009276046281 0.0151876186)
(0.01513366641 0.004223931698 0.0415316209)
(0.006883934301 0.002416401639 0.0262612546)
(0.001888741479 0.0004057663649 0.01499076115)
(0.01512221396 0.004218058723 -0.04153265608)
(0.006876565325 0.002413077977 -0.02626098999)
(0.00188607448 0.0004046003339 -0.01499007002)
(0.1352948361 -0.2029554315 -0.01332259624)
(0.0782956593 -0.1184432422 -0.008956812907)
(0.02592798163 -0.03948154597 -0.005113261191)
(0.08946322483 -0.1780075296 -0.02783173336)
(0.05128408147 -0.1058549615 -0.01792897506)
(0.01716304429 -0.03574703936 -0.01032583163)
(0.1352951198 -0.2029554429 0.01332232635)
(0.07829624874 -0.118443811 0.008956601464)
(0.02592838296 -0.03948195074 0.00511318713)
(0.08946219723 -0.1780012885 0.02783402518)
(0.05128266194 -0.1058502596 0.01792967291)
(0.01716232857 -0.03574493277 0.0103258291)
(-0.01301378938 -0.02209029699 0.03222745405)
(-0.007674702894 -0.01231535962 0.02183081623)
(-0.00230566175 -0.004103572633 0.01240309491)
(-0.01451519103 -0.03372339952 0.0340627579)
(-0.008483296966 -0.01904187411 0.02145263268)
(-0.002575226915 -0.006284205285 0.01223206822)
(-0.01451882168 -0.0337303893 -0.0340668468)
(-0.008485723993 -0.01904634346 -0.02145446677)
(-0.002576073551 -0.006285840571 -0.01223266787)
(0.06133599986 -0.154329963 -0.0356667729)
(0.03461515311 -0.09069466286 -0.02408473092)
(0.01144046197 -0.03032020143 -0.01376328351)
(0.06133567059 -0.1543273388 0.03566590815)
(0.0346153193 -0.09069374216 0.02408435041)
(0.01144067147 -0.03032010042 0.01376330281)
(0.2335140758 -0.1787436882 0.02198221115)
(0.1350454209 -0.103186988 0.01399627915)
(0.04449821433 -0.03422989755 0.008008061713)
(0.1537140317 -0.1944059367 -0.003524737102)
(0.08915142184 -0.1146836713 -0.002454908468)
(0.02963245617 -0.03846367498 -0.001469002753)
(0.233364088 -0.1780591963 -0.0001377709124)
(0.1348478805 -0.1028663636 -0.0001143677184)
(0.04462553442 -0.03383147351 -0.0001018210079)
(0.1531151811 -0.1942745085 0.0001375018176)
(0.08880246134 -0.1145108173 8.683061358e-05)
(0.02945699887 -0.03841002784 5.841366497e-05)
(-0.00388500165 -0.004325460667 0.03563865706)
(-0.003448451507 -0.002659897678 0.02414122179)
(-0.001317396008 -0.001233226363 0.01371286411)
(-0.004029041396 -0.004050141197 -0.0001727805453)
(-0.003464047109 -0.002609056336 -0.0001661435567)
(-0.001670416083 -0.0006839615277 -0.0001500581418)
(-0.01357477973 -0.03751161202 -0.0001532287635)
(-0.007787488236 -0.02155415372 -0.000145564049)
(-0.002813900657 -0.006985572078 -0.000132052917)
(0.258215291 -0.1228631406 -0.0001797210166)
(0.1476034724 -0.0694139108 -0.000163969644)
(0.04844569498 -0.02221763044 -0.0001604309129)
(0.2396048336 -0.1568357383 -1.702671167e-05)
(0.1374318722 -0.09016502078 -5.596575874e-05)
(0.04528082938 -0.02927130059 -7.916644519e-05)
(0.2582033421 -0.1228594169 0.0001801730286)
(0.1475947713 -0.06941067126 0.000164175621)
(0.04844197127 -0.02221612998 0.0001605437986)
(0.229486615 -0.0870650031 -4.826353313e-05)
(0.1285175939 -0.04820188625 -9.663601998e-05)
(0.04131541104 -0.01470924801 -0.0001255849236)
(0.2294829333 -0.08706362574 4.821253531e-05)
(0.1285161096 -0.04820143007 9.647231127e-05)
(0.04131514663 -0.01470929349 0.0001254620485)
(0.02709671283 0.007477342993 -0.0002031140532)
(0.01308276007 0.004182832169 -0.0001897199214)
(0.003408728638 0.001632763769 -0.0001697112575)
(0.02709507545 0.007476645991 0.0002016911528)
(0.0130819658 0.004182494899 0.0001887257985)
(0.003408503575 0.001632652096 0.0001691437476)
(0.01523615379 0.004466104346 -0.0001169069476)
(0.006990655537 0.002497231511 -0.0001257196967)
(0.001637367503 0.001066634248 -0.0001314888148)
(0.01523174045 0.004463758828 0.0001146821486)
(0.006987816777 0.002495838634 0.0001243507895)
(0.001636343933 0.001066104423 0.0001307082872)
(-0.004032923503 -0.004052114332 0.0001694624284)
(-0.003466378913 -0.00261035128 0.0001638469831)
(-0.001671172704 -0.0006845097374 0.0001487277167)
(0.08887549714 -0.177648309 0.0001616007139)
(0.05098234778 -0.1055557114 0.0001343590162)
(0.01662321568 -0.03581878198 0.0001194511369)
(0.1351959611 -0.2027450219 -2.693275398e-05)
(0.07821075278 -0.1182369092 -3.879642067e-05)
(0.02567696749 -0.03951824625 -4.097376373e-05)
(0.08887443002 -0.1776429939 -0.0001616544747)
(0.05098120989 -0.105551512 -0.000134264465)
(0.0166226126 -0.03581680451 -0.0001193645401)
(-0.01206512979 -0.01684863935 -0.03549735916)
(-0.00699608545 -0.009452886654 -0.02214950044)
(-0.002070973672 -0.003219697714 -0.01262129184)
(-0.0122156633 -0.01678643851 0.0001207015474)
(-0.007026721815 -0.009460807346 0.0001184412675)
(-0.002540742609 -0.002871225854 0.0001197294178)
(-0.01302220811 -0.02210529878 -0.0322302587)
(-0.007679666814 -0.01232428173 -0.02183288208)
(-0.002307416367 -0.004106662537 -0.0124044615)
(-0.01330175882 -0.02197372797 0.0001602747529)
(-0.00773488375 -0.01230361339 0.0001522356528)
(-0.002803853529 -0.003783023879 0.0001370943484)
(-0.01329876378 -0.02196931824 -0.0001569364929)
(-0.00773312874 -0.01230089548 -0.0001499768544)
(-0.002803204787 -0.003782147531 -0.0001357956126)
(-0.01465722424 -0.03366908491 -0.0001067623326)
(-0.008499771642 -0.01903538037 -0.0001099214276)
(-0.003090669556 -0.006042216913 -0.0001123821959)
(-0.01465838986 -0.03367107827 0.0001081188516)
(-0.008500435408 -0.01903651677 0.0001108275419)
(-0.003090897135 -0.006042559718 0.0001129007418)
(0.06115630124 -0.1541829998 9.077341234e-05)
(0.03456559628 -0.09052945156 0.0001102897055)
(0.01080456565 -0.03046380464 0.000115499296)
(0.06115668582 -0.1541825017 -9.117279342e-05)
(0.03456614812 -0.09052973564 -0.000110413411)
(0.0108049229 -0.03046411733 -0.000115533187)
(-0.01357587261 -0.03751426997 0.0001542949197)
(-0.007788201497 -0.02155593448 0.0001462841247)
(-0.002814197755 -0.00698625204 0.0001324682885)
)
;

boundaryField
{
    inlet
    {
        type            fixedValue;
        value           uniform (1 0 0);
    }
    outlet
    {
        type            zeroGradient;
    }
    topAndBottom
    {
        type            symmetry;
    }
    frontAndBack
    {
        type            empty;
    }
    cylinder
    {
        type            noSlip;
    }
    procBoundary0to1
    {
        type            processor;
        value           nonuniform List<vector> 
116
(
(1.066714481 -0.0007467317724 -6.138187887e-23)
(1.067263381 -0.002246155115 -2.453585148e-23)
(1.068370162 -0.003760112806 0)
(1.070058621 -0.005306419609 -2.097359054e-23)
(1.072364833 -0.006898159911 -1.867599409e-23)
(1.075339257 -0.008554727748 -4.355760474e-23)
(1.079049262 -0.01029945893 0)
(1.08358502 -0.01216240456 3.561878854e-23)
(1.089064815 -0.01418117878 -1.197272236e-22)
(1.09563733 -0.01640418024 4.063353225e-23)
(1.103495772 -0.01889535677 0)
(1.11289341 -0.02173159108 0)
(1.124154434 -0.02501775627 -7.522570068e-23)
(1.137701406 -0.02887485579 7.516453853e-23)
(1.154089372 -0.03347700443 0)
(1.174027006 -0.0389247083 4.082156122e-22)
(1.198489233 -0.04560102223 -5.181854673e-22)
(1.228812045 -0.05375327592 4.175222044e-21)
(1.265821065 -0.06202823556 1.609441699e-06)
(1.310601392 -0.07570691246 2.625215483e-06)
(1.310601392 -0.07570691246 2.625215483e-06)
(1.310601392 -0.07570691246 2.625215483e-06)
(1.310601392 -0.07570691246 2.625215483e-06)
(1.310601392 -0.07570691246 2.625215483e-06)
(1.310601392 -0.07570691246 2.625215483e-06)
(1.350468367 -0.06617919339 0.0291196898)
(1.349611156 -0.085806401 -8.734679275e-05)
(1.351380442 -0.08815074711 0.05315607326)
(0.4314959217 -0.01941944952 0.0654913801)
(0.4315650547 -0.01939744813 -0.06549252888)
(-0.03743570337 -0.1028763062 7.968268533e-05)
(-0.03743570337 -0.1028763062 7.968268533e-05)
(-0.03731902976 -0.1028233455 0.0678968767)
(-0.002524533733 -0.1269267815 0.06701141208)
(-0.03731902976 -0.1028233455 0.0678968767)
(-0.002663552194 -0.1268919618 -1.307757613e-06)
(-0.0250818137 -0.07427606556 0.05572569546)
(-0.02570780915 -0.07427050993 -0.0001580958464)
(-0.0384828816 -0.09789639553 -1.084926537e-05)
(-0.03871428703 -0.09803772914 0.06673540064)
(-0.0369777996 -0.09213868451 0.06599532651)
(-0.03717089479 -0.09211495247 8.826959186e-05)
(-0.03744937215 -0.1028928814 -7.374312551e-05)
(-0.03744937215 -0.1028928814 -7.374312551e-05)
(-0.03735974938 -0.1028834748 -0.06790303382)
(-0.00262780693 -0.1269554089 -0.06701836126)
(-0.03735974938 -0.1028834748 -0.06790303382)
(-0.002694588515 -0.1268985218 2.770588623e-06)
(-0.03849476976 -0.0979069387 1.522374216e-05)
(-0.03874584098 -0.09806911607 -0.06673983834)
(-0.03698316792 -0.09215641462 -0.06599989245)
(-0.03717374908 -0.09212221134 -8.599821981e-05)
(-0.02508764856 -0.07428698183 -0.05572628577)
(-0.02570951196 -0.07427438562 0.0001601769944)
(0.6709155701 -0.0224283043 0.06430268747)
(1.245469919 -0.07280900632 -0.05783405514)
(0.6709981703 -0.02241874344 -0.06430876081)
(0.4315955544 -0.0194867769 -3.728737133e-06)
(0.4315955544 -0.0194867769 -3.728737133e-06)
(0.2509296398 -0.04164061943 -2.145773704e-06)
(0.4314959217 -0.01941944952 0.0654913801)
(0.2508966235 -0.04159967502 0.06574932921)
(0.04027767472 -0.09936104046 0.06681729417)
(0.04021977752 -0.09937143918 1.909981567e-05)
(0.1192116185 -0.06835489607 9.987633896e-07)
(0.1191700483 -0.06837708078 0.06636755696)
(0.4316190164 -0.01948058181 1.220266141e-05)
(0.4316190164 -0.01948058181 1.220266141e-05)
(0.2509250964 -0.04164216143 4.409233964e-06)
(0.4315650547 -0.01939744813 -0.06549252888)
(0.2508828402 -0.04160405145 -0.06575180372)
(0.0402373638 -0.09936740208 -0.06681466886)
(0.04020669933 -0.09937130455 -6.596947549e-06)
(0.1192162279 -0.06834634505 3.030182688e-06)
(0.119189087 -0.06834365556 -0.06637151869)
(1.319970692 -0.08286870477 0.05620980619)
(1.350456696 -0.06616160543 -0.02912255256)
(1.349612996 -0.08578880876 8.679685047e-05)
(1.351390685 -0.08811236585 -0.0531538473)
(1.319981124 -0.08285679296 -0.05620785392)
(1.110499727 -0.05487957731 -1.353302715e-05)
(1.110499727 -0.05487957731 -1.353302715e-05)
(1.110616961 -0.05483078839 0.06064936387)
(1.229070451 -0.05900264558 0.05803092477)
(1.319970692 -0.08286870477 0.05620980619)
(1.110616961 -0.05483078839 0.06064936387)
(1.228889231 -0.05740720611 -7.153367006e-05)
(1.245348747 -0.07275377904 5.215791184e-05)
(1.31843693 -0.08266892938 -6.243616355e-05)
(0.6709759343 -0.02253412959 -1.108481108e-05)
(0.9113870135 -0.03618544391 -1.06224461e-05)
(0.9114008352 -0.03604948693 0.0628108311)
(1.110503766 -0.054883856 1.533698964e-05)
(1.245348747 -0.07275377904 5.215791184e-05)
(1.110626768 -0.05484857409 -0.06065114985)
(0.6710038739 -0.02253370485 1.524511872e-05)
(0.9114063889 -0.03619384873 1.140607707e-05)
(0.9114465335 -0.03607316827 -0.06281713669)
(1.351380442 -0.08815074711 0.05315607326)
(1.31843693 -0.08266892938 -6.243616355e-05)
(1.349611156 -0.085806401 -8.734679275e-05)
(1.318438115 -0.08266157763 6.481890844e-05)
(1.351390685 -0.08811236585 -0.0531538473)
(1.349612996 -0.08578880876 8.679685047e-05)
(-0.01059885015 -0.03681736435 0.03138948105)
(-0.005935546543 -0.02145141415 0.01950900665)
(-0.001665533563 -0.007224456851 0.01110345271)
(-0.01060090882 -0.03682270699 -0.03138968896)
(-0.005936689154 -0.02145489477 -0.01950909451)
(-0.00166591174 -0.007225754943 -0.01110350745)
(-0.01076002721 -0.0367079125 -0.0001159343162)
(-0.005955369934 -0.02139100408 -0.0001117035738)
(-0.002160781498 -0.007065912433 -0.0001097920797)
(-0.01076059223 -0.03670973305 0.0001161255307)
(-0.005955698448 -0.02139215328 0.0001118136763)
(-0.002160883454 -0.007066312645 0.0001098512926)
)
;
    }
    procBoundary0to2
    {
        type            processor;
        value           nonuniform List<vector> 
75
(
(0.9999588204 9.472285093e-05 7.44283168e-25)
(0.9996094275 0.000285563166 2.457904014e-23)
(0.9988700753 0.0004827476542 -1.497571021e-24)
(0.997707753 0.000692714556 -2.735300418e-23)
(0.9961102506 0.0009225019583 -1.542519734e-23)
(0.9940403171 0.001180124441 6.143353277e-24)
(0.9914318499 0.001475493071 6.212197418e-24)
(0.9881962597 0.001821398953 -7.047708435e-24)
(0.9842194911 0.002234742318 5.55960222e-23)
(0.9793507479 0.002738386876 -2.907574853e-23)
(0.9733870079 0.003364020972 -1.563808706e-23)
(0.966052864 0.004156672285 -1.675028513e-23)
(0.9569685263 0.005182151697 -8.995797106e-23)
(0.9456057077 0.006540493707 7.206403141e-23)
(0.9311866879 0.008387730151 -6.334475687e-23)
(0.9126260948 0.01098152848 8.85179756e-23)
(0.887998994 0.0147402752 -9.069817241e-22)
(0.855362317 0.0205206425 1.91755479e-21)
(0.807048099 0.02941970182 -4.214264975e-07)
(0.7571053105 0.02409159096 -0.02865783465)
(0.6264492861 0.01691574436 -0.06039383623)
(0.5003164746 0.02933629732 -0.07752546066)
(0.1706322691 0.05915726636 -0.09841833078)
(0.1706342288 0.05915514556 0.09841619544)
(0.2756681835 0.05133302772 -0.09351804555)
(0.5003162249 0.02932910509 0.07752470286)
(0.2756783123 0.0513344705 0.09351586792)
(0.1712678252 0.05891876678 -0.000192727887)
(0.04532286101 0.05499456408 -0.09858447804)
(0.0450295235 0.05474300136 6.781686725e-05)
(0.171268707 0.05891784434 0.0001957203671)
(0.045319288 0.0549921689 0.09858296479)
(0.0450288549 0.05474218775 -6.550677159e-05)
(0.55054528 0.02479160811 -0.07267108614)
(0.6264445029 0.01690542288 0.06039496485)
(0.5505592179 0.02478255666 0.07266977187)
(0.4393727968 0.03507792299 -0.08272026399)
(0.5042608055 0.02922002914 -0.000327058223)
(0.4412947101 0.03497107325 -0.0001741086752)
(0.2759870875 0.05120513239 -9.135537837e-05)
(0.3655780407 0.04238081412 -0.08816108769)
(0.3665844143 0.04227064427 -0.0001068863285)
(0.504261158 0.02921817433 0.0003292012429)
(0.4393694071 0.03507592809 0.08271928785)
(0.4412941994 0.03497037346 0.0001748237545)
(0.2759907794 0.05120519167 9.342463981e-05)
(0.3655831629 0.04238189526 0.0881595346)
(0.3665865243 0.04227073699 0.0001081507573)
(0.7091976594 0.0269191842 -0.03137418312)
(0.7571115986 0.02409417842 0.02865771995)
(0.7091988985 0.02692445337 0.03137412081)
(0.6210855823 0.01832402282 -0.06424331104)
(0.7127464184 0.01999483341 -0.0006266649154)
(0.6517110269 0.01920393345 -0.002961308433)
(0.5582787231 0.02467308602 -0.0007350328507)
(0.5919387095 0.02115777032 -0.06824548189)
(0.6053815252 0.02118360693 -0.00181336175)
(0.7127464621 0.01999345579 0.0006277320776)
(0.6210831451 0.01831785906 0.06424293072)
(0.651711043 0.01920254975 0.002961535885)
(0.5582834302 0.02467058997 0.0007374567088)
(0.5919461474 0.02115084159 0.06824471108)
(0.6053841019 0.02118192269 0.001813922419)
(0.009295834701 0.0235159051 -0.05219694031)
(0.003353819622 0.01366519731 -0.03355575453)
(0.001003041898 0.004474587127 -0.01918859269)
(0.00890887941 0.02337994014 0.0001839586139)
(0.003237906614 0.01356055572 0.0001830843892)
(7.768319168e-05 0.004510008651 0.0001801418353)
(0.009294700241 0.02351432709 0.05219579811)
(0.003353366005 0.01366418453 0.0335549309)
(0.001002940258 0.004474214347 0.01918810807)
(0.008908686897 0.02337938387 -0.0001827386265)
(0.003237831924 0.01356019962 -0.0001822834489)
(7.768981384e-05 0.004509876895 -0.0001796757336)
)
;
    }
}


// ************************************************************************* //
