/*--------------------------------*- C++ -*----------------------------------*\
| =========                 |                                                 |
| \\      /  F ield         | OpenFOAM: The Open Source CFD Toolbox           |
|  \\    /   O peration     | Version:                                        |
|   \\  /    A nd           | Website:  www.openfoam.com                      |
|    \\/     M anipulation  |                                                 |
\*---------------------------------------------------------------------------*/
FoamFile
{
    version     2.0;
    format      ascii;
    class       vectorField;
    location    "constant/polyMesh";
    object      points;
}
// * * * * * * * * * * * * * * * * * * * * * * * * * * * * * * * * * * * * * //


4726
(
(0.6111457976 1.319352483e-05 -0.05)
(0.8132905719 4.182905122e-06 -0.05)
(1.01481699 1.41832499e-06 -0.05)
(1.214991364 9.080620355e-07 -0.05)
(1.414891449 6.692879914e-07 -0.05)
(1.614697878 5.719087354e-07 -0.05)
(1.814452375 5.174919136e-07 -0.05)
(2.014170649 4.834972498e-07 -0.05)
(2.213865572 4.604048417e-07 -0.05)
(2.413547485 4.43174545e-07 -0.05)
(2.613224403 4.291042689e-07 -0.05)
(2.81290229 4.167936019e-07 -0.05)
(3.012585386 4.0554277e-07 -0.05)
(3.212279997 3.951255363e-07 -0.05)
(3.411991609 3.855014565e-07 -0.05)
(3.611721429 3.766003311e-07 -0.05)
(3.811469915 3.683808469e-07 -0.05)
(4.011236985 3.608097885e-07 -0.05)
(4.211022172 3.538542168e-07 -0.05)
(4.410824758 3.474795155e-07 -0.05)
(4.610643861 3.416496557e-07 -0.05)
(4.810478502 3.363280472e-07 -0.05)
(5.010327661 3.31478369e-07 -0.05)
(5.210190306 3.270652066e-07 -0.05)
(5.410065423 3.230544907e-07 -0.05)
(5.609952031 3.194137773e-07 -0.05)
(5.809849191 3.161124133e-07 -0.05)
(6.009756016 3.13121623e-07 -0.05)
(6.209671676 3.104145404e-07 -0.05)
(6.409595394 3.079662006e-07 -0.05)
(6.609526453 3.05753503e-07 -0.05)
(6.80946419 3.037551516e-07 -0.05)
(7.009407996 3.019515793e-07 -0.05)
(7.209357312 3.003248597e-07 -0.05)
(7.409311628 2.988586108e-07 -0.05)
(7.609270478 2.975378944e-07 -0.05)
(7.809233438 2.96349114e-07 -0.05)
(8.009152298 2.937448892e-07 -0.05)
(8.208890804 2.853521783e-07 -0.05)
(8.408629309 2.769594672e-07 -0.05)
(8.608367815 2.685667562e-07 -0.05)
(8.808106321 2.60174045e-07 -0.05)
(9.007844827 2.51781334e-07 -0.05)
(9.207583332 2.433886228e-07 -0.05)
(9.407321838 2.349959116e-07 -0.05)
(9.607060344 2.266032005e-07 -0.05)
(9.80679885 2.182104894e-07 -0.05)
(10.00653736 2.098177783e-07 -0.05)
(10.20627586 2.014250671e-07 -0.05)
(10.40601437 1.93032356e-07 -0.05)
(10.60575287 1.846396449e-07 -0.05)
(10.80549138 1.762469338e-07 -0.05)
(11.00522988 1.678542226e-07 -0.05)
(11.20496839 1.594615116e-07 -0.05)
(11.4047069 1.510688003e-07 -0.05)
(11.6044454 1.426760892e-07 -0.05)
(11.80418391 1.342833782e-07 -0.05)
(12.00392241 1.25890667e-07 -0.05)
(12.20366092 1.174979558e-07 -0.05)
(12.40339942 1.091052446e-07 -0.05)
(12.60313793 1.007125336e-07 -0.05)
(12.80287644 9.231982246e-08 -0.05)
(13.00261494 8.392711129e-08 -0.05)
(13.20235345 7.553440012e-08 -0.05)
(13.40209195 6.71416891e-08 -0.05)
(13.60183046 5.874897794e-08 -0.05)
(13.80156897 5.035626671e-08 -0.05)
(14.00130747 4.196355569e-08 -0.05)
(14.20104598 3.357084452e-08 -0.05)
(14.40078448 2.517813336e-08 -0.05)
(14.60052299 1.678337478e-08 -0.05)
(14.80026149 8.368847098e-09 -0.05)
(15 -1.480348211e-31 -0.05)
(0.6111355749 0.2039030933 -0.05)
(0.8130991065 0.203880929 -0.05)
(1.014508596 0.2031242439 -0.05)
(1.214678624 0.2026090974 -0.05)
(1.414583941 0.2023730553 -0.05)
(1.614384473 0.2022645036 -0.05)
(1.814128359 0.2022196762 -0.05)
(2.01384245 0.2021716583 -0.05)
(2.213542209 0.202122036 -0.05)
(2.413238238 0.2020713972 -0.05)
(2.612938409 0.2020216898 -0.05)
(2.812648439 0.2019740682 -0.05)
(3.012372199 0.2019291688 -0.05)
(3.212112074 0.2018872938 -0.05)
(3.4118693 0.201848533 -0.05)
(3.611644262 0.2018128445 -0.05)
(3.811436742 0.2017801073 -0.05)
(4.011258972 0.2017521561 -0.05)
(4.211046208 0.2017188667 -0.05)
(4.410849857 0.2016882012 -0.05)
(4.610669155 0.2016600156 -0.05)
(4.810503239 0.2016341588 -0.05)
(5.010351194 0.2016104778 -0.05)
(5.210212092 0.2015888212 -0.05)
(5.410085011 0.2015690413 -0.05)
(5.609969055 0.201550996 -0.05)
(5.809863362 0.2015345495 -0.05)
(6.009767112 0.2015195734 -0.05)
(6.209679533 0.2015059471 -0.05)
(6.409599901 0.2014935574 -0.05)
(6.609527541 0.2014822994 -0.05)
(6.809461827 0.2014720755 -0.05)
(7.009402181 0.2014627955 -0.05)
(7.209348068 0.2014543766 -0.05)
(7.409298999 0.2014467425 -0.05)
(7.609254526 0.2014398234 -0.05)
(7.809214238 0.2014335552 -0.05)
(8.009036921 0.2014059682 -0.05)
(8.208778735 0.2013657995 -0.05)
(8.408520547 0.2013256306 -0.05)
(8.608262359 0.2012854615 -0.05)
(8.808004169 0.2012452922 -0.05)
(9.007745978 0.2012051228 -0.05)
(9.207487787 0.2011649532 -0.05)
(9.407229594 0.2011247835 -0.05)
(9.606971401 0.2010846137 -0.05)
(9.806713207 0.2010444437 -0.05)
(10.00645501 0.2010042737 -0.05)
(10.20619682 0.2009641035 -0.05)
(10.40593862 0.2009239333 -0.05)
(10.60568042 0.2008837629 -0.05)
(10.80542223 0.2008435925 -0.05)
(11.00516403 0.200803422 -0.05)
(11.20490583 0.2007632514 -0.05)
(11.40464763 0.2007230807 -0.05)
(11.60438943 0.20068291 -0.05)
(11.80413123 0.2006427392 -0.05)
(12.00387303 0.2006025684 -0.05)
(12.20361483 0.2005623975 -0.05)
(12.40335663 0.2005222265 -0.05)
(12.60309843 0.2004820555 -0.05)
(12.80284023 0.2004418844 -0.05)
(13.00258203 0.2004017133 -0.05)
(13.20232383 0.2003615421 -0.05)
(13.40206563 0.2003213709 -0.05)
(13.60180742 0.2002811997 -0.05)
(13.80154922 0.2002410284 -0.05)
(14.00129102 0.2002008571 -0.05)
(14.20103281 0.2001606857 -0.05)
(14.40077461 0.2001205144 -0.05)
(14.60051641 0.2000803313 -0.05)
(14.80025823 0.2000400174 -0.05)
(15 0.2 -0.05)
(0.6100275558 0.4055365209 -0.05)
(0.8124914861 0.4064588093 -0.05)
(1.013159869 0.4065659463 -0.05)
(1.214255899 0.4038216875 -0.05)
(1.414195199 0.4034820404 -0.05)
(1.614094028 0.4029018351 -0.05)
(1.81385009 0.4027438542 -0.05)
(2.013568133 0.4026358194 -0.05)
(2.213264461 0.4025774747 -0.05)
(2.412959145 0.4025191953 -0.05)
(2.612659797 0.4024620959 -0.05)
(2.812372032 0.4024061415 -0.05)
(3.012099308 0.4023526886 -0.05)
(3.211843695 0.4023024722 -0.05)
(3.411606181 0.4022558281 -0.05)
(3.611386955 0.4022128398 -0.05)
(3.811185643 0.402173436 -0.05)
(4.011001491 0.402137454 -0.05)
(4.210833516 0.4021046824 -0.05)
(4.41068061 0.4020748867 -0.05)
(4.610541615 0.4020478271 -0.05)
(4.810415379 0.4020232685 -0.05)
(5.010300789 0.4020009866 -0.05)
(5.210196791 0.4019807712 -0.05)
(5.410102401 0.4019624278 -0.05)
(5.610037404 0.4019497974 -0.05)
(5.8099289 0.4019287176 -0.05)
(6.009829624 0.4019094317 -0.05)
(6.209738861 0.4018917999 -0.05)
(6.409655933 0.4018756906 -0.05)
(6.609580208 0.4018609805 -0.05)
(6.809511094 0.4018475548 -0.05)
(7.009448042 0.4018353067 -0.05)
(7.209390543 0.4018241374 -0.05)
(7.409338128 0.4018139556 -0.05)
(7.609290364 0.4018046773 -0.05)
(7.809230754 0.4017930979 -0.05)
(8.008974449 0.40174331 -0.05)
(8.208718132 0.4016935198 -0.05)
(8.408461805 0.4016437276 -0.05)
(8.608205469 0.4015939336 -0.05)
(8.807949123 0.4015441378 -0.05)
(9.00769277 0.4014943405 -0.05)
(9.207436408 0.4014445416 -0.05)
(9.407180039 0.4013947413 -0.05)
(9.606923664 0.4013449397 -0.05)
(9.806667282 0.4012951369 -0.05)
(10.00641089 0.4012453329 -0.05)
(10.2061545 0.4011955279 -0.05)
(10.4058981 0.4011457218 -0.05)
(10.6056417 0.4010959149 -0.05)
(10.80538529 0.401046107 -0.05)
(11.00512888 0.4009962982 -0.05)
(11.20487246 0.4009464887 -0.05)
(11.40461604 0.4008966784 -0.05)
(11.60435962 0.4008468674 -0.05)
(11.80410319 0.4007970557 -0.05)
(12.00384676 0.4007472434 -0.05)
(12.20359033 0.4006974305 -0.05)
(12.40333389 0.400647617 -0.05)
(12.60307745 0.400597803 -0.05)
(12.80282101 0.4005479884 -0.05)
(13.00256456 0.4004981734 -0.05)
(13.20230812 0.4004483578 -0.05)
(13.40205167 0.4003985418 -0.05)
(13.60179522 0.4003487254 -0.05)
(13.80153876 0.4002989086 -0.05)
(14.00128231 0.4002490914 -0.05)
(14.20102585 0.4001992738 -0.05)
(14.40076939 0.4001494559 -0.05)
(14.60051293 0.4000996376 -0.05)
(14.80025647 0.4000498004 -0.05)
(15 0.4 -0.05)
(0.6094429418 0.6086486374 -0.05)
(0.8108640303 0.6092290708 -0.05)
(1.012533399 0.6074309214 -0.05)
(1.212935998 0.6066890419 -0.05)
(1.41320071 0.6057242676 -0.05)
(1.613542103 0.6040675714 -0.05)
(1.813454714 0.6033771801 -0.05)
(2.013284845 0.6027916699 -0.05)
(2.21300405 0.6026238722 -0.05)
(2.412711392 0.6025124744 -0.05)
(2.612416062 0.602453229 -0.05)
(2.812132976 0.6023982226 -0.05)
(3.011865658 0.6023469552 -0.05)
(3.211616287 0.6022983643 -0.05)
(3.411385606 0.6022530252 -0.05)
(3.611173613 0.6022111702 -0.05)
(3.810979781 0.6021728163 -0.05)
(4.010803236 0.6021378506 -0.05)
(4.210642899 0.6021060864 -0.05)
(4.410497583 0.6020772994 -0.05)
(4.610366069 0.6020512514 -0.05)
(4.810247157 0.6020277041 -0.05)
(5.010139694 0.6020064282 -0.05)
(5.210042597 0.6019872078 -0.05)
(5.409954864 0.6019698429 -0.05)
(5.609875572 0.6019541501 -0.05)
(5.809803883 0.6019399628 -0.05)
(6.009739034 0.6019271299 -0.05)
(6.209680342 0.6019155154 -0.05)
(6.409627187 0.601904997 -0.05)
(6.609579015 0.6018954648 -0.05)
(6.80953533 0.6018868204 -0.05)
(7.009495685 0.6018789756 -0.05)
(7.209482559 0.6018763783 -0.05)
(7.409426964 0.6018653774 -0.05)
(7.609376063 0.6018553052 -0.05)
(7.809217418 0.601823913 -0.05)
(8.008961664 0.6017733052 -0.05)
(8.208705879 0.6017226914 -0.05)
(8.408450066 0.6016720719 -0.05)
(8.608194227 0.6016214473 -0.05)
(8.807938364 0.6015708179 -0.05)
(9.007682478 0.6015201839 -0.05)
(9.20742657 0.6014695458 -0.05)
(9.407170644 0.6014189039 -0.05)
(9.606914698 0.6013682582 -0.05)
(9.806658736 0.6013176092 -0.05)
(10.00640276 0.601266957 -0.05)
(10.20614676 0.6012163018 -0.05)
(10.40589076 0.6011656437 -0.05)
(10.60563473 0.6011149831 -0.05)
(10.8053787 0.6010643199 -0.05)
(11.00512265 0.6010136544 -0.05)
(11.2048666 0.6009629867 -0.05)
(11.40461053 0.6009123168 -0.05)
(11.60435445 0.600861645 -0.05)
(11.80409837 0.6008109713 -0.05)
(12.00384227 0.6007602959 -0.05)
(12.20358616 0.6007096187 -0.05)
(12.40333005 0.6006589399 -0.05)
(12.60307393 0.6006082596 -0.05)
(12.8028178 0.6005575779 -0.05)
(13.00256167 0.6005068948 -0.05)
(13.20230553 0.6004562103 -0.05)
(13.40204938 0.6004055246 -0.05)
(13.60179323 0.6003548377 -0.05)
(13.80153707 0.6003041497 -0.05)
(14.0012809 0.6002534605 -0.05)
(14.20102473 0.6002027703 -0.05)
(14.40076855 0.6001520792 -0.05)
(14.60051237 0.600101387 -0.05)
(14.80025619 0.6000506939 -0.05)
(15 0.6 -0.05)
(0.6091762934 0.8108010261 -0.05)
(0.8105229971 0.8098724053 -0.05)
(1.010935234 0.809419306 -0.05)
(1.211440954 0.8086051889 -0.05)
(1.41202089 0.8074321783 -0.05)
(1.61229737 0.8064427286 -0.05)
(1.812464935 0.805421595 -0.05)
(2.012698633 0.8038444399 -0.05)
(2.212571152 0.8031776449 -0.05)
(2.412391511 0.8026209439 -0.05)
(2.612126264 0.8024566067 -0.05)
(2.811862581 0.8023502758 -0.05)
(3.011605554 0.8022961514 -0.05)
(3.211366139 0.8022484654 -0.05)
(3.411145298 0.8022057205 -0.05)
(3.610943259 0.8021662314 -0.05)
(3.810759363 0.8021300804 -0.05)
(4.010592637 0.8020971944 -0.05)
(4.210441922 0.8020674102 -0.05)
(4.410305974 0.8020405162 -0.05)
(4.610183531 0.8020162807 -0.05)
(4.810073359 0.8019944686 -0.05)
(5.009974286 0.8019748517 -0.05)
(5.209885217 0.8019572149 -0.05)
(5.40980514 0.8019413589 -0.05)
(5.609733133 0.8019271011 -0.05)
(5.809668363 0.8019142762 -0.05)
(6.009610074 0.8019027349 -0.05)
(6.20955759 0.8018923433 -0.05)
(6.409510307 0.8018829814 -0.05)
(6.609467683 0.8018745421 -0.05)
(6.809429236 0.8018669296 -0.05)
(7.009394534 0.8018600588 -0.05)
(7.209363194 0.8018538537 -0.05)
(7.409334874 0.8018482465 -0.05)
(7.609309268 0.8018431768 -0.05)
(7.809206761 0.801822881 -0.05)
(8.008951571 0.801772355 -0.05)
(8.208696322 0.8017218172 -0.05)
(8.408441018 0.8016712686 -0.05)
(8.608185663 0.8016207099 -0.05)
(8.807930261 0.8015701419 -0.05)
(9.007674815 0.8015195652 -0.05)
(9.207419328 0.8014689804 -0.05)
(9.407163803 0.8014183881 -0.05)
(9.606908242 0.8013677887 -0.05)
(9.806652648 0.8013171827 -0.05)
(10.00639702 0.8012665705 -0.05)
(10.20614137 0.8012159525 -0.05)
(10.40588569 0.801165329 -0.05)
(10.60562998 0.8011147005 -0.05)
(10.80537425 0.801064067 -0.05)
(11.00511849 0.801013429 -0.05)
(11.20486271 0.8009627867 -0.05)
(11.40460692 0.8009121403 -0.05)
(11.6043511 0.8008614901 -0.05)
(11.80409526 0.8008108362 -0.05)
(12.00383941 0.8007601788 -0.05)
(12.20358354 0.8007095182 -0.05)
(12.40332765 0.8006588544 -0.05)
(12.60307175 0.8006081877 -0.05)
(12.80281584 0.8005575182 -0.05)
(13.00255991 0.8005068459 -0.05)
(13.20230397 0.8004561711 -0.05)
(13.40204801 0.8004054939 -0.05)
(13.60179205 0.8003548143 -0.05)
(13.80153607 0.8003041325 -0.05)
(14.00128008 0.8002534485 -0.05)
(14.20102409 0.8002027626 -0.05)
(14.40076808 0.8001520746 -0.05)
(14.60051206 0.8001013849 -0.05)
(14.80025603 0.8000506933 -0.05)
(15 0.8 -0.05)
(0.406442602 1.012910318 -0.05)
(0.6073212563 1.012350444 -0.05)
(0.8094421658 1.010751273 -0.05)
(1.010334666 1.009758975 -0.05)
(1.210621582 1.009179944 -0.05)
(1.410759383 1.008652839 -0.05)
(1.6108429 1.008097324 -0.05)
(1.81127845 1.00697684 -0.05)
(2.011473587 1.006016522 -0.05)
(2.211594078 1.005050909 -0.05)
(2.411792329 1.003587676 -0.05)
(2.611675928 1.002964804 -0.05)
(2.811523564 1.002447408 -0.05)
(3.011300623 1.002295297 -0.05)
(3.211084587 1.002199508 -0.05)
(3.410878283 1.002152083 -0.05)
(3.610689068 1.002115429 -0.05)
(3.810517702 1.002081945 -0.05)
(4.01036313 1.002051582 -0.05)
(4.210224136 1.002024189 -0.05)
(4.410099434 1.001999564 -0.05)
(4.609987739 1.001977482 -0.05)
(4.809887802 1.001957711 -0.05)
(5.009798449 1.001940027 -0.05)
(5.209718586 1.001924217 -0.05)
(5.409647212 1.001910087 -0.05)
(5.609583419 1.001897457 -0.05)
(5.809526388 1.001886165 -0.05)
(6.009475386 1.001876067 -0.05)
(6.209429755 1.001867032 -0.05)
(6.409388913 1.001858946 -0.05)
(6.609352341 1.001851705 -0.05)
(6.809319578 1.001845218 -0.05)
(7.009290214 1.001839404 -0.05)
(7.209263887 1.001834192 -0.05)
(7.409240276 1.001829517 -0.05)
(7.609219095 1.001825323 -0.05)
(7.809192927 1.001820142 -0.05)
(8.008938473 1.001769762 -0.05)
(8.208683923 1.001719362 -0.05)
(8.408429282 1.001668945 -0.05)
(8.608174559 1.001618512 -0.05)
(8.807919759 1.001568063 -0.05)
(9.007664887 1.0015176 -0.05)
(9.207409949 1.001467123 -0.05)
(9.407154948 1.001416635 -0.05)
(9.606899889 1.001366135 -0.05)
(9.806644775 1.001315624 -0.05)
(10.00638961 1.001265103 -0.05)
(10.2061344 1.001214572 -0.05)
(10.40587914 1.001164033 -0.05)
(10.60562384 1.001113485 -0.05)
(10.8053685 1.001062929 -0.05)
(11.00511312 1.001012365 -0.05)
(11.2048577 1.000961795 -0.05)
(11.40460226 1.000911218 -0.05)
(11.60434678 1.000860634 -0.05)
(11.80409127 1.000810045 -0.05)
(12.00383573 1.00075945 -0.05)
(12.20358016 1.000708849 -0.05)
(12.40332457 1.000658244 -0.05)
(12.60306895 1.000607633 -0.05)
(12.80281331 1.000557018 -0.05)
(13.00255765 1.000506398 -0.05)
(13.20230196 1.000455775 -0.05)
(13.40204626 1.000405147 -0.05)
(13.60179054 1.000354515 -0.05)
(13.8015348 1.00030388 -0.05)
(14.00127904 1.000253241 -0.05)
(14.20102326 1.000202599 -0.05)
(14.40076747 1.000151954 -0.05)
(14.60051166 1.000101305 -0.05)
(14.80025584 1.000050654 -0.05)
(15 1 -0.05)
(0.4036945051 1.213797579 -0.05)
(0.6065103778 1.212585896 -0.05)
(0.80849174 1.21115867 -0.05)
(1.009442192 1.210168489 -0.05)
(1.209959966 1.209361096 -0.05)
(1.41013047 1.208824856 -0.05)
(1.610023239 1.208532118 -0.05)
(1.810029903 1.208053832 -0.05)
(2.010063435 1.207502337 -0.05)
(2.21043997 1.206455553 -0.05)
(2.410613583 1.205567121 -0.05)
(2.61073279 1.204680036 -0.05)
(2.81093353 1.203335121 -0.05)
(3.010853004 1.202762555 -0.05)
(3.210745938 1.20228138 -0.05)
(3.4105831 1.202104644 -0.05)
(3.610411707 1.202060211 -0.05)
(3.810255416 1.202029825 -0.05)
(4.010115296 1.202002396 -0.05)
(4.209990086 1.201977778 -0.05)
(4.40987848 1.201955775 -0.05)
(4.60977918 1.201936164 -0.05)
(4.809690945 1.20191872 -0.05)
(5.009612611 1.201903224 -0.05)
(5.209543105 1.201889469 -0.05)
(5.409481451 1.201877265 -0.05)
(5.609426768 1.20186644 -0.05)
(5.809378268 1.201856838 -0.05)
(6.009335248 1.20184832 -0.05)
(6.209297084 1.201840764 -0.05)
(6.409263224 1.20183406 -0.05)
(6.60923318 1.201828112 -0.05)
(6.809206521 1.201822833 -0.05)
(7.009182866 1.20181815 -0.05)
(7.20916188 1.201813995 -0.05)
(7.409143267 1.20181031 -0.05)
(7.609126766 1.201807042 -0.05)
(7.809112145 1.201804148 -0.05)
(8.008922225 1.201766545 -0.05)
(8.208668538 1.201716316 -0.05)
(8.408414718 1.201666061 -0.05)
(8.608160776 1.201615783 -0.05)
(8.807906721 1.201565481 -0.05)
(9.00765256 1.201515159 -0.05)
(9.2073983 1.201464817 -0.05)
(9.407143948 1.201414457 -0.05)
(9.60688951 1.20136408 -0.05)
(9.806634991 1.201313687 -0.05)
(10.0063804 1.201263278 -0.05)
(10.20612573 1.201212856 -0.05)
(10.405871 1.201162421 -0.05)
(10.6056162 1.201111973 -0.05)
(10.80536135 1.201061513 -0.05)
(11.00510644 1.201011043 -0.05)
(11.20485147 1.200960561 -0.05)
(11.40459646 1.20091007 -0.05)
(11.6043414 1.20085957 -0.05)
(11.80408629 1.20080906 -0.05)
(12.00383114 1.200758543 -0.05)
(12.20357596 1.200708017 -0.05)
(12.40332073 1.200657484 -0.05)
(12.60306547 1.200606943 -0.05)
(12.80281017 1.200556395 -0.05)
(13.00255484 1.200505841 -0.05)
(13.20229947 1.200455281 -0.05)
(13.40204408 1.200404715 -0.05)
(13.60178866 1.200354143 -0.05)
(13.80153321 1.200303566 -0.05)
(14.00127773 1.200252983 -0.05)
(14.20102223 1.200202396 -0.05)
(14.40076671 1.200151803 -0.05)
(14.60051116 1.200101207 -0.05)
(14.80025559 1.200050605 -0.05)
(15 1.2 -0.05)
(0.403307682 1.413500261 -0.05)
(0.6054763737 1.412632947 -0.05)
(0.8071732489 1.411587108 -0.05)
(1.008513663 1.41039881 -0.05)
(1.209099109 1.409611705 -0.05)
(1.409610636 1.408736969 -0.05)
(1.609601986 1.408349281 -0.05)
(1.809423218 1.408114018 -0.05)
(2.009247014 1.407861073 -0.05)
(2.209239851 1.407409381 -0.05)
(2.409274504 1.406904628 -0.05)
(2.609632641 1.405953946 -0.05)
(2.809815006 1.405148734 -0.05)
(3.009958055 1.404338094 -0.05)
(3.21020509 1.403018332 -0.05)
(3.410237392 1.402178437 -0.05)
(3.610111115 1.402007854 -0.05)
(3.809973736 1.401973957 -0.05)
(4.00985028 1.401949861 -0.05)
(4.209740846 1.40192839 -0.05)
(4.409644116 1.401909347 -0.05)
(4.609558799 1.401892515 -0.05)
(4.809483672 1.401877673 -0.05)
(5.009417602 1.401864608 -0.05)
(5.20935955 1.401853123 -0.05)
(5.40930858 1.401843036 -0.05)
(5.609263855 1.401834183 -0.05)
(5.809224629 1.401826418 -0.05)
(6.009190244 1.40181961 -0.05)
(6.209160119 1.401813646 -0.05)
(6.409133742 1.401808424 -0.05)
(6.609110666 1.401803855 -0.05)
(6.809090497 1.401799861 -0.05)
(7.009072889 1.401796375 -0.05)
(7.209057541 1.401793336 -0.05)
(7.409044188 1.401790692 -0.05)
(7.609032596 1.401788397 -0.05)
(7.809022562 1.401786411 -0.05)
(8.008902895 1.401762717 -0.05)
(8.208650229 1.401712691 -0.05)
(8.408397382 1.401662629 -0.05)
(8.608144366 1.401612533 -0.05)
(8.807891193 1.401562407 -0.05)
(9.007637875 1.401512251 -0.05)
(9.20738442 1.401462069 -0.05)
(9.407130839 1.401411861 -0.05)
(9.606877139 1.40136163 -0.05)
(9.806623327 1.401311377 -0.05)
(10.00636941 1.401261103 -0.05)
(10.2061154 1.40121081 -0.05)
(10.40586129 1.401160498 -0.05)
(10.60560709 1.40111017 -0.05)
(10.80535282 1.401059825 -0.05)
(11.00509847 1.401009464 -0.05)
(11.20484404 1.400959089 -0.05)
(11.40458954 1.400908701 -0.05)
(11.60433498 1.400858299 -0.05)
(11.80408036 1.400807885 -0.05)
(12.00382568 1.40075746 -0.05)
(12.20357094 1.400707023 -0.05)
(12.40331614 1.400656576 -0.05)
(12.6030613 1.400606119 -0.05)
(12.80280641 1.400555652 -0.05)
(13.00255148 1.400505176 -0.05)
(13.2022965 1.400454692 -0.05)
(13.40204147 1.400404199 -0.05)
(13.60178641 1.400353698 -0.05)
(13.80153131 1.40030319 -0.05)
(14.00127618 1.400252675 -0.05)
(14.201021 1.400202152 -0.05)
(14.4007658 1.400151624 -0.05)
(14.60051056 1.400101088 -0.05)
(14.8002553 1.400050547 -0.05)
(15 1.4 -0.05)
(0.4026963535 1.613115943 -0.05)
(0.6038071641 1.612691322 -0.05)
(0.806090862 1.611624475 -0.05)
(1.00775995 1.610329611 -0.05)
(1.208497715 1.609472436 -0.05)
(1.409057973 1.608578611 -0.05)
(1.609195552 1.60805612 -0.05)
(1.809033168 1.60782491 -0.05)
(2.00882084 1.607639788 -0.05)
(2.208636682 1.607433524 -0.05)
(2.408486573 1.607207369 -0.05)
(2.608499044 1.606808628 -0.05)
(2.808558319 1.606364152 -0.05)
(3.008944803 1.605469426 -0.05)
(3.209327095 1.60438009 -0.05)
(3.409782968 1.602589017 -0.05)
(3.60978058 1.602000212 -0.05)
(3.809673349 1.60191912 -0.05)
(4.009569538 1.601894258 -0.05)
(4.209477765 1.601876288 -0.05)
(4.409397596 1.601860528 -0.05)
(4.609327759 1.601846764 -0.05)
(4.809267065 1.601834782 -0.05)
(5.009214423 1.601824377 -0.05)
(5.209168847 1.601815364 -0.05)
(5.409129457 1.60180757 -0.05)
(5.609095472 1.601800844 -0.05)
(5.809066203 1.60179505 -0.05)
(6.009041047 1.60179007 -0.05)
(6.209019479 1.6017858 -0.05)
(6.409001037 1.601782149 -0.05)
(6.608985322 1.601779037 -0.05)
(6.808971986 1.601776397 -0.05)
(7.008960725 1.601774167 -0.05)
(7.208951277 1.601772297 -0.05)
(7.408943411 1.601770739 -0.05)
(7.608936929 1.601769456 -0.05)
(7.808931657 1.601768412 -0.05)
(8.008880563 1.601758296 -0.05)
(8.208629069 1.601708502 -0.05)
(8.408377338 1.60165866 -0.05)
(8.608125387 1.601608776 -0.05)
(8.80787323 1.60155885 -0.05)
(9.007620883 1.601508887 -0.05)
(9.207368356 1.601458888 -0.05)
(9.407115663 1.601408857 -0.05)
(9.606862814 1.601358794 -0.05)
(9.806609818 1.601308703 -0.05)
(10.00635668 1.601258584 -0.05)
(10.20610342 1.601208439 -0.05)
(10.40585004 1.601158271 -0.05)
(10.60559654 1.60110808 -0.05)
(10.80534293 1.601057867 -0.05)
(11.00508922 1.601007634 -0.05)
(11.20483542 1.600957382 -0.05)
(11.40458152 1.600907112 -0.05)
(11.60432754 1.600856825 -0.05)
(11.80407347 1.600806522 -0.05)
(12.00381933 1.600756203 -0.05)
(12.20356511 1.60070587 -0.05)
(12.40331083 1.600655523 -0.05)
(12.60305647 1.600605162 -0.05)
(12.80280205 1.600554789 -0.05)
(13.00254757 1.600504404 -0.05)
(13.20229304 1.600454007 -0.05)
(13.40203845 1.6004036 -0.05)
(13.6017838 1.600353182 -0.05)
(13.80152911 1.600302754 -0.05)
(14.00127437 1.600252317 -0.05)
(14.20101958 1.60020187 -0.05)
(14.40076475 1.600151415 -0.05)
(14.60050987 1.600100951 -0.05)
(14.80025495 1.600050479 -0.05)
(15 1.6 -0.05)
(0.4024845061 1.812555525 -0.05)
(0.6030816421 1.812297277 -0.05)
(0.8050003154 1.811500052 -0.05)
(1.006510664 1.81051601 -0.05)
(1.207674951 1.809419838 -0.05)
(1.408201305 1.808666761 -0.05)
(1.608636768 1.807853074 -0.05)
(1.808616552 1.807491052 -0.05)
(2.0084325 1.807303833 -0.05)
(2.208240903 1.807140026 -0.05)
(2.408062896 1.806982751 -0.05)
(2.607919465 1.806812636 -0.05)
(2.807813224 1.806628888 -0.05)
(3.007887834 1.806254251 -0.05)
(3.20822494 1.805521682 -0.05)
(3.409142221 1.803394685 -0.05)
(3.60939103 1.80217259 -0.05)
(3.809341077 1.801939658 -0.05)
(4.009272674 1.801846718 -0.05)
(4.209202459 1.801821785 -0.05)
(4.409140413 1.801809609 -0.05)
(4.609087439 1.801799182 -0.05)
(4.809042393 1.801790297 -0.05)
(5.009004243 1.801782763 -0.05)
(5.208972072 1.801776403 -0.05)
(5.408945067 1.801771062 -0.05)
(5.60892252 1.8017666 -0.05)
(5.808903814 1.801762898 -0.05)
(6.008888413 1.801759849 -0.05)
(6.208875854 1.801757363 -0.05)
(6.40886574 1.801755361 -0.05)
(6.608857725 1.801753774 -0.05)
(6.808851515 1.801752545 -0.05)
(7.008846855 1.801751622 -0.05)
(7.208843527 1.801750963 -0.05)
(7.40884134 1.80175053 -0.05)
(7.608840134 1.801750291 -0.05)
(7.808839768 1.801750219 -0.05)
(8.008855316 1.801753297 -0.05)
(8.208605139 1.801703764 -0.05)
(8.408354663 1.801654171 -0.05)
(8.608103909 1.801604523 -0.05)
(8.807852896 1.801554824 -0.05)
(9.007601641 1.801505077 -0.05)
(9.207350161 1.801455286 -0.05)
(9.407098469 1.801405452 -0.05)
(9.60684658 1.80135558 -0.05)
(9.806594505 1.801305671 -0.05)
(10.00634226 1.801255727 -0.05)
(10.20608984 1.801205751 -0.05)
(10.40583728 1.801155744 -0.05)
(10.60558456 1.801105709 -0.05)
(10.80533171 1.801055646 -0.05)
(11.00507873 1.801005557 -0.05)
(11.20482563 1.800955445 -0.05)
(11.40457241 1.800905309 -0.05)
(11.60431909 1.800855152 -0.05)
(11.80406565 1.800804974 -0.05)
(12.00381212 1.800754776 -0.05)
(12.2035585 1.80070456 -0.05)
(12.40330478 1.800654326 -0.05)
(12.60305098 1.800604075 -0.05)
(12.8027971 1.800553808 -0.05)
(13.00254314 1.800503526 -0.05)
(13.20228911 1.800453229 -0.05)
(13.40203501 1.800402919 -0.05)
(13.60178084 1.800352595 -0.05)
(13.8015266 1.800302258 -0.05)
(14.00127231 1.800251909 -0.05)
(14.20101796 1.800201549 -0.05)
(14.40076355 1.800151177 -0.05)
(14.60050908 1.800100795 -0.05)
(14.80025457 1.800050402 -0.05)
(15 1.8 -0.05)
(0.4023140304 2.011920647 -0.05)
(0.6024704707 2.011779791 -0.05)
(0.8034381612 2.011370622 -0.05)
(1.00545217 2.010395895 -0.05)
(1.206912904 2.009220241 -0.05)
(1.407555625 2.008434588 -0.05)
(1.608036734 2.007621989 -0.05)
(1.808152644 2.007146281 -0.05)
(2.008014151 2.006940824 -0.05)
(2.207842037 2.006792276 -0.05)
(2.407681099 2.006655538 -0.05)
(2.607535882 2.006529235 -0.05)
(2.807407708 2.006413665 -0.05)
(3.007318596 2.00628344 -0.05)
(3.207353859 2.00603427 -0.05)
(3.407947429 2.005015355 -0.05)
(3.608678571 2.003283763 -0.05)
(3.808829895 2.00260008 -0.05)
(4.008923951 2.001985449 -0.05)
(4.208913167 2.001783465 -0.05)
(4.408874288 2.001756928 -0.05)
(4.608839419 2.00175008 -0.05)
(4.808811105 2.001744506 -0.05)
(5.008788389 2.001740026 -0.05)
(5.208770433 2.00173648 -0.05)
(5.408756514 2.001733729 -0.05)
(5.608746007 2.001731652 -0.05)
(5.808738378 2.001730143 -0.05)
(6.008733172 2.001729113 -0.05)
(6.208730001 2.001728485 -0.05)
(6.408728537 2.001728195 -0.05)
(6.6087285 2.001728188 -0.05)
(6.808729653 2.001728417 -0.05)
(7.008731797 2.001728841 -0.05)
(7.208734762 2.001729428 -0.05)
(7.408738405 2.001730149 -0.05)
(7.608742603 2.00173098 -0.05)
(7.808747253 2.001731901 -0.05)
(8.008752268 2.001732894 -0.05)
(8.208578531 2.001698495 -0.05)
(8.40832944 2.001649177 -0.05)
(8.608080009 2.001599791 -0.05)
(8.80783026 2.001550342 -0.05)
(9.007580215 2.001500835 -0.05)
(9.207329892 2.001451273 -0.05)
(9.407079311 2.001401659 -0.05)
(9.606828486 2.001351997 -0.05)
(9.806577433 2.001302291 -0.05)
(10.00632617 2.001252541 -0.05)
(10.2060747 2.001202752 -0.05)
(10.40582304 2.001152925 -0.05)
(10.6055712 2.001103063 -0.05)
(10.80531919 2.001053167 -0.05)
(11.00506702 2.001003239 -0.05)
(11.20481471 2.000953282 -0.05)
(11.40456224 2.000903296 -0.05)
(11.60430965 2.000853283 -0.05)
(11.80405692 2.000803244 -0.05)
(12.00380407 2.000753182 -0.05)
(12.2035511 2.000703096 -0.05)
(12.40329803 2.000652989 -0.05)
(12.60304485 2.00060286 -0.05)
(12.80279156 2.000552712 -0.05)
(13.00253819 2.000502545 -0.05)
(13.20228472 2.00045236 -0.05)
(13.40203116 2.000402157 -0.05)
(13.60177752 2.000351938 -0.05)
(13.8015238 2.000301704 -0.05)
(14.00127001 2.000251454 -0.05)
(14.20101614 2.00020119 -0.05)
(14.4007622 2.000150911 -0.05)
(14.6005082 2.00010062 -0.05)
(14.80025413 2.000050316 -0.05)
(15 2 -0.05)
(0.4021808837 2.211227429 -0.05)
(0.6022397225 2.211118649 -0.05)
(0.8027415963 2.210862889 -0.05)
(1.00441745 2.210142907 -0.05)
(1.205729861 2.209258561 -0.05)
(1.406736558 2.208280744 -0.05)
(1.607191069 2.207608735 -0.05)
(1.807563874 2.206885827 -0.05)
(2.00755515 2.206571404 -0.05)
(2.207417471 2.206423745 -0.05)
(2.407278715 2.206305098 -0.05)
(2.607155117 2.206199378 -0.05)
(2.807047297 2.206106554 -0.05)
(3.006955442 2.206025622 -0.05)
(3.206887461 2.205945604 -0.05)
(3.40694764 2.205739948 -0.05)
(3.607260863 2.205216614 -0.05)
(3.807583507 2.204624706 -0.05)
(4.008294127 2.202998907 -0.05)
(4.208566539 2.201970382 -0.05)
(4.408597149 2.201722974 -0.05)
(4.60858498 2.201702296 -0.05)
(4.808574821 2.201697727 -0.05)
(5.008568333 2.201696458 -0.05)
(5.208565271 2.20169586 -0.05)
(5.408565011 2.201695813 -0.05)
(5.608567029 2.201696215 -0.05)
(5.808570889 2.201696981 -0.05)
(6.008576224 2.201698038 -0.05)
(6.208582733 2.201699327 -0.05)
(6.408590165 2.201700799 -0.05)
(6.608598312 2.201702412 -0.05)
(6.808607003 2.201704133 -0.05)
(7.008616098 2.201705933 -0.05)
(7.208625481 2.201707791 -0.05)
(7.408635055 2.201709687 -0.05)
(7.608644745 2.201711605 -0.05)
(7.808654485 2.201713534 -0.05)
(8.008664225 2.201715462 -0.05)
(8.208549343 2.201692716 -0.05)
(8.408301759 2.201643696 -0.05)
(8.608053768 2.201594596 -0.05)
(8.807805398 2.20154542 -0.05)
(9.007556673 2.201496174 -0.05)
(9.207307615 2.201446862 -0.05)
(9.407058247 2.201397489 -0.05)
(9.606808587 2.201348057 -0.05)
(9.806558652 2.201298572 -0.05)
(10.00630846 2.201249036 -0.05)
(10.20605803 2.201199451 -0.05)
(10.40580736 2.201149821 -0.05)
(10.60555648 2.201100149 -0.05)
(10.8053054 2.201050436 -0.05)
(11.00505412 2.201000685 -0.05)
(11.20480266 2.200950898 -0.05)
(11.40455103 2.200901076 -0.05)
(11.60429924 2.200851222 -0.05)
(11.80404729 2.200801337 -0.05)
(12.00379519 2.200751423 -0.05)
(12.20354295 2.200701482 -0.05)
(12.40329058 2.200651513 -0.05)
(12.60303808 2.20060152 -0.05)
(12.80278545 2.200551502 -0.05)
(13.00253272 2.200501462 -0.05)
(13.20227987 2.2004514 -0.05)
(13.40202692 2.200401316 -0.05)
(13.60177386 2.200351213 -0.05)
(13.80152071 2.200301091 -0.05)
(14.00126747 2.200250951 -0.05)
(14.20101414 2.200200793 -0.05)
(14.40076072 2.200150618 -0.05)
(14.60050722 2.200100427 -0.05)
(14.80025365 2.200050221 -0.05)
(15 2.2 -0.05)
(0.4020404483 2.410497078 -0.05)
(0.6020546578 2.410408534 -0.05)
(0.8021664273 2.410261517 -0.05)
(1.0030045 2.409885413 -0.05)
(1.204736441 2.409028503 -0.05)
(1.405989283 2.408000068 -0.05)
(1.60654082 2.407310377 -0.05)
(1.806950744 2.406601314 -0.05)
(2.007062448 2.406195372 -0.05)
(2.206969844 2.406038469 -0.05)
(2.40685572 2.405937864 -0.05)
(2.606756363 2.405853091 -0.05)
(2.806673244 2.405781752 -0.05)
(3.006605247 2.405723136 -0.05)
(3.206550901 2.405676138 -0.05)
(3.406515128 2.40563186 -0.05)
(3.60652877 2.405550869 -0.05)
(3.806626249 2.405385492 -0.05)
(4.007209463 2.404535958 -0.05)
(4.207976509 2.402891875 -0.05)
(4.408267135 2.401909101 -0.05)
(4.608311773 2.401726529 -0.05)
(4.808333387 2.401660013 -0.05)
(5.008345683 2.401652377 -0.05)
(5.208358036 2.40165483 -0.05)
(5.408371868 2.401657573 -0.05)
(5.608386769 2.401660525 -0.05)
(5.80840241 2.401663623 -0.05)
(6.008418527 2.401666815 -0.05)
(6.208434912 2.401670059 -0.05)
(6.4084514 2.401673324 -0.05)
(6.608467862 2.401676584 -0.05)
(6.808484197 2.401679818 -0.05)
(7.008500329 2.401683012 -0.05)
(7.208516197 2.401686154 -0.05)
(7.40853176 2.401689235 -0.05)
(7.608546985 2.401692249 -0.05)
(7.80856185 2.401695193 -0.05)
(8.008576341 2.401698062 -0.05)
(8.208517679 2.401686447 -0.05)
(8.408271717 2.401637748 -0.05)
(8.608025277 2.401588955 -0.05)
(8.807778392 2.401540073 -0.05)
(9.00753109 2.401491109 -0.05)
(9.207283399 2.401442067 -0.05)
(9.407035341 2.401392953 -0.05)
(9.60678694 2.401343771 -0.05)
(9.806538216 2.401294526 -0.05)
(10.00628919 2.40124522 -0.05)
(10.20603987 2.401195857 -0.05)
(10.40579029 2.401146441 -0.05)
(10.60554045 2.401096974 -0.05)
(10.80529037 2.40104746 -0.05)
(11.00504006 2.400997901 -0.05)
(11.20478954 2.400948299 -0.05)
(11.40453881 2.400898656 -0.05)
(11.60428789 2.400848975 -0.05)
(11.80403678 2.400799257 -0.05)
(12.0037855 2.400749505 -0.05)
(12.20353405 2.40069972 -0.05)
(12.40328244 2.400649903 -0.05)
(12.60303069 2.400600057 -0.05)
(12.80277878 2.400550182 -0.05)
(13.00252674 2.400500279 -0.05)
(13.20227457 2.400450351 -0.05)
(13.40202228 2.400400398 -0.05)
(13.60176986 2.400350421 -0.05)
(13.80151733 2.400300422 -0.05)
(14.00126469 2.400250401 -0.05)
(14.20101195 2.400200359 -0.05)
(14.4007591 2.400150297 -0.05)
(14.60050616 2.400100216 -0.05)
(14.80025312 2.400050117 -0.05)
(15 2.4 -0.05)
(0.4018943341 2.609739289 -0.05)
(0.601907266 2.609661672 -0.05)
(0.8019312752 2.609548123 -0.05)
(1.002361215 2.609310426 -0.05)
(1.203786485 2.608685573 -0.05)
(1.404904607 2.607918717 -0.05)
(1.605774893 2.60706297 -0.05)
(1.806144098 2.606499408 -0.05)
(2.006480232 2.60588147 -0.05)
(2.206494081 2.605648921 -0.05)
(2.406414968 2.6055568 -0.05)
(2.606341926 2.605493715 -0.05)
(2.806285331 2.605445316 -0.05)
(3.006243823 2.60540968 -0.05)
(3.206215351 2.605385157 -0.05)
(3.406197842 2.605370033 -0.05)
(3.606190893 2.605360869 -0.05)
(3.806200605 2.605347064 -0.05)
(4.006353971 2.605173203 -0.05)
(4.206941335 2.604375548 -0.05)
(4.407667979 2.602901887 -0.05)
(4.607889328 2.602323531 -0.05)
(4.808054614 2.601792342 -0.05)
(5.008118859 2.601624719 -0.05)
(5.208150281 2.601613697 -0.05)
(5.408178478 2.601619284 -0.05)
(5.608206474 2.601624828 -0.05)
(5.80823406 2.601630291 -0.05)
(6.008261084 2.601635642 -0.05)
(6.208287438 2.601640861 -0.05)
(6.408313051 2.601645932 -0.05)
(6.608337877 2.601650847 -0.05)
(6.808361889 2.601655601 -0.05)
(7.008385077 2.601660193 -0.05)
(7.208407443 2.601664621 -0.05)
(7.408428998 2.601668889 -0.05)
(7.608449756 2.601672999 -0.05)
(7.80846974 2.601676955 -0.05)
(8.008488973 2.601680763 -0.05)
(8.208483652 2.60167971 -0.05)
(8.408239415 2.601631353 -0.05)
(8.607994629 2.601582886 -0.05)
(8.807749329 2.601534319 -0.05)
(9.007503548 2.601485655 -0.05)
(9.207257315 2.601436903 -0.05)
(9.40701066 2.601388067 -0.05)
(9.606763607 2.601339152 -0.05)
(9.80651618 2.601290163 -0.05)
(10.0062684 2.601241104 -0.05)
(10.20602029 2.60119198 -0.05)
(10.40577186 2.601142793 -0.05)
(10.60552314 2.601093548 -0.05)
(10.80527414 2.601044247 -0.05)
(11.00502488 2.600994894 -0.05)
(11.20477536 2.600945491 -0.05)
(11.4045256 2.600896041 -0.05)
(11.60427562 2.600846546 -0.05)
(11.80402542 2.600797009 -0.05)
(12.00377502 2.600747431 -0.05)
(12.20352443 2.600697814 -0.05)
(12.40327365 2.600648162 -0.05)
(12.60302269 2.600598474 -0.05)
(12.80277157 2.600548752 -0.05)
(13.00252028 2.600499 -0.05)
(13.20226884 2.600449216 -0.05)
(13.40201726 2.600399404 -0.05)
(13.60176553 2.600349564 -0.05)
(13.80151367 2.600299697 -0.05)
(14.00126168 2.600249805 -0.05)
(14.20100957 2.600199889 -0.05)
(14.40075734 2.60014995 -0.05)
(14.600505 2.600099988 -0.05)
(14.80025255 2.600050004 -0.05)
(15 2.6 -0.05)
(0.4017432733 2.808961731 -0.05)
(0.6017568907 2.808893937 -0.05)
(0.8017417859 2.808802454 -0.05)
(1.001837018 2.808662057 -0.05)
(1.202548016 2.808332871 -0.05)
(1.404069493 2.807567528 -0.05)
(1.605214536 2.806606404 -0.05)
(1.805564718 2.806101659 -0.05)
(2.005955655 2.805471093 -0.05)
(2.206012468 2.805235556 -0.05)
(2.405960557 2.805163232 -0.05)
(2.60591492 2.805123733 -0.05)
(2.80588665 2.805099778 -0.05)
(3.00587347 2.805088659 -0.05)
(3.205872618 2.805088075 -0.05)
(3.405881507 2.805095846 -0.05)
(3.605897844 2.805110023 -0.05)
(3.805919684 2.805128946 -0.05)
(4.005955947 2.805139084 -0.05)
(4.206093752 2.80503406 -0.05)
(4.406451499 2.804634973 -0.05)
(4.606817068 2.804157299 -0.05)
(4.807529733 2.802722692 -0.05)
(5.007847986 2.801805262 -0.05)
(5.207939933 2.801591356 -0.05)
(5.407985837 2.801583547 -0.05)
(5.608027443 2.801589382 -0.05)
(5.808066998 2.801597214 -0.05)
(6.008104929 2.801604725 -0.05)
(6.208141236 2.801611914 -0.05)
(6.408175945 2.801618786 -0.05)
(6.608209096 2.80162535 -0.05)
(6.808240741 2.801631615 -0.05)
(7.00827094 2.801637594 -0.05)
(7.208299756 2.8016433 -0.05)
(7.408327253 2.801648744 -0.05)
(7.608353497 2.80165394 -0.05)
(7.808378551 2.801658901 -0.05)
(8.00840248 2.801663638 -0.05)
(8.208447377 2.801672528 -0.05)
(8.408204962 2.801624531 -0.05)
(8.607961922 2.801576411 -0.05)
(8.807718299 2.801528175 -0.05)
(9.007474128 2.80147983 -0.05)
(9.207229443 2.801431384 -0.05)
(9.406984275 2.801382843 -0.05)
(9.606738654 2.801334211 -0.05)
(9.806492606 2.801285495 -0.05)
(10.00624615 2.801236699 -0.05)
(10.20599932 2.801187828 -0.05)
(10.40575213 2.801138886 -0.05)
(10.6055046 2.801089877 -0.05)
(10.80525675 2.801040804 -0.05)
(11.0050086 2.800991671 -0.05)
(11.20476016 2.800942481 -0.05)
(11.40451144 2.800893237 -0.05)
(11.60426246 2.800843941 -0.05)
(11.80401324 2.800794596 -0.05)
(12.00376378 2.800745205 -0.05)
(12.2035141 2.800695769 -0.05)
(12.4032642 2.800646292 -0.05)
(12.60301411 2.800596774 -0.05)
(12.80276381 2.800547218 -0.05)
(13.00251334 2.800497625 -0.05)
(13.20226268 2.800447997 -0.05)
(13.40201186 2.800398336 -0.05)
(13.60176088 2.800348643 -0.05)
(13.80150974 2.800298919 -0.05)
(14.00125845 2.800249165 -0.05)
(14.20100702 2.800199384 -0.05)
(14.40075546 2.800149576 -0.05)
(14.60050376 2.800099742 -0.05)
(14.80025194 2.800049883 -0.05)
(15 2.8 -0.05)
(0.4015890357 3.008169984 -0.05)
(0.6016036628 3.008111165 -0.05)
(0.8015877966 3.008032966 -0.05)
(1.001612707 3.007923744 -0.05)
(1.202049823 3.007696024 -0.05)
(1.403569843 3.006994045 -0.05)
(1.60460055 3.006165302 -0.05)
(1.805023242 3.005642382 -0.05)
(2.005366208 3.005104063 -0.05)
(2.20550214 3.004830139 -0.05)
(2.405493827 3.004761506 -0.05)
(2.605478504 3.004745738 -0.05)
(2.805480473 3.004747869 -0.05)
(3.005497497 3.00476287 -0.05)
(3.205525968 3.004787676 -0.05)
(3.405562707 3.004819578 -0.05)
(3.605605064 3.004856309 -0.05)
(3.805650925 3.004896055 -0.05)
(4.005698658 3.004937412 -0.05)
(4.20575283 3.004972632 -0.05)
(4.40584186 3.004966632 -0.05)
(4.60599893 3.0048755 -0.05)
(4.806594475 3.004149027 -0.05)
(5.007360139 3.002668495 -0.05)
(5.207687686 3.001775367 -0.05)
(5.407782043 3.001616538 -0.05)
(5.60784919 3.001563586 -0.05)
(5.807902406 3.001564626 -0.05)
(6.007951114 3.00157427 -0.05)
(6.207997242 3.001583404 -0.05)
(6.408040916 3.001592051 -0.05)
(6.608082266 3.001600238 -0.05)
(6.808121423 3.001607991 -0.05)
(7.008158517 3.001615335 -0.05)
(7.208193672 3.001622296 -0.05)
(7.408227009 3.001628896 -0.05)
(7.608258642 3.001635159 -0.05)
(7.808288678 3.001641106 -0.05)
(8.008317218 3.001646757 -0.05)
(8.208344356 3.00165213 -0.05)
(8.408168466 3.001617305 -0.05)
(8.607927258 3.001569547 -0.05)
(8.807685395 3.00152166 -0.05)
(9.007442917 3.001473651 -0.05)
(9.207199861 3.001425527 -0.05)
(9.406956261 3.001377296 -0.05)
(9.606712149 3.001328963 -0.05)
(9.806467555 3.001280535 -0.05)
(10.00622251 3.001232017 -0.05)
(10.20597703 3.001183414 -0.05)
(10.40573114 3.001134731 -0.05)
(10.60548488 3.001085971 -0.05)
(10.80523824 3.00103714 -0.05)
(11.00499127 3.00098824 -0.05)
(11.20474396 3.000939275 -0.05)
(11.40449635 3.000890249 -0.05)
(11.60424844 3.000841165 -0.05)
(11.80400025 3.000792025 -0.05)
(12.0037518 3.000742832 -0.05)
(12.20350308 3.000693589 -0.05)
(12.40325413 3.000644298 -0.05)
(12.60300495 3.000594961 -0.05)
(12.80275554 3.00054558 -0.05)
(13.00250593 3.000496158 -0.05)
(13.20225611 3.000446696 -0.05)
(13.4020061 3.000397195 -0.05)
(13.60175591 3.000347659 -0.05)
(13.80150554 3.000298087 -0.05)
(14.001255 3.000248482 -0.05)
(14.2010043 3.000198845 -0.05)
(14.40075344 3.000149177 -0.05)
(14.60050244 3.000099479 -0.05)
(14.80025129 3.000049753 -0.05)
(15 3 -0.05)
(0.4014327645 3.207368218 -0.05)
(0.6014474567 3.207317762 -0.05)
(0.8014346774 3.207250993 -0.05)
(1.001450251 3.207158852 -0.05)
(1.201746752 3.206984844 -0.05)
(1.402834498 3.206508015 -0.05)
(1.603675011 3.205934802 -0.05)
(1.804324745 3.20529398 -0.05)
(2.004624379 3.204895046 -0.05)
(2.204928305 3.204475844 -0.05)
(2.405011588 3.204361196 -0.05)
(2.605035641 3.204362936 -0.05)
(2.805070361 3.20439261 -0.05)
(3.005119574 3.204435444 -0.05)
(3.205179036 3.204487077 -0.05)
(3.405244933 3.204544233 -0.05)
(3.605314273 3.204604342 -0.05)
(3.805384814 3.204665474 -0.05)
(4.005454945 3.204726242 -0.05)
(4.20552355 3.204785683 -0.05)
(4.4055913 3.204841545 -0.05)
(4.605664971 3.204885063 -0.05)
(4.805863153 3.204773537 -0.05)
(5.006460429 3.204072408 -0.05)
(5.207189194 3.202720734 -0.05)
(5.407443203 3.20219217 -0.05)
(5.607640664 3.201700249 -0.05)
(5.807738318 3.201548578 -0.05)
(6.007800687 3.201544487 -0.05)
(6.207856386 3.201555515 -0.05)
(6.407908793 3.201565891 -0.05)
(6.607958125 3.201575659 -0.05)
(6.808004594 3.201584859 -0.05)
(7.008048397 3.201593532 -0.05)
(7.208089722 3.201601714 -0.05)
(7.408128743 3.20160944 -0.05)
(7.608165621 3.201616742 -0.05)
(7.808200506 3.201623649 -0.05)
(8.008233537 3.201630189 -0.05)
(8.208264842 3.201636387 -0.05)
(8.40813004 3.201609697 -0.05)
(8.607890742 3.201562317 -0.05)
(8.807650716 3.201514794 -0.05)
(9.007410005 3.201467135 -0.05)
(9.207168651 3.201419348 -0.05)
(9.406926692 3.201371442 -0.05)
(9.606684162 3.201323422 -0.05)
(9.806441094 3.201275296 -0.05)
(10.00619752 3.20122707 -0.05)
(10.20595346 3.201178748 -0.05)
(10.40570895 3.201130336 -0.05)
(10.60546401 3.201081839 -0.05)
(10.80521866 3.201033262 -0.05)
(11.00497292 3.200984608 -0.05)
(11.20472682 3.200935881 -0.05)
(11.40448037 3.200887085 -0.05)
(11.60423359 3.200838224 -0.05)
(11.80398649 3.2007893 -0.05)
(12.00373909 3.200740317 -0.05)
(12.20349141 3.200691277 -0.05)
(12.40324345 3.200642183 -0.05)
(12.60299524 3.200593038 -0.05)
(12.80274677 3.200543843 -0.05)
(13.00249807 3.200494601 -0.05)
(13.20224914 3.200445315 -0.05)
(13.40199999 3.200395985 -0.05)
(13.60175063 3.200346614 -0.05)
(13.80150108 3.200297204 -0.05)
(14.00125133 3.200247756 -0.05)
(14.2010014 3.200198272 -0.05)
(14.4007513 3.200148752 -0.05)
(14.60050103 3.2000992 -0.05)
(14.80025059 3.200049615 -0.05)
(15 3.2 -0.05)
(0.4012751943 3.406559474 -0.05)
(0.6012892962 3.406516739 -0.05)
(0.8012779027 3.406460669 -0.05)
(1.001267309 3.406387695 -0.05)
(1.201336065 3.406283522 -0.05)
(1.40185224 3.406045861 -0.05)
(1.602952243 3.405489671 -0.05)
(1.803781182 3.404793391 -0.05)
(2.004060118 3.404454394 -0.05)
(2.204405444 3.404049368 -0.05)
(2.404531839 3.403947854 -0.05)
(2.604590766 3.403977601 -0.05)
(2.804660358 3.404037463 -0.05)
(3.004743875 3.404109969 -0.05)
(3.204835934 3.404189817 -0.05)
(3.404932087 3.404273176 -0.05)
(3.60502907 3.404357231 -0.05)
(3.80512461 3.404440022 -0.05)
(4.005217204 3.404520252 -0.05)
(4.205305924 3.404597123 -0.05)
(4.405390255 3.404670189 -0.05)
(4.605469967 3.404739252 -0.05)
(4.805554833 3.404792942 -0.05)
(5.005728267 3.404732107 -0.05)
(5.206105275 3.404386227 -0.05)
(5.406488182 3.403956734 -0.05)
(5.607200758 3.402603747 -0.05)
(5.80753579 3.401733457 -0.05)
(6.007651111 3.401533474 -0.05)
(6.207719581 3.401528428 -0.05)
(6.407780383 3.401540467 -0.05)
(6.607837392 3.401551754 -0.05)
(6.807890894 3.401562347 -0.05)
(7.007941154 3.401572299 -0.05)
(7.20798842 3.401581657 -0.05)
(7.408032915 3.401590467 -0.05)
(7.608074849 3.401598769 -0.05)
(7.808114412 3.401606603 -0.05)
(8.008151777 3.401614001 -0.05)
(8.208187106 3.401620996 -0.05)
(8.408089798 3.401601729 -0.05)
(8.607852478 3.401554741 -0.05)
(8.807614357 3.401507595 -0.05)
(9.007375483 3.401460299 -0.05)
(9.207135899 3.401412863 -0.05)
(9.406895647 3.401365295 -0.05)
(9.606654765 3.401317602 -0.05)
(9.806413287 3.401269791 -0.05)
(10.00617125 3.401221868 -0.05)
(10.20592868 3.401173841 -0.05)
(10.4056856 3.401125713 -0.05)
(10.60544205 3.401077491 -0.05)
(10.80519804 3.40102918 -0.05)
(11.00495361 3.400980783 -0.05)
(11.20470876 3.400932306 -0.05)
(11.40446353 3.400883752 -0.05)
(11.60421793 3.400835125 -0.05)
(11.80397198 3.400786428 -0.05)
(12.0037257 3.400737665 -0.05)
(12.20347909 3.400688839 -0.05)
(12.40323219 3.400639952 -0.05)
(12.60298499 3.400591008 -0.05)
(12.80273751 3.40054201 -0.05)
(13.00248977 3.400492958 -0.05)
(13.20224177 3.400443857 -0.05)
(13.40199353 3.400394707 -0.05)
(13.60174506 3.400345511 -0.05)
(13.80149637 3.400296271 -0.05)
(14.00124746 3.400246989 -0.05)
(14.20099834 3.400197666 -0.05)
(14.40074903 3.400148304 -0.05)
(14.60049954 3.400098905 -0.05)
(14.80024985 3.40004947 -0.05)
(15 3.4 -0.05)
(0.4011167943 3.605745928 -0.05)
(0.6011298465 3.605710282 -0.05)
(0.8011206644 3.605663739 -0.05)
(1.001109297 3.605603603 -0.05)
(1.20112713 3.605525059 -0.05)
(1.401431834 3.605366955 -0.05)
(1.602489307 3.604877108 -0.05)
(1.803207228 3.60430008 -0.05)
(2.00353018 3.603967177 -0.05)
(2.203842243 3.603656245 -0.05)
(2.404038775 3.603546763 -0.05)
(2.60414695 3.603594959 -0.05)
(2.804255255 3.60368656 -0.05)
(3.004375289 3.603790662 -0.05)
(3.204501374 3.603899967 -0.05)
(3.404628537 3.604010181 -0.05)
(3.604753399 3.604118385 -0.05)
(3.804873806 3.604222719 -0.05)
(4.004988495 3.604322093 -0.05)
(4.205096822 3.604415952 -0.05)
(4.405198558 3.604504098 -0.05)
(4.605293744 3.604586569 -0.05)
(4.80538259 3.604663546 -0.05)
(5.005470912 3.604728931 -0.05)
(5.205587193 3.604750108 -0.05)
(5.405764773 3.604685188 -0.05)
(5.606362571 3.604003121 -0.05)
(5.807125619 3.602583472 -0.05)
(6.007464984 3.60171717 -0.05)
(6.207584164 3.601520056 -0.05)
(6.407656462 3.601515931 -0.05)
(6.607720755 3.601528661 -0.05)
(6.807780937 3.601540577 -0.05)
(7.007837337 3.601551744 -0.05)
(7.207890255 3.601562221 -0.05)
(7.407939968 3.601572064 -0.05)
(7.607986724 3.601581321 -0.05)
(7.808030753 3.601590039 -0.05)
(8.008072262 3.601598257 -0.05)
(8.208111442 3.601606015 -0.05)
(8.408047857 3.601593425 -0.05)
(8.607812575 3.601546841 -0.05)
(8.80757642 3.601500084 -0.05)
(9.007339442 3.601453164 -0.05)
(9.20710169 3.60140609 -0.05)
(9.406863206 3.601358872 -0.05)
(9.606624031 3.601311517 -0.05)
(9.806384204 3.601264032 -0.05)
(10.00614376 3.601216426 -0.05)
(10.20590273 3.601168704 -0.05)
(10.40566115 3.601120872 -0.05)
(10.60541904 3.601072936 -0.05)
(10.80517644 3.601024902 -0.05)
(11.00493336 3.600976774 -0.05)
(11.20468983 3.600928557 -0.05)
(11.40444587 3.600880255 -0.05)
(11.60420151 3.600831873 -0.05)
(11.80395676 3.600783413 -0.05)
(12.00371164 3.600734881 -0.05)
(12.20346616 3.600686278 -0.05)
(12.40322035 3.600637609 -0.05)
(12.60297422 3.600588877 -0.05)
(12.80272778 3.600540083 -0.05)
(13.00248104 3.600491231 -0.05)
(13.20223403 3.600442324 -0.05)
(13.40198674 3.600393363 -0.05)
(13.6017392 3.600344351 -0.05)
(13.80149141 3.60029529 -0.05)
(14.00124338 3.600246182 -0.05)
(14.20099513 3.600197029 -0.05)
(14.40074665 3.600147832 -0.05)
(14.60049797 3.600098594 -0.05)
(14.80024908 3.600049316 -0.05)
(15 3.6 -0.05)
(0.4009578626 3.804929107 -0.05)
(0.6009695378 3.804899952 -0.05)
(0.800962234 3.804862072 -0.05)
(1.000953109 3.804813042 -0.05)
(1.200963582 3.804749713 -0.05)
(1.401160327 3.804634465 -0.05)
(1.601880898 3.804317898 -0.05)
(1.802439268 3.803939885 -0.05)
(2.002901409 3.803551877 -0.05)
(2.203185668 3.803373124 -0.05)
(2.403511563 3.803189529 -0.05)
(2.603705185 3.803224956 -0.05)
(2.803860701 3.803345341 -0.05)
(3.004019655 3.803482574 -0.05)
(3.204180791 3.803622229 -0.05)
(3.404339155 3.803759466 -0.05)
(3.604491523 3.803891496 -0.05)
(3.804636084 3.804016754 -0.05)
(4.004771974 3.804134495 -0.05)
(4.204898938 3.804244502 -0.05)
(4.405017106 3.804346884 -0.05)
(4.605126828 3.80444195 -0.05)
(4.805228582 3.804530111 -0.05)
(5.005322901 3.80461183 -0.05)
(5.205411692 3.804686016 -0.05)
(5.405502536 3.804744986 -0.05)
(5.605711791 3.804650302 -0.05)
(5.806312498 3.803971617 -0.05)
(6.007072565 3.802564237 -0.05)
(6.207412814 3.801705169 -0.05)
(6.407534245 3.801510051 -0.05)
(6.60760886 3.801506506 -0.05)
(6.807675298 3.801519661 -0.05)
(7.007737458 3.801531968 -0.05)
(7.20779569 3.801543498 -0.05)
(7.407850314 3.801554313 -0.05)
(7.607901619 3.801564471 -0.05)
(7.807949867 3.801574024 -0.05)
(8.007995298 3.801583019 -0.05)
(8.208038128 3.801591499 -0.05)
(8.40800433 3.801584807 -0.05)
(8.607771139 3.801538637 -0.05)
(8.807537003 3.801492279 -0.05)
(9.007301976 3.801445746 -0.05)
(9.207066109 3.801399045 -0.05)
(9.406829447 3.801352188 -0.05)
(9.606592035 3.801305182 -0.05)
(9.806353913 3.801258035 -0.05)
(10.00611512 3.801210755 -0.05)
(10.20587569 3.801163349 -0.05)
(10.40563565 3.801115824 -0.05)
(10.60539504 3.801068185 -0.05)
(10.80515389 3.801020438 -0.05)
(11.00491222 3.800972589 -0.05)
(11.20467006 3.800924642 -0.05)
(11.40442743 3.800876603 -0.05)
(11.60418435 3.800828475 -0.05)
(11.80394085 3.800780263 -0.05)
(12.00369694 3.80073197 -0.05)
(12.20345264 3.800683601 -0.05)
(12.40320797 3.800635158 -0.05)
(12.60296295 3.800586646 -0.05)
(12.80271759 3.800538067 -0.05)
(13.00247191 3.800489423 -0.05)
(13.20222592 3.800440718 -0.05)
(13.40197963 3.800391955 -0.05)
(13.60173306 3.800343135 -0.05)
(13.80148622 3.800294261 -0.05)
(14.00123911 3.800245336 -0.05)
(14.20099175 3.800196361 -0.05)
(14.40074415 3.800147338 -0.05)
(14.60049632 3.800098269 -0.05)
(14.80024827 3.800049156 -0.05)
(15 3.8 -0.05)
(0.4007985873 4.004110064 -0.05)
(0.6008086475 4.004086851 -0.05)
(0.8008029632 4.004056842 -0.05)
(1.000795117 4.004018073 -0.05)
(1.200788497 4.003970727 -0.05)
(1.40083136 4.003905806 -0.05)
(1.601152366 4.003759476 -0.05)
(1.801837079 4.003413172 -0.05)
(2.002398087 4.003021349 -0.05)
(2.2026688 4.002924986 -0.05)
(2.403042346 4.002785485 -0.05)
(2.603284641 4.002860406 -0.05)
(2.803484815 4.00301967 -0.05)
(3.003684023 4.00319181 -0.05)
(3.203880425 4.003362006 -0.05)
(3.404069293 4.003525663 -0.05)
(3.604247957 4.003680471 -0.05)
(3.804415222 4.003825398 -0.05)
(4.004570793 4.00396019 -0.05)
(4.20471491 4.004085057 -0.05)
(4.404848113 4.004200466 -0.05)
(4.604971088 4.004307015 -0.05)
(4.805084588 4.004405352 -0.05)
(5.00518937 4.004496137 -0.05)
(5.205286168 4.004580004 -0.05)
(5.405375676 4.004657555 -0.05)
(5.605469583 4.00471657 -0.05)
(5.805679629 4.004624117 -0.05)
(6.006278924 4.003950493 -0.05)
(6.207036251 4.002551071 -0.05)
(6.40737642 4.001696798 -0.05)
(6.607498801 4.001502947 -0.05)
(6.807574503 4.001499704 -0.05)
(7.007641989 4.001513066 -0.05)
(7.207705147 4.001525571 -0.05)
(7.407764335 4.00153729 -0.05)
(7.607819877 4.001548287 -0.05)
(7.807872066 4.00155862 -0.05)
(8.007921167 4.001568341 -0.05)
(8.20796742 4.001577499 -0.05)
(8.407959332 4.001575898 -0.05)
(8.607728277 4.00153015 -0.05)
(8.807496207 4.001484202 -0.05)
(9.007263178 4.001438064 -0.05)
(9.207029243 4.001391746 -0.05)
(9.406794452 4.001345259 -0.05)
(9.606558852 4.001298611 -0.05)
(9.806322483 4.001251812 -0.05)
(10.00608539 4.001204869 -0.05)
(10.2058476 4.001157789 -0.05)
(10.40560916 4.001110579 -0.05)
(10.6053701 4.001063247 -0.05)
(10.80513045 4.001015797 -0.05)
(11.00489024 4.000968236 -0.05)
(11.20464949 4.000920569 -0.05)
(11.40440823 4.000872801 -0.05)
(11.60416648 4.000824937 -0.05)
(11.80392427 4.000776982 -0.05)
(12.00368162 4.000728938 -0.05)
(12.20343855 4.000680811 -0.05)
(12.40319507 4.000632604 -0.05)
(12.60295121 4.000584321 -0.05)
(12.80270698 4.000535964 -0.05)
(13.00246239 4.000487538 -0.05)
(13.20221746 4.000439044 -0.05)
(13.40197221 4.000390486 -0.05)
(13.60172665 4.000341867 -0.05)
(13.8014808 4.000293188 -0.05)
(14.00123465 4.000244453 -0.05)
(14.20098823 4.000195663 -0.05)
(14.40074154 4.000146821 -0.05)
(14.6004946 4.000097928 -0.05)
(14.80024742 4.000048987 -0.05)
(15 4 -0.05)
(0.4006390868 4.203289519 -0.05)
(0.6006473546 4.20327175 -0.05)
(0.8006430848 4.203248896 -0.05)
(1.000637131 4.203219328 -0.05)
(1.200630534 4.203183455 -0.05)
(1.400640705 4.203138473 -0.05)
(1.600815032 4.203049171 -0.05)
(1.801431913 4.202762416 -0.05)
(2.00194018 4.202452737 -0.05)
(2.202213302 4.202435517 -0.05)
(2.402603429 4.202384866 -0.05)
(2.602889972 4.202516755 -0.05)
(2.803137002 4.202718312 -0.05)
(3.003376813 4.202925664 -0.05)
(3.203607268 4.203125354 -0.05)
(3.403824639 4.203313699 -0.05)
(3.604027295 4.20348929 -0.05)
(3.804214932 4.203651866 -0.05)
(4.004387971 4.203801792 -0.05)
(4.204547211 4.203939761 -0.05)
(4.404693621 4.204066613 -0.05)
(4.604828226 4.204183237 -0.05)
(4.804952039 4.20429051 -0.05)
(5.005066025 4.204389269 -0.05)
(5.205171082 4.204480292 -0.05)
(5.405268038 4.204564296 -0.05)
(5.605357645 4.204641933 -0.05)
(5.805451594 4.204701057 -0.05)
(6.005661291 4.204609187 -0.05)
(6.206259016 4.203937968 -0.05)
(6.407013874 4.202542958 -0.05)
(6.607353232 4.201691464 -0.05)
(6.807475539 4.201498285 -0.05)
(7.007551351 4.20149512 -0.05)
(7.207619005 4.201508515 -0.05)
(7.407682374 4.201521062 -0.05)
(7.60774181 4.20153283 -0.05)
(7.807797631 4.201543882 -0.05)
(8.007850125 4.201554275 -0.05)
(8.207899552 4.201564062 -0.05)
(8.407912978 4.20156672 -0.05)
(8.607684096 4.201521403 -0.05)
(8.80745413 4.201475871 -0.05)
(9.007223139 4.201430136 -0.05)
(9.206991179 4.20138421 -0.05)
(9.406758301 4.201338101 -0.05)
(9.606524555 4.201291821 -0.05)
(9.806289984 4.201245377 -0.05)
(10.00605463 4.201198779 -0.05)
(10.20581854 4.201152034 -0.05)
(10.40558174 4.201105149 -0.05)
(10.60534427 4.201058132 -0.05)
(10.80510616 4.201010988 -0.05)
(11.00486745 4.200963724 -0.05)
(11.20462816 4.200916346 -0.05)
(11.40438831 4.200868859 -0.05)
(11.60414795 4.200821267 -0.05)
(11.80390707 4.200773576 -0.05)
(12.00366572 4.20072579 -0.05)
(12.20342392 4.200677914 -0.05)
(12.40318167 4.200629951 -0.05)
(12.60293901 4.200581905 -0.05)
(12.80269594 4.200533779 -0.05)
(13.00245249 4.200485577 -0.05)
(13.20220867 4.200437303 -0.05)
(13.4019645 4.200388959 -0.05)
(13.60171999 4.200340547 -0.05)
(13.80147515 4.200292071 -0.05)
(14.00123001 4.200243534 -0.05)
(14.20098456 4.200194937 -0.05)
(14.40073883 4.200146283 -0.05)
(14.60049281 4.200097574 -0.05)
(14.80024654 4.200048812 -0.05)
(15 4.2 -0.05)
(0.4004794355 4.402467958 -0.05)
(0.6004857746 4.402455186 -0.05)
(0.8004827536 4.402438845 -0.05)
(1.000478505 4.402417675 -0.05)
(1.200473801 4.402391938 -0.05)
(1.400479267 4.402359978 -0.05)
(1.600584363 4.402301256 -0.05)
(1.801001282 4.402115834 -0.05)
(2.001475115 4.401896491 -0.05)
(2.201780856 4.401962004 -0.05)
(2.402198201 4.402013701 -0.05)
(2.602534913 4.402207584 -0.05)
(2.802829498 4.402451874 -0.05)
(3.003107682 4.402692505 -0.05)
(3.203368756 4.402918716 -0.05)
(3.403610891 4.403128511 -0.05)
(3.60383393 4.40332176 -0.05)
(3.804038641 4.403499127 -0.05)
(4.004226218 4.403661648 -0.05)
(4.204398013 4.403810494 -0.05)
(4.4045554 4.403946857 -0.05)
(4.604699702 4.404071882 -0.05)
(4.804832155 4.404186641 -0.05)
(5.004953895 4.404292118 -0.05)
(5.205065955 4.404389208 -0.05)
(5.405169267 4.404478719 -0.05)
(5.605264669 4.404561377 -0.05)
(5.805352911 4.404637831 -0.05)
(6.005445664 4.404695944 -0.05)
(6.205654176 4.404603394 -0.05)
(6.406250282 4.403932473 -0.05)
(6.607002967 4.402539004 -0.05)
(6.807340985 4.401688647 -0.05)
(7.007462432 4.401495658 -0.05)
(7.207537161 4.40149458 -0.05)
(7.407604729 4.401505689 -0.05)
(7.607667689 4.401518154 -0.05)
(7.80772681 4.40152986 -0.05)
(8.007782399 4.401540866 -0.05)
(8.207834733 4.401551228 -0.05)
(8.407865377 4.401557295 -0.05)
(8.607638699 4.401512414 -0.05)
(8.807410869 4.401467306 -0.05)
(9.007181951 4.401421981 -0.05)
(9.206952001 4.401376453 -0.05)
(9.406721074 4.40133073 -0.05)
(9.606489219 4.401284825 -0.05)
(9.806256485 4.401238745 -0.05)
(10.00602292 4.4011925 -0.05)
(10.20578855 4.401146097 -0.05)
(10.40555343 4.401099545 -0.05)
(10.6053176 4.401052851 -0.05)
(10.80508108 4.401006021 -0.05)
(11.0048439 4.400959063 -0.05)
(11.20460611 4.400911981 -0.05)
(11.40436772 4.400864782 -0.05)
(11.60412877 4.400817471 -0.05)
(11.80388928 4.400770053 -0.05)
(12.00364927 4.400722533 -0.05)
(12.20340877 4.400674914 -0.05)
(12.40316779 4.400627203 -0.05)
(12.60292636 4.400579402 -0.05)
(12.8026845 4.400531515 -0.05)
(13.00244223 4.400483546 -0.05)
(13.20219955 4.400435498 -0.05)
(13.4019565 4.400387374 -0.05)
(13.60171308 4.400339178 -0.05)
(13.8014693 4.400290913 -0.05)
(14.00122519 4.40024258 -0.05)
(14.20098075 4.400194183 -0.05)
(14.40073601 4.400145725 -0.05)
(14.60049096 4.400097206 -0.05)
(14.80024562 4.400048631 -0.05)
(15 4.4 -0.05)
(0.4003196796 4.60164571 -0.05)
(0.6003239827 4.601637537 -0.05)
(0.8003220737 4.601627135 -0.05)
(1.00031937 4.601613643 -0.05)
(1.200316105 4.601597265 -0.05)
(1.400313616 4.601578023 -0.05)
(1.600336043 4.601551195 -0.05)
(1.800512401 4.601477084 -0.05)
(2.000996635 4.601375921 -0.05)
(2.201383735 4.601536818 -0.05)
(2.401849828 4.601695222 -0.05)
(2.60223917 4.601950057 -0.05)
(2.802576649 4.60223279 -0.05)
(3.00288677 4.60250112 -0.05)
(3.203172068 4.602748312 -0.05)
(3.403433211 4.602974573 -0.05)
(3.603671653 4.603181165 -0.05)
(3.803889202 4.603369653 -0.05)
(4.004087731 4.603541662 -0.05)
(4.204269048 4.603698758 -0.05)
(4.404434843 4.603842405 -0.05)
(4.604586657 4.603973939 -0.05)
(4.804725887 4.604094569 -0.05)
(5.004853786 4.604205383 -0.05)
(5.204971477 4.604307351 -0.05)
(5.40507996 4.604401343 -0.05)
(5.60518013 4.604488131 -0.05)
(5.805272783 4.604568407 -0.05)
(6.005358628 4.604642784 -0.05)
(6.205449304 4.604699082 -0.05)
(6.405656048 4.604604918 -0.05)
(6.606250574 4.603932656 -0.05)
(6.8070014 4.602538436 -0.05)
(7.007336353 4.601693805 -0.05)
(7.20744723 4.601546117 -0.05)
(7.407530268 4.601498208 -0.05)
(7.607597746 4.601504306 -0.05)
(7.807659817 4.601516596 -0.05)
(8.007718186 4.601528152 -0.05)
(8.207773142 4.601539033 -0.05)
(8.40781664 4.601547646 -0.05)
(8.607592189 4.601503206 -0.05)
(8.807366522 4.601458525 -0.05)
(9.007139704 4.601413617 -0.05)
(9.206911794 4.601368492 -0.05)
(9.406682848 4.601323162 -0.05)
(9.606452918 4.601277637 -0.05)
(9.806222054 4.601231928 -0.05)
(10.0059903 4.601186042 -0.05)
(10.2057577 4.601139989 -0.05)
(10.4055243 4.601093777 -0.05)
(10.60529013 4.601047413 -0.05)
(10.80505524 4.601000905 -0.05)
(11.00481964 4.600954259 -0.05)
(11.20458338 4.600907481 -0.05)
(11.40434649 4.600860578 -0.05)
(11.60410899 4.600813555 -0.05)
(11.80387092 4.600766417 -0.05)
(12.00363229 4.60071917 -0.05)
(12.20339313 4.600671818 -0.05)
(12.40315346 4.600624365 -0.05)
(12.60291331 4.600576816 -0.05)
(12.80267269 4.600529175 -0.05)
(13.00243162 4.600481446 -0.05)
(13.20219013 4.600433632 -0.05)
(13.40194823 4.600385736 -0.05)
(13.60170593 4.600337763 -0.05)
(13.80146325 4.600289714 -0.05)
(14.00122021 4.600241593 -0.05)
(14.20097682 4.600193403 -0.05)
(14.40073309 4.600145146 -0.05)
(14.60048903 4.600096825 -0.05)
(14.80024467 4.600048442 -0.05)
(15 4.6 -0.05)
(0.4001597885 4.800823013 -0.05)
(0.6001620275 4.800819073 -0.05)
(0.8001611157 4.8008141 -0.05)
(1.00015982 4.800807642 -0.05)
(1.200158254 4.800799791 -0.05)
(1.400156673 4.800790626 -0.05)
(1.600162011 4.800778879 -0.05)
(1.800231293 4.800749205 -0.05)
(2.000619426 4.800872224 -0.05)
(2.201080022 4.801200308 -0.05)
(2.401594705 4.801462537 -0.05)
(2.602025859 4.801764505 -0.05)
(2.80239273 4.802073436 -0.05)
(3.002723014 4.802359255 -0.05)
(3.203022989 4.802619158 -0.05)
(3.40329549 4.802855256 -0.05)
(3.603543186 4.803069864 -0.05)
(3.80376859 4.803265156 -0.05)
(4.003973997 4.803443123 -0.05)
(4.204161476 4.803605557 -0.05)
(4.404332879 4.803754063 -0.05)
(4.604489858 4.803890071 -0.05)
(4.804633879 4.804014853 -0.05)
(5.004766249 4.804129539 -0.05)
(5.204888126 4.804235135 -0.05)
(5.405000538 4.804332531 -0.05)
(5.605104403 4.80442252 -0.05)
(5.805200534 4.804505809 -0.05)
(6.005289657 4.804583026 -0.05)
(6.205372418 4.804654732 -0.05)
(6.405460423 4.80470867 -0.05)
(6.605665021 4.804612223 -0.05)
(6.806255877 4.803940852 -0.05)
(7.006976416 4.802624365 -0.05)
(7.20723505 4.802099362 -0.05)
(7.407436834 4.80160585 -0.05)
(7.607530591 4.801499276 -0.05)
(7.807596826 4.801504124 -0.05)
(8.007657648 4.801516166 -0.05)
(8.207714932 4.801527508 -0.05)
(8.407766871 4.801537792 -0.05)
(8.607544665 4.801493796 -0.05)
(8.807321182 4.801449548 -0.05)
(9.007096486 4.80140506 -0.05)
(9.206870641 4.801360344 -0.05)
(9.406643702 4.801315411 -0.05)
(9.606415725 4.801270273 -0.05)
(9.80618676 4.80122494 -0.05)
(10.00595685 4.80117942 -0.05)
(10.20572605 4.801133723 -0.05)
(10.4054944 4.801087857 -0.05)
(10.60526193 4.80104183 -0.05)
(10.80502869 4.800995649 -0.05)
(11.00479471 4.800949323 -0.05)
(11.20456002 4.800902856 -0.05)
(11.40432466 4.800856255 -0.05)
(11.60408865 4.800809527 -0.05)
(11.80385202 4.800762676 -0.05)
(12.0036148 4.800715708 -0.05)
(12.20337702 4.800668629 -0.05)
(12.4031387 4.800621442 -0.05)
(12.60289985 4.800574152 -0.05)
(12.80266051 4.800526764 -0.05)
(13.00242069 4.800479281 -0.05)
(13.20218041 4.800431708 -0.05)
(13.40193969 4.800384047 -0.05)
(13.60169855 4.800336302 -0.05)
(13.801457 4.800288477 -0.05)
(14.00121506 4.800240575 -0.05)
(14.20097275 4.800192598 -0.05)
(14.40073007 4.80014455 -0.05)
(14.60048705 4.800096432 -0.05)
(14.80024368 4.800048248 -0.05)
(15 4.8 -0.05)
(0.3999999575 5 -0.05)
(0.5999999403 5 -0.05)
(0.7999999275 5 -0.05)
(0.9999999194 5 -0.05)
(1.199999916 5 -0.05)
(1.399999917 5 -0.05)
(1.599999922 5 -0.05)
(1.799999929 5 -0.05)
(2.00042269 5 -0.05)
(2.200941145 5 -0.05)
(2.401468591 5 -0.05)
(2.601912831 5 -0.05)
(2.802287375 5 -0.05)
(3.002621706 5 -0.05)
(3.20292457 5 -0.05)
(3.403199594 5 -0.05)
(3.603449744 5 -0.05)
(3.803677649 5 -0.05)
(4.00388564 5 -0.05)
(4.204075783 5 -0.05)
(4.40424991 5 -0.05)
(4.604409647 5 -0.05)
(4.804556436 5 -0.05)
(5.004691559 5 -0.05)
(5.204816155 5 -0.05)
(5.404931236 5 -0.05)
(5.605037706 5 -0.05)
(5.805136369 5 -0.05)
(6.005227944 5 -0.05)
(6.205313073 5 -0.05)
(6.405392332 5 -0.05)
(6.605479222 5 -0.05)
(6.805681093 5 -0.05)
(7.00613233 5 -0.05)
(7.206581146 5 -0.05)
(7.407240029 5 -0.05)
(7.607454189 5 -0.05)
(7.807537225 5 -0.05)
(8.007600913 5 -0.05)
(8.207660223 5 -0.05)
(8.407716175 5 -0.05)
(8.607496226 5 -0.05)
(8.80727494 5 -0.05)
(9.007052384 5 -0.05)
(9.206828622 5 -0.05)
(9.406603712 5 -0.05)
(9.60637771 5 -0.05)
(9.806150668 5 -0.05)
(10.00592264 5 -0.05)
(10.20569366 5 -0.05)
(10.40546378 5 -0.05)
(10.60523305 5 -0.05)
(10.80500149 5 -0.05)
(11.00476915 5 -0.05)
(11.20453606 5 -0.05)
(11.40430226 5 -0.05)
(11.60406777 5 -0.05)
(11.80383262 5 -0.05)
(12.00359685 5 -0.05)
(12.20336047 5 -0.05)
(12.40312352 5 -0.05)
(12.60288602 5 -0.05)
(12.80264799 5 -0.05)
(13.00240944 5 -0.05)
(13.20217041 5 -0.05)
(13.40193091 5 -0.05)
(13.60169096 5 -0.05)
(13.80145057 5 -0.05)
(14.00120977 5 -0.05)
(14.20096856 5 -0.05)
(14.40072697 5 -0.05)
(14.600485 5 -0.05)
(14.80024267 5 -0.05)
(15 5 -0.05)
(0.6111473721 1.318151927e-05 0.05)
(0.8132913163 4.178434909e-06 0.05)
(1.014815801 1.417535792e-06 0.05)
(1.214992456 9.054618853e-07 0.05)
(1.414891449 6.692879914e-07 0.05)
(1.614697878 5.719087354e-07 0.05)
(1.814452375 5.174919136e-07 0.05)
(2.014170649 4.834972498e-07 0.05)
(2.213865572 4.604048417e-07 0.05)
(2.413547485 4.43174545e-07 0.05)
(2.613224403 4.291042689e-07 0.05)
(2.81290229 4.167936019e-07 0.05)
(3.012585386 4.0554277e-07 0.05)
(3.212279997 3.951255363e-07 0.05)
(3.411991609 3.855014565e-07 0.05)
(3.611721429 3.766003311e-07 0.05)
(3.811469915 3.683808469e-07 0.05)
(4.011236985 3.608097885e-07 0.05)
(4.211022172 3.538542168e-07 0.05)
(4.410824758 3.474795155e-07 0.05)
(4.610643861 3.416496557e-07 0.05)
(4.810478502 3.363280472e-07 0.05)
(5.010327661 3.31478369e-07 0.05)
(5.210190306 3.270652066e-07 0.05)
(5.410065423 3.230544907e-07 0.05)
(5.609952031 3.194137773e-07 0.05)
(5.809849191 3.161124133e-07 0.05)
(6.009756016 3.13121623e-07 0.05)
(6.209671676 3.104145404e-07 0.05)
(6.409595394 3.079662006e-07 0.05)
(6.609526453 3.05753503e-07 0.05)
(6.80946419 3.037551516e-07 0.05)
(7.009407996 3.019515793e-07 0.05)
(7.209357312 3.003248597e-07 0.05)
(7.409311628 2.988586108e-07 0.05)
(7.609270478 2.975378944e-07 0.05)
(7.809233438 2.96349114e-07 0.05)
(8.009152298 2.937448892e-07 0.05)
(8.208890804 2.853521783e-07 0.05)
(8.408629309 2.769594672e-07 0.05)
(8.608367815 2.685667562e-07 0.05)
(8.808106321 2.60174045e-07 0.05)
(9.007844827 2.51781334e-07 0.05)
(9.207583332 2.433886228e-07 0.05)
(9.407321838 2.349959116e-07 0.05)
(9.607060344 2.266032005e-07 0.05)
(9.80679885 2.182104894e-07 0.05)
(10.00653736 2.098177783e-07 0.05)
(10.20627586 2.014250671e-07 0.05)
(10.40601437 1.93032356e-07 0.05)
(10.60575287 1.846396449e-07 0.05)
(10.80549138 1.762469338e-07 0.05)
(11.00522988 1.678542226e-07 0.05)
(11.20496839 1.594615116e-07 0.05)
(11.4047069 1.510688003e-07 0.05)
(11.6044454 1.426760892e-07 0.05)
(11.80418391 1.342833782e-07 0.05)
(12.00392241 1.25890667e-07 0.05)
(12.20366092 1.174979558e-07 0.05)
(12.40339942 1.091052446e-07 0.05)
(12.60313793 1.007125336e-07 0.05)
(12.80287644 9.231982246e-08 0.05)
(13.00261494 8.392711129e-08 0.05)
(13.20235345 7.553440012e-08 0.05)
(13.40209195 6.71416891e-08 0.05)
(13.60183046 5.874897794e-08 0.05)
(13.80156897 5.035626671e-08 0.05)
(14.00130747 4.196355569e-08 0.05)
(14.20104598 3.357084452e-08 0.05)
(14.40078448 2.517813336e-08 0.05)
(14.60052299 1.678337478e-08 0.05)
(14.80026149 8.368847098e-09 0.05)
(15 -1.480348211e-31 0.05)
(0.611137599 0.2039031187 0.05)
(0.8130997892 0.2038804148 0.05)
(1.014507484 0.2031238517 0.05)
(1.214681139 0.2026012261 0.05)
(1.414583941 0.2023730553 0.05)
(1.614384473 0.2022645036 0.05)
(1.814128359 0.2022196762 0.05)
(2.01384245 0.2021716583 0.05)
(2.213542209 0.202122036 0.05)
(2.413238238 0.2020713972 0.05)
(2.612938409 0.2020216898 0.05)
(2.812648439 0.2019740682 0.05)
(3.012372199 0.2019291688 0.05)
(3.212112074 0.2018872938 0.05)
(3.4118693 0.201848533 0.05)
(3.611644262 0.2018128445 0.05)
(3.811436742 0.2017801073 0.05)
(4.011258972 0.2017521561 0.05)
(4.211046208 0.2017188667 0.05)
(4.410849857 0.2016882012 0.05)
(4.610669155 0.2016600156 0.05)
(4.810503239 0.2016341588 0.05)
(5.010351194 0.2016104778 0.05)
(5.210212092 0.2015888212 0.05)
(5.410085011 0.2015690413 0.05)
(5.609969055 0.201550996 0.05)
(5.809863362 0.2015345495 0.05)
(6.009767112 0.2015195734 0.05)
(6.209679533 0.2015059471 0.05)
(6.409599901 0.2014935574 0.05)
(6.609527541 0.2014822994 0.05)
(6.809461827 0.2014720755 0.05)
(7.009402181 0.2014627955 0.05)
(7.209348068 0.2014543766 0.05)
(7.409298999 0.2014467425 0.05)
(7.609254526 0.2014398234 0.05)
(7.809214238 0.2014335552 0.05)
(8.009036921 0.2014059682 0.05)
(8.208778735 0.2013657995 0.05)
(8.408520547 0.2013256306 0.05)
(8.608262359 0.2012854615 0.05)
(8.808004169 0.2012452922 0.05)
(9.007745978 0.2012051228 0.05)
(9.207487787 0.2011649532 0.05)
(9.407229594 0.2011247835 0.05)
(9.606971401 0.2010846137 0.05)
(9.806713207 0.2010444437 0.05)
(10.00645501 0.2010042737 0.05)
(10.20619682 0.2009641035 0.05)
(10.40593862 0.2009239333 0.05)
(10.60568042 0.2008837629 0.05)
(10.80542223 0.2008435925 0.05)
(11.00516403 0.200803422 0.05)
(11.20490583 0.2007632514 0.05)
(11.40464763 0.2007230807 0.05)
(11.60438943 0.20068291 0.05)
(11.80413123 0.2006427392 0.05)
(12.00387303 0.2006025684 0.05)
(12.20361483 0.2005623975 0.05)
(12.40335663 0.2005222265 0.05)
(12.60309843 0.2004820555 0.05)
(12.80284023 0.2004418844 0.05)
(13.00258203 0.2004017133 0.05)
(13.20232383 0.2003615421 0.05)
(13.40206563 0.2003213709 0.05)
(13.60180742 0.2002811997 0.05)
(13.80154922 0.2002410284 0.05)
(14.00129102 0.2002008571 0.05)
(14.20103281 0.2001606857 0.05)
(14.40077461 0.2001205144 0.05)
(14.60051641 0.2000803313 0.05)
(14.80025823 0.2000400174 0.05)
(15 0.2 0.05)
(0.6100290137 0.4055376266 0.05)
(0.8124915577 0.4064588477 0.05)
(1.013173733 0.4065379489 0.05)
(1.214240514 0.4038836651 0.05)
(1.414195199 0.4034820404 0.05)
(1.614094028 0.4029018351 0.05)
(1.81385009 0.4027438542 0.05)
(2.013568133 0.4026358194 0.05)
(2.213264461 0.4025774747 0.05)
(2.412959145 0.4025191953 0.05)
(2.612659797 0.4024620959 0.05)
(2.812372032 0.4024061415 0.05)
(3.012099308 0.4023526886 0.05)
(3.211843695 0.4023024722 0.05)
(3.411606181 0.4022558281 0.05)
(3.611386955 0.4022128398 0.05)
(3.811185643 0.402173436 0.05)
(4.011001491 0.402137454 0.05)
(4.210833516 0.4021046824 0.05)
(4.41068061 0.4020748867 0.05)
(4.610541615 0.4020478271 0.05)
(4.810415379 0.4020232685 0.05)
(5.010300789 0.4020009866 0.05)
(5.210196791 0.4019807712 0.05)
(5.410102401 0.4019624278 0.05)
(5.610037404 0.4019497974 0.05)
(5.8099289 0.4019287176 0.05)
(6.009829624 0.4019094317 0.05)
(6.209738861 0.4018917999 0.05)
(6.409655933 0.4018756906 0.05)
(6.609580208 0.4018609805 0.05)
(6.809511094 0.4018475548 0.05)
(7.009448042 0.4018353067 0.05)
(7.209390543 0.4018241374 0.05)
(7.409338128 0.4018139556 0.05)
(7.609290364 0.4018046773 0.05)
(7.809230754 0.4017930979 0.05)
(8.008974449 0.40174331 0.05)
(8.208718132 0.4016935198 0.05)
(8.408461805 0.4016437276 0.05)
(8.608205469 0.4015939336 0.05)
(8.807949123 0.4015441378 0.05)
(9.00769277 0.4014943405 0.05)
(9.207436408 0.4014445416 0.05)
(9.407180039 0.4013947413 0.05)
(9.606923664 0.4013449397 0.05)
(9.806667282 0.4012951369 0.05)
(10.00641089 0.4012453329 0.05)
(10.2061545 0.4011955279 0.05)
(10.4058981 0.4011457218 0.05)
(10.6056417 0.4010959149 0.05)
(10.80538529 0.401046107 0.05)
(11.00512888 0.4009962982 0.05)
(11.20487246 0.4009464887 0.05)
(11.40461604 0.4008966784 0.05)
(11.60435962 0.4008468674 0.05)
(11.80410319 0.4007970557 0.05)
(12.00384676 0.4007472434 0.05)
(12.20359033 0.4006974305 0.05)
(12.40333389 0.400647617 0.05)
(12.60307745 0.400597803 0.05)
(12.80282101 0.4005479884 0.05)
(13.00256456 0.4004981734 0.05)
(13.20230812 0.4004483578 0.05)
(13.40205167 0.4003985418 0.05)
(13.60179522 0.4003487254 0.05)
(13.80153876 0.4002989086 0.05)
(14.00128231 0.4002490914 0.05)
(14.20102585 0.4001992738 0.05)
(14.40076939 0.4001494559 0.05)
(14.60051293 0.4000996376 0.05)
(14.80025647 0.4000498004 0.05)
(15 0.4 0.05)
(0.6094433468 0.6086490451 0.05)
(0.8108631995 0.6092279005 0.05)
(1.012531115 0.6074372121 0.05)
(1.212935998 0.6066890419 0.05)
(1.41320071 0.6057242676 0.05)
(1.613542103 0.6040675714 0.05)
(1.813454714 0.6033771801 0.05)
(2.013284845 0.6027916699 0.05)
(2.21300405 0.6026238722 0.05)
(2.412711392 0.6025124744 0.05)
(2.612416062 0.602453229 0.05)
(2.812132976 0.6023982226 0.05)
(3.011865658 0.6023469552 0.05)
(3.211616287 0.6022983643 0.05)
(3.411385606 0.6022530252 0.05)
(3.611173613 0.6022111702 0.05)
(3.810979781 0.6021728163 0.05)
(4.010803236 0.6021378506 0.05)
(4.210642899 0.6021060864 0.05)
(4.410497583 0.6020772994 0.05)
(4.610366069 0.6020512514 0.05)
(4.810247157 0.6020277041 0.05)
(5.010139694 0.6020064282 0.05)
(5.210042597 0.6019872078 0.05)
(5.409954864 0.6019698429 0.05)
(5.609875572 0.6019541501 0.05)
(5.809803883 0.6019399628 0.05)
(6.009739034 0.6019271299 0.05)
(6.209680342 0.6019155154 0.05)
(6.409627187 0.601904997 0.05)
(6.609579015 0.6018954648 0.05)
(6.80953533 0.6018868204 0.05)
(7.009495685 0.6018789756 0.05)
(7.209482559 0.6018763783 0.05)
(7.409426964 0.6018653774 0.05)
(7.609376063 0.6018553052 0.05)
(7.809217418 0.601823913 0.05)
(8.008961664 0.6017733052 0.05)
(8.208705879 0.6017226914 0.05)
(8.408450066 0.6016720719 0.05)
(8.608194227 0.6016214473 0.05)
(8.807938364 0.6015708179 0.05)
(9.007682478 0.6015201839 0.05)
(9.20742657 0.6014695458 0.05)
(9.407170644 0.6014189039 0.05)
(9.606914698 0.6013682582 0.05)
(9.806658736 0.6013176092 0.05)
(10.00640276 0.601266957 0.05)
(10.20614676 0.6012163018 0.05)
(10.40589076 0.6011656437 0.05)
(10.60563473 0.6011149831 0.05)
(10.8053787 0.6010643199 0.05)
(11.00512265 0.6010136544 0.05)
(11.2048666 0.6009629867 0.05)
(11.40461053 0.6009123168 0.05)
(11.60435445 0.600861645 0.05)
(11.80409837 0.6008109713 0.05)
(12.00384227 0.6007602959 0.05)
(12.20358616 0.6007096187 0.05)
(12.40333005 0.6006589399 0.05)
(12.60307393 0.6006082596 0.05)
(12.8028178 0.6005575779 0.05)
(13.00256167 0.6005068948 0.05)
(13.20230553 0.6004562103 0.05)
(13.40204938 0.6004055246 0.05)
(13.60179323 0.6003548377 0.05)
(13.80153707 0.6003041497 0.05)
(14.0012809 0.6002534605 0.05)
(14.20102473 0.6002027703 0.05)
(14.40076855 0.6001520792 0.05)
(14.60051237 0.600101387 0.05)
(14.80025619 0.6000506939 0.05)
(15 0.6 0.05)
(0.6091751228 0.8108001959 0.05)
(0.8105130476 0.80988315 0.05)
(1.010943185 0.8094134878 0.05)
(1.211440954 0.8086051889 0.05)
(1.41202089 0.8074321783 0.05)
(1.61229737 0.8064427286 0.05)
(1.812464935 0.805421595 0.05)
(2.012698633 0.8038444399 0.05)
(2.212571152 0.8031776449 0.05)
(2.412391511 0.8026209439 0.05)
(2.612126264 0.8024566067 0.05)
(2.811862581 0.8023502758 0.05)
(3.011605554 0.8022961514 0.05)
(3.211366139 0.8022484654 0.05)
(3.411145298 0.8022057205 0.05)
(3.610943259 0.8021662314 0.05)
(3.810759363 0.8021300804 0.05)
(4.010592637 0.8020971944 0.05)
(4.210441922 0.8020674102 0.05)
(4.410305974 0.8020405162 0.05)
(4.610183531 0.8020162807 0.05)
(4.810073359 0.8019944686 0.05)
(5.009974286 0.8019748517 0.05)
(5.209885217 0.8019572149 0.05)
(5.40980514 0.8019413589 0.05)
(5.609733133 0.8019271011 0.05)
(5.809668363 0.8019142762 0.05)
(6.009610074 0.8019027349 0.05)
(6.20955759 0.8018923433 0.05)
(6.409510307 0.8018829814 0.05)
(6.609467683 0.8018745421 0.05)
(6.809429236 0.8018669296 0.05)
(7.009394534 0.8018600588 0.05)
(7.209363194 0.8018538537 0.05)
(7.409334874 0.8018482465 0.05)
(7.609309268 0.8018431768 0.05)
(7.809206761 0.801822881 0.05)
(8.008951571 0.801772355 0.05)
(8.208696322 0.8017218172 0.05)
(8.408441018 0.8016712686 0.05)
(8.608185663 0.8016207099 0.05)
(8.807930261 0.8015701419 0.05)
(9.007674815 0.8015195652 0.05)
(9.207419328 0.8014689804 0.05)
(9.407163803 0.8014183881 0.05)
(9.606908242 0.8013677887 0.05)
(9.806652648 0.8013171827 0.05)
(10.00639702 0.8012665705 0.05)
(10.20614137 0.8012159525 0.05)
(10.40588569 0.801165329 0.05)
(10.60562998 0.8011147005 0.05)
(10.80537425 0.801064067 0.05)
(11.00511849 0.801013429 0.05)
(11.20486271 0.8009627867 0.05)
(11.40460692 0.8009121403 0.05)
(11.6043511 0.8008614901 0.05)
(11.80409526 0.8008108362 0.05)
(12.00383941 0.8007601788 0.05)
(12.20358354 0.8007095182 0.05)
(12.40332765 0.8006588544 0.05)
(12.60307175 0.8006081877 0.05)
(12.80281584 0.8005575182 0.05)
(13.00255991 0.8005068459 0.05)
(13.20230397 0.8004561711 0.05)
(13.40204801 0.8004054939 0.05)
(13.60179205 0.8003548143 0.05)
(13.80153607 0.8003041325 0.05)
(14.00128008 0.8002534485 0.05)
(14.20102409 0.8002027626 0.05)
(14.40076808 0.8001520746 0.05)
(14.60051206 0.8001013849 0.05)
(14.80025603 0.8000506933 0.05)
(15 0.8 0.05)
(0.4064150592 1.012923945 0.05)
(0.6073276964 1.012348058 0.05)
(0.8094509112 1.010746598 0.05)
(1.010334666 1.009758975 0.05)
(1.210621582 1.009179944 0.05)
(1.410759383 1.008652839 0.05)
(1.6108429 1.008097324 0.05)
(1.81127845 1.00697684 0.05)
(2.011473587 1.006016522 0.05)
(2.211594078 1.005050909 0.05)
(2.411792329 1.003587676 0.05)
(2.611675928 1.002964804 0.05)
(2.811523564 1.002447408 0.05)
(3.011300623 1.002295297 0.05)
(3.211084587 1.002199508 0.05)
(3.410878283 1.002152083 0.05)
(3.610689068 1.002115429 0.05)
(3.810517702 1.002081945 0.05)
(4.01036313 1.002051582 0.05)
(4.210224136 1.002024189 0.05)
(4.410099434 1.001999564 0.05)
(4.609987739 1.001977482 0.05)
(4.809887802 1.001957711 0.05)
(5.009798449 1.001940027 0.05)
(5.209718586 1.001924217 0.05)
(5.409647212 1.001910087 0.05)
(5.609583419 1.001897457 0.05)
(5.809526388 1.001886165 0.05)
(6.009475386 1.001876067 0.05)
(6.209429755 1.001867032 0.05)
(6.409388913 1.001858946 0.05)
(6.609352341 1.001851705 0.05)
(6.809319578 1.001845218 0.05)
(7.009290214 1.001839404 0.05)
(7.209263887 1.001834192 0.05)
(7.409240276 1.001829517 0.05)
(7.609219095 1.001825323 0.05)
(7.809192927 1.001820142 0.05)
(8.008938473 1.001769762 0.05)
(8.208683923 1.001719362 0.05)
(8.408429282 1.001668945 0.05)
(8.608174559 1.001618512 0.05)
(8.807919759 1.001568063 0.05)
(9.007664887 1.0015176 0.05)
(9.207409949 1.001467123 0.05)
(9.407154948 1.001416635 0.05)
(9.606899889 1.001366135 0.05)
(9.806644775 1.001315624 0.05)
(10.00638961 1.001265103 0.05)
(10.2061344 1.001214572 0.05)
(10.40587914 1.001164033 0.05)
(10.60562384 1.001113485 0.05)
(10.8053685 1.001062929 0.05)
(11.00511312 1.001012365 0.05)
(11.2048577 1.000961795 0.05)
(11.40460226 1.000911218 0.05)
(11.60434678 1.000860634 0.05)
(11.80409127 1.000810045 0.05)
(12.00383573 1.00075945 0.05)
(12.20358016 1.000708849 0.05)
(12.40332457 1.000658244 0.05)
(12.60306895 1.000607633 0.05)
(12.80281331 1.000557018 0.05)
(13.00255765 1.000506398 0.05)
(13.20230196 1.000455775 0.05)
(13.40204626 1.000405147 0.05)
(13.60179054 1.000354515 0.05)
(13.8015348 1.00030388 0.05)
(14.00127904 1.000253241 0.05)
(14.20102326 1.000202599 0.05)
(14.40076747 1.000151954 0.05)
(14.60051166 1.000101305 0.05)
(14.80025584 1.000050654 0.05)
(15 1 0.05)
(0.4037546675 1.213782671 0.05)
(0.6065103778 1.212585896 0.05)
(0.80849174 1.21115867 0.05)
(1.009442192 1.210168489 0.05)
(1.209959966 1.209361096 0.05)
(1.41013047 1.208824856 0.05)
(1.610023239 1.208532118 0.05)
(1.810029903 1.208053832 0.05)
(2.010063435 1.207502337 0.05)
(2.21043997 1.206455553 0.05)
(2.410613583 1.205567121 0.05)
(2.61073279 1.204680036 0.05)
(2.81093353 1.203335121 0.05)
(3.010853004 1.202762555 0.05)
(3.210745938 1.20228138 0.05)
(3.4105831 1.202104644 0.05)
(3.610411707 1.202060211 0.05)
(3.810255416 1.202029825 0.05)
(4.010115296 1.202002396 0.05)
(4.209990086 1.201977778 0.05)
(4.40987848 1.201955775 0.05)
(4.60977918 1.201936164 0.05)
(4.809690945 1.20191872 0.05)
(5.009612611 1.201903224 0.05)
(5.209543105 1.201889469 0.05)
(5.409481451 1.201877265 0.05)
(5.609426768 1.20186644 0.05)
(5.809378268 1.201856838 0.05)
(6.009335248 1.20184832 0.05)
(6.209297084 1.201840764 0.05)
(6.409263224 1.20183406 0.05)
(6.60923318 1.201828112 0.05)
(6.809206521 1.201822833 0.05)
(7.009182866 1.20181815 0.05)
(7.20916188 1.201813995 0.05)
(7.409143267 1.20181031 0.05)
(7.609126766 1.201807042 0.05)
(7.809112145 1.201804148 0.05)
(8.008922225 1.201766545 0.05)
(8.208668538 1.201716316 0.05)
(8.408414718 1.201666061 0.05)
(8.608160776 1.201615783 0.05)
(8.807906721 1.201565481 0.05)
(9.00765256 1.201515159 0.05)
(9.2073983 1.201464817 0.05)
(9.407143948 1.201414457 0.05)
(9.60688951 1.20136408 0.05)
(9.806634991 1.201313687 0.05)
(10.0063804 1.201263278 0.05)
(10.20612573 1.201212856 0.05)
(10.405871 1.201162421 0.05)
(10.6056162 1.201111973 0.05)
(10.80536135 1.201061513 0.05)
(11.00510644 1.201011043 0.05)
(11.20485147 1.200960561 0.05)
(11.40459646 1.20091007 0.05)
(11.6043414 1.20085957 0.05)
(11.80408629 1.20080906 0.05)
(12.00383114 1.200758543 0.05)
(12.20357596 1.200708017 0.05)
(12.40332073 1.200657484 0.05)
(12.60306547 1.200606943 0.05)
(12.80281017 1.200556395 0.05)
(13.00255484 1.200505841 0.05)
(13.20229947 1.200455281 0.05)
(13.40204408 1.200404715 0.05)
(13.60178866 1.200354143 0.05)
(13.80153321 1.200303566 0.05)
(14.00127773 1.200252983 0.05)
(14.20102223 1.200202396 0.05)
(14.40076671 1.200151803 0.05)
(14.60051116 1.200101207 0.05)
(14.80025559 1.200050605 0.05)
(15 1.2 0.05)
(0.403307682 1.413500261 0.05)
(0.6054763737 1.412632947 0.05)
(0.8071732489 1.411587108 0.05)
(1.008513663 1.41039881 0.05)
(1.209099109 1.409611705 0.05)
(1.409610636 1.408736969 0.05)
(1.609601986 1.408349281 0.05)
(1.809423218 1.408114018 0.05)
(2.009247014 1.407861073 0.05)
(2.209239851 1.407409381 0.05)
(2.409274504 1.406904628 0.05)
(2.609632641 1.405953946 0.05)
(2.809815006 1.405148734 0.05)
(3.009958055 1.404338094 0.05)
(3.21020509 1.403018332 0.05)
(3.410237392 1.402178437 0.05)
(3.610111115 1.402007854 0.05)
(3.809973736 1.401973957 0.05)
(4.00985028 1.401949861 0.05)
(4.209740846 1.40192839 0.05)
(4.409644116 1.401909347 0.05)
(4.609558799 1.401892515 0.05)
(4.809483672 1.401877673 0.05)
(5.009417602 1.401864608 0.05)
(5.20935955 1.401853123 0.05)
(5.40930858 1.401843036 0.05)
(5.609263855 1.401834183 0.05)
(5.809224629 1.401826418 0.05)
(6.009190244 1.40181961 0.05)
(6.209160119 1.401813646 0.05)
(6.409133742 1.401808424 0.05)
(6.609110666 1.401803855 0.05)
(6.809090497 1.401799861 0.05)
(7.009072889 1.401796375 0.05)
(7.209057541 1.401793336 0.05)
(7.409044188 1.401790692 0.05)
(7.609032596 1.401788397 0.05)
(7.809022562 1.401786411 0.05)
(8.008902895 1.401762717 0.05)
(8.208650229 1.401712691 0.05)
(8.408397382 1.401662629 0.05)
(8.608144366 1.401612533 0.05)
(8.807891193 1.401562407 0.05)
(9.007637875 1.401512251 0.05)
(9.20738442 1.401462069 0.05)
(9.407130839 1.401411861 0.05)
(9.606877139 1.40136163 0.05)
(9.806623327 1.401311377 0.05)
(10.00636941 1.401261103 0.05)
(10.2061154 1.40121081 0.05)
(10.40586129 1.401160498 0.05)
(10.60560709 1.40111017 0.05)
(10.80535282 1.401059825 0.05)
(11.00509847 1.401009464 0.05)
(11.20484404 1.400959089 0.05)
(11.40458954 1.400908701 0.05)
(11.60433498 1.400858299 0.05)
(11.80408036 1.400807885 0.05)
(12.00382568 1.40075746 0.05)
(12.20357094 1.400707023 0.05)
(12.40331614 1.400656576 0.05)
(12.6030613 1.400606119 0.05)
(12.80280641 1.400555652 0.05)
(13.00255148 1.400505176 0.05)
(13.2022965 1.400454692 0.05)
(13.40204147 1.400404199 0.05)
(13.60178641 1.400353698 0.05)
(13.80153131 1.40030319 0.05)
(14.00127618 1.400252675 0.05)
(14.201021 1.400202152 0.05)
(14.4007658 1.400151624 0.05)
(14.60051056 1.400101088 0.05)
(14.8002553 1.400050547 0.05)
(15 1.4 0.05)
(0.4026963535 1.613115943 0.05)
(0.6038071641 1.612691322 0.05)
(0.806090862 1.611624475 0.05)
(1.00775995 1.610329611 0.05)
(1.208497715 1.609472436 0.05)
(1.409057973 1.608578611 0.05)
(1.609195552 1.60805612 0.05)
(1.809033168 1.60782491 0.05)
(2.00882084 1.607639788 0.05)
(2.208636682 1.607433524 0.05)
(2.408486573 1.607207369 0.05)
(2.608499044 1.606808628 0.05)
(2.808558319 1.606364152 0.05)
(3.008944803 1.605469426 0.05)
(3.209327095 1.60438009 0.05)
(3.409782968 1.602589017 0.05)
(3.60978058 1.602000212 0.05)
(3.809673349 1.60191912 0.05)
(4.009569538 1.601894258 0.05)
(4.209477765 1.601876288 0.05)
(4.409397596 1.601860528 0.05)
(4.609327759 1.601846764 0.05)
(4.809267065 1.601834782 0.05)
(5.009214423 1.601824377 0.05)
(5.209168847 1.601815364 0.05)
(5.409129457 1.60180757 0.05)
(5.609095472 1.601800844 0.05)
(5.809066203 1.60179505 0.05)
(6.009041047 1.60179007 0.05)
(6.209019479 1.6017858 0.05)
(6.409001037 1.601782149 0.05)
(6.608985322 1.601779037 0.05)
(6.808971986 1.601776397 0.05)
(7.008960725 1.601774167 0.05)
(7.208951277 1.601772297 0.05)
(7.408943411 1.601770739 0.05)
(7.608936929 1.601769456 0.05)
(7.808931657 1.601768412 0.05)
(8.008880563 1.601758296 0.05)
(8.208629069 1.601708502 0.05)
(8.408377338 1.60165866 0.05)
(8.608125387 1.601608776 0.05)
(8.80787323 1.60155885 0.05)
(9.007620883 1.601508887 0.05)
(9.207368356 1.601458888 0.05)
(9.407115663 1.601408857 0.05)
(9.606862814 1.601358794 0.05)
(9.806609818 1.601308703 0.05)
(10.00635668 1.601258584 0.05)
(10.20610342 1.601208439 0.05)
(10.40585004 1.601158271 0.05)
(10.60559654 1.60110808 0.05)
(10.80534293 1.601057867 0.05)
(11.00508922 1.601007634 0.05)
(11.20483542 1.600957382 0.05)
(11.40458152 1.600907112 0.05)
(11.60432754 1.600856825 0.05)
(11.80407347 1.600806522 0.05)
(12.00381933 1.600756203 0.05)
(12.20356511 1.60070587 0.05)
(12.40331083 1.600655523 0.05)
(12.60305647 1.600605162 0.05)
(12.80280205 1.600554789 0.05)
(13.00254757 1.600504404 0.05)
(13.20229304 1.600454007 0.05)
(13.40203845 1.6004036 0.05)
(13.6017838 1.600353182 0.05)
(13.80152911 1.600302754 0.05)
(14.00127437 1.600252317 0.05)
(14.20101958 1.60020187 0.05)
(14.40076475 1.600151415 0.05)
(14.60050987 1.600100951 0.05)
(14.80025495 1.600050479 0.05)
(15 1.6 0.05)
(0.4024845061 1.812555525 0.05)
(0.6030816421 1.812297277 0.05)
(0.8050003154 1.811500052 0.05)
(1.006510664 1.81051601 0.05)
(1.207674951 1.809419838 0.05)
(1.408201305 1.808666761 0.05)
(1.608636768 1.807853074 0.05)
(1.808616552 1.807491052 0.05)
(2.0084325 1.807303833 0.05)
(2.208240903 1.807140026 0.05)
(2.408062896 1.806982751 0.05)
(2.607919465 1.806812636 0.05)
(2.807813224 1.806628888 0.05)
(3.007887834 1.806254251 0.05)
(3.20822494 1.805521682 0.05)
(3.409142221 1.803394685 0.05)
(3.60939103 1.80217259 0.05)
(3.809341077 1.801939658 0.05)
(4.009272674 1.801846718 0.05)
(4.209202459 1.801821785 0.05)
(4.409140413 1.801809609 0.05)
(4.609087439 1.801799182 0.05)
(4.809042393 1.801790297 0.05)
(5.009004243 1.801782763 0.05)
(5.208972072 1.801776403 0.05)
(5.408945067 1.801771062 0.05)
(5.60892252 1.8017666 0.05)
(5.808903814 1.801762898 0.05)
(6.008888413 1.801759849 0.05)
(6.208875854 1.801757363 0.05)
(6.40886574 1.801755361 0.05)
(6.608857725 1.801753774 0.05)
(6.808851515 1.801752545 0.05)
(7.008846855 1.801751622 0.05)
(7.208843527 1.801750963 0.05)
(7.40884134 1.80175053 0.05)
(7.608840134 1.801750291 0.05)
(7.808839768 1.801750219 0.05)
(8.008855316 1.801753297 0.05)
(8.208605139 1.801703764 0.05)
(8.408354663 1.801654171 0.05)
(8.608103909 1.801604523 0.05)
(8.807852896 1.801554824 0.05)
(9.007601641 1.801505077 0.05)
(9.207350161 1.801455286 0.05)
(9.407098469 1.801405452 0.05)
(9.60684658 1.80135558 0.05)
(9.806594505 1.801305671 0.05)
(10.00634226 1.801255727 0.05)
(10.20608984 1.801205751 0.05)
(10.40583728 1.801155744 0.05)
(10.60558456 1.801105709 0.05)
(10.80533171 1.801055646 0.05)
(11.00507873 1.801005557 0.05)
(11.20482563 1.800955445 0.05)
(11.40457241 1.800905309 0.05)
(11.60431909 1.800855152 0.05)
(11.80406565 1.800804974 0.05)
(12.00381212 1.800754776 0.05)
(12.2035585 1.80070456 0.05)
(12.40330478 1.800654326 0.05)
(12.60305098 1.800604075 0.05)
(12.8027971 1.800553808 0.05)
(13.00254314 1.800503526 0.05)
(13.20228911 1.800453229 0.05)
(13.40203501 1.800402919 0.05)
(13.60178084 1.800352595 0.05)
(13.8015266 1.800302258 0.05)
(14.00127231 1.800251909 0.05)
(14.20101796 1.800201549 0.05)
(14.40076355 1.800151177 0.05)
(14.60050908 1.800100795 0.05)
(14.80025457 1.800050402 0.05)
(15 1.8 0.05)
(0.4023140304 2.011920647 0.05)
(0.6024704707 2.011779791 0.05)
(0.8034381612 2.011370622 0.05)
(1.00545217 2.010395895 0.05)
(1.206912904 2.009220241 0.05)
(1.407555625 2.008434588 0.05)
(1.608036734 2.007621989 0.05)
(1.808152644 2.007146281 0.05)
(2.008014151 2.006940824 0.05)
(2.207842037 2.006792276 0.05)
(2.407681099 2.006655538 0.05)
(2.607535882 2.006529235 0.05)
(2.807407708 2.006413665 0.05)
(3.007318596 2.00628344 0.05)
(3.207353859 2.00603427 0.05)
(3.407947429 2.005015355 0.05)
(3.608678571 2.003283763 0.05)
(3.808829895 2.00260008 0.05)
(4.008923951 2.001985449 0.05)
(4.208913167 2.001783465 0.05)
(4.408874288 2.001756928 0.05)
(4.608839419 2.00175008 0.05)
(4.808811105 2.001744506 0.05)
(5.008788389 2.001740026 0.05)
(5.208770433 2.00173648 0.05)
(5.408756514 2.001733729 0.05)
(5.608746007 2.001731652 0.05)
(5.808738378 2.001730143 0.05)
(6.008733172 2.001729113 0.05)
(6.208730001 2.001728485 0.05)
(6.408728537 2.001728195 0.05)
(6.6087285 2.001728188 0.05)
(6.808729653 2.001728417 0.05)
(7.008731797 2.001728841 0.05)
(7.208734762 2.001729428 0.05)
(7.408738405 2.001730149 0.05)
(7.608742603 2.00173098 0.05)
(7.808747253 2.001731901 0.05)
(8.008752268 2.001732894 0.05)
(8.208578531 2.001698495 0.05)
(8.40832944 2.001649177 0.05)
(8.608080009 2.001599791 0.05)
(8.80783026 2.001550342 0.05)
(9.007580215 2.001500835 0.05)
(9.207329892 2.001451273 0.05)
(9.407079311 2.001401659 0.05)
(9.606828486 2.001351997 0.05)
(9.806577433 2.001302291 0.05)
(10.00632617 2.001252541 0.05)
(10.2060747 2.001202752 0.05)
(10.40582304 2.001152925 0.05)
(10.6055712 2.001103063 0.05)
(10.80531919 2.001053167 0.05)
(11.00506702 2.001003239 0.05)
(11.20481471 2.000953282 0.05)
(11.40456224 2.000903296 0.05)
(11.60430965 2.000853283 0.05)
(11.80405692 2.000803244 0.05)
(12.00380407 2.000753182 0.05)
(12.2035511 2.000703096 0.05)
(12.40329803 2.000652989 0.05)
(12.60304485 2.00060286 0.05)
(12.80279156 2.000552712 0.05)
(13.00253819 2.000502545 0.05)
(13.20228472 2.00045236 0.05)
(13.40203116 2.000402157 0.05)
(13.60177752 2.000351938 0.05)
(13.8015238 2.000301704 0.05)
(14.00127001 2.000251454 0.05)
(14.20101614 2.00020119 0.05)
(14.4007622 2.000150911 0.05)
(14.6005082 2.00010062 0.05)
(14.80025413 2.000050316 0.05)
(15 2 0.05)
(0.4021808837 2.211227429 0.05)
(0.6022397225 2.211118649 0.05)
(0.8027415963 2.210862889 0.05)
(1.00441745 2.210142907 0.05)
(1.205729861 2.209258561 0.05)
(1.406736558 2.208280744 0.05)
(1.607191069 2.207608735 0.05)
(1.807563874 2.206885827 0.05)
(2.00755515 2.206571404 0.05)
(2.207417471 2.206423745 0.05)
(2.407278715 2.206305098 0.05)
(2.607155117 2.206199378 0.05)
(2.807047297 2.206106554 0.05)
(3.006955442 2.206025622 0.05)
(3.206887461 2.205945604 0.05)
(3.40694764 2.205739948 0.05)
(3.607260863 2.205216614 0.05)
(3.807583507 2.204624706 0.05)
(4.008294127 2.202998907 0.05)
(4.208566539 2.201970382 0.05)
(4.408597149 2.201722974 0.05)
(4.60858498 2.201702296 0.05)
(4.808574821 2.201697727 0.05)
(5.008568333 2.201696458 0.05)
(5.208565271 2.20169586 0.05)
(5.408565011 2.201695813 0.05)
(5.608567029 2.201696215 0.05)
(5.808570889 2.201696981 0.05)
(6.008576224 2.201698038 0.05)
(6.208582733 2.201699327 0.05)
(6.408590165 2.201700799 0.05)
(6.608598312 2.201702412 0.05)
(6.808607003 2.201704133 0.05)
(7.008616098 2.201705933 0.05)
(7.208625481 2.201707791 0.05)
(7.408635055 2.201709687 0.05)
(7.608644745 2.201711605 0.05)
(7.808654485 2.201713534 0.05)
(8.008664225 2.201715462 0.05)
(8.208549343 2.201692716 0.05)
(8.408301759 2.201643696 0.05)
(8.608053768 2.201594596 0.05)
(8.807805398 2.20154542 0.05)
(9.007556673 2.201496174 0.05)
(9.207307615 2.201446862 0.05)
(9.407058247 2.201397489 0.05)
(9.606808587 2.201348057 0.05)
(9.806558652 2.201298572 0.05)
(10.00630846 2.201249036 0.05)
(10.20605803 2.201199451 0.05)
(10.40580736 2.201149821 0.05)
(10.60555648 2.201100149 0.05)
(10.8053054 2.201050436 0.05)
(11.00505412 2.201000685 0.05)
(11.20480266 2.200950898 0.05)
(11.40455103 2.200901076 0.05)
(11.60429924 2.200851222 0.05)
(11.80404729 2.200801337 0.05)
(12.00379519 2.200751423 0.05)
(12.20354295 2.200701482 0.05)
(12.40329058 2.200651513 0.05)
(12.60303808 2.20060152 0.05)
(12.80278545 2.200551502 0.05)
(13.00253272 2.200501462 0.05)
(13.20227987 2.2004514 0.05)
(13.40202692 2.200401316 0.05)
(13.60177386 2.200351213 0.05)
(13.80152071 2.200301091 0.05)
(14.00126747 2.200250951 0.05)
(14.20101414 2.200200793 0.05)
(14.40076072 2.200150618 0.05)
(14.60050722 2.200100427 0.05)
(14.80025365 2.200050221 0.05)
(15 2.2 0.05)
(0.4020404483 2.410497078 0.05)
(0.6020546578 2.410408534 0.05)
(0.8021664273 2.410261517 0.05)
(1.0030045 2.409885413 0.05)
(1.204736441 2.409028503 0.05)
(1.405989283 2.408000068 0.05)
(1.60654082 2.407310377 0.05)
(1.806950744 2.406601314 0.05)
(2.007062448 2.406195372 0.05)
(2.206969844 2.406038469 0.05)
(2.40685572 2.405937864 0.05)
(2.606756363 2.405853091 0.05)
(2.806673244 2.405781752 0.05)
(3.006605247 2.405723136 0.05)
(3.206550901 2.405676138 0.05)
(3.406515128 2.40563186 0.05)
(3.60652877 2.405550869 0.05)
(3.806626249 2.405385492 0.05)
(4.007209463 2.404535958 0.05)
(4.207976509 2.402891875 0.05)
(4.408267135 2.401909101 0.05)
(4.608311773 2.401726529 0.05)
(4.808333387 2.401660013 0.05)
(5.008345683 2.401652377 0.05)
(5.208358036 2.40165483 0.05)
(5.408371868 2.401657573 0.05)
(5.608386769 2.401660525 0.05)
(5.80840241 2.401663623 0.05)
(6.008418527 2.401666815 0.05)
(6.208434912 2.401670059 0.05)
(6.4084514 2.401673324 0.05)
(6.608467862 2.401676584 0.05)
(6.808484197 2.401679818 0.05)
(7.008500329 2.401683012 0.05)
(7.208516197 2.401686154 0.05)
(7.40853176 2.401689235 0.05)
(7.608546985 2.401692249 0.05)
(7.80856185 2.401695193 0.05)
(8.008576341 2.401698062 0.05)
(8.208517679 2.401686447 0.05)
(8.408271717 2.401637748 0.05)
(8.608025277 2.401588955 0.05)
(8.807778392 2.401540073 0.05)
(9.00753109 2.401491109 0.05)
(9.207283399 2.401442067 0.05)
(9.407035341 2.401392953 0.05)
(9.60678694 2.401343771 0.05)
(9.806538216 2.401294526 0.05)
(10.00628919 2.40124522 0.05)
(10.20603987 2.401195857 0.05)
(10.40579029 2.401146441 0.05)
(10.60554045 2.401096974 0.05)
(10.80529037 2.40104746 0.05)
(11.00504006 2.400997901 0.05)
(11.20478954 2.400948299 0.05)
(11.40453881 2.400898656 0.05)
(11.60428789 2.400848975 0.05)
(11.80403678 2.400799257 0.05)
(12.0037855 2.400749505 0.05)
(12.20353405 2.40069972 0.05)
(12.40328244 2.400649903 0.05)
(12.60303069 2.400600057 0.05)
(12.80277878 2.400550182 0.05)
(13.00252674 2.400500279 0.05)
(13.20227457 2.400450351 0.05)
(13.40202228 2.400400398 0.05)
(13.60176986 2.400350421 0.05)
(13.80151733 2.400300422 0.05)
(14.00126469 2.400250401 0.05)
(14.20101195 2.400200359 0.05)
(14.4007591 2.400150297 0.05)
(14.60050616 2.400100216 0.05)
(14.80025312 2.400050117 0.05)
(15 2.4 0.05)
(0.4018943341 2.609739289 0.05)
(0.601907266 2.609661672 0.05)
(0.8019312752 2.609548123 0.05)
(1.002361215 2.609310426 0.05)
(1.203786485 2.608685573 0.05)
(1.404904607 2.607918717 0.05)
(1.605774893 2.60706297 0.05)
(1.806144098 2.606499408 0.05)
(2.006480232 2.60588147 0.05)
(2.206494081 2.605648921 0.05)
(2.406414968 2.6055568 0.05)
(2.606341926 2.605493715 0.05)
(2.806285331 2.605445316 0.05)
(3.006243823 2.60540968 0.05)
(3.206215351 2.605385157 0.05)
(3.406197842 2.605370033 0.05)
(3.606190893 2.605360869 0.05)
(3.806200605 2.605347064 0.05)
(4.006353971 2.605173203 0.05)
(4.206941335 2.604375548 0.05)
(4.407667979 2.602901887 0.05)
(4.607889328 2.602323531 0.05)
(4.808054614 2.601792342 0.05)
(5.008118859 2.601624719 0.05)
(5.208150281 2.601613697 0.05)
(5.408178478 2.601619284 0.05)
(5.608206474 2.601624828 0.05)
(5.80823406 2.601630291 0.05)
(6.008261084 2.601635642 0.05)
(6.208287438 2.601640861 0.05)
(6.408313051 2.601645932 0.05)
(6.608337877 2.601650847 0.05)
(6.808361889 2.601655601 0.05)
(7.008385077 2.601660193 0.05)
(7.208407443 2.601664621 0.05)
(7.408428998 2.601668889 0.05)
(7.608449756 2.601672999 0.05)
(7.80846974 2.601676955 0.05)
(8.008488973 2.601680763 0.05)
(8.208483652 2.60167971 0.05)
(8.408239415 2.601631353 0.05)
(8.607994629 2.601582886 0.05)
(8.807749329 2.601534319 0.05)
(9.007503548 2.601485655 0.05)
(9.207257315 2.601436903 0.05)
(9.40701066 2.601388067 0.05)
(9.606763607 2.601339152 0.05)
(9.80651618 2.601290163 0.05)
(10.0062684 2.601241104 0.05)
(10.20602029 2.60119198 0.05)
(10.40577186 2.601142793 0.05)
(10.60552314 2.601093548 0.05)
(10.80527414 2.601044247 0.05)
(11.00502488 2.600994894 0.05)
(11.20477536 2.600945491 0.05)
(11.4045256 2.600896041 0.05)
(11.60427562 2.600846546 0.05)
(11.80402542 2.600797009 0.05)
(12.00377502 2.600747431 0.05)
(12.20352443 2.600697814 0.05)
(12.40327365 2.600648162 0.05)
(12.60302269 2.600598474 0.05)
(12.80277157 2.600548752 0.05)
(13.00252028 2.600499 0.05)
(13.20226884 2.600449216 0.05)
(13.40201726 2.600399404 0.05)
(13.60176553 2.600349564 0.05)
(13.80151367 2.600299697 0.05)
(14.00126168 2.600249805 0.05)
(14.20100957 2.600199889 0.05)
(14.40075734 2.60014995 0.05)
(14.600505 2.600099988 0.05)
(14.80025255 2.600050004 0.05)
(15 2.6 0.05)
(0.4017432733 2.808961731 0.05)
(0.6017568907 2.808893937 0.05)
(0.8017417859 2.808802454 0.05)
(1.001837018 2.808662057 0.05)
(1.202548016 2.808332871 0.05)
(1.404069493 2.807567528 0.05)
(1.605214536 2.806606404 0.05)
(1.805564718 2.806101659 0.05)
(2.005955655 2.805471093 0.05)
(2.206012468 2.805235556 0.05)
(2.405960557 2.805163232 0.05)
(2.60591492 2.805123733 0.05)
(2.80588665 2.805099778 0.05)
(3.00587347 2.805088659 0.05)
(3.205872618 2.805088075 0.05)
(3.405881507 2.805095846 0.05)
(3.605897844 2.805110023 0.05)
(3.805919684 2.805128946 0.05)
(4.005955947 2.805139084 0.05)
(4.206093752 2.80503406 0.05)
(4.406451499 2.804634973 0.05)
(4.606817068 2.804157299 0.05)
(4.807529733 2.802722692 0.05)
(5.007847986 2.801805262 0.05)
(5.207939933 2.801591356 0.05)
(5.407985837 2.801583547 0.05)
(5.608027443 2.801589382 0.05)
(5.808066998 2.801597214 0.05)
(6.008104929 2.801604725 0.05)
(6.208141236 2.801611914 0.05)
(6.408175945 2.801618786 0.05)
(6.608209096 2.80162535 0.05)
(6.808240741 2.801631615 0.05)
(7.00827094 2.801637594 0.05)
(7.208299756 2.8016433 0.05)
(7.408327253 2.801648744 0.05)
(7.608353497 2.80165394 0.05)
(7.808378551 2.801658901 0.05)
(8.00840248 2.801663638 0.05)
(8.208447377 2.801672528 0.05)
(8.408204962 2.801624531 0.05)
(8.607961922 2.801576411 0.05)
(8.807718299 2.801528175 0.05)
(9.007474128 2.80147983 0.05)
(9.207229443 2.801431384 0.05)
(9.406984275 2.801382843 0.05)
(9.606738654 2.801334211 0.05)
(9.806492606 2.801285495 0.05)
(10.00624615 2.801236699 0.05)
(10.20599932 2.801187828 0.05)
(10.40575213 2.801138886 0.05)
(10.6055046 2.801089877 0.05)
(10.80525675 2.801040804 0.05)
(11.0050086 2.800991671 0.05)
(11.20476016 2.800942481 0.05)
(11.40451144 2.800893237 0.05)
(11.60426246 2.800843941 0.05)
(11.80401324 2.800794596 0.05)
(12.00376378 2.800745205 0.05)
(12.2035141 2.800695769 0.05)
(12.4032642 2.800646292 0.05)
(12.60301411 2.800596774 0.05)
(12.80276381 2.800547218 0.05)
(13.00251334 2.800497625 0.05)
(13.20226268 2.800447997 0.05)
(13.40201186 2.800398336 0.05)
(13.60176088 2.800348643 0.05)
(13.80150974 2.800298919 0.05)
(14.00125845 2.800249165 0.05)
(14.20100702 2.800199384 0.05)
(14.40075546 2.800149576 0.05)
(14.60050376 2.800099742 0.05)
(14.80025194 2.800049883 0.05)
(15 2.8 0.05)
(0.4015890357 3.008169984 0.05)
(0.6016036628 3.008111165 0.05)
(0.8015877966 3.008032966 0.05)
(1.001612707 3.007923744 0.05)
(1.202049823 3.007696024 0.05)
(1.403569843 3.006994045 0.05)
(1.60460055 3.006165302 0.05)
(1.805023242 3.005642382 0.05)
(2.005366208 3.005104063 0.05)
(2.20550214 3.004830139 0.05)
(2.405493827 3.004761506 0.05)
(2.605478504 3.004745738 0.05)
(2.805480473 3.004747869 0.05)
(3.005497497 3.00476287 0.05)
(3.205525968 3.004787676 0.05)
(3.405562707 3.004819578 0.05)
(3.605605064 3.004856309 0.05)
(3.805650925 3.004896055 0.05)
(4.005698658 3.004937412 0.05)
(4.20575283 3.004972632 0.05)
(4.40584186 3.004966632 0.05)
(4.60599893 3.0048755 0.05)
(4.806594475 3.004149027 0.05)
(5.007360139 3.002668495 0.05)
(5.207687686 3.001775367 0.05)
(5.407782043 3.001616538 0.05)
(5.60784919 3.001563586 0.05)
(5.807902406 3.001564626 0.05)
(6.007951114 3.00157427 0.05)
(6.207997242 3.001583404 0.05)
(6.408040916 3.001592051 0.05)
(6.608082266 3.001600238 0.05)
(6.808121423 3.001607991 0.05)
(7.008158517 3.001615335 0.05)
(7.208193672 3.001622296 0.05)
(7.408227009 3.001628896 0.05)
(7.608258642 3.001635159 0.05)
(7.808288678 3.001641106 0.05)
(8.008317218 3.001646757 0.05)
(8.208344356 3.00165213 0.05)
(8.408168466 3.001617305 0.05)
(8.607927258 3.001569547 0.05)
(8.807685395 3.00152166 0.05)
(9.007442917 3.001473651 0.05)
(9.207199861 3.001425527 0.05)
(9.406956261 3.001377296 0.05)
(9.606712149 3.001328963 0.05)
(9.806467555 3.001280535 0.05)
(10.00622251 3.001232017 0.05)
(10.20597703 3.001183414 0.05)
(10.40573114 3.001134731 0.05)
(10.60548488 3.001085971 0.05)
(10.80523824 3.00103714 0.05)
(11.00499127 3.00098824 0.05)
(11.20474396 3.000939275 0.05)
(11.40449635 3.000890249 0.05)
(11.60424844 3.000841165 0.05)
(11.80400025 3.000792025 0.05)
(12.0037518 3.000742832 0.05)
(12.20350308 3.000693589 0.05)
(12.40325413 3.000644298 0.05)
(12.60300495 3.000594961 0.05)
(12.80275554 3.00054558 0.05)
(13.00250593 3.000496158 0.05)
(13.20225611 3.000446696 0.05)
(13.4020061 3.000397195 0.05)
(13.60175591 3.000347659 0.05)
(13.80150554 3.000298087 0.05)
(14.001255 3.000248482 0.05)
(14.2010043 3.000198845 0.05)
(14.40075344 3.000149177 0.05)
(14.60050244 3.000099479 0.05)
(14.80025129 3.000049753 0.05)
(15 3 0.05)
(0.4014327645 3.207368218 0.05)
(0.6014474567 3.207317762 0.05)
(0.8014346774 3.207250993 0.05)
(1.001450251 3.207158852 0.05)
(1.201746752 3.206984844 0.05)
(1.402834498 3.206508015 0.05)
(1.603675011 3.205934802 0.05)
(1.804324745 3.20529398 0.05)
(2.004624379 3.204895046 0.05)
(2.204928305 3.204475844 0.05)
(2.405011588 3.204361196 0.05)
(2.605035641 3.204362936 0.05)
(2.805070361 3.20439261 0.05)
(3.005119574 3.204435444 0.05)
(3.205179036 3.204487077 0.05)
(3.405244933 3.204544233 0.05)
(3.605314273 3.204604342 0.05)
(3.805384814 3.204665474 0.05)
(4.005454945 3.204726242 0.05)
(4.20552355 3.204785683 0.05)
(4.4055913 3.204841545 0.05)
(4.605664971 3.204885063 0.05)
(4.805863153 3.204773537 0.05)
(5.006460429 3.204072408 0.05)
(5.207189194 3.202720734 0.05)
(5.407443203 3.20219217 0.05)
(5.607640664 3.201700249 0.05)
(5.807738318 3.201548578 0.05)
(6.007800687 3.201544487 0.05)
(6.207856386 3.201555515 0.05)
(6.407908793 3.201565891 0.05)
(6.607958125 3.201575659 0.05)
(6.808004594 3.201584859 0.05)
(7.008048397 3.201593532 0.05)
(7.208089722 3.201601714 0.05)
(7.408128743 3.20160944 0.05)
(7.608165621 3.201616742 0.05)
(7.808200506 3.201623649 0.05)
(8.008233537 3.201630189 0.05)
(8.208264842 3.201636387 0.05)
(8.40813004 3.201609697 0.05)
(8.607890742 3.201562317 0.05)
(8.807650716 3.201514794 0.05)
(9.007410005 3.201467135 0.05)
(9.207168651 3.201419348 0.05)
(9.406926692 3.201371442 0.05)
(9.606684162 3.201323422 0.05)
(9.806441094 3.201275296 0.05)
(10.00619752 3.20122707 0.05)
(10.20595346 3.201178748 0.05)
(10.40570895 3.201130336 0.05)
(10.60546401 3.201081839 0.05)
(10.80521866 3.201033262 0.05)
(11.00497292 3.200984608 0.05)
(11.20472682 3.200935881 0.05)
(11.40448037 3.200887085 0.05)
(11.60423359 3.200838224 0.05)
(11.80398649 3.2007893 0.05)
(12.00373909 3.200740317 0.05)
(12.20349141 3.200691277 0.05)
(12.40324345 3.200642183 0.05)
(12.60299524 3.200593038 0.05)
(12.80274677 3.200543843 0.05)
(13.00249807 3.200494601 0.05)
(13.20224914 3.200445315 0.05)
(13.40199999 3.200395985 0.05)
(13.60175063 3.200346614 0.05)
(13.80150108 3.200297204 0.05)
(14.00125133 3.200247756 0.05)
(14.2010014 3.200198272 0.05)
(14.4007513 3.200148752 0.05)
(14.60050103 3.2000992 0.05)
(14.80025059 3.200049615 0.05)
(15 3.2 0.05)
(0.4012751943 3.406559474 0.05)
(0.6012892962 3.406516739 0.05)
(0.8012779027 3.406460669 0.05)
(1.001267309 3.406387695 0.05)
(1.201336065 3.406283522 0.05)
(1.40185224 3.406045861 0.05)
(1.602952243 3.405489671 0.05)
(1.803781182 3.404793391 0.05)
(2.004060118 3.404454394 0.05)
(2.204405444 3.404049368 0.05)
(2.404531839 3.403947854 0.05)
(2.604590766 3.403977601 0.05)
(2.804660358 3.404037463 0.05)
(3.004743875 3.404109969 0.05)
(3.204835934 3.404189817 0.05)
(3.404932087 3.404273176 0.05)
(3.60502907 3.404357231 0.05)
(3.80512461 3.404440022 0.05)
(4.005217204 3.404520252 0.05)
(4.205305924 3.404597123 0.05)
(4.405390255 3.404670189 0.05)
(4.605469967 3.404739252 0.05)
(4.805554833 3.404792942 0.05)
(5.005728267 3.404732107 0.05)
(5.206105275 3.404386227 0.05)
(5.406488182 3.403956734 0.05)
(5.607200758 3.402603747 0.05)
(5.80753579 3.401733457 0.05)
(6.007651111 3.401533474 0.05)
(6.207719581 3.401528428 0.05)
(6.407780383 3.401540467 0.05)
(6.607837392 3.401551754 0.05)
(6.807890894 3.401562347 0.05)
(7.007941154 3.401572299 0.05)
(7.20798842 3.401581657 0.05)
(7.408032915 3.401590467 0.05)
(7.608074849 3.401598769 0.05)
(7.808114412 3.401606603 0.05)
(8.008151777 3.401614001 0.05)
(8.208187106 3.401620996 0.05)
(8.408089798 3.401601729 0.05)
(8.607852478 3.401554741 0.05)
(8.807614357 3.401507595 0.05)
(9.007375483 3.401460299 0.05)
(9.207135899 3.401412863 0.05)
(9.406895647 3.401365295 0.05)
(9.606654765 3.401317602 0.05)
(9.806413287 3.401269791 0.05)
(10.00617125 3.401221868 0.05)
(10.20592868 3.401173841 0.05)
(10.4056856 3.401125713 0.05)
(10.60544205 3.401077491 0.05)
(10.80519804 3.40102918 0.05)
(11.00495361 3.400980783 0.05)
(11.20470876 3.400932306 0.05)
(11.40446353 3.400883752 0.05)
(11.60421793 3.400835125 0.05)
(11.80397198 3.400786428 0.05)
(12.0037257 3.400737665 0.05)
(12.20347909 3.400688839 0.05)
(12.40323219 3.400639952 0.05)
(12.60298499 3.400591008 0.05)
(12.80273751 3.40054201 0.05)
(13.00248977 3.400492958 0.05)
(13.20224177 3.400443857 0.05)
(13.40199353 3.400394707 0.05)
(13.60174506 3.400345511 0.05)
(13.80149637 3.400296271 0.05)
(14.00124746 3.400246989 0.05)
(14.20099834 3.400197666 0.05)
(14.40074903 3.400148304 0.05)
(14.60049954 3.400098905 0.05)
(14.80024985 3.40004947 0.05)
(15 3.4 0.05)
(0.4011167943 3.605745928 0.05)
(0.6011298465 3.605710282 0.05)
(0.8011206644 3.605663739 0.05)
(1.001109297 3.605603603 0.05)
(1.20112713 3.605525059 0.05)
(1.401431834 3.605366955 0.05)
(1.602489307 3.604877108 0.05)
(1.803207228 3.60430008 0.05)
(2.00353018 3.603967177 0.05)
(2.203842243 3.603656245 0.05)
(2.404038775 3.603546763 0.05)
(2.60414695 3.603594959 0.05)
(2.804255255 3.60368656 0.05)
(3.004375289 3.603790662 0.05)
(3.204501374 3.603899967 0.05)
(3.404628537 3.604010181 0.05)
(3.604753399 3.604118385 0.05)
(3.804873806 3.604222719 0.05)
(4.004988495 3.604322093 0.05)
(4.205096822 3.604415952 0.05)
(4.405198558 3.604504098 0.05)
(4.605293744 3.604586569 0.05)
(4.80538259 3.604663546 0.05)
(5.005470912 3.604728931 0.05)
(5.205587193 3.604750108 0.05)
(5.405764773 3.604685188 0.05)
(5.606362571 3.604003121 0.05)
(5.807125619 3.602583472 0.05)
(6.007464984 3.60171717 0.05)
(6.207584164 3.601520056 0.05)
(6.407656462 3.601515931 0.05)
(6.607720755 3.601528661 0.05)
(6.807780937 3.601540577 0.05)
(7.007837337 3.601551744 0.05)
(7.207890255 3.601562221 0.05)
(7.407939968 3.601572064 0.05)
(7.607986724 3.601581321 0.05)
(7.808030753 3.601590039 0.05)
(8.008072262 3.601598257 0.05)
(8.208111442 3.601606015 0.05)
(8.408047857 3.601593425 0.05)
(8.607812575 3.601546841 0.05)
(8.80757642 3.601500084 0.05)
(9.007339442 3.601453164 0.05)
(9.20710169 3.60140609 0.05)
(9.406863206 3.601358872 0.05)
(9.606624031 3.601311517 0.05)
(9.806384204 3.601264032 0.05)
(10.00614376 3.601216426 0.05)
(10.20590273 3.601168704 0.05)
(10.40566115 3.601120872 0.05)
(10.60541904 3.601072936 0.05)
(10.80517644 3.601024902 0.05)
(11.00493336 3.600976774 0.05)
(11.20468983 3.600928557 0.05)
(11.40444587 3.600880255 0.05)
(11.60420151 3.600831873 0.05)
(11.80395676 3.600783413 0.05)
(12.00371164 3.600734881 0.05)
(12.20346616 3.600686278 0.05)
(12.40322035 3.600637609 0.05)
(12.60297422 3.600588877 0.05)
(12.80272778 3.600540083 0.05)
(13.00248104 3.600491231 0.05)
(13.20223403 3.600442324 0.05)
(13.40198674 3.600393363 0.05)
(13.6017392 3.600344351 0.05)
(13.80149141 3.60029529 0.05)
(14.00124338 3.600246182 0.05)
(14.20099513 3.600197029 0.05)
(14.40074665 3.600147832 0.05)
(14.60049797 3.600098594 0.05)
(14.80024908 3.600049316 0.05)
(15 3.6 0.05)
(0.4009578626 3.804929107 0.05)
(0.6009695378 3.804899952 0.05)
(0.800962234 3.804862072 0.05)
(1.000953109 3.804813042 0.05)
(1.200963582 3.804749713 0.05)
(1.401160327 3.804634465 0.05)
(1.601880898 3.804317898 0.05)
(1.802439268 3.803939885 0.05)
(2.002901409 3.803551877 0.05)
(2.203185668 3.803373124 0.05)
(2.403511563 3.803189529 0.05)
(2.603705185 3.803224956 0.05)
(2.803860701 3.803345341 0.05)
(3.004019655 3.803482574 0.05)
(3.204180791 3.803622229 0.05)
(3.404339155 3.803759466 0.05)
(3.604491523 3.803891496 0.05)
(3.804636084 3.804016754 0.05)
(4.004771974 3.804134495 0.05)
(4.204898938 3.804244502 0.05)
(4.405017106 3.804346884 0.05)
(4.605126828 3.80444195 0.05)
(4.805228582 3.804530111 0.05)
(5.005322901 3.80461183 0.05)
(5.205411692 3.804686016 0.05)
(5.405502536 3.804744986 0.05)
(5.605711791 3.804650302 0.05)
(5.806312498 3.803971617 0.05)
(6.007072565 3.802564237 0.05)
(6.207412814 3.801705169 0.05)
(6.407534245 3.801510051 0.05)
(6.60760886 3.801506506 0.05)
(6.807675298 3.801519661 0.05)
(7.007737458 3.801531968 0.05)
(7.20779569 3.801543498 0.05)
(7.407850314 3.801554313 0.05)
(7.607901619 3.801564471 0.05)
(7.807949867 3.801574024 0.05)
(8.007995298 3.801583019 0.05)
(8.208038128 3.801591499 0.05)
(8.40800433 3.801584807 0.05)
(8.607771139 3.801538637 0.05)
(8.807537003 3.801492279 0.05)
(9.007301976 3.801445746 0.05)
(9.207066109 3.801399045 0.05)
(9.406829447 3.801352188 0.05)
(9.606592035 3.801305182 0.05)
(9.806353913 3.801258035 0.05)
(10.00611512 3.801210755 0.05)
(10.20587569 3.801163349 0.05)
(10.40563565 3.801115824 0.05)
(10.60539504 3.801068185 0.05)
(10.80515389 3.801020438 0.05)
(11.00491222 3.800972589 0.05)
(11.20467006 3.800924642 0.05)
(11.40442743 3.800876603 0.05)
(11.60418435 3.800828475 0.05)
(11.80394085 3.800780263 0.05)
(12.00369694 3.80073197 0.05)
(12.20345264 3.800683601 0.05)
(12.40320797 3.800635158 0.05)
(12.60296295 3.800586646 0.05)
(12.80271759 3.800538067 0.05)
(13.00247191 3.800489423 0.05)
(13.20222592 3.800440718 0.05)
(13.40197963 3.800391955 0.05)
(13.60173306 3.800343135 0.05)
(13.80148622 3.800294261 0.05)
(14.00123911 3.800245336 0.05)
(14.20099175 3.800196361 0.05)
(14.40074415 3.800147338 0.05)
(14.60049632 3.800098269 0.05)
(14.80024827 3.800049156 0.05)
(15 3.8 0.05)
(0.4007985873 4.004110064 0.05)
(0.6008086475 4.004086851 0.05)
(0.8008029632 4.004056842 0.05)
(1.000795117 4.004018073 0.05)
(1.200788497 4.003970727 0.05)
(1.40083136 4.003905806 0.05)
(1.601152366 4.003759476 0.05)
(1.801837079 4.003413172 0.05)
(2.002398087 4.003021349 0.05)
(2.2026688 4.002924986 0.05)
(2.403042346 4.002785485 0.05)
(2.603284641 4.002860406 0.05)
(2.803484815 4.00301967 0.05)
(3.003684023 4.00319181 0.05)
(3.203880425 4.003362006 0.05)
(3.404069293 4.003525663 0.05)
(3.604247957 4.003680471 0.05)
(3.804415222 4.003825398 0.05)
(4.004570793 4.00396019 0.05)
(4.20471491 4.004085057 0.05)
(4.404848113 4.004200466 0.05)
(4.604971088 4.004307015 0.05)
(4.805084588 4.004405352 0.05)
(5.00518937 4.004496137 0.05)
(5.205286168 4.004580004 0.05)
(5.405375676 4.004657555 0.05)
(5.605469583 4.00471657 0.05)
(5.805679629 4.004624117 0.05)
(6.006278924 4.003950493 0.05)
(6.207036251 4.002551071 0.05)
(6.40737642 4.001696798 0.05)
(6.607498801 4.001502947 0.05)
(6.807574503 4.001499704 0.05)
(7.007641989 4.001513066 0.05)
(7.207705147 4.001525571 0.05)
(7.407764335 4.00153729 0.05)
(7.607819877 4.001548287 0.05)
(7.807872066 4.00155862 0.05)
(8.007921167 4.001568341 0.05)
(8.20796742 4.001577499 0.05)
(8.407959332 4.001575898 0.05)
(8.607728277 4.00153015 0.05)
(8.807496207 4.001484202 0.05)
(9.007263178 4.001438064 0.05)
(9.207029243 4.001391746 0.05)
(9.406794452 4.001345259 0.05)
(9.606558852 4.001298611 0.05)
(9.806322483 4.001251812 0.05)
(10.00608539 4.001204869 0.05)
(10.2058476 4.001157789 0.05)
(10.40560916 4.001110579 0.05)
(10.6053701 4.001063247 0.05)
(10.80513045 4.001015797 0.05)
(11.00489024 4.000968236 0.05)
(11.20464949 4.000920569 0.05)
(11.40440823 4.000872801 0.05)
(11.60416648 4.000824937 0.05)
(11.80392427 4.000776982 0.05)
(12.00368162 4.000728938 0.05)
(12.20343855 4.000680811 0.05)
(12.40319507 4.000632604 0.05)
(12.60295121 4.000584321 0.05)
(12.80270698 4.000535964 0.05)
(13.00246239 4.000487538 0.05)
(13.20221746 4.000439044 0.05)
(13.40197221 4.000390486 0.05)
(13.60172665 4.000341867 0.05)
(13.8014808 4.000293188 0.05)
(14.00123465 4.000244453 0.05)
(14.20098823 4.000195663 0.05)
(14.40074154 4.000146821 0.05)
(14.6004946 4.000097928 0.05)
(14.80024742 4.000048987 0.05)
(15 4 0.05)
(0.4006390868 4.203289519 0.05)
(0.6006473546 4.20327175 0.05)
(0.8006430848 4.203248896 0.05)
(1.000637131 4.203219328 0.05)
(1.200630534 4.203183455 0.05)
(1.400640705 4.203138473 0.05)
(1.600815032 4.203049171 0.05)
(1.801431913 4.202762416 0.05)
(2.00194018 4.202452737 0.05)
(2.202213302 4.202435517 0.05)
(2.402603429 4.202384866 0.05)
(2.602889972 4.202516755 0.05)
(2.803137002 4.202718312 0.05)
(3.003376813 4.202925664 0.05)
(3.203607268 4.203125354 0.05)
(3.403824639 4.203313699 0.05)
(3.604027295 4.20348929 0.05)
(3.804214932 4.203651866 0.05)
(4.004387971 4.203801792 0.05)
(4.204547211 4.203939761 0.05)
(4.404693621 4.204066613 0.05)
(4.604828226 4.204183237 0.05)
(4.804952039 4.20429051 0.05)
(5.005066025 4.204389269 0.05)
(5.205171082 4.204480292 0.05)
(5.405268038 4.204564296 0.05)
(5.605357645 4.204641933 0.05)
(5.805451594 4.204701057 0.05)
(6.005661291 4.204609187 0.05)
(6.206259016 4.203937968 0.05)
(6.407013874 4.202542958 0.05)
(6.607353232 4.201691464 0.05)
(6.807475539 4.201498285 0.05)
(7.007551351 4.20149512 0.05)
(7.207619005 4.201508515 0.05)
(7.407682374 4.201521062 0.05)
(7.60774181 4.20153283 0.05)
(7.807797631 4.201543882 0.05)
(8.007850125 4.201554275 0.05)
(8.207899552 4.201564062 0.05)
(8.407912978 4.20156672 0.05)
(8.607684096 4.201521403 0.05)
(8.80745413 4.201475871 0.05)
(9.007223139 4.201430136 0.05)
(9.206991179 4.20138421 0.05)
(9.406758301 4.201338101 0.05)
(9.606524555 4.201291821 0.05)
(9.806289984 4.201245377 0.05)
(10.00605463 4.201198779 0.05)
(10.20581854 4.201152034 0.05)
(10.40558174 4.201105149 0.05)
(10.60534427 4.201058132 0.05)
(10.80510616 4.201010988 0.05)
(11.00486745 4.200963724 0.05)
(11.20462816 4.200916346 0.05)
(11.40438831 4.200868859 0.05)
(11.60414795 4.200821267 0.05)
(11.80390707 4.200773576 0.05)
(12.00366572 4.20072579 0.05)
(12.20342392 4.200677914 0.05)
(12.40318167 4.200629951 0.05)
(12.60293901 4.200581905 0.05)
(12.80269594 4.200533779 0.05)
(13.00245249 4.200485577 0.05)
(13.20220867 4.200437303 0.05)
(13.4019645 4.200388959 0.05)
(13.60171999 4.200340547 0.05)
(13.80147515 4.200292071 0.05)
(14.00123001 4.200243534 0.05)
(14.20098456 4.200194937 0.05)
(14.40073883 4.200146283 0.05)
(14.60049281 4.200097574 0.05)
(14.80024654 4.200048812 0.05)
(15 4.2 0.05)
(0.4004794355 4.402467958 0.05)
(0.6004857746 4.402455186 0.05)
(0.8004827536 4.402438845 0.05)
(1.000478505 4.402417675 0.05)
(1.200473801 4.402391938 0.05)
(1.400479267 4.402359978 0.05)
(1.600584363 4.402301256 0.05)
(1.801001282 4.402115834 0.05)
(2.001475115 4.401896491 0.05)
(2.201780856 4.401962004 0.05)
(2.402198201 4.402013701 0.05)
(2.602534913 4.402207584 0.05)
(2.802829498 4.402451874 0.05)
(3.003107682 4.402692505 0.05)
(3.203368756 4.402918716 0.05)
(3.403610891 4.403128511 0.05)
(3.60383393 4.40332176 0.05)
(3.804038641 4.403499127 0.05)
(4.004226218 4.403661648 0.05)
(4.204398013 4.403810494 0.05)
(4.4045554 4.403946857 0.05)
(4.604699702 4.404071882 0.05)
(4.804832155 4.404186641 0.05)
(5.004953895 4.404292118 0.05)
(5.205065955 4.404389208 0.05)
(5.405169267 4.404478719 0.05)
(5.605264669 4.404561377 0.05)
(5.805352911 4.404637831 0.05)
(6.005445664 4.404695944 0.05)
(6.205654176 4.404603394 0.05)
(6.406250282 4.403932473 0.05)
(6.607002967 4.402539004 0.05)
(6.807340985 4.401688647 0.05)
(7.007462432 4.401495658 0.05)
(7.207537161 4.40149458 0.05)
(7.407604729 4.401505689 0.05)
(7.607667689 4.401518154 0.05)
(7.80772681 4.40152986 0.05)
(8.007782399 4.401540866 0.05)
(8.207834733 4.401551228 0.05)
(8.407865377 4.401557295 0.05)
(8.607638699 4.401512414 0.05)
(8.807410869 4.401467306 0.05)
(9.007181951 4.401421981 0.05)
(9.206952001 4.401376453 0.05)
(9.406721074 4.40133073 0.05)
(9.606489219 4.401284825 0.05)
(9.806256485 4.401238745 0.05)
(10.00602292 4.4011925 0.05)
(10.20578855 4.401146097 0.05)
(10.40555343 4.401099545 0.05)
(10.6053176 4.401052851 0.05)
(10.80508108 4.401006021 0.05)
(11.0048439 4.400959063 0.05)
(11.20460611 4.400911981 0.05)
(11.40436772 4.400864782 0.05)
(11.60412877 4.400817471 0.05)
(11.80388928 4.400770053 0.05)
(12.00364927 4.400722533 0.05)
(12.20340877 4.400674914 0.05)
(12.40316779 4.400627203 0.05)
(12.60292636 4.400579402 0.05)
(12.8026845 4.400531515 0.05)
(13.00244223 4.400483546 0.05)
(13.20219955 4.400435498 0.05)
(13.4019565 4.400387374 0.05)
(13.60171308 4.400339178 0.05)
(13.8014693 4.400290913 0.05)
(14.00122519 4.40024258 0.05)
(14.20098075 4.400194183 0.05)
(14.40073601 4.400145725 0.05)
(14.60049096 4.400097206 0.05)
(14.80024562 4.400048631 0.05)
(15 4.4 0.05)
(0.4003196796 4.60164571 0.05)
(0.6003239827 4.601637537 0.05)
(0.8003220737 4.601627135 0.05)
(1.00031937 4.601613643 0.05)
(1.200316105 4.601597265 0.05)
(1.400313616 4.601578023 0.05)
(1.600336043 4.601551195 0.05)
(1.800512401 4.601477084 0.05)
(2.000996635 4.601375921 0.05)
(2.201383735 4.601536818 0.05)
(2.401849828 4.601695222 0.05)
(2.60223917 4.601950057 0.05)
(2.802576649 4.60223279 0.05)
(3.00288677 4.60250112 0.05)
(3.203172068 4.602748312 0.05)
(3.403433211 4.602974573 0.05)
(3.603671653 4.603181165 0.05)
(3.803889202 4.603369653 0.05)
(4.004087731 4.603541662 0.05)
(4.204269048 4.603698758 0.05)
(4.404434843 4.603842405 0.05)
(4.604586657 4.603973939 0.05)
(4.804725887 4.604094569 0.05)
(5.004853786 4.604205383 0.05)
(5.204971477 4.604307351 0.05)
(5.40507996 4.604401343 0.05)
(5.60518013 4.604488131 0.05)
(5.805272783 4.604568407 0.05)
(6.005358628 4.604642784 0.05)
(6.205449304 4.604699082 0.05)
(6.405656048 4.604604918 0.05)
(6.606250574 4.603932656 0.05)
(6.8070014 4.602538436 0.05)
(7.007336353 4.601693805 0.05)
(7.20744723 4.601546117 0.05)
(7.407530268 4.601498208 0.05)
(7.607597746 4.601504306 0.05)
(7.807659817 4.601516596 0.05)
(8.007718186 4.601528152 0.05)
(8.207773142 4.601539033 0.05)
(8.40781664 4.601547646 0.05)
(8.607592189 4.601503206 0.05)
(8.807366522 4.601458525 0.05)
(9.007139704 4.601413617 0.05)
(9.206911794 4.601368492 0.05)
(9.406682848 4.601323162 0.05)
(9.606452918 4.601277637 0.05)
(9.806222054 4.601231928 0.05)
(10.0059903 4.601186042 0.05)
(10.2057577 4.601139989 0.05)
(10.4055243 4.601093777 0.05)
(10.60529013 4.601047413 0.05)
(10.80505524 4.601000905 0.05)
(11.00481964 4.600954259 0.05)
(11.20458338 4.600907481 0.05)
(11.40434649 4.600860578 0.05)
(11.60410899 4.600813555 0.05)
(11.80387092 4.600766417 0.05)
(12.00363229 4.60071917 0.05)
(12.20339313 4.600671818 0.05)
(12.40315346 4.600624365 0.05)
(12.60291331 4.600576816 0.05)
(12.80267269 4.600529175 0.05)
(13.00243162 4.600481446 0.05)
(13.20219013 4.600433632 0.05)
(13.40194823 4.600385736 0.05)
(13.60170593 4.600337763 0.05)
(13.80146325 4.600289714 0.05)
(14.00122021 4.600241593 0.05)
(14.20097682 4.600193403 0.05)
(14.40073309 4.600145146 0.05)
(14.60048903 4.600096825 0.05)
(14.80024467 4.600048442 0.05)
(15 4.6 0.05)
(0.4001597885 4.800823013 0.05)
(0.6001620275 4.800819073 0.05)
(0.8001611157 4.8008141 0.05)
(1.00015982 4.800807642 0.05)
(1.200158254 4.800799791 0.05)
(1.400156673 4.800790626 0.05)
(1.600162011 4.800778879 0.05)
(1.800231293 4.800749205 0.05)
(2.000619426 4.800872224 0.05)
(2.201080022 4.801200308 0.05)
(2.401594705 4.801462537 0.05)
(2.602025859 4.801764505 0.05)
(2.80239273 4.802073436 0.05)
(3.002723014 4.802359255 0.05)
(3.203022989 4.802619158 0.05)
(3.40329549 4.802855256 0.05)
(3.603543186 4.803069864 0.05)
(3.80376859 4.803265156 0.05)
(4.003973997 4.803443123 0.05)
(4.204161476 4.803605557 0.05)
(4.404332879 4.803754063 0.05)
(4.604489858 4.803890071 0.05)
(4.804633879 4.804014853 0.05)
(5.004766249 4.804129539 0.05)
(5.204888126 4.804235135 0.05)
(5.405000538 4.804332531 0.05)
(5.605104403 4.80442252 0.05)
(5.805200534 4.804505809 0.05)
(6.005289657 4.804583026 0.05)
(6.205372418 4.804654732 0.05)
(6.405460423 4.80470867 0.05)
(6.605665021 4.804612223 0.05)
(6.806255877 4.803940852 0.05)
(7.006976416 4.802624365 0.05)
(7.20723505 4.802099362 0.05)
(7.407436834 4.80160585 0.05)
(7.607530591 4.801499276 0.05)
(7.807596826 4.801504124 0.05)
(8.007657648 4.801516166 0.05)
(8.207714932 4.801527508 0.05)
(8.407766871 4.801537792 0.05)
(8.607544665 4.801493796 0.05)
(8.807321182 4.801449548 0.05)
(9.007096486 4.80140506 0.05)
(9.206870641 4.801360344 0.05)
(9.406643702 4.801315411 0.05)
(9.606415725 4.801270273 0.05)
(9.80618676 4.80122494 0.05)
(10.00595685 4.80117942 0.05)
(10.20572605 4.801133723 0.05)
(10.4054944 4.801087857 0.05)
(10.60526193 4.80104183 0.05)
(10.80502869 4.800995649 0.05)
(11.00479471 4.800949323 0.05)
(11.20456002 4.800902856 0.05)
(11.40432466 4.800856255 0.05)
(11.60408865 4.800809527 0.05)
(11.80385202 4.800762676 0.05)
(12.0036148 4.800715708 0.05)
(12.20337702 4.800668629 0.05)
(12.4031387 4.800621442 0.05)
(12.60289985 4.800574152 0.05)
(12.80266051 4.800526764 0.05)
(13.00242069 4.800479281 0.05)
(13.20218041 4.800431708 0.05)
(13.40193969 4.800384047 0.05)
(13.60169855 4.800336302 0.05)
(13.801457 4.800288477 0.05)
(14.00121506 4.800240575 0.05)
(14.20097275 4.800192598 0.05)
(14.40073007 4.80014455 0.05)
(14.60048705 4.800096432 0.05)
(14.80024368 4.800048248 0.05)
(15 4.8 0.05)
(0.3999999575 5 0.05)
(0.5999999403 5 0.05)
(0.7999999275 5 0.05)
(0.9999999194 5 0.05)
(1.199999916 5 0.05)
(1.399999917 5 0.05)
(1.599999922 5 0.05)
(1.799999929 5 0.05)
(2.00042269 5 0.05)
(2.200941145 5 0.05)
(2.401468591 5 0.05)
(2.601912831 5 0.05)
(2.802287375 5 0.05)
(3.002621706 5 0.05)
(3.20292457 5 0.05)
(3.403199594 5 0.05)
(3.603449744 5 0.05)
(3.803677649 5 0.05)
(4.00388564 5 0.05)
(4.204075783 5 0.05)
(4.40424991 5 0.05)
(4.604409647 5 0.05)
(4.804556436 5 0.05)
(5.004691559 5 0.05)
(5.204816155 5 0.05)
(5.404931236 5 0.05)
(5.605037706 5 0.05)
(5.805136369 5 0.05)
(6.005227944 5 0.05)
(6.205313073 5 0.05)
(6.405392332 5 0.05)
(6.605479222 5 0.05)
(6.805681093 5 0.05)
(7.00613233 5 0.05)
(7.206581146 5 0.05)
(7.407240029 5 0.05)
(7.607454189 5 0.05)
(7.807537225 5 0.05)
(8.007600913 5 0.05)
(8.207660223 5 0.05)
(8.407716175 5 0.05)
(8.607496226 5 0.05)
(8.80727494 5 0.05)
(9.007052384 5 0.05)
(9.206828622 5 0.05)
(9.406603712 5 0.05)
(9.60637771 5 0.05)
(9.806150668 5 0.05)
(10.00592264 5 0.05)
(10.20569366 5 0.05)
(10.40546378 5 0.05)
(10.60523305 5 0.05)
(10.80500149 5 0.05)
(11.00476915 5 0.05)
(11.20453606 5 0.05)
(11.40430226 5 0.05)
(11.60406777 5 0.05)
(11.80383262 5 0.05)
(12.00359685 5 0.05)
(12.20336047 5 0.05)
(12.40312352 5 0.05)
(12.60288602 5 0.05)
(12.80264799 5 0.05)
(13.00240944 5 0.05)
(13.20217041 5 0.05)
(13.40193091 5 0.05)
(13.60169096 5 0.05)
(13.80145057 5 0.05)
(14.00120977 5 0.05)
(14.20096856 5 0.05)
(14.40072697 5 0.05)
(14.600485 5 0.05)
(14.80024267 5 0.05)
(15 5 0.05)
(0.5087735952 0.09881220261 0)
(0.5112742576 0.305790797 0)
(0.6111468452 1.318514018e-05 0)
(0.6111390653 0.203896693 0)
(0.6100382831 0.4055216735 0)
(0.5189566096 2.042266028e-05 -0.05)
(0.6098645894 0.1022624525 -0.05)
(0.513284741 0.2058182415 -0.05)
(0.6111742359 0.3053229642 -0.05)
(0.5067460801 0.4050430365 -0.05)
(0.5189566119 2.039628376e-05 0.05)
(0.6098657714 0.1022626847 0.05)
(0.5132869125 0.2058190996 0.05)
(0.6111762794 0.3053233268 0.05)
(0.5067479409 0.4050446377 0.05)
(0.5189566111 2.04016961e-05 0)
(0.6098648568 0.1022651941 0)
(0.5132857533 0.2058199776 0)
(0.61116961 0.3053349157 0)
(0.5067372239 0.4050562293 0)
(0.5087708551 0.09882618073 0.05)
(0.5112665895 0.3058057474 0.05)
(0.5087707726 0.09882648987 -0.05)
(0.5112651254 0.3058060008 -0.05)
(0.7116919401 0.1024084813 0)
(0.4552673236 0.2470430345 -0.025)
(0.5072743157 0.5064040999 0)
(0.5600453393 0.05124152687 -0.025)
(0.5588884992 0.1529584382 -0.025)
(0.5600464922 0.05124158422 0.025)
(0.5588901381 0.1529579427 0.025)
(0.4556956946 0.3531801248 -0.025)
(0.455267604 0.247042436 0.025)
(0.4556964035 0.353182619 0.025)
(0.7119209129 7.702545025e-06 -0.05)
(0.6111463182 1.31887611e-05 -0.025)
(0.5618520301 1.684967125e-05 -0.05)
(0.6104903338 0.05124800049 -0.05)
(0.8131455202 0.1024311062 -0.05)
(0.8132910253 4.179958238e-06 0)
(0.4730406927 0.2089885573 -0.05)
(0.7120079945 0.2036572967 -0.05)
(0.6111405316 0.2038902673 -0.025)
(0.6100712822 0.1530837281 -0.05)
(0.5612364144 0.2047408012 -0.05)
(0.8130962462 0.2038920134 0)
(0.6089908435 0.5075867711 -0.05)
(0.5076557612 0.6089001429 -0.05)
(0.6094504932 0.6086410723 0)
(0.7119224524 7.695402732e-06 0.05)
(0.6111468452 1.318514018e-05 0.025)
(0.561853619 1.683410253e-05 0.05)
(0.6104918264 0.05124814569 0.05)
(0.8131462034 0.1024311801 0.05)
(0.4730405119 0.2089889453 0.05)
(0.7120326273 0.2035786953 0.05)
(0.6111390653 0.203896693 0.025)
(0.6100729373 0.1530842183 0.05)
(0.5612383661 0.2047415815 0.05)
(0.6089918372 0.5075876836 0.05)
(0.5076566723 0.6089011374 0.05)
(0.5145651547 0.05101663321 0)
(0.5586498201 0.1020927771 0)
(0.4974762087 0.1410967228 0)
(0.5087708551 0.09882618073 0.025)
(0.5087707726 0.09882648987 -0.025)
(0.513421333 0.2566163912 0)
(0.460884562 0.3064497279 0)
(0.5082574821 0.3546781699 0)
(0.5112665895 0.3058057474 0.025)
(0.5112651254 0.3058060008 -0.025)
(0.5618531167 1.683807886e-05 0)
(0.6104912031 0.0512492929 0)
(0.4730438088 0.2089811503 0)
(0.6100695185 0.1530944062 0)
(0.5612353366 0.2047474765 0)
(0.5189566104 2.040710843e-05 -0.025)
(0.5145656003 0.05101225442 -0.05)
(0.6098639421 0.1022677035 -0.025)
(0.5586493645 0.102094215 -0.05)
(0.5132845942 0.2058208555 -0.025)
(0.4974847281 0.1410688627 -0.05)
(0.5134319114 0.2565924645 -0.05)
(0.4608968082 0.3064289758 -0.05)
(0.506726507 0.4050678209 -0.025)
(0.5082599638 0.354672266 -0.05)
(0.5189566111 2.04016961e-05 0.025)
(0.5145655711 0.05101258797 0.05)
(0.6098648568 0.1022651941 0.025)
(0.558649566 0.1020945902 0.05)
(0.5132857533 0.2058199776 0.025)
(0.497484993 0.1410678759 0.05)
(0.5134344302 0.2565919089 0.05)
(0.4608989696 0.3064290544 0.05)
(0.5067372239 0.4050562293 0.025)
(0.5082617505 0.3546730573 0.05)
(0.7119218969 7.698003183e-06 0)
(0.5145656003 0.05101225442 -0.025)
(0.8131445109 0.1024395625 0)
(0.7120161998 0.2036324634 0)
(0.6104905798 0.05125044011 -0.025)
(0.6100660997 0.153104594 -0.025)
(0.6104912031 0.0512492929 0.025)
(0.6100695185 0.1530944062 0.025)
(0.4730471058 0.2089733553 -0.025)
(0.5134319114 0.2565924645 -0.025)
(0.4608968082 0.3064289758 -0.025)
(0.4552542392 0.2470669189 0)
(0.6089879905 0.5075913525 0)
(0.5076555208 0.6089014647 0)
(0.5618526144 1.684205518e-05 -0.025)
(0.5618531167 1.683807886e-05 0.025)
(0.5586493645 0.102094215 -0.025)
(0.5600459463 0.05124393751 0)
(0.4974847281 0.1410688627 -0.025)
(0.5588831513 0.1529799032 0)
(0.5612323071 0.2047533714 -0.025)
(0.5145655711 0.05101258797 0.025)
(0.558649566 0.1020945902 0.025)
(0.497484993 0.1410678759 0.025)
(0.4730438088 0.2089811503 0.025)
(0.5612353366 0.2047474765 0.025)
(0.5082599638 0.354672266 -0.025)
(0.4557073217 0.3531671165 0)
(0.5134344302 0.2565919089 0.025)
(0.4608989696 0.3064290544 0.025)
(0.5082617505 0.3546730573 0.025)
(0.455267604 0.247042436 0.05)
(0.5072521742 0.5064269267 0.05)
(0.7116948252 0.1023898965 0.05)
(0.4552673236 0.2470430345 -0.05)
(0.5072519016 0.50642887 -0.05)
(0.7116957973 0.1023895513 -0.05)
(0.5600464922 0.05124158422 0.05)
(0.5588901381 0.1529579427 0.05)
(0.4556964035 0.353182619 0.05)
(0.5588884992 0.1529584382 -0.05)
(0.5600453393 0.05124152687 -0.05)
(0.4556956946 0.3531801248 -0.05)
(0.6610995236 0.05129949529 -0.025)
(0.9142719857 0.1016987667 3.420256298e-18)
(0.7120320128 0.3050234461 -2.258754526e-18)
(0.9138449869 0.3044493001 0)
(0.7105224823 0.5080850105 -3.212450881e-20)
(0.5080474507 0.7104750588 -2.258754526e-18)
(0.7103971957 0.7096084062 0)
(0.5620888722 0.2553087322 -0.025)
(0.5598068982 0.3550030472 -0.025)
(0.5620897998 0.2553109635 0.025)
(0.5598076658 0.3550052825 0.025)
(0.762538403 0.05144114224 -0.025)
(0.6611039798 0.1526116297 -0.025)
(0.7625695051 0.1527900449 -0.025)
(0.6611009237 0.05129936324 0.025)
(0.7625394216 0.05144097041 0.025)
(0.6611050575 0.1526132422 0.025)
(0.7625702091 0.152791036 0.025)
(0.5579179031 0.4564865041 -0.025)
(0.5585221034 0.5577102971 -0.025)
(0.5579201733 0.4564866501 0.025)
(0.5585219206 0.5577122931 0.025)
(0.6613421677 1.016861205e-05 -0.05)
(0.914347891 2.244256847e-06 -0.05)
(0.762614043 5.715692489e-06 -0.05)
(0.8132212596 0.05145725713 -0.05)
(0.8132907343 4.181481567e-06 -0.025)
(1.014699982 0.1017687706 -0.05)
(1.014816217 1.417409419e-06 0)
(0.6115566418 0.2548193413 -0.05)
(0.6615017895 0.2036195844 -0.05)
(0.9141344501 0.2032092991 -0.05)
(0.8129849598 0.3050413094 -0.05)
(0.8131847109 0.1529069614 -0.05)
(0.7625757502 0.2037378402 -0.05)
(0.8130927033 0.2039036119 -0.025)
(1.014155075 0.3043910728 -0.05)
(1.014509553 0.2031161632 0)
(0.7116138737 0.4060227457 -0.05)
(0.6100475525 0.4055057203 -0.025)
(0.6106698738 0.355175854 -0.05)
(0.5583077293 0.4058697849 -0.05)
(0.6089760455 0.4570630043 -0.05)
(0.9128638528 0.4067209999 -0.05)
(0.8122688681 0.5070164889 -0.05)
(0.8124873647 0.4064666908 0)
(1.013173733 0.4065379489 0)
(0.7104458974 0.6089716396 -0.05)
(0.6090304756 0.7103477128 -0.05)
(0.6093499816 0.5579436586 -0.05)
(0.5583517678 0.6089616725 -0.05)
(0.6094576396 0.6086330995 -0.025)
(0.8108999777 0.7093980333 -0.05)
(0.8108638651 0.6092279988 0)
(0.5069602671 0.8121753048 -0.05)
(0.7094719496 0.8107750908 -0.05)
(0.6091751964 0.8108008852 0)
(0.8105130476 0.80988315 0)
(0.4064150592 1.012923945 0)
(0.661343838 1.016054715e-05 0.05)
(0.9143479658 2.241523458e-06 0.05)
(0.8132910253 4.179958238e-06 0.025)
(0.7626152245 5.711410304e-06 0.05)
(0.8132219884 0.05145730008 0.05)
(1.014698788 0.1017685762 0.05)
(0.6115614878 0.2548130281 0.05)
(0.6615080245 0.2036052021 0.05)
(0.9141343921 0.2032092569 0.05)
(0.8129854544 0.3050408252 0.05)
(0.8130962462 0.2038920134 0.025)
(0.813185318 0.152907058 0.05)
(0.7625809219 0.2037233484 0.05)
(1.014153504 0.3043912946 0.05)
(0.7116146354 0.4060229842 0.05)
(0.6100382831 0.4055216735 0.025)
(0.6106714813 0.3551769048 0.05)
(0.5583095009 0.4058712305 0.05)
(0.6089773021 0.4570640759 0.05)
(0.9128628291 0.4067200551 0.05)
(0.8122688076 0.5070164607 0.05)
(0.7104458875 0.6089716589 0.05)
(0.6090304943 0.7103477034 0.05)
(0.6094504932 0.6086410723 0.025)
(0.6093506752 0.5579443313 0.05)
(0.558352439 0.6089623672 0.05)
(0.8108982598 0.7093965098 0.05)
(0.5069602382 0.8121752451 0.05)
(0.7094704258 0.8107733754 0.05)
(0.5611884406 0.3053760686 0)
(0.6613432542 1.016333173e-05 0)
(0.6115595578 0.2548158275 0)
(0.6615044004 0.2036148923 0)
(0.6106717958 0.3551749321 0)
(0.5582945309 0.4058893813 0)
(0.6089658742 0.4570772022 0)
(0.6608618063 0.1022610052 -0.05)
(0.6111629406 0.3053465047 -0.025)
(0.5611884195 0.3053735604 -0.05)
(0.5068580426 0.4554884641 -0.05)
(0.6608633577 0.1022612549 0.05)
(0.61116961 0.3053349157 0.025)
(0.5611903606 0.3053737244 0.05)
(0.5068598393 0.4554901564 0.05)
(0.660862169 0.1022646523 0)
(0.5068608954 0.4554876267 0)
(0.7118112632 0.0513837773 0)
(0.7624453229 0.102527796 0)
(0.7118897906 0.1526061076 0)
(0.7116948252 0.1023898965 0.025)
(0.7116957973 0.1023895513 -0.025)
(0.5582892303 0.5068873481 0)
(0.5072922848 0.5579091176 0)
(0.5072521742 0.5064269267 0.025)
(0.5072519016 0.50642887 -0.025)
(0.7119213414 7.700603633e-06 -0.025)
(0.7118112754 0.05137586414 -0.05)
(0.8131428184 0.1024479448 -0.025)
(0.7624487627 0.1025056476 -0.05)
(0.7626147836 5.713053877e-06 0)
(0.8132212475 0.05146195639 0)
(0.7119997722 0.2036862314 -0.025)
(0.7118835244 0.1526317785 -0.05)
(0.8131860999 0.1529021751 0)
(0.7625751859 0.2037418838 0)
(0.6089841438 0.5075950214 -0.025)
(0.5582784569 0.5068982376 -0.05)
(0.5076543692 0.608901792 -0.025)
(0.5073127049 0.5578887443 -0.05)
(0.6093534136 0.5579406457 0)
(0.5583444259 0.6089693551 0)
(0.7119218969 7.698003183e-06 0.025)
(0.7118125914 0.05137571843 0.05)
(0.8131445109 0.1024395625 0.025)
(0.7624498242 0.1025051557 0.05)
(0.7120161998 0.2036324634 0.025)
(0.7118855496 0.1526282287 0.05)
(0.6089879905 0.5075913525 0.025)
(0.5582795073 0.5068994509 0.05)
(0.5076555208 0.6089014647 0.025)
(0.5073149321 0.5578888414 0.05)
(0.9143479192 2.242026222e-06 0)
(0.6613426705 1.01661163e-05 -0.025)
(0.7118112754 0.05137586414 -0.025)
(0.6608609803 0.1022680496 -0.025)
(0.661099687 0.05130661852 0)
(1.014699897 0.1017627754 0)
(0.9141363251 0.2032007674 0)
(0.8132205067 0.0514666127 -0.025)
(0.8131868817 0.1528972921 -0.025)
(0.8132212475 0.05146195639 0.025)
(0.8131860999 0.1529021751 0.025)
(0.8129766399 0.3050628103 0)
(0.7116152097 0.4060213222 0)
(0.6115576278 0.2548186269 -0.025)
(0.6106721103 0.3551729594 -0.025)
(0.6115595578 0.2548158275 0.025)
(0.6106717958 0.3551749321 0.025)
(0.6615007762 0.2036245824 -0.025)
(0.7625694498 0.2037604193 -0.025)
(0.6615044004 0.2036148923 0.025)
(0.7625751859 0.2037418838 0.025)
(1.014151213 0.3044004611 0)
(0.9128567807 0.406732705 0)
(0.5068619515 0.455485097 -0.025)
(0.8122744484 0.5070069864 0)
(0.7104444133 0.6089733255 0)
(0.6089544464 0.4570903285 -0.025)
(0.609356152 0.5579369601 -0.025)
(0.6089658742 0.4570772022 0.025)
(0.6093534136 0.5579406457 0.025)
(0.6090275112 0.7103503005 0)
(0.5069508265 0.8121808538 0)
(0.5583364128 0.6089763431 -0.025)
(0.5583444259 0.6089693551 0.025)
(0.8108977788 0.7093983587 0)
(0.7094723669 0.8107728169 0)
(0.5611884195 0.3053735604 -0.025)
(0.5620991317 0.2552890787 0)
(0.5598246062 0.3549761391 0)
(0.5582795608 0.405907532 -0.025)
(0.5611903606 0.3053737244 0.025)
(0.5582945309 0.4058893813 0.025)
(0.7626143427 5.71469745e-06 -0.025)
(0.6613432542 1.016333173e-05 0.025)
(0.7626147836 5.713053877e-06 0.025)
(0.7624487627 0.1025056476 -0.025)
(0.7625380992 0.05144978608 0)
(0.7118835244 0.1526317785 -0.025)
(0.6611119 0.1525808667 0)
(0.7625741888 0.1527704485 0)
(0.7118125914 0.05137571843 0.025)
(0.660862169 0.1022646523 0.025)
(0.7624498242 0.1025051557 0.025)
(0.7118855496 0.1526282287 0.025)
(0.5582784569 0.5068982376 -0.025)
(0.5578989252 0.4565103664 0)
(0.5073127049 0.5578887443 -0.025)
(0.5585439385 0.5576879771 0)
(0.5068608954 0.4554876267 0.025)
(0.5582795073 0.5068994509 0.025)
(0.5073149321 0.5578888414 0.025)
(0.5080044184 0.7105082878 0.05)
(0.6611009237 0.05129936324 0.05)
(0.7120540713 0.3049719044 0.05)
(0.7105558262 0.5080418309 0.05)
(0.7103751167 0.709632209 0.05)
(0.914269733 0.1017187141 0.05)
(0.9138448705 0.3044502858 0.05)
(0.5080018397 0.7105104241 -0.05)
(0.6610995236 0.05129949529 -0.05)
(0.7120361445 0.3050146899 -0.05)
(0.7105579703 0.5080392446 -0.05)
(0.7103738722 0.7096332477 -0.05)
(0.914269594 0.1017195543 -0.05)
(0.9138467656 0.3044439253 -0.05)
(0.5620897998 0.2553109635 0.05)
(0.5598076658 0.3550052825 0.05)
(0.5598068982 0.3550030472 -0.05)
(0.5620888722 0.2553087322 -0.05)
(0.5579201733 0.4564866501 0.05)
(0.5585219206 0.5577122931 0.05)
(0.7625394216 0.05144097041 0.05)
(0.7625702091 0.152791036 0.05)
(0.6611050575 0.1526132422 0.05)
(0.5585221034 0.5577102971 -0.05)
(0.5579179031 0.4564865041 -0.05)
(0.6611039798 0.1526116297 -0.05)
(0.7625695051 0.1527900449 -0.05)
(0.762538403 0.05144114224 -0.05)
(0.8638212958 0.05131678725 -0.025)
(1.114864443 0.1015160946 0)
(0.6616458267 0.2546146839 -0.025)
(0.8635980936 0.2541816242 -0.025)
(1.114413218 0.3036653399 -1.065128245e-18)
(0.6598835797 0.4574189065 -0.025)
(0.9127799371 0.5068563944 2.258754526e-18)
(0.6600636293 0.6592781519 -0.025)
(0.9112618584 0.7091133609 -2.194505508e-18)
(0.5067734991 0.9126296451 -2.258754526e-18)
(0.7090893811 0.9111481093 3.388131789e-18)
(0.9645753617 0.05132196706 -0.025)
(0.8637430331 0.1528083384 -0.025)
(0.9644415571 0.152684727 -0.025)
(0.8638216653 0.05131588725 0.025)
(0.964575444 0.05132080442 0.025)
(0.8637431948 0.1528085608 0.025)
(0.9644415569 0.1526843296 0.025)
(0.7626789734 0.2541531587 -0.025)
(0.661217758 0.3554991378 -0.025)
(0.7621360596 0.3560726297 -0.025)
(0.6616682386 0.2545615072 0.025)
(0.7626970488 0.2541005311 0.025)
(0.6612195285 0.3554983802 0.025)
(0.7621375778 0.3560705803 0.025)
(0.9641560348 0.254089658 -0.025)
(0.8631974821 0.3555606093 -0.025)
(0.8636005555 0.2541738957 0.025)
(0.9641565159 0.2540875535 0.025)
(0.8631998688 0.3555550153 0.025)
(0.7621297089 0.4563971905 -0.025)
(0.6598417181 0.5584214995 -0.025)
(0.7607835291 0.5587709977 -0.025)
(0.6598867184 0.4574163334 0.025)
(0.7621298766 0.4563972623 0.025)
(0.6598424098 0.5584213729 0.025)
(0.7607848859 0.5587693482 0.025)
(0.5584842593 0.6597481202 -0.025)
(0.5587256933 0.7607283279 -0.025)
(0.5584846753 0.6597483387 0.025)
(0.5587240493 0.7607296785 0.025)
(0.7607650398 0.6592659597 -0.025)
(0.659304096 0.7606782555 -0.025)
(0.6600626145 0.6592792355 0.025)
(0.7607652498 0.6592656066 0.025)
(0.6593041122 0.7606781437 0.025)
(0.8638862519 3.044473401e-06 -0.05)
(1.11498431 1.079837744e-06 -0.05)
(0.964658644 1.719639957e-06 -0.05)
(1.014687124 0.05129177284 -0.05)
(1.014816633 1.417283045e-06 -0.025)
(1.214817803 0.1014814472 -0.05)
(1.214992456 9.054618853e-07 0)
(0.8636067909 0.2038025005 -0.05)
(0.813159834 0.2542082207 -0.05)
(1.114681068 0.2027364195 -0.05)
(1.014529376 0.1526802304 -0.05)
(0.9644009219 0.2031004957 -0.05)
(1.014216418 0.2540932032 -0.05)
(1.014511622 0.2031084748 -0.025)
(1.21450545 0.3029497741 -0.05)
(1.214681139 0.2026012261 0)
(0.6608989112 0.4058544045 -0.05)
(0.8128062136 0.3556805297 -0.05)
(0.7620857905 0.4063182953 -0.05)
(0.862732214 0.4066263375 -0.05)
(0.8124726366 0.4565975831 -0.05)
(0.8124831718 0.406474534 -0.025)
(1.113615551 0.4056648774 -0.05)
(1.012800938 0.5069483339 -0.05)
(1.214240514 0.4038836651 0)
(0.6601186844 0.6086909213 -0.05)
(0.6090906658 0.6597338095 -0.05)
(0.9122994575 0.6076835447 -0.05)
(0.8109968634 0.558799616 -0.05)
(0.7606642796 0.6091877281 -0.05)
(0.8108159182 0.6593419514 -0.05)
(0.8108645308 0.6092280971 -0.025)
(1.011277968 0.7090208105 -0.05)
(1.012531115 0.6074372121 0)
(0.6076080852 0.9121785153 -0.05)
(0.6091557608 0.7606165848 -0.05)
(0.5587386614 0.8109207738 -0.05)
(0.659312886 0.8107552646 -0.05)
(0.6091752701 0.8108015745 -0.025)
(0.9108860437 0.8094325901 -0.05)
(0.8096413459 0.9106244862 -0.05)
(1.010943185 0.8094134878 0)
(0.5068297794 1.012584777 -0.05)
(0.4055226873 1.113270979 -0.05)
(0.7089258719 1.011133075 -0.05)
(0.6073276964 1.012348058 0)
(0.8094509112 1.010746598 0)
(0.4037546675 1.213782671 0)
(0.8638866049 3.041771883e-06 0.05)
(1.114984487 1.07890634e-06 0.05)
(1.014816217 1.417409419e-06 0.025)
(0.9646585118 1.716640935e-06 0.05)
(1.014686869 0.05129175324 0.05)
(1.214818502 0.101477769 0.05)
(0.8636069579 0.2038025123 0.05)
(0.813162493 0.254201237 0.05)
(1.11468113 0.2027370199 0.05)
(1.014509553 0.2031161632 0.025)
(1.014529089 0.1526801553 0.05)
(0.9644007095 0.2031004069 0.05)
(1.014216086 0.254093097 0.05)
(1.214501527 0.302970567 0.05)
(0.6608999659 0.4058551527 0.05)
(0.8124873647 0.4064666908 0.025)
(0.812806374 0.3556806021 0.05)
(0.7620861055 0.4063184862 0.05)
(0.8627320973 0.4066262449 0.05)
(0.8124726367 0.4565975849 0.05)
(1.113631633 0.4056263125 0.05)
(1.012802346 0.5069462411 0.05)
(0.66011885 0.6086910943 0.05)
(0.6090908383 0.6597339755 0.05)
(0.9122858836 0.6077052598 0.05)
(0.8108638651 0.6092279988 0.025)
(0.8109967179 0.5587995138 0.05)
(0.7606641363 0.6091876158 0.05)
(0.8108156318 0.6593417092 0.05)
(1.011291805 0.7090043413 0.05)
(0.6076299259 0.9121648499 0.05)
(0.6091751964 0.8108008852 0.025)
(0.6091556481 0.7606164419 0.05)
(0.5587385586 0.8109206289 0.05)
(0.6593126436 0.8107549788 0.05)
(0.910886393 0.809432726 0.05)
(0.8096453088 0.9106213699 0.05)
(0.5068277139 1.012586157 0.05)
(0.405484979 1.113286688 0.05)
(0.7089127565 1.011144252 0.05)
(0.6609040188 0.4058473367 0)
(0.6616132971 0.3049648846 -0.05)
(0.6616211069 0.3049514839 0.05)
(0.6616200344 0.3049524729 -1.129377263e-18)
(0.8638115243 0.1018537157 -0.05)
(0.863886454 3.042383411e-06 0)
(0.7120865508 0.2544102227 -0.05)
(0.8636025523 0.2038183621 0)
(0.8131598089 0.2542090482 0)
(0.6596057444 0.5081570523 -0.05)
(0.5081368624 0.6595703981 -0.05)
(0.6601218408 0.6086875271 0)
(0.6090830295 0.6597411404 0)
(0.8638118255 0.1018537401 0.05)
(0.7121861768 0.2541388716 0.05)
(0.6596063587 0.5081575997 0.05)
(0.508137409 0.6595710129 0.05)
(0.8638129194 0.1018442787 1.710128149e-18)
(0.7121301811 0.2542911689 -1.129377263e-18)
(0.6595973219 0.5081677206 -1.606225441e-20)
(0.5081468571 0.659562543 -1.129377263e-18)
(0.9142755504 0.05133410084 1.710128149e-18)
(0.9645610039 0.1017272998 1.710128149e-18)
(0.9141799507 0.1526732878 1.710128149e-18)
(0.914269733 0.1017187141 0.025)
(0.914269594 0.1017195543 -0.025)
(0.7624720118 0.3051585594 -1.129377263e-18)
(0.7116472716 0.3559096014 -1.129377263e-18)
(0.7120540713 0.3049719044 0.025)
(0.7120361445 0.3050146899 -0.025)
(0.9139529951 0.2540780257 0)
(0.8635010582 0.3046721607 0)
(0.9640788111 0.304293029 0)
(0.9133371889 0.3555841832 0)
(0.9138448705 0.3044502858 0.025)
(0.9138467656 0.3044439253 -0.025)
(0.7113438856 0.4566289372 -1.606225441e-20)
(0.7618425186 0.507070918 -1.606225441e-20)
(0.7102490244 0.5587985692 -1.606225441e-20)
(0.7105558262 0.5080418309 0.025)
(0.7105579703 0.5080392446 -0.025)
(0.5587700181 0.7102091281 -1.129377263e-18)
(0.5070261636 0.7617722322 -1.129377263e-18)
(0.5080044184 0.7105082878 0.025)
(0.5080018397 0.7105104241 -0.025)
(0.7106039868 0.659141718 0)
(0.6595211925 0.7102345386 0)
(0.7607968692 0.7093104558 0)
(0.7095364775 0.7605676048 0)
(0.7103751167 0.709632209 0.025)
(0.7103738722 0.7096332477 -0.025)
(0.9143478726 2.242528985e-06 -0.025)
(0.9142776569 0.05130971111 -0.05)
(1.014701006 0.1017569746 -0.025)
(0.9645593292 0.1017426579 -0.05)
(0.9646585454 1.71721198e-06 0)
(1.014686145 0.05130147133 0)
(0.9141382581 0.2031922778 -0.025)
(0.9141809621 0.1526682323 -0.05)
(0.9139586442 0.2540590154 -0.05)
(0.8129678254 0.3050847953 -0.025)
(0.7624745851 0.3051517359 -0.05)
(0.8635122813 0.304640129 -0.05)
(1.014148922 0.3044096277 -0.025)
(0.9640796425 0.3042909275 -0.05)
(1.014528335 0.1526849016 0)
(0.9644025282 0.2030922874 0)
(1.014213034 0.2541042425 0)
(0.7116157841 0.4060196602 -0.025)
(0.7116622747 0.3558799531 -0.05)
(0.7113229336 0.456662075 -0.05)
(0.9128507322 0.4067453548 -0.025)
(0.9133383075 0.3555819008 -0.05)
(0.8122800893 0.506997512 -0.025)
(0.7618126768 0.5071182024 -0.05)
(0.8128077993 0.3556772566 0)
(0.7620825689 0.4063246742 0)
(0.8627255541 0.4066388241 0)
(0.8124715986 0.4565994408 0)
(0.710442939 0.6089749921 -0.025)
(0.710269252 0.5587748921 -0.05)
(0.7105925644 0.6591549195 -0.05)
(0.6090245281 0.7103528975 -0.025)
(0.5587489645 0.7102271297 -0.05)
(0.6595426312 0.7102146315 -0.05)
(0.8108972978 0.7094002075 -0.025)
(0.7607902223 0.7093183807 -0.05)
(0.8109827594 0.5588171009 0)
(0.7606604857 0.6091919369 0)
(0.8108137914 0.6593440421 0)
(0.5069414148 0.8121864625 -0.025)
(0.5070732214 0.7617425313 -0.05)
(0.7094743079 0.8107722584 -0.025)
(0.7095578363 0.760548429 -0.05)
(0.6091593887 0.7606132917 0)
(0.5587560488 0.8109067527 0)
(0.6593141283 0.8107538723 0)
(0.9143479192 2.242026222e-06 0.025)
(0.9142778157 0.05130857395 0.05)
(1.014699897 0.1017627754 0.025)
(0.9645591896 0.1017434993 0.05)
(0.9141363251 0.2032007674 0.025)
(0.9141809855 0.1526680611 0.05)
(0.9139595176 0.2540556884 0.05)
(0.8129766399 0.3050628103 0.025)
(0.7624792703 0.3051419527 0.05)
(0.8635188413 0.3046229824 0.05)
(1.014151213 0.3044004611 0.025)
(0.9640803826 0.3042881166 0.05)
(0.7116152097 0.4060213222 0.025)
(0.7116662255 0.355874114 0.05)
(0.7113224055 0.4566638617 0.05)
(0.9128567807 0.406732705 0.025)
(0.9133390086 0.3555801013 0.05)
(0.8122744484 0.5070069864 0.025)
(0.7618115423 0.5071201536 0.05)
(0.7104444133 0.6089733255 0.025)
(0.7102702322 0.5587739896 0.05)
(0.7105923845 0.6591549637 0.05)
(0.6090275112 0.7103503005 0.025)
(0.5587480639 0.7102281074 0.05)
(0.6595436384 0.7102135458 0.05)
(0.8108977788 0.7093983587 0.025)
(0.7607902211 0.7093182741 0.05)
(0.5069508265 0.8121808538 0.025)
(0.507075162 0.7617414018 0.05)
(0.7094723669 0.8107728169 0.025)
(0.7095580528 0.7605481378 0.05)
(1.114984487 1.07890634e-06 0)
(0.8638863032 3.042994938e-06 -0.025)
(0.9142776569 0.05130971111 -0.025)
(0.8638140134 0.1018348174 -0.025)
(0.8638198339 0.05133472598 8.550640745e-19)
(1.214818502 0.101477769 0)
(1.11468113 0.2027370199 0)
(1.014685422 0.05131118941 -0.025)
(1.014527582 0.1526896479 -0.025)
(1.014686145 0.05130147133 0.025)
(1.014528335 0.1526849016 0.025)
(0.7120741853 0.2544434662 -0.025)
(0.6616189618 0.3049534619 -0.025)
(0.661644671 0.2546199242 -5.646886315e-19)
(0.8635981466 0.2038342119 -0.025)
(0.8131571247 0.2542168594 -0.025)
(0.9139586442 0.2540590154 -0.025)
(0.8635122813 0.304640129 -0.025)
(0.8635907525 0.2542054345 0)
(1.214501527 0.302970567 0)
(1.113631633 0.4056263125 0)
(1.014209982 0.2541153879 -0.025)
(1.014213034 0.2541042425 0.025)
(0.6609080717 0.4058395206 -0.025)
(0.7113229336 0.456662075 -0.025)
(0.6595882851 0.5081778415 -0.025)
(0.6598402195 0.4574765689 -8.031127204e-21)
(1.012802346 0.5069462411 0)
(0.9122858836 0.6077052598 0)
(0.8627190109 0.4066514033 -0.025)
(0.8627255541 0.4066388241 0.025)
(0.8124705606 0.4566012966 -0.025)
(0.8109688009 0.5588346879 -0.025)
(0.8124715986 0.4565994408 0.025)
(0.8109827594 0.5588171009 0.025)
(0.5081563053 0.6595540732 -0.025)
(0.6601248317 0.60868396 -0.025)
(0.6090752207 0.6597483054 -0.025)
(0.7105925644 0.6591549195 -0.025)
(0.6595426312 0.7102146315 -0.025)
(0.660084203 0.6592560905 0)
(1.011291805 0.7090043413 0)
(0.910886393 0.809432726 0)
(0.8108119509 0.6593463751 -0.025)
(0.8108137914 0.6593440421 0.025)
(0.6076299259 0.9121648499 0)
(0.5068277139 1.012586157 0)
(0.5587735391 0.8108928765 -0.025)
(0.5587560488 0.8109067527 0.025)
(0.8096453088 0.9106213699 0)
(0.7089127565 1.011144252 0)
(0.659315613 0.8107527657 -0.025)
(0.6593141283 0.8107538723 0.025)
(0.405484979 1.113286688 0)
(0.964658579 1.717783024e-06 -0.025)
(0.863886454 3.042383411e-06 0.025)
(0.9646585454 1.71721198e-06 0.025)
(0.9645593292 0.1017426579 -0.025)
(0.9645730881 0.05134776893 8.550640745e-19)
(0.9141809621 0.1526682323 -0.025)
(0.8637435315 0.1528060528 8.550640745e-19)
(0.9644391566 0.1526972353 8.550640745e-19)
(0.9644043469 0.2030841679 -0.025)
(0.9142778157 0.05130857395 0.025)
(0.8638129194 0.1018442787 0.025)
(0.9645591896 0.1017434993 0.025)
(0.9141809855 0.1526680611 0.025)
(0.8636025523 0.2038183621 0.025)
(0.9644025282 0.2030922874 0.025)
(0.7624745851 0.3051517359 -0.025)
(0.7626897815 0.2541214475 -5.646886315e-19)
(0.7116622747 0.3558799531 -0.025)
(0.6612127948 0.3555099651 -5.646886315e-19)
(0.7621182387 0.3561082054 -5.646886315e-19)
(0.8128092245 0.3556739111 -0.025)
(0.7620790323 0.4063308623 -0.025)
(0.7121301811 0.2542911689 0.025)
(0.6616200344 0.3049524729 0.025)
(0.7624792703 0.3051419527 0.025)
(0.8131598089 0.2542090482 0.025)
(0.7116662255 0.355874114 0.025)
(0.6609040188 0.4058473367 0.025)
(0.8128077993 0.3556772566 0.025)
(0.7620825689 0.4063246742 0.025)
(0.9640796425 0.3042909275 -0.025)
(0.9641479579 0.2541173534 0)
(0.9133383075 0.3555819008 -0.025)
(0.8631959751 0.355563912 0)
(0.9139595176 0.2540556884 0.025)
(0.8635188413 0.3046229824 0.025)
(0.9640803826 0.3042881166 0.025)
(0.9133390086 0.3555801013 0.025)
(0.7618126768 0.5071182024 -0.025)
(0.7621416825 0.4563758626 -8.031127204e-21)
(0.710269252 0.5587748921 -0.025)
(0.6598377177 0.5584263619 -8.031127204e-21)
(0.760756625 0.5588039692 -8.031127204e-21)
(0.7606568352 0.6091962579 -0.025)
(0.7113224055 0.4566638617 0.025)
(0.6595973219 0.5081677206 0.025)
(0.7618115423 0.5071201536 0.025)
(0.7102702322 0.5587739896 0.025)
(0.6601218408 0.6086875271 0.025)
(0.7606604857 0.6091919369 0.025)
(0.5587489645 0.7102271297 -0.025)
(0.5584745607 0.6597568637 -5.646886315e-19)
(0.5070732214 0.7617425313 -0.025)
(0.5587585298 0.7607015357 -5.646886315e-19)
(0.6091631293 0.7606101414 -0.025)
(0.5081468571 0.659562543 0.025)
(0.5587480639 0.7102281074 0.025)
(0.6090830295 0.6597411404 0.025)
(0.507075162 0.7617414018 0.025)
(0.6091593887 0.7606132917 0.025)
(0.7607902223 0.7093183807 -0.025)
(0.7607622104 0.6592689886 0)
(0.7095578363 0.760548429 -0.025)
(0.6592947548 0.760686252 0)
(0.7105923845 0.6591549637 0.025)
(0.6595436384 0.7102135458 0.025)
(0.7607902211 0.7093182741 0.025)
(0.7095580528 0.7605481378 0.025)
(0.5067917732 0.912620464 0.05)
(0.6616682386 0.2545615072 0.05)
(0.6598867184 0.4574163334 0.05)
(0.6600626145 0.6592792355 0.05)
(0.7090957997 0.9111426492 0.05)
(0.8638216653 0.05131588725 0.05)
(0.8636005555 0.2541738957 0.05)
(0.9127706573 0.506874854 0.05)
(0.911253415 0.7091234835 0.05)
(1.114864322 0.1015163683 0.05)
(1.114417115 0.303649724 0.05)
(0.5067877536 0.9126223584 -0.05)
(0.6616458267 0.2546146839 -0.05)
(0.6598835797 0.4574189065 -0.05)
(0.6600636293 0.6592781519 -0.05)
(0.7090893811 0.9111481093 -0.05)
(0.8638212958 0.05131678725 -0.05)
(0.8635980936 0.2541816242 -0.05)
(0.9127725776 0.5068707967 -0.05)
(0.9112618584 0.7091133609 -0.05)
(1.114864443 0.1015160946 -0.05)
(1.114413218 0.3036653399 -0.05)
(0.5584846753 0.6597483387 0.05)
(0.5587240493 0.7607296785 0.05)
(0.7626970488 0.2541005311 0.05)
(0.7621375778 0.3560705803 0.05)
(0.6612195285 0.3554983802 0.05)
(0.7621298766 0.4563972623 0.05)
(0.7607848859 0.5587693482 0.05)
(0.6598424098 0.5584213729 0.05)
(0.7607652498 0.6592656066 0.05)
(0.6593041122 0.7606781437 0.05)
(0.964575444 0.05132080442 0.05)
(0.9644415569 0.1526843296 0.05)
(0.8637431948 0.1528085608 0.05)
(0.9641565159 0.2540875535 0.05)
(0.8631998688 0.3555550153 0.05)
(0.5587256933 0.7607283279 -0.05)
(0.5584842593 0.6597481202 -0.05)
(0.661217758 0.3554991378 -0.05)
(0.7621360596 0.3560726297 -0.05)
(0.7626789734 0.2541531587 -0.05)
(0.6598417181 0.5584214995 -0.05)
(0.7607835291 0.5587709977 -0.05)
(0.7621297089 0.4563971905 -0.05)
(0.659304096 0.7606782555 -0.05)
(0.7607650398 0.6592659597 -0.05)
(0.8637430331 0.1528083384 -0.05)
(0.9644415571 0.152684727 -0.05)
(0.9645753617 0.05132196706 -0.05)
(0.8631974821 0.3555606093 -0.05)
(0.9641560348 0.254089658 -0.05)
(0.8626652683 0.4567744679 -0.025)
(0.8626658396 0.4567733813 0.025)
(0.9127298057 0.456864666 -0.05)
(0.8626571271 0.5067573392 -0.05)
(0.5066896342 0.8625352462 -0.05)
(0.9127295492 0.4568645266 0.05)
(0.8626569387 0.5067572577 0.05)
(0.5066895522 0.8625350591 0.05)
(0.912726705 0.4568699555 1.129377263e-18)
(0.8626568645 0.5067575298 1.129377263e-18)
(0.5066898257 0.8625349904 -1.129377263e-18)
(0.9127706573 0.506874854 0.025)
(0.9127725776 0.5068707967 -0.025)
(0.5067917732 0.912620464 0.025)
(0.5067877536 0.9126223584 -0.025)
(0.9127238608 0.4568753844 -0.025)
(0.8626567902 0.5067578019 -0.025)
(0.8626588382 0.4567860476 5.646886315e-19)
(0.5066900991 0.8625349217 -0.025)
(0.912726705 0.4568699555 0.025)
(0.8626568645 0.5067575298 0.025)
(0.5066898257 0.8625349904 0.025)
(0.8626658396 0.4567733813 0.05)
(0.8626652683 0.4567744679 -0.05)
(0.4903105763 0.1388822338 -0.05)
(0.4843321165 0.1370600431 -0.05)
(0.4793500666 0.1355415508 -0.05)
(0.4903105763 0.1388822338 -0.025)
(0.4843321165 0.1370600431 -0.025)
(0.4793500666 0.1355415508 -0.025)
(0.4903108943 0.1388810483 0.025)
(0.4843324786 0.137058692 0.025)
(0.4793504656 0.1355400618 0.025)
(0.4903108943 0.1388810483 0.05)
(0.4843324786 0.137058692 0.05)
(0.4793504656 0.1355400618 0.05)
(0.5014141952 0.09736678168 0)
(0.4952813618 0.09616226424 0)
(0.4901706674 0.0951584997 0)
(0.5014124763 0.09737546491 -0.025)
(0.4952805628 0.09616627744 -0.025)
(0.4901706348 0.09515862122 -0.025)
(0.5071048125 0.05024632235 -0.025)
(0.5008874894 0.04960804563 -0.025)
(0.4957063868 0.04907614836 -0.025)
(0.50710453 0.0502491203 0)
(0.5008873427 0.04960952621 0)
(0.4957063533 0.04907653114 0)
(0.5114566094 2.013962408e-05 -0.05)
(0.5052066093 1.990376057e-05 -0.05)
(0.4999982758 1.970720765e-05 -0.05)
(0.5114566103 2.012624063e-05 -0.025)
(0.5052066102 1.989218412e-05 -0.025)
(0.4999982767 1.969713703e-05 -0.025)
(0.5071048125 0.05024632235 -0.05)
(0.5008874894 0.04960804563 -0.05)
(0.4957063868 0.04907614836 -0.05)
(0.5114566112 2.01175032e-05 0)
(0.5052066112 1.988067579e-05 0)
(0.4999982779 1.968331961e-05 0)
(0.5014124763 0.09737546491 -0.05)
(0.4952805628 0.09616627744 -0.05)
(0.4901706348 0.09515862122 -0.05)
(0.5114566121 2.010876578e-05 0.05)
(0.5052066123 1.986916745e-05 0.05)
(0.4999982791 1.966950219e-05 0.05)
(0.5114566112 2.01175032e-05 0.025)
(0.5052066112 1.988067579e-05 0.025)
(0.4999982779 1.968331961e-05 0.025)
(0.4903055491 0.1388986173 0)
(0.4843299995 0.1370668628 0)
(0.4793503748 0.1355404007 0)
(0.5071047773 0.05024672568 0.025)
(0.500887449 0.0496085071 0.025)
(0.4957063422 0.04907665829 0.025)
(0.5014125753 0.09737509494 0.025)
(0.4952806754 0.09616585677 0.025)
(0.4901707589 0.0951581583 0.025)
(0.5071047773 0.05024672568 0.05)
(0.500887449 0.0496085071 0.05)
(0.4957063422 0.04907665829 0.05)
(0.5014125753 0.09737509494 0.05)
(0.4952806754 0.09616585677 0.05)
(0.4901707589 0.0951581583 0.05)
)


// ************************************************************************* //
