/*--------------------------------*- C++ -*----------------------------------*\
| =========                 |                                                 |
| \\      /  F ield         | OpenFOAM: The Open Source CFD Toolbox           |
|  \\    /   O peration     | Version:                                        |
|   \\  /    A nd           | Website:  www.openfoam.com                      |
|    \\/     M anipulation  |                                                 |
\*---------------------------------------------------------------------------*/
FoamFile
{
    version     2.0;
    format      ascii;
    class       volVectorField;
    location    "6.7";
    object      U;
}
// * * * * * * * * * * * * * * * * * * * * * * * * * * * * * * * * * * * * * //

dimensions      [0 1 -1 0 0 0 0];


internalField   nonuniform List<vector> 
2403
(
(-0.08100846148 0.02018369355 0.05608091224)
(-0.2289749156 0.01708298252 0.05914224921)
(-0.3470873465 0.01715582935 0.03613099501)
(-0.3858718605 0.01894842992 5.148315988e-07)
(-0.4019405517 0.001000409374 -3.200794352e-21)
(-0.3827288157 -0.01669682374 1.563308552e-21)
(-0.3356757354 -0.03462816114 9.94812889e-22)
(-0.261766803 -0.04771060829 -1.031104684e-21)
(-0.168936158 -0.05670012175 -5.981061769e-22)
(-0.06461269577 -0.06111105938 3.667045842e-22)
(0.04410043797 -0.06150711051 1.716852473e-22)
(0.1513270537 -0.05922483053 0)
(0.2528099808 -0.05513683102 -6.83481862e-23)
(0.3461544263 -0.05016747728 6.081709706e-23)
(0.4302064721 -0.04496646172 -5.385080634e-23)
(0.5048559188 -0.03992711428 6.788381862e-23)
(0.5706291822 -0.03526221154 -1.409704146e-23)
(0.628341918 -0.03105823388 2.618903187e-23)
(0.678926556 -0.02733783557 -2.541390153e-23)
(0.7232916704 -0.0240759994 1.123753344e-23)
(0.7622639063 -0.02122686118 0)
(0.7965664899 -0.01873710423 0)
(0.8268150699 -0.01655267442 -7.988477821e-24)
(0.8535231535 -0.01462164363 7.775425909e-24)
(0.8771107811 -0.01289535606 -3.949376736e-24)
(0.8979126667 -0.01132845285 -3.103301347e-24)
(0.9161857375 -0.00987970426 4.858829403e-24)
(0.9321169892 -0.008514277697 -2.380035453e-24)
(0.9458350779 -0.007207665442 0)
(0.9574295563 -0.005950408812 1.745971726e-24)
(0.9669785252 -0.00475148585 -2.685333094e-25)
(0.9745815039 -0.003637775713 -4.525808961e-25)
(0.9803894117 -0.002647836839 2.816055832e-26)
(0.9846210509 -0.001820675587 5.132593358e-25)
(0.9875582208 -0.001182906111 0)
(0.9895189797 -0.0007392566758 8.849081058e-29)
(0.9908176155 -0.0004700456223 -4.753378897e-24)
(0.9917249848 -0.0003368946694 4.756951787e-24)
(0.9924423669 -0.0002929300623 0)
(0.9930935143 -0.0002943411048 -3.205745689e-24)
(0.9937348611 -0.0003081679127 3.206332502e-24)
(0.9943762679 -0.0003151168793 -3.780223893e-24)
(0.9950032614 -0.0003080200189 4.652013597e-24)
(0.9955948965 -0.0002878654627 -3.082364013e-24)
(0.9961345402 -0.0002594739384 3.600862696e-24)
(0.9966139693 -0.0002281905383 -1.685809094e-24)
(0.9970328879 -0.0001980623873 -1.9956941e-24)
(0.99739629 -0.0001713083371 7.001701175e-25)
(0.9977115273 -0.0001485920154 -5.068691146e-25)
(0.997986107 -0.0001296109127 9.533853109e-25)
(0.9982265077 -0.0001136642047 -3.178507138e-26)
(0.9984378493 -0.0001000381619 3.46324548e-25)
(0.998624069 -8.818616595e-05 -3.464314351e-25)
(0.9987882711 -7.775653104e-05 3.485383851e-29)
(0.9989330438 -6.854129966e-05 -2.491684353e-25)
(0.9990606557 -6.040603561e-05 -2.69602685e-29)
(0.9991731454 -5.324482968e-05 1.924494944e-25)
(0.9992723492 -4.695891519e-05 1.503438563e-25)
(0.999359902 -4.144936715e-05 -3.192236676e-25)
(0.9994372435 -3.662260205e-05 -1.291291487e-25)
(0.9995056354 -3.239431202e-05 -1.124571636e-25)
(0.9995661846 -2.869063207e-05 -1.20016878e-29)
(0.9996198642 -2.544846404e-05 3.934619796e-26)
(0.9996675332 -2.261406159e-05 -1.449078694e-25)
(0.9997099513 -2.014125022e-05 3.353554792e-26)
(0.9997477987 -1.798993005e-05 -6.27648575e-30)
(0.9997816587 -1.612540813e-05 0)
(0.9998121385 -1.451680295e-05 -7.333930522e-27)
(0.9998394427 -1.314188033e-05 7.335390622e-27)
(0.9998650492 -1.195958788e-05 0)
(0.9998849983 -1.105111027e-05 9.332312935e-27)
(0.9999151503 -9.852558432e-06 4.747248493e-27)
(-0.05589629747 0.1332392516 0.05833114051)
(-0.1125576228 0.1288736604 0.06147716175)
(-0.1249981186 0.08511638895 0.03847373688)
(-0.05297572087 0.03608741297 -4.129938412e-06)
(-0.06331618427 -0.005224334012 -1.734438231e-21)
(-0.02985296251 -0.05080816797 8.129018597e-22)
(0.01808735978 -0.09355652404 1.699731343e-22)
(0.08594841094 -0.1282377827 -1.348733438e-22)
(0.1633532429 -0.1510613528 -1.040285918e-22)
(0.2458725512 -0.161920472 -7.254472227e-24)
(0.3287290023 -0.162401342 0)
(0.408455618 -0.1555450071 1.677190523e-24)
(0.4825148948 -0.1440680612 6.131175639e-23)
(0.549461118 -0.1303455607 -1.125932517e-22)
(0.6088262015 -0.1161013206 7.293686693e-23)
(0.6608314078 -0.1024102531 -2.099572007e-23)
(0.7060802406 -0.08984738724 0)
(0.7453365473 -0.07864979163 -1.299200541e-23)
(0.7793816081 -0.06884216473 1.01924434e-22)
(0.8089611606 -0.06033361488 -6.961754645e-23)
(0.8347303505 -0.05297998019 -5.034162293e-23)
(0.857248113 -0.04662071309 1.681322872e-23)
(0.8769817757 -0.04109878194 -9.339509318e-24)
(0.8943165779 -0.03626909886 3.959187143e-24)
(0.9095697787 -0.03200075163 0)
(0.9229960128 -0.02817358793 -5.112511e-24)
(0.9348078321 -0.02468055976 7.880604491e-24)
(0.9451749854 -0.02142714618 -2.042350305e-24)
(0.9542308488 -0.01833989165 -1.792045894e-24)
(0.9620777876 -0.01537750106 -1.656416839e-24)
(0.9687943119 -0.01254115201 -1.371192686e-24)
(0.9744463746 -0.009877042608 6.261346858e-25)
(0.9791017733 -0.007465881585 -1.589293775e-24)
(0.9828438905 -0.005399170947 0)
(0.9857798861 -0.003748938542 1.927316784e-24)
(0.9880395919 -0.002542409038 -8.604650212e-25)
(0.9897653041 -0.001751129457 -6.687778618e-25)
(0.9910969634 -0.001299350488 0)
(0.9921573689 -0.001085167489 0)
(0.9930407114 -0.001006960345 0)
(0.9938102389 -0.0009831280573 0)
(0.9945019513 -0.000961477291 2.587065674e-24)
(0.9951319995 -0.0009181824915 0)
(0.9957050191 -0.0008501320141 -2.001504199e-24)
(0.9962211216 -0.0007653476633 0)
(0.996680411 -0.0006749462235 0)
(0.9970849898 -0.000588185684 4.683192555e-26)
(0.9974391148 -0.000510535049 1.821754259e-24)
(0.9977483867 -0.0004438462407 -5.679106033e-25)
(0.9980187317 -0.0003875300518 0)
(0.9982556341 -0.0003398750549 -4.161255611e-25)
(0.9984637696 -0.0002990281167 -1.708601394e-25)
(0.998646973 -0.0002634997549 1.708676042e-25)
(0.9988083872 -0.0002322796648 2.770660357e-25)
(0.9989506566 -0.0002047322014 6.064972585e-27)
(0.9990760715 -0.0001804394119 1.022868007e-25)
(0.9991866508 -0.0001590686672 -2.053901809e-25)
(0.9992841928 -0.0001403101821 7.938667705e-26)
(0.9993702939 -0.0001238639032 -1.445520562e-25)
(0.9994463603 -0.0001094505452 3.105117964e-27)
(0.9995136287 -9.68206047e-05 1.126520656e-25)
(0.9995731866 -8.575670112e-05 9.53518511e-26)
(0.9996259898 -7.607214399e-05 0)
(0.9996728826 -6.760637906e-05 5.559655842e-26)
(0.9997146117 -6.022090088e-05 1.652117303e-26)
(0.9997518458 -5.379566045e-05 0)
(0.9997851584 -4.822706667e-05 4.545223706e-26)
(0.9998151468 -4.342284155e-05 -8.261400369e-27)
(0.9998420116 -3.931640352e-05 3.612411121e-27)
(0.9998672073 -3.578487004e-05 -1.705040264e-26)
(0.9998868357 -3.307088422e-05 -9.77756762e-27)
(0.9999165069 -2.948975084e-05 -4.304231872e-27)
(0.05609760491 0.1053332029 0.05911360178)
(0.1328476063 0.1281472521 0.06253683316)
(0.3323143632 0.07898568753 -2.405326936e-07)
(0.3600700161 0.03101504714 2.399893383e-06)
(0.3946158998 -0.0279494951 6.713067042e-21)
(0.4392706991 -0.09097957084 -2.271529672e-21)
(0.4854880956 -0.1462015786 -7.35958181e-22)
(0.5326705883 -0.1890930899 -6.361040178e-22)
(0.5795873497 -0.2161633586 1.030291882e-22)
(0.625019453 -0.2275459738 -8.762945215e-23)
(0.6678163653 -0.2256770755 2.734106143e-22)
(0.7072865257 -0.2142692738 -1.587816243e-23)
(0.7430369759 -0.1970910263 0)
(0.7749135057 -0.1772651216 0)
(0.8029940693 -0.1570336029 7.304236786e-23)
(0.8275334441 -0.1377997873 4.591830188e-23)
(0.8488813966 -0.1203026293 -7.414552871e-23)
(0.8674145824 -0.1048207626 -8.464905498e-24)
(0.8834985502 -0.09134955691 0)
(0.8974695629 -0.07973474017 9.926058346e-24)
(0.909625154 -0.06975558757 7.373038411e-23)
(0.9202215752 -0.06117405325 -6.459425954e-23)
(0.9294752386 -0.05376224693 -7.468113316e-24)
(0.9375666383 -0.0473156429 4.283699231e-25)
(0.9446470333 -0.04165643447 4.253413852e-23)
(0.9508468403 -0.03663267699 -4.780152911e-23)
(0.9562843894 -0.03211319701 0)
(0.9610773526 -0.02798415688 1.921748643e-25)
(0.9653420092 -0.02415200906 3.432466235e-24)
(0.9691900645 -0.02055081772 0)
(0.9727188165 -0.01715241775 1.373141833e-24)
(0.9759987613 -0.01397285899 0)
(0.979064656 -0.01106843796 8.015913943e-25)
(0.9819145125 -0.008517641785 0)
(0.9845196934 -0.006393970366 4.70038538e-24)
(0.9868414146 -0.004737472293 -5.855098723e-24)
(0.9888492528 -0.003538924716 -2.88689427e-24)
(0.9905358142 -0.00273908542 5.628633257e-25)
(0.9919203395 -0.002245157975 2.22692741e-24)
(0.9930427902 -0.001954555176 -8.148062293e-25)
(0.9939543943 -0.00177599835 4.607710712e-26)
(0.9947064627 -0.001642850201 -1.780889823e-26)
(0.9953420486 -0.001516460064 -5.192395981e-25)
(0.995892236 -0.001381750979 -3.295318668e-25)
(0.9963766513 -0.00123902543 1.141005726e-25)
(0.9968064658 -0.00109564451 6.444485488e-25)
(0.9971879795 -0.0009598311437 -5.572451275e-25)
(0.9975254714 -0.0008373152182 0)
(0.9978228288 -0.0007304312508 0)
(0.9980841099 -0.0006387539938 -4.417716072e-25)
(0.9983134763 -0.0005603223821 -4.361870824e-25)
(0.9985149193 -0.0004927642337 -2.959622099e-25)
(0.9986920384 -0.0004339937249 3.640278553e-26)
(0.998847954 -0.0003824593196 -5.795745985e-25)
(0.9989853272 -0.0003370913134 3.816851368e-26)
(0.9991064364 -0.0002971372003 -5.293893407e-26)
(0.99921326 -0.0002619996417 2.476152076e-26)
(0.9993075311 -0.0002311450825 1.48972013e-25)
(0.9993907736 -0.0002040828423 2.929410916e-25)
(0.9994643293 -0.0001803594627 1.190704864e-25)
(0.9995293846 -0.0001595652413 1.191482331e-25)
(0.9995869879 -0.0001413447146 -1.017093599e-25)
(0.9996380632 -0.0001253932483 0)
(0.9996834267 -0.0001114488124 0)
(0.9997237991 -9.928376071e-05 -5.559988311e-26)
(0.9997598259 -8.869978575e-05 -1.683805457e-27)
(0.9997920608 -7.952619321e-05 -4.081287959e-26)
(0.999821081 -7.16113002e-05 -4.373514375e-28)
(0.9998470798 -6.484568894e-05 -2.307408562e-26)
(0.9998714647 -5.902682814e-05 1.70521751e-26)
(0.9998904615 -5.455502698e-05 2.642653126e-29)
(0.9999191802 -4.865369129e-05 -2.645882178e-29)
(0.5238879736 0.04694139722 0.05685339896)
(0.635825517 0.04323360593 0.03449627501)
(0.8148898151 -0.0002732357118 1.310680207e-06)
(0.8379337713 -0.04201564228 0)
(0.8645369286 -0.08986939924 -1.274667764e-20)
(0.89142592 -0.1403008628 6.4740252e-21)
(0.9109080528 -0.1861874005 1.347871698e-21)
(0.9232874161 -0.2213208623 2.024576546e-21)
(0.9298213427 -0.2424146619 7.037168681e-22)
(0.9325631179 -0.2493041639 -1.30381757e-21)
(0.9331902469 -0.2441351937 4.686985056e-23)
(0.9330967979 -0.230270517 1.199879039e-22)
(0.9332316626 -0.2112000537 -1.532020157e-23)
(0.9340730521 -0.1898533222 0)
(0.9357478794 -0.1683443041 -4.193712874e-23)
(0.9381743115 -0.1479941455 6.446972915e-23)
(0.9411702109 -0.1294913482 -5.12262567e-23)
(0.9445243317 -0.1130861414 8.448194704e-24)
(0.948041395 -0.09876173145 6.059231866e-24)
(0.9515651308 -0.08635962576 0)
(0.9549832896 -0.07565816727 -5.925338326e-24)
(0.9582223961 -0.06641782934 0)
(0.961238805 -0.05840691284 -4.481092355e-23)
(0.9640097211 -0.05141584155 6.812366914e-23)
(0.9665266383 -0.04526413827 -2.040172489e-23)
(0.9687927116 -0.0398021842 1.45535483e-23)
(0.9708246511 -0.0349082905 -1.656538222e-23)
(0.9726570541 -0.0304850297 -1.13292968e-23)
(0.9743452449 -0.02645476349 1.081862471e-23)
(0.9759629027 -0.02275778643 1.03410496e-23)
(0.9775912984 -0.01935421344 -1.788388666e-24)
(0.9793009595 -0.01622768416 -1.087323348e-24)
(0.9811313778 -0.01338657908 -7.792187943e-24)
(0.9830767615 -0.01085926982 0)
(0.9850848952 -0.008681224897 3.486357797e-24)
(0.9870707344 -0.006878463193 -2.733783751e-24)
(0.9889397524 -0.005453207785 1.703450319e-25)
(0.9906141572 -0.00437763064 0)
(0.9920484347 -0.003597948773 -1.79338749e-24)
(0.993233865 -0.003045671084 1.649506944e-24)
(0.9941927869 -0.002650609764 -1.797479291e-25)
(0.9949656561 -0.002352317779 -2.220137714e-24)
(0.9955973103 -0.002106666034 -7.030207889e-26)
(0.996126863 -0.001887069707 8.368745248e-25)
(0.9965829634 -0.001681606306 2.031824738e-25)
(0.9969837191 -0.001488043621 -8.281690857e-25)
(0.9973393118 -0.001308733729 1.177957679e-24)
(0.9976552897 -0.001146727076 6.733459636e-25)
(0.9979352204 -0.001003652248 -6.513424245e-26)
(0.9981822287 -0.0008791921924 8.5704602e-25)
(0.9983995602 -0.0007715667114 3.669868807e-25)
(0.9985905664 -0.0006783582781 3.652233331e-25)
(0.998758488 -0.0005972035447 0)
(0.9989062677 -0.000526153289 1.567081668e-26)
(0.9990364678 -0.0004637320849 3.441292921e-28)
(0.9991512835 -0.0004088277082 -1.685252855e-25)
(0.9992525992 -0.0003605552101 -2.210219817e-26)
(0.9993420443 -0.0003181554284 -1.481730535e-25)
(0.9994210484 -0.000280948257 -2.695229674e-25)
(0.9994908812 -0.0002483152405 0)
(0.9995526636 -0.0002197048322 -1.02570937e-25)
(0.9996073809 -0.0001946362955 -3.002976364e-27)
(0.9996559043 -0.0001726869674 -7.440973176e-26)
(0.9996990068 -0.000153495302 0)
(0.9997373734 -0.0001367508975 1.112792466e-25)
(0.999771616 -0.0001221822553 -6.63165312e-28)
(0.9998022584 -0.0001095540435 3.760310553e-26)
(0.9998298478 -9.865736931e-05 -2.93392586e-26)
(0.9998545668 -8.934209768e-05 2.351177819e-26)
(0.9998777533 -8.132974557e-05 1.534501801e-26)
(0.9998958173 -7.517197121e-05 9.733967712e-29)
(0.9999231283 -6.704517679e-05 0)
(1.239769143 0.108607974 0.02968708037)
(1.256004929 0.06674029052 7.32151987e-08)
(1.246105692 0.02336099831 6.91703689e-08)
(1.238335242 -0.02584071976 -1.542305968e-21)
(1.229311622 -0.07736064413 0)
(1.215765612 -0.1276293188 2.755433196e-21)
(1.195052577 -0.1714734446 4.111565228e-21)
(1.168722003 -0.2038640156 -2.692840152e-21)
(1.138679477 -0.222920731 -1.6781811e-21)
(1.107944443 -0.2290964341 1.833639108e-21)
(1.078942824 -0.2248199677 -8.646193674e-22)
(1.053282402 -0.2131248246 -3.711348351e-23)
(1.0318504 -0.1969835552 2.877440425e-24)
(1.014811623 -0.1787976613 6.541806809e-23)
(1.001863695 -0.1602800492 0)
(0.9924385418 -0.1425083083 0)
(0.9858727734 -0.1260741954 4.90844995e-24)
(0.981518339 -0.1112354667 0)
(0.9788066936 -0.09803955425 -4.604681861e-23)
(0.9772755868 -0.08641261364 8.074077586e-23)
(0.9765688193 -0.07621702291 -3.482474752e-23)
(0.9764219441 -0.06728616634 0)
(0.9766440146 -0.05944606387 3.608128618e-23)
(0.9771002054 -0.05252999275 -2.584916975e-24)
(0.9776971129 -0.04638869332 -3.170351742e-23)
(0.9783716823 -0.04089682573 2.010785211e-24)
(0.9790843974 -0.03595545989 -1.269075456e-23)
(0.9798165026 -0.03149090391 5.822788292e-25)
(0.9805695836 -0.02744991032 1.917122095e-24)
(0.9813646191 -0.02379317501 1.022947923e-23)
(0.9822372102 -0.02048971361 -7.543680852e-24)
(0.9832271221 -0.01751404888 8.560466982e-24)
(0.9843635463 -0.01484642543 6.371715243e-24)
(0.9856508455 -0.01247418128 -6.371763829e-24)
(0.9870607885 -0.01039163833 0)
(0.9885352086 -0.008597454721 8.231902099e-25)
(0.9899979666 -0.007088452154 1.604877965e-24)
(0.9913755569 -0.005853556987 0)
(0.9926118322 -0.004869686865 1.515579237e-24)
(0.9936764915 -0.00410285413 -1.801203625e-24)
(0.994566303 -0.003511030378 3.31490414e-25)
(0.9952986001 -0.003050066265 8.82376596e-25)
(0.9959015024 -0.002679934601 1.261814225e-24)
(0.9964047431 -0.002369342778 1.000978686e-25)
(0.996833564 -0.002097563306 -1.000974472e-25)
(0.997206261 -0.001853465971 0)
(0.9975345657 -0.001632696683 -6.060676284e-25)
(0.9978254802 -0.001434361973 -4.737699226e-25)
(0.9980833329 -0.001258368926 -1.139117878e-25)
(0.9983113262 -0.001103968848 -3.618547084e-25)
(0.9985123737 -0.0009694262951 0)
(0.9986893663 -0.0008523633398 0)
(0.9988451281 -0.0007502838071 0)
(0.9989822857 -0.0006609567803 2.502325346e-25)
(0.999103176 -0.0005825639477 2.077573644e-25)
(0.9992098242 -0.0005136679167 1.951942373e-25)
(0.9993039725 -0.0004531091398 1.097057643e-26)
(0.9993871291 -0.0003999074661 1.377026119e-25)
(0.9994606148 -0.000353197714 1.307343224e-25)
(0.9995255941 -0.0003122098304 0)
(0.9995830952 -0.0002762639277 0)
(0.9996340364 -0.0002447600646 0)
(0.9996792284 -0.000217178901 7.649319071e-26)
(0.9997193804 -0.0001930633909 -2.083360584e-27)
(0.9997551251 -0.000172017537 -5.399378209e-26)
(0.9997870333 -0.0001537026994 0)
(0.9998155927 -0.000137826038 -3.643996093e-26)
(0.9998413106 -0.0001241253231 5.555198615e-26)
(0.9998643559 -0.0001124118609 1.048273766e-28)
(0.9998859751 -0.0001023358772 -1.515859387e-26)
(0.9999028192 -9.459173863e-05 0)
(0.9999282896 -8.437050063e-05 0)
(1.299028611 0.1356116163 -2.187353693e-07)
(1.31260535 0.09943031918 1.836165949e-07)
(1.320713109 0.06080826651 1.167973045e-07)
(1.322461924 0.01855528406 -1.042185461e-21)
(1.318887967 -0.02565404576 1.040797404e-21)
(1.308410913 -0.0693532531 0)
(1.289185232 -0.1100213708 -4.030832548e-21)
(1.261889293 -0.1445457605 4.971104725e-22)
(1.22865645 -0.1702562467 3.294335512e-21)
(1.192222278 -0.1861681731 -1.260167332e-21)
(1.155744902 -0.1925866596 -1.070525962e-21)
(1.121481742 -0.1912050037 3.886296583e-22)
(1.091059619 -0.1839306815 -1.644310889e-22)
(1.065329686 -0.1728435545 1.898687764e-22)
(1.044390763 -0.1596498385 -1.128329922e-23)
(1.027910939 -0.1456378587 0)
(1.01529428 -0.1316687971 -9.532264846e-25)
(1.005858603 -0.1182790451 6.655266898e-25)
(0.9989459502 -0.1057821604 0)
(0.9939778702 -0.0943353245 0)
(0.9904764618 -0.08398596193 2.452553823e-24)
(0.9880638014 -0.07470721576 -2.684493195e-23)
(0.9864502408 -0.06642505471 2.823770649e-23)
(0.9854191249 -0.05903907248 1.474109128e-24)
(0.9848119127 -0.05243889676 1.442841012e-24)
(0.984515052 -0.04651713382 2.275894614e-23)
(0.9844488398 -0.04117897821 -2.586386137e-23)
(0.9845583391 -0.03634820117 -6.069725391e-25)
(0.9848065555 -0.03196911772 -9.410443101e-24)
(0.9851699448 -0.02800423904 9.539883835e-24)
(0.9856358099 -0.02442824212 -8.252305272e-24)
(0.9862003536 -0.02122034187 1.221246083e-24)
(0.9868657058 -0.0183580146 6.730814414e-24)
(0.9876348934 -0.01581450909 0)
(0.9885053414 -0.01356068522 0)
(0.9894630802 -0.01156944134 0)
(0.990480396 -0.009819841328 -1.549806268e-25)
(0.9915174515 -0.008298564722 0)
(0.9925305354 -0.006996428453 1.508965221e-24)
(0.9934805731 -0.005903101138 -2.851938741e-24)
(0.9943384666 -0.005003670829 0)
(0.9950893624 -0.004275654416 0)
(0.9957323371 -0.003689966217 -2.322689285e-25)
(0.9962768585 -0.003214866227 2.322684061e-25)
(0.9967379129 -0.002820880786 0)
(0.9971315199 -0.00248463439 -1.598348839e-25)
(0.9974716962 -0.002190364679 1.87435371e-26)
(0.9977691423 -0.001929112881 7.882404067e-26)
(0.9980313048 -0.001696515975 6.226683457e-26)
(0.9982631907 -0.001490397754 -3.880679219e-25)
(0.9984683414 -0.001309024059 0)
(0.9986495909 -0.001150301882 0)
(0.9988094882 -0.001011723069 3.327145379e-26)
(0.9989504388 -0.0008906590615 -6.259576634e-26)
(0.9990746928 -0.0007846724318 2.93243144e-26)
(0.9991842911 -0.0006916840398 0)
(0.9992810343 -0.0006099881487 -1.999551552e-26)
(0.9993664878 -0.0005381828029 1.999550414e-26)
(0.9994420097 -0.0004750848006 -1.300020546e-25)
(0.9995087867 -0.0004196659143 -9.623067321e-28)
(0.9995678641 -0.0003710199562 -6.73769449e-27)
(0.9996201692 -0.0003283442375 -5.1117725e-27)
(0.9996665203 -0.0002909311366 5.111770273e-27)
(0.9997076479 -0.0002581686255 -3.802910704e-27)
(0.9997442059 -0.0002295218303 5.423594115e-27)
(0.9997767633 -0.0002045217952 -1.620685652e-27)
(0.9998058305 -0.0001827616493 0)
(0.9998318512 -0.0001638947468 9.131337368e-28)
(0.9998552881 -0.000147612203 -2.801441803e-26)
(0.9998762932 -0.0001336903639 2.591652344e-28)
(0.9998960018 -0.0001217135655 -2.591650018e-28)
(0.9999113586 -0.0001125079135 2.145453734e-29)
(0.9999345845 -0.0001003562835 -2.148065404e-29)
(1.264786778 0.1161527527 1.051222184e-06)
(1.279291162 0.08486658375 -5.553736986e-21)
(1.289684605 0.0518559608 3.776407584e-21)
(1.294905843 0.0179828886 -1.502412406e-22)
(1.293797381 -0.01678147 2.837386861e-21)
(1.285401731 -0.05176253907 1.918680162e-21)
(1.269385379 -0.08470086117 -9.372709593e-22)
(1.24658624 -0.1131381706 -1.919467171e-21)
(1.218779184 -0.1353206275 2.859611361e-24)
(1.188237467 -0.1503127391 1.265102275e-21)
(1.157217612 -0.1582431671 0)
(1.127573808 -0.1600181283 0)
(1.100706408 -0.1568305106 -4.930731297e-22)
(1.077300088 -0.1501561905 4.946600252e-22)
(1.057588084 -0.1412048811 3.079867003e-22)
(1.041472624 -0.130994345 0)
(1.028604645 -0.1202883496 0)
(1.018504692 -0.1095941524 2.517157208e-24)
(1.010684574 -0.09925375515 -8.298569986e-25)
(1.004699795 -0.08949207229 0)
(1.000166908 -0.08043846041 -1.995617938e-24)
(0.996766387 -0.07214518119 -1.387438346e-24)
(0.9942402353 -0.06460739764 0)
(0.9923862979 -0.0577825803 -1.473836419e-24)
(0.9910503361 -0.05160755173 -1.44258854e-24)
(0.9901174642 -0.04601236853 0)
(0.9895039339 -0.0409307129 1.880211307e-23)
(0.9891493896 -0.03630672752 -2.463863555e-23)
(0.989009642 -0.03209827031 8.761096581e-24)
(0.9890504764 -0.02827649656 0)
(0.9892432946 -0.0248220059 -6.0929956e-24)
(0.9895630032 -0.02171880228 6.122541495e-24)
(0.9899876777 -0.0189483584 4.872241365e-24)
(0.9904987976 -0.01648627289 -5.353461387e-24)
(0.9910808215 -0.01430291793 1.249859908e-25)
(0.9917195819 -0.01236750212 -5.608112164e-26)
(0.9924000506 -0.01065327191 -1.197023913e-25)
(0.993104096 -0.00914137023 7.427097857e-25)
(0.9938107236 -0.00782000001 -1.921991501e-24)
(0.9944985225 -0.006680716618 1.0064213e-24)
(0.9951471782 -0.005714407476 0)
(0.9957407779 -0.004907349767 8.957069652e-25)
(0.9962701161 -0.004239705755 -2.032481235e-25)
(0.9967331067 -0.003687368168 9.066739572e-25)
(0.9971335599 -0.003225612872 0)
(0.9974789463 -0.002832747224 -5.512276412e-25)
(0.9977779977 -0.002492315651 0)
(0.9980388549 -0.002193385104 -1.097963076e-25)
(0.9982680962 -0.001929362521 1.279894806e-26)
(0.9984705846 -0.001696245488 1.480588636e-25)
(0.9986498222 -0.001491109507 -2.977485681e-25)
(0.9988084572 -0.001311225258 3.338203847e-26)
(0.9989486996 -0.001153785328 -3.929025182e-27)
(0.9990725519 -0.001015993574 -2.945302205e-26)
(0.9991818822 -0.0008952536448 1.806703956e-25)
(0.999278412 -0.0007892971052 2.015917264e-26)
(0.9993636882 -0.0006962100368 -2.01591717e-26)
(0.9994390709 -0.0006143889023 0)
(0.9995057452 -0.0005424733205 0)
(0.9995647449 -0.0004792873575 0)
(0.999616979 -0.0004238007867 0)
(0.9996632526 -0.0003751067468 0)
(0.9997042815 -0.0003324095686 -3.930131893e-27)
(0.9997407019 -0.0002950077692 3.930131308e-27)
(0.9997730824 -0.0002622951412 0)
(0.9998019307 -0.0002337462269 0)
(0.9998276978 -0.0002088963023 0)
(0.9998507693 -0.0001873459943 0)
(0.9998715539 -0.0001687447674 0)
(0.9998901863 -0.0001528391695 2.305309436e-28)
(0.9999076727 -0.0001391546329 -2.305307391e-28)
(0.9999212993 -0.0001286356694 0)
(0.9999419132 -0.0001147486394 0)
(1.23493379 0.1005664673 -9.282942898e-22)
(1.247777945 0.07370363281 0)
(1.256421879 0.04563781799 -1.65584165e-21)
(1.26052276 0.01662679822 -1.679926685e-22)
(1.259407745 -0.01298708362 -1.835088209e-21)
(1.252650456 -0.0420944954 0)
(1.240150798 -0.06907492855 -3.625431127e-22)
(1.222438965 -0.09235192243 3.84006808e-22)
(1.200690694 -0.1107943616 2.894794155e-22)
(1.176472844 -0.1238427615 4.100529145e-22)
(1.151402618 -0.1316173692 -9.942705289e-22)
(1.126922728 -0.13463021 0)
(1.104111194 -0.1337620781 1.085538453e-21)
(1.083627098 -0.1299704494 -6.093156214e-23)
(1.06582181 -0.1241053978 -3.068990608e-22)
(1.05073481 -0.116829873 -2.251231078e-22)
(1.038258456 -0.108772787 7.6016162e-23)
(1.028106604 -0.1003856694 -2.228850228e-24)
(1.019936539 -0.09198884176 8.297592944e-25)
(1.013419621 -0.08382061811 -6.285897428e-25)
(1.008262397 -0.07604830874 -4.56367966e-25)
(1.004208733 -0.06877247103 0)
(1.001040713 -0.06203671816 -9.960805354e-24)
(0.9985793807 -0.05584264413 9.962407238e-24)
(0.9966825388 -0.05016555829 0)
(0.9952400058 -0.0449679481 0)
(0.9941679998 -0.04020948599 3.075141092e-25)
(0.9934033764 -0.03585354114 5.501206388e-24)
(0.9928977594 -0.03187056424 -5.957288705e-24)
(0.9926118929 -0.02823866902 1.438235857e-25)
(0.9925110948 -0.02494173034 5.106706833e-24)
(0.9925627141 -0.02196574224 -5.091330056e-24)
(0.992735849 -0.01929483991 4.288170442e-24)
(0.9930026674 -0.01690870261 -7.696945087e-24)
(0.9933400244 -0.01478255894 2.857288356e-25)
(0.9937300996 -0.01288979128 3.448698441e-24)
(0.9941594535 -0.01120579845 1.99470574e-26)
(0.9946167505 -0.009711425182 2.870367268e-25)
(0.995090235 -0.008393433654 0)
(0.9955675715 -0.007242091611 -1.408905619e-24)
(0.9960350934 -0.006248236152 4.877800209e-25)
(0.9964793663 -0.005400685489 -8.956780798e-25)
(0.9968895252 -0.00468416158 -1.711099168e-25)
(0.9972589133 -0.004079950501 -3.805406591e-25)
(0.9975855603 -0.003568153031 -1.517574958e-25)
(0.9978714398 -0.00313032375 5.51217367e-25)
(0.9981209689 -0.002751370023 0)
(0.9983394007 -0.002420175817 3.58203368e-25)
(0.9985316281 -0.002129096358 3.9977832e-25)
(0.9987016071 -0.001872875236 -2.632965255e-26)
(0.9988523119 -0.001647560605 2.977454679e-25)
(0.9989859834 -0.001449765556 -5.701913909e-26)
(0.9991044321 -0.001276335075 3.184404456e-26)
(0.9992092579 -0.001124297795 2.517517947e-26)
(0.9993019486 -0.0009909347097 -3.319659986e-25)
(0.9993838938 -0.0008738446725 1.726637797e-26)
(0.9994563637 -0.0007709596783 -1.726638694e-26)
(0.9995204902 -0.0006805154256 0)
(0.9995772658 -0.0006010018896 -9.089673703e-26)
(0.9996275567 -0.0005311147153 -8.997498023e-26)
(0.9996721227 -0.0004697173692 1.923187991e-26)
(0.9997116359 -0.0004158144964 -5.065314684e-27)
(0.999746695 -0.0003685328809 -3.89955219e-27)
(0.999777835 -0.0003271073143 2.904160455e-27)
(0.9998055334 -0.0002908674019 -4.276535698e-28)
(0.9998302193 -0.0002592300878 -3.899178933e-28)
(0.9998522798 -0.0002316917324 2.560540509e-26)
(0.9998720402 -0.0002078083535 0)
(0.9998898458 -0.0001871895186 0)
(0.9999058116 -0.0001695562583 0)
(0.9999207999 -0.0001543839132 -1.271028413e-28)
(0.9999324816 -0.0001427205116 1.271027378e-28)
(0.9999501584 -0.0001273203963 0)
(1.209580212 0.08638283985 -6.777603775e-22)
(1.220918446 0.0638213218 0)
(1.2283493 0.04003656336 2.827529767e-21)
(1.231782819 0.01552659326 -2.837213082e-21)
(1.23093022 -0.009055113483 1.343024079e-21)
(1.225508514 -0.03284445679 2.005655652e-21)
(1.215542695 -0.05484343209 -9.762261047e-22)
(1.201442844 -0.07401649558 6.490853214e-22)
(1.184062374 -0.08958593627 -2.293613708e-22)
(1.16454723 -0.1011466616 2.926610076e-22)
(1.144096804 -0.1087128777 0)
(1.123794942 -0.1126279195 6.403710988e-22)
(1.104487008 -0.1134828333 -1.215949746e-21)
(1.086768768 -0.111871801 -4.502029411e-22)
(1.070949522 -0.108438898 -7.285869697e-22)
(1.057164433 -0.1035596501 6.961864906e-22)
(1.04542002 -0.09769423494 2.248374369e-23)
(1.035578024 -0.09125365472 0)
(1.027414264 -0.08454358993 0)
(1.020693881 -0.07780352476 -1.12662801e-23)
(1.015197959 -0.07121664048 1.189753786e-23)
(1.010729363 -0.06491214699 -1.288127979e-24)
(1.007113386 -0.05896716269 1.288361455e-24)
(1.004199923 -0.0534156166 -4.321812531e-24)
(1.001864399 -0.04826177028 4.390503736e-24)
(1.000006136 -0.04349327109 0)
(0.9985451653 -0.03909084675 -3.074755211e-25)
(0.9974184222 -0.03503426248 7.551703675e-24)
(0.9965756092 -0.03130535718 -1.130176078e-23)
(0.9959749663 -0.02788898782 3.605882723e-24)
(0.9955796158 -0.02477238459 -4.377430317e-26)
(0.9953552496 -0.0219433916 -4.219788247e-26)
(0.9952695463 -0.01938835902 0)
(0.9952930407 -0.01709067692 -5.355808533e-26)
(0.9954005765 -0.01503073751 -2.608386917e-24)
(0.9955722921 -0.01318745338 2.559674106e-24)
(0.9957933508 -0.01154063463 -1.994565424e-26)
(0.9960525683 -0.010073213 -2.869298708e-25)
(0.9963396615 -0.008772299603 0)
(0.9966448133 -0.007627293473 9.210959123e-25)
(0.9969572831 -0.006627893482 3.432446884e-25)
(0.9972658315 -0.005763385992 -3.432492788e-25)
(0.9975602905 -0.005020735071 -2.271581659e-25)
(0.9978330443 -0.004384747096 -8.410554338e-25)
(0.9980798428 -0.003839341108 1.215032409e-25)
(0.9982996974 -0.003369222422 -2.583362997e-25)
(0.9984940472 -0.002961220922 -4.109540133e-25)
(0.998665629 -0.002604880851 -3.581980822e-25)
(0.9988174758 -0.00229231074 -3.841048024e-25)
(0.9989522932 -0.00201758751 3.476552858e-25)
(0.9990722401 -0.001776069544 5.245396353e-26)
(0.9991789867 -0.001563862664 -5.245408644e-26)
(0.999273882 -0.001377517561 0)
(0.9993581079 -0.001213914603 0)
(0.9994327649 -0.001070246942 3.167616118e-26)
(0.999498895 -0.0009440278052 1.410782783e-26)
(0.9995574693 -0.0008330851099 -1.072491242e-25)
(0.9996093695 -0.0007355371171 0)
(0.9996553787 -0.0006497570703 9.089628254e-26)
(0.9996961841 -0.0005743360294 7.970760093e-26)
(0.999732389 -0.0005080494126 0)
(0.9997645259 -0.0004498290476 0)
(0.9997930692 -0.000398740603 -2.770054126e-27)
(0.9998184437 -0.000353965511 2.770054818e-27)
(0.9998410312 -0.0003147869509 0)
(0.9998611713 -0.0002805770164 0)
(0.9998791773 -0.0002507913301 -4.976701089e-26)
(0.9998953175 -0.000224960112 0)
(0.999909867 -0.0002026566308 1.437946977e-26)
(0.9999229169 -0.000183579131 0)
(0.9999351722 -0.0001671621159 -1.045291524e-28)
(0.9999447258 -0.0001545409356 -4.175108709e-27)
(0.9999591881 -0.0001378736793 2.704127861e-29)
(1.188074206 0.07397888145 2.504347858e-22)
(1.197951494 0.05516949997 0)
(1.204414744 0.03521416709 1.216117817e-21)
(1.207449601 0.01464608795 -1.219450709e-21)
(1.206848331 -0.005892396618 -1.276923612e-21)
(1.202483543 -0.0257245358 -2.553531778e-21)
(1.194449414 -0.04405768529 -1.121427243e-21)
(1.183134232 -0.06012967653 1.096086581e-21)
(1.169168236 -0.07338119984 -5.266724852e-22)
(1.153375302 -0.08353569138 2.357796429e-22)
(1.136634201 -0.09060426505 3.637034937e-22)
(1.119762473 -0.09483172459 -4.452800719e-22)
(1.10343568 -0.09660932306 2.566192526e-22)
(1.088154362 -0.09636419262 -1.407177746e-22)
(1.074209385 -0.09455326284 7.281611862e-22)
(1.061772317 -0.09144338781 -1.175882268e-21)
(1.050879649 -0.08728536683 0)
(1.041500735 -0.08241734027 0)
(1.033514809 -0.07711277507 0)
(1.026776751 -0.07160919503 0)
(1.021126767 -0.06609057388 6.416954683e-25)
(1.016411994 -0.06069286247 8.558425645e-24)
(1.012494184 -0.05550908241 -4.059572232e-24)
(1.009251403 -0.05059366555 -7.387392065e-24)
(1.006578517 -0.04597136909 2.043309069e-24)
(1.004386739 -0.04164842698 1.566749731e-24)
(1.002602405 -0.03762168683 1.086817075e-24)
(1.001165038 -0.03388411672 -2.667224405e-24)
(1.00002475 -0.03042744857 -1.904036459e-24)
(0.999139311 -0.02724317678 1.90418823e-24)
(0.998471524 -0.02432261285 -1.99090314e-24)
(0.9979874674 -0.02165632296 4.079144916e-24)
(0.9976558513 -0.01923330762 -2.002259763e-24)
(0.9974483439 -0.01704042653 0)
(0.9973403674 -0.01506251224 0)
(0.9973117121 -0.01328328754 0)
(0.9973464236 -0.01168676266 0)
(0.997431946 -0.01025849762 -1.337171053e-24)
(0.997557353 -0.008986752957 1.338617816e-24)
(0.9977124 -0.007860993059 4.612799596e-25)
(0.997887275 -0.006870547545 6.680791393e-25)
(0.9980718977 -0.006004930201 -2.484642612e-25)
(0.9982569973 -0.005252538816 5.001862443e-25)
(0.9984351144 -0.00460058106 4.464992212e-25)
(0.9986012164 -0.004035785852 0)
(0.9987527506 -0.003545407217 2.828805132e-25)
(0.9988891936 -0.003118086771 4.499761484e-25)
(0.9990113287 -0.002744304756 -1.201383256e-25)
(0.9991205313 -0.002416384901 5.656024349e-26)
(0.9992182521 -0.002128195886 0)
(0.9993057596 -0.00187474936 1.393267611e-25)
(0.9993840863 -0.001651847775 3.50946005e-26)
(0.9994540854 -0.001455847123 -1.448805698e-25)
(0.9995165092 -0.001283527031 0)
(0.9995720656 -0.001132028378 1.19618723e-25)
(0.9996214382 -0.0009988202484 7.621403622e-26)
(0.9996652823 -0.0008816740057 9.314070956e-26)
(0.9997042109 -0.0007786367882 -8.338967599e-27)
(0.9997387824 -0.0006880038173 1.008980018e-27)
(0.9997694957 -0.0006082905561 1.375809428e-26)
(0.999796792 -0.0005382054274 -6.428094823e-27)
(0.9998210614 -0.0004766238479 0)
(0.9998426503 -0.000422564559 0)
(0.9998618688 -0.0003751693192 0)
(0.9998789963 -0.0003336863923 -1.559406957e-27)
(0.9998942845 -0.0002974579807 2.874434202e-27)
(0.9999079609 -0.0002659065553 2.075998756e-26)
(0.9999202278 -0.0002385391316 0)
(0.9999312963 -0.0002149061379 -1.437943756e-26)
(0.9999412283 -0.0001946892983 -8.20222583e-27)
(0.9999505597 -0.000177289667 2.505662382e-28)
(0.9999578363 -0.0001639120149 7.366938741e-27)
(0.9999688582 -0.0001462431626 0)
(1.169797021 0.06343698864 1.126030671e-24)
(1.178321675 0.04771769249 0)
(1.183958932 0.03097763481 1.055430646e-21)
(1.186653551 0.01371234315 -2.061619914e-21)
(1.186278068 -0.003472305415 8.76205202e-23)
(1.182817391 -0.02000150001 7.197220885e-23)
(1.176401518 -0.0352492765 4.964691807e-23)
(1.167311603 -0.04868433233 3.302579996e-23)
(1.156015388 -0.05991559103 9.017704089e-22)
(1.143128104 -0.06877119934 -4.309522469e-22)
(1.129320062 -0.07527356683 -4.286382223e-22)
(1.11522433 -0.07959150622 1.272250961e-22)
(1.101379025 -0.08197808083 2.953372001e-22)
(1.088200031 -0.08270829912 -1.157046905e-22)
(1.075962051 -0.08206292554 2.53082742e-22)
(1.064823069 -0.08028035354 2.623725619e-22)
(1.054867312 -0.07749943491 0)
(1.046075358 -0.07396295228 4.273127544e-22)
(1.038397275 -0.06986497025 7.174054224e-23)
(1.031776314 -0.06542935214 -3.751086665e-23)
(1.026113263 -0.06085426974 -6.416044594e-25)
(1.021290387 -0.05628131896 4.589007501e-25)
(1.017195837 -0.05180859989 -1.125623529e-23)
(1.013731459 -0.04750111642 1.151627885e-23)
(1.010811718 -0.04339715562 6.000761796e-26)
(1.008361605 -0.03951661632 -3.257205039e-24)
(1.006315943 -0.03586859763 3.253244233e-24)
(1.004619086 -0.03245631978 -5.372591879e-25)
(1.003223778 -0.02927958814 6.970349395e-25)
(1.002089293 -0.0263358703 -1.481682764e-25)
(1.00117963 -0.02362074257 -2.061256037e-27)
(1.000462269 -0.02112799936 -7.757207745e-25)
(0.9999076452 -0.01884959025 7.741736099e-25)
(0.9994891686 -0.01677561028 -8.734382819e-25)
(0.9991835341 -0.01489456722 8.734773942e-25)
(0.998970958 -0.01319400554 0)
(0.9988350333 -0.01166135182 -7.661112152e-27)
(0.9987621822 -0.01028469302 7.648507591e-25)
(0.9987405797 -0.009053584405 -7.6541685e-25)
(0.9987593971 -0.007958159012 -7.067041077e-26)
(0.9988087154 -0.00698829762 -7.968350993e-25)
(0.9988789756 -0.006133969487 -1.976077407e-25)
(0.9989615157 -0.005384790998 1.824126784e-25)
(0.9990491357 -0.004729769625 0)
(0.999136472 -0.004157723873 2.54704029e-25)
(0.9992200492 -0.00365788057 -1.033220857e-26)
(0.999298021 -0.00322041555 3.336648792e-26)
(0.9993697183 -0.002836774736 -3.686212157e-26)
(0.9994351696 -0.002499734292 3.686236419e-26)
(0.9994947165 -0.002203264386 -2.938022781e-26)
(0.9995487781 -0.001942305227 -8.377181936e-26)
(0.9995977483 -0.001712547048 -4.945935604e-26)
(0.9996419778 -0.001510260015 1.537636569e-25)
(0.9996817918 -0.001332179014 -7.858075288e-26)
(0.999717512 -0.001175428151 -3.52066998e-26)
(0.9997494676 -0.00103746807 -1.38217932e-25)
(0.9997779946 -0.0009160557694 0)
(0.999803428 -0.0008092124228 0)
(0.9998260905 -0.0007151969201 0)
(0.9998462833 -0.0006324828068 -4.348677727e-27)
(0.9998642803 -0.0005597363249 5.404183195e-28)
(0.9998803264 -0.0004957943573 -2.098154882e-26)
(0.999894639 -0.0004396425677 6.204863467e-27)
(0.9999074124 -0.0003903950881 1.331800366e-26)
(0.9999188213 -0.0003472768558 -1.498377496e-26)
(0.9999290236 -0.0003096097795 1.289971443e-26)
(0.9999381643 -0.0002767999702 -9.920622601e-27)
(0.9999463754 -0.0002483324693 0)
(0.999953793 -0.0002237471752 -6.481668062e-27)
(0.9999604534 -0.0002027138599 7.951639459e-27)
(0.9999667171 -0.0001846091238 -3.427682562e-27)
(0.9999716041 -0.0001706879877 -3.114310792e-27)
(0.9999790148 -0.0001522984629 0)
(1.154169665 0.05438536809 2.006450717e-22)
(1.161510762 0.0412281022 0)
(1.16641797 0.02720232292 -2.275331286e-21)
(1.16881719 0.01275057326 3.732034926e-21)
(1.168686722 -0.0016479613 8.955389899e-22)
(1.165992972 -0.01544018292 1.008545888e-21)
(1.160846194 -0.02817580737 -8.685759355e-22)
(1.153490702 -0.03946400027 0)
(1.144298815 -0.04902555303 0)
(1.133733506 -0.05674645582 -8.998742636e-23)
(1.122303909 -0.06265739271 8.780170904e-23)
(1.11050037 -0.06688353999 0)
(1.098748565 -0.0695937108 0)
(1.087388824 -0.07095790166 2.385279485e-22)
(1.076668554 -0.07113132135 -1.379835431e-22)
(1.066742267 -0.07026525398 -4.114662308e-23)
(1.057696917 -0.06849045786 -3.179409769e-22)
(1.049545019 -0.06598500005 -1.80257577e-22)
(1.042282259 -0.06289350114 4.67453552e-22)
(1.03587681 -0.05937571354 -1.178259685e-22)
(1.030289372 -0.0556185759 -2.705649803e-23)
(1.02544947 -0.05177684512 3.370773325e-23)
(1.021268793 -0.04795265703 6.693834431e-25)
(1.017667338 -0.04421442247 -2.685357767e-25)
(1.014575457 -0.0406059039 -2.194598567e-27)
(1.011931275 -0.03715528502 1.693696843e-25)
(1.009679194 -0.03388062095 1.506151528e-25)
(1.007769976 -0.03079303242 9.217423058e-26)
(1.006160525 -0.02789866462 -8.019352437e-26)
(1.004812947 -0.02519994056 1.034530122e-24)
(1.003693427 -0.02269636609 -1.032549391e-24)
(1.002771449 -0.02038501341 -4.056263872e-25)
(1.002019401 -0.01826082681 5.876188189e-25)
(1.001412482 -0.01631690418 -1.470386983e-25)
(1.000928748 -0.01454486261 -4.590335068e-26)
(1.000549134 -0.01293532421 0)
(1.000257283 -0.01147847694 7.660688848e-27)
(1.000039164 -0.0101645742 0)
(0.9998824717 -0.008984534327 4.55557521e-26)
(0.9997759671 -0.00792964638 -3.32347567e-25)
(0.9997095738 -0.006990666229 2.663029779e-25)
(0.9996739234 -0.006158275743 1.976028375e-25)
(0.999660684 -0.005423253751 -1.824085505e-25)
(0.9996627897 -0.004776085533 0)
(0.9996746448 -0.004207221967 -1.092138921e-25)
(0.9996921484 -0.003707443458 -1.521648258e-26)
(0.9997125253 -0.003268204921 -1.531296799e-25)
(0.9997340348 -0.002881864149 0)
(0.9997556497 -0.002541756499 0)
(0.9997767813 -0.002242142302 3.816226525e-26)
(0.9997970855 -0.001978085889 -1.34583888e-27)
(0.9998163481 -0.001745321266 -1.241676365e-26)
(0.9998344287 -0.001540135873 -1.002614374e-26)
(0.9998512374 -0.001359280344 7.689188301e-26)
(0.9998667272 -0.001199899353 5.053097516e-26)
(0.9998808907 -0.001059476396 3.770135774e-26)
(0.9998937573 -0.0009357884457 0)
(0.9999053875 -0.000826869174 0)
(0.9999158652 -0.000730980034 -1.064428011e-26)
(0.9999252876 -0.000646587395 0)
(0.999933755 -0.0005723431088 1.940910546e-27)
(0.9999413637 -0.0005070661979 2.122660565e-26)
(0.9999482014 -0.0004497245499 -2.194083445e-28)
(0.9999543468 -0.0003994168597 -1.640111756e-26)
(0.9999598707 -0.0003553556653 1.264193868e-26)
(0.9999648378 -0.0003168528187 -1.608586448e-26)
(0.9999693082 -0.0002833059218 9.920587726e-27)
(0.9999733399 -0.0002541914998 0)
(0.9999769948 -0.0002290463746 6.48164887e-27)
(0.9999802847 -0.0002075312341 0)
(0.9999833867 -0.0001890087637 3.456416852e-27)
(0.9999858103 -0.0001747650417 -3.616074409e-29)
(0.9999894967 -0.0001559463477 -2.950931264e-28)
(1.140745112 0.04663977213 -8.199333798e-23)
(1.147075218 0.03561142005 -1.060585487e-22)
(1.151364477 0.02385713148 -1.930251367e-22)
(1.153538428 0.01175558784 7.625849391e-22)
(1.153571642 -0.0002917410785 -1.729210427e-21)
(1.151483784 -0.01183094253 0)
(1.147370945 -0.02248771847 8.68469306e-22)
(1.141415556 -0.03196914153 3.677963002e-22)
(1.13391081 -0.04009169196 3.8290785e-22)
(1.12521416 -0.04678515754 -2.399961186e-22)
(1.115717026 -0.05209122729 6.295010808e-22)
(1.105802828 -0.05610812324 -2.994808822e-22)
(1.095808882 -0.05894720454 -1.54565525e-23)
(1.086010816 -0.06070554435 -2.807360003e-23)
(1.076619452 -0.06146072723 2.039967272e-22)
(1.067782006 -0.06128723895 -2.928279293e-22)
(1.05959179 -0.06027186735 2.23894608e-22)
(1.052091211 -0.05854061931 6.136343503e-23)
(1.045290646 -0.05624258245 -5.921963344e-22)
(1.039184311 -0.05350757325 0)
(1.033751769 -0.05046516101 -7.406284844e-23)
(1.028963693 -0.04726998239 -6.872767415e-23)
(1.024761757 -0.04402629618 -6.689736567e-25)
(1.021088836 -0.04080890575 1.797832115e-23)
(1.017887898 -0.03766424838 -1.827059521e-23)
(1.015106424 -0.03462329656 -1.693562865e-25)
(1.01269743 -0.03170918757 -1.330620998e-25)
(1.01061897 -0.02893886918 7.150141316e-24)
(1.008833406 -0.0263235434 -7.230293767e-24)
(1.007306693 -0.02386965435 2.101997891e-25)
(1.006007884 -0.02158002511 -1.722629159e-25)
(1.00490887 -0.01945465873 0)
(1.003984188 -0.01749123662 2.566962819e-26)
(1.003210872 -0.0156855167 0)
(1.002568376 -0.01403173427 -7.654560328e-25)
(1.002038507 -0.01252301995 7.843025797e-25)
(1.001605284 -0.01115182082 2.627104172e-26)
(1.001254658 -0.009910265901 3.415997774e-25)
(1.000974211 -0.008790589491 -3.562690196e-25)
(1.00075261 -0.00778537662 -2.375540583e-25)
(1.000579723 -0.006886452771 0)
(1.000446244 -0.006085346493 -1.644171087e-25)
(1.000344016 -0.005373954419 2.608185552e-26)
(1.000266007 -0.004744039559 -5.890357481e-27)
(1.000206415 -0.004187392674 -1.325375206e-25)
(1.000160677 -0.003696062792 -2.448656482e-26)
(1.000125339 -0.003262588573 1.088046842e-25)
(1.000097864 -0.002880166962 -5.837465436e-26)
(1.000076406 -0.002542728459 4.956828488e-26)
(1.000059615 -0.002244927411 -6.658204013e-26)
(1.000046484 -0.001982079171 1.453763161e-27)
(1.000036239 -0.001750078083 -3.21767964e-26)
(1.000028271 -0.001545318854 2.628216463e-26)
(1.000022094 -0.001364629899 2.251205028e-26)
(1.000017311 -0.001205217888 1.930365039e-26)
(1.000013604 -0.001064619895 1.924004946e-28)
(1.000010716 -0.0009406609156 -2.835245643e-28)
(1.00000845 -0.0008314166464 9.112371083e-29)
(1.000006657 -0.0007351823711 1.064422055e-26)
(1.000005231 -0.000650448165 0)
(1.000004095 -0.000575879302 0)
(1.000003193 -0.0005102999183 0)
(1.000002482 -0.000452677985 -5.640463608e-27)
(1.000001925 -0.0004021104719 -4.793302847e-27)
(1.000001493 -0.0003578085234 -5.500899746e-29)
(1.000001158 -0.0003190835694 4.277550879e-27)
(1.000000898 -0.0002853342141 2.533996515e-29)
(1.000000694 -0.0002560377926 -2.292113036e-27)
(1.000000534 -0.0002307285203 2.741493141e-29)
(1.000000408 -0.0002090708435 1.327869961e-27)
(1.000000305 -0.0001904232806 2.137594719e-30)
(1.00000023 -0.0001760820808 -5.077253545e-28)
(1.000000138 -0.0001571316816 6.576936349e-29)
(1.129185418 0.03998887889 -3.471904366e-23)
(1.134663191 0.03073364832 -1.819987276e-22)
(1.138429286 0.02087621057 1.727896825e-22)
(1.140406751 0.01074737394 0)
(1.140572175 0.0006874349812 -7.482594306e-22)
(1.138981665 -0.008960552671 7.496243616e-22)
(1.13569502 -0.01787502678 0)
(1.130859431 -0.02584236131 -7.505083505e-22)
(1.124708561 -0.03273686434 0)
(1.117525217 -0.03852387642 0)
(1.109610173 -0.0432514637 0)
(1.101261624 -0.04699777713 1.633849609e-23)
(1.092746283 -0.04983424974 1.545967225e-23)
(1.084286467 -0.05180710053 0)
(1.07605885 -0.05294117642 0)
(1.06819672 -0.05326064247 8.354113679e-23)
(1.060794846 -0.05281149255 -7.830984839e-23)
(1.053914209 -0.05167730151 -6.157840698e-23)
(1.047584602 -0.04998386376 2.363595493e-22)
(1.041812144 -0.04786986181 0)
(1.036600372 -0.04543783891 -6.990102896e-23)
(1.031921198 -0.04281986984 2.054742611e-22)
(1.027743237 -0.04009770807 2.570000408e-23)
(1.024041652 -0.03734782757 -4.743285914e-23)
(1.020777084 -0.03462664291 2.155713074e-23)
(1.017904038 -0.03196817633 0)
(1.015380708 -0.0293967454 4.808518135e-25)
(1.013171219 -0.02693199491 1.134261604e-23)
(1.011243812 -0.02458849005 -1.122478551e-23)
(1.009569033 -0.02237585087 -2.101862221e-25)
(1.00811928 -0.0202996326 -7.309655001e-26)
(1.006869072 -0.01836224431 -2.579165527e-24)
(1.005795177 -0.01656363149 2.403651931e-24)
(1.004876495 -0.0149017717 0)
(1.004093926 -0.0133730731 0)
(1.003430274 -0.01197273219 -1.302902088e-24)
(1.00287016 -0.01069507408 1.244760527e-24)
(1.00239981 -0.009533861144 9.632040707e-25)
(1.002006959 -0.008482529977 -9.692920634e-25)
(1.001680422 -0.007534981242 2.375486215e-25)
(1.001410147 -0.006684194598 3.935760114e-25)
(1.001186874 -0.005922576507 4.712988468e-26)
(1.001002553 -0.005243071175 2.174548875e-25)
(1.00085014 -0.004638568814 -1.859200747e-25)
(1.000723659 -0.004102000537 2.560756318e-25)
(1.000618191 -0.003626490617 -2.623365423e-25)
(1.000529776 -0.003205520454 -6.890718126e-26)
(1.000455274 -0.00283305841 2.006022436e-25)
(1.000392207 -0.002503631352 -1.732448529e-25)
(1.00033861 -0.002212337889 7.731744453e-26)
(1.000292914 -0.00195481944 -3.513565761e-26)
(1.000253847 -0.001727210362 1.12479235e-25)
(1.000220368 -0.001526084275 4.50263826e-26)
(1.000191615 -0.001348405374 -8.472931503e-26)
(1.000166866 -0.001191486289 -1.930351049e-26)
(1.00014551 -0.001052950423 -7.506146857e-27)
(1.000127032 -0.0009306966264 -4.035467416e-26)
(1.000110995 -0.0008228657631 -2.952708533e-26)
(1.000097034 -0.0007278102916 4.912908529e-27)
(1.000084845 -0.0006440684005 -4.912920478e-27)
(1.000074179 -0.0005703433295 0)
(1.000064827 -0.0005054871725 0)
(1.000056615 -0.0004484874987 5.640437925e-27)
(1.000049393 -0.0003984550795 3.630424984e-27)
(1.00004303 -0.0003546115834 2.147782013e-27)
(1.000037411 -0.0003162775126 -9.849244831e-28)
(1.000032432 -0.0002828594366 -3.397207342e-28)
(1.000028006 -0.0002538420444 -4.560099957e-27)
(1.000024043 -0.0002287718838 -2.73084352e-28)
(1.000020506 -0.000207313618 3.104427899e-27)
(1.000017203 -0.0001888349197 -3.035779389e-27)
(1.000014635 -0.0001746221399 2.186032884e-27)
(1.00001077 -0.0001558386107 2.240625217e-28)
(1.119222335 0.03424636097 7.448222361e-23)
(1.123989088 0.02647589116 -1.435190506e-22)
(1.127315251 0.01821170367 -7.56493185e-23)
(1.129128759 0.009738924503 -4.915326456e-22)
(1.129412285 0.00133424347 6.694833102e-22)
(1.128206258 -0.006726059857 3.079506119e-22)
(1.12557582 -0.01417555644 0)
(1.121645869 -0.02085600871 3.188664897e-22)
(1.116594023 -0.02668586643 -1.535968466e-23)
(1.110643045 -0.03166260182 -2.683804985e-22)
(1.104026951 -0.03583656124 8.362398789e-24)
(1.096977291 -0.0392707413 2.269478704e-22)
(1.089703905 -0.04200828168 -2.222822842e-23)
(1.082385136 -0.04406025255 -4.200271497e-22)
(1.075167968 -0.04541543327 1.989975754e-22)
(1.068170629 -0.04606436681 -5.231459605e-24)
(1.061485175 -0.04602373549 6.93694568e-23)
(1.055179888 -0.04534975746 -6.936955085e-23)
(1.049300832 -0.04413738163 -2.766682769e-23)
(1.043870502 -0.04250729419 0)
(1.038898234 -0.04057048122 0)
(1.034368595 -0.03844164499 -1.513660957e-22)
(1.030267978 -0.03619059402 -2.623022034e-22)
(1.026578012 -0.03386906047 8.878496832e-23)
(1.023282183 -0.03153364122 2.575449327e-23)
(1.020350806 -0.02922780388 0)
(1.017747095 -0.02697826057 -1.615251284e-23)
(1.015439335 -0.02480535694 2.864300059e-23)
(1.013400336 -0.02272450265 -1.30335441e-23)
(1.011605079 -0.02074724944 0)
(1.010029655 -0.01888147268 5.573415907e-25)
(1.008651496 -0.01713167267 2.684531296e-25)
(1.007449687 -0.01549963363 3.21291219e-24)
(1.006404994 -0.01398508907 -3.03742536e-24)
(1.005499789 -0.01258618656 0)
(1.004717973 -0.01129980579 -1.764641045e-24)
(1.004044916 -0.01012183605 1.913036143e-24)
(1.003467345 -0.009047445491 -1.500034994e-25)
(1.002973278 -0.008071300886 -2.935207265e-26)
(1.002551905 -0.00718829329 0)
(1.002193203 -0.006392571228 -3.9356865e-25)
(1.001888134 -0.005677532164 0)
(1.00162869 -0.005037054071 1.717082288e-25)
(1.001407806 -0.004465027376 -4.057572346e-25)
(1.001219364 -0.0039553694 -1.491882586e-25)
(1.001058171 -0.003502137745 4.807728119e-25)
(1.000919883 -0.003099651216 2.552054728e-25)
(1.0008009 -0.002742591413 -5.626796544e-26)
(1.000698252 -0.002426068313 3.771618027e-26)
(1.000609484 -0.002145645387 0)
(1.000532559 -0.001897331087 0)
(1.000465774 -0.001677549858 7.455049054e-26)
(1.000407701 -0.001483105591 -9.637680915e-26)
(1.000357132 -0.001311145995 6.221697171e-26)
(1.00031304 -0.00115913081 0)
(1.000274547 -0.001024803055 -9.201124585e-26)
(1.000240895 -0.0009061614315 4.318808358e-26)
(1.000211431 -0.0008014328303 6.007443395e-26)
(1.00018559 -0.0007090455273 -6.295477965e-26)
(1.000162887 -0.0006276045842 0)
(1.000142906 -0.0005558709425 -3.561489608e-26)
(1.000125293 -0.0004927446788 -3.781824011e-26)
(1.000109745 -0.0004372517198 -2.756837996e-27)
(1.000095999 -0.0003885327266 3.050303618e-26)
(1.000083828 -0.0003458327546 -2.404168269e-26)
(1.000073029 -0.000308491467 1.685302295e-27)
(1.000063424 -0.0002759320512 -2.381185021e-27)
(1.000054848 -0.0002476537364 8.141482961e-27)
(1.000047144 -0.0002232151915 -9.901635029e-27)
(1.000040261 -0.0002022928271 -4.440312222e-27)
(1.000033816 -0.0001842728938 3.084648861e-27)
(1.000028798 -0.0001704116441 1.181525131e-27)
(1.000021226 -0.0001520901427 0)
(1.110646464 0.02924833519 6.207380866e-23)
(1.114826421 0.02273284774 0)
(1.117785138 0.01581605627 1.441545393e-22)
(1.119459038 0.008736005078 3.088399553e-22)
(1.119832784 0.001724928864 4.613552926e-22)
(1.118932964 -0.004984667143 -1.870239777e-21)
(1.116833258 -0.01118746814 2.666058407e-23)
(1.113635943 -0.01676847739 0)
(1.109477529 -0.02168044979 0)
(1.104532499 -0.0259396199 -3.03097074e-22)
(1.098984428 -0.02959432999 5.086684997e-22)
(1.093011914 -0.0326967795 -2.505041404e-22)
(1.086779068 -0.03527071115 2.132398762e-22)
(1.080428388 -0.03730376111 6.022101359e-24)
(1.074081652 -0.03876120536 -3.696023537e-22)
(1.067842748 -0.03961168933 1.754470983e-22)
(1.061798956 -0.03985172259 0)
(1.056020855 -0.03951829749 0)
(1.05056194 -0.03868601761 0)
(1.045457288 -0.03745373589 -4.839632199e-23)
(1.040725902 -0.03592274195 4.837175929e-23)
(1.036368588 -0.03419051452 1.521163885e-22)
(1.032375879 -0.03233533864 4.041473077e-22)
(1.028737518 -0.03040091437 -1.132706129e-22)
(1.025442382 -0.02841880078 0)
(1.022477615 -0.02643698738 -6.860616024e-23)
(1.019816858 -0.02448489109 1.071294691e-23)
(1.017436092 -0.02258621981 0)
(1.015311361 -0.02075659687 -5.86461003e-24)
(1.013420168 -0.01900743381 6.84830127e-24)
(1.011741689 -0.01734768025 4.321313916e-25)
(1.010256439 -0.01578346274 -2.684410245e-25)
(1.008946024 -0.01431810431 3.846892706e-24)
(1.007793113 -0.01295271111 -3.847144815e-24)
(1.006781536 -0.0116867552 -2.134761569e-25)
(1.005896328 -0.0105184377 -2.659213495e-24)
(1.005123717 -0.009444931228 4.854942837e-24)
(1.004451052 -0.008462609423 -2.070886466e-24)
(1.00386679 -0.007567250485 9.613689614e-26)
(1.003360449 -0.006754660729 0)
(1.002922316 -0.006019972753 3.142859343e-25)
(1.002543463 -0.005357648043 -3.142942708e-25)
(1.002215927 -0.004762376561 -2.397232029e-25)
(1.001932658 -0.004228938918 1.339736112e-24)
(1.001687444 -0.003752122498 -3.930285775e-25)
(1.001474888 -0.003326813701 -1.085875764e-25)
(1.001290355 -0.002948089109 -3.958831075e-25)
(1.001129896 -0.002611295009 1.406823131e-25)
(1.000990157 -0.002312105508 0)
(1.000868292 -0.002046553064 0)
(1.000761877 -0.001811032819 -8.318223521e-26)
(1.000668846 -0.001602288311 -4.805341683e-26)
(1.000587429 -0.001417387781 -1.566906743e-25)
(1.00051611 -0.001253698306 1.375847482e-25)
(1.000453584 -0.001108861419 0)
(1.000398724 -0.0009807707153 9.892274556e-26)
(1.000350551 -0.0008675504795 -2.158641322e-26)
(1.000308213 -0.0007675342144 1.6544971e-26)
(1.000270964 -0.0006792429396 -3.602048213e-26)
(1.000238152 -0.0006013639863 -6.222132598e-26)
(1.000209212 -0.0005327314961 3.930877282e-26)
(1.00018365 -0.0004723096523 3.412398966e-26)
(1.000161041 -0.0004191789144 4.079457674e-26)
(1.000141014 -0.000372524909 -2.538409556e-26)
(1.000123246 -0.0003316291104 5.469403563e-26)
(1.000107451 -0.0002958605724 -2.994692462e-27)
(1.000093378 -0.0002646661414 0)
(1.0000808 -0.0002375737241 1.732918551e-26)
(1.000069489 -0.0002141492188 9.901593455e-27)
(1.000059367 -0.0001940910846 -1.037412131e-26)
(1.000049884 -0.0001768127354 0)
(1.000042498 -0.0001635203766 1.133589063e-27)
(1.000031342 -0.0001459481416 0)
(1.103287577 0.02486089892 1.035920703e-22)
(1.106986883 0.01941539496 2.930043642e-23)
(1.109640854 0.01364684037 -2.018823963e-22)
(1.111195239 0.007754980862 6.791300729e-23)
(1.111633333 0.001938577815 0)
(1.110982684 -0.003613514355 -2.71053435e-22)
(1.109318095 -0.008760678343 1.128792066e-21)
(1.106713216 -0.01340477721 2.677112862e-22)
(1.103280361 -0.01752488841 0)
(1.099156546 -0.02114634136 -3.143808739e-22)
(1.094485821 -0.02431739398 1.030663467e-25)
(1.089405015 -0.0270812313 2.094851469e-22)
(1.084041189 -0.02944779847 0)
(1.078507531 -0.03139004356 2.363134048e-23)
(1.072904728 -0.03285945691 0)
(1.067323751 -0.0338118064 0)
(1.061846246 -0.0342306576 0)
(1.056542778 -0.03413895939 0)
(1.05147056 -0.03359588476 5.661149736e-23)
(1.046671643 -0.03268334055 -6.261065768e-24)
(1.042173095 -0.0314883774 -5.035567567e-23)
(1.037988137 -0.03009146262 7.883297974e-23)
(1.034116945 -0.02856348088 -2.211132451e-22)
(1.03055173 -0.02695780611 -6.661443619e-23)
(1.027290461 -0.02529646157 1.062371816e-22)
(1.024316811 -0.02361986245 -5.912656693e-23)
(1.02161588 -0.02194705927 1.03438021e-23)
(1.019178373 -0.02030351991 0)
(1.016986899 -0.01871026957 -9.829609584e-25)
(1.015020237 -0.0171796135 6.868780441e-24)
(1.013258727 -0.01571994308 -7.613471846e-24)
(1.01168514 -0.01433779847 0)
(1.010283569 -0.01303759806 0)
(1.009038703 -0.01182157061 -4.003066958e-24)
(1.007935853 -0.01069019273 4.216779975e-24)
(1.006961184 -0.009642646428 0)
(1.006101811 -0.008677105234 2.514402464e-24)
(1.005345768 -0.007790934499 -2.676690229e-24)
(1.004682011 -0.006980862253 -1.902372083e-24)
(1.004100457 -0.00624349359 1.153466971e-24)
(1.003591715 -0.005574924075 -1.795051428e-26)
(1.003147019 -0.004970512385 0)
(1.002758455 -0.004425701955 7.080027007e-25)
(1.002419016 -0.003936073962 -5.071633187e-25)
(1.002122434 -0.003497198188 0)
(1.00186317 -0.003104706897 0)
(1.001636377 -0.002754366558 -4.228415178e-25)
(1.001437837 -0.002442141863 3.718920215e-25)
(1.001263899 -0.00216424675 -3.271153403e-25)
(1.001111398 -0.001917176737 -2.877432065e-25)
(1.000977596 -0.001697721172 -2.531053176e-25)
(1.00086012 -0.00150295921 0)
(1.00075691 -0.001330245624 2.397999845e-25)
(1.000666182 -0.001177192287 -2.206947895e-25)
(1.000586382 -0.001041649098 0)
(1.000516159 -0.0009216860097 2.813677764e-26)
(1.000454333 -0.0008155762015 -1.200667917e-25)
(1.000399869 -0.0007217796852 -2.467416456e-26)
(1.000351857 -0.0006389267401 7.122890576e-26)
(1.000309497 -0.0005658009916 4.565992421e-28)
(1.000272084 -0.000501322644 -3.087420173e-26)
(1.000239003 -0.0004445327164 7.373202689e-26)
(1.000209712 -0.0003945791479 -4.079438479e-26)
(1.000183739 -0.0003507054491 4.621781392e-27)
(1.000160672 -0.0003122416622 -7.067283897e-28)
(1.000140147 -0.0002785961858 6.255431171e-28)
(1.000121835 -0.0002492511093 -2.344963998e-26)
(1.000105455 -0.0002237608049 -1.732910495e-26)
(1.000090718 -0.0002017190591 -1.73657037e-26)
(1.000077524 -0.0001828403801 1.006164711e-26)
(1.000065154 -0.0001665746829 3.124293578e-28)
(1.000055519 -0.0001540595098 -4.031738283e-27)
(1.000040958 -0.0001375116171 0)
(1.097013812 0.02096983331 8.057190865e-23)
(1.10032186 0.01644610881 -2.526418892e-22)
(1.102725683 0.01166485104 1.158746671e-22)
(1.104180623 0.006792414121 -6.176942337e-23)
(1.104675435 0.001996225391 1.269407576e-22)
(1.104229309 -0.002576601801 2.712155525e-22)
(1.102902498 -0.006818575312 -7.948527626e-22)
(1.100772743 -0.01065428275 -2.677772142e-22)
(1.09792987 -0.01407983575 -2.477191218e-22)
(1.094477222 -0.01712731101 3.69885627e-22)
(1.090526234 -0.01984480473 1.493034092e-23)
(1.086181413 -0.02226690584 8.208733671e-23)
(1.081539903 -0.02439422629 -5.07516678e-23)
(1.076691032 -0.02619151729 -4.871177821e-23)
(1.07171819 -0.02760358632 4.391915252e-23)
(1.066701237 -0.0285799647 7.78138828e-23)
(1.061716158 -0.02909671626 -7.781458797e-23)
(1.056832195 -0.02916677694 -3.373544966e-23)
(1.052108326 -0.02883677178 -5.777143427e-23)
(1.04759067 -0.02817447472 8.202833523e-23)
(1.043311765 -0.02725352286 -7.669904399e-23)
(1.03929178 -0.02614179828 -4.137595578e-23)
(1.03554046 -0.02489682776 5.13000688e-23)
(1.032057749 -0.02356651377 6.703539083e-23)
(1.028841506 -0.02218191082 7.85745804e-24)
(1.025879178 -0.02077830198 1.111388134e-22)
(1.023163621 -0.01937094372 -4.47286137e-23)
(1.020686842 -0.01797175149 2.514164456e-23)
(1.018442029 -0.01660225155 1.984789728e-23)
(1.016414745 -0.01527997446 -2.674642559e-25)
(1.014586669 -0.01401406202 6.772902104e-24)
(1.01294122 -0.0128103135 -6.773449467e-24)
(1.011464094 -0.0116733248 0)
(1.010141903 -0.01060614211 0)
(1.008961533 -0.009610086846 -5.69787249e-25)
(1.007910293 -0.008685094885 3.555221474e-24)
(1.006976157 -0.00783009798 -2.097060521e-25)
(1.00614785 -0.007043258004 -5.871540824e-24)
(1.005414852 -0.006322108552 1.39081002e-24)
(1.004767488 -0.00566394939 1.968356561e-24)
(1.004196727 -0.005065719731 -1.454323863e-25)
(1.003693996 -0.004523582229 0)
(1.003251436 -0.004033674719 -7.079955311e-25)
(1.002862102 -0.003592300231 7.268604614e-25)
(1.002519704 -0.003195734108 6.402255884e-25)
(1.002218608 -0.0028402829 0)
(1.001953808 -0.002522343232 9.195830711e-25)
(1.001720884 -0.00223845538 -3.718889018e-25)
(1.001515946 -0.001985348174 -5.829047937e-26)
(1.00133558 -0.001759970722 2.877409897e-25)
(1.001176789 -0.001559508656 2.531034529e-25)
(1.001036949 -0.001381386367 2.631818075e-25)
(1.000913758 -0.001223259395 -2.316581985e-25)
(1.0008052 -0.001083001432 -2.038388329e-25)
(1.000709505 -0.0009586895073 -3.896671852e-26)
(1.000625126 -0.0008485895394 1.965451441e-25)
(1.000550698 -0.0007511429943 1.466404791e-25)
(1.000485026 -0.0006649543942 -1.251294566e-25)
(1.000427052 -0.0005887790414 1.031012443e-25)
(1.000375841 -0.0005215101161 5.522293359e-26)
(1.000330569 -0.0004621652113 -8.119375786e-26)
(1.000290506 -0.0004098727061 -7.458530119e-26)
(1.00025501 -0.0003638582646 1.522391341e-26)
(1.000223516 -0.0003234343426 5.647304401e-27)
(1.000195526 -0.0002879894328 1.587417851e-27)
(1.000170601 -0.0002569821191 -3.81922043e-26)
(1.000148349 -0.0002299402917 2.341186753e-26)
(1.000128434 -0.0002064452254 2.808228934e-26)
(1.000110508 -0.0001861261311 1.871545579e-26)
(1.000094449 -0.0001687212051 3.824582499e-28)
(1.000079389 -0.0001537225561 -3.82458289e-28)
(1.000067658 -0.000142180338 -6.331238423e-29)
(1.000049924 -0.0001269154738 6.33895025e-29)
(1.091718959 0.01747928598 9.941933439e-23)
(1.094711346 0.01375962776 -9.942722509e-23)
(1.096911777 0.009837020182 0)
(1.098283467 0.005847790007 -2.813545234e-23)
(1.098817561 0.001928597696 1.20932919e-22)
(1.098535389 -0.001804376803 -1.205031434e-22)
(1.097486399 -0.005258308771 2.526433254e-22)
(1.095741353 -0.008388010831 2.360471274e-22)
(1.09337454 -0.0112004346 0)
(1.090465914 -0.01373176262 -5.927331546e-23)
(1.087100106 -0.01602598571 1.359722941e-23)
(1.0833568 -0.01810940767 -2.594364032e-22)
(1.079309362 -0.01997698397 2.56217646e-22)
(1.07502798 -0.0215903712 1.342808309e-22)
(1.070581987 -0.02289320038 -2.674735159e-22)
(1.066041792 -0.02383388719 0)
(1.061478011 -0.02438521398 0)
(1.056957843 -0.02455331366 3.373367482e-23)
(1.052540721 -0.02437461273 0)
(1.048275064 -0.02390462149 2.643586331e-24)
(1.044197046 -0.02320465851 7.78512144e-23)
(1.040331284 -0.02233171442 0)
(1.036692842 -0.02133363949 -9.948217522e-24)
(1.033288668 -0.02024949597 0)
(1.030120535 -0.01910923952 1.447173482e-23)
(1.027183433 -0.01794162372 -1.422062289e-22)
(1.024469736 -0.01677012758 1.04688331e-22)
(1.021974263 -0.01560377724 0)
(1.019690764 -0.01445027602 0)
(1.017614048 -0.0133266964 1.033787852e-23)
(1.015731797 -0.01224659183 8.415252054e-24)
(1.014028341 -0.01121638773 -5.67118153e-24)
(1.012489615 -0.01023994127 -3.533632643e-26)
(1.011103402 -0.009320334344 5.811516398e-24)
(1.009858089 -0.00845948503 4.468605443e-24)
(1.008742189 -0.007657957217 -9.077124715e-24)
(1.007744527 -0.006915247003 7.296275545e-24)
(1.006854474 -0.006230103729 -3.523044957e-24)
(1.006062031 -0.005600706843 -1.912628997e-25)
(1.00535793 -0.005024951907 1.328855967e-25)
(1.004733514 -0.004500511021 -1.275064166e-25)
(1.004180422 -0.004024258538 -1.277728944e-26)
(1.003690855 -0.003592968598 0)
(1.003257932 -0.003203590195 -7.268546898e-25)
(1.002875368 -0.00285303367 -1.363570477e-24)
(1.002537465 -0.002538217956 0)
(1.002239102 -0.002256119529 -4.967415288e-25)
(1.001975705 -0.002003817611 0)
(1.001743204 -0.001778532975 3.854004525e-25)
(1.001537986 -0.001577657139 1.711782372e-25)
(1.00135685 -0.00139876965 -1.711799341e-25)
(1.001196965 -0.001239643842 -9.644385524e-26)
(1.001055828 -0.001098243781 1.006163038e-25)
(1.000931227 -0.0009727156189 1.009474543e-25)
(1.00082121 -0.0008613764167 2.620768571e-25)
(1.000724056 -0.0007627028255 -2.921135248e-25)
(1.000638243 -0.0006753204098 0)
(1.000562431 -0.0005979939163 2.600789707e-25)
(1.000495432 -0.0005296182283 -1.063856996e-25)
(1.000436194 -0.0004692086246 -8.290576914e-26)
(1.000383786 -0.0004158902919 5.776244116e-26)
(1.000337381 -0.0003688873041 -6.303715093e-26)
(1.000296246 -0.0003275110232 5.992783363e-26)
(1.000259733 -0.0002911500649 5.266607897e-26)
(1.000227268 -0.0002592615659 -3.949760086e-26)
(1.000198344 -0.0002313669768 3.730339264e-26)
(1.000172509 -0.0002070378652 -4.122129733e-26)
(1.000149379 -0.0001858987132 -5.595849706e-26)
(1.000128548 -0.0001676175432 0)
(1.00010988 -0.0001519572395 1.880356855e-26)
(1.000092369 -0.0001384596191 -1.178327442e-27)
(1.000078727 -0.0001280708713 7.185870115e-27)
(1.0000581 -0.0001143276691 3.165045939e-27)
(1.0873164 0.01431014873 0)
(1.090057367 0.01130103858 -1.00284582e-22)
(1.092095054 0.008134498548 -5.970371091e-24)
(1.093399264 0.004920725473 2.451444376e-22)
(1.093965157 0.00177038398 -1.380849451e-22)
(1.093812219 -0.001221342308 -5.584197262e-23)
(1.092984378 -0.003987058163 0)
(1.091547021 -0.006501947957 -2.39549362e-22)
(1.089559866 -0.008773480228 2.835756264e-22)
(1.08708668 -0.01083950344 2.167893485e-22)
(1.084191768 -0.01273743465 -4.812280275e-23)
(1.080935024 -0.01448778392 -2.085409098e-22)
(1.077370742 -0.01608250696 0)
(1.073553633 -0.01748382341 4.618193276e-23)
(1.069541716 -0.0186384355 4.309559812e-23)
(1.065397666 -0.01949761528 0)
(1.061187384 -0.02003411364 -1.071940451e-22)
(1.056975828 -0.02024975533 5.785468326e-24)
(1.052822116 -0.02017265419 9.294173808e-23)
(1.048775837 -0.01984752873 -8.725188302e-23)
(1.044875477 -0.01932441949 0)
(1.041148799 -0.01865013258 0)
(1.03761447 -0.01786412727 -1.990264964e-23)
(1.034283836 -0.01699834345 1.990442015e-23)
(1.031162791 -0.01607826433 2.432380237e-23)
(1.028252711 -0.01512576355 -2.374621579e-23)
(1.025549899 -0.01416248814 -1.051653547e-22)
(1.023047745 -0.01320587587 0)
(1.020742256 -0.01226077387 0)
(1.018628332 -0.0113314897 -1.843026189e-23)
(1.016701335 -0.01043069463 0)
(1.014950418 -0.009568636812 -7.775134005e-24)
(1.013361991 -0.008749680505 1.4218608e-23)
(1.01192382 -0.007976201393 -6.304396367e-24)
(1.010625135 -0.007250076121 1.306903018e-24)
(1.009455601 -0.00657233197 5.554008781e-25)
(1.008404954 -0.005942989302 0)
(1.007463185 -0.005361267929 -1.709822901e-24)
(1.006620748 -0.004825833285 1.90115658e-24)
(1.00586873 -0.004335054315 1.550313964e-24)
(1.005198842 -0.00388721655 -1.431672858e-25)
(1.004602941 -0.003479816575 -2.206953972e-24)
(1.00407329 -0.003110213086 9.207757048e-25)
(1.003603085 -0.002775936755 -1.821286769e-24)
(1.003186057 -0.002474475154 7.233454156e-25)
(1.002816474 -0.002203309712 -3.165813857e-25)
(1.002489138 -0.001959955601 3.16586357e-25)
(1.002199361 -0.001741999393 2.464212018e-25)
(1.001942934 -0.001547131988 -2.464242961e-25)
(1.001716089 -0.001373174397 -1.916500062e-25)
(1.001515463 -0.001218094443 1.916519202e-25)
(1.001338057 -0.001080014164 -6.307219658e-25)
(1.001181203 -0.0009572100012 1.326884647e-25)
(1.001042529 -0.0008481074734 1.311563171e-25)
(1.000919931 -0.0007512728151 -3.060451531e-25)
(1.000811541 -0.0006654044108 3.260685538e-25)
(1.000715703 -0.0005893243143 1.303722678e-25)
(1.000630953 -0.0005219703548 -1.386569988e-25)
(1.00055599 -0.0004623890935 0)
(1.000489662 -0.0004097284176 7.997808308e-26)
(1.000430945 -0.000363231184 1.523020736e-25)
(1.000378929 -0.0003222266718 -5.178508421e-26)
(1.000332803 -0.0002861121268 -1.277202796e-25)
(1.000291846 -0.0002543662916 -5.291809482e-26)
(1.000255416 -0.000226522036 -1.099423626e-27)
(1.000222948 -0.0002021621009 -1.000067691e-27)
(1.000193943 -0.0001809130068 3.119345757e-26)
(1.000167964 -0.0001624522682 2.809710921e-26)
(1.000144558 -0.0001464892412 1.774395042e-27)
(1.000123578 -0.0001328147271 1.988488356e-27)
(1.000103892 -0.0001210274958 3.220111698e-28)
(1.000088554 -0.0001119542407 -7.2127985e-27)
(1.000065359 -9.994732387e-05 2.591469e-28)
(1.083739997 0.01139398319 -8.774244593e-23)
(1.086284327 0.009022245953 7.656223704e-23)
(1.088194236 0.006531197518 0)
(1.089444883 0.004007602125 1.048851174e-22)
(1.090034596 0.001538678964 -7.7442542e-23)
(1.089983236 -0.0008011531646 1.093340704e-22)
(1.089331025 -0.002963162721 3.272470843e-22)
(1.088133127 -0.004932846597 -2.287700456e-22)
(1.086443545 -0.006719272939 -5.544120966e-23)
(1.084313731 -0.008357337653 2.089604888e-22)
(1.081791329 -0.009878769215 -1.828249436e-22)
(1.078920337 -0.01130004119 0)
(1.075740675 -0.01261197259 -9.337573357e-23)
(1.072295059 -0.01378001212 0)
(1.068632526 -0.01475691765 -1.648227613e-22)
(1.064809546 -0.01549961164 7.892259433e-23)
(1.060888062 -0.015983146 3.367807585e-23)
(1.056930879 -0.01620687593 6.488485514e-23)
(1.052996408 -0.01619204513 -9.346144889e-23)
(1.049134702 -0.0159737395 5.960810591e-23)
(1.045385662 -0.01559162321 0)
(1.04177921 -0.01508296489 0)
(1.038336674 -0.01447930482 0)
(1.035072478 -0.01380621455 1.961067051e-23)
(1.03199566 -0.01308443171 0)
(1.029111103 -0.01233135018 2.367692816e-23)
(1.026419896 -0.01156274439 -2.674582966e-23)
(1.023918485 -0.01079476686 1.221240884e-22)
(1.021600885 -0.01004012714 -1.015954232e-23)
(1.019463899 -0.009300328822 -8.489773484e-23)
(1.017502737 -0.008576819453 0)
(1.01571264 -0.007878760331 -2.425280388e-25)
(1.014083861 -0.007213706337 0)
(1.012604329 -0.006584545707 8.09502693e-25)
(1.011263068 -0.005992579826 -1.397782295e-24)
(1.010050266 -0.005438763411 4.054239985e-24)
(1.008956488 -0.004923472222 -4.126550615e-24)
(1.007972419 -0.004446358553 -1.339354099e-24)
(1.007088973 -0.004006509846 1.841805683e-24)
(1.006297536 -0.003602684051 -1.446541132e-25)
(1.005590135 -0.003233664694 1.397765977e-24)
(1.004958823 -0.00289748421 1.153620766e-24)
(1.00439593 -0.002592039293 0)
(1.003894725 -0.00231538731 1.341944903e-24)
(1.003448968 -0.002065543438 -4.414663609e-25)
(1.003052914 -0.001840508146 0)
(1.002701309 -0.001638298924 6.677095672e-25)
(1.002389384 -0.001456981148 0)
(1.002112825 -0.00129469549 0)
(1.001867744 -0.001149679953 -2.504387185e-25)
(1.001650648 -0.001020284827 -6.146503023e-25)
(1.001458408 -0.0009049798049 1.361458334e-25)
(1.001288225 -0.000802356104 2.960401356e-25)
(1.001137599 -0.0007111229009 -1.433345561e-25)
(1.001004302 -0.0006301016373 0)
(1.000886347 -0.0005582199539 0)
(1.000781969 -0.0004945047541 -1.750438862e-25)
(1.000689599 -0.0004380773762 3.768545177e-26)
(1.000607841 -0.000388147337 -3.76856045e-26)
(1.000535458 -0.0003440036573 0)
(1.000471344 -0.0003050110743 -1.029662786e-25)
(1.000414529 -0.0002706086559 1.443780317e-26)
(1.000364131 -0.0002403075084 5.581508853e-26)
(1.000319362 -0.0002136626546 8.065572669e-26)
(1.000279536 -0.0001902838965 4.70348052e-26)
(1.000244041 -0.0001698236687 6.918156284e-27)
(1.000212321 -0.0001519771239 -4.393072137e-26)
(1.000183902 -0.0001364755796 0)
(1.000158291 -0.0001230737646 0)
(1.000135329 -0.0001115946827 -1.989918001e-26)
(1.000113779 -0.0001017001271 0)
(1.000096987 -9.408352072e-05 -8.403613736e-27)
(1.000071589 -8.400034056e-05 -3.433580978e-27)
(1.080937465 0.008673363227 8.376116953e-23)
(1.083332591 0.006882970149 -7.25774743e-23)
(1.085145285 0.005005501938 9.601668356e-23)
(1.086354939 0.003106437911 -9.601408979e-23)
(1.086962268 0.001251498904 -1.034473796e-22)
(1.086987918 -0.0005038442027 1.551968486e-22)
(1.086469288 -0.002125136886 -4.242345151e-22)
(1.085454611 -0.003602797566 -1.103706794e-22)
(1.083992507 -0.004947478077 2.364712558e-22)
(1.082124861 -0.006188691391 -2.027814622e-22)
(1.079887479 -0.007351981701 1.052448644e-22)
(1.077312399 -0.008449745993 1.964774345e-22)
(1.074428904 -0.009473188924 3.259505953e-24)
(1.071270581 -0.01039331014 1.754607034e-22)
(1.067879538 -0.01117125162 -1.885699283e-24)
(1.06430743 -0.01177166753 6.490580254e-25)
(1.060613031 -0.01217364854 -7.286158401e-23)
(1.056857267 -0.01237547001 6.743230066e-23)
(1.053097722 -0.01239262111 0)
(1.049384514 -0.01225147815 2.749144549e-23)
(1.045758365 -0.01198208789 -1.105113508e-24)
(1.042250638 -0.01161277005 1.201914665e-24)
(1.038884559 -0.01116755741 2.096559066e-24)
(1.035676768 -0.01066599577 2.009853297e-23)
(1.032638669 -0.01012407834 -1.822117948e-24)
(1.029777451 -0.009555322897 -3.301103873e-23)
(1.027096821 -0.008971524441 -9.045949679e-25)
(1.024597076 -0.008383596151 -1.381543535e-23)
(1.022274483 -0.007803164377 5.614713506e-23)
(1.020123247 -0.007239040094 -4.410740872e-23)
(1.018140156 -0.006690445223 3.520466801e-23)
(1.01632037 -0.00615609314 3.242593634e-23)
(1.01465884 -0.005642630723 0)
(1.013146361 -0.005155591791 -8.094548886e-25)
(1.011772 -0.004696775799 7.193640613e-25)
(1.010525677 -0.004266799326 6.387019738e-25)
(1.009398271 -0.003866015704 2.686538942e-26)
(1.008380995 -0.00349434751 -5.023689874e-25)
(1.007465207 -0.003151257303 2.194260318e-24)
(1.006642582 -0.002835859028 -3.057121958e-25)
(1.005905427 -0.002547350647 -2.929740598e-24)
(1.005245971 -0.002284229408 0)
(1.0046566 -0.002044888823 0)
(1.004130651 -0.001827864948 0)
(1.003661917 -0.001631656632 9.025681516e-25)
(1.003244645 -0.001454744536 0)
(1.002873549 -0.001295616389 -1.697636981e-24)
(1.0025438 -0.001152791913 9.478340715e-25)
(1.002251006 -0.001024844636 0)
(1.001991192 -0.0009104191021 -2.500236552e-25)
(1.001760768 -0.0008082425025 6.289159541e-25)
(1.001556507 -0.0007171297442 1.838036754e-25)
(1.001375508 -0.0006359900846 -2.947567968e-25)
(1.001215173 -0.0005638189976 1.53283514e-25)
(1.001073176 -0.0004996962794 0)
(1.00094744 -0.0004427845375 0)
(1.000836109 -0.000392320426 4.597309339e-26)
(1.000737528 -0.000347613291 -4.597330278e-26)
(1.000650229 -0.0003080422608 0)
(1.000572907 -0.0002730498985 -1.663069887e-25)
(1.000504396 -0.0002421365208 3.092013127e-26)
(1.000443648 -0.0002148543778 1.204744125e-25)
(1.000389743 -0.0001908177662 -3.168877455e-27)
(1.000341863 -0.0001696709975 -9.279234687e-26)
(1.000299265 -0.0001511074179 -6.20745452e-26)
(1.000261292 -0.000134859234 0)
(1.000227352 -0.0001206877083 3.876385108e-26)
(1.000196942 -0.0001083802593 5.166615821e-27)
(1.000169531 -9.774264027e-05 -2.868642211e-26)
(1.00014495 -8.863382256e-05 -2.451822451e-26)
(1.000121876 -8.078374698e-05 0)
(1.000103895 -7.474127507e-05 8.403571459e-27)
(1.000076693 -6.673866829e-05 0)
(1.078868325 0.006096529645 7.575666449e-23)
(1.081156187 0.004846018168 0)
(1.0828989 0.00353636173 0)
(1.084078992 0.002213300597 5.882535454e-24)
(1.08469909 0.0009226477508 -1.222630722e-23)
(1.084780042 -0.0002971251102 0)
(1.084357524 -0.001422845756 2.055682985e-22)
(1.083475772 -0.00244911961 -3.09525409e-22)
(1.082178146 -0.003385815416 -2.283458772e-22)
(1.080500087 -0.004254833744 2.022980571e-22)
(1.078469365 -0.005074591918 -9.800187479e-23)
(1.076109335 -0.005853664597 2.189982205e-24)
(1.073441576 -0.006585046181 -1.791381521e-22)
(1.070493123 -0.007247044833 2.503276209e-24)
(1.0673011 -0.007810886428 0)
(1.063913648 -0.008250443075 1.546286176e-22)
(1.060387175 -0.008550070411 3.492836918e-23)
(1.056781122 -0.008707950855 -3.501960632e-23)
(1.053152325 -0.008734629425 6.2478322e-23)
(1.049550792 -0.008648464569 0)
(1.046017691 -0.008470476569 -5.29320474e-23)
(1.042585307 -0.008220514495 -4.845283342e-23)
(1.039278151 -0.007915450864 -2.221410788e-23)
(1.036114402 -0.007569043791 0)
(1.03310714 -0.007192611573 -9.764539042e-25)
(1.030265242 -0.006795784554 -1.679612364e-24)
(1.027594005 -0.006386982629 1.317903755e-23)
(1.025095628 -0.005973606098 -7.393812444e-24)
(1.022769305 -0.005562553511 -1.188093204e-23)
(1.020610572 -0.005161830087 5.166188148e-23)
(1.018613895 -0.004777125817 -4.061900225e-23)
(1.016775698 -0.004405770498 -6.748647442e-23)
(1.015090317 -0.004044938903 0)
(1.01355245 -0.003698855281 0)
(1.012153224 -0.003372006522 2.054186217e-25)
(1.010882123 -0.003065497874 2.891155144e-24)
(1.009729971 -0.002779531407 -5.935018875e-25)
(1.008688168 -0.002514000134 -1.48419082e-24)
(1.00774839 -0.002268594354 1.077992584e-24)
(1.006902566 -0.002042743542 2.071809511e-25)
(1.006143246 -0.001836007724 -1.52291293e-24)
(1.005462796 -0.0016473063 0)
(1.004853642 -0.001475505737 1.195529798e-24)
(1.004309171 -0.001319589669 0)
(1.003823201 -0.001178511448 -1.77222159e-24)
(1.003389982 -0.001051205523 4.851529491e-25)
(1.003004209 -0.0009366075603 1.089962574e-24)
(1.002661013 -0.00083367397 -9.706340994e-25)
(1.002355953 -0.0007413979124 -3.504649071e-26)
(1.002084994 -0.0006588218861 -5.18831114e-25)
(1.001844482 -0.0005850463662 -2.119907214e-25)
(1.001631112 -0.0005192211958 -1.824268488e-25)
(1.00144191 -0.0004605738014 5.29833464e-25)
(1.001274207 -0.0004083886756 0)
(1.001125605 -0.0003620068706 1.449948439e-25)
(1.000993956 -0.0003208263705 -2.225707242e-25)
(1.000877343 -0.000284303299 2.70521002e-25)
(1.000774047 -0.0002519434011 2.318436e-25)
(1.000682536 -0.0002232959878 0)
(1.000601449 -0.0001979589066 1.353860397e-25)
(1.000529575 -0.0001755733452 0)
(1.000465835 -0.0001558156155 0)
(1.000409266 -0.000138392857 0)
(1.000359008 -0.0001230598861 0)
(1.00031429 -0.0001095973977 -7.794214764e-27)
(1.000274426 -9.781184709e-05 7.249727835e-26)
(1.000238799 -8.753166922e-05 -1.130055088e-27)
(1.000206876 -7.860515371e-05 -5.431729101e-27)
(1.0001781 -7.089288542e-05 6.188688211e-26)
(1.000152291 -6.429198441e-05 2.414147791e-26)
(1.000128059 -5.860540215e-05 -1.244332107e-27)
(1.000109172 -5.422834421e-05 1.030458267e-28)
(1.000080594 -4.843122954e-05 -1.031714213e-28)
(1.077504195 0.003621269409 -7.40430073e-23)
(1.079722841 0.002881626946 8.533048318e-23)
(1.08142044 0.002107628795 -8.532616703e-23)
(1.082581502 0.001326421112 -5.882907163e-24)
(1.083209821 0.000565069014 1.222732893e-23)
(1.083326643 -0.0001539035424 0)
(1.082966979 -0.0008166066829 1.25237075e-23)
(1.082171874 -0.00142040747 0)
(1.080980692 -0.001971654809 -1.000919036e-22)
(1.079425646 -0.002484617351 -1.969218352e-22)
(1.077529542 -0.002970312691 4.412459415e-25)
(1.075309816 -0.003433771889 2.375870209e-24)
(1.072782972 -0.003870629303 1.820005563e-22)
(1.069971837 -0.004267596039 1.280629138e-22)
(1.066910322 -0.004607101173 3.950303315e-23)
(1.063644273 -0.004873210491 -1.143058561e-22)
(1.06022853 -0.005056335083 3.724769757e-23)
(1.05672152 -0.005155204589 -6.733440801e-23)
(1.05317953 -0.005175960926 -6.247438761e-23)
(1.049652429 -0.005129421858 0)
(1.046181615 -0.005028000667 7.867424866e-23)
(1.042799915 -0.004883424296 -1.179162281e-24)
(1.039532637 -0.004705665334 2.221355966e-23)
(1.036398928 -0.004502865423 0)
(1.033412943 -0.004281740988 -1.552568913e-25)
(1.030584656 -0.004048028423 -1.67727145e-23)
(1.027920422 -0.003806758199 0)
(1.025423433 -0.00356234941 -2.888258107e-25)
(1.023094143 -0.003318603362 -2.424824919e-23)
(1.020930469 -0.003079242715 7.250339381e-25)
(1.01892707 -0.002849283439 0)
(1.017077994 -0.002632771644 6.628079176e-23)
(1.015379317 -0.002425147379 5.949516212e-23)
(1.013824714 -0.002221158893 0)
(1.012408077 -0.002026951558 -2.234589492e-23)
(1.01111962 -0.001843527184 -1.153289753e-23)
(1.009950915 -0.001672057872 0)
(1.008893003 -0.001512840134 -2.071719107e-24)
(1.007937466 -0.001365681794 2.565719837e-24)
(1.007076343 -0.001230191123 4.375267202e-25)
(1.006302366 -0.001106190907 1.52291186e-24)
(1.005608007 -0.0009929582097 0)
(1.004985717 -0.0008897990206 -1.195526542e-24)
(1.004428919 -0.0007961142087 0)
(1.003931454 -0.0007112888594 -8.956377506e-25)
(1.003487579 -0.0006346942938 8.95651878e-25)
(1.00309198 -0.0005657010524 7.491551783e-25)
(1.002739772 -0.0005036913964 6.476416919e-25)
(1.002426483 -0.0004480688833 5.853278493e-25)
(1.00214804 -0.0003982648946 5.054404753e-25)
(1.001900755 -0.000353742858 4.462570375e-25)
(1.001681275 -0.0003140165707 -5.912052227e-25)
(1.001486567 -0.000278609809 -6.807267849e-25)
(1.001313916 -0.000247090012 -1.475128372e-25)
(1.001160879 -0.000219065947 -2.698427668e-25)
(1.001025259 -0.0001941773815 1.241672363e-25)
(1.000905088 -0.0001720989492 -1.453911683e-25)
(1.000798613 -0.0001525343173 5.423067052e-26)
(1.000704269 -0.000135212455 0)
(1.000620654 -0.0001198895759 1.443714851e-25)
(1.000546523 -0.0001063468066 0)
(1.000480767 -9.439006926e-05 2.542428096e-26)
(1.000422397 -8.384562807e-05 -2.542433987e-26)
(1.000370531 -7.456298611e-05 -1.010020673e-25)
(1.000324383 -6.640934669e-05 1.889733527e-26)
(1.000283247 -5.926864011e-05 -5.814084687e-26)
(1.000246487 -5.303916394e-05 -5.536799262e-26)
(1.000213553 -4.763090181e-05 5.610745004e-27)
(1.000183865 -4.296045477e-05 -3.157947723e-26)
(1.000157237 -3.896458803e-05 0)
(1.000132232 -3.552541405e-05 0)
(1.000112737 -3.2873538e-05 -1.06443072e-28)
(1.00008323 -2.937319279e-05 4.316311595e-27)
(1.07682549 0.001201716727 1.489054918e-22)
(1.079009861 0.0009579790894 6.297930194e-24)
(1.080685354 0.0007024722599 -8.435592416e-23)
(1.081837301 0.0004443089419 9.386290823e-23)
(1.082469957 0.0001925366758 -9.385804535e-23)
(1.082604904 -4.53344129e-05 0)
(1.082276903 -0.0002646244786 -1.25353436e-23)
(1.081525766 -0.0004641485025 0)
(1.080388779 -0.00064610207 2.0023368e-22)
(1.078895369 -0.000815628471 0)
(1.077066304 -0.0009763153536 0)
(1.074916161 -0.001129842051 0)
(1.072458955 -0.001274766406 -4.418457186e-23)
(1.069715498 -0.001406647094 8.643250507e-23)
(1.066718175 -0.001519603555 -1.246899293e-22)
(1.063511745 -0.001608304322 -3.771896558e-23)
(1.060150307 -0.001669538033 3.776522687e-23)
(1.05669182 -0.001702864094 0)
(1.053192325 -0.001710305627 0)
(1.049701643 -0.001695437533 0)
(1.046261294 -0.001662363495 -2.715010366e-23)
(1.042904383 -0.001614959943 0)
(1.039656607 -0.001556523449 0)
(1.036537591 -0.001489746351 0)
(1.033562011 -0.001416851906 1.891449519e-23)
(1.030740382 -0.001339741524 1.714901773e-23)
(1.028079583 -0.001260084344 0)
(1.025583288 -0.001179346829 0)
(1.023252375 -0.001098793512 6.29846704e-24)
(1.021085382 -0.001019494548 0)
(1.019078606 -0.0009429150052 0)
(1.017226018 -0.0008717815374 0)
(1.015521539 -0.0008071814981 -1.898245926e-22)
(1.013961229 -0.0007420085939 6.097866197e-23)
(1.012535673 -0.0006784189808 2.541837159e-23)
(1.011238177 -0.000617081392 5.657632004e-24)
(1.010060746 -0.0005593219475 0)
(1.008994448 -0.0005057421711 -5.594052907e-25)
(1.008030929 -0.0004563401465 -1.888072986e-24)
(1.007162191 -0.0004109365636 -2.283383372e-25)
(1.006380964 -0.0003694708759 3.165690499e-24)
(1.005679782 -0.0003316449072 -1.487708049e-24)
(1.005051058 -0.0002972003947 0)
(1.004488214 -0.0002659268557 0)
(1.003985102 -0.0002376137856 9.150700361e-25)
(1.003535983 -0.00021204819 -1.319574257e-24)
(1.003135542 -0.0001890182038 -3.495093808e-25)
(1.002778887 -0.000168316806 0)
(1.002461535 -0.0001497446272 -5.889388947e-25)
(1.002179401 -0.0001331110588 -2.467018479e-25)
(1.001928753 -0.0001182343622 2.888701416e-26)
(1.001706227 -0.0001049700837 8.150582018e-25)
(1.001508794 -9.314815405e-05 1.653265333e-25)
(1.001333696 -8.262035528e-05 3.150603568e-25)
(1.001178457 -7.325851804e-05 1.314836232e-25)
(1.001040864 -6.494461384e-05 -1.314537647e-25)
(1.000918931 -5.756803342e-05 0)
(1.000810883 -5.102808529e-05 -1.887134209e-25)
(1.00071513 -4.523631734e-05 3.910859907e-26)
(1.000630255 -4.011262171e-05 -1.497946582e-25)
(1.000554996 -3.55844764e-05 -3.418981958e-26)
(1.00048823 -3.158694287e-05 0)
(1.000428958 -2.806149141e-05 2.240423482e-26)
(1.000376288 -2.495693464e-05 7.917480531e-26)
(1.000329424 -2.222894036e-05 -1.924553365e-26)
(1.000287653 -1.983923671e-05 0)
(1.00025033 -1.775436891e-05 4.985452757e-26)
(1.000216893 -1.59445474e-05 -4.611752211e-27)
(1.000186755 -1.438216171e-05 4.610661328e-27)
(1.000159721 -1.304565123e-05 0)
(1.000134334 -1.189673455e-05 0)
(1.000114533 -1.100792874e-05 0)
(1.000084561 -9.841762608e-06 -4.211939367e-27)
(-0.04332825601 0.01879616832 0.05557556364)
(-0.04706391311 0.1057058293 0.0573654642)
(-0.04332439058 0.01879965876 -0.05557551794)
(-0.04702450155 0.1057044378 -0.05736629526)
(-0.04603112678 0.122315155 0.05818307159)
(-0.001973336601 0.1106377426 0.05934037794)
(-0.04601868228 0.1222591499 -0.05818347132)
(-0.00194607296 0.1106249856 -0.05934072003)
(-0.1947451764 0.0182727112 0.05817001527)
(-0.06724729353 0.1161073842 0.05758411436)
(-0.1365680366 0.1133545318 0.05951097286)
(-0.08099816721 0.02018925214 -0.05608114343)
(-0.1947522543 0.0182885273 -0.05817104666)
(-0.06718784021 0.1161101547 -0.05758404822)
(-0.1366679036 0.1133798737 -0.05951599256)
(-0.03129150133 0.06774778632 -2.107234083e-06)
(-0.02660354298 0.06067444156 0.05845457548)
(-0.02679471434 0.06062570952 5.607118496e-05)
(-0.03148488566 0.06787763481 0.05938744184)
(0.03547625745 0.09221816107 0.05919408268)
(0.341167956 0.04271256789 0.05757146464)
(0.03540185003 0.0922776647 -0.05919449865)
(0.341175161 0.0426961168 -0.05757267532)
(-0.01354512893 0.03931621967 -1.234514479e-05)
(-0.04340269077 0.01877156031 1.181674559e-05)
(-0.01003944624 0.01382532881 0.05411460579)
(-0.04521994497 0.0536461833 0.05596175898)
(-0.01043771933 0.01379188938 -1.864861458e-05)
(-0.04529927786 0.05363226785 6.3439047e-06)
(-0.01316306374 0.03927887779 0.0549593229)
(-0.01625993289 0.04592280165 0.0500703816)
(-0.01669362298 0.04590181087 -0.0001252418414)
(-0.02156056348 0.05910178672 4.146052451e-05)
(-0.04708083977 0.1056467303 8.620288193e-06)
(-0.04796486409 0.08257091331 0.05675872085)
(-0.02707740757 0.07837968043 0.05733935475)
(-0.04810907904 0.08252956923 1.915873465e-05)
(-0.02690346702 0.07826727973 -3.620809685e-06)
(-0.02129587064 0.05921061194 0.05665372949)
(-0.01354490431 0.03931753979 1.242700667e-05)
(-0.04340096209 0.0187731149 -1.246400305e-05)
(-0.01004083036 0.0138278462 -0.05411476788)
(-0.04521562836 0.05365250129 -0.05596213395)
(-0.01043770067 0.01379283862 1.834275257e-05)
(-0.04529685269 0.05363484799 -6.771496431e-06)
(-0.01316421272 0.03928226542 -0.05495946115)
(-0.01625824961 0.04591669362 -0.05006960929)
(-0.0166924383 0.04589909866 0.0001257576003)
(-0.0215596984 0.05910280002 -4.137382832e-05)
(-0.04706903854 0.1056459149 -6.221795038e-06)
(-0.04795011405 0.08259093233 -0.05676012693)
(-0.02706730206 0.07838152366 -0.05734077251)
(-0.04810347859 0.08253551771 -1.981208613e-05)
(-0.02689991159 0.07826696422 3.346927605e-06)
(-0.02129517528 0.05921306787 -0.05665380578)
(-0.03522893398 0.07494706665 5.116860229e-05)
(-0.03515464386 0.07498941295 0.0602245966)
(-0.03129606183 0.06774576247 9.41231565e-07)
(-0.02659681272 0.0606632477 -0.05845538567)
(-0.02679286597 0.06062165995 -5.726912202e-05)
(-0.03149771972 0.06787216241 -0.05938623943)
(-0.03523368575 0.07494674045 -5.247277533e-05)
(-0.035169017 0.07498789619 -0.06022318669)
(-0.08116253591 0.02016901382 -1.300024758e-06)
(-0.07939499138 0.05818814179 0.05633218704)
(-0.07952861576 0.05817480659 -3.532134714e-06)
(-0.1155465903 0.05819663878 -1.664118456e-05)
(-0.1201740376 0.02000999345 0.05662586803)
(-0.1203763352 0.02000294461 -1.592794967e-05)
(-0.115361696 0.05820321595 0.05682096627)
(-0.3047217579 0.01275515919 0.06290627117)
(-0.1604274089 0.1087080088 0.06051727644)
(-0.2249356718 0.08463581697 0.06329309882)
(-0.2289706889 0.01709637503 -0.05914282175)
(-0.3047275724 0.01277010919 -0.06290835544)
(-0.1604562142 0.1087240893 -0.06052231797)
(-0.2249404436 0.08462352254 -0.06328952991)
(-0.09733831937 0.1334963414 0.06033429811)
(0.01375802714 0.1242263136 0.05929793681)
(0.05216384442 0.1404337731 0.06123169323)
(-0.05582442389 0.1331296622 -0.05833249407)
(-0.09746715949 0.13344403 -0.06033585529)
(0.01379426682 0.1242168815 -0.05929176909)
(0.05216977547 0.1404458964 -0.06123415677)
(-0.1444103367 0.1014495638 0.06722531137)
(0.05833845668 0.1398088138 0.062150265)
(0.02970952806 0.1331991302 0.03677140545)
(-0.1126176169 0.1288616483 -0.06147550909)
(-0.1444009022 0.1014364664 -0.06722916353)
(0.05833540289 0.139825628 -0.06215319728)
(0.02973910352 0.1331804524 -0.03677008617)
(0.1143917963 0.1270848909 0.06109475067)
(0.3475585228 0.05022806857 0.05740938193)
(0.3796800205 0.06877385318 0.05760318004)
(0.05610654653 0.1053349205 -0.05911481758)
(0.1144168243 0.1271158386 -0.0610945028)
(0.3475888191 0.05019100515 -0.05740937731)
(0.3796635807 0.06879220927 -0.0575998322)
(0.5283513181 0.04325169791 0.05672422914)
(1.094584878 0.09678288589 0.05250402247)
(0.5283262373 0.04327963723 -0.05672479526)
(1.094614977 0.09677279289 -0.05250406276)
(0.5388750516 0.05211449444 0.06144781892)
(1.072284006 0.08740220733 0.05239440285)
(0.9642663954 0.06333805668 0.03156818779)
(0.5238926569 0.04693734272 -0.05685639536)
(0.5388734465 0.0521134545 -0.06145008065)
(1.072276544 0.08740022347 -0.05239733611)
(0.9642640046 0.06334458703 -0.0315678641)
(-0.0364764435 0.1039909444 8.47692986e-06)
(-0.0461605247 0.1222284875 1.7421851e-05)
(-0.03687511253 0.09935628032 0.05865648345)
(-0.0378015273 0.1269502499 0.05866101965)
(-0.03697977242 0.09930530958 5.461784162e-05)
(-0.03785679485 0.1268669337 -4.939026894e-06)
(-0.03646309663 0.1041322793 0.05889942324)
(-0.03205346815 0.1022560599 1.466668199e-05)
(-0.001953259134 0.1105778702 -1.308728934e-05)
(-0.02434652211 0.1229065933 0.05906649065)
(-0.01627169481 0.09226686608 0.05965040982)
(-0.02438990517 0.1228445498 6.781479426e-06)
(-0.0163129263 0.09224537636 -1.006942649e-05)
(-0.03196186562 0.1023547039 0.05936833015)
(-0.03648585793 0.1039825727 -1.068037093e-05)
(-0.04615470282 0.1222093499 -1.835592987e-05)
(-0.03687355693 0.09933627529 -0.05865474731)
(-0.03784823409 0.1269242129 -0.05865954093)
(-0.03697856068 0.09929731716 -5.341501311e-05)
(-0.03786915223 0.1268562342 -8.464843912e-07)
(-0.0364923186 0.1041066288 -0.0588970086)
(-0.03205861946 0.1022500324 -1.686807319e-05)
(-0.001946896775 0.1105759199 4.357933985e-06)
(-0.02436540411 0.1228931019 -0.05906159255)
(-0.01630895175 0.09230912182 -0.05965185336)
(-0.02439553783 0.1228410511 -7.264819726e-06)
(-0.0163243224 0.09225768672 2.662103334e-06)
(-0.03197455463 0.1023305876 -0.05936603057)
(-0.151145479 0.05642314815 -3.218128689e-05)
(-0.1583371549 0.0192666592 0.05732609732)
(-0.184999618 0.05383407721 0.05833601586)
(-0.1955343006 0.01828977487 -7.31306708e-05)
(-0.1586968236 0.01926840998 -3.379977765e-05)
(-0.1857345366 0.05388134693 -6.760447738e-05)
(-0.1508143117 0.05641971323 0.05750028568)
(-0.06736842277 0.1160758577 4.346120382e-06)
(-0.0754911583 0.09052768486 0.05690602543)
(-0.07563077888 0.0905103096 2.796874639e-06)
(-0.1056148116 0.09144233449 -1.126506925e-05)
(-0.08960088905 0.1183291866 0.05801152751)
(-0.08979986214 0.1183249398 -1.73294724e-05)
(-0.1054341392 0.09147613417 0.05731868318)
(-0.1360019567 0.08936866633 -2.812984365e-05)
(-0.165500969 0.08587625859 0.05882401601)
(-0.112853058 0.1167904232 0.05866874677)
(-0.1371372469 0.1134077066 -6.65459685e-05)
(-0.1661484073 0.08586558478 -5.484611435e-05)
(-0.1131511756 0.116800107 -3.805577179e-05)
(-0.1357039859 0.08941033193 0.05796879106)
(-0.08115888506 0.02017163525 1.377144397e-06)
(-0.07937925298 0.05820333541 -0.05633337388)
(-0.07952284599 0.05818019857 3.375389505e-06)
(-0.115541704 0.05820705176 1.767059214e-05)
(-0.1201683026 0.02002178622 -0.05662658997)
(-0.1203742382 0.02000773422 1.665555521e-05)
(-0.1153470683 0.05823448602 -0.05682293825)
(-0.1511466377 0.05643571465 3.433314768e-05)
(-0.1955367929 0.01829516459 7.289447551e-05)
(-0.1583441815 0.01928277773 -0.05732711371)
(-0.1850067274 0.05386311478 -0.05833837897)
(-0.1586988365 0.01927456777 3.490575187e-05)
(-0.1857380314 0.05389067162 6.893535693e-05)
(-0.1508164858 0.05645624318 -0.05750245278)
(-0.06735009158 0.1160767631 1.58015372e-06)
(-0.07545552605 0.09056958373 -0.05690865313)
(-0.07561928002 0.09052222239 -2.262109596e-06)
(-0.1056044669 0.09145962611 1.517806284e-05)
(-0.08955350096 0.118359815 -0.05801090086)
(-0.08978562235 0.1183328028 2.671118283e-05)
(-0.1054043869 0.09153787555 -0.05732109623)
(-0.1360060346 0.08938716127 3.318868197e-05)
(-0.1371651267 0.1134134798 6.720805806e-05)
(-0.1655376164 0.0858839039 -0.05882517148)
(-0.1129228137 0.116888428 -0.05866780855)
(-0.1661610568 0.08586831511 5.983960013e-05)
(-0.1131716178 0.1168222265 5.11579811e-05)
(-0.1357154854 0.08947868375 -0.05797332695)
(0.0353711949 0.09227329775 -1.005722032e-05)
(0.01597260629 0.07678787668 0.05963492243)
(0.01592051814 0.0768301532 1.749783154e-05)
(0.07782357296 0.05841088815 2.171064795e-07)
(0.0976084741 0.07119138453 0.05871071851)
(0.09756063421 0.07125542529 1.889327723e-06)
(0.07777809391 0.05841717719 0.0592352752)
(0.1829991866 0.04259187219 2.365405599e-06)
(0.196664712 0.05309403071 0.05819537528)
(0.338318268 0.03535440756 0.0578888415)
(0.3411163409 0.04272721627 -1.656855631e-05)
(0.1966661113 0.05309146 -1.603780493e-06)
(0.3383224778 0.03540762522 -2.132491761e-06)
(0.182963653 0.04255609152 0.05873140146)
(0.03535052712 0.09229048002 3.799419699e-06)
(0.01591842881 0.07684309078 -0.0596309055)
(0.01590462589 0.07684649864 -9.531740652e-06)
(0.07782805297 0.05840977192 1.411720064e-06)
(0.09758066119 0.07124419282 -0.05870835941)
(0.09755164863 0.07127200482 2.433159515e-06)
(0.07779453406 0.05840583239 -0.05923646397)
(0.1830004218 0.04259260654 -1.499263395e-06)
(0.3411194421 0.04272334235 1.171824933e-05)
(0.1966848576 0.05307097279 -0.05819632736)
(0.3383106542 0.0353718449 -0.05789048985)
(0.1966712412 0.05308599329 4.437189696e-06)
(0.3383219782 0.03541287336 3.25418338e-06)
(0.1829667051 0.04255484688 -0.05873231868)
(-0.2175555363 0.05073336849 0.05931124305)
(-0.2307662808 0.01712853203 -0.0001681545932)
(-0.2192483292 0.05086622318 -0.0001553147467)
(-0.2513649425 0.04726293428 -0.0004255321295)
(-0.2607341725 0.01562214864 0.06018082055)
(-0.2639516434 0.01573890486 -0.0004524204415)
(-0.2482883335 0.04687294383 0.06032752863)
(-0.3847444362 0.01412112381 0.03764610088)
(-0.2874595828 0.06465113499 0.03637316423)
(-0.3200167984 0.04543723868 0.03676290561)
(-0.3470936144 0.01715678692 -0.03613093338)
(-0.3847461466 0.01412014922 -0.03764594827)
(-0.2874668213 0.06465413805 -0.03637319919)
(-0.320018999 0.04543533726 -0.03676280958)
(-0.05598142829 0.1331678855 8.496782219e-06)
(-0.03866460242 0.1395411575 0.05883129456)
(-0.03868017418 0.1394770742 -4.044883814e-06)
(-0.06818563356 0.1367899977 0.05874632282)
(-0.06831619205 0.1368012333 3.127852753e-06)
(-0.04123808692 0.145230722 9.076553361e-06)
(-0.04114463377 0.1452753456 0.05930466479)
(-0.1134266114 0.1290156395 -7.013563582e-05)
(-0.06861787528 0.1338464012 -0.0001550114419)
(-0.127287884 0.1222763808 0.0628426184)
(-0.05840881504 0.1407962722 0.0621710123)
(-0.1288689842 0.1229012759 -0.0001857196615)
(-0.05903885687 0.1407544869 -9.919029074e-05)
(-0.06749745777 0.1335101009 0.06349966524)
(-0.1317664869 0.05721818161 0.04044443107)
(0.01715553851 0.09138754904 0.03821641795)
(0.01996667506 0.04251968637 0.0380986085)
(-0.125000171 0.08513151363 -0.03847391672)
(-0.1317684285 0.0571986157 -0.04044511368)
(0.01711236016 0.0913895436 -0.03821178611)
(0.01993749435 0.04250778208 -0.03809669531)
(0.05606555102 0.1053021678 -2.558919455e-05)
(0.1193067049 0.08296253826 0.05861708946)
(0.1191944491 0.08305749235 -1.892392276e-05)
(0.1407666433 0.09355971806 -2.993750251e-05)
(0.07647248251 0.1156816479 0.05948382057)
(0.07642705202 0.1156231151 -1.045648274e-05)
(0.1409273221 0.09355814029 0.05903177504)
(0.2104784357 0.1045342268 0.03834735732)
(0.3436300752 0.08008161723 0.03407330413)
(0.3825257164 0.07708850008 0.03466642261)
(0.1328459476 0.1281895015 -0.06253601091)
(0.2104514106 0.1045090398 -0.03835181297)
(0.3436073749 0.08007963011 -0.03407499944)
(0.3825113492 0.07708660991 -0.03467023288)
(0.5238020856 0.04683251178 -2.001649656e-05)
(0.7097207031 0.0573598179 -0.000104257429)
(0.5240400029 0.05049859394 0.05721467482)
(0.7223826462 0.05537736309 0.05566167354)
(0.5236766235 0.05040067925 -2.309167098e-05)
(0.7222067535 0.05507863954 -7.644746203e-05)
(0.7100455401 0.05738531194 0.0558107151)
(0.6400687081 0.0327053024 0.03740159151)
(0.9368219673 0.04888924069 0.0318282649)
(0.9426838715 0.02168512901 0.03149372226)
(0.6358187564 0.04323149139 -0.03449356514)
(0.6400344393 0.03270644204 -0.03740162419)
(0.9368031193 0.04888493376 -0.03182870584)
(0.9426545564 0.02169017731 -0.03149649299)
(1.255951813 0.1241991694 0.02935615241)
(1.318801234 0.1337357665 0.02735792997)
(1.255938135 0.1241737794 -0.02935767004)
(1.318780937 0.1337252035 -0.02736099216)
(1.213750576 0.08804276068 0.03121627735)
(1.313351697 0.1142373095 0.02749251932)
(1.317190348 0.09166247075 0.02776340626)
(1.239789591 0.1085968141 -0.02968487342)
(1.213759688 0.08802900822 -0.031214154)
(1.313373 0.1142227681 -0.02749206961)
(1.317174637 0.09164022327 -0.02776598718)
(-0.2818461771 0.0430070048 -0.000871110379)
(-0.2883762761 0.01400572377 0.06121980632)
(-0.2931389581 0.03494535979 0.06291654688)
(-0.3315803458 0.01386226626 -0.0002868000204)
(-0.2948796228 0.01434995593 -0.0009054898558)
(-0.3192567801 0.03653457951 -0.0002818360754)
(-0.2756824696 0.04211707691 0.06134169045)
(-0.1944484639 0.08131909636 0.05986309196)
(-0.1616591967 0.1089172024 -0.0001336301419)
(-0.1959125993 0.08141847704 -0.0001322491355)
(-0.2246150452 0.0760578774 -0.0003574720264)
(-0.1846606909 0.1028602138 0.06159538547)
(-0.1869319612 0.1035246096 -0.0003182057899)
(-0.2220537115 0.07558058747 0.06096091487)
(-0.2519940128 0.0701760798 -0.0007185553254)
(-0.2646521788 0.06285638127 0.06429049301)
(-0.2083146624 0.09522060913 0.062422478)
(-0.2431679733 0.08829603238 -0.0003694817981)
(-0.2853191749 0.06653256159 -0.0001770123328)
(-0.2124642659 0.09680014981 -0.000670508405)
(-0.247305191 0.06880034246 0.06215280772)
(-0.2307659424 0.01713260481 0.0001674294354)
(-0.2175552343 0.0507397807 -0.05931173288)
(-0.2192496356 0.05086828314 0.0001567967138)
(-0.2513644053 0.04726132759 0.0004283546736)
(-0.2607309416 0.01563219682 -0.0601812566)
(-0.263951058 0.01574206994 0.0004529435741)
(-0.2482878142 0.04686527883 -0.06032700758)
(-0.2818463537 0.04300691967 0.0008723720665)
(-0.3315835839 0.01386664826 0.0002862547398)
(-0.2883833591 0.01401391407 -0.06122006334)
(-0.2931447552 0.03494811401 -0.06291478816)
(-0.2948819168 0.01435274569 0.0009058831792)
(-0.3192592043 0.03653528964 0.0002853413656)
(-0.2756816165 0.04211712557 -0.06134304587)
(-0.1616691802 0.1089211371 0.0001298289735)
(-0.194477556 0.08129442469 -0.05986340574)
(-0.1959216443 0.08141261653 0.0001336314426)
(-0.2246172164 0.07605060679 0.0003561148123)
(-0.1846371674 0.1028569235 -0.0615959707)
(-0.1869282637 0.1035221389 0.0003146442628)
(-0.2220576545 0.07555483364 -0.06096203965)
(-0.251993523 0.07017602285 0.000718492073)
(-0.2431684711 0.08829334991 0.0003733629704)
(-0.2646552911 0.06285780634 -0.06429287745)
(-0.2082865519 0.09520369056 -0.06241958704)
(-0.285321254 0.06653309843 0.0001762893165)
(-0.2124558341 0.09679554491 0.0006732025856)
(-0.247300912 0.06880221246 -0.06215273874)
(-0.08221561416 0.1363127987 0.05942521528)
(-0.09775958078 0.1335483065 -2.838307602e-05)
(-0.08245122305 0.1363414822 -1.274920375e-05)
(-0.04565196983 0.1465163043 -9.199607971e-06)
(-0.05135017769 0.144980129 0.06104305193)
(-0.05178366035 0.1449780668 -3.800042588e-05)
(-0.04540779458 0.1465470996 0.06006756961)
(0.01375268911 0.1241497178 7.75905938e-07)
(-0.01592254926 0.1361390069 0.0592095661)
(-0.01597162159 0.1361196254 3.265282933e-06)
(-0.008855565563 0.1436499273 2.455500166e-06)
(0.02887398887 0.1333502075 0.05963626494)
(0.02873867629 0.1333117376 -4.597040119e-06)
(-0.008760975016 0.1437018905 0.0597311245)
(-0.003394659419 0.146571485 -4.710451044e-06)
(0.0004882735873 0.1461257792 0.0617086641)
(0.04205592984 0.1384350906 0.06028259401)
(0.0515533888 0.1403460228 -7.266402064e-05)
(7.415545626e-05 0.1460012743 -9.239005067e-06)
(0.04176025266 0.1384023035 -2.736172363e-05)
(-0.003233635697 0.1466441057 0.06056715256)
(-0.05595922423 0.1331341942 -8.115713376e-06)
(-0.03876316497 0.1394834593 -0.05882731619)
(-0.03870338715 0.1394577646 -5.072560965e-06)
(-0.06806234582 0.1365725948 -0.05873893348)
(-0.06828500998 0.1367401183 6.528394101e-06)
(-0.04124448514 0.145194461 -4.072290476e-05)
(-0.04116630614 0.1451419748 -0.05932194338)
(-0.09779460338 0.1335285998 3.756837634e-05)
(-0.08227399274 0.1361345229 -0.05939780243)
(-0.08247162206 0.136287956 4.287185437e-05)
(-0.04563281787 0.1464640617 -1.247071606e-05)
(-0.05129960696 0.1449285867 -0.06104086771)
(-0.05177015242 0.1449611194 3.077283603e-05)
(-0.04531843061 0.146355343 -0.06007129012)
(0.01376287636 0.1241477885 1.902912022e-06)
(-0.01596137256 0.1361857118 -0.05920991608)
(-0.01598066356 0.1361313062 -6.047071307e-06)
(-0.008851800609 0.1436815942 -6.46744632e-06)
(0.02887815175 0.133393359 -0.05963463698)
(0.02874187305 0.1333236171 6.37468969e-06)
(-0.008754448868 0.1438271609 -0.05973092898)
(-0.003370353907 0.1465872321 2.666533216e-06)
(0.05155710717 0.1403505379 6.937456398e-05)
(0.0005459895537 0.1461396545 -0.06170509743)
(0.04206384502 0.1384807076 -0.06028308151)
(9.17535197e-05 0.1460066681 1.453024232e-05)
(0.04176534499 0.1384155733 2.743312061e-05)
(-0.003151493344 0.1467031266 -0.06056730109)
(-0.07973330509 0.1192141133 -0.0002948528684)
(-0.1392032849 0.1129040589 0.06438875102)
(-0.08251311778 0.1046852664 0.06638232437)
(-0.1526780144 0.1045348737 -0.0001679683892)
(-0.1411780988 0.1143507923 -0.0004242776859)
(-0.08854047565 0.1041156024 -0.0002366936779)
(-0.07841540224 0.1209364856 0.06495143676)
(0.001821836914 0.1358652942 3.053035248e-05)
(0.003719303866 0.1421808957 0.06302919461)
(0.06368907369 0.136950469 0.06300166405)
(0.05756235068 0.1396189119 -0.0001812286803)
(0.003313172538 0.1419244113 -8.73917495e-05)
(0.06039932348 0.1366886833 -0.0002183018807)
(0.004842144425 0.1360402555 0.06557503505)
(-0.113445334 0.1290091534 7.722371451e-05)
(-0.06861461083 0.1338441628 0.0001522272636)
(-0.1273284916 0.1222731905 -0.06284149454)
(-0.05839697305 0.140776595 -0.0621740005)
(-0.1288819681 0.1228984276 0.000185638059)
(-0.05903608521 0.1407467093 9.257493664e-05)
(-0.06748541664 0.1335037985 -0.06349641148)
(-0.07972452825 0.1192202314 0.0002944447365)
(-0.152675331 0.1045328779 0.0001640254043)
(-0.1392131348 0.1128848912 -0.0643903348)
(-0.08250242107 0.1047076792 -0.06638053729)
(-0.1411799685 0.1143451605 0.000420956011)
(-0.08853608007 0.1041238873 0.0002375484488)
(-0.07839732043 0.1209533355 -0.06495119883)
(0.001821704298 0.1358630637 -3.208023833e-05)
(0.05756171248 0.1396237253 0.0001777654852)
(0.003706579366 0.1421919408 -0.06302887886)
(0.06369898371 0.1369734561 -0.06300514496)
(0.003310380968 0.1419285254 9.194986851e-05)
(0.06040336695 0.1366922066 0.000214220625)
(0.004832842896 0.1360326278 -0.0655733091)
(0.1619130338 0.1019395563 -5.198979773e-05)
(0.09588857621 0.1228407614 0.06008178429)
(0.1820349381 0.1079540228 0.06052573675)
(0.1138467378 0.127079761 -3.720045103e-05)
(0.09569106922 0.1227783921 -1.570811447e-05)
(0.1815339872 0.1080219668 -7.615060499e-05)
(0.1621358085 0.1020723427 0.05965936471)
(0.2137761024 0.06265819973 0.05809631351)
(0.3474150035 0.0502057942 -2.430480758e-05)
(0.213686207 0.0626801743 -4.151767704e-07)
(0.2326525033 0.07078522273 -2.088593992e-05)
(0.3568586364 0.05683045692 0.05755330214)
(0.3564591501 0.05683280005 -6.150705079e-05)
(0.2329069955 0.07083296198 0.05850991763)
(0.2534997146 0.07679842242 -6.348460844e-05)
(0.2728435944 0.08034653992 0.06142753383)
(0.3659890792 0.06262458216 0.05778169095)
(0.3769581472 0.06863643098 -0.000204729494)
(0.2704298411 0.08000985405 6.85322464e-05)
(0.365467267 0.06247243203 -0.0001463891118)
(0.2535856892 0.07702786929 0.05939766374)
(0.05606779079 0.1053050194 1.53233174e-05)
(0.1192673044 0.08304706232 -0.05861731307)
(0.1191827395 0.08308282428 1.757869959e-05)
(0.1407696501 0.09357297204 2.541319056e-05)
(0.07652869795 0.1156744936 -0.05948112475)
(0.07644332524 0.1156232751 6.935829257e-06)
(0.1409379265 0.0935970173 -0.05903244329)
(0.1619245927 0.1019430661 5.262820346e-05)
(0.1138539026 0.1270890706 4.141286422e-05)
(0.09593556189 0.1228565733 -0.06008100871)
(0.1820636639 0.1079422481 -0.0605257358)
(0.09570569908 0.1227845423 1.795039952e-05)
(0.1815408773 0.1080183861 7.819668533e-05)
(0.1621757619 0.1020789204 -0.05965984166)
(0.3474250989 0.05019626932 2.876814595e-05)
(0.2137674747 0.06268752729 -0.0580953868)
(0.2136826859 0.06268973785 7.423364527e-06)
(0.2326461054 0.07079932314 2.167308641e-05)
(0.3568578465 0.05683246268 -0.05755465719)
(0.3564592246 0.05683476397 6.457804804e-05)
(0.2328833668 0.07087728722 -0.05850985885)
(0.2534964155 0.07680588378 6.403061315e-05)
(0.3769468374 0.06864430386 0.0002088294375)
(0.2728325692 0.08036061237 -0.06143154476)
(0.3659902247 0.06264192573 -0.05778453538)
(0.2704224722 0.08001364253 -6.993381426e-05)
(0.3654651617 0.06247906072 0.0001480856008)
(0.2535775125 0.07704907947 -0.05939806204)
(0.5367972406 0.04084129473 0.05675983302)
(0.5282977936 0.04323420223 -1.30755402e-05)
(0.536832691 0.04085730639 -9.452720931e-07)
(0.7542707137 0.05790312917 -2.850708473e-05)
(0.7366544246 0.05587301771 0.05539885264)
(0.7365253627 0.05574881401 -4.227806663e-05)
(0.7543320362 0.05793013438 0.05548469944)
(0.9585985897 0.0803639234 -4.943380501e-05)
(0.9369135075 0.07387875961 0.05421837646)
(1.117327493 0.1061896281 0.05228319518)
(1.094456836 0.09454868813 -6.715560978e-05)
(0.9366628549 0.07371000808 -7.751708948e-05)
(1.117154976 0.1046528872 -7.149302021e-05)
(0.958767552 0.08047044683 0.05418194183)
(0.528293629 0.04324330009 9.725866742e-06)
(0.5368204699 0.04084013907 -0.05675944241)
(0.536840444 0.04085732116 1.011326478e-05)
(0.7542820904 0.05790292142 3.239421567e-05)
(0.7366524256 0.05589258478 -0.05539927351)
(0.7365221963 0.05575489928 4.693764563e-05)
(0.7543690137 0.05792334988 -0.05548808119)
(0.9585957612 0.08036587667 5.091303236e-05)
(1.094465402 0.09454254099 7.38940403e-05)
(0.9369141354 0.07388626211 -0.05422205245)
(1.117298316 0.1061860293 -0.0522841353)
(0.936662052 0.07371101479 8.232074398e-05)
(1.117146006 0.1046496331 6.80748182e-05)
(0.9587636181 0.0804756091 -0.05418335916)
(0.6961476897 0.05159010727 -0.0001494116537)
(0.5313721369 0.05194712816 0.05816646381)
(0.699240205 0.04403700554 0.05573175315)
(0.5365231396 0.05185527121 5.112673931e-05)
(0.5312323358 0.05181159419 -0.0001225728365)
(0.6968719027 0.04114505376 -0.0002222441324)
(0.6965121968 0.05340829949 0.05592538955)
(0.9032733836 0.05901457362 4.738377241e-05)
(0.9229270653 0.06771720064 0.05488830599)
(1.060203108 0.07512505372 0.05152930362)
(1.072031161 0.08500950473 -0.0001331048913)
(0.9230530379 0.06743497378 -0.0001359432531)
(1.058264359 0.07228913395 -0.0002155189984)
(0.9048187334 0.05946490656 0.05788444742)
(0.5238040553 0.04683253958 1.695469982e-05)
(0.709723364 0.05736362544 0.0001067044148)
(0.5240655844 0.05049390455 -0.05721748476)
(0.7223744946 0.05540585025 -0.05566241278)
(0.5236835445 0.05040026741 2.665110682e-05)
(0.7222052571 0.05508746667 7.573884532e-05)
(0.7100523613 0.05739542759 -0.05581316336)
(0.6961510289 0.05159123562 0.0001522643017)
(0.5365234147 0.05185774493 -4.906899918e-05)
(0.531380403 0.05195068655 -0.0581677151)
(0.6992428966 0.04403684724 -0.05573388142)
(0.5312341439 0.05181404225 0.0001261861524)
(0.6968730846 0.04114643962 0.0002261780636)
(0.6965221741 0.05340749914 -0.05592835991)
(0.9032709378 0.05901919734 -4.585562144e-05)
(1.072031649 0.08501109204 0.0001356212487)
(0.9229215889 0.06773259414 -0.05488872443)
(1.06019337 0.07513388842 -0.05153043874)
(0.9230516737 0.06744011658 0.0001380787409)
(1.05826307 0.07229606547 0.0002179060727)
(0.9048093158 0.05947640634 -0.05788608685)
(0.1536577014 0.1251808464 0.06525253309)
(0.2006498247 0.107880898 0.06187303722)
(0.1323259912 0.1281103399 -0.0001350745358)
(0.1503716715 0.124997405 -3.950777957e-05)
(0.2000119485 0.1055784819 -0.0001183769551)
(0.2218281821 0.09855431349 -0.0001857590317)
(0.2251129036 0.1014767538 0.06295249631)
(0.1323221846 0.1281209903 0.0001405245442)
(0.1536212161 0.1252126545 -0.06524791578)
(0.2006451392 0.1078616872 -0.06187198934)
(0.1503540487 0.1250038016 4.233283912e-05)
(0.2000073327 0.1055705769 0.0001221855178)
(0.2218078778 0.09854589766 0.0001852506197)
(0.225067111 0.1014535726 -0.06294977589)
(-0.003374790436 0.01565448386 -0.0001195676494)
(-0.001528755869 0.009058158788 -0.0001115327281)
(-0.0006295260877 0.002972884673 -0.0001036379876)
(-0.002005583743 0.005665649607 0.02701593435)
(-0.0007345077427 0.003241273396 0.01713353888)
(0.0001071536697 0.001076801556 0.009717433844)
(-0.002214586706 0.005646581323 -0.0001187275315)
(-0.0007868511724 0.003236140516 -0.0001116241116)
(-0.0003566223313 0.001035973556 -0.0001030076934)
(-0.003166153952 0.01564668443 0.02741019051)
(-0.001474613804 0.00904295403 0.01726708568)
(-0.0001633837238 0.003021856097 0.009803675615)
(-0.006482799928 0.02149929187 -0.0001089975653)
(-0.003521298177 0.01246037885 -0.0001036772825)
(-0.001339407621 0.004071575031 -0.0001011762)
(-0.006327662211 0.02158932762 0.02855301961)
(-0.003499430805 0.01250799528 0.01774375335)
(-0.0008880416381 0.00421187747 0.01009683049)
(-0.003374698809 0.0156549487 0.0001195703085)
(-0.001528727859 0.009058439495 0.0001115309823)
(-0.0006295175388 0.00297297654 0.0001036368491)
(-0.002005979317 0.005666770364 -0.02701584888)
(-0.0007346766494 0.003241975399 -0.01713344782)
(0.0001071147568 0.001077055031 -0.009717376882)
(-0.002214541141 0.0056469747 0.000118582141)
(-0.0007868306131 0.003236371514 0.0001115285849)
(-0.0003566119223 0.00103605106 0.0001029509517)
(-0.00316637867 0.01564811568 -0.02741021423)
(-0.001474729254 0.009043847265 -0.01726706156)
(-0.0001634239846 0.003022180727 -0.009803665142)
(-0.006482612327 0.02149948975 0.0001090681677)
(-0.003521234541 0.01246047429 0.0001037262206)
(-0.001339394706 0.004071595305 0.0001012070157)
(-0.006327726235 0.02159038962 -0.02855312504)
(-0.003499543824 0.01250867784 -0.01774379101)
(-0.0008881114655 0.004212136578 -0.01009686114)
)
;

boundaryField
{
    inlet
    {
        type            fixedValue;
        value           nonuniform 0();
    }
    outlet
    {
        type            zeroGradient;
    }
    topAndBottom
    {
        type            symmetry;
    }
    frontAndBack
    {
        type            empty;
    }
    cylinder
    {
        type            noSlip;
    }
    procBoundary3to1
    {
        type            processor;
        value           nonuniform List<vector> 
125
(
(-0.385832342 -0.01898366512 5.151114082e-07)
(-0.4019014852 -0.0009971522765 -2.05496128e-21)
(-0.3826844006 0.01674993446 -1.93857924e-22)
(-0.3356288698 0.03473311729 -7.922199818e-26)
(-0.2617242002 0.04784799036 1.334559939e-22)
(-0.1689057136 0.05684594888 -9.638805061e-23)
(-0.06460146371 0.06123882623 3.432698493e-22)
(0.04408938312 0.0615976116 -3.117582389e-22)
(0.151293251 0.0592687419 8.69626611e-24)
(0.2527544861 0.05513751341 -1.218962267e-22)
(0.3460838235 0.05013587232 1.216502401e-22)
(0.4301293082 0.04491443716 -2.154521999e-22)
(0.5047793555 0.03986538679 4.410565804e-22)
(0.570555053 0.03519719255 -4.485545518e-22)
(0.6282799668 0.03099897582 2.379891772e-23)
(0.6788777649 0.02728610465 2.237777422e-22)
(0.7232542995 0.02403233041 0)
(0.7622362621 0.02119140463 -1.510404617e-22)
(0.7965467861 0.01870968347 1.611325112e-22)
(0.826801544 0.01653274935 1.278634482e-22)
(0.8535142507 0.01460842864 -1.842635501e-22)
(0.8771051693 0.01288772212 6.753876634e-24)
(0.8979094155 0.0113251076 4.684427329e-23)
(0.9161840548 0.009879319595 -4.058464674e-23)
(0.9321160939 0.008515693606 6.915682972e-23)
(0.9458344777 0.007209951184 -3.322330839e-23)
(0.9574289937 0.005952891838 -4.859357659e-23)
(0.966977859 0.004753791543 2.843112655e-23)
(0.9745806913 0.00363977286 2.117472018e-23)
(0.9803884895 0.002649532972 1.642947884e-23)
(0.9846201065 0.001822112734 -3.071780909e-23)
(0.9875573515 0.001184114165 1.469950274e-23)
(0.989518332 0.0007402160313 1.122710611e-23)
(0.9908173318 0.0004708070711 -2.037365888e-23)
(0.9917251444 0.0003373501053 1.367836926e-23)
(0.9924427428 0.0002931550312 -5.891762372e-24)
(0.9930939996 0.0002944474758 6.859029423e-24)
(0.9937354007 0.0003082465386 -3.904988318e-25)
(0.9943768083 0.0003152327093 -2.816376657e-24)
(0.9950037603 0.0003082136504 3.324468911e-24)
(0.9955953312 0.0002881549652 -4.092263086e-24)
(0.9961349065 0.0002598564853 3.60102337e-24)
(0.9966142742 0.0002286475037 -1.685891275e-24)
(0.9970331421 0.000198567158 -6.177754121e-25)
(0.9973965033 0.0001718332945 7.001872053e-25)
(0.9977117069 0.0001491128049 -1.548327274e-24)
(0.9979862572 0.0001301084277 5.430185353e-25)
(0.9982266312 0.0001141253037 -3.932643849e-25)
(0.9984379482 0.0001004556978 4.70077802e-26)
(0.9986241456 8.855833347e-05 3.463607263e-25)
(0.9987883286 7.808570152e-05 2.683811191e-25)
(0.9989330855 6.883195075e-05 -2.552546309e-25)
(0.9990606853 6.066449434e-05 4.551309521e-25)
(0.9991731666 5.347701307e-05 1.924673845e-25)
(0.9992723645 4.716886005e-05 -9.243814988e-27)
(0.9993599131 4.164029328e-05 -1.513303015e-25)
(0.9994372515 3.67969582e-05 1.784700291e-26)
(0.9995056412 3.25538611e-05 9.308407619e-27)
(0.9995661886 2.8837056e-05 -5.1779651e-26)
(0.9996198667 2.558349222e-05 -8.512709553e-26)
(0.9996675346 2.273937451e-05 5.823591151e-27)
(0.9997099518 2.025841208e-05 5.303381858e-27)
(0.9997477986 1.810034395e-05 -4.61529132e-26)
(0.9997816582 1.623025637e-05 -2.782573816e-26)
(0.9998121377 1.461699524e-05 9.438010106e-27)
(0.9998394418 1.323804851e-05 -5.355347392e-27)
(0.9998650482 1.205206833e-05 5.35641441e-27)
(0.9998849973 1.114037865e-05 -4.420180467e-28)
(0.9999151494 9.937249986e-06 4.438489893e-28)
(-0.08100638111 -0.02022068505 0.05608138266)
(-0.2289650605 -0.01712709984 0.05914256361)
(-0.3470569865 -0.01721457351 0.03613167824)
(-0.04332606627 -0.01882700205 0.05557610224)
(-0.04332445388 -0.01882609501 -0.05557591826)
(-0.1947373808 -0.0183116441 0.05817044376)
(-0.08099921847 -0.02021538639 -0.05608136125)
(-0.1947413876 -0.01831317696 -0.05817106902)
(-0.043400761 -0.01880245537 1.184170191e-05)
(-0.01003863471 -0.01384225943 0.05411533822)
(-0.010437012 -0.0138092702 -1.861732289e-05)
(-0.04339991449 -0.01880226116 -1.260502804e-05)
(-0.01004071499 -0.01384390944 -0.05411542837)
(-0.01043727462 -0.01380987584 1.826692753e-05)
(-0.3047055637 -0.01281141302 0.06290721247)
(-0.2289582339 -0.01713291058 -0.05914288192)
(-0.3047110018 -0.01282602719 -0.06290926706)
(-0.0811607098 -0.02020564798 -1.278918177e-06)
(-0.1201722309 -0.02004645864 0.05662640788)
(-0.1203747109 -0.02003894689 -1.591888817e-05)
(-0.1583327581 -0.01929951778 0.05732649483)
(-0.1955261218 -0.01832893391 -7.312710087e-05)
(-0.1586921805 -0.01930063603 -3.384900173e-05)
(-0.08115830152 -0.02020403732 1.1133371e-06)
(-0.1201686247 -0.02003941374 -0.05662670017)
(-0.1203734719 -0.02003644641 1.620807554e-05)
(-0.1955273462 -0.01832873551 7.246736262e-05)
(-0.1583385922 -0.0192941612 -0.057326966)
(-0.1586937506 -0.01929839749 3.43859233e-05)
(-0.3847099018 -0.01417573664 0.03764726502)
(-0.3470631157 -0.01721578361 -0.03613161544)
(-0.3847116276 -0.01417491286 -0.03764711142)
(-0.2307560658 -0.01717326094 -0.0001681369478)
(-0.2607221866 -0.0156732841 0.06018120748)
(-0.2639393446 -0.015791103 -0.0004523655338)
(-0.288362317 -0.01406072693 0.06122034523)
(-0.3315611737 -0.01392278944 -0.0002867378776)
(-0.2948648148 -0.01440670625 -0.0009054000261)
(-0.2307547174 -0.01717430576 0.0001671497042)
(-0.2607173802 -0.01567994506 -0.06018150818)
(-0.2639381173 -0.01579288023 0.0004527499329)
(-0.3315641971 -0.01392705063 0.0002861667728)
(-0.2883685626 -0.01406757866 -0.06122053244)
(-0.294866788 -0.01440893731 0.0009057243965)
(-0.002005588538 -0.005672561674 0.02701629557)
(-0.0007345604036 -0.003245239019 0.01713378615)
(0.0001071305685 -0.001078090188 0.009717559643)
(-0.002214623918 -0.005653777337 -0.0001187207298)
(-0.000786914917 -0.003240292172 -0.000111621593)
(-0.0003566559449 -0.001037364941 -0.0001030071967)
(-0.002006093986 -0.005673209883 -0.02701615056)
(-0.0007347499478 -0.003245624916 -0.01713365316)
(0.0001070960432 -0.001078221264 -0.009717477262)
(-0.002214621935 -0.005653981083 0.0001185312926)
(-0.0007869037771 -0.003240396672 0.0001114941577)
(-0.0003566429825 -0.001037393725 0.0001029306856)
)
;
    }
    procBoundary3to2
    {
        type            processor;
        value           nonuniform List<vector> 
103
(
(1.318848437 0.1552804358 0.02648683588)
(1.318798866 0.1552715916 -0.026489952)
(1.293957908 0.1699529158 0.0230418757)
(1.277593206 0.1591485823 0.02152065655)
(1.293978981 0.1699605134 -0.02303889357)
(1.277597435 0.1591312747 -0.0215198067)
(1.244670294 0.1468357398 -1.910809204e-06)
(1.217133933 0.1258448079 0)
(1.194083693 0.1071696762 -2.940667763e-22)
(1.174762195 0.09109157156 1.095060146e-22)
(1.158457704 0.07763012026 -9.53910503e-23)
(1.144522566 0.06622654591 9.237434656e-23)
(1.132517083 0.05655932968 9.885549607e-24)
(1.122133172 0.04832210215 6.489039096e-23)
(1.11313644 0.04125798167 -7.966701332e-24)
(1.105349581 0.03514398468 2.626320721e-23)
(1.098631705 0.02980342481 -1.083615345e-22)
(1.09287632 0.02508848173 -9.915955952e-23)
(1.087997666 0.02087583837 1.762664716e-23)
(1.083925502 0.01706524761 0)
(1.080606889 0.01357055862 0)
(1.077999663 0.01031949524 -2.479760631e-23)
(1.076070814 0.007247920468 3.204083302e-23)
(1.074797364 0.004302686479 -3.990653162e-23)
(1.074163932 0.001425659786 7.083863784e-23)
(-0.01934775705 0.03320825294 -0.0001238734673)
(-0.009990501415 0.0224469606 0.0299548113)
(-0.01888759705 0.03336593606 0.05224978353)
(-0.01013509923 0.0223941812 -0.0001016533088)
(-0.008311560312 0.02313828229 0.02746103733)
(-0.008582048513 0.02308600937 -0.0001423566871)
(-0.008309960547 0.02313499578 -0.0274602442)
(-0.008581509139 0.02308470167 0.0001425856749)
(-0.02848914313 0.03999863366 5.472920803e-05)
(-0.02680188923 0.07002451116 7.439518984e-06)
(-0.02834253991 0.04000029263 0.06029260874)
(-0.0267628789 0.07013003758 0.0603641757)
(-0.0267628789 0.07013003758 0.0603641757)
(-0.02680188923 0.07002451116 7.439518984e-06)
(-0.01934936488 0.03320792312 0.000123601596)
(-0.009988063209 0.02244101745 -0.02995662299)
(-0.01889226569 0.03336492669 -0.05224820065)
(-0.01013401333 0.02239150971 0.0001010982756)
(-0.02849024231 0.040003446 -5.616502459e-05)
(-0.026814128 0.07003355721 -9.31476092e-06)
(-0.02834722695 0.0400170941 -0.06029415089)
(-0.02680725007 0.07016140553 -0.06036378747)
(-0.02680725007 0.07016140553 -0.06036378747)
(-0.026814128 0.07003355721 -9.31476092e-06)
(-0.00115008384 0.06056403246 0.06057110223)
(-0.001151116177 0.06053823297 2.140682318e-05)
(0.06110593107 0.04531277499 -1.960325244e-07)
(0.06105687691 0.04533908844 0.06025104691)
(0.17279963 0.03262398898 2.390922011e-06)
(0.3393956698 0.02938804498 0.05851254818)
(0.3394910508 0.02942648011 -3.549632541e-06)
(0.1727530179 0.03258280564 0.05955160674)
(-0.001119409619 0.06057733271 -0.06056917853)
(-0.001143056607 0.06054312422 -1.684432087e-05)
(0.06110885244 0.04531383799 -2.408856258e-06)
(0.06106378388 0.04533791157 -0.06025328625)
(0.1728009477 0.03262684024 -3.26800226e-07)
(0.339461782 0.02936016784 -0.05851168805)
(0.3395153147 0.02941747799 9.143793529e-06)
(0.1727476844 0.03259462421 -0.05955336262)
(0.5499332155 0.03944114437 0.05735377329)
(0.5499892408 0.03952039416 -1.032991206e-05)
(0.7778423777 0.06118607566 -1.117466621e-05)
(0.7778603521 0.06107662172 0.05610067464)
(1.246959467 0.1336714482 0.05178824847)
(1.245562099 0.1334303637 -2.792038491e-05)
(1.297612388 0.1421522334 -0.0001150632472)
(1.299307102 0.1444169174 0.04830837283)
(1.318848437 0.1552804358 0.02648683588)
(1.246953639 0.1336708219 -0.0517879516)
(1.245554688 0.1334271311 3.149437649e-05)
(1.297606435 0.142135721 0.0001151050272)
(1.299298789 0.1443854425 -0.04830692364)
(1.318798866 0.1552715916 -0.026489952)
(0.9856627791 0.08919320654 -1.072744717e-05)
(1.144172445 0.1175122405 0.05222293772)
(1.144064127 0.1174753114 -5.543469508e-05)
(0.9857752935 0.08919216609 0.05440262591)
(0.5500156432 0.03941881627 -0.05735511784)
(0.5500172064 0.03951488066 1.266254185e-05)
(0.777857249 0.06119954514 7.324436781e-06)
(0.7778921834 0.0611093198 -0.05610130125)
(0.9856461932 0.08920669079 1.118899431e-05)
(1.144151209 0.1175239611 -0.05222300648)
(1.144051238 0.1174769305 5.705612166e-05)
(0.9857357777 0.08923124993 -0.05440311936)
(-0.008311560312 0.02313828229 0.02746103733)
(-0.004792240629 0.01323486373 0.01842092953)
(-0.001332048467 0.004417053354 0.01044960855)
(-0.008309960547 0.02313499578 -0.0274602442)
(-0.004791292185 0.01323298355 -0.01842065996)
(-0.001331772903 0.004416423293 -0.01044966911)
(-0.008582048513 0.02308600937 -0.0001423566871)
(-0.004853119148 0.0132347613 -0.0001308513909)
(-0.00180233399 0.00425345316 -0.0001179005639)
(-0.008581509139 0.02308470167 0.0001425856749)
(-0.004852851515 0.01323404952 0.0001310011885)
(-0.001802276248 0.00425323447 0.0001179916882)
)
;
    }
}


// ************************************************************************* //
