/*--------------------------------*- C++ -*----------------------------------*\
| =========                 |                                                 |
| \\      /  F ield         | OpenFOAM: The Open Source CFD Toolbox           |
|  \\    /   O peration     | Version:                                        |
|   \\  /    A nd           | Website:  www.openfoam.com                      |
|    \\/     M anipulation  |                                                 |
\*---------------------------------------------------------------------------*/
FoamFile
{
    version     2.0;
    format      ascii;
    class       volVectorField;
    location    "2.5";
    object      U;
}
// * * * * * * * * * * * * * * * * * * * * * * * * * * * * * * * * * * * * * //

dimensions      [0 1 -1 0 0 0 0];


internalField   nonuniform List<vector> 
2429
(
(1.055299113 -0.0001556621432 -2.136427381e-23)
(1.055388533 6.59761002e-05 1.52308377e-23)
(1.055032059 0.0002816354118 0)
(1.054248474 0.0004855667913 0)
(1.053067388 0.0006726662876 -2.716826982e-23)
(1.051527922 0.0008387514785 2.716786869e-23)
(1.049676625 0.0009807623629 -1.810480516e-24)
(1.047565005 0.001096844277 0)
(1.045246998 0.001186319971 1.602930609e-23)
(1.042776625 0.001249589558 -1.245063982e-23)
(1.040205957 0.001287994113 0)
(1.037583218 0.001303778438 -6.537871444e-24)
(1.034951794 0.001299981827 1.238657248e-23)
(1.032348679 0.001277153072 0)
(1.029805125 0.001238607972 1.046415188e-23)
(1.027348591 0.00118839395 2.991242736e-23)
(1.025000129 0.001129818866 0)
(1.022774533 0.001065523653 -4.111059143e-24)
(1.02068161 0.0009977163754 -1.159248607e-23)
(1.018726923 0.0009282682868 -3.422314359e-24)
(1.016912494 0.0008587271797 3.427317973e-24)
(1.015237477 0.0007903232797 0)
(1.013698772 0.0007240035021 -2.534845201e-24)
(1.012291551 0.0006604862808 2.537679288e-24)
(1.011009679 0.000600308865 0)
(1.009846071 0.0005438468338 -1.836134121e-24)
(1.008793033 0.0004913127113 5.291409581e-24)
(1.007842588 0.0004427609098 0)
(1.006986773 0.0003981185573 2.754217833e-24)
(1.006217833 0.0003572360062 1.166332155e-24)
(1.005528334 0.0003199329339 1.018006374e-24)
(1.004911206 0.0002860218031 -9.228251914e-25)
(1.004359758 0.0002553097336 3.469460034e-24)
(1.003867707 0.000227592398 -8.201331251e-25)
(1.003429201 0.0002026523638 -3.226174146e-25)
(1.003038838 0.0001802650625 1.24192344e-24)
(1.002691665 0.0001602080002 -2.477486272e-25)
(1.002383169 0.0001422682619 2.242219576e-25)
(1.002109253 0.0001262463546 -2.590721327e-26)
(1.001866208 0.0001119570327 1.71491771e-25)
(1.001650687 9.922855374e-05 0)
(1.001459673 8.790499916e-05 0)
(1.001290472 7.783045221e-05 0)
(1.001140695 6.895289468e-05 0)
(1.001008191 6.108685774e-05 0)
(1.000890931 5.410253467e-05 0)
(1.000787189 4.790350452e-05 3.66267851e-26)
(1.000695432 4.240454906e-05 -5.489711416e-25)
(1.000614294 3.752855099e-05 -4.643463435e-26)
(1.000542559 3.320672106e-05 -4.079481811e-25)
(1.00047915 2.937825279e-05 -3.823729262e-25)
(1.000423108 2.598825321e-05 1.098360491e-26)
(1.000373581 2.298707642e-05 2.122648175e-27)
(1.000329817 2.033048956e-05 -3.05249716e-27)
(1.000291148 1.797955784e-05 9.309307971e-28)
(1.000256984 1.589954945e-05 -1.996283699e-25)
(1.000226799 1.406021328e-05 7.091471004e-28)
(1.000200131 1.243413141e-05 9.396363567e-27)
(1.000176567 1.09970248e-05 -4.380638244e-27)
(1.000155745 9.727308566e-06 6.661009076e-27)
(1.000137342 8.60584197e-06 -6.654920779e-27)
(1.000121075 7.615588272e-06 8.515735931e-26)
(1.00010669 6.741499627e-06 -8.206406321e-26)
(1.000093965 5.970257322e-06 8.596104128e-27)
(1.000082702 5.29063629e-06 -6.231871325e-27)
(1.000072728 4.691622546e-06 1.144501731e-26)
(1.000063885 4.16432566e-06 -5.214086575e-27)
(1.00005604 3.700975875e-06 -2.368849932e-26)
(1.000049059 3.294414236e-06 -6.903245567e-27)
(1.000042883 2.939222869e-06 0)
(1.000037218 2.624645099e-06 6.303412726e-27)
(1.00003283 2.374024883e-06 -2.553418333e-27)
(1.00002656 2.024339871e-06 2.559810881e-27)
(1.055742682 -0.0004672800322 -1.061441894e-23)
(1.055825461 0.000205650082 3.635099825e-23)
(1.055450498 0.0008592739346 -2.047119049e-23)
(1.054637719 0.001476260938 2.608466866e-23)
(1.053418337 0.002041279576 1.717737131e-24)
(1.051833521 0.002541827234 -2.780098935e-23)
(1.049932165 0.002968827406 1.809628579e-24)
(1.047768177 0.003316885278 3.73874629e-24)
(1.045397729 0.003584200343 -1.808362232e-24)
(1.042876727 0.00377223691 -1.768361123e-24)
(1.040258434 0.003885393353 0)
(1.037591293 0.003931071177 6.526993381e-24)
(1.034920923 0.003915937856 -4.800676411e-23)
(1.032286107 0.003846288908 4.224635906e-23)
(1.029717878 0.003730840824 0)
(1.0272423 0.003580397565 -4.018213485e-23)
(1.024879779 0.003404395446 0)
(1.022644703 0.003210829533 -2.507265079e-23)
(1.02054635 0.003006501286 3.171177878e-23)
(1.018589685 0.002797149353 2.145040749e-23)
(1.016776126 0.002587486132 0)
(1.015104244 0.002381252906 -1.698119246e-23)
(1.013570391 0.002181338001 5.496171242e-24)
(1.012169235 0.001989927592 9.293967587e-24)
(1.010894206 0.001808628827 8.333417523e-24)
(1.009737892 0.001638533004 7.458393845e-24)
(1.008692379 0.00148024181 -3.384467174e-24)
(1.007749549 0.001333912434 -1.421449466e-24)
(1.006901315 0.001199353352 1.375586237e-24)
(1.006139796 0.001076151396 -3.485097696e-24)
(1.005457427 0.0009637821341 -2.010491956e-24)
(1.004847027 0.000861671392 1.120178341e-25)
(1.00430184 0.0007692126682 -7.952588729e-25)
(1.003815561 0.0006857671723 -7.006830371e-25)
(1.003382348 0.0006106695068 7.007003518e-25)
(1.002996822 0.0005432447666 -1.174924862e-24)
(1.002654055 0.0004828292315 5.202317905e-25)
(1.00234956 0.0004287872141 0)
(1.002079265 0.0003805205046 -3.985761743e-25)
(1.001839485 0.0003374712844 -3.601683535e-25)
(1.001626902 0.0002991220838 0)
(1.001438526 0.0002650016261 0)
(1.001271689 0.0002346527907 -1.16050004e-25)
(1.00112403 0.0002078423301 9.744311024e-25)
(1.000993387 0.0001840706956 0)
(1.000877783 0.0001629700337 3.99097071e-26)
(1.000775521 0.0001442496317 -7.510344164e-26)
(1.000685082 0.0001276494777 5.359303297e-25)
(1.000605117 0.0001129349438 3.687342219e-27)
(1.000534427 9.989681291e-05 4.40232195e-25)
(1.000471946 8.835111917e-05 3.635734657e-25)
(1.000416728 7.81305462e-05 0)
(1.000367933 6.908496929e-05 0)
(1.000324818 6.108131322e-05 2.486756042e-25)
(1.000286726 5.400175345e-05 2.017033817e-25)
(1.000253072 4.774042599e-05 3.854598956e-25)
(1.00022334 4.220705373e-05 -5.545382761e-27)
(1.000197071 3.731496477e-05 0)
(1.000173862 3.299125793e-05 0)
(1.000153353 2.917192636e-05 0)
(1.000135229 2.579990628e-05 -8.905757928e-26)
(1.000119207 2.282390278e-05 -1.719022894e-25)
(1.000105041 2.019844766e-05 3.920784135e-27)
(1.00009251 1.788366e-05 -9.254335283e-27)
(1.000081417 1.584660862e-05 -2.03478695e-26)
(1.000071595 1.405028784e-05 3.974486511e-26)
(1.000062889 1.246838632e-05 -2.035181204e-26)
(1.000055166 1.10780615e-05 3.040138143e-26)
(1.000048293 9.858080153e-06 2.612447318e-27)
(1.000042214 8.792707719e-06 -2.612435558e-27)
(1.000036637 7.849453351e-06 5.952372705e-27)
(1.000032318 7.100608989e-06 0)
(1.000026144 6.050675509e-06 0)
(1.056639788 -0.0007743192014 0)
(1.056708811 0.0003665341991 2.547070664e-24)
(1.05629617 0.001474053984 -2.511366434e-23)
(1.055423884 0.002518375601 2.166375553e-23)
(1.054126407 0.003473078971 0)
(1.052449092 0.004316752359 0)
(1.050445606 0.005034015914 0)
(1.04817477 0.005615934637 -2.661079369e-23)
(1.045697351 0.006059838563 1.508920819e-23)
(1.043073098 0.006368716505 7.410468127e-24)
(1.040357793 0.006550734057 -6.879557297e-23)
(1.037602121 0.006618702927 2.764251989e-23)
(1.034855408 0.006583598581 1.780236635e-25)
(1.032157959 0.006459088043 5.118035935e-23)
(1.029539612 0.006260528042 -4.529760283e-23)
(1.027025346 0.006004290844 8.327293234e-25)
(1.024634545 0.005705545651 3.703625516e-23)
(1.022380532 0.005377680871 1.610723825e-23)
(1.020271393 0.005032229112 1.456302898e-23)
(1.018310867 0.004678885716 -2.208873034e-23)
(1.016499176 0.004325565277 -1.919857001e-23)
(1.014833759 0.003978532119 1.736163574e-23)
(1.0133099 0.003642607604 5.419784649e-24)
(1.01192127 0.003321403951 -1.974687189e-25)
(1.010660413 0.003017516791 -1.647599046e-23)
(1.00951919 0.002732650435 -7.459167889e-24)
(1.008489153 0.002467708422 -3.244471516e-24)
(1.007561815 0.002222905236 0)
(1.006728835 0.001997923012 -2.649411846e-24)
(1.005982126 0.001792087576 2.358049962e-24)
(1.005313943 0.001604516293 -9.771651842e-25)
(1.00471696 0.001434210965 9.771947338e-25)
(1.004184322 0.001280103402 -2.367581177e-24)
(1.003709673 0.001141078294 8.745697445e-26)
(1.003287165 0.001015995308 1.936300509e-24)
(1.002911438 0.0009037161901 -5.55203999e-25)
(1.002577606 0.0008031297896 -4.73124043e-25)
(1.002281224 0.0007131741543 8.915813058e-25)
(1.002018271 0.0006328490771 3.641477268e-25)
(1.001785117 0.0005612196083 3.269074465e-25)
(1.001578495 0.0004974191341 -7.710274702e-25)
(1.001395473 0.0004406582908 4.090532681e-25)
(1.001233437 0.0003901964591 0)
(1.001090056 0.0003455258386 -8.583116301e-25)
(1.000963221 0.0003059053978 -8.772058548e-26)
(1.000851015 0.0002707507464 1.035473009e-26)
(1.000751783 0.0002395745145 9.154757853e-27)
(1.000664042 0.0002119388291 6.820968361e-26)
(1.000586474 0.0001874519674 0)
(1.000517916 0.0001657632036 0)
(1.000457325 0.0001465699213 4.228662387e-25)
(1.000403786 0.0001295797657 -1.542703011e-25)
(1.000356481 0.0001145429216 7.219692037e-26)
(1.000314689 0.0001012417541 -2.414465241e-25)
(1.000277768 8.948172634e-05 -4.154225766e-25)
(1.000245151 7.908754461e-05 -1.860079417e-25)
(1.000216324 6.99174094e-05 -3.12302033e-25)
(1.000190863 6.180503801e-05 0)
(1.000168376 5.463229977e-05 0)
(1.000148509 4.829564996e-05 4.209467318e-27)
(1.000130954 4.270117335e-05 1.945092893e-25)
(1.000115437 3.77638933e-05 6.917680659e-27)
(1.000101717 3.340895691e-05 8.125023739e-26)
(1.00008958 2.957223585e-05 6.462340324e-26)
(1.000078831 2.620115467e-05 5.167725169e-26)
(1.000069317 2.322628329e-05 -4.35849822e-26)
(1.000060888 2.060591383e-05 0)
(1.000053412 1.83035419e-05 4.015387412e-26)
(1.000046759 1.628391853e-05 -2.602695646e-26)
(1.000040874 1.452097306e-05 0)
(1.000035475 1.296038716e-05 -6.386109983e-27)
(1.000031296 1.17236724e-05 0)
(1.000025317 9.986367822e-06 -1.471951713e-27)
(1.058014599 -0.001080363883 -1.010545783e-23)
(1.058062532 0.0005591400818 1.891442212e-23)
(1.057591193 0.002149607708 0)
(1.056625898 0.003646924699 3.306511073e-23)
(1.055206381 0.005012164285 1.471192021e-24)
(1.053384767 0.006214046546 -3.108490951e-23)
(1.051222372 0.007230485609 0)
(1.048785814 0.008049144279 7.781758579e-24)
(1.046142807 0.008667181911 8.005439306e-24)
(1.043358425 0.009090523176 -7.401871969e-24)
(1.040493441 0.009332516691 6.746599916e-23)
(1.03760552 0.009408994848 -3.225652467e-23)
(1.034745652 0.00933861629 -6.539687523e-23)
(1.031953721 0.009143336496 4.574559905e-23)
(1.029259651 0.00884614113 -4.572047517e-23)
(1.026687549 0.008469877612 -5.882287565e-23)
(1.024255172 0.008035720161 5.6275536e-23)
(1.021973966 0.007562523083 -3.45015328e-23)
(1.019850044 0.007066538244 -1.533274499e-23)
(1.017885179 0.006561342948 1.310925401e-23)
(1.016077705 0.00605794906 -5.669717274e-25)
(1.01442328 0.005565049697 -1.129561005e-23)
(1.01291553 0.00508932619 -4.751975353e-24)
(1.011546622 0.004635730653 -4.346845631e-24)
(1.010307808 0.004207702731 8.005599265e-24)
(1.009189914 0.00380734708 -4.107864498e-25)
(1.008183708 0.003435629761 2.874494142e-24)
(1.007280135 0.00309261856 -3.328665344e-25)
(1.006470428 0.002777738054 -2.985780765e-25)
(1.005746176 0.002489988313 -1.982803106e-25)
(1.005099393 0.002228095806 0)
(1.004522575 0.001990606413 2.55164766e-24)
(1.004008762 0.001775948083 7.65338495e-25)
(1.003551548 0.001582481114 0)
(1.003145083 0.001408548813 -1.254493135e-24)
(1.002784037 0.001252520378 2.810380061e-26)
(1.002463578 0.001112816428 0)
(1.002179333 0.0009879396059 3.999753375e-25)
(1.001927356 0.0008764845371 -7.8400124e-25)
(1.001704095 0.0007771360849 0)
(1.001506373 0.0006886755273 1.614155414e-26)
(1.00133134 0.0006100012419 -5.079517898e-25)
(1.001176461 0.0005400937622 2.433038877e-25)
(1.001039459 0.0004781615933 0)
(1.000918308 0.0004232327013 0)
(1.000811161 0.000374528998 0)
(1.000716441 0.0003313429724 1.298995123e-25)
(1.000632718 0.0002930614198 -1.2990041e-25)
(1.000558724 0.0002591491108 -1.007972156e-25)
(1.000493337 0.0002291266734 1.007621215e-25)
(1.000435527 0.0002026011316 2.833001482e-25)
(1.000384468 0.000179104994 -9.053431062e-25)
(1.000339382 0.0001583018265 0)
(1.000299567 0.0001398995208 4.232381163e-25)
(1.0002644 0.0001236317772 -2.201799304e-25)
(1.000233326 0.0001092616202 9.431585128e-27)
(1.000205838 9.660509475e-05 1.203099334e-24)
(1.000181578 8.539170938e-05 1.841436175e-25)
(1.000160176 7.547034676e-05 -9.295583475e-25)
(1.000141278 6.670553348e-05 7.071109021e-25)
(1.00012458 5.896886199e-05 -3.775722176e-25)
(1.000109821 5.214248654e-05 -1.785550229e-25)
(1.000096771 4.612221836e-05 1.419146193e-25)
(1.000085228 4.081668866e-05 0)
(1.000075006 3.614916048e-05 0)
(1.000065954 3.203362316e-05 0)
(1.000057937 2.841247691e-05 4.732820928e-28)
(1.000050827 2.523261128e-05 -1.313080411e-26)
(1.000044498 2.244396562e-05 2.387058565e-27)
(1.000038898 2.001051265e-05 -6.517419266e-28)
(1.00003376 1.785743244e-05 -7.584180963e-27)
(1.000029782 1.615238637e-05 1.656592536e-27)
(1.000024091 1.375802504e-05 2.020231949e-27)
(1.059904974 -0.001382345446 -8.223644605e-24)
(1.059923321 0.0008012868359 2.7382384e-23)
(1.059368691 0.002917344584 -2.738198931e-23)
(1.058271507 0.004904954424 -3.254450269e-23)
(1.056679375 0.006710672816 6.633760429e-23)
(1.05465436 0.008292017936 -3.379329394e-23)
(1.052268892 0.009619670517 0)
(1.049600575 0.01067832636 -1.754086863e-23)
(1.046725765 0.01146677157 5.62451772e-23)
(1.043718117 0.01199505514 -6.410635672e-23)
(1.040650037 0.01227943209 5.842467889e-23)
(1.037584963 0.01234311623 0)
(1.03457342 0.01221480702 -6.593159163e-24)
(1.031655246 0.01192622834 0)
(1.028860961 0.01150868151 0)
(1.026213334 0.01099228452 1.009370139e-23)
(1.023727733 0.01040473344 1.750186297e-23)
(1.021412902 0.00977057331 -1.817412544e-23)
(1.019272136 0.009110798835 -1.523758865e-23)
(1.017304399 0.008442794128 1.375777698e-23)
(1.015505315 0.00778055787 -1.281229725e-23)
(1.013867988 0.007135072883 -1.063992191e-23)
(1.012383724 0.006514683079 -9.486585154e-24)
(1.011042701 0.005925407839 0)
(1.009834562 0.005371215116 3.934564828e-24)
(1.008748886 0.004854317844 3.334979983e-24)
(1.007775473 0.004375524551 2.95929248e-24)
(1.006904491 0.003934605798 0)
(1.006126556 0.00353061224 4.590808092e-24)
(1.005432787 0.00316210507 -4.453214644e-24)
(1.004814874 0.002827302994 1.821644691e-24)
(1.004265125 0.002524191136 -1.718720964e-24)
(1.003776484 0.002250613199 -6.966849673e-25)
(1.003342524 0.002004345416 6.707396988e-26)
(1.002957417 0.001783178006 0)
(1.002615887 0.001584963923 5.271386876e-25)
(1.00231318 0.001407630575 -8.591528676e-25)
(1.002045022 0.001249238679 4.252663204e-25)
(1.001807577 0.00110796293 3.316039852e-25)
(1.001597398 0.0009821044072 -3.33121198e-26)
(1.001411434 0.0008700973292 2.045910854e-26)
(1.001246929 0.0007705604033 0)
(1.001101474 0.0006821536093 4.274517855e-25)
(1.000972879 0.0006037942292 -4.021695148e-25)
(1.000859216 0.0005343103993 6.361400932e-25)
(1.000758661 0.0004728016884 -1.119199556e-24)
(1.000669841 0.0004182418101 -4.758163033e-25)
(1.000591407 0.0003698682514 9.686433023e-25)
(1.000522132 0.0003270223782 0)
(1.000460918 0.0002891109593 -1.319702747e-24)
(1.000406721 0.0002556706234 1.587119156e-25)
(1.000358905 0.0002260058188 1.434902094e-24)
(1.000316762 0.00019972753 0)
(1.00027958 0.0001764829502 0)
(1.000246752 0.0001559367616 -6.871896522e-25)
(1.00021775 0.0001377808953 3.542827777e-25)
(1.000192096 0.0001217660658 1.319587084e-25)
(1.000169439 0.0001075872906 -4.477282338e-25)
(1.000149468 9.506122594e-05 -2.574602255e-26)
(1.000131844 8.400595403e-05 -2.244195974e-26)
(1.000116272 7.425155233e-05 5.770133807e-26)
(1.000102505 6.564700533e-05 -3.43918093e-26)
(1.000090329 5.80597429e-05 4.761288052e-26)
(1.000079556 5.137361025e-05 0)
(1.000070019 4.548813998e-05 5.151770425e-27)
(1.00006157 4.030859521e-05 -5.15471798e-27)
(1.000054083 3.575578263e-05 -7.259227006e-27)
(1.000047441 3.17584415e-05 5.751370364e-27)
(1.00004153 2.825250641e-05 0)
(1.000036302 2.519238632e-05 0)
(1.000031506 2.248354797e-05 0)
(1.000027792 2.03372831e-05 -2.896916404e-27)
(1.00002248 1.732064247e-05 -6.905287876e-28)
(1.062363522 -0.001680570317 -2.164973459e-23)
(1.062342655 0.001110032151 1.935409845e-23)
(1.061675592 0.003810531761 8.954675948e-24)
(1.060400124 0.006339636096 0)
(1.058575171 0.008626494127 0)
(1.056276932 0.01061554237 1.869666897e-23)
(1.053593403 0.01226966292 -1.869351699e-23)
(1.050616395 0.01357194987 -5.365090469e-23)
(1.047433245 0.01452645125 1.428953413e-22)
(1.044136055 0.01514208425 0)
(1.040809529 0.01544330551 5.990041045e-23)
(1.037517917 0.01546489924 -6.734662821e-23)
(1.034313397 0.01524842604 -4.453892116e-23)
(1.031237223 0.01483634294 4.804899467e-23)
(1.028319563 0.01426935503 0)
(1.025580752 0.01358593841 -4.34505528e-23)
(1.023032824 0.01282105013 3.837317552e-23)
(1.020680768 0.01200524827 9.80095204e-25)
(1.018523947 0.01116431447 6.764567138e-25)
(1.016557439 0.01031935322 1.331455755e-23)
(1.014773197 0.009487188144 1.106841943e-23)
(1.013161008 0.008680835858 -1.027768826e-23)
(1.011709322 0.007909935134 2.809551644e-23)
(1.010405947 0.007181133922 -8.756091869e-24)
(1.009238609 0.00649850345 3.447019036e-24)
(1.008195335 0.005864023241 -3.659676731e-24)
(1.007264668 0.005278095043 -5.664312384e-24)
(1.006435773 0.004739993177 2.704773808e-24)
(1.005698513 0.004248209662 -4.478605384e-24)
(1.005043489 0.003800687888 0)
(1.004462068 0.003394973577 1.510721708e-24)
(1.003946388 0.003028368915 -3.135204852e-24)
(1.00348932 0.002698052592 6.533464464e-25)
(1.003084439 0.002401152216 1.199438358e-24)
(1.002725969 0.00213487421 -1.072754463e-24)
(1.002408717 0.001896517322 5.029711255e-25)
(1.002128048 0.001683483261 4.374650708e-25)
(1.001879791 0.001493435011 -2.993085754e-25)
(1.001660302 0.001324049976 8.151649423e-26)
(1.001466281 0.001173227342 3.1113345e-25)
(1.001294817 0.001039093728 2.629512883e-25)
(1.001143141 0.0009200966616 1.666603e-24)
(1.001009197 0.0008144159716 -1.692061414e-24)
(1.000890933 0.0007207128114 0)
(1.000786456 0.0006376581503 5.108525313e-25)
(1.000693885 0.000564248309 1.110835278e-24)
(1.000612252 0.0004990528405 -4.887161422e-25)
(1.00054036 0.0004412395618 -1.935848703e-25)
(1.000476961 0.0003900381174 0)
(1.000420981 0.0003447398427 -1.195320202e-24)
(1.00037143 0.0003047275406 1.197262591e-24)
(1.000327671 0.0002692463932 -3.483133458e-25)
(1.000289161 0.0002378665398 2.832875622e-26)
(1.000255221 0.0002101397473 3.829450537e-25)
(1.000225262 0.0001856418218 -1.790280523e-25)
(1.000198802 0.0001639993546 1.033252183e-25)
(1.000175422 0.0001448943377 -3.872576868e-26)
(1.000154767 0.0001280179763 2.893621117e-26)
(1.000136532 0.000113120448 3.727845983e-26)
(1.000120424 9.997047173e-05 1.099480426e-26)
(1.000106186 8.836690282e-05 -3.701194422e-26)
(1.000093597 7.813280694e-05 0)
(1.000082467 6.911012938e-05 -1.559668054e-27)
(1.000072622 6.115825889e-05 0)
(1.000063911 5.415359391e-05 0)
(1.000056197 4.798733423e-05 0)
(1.000049359 4.256400361e-05 -8.039344214e-28)
(1.000043295 3.780033013e-05 8.039350705e-28)
(1.000037899 3.362168967e-05 -4.276146384e-27)
(1.000033127 2.997492639e-05 3.212988343e-27)
(1.000028751 2.674808968e-05 0)
(1.000025363 2.419247751e-05 1.556505019e-28)
(1.000020517 2.060311076e-05 0)
(1.065461424 -0.001975061154 0)
(1.065389394 0.001507406611 1.765373118e-23)
(1.064573842 0.00487145051 -4.844416239e-23)
(1.06306309 0.008010149562 5.039379136e-23)
(1.060931831 0.01083122757 2.220878715e-23)
(1.058275729 0.01326352231 0)
(1.055204088 0.01526168409 -2.148580064e-23)
(1.051827552 0.01680901576 0)
(1.048252367 0.0179152868 8.250844991e-23)
(1.044592561 0.0185928624 -6.745547699e-23)
(1.040942537 0.01887668267 6.759161317e-23)
(1.037369574 0.01881860316 -3.467627502e-23)
(1.033929663 0.01847463506 5.157534193e-24)
(1.030664804 0.01789974427 5.519616463e-23)
(1.027602889 0.01714589333 -3.491066888e-25)
(1.024760405 0.01626133706 -5.0298071e-24)
(1.022144681 0.01528912277 4.433669548e-24)
(1.019755577 0.01426617835 0)
(1.01758725 0.01322311285 6.958988162e-24)
(1.01562975 0.01218454738 1.189888398e-23)
(1.013870344 0.01116971528 -1.189791011e-23)
(1.012294634 0.01019311074 -4.779383746e-24)
(1.010887493 0.009265086331 0)
(1.009633826 0.008392417149 0)
(1.008519071 0.007578887232 -5.289824058e-26)
(1.007529482 0.006825930014 -3.501219691e-24)
(1.006652219 0.006133246483 -2.828693651e-24)
(1.005875391 0.00549930239 -2.218608833e-24)
(1.005188085 0.004921739167 2.153901337e-24)
(1.004580362 0.004397640295 0)
(1.004043266 0.003923681788 -1.678439959e-24)
(1.003568779 0.003496369721 2.145317031e-24)
(1.003149724 0.003112120591 -2.406510711e-24)
(1.002779716 0.002767339764 6.545104542e-25)
(1.002453035 0.002458684081 -1.133222539e-24)
(1.002164682 0.002182771846 9.069833581e-25)
(1.001910178 0.001936435497 -3.94977483e-25)
(1.001685287 0.001717077228 2.474605198e-24)
(1.001486902 0.001521712383 -6.831639755e-24)
(1.001311935 0.001347867247 4.35649776e-24)
(1.001157524 0.001193370397 -3.372713357e-24)
(1.001020696 0.001056510538 3.301892734e-24)
(1.000900134 0.0009349006947 7.078387206e-25)
(1.000794097 0.0008270604434 5.190701566e-24)
(1.000700653 0.0007314892722 -1.135974947e-24)
(1.000617923 0.0006469470699 -8.857738629e-25)
(1.000544899 0.0005718935618 8.905180982e-25)
(1.000480741 0.0005054533086 1.098396835e-25)
(1.000424279 0.0004466785126 2.28350104e-25)
(1.000374475 0.0003947070274 -3.033812283e-25)
(1.000330465 0.0003487754159 0)
(1.00029161 0.0003081542741 1.426247332e-25)
(1.000257355 0.0002722558604 -2.577791689e-26)
(1.000227131 0.0002405218159 -3.919886784e-26)
(1.000200438 0.0002124795277 0)
(1.000176861 0.0001877031891 -4.983469374e-26)
(1.000156038 0.0001658254017 3.486445172e-26)
(1.000137645 0.0001465127496 6.655866561e-27)
(1.000121401 0.0001294657783 0)
(1.000107054 0.0001144170204 0)
(1.00009438 0.0001011340863 1.747587445e-26)
(1.00008318 8.941368786e-05 -3.295052612e-27)
(1.000073282 7.907681109e-05 -2.100051114e-26)
(1.000064531 6.996590318e-05 0)
(1.00005679 6.194208673e-05 8.19244942e-27)
(1.000049937 5.488226783e-05 -6.893003818e-27)
(1.000043864 4.867680756e-05 0)
(1.000038476 4.322912501e-05 0)
(1.000033682 3.845183284e-05 6.064194338e-28)
(1.000029442 3.428265036e-05 -4.580721488e-28)
(1.000025552 3.059299126e-05 0)
(1.00002254 2.767037353e-05 2.276976316e-27)
(1.000018232 2.356493532e-05 -4.850778058e-28)
(1.069295074 -0.002265583049 2.031553364e-23)
(1.069157099 0.002020905542 -4.134003007e-23)
(1.068147339 0.006152131927 -2.580568404e-24)
(1.066329008 0.009988566438 8.178111776e-23)
(1.063798483 0.01341138081 -6.912963277e-23)
(1.06067783 0.01633143856 0)
(1.057105304 0.0186957435 1.972030876e-22)
(1.053219142 0.02049189262 -1.750990636e-22)
(1.049158303 0.02172603843 -7.106197907e-23)
(1.045053844 0.02242489639 0)
(1.041007183 0.02264381353 4.768287374e-23)
(1.037095129 0.02245454273 -8.044739785e-23)
(1.033377636 0.02193037534 0)
(1.029895186 0.02114155218 5.36871596e-23)
(1.02667144 0.0201535003 -4.426352047e-23)
(1.023717189 0.01902563582 3.735859575e-23)
(1.021033181 0.01780968727 -7.694348636e-23)
(1.018612374 0.0165490283 2.921948617e-23)
(1.016442113 0.01527890959 -6.960103646e-24)
(1.014505983 0.01402715971 1.124476195e-23)
(1.012785355 0.01281501341 -2.111568324e-23)
(1.011260711 0.01165789347 2.7725808e-23)
(1.009912721 0.0105661675 -1.625773976e-23)
(1.008722977 0.009545957689 1.089299637e-23)
(1.007674375 0.008600014043 -6.340937643e-24)
(1.006751226 0.007728641955 6.881535087e-27)
(1.005939195 0.006930438203 2.561573483e-24)
(1.005225281 0.006202751679 2.211214534e-24)
(1.004597797 0.005542162833 1.971230973e-24)
(1.004046293 0.004944673215 7.521108586e-25)
(1.003561544 0.004405887734 -6.744267409e-25)
(1.003135368 0.003921475352 -2.132262352e-25)
(1.002760694 0.003486850829 1.248872375e-24)
(1.002431232 0.003097591989 2.9213676e-25)
(1.002141072 0.002749951511 2.25700622e-25)
(1.00188588 0.002439643363 0)
(1.001661313 0.002162887201 4.883780696e-24)
(1.001462798 0.001916811768 3.678971436e-24)
(1.001288334 0.001697736242 -1.033563264e-24)
(1.001135231 0.001503023643 -7.282721882e-24)
(1.001000611 0.001330108829 -5.43197219e-24)
(1.000881508 0.001176860542 -5.638398514e-26)
(1.000776508 0.001040738945 5.619595257e-25)
(1.000684511 0.0009202450157 -4.432505959e-25)
(1.000603739 0.000813611422 -4.358565927e-25)
(1.000532489 0.0007192687367 6.223255378e-25)
(1.000469622 0.0006357581824 8.179641636e-26)
(1.000414266 0.0005618969006 8.548629009e-26)
(1.000365506 0.0004965434884 1.40371679e-25)
(1.000322503 0.0004387165554 -6.520916625e-26)
(1.000284546 0.0003875815594 0)
(1.000251047 0.0003423902319 -4.262287491e-26)
(1.000221488 0.0003024635101 3.735050465e-26)
(1.000195409 0.0002671842973 3.920899259e-26)
(1.000172386 0.000236018693 0)
(1.000152059 0.0002084968721 0)
(1.000134122 0.0001841862424 -2.62990573e-26)
(1.000118291 0.0001627159194 0)
(1.000104318 0.0001437601078 4.29494079e-27)
(1.000091983 0.0001270299139 1.011263604e-26)
(1.000081092 0.0001122699978 0)
(1.000071472 9.925351237e-05 1.35692279e-26)
(1.000062969 8.777869389e-05 7.273417824e-27)
(1.000055449 7.76671586e-05 1.759316046e-28)
(1.000048796 6.876207164e-05 -7.172575316e-27)
(1.000042904 6.092561771e-05 6.893035755e-27)
(1.000037683 5.40363017e-05 -4.091662849e-27)
(1.000033053 4.798762875e-05 -5.919638616e-28)
(1.000028933 4.268307547e-05 6.73053733e-28)
(1.000025289 3.805371832e-05 -2.821355381e-27)
(1.000021947 3.395692289e-05 6.640852131e-29)
(1.00001936 3.071188848e-05 -1.049576869e-27)
(1.000015659 2.615423949e-05 4.85079728e-28)
(1.073992215 -0.002553228979 -7.152833151e-23)
(1.073769254 0.002684874602 3.572851825e-23)
(1.072506399 0.007719077005 0)
(1.070287297 0.0123676048 0)
(1.067236636 0.01647984322 2.127426965e-22)
(1.063512422 0.01994766931 -2.121837868e-22)
(1.059297348 0.02270808435 -2.11180371e-22)
(1.054776142 0.02473872314 0)
(1.050118583 0.02605872635 -8.350770188e-23)
(1.045470076 0.0267210936 0)
(1.040946799 0.02681062865 -6.882776602e-23)
(1.036636625 0.02642234352 6.797973143e-23)
(1.0326006 0.02565023287 0)
(1.028875223 0.02458323048 -1.887050223e-23)
(1.025477636 0.02330266949 -2.780831639e-24)
(1.022410292 0.02188039886 0)
(1.019664627 0.02037731683 2.67113529e-24)
(1.017224162 0.01884332704 3.778793461e-24)
(1.015067279 0.01731810755 1.200317757e-23)
(1.01316949 0.01583212553 -9.336643585e-24)
(1.011505269 0.01440768637 6.761395971e-24)
(1.010049448 0.01305999092 -1.347519061e-23)
(1.008778157 0.01179832277 0)
(1.007669321 0.01062728121 3.365629512e-24)
(1.006702917 0.009547932197 -3.518990802e-24)
(1.005860994 0.008559014979 2.605914271e-24)
(1.005127521 0.00765758246 9.643807995e-25)
(1.004488367 0.006839431817 -1.963767971e-24)
(1.003931072 0.006099871679 3.63681757e-25)
(1.003444951 0.005433336274 1.221347144e-24)
(1.003020638 0.004834100197 -5.539295275e-24)
(1.002649472 0.004297105649 1.984094799e-24)
(1.002325177 0.003816419624 5.04578835e-25)
(1.002041553 0.003386751723 -8.757554808e-24)
(1.001792076 0.003003762626 1.61378077e-23)
(1.001573842 0.002662223509 1.143593789e-23)
(1.001383146 0.002358297274 -1.144092266e-24)
(1.001215419 0.00208828579 -6.41268688e-24)
(1.001068274 0.001848045022 -3.702283986e-25)
(1.000939836 0.001634976741 -2.116901824e-25)
(1.000827445 0.001446115209 2.480875394e-25)
(1.000728575 0.001278806141 -6.031184512e-25)
(1.000641589 0.001130656543 0)
(1.000565243 0.0009996504026 -2.416026434e-26)
(1.00049818 0.0008836775469 0)
(1.000439139 0.0007809863308 -2.605611187e-25)
(1.000387121 0.0006901237789 -1.678623247e-26)
(1.000341309 0.0006097713195 0)
(1.000300961 0.0005387147918 -2.665292402e-26)
(1.000265402 0.0004758938281 -1.714143827e-26)
(1.000234047 0.0004203757211 0)
(1.000206395 0.0003713233524 -8.876473904e-27)
(1.000182012 0.0003279852819 -5.759920448e-27)
(1.000160513 0.0002896956701 1.570125403e-26)
(1.000141564 0.0002558666789 0)
(1.000124854 0.0002259969213 -5.239053558e-27)
(1.000110111 0.0001996231167 1.770154927e-26)
(1.000097106 0.0001763409462 4.566783873e-27)
(1.000085629 0.0001557928806 -1.286426604e-26)
(1.000075496 0.0001376609599 -2.555692894e-26)
(1.000066549 0.0001216642351 1.222601351e-26)
(1.000058645 0.0001075553232 -1.337063353e-26)
(1.00005166 9.511620299e-05 0)
(1.000045486 8.415468723e-05 5.265147897e-27)
(1.000040025 7.450148318e-05 1.498277989e-27)
(1.00003519 6.600744134e-05 -4.996049284e-27)
(1.000030906 5.854087372e-05 4.918069677e-27)
(1.000027107 5.198628199e-05 -3.118686671e-27)
(1.000023727 4.623883694e-05 2.996729083e-27)
(1.000020739 4.12234874e-05 0)
(1.000017998 3.678534219e-05 0)
(1.000015875 3.326997149e-05 0)
(1.00001284 2.83325177e-05 0)
(1.079718258 -0.002837592753 2.474620698e-23)
(1.079383511 0.003545570299 0)
(1.077788302 0.009659402696 -3.411685706e-23)
(1.075044045 0.01526857013 -1.935073318e-22)
(1.071314528 0.02018537088 2.576953004e-22)
(1.066816001 0.02426532759 0)
(1.061794484 0.02743387196 4.474797075e-22)
(1.056480921 0.02966910917 9.858046578e-23)
(1.05108223 0.03101607215 -9.879758324e-23)
(1.045771991 0.03156896966 0)
(1.040685151 0.03144596629 1.835986532e-23)
(1.03591618 0.03077085254 0)
(1.031523424 0.02966449922 -3.95755514e-23)
(1.027536121 0.02823933949 6.665224237e-23)
(1.023960961 0.02659543829 0)
(1.020787994 0.02481841071 -3.485292507e-23)
(1.017995811 0.02297868734 3.433194089e-23)
(1.015555704 0.02113228994 2.065921779e-25)
(1.013435012 0.01932224215 0)
(1.011599683 0.01758017879 -2.665557334e-24)
(1.010016176 0.01592801288 2.301085288e-24)
(1.00865279 0.01437951984 5.213293493e-24)
(1.007480392 0.01294206152 -6.939572377e-24)
(1.006472722 0.0116179551 0)
(1.005606633 0.01040582319 1.28408436e-24)
(1.004861806 0.009302295217 0)
(1.004220862 0.008301897873 -1.777489777e-25)
(1.003668737 0.007398192124 3.375665434e-25)
(1.003191743 0.006585176662 -3.628915263e-25)
(1.002779948 0.0058551221 -7.855615474e-24)
(1.002423883 0.005200824404 1.582075024e-23)
(1.002113748 0.004616068554 -7.309589537e-24)
(1.001845266 0.004093859696 -2.548328989e-24)
(1.001613056 0.003628467568 2.88613979e-24)
(1.001410293 0.003214299544 -1.409910949e-23)
(1.001233816 0.002845527311 -1.16208131e-25)
(1.001081182 0.002518379456 -7.983523484e-25)
(1.000948265 0.002228264843 -7.401563595e-25)
(1.000832145 0.001970957709 6.778384395e-25)
(1.000730795 0.00174303278 -2.956718754e-25)
(1.000642233 0.001541088115 0)
(1.000564654 0.001362181318 0)
(1.000496622 0.00120389536 0)
(1.000436967 0.001063947388 -9.645767369e-26)
(1.000384633 0.0009401305307 6.170821265e-26)
(1.000338672 0.0008306001043 7.421285077e-26)
(1.000298264 0.0007337640221 -1.1221895e-25)
(1.000262721 0.0006481799316 0)
(1.000231457 0.0005725420677 0)
(1.000203948 0.0005056969649 4.379519564e-26)
(1.000179735 0.0004466320791 2.74301733e-26)
(1.000158418 0.0003944523803 3.356317426e-26)
(1.000139646 0.0003483636603 -2.345233376e-26)
(1.000123112 0.0003076602702 -5.902400439e-27)
(1.000108546 0.0002717168403 0)
(1.000095703 0.0002399766561 -3.905804899e-27)
(1.000084375 0.0002119555987 -2.841879021e-26)
(1.000074387 0.0001872212398 6.338386734e-27)
(1.000065577 0.0001653920612 1.883130575e-26)
(1.000057803 0.0001461309887 1.114933051e-26)
(1.000050943 0.0001291403991 -9.638633671e-27)
(1.000044886 0.0001141575589 8.147752126e-28)
(1.000039535 0.0001009503776 -8.14775203e-28)
(1.000034806 8.931389819e-05 -5.48758504e-27)
(1.000030624 7.906738314e-05 -1.086391094e-27)
(1.000026922 7.005168891e-05 4.806590797e-27)
(1.000023642 6.212659789e-05 2.36972144e-27)
(1.000020734 5.516944712e-05 2.884275053e-27)
(1.000018148 4.906905714e-05 1.031715927e-28)
(1.000015861 4.374582967e-05 -1.031715899e-28)
(1.000013763 3.903537934e-05 0)
(1.00001214 3.530440072e-05 -6.110084913e-30)
(1.000009818 3.006442143e-05 6.117526958e-30)
(1.086692304 -0.003119259883 0)
(1.086208452 0.004664607712 0)
(1.084172958 0.01208913901 1.081281192e-22)
(1.080736784 0.01884796874 -1.507948058e-22)
(1.07612459 0.02470060082 1.183895508e-23)
(1.070634459 0.02946944093 -2.594381954e-22)
(1.064588203 0.03304833785 2.345849134e-23)
(1.058279838 0.03544168893 0)
(1.051968853 0.0367383672 0)
(1.045865463 0.03708068706 8.408242755e-23)
(1.040121597 0.03663047456 -1.571127614e-22)
(1.03483325 0.03555165499 7.302922875e-23)
(1.030051576 0.03400065305 -1.44906817e-23)
(1.025793053 0.03211865827 -4.576120833e-23)
(1.022048025 0.03002683321 6.990891178e-24)
(1.018788951 0.02782500109 3.876296351e-23)
(1.015977428 0.02559247936 -3.55852968e-24)
(1.013569277 0.0233901772 -2.066068434e-25)
(1.011518208 0.02126298918 1.540818048e-25)
(1.009778611 0.01924220515 0)
(1.008307449 0.01734783228 8.540168249e-25)
(1.007065568 0.01559065064 1.01497747e-24)
(1.006017863 0.01397478136 7.429321676e-26)
(1.005134094 0.01249848353 -4.971170576e-25)
(1.004388176 0.01115669501 8.329508659e-25)
(1.003756794 0.00994355529 0)
(1.003222701 0.008850113837 -7.844052704e-25)
(1.002770039 0.00786717299 -4.295714036e-24)
(1.002382912 0.006986458027 1.482405156e-23)
(1.002053844 0.006198859885 -1.761210959e-23)
(1.001774394 0.005496066531 0)
(1.001534278 0.004869784854 0)
(1.001328573 0.00431190604 2.127247713e-24)
(1.001153523 0.003816689009 0)
(1.00100335 0.003377261763 2.094049161e-24)
(1.000873932 0.002987529403 -3.270145093e-25)
(1.000762358 0.002642215843 3.271484882e-25)
(1.000665863 0.002336140988 -1.464383136e-25)
(1.000582157 0.002065007616 1.112076529e-26)
(1.000509451 0.001824995315 0)
(1.00044624 0.001612564961 -8.323110975e-27)
(1.000391205 0.001424609936 0)
(1.000343194 0.001258500583 -3.07641724e-26)
(1.000301257 0.001111761245 7.421113856e-26)
(1.000264595 0.0009820537301 -6.170948911e-26)
(1.000232517 0.0008674061411 0)
(1.000204418 0.0007660900665 4.714909461e-26)
(1.000179784 0.0006765734844 2.462337884e-26)
(1.000158178 0.000597491179 0)
(1.000139218 0.0005276328535 -1.172703898e-26)
(1.000122565 0.0004659299276 -1.570327284e-26)
(1.000107928 0.0004114371034 1.385214783e-26)
(1.000095058 0.0003633164943 1.196487819e-26)
(1.000083737 0.0003208259989 0)
(1.000073776 0.000283309858 0)
(1.000065006 0.0002501891272 -5.136310217e-27)
(1.000057281 0.0002209539781 1.595239331e-26)
(1.000050477 0.0001951532422 0)
(1.000044482 0.0001723878242 -8.911584289e-27)
(1.000039195 0.0001523040566 0)
(1.000034532 0.0001345898903 -5.869467276e-28)
(1.000030417 0.0001189701303 8.702157654e-29)
(1.000026783 0.0001052021144 7.643623508e-29)
(1.000023574 9.307196206e-05 4.234886848e-28)
(1.000020736 8.239121557e-05 0)
(1.000018226 7.299392442e-05 -2.444530803e-28)
(1.000016003 6.473385394e-05 -2.026269611e-27)
(1.000014033 5.748307784e-05 -2.068853541e-29)
(1.000012281 5.112563284e-05 -7.83192168e-29)
(1.000010732 4.557843742e-05 0)
(1.000009312 4.067006045e-05 0)
(1.000008213 3.678244575e-05 1.75564054e-28)
(1.000006642 3.132270218e-05 -9.830175458e-29)
(1.095205455 -0.003392420728 0)
(1.094519473 0.006129534657 0)
(1.091894624 0.01516998743 0)
(1.087538425 0.02333480642 0)
(1.081772743 0.03028852979 3.571521888e-22)
(1.075007432 0.03580985471 6.234794436e-22)
(1.067652981 0.03978460365 -2.948319058e-22)
(1.060096751 0.04225694352 0)
(1.052670093 0.04338244797 1.02354215e-22)
(1.045624855 0.04336811596 -1.023661061e-22)
(1.039125071 0.04243576552 0)
(1.033261673 0.04080285834 6.297386026e-23)
(1.028070809 0.0386702466 -1.439094226e-22)
(1.023547269 0.03621257851 8.886530465e-24)
(1.019656689 0.03357377271 4.377124111e-23)
(1.016347237 0.03086760996 7.722052945e-24)
(1.013558411 0.02818107023 4.276559546e-25)
(1.011226948 0.02557782824 -1.009399311e-23)
(1.009290066 0.02310219759 9.939114552e-24)
(1.007688557 0.02078261453 4.128138706e-25)
(1.006368563 0.01863479514 -6.445020424e-24)
(1.005282749 0.01666437774 1.549538276e-23)
(1.0043885 0.01487078245 -1.619375229e-23)
(1.003653684 0.01324624756 -1.197849399e-23)
(1.003049461 0.01178080402 1.319120593e-24)
(1.002548171 0.01046414271 -6.733424687e-24)
(1.002135241 0.00928458118 1.694944416e-23)
(1.001795637 0.008231055244 -7.767986013e-24)
(1.001512466 0.007291752663 9.27124936e-24)
(1.001277162 0.006455010295 7.332573123e-24)
(1.001083206 0.005712089132 -2.073795573e-24)
(1.000921861 0.005052826499 -1.353290129e-25)
(1.000786793 0.004468255385 4.386159309e-25)
(1.000673569 0.003950578022 2.608853535e-25)
(1.000578227 0.00349195886 -4.221405182e-25)
(1.000497529 0.003085881601 7.972047009e-27)
(1.000429019 0.002726553355 0)
(1.00037074 0.002408630512 -1.2874391e-26)
(1.000321019 0.002127451371 -1.288257957e-25)
(1.000278476 0.001878886991 1.177052776e-25)
(1.000241989 0.001659216146 8.323470318e-27)
(1.000210623 0.001465128633 -1.859165228e-26)
(1.000183557 0.001293768578 3.696222282e-26)
(1.000160165 0.001142479279 -5.720367099e-26)
(1.000139911 0.001008831429 2.559324307e-26)
(1.000122353 0.0008907753883 -1.183390823e-26)
(1.000107102 0.0007865067017 0)
(1.00009383 0.0006944292159 -2.46235494e-26)
(1.000082263 0.0006131234258 -6.453796856e-27)
(1.000072171 0.0005413302687 6.453812174e-27)
(1.000063354 0.000477939065 0)
(1.000055645 0.0004219710809 -1.385222634e-26)
(1.000048899 0.0003725619218 -1.196494304e-26)
(1.00004299 0.0003289467 0)
(1.00003781 0.0002904489221 3.038915131e-27)
(1.000033262 0.0002564687061 7.443105756e-27)
(1.000029266 0.0002264826752 -7.597647475e-27)
(1.000025756 0.000200023492 7.874188374e-28)
(1.000022671 0.0001766781416 0)
(1.000019956 0.0001560843776 0)
(1.000017565 0.0001379222722 2.317428067e-28)
(1.000015459 0.000121909238 -1.743395196e-28)
(1.000013603 0.0001077960636 1.743394749e-28)
(1.000011965 9.536304856e-05 1.14249313e-28)
(1.000010519 8.441656693e-05 -1.142492851e-28)
(1.000009241 7.478612961e-05 0)
(1.000008111 6.632156905e-05 2.726258213e-29)
(1.000007109 5.889159937e-05 -6.849968573e-30)
(1.00000622 5.237727892e-05 1.194795213e-28)
(1.000005434 4.669339883e-05 1.164756501e-28)
(1.000004714 4.166425739e-05 9.925875506e-29)
(1.000004157 3.768109997e-05 -2.421864136e-28)
(1.000003361 3.208745844e-05 8.942743123e-29)
(1.105642356 -0.003654997908 -5.610062419e-23)
(1.104675131 0.008058621878 -1.171517631e-22)
(1.101253826 0.01911885692 4.16876058e-22)
(1.095673591 0.0290056423 -4.145843618e-22)
(1.088391107 0.03728162361 -3.082246715e-22)
(1.079955937 0.04362808031 2.274219214e-22)
(1.070921532 0.04795672443 0)
(1.061803784 0.05038228382 -7.186533079e-23)
(1.053024316 0.05115492751 0)
(1.04487454 0.05057537729 -5.049437529e-23)
(1.037521778 0.04894954458 -7.544214543e-23)
(1.031041109 0.04656561354 7.545222875e-23)
(1.025441004 0.04367904711 2.826844778e-23)
(1.020681558 0.04050232106 0)
(1.016692909 0.03720183941 8.466346953e-24)
(1.013390393 0.03390284953 -1.083324976e-24)
(1.010684693 0.03069688988 -7.257794216e-24)
(1.008490222 0.0276465179 2.072484862e-23)
(1.006724858 0.02479238871 1.299605067e-23)
(1.005313988 0.02215700788 -3.152535393e-24)
(1.004191927 0.01974880503 -1.025219243e-23)
(1.003302268 0.01756483368 0)
(1.002592756 0.01559574188 6.900451347e-24)
(1.002033485 0.01382840938 0)
(1.001595173 0.01224948715 -6.051102907e-24)
(1.001247575 0.01084123272 6.058848913e-24)
(1.000974152 0.009587102193 0)
(1.000762624 0.008475094418 7.194373367e-25)
(1.000596797 0.007490124565 -7.194167093e-25)
(1.000466767 0.006617845863 0)
(1.00036547 0.005845910803 2.041134501e-26)
(1.000286633 0.005162806903 3.969970257e-25)
(1.000224877 0.004558812642 -2.614012305e-25)
(1.000176336 0.004025079059 7.75571482e-26)
(1.000138273 0.003553421457 -7.755816406e-26)
(1.00010847 0.003136751185 -6.305214135e-27)
(1.000085137 0.002768797058 0)
(1.000066877 0.002443895439 0)
(1.000052579 0.002157022966 0)
(1.000041366 0.00190376479 1.316625031e-26)
(1.000032567 0.001680211275 -1.316632111e-26)
(1.000025662 0.001482931889 0)
(1.000020209 0.001308911868 -1.834826428e-26)
(1.000015918 0.001155373372 -1.270336743e-26)
(1.000012542 0.001019840981 -3.984845646e-28)
(1.000009887 0.0009002038156 -2.373144531e-28)
(1.000007797 0.0007946019416 2.37315164e-28)
(1.000006151 0.0007013943738 1.032076323e-26)
(1.000004855 0.0006191288576 -1.302387481e-27)
(1.000003837 0.0005465205602 8.954040384e-27)
(1.000003036 0.0004824357964 0)
(1.000002405 0.0004258753476 0)
(1.000001907 0.0003759576483 0)
(1.000001513 0.0003319041791 0)
(1.000001202 0.0002930275471 -1.79899525e-27)
(1.000000956 0.0002587211592 0)
(1.000000763 0.0002284499032 0)
(1.000000609 0.0002017440269 3.290003069e-27)
(1.000000486 0.0001781850003 0)
(1.00000039 0.0001574056529 3.356957695e-27)
(1.000000313 0.000139082219 -2.317437005e-28)
(1.000000252 0.0001229286665 0)
(1.000000203 0.0001086928755 0)
(1.000000164 9.615275098e-05 0)
(1.000000133 8.511266028e-05 1.188044902e-28)
(1.000000108 7.540041252e-05 -1.18804449e-28)
(1.000000088 6.686438603e-05 4.568967473e-29)
(1.000000072 5.937205125e-05 -7.223599333e-30)
(1.000000059 5.280336117e-05 -1.1677783e-27)
(1.000000049 4.707230011e-05 -1.059285986e-28)
(1.00000004 4.200163922e-05 -9.821430707e-29)
(1.000000034 3.798573258e-05 6.956030106e-29)
(1.000000026 3.234639627e-05 9.858484509e-30)
(1.118524109 -0.003885732086 5.606098563e-23)
(1.117159921 0.01061342341 -1.393937163e-22)
(1.11264888 0.0242349253 -7.385878435e-22)
(1.105427108 0.03624449955 4.600700388e-22)
(1.096136594 0.04605873164 -4.164827274e-22)
(1.085500837 0.05328555789 2.161441642e-22)
(1.074291692 0.05787318106 -2.82447094e-22)
(1.063213391 0.06005543863 1.498835999e-22)
(1.052797929 0.06021895945 -1.778951252e-22)
(1.043367564 0.05879630156 2.571471711e-22)
(1.035075497 0.05620752341 -9.280314963e-23)
(1.027961563 0.05283081485 0)
(1.0219856 0.04898644951 0)
(1.017052958 0.04492776738 -3.608491983e-23)
(1.01304535 0.04084012702 1.349508709e-23)
(1.009834917 0.03685588049 1.452116237e-23)
(1.007295823 0.03306539398 -1.622408236e-23)
(1.005317947 0.02952500293 0)
(1.003797739 0.02626837112 0)
(1.00264294 0.02330745318 0)
(1.001774901 0.02063967852 4.085183658e-25)
(1.001128977 0.01825047291 3.170405968e-24)
(1.000647463 0.01611846376 -3.173073866e-24)
(1.000297286 0.01422240985 0)
(1.000050972 0.0125461945 -2.605023104e-25)
(0.9998810216 0.01106451672 -6.538449511e-25)
(0.9997672926 0.009755433495 2.593026973e-25)
(0.9996959896 0.008600616049 -6.917980861e-26)
(0.9996527085 0.007581371693 1.376765241e-25)
(0.9996314647 0.006682863977 -6.863380586e-26)
(0.9996269989 0.005891194311 1.736285479e-28)
(0.9996344118 0.005193442068 0)
(0.9996491907 0.004578576035 0)
(0.9996683013 0.004036794437 1.334115024e-26)
(0.9996899752 0.003559353583 0)
(0.9997129546 0.003138573686 -9.191704909e-26)
(0.9997362364 0.002767724618 1.016831983e-25)
(0.9997590941 0.00244085662 8.894931594e-26)
(0.999781047 0.002152720825 -8.894958681e-26)
(0.9998017986 0.001898709563 7.563763762e-26)
(0.9998211945 0.00167477043 -8.275141636e-26)
(0.9998391512 0.00147738884 0)
(0.9998556329 0.001303439577 -3.187856886e-26)
(0.9998707058 0.001150066538 -1.291487912e-27)
(0.9998844215 0.001014782192 3.737523562e-26)
(0.9998968425 0.0008954468075 2.282341041e-26)
(0.9999080486 0.0007901762469 -1.936109708e-26)
(0.9999181305 0.0006973104006 -9.72540553e-27)
(0.999927182 0.0006153842993 3.948889348e-27)
(0.9999352933 0.0005431052087 -1.575985342e-26)
(0.9999425492 0.0004793341723 3.563839397e-27)
(0.9999490288 0.0004230686378 2.900768014e-27)
(0.9999548068 0.0003734254675 -2.900771308e-27)
(0.9999599531 0.0003296258617 0)
(0.999964533 0.0002909822601 0)
(0.9999686022 0.0002568876682 0)
(0.9999722169 0.0002268133616 0)
(0.9999754287 0.0002002835968 -4.077441015e-27)
(0.9999782777 0.0001768828605 7.94467286e-27)
(0.9999808046 0.0001562457776 -3.356969801e-27)
(0.9999830455 0.0001380497008 5.720841499e-27)
(0.9999850323 0.0001220099788 -4.995681554e-27)
(0.9999867937 0.0001078757693 -4.452815636e-27)
(0.9999883556 9.542613382e-05 -4.312629578e-28)
(0.999989741 8.446649966e-05 0)
(0.9999909703 7.482564529e-05 0)
(0.999992062 6.635283748e-05 1.187079519e-28)
(0.999993032 5.891635597e-05 -2.362205395e-27)
(0.9999938967 5.23969223e-05 1.012301493e-27)
(0.9999946624 4.670906755e-05 -9.997562584e-30)
(0.9999953657 4.167683786e-05 -2.839451534e-29)
(0.9999959106 3.76914907e-05 2.359257043e-30)
(0.9999966912 3.209535343e-05 -2.362130243e-30)
(1.134523782 -0.004046039403 0)
(1.132578966 0.01410402776 0)
(1.126579176 0.03103528385 0)
(1.117144316 0.04576159844 1.166649271e-21)
(1.105138055 0.05741685832 4.927155566e-22)
(1.091585096 0.06555142026 -8.011068094e-22)
(1.077573528 0.07019781233 4.102527682e-22)
(1.064057403 0.07178503409 -2.245664456e-22)
(1.051687641 0.07092185439 9.313793047e-23)
(1.040800313 0.06823629298 1.174849705e-22)
(1.031505943 0.06430365169 0)
(1.023781943 0.05961069393 0)
(1.017508684 0.05455111292 -6.177672384e-23)
(1.012508258 0.04941568163 9.989780612e-23)
(1.008598937 0.04439843091 -4.532657617e-23)
(1.00559975 0.03963066929 6.898423487e-24)
(1.003340683 0.03519190107 1.366646169e-23)
(1.001681072 0.03112584244 -3.337985026e-23)
(1.000496313 0.02745220435 4.764562424e-24)
(0.9996757214 0.02416653869 7.803252394e-24)
(0.9991262035 0.02125071852 1.341923383e-25)
(0.9987770401 0.01867541824 -1.122972078e-24)
(0.9985710828 0.01640594957 6.392304428e-25)
(0.9984690444 0.01441031516 2.755751396e-24)
(0.9984379927 0.01265817927 2.576825398e-25)
(0.998458754 0.01112068199 -3.172761016e-25)
(0.9985150168 0.009772526514 3.587274767e-24)
(0.9985939553 0.008590160929 3.527951926e-24)
(0.9986828708 0.007551736484 -6.063973344e-24)
(0.9987778584 0.006640179712 0)
(0.9988761845 0.00584130048 0)
(0.9989740697 0.00514030149 0)
(0.9990682879 0.004524622061 -1.429936498e-26)
(0.9991571595 0.00398365476 -1.334191451e-26)
(0.9992400902 0.003508167701 0)
(0.9993168747 0.003090080262 -2.20177345e-26)
(0.9993874499 0.002722352309 0)
(0.9994519028 0.002398827387 2.116051575e-25)
(0.9995104591 0.002114099498 -2.030619042e-25)
(0.9995634318 0.001863429525 0)
(0.9996111913 0.001642680826 7.113811951e-27)
(0.9996540869 0.001448319711 0)
(0.9996925049 0.001277196595 4.627239165e-26)
(0.9997268927 0.001126436348 -2.642475891e-26)
(0.9997576187 0.0009935749595 1.266390379e-26)
(0.9997850227 0.0008764648291 -7.824709984e-26)
(0.9998094302 0.0007732173414 6.058656453e-26)
(0.9998311482 0.0006821766936 -1.010599053e-27)
(0.9998504585 0.0006018915143 -8.405839892e-27)
(0.9998676159 0.0005310870154 0)
(0.9998828494 0.000468641088 -5.976771368e-27)
(0.9998963648 0.0004135648542 6.429087965e-28)
(0.9999083483 0.0003649865733 5.333873007e-27)
(0.9999189678 0.0003221379258 0)
(0.9999283731 0.0002843416274 -1.944102643e-26)
(0.9999367076 0.0002510002354 0)
(0.9999440894 0.0002215956896 0)
(0.999950618 0.0001956606624 1.334980163e-27)
(0.9999563959 0.000172787842 -9.279678522e-27)
(0.9999615101 0.0001526190595 1.049388094e-27)
(0.9999660361 0.0001348379349 -6.394103432e-27)
(0.9999700415 0.0001191655745 1.373925255e-26)
(0.999973587 0.0001053563249 4.782635423e-27)
(0.9999767264 9.319386284e-05 -1.334785926e-27)
(0.9999795074 8.248775352e-05 -4.858721631e-27)
(0.9999819723 7.307047882e-05 0)
(0.9999841591 6.479460284e-05 -3.952956213e-27)
(0.9999861004 5.753131481e-05 -1.019929489e-27)
(0.9999878292 5.116399935e-05 6.093266406e-29)
(0.9999893592 4.560908879e-05 -1.609797826e-29)
(0.9999907636 4.069468277e-05 -4.483465387e-29)
(0.9999918513 3.680277086e-05 7.906029379e-28)
(0.9999934082 3.133811438e-05 0)
(1.154678875 -0.00415680682 3.417952582e-22)
(1.151907117 0.01862676281 0)
(1.143836514 0.03973675277 1.552699628e-21)
(1.131365006 0.05781047932 -2.122810673e-21)
(1.115621714 0.07166182122 5.030801901e-23)
(1.098098526 0.08072584284 4.040687811e-22)
(1.080399783 0.08517689954 -5.391828422e-22)
(1.06383108 0.08573168181 4.1286989e-23)
(1.049151608 0.08333173973 4.06466029e-22)
(1.036661319 0.07887828139 -1.183155685e-22)
(1.026367401 0.07315366032 1.301017304e-22)
(1.018139501 0.06677349845 -8.115324705e-23)
(1.011735537 0.06021512501 2.119727114e-23)
(1.00685473 0.05379930235 -2.029441475e-23)
(1.00322426 0.04771718858 5.716332544e-24)
(1.000602919 0.04208237021 -2.174309092e-23)
(0.9987727385 0.03694926607 6.233083817e-24)
(0.997560437 0.03234082918 -1.522043983e-24)
(0.9968196836 0.02825388672 -1.69938082e-25)
(0.9964225456 0.02465983936 5.244947675e-24)
(0.9962613718 0.02151867148 -1.51021198e-23)
(0.9962629798 0.01878488759 1.502587327e-23)
(0.9963721766 0.0164083363 -7.561723177e-25)
(0.9965486996 0.01434204144 -2.73233328e-24)
(0.9967595952 0.01254249851 0)
(0.9969905465 0.01097512054 1.068333097e-24)
(0.9972314708 0.009611796871 -3.811187008e-24)
(0.9974720909 0.00842414535 -7.018956568e-26)
(0.997703536 0.007387466805 2.538377742e-24)
(0.9979225124 0.006482373059 1.403381184e-24)
(0.998127631 0.005691977228 -1.460529579e-24)
(0.9983179084 0.005000557066 1.199646335e-24)
(0.9984926769 0.004395026248 -1.191286996e-24)
(0.9986520212 0.003864384396 0)
(0.9987966087 0.003399091199 0)
(0.9989273227 0.002990830311 -3.760956379e-25)
(0.999045097 0.002632405063 3.943538574e-25)
(0.9991508997 0.002317588863 -2.075706506e-26)
(0.9992457169 0.002040960426 0)
(0.9993305094 0.0017977801 -9.680167621e-27)
(0.9994061982 0.001583922018 -1.031573637e-25)
(0.9994735804 0.001395849822 1.118908977e-25)
(0.9995335042 0.001230413048 1.089674472e-25)
(0.9995867941 0.001084761113 -3.945418407e-26)
(0.9996341488 0.0009564873664 1.254346625e-25)
(0.9996761961 0.0008434875822 1.559937077e-26)
(0.999713505 0.0007439174982 -1.73153315e-27)
(0.9997465896 0.0006561627658 -8.637792165e-26)
(0.9997759124 0.000578810192 -4.110311664e-26)
(0.9998018886 0.0005106201151 0)
(0.9998248906 0.0004505023617 0)
(0.9998452518 0.0003974969443 -7.696288362e-27)
(0.9998632699 0.0003507584518 7.696292806e-27)
(0.9998792105 0.0003095431212 0)
(0.9998933097 0.0002731947285 5.09768647e-26)
(0.9999057818 0.0002411419955 -5.396888426e-27)
(0.9999168126 0.0002128718002 -2.053944247e-26)
(0.9999265641 0.0001879418717 1.880956923e-27)
(0.9999351861 0.000165960059 -1.880955285e-27)
(0.9999428103 0.0001465795663 1.271631726e-26)
(0.9999495526 0.0001294952251 1.762589409e-28)
(0.9999555157 0.0001144384412 -1.796860914e-26)
(0.9999607911 0.0001011727111 -1.056096547e-26)
(0.9999654598 8.948982003e-05 -6.902889223e-27)
(0.9999695936 7.920653745e-05 5.419395462e-27)
(0.9999732561 7.016172523e-05 5.755672812e-27)
(0.9999765041 6.221358952e-05 3.95296568e-27)
(0.9999793866 5.523827294e-05 3.157575883e-27)
(0.9999819528 4.912367181e-05 1.058649261e-28)
(0.9999842231 4.378944506e-05 6.076903012e-29)
(0.9999863067 3.907046469e-05 1.739610673e-27)
(0.9999879201 3.533343059e-05 -7.855749906e-28)
(0.999990229 3.008649569e-05 -5.035862867e-30)
(1.179956918 -0.003705116546 -4.332113117e-22)
(1.17601278 0.02553898984 0)
(1.165214548 0.05233848124 -8.322978488e-22)
(1.148597477 0.07469452844 2.475274136e-21)
(1.127766026 0.09104895378 -7.895019597e-22)
(1.104929954 0.1007423156 -4.932762254e-22)
(1.082440575 0.1042643539 0)
(1.062075503 0.1028605415 0)
(1.044686785 0.09800252529 -1.651980234e-22)
(1.030474174 0.09095446405 -3.189883883e-22)
(1.019262312 0.08275983261 0)
(1.010727855 0.07418873489 -4.898013293e-23)
(1.004446757 0.06578871715 0)
(0.9999460697 0.05787706338 5.193107351e-24)
(0.9968326463 0.05060814413 -5.693918585e-24)
(0.9947951304 0.04404439989 5.453158032e-25)
(0.9935710859 0.03819123513 6.283863286e-24)
(0.9929509892 0.03303637217 -2.059629492e-23)
(0.9927766264 0.02855455062 1.332981886e-23)
(0.9929056306 0.02468985623 -8.024660358e-24)
(0.9932168883 0.02137130199 0)
(0.9936320737 0.01852756144 0)
(0.9940995034 0.0160904403 7.62030325e-25)
(0.9945840887 0.01399562349 0)
(0.995061623 0.0121888756 0)
(0.9955211391 0.01062856952 -3.102566309e-24)
(0.995956426 0.009279606806 2.950309733e-24)
(0.9963631666 0.008110512439 2.642921806e-24)
(0.9967384573 0.00709520184 -2.572816006e-24)
(0.9970817803 0.006212564483 5.837183644e-26)
(0.9973941187 0.005444360409 1.881557863e-24)
(0.9976770493 0.00477464488 -3.564896849e-24)
(0.9979322539 0.004190013173 1.687647203e-24)
(0.9981615958 0.003679147471 -6.739187567e-25)
(0.9983671139 0.003232326125 1.2749062e-24)
(0.998550879 0.002841155936 -6.0368185e-25)
(0.9987148876 0.002498415227 4.764228611e-25)
(0.9988610322 0.002197890837 -4.642052067e-25)
(0.9989910926 0.001934211354 -6.978218929e-27)
(0.9991067151 0.001702713258 9.680493754e-27)
(0.9992093906 0.001499380614 1.535002297e-25)
(0.9993004164 0.001320736995 8.166197728e-26)
(0.9993811085 0.001163701696 -1.089683943e-25)
(0.9994526399 0.001025545838 2.597020132e-26)
(0.9995160217 0.0009039586472 -2.436351221e-25)
(0.9995721582 0.000796918071 9.889180815e-26)
(0.9996218574 0.0007026544722 2.043458077e-26)
(0.9996658409 0.0006196200535 4.410701685e-26)
(0.9997047531 0.0005464613477 8.376568191e-26)
(0.9997391689 0.0004819933315 -1.425889644e-26)
(0.9997696015 0.0004251761345 0)
(0.9997965073 0.0003750956514 0)
(0.9998202919 0.0003309483403 0)
(0.9998413132 0.0002920267482 0)
(0.9998598926 0.0002577074675 -2.613896384e-26)
(0.9998763159 0.0002274498759 0)
(0.9998908294 0.0002007695206 4.596633234e-26)
(0.9999036536 0.0001772444383 2.401215623e-27)
(0.9999149869 0.0001565037847 -2.401213322e-27)
(0.9999250038 0.0001382197269 -3.165962251e-26)
(0.9999338581 0.0001221035553 0)
(0.9999416863 0.0001079013324 1.238952513e-26)
(0.9999486096 9.53895223e-05 7.514890205e-27)
(0.9999547349 8.437137864e-05 8.943171596e-27)
(0.999960157 7.467381993e-05 0)
(0.9999649599 6.614467028e-05 -6.123530069e-27)
(0.9999692183 5.86500503e-05 5.955110822e-27)
(0.9999729967 5.207303851e-05 3.26799261e-28)
(0.9999763601 4.63078327e-05 -1.035907922e-28)
(0.9999793353 4.127860193e-05 3.232166128e-27)
(0.9999820653 3.68296083e-05 -1.800383353e-27)
(0.9999841791 3.330648049e-05 0)
(0.9999872039 2.836010596e-05 0)
(1.213127868 -0.003964077824 3.644372065e-21)
(1.207311711 0.03331617891 -2.439555757e-21)
(1.192406338 0.06756764896 -1.287026726e-21)
(1.169715772 0.09578242057 -9.30310364e-22)
(1.141513839 0.1154802251 0)
(1.111243039 0.1257456007 -2.020167494e-22)
(1.082428381 0.1276164626 -5.242734034e-22)
(1.057439264 0.1232106613 -1.810763557e-22)
(1.037082508 0.1148116456 2.880723119e-22)
(1.021245561 0.1042156569 4.333927844e-22)
(1.00943095 0.09280302811 -1.336537696e-22)
(1.001009679 0.08151906007 0)
(0.9952836999 0.07095049662 0)
(0.9915564797 0.0613584114 3.177491142e-23)
(0.9892824669 0.05280914488 2.82933017e-23)
(0.9880990893 0.04528621603 2.639703352e-24)
(0.9877148379 0.03872879733 0)
(0.9878867312 0.03307132425 3.331132407e-23)
(0.9884331051 0.02824868879 -9.89291219e-24)
(0.9892027925 0.02417852981 1.672524787e-23)
(0.9900718228 0.02075497915 -1.596244989e-23)
(0.9909591048 0.01787339859 9.346326971e-25)
(0.9918193954 0.01543767726 0)
(0.9926311006 0.01336575251 0)
(0.993384727 0.01159387177 0)
(0.9940777786 0.0100740376 -3.128125201e-25)
(0.9947108422 0.008767337191 3.786196799e-24)
(0.9952858004 0.007641058482 -3.66094856e-24)
(0.9958051146 0.006668110599 -3.148092308e-24)
(0.996272012 0.005826062758 5.697857489e-24)
(0.9966903965 0.005095976606 -2.755098853e-24)
(0.9970644227 0.004461765452 0)
(0.9973981076 0.003909891387 9.564098693e-25)
(0.9976952563 0.003428957482 -9.563927685e-25)
(0.9979594843 0.003009286609 -6.839781519e-27)
(0.9981941818 0.00264261681 -6.743050937e-25)
(0.998402465 0.002321892699 6.69648536e-25)
(0.9985871667 0.002041085876 -5.250242235e-25)
(0.9987508537 0.001795024491 5.331860119e-25)
(0.9988958417 0.001579251195 4.13169621e-25)
(0.9990241547 0.001389958408 -5.01343636e-25)
(0.9991376102 0.001223816172 -3.024430965e-25)
(0.9992379674 0.001077868106 -4.635998907e-27)
(0.9993267387 0.0009495615812 -3.594602653e-26)
(0.9994052402 0.0008367151325 1.086467026e-25)
(0.9994746453 0.0007374262352 1.851106956e-26)
(0.9995359975 0.0006500344693 -1.237311295e-25)
(0.9995902218 0.0005730898677 -6.783420382e-26)
(0.9996381383 0.000505325482 0)
(0.9996804751 0.0004456331035 0)
(0.999717878 0.0003930414973 0)
(0.9997509201 0.0003466984311 0)
(0.9997801079 0.0003058552393 5.426142712e-26)
(0.9998058876 0.0002698512424 -5.339717301e-27)
(0.9998286614 0.000238118099 0)
(0.9998487817 0.0002101431078 3.700980576e-27)
(0.9998665528 0.0001854783292 8.180695516e-28)
(0.9998822504 0.0001637339163 -2.355247004e-26)
(0.9998961187 0.0001445656211 -2.887401657e-27)
(0.9999083721 0.000127669446 1.747569457e-26)
(0.9999192005 0.0001127780179 -1.963377111e-27)
(0.9999287719 9.965619942e-05 1.105394758e-27)
(0.9999372349 8.809705643e-05 8.579803315e-28)
(0.9999447211 7.791852736e-05 0)
(0.9999513467 6.896048965e-05 0)
(0.9999572147 6.108218416e-05 0)
(0.9999624168 5.415979836e-05 -6.281921751e-27)
(0.9999670319 4.80852223e-05 0)
(0.9999711396 4.27606467e-05 0)
(0.9999747729 3.811596349e-05 -3.128580931e-27)
(0.9999781065 3.400729645e-05 0)
(0.9999806875 3.075375405e-05 0)
(0.9999843805 2.618606335e-05 0)
(1.255036749 -0.0003851063822 1.495575432e-06)
(1.247468102 0.04753005316 1.552241304e-21)
(1.22759709 0.09106363741 4.255283049e-21)
(1.196613767 0.1264488978 -9.150355321e-22)
(1.157912891 0.1497800409 -2.457944034e-22)
(1.11720539 0.159414066 -5.309494255e-22)
(1.079984934 0.1574868779 5.228961243e-22)
(1.04931829 0.1478464711 1.808100271e-22)
(1.025695358 0.1340352282 -2.371019959e-22)
(1.008394969 0.1184775519 0)
(0.9963938275 0.102856737 9.166922591e-24)
(0.9885750127 0.08823881306 -3.339412708e-23)
(0.9839071404 0.0751754206 2.109079068e-23)
(0.9814370245 0.06378926822 -5.552673556e-23)
(0.9804451664 0.05396507496 6.361826075e-23)
(0.9804854743 0.04553035064 -4.682716516e-23)
(0.9812411562 0.03833813167 2.40374402e-23)
(0.9824467058 0.03226349768 -1.896176011e-23)
(0.98389256 0.0272012006 -4.610954372e-24)
(0.9854185334 0.02302952707 9.892581126e-24)
(0.9869122462 0.01960187601 -7.859668153e-24)
(0.9883088733 0.01677259397 -1.032992232e-23)
(0.9895829352 0.01441421447 9.267367098e-24)
(0.9907329801 0.01242722058 -6.615646121e-24)
(0.991766917 0.01073985633 6.615321127e-24)
(0.9926943989 0.009300581684 5.208678289e-24)
(0.9935245075 0.008069667172 -5.278268535e-24)
(0.9942655808 0.007014415954 -1.251299388e-25)
(0.994925434 0.006107423508 -3.599197099e-24)
(0.995511649 0.005325815405 7.052317449e-24)
(0.9960316432 0.004650561741 -3.143397713e-24)
(0.9964924689 0.004065804461 0)
(0.9969005834 0.003558326001 4.081910521e-26)
(0.9972617972 0.003117090735 -3.608466377e-26)
(0.9975813373 0.002732827822 6.840115316e-27)
(0.9978639007 0.002397695375 0)
(0.9981136851 0.002105032958 -7.148953673e-25)
(0.9983344291 0.001849167977 7.985795204e-26)
(0.9985294613 0.001625250038 6.210380165e-25)
(0.9987017463 0.001429116369 -4.858157324e-25)
(0.9988538236 0.001257231985 4.863071965e-25)
(0.9989880273 0.001106509597 1.870512779e-25)
(0.9991065494 0.0009741876405 0)
(0.9992112233 0.0008579381911 1.682724769e-25)
(0.999303657 0.0007557562709 0)
(0.9993852773 0.0006658986916 -1.14800782e-25)
(0.9994573469 0.0005868466292 1.016155204e-25)
(0.9995209809 0.0005172753786 1.127577703e-25)
(0.9995771643 0.0004560284818 8.840241195e-26)
(0.9996267681 0.0004020954638 -2.018216922e-26)
(0.9996705623 0.0003545916525 0)
(0.9997092276 0.0003127419637 6.993656751e-27)
(0.9997433622 0.0002758650863 -5.591552477e-26)
(0.9997735044 0.0002433692048 0)
(0.9998001226 0.000214732165 4.840368373e-27)
(0.9998236224 0.0001894880943 -9.118088736e-27)
(0.9998443729 0.0001672351679 -2.944563607e-26)
(0.9998626987 0.0001476203478 3.354897297e-26)
(0.9998788846 0.0001303312874 -6.265732144e-27)
(0.9998931823 0.0001150930791 2.934044958e-27)
(0.9999058148 0.0001016641156 1.12999467e-27)
(0.999916979 8.983187878e-05 -1.129993797e-27)
(0.9999268487 7.940943208e-05 8.576556214e-28)
(0.999935578 7.023238559e-05 -1.598253533e-27)
(0.9999433029 6.215618332e-05 7.405980132e-28)
(0.9999501436 5.505376889e-05 9.859448703e-27)
(0.9999562074 4.881340263e-05 0)
(0.9999615867 4.33375321e-05 0)
(0.999966374 3.8537915e-05 0)
(0.9999706082 3.435129528e-05 0)
(0.9999744929 3.064794777e-05 2.863287932e-27)
(0.9999775004 2.77154305e-05 -1.611335279e-27)
(0.9999818034 2.359858876e-05 -6.920138915e-28)
(1.308687084 -0.002033672177 2.546548765e-06)
(1.296512358 0.0631153687 9.11682907e-07)
(1.269399335 0.12149867 8.385008194e-08)
(1.227164788 0.1676740765 7.023508996e-22)
(1.173891334 0.195541943 0)
(1.118875537 0.203079215 1.945760832e-22)
(1.07103391 0.1948171058 1.684401797e-22)
(1.034202262 0.1773150945 0)
(1.007808952 0.1557901587 0)
(0.9898522073 0.133509806 0)
(0.9785793796 0.112511916 5.110025751e-23)
(0.9722617906 0.0939141165 -2.698264609e-23)
(0.9694349232 0.07804792013 -2.122956327e-23)
(0.9689385063 0.06477019054 -3.856862448e-23)
(0.9699215814 0.05369207306 8.126959504e-24)
(0.971812137 0.04444178263 3.692819393e-23)
(0.9741992978 0.03674564675 -7.654173932e-23)
(0.9767739986 0.03040773801 1.394862857e-23)
(0.9793193755 0.025268847 1.574126851e-23)
(0.98170307 0.0211530285 0)
(0.9838608153 0.01786083637 1.143746503e-23)
(0.9857764393 0.01519913771 -8.750623623e-24)
(0.9874633282 0.0130092136 7.959465951e-24)
(0.9889475298 0.01117742479 -7.893507083e-24)
(0.9902557054 0.009628819812 0)
(0.9914102065 0.008313223785 3.82730445e-25)
(0.9924291249 0.007193210826 -5.55034087e-24)
(0.9933277785 0.006237734154 5.897316928e-24)
(0.9941197605 0.005420236043 4.637370663e-24)
(0.9948173945 0.004718414737 -5.063744618e-25)
(0.99543185 0.004113940741 -3.929036674e-24)
(0.9959731148 0.00359183106 1.047958131e-25)
(0.9964499859 0.003139769484 -1.332181981e-25)
(0.9968701642 0.002747544013 -1.125842597e-24)
(0.9972404098 0.002406612487 2.223689215e-24)
(0.9975666774 0.002109778043 -1.057530875e-24)
(0.9978542144 0.001850950824 -1.550630828e-26)
(0.9981076418 0.001624963746 0)
(0.9983310245 0.001427416962 0)
(0.9985279318 0.001254577948 -6.888496959e-26)
(0.9987014038 0.001103227607 6.895219678e-26)
(0.9988542985 0.000970603908 0)
(0.9989891473 0.0008542434047 4.756850864e-26)
(0.999108091 0.0007520808974 -2.158420333e-25)
(0.9992130121 0.0006623304471 -3.715801542e-26)
(0.9993055704 0.0005834431768 7.000497897e-26)
(0.9993872287 0.0005140721697 -3.284696762e-26)
(0.9994592752 0.0004530443797 0)
(0.9995228444 0.000399336973 -9.102757236e-26)
(0.9995789364 0.0003520586347 0)
(0.9996284335 0.0003104256048 0)
(0.9996721129 0.000273755882 7.852337033e-27)
(0.9997106651 0.0002414534123 -1.479574915e-26)
(0.9997446946 0.0002129955622 8.0521402e-28)
(0.9997747288 0.0001879143476 6.13818636e-27)
(0.99980124 0.0001658094484 0)
(0.9998246452 0.000146328129 -3.759457158e-26)
(0.9998453106 0.0001291582891 1.863456127e-27)
(0.9998635589 0.0001140256 -3.503566516e-27)
(0.9998796758 0.0001006891614 1.99516948e-28)
(0.9998939135 8.893713355e-05 1.440592641e-27)
(0.9999064946 7.858318486e-05 1.96835487e-26)
(0.9999176156 6.946348215e-05 0)
(0.9999274505 6.143397846e-05 -8.257189374e-28)
(0.9999361529 5.436802298e-05 4.72512409e-28)
(0.9999438586 4.815432121e-05 -9.50625481e-27)
(0.9999506886 4.269501813e-05 2.480223321e-28)
(0.9999567471 3.790469642e-05 -4.489845161e-28)
(0.9999621387 3.370610325e-05 6.151875574e-27)
(0.999966907 3.00438548e-05 4.508057047e-27)
(0.9999712815 2.680444305e-05 -2.844891382e-27)
(0.9999746682 2.423934159e-05 1.588202394e-27)
(0.9999795135 2.063842448e-05 6.967553212e-28)
(1.353918483 0.06454382001 0.02762366344)
(1.317919484 0.1624723508 1.473542163e-07)
(1.260272731 0.2254338788 1.486130817e-07)
(1.187227061 0.2584155312 0)
(1.113115672 0.2601694621 -8.847785726e-22)
(1.052137631 0.2405431508 5.242619628e-22)
(1.008641193 0.2107628677 -6.455178488e-22)
(0.9802579358 0.178334319 3.260311959e-22)
(0.9630081377 0.1474806272 1.39985653e-23)
(0.9538854893 0.1202167116 2.070583674e-23)
(0.9504658668 0.09727958495 -1.129175768e-22)
(0.9507947179 0.07850122072 7.052879971e-23)
(0.9534607975 0.06332358456 6.877311832e-23)
(0.9574676757 0.05109265397 -5.958647717e-23)
(0.9620752708 0.04125292946 -7.504120705e-24)
(0.9667317571 0.03337899994 5.211919249e-24)
(0.9710753928 0.02714340897 2.468425384e-23)
(0.9749257086 0.02226711848 -1.997214816e-23)
(0.9782423818 0.01848019589 -2.240202935e-24)
(0.9810678103 0.0155213564 0)
(0.9834770538 0.0131638218 -1.474818242e-24)
(0.9855462913 0.0112372871 -1.207804547e-23)
(0.9873382134 0.009629830963 1.741149257e-23)
(0.9888991491 0.008273240134 -9.869402905e-24)
(0.9902626468 0.007123987871 0)
(0.9914545976 0.006149424954 0)
(0.9924968007 0.00532158819 4.022311505e-26)
(0.9934084508 0.004616047298 4.57542814e-24)
(0.994206485 0.004012269415 -4.881258143e-24)
(0.9949056691 0.003493592005 0)
(0.995518756 0.003046605076 1.069848426e-26)
(0.9960567274 0.002660392439 -1.475202556e-24)
(0.9965290602 0.002325934373 2.668082151e-24)
(0.996943971 0.002035702607 -2.679786739e-25)
(0.9973086095 0.001783379186 -1.106506551e-24)
(0.9976292057 0.001563643974 -2.592268613e-27)
(0.9979111917 0.001372002358 -7.533657338e-25)
(0.9981593041 0.001204644406 6.818631333e-26)
(0.9983776178 0.001058354691 6.887313103e-25)
(0.998569695 0.0009303536309 -2.959733237e-25)
(0.9987388255 0.000818240029 -2.611937402e-25)
(0.9988878346 0.0007199324059 0)
(0.9990191418 0.0006336663832 2.035366223e-25)
(0.9991348711 0.0005579171132 0)
(0.9992368882 0.0004913641341 0)
(0.9993268323 0.0004328619543 0)
(0.9994061428 0.00038141391 -1.238707756e-25)
(0.999476087 0.0003361488221 1.218937439e-25)
(0.9995377751 0.0002963103377 -1.243978562e-26)
(0.999592187 0.0002612412805 -8.548572215e-26)
(0.9996401916 0.0002303613613 0)
(0.9996825463 0.0002031635634 -6.676872675e-26)
(0.9997199171 0.0001792006099 -6.570627495e-26)
(0.9997528945 0.0001580859589 -4.836785158e-26)
(0.999781999 0.0001394808982 5.159326324e-26)
(0.9998076885 0.0001230859101 3.497846205e-26)
(0.9998303663 0.000108637619 3.578979581e-26)
(0.9998503887 9.590485906e-05 -2.971966604e-26)
(0.9998680701 8.468444052e-05 2.590208092e-26)
(0.9998836878 7.479771005e-05 0)
(0.9998974869 6.608766269e-05 -1.968356392e-26)
(0.9999096834 5.841631037e-05 1.847148311e-26)
(0.9999204684 5.16623431e-05 0)
(0.9999300108 4.57191128e-05 -1.412138778e-26)
(0.9999384598 4.049291743e-05 3.843738564e-28)
(0.9999459481 3.590138266e-05 -2.697300496e-28)
(0.9999525902 3.187261457e-05 -7.771233364e-27)
(0.9999585008 2.834160165e-05 -1.23540099e-26)
(0.9999637281 2.52617329e-05 -4.445790315e-27)
(0.9999685234 2.253753091e-05 3.340213365e-27)
(0.9999722357 2.03804224e-05 1.881093031e-27)
(0.9999775468 1.73523425e-05 0)
(1.320370534 0.07157409471 0.05986548037)
(1.284043393 0.1823865153 0.03414371579)
(1.174283026 0.3003240496 3.32765602e-07)
(1.115931184 0.341966643 1.3688344e-21)
(1.049699856 0.3342319148 2.53268314e-23)
(0.9956823252 0.2973792098 -1.399330017e-21)
(0.9590557698 0.2497451457 3.479647364e-22)
(0.9370131506 0.2021403678 -6.817943117e-23)
(0.925740872 0.1600205795 8.858958708e-23)
(0.9222259164 0.1251012554 -4.941867241e-23)
(0.9240712184 0.09716325272 9.411897077e-25)
(0.9293538498 0.07521432585 3.874239651e-23)
(0.9366021217 0.05817965248 -9.207004558e-24)
(0.9446552897 0.04510545015 2.530123448e-23)
(0.9525965707 0.03518706788 -3.76247577e-23)
(0.9598017829 0.02774541066 0)
(0.9659722134 0.02220733481 -6.846626849e-24)
(0.97107798 0.01809178046 0)
(0.9752477643 0.01500032835 -1.579601073e-23)
(0.978665763 0.01261710424 2.024364274e-23)
(0.9815066387 0.01071303396 -1.366403773e-23)
(0.9839078204 0.009141367685 1.5161828e-23)
(0.9859659825 0.007818837991 1.171010278e-23)
(0.9877453844 0.00669968056 -7.372349051e-25)
(0.9892895762 0.005753917442 -8.533994932e-24)
(0.9906311292 0.004955840654 -6.956099433e-24)
(0.9917972256 0.004281216032 1.266306044e-23)
(0.992811734 0.003708381947 -6.094588024e-24)
(0.9936955709 0.003219433472 -2.345103489e-24)
(0.9944667357 0.002800222431 2.627901654e-24)
(0.9951405312 0.002439583053 -1.15505796e-25)
(0.9957299455 0.002128494958 1.016173209e-25)
(0.9962460542 0.001859509339 1.852802802e-25)
(0.9966983598 0.001626411755 -1.152775225e-24)
(0.9970950521 0.001424001671 1.2314882e-24)
(0.9974432089 0.001247917398 3.055841847e-26)
(0.9977489578 0.001094487079 -8.971673301e-25)
(0.9980176089 0.0009606082551 8.652328188e-25)
(0.998253665 0.000843660674 0)
(0.9984611494 0.0007414070275 3.320708864e-25)
(0.9986437163 0.0006518814654 -8.475943211e-26)
(0.9988044309 0.0005734194563 -1.853088183e-25)
(0.9989459496 0.0005045985693 -4.728805677e-25)
(0.9990705987 0.0004441919838 -1.662169825e-25)
(0.999180417 0.0003911363997 1.934210443e-26)
(0.9992771914 0.0003445121345 1.295684796e-25)
(0.9993624842 0.0003035201047 2.553834221e-25)
(0.9994376708 0.0002674674591 -2.256214832e-25)
(0.999503966 0.0002357445995 1.026273149e-25)
(0.9995624289 0.0002078249641 -1.039291711e-26)
(0.9996139873 0.0001832438057 5.204946077e-27)
(0.9996594638 0.0001615939482 -4.012347376e-27)
(0.9996995827 0.0001425228858 5.899632121e-26)
(0.9997349793 0.000125721956 4.894449957e-26)
(0.9997662131 0.0001109193969 -4.2844031e-26)
(0.9997937772 9.787643149e-05 2.466670798e-27)
(0.9998181067 8.638337148e-05 -3.825639279e-26)
(0.999839585 7.62558583e-05 3.150853527e-26)
(0.9998585503 6.733183761e-05 -2.769096214e-26)
(0.9998753006 5.946898235e-05 0)
(0.9998900991 5.254228975e-05 -6.404112641e-28)
(0.9999031781 4.644191143e-05 -1.838697699e-26)
(0.9999147426 4.107128234e-05 5.559240726e-28)
(0.9999249741 3.634551746e-05 2.825650475e-26)
(0.9999340327 3.219004348e-05 -1.251793228e-26)
(0.999942061 2.853931043e-05 -1.017352427e-26)
(0.9999491817 2.533611725e-05 1.641944657e-26)
(0.9999555181 2.252874866e-05 -1.535256006e-28)
(0.9999611216 2.008012375e-05 -9.070894918e-29)
(0.999966262 1.791432189e-05 -3.382499337e-27)
(0.9999702413 1.61993825e-05 -3.908169566e-27)
(0.9999759343 1.379206613e-05 0)
(0.6851975905 0.02409291567 0.07258352659)
(0.7789053604 0.1170683836 0.04414559009)
(0.783545735 0.2970043937 -4.820032119e-07)
(0.8067459676 0.3711641887 1.203257564e-06)
(0.812286417 0.3706346585 1.093545434e-22)
(0.8221216675 0.3282342298 2.630226745e-22)
(0.835847715 0.2704564235 3.768792032e-23)
(0.8503405517 0.2129925872 -9.624179352e-23)
(0.8648181034 0.1630826242 1.220927358e-22)
(0.8794369735 0.1225096988 -7.923636873e-23)
(0.8941727757 0.09063796186 0)
(0.9087100695 0.06623505979 -1.753056567e-23)
(0.9225502685 0.04810527963 6.556495289e-23)
(0.9351407499 0.03510574619 -8.34993733e-23)
(0.9460490568 0.02609492276 4.201361633e-23)
(0.9551042123 0.0199847255 0)
(0.9624100237 0.01584528849 -1.266051707e-23)
(0.968243632 0.01297077824 -2.68451755e-24)
(0.9729279172 0.01087533714 2.330199836e-23)
(0.9767471182 0.009249157315 -2.209189402e-24)
(0.9799176056 0.007911144204 -1.497230273e-23)
(0.9825919649 0.006769275142 1.497056922e-23)
(0.9848742099 0.005785276209 9.724707507e-24)
(0.9868354755 0.004944117748 -1.261837823e-23)
(0.9885268192 0.004233865218 -1.027033764e-23)
(0.9899879803 0.003638263787 1.596763908e-24)
(0.9912521074 0.003138156453 7.461789789e-24)
(0.992347644 0.00271543521 0)
(0.9932989297 0.002355445428 0)
(0.9941265624 0.002047152005 -2.828822607e-25)
(0.9948478677 0.001782185352 2.610261339e-25)
(0.9954774399 0.001553879642 0)
(0.9960276424 0.00135671017 -9.583310934e-26)
(0.9965090125 0.001186039146 8.832998546e-26)
(0.996930574 0.001037980378 7.765683639e-26)
(0.997300081 0.0009092836438 -1.009075838e-24)
(0.9976242105 0.0007972221074 1.492989288e-25)
(0.9979087003 0.000699521931 5.790008431e-25)
(0.9981584259 0.0006141934858 1.842547627e-25)
(0.9983778123 0.0005396190049 -1.624171652e-25)
(0.9985707348 0.0004743492507 2.869599374e-25)
(0.9987404601 0.0004171681679 3.123456319e-25)
(0.9988898336 0.0003670307018 2.686402742e-25)
(0.9990213377 0.0003230365553 1.387650115e-25)
(0.9991371454 0.000284409853 1.961903414e-25)
(0.9992391597 0.0002504749594 -1.692436898e-25)
(0.999329047 0.0002206459514 -1.314984637e-25)
(0.9994082645 0.0001944177721 1.021402817e-25)
(0.9994780899 0.0001713456245 -8.860168407e-26)
(0.9995396487 0.0001510386636 9.066464817e-26)
(0.9995939291 0.000133161035 0)
(0.9996417999 0.0001174192133 6.223943467e-26)
(0.9996840242 0.0001035550628 7.361926621e-26)
(0.9997212728 9.134245622e-05 6.654292295e-27)
(0.9997541365 8.058343596e-05 -6.654313561e-27)
(0.9997831359 7.110426618e-05 0)
(0.9998087299 6.275219481e-05 -2.279365709e-27)
(0.9998313226 5.539295815e-05 2.279373846e-27)
(0.9998512703 4.89086524e-05 0)
(0.9998688871 4.319575001e-05 0)
(0.9998844501 3.816330309e-05 0)
(0.999898204 3.373139012e-05 -1.165306785e-27)
(0.9999103647 2.982977566e-05 1.603969694e-28)
(0.9999211231 2.639673818e-05 -2.86023272e-26)
(0.9999306479 2.337806511e-05 1.270718838e-26)
(0.9999390891 2.072611083e-05 2.073391835e-26)
(0.9999465759 1.839930541e-05 3.311414481e-28)
(0.9999532377 1.636007506e-05 6.668639835e-27)
(0.999959129 1.458147325e-05 9.500635206e-29)
(0.9999645332 1.300835208e-05 0)
(0.9999687167 1.1762698e-05 2.012818653e-27)
(0.9999747016 1.001416947e-05 -5.747522781e-30)
(0.1012089545 -0.1837923778 0.07572327297)
(0.2498287175 -0.065151044 0.08472280314)
(0.327200947 0.2041535166 0.04312897489)
(0.3164710876 0.3063853299 -2.471205643e-06)
(0.4299571975 0.3111655811 -3.522805677e-22)
(0.5434125804 0.2758676223 3.834705331e-23)
(0.6421563391 0.2256133507 5.663547331e-23)
(0.721548617 0.1756103619 -1.686338973e-22)
(0.7833315871 0.1320996401 8.67313525e-23)
(0.8309121697 0.09640594935 -9.997042585e-23)
(0.867418187 0.06820597791 2.092224322e-22)
(0.895304292 0.04687921983 -4.656624945e-23)
(0.9164732549 0.03165634929 -1.482124767e-23)
(0.9324655764 0.02149698644 0)
(0.9445574757 0.0151380664 1.05830411e-23)
(0.953789158 0.0113199696 0)
(0.9609761426 0.009017062631 -7.626855386e-24)
(0.9667226305 0.007534634803 3.059856646e-24)
(0.9714444532 0.006467852844 -2.940966752e-24)
(0.9754071937 0.005605865499 0)
(0.978773767 0.004851394228 1.370400214e-23)
(0.9816479038 0.004171307825 -1.5864583e-23)
(0.9841042908 0.00356458463 1.547012511e-24)
(0.9862045592 0.003038538825 1.343127204e-24)
(0.9880031119 0.00259458742 1.168300435e-24)
(0.9895477234 0.002225041744 1.793347887e-26)
(0.990878853 0.001917087818 4.59165896e-25)
(0.9920297182 0.001657937088 -5.544174925e-24)
(0.9930273439 0.001437561144 5.944628996e-24)
(0.9938939362 0.001248857717 -4.859941667e-24)
(0.9946480258 0.001086698519 4.292686768e-24)
(0.9953052471 0.0009470522549 1.176654851e-25)
(0.9958788609 0.0008265441668 0)
(0.9963801451 0.0007223111538 -8.81972572e-26)
(0.9968187171 0.0006319470672 -1.572192201e-25)
(0.997202807 0.0005534434322 2.018655039e-24)
(0.9975394758 0.0004851216368 -2.503889488e-25)
(0.9978347148 0.0004255777447 -1.627883667e-24)
(0.9980937389 0.0003735948086 -3.827642836e-25)
(0.9983212375 0.0003281718351 0)
(0.9985212063 0.0002884289704 2.773734138e-25)
(0.9986970602 0.0002536214588 -2.773855586e-25)
(0.9988517718 0.0002231095118 -1.541405121e-26)
(0.9989879368 0.0001963421268 -2.158143065e-25)
(0.9991078187 0.0001728460384 -7.558977846e-27)
(0.999213394 0.0001522085141 -1.680794858e-25)
(0.9993063961 0.0001340720564 -1.402839095e-25)
(0.9993883419 0.0001181241437 1.238779514e-25)
(0.999460561 0.0001040960257 1.094096321e-25)
(0.9995242217 9.175184549e-05 9.664177777e-26)
(0.9995803487 8.088607372e-05 0)
(0.9996298416 7.131907251e-05 0)
(0.9996734917 6.289376273e-05 -9.61265293e-26)
(0.9997119945 5.547300849e-05 3.109892049e-26)
(0.9997459622 4.893651718e-05 -5.187755932e-26)
(0.9997759339 4.317835227e-05 -4.575178065e-26)
(0.9998023842 3.810531195e-05 -4.031279669e-26)
(0.9998257315 3.363559232e-05 3.5475194e-26)
(0.9998463443 2.969745394e-05 -4.567034985e-26)
(0.9998645478 2.622794301e-05 2.720314068e-26)
(0.9998806283 2.317176647e-05 2.223594188e-26)
(0.999894839 2.048034124e-05 9.689614939e-27)
(0.9999074032 1.81109833e-05 0)
(0.9999185182 1.602619675e-05 1.508275555e-26)
(0.9999283584 1.419305346e-05 0)
(0.9999370789 1.258261556e-05 -2.235770382e-27)
(0.9999448133 1.116963544e-05 2.687154509e-27)
(0.9999516953 9.931301602e-06 0)
(0.9999577812 8.851252097e-06 0)
(0.9999633638 7.89602048e-06 0)
(0.9999676855 7.139601556e-06 0)
(0.9999738678 6.077830368e-06 0)
(-0.117398538 -0.2193418683 0.07124144804)
(-0.2250926418 -0.1060041406 0.0801414313)
(-0.2683795471 0.08344784646 0.03885058043)
(-0.1265767526 0.1477771463 2.82385557e-07)
(0.09445391386 0.1422049413 -5.033206152e-22)
(0.299406643 0.1226512997 1.249823262e-23)
(0.4749150386 0.09859181378 1.945094453e-26)
(0.6150910084 0.07568366907 -3.621888514e-23)
(0.7217197937 0.05588531931 3.411932916e-23)
(0.799895034 0.03956572223 -2.350633874e-22)
(0.8552872762 0.02672955091 2.10212676e-22)
(0.8931836671 0.01726623286 -2.025346389e-23)
(0.9183651425 0.01084596077 -1.265515459e-22)
(0.9349829973 0.006883201407 1.265315785e-22)
(0.9462856778 0.004652451874 -8.645951037e-23)
(0.9544834304 0.003470907696 1.588282648e-22)
(0.9608878018 0.002832483514 -1.333949552e-22)
(0.9661962343 0.002436639434 1.268006285e-23)
(0.9707524005 0.00213801813 5.469087344e-23)
(0.9747175386 0.001877724413 0)
(0.9781679592 0.001636091921 -3.033683452e-23)
(0.9811490143 0.001410529939 3.248527851e-23)
(0.9837033053 0.001205596423 2.421728812e-23)
(0.9858807973 0.00102654767 -3.471146271e-23)
(0.987736692 0.0008753028976 1.37905453e-24)
(0.9893242968 0.0007497496137 8.591530613e-24)
(0.9906892983 0.0006454960204 -7.371864026e-24)
(0.9918681041 0.0005579932849 1.255404708e-23)
(0.9928892573 0.0004836766304 -6.037267176e-24)
(0.9937757011 0.0004200711636 -8.933398049e-24)
(0.9945465006 0.0003654319453 5.191262919e-24)
(0.9952177976 0.0003184016826 3.929785095e-24)
(0.9958033181 0.0002778405077 3.11460007e-24)
(0.9963147282 0.0002427756832 -5.850290398e-24)
(0.9967619515 0.000212388277 2.814917563e-24)
(0.9971534601 0.0001859934884 2.184319243e-24)
(0.9974964907 0.0001630344067 -3.975819468e-24)
(0.9977971621 0.0001430125329 2.682780446e-24)
(0.9980609108 0.0001255355444 -1.161979732e-24)
(0.9982925385 0.0001102664652 1.359504465e-24)
(0.9984960899 9.690824323e-05 -7.547643611e-26)
(0.9986750587 8.520957142e-05 -5.615794454e-25)
(0.9988324836 7.495585471e-05 6.670507537e-25)
(0.9989710132 6.596236299e-05 -8.224699991e-25)
(0.9990929585 5.806778659e-05 7.258355703e-25)
(0.9992003382 5.113411395e-05 -3.403270623e-25)
(0.9992949197 4.504161704e-05 -1.255233374e-25)
(0.99937825 3.968540405e-05 1.418997622e-25)
(0.9994516843 3.497462032e-05 -3.15983038e-25)
(0.9995164115 3.082927239e-05 1.106759139e-25)
(0.9995734749 2.717972411e-05 -8.075618307e-26)
(0.9996237907 2.396590206e-05 9.441447153e-27)
(0.9996681637 2.113560338e-05 7.133666886e-26)
(0.999707302 1.864305317e-05 5.561419081e-26)
(0.9997418286 1.644780981e-05 -5.294668903e-26)
(0.9997722921 1.451410159e-05 9.470528906e-26)
(0.9997991757 1.281044672e-05 4.022364331e-26)
(0.9998229048 1.130927868e-05 -1.896119434e-27)
(0.9998438545 9.986502029e-06 -3.180519419e-26)
(0.999862355 8.821016888e-06 3.674465174e-27)
(0.9998786976 7.794292116e-06 1.917396348e-27)
(0.9998931396 6.890020774e-06 -1.099176926e-26)
(0.9999059079 6.093851292e-06 -1.81384046e-26)
(0.9999172032 5.393168499e-06 1.219285182e-27)
(0.9999272028 4.776901877e-06 1.115922844e-27)
(0.9999360643 4.235338967e-06 -9.954705609e-27)
(0.9999439235 3.760024871e-06 -6.020599566e-27)
(0.9999509164 3.343333501e-06 2.040265316e-27)
(0.9999571002 2.979804959e-06 -1.163069555e-27)
(0.9999627727 2.658220201e-06 1.163301863e-27)
(0.9999671642 2.403483302e-06 -9.585195528e-29)
(0.9999734459 2.045853023e-06 9.62506609e-29)
(0.05608293231 -0.1775034565 0.07447118874)
(-0.0662835754 -0.2396619784 0.07238964572)
(0.0560773406 -0.1774620594 -0.07447592186)
(-0.06628929969 -0.2396493048 -0.07239220199)
(-0.08448357868 -0.2167151754 0.06976574748)
(-0.1017669706 -0.04124597028 0.06305230704)
(-0.08447284078 -0.2167342428 -0.06976694812)
(-0.1017652556 -0.04124366622 -0.06305254357)
(0.6501142578 0.0175557668 0.07207032539)
(0.1314158336 -0.1281556401 0.07408857425)
(0.6500196272 0.01750426039 -0.07206910387)
(0.1313146322 -0.1281871362 -0.07409160319)
(-0.04273413297 -0.1314654937 9.369634965e-05)
(-0.04259693259 -0.1314126655 0.0754279461)
(-0.03384695636 -0.1010995015 0.06110989382)
(-0.03456860115 -0.1011201895 -0.0001856102231)
(-0.2058252702 -0.143592224 0.07824890413)
(-0.1805847193 -0.04044307129 0.06467902944)
(-0.3763815555 -0.02554552613 0.07087563559)
(-0.1174058118 -0.2193662101 -0.07124083839)
(-0.2058435605 -0.1436264058 -0.07825380314)
(-0.1805776169 -0.04043530673 -0.06467935072)
(-0.376385326 -0.02554652274 -0.07087684352)
(-0.0484385076 -0.1286783627 -2.337483396e-05)
(-0.04822621017 -0.1228206025 0.07327161966)
(-0.04843168327 -0.1227916117 0.0001184433283)
(-0.04872127096 -0.1288828824 0.07391158916)
(-0.04274775188 -0.1314853028 -8.68232058e-05)
(-0.04263752874 -0.1314824944 -0.07543503252)
(-0.04845022225 -0.1286901188 2.822197344e-05)
(-0.0482308963 -0.1228398489 -0.07327668479)
(-0.04843427023 -0.1227995628 -0.0001159004439)
(-0.04875249443 -0.1289174394 -0.07391648523)
(-0.04635820027 -0.1346494355 8.437533955e-05)
(-0.0845032689 -0.2165775021 4.248197346e-06)
(-0.05277452342 -0.1721840653 0.06913020062)
(-0.09884264422 -0.1753732197 0.06735843937)
(-0.05247043436 -0.1718933244 -3.975064117e-05)
(-0.09914627081 -0.1752913797 1.324021797e-05)
(-0.04602471069 -0.1349228575 0.06744002233)
(-0.03117589387 -0.09264462153 -1.635862305e-05)
(-0.1020035686 -0.04119043399 -2.611925138e-05)
(-0.1013404313 -0.1165543921 0.06454246904)
(-0.02490463013 -0.03308577324 0.06109760162)
(-0.1015411853 -0.1165270618 -2.945913223e-05)
(-0.02544072097 -0.03300146592 -1.736178124e-05)
(-0.03066455589 -0.09261516329 0.06330742049)
(-0.03385306104 -0.1011109683 -0.06111065034)
(-0.03457026111 -0.1011241148 0.0001879958128)
(-0.04636018657 -0.1346538164 -8.358091754e-05)
(-0.08450177304 -0.2165840645 -1.057691277e-06)
(-0.05277797302 -0.1722063298 -0.06913330422)
(-0.09884334091 -0.1753966692 -0.0673602468)
(-0.05247219056 -0.1719010154 4.091223627e-05)
(-0.09914617078 -0.1752985845 -1.379973058e-05)
(-0.04603170894 -0.1349335503 -0.0674407312)
(-0.03117682603 -0.09264668063 1.678396462e-05)
(-0.1020025508 -0.0411896908 2.564085068e-05)
(-0.1013439338 -0.1165574377 -0.0645430459)
(-0.02490685895 -0.03308679075 -0.06109813714)
(-0.1015415754 -0.1165285115 2.907634769e-05)
(-0.02544096017 -0.03300182286 1.736748279e-05)
(-0.03066888758 -0.09262027471 -0.06330790547)
(1.330374861 0.04956115276 0.06131221426)
(0.8907666269 0.04277841256 0.07005801151)
(1.330448063 0.04960657777 -0.06131378083)
(0.8907546835 0.04267667359 -0.07004138556)
(1.289738319 0.1293697542 0.03522081544)
(0.9113470801 0.05477944986 0.07050121062)
(0.9897521913 0.1175103719 0.0731886128)
(1.320379795 0.07158084562 -0.05986472033)
(1.289738808 0.1293830041 -0.03522082255)
(0.9114827233 0.05473268105 -0.07045266983)
(0.989727471 0.1174806441 -0.07319167359)
(0.5957114873 0.01511931668 0.07266541154)
(0.5958672376 0.01496905194 4.446687808e-06)
(0.8108040989 0.08660464558 0.07262920483)
(0.1857910791 -0.1331588329 0.07521796737)
(0.3404322748 -0.06937941239 0.08244023058)
(0.6851708539 0.02416909834 -0.07256900964)
(0.8108104658 0.08657340109 -0.07262574377)
(0.1857872767 -0.1331318295 -0.07522242573)
(0.3404417444 -0.06939996818 -0.08243916418)
(0.2204332124 -0.1111861077 0.08315496231)
(-0.07552506493 -0.2421811895 0.07382877017)
(-0.1067399413 -0.1584191232 0.08160837042)
(0.1012435401 -0.1837443698 -0.07571912442)
(0.2204231659 -0.1111879095 -0.0831602259)
(-0.07549814194 -0.2421597322 -0.07383063343)
(-0.1067606191 -0.1584614615 -0.08160966418)
(0.256596585 0.05002239587 0.0486569749)
(-0.1104805086 -0.1146961785 0.08399259013)
(-0.07830422044 0.0358515316 0.08744497615)
(0.2498472876 -0.06514296151 -0.08473044968)
(0.2566074647 0.05005922283 -0.04865533099)
(-0.1105217751 -0.1147413466 -0.08399083499)
(-0.07828611523 0.03584160778 -0.08745526755)
(-0.117604147 -0.2192106144 7.277340307e-06)
(-0.1504315635 -0.1764071311 0.06849966669)
(-0.1506692068 -0.1763208388 8.684203182e-07)
(-0.2021420766 -0.1616412991 -1.276331209e-05)
(-0.1509203723 -0.2024870421 0.07337073991)
(-0.1512311242 -0.2023914189 -7.854596697e-06)
(-0.2018272329 -0.1617454242 0.07044421598)
(-0.2376056304 0.02389965855 0.07662509155)
(-0.4195508905 -0.01873448184 0.07226139248)
(-0.4467488349 0.007133512482 0.07043207579)
(-0.2250838677 -0.1060391018 -0.08014658543)
(-0.2375989657 0.02389466895 -0.07661772524)
(-0.4195426928 -0.01873998707 -0.07226185303)
(-0.4467500953 0.007125807229 -0.07043599469)
(-0.02422442683 -0.1841343378 2.176821592e-05)
(0.05601037462 -0.1774347792 -1.716997288e-05)
(0.01432662998 -0.1523310866 0.07433557432)
(0.004438865998 -0.2151962337 0.07450684532)
(0.0141802394 -0.1522805305 -5.692819748e-06)
(0.004294128531 -0.2151191418 5.405445581e-06)
(-0.02400409494 -0.1842399942 0.07422524342)
(-0.04475677251 -0.2011707467 9.028828006e-06)
(-0.06653176102 -0.2394874176 2.866094957e-05)
(-0.03493224775 -0.2368990039 0.07379199531)
(-0.05837687258 -0.2034628657 0.07274327227)
(-0.03507980591 -0.2367242063 -1.001753234e-05)
(-0.05857766993 -0.2034007224 9.116407104e-05)
(-0.04472572933 -0.2014034002 0.07346070583)
(-0.02423802213 -0.1841377766 -1.801483785e-05)
(0.05600622148 -0.1774225645 1.064714736e-05)
(0.0142113088 -0.1523629877 -0.07434389395)
(0.004421220234 -0.2151810918 -0.07450637533)
(0.01414505892 -0.152287928 7.279987164e-06)
(0.004286812286 -0.2151151077 -6.006417714e-07)
(-0.02404121224 -0.184247946 -0.07422914009)
(-0.04476940561 -0.2011742681 -6.149435403e-06)
(-0.06653386347 -0.2394849949 -2.815501127e-05)
(-0.03495653743 -0.2369069342 -0.07379491142)
(-0.05839047618 -0.2034786622 -0.07274426244)
(-0.03508784546 -0.2367262926 9.05040809e-06)
(-0.05858259381 -0.2034065666 -8.651884673e-05)
(-0.04476235129 -0.2014107844 -0.07346348926)
(0.3809586898 -0.01803645197 4.337339063e-06)
(0.6197733531 0.01522779259 0.07190418526)
(0.4239162292 -0.02269246771 0.07312543678)
(0.650122925 0.01728142784 6.525256177e-06)
(0.6198656111 0.01501900878 6.924064719e-06)
(0.4239442774 -0.02281051458 9.735067683e-06)
(0.3808837054 -0.01791641933 0.0730610591)
(0.1312501914 -0.1282232155 -1.863091498e-05)
(0.08054561842 -0.1100460049 0.07402816042)
(0.08050316795 -0.1100609253 1.445987807e-05)
(0.1977316965 -0.06209322664 -1.317773508e-06)
(0.2487115541 -0.07343921672 0.0735344884)
(0.2486459966 -0.0735615153 -1.413310446e-06)
(0.1976602825 -0.06207714101 0.07360654364)
(0.5957799531 0.01513486872 -0.07266890641)
(0.59588965 0.01497308474 6.230808751e-06)
(0.3809540879 -0.01804105399 -1.973782473e-06)
(0.6500928199 0.01726635095 -1.422681259e-05)
(0.6197532165 0.01518501748 -0.07190781184)
(0.4239084161 -0.02265462254 -0.07312726881)
(0.6198578465 0.0150054428 -1.7781518e-06)
(0.4239394051 -0.02279974522 -8.948002517e-06)
(0.3808703284 -0.01792827184 -0.07306387824)
(0.13122078 -0.1282284267 1.273037747e-05)
(0.08050487063 -0.1100527955 -0.0740255673)
(0.08048919611 -0.1100610567 -3.609578861e-07)
(0.1977375691 -0.06208476675 6.076948477e-06)
(0.248675768 -0.07346005479 -0.07353306701)
(0.2486319924 -0.07356751041 7.826164995e-06)
(0.1976831952 -0.06204186641 -0.0736112459)
(-0.2481187679 -0.1402682507 -3.020645423e-05)
(-0.1809243425 -0.1760124061 0.07584555392)
(-0.2858314271 -0.1146812487 0.0750466679)
(-0.2064512266 -0.143626805 -5.924634046e-05)
(-0.1813368311 -0.1759651946 -2.466560234e-05)
(-0.2866483401 -0.1146866842 -5.786479759e-05)
(-0.2476757164 -0.1403594807 0.07276782833)
(-0.1808279362 -0.04040726154 -2.607631007e-05)
(-0.1706050066 -0.1156144904 0.06598613907)
(-0.1708131009 -0.1155667882 -2.331347055e-05)
(-0.2374217036 -0.1051891049 -3.528382854e-05)
(-0.2552368093 -0.03649692057 0.06668658839)
(-0.2556069751 -0.03646914207 -3.986297811e-05)
(-0.2370828509 -0.1052351097 0.06795966134)
(-0.2965100928 -0.09118935511 -5.540756148e-05)
(-0.3455576162 -0.07484436478 0.07225573011)
(-0.3210355486 -0.03142641319 0.06888397989)
(-0.3777087205 -0.02557673473 -0.000119657199)
(-0.3467055123 -0.07495712825 -0.0001037060091)
(-0.3216655567 -0.03141383866 -6.354983411e-05)
(-0.2959504068 -0.09120384066 0.07019299736)
(-0.1176053227 -0.2192184912 -2.140353889e-06)
(-0.15042298 -0.1764362084 -0.0685020441)
(-0.150667622 -0.1763285612 -9.820624554e-07)
(-0.2021399794 -0.161644661 1.451652378e-05)
(-0.1509494896 -0.2025209995 -0.07337381)
(-0.1512385284 -0.202402013 8.939562935e-06)
(-0.201821193 -0.1617554703 -0.07044467356)
(-0.2481183372 -0.1402665639 3.132975051e-05)
(-0.2064573155 -0.1436367813 5.398806788e-05)
(-0.1809549545 -0.1760601869 -0.07584965121)
(-0.2858385198 -0.1146578728 -0.07504540784)
(-0.1813459307 -0.1759790566 2.300003288e-05)
(-0.2866512095 -0.1146806957 6.119926827e-05)
(-0.2476733503 -0.1403510031 -0.07276924353)
(-0.1808256132 -0.04040472109 2.620605669e-05)
(-0.1706006435 -0.1156166923 -0.06598709672)
(-0.1708117894 -0.1155675616 2.266363949e-05)
(-0.2374205573 -0.1051901505 3.511362216e-05)
(-0.2552345701 -0.03648700823 -0.0666872598)
(-0.255606238 -0.03646551716 4.053197193e-05)
(-0.2370772441 -0.1052388216 -0.06796068895)
(-0.2965094612 -0.09119093879 5.591000495e-05)
(-0.377709855 -0.02557621724 0.000119283772)
(-0.3455523497 -0.07485669741 -0.07225736397)
(-0.3210433627 -0.0314192761 -0.0688849711)
(-0.3467045058 -0.07496046983 0.0001039108444)
(-0.3216677366 -0.03141088204 6.463887389e-05)
(-0.2959480232 -0.09120776353 -0.07019367448)
(1.361863639 0.02598094915 0.02872878482)
(1.377937359 0.03027984337 0.03232743211)
(1.361853911 0.02599798841 -0.02873170611)
(1.377927292 0.03030672353 -0.03232930384)
(1.345689067 0.09538731668 0.0275932468)
(1.367113771 0.07187965983 0.03120835889)
(1.351215891 0.11252174 0.03017749218)
(1.353940747 0.06456252155 -0.02762339201)
(1.345680603 0.09539983889 -0.02759520955)
(1.36713344 0.07189567926 -0.03120612295)
(1.351222071 0.1125458895 -0.03017812004)
(1.260847869 0.01865975746 2.888232933e-05)
(1.26056744 0.01900078197 0.06544532251)
(1.251852405 0.09636113921 1.147204622e-05)
(1.317697232 0.09200906946 0.05984827799)
(1.251927342 0.07476178355 0.0637084751)
(1.338874427 0.07452440868 0.0003080367578)
(1.342304881 0.09603799866 -0.000259347761)
(1.253941173 0.07374980704 3.074133614e-06)
(1.250273733 0.09503355185 0.06471191254)
(1.281110869 0.2249548793 0.03250406282)
(1.098366733 0.1752221125 0.0397572219)
(1.114549595 0.2362354532 0.03792705339)
(1.284050442 0.1824044199 -0.03414105769)
(1.281090678 0.2249649555 -0.03250706246)
(1.098365549 0.1751999666 -0.0397536166)
(1.114519819 0.2362101448 -0.03792641709)
(0.4732020142 -0.02097587058 0.07382256426)
(0.6851913587 0.02374825393 4.654314344e-06)
(0.4731510811 -0.02114967124 1.828971126e-05)
(0.5264116558 -0.01047548706 9.26898795e-06)
(0.7245769876 0.03762648567 0.07304220057)
(0.7243556067 0.03685837363 2.083555561e-06)
(0.5266480929 -0.01026442168 0.07528475122)
(0.8623977141 0.2113222589 0.04149101969)
(0.390741541 -0.02538344296 0.08501430559)
(0.5565210117 0.1388101003 0.04849514188)
(0.7788844388 0.1170541833 -0.04414741197)
(0.8623615007 0.2112891455 -0.04149544404)
(0.3907243712 -0.02540213587 -0.08501050059)
(0.5564792082 0.1388378289 -0.04850085543)
(0.1011246514 -0.1837260736 1.126817483e-06)
(0.03494538659 -0.221372922 0.07603059825)
(0.03479714617 -0.2213409531 2.820229387e-06)
(0.06289868398 -0.2080329916 7.099629901e-06)
(0.144832469 -0.1731175206 0.07794641439)
(0.144608813 -0.1731429628 3.673038055e-06)
(0.06308839711 -0.2080675237 0.07848686758)
(0.1625002408 -0.03417051191 0.0001296033628)
(0.2830642225 -0.01564996681 0.08436038255)
(0.1425291995 -0.09166132309 0.08716750248)
(0.2490439864 -0.06497141758 -0.0001706766148)
(0.2791419858 -0.01497742275 -0.0002530119614)
(0.1422912105 -0.09131690709 -5.77676363e-05)
(0.166092523 -0.03476564279 0.09107510276)
(0.3769735266 0.281103587 0.03549385148)
(0.0245799698 0.141516532 0.04348929208)
(0.08448640009 0.2195325594 0.03723252337)
(0.3271845961 0.2041725628 -0.04312413084)
(0.3769897911 0.2811149952 -0.03549188506)
(0.0245731051 0.1415005261 -0.04348957326)
(0.08448013507 0.2195212665 -0.03723305895)
(-0.3148028247 -0.08491708771 0.0768688166)
(-0.2261704094 -0.1063368038 -0.0001245158907)
(-0.3164988422 -0.08527831729 -0.0001381646812)
(-0.3353013028 -0.05216947669 -0.0003984361904)
(-0.2384633785 -0.06391550522 0.0809491835)
(-0.2402263899 -0.06483324281 -0.0002821168561)
(-0.3324368208 -0.05108382032 0.07760475923)
(-0.2106083482 0.1353331654 0.0309454281)
(-0.4214368517 0.04049345797 0.03608181621)
(-0.3423417582 0.0729329542 0.02963634542)
(-0.2683816425 0.08343011004 -0.03885065894)
(-0.2106136588 0.1353317114 -0.03094518169)
(-0.4214403362 0.04049052087 -0.03608177201)
(-0.3423446816 0.0729325652 -0.02963616386)
(1.254253616 0.03697666487 5.400494258e-05)
(1.3407321 0.03120857617 0.06133278827)
(1.250643192 0.05512986074 0.0641408323)
(1.340634634 0.05182366678 0.000538881039)
(1.342376095 0.03265232595 0.0002953786484)
(1.251721569 0.05377299157 9.608847399e-05)
(1.253742362 0.03776469986 0.06470171438)
(0.8634963385 0.02679007681 0.0710129176)
(0.8636549933 0.02657672471 4.710346932e-06)
(1.097630632 0.02608369397 1.126307052e-05)
(1.097451347 0.02638453722 0.06873799264)
(0.873440275 0.03376296898 0.07005949914)
(0.8910167827 0.04237897328 4.582769502e-05)
(0.8736858129 0.03350966228 3.170993689e-05)
(1.096000877 0.03924542273 2.883006515e-05)
(1.100562564 0.05358875501 0.06728138706)
(1.101052599 0.05307548035 6.975803268e-05)
(1.095698777 0.03960356885 0.06763664215)
(1.260853965 0.01865634218 -2.71344214e-05)
(1.34904822 0.01028733851 -0.06145169649)
(1.349851282 0.01034609153 -5.894642686e-05)
(1.26058516 0.01898671505 -0.0654475437)
(1.254266733 0.03698861742 -4.909979833e-05)
(1.340639714 0.05184190017 -0.0005305947816)
(1.340712538 0.03122999711 -0.06133315616)
(1.250665032 0.05520139098 -0.06414222398)
(1.342385656 0.03266210044 -0.0002994884474)
(1.251720366 0.05379463242 -8.701847123e-05)
(1.253787036 0.03780207367 -0.06470552923)
(0.863579544 0.02680111629 -0.071021934)
(0.8636831011 0.02657760115 1.45613226e-06)
(1.097650767 0.02607623085 -9.579737435e-06)
(1.097498852 0.02636378802 -0.06874607224)
(0.8909934759 0.04234979503 -3.84929549e-05)
(0.8735249061 0.03374670247 -0.07006774771)
(0.8737035044 0.03350314891 -1.454724257e-05)
(1.096027496 0.03925034681 -1.389052525e-05)
(1.100625236 0.05360243773 -0.0672556038)
(1.101046588 0.05307909848 -4.655469707e-05)
(1.095812242 0.03962450244 -0.06765019641)
(0.9119135102 0.0541916263 6.183068681e-05)
(1.12043243 0.08829343867 0.0005735152053)
(1.10863862 0.07000983102 0.0672956238)
(0.9358361905 0.07132634318 0.07074447594)
(1.110242706 0.06964001574 0.0001251262093)
(0.9363182095 0.06963474492 0.0001845824404)
(1.118163641 0.08834636843 0.06718489009)
(1.138134441 0.1153756484 0.0006799506862)
(1.13094541 0.1371811726 0.06634410236)
(0.9656203272 0.09359787165 0.07106144121)
(0.9913923329 0.1172881896 -3.61275491e-05)
(1.162877988 0.1431825855 -0.0002665239569)
(0.9671605183 0.09128148035 6.240071933e-05)
(1.118535632 0.1121124955 0.06696182464)
(1.251855985 0.09635913528 -7.534542469e-06)
(1.338878974 0.07452414253 -0.0003081690101)
(1.317711248 0.09200721191 -0.05984911201)
(1.251958168 0.07474411464 -0.06368837264)
(1.342309497 0.0960349459 0.0002616238852)
(1.253959536 0.07373906783 -1.163564492e-05)
(1.250272842 0.09502712756 -0.06471853697)
(0.9119934097 0.05418261842 -9.194684414e-05)
(1.120461463 0.08828279759 -0.0005574404617)
(1.108816308 0.06995223304 -0.06724002014)
(0.9359991258 0.07123919079 -0.07078121107)
(1.110347036 0.06961916242 -0.0001545713241)
(0.9363840619 0.0696109001 -0.0001643893538)
(1.118230424 0.08831826503 -0.06721517301)
(1.138115079 0.1153772125 -0.00066877009)
(0.9913799477 0.117273652 3.811998343e-05)
(1.130922498 0.1371873053 -0.06634858467)
(0.9656445867 0.09353276633 -0.07107739972)
(1.162861145 0.1431835604 0.0002717727003)
(0.9671598753 0.09125933004 -5.272493635e-05)
(1.118531078 0.1121200376 -0.06697986342)
(0.5827232925 0.009444532341 -3.667974065e-05)
(0.7632830348 0.05890432143 0.07354531818)
(0.6318447034 0.04038521634 0.08096207616)
(0.8076170458 0.08654086994 -0.0002256446746)
(0.7627162907 0.05802648417 -6.892358721e-05)
(0.6291496992 0.0411794029 0.0001396268719)
(0.5826843613 0.009448211034 0.0773552304)
(0.185728126 -0.1331686631 -3.083812125e-05)
(0.3050454633 -0.07576431353 0.0744658722)
(0.3049421431 -0.0759566287 -1.631086434e-05)
(0.3614783143 -0.06834684271 -1.016541776e-05)
(0.2394742354 -0.1248007527 0.07736006482)
(0.2394668147 -0.1248439627 7.715441201e-06)
(0.361493799 -0.06821885258 0.07637980674)
(0.4161121648 -0.05014000021 2.437479583e-05)
(0.4663238388 -0.0222364664 0.07998566658)
(0.2910474283 -0.1030980914 0.07977916582)
(0.3398274343 -0.07029054043 5.293409365e-05)
(0.4669080871 -0.02249201867 0.0002010735396)
(0.2910141351 -0.1033334816 3.032912826e-05)
(0.41562033 -0.05017473336 0.07842444273)
(0.685191947 0.02377675048 -2.652609054e-05)
(0.4731847753 -0.02088719405 -0.07381648979)
(0.4731427844 -0.02111967411 -1.226355207e-05)
(0.5264082665 -0.01045561854 -1.060948819e-05)
(0.7245749272 0.03761735265 -0.07306886804)
(0.7243645606 0.03685500964 -1.362060481e-05)
(0.5266296023 -0.01019328477 -0.07528315537)
(0.5827262175 0.009448955861 3.999868347e-05)
(0.8076066595 0.08652655073 0.0002310798353)
(0.7633433049 0.05886298045 -0.07355623684)
(0.6318422906 0.04036700612 -0.08097235513)
(0.7627249988 0.05800964374 7.186225032e-05)
(0.6291392866 0.04117452481 -0.0001371289594)
(0.5826988453 0.009466795296 -0.07735874379)
(0.1857262722 -0.1331595934 2.066127404e-05)
(0.3049869112 -0.07581316796 -0.07446521743)
(0.3049222044 -0.07596793376 1.661330476e-05)
(0.3614766317 -0.06834583153 4.051065675e-06)
(0.2395288899 -0.1247491633 -0.07735939619)
(0.2394824888 -0.1248275885 -9.842699809e-06)
(0.3614870735 -0.06821772651 -0.07638054805)
(0.4161224193 -0.05013676748 -2.342643962e-05)
(0.3398279556 -0.07029485153 -4.833059697e-05)
(0.4663467813 -0.02222637192 -0.07998278545)
(0.2910874737 -0.1030832826 -0.07977985315)
(0.4669134873 -0.02248798837 -0.0002011192233)
(0.2910250053 -0.1033279228 -2.59812793e-05)
(0.415653772 -0.05016277618 -0.07842538869)
(0.08921034034 -0.1800973953 1.17016489e-05)
(0.1851717591 -0.1479615277 0.08055579863)
(0.1146724477 -0.140951654 0.08444216758)
(0.2197732525 -0.1113769518 -6.583189115e-05)
(0.1847935579 -0.1480665523 -1.861836946e-05)
(0.1142138991 -0.1408231703 1.670797275e-05)
(0.08944377414 -0.1801606083 0.08139770305)
(-0.07571225637 -0.242001639 1.712254763e-05)
(-0.02369843792 -0.2419637388 0.07550639559)
(-0.0238284522 -0.2418114 -3.431060479e-06)
(-0.08743471381 -0.2246733302 0.07613686704)
(-0.08764250866 -0.2245561171 2.200395512e-05)
(-0.01534860805 -0.2260928517 7.543694404e-06)
(-0.01513956775 -0.226239753 0.07811937533)
(-0.09864170916 -0.1953218391 0.07884256363)
(-0.1071078629 -0.158370416 1.394211266e-05)
(-0.0989263565 -0.1952306198 2.457655768e-05)
(-0.007911860281 -0.1969123954 1.488504701e-06)
(8.531860562e-05 -0.1587459688 0.0840615317)
(-0.0003296756708 -0.1586208462 -1.672833365e-05)
(-0.00760016914 -0.1970606955 0.08110851121)
(0.101132888 -0.1837120003 5.647235618e-06)
(0.03493559536 -0.2213981264 -0.07603344707)
(0.03479365037 -0.2213467191 -8.196381197e-07)
(0.06289940753 -0.2080336033 -5.951162462e-06)
(0.144822611 -0.1730938658 -0.0779465525)
(0.1446066066 -0.1731343633 7.823523156e-07)
(0.06308845813 -0.2080740086 -0.07848912299)
(0.08921129742 -0.1800927824 -1.038694379e-05)
(0.2197710169 -0.1113760667 6.015961621e-05)
(0.1851381465 -0.147961996 -0.08055735955)
(0.114688584 -0.1409169415 -0.08444133354)
(0.1847845718 -0.1480654126 1.949471348e-05)
(0.1142189846 -0.1408127592 -1.415642805e-05)
(0.08944858728 -0.1801480625 -0.08139910126)
(-0.07570443242 -0.2419969077 -1.546966699e-05)
(-0.02368374879 -0.2419569719 -0.07550897523)
(-0.02382487522 -0.2418088595 8.964460475e-07)
(-0.08740555943 -0.2246843888 -0.07613850462)
(-0.08763458566 -0.224559102 -1.538668492e-05)
(-0.0153412875 -0.2260862169 -6.95771075e-06)
(-0.01511740581 -0.2262153533 -0.07811994517)
(-0.1071148808 -0.158381732 -4.376617173e-06)
(-0.09864029136 -0.1953527387 -0.07884314717)
(-0.09892566626 -0.1952392477 -1.29531703e-05)
(-0.007910038282 -0.1969006712 -1.163382448e-06)
(8.776958769e-05 -0.1587185483 -0.08406392101)
(-0.0003289286816 -0.1586128868 1.674237958e-05)
(-0.007595464387 -0.1970200583 -0.08111080787)
(-0.1109947891 -0.1147577619 -1.953687252e-06)
(0.01375029033 -0.05957781417 -4.24514455e-05)
(0.008659040964 -0.1127570406 0.08629317812)
(-0.1084090072 -0.06482258401 0.08565840376)
(0.008421447686 -0.1124746911 -7.084802134e-05)
(-0.1094559078 -0.06540533882 -4.553698989e-05)
(0.01413978173 -0.05957988008 0.0875890764)
(0.02860303577 0.01484310892 -0.0001433206392)
(0.03899433151 0.05886699537 0.08547421206)
(-0.0932239607 -0.008939129549 0.08590056526)
(-0.081298274 0.0382325801 5.744471843e-05)
(0.03952525667 0.06419728874 -7.053562598e-05)
(-0.09348367969 -0.009372008835 -0.0003096813852)
(0.02702769564 0.01109302504 0.08574824674)
(0.162496999 -0.03416511393 -0.0001290515664)
(0.2490478476 -0.06496649214 0.0001694652604)
(0.2830728323 -0.01563775232 -0.0843694638)
(0.1425267491 -0.09163852528 -0.08716662558)
(0.2791436599 -0.01496839135 0.0002537924949)
(0.14229046 -0.09131041373 6.293315227e-05)
(0.1660785304 -0.03475624219 -0.09107579989)
(-0.1110087985 -0.1147708847 1.159561623e-05)
(0.01374737375 -0.05957875001 4.210018338e-05)
(0.008650060806 -0.1127422994 -0.08629676725)
(-0.1084478322 -0.06484846225 -0.08565838441)
(0.008418135342 -0.1124707189 7.193555385e-05)
(-0.1094684714 -0.06541409066 4.557850165e-05)
(0.0141314017 -0.05958290849 -0.08758870701)
(0.02861238789 0.01484207625 0.0001446118512)
(-0.08128857155 0.03822766837 -5.760543162e-05)
(0.03901736887 0.05885898073 -0.08547353828)
(-0.09322089686 -0.00894609059 -0.08590769727)
(0.03953731753 0.06419560028 7.428411783e-05)
(-0.09348029358 -0.00937493774 0.0003095347554)
(0.02704757793 0.01108764397 -0.08574955495)
(-0.342759938 -0.01476800455 -0.0008186977997)
(-0.2430218296 -0.01800774442 0.07957731721)
(-0.3285374616 0.01983571674 0.07779982231)
(-0.2532239329 0.02850316207 -0.0002126672288)
(-0.2460516073 -0.0182409577 -0.0005954106372)
(-0.3491603513 0.02522008525 -0.0002131381338)
(-0.337535445 -0.01433743598 0.07747312391)
(-0.3846192931 -0.0561662395 0.0737488042)
(-0.4225117428 -0.01886887347 -0.0002653802914)
(-0.3871659186 -0.05660261883 -0.0002291245564)
(-0.4162925726 -0.03584839936 -0.0006462021004)
(-0.4483566684 -0.01084586546 0.07250575111)
(-0.4538653552 -0.01106068831 -0.0007393785358)
(-0.4115931722 -0.03485494135 0.07403404751)
(-0.4337944583 -0.01232764394 -0.001316268876)
(-0.4141784377 0.01154651952 0.0709512282)
(-0.4598503787 -0.002257917664 0.07152259344)
(-0.4860173864 0.01031893424 -0.000649092619)
(-0.4509103989 0.01488818525 -0.0005162565891)
(-0.4718185618 -0.001796700185 -0.001486650345)
(-0.4234745004 -0.01181665693 0.07289518306)
(-0.2261701381 -0.1063468255 0.0001186557105)
(-0.3148125658 -0.08488447592 -0.07686783879)
(-0.3165012864 -0.08527031689 0.0001385679593)
(-0.3352979012 -0.05216094325 0.0003969831051)
(-0.2384331941 -0.06392438259 -0.08094838272)
(-0.2402200008 -0.06483476707 0.0002775557432)
(-0.3324293117 -0.05105611103 -0.07760662239)
(-0.3427560445 -0.0147681179 0.0008186293838)
(-0.2532192196 0.02849852261 0.0002143190266)
(-0.2429889813 -0.01801220323 -0.07957075799)
(-0.3285325914 0.01982740114 -0.07780455779)
(-0.2460399903 -0.01824360193 0.0005962306215)
(-0.3491587089 0.02521503744 0.0002138119073)
(-0.3375234046 -0.01433794434 -0.07747309763)
(-0.4225099326 -0.01886952192 0.0002642668483)
(-0.384611225 -0.05616475474 -0.07374788423)
(-0.3871646434 -0.05660131498 0.0002295394285)
(-0.4162884504 -0.03584613381 0.0006490278168)
(-0.4483480365 -0.01085224983 -0.07250626512)
(-0.4538625516 -0.01106241304 0.0007399896013)
(-0.4115856746 -0.03484552229 -0.07403279291)
(-0.4337937429 -0.01232724693 0.001317581313)
(-0.4860184847 0.01031579999 0.0006501398858)
(-0.4141824206 0.01154406263 -0.07094738466)
(-0.4598501748 -0.002262254069 -0.07152325046)
(-0.4509108577 0.01488647078 0.0005185900796)
(-0.4718183747 -0.001798344332 0.001487403023)
(-0.4234742456 -0.01181478517 -0.07289656058)
(1.382718616 0.001964184842 0.0579027115)
(1.381267878 0.002312204563 -7.550132957e-05)
(1.388138893 0.0001190582184 -5.777832488e-05)
(1.389746862 -0.002232255835 0.05548282348)
(1.382730213 0.001980979724 -0.05789939497)
(1.381270216 0.002322010857 7.641922698e-05)
(1.388139445 0.0001374423755 5.640088999e-05)
(1.389757005 -0.002191687765 -0.05547962694)
(0.5141660041 0.02403867269 0.08099100675)
(0.435615276 0.01989988395 0.08857392905)
(0.3906090035 -0.02628105428 -0.0001635967285)
(0.5213277751 0.02742199451 0.0001889698677)
(0.4335081362 0.02039342062 -7.099972649e-05)
(0.5758745163 0.07961019529 -0.0002549248335)
(0.5646038651 0.07380281447 0.08174772547)
(0.3905992769 -0.02628362431 0.0001667644407)
(0.5141720709 0.02406259957 -0.08098608357)
(0.4355689134 0.01990443479 -0.08856277361)
(0.5213211318 0.02743258144 -0.0001878663319)
(0.4334850122 0.02039899281 6.964628196e-05)
(0.5758560943 0.07962252317 0.0002514746295)
(0.5645634862 0.07382826761 -0.08174067259)
(-0.01468609631 -0.05044404025 -0.0001228233635)
(-0.008195459886 -0.02954751097 -0.0001192935445)
(-0.002918626333 -0.009826962774 -0.0001177674939)
(-0.01452378705 -0.05058719833 0.03394835581)
(-0.008180236457 -0.02963067025 0.02110047962)
(-0.002384930943 -0.0100061427 0.0120108023)
(-0.007952176448 -0.03826696947 -0.0001459530701)
(-0.003717245864 -0.02246224709 -0.0001338957851)
(-0.001266839336 -0.007511795847 -0.0001211756994)
(-0.005125593232 -0.01407506521 0.03003287042)
(-0.001889864482 -0.00818571824 0.01898141387)
(-6.507617938e-05 -0.002733683488 0.01073735995)
(-0.005365529892 -0.0140297368 -0.0001411377509)
(-0.001956660475 -0.008162922928 -0.0001309382627)
(-0.0005824466714 -0.002681447931 -0.0001177114576)
(-0.007704360759 -0.03826610513 0.03115277656)
(-0.00364391752 -0.02245262803 0.01957370772)
(-0.0007334669663 -0.007571726539 0.01109273269)
(-0.01468664403 -0.05044580354 0.0001231601134)
(-0.008195780647 -0.02954862155 0.000119496395)
(-0.002918723816 -0.009827348826 0.0001178802176)
(-0.01452588993 -0.05059255895 -0.03394870487)
(-0.008181400381 -0.02963418658 -0.02110065282)
(-0.002385316891 -0.01000746411 -0.01201090608)
(-0.007952277568 -0.03826765991 0.0001460443964)
(-0.003717289428 -0.02246265155 0.0001339397927)
(-0.001266836198 -0.007511923811 0.0001211970182)
(-0.005126031373 -0.01407530463 -0.03003291038)
(-0.00189001978 -0.008185846159 -0.01898139548)
(-6.509921305e-05 -0.002733721274 -0.01073734402)
(-0.005365469957 -0.01402973712 0.0001411191964)
(-0.001956618985 -0.008162881436 0.0001309212636)
(-0.0005824262568 -0.002681417634 0.0001176997201)
(-0.007705172181 -0.03826831429 -0.03115288529)
(-0.003644246882 -0.02245402089 -0.01957372241)
(-0.0007335423853 -0.007572236816 -0.01109274211)
)
;

boundaryField
{
    inlet
    {
        type            fixedValue;
        value           nonuniform 0();
    }
    outlet
    {
        type            zeroGradient;
    }
    topAndBottom
    {
        type            symmetry;
    }
    frontAndBack
    {
        type            empty;
    }
    cylinder
    {
        type            noSlip;
    }
    procBoundary1to0
    {
        type            processor;
        value           nonuniform List<vector> 
116
(
(1.054756844 -0.0003772311478 -4.28547987e-24)
(1.055194803 -0.001141152365 5.343687611e-24)
(1.056080966 -0.001917193748 0)
(1.057438143 -0.002722741681 8.885008894e-24)
(1.059302619 -0.003569720863 -1.551342449e-24)
(1.061724626 -0.004475728004 1.089908898e-23)
(1.064772499 -0.005462799088 -2.192606312e-23)
(1.068538171 -0.006558404456 1.030894925e-23)
(1.073143903 -0.007799081107 -6.19874659e-25)
(1.078748451 -0.009231453393 -5.179544269e-24)
(1.085561286 -0.01091989214 1.967587783e-23)
(1.09386206 -0.01294307208 0)
(1.104022443 -0.01541784802 1.040514234e-23)
(1.116544617 -0.01847648906 -5.90201577e-23)
(1.132105801 -0.02233790838 0)
(1.15165993 -0.02718160598 -2.954465275e-22)
(1.176390736 -0.03339290141 -2.22859014e-22)
(1.208718602 -0.04168593241 1.20290855e-21)
(1.24981083 -0.04945505528 -2.696553233e-06)
(1.365256185 -0.01097540873 0.02845686117)
(1.297043099 -0.05046605637 0.02207966975)
(1.321338625 -0.05208830384 0.02392615703)
(1.296952536 -0.05046857435 -0.02208646768)
(1.321266809 -0.052052265 -0.02392985938)
(1.365232281 -0.01094973076 -0.02845816746)
(1.365256185 -0.01097540873 0.02845686117)
(1.365256185 -0.01097540873 0.02845686117)
(1.365256185 -0.01097540873 0.02845686117)
(0.5822121916 0.01655568066 0.07472065907)
(0.5822546145 0.0165870856 -0.0747248939)
(-0.01763106065 -0.1123890174 3.214673234e-05)
(-0.04012604754 -0.06303925352 9.907791577e-05)
(-0.01753985622 -0.1126275654 0.07543917433)
(-0.01753985622 -0.1126275654 0.07543917433)
(-0.0399802479 -0.0629144598 0.07604473938)
(-0.01763106065 -0.1123890174 3.214673234e-05)
(-0.01803500346 -0.05141841712 0.03393363182)
(-0.0184311957 -0.05135836777 -0.0001691797037)
(-0.03121151157 -0.05862972388 -0.0001594542588)
(-0.03062216127 -0.05871887592 0.06570555974)
(-0.01924474122 -0.0450549459 0.03797500373)
(-0.01938737675 -0.04499311937 -0.0001123259412)
(-0.01765762186 -0.1123814258 -1.427933796e-05)
(-0.04012909399 -0.06306053968 -9.215758712e-05)
(-0.01763455067 -0.1126137172 -0.07544234893)
(-0.01763455067 -0.1126137172 -0.07544234893)
(-0.03999104876 -0.06299828054 -0.07605605885)
(-0.01765762186 -0.1123814258 -1.427933796e-05)
(-0.03121752619 -0.05863665699 0.0001660366286)
(-0.03063883171 -0.05874437153 -0.06571062483)
(-0.01924812332 -0.04506162081 -0.03797956489)
(-0.01938838715 -0.04499478938 0.0001138453207)
(-0.01803749642 -0.05142541296 -0.03393361395)
(-0.01843235071 -0.05136118943 0.000170414335)
(0.8644691343 0.02075565453 0.07291240835)
(1.357774889 -0.01063116085 -0.06194280133)
(0.864456961 0.02073011359 -0.07291110053)
(0.5823766756 0.0164096426 6.793996309e-06)
(0.3451978664 -0.0103999751 -6.154194291e-06)
(0.3451978664 -0.0103999751 -6.154194291e-06)
(0.3450850577 -0.01027306457 0.07382016726)
(0.3450850577 -0.01027306457 0.07382016726)
(0.03752876757 -0.08394270808 0.07536696641)
(0.03758377139 -0.08380183944 5.51185316e-06)
(0.1546805232 -0.0455798869 -1.325912435e-05)
(0.1545830173 -0.04556741038 0.07469543539)
(0.5823899942 0.01641626192 -1.043920812e-05)
(0.3452041069 -0.01040870027 1.027684046e-05)
(0.3452041069 -0.01040870027 1.027684046e-05)
(0.345097205 -0.0103023296 -0.07382379576)
(0.345097205 -0.0103023296 -0.07382379576)
(0.0376385702 -0.0838630039 -0.0753657096)
(0.03761377379 -0.08377887664 -4.261852582e-06)
(0.1546896423 -0.04558673113 1.286633325e-05)
(0.1546066888 -0.04558761704 -0.07470116753)
(1.388420224 -0.01772400011 0.05786559773)
(1.365232281 -0.01094973076 -0.02845816746)
(1.365232281 -0.01094973076 -0.02845816746)
(1.365232281 -0.01094973076 -0.02845816746)
(1.38846373 -0.0177111191 -0.05786684188)
(1.349848701 0.01034304076 5.98529884e-05)
(1.271738691 -4.716959241e-05 4.226034471e-06)
(1.349037851 0.01028891263 0.06145206602)
(1.349037851 0.01028891263 0.06145206602)
(1.349037851 0.01028891263 0.06145206602)
(1.271568056 0.0001748706497 0.06603295337)
(1.349848701 0.01034304076 5.98529884e-05)
(1.349848701 0.01034304076 5.98529884e-05)
(1.349848701 0.01034304076 5.98529884e-05)
(0.8645593972 0.02052042642 3.380755514e-06)
(1.106681998 0.01259390437 9.830600414e-06)
(1.106590695 0.01285778832 0.06997611054)
(1.271744848 -5.084571977e-05 -3.106211382e-06)
(1.357993211 -0.01052190771 1.682053536e-05)
(1.27159039 0.0001622762529 -0.06603112859)
(0.8645678344 0.02051177144 -1.721294404e-05)
(1.1066857 0.01258263712 -1.259828496e-05)
(1.106586564 0.01282103538 -0.06997439296)
(1.389025234 -0.02069483963 0.0544128008)
(1.388480133 -0.01757852436 -0.0001394168077)
(1.388968477 -0.01861061907 -0.000119547345)
(1.388488998 -0.01757194881 0.0001451511486)
(1.389053812 -0.02066636025 -0.05441125398)
(1.388972733 -0.01859611581 0.0001222382182)
(-0.01803500346 -0.05141841712 0.03393363182)
(-0.01056141941 -0.02957850905 0.02280311606)
(-0.003213504223 -0.009838592839 0.01294219036)
(-0.01803749642 -0.05142541296 -0.03393361395)
(-0.01056292761 -0.02958317254 -0.0228034377)
(-0.003214072149 -0.009840317783 -0.01294263598)
(-0.0184311957 -0.05135836777 -0.0001691797037)
(-0.01064037427 -0.02958406498 -0.0001612865576)
(-0.00379547499 -0.009635727922 -0.0001460026931)
(-0.01843235071 -0.05136118943 0.000170414335)
(-0.01064114396 -0.02958597827 0.0001621243976)
(-0.003795811789 -0.009636478673 0.0001464874764)
)
;
    }
    procBoundary1to3
    {
        type            processor;
        value           nonuniform List<vector> 
125
(
(-0.1265417878 -0.147861057 2.823006231e-07)
(0.09447665483 -0.1422646619 -4.233782156e-22)
(0.2994198729 -0.1226815011 -1.691547422e-23)
(0.4749230013 -0.09860080611 -2.971692804e-22)
(0.6150975815 -0.07568224279 2.91640972e-22)
(0.7217273795 -0.05588137239 2.823774702e-22)
(0.799904398 -0.03956321589 -1.34933619e-22)
(0.8552979306 -0.02672923839 -1.174022767e-22)
(0.8931944591 -0.01726726253 0)
(0.9183749106 -0.01084723814 -7.989012786e-23)
(0.934991086 -0.006884162571 6.32429774e-23)
(0.946292064 -0.0046530855 -2.160481803e-23)
(0.9544884843 -0.003471373121 2.612497183e-23)
(0.9608919952 -0.002833022707 -4.520544156e-24)
(0.9661995731 -0.00243703625 6.66006778e-24)
(0.9707548397 -0.00213827364 -6.155000131e-24)
(0.9747192909 -0.001877795672 2.500384232e-24)
(0.9781691836 -0.001635960711 0)
(0.9811498379 -0.00141021501 0)
(0.9837038412 -0.001205132106 -1.512984183e-24)
(0.9858811439 -0.001025961496 1.438021531e-24)
(0.9877369289 -0.0008746098947 -7.419730411e-25)
(0.9893244821 -0.0007489772131 -5.695233223e-25)
(0.9906894763 -0.000644680435 8.884764862e-25)
(0.9918683084 -0.0005571718529 -4.320752704e-25)
(0.9928895067 -0.0004828839788 0)
(0.9937760003 -0.0004193331298 3.226911924e-25)
(0.9945468404 -0.0003647625699 -4.967942611e-26)
(0.9952181574 -0.0003178036468 -8.538185864e-26)
(0.9958036727 -0.0002773082116 5.351258057e-27)
(0.9963150549 -0.000242300017 9.73111897e-26)
(0.9967622357 -0.0002119583155 0)
(0.9971536923 -0.0001856095067 1.716290337e-29)
(0.9974966131 -0.0001626494283 -9.307662935e-25)
(0.9977971903 -0.0001426571261 9.31477854e-25)
(0.9980609129 -0.0001252094215 0)
(0.9982925337 -0.000109961126 -6.368386445e-25)
(0.9984960803 -9.662050221e-05 6.369620838e-25)
(0.998675047 -8.493838251e-05 -7.561519612e-25)
(0.9988324722 -7.470083819e-05 9.321504617e-25)
(0.9989710036 -6.572296994e-05 -6.19337699e-25)
(0.999092951 -5.784271478e-05 7.258224835e-25)
(0.9992003328 -5.09220571e-05 -3.403198426e-25)
(0.999294916 -4.484148532e-05 -4.05020753e-25)
(0.9993782474 -3.949651792e-05 1.418913013e-25)
(0.9994516823 -3.479702183e-05 -1.034861175e-25)
(0.9995164096 -3.06635788e-05 1.949175996e-25)
(0.999573473 -2.702637335e-05 -6.340973738e-27)
(0.9996237885 -2.382445073e-05 7.133799076e-26)
(0.9996681612 -2.100475121e-05 -7.136028277e-26)
(0.9997072992 -1.852114185e-05 7.212451798e-30)
(0.9997418257 -1.633339265e-05 -5.174790803e-26)
(0.9997722891 -1.440626986e-05 -5.614563083e-30)
(0.9997991726 -1.270880965e-05 4.022845629e-26)
(0.9998229018 -1.121372661e-05 3.160795317e-26)
(0.9998438514 -9.896962651e-06 -6.702636733e-26)
(0.9998623519 -8.737332247e-06 -2.726138812e-26)
(0.9998786946 -7.716214758e-06 -2.381994369e-26)
(0.9998931367 -6.817267863e-06 -2.549421968e-30)
(0.9999059053 -6.026161057e-06 8.398242281e-27)
(0.999917201 -5.330329322e-06 -3.098873443e-26)
(0.9999272009 -4.718749649e-06 7.181857728e-27)
(0.9999360627 -4.1817355e-06 -1.351055541e-30)
(0.9999439221 -3.710831524e-06 0)
(0.9999509151 -3.298399368e-06 -1.590574019e-27)
(0.999957099 -2.938956198e-06 1.590891547e-27)
(0.9999627714 -2.621348959e-06 0)
(0.9999671629 -2.370106492e-06 2.039050785e-27)
(0.9999734444 -2.017848858e-06 1.0192699e-27)
(-0.1805854964 0.04056956309 0.06467997707)
(-0.4195509636 0.01878070454 0.07226312608)
(-0.4214197379 -0.04053551663 0.03608309342)
(-0.1017732591 0.04137126742 0.06305353174)
(-0.1017687195 0.04137673208 -0.0630539754)
(-0.3763829468 0.02562274541 0.0708771099)
(-0.1805749021 0.04057821632 -0.06468064221)
(-0.3763910445 0.02564057154 -0.07087886888)
(-0.1020095503 0.04131626403 -2.610699272e-05)
(-0.02491343528 0.03318143968 0.06109923822)
(-0.02544941101 0.03309694572 -1.735370797e-05)
(-0.1020074567 0.0413186263 2.581521729e-05)
(-0.02491483557 0.03318514819 -0.06109990889)
(-0.02544930773 0.03309838019 1.746365428e-05)
(-0.4467394351 -0.007150835525 0.07043364996)
(-0.4195460376 0.01879483375 -0.07226393166)
(-0.4467411913 -0.007142966575 -0.07043759772)
(-0.1808285891 0.04053485043 -2.607681292e-05)
(-0.2552335993 0.03661662036 0.06668737068)
(-0.2556038458 0.03658972609 -3.985231883e-05)
(-0.3210344718 0.03153498615 0.06888527363)
(-0.3777105928 0.02565343362 -0.000119626596)
(-0.321664923 0.03152297503 -6.345739493e-05)
(-0.180824883 0.04053872597 2.655122303e-05)
(-0.255230021 0.03663241477 -0.06668863979)
(-0.2556025698 0.03659610068 4.114840969e-05)
(-0.3777134229 0.02565948505 0.0001198353184)
(-0.3210450053 0.03155398325 -0.06888699852)
(-0.3216682008 0.03153023656 6.532463819e-05)
(-0.3423215109 -0.07300150905 0.02963739044)
(-0.4214233114 -0.04053294605 -0.03608304959)
(-0.3423243967 -0.07300136738 -0.02963720931)
(-0.422511881 0.01891438712 -0.0002653489562)
(-0.4483532487 0.01086224874 0.07250732546)
(-0.4538617108 0.01107626905 -0.0007393468472)
(-0.459843259 0.002255249584 0.07152416455)
(-0.4860061122 -0.01034062705 -0.0006490528429)
(-0.4718104796 0.001792625204 -0.00148657744)
(-0.4225113596 0.018918502 0.0002645943979)
(-0.4483465308 0.01087223261 -0.07250801057)
(-0.4538596331 0.01107947884 0.0007401344834)
(-0.4860072772 -0.01033747168 0.0006501250704)
(-0.4598438464 0.00226077154 -0.07152490033)
(-0.4718107731 0.001794802938 0.001487407711)
(-0.005129699243 0.01411627233 0.03003408275)
(-0.001892378987 0.008209946122 0.01898221853)
(-6.592887826e-05 0.002741868308 0.01073785345)
(-0.005369597506 0.01407075196 -0.00014112363)
(-0.00195916021 0.00818701288 -0.0001309283603)
(-0.0005833158199 0.002689535384 -0.0001177071826)
(-0.005130046646 0.01411786346 -0.03003422889)
(-0.001892541059 0.008210938846 -0.01898227376)
(-6.596890466e-05 0.002742225835 -0.01073788154)
(-0.005369505142 0.01407129163 0.0001411929793)
(-0.001959122249 0.008187314584 0.0001309735294)
(-0.0005833048516 0.002689630942 0.0001177331557)
)
;
    }
}


// ************************************************************************* //
