/*--------------------------------*- C++ -*----------------------------------*\
| =========                 |                                                 |
| \\      /  F ield         | OpenFOAM: The Open Source CFD Toolbox           |
|  \\    /   O peration     | Version:                                        |
|   \\  /    A nd           | Website:  www.openfoam.com                      |
|    \\/     M anipulation  |                                                 |
\*---------------------------------------------------------------------------*/
FoamFile
{
    version     2.0;
    format      ascii;
    class       surfaceScalarField;
    location    "3.6";
    object      phi;
}
// * * * * * * * * * * * * * * * * * * * * * * * * * * * * * * * * * * * * * //

dimensions      [0 3 -1 0 0 0 0];
oriented        oriented;


internalField   nonuniform List<scalar> 
6094
(
0.02000209891
8.129512873e-07
0.01999658949
8.350186489e-06
0.01998342168
1.603112461e-05
0.0199620341
2.42435072e-05
0.01993164148
3.323449091e-05
0.01989115114
4.331412096e-05
0.01983908002
5.487164127e-05
0.019773442
6.840863147e-05
0.01969158783
8.458621997e-05
0.01958997716
0.0001042930722
0.0194638401
0.0001287557312
0.01930664172
0.0001597353319
0.01910920413
0.0001998690248
0.01885827061
0.0002532257878
0.01853442639
0.0003259460685
0.01811103468
0.0004247992764
0.01756017236
0.0005452847954
0.0168346222
0.0006970019209
0.003925802913
0.00107465386
0.003950680089
0.003925724625
0.003950512143
0.003728850447
0.0001969042205
-2.31141292e-09
-0.0008381564596
0.0008046826477
3.68133382e-05
-3.336891021e-06
-0.0006769153652
0.0006049069139
7.378121278e-05
-1.765617909e-06
-0.000283593678
-1.02215179e-06
0.0001381696545
0.0001464151923
0.02000658444
-5.773526177e-06
0.02000608918
8.845440999e-06
0.01999803327
2.408703447e-05
0.01998200297
4.02738024e-05
0.01995727371
5.796374939e-05
0.01992282431
7.776351339e-05
0.01987727893
0.0001004170183
0.01981880968
0.0001268778693
0.01974500237
0.0001583935303
0.01965267048
0.000196624955
0.01953758567
0.0002438405385
0.01939406353
0.0003032574734
0.01921429908
0.0003796334736
0.01898752604
0.0004799988199
0.01869827155
0.0006152005587
0.01832600738
0.0007970634441
0.01782304543
0.001048246751
0.01714632499
0.001373722361
0.004001779203
0.001991443018
0.004111885176
0.004002401383
0.004113470069
-0.0003775851112
0.00385853763
0.0005208161051
1.057868522e-08
-0.0001357142914
-0.0008772977771
0.0008527367949
0.0001634766367
-3.201363036e-06
-0.0002643783713
-0.0007673130245
0.0007237269413
-2.273780156e-06
0.0003102382347
-0.0005028394041
-0.0005634586729
-2.496192692e-07
0.0004924868222
0.0005740608743
0.0199994094
-5.184648684e-06
0.01999193563
1.63192097e-05
0.01997748803
3.853463097e-05
0.01995563491
6.212691678e-05
0.01992575095
8.7847712e-05
0.01988697516
0.0001165392908
0.01983816086
0.0001492313173
0.01977780863
0.0001872300987
0.01970397935
0.0002322228014
0.01961418321
0.0002864210903
0.01950522827
0.0003527954783
0.01937317256
0.0004353131766
0.01921289095
0.0005399150839
0.01902137933
0.0006715104387
0.01879034519
0.0008462346948
0.01853440505
0.001053003588
0.01820786242
0.001374789373
0.01782493194
0.001756652842
0.017344595
0.002471779961
0.00404705686
0.003467377143
-0.0006247444504
-0.0007297485292
-0.0006267650616
-0.0007305640872
0.004247153889
0.00404734154
0.004247487696
-0.0009889216608
0.001096184476
2.470285668e-08
0.0009251510412
0.001018039276
0.001043316109
0.0009532629145
-0.0003883319305
-0.0009266846039
0.0009305178577
0.0003936501208
-9.151444065e-06
-0.0006708130194
-0.0009510951261
-7.302691867e-07
0.000957557431
0.0006650809839
-0.0009446011875
-0.001039200055
2.662728139e-06
0.001209074896
0.0007720636181
-7.212082341e-05
1.091296472e-05
3.292522368e-07
7.678411174e-06
5.320019605e-05
0.01999711673
-2.302660715e-06
0.01998801154
2.54243988e-05
0.01997258431
5.396185875e-05
0.01995050793
8.420328875e-05
0.01992129683
0.0001170588099
0.01988429019
0.0001535459276
0.01983862653
0.0001948949806
0.01978321176
0.0002426448645
0.01971668683
0.0002987477215
0.01963753711
0.0003655708095
0.01954397944
0.0004463531403
0.0194372088
0.0005420838205
0.01931558593
0.0006615379486
0.01920046292
0.000786633444
0.0190669703
0.0009797273145
0.01895125875
0.001168715142
0.01875551398
0.001570534143
0.01846351364
0.002048653187
0.01826848331
0.002666810291
0.004487898767
0.003558657598
0.004600850821
0.004487461111
0.004600992147
-0.001129822549
0.004470673994
0.001147051891
-4.570407506e-09
-0.0003636546371
-0.00104676088
0.001058995964
0.0003562394562
-4.819902259e-06
-0.0005552348248
-0.001184025792
0.001216930378
-2.761418766e-06
0.0005250916571
-0.0006847942006
-0.001379683429
-1.426637343e-07
0.001436951119
0.0006276691748
-0.0006009745662
-0.001591337587
2.118826115e-07
0.001603032584
0.0005890676854
-0.0002133880364
-0.001413777739
3.114951917e-07
0.001329887348
0.0002969669305
-3.04249026e-05
-0.001087104831
1.540635377e-07
0.001024937021
9.243864726e-05
-3.219527451e-05
-0.000927830609
2.913311729e-09
0.0009064895696
5.353340372e-05
0.01999720468
4.918526664e-07
0.01998895915
3.366991722e-05
0.01997520986
6.771114711e-05
0.01995572605
0.0001036871041
0.01993017584
0.0001426090182
0.01989811926
0.0001856025069
0.01985900456
0.0002340096698
0.0198121706
0.0002894788276
0.01975736138
0.0003535569345
0.01969639049
0.0004265417
0.01962957858
0.0005131650451
0.01957740526
0.0005942571342
0.01952129096
0.0007176522516
0.0194956615
0.0008122628979
0.01941345655
0.001061932261
0.01925061366
0.001331558032
0.01915801916
0.001663128654
0.01905805592
0.002148616426
0.01902697687
0.002697889335
0.01921992822
0.003365706245
0.004891990919
0.004143575133
-0.001139436189
-0.001209690726
-0.001139275495
-0.001209576026
0.004995292937
0.004891766055
0.004995281608
-0.001385753735
0.004974882084
0.001302868882
-6.314292909e-09
-0.000426518199
-0.005158468462
0.001518082847
1.355478594e-08
-0.0004195524494
-0.0004401136741
-0.0004244311586
0.001266137422
0.001405213436
0.001415044224
0.001264592464
-0.0004832239258
-0.001375997769
0.00143491369
0.0004362610885
-1.195308331e-05
-0.0004543176739
-0.001570071544
0.001608158698
-1.732076679e-06
0.000417962596
-0.000341585659
-0.001694183138
0.001712443725
-2.654290304e-07
0.0003235905005
-0.0001961087241
-0.001724272871
-6.216613983e-08
0.001717031376
0.0002034123851
-9.834634954e-05
-0.00168900909
0.001680776588
0.0001073106749
-7.318230016e-07
0.01999755052
2.940993741e-06
0.01999059355
4.062688588e-05
0.01997904195
7.926274544e-05
0.0199627866
0.0001199424484
0.01994165066
0.0001637449579
0.01991541211
0.0002118410604
0.01988382119
0.0002656005869
0.01984728255
0.000326017463
0.01981300349
0.000387835992
0.01979236744
0.0004471777533
0.01977254952
0.0005329829581
0.01978398221
0.0005828244422
0.0197511618
0.0007504726569
0.01964817855
0.000915246144
0.01960294098
0.001107169839
0.01953006791
0.001404431099
0.01946769874
0.001725497826
0.01949554729
0.002120767878
0.0196489193
0.002544517324
0.01997799249
0.003036633043
0.02056493631
0.003556631309
0.02144678532
0.004010527896
-0.001222537004
-0.001223663473
-0.001222274567
-0.00122390186
0.005659003029
0.004300553528
-0.001380477351
-0.001369268866
-0.001380427581
-0.001369066767
0.005663887658
0.005658856363
0.005663725308
-0.001360850465
0.005809075181
0.001210758629
1.968766883e-08
-0.0003191861265
-0.005982760063
0.006153327515
0.001116723884
1.223137561e-09
-0.0003103780001
-0.0003399053358
-0.0003178230878
-0.0002719562181
-0.006299589301
0.006418111345
0.0009154722938
1.050271556e-08
-0.0002460553316
-0.0002709411437
-0.0002450521341
-0.0001939029903
-0.006502610153
0.006566146901
0.0006578431118
3.258803455e-08
-0.0001679401777
-0.000192735969
-0.0001668332945
0.01999800312
4.937977071e-06
0.01999242581
4.620418627e-05
0.01998324655
8.844201211e-05
0.0199704411
0.0001327478948
0.01995397922
0.0001802068417
0.01993384257
0.0002319777115
0.01991043185
0.0002890113032
0.01989096185
0.0003454874643
0.01990533079
0.000373467046
0.01993728018
0.0004152283633
0.01992963864
0.0005406244938
0.01986156607
0.0006508970173
0.01984097812
0.0007710606017
0.01978942229
0.0009668019689
0.01973158539
0.001165006741
0.01972084462
0.001415171873
0.01975399922
0.001692343233
0.01987865621
0.001996110887
0.02010222991
0.002320943618
0.02044070721
0.002698155742
0.02097585012
0.0030214884
0.02166730127
0.003319076752
0.02250854843
0.003459306376
0.02337959303
0.00338265476
-0.001096562225
-0.001030326663
-0.001096509978
-0.001030300489
0.02415261
0.003016423645
-0.0009923301208
-0.0009024057269
-0.0009923469994
-0.0009023577654
0.02473968416
0.0024670224
-0.0008170384704
-0.0007100741962
-0.0008170143268
-0.0007099695725
0.001737986354
-0.0005738404757
-0.0004824994509
-0.0005741127403
-0.000482984033
0.01999846716
6.471315398e-06
0.01999430749
5.036385816e-05
0.01998755014
9.519935971e-05
0.01997825191
0.0001420461285
0.01996650539
0.0001919533649
0.01995267861
0.0002458044846
0.01993942187
0.000302268051
0.01994798663
0.0003369226971
0.01999743291
0.0003240207692
0.01997179024
0.000440871034
0.0199682549
0.0005441598299
0.01993300533
0.0006861465871
0.01988600748
0.0008180584456
0.01986983445
0.0009829750003
0.01987363962
0.001161201578
0.01992000933
0.001368802163
0.02001233773
0.001600014829
0.02015672838
0.001851720244
0.02038503924
0.002092632747
0.02071606421
0.002367130775
0.02116989229
0.00256766032
0.0217313399
0.002757629152
0.02234787321
0.002842773064
0.02300182912
0.002728698856
0.02358827352
0.00242997924
0.02404953646
0.002005759458
0.001420141928
0.01999892454
7.547471386e-06
0.01999616655
5.312185541e-05
0.01999179181
9.95740945e-05
0.01998592121
0.000147916734
0.01997918595
0.0001986886303
0.01997456374
0.0002504266938
0.01997508928
0.0003017425034
0.02000814927
0.0003038627147
0.02003100096
0.0003011690824
0.02000806549
0.0004638064988
0.01997239179
0.0005798335293
0.01995848989
0.0007000484901
0.01995486674
0.0008216815923
0.01997785955
0.0009599821888
0.02002308507
0.001115976059
0.02010009479
0.001291792448
0.02020728635
0.001492823265
0.02039742974
0.001661576849
0.02060824064
0.001881821855
0.02092598457
0.002049386845
0.02127386914
0.002219775747
0.02170305636
0.002328441941
0.02219019467
0.002355634752
0.02268723642
0.002231657098
0.02313759208
0.001979623587
0.02349814808
0.001645203448
0.00117538014
0.01999936326
8.185108564e-06
0.01999794748
5.453763733e-05
0.01999584282
0.000101678763
0.01999382776
0.0001499317932
0.01999860329
0.000193913101
0.02002325422
0.0002257757667
0.02005237692
0.0002726197981
0.02009406845
0.0002621711866
0.02003300573
0.0003622318079
0.02000779736
0.0004890148661
0.02000154407
0.0005860868261
0.02001548666
0.0006861058901
0.02004208721
0.0007950810422
0.02008556648
0.0009165029198
0.02014945426
0.001052088285
0.02022132511
0.001219921599
0.02035615241
0.001357995962
0.02052090588
0.001496823378
0.02073605144
0.001666676292
0.02100808073
0.001777357561
0.0213227793
0.001905077178
0.02165784716
0.001993374088
0.02203989213
0.001973589783
0.02242452613
0.001847023104
0.02277460391
0.001629545808
0.0230588778
0.001360929575
0.0009790810514
0.01999977258
8.41353267e-06
0.01999964905
5.466116345e-05
0.02000012494
0.0001012028838
0.02000832764
0.0001417290951
0.02004647681
0.0001557639323
0.02010853367
0.0001637189092
0.02012412574
0.0002570277256
0.02006955882
0.0003167381123
0.02002980239
0.0004019882321
0.02003327146
0.000485545798
0.02005116496
0.0005681933268
0.02007968317
0.0006575876816
0.02011976726
0.0007549969498
0.02017480379
0.0008614663897
0.02022819317
0.0009986989074
0.02033631427
0.001111800502
0.02048690921
0.00120740102
0.02063284967
0.001350882919
0.02084679178
0.001452734175
0.02105355141
0.001570597931
0.02130236366
0.001656264931
0.02158954242
0.00170619533
0.02189836484
0.001664767348
0.02220227419
0.001543113751
0.02247801706
0.001353802942
0.02270401551
0.001134931121
0.0008220016573
0.02000023002
8.184418947e-06
0.02000242869
5.246248852e-05
0.02000931718
9.431440232e-05
0.0200400968
0.0001109494779
0.02008036229
0.000115498442
0.02006222531
0.0001818558898
0.02005446646
0.000264786579
0.02004280046
0.0003284041123
0.02004943363
0.0003953550666
0.02006964343
0.0004653359981
0.02009763809
0.0005401986608
0.02013462676
0.000620599018
0.02018285236
0.0007067713512
0.02022463511
0.0008196836445
0.02030262474
0.0009207092752
0.02041242692
0.001001998329
0.02053589243
0.001083935512
0.02068862693
0.001198148412
0.02087229428
0.001269066825
0.02107451376
0.001368378456
0.02127705448
0.001453724214
0.02151646606
0.001466783745
0.02176787933
0.001413354082
0.02201173431
0.001299258777
0.02223182551
0.001133711742
0.02241337035
0.0009533862953
0.0006945133306
0.02000207431
6.111006898e-06
0.02001393515
4.060166344e-05
0.02003385083
7.439872555e-05
0.02006655998
7.824032805e-05
0.02005202527
0.0001300331459
0.02003496442
0.0001989167461
0.02004118777
0.0002585632283
0.02005454751
0.0003150443729
0.02007510196
0.0003748006203
0.0201020134
0.0004384245568
0.02013612713
0.0005060849339
0.02017904425
0.0005776819028
0.02021656038
0.0006692552242
0.02027480758
0.0007614364488
0.02036493795
0.0008305789102
0.02048610283
0.0008808334498
0.02059179152
0.0009782468202
0.02074872838
0.001041211552
0.02088588131
0.001131913902
0.02104750828
0.001206751481
0.02123493532
0.001266297169
0.02144030792
0.001261411148
0.02164842422
0.001205237781
0.02184729814
0.001100384859
0.02202562794
0.0009553819471
0.02217340401
0.0008056102284
0.0005898627868
0.02000957511
-3.463301016e-06
0.02003764543
1.253134731e-05
0.02005734037
5.470379226e-05
0.02004347464
9.210606151e-05
0.02003079458
0.0001427132014
0.02003619186
0.0001935194642
0.02005160894
0.0002431461521
0.02007180908
0.0002948442329
0.02009717652
0.0003494331845
0.02012856754
0.0004070335394
0.02016710885
0.0004675436308
0.02020622461
0.0005385661433
0.02024506656
0.0006304132844
0.0203126452
0.0006938578065
0.02039572759
0.0007474965265
0.02049481703
0.0007817440126
0.02060311845
0.0008699453976
0.02074417359
0.0009001564066
0.02089009461
0.0009859928768
0.02102592046
0.001070925641
0.02119023295
0.001101984674
0.02136564716
0.001085996938
0.02154025656
0.001030628388
0.02170512108
0.0009355203388
0.02185191501
0.000808588018
0.02197396759
0.0006835576541
0.0005028140793
0.02001472052
-1.818321454e-05
0.02001919251
8.059358177e-06
0.02002269347
5.12028396e-05
0.02002222576
9.257376395e-05
0.02002950461
0.0001354343583
0.02004399014
0.0001790339256
0.02006295816
0.0002241781401
0.02008644498
0.0002713574181
0.02011514507
0.0003207330937
0.02014986642
0.0003723121943
0.0201915088
0.0004259012579
0.02021548671
0.0005145882368
0.02027287776
0.0005730222349
0.02034246953
0.0006242660391
0.02042770478
0.0006622612831
0.0205127697
0.0006966790895
0.0206219942
0.0007607209066
0.02073050714
0.0007916434666
0.02085869508
0.0008578049267
0.02099420046
0.0009354202654
0.02114251329
0.0009536718485
0.02129445231
0.0009340579122
0.02144323537
0.0008818453352
0.02158218274
0.0007965729709
0.02170499844
0.0006857723213
0.02180740979
0.0005811463029
0.0004293060019
0.02002509122
-4.041536446e-06
0.02001713782
1.601276644e-05
0.02001873377
4.960688677e-05
0.02002561412
8.569342065e-05
0.02003758981
0.0001234586632
0.02005394924
0.0001626745038
0.02007470324
0.0002034241379
0.02010026412
0.0002457965424
0.02013116564
0.0002898315814
0.02016803405
0.000335443791
0.02019068829
0.0004032470192
0.02023519518
0.0004700813442
0.02029382658
0.0005143908307
0.02036776918
0.0005503234504
0.02046154123
0.0005684892347
0.0205375407
0.0006206796253
0.02065011041
0.0006481512006
0.02073691992
0.0007048339561
0.02083799462
0.000756730234
0.02096286854
0.0008105463369
0.0210951944
0.0008213459945
0.02122824366
0.0008010086479
0.02135699331
0.0007530956897
0.02147606225
0.0006775040342
0.02158055855
0.0005812760104
0.02166794911
0.0004937557463
0.0003661939798
0.02003536878
3.723889998e-06
0.02002840366
2.297788382e-05
0.02002927371
4.873683647e-05
0.0200361403
7.882683412e-05
0.0200481376
0.0001114613686
0.02006494749
0.0001458646168
0.02008660932
0.0001817623095
0.02011335621
0.0002190496545
0.02014555069
0.0002576371083
0.02017806
0.0003029344763
0.02019979982
0.0003815072075
0.02024967943
0.0004202017315
0.02030711202
0.000456958245
0.02037394108
0.0004834943912
0.02044921476
0.0004932155576
0.02052891874
0.0005409756513
0.020629283
0.0005477869523
0.02073099417
0.0006031227797
0.02082041796
0.0006673064521
0.02093157126
0.0006993930324
0.02104988027
0.0007030369872
0.0211679166
0.0006829723187
0.02128106293
0.0006399493593
0.02138480052
0.0005737664454
0.02147523957
0.0004908369574
0.021551119
0.0004178763135
0.0003110558545
0.02003481248
5.384111142e-06
0.02003364837
2.414199789e-05
0.02003625905
4.612616031e-05
0.02004374505
7.134084509e-05
0.02005623104
9.897537243e-05
0.02007368571
0.0001284099522
0.02009616188
0.0001592861435
0.02012382237
0.0001913891582
0.02015691059
0.000224548892
0.02016688819
0.0002929568826
0.02021050834
0.000337887058
0.02026037077
0.000370339311
0.02031813956
0.0003991894568
0.02038550275
0.0004161311991
0.02045003384
0.0004286844749
0.02053094207
0.0004600674279
0.02060861371
0.0004701153128
0.02069918309
0.0005125533999
0.02079499019
0.000571499359
0.02090003856
0.0005943446579
0.02100778206
0.0005952934947
0.0211140071
0.0005767472768
0.02121499553
0.0005389609321
0.02130688766
0.000481874316
0.02138651746
0.0004112071509
0.02145356596
0.0003508278207
0.0002620279405
0.02003273359
4.699426339e-06
0.02003466503
2.22105642e-05
0.02003948678
4.130440991e-05
0.02004837961
6.24480262e-05
0.020061871
8.54839779e-05
0.02008018625
0.0001100947088
0.02010347377
0.000135998624
0.02013189525
0.0001629676772
0.02014810278
0.0002083413647
0.02017503939
0.0002660202753
0.0202188042
0.0002941222517
0.02026874622
0.0003203972892
0.0203287764
0.0003391592772
0.02040113112
0.0003437764812
0.02045906939
0.0003707462048
0.02054235629
0.0003767805326
0.02060692339
0.0004055482228
0.02068097205
0.0004385047393
0.02077294562
0.0004795257976
0.02087081829
0.0004964719843
0.02096985247
0.0004962593236
0.02106677935
0.0004798203917
0.02115831571
0.000447424572
0.02124106667
0.0003991233627
0.02131239024
0.0003398835828
0.02137267437
0.0002905436844
0.0002176658032
0.02003029896
3.318866714e-06
0.02003389079
1.861874055e-05
0.02004047306
3.472214804e-05
0.02005082209
5.209899342e-05
0.0200654658
7.084027281e-05
0.02008472494
9.08355702e-05
0.02010881207
0.0001119115026
0.02013788961
0.0001338901413
0.02014296835
0.0002032626272
0.02018180539
0.0002271832349
0.02022541797
0.000250509668
0.02027393364
0.000271881624
0.02032775196
0.0002853409552
0.02038655984
0.0002849686076
0.02044704615
0.0003102598938
0.0205219047
0.000301921986
0.0205988587
0.0003285942284
0.02066799203
0.000369371411
0.02075331123
0.0003942066037
0.02084459214
0.0004051910711
0.02093668117
0.0004041702918
0.02102634536
0.0003901562056
0.0211105686
0.0003632013341
0.02118629586
0.0003233960985
0.02125126471
0.0002749147318
0.0213063942
0.0002354141997
0.0001768401755
0.02002789265
1.646820205e-06
0.02003245169
1.405970225e-05
0.02004027344
2.690040032e-05
0.02005183066
4.054178347e-05
0.02006753319
5.513774612e-05
0.02008768574
7.068301887e-05
0.02011250738
8.708987176e-05
0.0201139758
0.000132421721
0.02014867412
0.0001685643155
0.02018777781
0.0001880795453
0.02023124103
0.0002070464474
0.02027892644
0.0002241962162
0.02033003312
0.0002342342847
0.02038281348
0.0002321882428
0.02044143437
0.0002516390031
0.0205049076
0.000238448757
0.02057586246
0.0002576393775
0.0206518823
0.0002933515647
0.02073536767
0.0003107212373
0.02082194144
0.0003186172961
0.02090866532
0.000317446416
0.02099274813
0.0003060733992
0.02107139271
0.0002845567548
0.02114179052
0.0002529982865
0.02120195031
0.0002147549487
0.02125319429
0.0001841702217
0.0001386662681
0.02002565466
-1.709409642e-07
0.02003080389
8.91047563e-06
0.02003947449
1.822980603e-05
0.02005195153
2.806474917e-05
0.02006852647
3.856281494e-05
0.02008944849
4.976100081e-05
0.02010434624
7.219212503e-05
0.02011877343
0.0001179945408
0.02015401011
0.0001333276424
0.02019345527
0.0001486343849
0.0202369357
0.0001635660232
0.02028410718
0.0001770247378
0.02033386694
0.000184474526
0.02038398473
0.0001820704499
0.02044044843
0.0001951753061
0.02050075924
0.0001781379436
0.02056472285
0.0001936757719
0.02064003761
0.0002180368021
0.02072058049
0.0002301783574
0.02080337913
0.000235818652
0.02088605489
0.0002347706509
0.02096596793
0.000226160364
0.02104046811
0.0002100565758
0.021106919
0.0001865473941
0.02116351973
0.0001581542256
0.02121189817
0.0001357917851
0.0001024360453
0.02002361371
-2.059951813e-06
0.0200291363
3.38789219e-06
0.02003838493
8.981183243e-06
0.02005153539
1.491429663e-05
0.02006878836
2.130985428e-05
0.02009033134
2.821802661e-05
0.02009177086
7.075260724e-05
0.02012334
8.642541341e-05
0.02015919128
9.747636273e-05
0.02019918677
0.0001086389016
0.02024305698
0.0001196958015
0.02029027536
0.000129806362
0.02033948377
0.0001352661182
0.02038816566
0.0001333885575
0.02044199123
0.0001413497405
0.02049770127
0.0001224278971
0.02055846708
0.0001329099661
0.02063122598
0.0001452778959
0.02070916926
0.0001522350757
0.02078921988
0.0001557680337
0.02086900362
0.000154986906
0.02094595398
0.0001492100061
0.0210175212
0.0001384893565
0.02108118453
0.0001228840749
0.0211352649
0.0001040738561
0.02118162229
8.943439312e-05
6.756717558e-05
0.02002177511
-3.986861852e-06
0.02002753375
-2.370742751e-06
0.02003717243
-6.574900677e-07
0.02005080041
1.286334687e-06
0.02006855574
3.554529396e-06
0.02007249154
2.428223614e-05
0.02009548555
4.775860747e-05
0.02012770679
5.420417251e-05
0.02016428289
6.090025929e-05
0.02020509123
6.783056434e-05
0.02024986469
7.492234128e-05
0.02029805846
8.161259804e-05
0.02034823802
8.508655673e-05
0.02039657388
8.505269269e-05
0.02044222025
9.570336826e-05
0.02048596639
7.868176e-05
0.02055203208
6.684427957e-05
0.02062488802
7.242195617e-05
0.02070137905
7.574404301e-05
0.02077967869
7.746838915e-05
0.02085761304
7.705255556e-05
0.02093267224
7.415080894e-05
0.02100237003
6.879156344e-05
0.02106425567
6.099843914e-05
0.0211167008
5.162872387e-05
0.02116176224
4.437294823e-05
3.357006858e-05
0.01972457764
0.0197222069
0.01972154942
0.01972283576
0.01972639029
0.01975067253
0.01979843114
0.01985263531
0.01991353557
0.01998136614
0.02005628848
0.02013790108
0.02022298763
0.02030804033
0.02040374369
0.02048242545
0.02054926973
0.02062169169
0.02069743573
0.02077490412
0.02085195668
0.02092610749
0.02099489905
0.02105589749
0.02110752621
0.02115189916
-0.0004629918752
-9.214518856e-07
-0.0004100965112
0.0003711704324
-0.0002835779952
-1.032143555e-06
0.0001381586159
0.0001464211169
0.0005028859103
-0.0004630501881
-9.129906579e-07
-0.0004101197132
0.0003711969818
-0.0008474482069
-5.687474481e-07
-0.0006672511056
0.0008444550422
0.0009529616188
0.0008786700569
-6.375678676e-07
-0.001017542089
-0.0008134520185
-0.0005634221641
-2.548281981e-07
0.0004925110181
0.000574051883
0.0006709561037
-0.0008475092367
-5.830190883e-07
-0.0006672698788
0.000844406031
0.0009529339768
0.0008786304432
-6.163827667e-07
-0.001017574844
-0.000813373193
1.652559945e-07
8.195175534e-06
0.0009445775542
1.62950085e-07
8.19347191e-06
-5.049759165e-05
5.293477762e-05
-2.857840345e-07
-2.151400396e-06
-5.055452661e-05
5.299489483e-05
-2.877989227e-07
-2.152567759e-06
1.418246631e-07
-9.175172605e-05
-3.100851399e-05
7.217177804e-05
1.200039797e-07
-9.17762732e-05
-3.107003366e-05
-0.001361816508
-7.782376704e-08
-0.0007364258896
0.001413526022
0.001454046422
0.0006795828839
-1.730677973e-07
-0.0006772462271
-0.001456210013
-0.001039205913
2.628996882e-06
0.001209133971
0.000772020498
-0.001361761185
0.000684798673
-8.551549611e-08
-0.000736485329
0.001413533357
0.001454031867
0.0006796005104
-1.621101275e-07
-0.0006772725532
-0.001456197715
1.329459326e-06
-0.0005454147814
0.001397157175
0.001015048079
0.0002732769295
5.928946033e-07
-0.0001321459773
-0.001156771928
0.0006009291247
1.337857038e-06
-0.0005454057806
0.001397170665
0.001015056908
0.0002732670642
5.99654696e-07
-0.0001321406501
-0.001156782979
1.084571382e-06
-0.0001034208657
0.0009039963378
0.0006760765825
3.797347618e-05
-1.174409104e-07
1.881429146e-05
-0.0007327469108
0.0002133881964
1.091311859e-06
-0.0001034158278
0.0009039932284
0.0006759585277
3.811421098e-05
-1.319744545e-07
1.874895035e-05
-0.0007326897157
2.998892943e-07
2.774970014e-05
3.579815277e-05
2.038685871e-07
1.097677705e-05
0.0006344710303
0.0005981037711
2.462185317e-05
-3.66382994e-08
-2.126544899e-05
-0.0006014235378
-1.088237882e-05
3.34370851e-07
2.777056415e-05
3.577234042e-05
3.024696293e-05
2.167192178e-07
1.098438308e-05
0.0006345104613
0.0005980086362
2.465876072e-05
5.759334936e-09
-2.124162056e-05
-0.0006014315359
-4.904929247e-07
0.0001279009333
-0.0004110200166
-0.0007378049592
-0.0002080072459
0.0006832872106
-1.853379028e-06
0.0004339931067
-4.384476527e-07
-0.0003488089308
-0.0005477376043
-0.0006768891462
-1.774398322e-06
0.0006048897738
7.378283775e-05
-4.966100476e-07
0.000127919786
-0.000411016335
-0.0007377043773
0.0002644119864
-1.876828601e-06
-0.0002080332468
0.0006832024664
0.0004339396639
-4.196899066e-07
-0.0003488974327
-0.000547672731
-0.0001231024635
-0.0001674813628
-6.158779656e-08
0.0002772547174
1.905672329e-09
1.33887911e-05
0.0001368803422
0.0001459821769
2.385855358e-09
-0.0002839179038
3.14724005e-07
0.0001229951578
1.482351522e-05
-1.197506263e-06
0.0001692979491
0.0002905509875
-0.0003122362376
2.083128586e-09
1.405405904e-05
0.0002897622453
1.734431803e-09
-0.0003124606694
0.0002782356066
1.399591785e-05
-4.143232131e-07
5.842543006e-05
-3.683648069e-06
5.764304388e-05
-5.782622048e-10
-2.779887239e-06
-6.314219305e-07
-0.001031334891
0.0008714363155
-0.001136596839
-0.0005977683437
0.001181234294
-2.103937548e-06
0.0006665727505
-3.95217161e-07
-0.0007389175417
-0.001289076498
-0.0009509318273
-7.391931351e-07
0.0009576210561
0.0006650060697
-6.237848563e-07
-0.001031406521
0.0008714548364
-0.001136521959
0.0005552100458
-2.111357734e-06
-0.0005977720144
0.001181195285
0.0006666523988
-3.962296541e-07
-0.0007388921244
-0.001289125229
-0.0005810604351
-0.001227908798
4.325228556e-07
0.001103589993
-1.229227914e-09
0.000704947947
0.001210895818
0.0007722300605
-0.0009435576437
-8.504647012e-09
-0.001036897002
-2.470038591e-06
0.0005833690486
0.0006290890462
-9.131595911e-07
8.725979315e-07
0.001227849483
0.0007761017452
-0.001232760207
0.0006276985335
1.813695611e-09
-3.350043467e-07
-3.492332197e-09
0.0007759057672
-0.001230708414
0.0011068066
0.0007048444531
6.352583514e-07
-0.0005790029245
0.0005914449218
-1.307725629e-05
-0.0005783342429
0.000591584842
-8.18667684e-10
-1.261451886e-05
-7.605811738e-06
-8.675418903e-05
-4.315535772e-08
8.08465073e-05
-8.327509343e-09
1.356497679e-05
-3.465390634e-07
8.741892e-06
-3.385638795e-06
-5.009712037e-06
3.360946111e-07
8.638284031e-05
-7.383887318e-05
-8.237694188e-06
-4.642367314e-06
-3.850219212e-06
-3.634105644e-09
-4.098496795e-06
-7.359021623e-05
-4.760382623e-09
-8.51480774e-06
-4.308306182e-06
8.109454747e-05
1.398703359e-05
-8.288848042e-10
-2.021985847e-05
0.0005861291734
3.380840293e-07
7.746748791e-06
5.320456002e-05
3.199935234e-05
2.448220424e-08
-2.022831426e-05
0.0005862131145
3.052334327e-08
-0.001501426244
0.0003608949132
-0.001591449784
-0.0004980524311
0.001635786286
-6.017449089e-07
0.001719065766
0.0003730007456
-0.0003915087231
-0.001700323007
-2.347819654e-07
-0.001591366844
2.458852674e-07
0.001603109132
0.00058894095
0.001413800803
3.227321826e-08
-0.001501464891
0.0003608988795
-0.001591477353
0.0004543611423
-5.71876963e-07
-0.000498106175
0.001635794263
0.001719093541
0.0003729898024
-2.306702602e-07
-0.0003915139202
-0.001700338753
4.121293816e-08
-0.001166475522
0.0001173029543
-0.0003506941653
0.001728312718
-1.384409541e-07
0.001701841136
0.0002348422732
-0.0002187593243
-0.001717843376
-8.070881771e-08
3.12374684e-07
0.00132990678
0.000296969846
0.00108733413
-6.728372052e-09
-0.00116641347
0.000117200278
0.0003415627675
-1.429080465e-07
-0.0003506851476
0.001728358832
0.001701547916
0.0002346246829
-1.234091196e-07
-0.0002181441327
-0.001717905058
-0.0002565721839
0.0005224470063
-7.227100435e-07
1.440150539e-09
1.210116656e-05
-0.0004099420067
0.0003708815824
6.127762238e-10
0.000501589545
-0.0004634511875
-8.574146186e-07
0.0002582538346
-0.0003769419449
-1.239051822e-06
-0.0005230693043
0.0003717205364
0.0005237582513
7.97966713e-10
-0.00037761016
0.0003703745742
1.270841875e-09
0.0005217136869
1.269742439e-05
-1.724388774e-07
0.0003553090183
1.658395494e-05
2.049991741e-10
0.0003541295259
1.60723993e-05
-0.0001231020654
-0.0001674797572
-5.74771914e-08
0.0002772525846
1.338862558e-05
0.0001368813508
0.0001459757821
-0.0002839175249
3.088053626e-07
0.0001229922105
1.482178661e-05
-1.206678017e-06
0.0001692891776
0.0002905599044
-0.0003122212868
1.405383519e-05
0.0002897494757
-0.0003124583933
0.0002782291303
1.399478354e-05
-0.0002565752963
0.0005224474136
-7.192701935e-07
1.210117919e-05
-0.0004099009708
0.0003708733634
0.0005016235303
-0.0004635083066
-8.662708963e-07
0.0002582535757
-0.0003769471156
-1.243418508e-06
-0.0005230665936
0.0003717258414
0.000523781151
-0.0003775922672
0.0003703783859
0.0005217002334
1.26968394e-05
-1.72365241e-07
0.0003553147223
1.658348209e-05
0.0003541340185
1.607219882e-05
-0.0007421736581
0.0005113722614
1.17396781e-06
0.0007331523916
8.315365406e-10
-0.0005035257939
1.671842267e-06
0.0007417506007
-0.0003977354316
9.622005098e-06
-2.430467777e-07
-0.0005126133036
0.0005043006546
8.555695367e-06
1.70868762e-10
-0.0003954175632
9.045090215e-06
0.0005026004484
5.013547111e-10
8.528256247e-06
0.0007355340267
-0.000505222781
0.0005197216362
0.0008620592403
4.346197941e-07
8.349127935e-10
-0.0006490639432
-0.001018813529
-0.0008117234763
-4.702141942e-10
0.0009517122388
0.0008781876662
2.607171307e-06
-0.0005224759632
6.627353757e-06
-6.264277059e-07
-0.0008631154999
-0.000835632798
0.0008859227063
2.749025964e-09
6.112974108e-06
-2.050279181e-09
-0.000835232885
0.0008849442668
-0.0006496228196
-0.0007421893219
0.0005113879837
1.174471591e-06
0.0007331468775
-0.0005035191908
1.669044322e-06
0.0007417789169
-0.0003977549441
9.621702545e-06
-2.42428238e-07
-0.0005126405064
0.0005043275575
8.555376672e-06
-0.0003954302831
9.044180234e-06
0.0005026185699
8.527477151e-06
0.0007355220672
-0.0005052091994
0.000519730811
0.0008620565267
4.338433269e-07
-0.0006490734757
-0.001018850818
-0.0008116630948
0.0009517170628
0.0008781799939
2.611537743e-06
-0.0005224881166
6.629288835e-06
-6.252398777e-07
-0.0008631068062
-0.0008355911535
0.0008859500061
6.112848387e-06
-0.0008351816645
0.0008849478033
-0.0006496390139
-6.785655848e-09
8.326636479e-06
0.0009435470884
8.326135803e-06
-1.913536354e-09
-5.125462031e-05
5.234591719e-05
-1.375168752e-06
-5.124383667e-05
5.232894904e-05
-1.374823051e-06
-9.167464903e-05
-3.119901333e-05
-6.383000631e-10
7.176150721e-05
3.382192734e-07
-1.29104899e-06
2.01674767e-08
0.000111181704
-1.396367592e-09
-9.591429425e-07
-2.142117469e-09
0.000110934659
-4.148830237e-07
5.844329308e-05
-3.681308212e-06
5.764694457e-05
-2.778811989e-06
-9.168307416e-05
-3.120839256e-05
7.176700142e-05
3.420797089e-07
-1.292996183e-06
2.945495576e-08
0.0001111346437
-9.596754413e-07
0.0001109603394
-0.000630056259
0.00113381276
-2.991683593e-06
3.095519084e-09
0.0006028220793
5.501176592e-07
0.0006305368484
-1.997920758e-06
-1.913291439e-06
-0.001131739038
0.0005592756806
-4.626273521e-06
1.173645357e-09
-1.808782557e-06
1.749965519e-09
0.0005575034632
-3.9399877e-06
0.0006026127255
-0.0005810687991
-0.001227920113
4.319593302e-07
0.001103584891
0.0007049708316
0.001210923557
0.0007722042167
-0.001036960192
-2.469086651e-06
0.000583391912
0.0006291263408
-9.151945754e-07
8.55659572e-07
0.001227868413
0.0007761114441
-0.001232815019
0.0006277230887
-3.356071069e-07
0.0007759044633
-0.001230768193
0.001106797559
0.0007048947224
-0.0006300802644
0.001133833588
-2.986903173e-06
0.0006028215628
5.469592719e-07
0.000630579478
-2.000097432e-06
-1.912640009e-06
-0.001131770606
0.0005790054927
0.000559305724
-4.627971313e-06
-1.809044218e-06
0.0005783381904
0.0005575245268
-3.940016334e-06
0.0006026195294
-0.001167192885
0.0003825901795
1.969776814e-06
0.0007859014
-3.768934747e-09
-3.264705458e-06
-0.0005455325861
0.001397994336
-9.860589837e-09
0.0006015636372
-0.001452686068
2.693883431e-06
0.001165038554
-0.001121702293
7.362728418e-07
-0.0003837439531
0.00129747712
0.0004826877353
-5.298126094e-09
-0.001118441445
0.001297411934
-2.887640584e-09
0.0004839117399
0.0007871512679
-3.886894625e-06
0.0005734587678
0.000222874268
-3.837571608e-07
-3.469698335e-09
-1.004440955e-05
-0.0001317196017
-0.001156772567
-1.628710018e-09
0.001014919694
0.0002741669975
-5.608285365e-07
-0.0005725036611
0.0004505013172
-9.582804175e-06
1.32782444e-06
-0.0002247398528
0.0003641172178
-2.076922828e-09
0.0004499877029
-8.807291386e-06
-2.199915233e-09
0.0003648436606
-1.047600269e-05
6.355245522e-07
0.0005914438852
-1.307391616e-05
0.0005915855389
-1.261263862e-05
-0.001167197106
0.0003825927164
1.962239742e-06
0.0007859023241
-3.263940842e-06
-0.0005455127379
0.001397960928
-0.001452682755
0.0006015625547
2.704952009e-06
0.001165041787
-0.001121708633
7.505967281e-07
-0.0003837363495
0.001297500577
0.0004826558399
-0.001118424652
0.001297407035
0.0004838943148
0.0007871516642
-3.883988696e-06
0.0005734686516
0.0002228637914
-3.895914563e-07
-1.004399672e-05
-0.0001317259119
-0.001156766095
0.001014923691
0.0002741663466
-5.55031817e-07
-0.0005725232837
0.0004505194955
-9.58182936e-06
1.336273299e-06
-0.0002247129369
0.0003640942592
0.0004499929517
-8.807325173e-06
0.0003648388022
-1.047415199e-05
-5.544555777e-07
-6.502558314e-05
-8.258832951e-06
-6.699381326e-05
-8.258606253e-10
-7.150032711e-06
-0.0003621068325
4.920750671e-05
2.587647074e-07
0.0003216842659
-1.164965388e-09
-9.042542461e-06
-0.0001023333339
0.0009045087333
-2.121243514e-09
0.0002138309883
4.644458055e-07
0.0003611593546
-1.454334825e-05
4.063839337e-07
-4.959982355e-05
0.0008102787223
0.0001429110565
-2.210671023e-09
-1.398580181e-05
0.0008107126302
-9.806810377e-10
0.0001434109831
0.00032155747
-9.73916004e-06
0.0003300911139
1.088978954e-06
-8.73484393e-07
-2.719668972e-09
-8.619618452e-06
1.848907667e-05
-0.0007330696145
1.663747198e-09
0.0006759462789
3.851515458e-05
-4.378021223e-07
-0.0003280250072
0.0002822515175
3.66970347e-07
-1.689645047e-06
7.885448858e-05
-1.996437596e-09
0.0002811505754
-1.383209824e-09
7.910035039e-05
-9.030659592e-06
-5.548941912e-07
-6.502197276e-05
7.383749863e-05
-8.260629629e-06
-6.698849028e-05
7.358351358e-05
-7.150748599e-06
-0.0003621146909
4.921656135e-05
2.556806106e-07
0.0003216840599
-9.042768205e-06
-0.0001023311277
0.0009045102866
0.000213833729
4.692726938e-07
0.0003611770556
-1.454266139e-05
4.129360578e-07
-4.961489076e-05
0.0008102657644
0.0001429294208
-1.398580495e-05
0.0008107210758
0.0001434177345
0.0003215570408
-9.739189234e-06
0.0003300894322
1.089423933e-06
-8.775610884e-07
-8.619945768e-06
1.847625357e-05
-0.0007330902191
0.000675881296
3.86023517e-05
-4.31495838e-07
-0.0003280171673
0.0002821756414
3.736056382e-07
-1.693617463e-06
7.88960582e-05
0.0002811437012
7.909251131e-05
-9.031306096e-06
-2.559777282e-05
8.574955963e-05
-5.057861416e-07
-5.119519772e-09
2.12056279e-05
2.808985823e-05
3.552576128e-05
-6.344060318e-09
-1.096346977e-05
-7.405678501e-08
2.629069866e-05
-1.852583554e-06
7.258470362e-08
-8.539399156e-05
9.617129513e-05
2.494826231e-05
-4.197923586e-09
-1.427991916e-06
-4.927664741e-09
9.625078766e-05
2.51020429e-05
2.148545449e-05
-7.601822937e-06
-8.674857724e-05
-5.645242703e-08
8.085045373e-05
1.354807869e-05
-3.410815397e-07
8.731729779e-06
-3.386834666e-06
-5.003811507e-06
3.455371557e-07
8.636864624e-05
-8.235924599e-06
-4.640761022e-06
-3.849731316e-06
-4.096804712e-06
-8.516937321e-06
-4.307357845e-06
8.110304697e-05
1.394087985e-05
-2.559650364e-05
8.576645012e-05
-5.15253242e-07
2.119064226e-05
2.808109202e-05
3.552420098e-05
-1.094832513e-05
-5.818638542e-08
2.629139315e-05
-1.849482609e-06
7.648349809e-08
-8.543804609e-05
2.491343473e-05
9.622046375e-05
-1.427537415e-06
2.50747147e-05
9.628748827e-05
2.144112548e-05
5.996975078e-05
-3.955797661e-06
-0.000732921397
-0.000851091263
-0.0001054536384
0.0008240571177
-3.226506485e-06
0.0002223891213
-0.0001739670534
-3.903681683e-06
-0.0007823233452
-0.0008380969143
-3.342414699e-06
0.0008046560141
3.679004814e-05
-3.963945797e-06
6.001188857e-05
-0.0007329266619
0.0001356900914
-0.0008511765855
-3.212065435e-06
-0.0001054333082
0.0008241318678
0.0002224447855
-3.929500402e-06
-0.0001739466966
-0.000782272966
-8.843741169e-05
-0.000619328491
9.43368561e-07
0.0005347217334
0.0001720993332
1.467487266e-09
-9.393977127e-07
8.87056562e-05
0.0005171443124
-1.776757343e-06
0.0006157403052
0.0001426184387
-0.0006828007748
0.0006084703272
7.357101621e-05
1.348859207e-09
-0.0006838005156
0.0005190968214
8.449005487e-10
0.0001421464848
1.340059306e-09
-0.0006896820578
0.0005327772498
0.000172612077
-3.990543206e-06
-0.0008040334478
0.0002631000869
2.566488088e-08
-0.003900092488
-0.0002283125566
-0.0001909309465
-0.0002085701711
-0.0002094982701
0.0009615279847
0.0009083848268
0.0009951756977
0.0008833685958
0.0008943908452
0.0003365447835
-0.0003179371024
-0.0008965450485
-1.645347779e-05
-0.0008771753867
-3.220352045e-06
0.0008526175556
0.0001634682762
0.0007673851284
-3.966173281e-06
-0.000804081112
0.0002631069435
-0.003899722089
0.0009889096251
-0.0002283131167
-0.0001909866756
-0.0002085758071
-0.0002094942164
0.0009615038143
0.0009082961029
0.000995066916
0.0008833411103
0.0008942595472
0.0003365422622
-1.646285286e-05
-0.0003178911897
-0.0008964477668
-3.216104839e-07
0.0004953496488
-0.0006244936075
-0.0003658753925
0.0008813277421
-9.393433004e-06
0.0005863844919
-9.777617394e-07
-0.0005748063584
-0.0008580485772
-2.247232015e-06
0.0007237798687
0.0003102644769
-3.222297181e-07
0.0004953563141
-0.0006245165875
0.0003883249652
-9.404569877e-06
-0.0003659419908
0.0008812811432
0.000586303949
-9.694373893e-07
-0.0005747669717
-0.0008580767749
-0.0006181292772
-0.0005983775802
8.456421703e-07
0.0007121342289
1.188971242e-09
0.0004924107011
0.0005729993007
3.38384325e-09
-0.0005640734649
-5.784675501e-07
0.0006190881026
-3.789318478e-07
0.0005987013374
0.0006320581468
-0.0006563196797
-9.265071488e-10
0.0006309101281
1.0848181e-09
-0.0006566684276
0.0007134122943
-1.343023317e-06
0.0005834647742
-0.0009468323826
-0.001018487266
-0.0003748833768
0.001032767524
-3.051518913e-06
0.0005148589361
-0.0005467910262
-4.429787051e-06
-0.001100234963
-0.0009267495765
-9.139608753e-06
0.0009305808021
0.0003936333488
-1.362905671e-06
0.0005835027137
-0.0009467676839
0.0003637018611
-0.001018644431
-3.032758847e-06
-0.000374800964
0.001032776293
0.000514126728
-4.42480485e-06
-0.0005467138751
-0.001099510008
0.0009578344795
0.0006632102804
-0.0006691573482
4.589793667e-09
-0.0009526222681
-3.451190619e-07
0.0007561021091
-0.0007849523793
0.000986752822
0.0007550640067
-0.0007838630267
0.0009862935076
-5.127683677e-09
-0.001048925636
5.705402227e-07
0.001099318185
0.0007041003308
5.870037686e-10
-9.85488547e-07
0.001048338308
0.0006374180837
-0.001019689918
0.0006350575196
-3.901470323e-09
-0.001021754462
0.001099678079
0.0007053328756
7.804619639e-06
5.332495532e-05
-2.287840224e-09
1.079375971e-07
7.911670404e-05
6.540434308e-08
0.0001175164668
3.178961762e-05
7.904423768e-05
1.285620464e-10
0.0001177443626
3.18958354e-05
9.429551401e-10
2.821597491e-08
4.929337424e-05
-3.357052935e-09
4.923397381e-05
-4.89778358e-06
-0.001145448032
0.0004811789579
-5.367132994e-09
-0.004698322087
-0.0004011906056
-0.0003529686199
-0.0003932398471
-0.00036751116
0.001260127808
0.001149678071
0.001274983512
0.001142694554
0.001228392478
0.0003852019395
-0.0004232694932
-0.001166162686
-2.416223851e-05
-0.001046773731
-4.816996528e-06
0.001059001023
0.0003562915656
0.001183330269
-4.90431479e-06
-0.00114362314
0.0004793239132
-0.004698680526
0.001386016334
-0.0004012605453
-0.0003529408956
-0.0003932239202
-0.0003676594148
0.001260218274
0.001149677123
0.001274997346
0.001142850845
0.001228371134
0.0003852186249
-2.416582042e-05
-0.000423194049
-0.001166229889
-3.787234763e-07
-0.00131777733
0.0006050453767
-0.0004553764182
0.001270589932
-1.333923773e-05
0.001403693424
0.0004753151379
-0.0005150489726
-0.001362028786
-1.930802818e-06
-2.776106743e-06
0.001216933737
0.000524382681
0.001379719376
-3.864159442e-07
-0.001317778198
0.0006050976356
0.0004263892137
-1.334500278e-05
-0.0004553630029
0.001270689923
0.001403745628
0.0004752974723
-1.94474684e-06
-0.000515028494
-0.001362069859
-2.330085021e-07
-0.001543218369
0.00063169667
-0.0005263136737
0.001450045839
-3.262662616e-06
0.0004703059993
-0.0005175536231
-3.460575304e-07
-0.001543856104
-1.782782625e-07
0.001437018216
0.000627678112
-1.997932278e-07
-0.001543177547
0.0006316110031
0.0004832548607
-3.275780828e-06
-0.000526289648
0.001450056195
0.0004703246864
-3.09662153e-07
-0.0005176979553
-0.001543794422
0.001602523111
0.0005895552161
-1.664165312e-08
-0.001590286169
-1.041270487e-07
0.0005142969585
0.001571527484
0.0005151221999
0.001571210363
-1.841954054e-09
-0.001664156782
1.353120351e-07
0.001679283185
0.0004998496558
1.083018209e-08
-8.008808992e-08
0.001664825878
0.0005463557231
-0.001622033829
0.0005467074729
-2.731096146e-08
-0.00162136182
0.001679772274
0.0004994858701
0.001330020963
0.0002977039184
-0.001413582311
-8.099128637e-11
1.479708858e-07
0.0002268425373
0.001245807899
0.0002275543877
0.001246022122
3.404348126e-09
-0.001589978589
-5.928129943e-08
0.001536116073
0.0002814656449
1.054374696e-08
9.022043354e-08
0.001590016233
-0.001633614937
0.0003404754162
-0.001633355777
0.0003411684815
2.851174619e-09
0.001536122466
0.0002806770271
1.69450926e-08
-0.000950234264
4.700856763e-05
-0.0001790192327
-2.098235933e-08
0.001684772628
0.001624429039
0.0001306140393
-0.0001021999762
-0.001652630494
-2.126083419e-07
2.08787133e-07
0.001026020881
9.1351422e-05
0.0009279899184
-1.768373753e-09
-0.000950404664
4.707527487e-05
0.0001958467174
-4.060356866e-08
-0.0001774522071
0.001683194009
0.001624395646
0.000130630342
-1.949674201e-07
-0.0001021809914
-0.00165265003
-7.879859e-05
0.001605107253
-2.25970814e-07
4.931915981e-08
0.0009064812709
5.345868475e-05
9.843258657e-05
-2.513935218e-07
-7.88854824e-05
0.001605099935
-8.411505925e-07
-0.001528812854
0.0004298884576
2.041700748e-08
-0.005620651095
-0.0003994438553
-0.0003962996007
-0.0004133921282
-0.0003935813235
0.001551696576
0.001373801817
0.001549527894
0.001387470834
0.001470843817
0.0003121061535
-0.0003520631805
-0.001401420902
-2.946588661e-05
-0.001376031655
-1.195170312e-05
0.00143483978
0.0004363984406
0.001570088413
-8.37956798e-07
-0.001528776959
0.0004298511889
-0.005620785245
0.001361004212
-0.0003994620553
-0.0003963413193
-0.0004134346929
-0.0003936002229
0.001551713497
0.001373826214
0.001549522234
0.001387577801
0.001470810276
0.000312139815
-2.944809453e-05
-0.0003520557529
-0.001401446242
-0.001670344542
-4.359625863e-07
0.0003495981208
-0.0003520589325
0.001521909132
-1.819250988e-05
0.001606784068
0.0002852620242
-0.0003064245033
-0.001584237623
-1.383965182e-06
-1.711244046e-06
0.001608161345
0.0004179994536
0.001694192509
-4.339654252e-07
-0.001670369164
0.0003496004267
0.0003191673911
-1.820422468e-05
-0.0003520689244
0.001521916034
0.001606766625
0.0002852766273
-1.380867334e-06
-0.0003064179826
-0.001584244401
-0.001725958742
-1.335922927e-07
0.0002366617411
-0.0002881080589
0.001623812035
-8.761278317e-07
0.001658388804
0.0002077042966
-0.0002163546972
-0.001649521103
-2.172986988e-07
-2.697901893e-07
0.00171244197
0.000323583101
0.00172431407
-1.421372759e-07
-0.001726022117
0.0002364748663
0.0002719028219
-8.773273379e-07
-0.0002880916232
0.001623832755
0.001658401816
0.000207773416
-2.313217507e-07
-0.0002163937417
-0.001649550167
-0.001702041659
0.0001441614795
-5.148657163e-07
-0.0002030013282
0.001668072202
-5.850617458e-07
1.265923601e-08
0.00676941881
0.0006004676496
-0.0001659922695
-0.0001504782853
-0.0001493171628
-0.0001669681494
-0.001691896944
-0.001676987656
-0.001675396692
-0.001692861943
-1.085087436e-07
0.001717512118
0.0002027571769
0.001689082966
-4.959921242e-07
-0.001702780137
0.0001448235054
0.0001937935809
-5.731905206e-07
-0.0002029043285
0.00166808575
0.006769827463
0.0006000045546
-0.0001662413201
-0.0001505910057
-0.0001492881537
-0.0001674883349
-0.001691641552
-0.001676884595
-0.001675418991
-0.001692265412
-0.0007118218465
0.0007746979456
1.937739688e-07
4.099240965e-10
-0.0006659945261
0.0008446011414
3.658823331e-09
-0.0008483363678
-4.11655147e-07
0.0007119448498
-0.0007467261528
-2.020344485e-07
-0.0007759280997
-2.483476763e-09
-0.0007473154157
1.141941828e-09
-0.0006181358048
-0.000598370042
8.469382555e-07
0.0007121409023
0.0004924381302
0.0005729932947
-0.0005640593451
-5.713455069e-07
0.000619108563
-3.870719446e-07
0.0005986769787
0.0006320476036
-0.0006562856289
0.0006308572084
-0.0006566199472
0.0007134232776
-0.0007118313279
0.0007747051012
1.940614287e-07
-0.0006659912632
0.0008445219097
0.0006693000159
-0.0008484100192
-4.049036204e-07
0.0007119710147
-0.0007467883853
-2.099866472e-07
-0.0007759493403
0.0007849742055
-0.0007473727696
0.0007838365034
-0.001357551741
0.0007284764719
3.828431306e-07
0.001333636161
4.213173386e-09
-0.0007359963155
0.001412557115
1.178457471e-08
-0.001361158079
0.000684507671
5.457572501e-08
0.001358335403
-0.001318714122
-2.440537898e-07
-0.0007280877157
0.001447856838
0.0006940009539
2.344992197e-09
-0.001317590061
0.001446659824
1.059642352e-08
0.0006941191086
0.001335474977
0.001239334365
0.0006979877265
-8.678919038e-07
4.038930853e-09
-0.0006779691393
-0.001455385123
-6.514852199e-09
0.0006805016369
-4.265994215e-07
-0.00123924624
1.9537107e-07
-0.0006979735606
0.0006894250121
6.384327884e-10
6.826402327e-09
0.0006894509639
-0.001357557942
0.0007284937333
3.911268922e-07
0.001333648123
-0.0007360265026
0.001412546131
-0.001361095417
0.0006845020594
5.475995869e-08
0.001358352041
-0.001318780686
-2.721430127e-07
-0.0007281371483
0.00144787785
0.0006940647986
-0.001317622879
0.001446641106
0.0006941372105
0.00133550074
0.001239329365
0.0006980037899
-8.594406659e-07
-0.0006779954695
-0.001455351821
0.0006804959039
-4.344048733e-07
-0.001239241057
1.816032397e-07
-0.0006980197687
0.0006895182998
0.0006894815013
-0.000284715009
8.660902835e-06
-6.546752251e-08
0.0002896941464
-9.594725417e-09
1.104883658e-05
0.0006346963976
-1.019278674e-08
3.041510401e-05
1.026378649e-06
0.0002839642265
-3.044861803e-08
-8.409088859e-06
0.0006119595873
3.095098008e-05
-4.022245819e-09
0.0006121362344
-1.357345036e-08
3.120419158e-05
0.0002894767101
0.0002956627173
1.528944779e-05
-4.669130581e-08
-5.701400068e-09
-2.157832524e-05
-0.0006014290815
-7.289694555e-09
0.0005983599774
2.461807836e-05
-1.330992204e-08
-0.0002955907352
0.0002992868577
-1.771600502e-08
-1.532474187e-05
2.587850879e-05
-7.191169678e-09
0.0002991803212
-4.479109518e-09
2.598336278e-05
-0.0002846946695
8.617800316e-06
-8.010329294e-08
0.0002896954578
1.104789478e-05
0.0006346702078
3.036971443e-05
1.024033366e-06
0.0002839000677
1.968043175e-08
-8.280785622e-06
0.000611954446
3.081711987e-05
0.0006121752348
3.111887744e-05
0.0002894800448
0.0002956749442
1.52679404e-05
-6.248849011e-08
-2.150450336e-05
-0.0006014398763
0.000598250109
2.469272743e-05
1.494588243e-08
-0.0002955916383
0.0002992485024
-2.95170524e-09
-1.52670497e-05
2.579290847e-05
0.0002992529052
2.599586474e-05
0.0001276627468
-0.0004120891432
2.234342156e-09
-4.899109858e-07
-0.0004326809037
0.0002488355095
-0.0004336651105
0.0002483754181
1.856208529e-09
-0.0001064263225
5.706998203e-07
0.0002069105854
1.658682938e-09
-5.760236534e-07
0.0001066967245
2.061072159e-09
0.000207363764
-0.0006388649778
0.0002462291266
9.351418937e-07
0.0005637998089
2.327654574e-10
-1.796277044e-06
0.0006356024862
-0.0006991950161
-1.027072822e-06
-0.0002470057134
0.0006201234813
0.0003111965159
-0.0002073832
0.0006869506667
1.246079432e-09
0.0002632760609
-0.0007446981517
-6.231355524e-10
-0.0007058973446
0.0006221486227
2.397635677e-10
0.0003100038566
0.0005621439921
-0.0003479699727
-0.0005487303393
-7.541948137e-10
0.0004328114272
-3.33051949e-07
-0.000476582317
-0.0004775392272
1.457990145e-09
0.0002926347676
5.363311243e-07
6.664271174e-11
-6.29593774e-07
-0.000293461766
0.0003664772347
-2.187308009e-10
0.0003654236711
-8.843524684e-05
-0.0006193294955
9.461926735e-07
0.0005347242416
0.0001720957732
0.0006084693361
7.353886499e-05
-0.0006837726573
-9.417519104e-07
8.870010081e-05
0.0005171365431
-1.780116988e-06
0.0006157417158
0.0001426225378
-0.0006828012998
0.000519097927
0.0001420927608
-0.0006896621674
0.0005327871267
0.0001726008802
0.0001276655564
-0.0004120929193
-5.002451067e-07
-0.0004326769645
0.0002488757077
-0.0004336546638
0.0002483634338
-0.000106424675
5.773356131e-07
0.0002069185712
-5.795339978e-07
0.0001066971089
0.000207384603
-0.0006388760523
0.0002462252436
9.358329596e-07
0.0005638109823
-0.0002074101058
0.0006868786282
-0.0007445918202
0.0002632477146
-1.787596588e-06
0.0006356365464
-0.0006992596589
-1.039161412e-06
-0.0002470131375
0.0006200501328
0.0003112046324
-0.0007059816153
0.00062209561
0.0003099693356
0.0005621601215
-0.0003480025514
-0.0005487106043
0.000432784399
-3.388337637e-07
-0.0004766300096
-0.0004775687628
0.0002926271915
5.336629405e-07
-6.300146745e-07
-0.0002934483746
0.0003664557886
0.0003653819584
-0.001029998278
0.0008706464835
1.103473466e-08
-1.946993911e-07
0.0008415353368
-3.281518186e-07
-0.001172428565
0.0008114328253
0.0008410450916
-2.955479344e-10
-0.001171776086
0.0008113759335
1.006711483e-08
2.962991145e-07
0.0007682850014
5.887736977e-09
0.0007690811452
-0.001124141752
0.0006471426774
9.067304033e-07
0.001180188256
4.417516554e-09
-1.541202563e-06
0.00112236479
-0.001081173848
-1.188772241e-06
-0.0006489442514
0.001227472969
0.0006038943474
-0.0005952293236
0.001184648006
3.551089971e-09
0.000552742702
-0.001144268875
1.276074194e-09
-0.001085856038
0.001228398068
2.983056816e-09
0.0006022008535
0.001179660137
-0.0007386596191
-0.001288973986
3.553048654e-09
0.0006660767538
-3.741800292e-07
-0.00124582466
-0.001245251872
3.94319014e-09
0.0007027172642
4.995877723e-07
4.529686809e-09
-5.781417108e-07
-0.0007034162034
0.0006423908133
3.334063177e-09
0.000641559865
0.0009579114062
0.0006631298296
-0.0009524758183
-3.298051358e-07
0.0007560998145
0.0009868252536
0.000755064248
0.0009863487263
-0.001048931315
5.660579382e-07
0.001099288637
0.0007041414511
-9.763744612e-07
0.001048351222
0.000637389646
-0.001019758423
0.000635021976
-0.001021803737
0.001099598863
0.0007054182313
-0.001030073696
0.0008706807447
-1.830443622e-07
0.0008415517834
-3.38334492e-07
-0.001172420605
0.0008113987574
0.0008410394919
-0.001171758434
0.0008113427143
2.982563745e-07
0.0007682773219
0.000769028295
-0.001124151322
0.0006471527922
9.112348758e-07
0.001180233157
-0.0005952370297
0.001184600764
-0.001144279135
0.0005528075876
-1.539772159e-06
0.001122389642
-0.00108123224
-1.194153298e-06
-0.0006489683958
0.001227484879
0.0006038729531
-0.001085904874
0.001228393527
0.0006021688519
0.001179750708
-0.0007386322954
-0.00128900879
0.0006661529871
-3.899437722e-07
-0.00124588411
-0.001245298464
0.0007027093553
5.071833559e-07
-5.852823834e-07
-0.0007034020715
0.0006423470019
0.0006415121389
-2.026111085e-05
0.0005862244939
-5.489904363e-09
3.24012651e-05
7.988140139e-08
0.0003107767441
0.0003108889107
6.013801382e-09
2.539972504e-05
6.188282243e-09
-3.461821722e-10
-2.918581953e-08
-2.546244689e-05
1.927903921e-05
4.862844228e-09
1.934591958e-05
7.823399413e-06
5.33310773e-05
7.744677383e-08
7.907078558e-05
4.566321644e-08
0.0001175373268
3.184201846e-05
7.904207645e-05
0.0001177380905
3.192708934e-05
1.985428143e-08
4.928665865e-05
4.919605728e-05
-2.028847729e-05
0.0005863207342
3.223683814e-05
2.76554039e-08
0.0003108345548
0.0003109251933
2.540511045e-05
1.907513152e-08
-5.449249022e-08
-2.547579176e-05
1.93803856e-05
1.941974594e-05
-0.001501126679
0.0003617422776
-3.833163922e-10
3.251653247e-08
0.0004341859414
0.000434959429
4.318846853e-10
0.001666167224
9.73351591e-08
0.0004479733407
4.714185939e-09
-2.462213585e-08
-0.001666580432
0.0003938850332
0.0003945295342
-4.27660107e-10
0.0004474751226
-0.001660193995
0.0004659167284
1.848702005e-07
0.001693915414
2.663770024e-08
-2.326994771e-07
0.001660750293
-0.001612214304
-4.992465607e-07
-0.0004660679655
0.001671992202
0.0004303612943
-0.0004979752042
0.001635363625
2.992093607e-09
0.0004530850912
-0.001591078253
-1.299870736e-08
-0.001611681433
0.001671728599
1.910314803e-08
0.0004290333993
0.00169435306
0.001711540075
0.0004301947334
1.46392216e-07
7.552342463e-09
-9.12354985e-08
-0.001711892963
0.001714360516
-3.580226807e-07
-0.0004300816088
0.0004021088311
-0.0003918557405
-0.001700159044
1.139655171e-09
0.001718947485
0.0003728313852
-7.087381634e-10
0.001714123346
7.224920502e-09
0.0004013990425
0.001602551011
0.0005895062995
-0.001590265517
-9.515592475e-08
0.00051428761
0.001571572513
0.000515134937
0.001571213388
-0.001664178323
1.490111504e-07
0.001679277622
0.0004998974556
3.810990539e-08
0.001664921002
0.0005464413959
-0.001622459559
0.0005466792268
-0.00162134046
0.00167977341
0.0004995842069
-0.00150114895
0.0003617557202
0.001413591469
3.582383734e-08
0.0004341660546
0.0004349394987
0.001666184052
1.013777269e-07
0.0004479364081
-2.233443852e-08
-0.001666634579
0.0003938904894
0.001633665304
0.0003945426657
0.001633374351
0.0004474062657
-0.001660163808
0.0004659097348
2.206386955e-07
0.001693957523
-0.0004979629742
0.00163535658
-0.001591054757
0.0004530922598
-1.26619975e-07
0.001660735486
-0.001612273649
-5.295917773e-07
-0.0004660645231
0.001672008257
0.0004303801193
-0.001611587178
0.001671707332
0.0004290484895
0.001694475802
0.001711557405
0.0004301899144
1.541622858e-07
-0.0003918658445
-0.001700143739
0.001718958735
0.0003728213286
-8.667361954e-08
-0.001711960244
0.001714423492
-3.643661225e-07
-0.0004300759847
0.0004021098588
0.001714146844
0.0004013963626
-0.001166755302
0.0001179323483
2.202121949e-09
0.001087377115
1.404697128e-07
0.0001580463943
0.0001585054413
2.19971465e-09
0.00147643629
-4.496322529e-08
0.000218217338
1.285155328e-08
3.57067264e-08
-0.001476272622
0.0001819712114
0.001411568658
0.0001822108706
7.317041265e-09
0.00141218615
0.0002178512724
-0.001704060601
0.0003036959758
5.949443948e-09
0.001681806938
1.738095281e-08
-2.459729045e-08
0.001704166369
-7.602967445e-08
-0.0003030577542
0.001728953675
0.000302492829
-0.0003512008033
0.001728242339
6.240375734e-09
0.0003417612699
5.831520524e-09
0.001728978499
1.256641931e-08
0.0003028712127
0.001681791586
0.001649933788
0.0002500505121
1.598270429e-08
2.39922811e-08
5.466323036e-09
-0.001649938852
0.00161314527
-5.364716402e-08
-0.0002497199787
0.0002608839199
-0.000219314485
-0.001717756393
6.227122011e-09
0.001701618733
0.0002353652065
2.780079762e-08
0.001612807835
1.268076128e-08
0.0002612062894
0.001330038756
0.0002976987393
1.471568354e-07
0.0002268841578
0.001245804886
0.000227567959
0.001246039096
-0.001590000391
-4.197453431e-08
0.001536106738
0.0002815141269
8.587471095e-08
0.001590074949
0.0003404743277
0.000341161434
0.001536134741
0.0002807823955
-0.001166718445
0.0001179217775
0.001087394492
1.28148244e-07
0.0001581593293
0.0001585435134
0.001476520188
7.796287806e-09
0.0002181351141
-9.251865867e-08
-0.001476596938
0.000180601993
0.001413287742
0.0001818605956
0.001412496171
0.0002177049332
-0.001704089999
0.0003036943889
3.297065699e-08
0.001681894149
-0.0003511926274
0.001728275781
0.0003417389154
-3.148678876e-08
0.001704244163
-9.576909017e-08
-0.0003030515792
0.001729041143
0.0003024650408
0.001729045325
0.0003028416386
0.001682007951
0.001649925802
0.0002500416893
8.576311613e-08
-0.0002191337475
-0.001717739095
0.001701529289
0.0002352263652
-1.964179519e-07
-0.001650112391
0.00161276667
-9.23877455e-08
-0.0002496862522
0.0002609147233
0.001612484032
0.0002612682085
0.0002398868095
8.437409015e-11
0.0008292667597
0.000915907224
0.0009056416237
0.003769994941
4.255154257e-09
8.617583849e-09
0.0004557916274
0.000846423091
0.0009304288092
0.0009261383413
0.003728879688
0.0001967869577
0.0002398206336
0.0009158232742
0.00082938564
0.0009057775783
0.003770114096
0.0003771892589
0.0004558329982
0.0009305374507
0.0008463496248
0.0009260466908
-4.598298122e-05
-0.000862868911
1.568046465e-05
0.0008037422469
8.942857779e-05
6.029385447e-10
-1.582180191e-05
4.479311671e-05
0.000775715955
-3.379901552e-06
0.0007970176776
7.244231853e-05
0.000871661368
4.09132632e-05
-8.792649778e-11
0.0008098627177
1.862306986e-10
8.030693705e-05
-8.671191276e-10
0.0007704391607
8.705209167e-05
0.0006220942363
6.377352529e-09
0.0008860352431
0.0009620736692
0.0009668219561
0.004007848415
1.08414585e-07
1.01631944e-07
0.003857427738
0.000522173483
0.0006211976418
0.0009619040626
0.0008861153381
0.0009668746859
0.004008986904
-0.0002030959267
-0.0009369723206
1.381546857e-05
0.000897936592
3.629848373e-09
-1.568968703e-05
0.0001916875329
-0.0001600879277
0.0008368268781
-3.666576206e-06
0.0008622475107
0.000927480219
0.0001823901123
-0.000151003459
5.43621492e-09
-0.0001658475492
0.0008745392715
2.884851057e-09
3.001454188e-09
0.0008582522434
-1.316119135e-06
0.0003610517346
0.0006751878393
0.0007270456177
0.0003075131492
-0.0007735526276
-3.86251457e-09
0.0003586230541
0.0006771144536
-4.159010962e-09
-0.0007902940417
1.764178338e-06
0.0007484786687
0.0003986712144
3.032834693e-09
-3.409325985e-06
0.0007856690258
-0.0008169172788
0.0003448958119
-0.0008243367567
0.0003381442356
2.292277304e-09
0.0007460463407
0.0004024385837
-0.0009163139321
0.000343260574
-1.708646032e-05
0.0042134852
3.060861228e-08
-7.524372132e-09
0.001292255393
0.001011326441
0.001123707652
0.001107088902
-0.0003321325773
-0.0003571998274
-0.0003401572654
-0.0003098832614
0.001096220261
0.0009252128779
0.001018067815
0.001043400803
0.0009533741066
-1.707042731e-05
-0.0009163940498
0.0003432571644
0.004213959504
0.00112977906
0.001292769961
0.001123835307
0.001011159591
0.001106875366
-0.000332036565
-0.000357128159
-0.0003402012311
-0.0003099667241
-0.0004443394016
-0.001004952382
5.013634922e-06
0.001012110017
0.0004321683214
-1.898700889e-10
-3.921888151e-06
0.0004438911836
-0.0004463146942
0.0009368632578
-5.498100883e-06
0.0009898843398
0.0003812112319
-0.0009719473485
0.0009464610606
0.0004036873578
-0.0003898043721
-2.175923675e-09
-0.0009694933119
-0.0004449356334
0.0009431369322
-1.524269043e-09
0.0004128964901
-3.30084847e-10
-0.001019659282
0.001004155352
0.0004346338114
0.001299558203
-3.142729437e-08
0.001073711445
0.00115935897
0.00118357131
0.004608451095
1.542001288e-08
-3.53285923e-09
0.004470640732
0.001146594858
0.001299933172
0.001159354578
0.001073734215
0.001183583562
0.00460832692
-0.0004253611128
-0.001190330217
1.803181447e-05
0.001196467178
1.729720652e-09
-1.952235759e-05
0.0003994935256
-0.000420921652
0.001099946447
-6.32257847e-06
0.001083304857
0.00116204239
0.0004063188537
-0.0004138179756
-4.204149139e-09
-0.0004394098497
0.001156574132
-5.36903452e-09
-2.485669794e-09
0.001133319026
-1.521760015e-06
0.000561276285
0.001261070197
0.00122110859
0.0005219111956
-0.001193041904
3.39563722e-09
0.0005589879078
0.001262798155
1.615286001e-09
-0.001249362415
1.94910641e-06
0.001294797087
0.0005116000212
4.107610157e-09
-3.967478529e-06
0.001243834452
-0.001208922253
0.000494146934
-0.001219918508
0.0004885050194
-5.216960892e-09
0.001292073259
0.0005149865754
0.001436132963
0.0006273947761
-0.001379176786
1.405640759e-08
-2.340233427e-07
0.000637811774
0.001493374323
0.0006376186283
0.001492387621
1.179945186e-08
-0.00144545117
4.158139216e-07
0.001503803714
0.0005788315528
1.871825599e-08
-4.419202715e-07
0.001446127178
-0.001392470729
0.000574454648
-0.001392070891
0.0005735533659
1.921506549e-08
0.001504488656
0.0005798661163
0.001025343878
9.262607277e-05
-2.366727688e-08
7.090616796e-08
6.985393276e-05
0.000985963164
7.021330079e-05
0.0009864127871
-7.110104845e-09
6.266743102e-08
0.001356386713
0.0001475579223
0.001358545071
0.0001464015059
-7.168974846e-08
4.702954674e-08
0.001310226098
0.0001185437355
-5.849243384e-08
0.001309806718
0.0001164809598
0.0009062295399
5.420292536e-05
-0.0009280184002
-9.883877633e-09
-4.691598239e-08
3.235764404e-05
3.21408094e-05
4.863490626e-09
-0.001232864786
5.765209238e-08
6.487722933e-05
-3.105989305e-09
1.222815075e-08
0.001232050843
-0.001242708859
6.41791873e-05
-0.001242750891
6.410859851e-05
-7.326393368e-09
6.394559474e-05
0.001403794157
2.5700164e-09
-0.0003696242243
-0.0004183064835
-0.000414250468
0.005075616957
7.850962906e-09
1.480830476e-10
0.005255747491
0.004974851019
0.001302925043
0.001403875838
0.005158345158
-0.000418319805
-0.0003695890733
-0.0004142399098
0.005075939933
0.00525591406
-0.001306695156
0.0004248531292
-1.884059885e-05
0.005393353928
-9.361559633e-10
2.950051406e-09
-0.0003771553667
-0.0004170586067
-0.0004270911961
-0.0003752637979
0.001517894814
-0.0004400035121
-0.0004196761388
-0.0004245606099
0.001266196475
0.001405257285
0.001415041956
0.001264597643
-1.885356574e-05
-0.001306735685
0.0004248550692
0.005393380361
-0.0003771515531
-0.0004170379036
-0.0004270565874
-0.0003752226524
-0.0004393734997
-0.001455727033
3.198011782e-06
0.001492456397
2.270123225e-09
-3.272465197e-06
0.0004389214689
-0.0004844671097
0.001483731799
-1.489652684e-05
0.001421628044
-0.001366770024
0.001456380655
0.0004385780628
-0.000473108045
2.072689066e-09
-0.001433805823
-0.0004787988056
0.001492535995
-2.493883731e-09
2.151264423e-09
-0.001445439767
0.001470166211
-1.269861269e-06
0.0003991533051
0.001640636547
0.001608069279
0.0004131465245
-0.001569859617
-3.17403038e-09
0.0003949888853
0.001640837099
6.834976614e-09
-0.001584956868
2.415831102e-06
0.001614647488
0.0003628803432
2.093627853e-09
-4.221774032e-06
0.001581991433
-0.001548647549
0.000388840487
-0.001552861943
0.0003768345596
-4.730099589e-09
0.001612656597
0.0003709039791
-1.590842103e-07
0.0002874956624
0.001727599972
0.001712449363
0.0003234040656
-0.001694362687
5.102402279e-09
0.0002874233605
0.00172772943
8.701707347e-09
-0.001681728688
2.829208096e-07
0.001696217399
0.0002726466847
5.045955567e-09
-4.568572094e-07
0.001681334013
-0.001662739996
0.0003054533433
-0.001663558207
0.0003047732141
3.51700557e-09
0.001695951492
0.0002731611093
0.001717178029
0.0002032031614
-0.0001962862594
-0.001724161768
4.68353788e-09
-0.0001835482397
-0.001714588605
1.840507293e-07
0.001718761291
0.0001791926726
-1.17043079e-09
-1.431433323e-07
0.0001841915823
-0.0001786702733
0.001711653216
-2.341077093e-07
0.001714971695
-0.001717726278
0.0002064010832
-0.0001787771003
0.001712279322
-1.55721089e-08
-0.001717771554
0.0002061469117
5.084115305e-09
0.001719847837
0.0001794994918
-8.952446125e-08
-0.0001098866925
-0.000108268312
-8.82852093e-05
-9.020401912e-05
-7.549865036e-07
0.001680777749
0.0001074927944
-0.0001099550659
-0.0001083023656
-8.834699883e-05
-9.0296423e-05
0.001180533235
3.338489217e-09
-0.0003188834002
-0.0003546780067
-0.0003685538906
0.005778075293
8.779648398e-09
-2.55614288e-09
0.005928284426
0.005809033604
0.001210846677
0.001180512707
0.005982769895
-0.0003546885876
-0.0003188775775
-0.0003685396793
0.005778070788
0.005928280444
0.001027427518
5.174853526e-09
-0.0003009490639
-0.00028531774
-0.0003021656673
0.006052676217
1.966198121e-09
5.939634131e-09
0.006177692063
0.006153328574
0.001116730475
-0.0003399030301
-0.0003103973012
-0.0003178202175
0.001027419166
0.006299636585
-0.0002853093283
-0.0003009520446
-0.0003021840082
0.006052665884
0.006177733231
0.0007907681098
1.660747641e-08
-0.000231259072
-0.0002064194455
-0.0002299007171
0.006276117853
8.023593307e-09
7.255165182e-09
0.006356804507
0.006418218448
0.0009154736043
-0.0002708982811
-0.0002461272481
-0.0002451166257
0.0007907331828
0.006502801821
-0.0002064883723
-0.0002311910513
-0.0002298471208
0.006276200525
0.006356971392
0.0005830732409
5.580570771e-08
0.006440803298
3.839587685e-09
1.771042406e-08
0.006566540031
0.0006575600273
-0.0001926239303
-0.0001679986337
-0.0001668495247
0.0005824209859
0.006440422507
-3.942470369e-06
-0.0007317387595
0.0001128502056
5.988422516e-05
-0.0007476335858
1.923405153e-09
-0.0007460012414
0.0001122585895
2.350548379e-09
-5.252116465e-05
9.60953423e-06
0.0001006520248
6.102684763e-10
-9.714879628e-06
5.251641101e-05
1.385589974e-09
0.0001008263488
-0.0008858377497
0.0001310076885
1.610029938e-05
0.0008281555488
2.789270458e-09
-3.457444198e-06
0.0008168692155
-1.599401934e-05
-0.000127065379
0.0008070285901
-0.0001171484023
0.0008933455095
1.739474983e-09
1.686359644e-09
0.0008425086304
3.005149853e-09
0.0007929562358
-3.954058459e-06
-0.0007563578031
-0.0001736317169
-0.0007974713239
2.127658764e-09
0.0002224990812
-0.0007712250658
5.386311371e-10
0.0001478296212
9.750720943e-06
2.168920715e-09
-9.622346399e-06
-0.00014717551
0.0001815031038
3.533535357e-09
0.000183241053
-4.598212748e-05
-0.0008628879276
1.567741515e-05
0.0008037471899
8.944604935e-05
0.0008716519553
4.083536093e-05
-1.582229298e-05
4.47853202e-05
0.0007757012143
-3.366064333e-06
0.0007970722785
7.246947095e-05
0.0008098556427
8.035807914e-05
0.0007704411727
8.709383727e-05
5.990745938e-05
-0.0007476322228
-3.941007215e-06
-0.0007318277011
0.000112979297
-0.0007460806377
0.0001123872759
-5.251895618e-05
9.601804251e-06
0.0001005843153
-9.715418749e-06
5.250002111e-05
0.0001007152986
-0.0008858298323
0.0001310118557
1.610287207e-05
0.0008281639479
-0.0001171148154
0.0008934186347
0.0001510233101
-3.461812183e-06
0.0008168476003
-1.598695347e-05
-0.0001270591196
0.0008071352265
0.000160042716
0.0008425875804
0.0001658589672
0.0007929851956
-0.0001736066564
-0.0007973758455
0.0002224633111
-3.955779309e-06
-0.0007562712772
-0.0007711562337
0.0001478331594
9.761045943e-06
-9.637321927e-06
-0.0001471902658
0.0001816898508
0.000183411108
-0.0008183320397
0.0002632916218
-3.674567938e-09
-0.0002305487543
0.000853174588
5.996271136e-06
0.0002693126889
1.798489827e-09
-8.899071081e-06
0.0002231956063
-4.958917748e-06
-0.0008398497092
0.0002909914311
4.561773394e-10
0.0002871688948
1.634058951e-09
0.0002475944042
0.0009294288583
0.0002993404319
2.067072884e-06
4.308051199e-09
-1.326813577e-05
-0.0008633093513
0.0008496318145
-2.739368623e-06
-0.0002697207179
0.0002842998651
-0.0003240419056
-0.0009733018069
-1.593831525e-10
0.0009328330694
0.0003480573251
4.104038261e-10
0.0008792872981
3.511029271e-09
0.0003184714413
-0.0002031000419
-0.000936966141
1.381682386e-05
0.0008979398722
0.0009273882389
0.0001823242215
-1.570399127e-05
0.0001916775076
0.0008366867584
-3.659960918e-06
0.0008622569007
0.0008744460588
0.0008582570166
-0.0008184100334
0.0002632809566
0.000773622536
-0.000230548031
0.0008531812519
5.996624912e-06
0.0002693118197
-8.899555448e-06
0.0002231950532
-4.958952412e-06
-0.0008398590843
0.0002910616435
0.0008168633353
0.0002872160777
0.0008242888071
0.000247589606
0.0009294065854
0.0002993457432
2.067609776e-06
-0.0003239965437
-0.0009731976624
0.000932711444
0.0003480197507
-1.326093589e-05
-0.0008632603107
0.0008496916989
-2.748668506e-06
-0.0002697380137
0.0002843350187
0.0008793655912
0.0003184698385
0.0004941086978
-0.0006256939195
1.56830391e-09
-5.274181373e-07
-0.000699960884
0.000539518269
-0.000701033226
0.0005379429304
3.143228574e-09
-7.263367321e-07
0.0004178977982
0.0004161184771
-6.150240661e-10
9.164416494e-07
0.0004626439787
3.493432813e-09
0.0004648996864
-0.0008474021772
0.000426395368
2.913682281e-06
0.0008167641013
2.363938625e-10
-7.641524351e-06
0.0008362937548
-3.525102749e-06
-0.0004296035868
0.0008681417389
-0.0003623879629
0.0008960226952
5.327345782e-10
-1.351787363e-10
0.0008739588283
-1.50216742e-09
0.0008120424294
-0.0005731608963
-0.0008605673154
-5.266245729e-10
0.0005844146114
-7.404972394e-07
-0.0007812737452
-0.0007832758031
1.922943016e-09
0.0004948156554
1.31673806e-06
-1.208575104e-10
-1.709414385e-06
-0.0004969851064
0.0005087876837
-1.203670853e-09
0.0005064989576
0.0007271013036
0.0003075178453
-1.283519209e-06
0.0003609937697
0.0006752742479
0.0003585794842
0.0006772034696
-0.0007902882455
1.767522004e-06
0.0007484159696
0.0003986872604
-3.410229351e-06
0.0007856556264
0.0003448824113
0.0003381104627
0.000745947479
0.0004024694312
0.0004941093026
-0.0006257049161
-5.405844494e-07
-0.0006999990124
0.0005396102795
-0.0007010740445
0.0005380259544
-7.098610001e-07
0.0004179233049
0.0004161700315
9.217675209e-07
0.0004625936734
0.0004647935346
-0.0008473858553
0.0004263916164
2.913813651e-06
0.0008167679162
-0.0003624540263
0.0008959800637
0.0003897813699
-7.636035996e-06
0.0008362681531
-3.523617839e-06
-0.0004295982965
0.000868144533
0.0004462585251
0.0008739702656
0.0004448762946
0.0008120530999
-0.0005731499756
-0.0008606103061
0.0005843803014
-7.404403549e-07
-0.0007812046372
-0.0007832353101
0.0004948075866
1.318567467e-06
-1.701578776e-06
-0.0004969605655
0.0005087299041
0.0005064647644
0.0005807482178
-0.0009503023989
3.505626234e-09
-1.930127084e-06
-0.001005349247
0.0005710542319
-0.001009155533
0.0005662200653
-9.00313288e-10
-0.0004969533758
3.777568558e-06
0.0004961297787
5.142611848e-10
-2.379031293e-06
0.000501197593
1.088624098e-09
0.0005037812725
-0.001098977467
0.0004462974874
1.543314276e-05
0.001069416677
-1.518039697e-09
-7.090531053e-07
0.001018363349
-1.942146804e-05
-0.0004345106185
0.001065777958
-0.0004202990091
0.001127140988
-3.823304269e-09
-1.374238494e-10
0.001114609918
-2.760920601e-09
0.001033919685
-3.429546576e-06
-0.001053481096
-0.0005428445305
-0.001119274331
1.204489797e-09
0.0005134189922
-0.001065909189
-8.616151021e-10
0.0004905680255
9.069631938e-06
-3.888457552e-10
-1.169805751e-05
-0.0004932894926
0.0004705305434
-3.01357798e-09
0.0004742085656
-0.0004443230559
-0.001004972287
5.012557948e-06
0.001012119071
0.0004321635278
0.0009465067526
0.0004036669157
-0.000969534079
-3.914596767e-06
0.0004438623446
0.0009368915808
-5.490507049e-06
0.0009899347122
0.0003812268893
-0.0009720377446
0.0009431438738
0.0004129574722
-0.001019753679
0.001004186897
0.0004346227213
0.0005807962461
-0.000950251159
-1.929107714e-06
-0.00100534502
0.00057101842
-0.001009112744
0.0005661752466
-0.0004969737039
3.783716766e-06
0.0004961968327
-2.384865785e-06
0.0005012386693
0.0005038642661
-0.00109895222
0.0004462882717
1.543048847e-05
0.00106939547
-0.0004201687583
0.001127117553
0.0004138499292
-7.117222744e-07
0.001018297239
-1.941268875e-05
-0.0004344767542
0.001065609234
0.0004210565012
0.001114565039
0.0004394253331
0.001033873694
-0.0005427971863
-0.001119123942
0.0005132183889
-3.420600888e-06
-0.001053507095
-0.001065948277
0.0004905804668
9.063171427e-06
-1.167061425e-05
-0.0004932940341
0.0004710638731
0.0004743479314
-0.001167418486
0.0004828983115
-5.254740464e-10
-0.0004514797042
0.001201900337
7.461047088e-06
0.0004385835139
1.982225854e-09
-1.18904275e-05
0.0004369193819
-5.659282172e-06
-0.001178736026
0.0004566520087
-5.930438856e-09
0.0004592402018
-1.935485731e-08
0.0003989634142
0.001264720489
0.0004334484817
5.410798943e-07
1.264685218e-09
-1.81414862e-05
-0.001160906753
0.00121243075
-4.816562879e-06
-0.0003812922817
-0.0004442741422
-0.001289363977
2.505099811e-09
0.001291166885
-3.622164346e-09
0.001261548675
9.756524247e-10
-0.0004257105469
-0.001190372154
1.803367975e-05
0.001196790198
0.001162045862
0.0004063374401
-1.951013523e-05
0.0004001647692
0.001099402889
-6.32243712e-06
0.001083407319
0.001156245137
0.001133946346
-0.00116633632
0.0004818508617
0.001192798998
-0.0004523791815
0.001202873566
7.460287454e-06
0.0004388374956
-1.187162962e-05
0.0004387152477
-5.652489937e-06
-0.001180683787
0.0004561526744
0.001209507514
0.0004589446072
0.001220107966
0.0003994380855
0.001265047397
0.0004334677017
5.419246252e-07
-0.0004442179514
-0.001289407173
0.001291141996
-1.81469574e-05
-0.001161507941
0.001212613519
-4.818936189e-06
-0.0003813229064
0.001261623467
-0.00131799981
0.0006045093339
1.172133424e-08
-7.016396918e-07
0.0005863853171
0.0005856532775
3.289148235e-09
0.001346959259
6.473663867e-07
0.0005328363001
7.436505933e-09
-3.848865683e-07
-0.00134580072
0.0005587602548
0.0005589988024
1.401023225e-08
0.0005333052178
-0.001280126065
0.000465932725
2.897142133e-06
0.00132289075
5.467427822e-09
-1.085621438e-05
0.001262057475
-2.319121472e-06
-0.0004650629943
0.001318419595
-0.0004590683671
0.001296777264
5.072090694e-09
3.043841943e-09
0.001335955911
3.794090612e-09
0.001314878193
0.001356607533
0.000499458993
-3.459936417e-07
6.513943736e-09
-5.960455367e-07
-0.001355532593
0.001399839921
5.140420204e-06
-0.000492304822
0.0004435552119
-0.0005157792949
-0.001364523427
7.346174002e-09
0.001405652844
0.0004727117306
1.118839084e-08
0.001399219806
4.483462614e-09
0.000476027412
0.001221133624
0.0005217002426
-1.527433576e-06
0.0005611921308
0.001261141989
0.0005589221735
0.00126285448
-0.00124939034
1.960464046e-06
0.001294737019
0.0005116191325
-3.966094588e-06
0.001243879983
0.0004939763014
0.0004884465501
0.001292006002
0.0005150265695
-0.001317979306
0.000604548906
0.00137920869
-7.049696733e-07
0.0005864157599
0.0005856856289
0.001346954192
6.53972122e-07
0.0005328219142
-4.047170621e-07
-0.001345797204
0.000558760134
0.001392539422
0.0005590032531
0.001392109134
0.0005332785279
-0.00128013463
0.0004659454472
2.903305021e-06
0.001322910474
-0.0004590783463
0.001296876897
-1.086008231e-05
0.001262086896
-2.324929058e-06
-0.0004650878213
0.001318426535
0.001335940596
0.001314928946
0.001356625061
0.0004994498596
-3.360205041e-07
-0.0005157618363
-0.001364539221
0.001405670492
0.0004726931666
-6.14446204e-07
-0.001355582215
0.0013999283
5.130747207e-06
-0.0004922892343
0.0004435151628
0.001399263218
0.0004759864598
-0.001542165898
0.0006321778498
-2.949545064e-08
-3.789566497e-08
0.0006396188601
0.0006396327655
2.025071821e-09
-2.429776362e-07
-0.001562349422
0.0005722552402
-0.001561791131
0.0005724407466
-7.656609488e-08
1.511753947e-07
0.0005814919554
2.219431584e-09
0.0005819092697
-0.001448896104
0.0005249267842
9.127032996e-07
0.001501875622
1.254919119e-08
-1.283523915e-06
0.001449264421
-1.575984414e-06
-0.0005280129117
0.001495167627
-0.0005225785425
0.001451854085
6.596849497e-09
1.500434519e-08
0.001496401837
4.24581145e-09
0.001502030335
-2.952496618e-07
-0.001557217442
-0.0005175285338
-0.001544136077
-1.948987554e-08
0.000470259786
-0.001556986889
-7.75821722e-08
0.0005260242482
3.923753783e-07
-3.593357828e-08
-4.445576896e-07
-0.0005271145423
0.0004788706219
-2.259650629e-08
0.0004778680492
0.001436161069
0.0006273854615
-2.74921581e-07
0.0006379296911
0.001493428245
0.000637659391
0.001492375768
-0.001445475069
4.891985188e-07
0.001503770053
0.0005788939303
-4.796205325e-07
0.001446223344
0.0005744738108
0.0005735591234
0.001504661271
0.0005799809652
-0.001542166085
0.0006321671818
-6.111912974e-08
0.0006398301154
0.000639632093
-1.083698837e-07
-0.00156301111
0.0005722709194
-0.001561688374
0.0005723301617
3.485547488e-07
0.0005813674391
0.0005818288327
-0.001448951663
0.0005249294073
9.682108092e-07
0.00150196053
-0.0005225745269
0.00145183879
0.000473137048
-1.311160842e-06
0.001449423624
-1.607357786e-06
-0.0005279982468
0.001495159682
0.0004845021191
0.00149638634
0.0004787787476
0.001502374558
-0.0005175531906
-0.001544092816
0.0004702620985
-2.79155022e-08
-0.001557672772
-0.0015569157
0.0005259565196
4.198210097e-07
-4.129265796e-07
-0.0005269504402
0.0004787286285
0.0004778145233
-0.0009504496131
4.705740232e-05
8.828670932e-09
5.072236984e-08
6.15566861e-05
6.19951087e-05
2.150297279e-09
0.001269217532
-4.589543026e-08
0.0001030239633
2.560731333e-08
-8.589776221e-09
-0.001269115455
7.342375587e-05
7.349842272e-05
1.703093294e-08
0.0001022020513
6.510172409e-08
0.001581618858
-0.0001788864434
0.001684223674
-2.573968087e-08
0.001580416364
-2.837014878e-08
0.0001594910928
5.321080608e-08
0.001539470404
-5.460539604e-08
-8.817933489e-08
-0.0001585231082
0.001664713643
0.001664888728
-3.923589891e-08
0.001539629911
0.001506676239
0.0001357990889
-7.117150738e-09
2.615027352e-08
-4.818955202e-08
-0.001506783544
0.001478055517
-1.380785766e-07
-0.0001350412927
0.0001472625231
-0.0001021652824
-0.001653046624
7.619022512e-09
0.001624251157
0.0001307405252
2.795842517e-08
0.001477933234
-1.140338706e-08
0.0001475145103
0.001025922116
9.202721102e-05
1.561435357e-07
7.039498555e-05
0.0009862868676
7.078586526e-05
0.0009864041738
1.239040912e-07
0.001361068623
0.0001434466364
0.001359163936
0.0001454116651
-3.81818559e-07
0.001311018233
0.0001192548887
0.001311567939
0.0001195138497
-0.0009505037534
4.713519519e-05
0.0009280683631
8.604353523e-08
6.158906805e-05
6.198448188e-05
0.001269353774
-5.708838555e-08
0.0001037316376
-4.603552393e-08
-0.00126943158
7.369749533e-05
0.001242855395
7.364710757e-05
0.001242812859
0.0001036683415
-0.0001781627521
0.001683339897
0.0001962857927
-1.342563006e-07
0.001578895358
0.00157957031
0.0001601659148
-1.806854314e-07
0.00153878534
-1.628655286e-08
-0.0001599795528
0.001665112376
0.0001780774748
0.001664824426
0.0001786258706
0.001538248969
0.001506508312
0.0001360321686
2.643846458e-09
-0.0001021344557
-0.001652944476
0.001624255207
0.0001306363758
-8.601702562e-08
-0.001506415737
0.001478018264
-7.123188178e-08
-0.0001355042193
0.0001480377988
0.001477962908
0.0001478294947
-0.001463314997
7.20815318e-05
8.041759003e-08
7.315789144e-11
-6.332767468e-08
0.001463499444
-2.600611726e-07
-7.221146736e-05
8.604406913e-05
-7.865797265e-05
0.001604773988
1.050841527e-08
9.789867581e-05
5.526988289e-09
-1.484089758e-10
8.552856772e-05
0.0009062051763
5.413945508e-05
-5.625448296e-08
3.23589874e-05
3.208392328e-05
-0.001232843944
3.958567684e-08
6.491790861e-05
3.219031674e-08
0.001232018111
6.426376935e-05
6.413324104e-05
6.40516952e-05
-0.001463305067
7.211092238e-05
7.795832157e-08
-7.871902091e-05
0.001604779501
9.795384196e-05
-7.756221946e-08
0.001463474125
-2.656054531e-07
-7.22807963e-05
8.616014166e-05
8.564584926e-05
-0.001530540272
0.0004301057059
-6.414783145e-09
-0.0004401064646
0.001519121814
-4.860258924e-06
0.0004183097479
-8.439579178e-09
2.302632439e-07
0.0004335593051
-2.880712319e-06
-0.001513576018
0.0003976976371
-1.243147655e-08
0.0003934914167
-6.554595634e-09
0.0003852892355
0.00157486939
0.0003986810414
-3.538535779e-06
-5.573884785e-09
-2.312362754e-05
-0.00142765686
0.001496414945
-4.937807575e-06
-0.0003415646777
-0.0003749841265
-0.001574716669
-5.831218917e-10
0.001565557484
1.42259241e-11
0.001570253037
5.709731742e-10
-0.0004394786139
-0.001455807705
3.197894412e-06
0.001492628648
0.00145632982
0.000438672651
-0.001433815046
-3.27396822e-06
0.0004391281233
0.001483487748
-1.488972289e-05
0.001421774419
-0.001366827573
0.001492353493
-0.001445457316
0.001470500219
-0.001530509727
0.0004300822505
0.001569845201
-0.0004399101348
0.001519137367
-4.870429046e-06
0.0004182634007
2.642803152e-07
0.0004331751416
-2.872124388e-06
-0.001513602292
0.0003976724389
0.001548653168
0.0003934808097
0.001552860129
0.0003852026405
0.001574847303
0.0003986673729
-3.543349e-06
-0.0003749762177
-0.001574713984
0.001565552935
-2.310464158e-05
-0.001427676005
0.001496397331
-4.936518489e-06
-0.0003415610868
0.001570247268
-7.244461538e-07
0.0003731252849
-0.001670655562
0.0003486872996
1.002372245e-09
0.0003708528113
3.321630744e-09
0.001641145963
1.216935973e-06
0.0003431335078
3.895189944e-09
-7.366842981e-07
-0.00163976423
0.000327359041
0.0003255366974
1.671322036e-09
0.000347234587
-0.001576676739
0.0003386813797
5.739255745e-06
0.001595135703
7.455812855e-10
-1.500109611e-05
0.001548197599
-7.045937825e-06
-0.000340927001
0.001559504068
-0.0003554071055
0.001562863435
3.305384156e-09
2.655895692e-09
0.001576676191
-3.99692413e-10
0.001583913832
0.00161558585
0.0003203573108
2.32418305e-06
1.864988912e-09
-1.332412845e-06
-0.001610660174
0.001632927126
-2.870192992e-06
-0.0003228124253
-0.0003046710181
-0.001591996178
6.487659285e-10
0.001609964844
1.371777006e-09
0.001635117741
1.463490576e-09
0.001608067953
0.0004131550911
-1.278219873e-06
0.0003991441907
0.001640675494
0.0003949771368
0.001640867921
-0.001584957327
2.41509105e-06
0.001614636377
0.0003628850949
-4.205855793e-06
0.0015819886
0.0003888698769
0.0003768473127
0.001612629553
0.0003709183301
-0.001670668419
0.0003486887751
0.001694368007
-7.30469418e-07
0.0003731466586
0.0003708687192
0.001641147826
1.227155392e-06
0.0003431340076
-7.387102332e-07
-0.001639770564
0.000327355159
0.001662754543
0.0003255350529
0.001663564512
0.0003472328042
-0.001576677906
0.0003386824279
5.73887425e-06
0.001595142444
-0.0003554124717
0.001562861458
-1.500685798e-05
0.001548205143
-7.042411669e-06
-0.0003409296689
0.001559490812
0.001576680857
0.00158393268
0.001615588482
0.0003203621339
2.327696831e-06
-0.0003046690419
-0.001591982722
0.001609962223
-1.333896889e-06
-0.001610665283
0.00163293636
-2.877729097e-06
-0.0003228279023
0.00163512197
-1.336539622e-07
0.0002626588003
-0.001725941769
0.0002370033463
8.265660244e-09
0.0002628507922
9.502722335e-09
0.001705712211
2.501845261e-07
0.0002531008818
4.917325206e-09
-2.205851481e-07
-0.001705740382
0.0002248964276
0.0002247162027
7.216478512e-09
0.000253120096
-0.001652004902
0.0002585648195
5.911638808e-07
0.001665490982
4.6229064e-09
-8.591096398e-07
0.001651131521
-3.834061044e-07
-0.0002597160152
0.001637856119
-0.0002870241417
0.001625168791
2.918539573e-09
2.80236755e-09
0.001638293905
4.159956721e-09
0.001665167773
0.001676341006
0.0002417182052
5.279754683e-07
4.6756197e-09
-4.967812543e-07
-0.001676332951
0.001685371456
-4.411776336e-07
-0.0002424828842
-0.0002153043389
-0.001649666266
3.754696411e-09
0.001658330094
4.420291111e-09
0.001685251658
3.942885734e-09
0.001712444629
0.0003233976082
-1.743070626e-07
0.0002875425367
0.001727538783
0.0002874735187
0.001727647145
-0.001681735729
2.96400834e-07
0.001696272858
0.0002726450373
-4.627684647e-07
0.001681359879
0.0003054405376
0.0003047671443
0.001696045155
0.0002731536644
-0.00172598311
0.0002368827443
0.001724192851
-1.474464131e-07
0.000262578832
0.0002627942964
0.001705717864
2.538180576e-07
0.0002531003901
-2.294124958e-07
-0.001705756571
0.0002249320711
0.001717528776
0.0002247634388
0.001717614961
0.0002531212293
-0.001652010862
0.0002585728604
5.991573905e-07
0.001665488504
-0.0002870180758
0.001625207607
-8.629735757e-07
0.001651148254
-3.964074358e-07
-0.0002597367094
0.001637838623
0.001638271588
0.001665164359
0.001676348233
0.0002417093287
5.359987782e-07
-0.0002153487397
-0.001649693938
0.001658326734
-5.119403276e-07
-0.00167636278
0.001685413045
-4.437998638e-07
-0.0002424588022
0.001685255397
-0.0001572767485
0.001709727987
3.228789335e-07
-5.092106427e-09
-3.660846912e-07
0.0001572401663
-2.313232e-07
-0.001710442735
0.001704357258
-0.001702173328
0.0001437510824
-2.608636095e-09
0.001688650523
-2.232777325e-08
-2.463994004e-09
0.001703933049
-0.001688446278
0.000175174584
5.545705385e-07
1.285565947e-08
-7.485546771e-07
0.001689519758
-1.43766188e-07
-0.0001767118689
-0.0002022015564
0.001667208548
2.06311956e-09
2.170660029e-09
9.375030694e-09
0.001717452065
0.000202922754
-0.0001825133123
-0.001714283935
1.839055907e-07
0.001717689223
0.0001789229522
-1.564080625e-07
0.000182088524
0.001713657479
-2.414651942e-07
0.001714357141
0.0002061702745
0.001713392645
0.0002060173872
0.001717687401
0.0001789421806
-0.0001582714958
0.001709397986
3.163216287e-07
-0.00170259514
0.0001440359253
0.001688696996
-3.331635933e-07
0.0001592483123
-2.232569558e-07
-0.001709763715
0.001704219475
0.001703920007
-0.001688397942
0.000175139694
5.52498256e-07
-0.0002021382425
0.00166726991
-7.387764778e-07
0.001689417763
-1.504673686e-07
-0.0001766470118
-3.60544723e-07
8.573497196e-05
-5.917443775e-07
0.001702372978
0.001679580154
0.0001062297711
7.451043718e-09
8.41547983e-05
-7.179252227e-10
0.001701304087
-1.30642895e-09
4.022517433e-07
-6.248858809e-09
-3.64087853e-06
0.0002967778528
-1.588601158e-05
-0.0009449333389
-0.0009996750321
0.0003611564343
-3.847663574e-09
0.0003331990077
-4.201769787e-09
-0.001031585818
-2.868423585e-09
4.775833342e-06
-3.800367752e-09
-0.0009997465395
0.0003611579374
-3.623352082e-06
0.0002967771993
-1.587047437e-05
-0.0009449466696
0.0003331635601
-0.001031597243
4.762087362e-06
3.385666578e-06
0.0003996118102
-2.507198875e-05
-0.00129400027
-0.001426563135
0.0004466236235
4.820654481e-09
0.0004580602464
3.128708386e-09
-0.001440950702
3.962316375e-09
5.059799426e-06
2.771921186e-09
-0.001426571421
0.0004466007938
3.377359526e-06
0.0003995985921
-2.508379157e-05
-0.001294040264
0.0004580528104
-0.001440974259
5.066683101e-06
0.00167956737
0.0001063359288
-3.805740281e-07
8.573669777e-05
-6.122631788e-07
0.001702369481
8.415378095e-05
0.001701339995
4.136888476e-07
2.905979645e-06
5.539738009e-05
-5.009432229e-05
-1.386249011e-08
5.608466598e-07
2.672319488e-05
-2.435833464e-05
-1.97283008e-08
7.368484212e-06
-6.787097528e-06
-2.054058189e-08
2.904944214e-06
-5.009381056e-05
-1.450878072e-08
5.539684671e-05
5.604902252e-07
-2.435811115e-05
-2.009932086e-08
2.672266447e-05
-6.787037117e-06
-2.071913424e-08
7.368246274e-06
-8.152636754e-07
-1.682183158e-07
-3.691506874e-06
2.523588034e-06
-1.995448427e-07
-1.313296554e-07
-1.775653479e-06
1.291265464e-06
-1.004988249e-07
-4.828262615e-07
3.837824794e-07
-8.160309072e-07
-1.682679261e-07
-3.690390415e-06
2.522117596e-06
-1.997743586e-07
-1.313313488e-07
-1.775242779e-06
1.290319393e-06
-1.004994394e-07
-4.827338029e-07
3.834595347e-07
5.174439458e-06
-8.894642705e-06
-1.093875631e-07
1.721821843e-05
1.647828224e-10
1.113331606e-06
-4.314917566e-06
-9.439737848e-08
8.470337347e-06
8.715364608e-11
-1.189341705e-06
-8.012995107e-08
2.382763489e-06
4.056841483e-11
5.74500144e-06
1.419884164e-07
8.933139046e-06
1.290590795e-06
1.15497134e-07
4.337256699e-06
9.321253882e-08
1.196916736e-06
5.297826209e-06
2.227363852e-10
1.096643985e-06
1.206736742e-10
5.710589947e-11
5.539442569e-06
1.728022794e-05
1.277126348e-06
8.505175733e-06
2.393913275e-06
-9.640297322e-07
1.814639212e-07
-6.427844017e-06
4.430682573e-06
-1.499972304e-10
-1.503827763e-07
1.412589152e-07
-3.043609254e-06
2.088789409e-06
-8.733286525e-11
1.044496447e-07
-8.202686373e-07
5.654770303e-07
-4.233347006e-11
-4.842317218e-07
-8.673584045e-08
5.50551879e-05
-1.454080273e-07
-5.815104443e-08
2.644252164e-05
-4.232395368e-08
7.265399907e-06
-1.952792908e-07
-5.525413703e-05
7.172126661e-11
5.50276028e-05
-3.564411283e-08
-2.66377853e-05
3.78098166e-11
2.641996011e-05
-7.336232575e-06
1.971480966e-11
7.258244282e-06
4.593251667e-06
-1.131151067e-07
8.957022986e-11
2.483915899e-05
9.645606281e-07
-8.75987929e-08
4.716688087e-11
1.218658027e-05
-7.066609359e-08
2.204154654e-11
3.417968148e-06
4.932732591e-06
2.493180558e-05
1.113365821e-06
1.223694366e-05
3.436613104e-06
5.174379838e-06
-8.894470261e-06
-1.090383919e-07
1.721792114e-05
1.11332432e-06
-4.314834367e-06
-9.420765591e-08
8.470185725e-06
-1.189318188e-06
-8.003729175e-08
2.382720758e-06
5.744279507e-06
1.415024241e-07
8.932649807e-06
1.290388326e-06
1.152359136e-07
4.337014328e-06
9.308637963e-08
1.196844876e-06
5.297744727e-06
1.096630709e-06
5.5389513e-06
1.727944473e-05
1.276988516e-06
8.504769569e-06
2.393796249e-06
4.593316455e-06
-1.129020593e-07
2.483877631e-05
9.645906986e-07
-8.748610326e-08
1.218644471e-05
-7.061131645e-08
3.417944679e-06
4.93254438e-06
2.493083816e-05
1.113315579e-06
1.223651178e-05
3.436500643e-06
6.451047465e-06
3.496230513e-05
1.009627533e-07
1.439393294e-06
1.714889066e-05
9.927360332e-08
4.790796625e-06
8.509649448e-08
-4.753956818e-07
7.643049757e-06
-1.714869589e-07
-1.604063318e-07
3.630494939e-06
-1.341532581e-07
9.909802791e-07
-9.999217589e-08
-4.762913728e-07
7.642741142e-06
-1.717607676e-07
-1.606724254e-07
3.629947237e-06
-1.342884065e-07
9.907688829e-07
-1.00052897e-07
2.535440324e-06
8.299488187e-08
-4.608540477e-05
5.872879096e-07
4.253079412e-08
-2.245271311e-05
2.332823343e-08
-6.22313778e-06
2.31880434e-06
7.773065363e-11
4.993614279e-05
-4.605905652e-05
5.165591385e-07
3.910756747e-11
2.426749692e-05
-2.242276021e-05
1.837933934e-11
6.752784036e-06
-6.212915026e-06
3.135087438e-06
4.60582603e-05
-3.125154027e-08
-1.430474715e-10
-4.063447648e-05
6.176776144e-07
2.242221433e-05
-3.512137898e-08
-6.769993309e-11
-1.986961738e-05
6.212697718e-06
-2.997449076e-08
-2.283223761e-11
-5.565024017e-06
2.536292524e-06
8.307416239e-08
-4.608388924e-05
5.875226787e-07
4.257203374e-08
-2.245191317e-05
2.335254551e-08
-6.222866986e-06
2.31886036e-06
4.993540076e-05
5.165785709e-07
2.426710725e-05
6.752647311e-06
2.994454484e-06
3.24405467e-10
6.041306988e-07
3.068982427e-10
1.41600981e-10
2.99388789e-06
5.52534639e-05
6.039409156e-07
2.663726093e-05
7.336010769e-06
-3.636314707e-07
-2.577936543e-10
-3.684429503e-06
2.504930538e-06
-2.83873953e-09
-1.313650231e-10
-1.772061427e-06
1.280069925e-06
-5.967879993e-11
-4.821646432e-07
3.78889293e-07
-3.634465292e-07
-3.684140028e-06
2.504241359e-06
-2.751740655e-09
-1.771882995e-06
1.27972822e-06
-4.821023299e-07
3.787912369e-07
-8.565264272e-07
6.438211104e-06
-6.946714019e-08
-2.172332705e-07
3.049519099e-06
-5.831850744e-08
8.224023485e-07
-4.865509892e-08
-1.47428602e-06
4.410311214e-06
-3.638227687e-07
2.080314552e-06
5.63026775e-07
-5.274407328e-06
-5.158743008e-05
-5.413034427e-08
4.38387142e-05
-1.283584541e-06
-2.435626252e-05
-8.8589006e-08
2.045403022e-05
-6.602573613e-06
-9.463643533e-08
5.413627044e-06
-1.889241914e-06
-1.463927395e-06
-1.909937247e-07
-1.465545474e-06
-4.26589285e-07
-4.728594949e-07
-1.515610228e-07
-8.382295981e-07
-5.767390422e-08
-1.130570819e-07
-2.558537872e-07
-1.739990175e-06
-4.29090394e-06
-7.539802044e-08
-4.104494807e-07
-1.736187733e-06
-6.621236132e-08
-4.113449019e-07
-5.677801799e-08
6.451154954e-06
3.496366467e-05
1.009362162e-07
1.439432823e-06
1.714939562e-05
9.926868525e-08
4.79095314e-06
8.509187088e-08
3.715724295e-06
4.076580267e-05
1.041397803e-07
8.530104335e-07
1.994235652e-05
6.975123419e-08
5.593581229e-06
5.038145219e-08
3.204931404e-06
3.115554245e-08
6.595041945e-07
3.506953856e-08
2.994702226e-08
3.715434334e-06
4.076458128e-05
1.039888022e-07
8.529297524e-07
1.994170057e-05
6.969316851e-08
5.593365809e-06
5.035986933e-08
3.204810641e-06
6.594756204e-07
-8.562140166e-07
6.437425066e-06
-6.927426629e-08
-2.171153325e-07
3.04908031e-06
-5.823163792e-08
8.222685174e-07
-4.861608339e-08
-1.473572471e-06
4.411141784e-06
-1.814415997e-07
-3.636910686e-07
2.080415364e-06
-1.412163109e-07
5.630056915e-07
-1.044269411e-07
-2.026373579e-06
-5.407093034e-05
-1.164001543e-07
-5.048246637e-07
-2.579159998e-05
-8.620944207e-08
-7.038455689e-06
-6.894164093e-08
-2.026691785e-06
5.15836637e-05
-5.406858394e-05
-1.163590143e-07
-5.048636167e-07
2.435465487e-05
-2.579026457e-05
-8.621715242e-08
6.602096782e-06
-7.038009967e-06
-6.894998545e-08
-5.273220603e-06
-5.408643368e-08
4.383705619e-05
-1.283297078e-06
-8.854222862e-08
2.045327626e-05
-9.461361669e-08
5.413412831e-06
-3.064157259e-06
-2.282869968e-07
-9.257294351e-06
-6.59648864e-07
-1.746429285e-07
-3.966056017e-06
-1.284781183e-07
-9.425139993e-07
-3.065167226e-06
4.28936144e-06
-2.2822292e-07
-9.256603337e-06
-6.599115785e-07
1.735042004e-06
-1.745763024e-07
-3.965722467e-06
4.109613027e-07
-1.284451001e-07
-9.424283993e-07
-1.739049377e-06
1.462394502e-06
-7.474496951e-08
-4.101534542e-07
4.720325845e-07
-6.588501432e-08
5.743272417e-08
-5.662468133e-08
-6.606953127e-07
-7.663197103e-06
-4.97217675e-11
-1.244648531e-07
-3.63813226e-06
-2.818397251e-11
-9.933725161e-07
-1.655457414e-11
-4.92028707e-06
4.38419396e-05
-5.159012192e-05
-1.776262462e-10
-1.100875358e-06
2.044757849e-05
-2.435549691e-05
-8.123553139e-11
5.408061769e-06
-6.603546558e-06
-2.629289106e-11
-1.148200351e-06
1.284286756e-07
4.159733311e-05
-3.267444946e-10
-1.3062525e-07
9.727940518e-08
1.933289982e-05
-1.747299252e-10
7.967474676e-08
5.19784519e-06
-8.236742049e-11
-1.520633944e-06
4.160088124e-05
-2.983772328e-07
1.932905481e-05
5.194924429e-06
-3.308732168e-06
-2.075064758e-05
1.394781669e-07
1.487747516e-05
-1.114731025e-10
-6.18471746e-07
-9.325223969e-06
1.083461246e-07
6.526676064e-06
-5.828478262e-11
-2.359561848e-06
8.565020541e-08
1.6554664e-06
-2.669327558e-11
-5.640897101e-06
-9.265484731e-08
2.071366403e-05
-2.952345951e-05
-1.322067684e-06
-9.105249367e-08
9.309582352e-06
-1.353736043e-05
-8.281952883e-08
2.355803094e-06
-3.595052268e-06
-5.289639786e-06
-2.953928202e-05
-1.828225222e-10
-1.156798568e-06
-1.354902287e-05
-9.631451888e-11
-3.599134107e-06
-4.533692517e-11
-3.71396118e-06
1.482794358e-05
-7.955570985e-07
6.499525715e-06
1.645895478e-06
-1.36038106e-06
-1.483874622e-06
-1.444506345e-06
-7.261208454e-10
-2.011493924e-07
-4.841200204e-07
-8.262741057e-07
-3.977553845e-10
-6.192563506e-08
-2.520933036e-07
-1.852015559e-10
-1.519302121e-06
-4.347940935e-06
-3.322493675e-10
-3.029702099e-07
-1.766487505e-06
-1.759148771e-10
-4.21589014e-07
-8.34915407e-11
6.101934762e-06
7.115816786e-11
3.491048391e-05
1.275798305e-06
2.070931351e-11
1.711196268e-05
-4.832227251e-12
4.778862276e-06
6.101658461e-06
3.491034667e-05
1.27568668e-06
1.711170901e-05
4.778723009e-06
1.651357761e-08
8.42116046e-11
4.603150418e-08
4.096342521e-11
1.920369903e-11
1.625617716e-08
7.662575716e-06
4.598473018e-08
3.637822682e-06
9.932888968e-07
3.424327167e-06
4.06353078e-05
7.557484037e-11
7.359421807e-07
1.987005923e-05
3.782869192e-11
5.565176177e-06
9.122794717e-12
3.135515298e-06
6.178145033e-07
3.42411122e-06
7.359318629e-07
-9.910770968e-07
-2.258667533e-08
-2.873178669e-07
-5.283671958e-08
-6.037325748e-08
-4.848415647e-07
-8.680221602e-08
5.505329539e-05
-1.455171059e-07
-5.821741547e-08
2.644155639e-05
-4.235953013e-08
7.265088045e-06
-1.955187381e-07
5.502664393e-05
-3.570303023e-08
2.641926484e-05
7.257968271e-06
-9.921370911e-07
-2.324849283e-08
-2.876340173e-07
-5.321008526e-08
-6.055519427e-08
-8.002201224e-07
-2.297286717e-10
5.39948005e-05
-1.798026455e-07
-1.429224731e-10
2.574578058e-05
-8.512943445e-11
7.017696583e-06
-4.958588203e-07
-7.638464298e-08
-1.303543403e-07
-6.084665294e-08
-5.015514785e-08
-7.052095552e-07
-8.933017944e-08
-1.833308204e-07
-6.884163712e-08
-5.540092233e-08
-2.891402804e-07
-1.330538442e-10
-3.319068949e-08
-7.271223906e-11
-3.442108771e-11
-4.565953853e-07
-2.976144503e-10
-7.147531196e-08
-1.613139667e-10
-7.883636097e-11
-1.886818764e-06
-1.898026151e-07
-1.464799189e-06
-4.259464847e-07
-1.508757341e-07
-8.379627269e-07
-1.127250172e-07
-2.557883312e-07
-1.359647046e-06
-1.44435891e-06
-1.483322278e-06
-2.009592956e-07
-8.261536338e-07
-4.838021021e-07
-2.520424252e-07
-6.182727594e-08
-4.962032124e-07
-7.603756509e-08
-1.303517236e-07
-6.067982093e-08
-5.008128625e-08
-7.036629857e-07
-8.850249566e-08
-1.828751156e-07
-6.842848189e-08
-5.520270349e-08
-2.893560613e-07
-4.430634581e-06
-3.32465168e-08
-2.088748392e-06
-5.654640539e-07
-4.564537072e-07
-7.146662517e-08
-6.606488312e-07
6.427459917e-06
-1.244642038e-07
3.043375986e-06
8.201930856e-07
-9.635816585e-07
-1.502578382e-07
-8.00163475e-07
5.399616966e-05
-1.797934209e-07
2.574661073e-05
7.017993076e-06
-1.650369103e-06
3.066621747e-11
-3.454839684e-07
2.074955395e-11
2.166110455e-11
-1.650474515e-06
5.158893357e-05
-3.455526186e-07
2.435466414e-05
6.603215605e-06
-3.826485934e-06
3.531338719e-05
6.629237815e-08
-2.705521987e-10
-8.650831607e-07
1.62970587e-05
7.45816902e-08
-1.415607966e-10
4.259652407e-06
7.317588168e-08
-6.573354414e-11
-3.645233318e-06
-1.585578681e-07
-3.530247072e-05
-7.624418666e-07
-1.218074319e-07
-1.629834543e-05
-9.540186123e-08
-4.262092575e-06
-3.191519918e-06
-2.254595787e-10
-5.65172678e-07
-1.212686522e-10
-5.675802894e-11
-4.11129986e-06
-1.006006867e-06
-4.919286919e-06
4.384132033e-05
-1.100577722e-06
2.044733187e-05
5.407998596e-06
-1.147939486e-06
1.278756334e-07
4.159711504e-05
-1.305656845e-07
9.697701879e-08
1.933280816e-05
7.952580558e-08
5.197825224e-06
-1.519453099e-06
4.160039654e-05
-2.98048965e-07
1.932885066e-05
5.194889419e-06
-3.826343027e-06
3.531338813e-05
6.580076785e-08
-8.650586289e-07
1.629706677e-05
7.431625756e-08
4.259653732e-06
7.304663249e-08
-3.644842468e-06
-1.580901788e-07
-3.530257409e-05
2.95236786e-05
-7.623215965e-07
-1.215591224e-07
-1.629844511e-05
1.353748092e-05
-9.528262883e-08
-4.26213061e-06
3.595090139e-06
-3.19155764e-06
2.953930234e-05
-5.651877995e-07
1.354901566e-05
3.59912667e-06
-4.110527992e-06
-1.005804431e-06
-2.436558776e-06
-9.28946375e-06
-2.356655046e-10
-3.965058067e-07
-3.981057887e-06
-1.272714043e-10
-9.465185956e-07
-5.445876984e-11
-3.114603848e-06
8.311296645e-08
-1.149521194e-10
-6.435619799e-07
7.463415218e-08
-5.617028525e-11
6.541130661e-08
-2.527539486e-11
-3.376897658e-06
-7.687917857e-07
-3.30881388e-06
-2.075066907e-05
1.392285248e-07
1.487737674e-05
-6.184950301e-07
-9.325222458e-06
1.082119356e-07
6.526635808e-06
-2.359558018e-06
8.558498223e-08
1.655452308e-06
-5.640602334e-06
-9.228198095e-08
2.071390232e-05
-1.321970527e-06
-9.08548032e-08
9.309703831e-06
-8.272492609e-08
2.355844401e-06
-5.289639433e-06
-1.156797656e-06
-3.713928178e-06
1.482786994e-05
-7.955295795e-07
6.499519521e-06
1.645899581e-06
-2.436782849e-06
-9.289172172e-06
4.346748744e-06
-3.965248389e-07
-3.98091152e-06
1.765953163e-06
-9.464753846e-07
4.214504035e-07
-3.114745508e-06
8.289025188e-08
-6.435952987e-07
7.45203873e-08
6.535725529e-08
-3.377147516e-06
-7.688271839e-07
-1.519007478e-06
-3.02914357e-07
)
;

boundaryField
{
    inlet
    {
        type            calculated;
        value           nonuniform List<scalar> 
25
(
-0.01999999779
-0.01999999796
-0.01999999828
-0.01999999872
-0.01999999919
-0.01999999966
-0.0200000001
-0.0200000005
-0.0200000007
-0.0200000009
-0.020000001
-0.0200000009
-0.0200000009
-0.0200000008
-0.0200000006
-0.0200392329
-0.0200431342
-0.0200364727
-0.0200320489
-0.0200289184
-0.0200262206
-0.0200238369
-0.0200217247
-0.0200198482
-0.0197285645
)
;
    }
    outlet
    {
        type            calculated;
        value           nonuniform 0();
    }
    topAndBottom
    {
        type            symmetry;
        value           uniform 0;
    }
    frontAndBack
    {
        type            empty;
        value           nonuniform 0();
    }
    cylinder
    {
        type            calculated;
        value           uniform 0;
    }
    procBoundary2to0
    {
        type            processor;
        value           nonuniform List<scalar> 
75
(
-2.914074989e-06
-2.840761564e-06
-2.863323457e-06
-2.855933828e-06
-2.841880595e-06
-2.82378951e-06
-2.800539757e-06
-2.77062789e-06
-2.732060928e-06
-2.682410835e-06
-2.618673815e-06
-2.536961111e-06
-2.43143099e-06
-2.292271625e-06
-2.101850093e-06
-1.407567441e-06
5.577528289e-06
2.854823977e-05
7.24856837e-06
5.055624443e-08
-2.637815551e-09
-7.144785461e-09
3.098364462e-08
3.040605854e-08
1.589700663e-08
-9.067956327e-09
1.516252221e-08
3.084813843e-08
3.625991347e-08
3.646721678e-08
3.063567251e-08
3.581591811e-08
3.634644345e-08
-7.922577961e-09
-6.736025683e-09
-1.042830732e-08
-3.659277688e-09
-7.796855418e-09
-4.153106295e-09
1.576236744e-08
3.590356731e-09
3.264639566e-09
-8.596405442e-09
-5.120453131e-09
-4.749732987e-09
1.545712276e-08
2.628531592e-09
2.85554083e-09
-8.517869598e-09
5.566551434e-08
-2.427383898e-08
-4.627172509e-09
-4.216926821e-09
-6.326022488e-09
-8.877390935e-09
-6.976591543e-09
-8.298587301e-09
-6.553577618e-09
-8.232540432e-09
-7.926231619e-09
-9.91667955e-09
-1.005251572e-08
-9.568533601e-09
3.388545897e-09
1.657931936e-09
4.621895258e-10
3.358462626e-09
1.64284118e-09
4.580188681e-10
3.35685384e-09
1.642276421e-09
4.575261289e-10
3.347729988e-09
1.637027252e-09
4.562085257e-10
)
;
    }
    procBoundary2to3
    {
        type            processor;
        value           nonuniform List<scalar> 
103
(
0.0003894934699
0.0003899804034
0.006583485522
0.006541359389
0.006584179408
0.006539877182
0.02511513448
0.02436738091
0.02374290985
0.02325517689
0.02286109488
0.02254085867
0.02227805458
0.02206101629
0.02188091785
0.02173106113
0.02160625711
0.02150259384
0.0214170365
0.02134721984
0.02129136821
0.02124812839
0.02121649116
0.02119575938
0.02118546927
-5.527690635e-05
2.130837114e-06
-5.432745283e-05
1.82662793e-06
9.025294321e-07
3.199384808e-08
9.038405015e-07
3.265131085e-08
-3.273285174e-05
-0.0001332067783
-3.237346275e-05
-0.0001331776359
-9.032752131e-06
-8.904596446e-06
-5.528359472e-05
2.130795811e-06
-5.434710467e-05
1.826437583e-06
-3.273577507e-05
-0.0001332117796
-3.238206692e-05
-0.0001331807368
-9.053413988e-06
-8.929639894e-06
3.963547593e-05
3.980284192e-05
0.0001474703563
0.0001474274028
0.0003347767067
0.0005923417876
0.0005922442794
0.0003345544396
3.973316483e-05
3.98192459e-05
0.0001474702903
0.0001474319047
0.0003347873127
0.0005923630256
0.0005922564719
0.000334573866
0.0008934578739
0.0008933828774
0.001200073808
0.001200520569
0.001681446223
0.001680594096
0.001696777662
0.001698306149
0.006776659093
0.001681581756
0.001680678149
0.001696726863
0.001698223427
0.006776658351
0.001456030212
0.001591534711
0.001591067041
0.00145531395
0.0008935589355
0.0008934896338
0.001199967271
0.001200364978
0.001456034178
0.001591486197
0.001590978789
0.001455322993
-7.898670555e-06
-3.811331738e-06
-1.051394204e-06
-7.89854618e-06
-3.811277509e-06
-1.051386198e-06
-7.883265242e-06
-3.801845383e-06
-1.047350018e-06
-7.883154448e-06
-3.801796765e-06
-1.047338377e-06
)
;
    }
}


// ************************************************************************* //
