/*--------------------------------*- C++ -*----------------------------------*\
| =========                 |                                                 |
| \\      /  F ield         | OpenFOAM: The Open Source CFD Toolbox           |
|  \\    /   O peration     | Version:                                        |
|   \\  /    A nd           | Website:  www.openfoam.com                      |
|    \\/     M anipulation  |                                                 |
\*---------------------------------------------------------------------------*/
FoamFile
{
    version     2.0;
    format      ascii;
    class       surfaceScalarField;
    location    "6.4";
    object      phi;
}
// * * * * * * * * * * * * * * * * * * * * * * * * * * * * * * * * * * * * * //

dimensions      [0 3 -1 0 0 0 0];
oriented        oriented;


internalField   nonuniform List<scalar> 
6094
(
0.02000184726
1.065339723e-06
0.01999556347
9.12466025e-06
0.01998106199
1.736017272e-05
0.01995773717
2.617103755e-05
0.01992474688
3.581743769e-05
0.01988093015
4.662063873e-05
0.0198247234
5.898179861e-05
0.01975404619
7.341605833e-05
0.01966613882
9.060064781e-05
0.01955732707
0.0001114474448
0.01942267376
0.000137216069
0.01925545324
0.0001696908598
0.01904634419
0.0002114616924
0.01878214284
0.0002664016671
0.01844384641
0.000340292946
0.01800561239
0.0004395253581
0.01744042182
0.000559531613
0.0167017458
0.0007102253165
0.00389001587
0.001085339668
0.003914664509
0.003889937652
0.003914497015
0.003692329848
0.0001976116259
-2.245454864e-09
-0.0008296310421
0.0007961754212
3.675370736e-05
-3.30276612e-06
-0.0006685499056
0.0005970574423
7.321235616e-05
-1.722643392e-06
-0.000279139132
-1.004092465e-06
0.0001357841766
0.0001443173925
0.02000633994
-5.276645443e-06
0.02000508248
1.038211997e-05
0.01999571686
2.672580095e-05
0.01997778337
4.410452711e-05
0.01995050121
6.309959877e-05
0.0199127818
8.43400496e-05
0.01986316932
0.0001085942836
0.01979974188
0.0001368434927
0.01971997458
0.0001703679515
0.01962054571
0.0002108763229
0.0194970561
0.0002607056758
0.01934362188
0.0003231250832
0.01915227378
0.0004028097963
0.01891225103
0.0005064244224
0.01860840432
0.0006441396626
0.01822084691
0.0008270827781
0.01770275516
0.001077623362
0.01701151955
0.001401460925
0.00396501448
0.002016052497
0.00407428946
0.003965632461
0.004075870317
-0.0003792868198
0.003820310962
0.0005239798385
1.04978773e-08
-0.0001357056693
-0.0008681950145
0.0008434993857
0.0001635686297
-3.167331707e-06
-0.0002626576977
-0.000757383693
0.0007138134244
-2.217180073e-06
0.0003084451464
-0.0004962732196
-0.0005540645674
-2.403491851e-07
0.0004835620573
0.0005670160788
0.01999917558
-4.453948532e-06
0.0199909688
1.858890533e-05
0.01997526299
4.243160302e-05
0.01995158273
6.778479663e-05
0.0199192494
9.543293019e-05
0.0198773385
0.0001262509478
0.01982462718
0.0001613056029
0.0197595257
0.0002019449715
0.01967998753
0.000249906128
0.01958339
0.0003074738551
0.01946637044
0.0003777252392
0.01932477987
0.0004647156594
0.01915330209
0.0005742875783
0.01894885363
0.0007108728903
0.01870330967
0.0008896836248
0.01843152314
0.001098869317
0.0180882638
0.001420882699
0.01768729063
0.001802434096
0.01718653793
0.002516805193
0.00400243855
0.00351300876
-0.000629981304
-0.0007352591122
-0.0006319976974
-0.0007360688112
0.004200672485
0.00400272006
0.004201004997
-0.0009922075927
0.001102951324
2.518319901e-08
0.0009142631326
0.001005212497
0.001030162379
0.0009420316263
-0.0003875663521
-0.0009142938473
0.0009171336751
0.0003936275483
-8.901024053e-06
-0.0006653851713
-0.0009340451507
-7.030610502e-07
0.0009391411201
0.0006609922628
-0.0009194563393
-0.00101071664
2.544277838e-06
0.001170319846
0.0007573088559
-6.150959791e-05
1.958831474e-05
2.77615387e-07
-8.419677451e-06
5.00633451e-05
0.01999689554
-1.350771674e-06
0.01998710002
2.838442182e-05
0.01997048907
5.904256095e-05
0.01994669278
9.158108126e-05
0.01991517777
0.0001269479368
0.01987522429
0.0001662044361
0.01982589922
0.0002106306663
0.01976602298
0.0002618212165
0.01969413394
0.0003217951686
0.01960858904
0.0003930187603
0.01950743727
0.0004788770076
0.01939165443
0.0005804985066
0.01925938031
0.0007065617066
0.01913173393
0.0008385192741
0.01898392405
0.001037493506
0.01885201501
0.001230778365
0.01863879407
0.001634103643
0.01832784938
0.002113378782
0.01810910623
0.00273554834
0.004439529287
0.003636430777
0.0045534619
0.004439095754
0.00455359727
-0.00114133008
0.004417265635
0.001163598438
-4.705212888e-09
-0.0003664726487
-0.001033216205
0.001044357163
0.0003600092569
-4.677566409e-06
-0.0005575346947
-0.001163610981
0.001194526591
-2.736586264e-06
0.0005293556711
-0.0006863521628
-0.00134830934
-1.319975897e-07
0.001401411135
0.0006333823658
-0.0005969928026
-0.001533384754
2.177363167e-07
0.001533624282
0.0005965355381
-0.0002157349424
-0.001311462191
2.896355836e-07
0.001216638908
0.0003102685903
-4.788781001e-05
-0.0009489048296
1.308624398e-07
0.0008794107312
0.0001172510459
-5.260687336e-05
-0.000753857709
-1.082405435e-08
0.0007220999789
8.437542667e-05
0.01999697303
1.675384203e-06
0.01998809974
3.725771037e-05
0.0199732593
7.388300307e-05
0.01995219531
0.0001126450611
0.01992453133
0.0001546119163
0.01988977229
0.0002009634804
0.0198473007
0.0002531022591
0.01979637679
0.0003127451218
0.01973664964
0.0003815223203
0.01966980968
0.0004598587267
0.01959601501
0.000552671679
0.01953548388
0.0006410296385
0.01946942849
0.0007726171006
0.01943193833
0.0008760094384
0.01933624754
0.001133184303
0.0191586684
0.001408357503
0.01904923748
0.001743534565
0.0189304701
0.002232146158
0.01887668466
0.002789333782
0.01903841708
0.003474698359
0.004833149553
0.004284577361
-0.001161283066
-0.001234872194
-0.001161123142
-0.001234764464
0.00493990773
0.004832929572
0.004939895729
-0.001415587013
0.004908308367
0.001340435729
-7.529060165e-09
-0.0004362556836
-0.00508109823
0.001571531904
1.409583767e-08
-0.0004310672155
-0.0004498019605
-0.0004357665594
0.001245429345
0.001380635125
0.001391390235
0.001244988943
-0.0004979787229
-0.001350797194
0.00140652429
0.0004537183911
-1.146676433e-05
-0.0004795033039
-0.001533647131
0.001569081888
-1.621850532e-06
0.0004456903973
-0.0003831817629
-0.001646792647
0.001661817555
-2.416121115e-07
0.000368398467
-0.0002532344272
-0.001660591878
-5.581165513e-08
0.001647587066
0.0002662950502
-0.0001707144319
-0.00159799875
0.00158230503
0.0001870432899
-6.351375333e-07
0.0199973745
4.300536953e-06
0.01998984794
4.478426865e-05
0.01997732401
8.640693488e-05
0.01995965625
0.0001303128164
0.01993662938
0.0001776387911
0.01990797472
0.0002296181303
0.01987338614
0.0002876908447
0.01983320018
0.0003529310822
0.01979453457
0.0004201879274
0.01976864467
0.0004857486199
0.01974256446
0.0005787518919
0.0197464425
0.0006371516015
0.01970474532
0.0008143142869
0.01959160277
0.0009891519896
0.01953440122
0.001190385861
0.01944836792
0.001494390801
0.01937159995
0.001820302535
0.01938297815
0.002220767961
0.01951670624
0.002655605698
0.01982055907
0.003170845518
0.02037331446
0.003731821977
0.02120928835
0.004251196756
-0.001267253394
-0.001276342144
-0.001267000841
-0.001276574274
0.005579236311
0.004637042345
-0.001444281886
-0.001443324056
-0.001444233856
-0.001443141634
0.005594502097
0.005579102279
0.005594386752
-0.001455226928
0.005720500936
0.001313944941
1.736659477e-08
-0.0003524583333
-0.005887298382
0.006050950922
0.001261587325
9.322455853e-10
-0.0003465134072
-0.0003727380176
-0.0003535310418
-0.0003207106486
-0.006193828815
0.00631091093
0.001116925207
9.354241069e-09
-0.0002972633402
-0.0003197321694
-0.0002963105216
-0.0002613892697
-0.006399564694
0.006472785567
0.0009239372843
2.986968854e-08
-0.0002383053409
-0.0002602764904
-0.00023721693
0.01999784669
6.45394718e-06
0.01999177678
5.085417537e-05
0.01998175414
9.64295672e-05
0.01996772843
0.0001443385287
0.01994963635
0.0001957308641
0.01992742062
0.0002518338644
0.01990143511
0.0003136763485
0.01987883393
0.0003755322638
0.01988940975
0.0004096121062
0.01991679642
0.0004583619496
0.01990378848
0.0005917598294
0.0198295063
0.0007114337894
0.01980144185
0.0008423787393
0.01974136382
0.001049230019
0.01967394438
0.001257805304
0.01965238411
0.001515951063
0.01967374041
0.001798946235
0.01978540733
0.002109101045
0.01999442028
0.002446592747
0.02031662747
0.002848638327
0.0208318753
0.003216574147
0.02150121116
0.003581860893
0.02232183091
0.003816422606
0.02317940279
0.003858512287
-0.001205656897
-0.001152403193
-0.001205626806
-0.001152397267
0.0239625972
0.003644909099
-0.001143211963
-0.001070856788
-0.001143227107
-0.001070807642
0.02459976686
0.003269615203
-0.001020744131
-0.000932716285
-0.001020716657
-0.0009326077888
0.002728587076
-0.0008371626984
-0.0007665293111
-0.0008374676522
-0.0007670899085
0.01999833571
8.118735625e-06
0.01999376787
5.542201205e-05
0.01998631192
0.0001038855171
0.01997600481
0.0001546456351
0.01996291426
0.0002088214104
0.01994737884
0.0002673692872
0.01993201296
0.0003290422286
0.01993801038
0.0003695348424
0.01998432945
0.0003632930318
0.01995506164
0.0004876297538
0.01994720942
0.0005996120523
0.01990702668
0.0007516165288
0.01985438944
0.0008950159783
0.0198316356
0.001071983861
0.01982801702
0.001261423884
0.01986617333
0.001477794759
0.01994986137
0.001715258196
0.02008543325
0.001973529167
0.02030537759
0.00222664841
0.02062845824
0.00252555767
0.02107500775
0.002770024637
0.02163081289
0.003026055761
0.02224995409
0.003197281406
0.02291751193
0.003190954454
0.02353810571
0.003024315325
0.02406412768
0.002743593236
0.002302955232
0.01999882171
9.297724182e-06
0.01999574567
5.849805093e-05
0.01999082721
0.0001088039758
0.01998417336
0.0001612994793
0.01997639876
0.0002165960084
0.0199704613
0.0002733067514
0.01996937208
0.0003301314497
0.02000046317
0.000338443746
0.02002094529
0.0003428109127
0.01999532335
0.0005132516944
0.01995661432
0.0006383210769
0.01993917938
0.0007690514737
0.01993151961
0.0009026757428
0.01994988239
0.00105362108
0.01998999497
0.001221311305
0.02006161515
0.001406174584
0.02016340768
0.001613465668
0.02034885989
0.001788076956
0.02055676224
0.002018746064
0.02087339773
0.00220892218
0.02122408591
0.002419336459
0.02166135898
0.002588782684
0.02216476999
0.002693870404
0.02268998199
0.002665742453
0.02318769042
0.002526606898
0.02362148102
0.002309802645
0.001952514753
0.01999929043
1.000818939e-05
0.01999765002
6.013845872e-05
0.01999516265
0.0001112913493
0.01999259908
0.0001638630479
0.01999665054
0.0002125445496
0.02002038558
0.0002495717049
0.02004838839
0.0003021286373
0.020088708
0.0002981241373
0.0200261714
0.0004053475066
0.0199992797
0.0005401434004
0.01999111016
0.0006464906085
0.02000287207
0.0007572895689
0.02002705325
0.0008784945598
0.02006789967
0.001012774658
0.02012905297
0.001160158001
0.02019820918
0.001337018378
0.02033098246
0.001480692392
0.02049508632
0.001623973101
0.02071174515
0.001802087233
0.0209884489
0.001932218421
0.02131206391
0.002095721449
0.02166391139
0.002236935201
0.02207087766
0.002286904141
0.02249186975
0.002244750358
0.02289511697
0.002123359687
0.02325364426
0.001951275364
0.001657670252
0.0199997305
1.027868443e-05
0.0199994776
6.03913625e-05
0.0199997348
0.0001110341509
0.02000762732
0.0001559705284
0.02004536479
0.0001748070723
0.02010688522
0.0001880512743
0.020121858
0.00028715586
0.02006665098
0.0003533311532
0.0200262271
0.0004457713914
0.02002892166
0.0005374488325
0.02004598816
0.0006294241059
0.02007366678
0.0007296109498
0.02011294732
0.0008392140217
0.02016728413
0.0009584378431
0.02022007057
0.001107371562
0.02032811801
0.001228970939
0.02047950845
0.001329301947
0.02062806261
0.001475418946
0.02084692856
0.00158322128
0.02106269336
0.001716453618
0.02132578902
0.001832625782
0.02163405774
0.001928666486
0.02197207852
0.001948883363
0.02231605569
0.001900773197
0.02264633497
0.001793080413
0.02294384831
0.001653762026
0.001410639381
0.02000021875
1.006083288e-05
0.02000238284
5.82272718e-05
0.02000921578
0.0001042012109
0.02003991825
0.000125268058
0.02008007928
0.0001346460464
0.02006185342
0.0002062771347
0.02005402686
0.000294982413
0.02004234733
0.0003650106866
0.02004901311
0.0004391056072
0.0200693317
0.0005171302395
0.02009756946
0.0006011863473
0.02013500062
0.0006921797809
0.02018394547
0.0007902691685
0.02022670103
0.0009156822879
0.02030622659
0.001027845997
0.02041827191
0.001116925623
0.02054514766
0.00120242619
0.02070298317
0.001317583437
0.02089431724
0.001391887213
0.02110778856
0.001502982294
0.02132750994
0.001612904408
0.02159028931
0.001665887117
0.0218727732
0.001666399466
0.02215752771
0.001616018688
0.02243080951
0.00151979861
0.02267920068
0.001405370851
0.00120230161
0.02000209551
7.966217486e-06
0.02001401294
4.630984439e-05
0.02003402979
8.418435668e-05
0.0200668849
9.241295598e-05
0.02005257303
0.0001489579139
0.02003584015
0.000223010017
0.02004248859
0.0002883339757
0.02005640882
0.000351090451
0.0200776958
0.0004178186234
0.02010556332
0.0004892627192
0.02014092461
0.0005658250501
0.02018546793
0.000647636458
0.02022500664
0.000750730461
0.02028587627
0.0008548126533
0.02037934955
0.0009343727126
0.02050468614
0.0009915890407
0.02061582313
0.001091289201
0.02077970569
0.001153700875
0.02092645767
0.001245135228
0.02110129943
0.001328140528
0.021306736
0.001407467841
0.02153591014
0.001436712971
0.02177507209
0.001427237522
0.02201371639
0.001377374392
0.02224220628
0.001291308722
0.02245114707
0.001196430051
0.001025792042
0.02000963354
-1.66652404e-06
0.02003784297
1.810041734e-05
0.02005778667
6.424065836e-05
0.02004429752
0.0001059021065
0.0200321466
0.0001611088292
0.02003823521
0.0002169214084
0.02005453447
0.0002720347135
0.02007584915
0.0003297757686
0.02010261208
0.0003910556936
0.02013574166
0.0004561331363
0.0201764466
0.000525120105
0.02021821758
0.0006058654847
0.02026029525
0.0007086527878
0.02033194356
0.0007831643425
0.0204199407
0.000846375567
0.02052489574
0.0008866339978
0.02064018783
0.0009759971205
0.02078961629
0.001004272411
0.0209459447
0.001088806814
0.02109573477
0.001178350454
0.02127805221
0.001225150407
0.02147673706
0.001238028123
0.02168115765
0.001222816933
0.02188348837
0.001175043675
0.02207654631
0.001098250787
0.02225380941
0.001019166947
0.0008752641727
0.02001478951
-1.645543804e-05
0.02001949095
1.339898294e-05
0.02002338871
6.034289418e-05
0.02002350982
0.0001057809936
0.02003158801
0.0001530306341
0.0200471097
0.0002013997235
0.0200673877
0.0002517567101
0.020092503
0.0003046604622
0.02012320538
0.000360353313
0.02016037335
0.0004189651694
0.02020499684
0.0004804966112
0.02023248885
0.0005783734732
0.02029426333
0.0006468783089
0.02036911343
0.0007083142404
0.02046053467
0.0007549543259
0.02055278222
0.0007943864454
0.02067011927
0.0008586600694
0.02078803531
0.0008863563669
0.02092730893
0.0009495331925
0.02107651344
0.00102914595
0.02124205957
0.001059604273
0.02141599006
0.001064097633
0.02159259754
0.001046209451
0.02176608292
0.001001558299
0.02193093406
0.0009333996381
0.02208273729
0.0008673637139
0.0007458828963
0.02002519357
-2.41611375e-06
0.02001755067
2.104188319e-05
0.02001967898
5.821458136e-05
0.02002733649
9.812347529e-05
0.02004036073
0.0001400063899
0.02005807315
0.0001836873104
0.02008052474
0.0002293051166
0.02010817663
0.0002770085689
0.02014162251
0.0003269074326
0.02018156377
0.0003790239128
0.02020783485
0.0004542255324
0.02025674495
0.0005294633732
0.02032067047
0.0005829527833
0.02040085971
0.0006281250011
0.02050184895
0.0006539650818
0.02058600783
0.0007102275687
0.02070749092
0.0007371769747
0.02080418852
0.000789658766
0.02091650473
0.0008372169747
0.02105450502
0.00089114565
0.02120295079
0.0009111585029
0.02135629117
0.0009107572504
0.02151049522
0.0008920053899
0.02166092638
0.0008511271435
0.021803233
0.0007910930182
0.02193457246
0.0007360242554
0.0006336408553
0.02003549107
5.227016125e-06
0.02002891065
2.762229842e-05
0.02003043549
5.668972775e-05
0.02003825335
9.030560959e-05
0.02005152831
0.0001267314336
0.02006997805
0.0001652375666
0.02009368502
0.0002055981443
0.02012293418
0.0002477594131
0.02015815069
0.0002916909236
0.02019426007
0.0003429145269
0.02022022786
0.0004282577402
0.02027522252
0.0004744687209
0.02033870909
0.0005194662135
0.02041260877
0.0005542253135
0.02049594697
0.0005706268777
0.0205845447
0.0006216298278
0.02069439371
0.0006273279609
0.02080609464
0.0006779578283
0.02090650324
0.0007368083758
0.02103000146
0.0007676474254
0.02116308774
0.0007780722191
0.02129950202
0.0007743429725
0.02143559827
0.0007559091386
0.02156752228
0.0007192031322
0.02169176219
0.0006668531021
0.02180665739
0.0006211290618
0.0005352446012
0.02003495927
6.740442925e-06
0.02003424221
2.833934797e-05
0.02003761718
5.331475555e-05
0.02004620953
8.171325338e-05
0.02006017583
0.0001127651336
0.02007952284
0.0001458905569
0.02010434856
0.0001807724288
0.02013486927
0.0002172386949
0.02017139086
0.0002551693311
0.0201853662
0.0003289391805
0.02023380831
0.0003798156331
0.02028936167
0.0004189153525
0.02035380524
0.0004550226371
0.02042888659
0.000479143958
0.02050212074
0.0004973927267
0.02059243933
0.0005313112392
0.0206799739
0.0005397933823
0.02078061538
0.0005773163517
0.02088686259
0.0006305611579
0.02100327312
0.0006512368949
0.02112433901
0.0006570063308
0.02124698567
0.0006516963108
0.02136846205
0.0006344327575
0.02148553012
0.0006021350683
0.02159529476
0.0005570884587
0.02169699634
0.0005194274849
0.0004479945421
0.02003289853
5.89080591e-06
0.02003533191
2.59059664e-05
0.02004101244
4.763422284e-05
0.0200511467
7.157899274e-05
0.0200662948
9.761703586e-05
0.02008672121
0.0001254641487
0.02011262042
0.0001548732189
0.02014420803
0.0001856510817
0.02016415636
0.0002352209867
0.02019553164
0.0002975638969
0.02024455452
0.0003307927468
0.02030065912
0.0003628107478
0.02036786519
0.0003878165741
0.02044845418
0.0003985549568
0.02051555732
0.0004302895834
0.02060862524
0.0004382433232
0.02068319976
0.0004652188587
0.02076720615
0.0004933099643
0.02086904415
0.0005287231638
0.02097728766
0.0005429933829
0.02108820958
0.0005460844092
0.021199686
0.000540219889
0.02130941484
0.0005247039208
0.02141460419
0.0004969457115
0.0215128138
0.0004588788537
0.0216039794
0.0004282618792
0.0003696615426
0.02003047793
4.331272024e-06
0.02003461833
2.176556746e-05
0.02004213942
4.011313813e-05
0.02005384443
5.987397634e-05
0.02007029446
8.116701121e-05
0.02009184984
0.0001039087641
0.02011876943
0.0001279536249
0.02015126798
0.0001531525331
0.0201603582
0.0002261307599
0.02020398948
0.0002539326122
0.02025321417
0.00028156805
0.02030827119
0.0003077537228
0.02036966236
0.0003264253926
0.02043709611
0.0003311212151
0.02050709493
0.000360290757
0.0205919852
0.0003533530581
0.02067897531
0.0003782287516
0.02075782885
0.0004144564193
0.02085243846
0.0004341135526
0.02095313673
0.0004422951148
0.02105577225
0.0004434488891
0.02115827802
0.0004377141215
0.02125864056
0.000424341385
0.02135440404
0.0004011822317
0.02144346318
0.0003698197073
0.0215262894
0.0003454356494
0.0002983891824
0.02002808293
2.468942326e-06
0.02003322894
1.66195596e-05
0.02004205546
3.128661926e-05
0.0200550629
4.686653571e-05
0.02007269472
6.353519223e-05
0.02009529522
8.13082622e-05
0.02012312915
0.000100119695
0.02012818113
0.0001481005425
0.02016718519
0.0001871266923
0.02021134473
0.0002097730665
0.02026070196
0.0002322108196
0.02031522615
0.0002532295354
0.02037420918
0.0002674423602
0.02043590511
0.0002694252836
0.02050427848
0.0002919173929
0.0205779407
0.0002796908384
0.02065894543
0.0002972240193
0.02074439316
0.0003290086909
0.02083660812
0.0003418985882
0.02093173188
0.0003471713639
0.02102781586
0.0003473649085
0.02112325635
0.0003422736285
0.0212162824
0.0003313153362
0.02130468838
0.0003127762557
0.02138661124
0.0002878968467
0.02146293899
0.0002691078824
0.0002326156318
0.02002585379
4.520573518e-07
0.02003162024
1.085311147e-05
0.02004134775
2.155910278e-05
0.02005534947
3.286482303e-05
0.02007395061
4.493404843e-05
0.02009743993
5.781894294e-05
0.02011547934
8.208028379e-05
0.02013367823
0.000129901651
0.02017340675
0.0001473981628
0.02021811028
0.0001650695331
0.02026770199
0.0001826191076
0.02032193935
0.0001989921854
0.02037980313
0.0002095785803
0.020439045
0.0002101834098
0.02050542726
0.0002255351375
0.02057600378
0.0002091143224
0.0206499604
0.0002232673934
0.02073444411
0.0002445249815
0.02082323635
0.0002531063517
0.02091385078
0.0002565569371
0.02100489959
0.0002563161035
0.02109495152
0.0002522217034
0.02118240445
0.0002438624067
0.02126523131
0.0002299493977
0.02134173975
0.0002113884001
0.02141314067
0.0001977069565
0.0001710039161
0.0200238195
-1.642737808e-06
0.02002998106
4.691543833e-06
0.02004032473
1.121544174e-05
0.02005505463
1.813491936e-05
0.0200744053
2.558338148e-05
0.02009860336
3.362087897e-05
0.02010327948
7.740416867e-05
0.0201387641
9.441702509e-05
0.02017924374
0.0001069185239
0.0202246467
0.000119666565
0.02027478746
0.0001324783487
0.02032923759
0.000144542054
0.02038671504
0.0001521011335
0.02044466842
0.0001522300308
0.02050852202
0.0001616815391
0.02057452782
0.000143108527
0.02064520675
0.000152588466
0.02072692235
0.0001628093827
0.02081273198
0.0001672967277
0.02090002417
0.0001692647511
0.02098741989
0.0001689203827
0.02107357869
0.0001660629091
0.0211570168
0.0001604242891
0.02123582882
0.000151137374
0.02130842906
0.0001387881621
0.0213762781
0.000129857917
0.0001123838355
0.02002198455
-3.779089764e-06
0.02002839671
-1.720610062e-06
0.02003915562
4.565306887e-07
0.02005439937
2.891170236e-06
0.02007429949
5.683258063e-06
0.02008093848
2.69818953e-05
0.02010725935
5.108330179e-05
0.02014347732
5.819904845e-05
0.020184772
6.562384635e-05
0.02023108658
7.335198452e-05
0.02028223637
8.132856048e-05
0.02033777293
8.900548903e-05
0.02039633375
9.354031148e-05
0.02045404118
9.452260727e-05
0.02050977187
0.000105950841
0.02056380164
8.907876371e-05
0.02063972365
7.666645575e-05
0.02072138498
8.114804898e-05
0.02080547543
8.320628195e-05
0.02089062308
8.411711243e-05
0.02097565356
8.388990609e-05
0.02105929532
8.242114709e-05
0.02114014044
7.957916907e-05
0.02121635666
7.492115715e-05
0.0212863948
6.875002375e-05
0.02135192905
6.43236636e-05
5.570902389e-05
0.01972478541
0.0197230648
0.01972352133
0.0197264125
0.01973209576
0.01975907766
0.01981016096
0.01986836001
0.01993398386
0.02000733584
0.0200886644
0.02017766989
0.0202712102
0.0203657328
0.02047168364
0.02056076241
0.02063742887
0.02071857692
0.0208017832
0.02088590032
0.02096979022
0.02105221137
0.02113179054
0.0212067117
0.02127546172
0.02133978537
-0.0004553744354
-9.070567316e-07
-0.0004044236443
0.0003644319162
-0.0002791235286
-1.014086804e-06
0.0001357731401
0.0001443234761
0.0004963194153
-0.0004554319734
-8.98668371e-07
-0.0004044477254
0.0003644589517
-0.0008325069444
-5.464589331e-07
-0.0006606072928
0.0008282755225
0.000927087492
0.0008616976585
-7.268499409e-07
-0.0009940409748
-0.0007940173257
-0.0005540284781
-2.456747399e-07
0.0004835859034
0.0005670076627
0.0006655235876
-0.0008325667816
-5.61602212e-07
-0.0006606271974
0.0008282319935
0.0009270660871
0.000861666207
-7.074289518e-07
-0.0009940776519
-0.0007939472133
1.743443515e-07
7.456804686e-06
0.0009194377564
1.729056722e-07
7.455424187e-06
-4.701975281e-05
4.868993793e-05
-2.480027445e-07
-1.422182736e-06
-4.706647259e-05
4.873870362e-05
-2.49216339e-07
-1.423015068e-06
1.533847575e-07
-7.48723957e-05
-3.381034394e-05
6.155793454e-05
1.332990945e-07
-7.489532163e-05
-3.386238138e-05
-0.001329267376
-6.895649329e-08
-0.0007330905477
0.001376074716
0.001390971054
0.0006770296505
-1.544947422e-07
-0.0006637637106
-0.001404082499
-0.001010729889
2.51741902e-06
0.001170377989
0.0007572722349
-0.001329216312
0.000686358182
-7.643721047e-08
-0.000733143625
0.001376078192
0.001390962106
0.0006770481244
-1.444286468e-07
-0.0006637900953
-0.001404075706
1.294001128e-06
-0.0005310937188
0.001323777971
0.0009224501242
0.0002744978625
5.167622402e-07
-0.0001292397246
-0.001068225024
0.000596956802
1.301458117e-06
-0.0005310849849
0.001323788828
0.0009224568068
0.0002744890129
5.234521022e-07
-0.0001292350648
-0.001068234206
9.601432311e-07
-0.0001007202895
0.0008064753269
0.0005689603787
5.402042531e-05
-1.091140052e-07
5.748203653e-06
-0.000628619893
0.0002157343919
9.669148749e-07
-0.0001007154217
0.0008064709157
0.0005688522281
5.414048386e-05
-1.221334096e-07
5.696853514e-06
-0.0006285674322
2.658709821e-07
3.253111535e-05
3.548126335e-05
1.344678656e-07
-2.779963184e-06
0.0005237180619
0.0004636539177
4.479772837e-05
-4.93885132e-08
-3.251872047e-05
-0.0004758835371
-1.95713813e-05
2.998919535e-07
3.254780457e-05
3.546238497e-05
4.770530636e-05
1.453618448e-07
-2.761664715e-06
0.0005237632315
0.0004635807225
4.483245397e-05
-8.891355142e-09
-3.251219458e-05
-0.0004758920905
-4.809167139e-07
0.000126352088
-0.000405037515
-0.0007284018845
-0.0002065391989
0.0006740890445
-1.805658421e-06
0.0004292486998
-4.296322183e-07
-0.000344797966
-0.0005393955382
-0.0006685241118
-1.731472003e-06
0.00059704029
7.321442107e-05
-4.870451678e-07
0.0001263709815
-0.0004050338765
-0.000728302819
0.0002626917933
-1.829268589e-06
-0.0002065650483
0.0006740053426
0.0004291956944
-4.108736382e-07
-0.0003448858634
-0.0005393309332
-0.0001209870227
-0.0001645599978
-6.539007155e-08
0.0002724896106
1.925945814e-09
1.31208739e-05
0.0001345015776
0.0001438936668
2.388416177e-09
-0.0002794431895
3.142150343e-07
0.0001208776047
1.454944688e-05
-1.176504185e-06
0.0001663604477
0.0002864225678
-0.000307289117
2.089960973e-09
1.378360583e-05
0.000285652051
1.750471244e-09
-0.0003074966309
0.0002734458941
1.372677952e-05
-3.486518502e-07
4.389308918e-05
-1.834964334e-06
4.323390849e-05
-5.79919439e-10
-1.06232003e-06
-5.999264142e-07
-0.001006987715
0.0008585686556
-0.001116733374
-0.0005977206148
0.00115896803
-2.048738935e-06
0.0006686537094
-3.771537269e-07
-0.0007364075838
-0.001261136349
-0.0009338859193
-7.122706301e-07
0.0009392028231
0.0006609189547
-5.913357499e-07
-0.001007059269
0.000858586921
-0.001116661084
0.0005575112473
-2.056749836e-06
-0.0005977249247
0.001158931511
0.0006687275688
-3.785883128e-07
-0.0007363854839
-0.00126117981
-0.000566544382
-0.001190271025
4.180959559e-07
0.001063249433
-1.094059317e-09
0.0006931489722
0.001172101309
0.0007574503243
-0.0009184912149
-9.331804628e-09
-0.001008506812
-2.41227347e-06
0.0005687879611
0.0006052028535
-1.258698288e-06
8.55335108e-07
0.001190186872
0.0007666959691
-0.001200429324
0.0006038956519
1.609813995e-09
-7.526084903e-07
-3.683032584e-09
0.0007665025016
-0.001198464184
0.001066351717
0.0006930412146
6.127788116e-07
-0.0005483511828
0.0005610143108
-1.327590671e-05
-0.0005477497018
0.000561244268
-7.660781407e-10
-1.288103078e-05
-1.137740003e-05
-6.057118461e-05
-8.539097517e-08
5.403277932e-05
-1.216246845e-08
1.801335736e-05
-3.411572535e-07
1.233107205e-05
-7.949305138e-06
-4.04061006e-06
2.705097174e-07
6.043312426e-05
-5.545646403e-05
-1.44182706e-06
-3.80534672e-06
-8.496382e-06
-3.962441642e-09
-3.218199939e-06
-5.52776362e-05
-4.809110598e-08
-1.460124085e-06
-3.514809171e-06
5.418245145e-05
1.849634954e-05
-1.035779266e-08
-3.32493592e-05
0.0004443067558
2.832781901e-07
-8.359893887e-06
5.006317535e-05
5.24405348e-05
1.45015858e-08
-3.325371706e-05
0.0004443794082
3.042210929e-08
-0.001409656662
0.0003726619128
-0.001551728863
-0.0005196339557
0.0015924059
-5.463857001e-07
0.001661632902
0.0004103493393
-0.000423512037
-0.001648258786
-2.114180025e-07
-0.00153342783
2.482361741e-07
0.001533702333
0.0005964340615
0.001311481977
3.277117339e-08
-0.00140969255
0.00037266681
-0.001551737119
0.0004795357493
-5.209101409e-07
-0.0005196878622
0.001592410142
0.001661657575
0.0004103369986
-2.070077771e-07
-0.0004235184904
-0.001648269076
2.485977821e-08
-0.001035064726
0.0001401554528
-0.0003860910633
0.001664663835
-1.216310284e-07
0.001615040868
0.0002885574631
-0.0002639277057
-0.001639602487
-6.813801682e-08
2.914050262e-07
0.001216653426
0.0003102715355
0.0009491135445
-1.631474392e-08
-0.001034997102
0.0001400403438
0.0003831583539
-1.250189643e-07
-0.0003860842156
0.001664708453
0.001614739308
0.0002883448749
-1.029663509e-07
-0.0002633300658
-0.001639651151
-0.0002520393574
0.0005134217299
-7.144071409e-07
1.479711379e-09
1.182016778e-05
-0.0004042850308
0.0003641394575
6.701407467e-10
0.0004950532245
-0.0004558153794
-8.41880453e-07
0.0002537090183
-0.0003708682138
-1.223477732e-06
-0.0005140258827
0.0003643268941
0.0005153543825
8.512270498e-10
-0.0003715150707
0.0003629909315
1.330923797e-09
0.0005133454426
1.241462278e-05
-1.611512775e-07
0.0003483211816
1.616686353e-05
2.478147234e-10
0.000347184341
1.564518928e-05
-0.0001209866415
-0.0001645584128
-6.124698191e-08
0.0002724875207
1.31207127e-05
0.0001345025692
0.000143887378
-0.0002794428642
3.082991654e-07
0.0001208747209
1.454772837e-05
-1.18571759e-06
0.0001663517177
0.0002864317594
-0.0003072742818
1.37833843e-05
0.0002856394395
-0.0003074944397
0.0002734395442
1.37256509e-05
-0.0002520424562
0.0005134221673
-7.108959743e-07
1.182018701e-05
-0.0004042446182
0.0003641315866
0.0004950866114
-0.0004558715817
-8.508181636e-07
0.0002537087585
-0.0003708739072
-1.227983493e-06
-0.0005140233594
0.0003643320854
0.0005153782076
-0.000371497605
0.0003629947686
0.0005133323313
1.241404746e-05
-1.61115692e-07
0.0003483267873
1.616641406e-05
0.0003471889087
1.564499045e-05
-0.0007276374117
0.000499349495
1.166058325e-06
0.0007200703896
1.044661793e-09
-0.0004929495759
1.648615842e-06
0.0007271883527
-0.000389820161
9.304372143e-06
-2.285284143e-07
-0.0005005567528
0.0004926277347
8.157546691e-06
2.843386858e-10
-0.0003875331788
8.72843624e-06
0.0004910154044
6.080588179e-10
8.104956107e-06
0.0007224090065
-0.0004946113474
0.0005075563001
0.0008475898473
4.041010666e-07
8.926958227e-10
-0.0006354807519
-0.0009954074437
-0.0007923831946
-1.321147519e-09
0.0009258624477
0.0008612026579
2.577010751e-06
-0.000510248589
6.258336839e-06
-6.025694473e-07
-0.0008485808469
-0.0008180231669
0.0008731892564
2.944628191e-09
5.738329654e-06
-2.009749218e-09
-0.000817640252
0.0008722463474
-0.000636016324
-0.0007276531145
0.0004993651537
1.167032936e-06
0.000720065258
-0.0004929432852
1.645607867e-06
0.0007272170261
-0.0003898399907
9.304144006e-06
-2.282172361e-07
-0.0005005842682
0.0004926554928
8.156992759e-06
-0.000387545884
8.72756569e-06
0.0004910333847
8.104156035e-06
0.0007223983326
-0.0004945985444
0.0005075653553
0.0008475871238
4.040891208e-07
-0.000635490413
-0.000995443197
-0.0007923247208
0.0009258668025
0.0008611923601
2.57970835e-06
-0.000510261529
6.259658976e-06
-6.035361687e-07
-0.0008485740118
-0.0008179869971
0.0008732173317
5.738200139e-06
-0.0008175912248
0.0008722480866
-0.0006360331149
-7.28457464e-09
7.552855986e-06
0.0009184798065
7.552612888e-06
-1.869191697e-09
-4.76654759e-05
4.816597797e-05
-7.466360102e-07
-4.765565408e-05
4.815093836e-05
-7.463747232e-07
-7.475846898e-05
-3.401972396e-05
-8.63739415e-10
6.126697323e-05
2.629176899e-07
-6.268886053e-07
4.121542516e-08
8.760869178e-05
-1.375667733e-09
-3.302341211e-07
-1.809534185e-09
8.735166741e-05
-3.49093676e-07
4.390895399e-05
-1.832903889e-06
4.323720899e-05
-1.061351829e-06
-7.476598559e-05
-3.402833146e-05
6.127110376e-05
2.663246822e-07
-6.288614371e-07
4.737374576e-08
8.756049547e-05
-3.308106737e-07
8.737041898e-05
-0.0006070031226
0.0010840093
-2.838383666e-06
2.736880988e-09
0.0005890789012
5.454143804e-07
0.000607385426
-2.727985273e-06
-1.848480815e-06
-0.001081974581
0.0005403929899
-4.921113517e-06
1.020778746e-09
-2.563075884e-06
1.571749475e-09
0.0005386845865
-4.275042203e-06
0.0005889241751
-0.0005665523497
-0.001190281697
4.175355162e-07
0.001063244389
0.0006931710289
0.001172128142
0.0007574264494
-0.0010085667
-2.410943536e-06
0.0005688095629
0.0006052395979
-1.260230923e-06
8.410277037e-07
0.001190205269
0.0007667062519
-0.001200480316
0.0006039194262
-7.529682161e-07
0.0007665012113
-0.001198519114
0.001066342706
0.000693089658
-0.0006070263771
0.001084029445
-2.834093319e-06
0.0005890781504
5.426543336e-07
0.0006074268371
-2.729894137e-06
-1.847753061e-06
-0.001082005665
0.0005483547491
0.0005404212394
-4.922570462e-06
-2.563274158e-06
0.0005477535879
0.0005387046433
-4.274973761e-06
0.000588929783
-0.0010953754
0.0003701144355
1.896778936e-06
0.0007271743891
-3.450324139e-09
-3.806752477e-06
-0.0005310651796
0.00132461495
-8.945987906e-09
0.0005975002541
-0.001389747078
2.466383096e-06
0.00109328175
-0.001065827551
6.983009105e-07
-0.0003712614522
0.00121489734
0.0004794437819
-4.898830434e-09
-0.001062725032
0.001214861683
-2.529010147e-09
0.0004805685332
0.0007283084011
-4.391320498e-06
0.0005216875245
0.0002159120092
-3.343122379e-07
-3.32121522e-09
-1.008750961e-05
-0.0001288341906
-0.001068243923
-1.777544823e-09
0.0009223408342
0.0002752558158
-5.409361961e-07
-0.0005207491853
0.0004016075085
-9.557105785e-06
1.227820188e-06
-0.000217689764
0.0003631342632
-2.131417561e-09
0.000401181284
-8.866765475e-06
-2.173662843e-09
0.0003637597536
-1.046486654e-05
6.131127029e-07
0.0005610144603
-1.327282575e-05
0.0005612452574
-1.287933048e-05
-0.001095379662
0.0003701172723
1.889870767e-06
0.0007271751569
-3.806087171e-06
-0.0005310460673
0.001324581942
-0.001389747424
0.0005975040522
2.476533614e-06
0.001093285583
-0.001065832646
7.112690655e-07
-0.0003712556844
0.001214918478
0.0004794147626
-0.001062708836
0.001214856494
0.0004805514601
0.000728308511
-4.38873755e-06
0.0005216961886
0.0002159026754
-3.398743168e-07
-1.00871625e-05
-0.0001288400112
-0.001068237359
0.000922343882
0.0002752551465
-5.352725939e-07
-0.0005207661069
0.0004016225122
-9.556200607e-06
1.235838713e-06
-0.0002176657739
0.0003631141981
0.0004011855428
-8.866782369e-06
0.0003637554712
-1.046325147e-05
-4.706950656e-07
-4.770098337e-05
-7.284773498e-06
-4.942044911e-05
-3.410069342e-09
-6.324467781e-06
-0.0003149685226
5.119907805e-05
2.628838457e-07
0.0002719480831
-1.591083636e-09
-8.439930925e-06
-9.97167205e-05
0.0008069600223
-2.382856607e-09
0.000216060055
3.815701695e-07
0.0003141172384
-1.361159248e-05
3.456279179e-07
-5.15549216e-05
0.000708738857
0.00014894576
-2.450782075e-09
-1.311994304e-05
0.0007091828653
-1.356354746e-09
0.0001493232277
0.0002718798591
-9.054654757e-06
0.0002707083965
9.618806895e-06
-6.65274692e-07
-2.980563794e-09
-7.710867356e-06
5.412368117e-06
-0.0006288419779
1.571769195e-09
0.0005688585802
5.446034813e-05
-3.797150898e-07
-0.0002688898472
0.0002273167657
3.497093502e-07
-1.040667162e-05
9.017592453e-05
-1.246622405e-09
0.0002263218629
-1.735986879e-09
9.031115064e-05
-8.081925769e-06
-4.697362727e-07
-4.769701696e-05
5.545240787e-05
-7.285654036e-06
-4.941467486e-05
5.52657991e-05
-6.324268323e-06
-0.0003149748737
5.120680349e-05
2.593077808e-07
0.0002719472604
-8.440086765e-06
-9.971466489e-05
0.0008069608661
0.0002160622112
3.865261623e-07
0.0003141314275
-1.361086825e-05
3.522744635e-07
-5.156774953e-05
0.0007087257233
0.0001489606651
-1.311991764e-05
0.0007091898178
0.0001493287755
0.0002718775281
-9.054536869e-06
0.0002707068585
9.6188249e-06
-6.702573843e-07
-7.711131185e-06
5.402466412e-06
-0.0006288609252
0.0005688004696
5.453741954e-05
-3.721510667e-07
-0.000268882436
0.0002272544211
3.561121456e-07
-1.04071253e-05
9.020930464e-05
0.000226321247
9.030210235e-05
-8.082301734e-06
-2.54264939e-05
5.454674678e-05
-4.084115707e-07
-5.078699098e-09
2.532602201e-05
3.292944406e-05
3.525691297e-05
-6.070242291e-09
-1.97484459e-05
-7.077488946e-08
2.608024354e-05
-1.427655062e-06
7.897681036e-08
-5.429748571e-05
5.966647907e-05
3.003329006e-05
-4.156987776e-09
-1.060073364e-06
-4.744148731e-09
5.972975147e-05
3.015763419e-05
2.555678417e-05
-1.137261442e-05
-6.057574885e-05
-9.959717386e-08
5.403749518e-05
1.799832583e-05
-3.363048603e-07
1.231824635e-05
-7.945719426e-06
-4.036222552e-06
2.571493232e-07
6.042825146e-05
-1.430637817e-06
-3.802377052e-06
-8.49612075e-06
-3.216784027e-06
-1.592359987e-06
-3.508533533e-06
5.419236804e-05
1.845454397e-05
-2.542556414e-05
5.456208466e-05
-4.177111573e-07
2.531360089e-05
3.29215281e-05
3.525540147e-05
-1.973218356e-05
-5.538328923e-08
2.608212962e-05
-1.424637171e-06
8.291188787e-08
-5.433757823e-05
3.000702602e-05
5.971004081e-05
-1.059691686e-06
3.013494624e-05
5.976070372e-05
2.551921069e-05
5.960596944e-05
-3.862471629e-06
-0.0007242948245
-0.0008423530375
-0.0001053828897
0.000815224208
-3.193950356e-06
0.0002213004334
-0.0001730145359
-3.807896981e-06
-0.0007728798862
-0.0008295724001
-3.308344097e-06
0.0007961488451
3.673125252e-05
-3.870647718e-06
5.964797687e-05
-0.0007243002921
0.0001356810544
-0.000842437039
-3.179373979e-06
-0.0001053628063
0.0008152981648
0.0002213568379
-3.833894043e-06
-0.0001729945705
-0.0007728311928
-8.763690181e-05
-0.0006111862853
9.19868682e-07
0.0005273180235
0.0001705838241
1.470828118e-09
-9.162358302e-07
8.789865488e-05
0.000510068317
-1.733655691e-06
0.000607690498
0.0001415645005
-0.0006743089857
0.0006005285177
7.300908514e-05
1.362503875e-09
-0.000675263642
0.0005119683006
8.532375623e-10
0.0001411068456
1.346794186e-09
-0.0006810190452
0.0005254253095
0.0001710837154
-3.892849413e-06
-0.0007942035423
0.0002620131315
2.562574497e-08
-0.003857540437
-0.0002282733643
-0.0001911619163
-0.0002087456629
-0.000209687389
0.0009496152548
0.0008977491507
0.0009827378158
0.0008730733265
0.0008824902404
0.0003364211486
-0.0003173647312
-0.0008854467224
-1.609993535e-05
-0.0008680750181
-3.186449709e-06
0.0008433813642
0.0001635611561
0.0007574547807
-3.868328021e-06
-0.0007942500937
0.0002620204783
-0.003857170876
0.0009921941842
-0.0002282741322
-0.0001912180099
-0.0002087515018
-0.0002096836939
0.0009495911635
0.0008976623202
0.0009826302252
0.0008730459397
0.0008823607708
0.0003364194582
-1.610957837e-05
-0.0003173194703
-0.0008853511804
-3.102885702e-07
0.0004902934006
-0.0006147989822
-0.0003646618248
0.0008687379567
-9.152247404e-06
0.0005825400211
-9.462907548e-07
-0.0005701272591
-0.0008439734144
-2.190502251e-06
0.0007138654758
0.0003084716004
-3.1095005e-07
0.0004903005805
-0.0006148224167
0.0003875598675
-9.163652204e-06
-0.000364727148
0.000868691702
0.0005824590809
-9.377851764e-07
-0.0005700878894
-0.0008440001884
-0.000608738831
-0.0005872240737
8.284808865e-07
0.000702183518
1.330004551e-09
0.0004834855305
0.0005659868711
3.400279003e-09
-0.0005546629287
-5.598013626e-07
0.0006096560783
-3.690053076e-07
0.0005875514853
0.0006249565486
-0.0006451229507
-8.372022017e-10
0.0006238495998
1.171299337e-09
-0.0006454569772
0.0007034247036
-1.294090434e-06
0.0005808155007
-0.0009310265416
-0.00100512814
-0.0003766906388
0.001018245614
-2.899480778e-06
0.0005171815735
-0.0005471943498
-4.299923152e-06
-0.001082420677
-0.0009143580742
-8.888957106e-06
0.0009171959415
0.0003936109573
-1.314728037e-06
0.0005808521754
-0.000930964288
0.0003665196612
-0.001005282178
-2.879943527e-06
-0.0003766105955
0.001018253056
0.000516461967
-4.293951421e-06
-0.0005471181931
-0.001081710908
0.0009394049088
0.0006591919557
-0.0006637888105
4.355227303e-09
-0.0009355154737
-3.334476096e-07
0.0007499739404
-0.000776561129
0.0009660617548
0.0007489708453
-0.000775520368
0.0009656263835
-5.400612652e-09
-0.001028831591
5.488153547e-07
0.001076504234
0.0007007489851
4.024662278e-10
-9.518607521e-07
0.001028269081
0.0006351717252
-0.001001496685
0.000632897168
-4.034714352e-09
-0.001003484631
0.001076850853
0.0007019409812
-8.310589927e-06
5.010877577e-05
-2.032199973e-09
1.161442542e-07
6.837611322e-05
7.353221423e-08
7.287470637e-05
3.678158383e-05
6.831630804e-05
-5.001514852e-10
7.301860059e-05
3.689307588e-05
3.745853535e-10
3.197297171e-10
5.060403968e-05
-3.082183732e-09
5.05521461e-05
-4.795265435e-06
-0.001127149791
0.0004855156447
-6.01852138e-09
-0.004638677367
-0.0004062403857
-0.0003577477238
-0.0003981045714
-0.0003730883597
0.001241098866
0.00113417062
0.001256357973
0.001126649958
0.001209460618
0.0003940160314
-0.0004302765306
-0.001149621773
-2.357834617e-05
-0.001033228714
-4.674332483e-06
0.001044362344
0.0003600603652
0.00116293247
-4.802709686e-06
-0.00112537598
0.0004837081846
-0.004639030864
0.001415847338
-0.0004063081353
-0.0003577204412
-0.0003980887462
-0.0003732327328
0.001241186242
0.001134168604
0.00125637104
0.001126801684
0.001209438757
0.0003940321817
-2.358152906e-05
-0.0004302031341
-0.001149686275
-3.570626543e-07
-0.001289977381
0.0006106788133
-0.000463063788
0.001249237678
-1.296895432e-05
0.00137578994
0.0004881067648
-0.0005255468333
-0.001336621726
-1.728145601e-06
-2.752453172e-06
0.001194527888
0.0005286682822
0.001348341684
-3.649160943e-07
-0.001289976079
0.0006107268806
0.0004361302306
-1.297371353e-05
-0.000463048603
0.001249330845
0.001375836795
0.0004880906678
-1.740737043e-06
-0.0005255279866
-0.001336658739
-2.087435637e-07
-0.001495039362
0.0006388930029
-0.0005382651478
0.0014191881
-3.111736151e-06
0.0004918577996
-0.0005358948138
-2.902805799e-07
-0.001507401571
-1.639586487e-07
0.00140147171
0.0006333921125
-1.785018107e-07
-0.001495060095
0.000638858891
0.0004980023864
-3.123753649e-06
-0.0005382420129
0.001419200174
0.000491893955
-2.582379669e-07
-0.0005360828699
-0.00150728997
0.001533179074
0.0005969925084
-1.468889974e-08
-0.001532438902
-9.467361809e-08
0.0005224501805
0.001490712556
0.0005231859511
0.001490468573
-1.586192847e-09
-0.001605361652
1.203287197e-07
0.001610819849
0.0005175977934
9.630702321e-09
-6.249391686e-08
0.001605956079
0.0005623902251
-0.001571748272
0.0005627507519
-2.415666574e-08
-0.001571158217
0.001611233799
0.000517292807
0.001216800517
0.0003108779018
-0.001311327926
-7.90366268e-10
1.266227005e-07
0.0002427970445
0.00112266101
0.0002433701642
0.001122878297
1.905228193e-09
-0.001487025729
-5.494809931e-08
0.001420972019
0.0003094706499
8.168946511e-09
9.082251152e-08
0.001487025792
-0.001542892332
0.0003660443042
-0.001542691502
0.0003666327951
1.708230918e-09
0.001420964625
0.0003088032611
-8.48472227e-10
-0.00078644389
7.738476006e-05
-0.0002269380929
-1.869035127e-08
0.001588763225
0.001495385404
0.0001988562628
-0.0001588506553
-0.001535192291
-1.987205918e-07
1.778183949e-07
0.000880428159
0.0001162128669
0.0007540043613
-1.51095613e-08
-0.0007866091294
7.745233174e-05
0.00025298366
-3.117321165e-08
-0.0002253891955
0.001587176023
0.001495341375
0.0001988632055
-1.842596668e-07
-0.0001588270017
-0.001535193319
-0.0001390188676
0.001463920617
-2.307741823e-07
3.145103911e-08
0.0007220971703
8.431626884e-05
0.000170796443
-2.53226728e-07
-0.0001391028626
0.001463901022
-7.314715905e-07
-0.001495067892
0.0004540100314
1.83493827e-08
-0.005529915951
-0.0004206533874
-0.0004160864455
-0.0004327539739
-0.0004151403603
0.001522340986
0.001351476578
0.001522256262
0.001363231022
0.001445084685
0.0003415910726
-0.0003803307267
-0.001377577826
-2.876720546e-05
-0.001350828359
-1.146559766e-05
0.001406466114
0.0004538302313
0.001533664291
-7.292419551e-07
-0.00149504562
0.000454004522
-0.005530044594
0.001455374926
-0.0004206603753
-0.0004161187667
-0.0004327906996
-0.0004151383918
0.001522342857
0.0013514947
0.001522246651
0.001363312049
0.001445053397
0.0003416173119
-2.875024751e-05
-0.0003803205438
-0.001377599918
-0.001625824708
-4.012681761e-07
0.0003897826709
-0.0003834496481
0.001493618786
-1.754278745e-05
0.001574747356
0.0003288316789
-0.0003494601078
-0.001552806069
-1.312858601e-06
-1.603843115e-06
0.001569082571
0.0004457213042
0.001646799357
-3.990269214e-07
-0.001625846996
0.0003897836616
0.0003524453952
-1.755350075e-05
-0.0003834630968
0.001493624602
0.001574730099
0.000328840942
-1.309883325e-06
-0.0003494529404
-0.001552808217
-0.001667293216
-1.187371593e-07
0.000295377541
-0.0003357563615
0.001590589833
-7.967647653e-07
0.001624850853
0.0002679353763
-0.0002770492286
-0.001615515928
-2.210735834e-07
-2.450926315e-07
0.00166181218
0.0003683906275
0.001660635203
-1.242207424e-07
-0.001667351689
0.0002951855894
0.0003206532689
-7.977150003e-07
-0.0003357397308
0.001590614276
0.001624861942
0.0002680136668
-2.335132908e-07
-0.0002770964408
-0.001615545655
-0.001618706195
0.000220008309
-4.44590221e-07
-0.0002695421164
0.001633535433
-5.317285551e-07
1.192567276e-08
0.006615670053
0.0009199335396
-0.000242835946
-0.0002306143016
-0.000229540045
-0.0002437613047
-0.001653014076
-0.001641694292
-0.001640175541
-0.001653980014
-9.47576263e-08
0.001648093998
0.000265619628
0.001598073961
-4.301185574e-07
-0.001619470434
0.0002206897907
0.000261269305
-5.204340802e-07
-0.0002694413692
0.001633554443
0.006616087742
0.0009194450968
-0.0002431055578
-0.0002307189065
-0.0002295071997
-0.0002443214456
-0.001652734363
-0.001641593026
-0.001640197975
-0.001653342438
-0.000698412916
0.0007649346539
1.805129728e-07
5.177705539e-10
-0.0006593959614
0.000828417798
3.75605047e-09
-0.0008333608622
-3.963840675e-07
0.0006985292528
-0.0007337836115
-1.906137829e-07
-0.0007661181584
-2.291642563e-09
-0.0007343533636
1.224766604e-09
-0.0006087454133
-0.0005872168478
8.300070868e-07
0.0007021903007
0.0004835125603
0.0005659810877
-0.0005546493117
-5.527592992e-07
0.0006096768782
-3.774105036e-07
0.0005875277772
0.0006249479815
-0.0006450906863
0.0006237977891
-0.0006454097843
0.000703436123
-0.0006984224639
0.0007649416375
1.812379541e-07
-0.0006593929175
0.0008283414619
0.0006639268362
-0.0008334332249
-3.897658169e-07
0.0006985558746
-0.000733845323
-1.997145914e-07
-0.0007661401244
0.0007765848364
-0.0007344096434
0.0007754933894
-0.001318740255
0.0007228535812
3.665900604e-07
0.001288665335
3.72168126e-09
-0.0007326737781
0.001375162787
1.083717994e-08
-0.001328638748
0.0006860699447
5.875339487e-08
0.001319479008
-0.001285932341
-2.319475044e-07
-0.0007224871562
0.001403967479
0.0006948263424
2.104145704e-09
-0.001284854884
0.001402847379
9.459392314e-09
0.0006949275804
0.001290399652
0.001188893482
0.000689692035
-8.448585568e-07
3.576082504e-09
-0.0006644395563
-0.001403341903
-5.991173359e-09
0.0006778858764
-4.129533426e-07
-0.001188785321
1.969290161e-07
-0.0006896936534
0.0006893817006
5.284767888e-10
6.282265573e-09
0.0006893881618
-0.001318746193
0.000722870009
3.740919219e-07
0.001288676841
-0.0007327005153
0.001375151167
-0.001328582206
0.0006860659524
5.881922979e-08
0.001319494366
-0.00128599056
-2.572551596e-07
-0.0007225338464
0.001403982833
0.0006948864594
-0.001284884573
0.001402826932
0.0006949464441
0.001290424271
0.001188889546
0.0006897063339
-8.373098228e-07
-0.0006644659939
-0.001403312226
0.0006778803729
-4.198872822e-07
-0.001188781619
1.845156962e-07
-0.0006897351275
0.0006894577366
0.0006894118382
-0.0002229989723
1.948081332e-05
-6.346565507e-08
0.0002216015852
-6.606669412e-09
-2.680738779e-06
0.0005238776449
-2.70643779e-09
4.779885252e-05
8.524087643e-07
0.0002222425717
-4.754878611e-08
-1.919325065e-05
0.0004944240048
4.85348509e-05
3.444873183e-08
0.0004945738285
-1.052993336e-08
4.874762009e-05
0.0002214822161
0.0002207931244
2.619713347e-05
-5.769829104e-08
-4.953939199e-09
-3.28104713e-05
-0.0004758728985
-6.636136648e-09
0.0004638494819
4.479115132e-05
7.911606165e-10
-0.000220767988
0.0002182817716
-3.057621264e-08
-2.621331452e-05
4.47843613e-05
-6.354318066e-09
0.0002181474305
-3.903670181e-09
4.487139701e-05
-0.0002229757273
1.944024014e-05
-7.714918886e-08
0.0002216043659
-2.6638872e-06
0.0005238561127
4.775087768e-05
8.762799362e-07
0.0002221858447
-4.623532072e-09
-1.907236413e-05
0.0004944251499
4.841506313e-05
0.0004946105093
4.867068582e-05
0.0002214908711
0.000220805435
2.617931965e-05
-7.172153113e-08
-3.275019362e-05
-0.0004758842432
0.0004637605502
4.48583654e-05
2.546785254e-08
-0.0002207728259
0.0002182421855
-1.647026006e-08
-2.616553446e-05
4.471506624e-05
0.0002182093073
4.488522275e-05
0.0001261208611
-0.0004060742514
2.229745654e-09
-4.797022592e-07
-0.0004263258066
0.0002458684816
-0.0004272803293
0.000245422993
1.863714862e-09
-0.0001053153627
5.566579316e-07
0.000204794739
1.660859095e-09
-5.62458671e-07
0.0001055788083
2.059195103e-09
0.0002052349641
-0.0006303645505
0.0002441530709
9.111466071e-07
0.0005558839223
2.355446438e-10
-1.752671572e-06
0.0006271897048
-0.0006904117309
-9.995831986e-07
-0.0002449087291
0.0006112738111
0.0003087235451
-0.0002059327318
0.0006776577484
1.261582543e-09
0.0002615872517
-0.0007351191908
-6.250444987e-10
-0.0006969424836
0.0006132448239
2.652831596e-10
0.0003075661436
0.0005542758337
-0.0003439831641
-0.0005403569735
-7.076652762e-10
0.0004280958283
-3.250130524e-07
-0.0004694726875
-0.0004704017252
1.466803411e-09
0.0002897543978
5.224576767e-07
7.876179135e-11
-6.134875764e-07
-0.0002905605597
0.0003630523178
-1.787544287e-10
0.0003620289316
-8.763474589e-05
-0.000611187323
9.22706686e-07
0.0005273205405
0.0001705802942
0.0006005275401
7.297729747e-05
-0.0006752361868
-9.186215615e-07
8.789311679e-05
0.000510060548
-1.737033032e-06
0.0006076919715
0.0001415694187
-0.0006743099357
0.0005119694098
0.000141053789
-0.0006809994973
0.0005254352235
0.000171072572
0.0001261236274
-0.0004060780334
-4.900732292e-07
-0.0004263221199
0.0002459088949
-0.0004272701125
0.0002454110871
-0.0001053137286
5.633136647e-07
0.0002048025014
-5.659808005e-07
0.0001055792533
0.0002052556683
-0.0006303754987
0.0002441491567
9.118641624e-07
0.0005558950056
-0.0002059593006
0.0006775866172
-0.0007350142885
0.0002615589638
-1.743981908e-06
0.000627223563
-0.0006904752101
-1.011766111e-06
-0.0002449162339
0.000611201243
0.0003087320995
-0.0006970256181
0.0006131924707
0.0003075317978
0.000554291763
-0.0003440150217
-0.0005403374684
0.0004280693215
-3.308528471e-07
-0.0004695200249
-0.0004704309294
0.000289746829
5.198188033e-07
-6.139534848e-07
-0.0002905472209
0.0003630314811
0.000361987694
-0.001005713224
0.000857799021
1.012088883e-08
-1.876177372e-07
0.000832450915
-3.100157494e-07
-0.001145460418
0.0008039097648
0.0008319726495
-7.586126157e-10
-0.001144834254
0.0008038496484
9.427013669e-09
2.818647351e-07
0.0007633553228
5.442496803e-09
0.0007641232154
-0.00110271089
0.0006466573163
8.780928523e-07
0.001155920299
4.167640134e-09
-1.491966159e-06
0.001101010941
-0.001062067869
-1.160903309e-06
-0.0006484131726
0.001202746326
0.0006057957783
-0.0005952461209
0.001162229825
3.613022748e-09
0.0005550162336
-0.001124052291
1.231090467e-09
-0.001066553042
0.001203637776
2.734790896e-09
0.0006040857287
0.001155416844
-0.0007361522418
-0.001261044076
3.315693124e-09
0.0006681771013
-3.607938513e-07
-0.001218069363
-0.001217521859
3.589320033e-09
0.0007012667912
4.828442386e-07
4.128987141e-09
-5.621446365e-07
-0.0007019535452
0.000644125668
2.964456591e-09
0.0006432953837
0.0009394790532
0.0006591129314
-0.0009353730707
-3.170092275e-07
0.0007499715103
0.0009661331572
0.000748970931
0.0009656791017
-0.001028836815
5.439482045e-07
0.001076475018
0.0007007891861
-9.420317555e-07
0.001028281144
0.000635144295
-0.001001564455
0.0006328622735
-0.001003532232
0.001076772262
0.0007020243376
-0.001005785095
0.0008578295377
-1.7493282e-07
0.0008324661536
-3.185088749e-07
-0.001145451653
0.0008038767649
0.0008319664029
-0.001144816715
0.0008038180575
2.836189789e-07
0.0007633465293
0.0007640703826
-0.001102719984
0.00064666707
8.822597414e-07
0.001155964011
-0.0005952537799
0.001162184397
-0.001124063028
0.0005550792693
-1.490240196e-06
0.001101034903
-0.001062125297
-1.165879131e-06
-0.0006484367181
0.001202756312
0.000605777794
-0.001066600503
0.00120363283
0.0006040554891
0.00115550478
-0.000736128703
-0.001261075862
0.0006682470862
-3.74314237e-07
-0.001218124963
-0.001217565944
0.0007012591849
4.895421659e-07
-5.681737846e-07
-0.0007019397413
0.0006440844162
0.0006432509413
-3.331200796e-05
0.0004443722954
-5.415566653e-09
5.278425942e-05
8.137408811e-08
0.0002217326244
0.0002218055996
4.276274739e-09
3.862534207e-05
-1.158415374e-08
-4.249741723e-10
-2.376081058e-08
-3.863831918e-05
4.338504881e-05
3.805885238e-09
4.347165015e-05
-8.2943506e-06
5.011452507e-05
9.014813884e-08
6.833703686e-05
5.562124481e-08
7.289344555e-05
3.682414485e-05
6.831524532e-05
7.301488188e-05
3.691633538e-05
-7.244898588e-09
5.059955192e-05
5.051851163e-05
-3.333048997e-05
0.0004444541353
5.264597397e-05
3.468901394e-08
0.0002217779189
0.000221834124
3.862952795e-05
3.979563544e-10
-4.614254458e-08
-3.864990675e-05
4.347668986e-05
4.353195985e-05
-0.001409432319
0.0003733914923
-8.601524443e-10
3.422210286e-08
0.0004441559358
0.0004448302076
2.181554582e-11
0.001587008338
8.335483072e-08
0.0004685549227
3.445437355e-09
-1.505623226e-08
-0.001587352183
0.0004171368223
0.0004176942502
-9.746110199e-10
0.0004681209029
-0.001610576473
0.0004902240858
1.621509339e-07
0.001637763892
2.414523084e-08
-2.021435746e-07
0.001611088762
-0.001568130344
-4.580736389e-07
-0.0004903931642
0.001624473322
0.0004587838168
-0.0005195867924
0.001592008541
3.457395241e-09
0.0004783803426
-0.001551351935
-1.074789591e-08
-0.00156760391
0.001624225459
1.731752627e-08
0.0004575317764
0.001638150553
0.001647742209
0.0004584432807
1.27291417e-07
6.031111369e-09
-7.572120823e-08
-0.001648047597
0.001641748106
-3.265309751e-07
-0.0004583511519
0.0004348922208
-0.0004238108363
-0.001648114228
5.956657081e-10
0.00166153529
0.0004101777692
-1.076261062e-09
0.00164155098
5.954769395e-09
0.0004342220236
0.001533209819
0.0005969514843
-0.0015324237
-8.659297413e-08
0.0005224491335
0.001490754553
0.0005232017486
0.001490471352
-0.001605388394
1.326244732e-07
0.001610816412
0.0005176507534
4.386937793e-08
0.001606057812
0.000562534289
-0.001572201907
0.0005627401383
-0.001571157336
0.001611236325
0.0005174032458
-0.001409453447
0.0003734045771
0.001311335922
3.77476753e-08
0.0004441384481
0.0004448111468
0.0015870241
8.593382515e-08
0.0004685209712
-1.203956319e-08
-0.001587402286
0.0004171441825
0.001542936949
0.0004177075207
0.001542708145
0.0004680584218
-0.001610540985
0.0004902183767
1.949717399e-07
0.001637802533
-0.0005195747777
0.001592001609
-0.001551325099
0.0004783808043
-1.089078236e-07
0.00161105612
-0.001568100787
-4.856247184e-07
-0.0004903913633
0.001624482051
0.0004588050757
-0.001567495285
0.001624200902
0.0004575507718
0.001638262971
0.001647757447
0.0004584389891
1.331008223e-07
-0.000423821119
-0.001648096655
0.001661545286
0.0004101660787
-7.075580094e-08
-0.001648107849
0.001641804289
-3.313730165e-07
-0.0004583466482
0.0004348909905
0.001641572025
0.000434217819
-0.001035323446
0.0001406477643
3.899293568e-10
0.0009491605016
1.164554458e-07
0.0001776557542
0.0001779818397
6.175123596e-10
0.001349930863
-3.485669597e-08
0.0002490483832
9.469095651e-09
2.76321709e-08
-0.00134977301
0.0002158318035
0.001274069022
0.000215946564
3.585793513e-09
0.001274656122
0.0002488125075
-0.001621638024
0.0003422210238
-1.339282372e-09
0.001588874148
1.483960387e-08
-1.389807413e-08
0.00162171525
-6.419388252e-08
-0.000341669942
0.0016584004
0.0003479975728
-0.0003865272436
0.001664613158
5.122160496e-09
0.000383322626
4.616823488e-09
0.001658443333
1.057753885e-08
0.0003483160826
0.001588847235
0.001546279985
0.0002916094053
1.296046737e-08
2.017978982e-08
8.96881801e-09
-0.001546282267
0.001498177396
-4.721151893e-08
-0.0002913904398
0.0003102355708
-0.0002643808091
-0.001639513264
3.423428117e-09
0.001614821918
0.0002890005987
2.3008617e-08
0.001497831708
1.024627824e-08
0.0003104820133
0.001216815529
0.0003108732119
1.274597765e-07
0.0002428337743
0.001122652862
0.0002433814826
0.001122892177
-0.001487044411
-4.146654112e-08
0.001420958612
0.0003095169164
8.808089742e-08
0.001487075297
0.0003660451096
0.0003666267296
0.00142096326
0.0003089043404
-0.001035286009
0.0001406314456
0.0009491760531
1.077696969e-07
0.0001777572961
0.00017801665
0.001350008676
8.748535719e-09
0.0002489672989
-8.296105976e-08
-0.001350060371
0.0002144814555
0.001275702218
0.0002155981455
0.001274962595
0.0002486689388
-0.001621664018
0.0003422202649
2.190493831e-08
0.001588953613
-0.000386520013
0.00166464638
0.0003832990311
-1.933217729e-08
0.001621784517
-8.102784647e-08
-0.0003416661207
0.001658485194
0.0003479704095
0.001658509896
0.0003482862911
0.001589044638
0.0015462641
0.0002916028834
7.410138673e-08
-0.0002642018957
-0.001639491548
0.001614733636
0.0002888602836
-1.700606852e-07
-0.001546424437
0.001497745893
-8.040303163e-08
-0.000291363248
0.0003102776956
0.001497513298
0.0003105510797
0.0002401653296
2.501971407e-10
0.0008208246547
0.0009059238169
0.0008957647228
0.003732985075
4.231578356e-09
8.600752886e-09
0.0004568105859
0.0008377772916
0.0009202016318
0.0009159992537
0.003692359149
0.000197494284
0.0002400998659
0.0009058407007
0.0008209419798
0.0008958990998
0.003733103443
0.0003788920835
0.0004568525306
0.0009203090305
0.0008377047435
0.0009159085605
-4.582324175e-05
-0.0008530770259
1.53923482e-05
0.000794351186
8.915614018e-05
5.932332449e-10
-1.553141652e-05
4.464675339e-05
0.0007670566269
-3.344228833e-06
0.0007885683468
7.235424486e-05
0.0008617912003
4.082582827e-05
-4.783162304e-11
0.0008004342442
2.07765345e-10
8.017017495e-05
-8.810755983e-10
0.0007618051278
8.680231899e-05
0.000624722756
6.066541677e-09
0.0008767876933
0.0009513788742
0.0009560311372
0.003968178938
1.09050831e-07
1.021358354e-07
0.003819209817
0.0005253252164
0.0006238306742
0.0009512115406
0.0008768676904
0.000956083486
0.003969306881
-0.0002028367575
-0.0009260485662
1.355707522e-05
0.0008870512764
3.606743867e-09
-1.539017379e-05
0.0001915375077
-0.0001598395348
0.000827191586
-3.638985648e-06
0.0008528333902
0.0009167195192
0.0001824050142
-0.000150918402
5.408775673e-09
-0.0001655485594
0.0008640382541
2.891095458e-09
2.933980845e-09
0.0008482405815
-1.282159876e-06
0.0003584511212
0.0006653680069
0.0007170423091
0.0003057876046
-0.0007634559881
-3.854361622e-09
0.0003560885232
0.0006672419035
-4.133960976e-09
-0.0007791959367
1.715079473e-06
0.0007373285633
0.0003962377554
3.060980296e-09
-3.32204518e-06
0.0007746935333
-0.00080616669
0.0003432403477
-0.0008133821506
0.0003366494578
2.321043509e-09
0.0007349657448
0.0003998939959
-0.000904919137
0.0003437670756
-1.672064048e-05
0.004162262362
3.13648333e-08
-7.331187684e-09
0.001304608995
0.000997784526
0.00110801039
0.0010913735
-0.0003336128064
-0.0003583557782
-0.0003414366241
-0.0003112306497
0.001102990784
0.000914323901
0.001005239688
0.001030244893
0.0009421401528
-1.670431005e-05
-0.0009049979173
0.0003437636086
0.004162731515
0.001141295629
0.001305119708
0.001108133969
0.0009976215282
0.001091163479
-0.0003335175236
-0.0003582856281
-0.0003414801112
-0.0003113134128
-0.0004437605944
-0.000990124011
4.832617745e-06
0.0009961715084
0.0004328807368
-2.5759081e-10
-3.800090196e-06
0.0004432892424
-0.0004447212315
0.000922365753
-5.268306618e-06
0.0009755652397
0.0003821990533
-0.0009588684401
0.0009325960479
0.0004035345523
-0.0003890282887
-2.19820936e-09
-0.0009560011407
-0.0004433946233
0.0009284315166
-1.53380283e-09
0.0004135886042
-3.593402099e-10
-0.001005446013
0.0009885004974
0.0004351865991
0.001317784443
-3.244367554e-08
0.001060063519
0.001143365477
0.001167477435
0.004555761375
1.590002372e-08
-3.738863795e-09
0.004417236994
0.001163149687
0.001318159344
0.001143361139
0.001060085823
0.001167489246
0.004555639719
-0.0004291007326
-0.001173278935
1.789977742e-05
0.001178238067
1.437415566e-09
-1.935643557e-05
0.0004035523473
-0.0004236493277
0.001083810582
-6.245227872e-06
0.001068570284
0.001145128059
0.0004101486106
-0.0004165844274
-4.324341411e-09
-0.000441915722
0.001138591933
-5.31163851e-09
-2.68173488e-09
0.001116934063
-1.508829264e-06
0.0005655444281
0.001236286767
0.00119853914
0.0005259305729
-0.001172193578
3.503887148e-09
0.0005631322364
0.001237982593
1.208798295e-09
-0.001226954354
1.905429198e-06
0.001269924076
0.0005182548071
2.276090449e-09
-4.05547595e-06
0.001221534813
-0.001188723972
0.0005006003023
-0.00119917606
0.0004941016346
-4.84003287e-09
0.001267181773
0.0005218028872
0.001400645097
0.0006331216703
-0.001347841348
1.252388508e-08
-2.179043586e-07
0.0006442724233
0.001452182956
0.0006440854297
0.001451258956
1.03844966e-08
-0.00141169739
3.891613492e-07
0.001465697637
0.0005896791767
1.684450609e-08
-4.15317449e-07
0.001412327249
-0.001362011783
0.0005834822141
-0.001361645425
0.0005826371578
1.722254805e-08
0.001466338596
0.000590650227
0.0008797698517
0.0001173419381
-2.15824018e-08
4.701683477e-08
9.658482014e-05
0.0008313137484
9.686149461e-05
0.0008317065769
-3.584066085e-09
5.17665535e-08
0.00120763403
0.0001836342668
0.001209708928
0.0001824058097
-6.491330827e-08
4.552954875e-08
0.001149784312
0.0001567841176
-4.35404382e-08
0.001149399714
0.0001548646621
0.0007218627541
8.49331381e-05
-0.0007540135053
-8.955193498e-09
-5.973187459e-08
6.772569133e-05
6.752075419e-05
3.625421563e-09
-0.001032378499
5.918559805e-08
0.0001126198852
-2.343756971e-09
1.439844494e-09
0.001031663303
-0.001057218121
0.0001099288044
-0.00105724523
0.0001098083527
-7.049477175e-09
0.0001118210375
0.001448488359
1.302475982e-09
-0.0003775336552
-0.0004271144088
-0.0004226154269
0.005013081698
8.369522114e-09
2.824235225e-10
0.005185227628
0.004908277137
0.001340492251
0.001448560697
0.005080979977
-0.0004271271685
-0.0003774981137
-0.0004226047707
0.005013395505
0.005185382215
-0.001284428543
0.0004399257037
-1.818759057e-05
0.005312476819
8.240100514e-10
3.882284978e-09
-0.00039403799
-0.0004337407994
-0.0004428869487
-0.0003901013281
0.00157135027
-0.0004496972337
-0.0004311834053
-0.0004358895531
0.001245485691
0.001380675512
0.001391388497
0.001244994537
-1.819924293e-05
-0.001284466779
0.0004399283283
0.005312499454
-0.0003940374406
-0.0004337236313
-0.0004428564531
-0.0003900653594
-0.0004585158336
-0.001427857973
2.962763536e-06
0.001462755695
1.961895903e-09
-3.053570545e-06
0.0004581411518
-0.0005010610576
0.001452497766
-1.437142743e-05
0.001395164188
-0.001343160815
0.001426774473
0.0004559319206
-0.0004882306743
1.998966728e-09
-0.001405944484
-0.0004956387758
0.001460845926
-2.07514061e-09
1.961689413e-09
-0.001419053414
0.001441127753
-1.187744076e-06
0.0004305222545
0.001598531191
0.001568955248
0.0004411552713
-0.001533349641
-2.389335504e-09
0.0004265959131
0.001598697027
6.34155319e-09
-0.001549196675
2.282128927e-06
0.001577013189
0.0003964953055
1.963218823e-09
-3.99490223e-06
0.00154665164
-0.001515168392
0.0004182020472
-0.001518726674
0.0004066945238
-4.156388655e-09
0.001575271496
0.0004041845322
-1.430089334e-07
0.0003363649638
0.001673593177
0.001661815445
0.0003682218253
-0.001646960515
4.261268627e-09
0.0003362509275
0.001673730388
7.191515167e-09
-0.001638966097
2.607147068e-07
0.001651838994
0.0003231130851
4.223587983e-09
-4.214780068e-07
0.001638614106
-0.001621784282
0.0003519901204
-0.001622525373
0.0003513566979
2.929570392e-09
0.001651590181
0.0003236495909
0.001647748088
0.0002660061483
-0.0002533213776
-0.00166049089
2.225253295e-09
-0.0002510294248
-0.001663458452
1.845854051e-07
0.001664510896
0.0002497955572
-3.161378139e-09
-1.227338478e-07
0.0002517740108
-0.0002397975602
0.001635733353
-2.181470868e-07
0.001663869664
-0.001669678441
0.0002723219742
-0.0002398165851
0.001636427364
-1.483936033e-08
-0.001669729061
0.0002720552594
3.368136276e-09
0.00166561778
0.0002502105021
-8.08406021e-08
-0.0001965236171
-0.0001949445284
-0.000178929529
-0.0001809417338
-6.562375398e-07
0.001582299225
0.0001872274108
-0.0001965924478
-0.0001949821698
-0.0001789981323
-0.000181041831
0.001300972533
2.690786612e-09
-0.0003447810227
-0.0003845878193
-0.0003968127555
0.005702781463
8.683269944e-09
-2.362051592e-09
0.005851353176
0.005720462498
0.001314032085
0.001300945619
0.005887303486
-0.0003845914563
-0.0003447756345
-0.0003967995033
0.005702800726
0.00585134672
0.001197720632
4.643751689e-09
-0.0003409603177
-0.0003288248574
-0.0003419863169
0.005969727112
1.424782844e-09
5.29625068e-09
0.006096585662
0.006050948289
0.001261593816
-0.0003727405248
-0.0003465278447
-0.0003535239145
0.001197712833
0.006193874693
-0.0003288121117
-0.000340970337
-0.0003420112006
0.005969714864
0.006096625344
0.001022023053
1.488921346e-08
-0.0002886543397
-0.0002667262797
-0.0002873757093
0.006192759235
7.499806547e-09
7.718970588e-09
0.006282058285
0.006311020354
0.001116928477
-0.0003196851893
-0.0002973437306
-0.0002963826072
0.001021995042
0.006399756312
-0.0002668025992
-0.000288582413
-0.0002873174282
0.006192844663
0.006282239629
0.0008827454804
5.124974541e-08
0.006368826497
6.37505889e-09
2.230674046e-08
0.006473164564
0.000923647052
-0.0002601543146
-0.0002383664773
-0.0002372353405
0.0008820645793
0.006368425396
-3.84973866e-06
-0.0007230829118
0.0001122296376
5.952572444e-05
-0.0007386541778
1.920772765e-09
-0.0007369977877
0.0001116523932
2.337864819e-09
-5.22720931e-05
9.403048437e-06
0.0001002218412
6.015741693e-10
-9.506108251e-06
5.226614775e-05
1.384056551e-09
0.0001003914154
-0.0008757337522
0.0001306666064
1.580347634e-05
0.0008184170166
2.792430866e-09
-3.420560443e-06
0.0008081692046
-1.569809882e-05
-0.0001267620465
0.0007978448172
-0.0001170134225
0.0008831009747
1.722971429e-09
1.685515094e-09
0.0008325179385
2.97658824e-09
0.000784012942
-3.85994924e-06
-0.0007473366791
-0.0001726902801
-0.0007876569095
2.135586386e-09
0.0002214179653
-0.0007618408458
5.258896456e-10
0.0001472569394
9.538895823e-06
2.174075603e-09
-9.410465342e-06
-0.0001466065691
0.0001809819628
3.525380801e-09
0.0001827039735
-4.582237215e-05
-0.0008530958517
1.538927563e-05
0.0007943561008
8.917343863e-05
0.0008617818227
4.074875347e-05
-1.553191566e-05
4.46389075e-05
0.0007670419887
-3.330316981e-06
0.0007886226295
7.238092019e-05
0.0008004272208
8.022080016e-05
0.0007618070471
8.684376504e-05
5.954865334e-05
-0.0007386528988
-3.848254023e-06
-0.0007231709301
0.0001123572282
-0.0007370763025
0.0001117795439
-5.226991658e-05
9.395251351e-06
0.0001001550661
-9.506645952e-06
5.224974589e-05
0.0001002811165
-0.0008757259104
0.0001306707517
1.580601717e-05
0.0008184253642
-0.0001169802113
0.0008831733177
0.0001509382667
-3.424919763e-06
0.0008081477744
-1.569089843e-05
-0.0001267556459
0.0007979508908
0.0001597938164
0.0008325961417
0.0001655599991
0.0007840419042
-0.0001726656035
-0.0007875628146
0.0002213823698
-3.861685804e-06
-0.0007472508652
-0.0007617728397
0.0001472604981
9.549261367e-06
-9.425530758e-06
-0.0001466214149
0.0001811666412
0.0001828718178
-0.0008081300975
0.0002622029085
-3.682875457e-09
-0.0002299179283
0.0008423848978
5.828583834e-06
0.0002687539262
1.796683765e-09
-8.693765371e-06
0.0002226637706
-4.832543858e-06
-0.0008294378923
0.0002901168794
4.351960172e-10
0.0002863714638
1.649138759e-09
0.0002472950444
0.0009172823884
0.0002990704747
2.011999716e-06
4.317417059e-09
-1.297089556e-05
-0.0008527098737
0.000838432916
-2.696179251e-06
-0.0002696704897
0.0002846690939
-0.0003233891822
-0.0009604437977
-9.699550787e-11
0.0009199270008
0.0003478061368
3.937243301e-10
0.0008672933775
3.551835693e-09
0.0003186647548
-0.0002028408715
-0.0009260426622
1.355845816e-05
0.000887054549
0.0009166287034
0.0001823400593
-1.540463547e-05
0.0001915273501
0.0008270524632
-3.632314149e-06
0.0008528431491
0.0008639460844
0.0008482452613
-0.0008082068412
0.0002621924326
0.0007635247686
-0.0002299172323
0.0008423913975
5.828951809e-06
0.0002687532281
-8.694264739e-06
0.0002226632741
-4.832618812e-06
-0.0008294469434
0.0002901865561
0.0008061134848
0.0002864180191
0.0008133348428
0.0002472905451
0.000917260203
0.0002990759355
2.012565391e-06
-0.0003233446795
-0.0009603409951
0.0009198071569
0.0003477688368
-1.296358558e-05
-0.0008526607822
0.0008384914532
-2.705668625e-06
-0.0002696882648
0.0002847050715
0.0008673703503
0.0003186630433
0.0004890888222
-0.0006159678269
1.613143938e-09
-5.108521448e-07
-0.0006888660894
0.0005345473918
-0.0006899035175
0.000533021346
3.167628607e-09
-7.066249526e-07
0.0004143279642
0.0004125969757
-5.930572891e-10
8.89579675e-07
0.0004591289358
3.508746842e-09
0.0004613172053
-0.0008352428311
0.0004243086362
2.830160789e-06
0.0008043415519
2.396625109e-10
-7.445428153e-06
0.0008244568672
-3.422470996e-06
-0.0004274221939
0.0008548613891
-0.0003612547171
0.0008830006278
5.514569966e-10
-1.360853902e-10
0.0008604936749
-1.501589003e-09
0.0007997588379
-0.0005685350889
-0.0008464064307
-4.694486218e-10
0.0005806348356
-7.166392613e-07
-0.0007686468378
-0.0007705856798
1.937414493e-09
0.0004916080368
1.276863626e-06
-8.761886275e-11
-1.657350217e-06
-0.0004937060762
0.0005062514004
-1.175941531e-09
0.00050403911
0.0007170971164
0.0003057922605
-1.249381309e-06
0.0003583937744
0.0006654531813
0.0003560457661
0.0006673296339
-0.0007791902213
1.718435554e-06
0.000737266987
0.0003962536317
-3.322963392e-06
0.000774680337
0.0003432277127
0.0003366162447
0.0007348680852
0.0003999244665
0.0004890896088
-0.0006159789363
-5.242285335e-07
-0.0006889037061
0.0005346378301
-0.0006899437897
0.0005331025572
-6.900620305e-07
0.0004143523048
0.0004126477389
8.949214503e-07
0.00045907953
0.0004612116081
-0.0008352268115
0.0004243048934
2.83030505e-06
0.0008043454919
-0.000361319783
0.0008829585119
0.0003890053277
-7.439867169e-06
0.0008244318863
-3.42096174e-06
-0.0004274168948
0.0008548633745
0.0004446661836
0.0008605047424
0.0004433362035
0.0007997697663
-0.0005685244132
-0.0008464485894
0.000580601522
-7.166382128e-07
-0.0007685787418
-0.0007705461978
0.0004916000185
1.278725185e-06
-1.64934602e-06
-0.0004936813605
0.0005061938921
0.0005040056502
0.0005782017447
-0.000934380016
3.538935442e-09
-1.862634874e-06
-0.000988595875
0.0005697773219
-0.000992257657
0.0005651132349
-1.104916614e-09
-0.0004957875971
3.650353943e-06
0.0004960506989
3.93562435e-10
-2.301908301e-06
0.0004998925181
1.101740752e-09
0.0005034474889
-0.001082378434
0.000447845134
1.495813697e-05
0.001052457461
-1.561416121e-09
-6.041162182e-07
0.001003897058
-1.942439849e-05
-0.0004358982725
0.001049918962
-0.0004219797111
0.001110510125
-3.927823094e-09
-1.554714995e-10
0.001097017939
-2.795074549e-09
0.001018143526
-3.316490095e-06
-0.00103616841
-0.0005433571999
-0.001100700821
1.179544017e-09
0.0005157046233
-0.001048112518
-9.815170552e-10
0.0004916152579
8.780950851e-06
-5.67098225e-10
-1.132661969e-05
-0.0004942035586
0.0004730284621
-3.210819876e-09
0.0004766089685
-0.0004437443234
-0.0009901434738
4.831417981e-06
0.0009961803493
0.0004328757705
0.0009326408628
0.000403514274
-0.0009560409697
-3.792646376e-06
0.0004432605835
0.0009223941863
-5.260499232e-06
0.0009756147416
0.0003822130394
-0.0009589563263
0.000928438559
0.0004136483457
-0.001005538408
0.0009885319473
0.0004351747919
0.000578247664
-0.0009343304077
-1.861443761e-06
-0.0009885931149
0.0005697422749
-0.0009922160056
0.0005650688851
-0.0004958069838
3.65663151e-06
0.0004961150865
-2.307918347e-06
0.000499931706
0.0005035271669
-0.001082353077
0.0004478358673
1.495503361e-05
0.001052436388
-0.0004218518658
0.001110486591
0.0004166153758
-6.067273389e-07
0.001003830699
-1.941545735e-05
-0.000435862981
0.001049750155
0.0004237813412
0.001096973505
0.000441930707
0.001018097548
-0.0005433112556
-0.001100555305
0.0005155107583
-3.306600377e-06
-0.001036194618
-0.001048150456
0.0004916267049
8.773747743e-06
-1.129691478e-05
-0.000494203846
0.0004735400071
0.000476744781
-0.00114822473
0.0004869407085
-2.009255982e-10
-0.0004554538061
0.001182404715
7.176795055e-06
0.0004441086113
1.755139315e-09
-1.152772136e-05
0.0004412169759
-5.699754794e-06
-0.00116041269
0.0004629041122
-5.353322816e-09
0.0004644887517
-1.914383473e-08
0.0004049151486
0.001243989189
0.0004405161653
7.010958292e-07
1.028555323e-09
-1.623984262e-05
-0.001144252986
0.001193120412
-4.971584471e-06
-0.0003880132214
-0.0004517886505
-0.001269286361
2.266893335e-09
0.001270379994
-3.984099139e-09
0.001240453432
7.667763841e-10
-0.0004294409006
-0.001173319665
1.790129378e-05
0.001178552582
0.001145131232
0.0004101666355
-1.934354566e-05
0.0004042062296
0.001083281005
-6.24479481e-06
0.001068670545
0.00113827219
0.001117545345
-0.001147177232
0.0004859252143
0.001171959867
-0.0004563241848
0.001183348716
7.176087632e-06
0.0004443537218
-1.151020268e-05
0.0004429552382
-5.693225221e-06
-0.001162303217
0.0004624214369
0.001189283189
0.000464202694
0.00119935887
0.0004053734572
0.00124430438
0.0004405345553
7.020593181e-07
-0.0004517347617
-0.001269327896
0.001270356232
-1.6242603e-05
-0.001144835119
0.001193296027
-4.973696309e-06
-0.0003880420864
0.001240525728
-0.001290218654
0.0006101864747
1.086861121e-08
-6.813837621e-07
0.0005911164369
0.0005903750919
2.845516909e-09
0.001319069068
6.054127347e-07
0.0005406179808
6.702420169e-09
-3.529874021e-07
-0.001317916385
0.0005669363973
0.0005672443747
1.275773212e-08
0.0005409872373
-0.001257974157
0.0004754632572
2.602518991e-06
0.001298157057
6.127115332e-09
-9.208063916e-06
0.001239864987
-2.398398821e-06
-0.0004742312923
0.001294800153
-0.0004673699848
0.001274974096
4.970171305e-09
2.861968392e-09
0.001312267934
4.46496407e-09
0.001290039101
0.001329742337
0.0005094788771
-4.520365978e-07
5.860515478e-09
-5.466200454e-07
-0.001328618947
0.001370555131
4.778486907e-06
-0.0005019553554
0.000455355296
-0.0005264503317
-0.001338523114
6.57856688e-09
0.001377406223
0.0004858324984
1.011848696e-08
0.00136997964
3.581064819e-09
0.0004879986023
0.001198562508
0.0005257276725
-1.513595269e-06
0.0005654662754
0.001236352999
0.0005630697151
0.001238035887
-0.001226979893
1.910617967e-06
0.001269866898
0.000518274362
-4.056600789e-06
0.001221575567
0.0005004325027
0.0004940452052
0.001267113927
0.0005218385293
-0.001290199432
0.0006102229645
0.001347869502
-6.842200482e-07
0.0005911455517
0.0005904060186
0.001319063593
6.118371046e-07
0.0005406041892
-3.712851827e-07
-0.001317910892
0.0005669357945
0.001362073261
0.0005672484739
0.001361679551
0.0005409604207
-0.00125798289
0.0004754749646
2.613240238e-06
0.001298175173
-0.0004673794596
0.001275069711
-9.211442437e-06
0.001239891367
-2.40623929e-06
-0.0004742551587
0.001294808837
0.001312253343
0.001290087975
0.001329758209
0.0005094702093
-4.431977396e-07
-0.0005264347594
-0.001338537952
0.001377422466
0.0004858160861
-5.632108746e-07
-0.001328663895
0.001370634911
4.772312233e-06
-0.000501941302
0.0004553190846
0.001370018831
0.0004879614884
-0.001494089357
0.0006393546209
-2.70290773e-08
-2.42234662e-08
0.0006465495169
0.0006465316655
1.872197482e-09
-2.160639658e-07
-0.001518764446
0.0005861252488
-0.001518307794
0.0005863574946
-6.935739731e-08
1.340244238e-07
0.0005937854938
1.986867586e-09
0.000594257694
-0.001416653656
0.0005391755181
8.57436195e-07
0.001466288495
1.138058432e-08
-1.225300791e-06
0.001416997494
-1.47699065e-06
-0.0005420830879
0.001461687121
-0.0005347242707
0.00142078211
5.974049364e-09
1.357385093e-08
0.001462838074
3.796438222e-09
0.001466422077
-2.583280963e-07
-0.00151764158
-0.0005359187653
-0.001507640883
-1.765112152e-08
0.0004919350866
-0.001517352459
-7.105389864e-08
0.0005424022352
3.531559119e-07
-3.386009573e-08
-3.735058466e-07
-0.0005433913499
0.0004980504073
-2.121271336e-08
0.0004972471346
0.001400670734
0.00063311328
-2.543456242e-07
0.0006443693377
0.001452243173
0.0006441189214
0.001451254294
-0.001411719996
4.551682486e-07
0.001465684941
0.0005897156453
-4.491307836e-07
0.0014124168
0.0005834977006
0.0005826409252
0.00146652617
0.000590715136
-0.001494120759
0.0006393718998
-4.526647855e-08
0.0006466860791
0.0006465019783
-9.394935968e-08
-0.001519511842
0.0005862627778
-0.001518245213
0.0005862964668
3.118037692e-07
0.0005936318924
0.0005940122101
-0.001416703099
0.0005391711951
9.081674547e-07
0.001466350765
-0.0005347198345
0.001420769739
0.0004882547854
-1.250401221e-06
0.001417141
-1.504980152e-06
-0.0005420554157
0.001461684103
0.0005010764679
0.001462822538
0.0004956172177
0.001466708894
-0.0005359770596
-0.001507570069
0.000491946135
-1.547564237e-08
-0.001517905408
-0.001517262408
0.0005423118606
3.745321314e-07
-3.435300792e-07
-0.000543190228
0.0004979278906
0.000497199586
-0.0007866248089
7.739519423e-05
6.406954706e-09
3.075898613e-08
8.962346127e-05
8.998245569e-05
1.456274569e-09
0.00109661495
-3.362251134e-08
0.0001431617715
2.367332729e-08
-2.594237096e-08
-0.001096531551
0.0001167241316
0.0001167267692
1.219845815e-08
0.000142457986
5.782394341e-08
0.001454815754
-0.000226696386
0.00158820668
-2.843622007e-08
0.001453628222
-2.926915497e-08
0.0002102001336
4.127487412e-08
0.001400214386
-4.345094278e-08
-7.233095193e-08
-0.0002093362227
0.001558374231
0.001558550546
-3.265088456e-08
0.001400385465
0.001354222375
0.0001891367775
-1.173892068e-08
2.873816298e-08
-5.313373115e-08
-0.001354342954
0.001312269562
-1.164545003e-07
-0.0001884887615
0.0002117871508
-0.0001587238957
-0.001535599417
7.867032454e-09
0.001495198626
0.0001989180879
2.530439722e-08
0.001312146812
-5.791488687e-09
0.0002119772411
0.000880310146
0.0001167730121
1.230242872e-07
9.709619285e-05
0.0008316240103
9.739786526e-05
0.0008317024139
1.034304113e-07
0.001212163153
0.0001796485019
0.001210337901
0.0001814362241
-3.245955088e-07
0.001150538957
0.00015747786
0.001151094421
0.000157840327
-0.0007866768266
7.74690457e-05
0.0007540574367
6.537696758e-08
8.966456567e-05
8.997763011e-05
0.001096743839
-4.800155428e-08
0.0001438444013
-5.376865346e-08
-0.001096836722
0.0001169914788
0.001057351338
0.0001168697722
0.001057301533
0.0001438742631
-0.0002259696954
0.001587315425
0.0002533282954
-1.193193374e-07
0.001452124521
0.001452831247
0.0002108781173
-1.550567413e-07
0.001399542588
-1.226307893e-08
-0.000210780806
0.001558774754
0.0002391943406
0.001558490842
0.0002396577925
0.001399028982
0.001354051896
0.0001893620147
1.805924886e-09
-0.0001586911379
-0.001535490736
0.001495197311
0.0001988081578
-8.556171905e-08
-0.00135397433
0.001312224366
-6.322284016e-08
-0.0001889307368
0.000212575392
0.001312170268
0.0002122931163
-0.001283082422
0.0001356807724
6.106360692e-08
1.564734365e-09
-6.370183476e-08
0.001283243206
-2.921406818e-07
-0.0001358423093
0.0001635832454
-0.0001388036741
0.001463557498
9.675440978e-09
0.0001702043534
5.35792917e-09
9.467864548e-10
0.0001628823916
0.0007218453819
8.488052183e-05
-6.622090189e-08
6.773524329e-05
6.747370067e-05
-0.001032360324
4.314387726e-08
0.0001126579928
1.968879085e-08
0.00103163334
0.0001100145677
0.0001098343731
0.0001119211555
-0.001283070465
0.0001357093699
6.065576757e-08
-0.0001388630121
0.001463558183
0.0001702585795
-7.650603093e-08
0.001283212594
-2.98528285e-07
-0.0001359093236
0.0001636980963
0.0001629991227
-0.001496591481
0.0004544509252
-5.475895696e-09
-0.0004618902048
0.001487326923
-5.226815112e-06
0.0004425547329
-8.938809204e-09
3.776136713e-07
0.0004551026652
-2.563725554e-06
-0.001482557932
0.0004239632926
-1.101143024e-08
0.0004204938317
-6.388486053e-09
0.0004084456729
0.001543298733
0.0004254017401
-3.799140325e-06
-5.609756732e-09
-2.220839908e-05
-0.001402057123
0.001467898084
-5.061835281e-06
-0.0003658204358
-0.0004038547902
-0.001545782923
-4.710144171e-10
0.001536283163
7.89111592e-11
0.001537729295
4.921936216e-10
-0.0004585848909
-0.001427927399
2.962438787e-06
0.001462891443
0.001426732557
0.000456011883
-0.001405953245
-3.054652999e-06
0.0004582767676
0.001452320471
-1.436515799e-05
0.001395288154
-0.001343211532
0.001460708161
-0.001419069404
0.001441388977
-0.001496572056
0.0004544467787
0.00153333669
-0.0004617331408
0.001487330664
-5.237635938e-06
0.0004425226194
4.084647295e-07
0.0004547942758
-2.555549687e-06
-0.001482560206
0.0004239411355
0.001515179138
0.0004204830655
0.001518732436
0.000408385408
0.001543274507
0.0004253895406
-3.80418003e-06
-0.0004038438079
-0.001545776773
0.001536278406
-2.219018151e-05
-0.001402072835
0.001467883606
-5.060406024e-06
-0.0003658204447
0.001537723663
-6.714486656e-07
0.0004082701572
-0.001626118346
0.0003889336966
6.459361064e-10
0.0004061264642
2.795445406e-09
0.001601812282
1.140722405e-06
0.0003801832929
3.354204439e-09
-6.880504985e-07
-0.001600567073
0.0003692535196
0.0003675312833
1.276286143e-09
0.0003841153077
-0.00154341398
0.0003735785669
5.427754343e-06
0.001560902297
6.701843571e-10
-1.432929063e-05
0.001516979773
-6.737926669e-06
-0.0003759407931
0.001529784099
-0.0003866779411
0.001532677214
3.086794232e-09
2.605512192e-09
0.001545987244
-4.351270746e-10
0.00155065126
0.00158013489
0.0003587709111
2.178177751e-06
1.614497828e-09
-1.24800632e-06
-0.001575662358
0.001596703782
-2.699918917e-06
-0.0003612823772
-0.0003477391487
-0.001560070617
4.805935527e-10
0.001577671566
1.076504117e-09
0.001598677933
1.296979492e-09
0.00156895211
0.0004411591473
-1.195463628e-06
0.0004305081551
0.001598574956
0.0004265800518
0.00159873371
-0.001549196886
2.281591635e-06
0.001576997602
0.0003964997126
-3.980545086e-06
0.00154664815
0.0004182328342
0.0004067099921
0.001575240769
0.0004041971289
-0.001626131745
0.0003889346588
0.00164696479
-6.764517787e-07
0.0004082953997
0.0004061461296
0.001601813493
1.149798792e-06
0.0003801838021
-6.895401456e-07
-0.001600572044
0.0003692487409
0.001621796505
0.0003675291704
0.001622530725
0.0003841139266
-0.001543415338
0.00037357891
5.427333008e-06
0.001560909471
-0.0003866864007
0.001532673867
-1.433452279e-05
0.001516987865
-6.734546099e-06
-0.0003759418027
0.001529773107
0.001545993881
0.001550670526
0.001580137279
0.0003587763773
2.18122135e-06
-0.0003477367549
-0.001560053622
0.001577668867
-1.249099522e-06
-0.001575666964
0.001596711868
-2.706735653e-06
-0.0003612987127
0.001598681675
-1.208633163e-07
0.0003166563937
-0.001667275508
0.0002956607981
5.68253722e-09
0.000316808586
7.441558461e-09
0.001659387436
2.28095643e-07
0.0003090281836
3.859357826e-09
-2.022486947e-07
-0.00165942597
0.0002853273252
0.0002851111688
5.753486233e-09
0.000309048696
-0.001614516567
0.0003097785691
5.474305724e-07
0.001627299737
3.911811083e-09
-7.929574546e-07
0.001613730499
-3.665556105e-07
-0.0003109054028
0.001604598449
-0.0003347227703
0.001591862847
2.555196737e-09
2.347416912e-09
0.001604960696
3.656034571e-09
0.00162702213
0.001637370699
0.0002984723522
4.809861318e-07
3.88797496e-09
-4.570832471e-07
-0.00163737103
0.001646106217
-3.91028177e-07
-0.0002991807841
-0.0002760304886
-0.001615662959
3.21183726e-09
0.001624742887
3.655321267e-09
0.001645990655
3.355461208e-09
0.001661807743
0.0003682152467
-1.559685554e-07
0.0003364188005
0.001673519754
0.0003363062451
0.001673639008
-0.001638972031
2.723266524e-07
0.00165189792
0.0003231122453
-4.265248638e-07
0.001638636763
0.0003519768981
0.0003513503511
0.001651683521
0.0003236443688
-0.001667316113
0.0002955359807
0.001660521886
-1.317291569e-07
0.0003165774914
0.0003167496847
0.001659392112
2.304760864e-07
0.0003090288754
-2.094199691e-07
-0.001659439174
0.0002853706035
0.001669463582
0.0002851641897
0.001669560238
0.0003090523118
-0.001614521777
0.0003097879251
5.543349978e-07
0.00162729568
-0.0003347164017
0.001591904916
-7.961874387e-07
0.001613745226
-3.782248449e-07
-0.0003109286775
0.00160457745
0.001604935663
0.001627015247
0.001637377017
0.0002984635963
4.878332754e-07
-0.0002760805086
-0.0016156921
0.001624739717
-4.703476563e-07
-0.001637397849
0.001646142357
-3.930775591e-07
-0.0002991575426
0.00164599401
-0.0002292046847
0.001650584679
2.980720832e-07
-3.10955702e-09
-3.169759874e-07
0.000229131286
-2.578077905e-07
-0.001651285829
0.001640937632
-0.001618898446
0.0002196662819
-1.046369706e-09
0.001597706697
-1.548474756e-08
-5.237923975e-10
0.001640453643
-0.001648547676
0.0002448340436
4.845181406e-07
1.059906254e-08
-6.788410061e-07
0.001649564927
-1.842580637e-07
-0.0002462799376
-0.0002688180479
0.001632751084
1.64827093e-09
1.356171448e-09
8.399264113e-09
0.001648042532
0.000265715128
-0.0002499451826
-0.001663137296
1.821455463e-07
0.00166338784
0.00024950934
-1.339448411e-07
0.0002495769548
0.001637845326
-2.232421655e-07
0.001663223173
0.0002720832804
0.001637606363
0.0002719182164
0.001663359952
0.0002496223328
-0.0002302527009
0.001650237899
2.939788168e-07
-0.001619338589
0.0002199623857
0.001597753191
-2.927057486e-07
0.0002312430018
-2.529582218e-07
-0.001650575457
0.001640799293
0.001640439609
-0.001648494449
0.0002447985408
4.814944164e-07
-0.0002687501783
0.001632816798
-6.689553697e-07
0.001649453226
-1.904221338e-07
-0.0002462146391
-1.571911079e-07
0.0001668777916
-5.465992189e-07
0.001632003901
0.001581191872
0.0001860772989
6.744668874e-09
0.0001655196031
-1.321180597e-10
0.001631040335
-5.092691343e-10
5.807229887e-07
-5.168683773e-09
-3.59615017e-06
0.0002976092347
-1.555908966e-05
-0.0009331550834
-0.0009863850797
0.0003614732689
-3.83872615e-09
0.0003339001506
-4.132360805e-09
-0.001017884768
-2.847890593e-09
4.744878844e-06
-3.744408185e-09
-0.0009864549065
0.000361474619
-3.578372988e-06
0.0002976094238
-1.554317017e-05
-0.0009331670747
0.0003338653168
-0.001017895437
4.730913578e-06
3.540170508e-06
0.0004128159259
-2.447101312e-05
-0.001272802088
-0.001400008061
0.0004617039901
4.496072247e-09
0.0004721630187
2.819315456e-09
-0.001415565031
3.800163886e-09
5.09854246e-06
2.734425833e-09
-0.001400015929
0.000461684025
3.53292998e-06
0.0004128050649
-2.448170511e-05
-0.001272838938
0.0004721568218
-0.001415586914
5.104694639e-06
0.001581175856
0.0001861864221
-1.758168445e-07
0.0001668795585
-5.663733303e-07
0.001632000631
0.0001655186209
0.001631076978
5.915854328e-07
2.631661917e-06
5.349930407e-05
-4.866795284e-05
-6.212428688e-09
5.057465656e-07
2.577935763e-05
-2.364001785e-05
-1.342547759e-08
7.101450866e-06
-6.580194621e-06
-1.551053633e-08
2.63080636e-06
-4.866721978e-05
-6.746284088e-09
5.349858029e-05
5.054509795e-07
-2.363966498e-05
-1.373826191e-08
2.57787576e-05
-6.580088834e-06
-1.566116074e-08
7.101200921e-06
-5.511418985e-07
-1.463363301e-07
-3.151325924e-06
2.426626245e-06
-1.441324378e-07
-1.143843736e-07
-1.522139543e-06
1.229511375e-06
-8.773469147e-08
-4.171456856e-07
3.607473742e-07
-5.517481313e-07
-1.463274296e-07
-3.150242463e-06
2.425300105e-06
-1.443188729e-07
-1.143593543e-07
-1.521733263e-06
1.228655412e-06
-8.772210765e-08
-4.170517977e-07
3.604542439e-07
5.06761496e-06
-8.728584608e-06
-1.096399565e-07
1.68913188e-05
1.666627021e-10
1.089172327e-06
-4.232120456e-06
-9.435423922e-08
8.304830087e-06
8.807991494e-11
-1.165985923e-06
-7.991934227e-08
2.335037833e-06
4.100035193e-11
5.637672077e-06
1.417539138e-07
8.76614942e-06
1.266718076e-06
1.151506501e-07
4.253911095e-06
9.281671888e-08
1.173374092e-06
5.192715057e-06
2.234218277e-10
1.073748937e-06
1.209218327e-10
5.72338956e-11
5.431570844e-06
1.695171867e-05
1.252410959e-06
8.338717919e-06
2.345865749e-06
-3.240522062e-07
1.555073045e-07
-4.37128165e-06
3.477656791e-06
-1.438257347e-10
-2.205511642e-08
1.217241194e-07
-2.073141517e-06
1.649508769e-06
-8.283697783e-11
9.05873757e-08
-5.610470255e-07
4.484458269e-07
-4.000529492e-11
-6.126917264e-07
-7.244337646e-08
5.292574102e-05
-1.710126919e-07
-5.048750435e-08
2.538816801e-05
-3.712583563e-08
6.967564179e-06
-3.563732197e-07
-5.33648609e-05
4.361289237e-11
5.289613896e-05
-7.36630168e-08
-2.569850733e-05
2.344675609e-11
2.536528648e-05
-7.071058942e-06
1.171940336e-11
6.960258243e-06
4.483913973e-06
-1.132302771e-07
9.308481695e-11
2.434071026e-05
9.405171472e-07
-8.759519439e-08
4.896103103e-11
1.193577332e-05
-7.057632363e-08
2.28543758e-11
3.346108578e-06
4.822428498e-06
2.44306824e-05
1.088921164e-06
1.198463008e-05
3.364210357e-06
5.067556533e-06
-8.728416639e-06
-1.092883161e-07
1.689102887e-05
1.089165798e-06
-4.232039606e-06
-9.416317674e-08
8.304682507e-06
-1.165963114e-06
-7.982606697e-08
2.334996316e-06
5.63695451e-06
1.412674893e-07
8.765671239e-06
1.266516454e-06
1.148890966e-07
4.253674484e-06
9.26904276e-08
1.17330395e-06
5.192632979e-06
1.073736529e-06
5.431082458e-06
1.69509523e-05
1.252273518e-06
8.338320811e-06
2.345751421e-06
4.483979601e-06
-1.130123891e-07
2.434034134e-05
9.405469606e-07
-8.747991431e-08
1.193564385e-05
-7.052028672e-08
3.34608665e-06
4.822243122e-06
2.442974464e-05
1.088871004e-06
1.198421273e-05
3.364101884e-06
6.28618645e-06
3.420662841e-05
1.033442512e-07
1.403066895e-06
1.676661448e-05
1.007173168e-07
4.681279018e-06
8.588987005e-08
-1.091168899e-07
4.807368884e-06
-1.570118801e-07
-7.075770674e-08
2.281814035e-06
-1.185754087e-07
6.21453824e-07
-8.792341149e-08
-1.098366495e-07
4.807213867e-06
-1.572228858e-07
-7.097020523e-08
2.281383557e-06
-1.186801933e-07
6.212816717e-07
-8.797039825e-08
2.391492849e-06
8.519420318e-08
-4.48863039e-05
5.543680385e-07
4.45467016e-08
-2.184743931e-05
2.500192946e-08
-6.050828241e-06
2.169944315e-06
8.222790945e-11
4.851667687e-05
-4.486317978e-05
4.8095885e-07
4.055333493e-11
2.355328797e-05
-2.181979657e-05
1.889308438e-11
6.547347276e-06
-6.041405248e-06
2.96623748e-06
4.486238609e-05
-3.621192988e-08
-1.643553548e-10
-3.968809166e-05
5.799873183e-07
2.181925129e-05
-3.888726718e-08
-8.296165117e-11
-1.939403159e-05
6.04118913e-06
-3.268657799e-08
-2.940649686e-11
-5.428486248e-06
2.392087136e-06
8.520310844e-08
-4.488485104e-05
5.545323622e-07
4.455196891e-08
-2.184666249e-05
2.500804442e-08
-6.050564359e-06
2.17000285e-06
4.851586968e-05
4.809831417e-07
2.355286394e-05
6.54719909e-06
2.698233578e-06
2.218570454e-10
5.393373048e-07
2.498461666e-10
1.148723846e-10
2.697799947e-06
5.336415579e-05
5.391894748e-07
2.569798529e-05
7.070842276e-06
-1.578641536e-07
-2.448241089e-10
-3.144358153e-06
2.409483822e-06
2.750163105e-08
-1.247509093e-10
-1.518686293e-06
1.219052921e-06
-5.659194106e-11
-4.164776817e-07
3.563007699e-07
-1.577274367e-07
-3.144073966e-06
2.408861252e-06
2.756606121e-08
-1.518520877e-06
1.21874047e-06
-4.164222505e-07
3.562099647e-07
-3.600964827e-07
4.379179082e-06
-6.474504674e-08
-1.026702491e-07
2.077049805e-06
-5.266020782e-08
5.623301163e-07
-4.354897424e-08
-7.620461857e-07
3.461770178e-06
-2.063118582e-07
1.643036566e-06
4.466080924e-07
-5.320210056e-06
-4.878525589e-05
-4.440497785e-08
4.087396042e-05
-1.279382799e-06
-2.299462738e-05
-7.753384651e-08
1.903133419e-05
-6.222846548e-06
-8.397668483e-08
5.027438636e-06
-1.528700674e-06
-7.149502412e-07
-1.722817011e-07
-1.624665034e-06
-3.489406413e-07
-1.578892891e-07
-1.348056284e-07
-8.870718971e-07
1.496476978e-08
-9.979734336e-08
-2.641131473e-07
-1.424307744e-06
-3.029216534e-06
-6.676448861e-08
-3.36633118e-07
-1.187304746e-06
-5.827207891e-08
-2.719352141e-07
-4.972420261e-08
6.286276261e-06
3.420794003e-05
1.033283048e-07
1.403101294e-06
1.676708532e-05
1.007187437e-07
4.681423371e-06
8.588831772e-08
3.592967072e-06
3.981459895e-05
1.047453759e-07
8.255534021e-07
1.94641027e-05
7.039597488e-08
5.456064952e-06
5.09119739e-08
3.04965427e-06
3.618625632e-08
6.274417366e-07
3.887598091e-08
3.267868561e-08
3.592698677e-06
3.981349704e-05
1.045765832e-07
8.254755449e-07
1.946350891e-05
7.032861942e-08
5.455868477e-06
5.088595817e-08
3.049423658e-06
6.273826183e-07
-3.598070922e-07
4.378562128e-06
-6.455016656e-08
-1.025608522e-07
2.076707786e-06
-5.257126824e-08
5.622286914e-07
-4.350856474e-08
-7.614331811e-07
3.46257765e-06
-1.554739821e-07
-2.061948614e-07
1.643154695e-06
-1.216791387e-07
4.465968105e-07
-9.05647124e-08
-2.121271088e-06
-5.147553916e-05
-1.095618308e-07
-5.206945058e-07
-2.451521231e-05
-7.999546567e-08
-6.680415109e-06
-6.312722388e-08
-2.121537839e-06
4.878185998e-05
-5.147337741e-05
-1.095158387e-07
-5.207247317e-07
2.299316361e-05
-2.451398276e-05
-7.999750243e-08
6.222410884e-06
-6.680004372e-06
-6.31329331e-08
-5.319091966e-06
-4.434596086e-08
4.087247076e-05
-1.279110037e-06
-7.748113166e-08
1.903066289e-05
-8.395047954e-08
5.027251965e-06
-2.695005847e-06
-1.987362852e-07
-7.42025224e-06
-5.793511429e-07
-1.52146373e-07
-3.150815999e-06
-1.117306247e-07
-7.395517485e-07
-2.695559032e-06
3.027765893e-06
-1.982787086e-07
-7.419579023e-06
-5.794919749e-07
1.186277751e-06
-1.518553115e-07
-3.150496548e-06
2.715613889e-07
-1.115871579e-07
-7.394624151e-07
-1.422702847e-06
7.140965209e-07
-6.600056324e-08
-3.361214818e-07
1.57484587e-07
-5.779828096e-08
-1.506610062e-08
-4.949169397e-08
-1.82123202e-07
-4.826188202e-06
-5.85367592e-11
-1.902157318e-08
-2.288873425e-06
-3.370464065e-11
-6.23599981e-07
-1.798316139e-11
-5.010738572e-06
4.087758323e-05
-4.87921191e-05
-1.667966344e-10
-1.118154176e-06
1.902604198e-05
-2.299608607e-05
-7.770417612e-11
5.022446216e-06
-6.224551899e-06
-2.536206884e-11
-1.35720472e-06
1.205524941e-07
3.830778845e-05
-3.030990322e-10
-1.847447102e-07
8.940495071e-08
1.776434305e-05
-1.608724934e-10
7.237513999e-08
4.765401713e-06
-7.580878516e-11
-1.701478068e-06
3.830467175e-05
-3.383108161e-07
1.77575684e-05
4.761502665e-06
-3.08233944e-06
-1.793649889e-05
1.240045669e-07
1.245504631e-05
-1.418941216e-10
-5.792298518e-07
-8.038065383e-06
9.571979425e-08
5.439309289e-06
-7.372532093e-11
-2.02758878e-06
7.527590714e-08
1.373119122e-06
-3.369020681e-11
-5.251421967e-06
-8.319707372e-08
1.790412654e-05
-2.618110445e-05
-1.220340057e-06
-8.081335571e-08
8.024206589e-06
-1.197447294e-05
-7.300971546e-08
2.024194556e-06
-3.171527365e-06
-4.942212712e-06
-2.619722618e-05
-2.01237079e-10
-1.075026032e-06
-1.198595727e-05
-1.053170872e-10
-3.175575475e-06
-4.93217023e-11
-3.438858242e-06
1.241234096e-05
-7.346791163e-07
5.415746191e-06
1.364790246e-06
-1.05653383e-06
-7.299220361e-07
-1.603180754e-06
-8.484971145e-10
-1.491841742e-07
-1.664979877e-07
-8.751808296e-07
-4.740506753e-10
1.156681389e-08
-2.603220004e-07
-2.227747044e-10
-1.231749471e-06
-3.077950594e-06
-1.780350433e-09
-2.427902766e-07
-1.212906066e-06
-8.397323055e-10
-2.805510044e-07
-3.916386442e-10
5.932418798e-06
7.968643721e-11
3.415672814e-05
1.237821856e-06
2.588737217e-11
1.673106264e-05
-1.81050225e-12
4.669820855e-06
5.932147776e-06
3.415660745e-05
1.237712416e-06
1.673082247e-05
4.669687006e-06
3.227665336e-07
4.427855182e-11
1.100557227e-07
2.454149532e-11
1.129705454e-11
3.226016953e-07
4.82573279e-06
1.100239821e-07
2.288641571e-06
6.235365222e-07
3.300945976e-06
3.968887861e-05
8.43897136e-11
7.079096717e-07
1.939445232e-05
4.229734595e-11
5.428631364e-06
1.117439025e-11
2.966675481e-06
5.801247832e-07
3.300740909e-06
7.07902204e-07
-1.259739473e-06
-1.804440661e-08
-3.404684655e-07
-4.631587207e-08
-5.331959598e-08
-6.131295278e-07
-7.250658004e-08
5.292398457e-05
-1.710883987e-07
-5.054060367e-08
2.538725761e-05
-3.715457646e-08
6.967267047e-06
-3.56530378e-07
5.289525451e-05
-7.369978416e-08
2.536463747e-05
6.959999438e-06
-1.260654866e-06
-1.863278064e-08
-3.407407515e-07
-4.663858225e-08
-5.347896496e-08
-1.091250623e-06
-1.923029892e-10
5.140478948e-05
-2.45568257e-07
-1.175629962e-10
2.447243305e-05
-6.993468261e-11
6.661021467e-06
-2.480676952e-07
-6.83787879e-08
-7.349950624e-08
-5.367042356e-08
-4.40367937e-08
-5.474820635e-07
-7.820856752e-08
-1.449506424e-07
-6.009525551e-08
-4.831802783e-08
-6.518448374e-08
-1.22738973e-10
1.203688007e-08
-6.689741098e-11
-3.101853796e-11
-3.316822534e-07
-2.981055666e-10
-4.774061977e-08
-1.614235238e-10
-7.863991808e-11
-1.526953965e-06
-1.711241326e-07
-1.624050235e-06
-3.484725093e-07
-1.341295188e-07
-8.868633098e-07
-9.94722279e-08
-2.640662277e-07
-1.055920097e-06
-1.603037967e-06
-7.297901324e-07
-1.490151057e-07
-8.750625321e-07
-1.664534033e-07
-2.602750651e-07
1.15674269e-08
-2.484586417e-07
-6.806255879e-08
-7.351596536e-08
-5.351986286e-08
-4.397024859e-08
-5.459971719e-07
-7.739402045e-08
-1.445106607e-07
-5.968612327e-08
-4.812150442e-08
-6.540372003e-08
-3.47766953e-06
1.198308456e-08
-1.649496534e-06
-4.484405382e-07
-3.315629436e-07
-4.773447977e-08
-1.820898178e-07
4.370980485e-06
-1.90175857e-08
2.072967608e-06
5.609920274e-07
-3.236528078e-07
-2.194879602e-08
-1.091229617e-06
5.140605606e-05
-2.455756253e-07
2.447319723e-05
6.661292661e-06
-1.770691674e-06
2.323922767e-11
-3.735944888e-07
1.567187476e-11
1.757537984e-11
-1.77075874e-06
4.879108047e-05
-3.736515005e-07
2.29953423e-05
6.224254761e-06
-3.830207111e-06
3.199205132e-05
5.868623644e-08
-2.545522512e-10
-8.602029626e-07
1.472837473e-05
6.609381703e-08
-1.329343863e-10
3.84042467e-06
6.48331037e-08
-6.170437241e-11
-3.616938465e-06
-1.423532176e-07
-3.197892137e-05
-7.550745662e-07
-1.087512749e-07
-1.472758324e-05
-8.462177465e-08
-3.841982051e-06
-3.214070115e-06
-2.262152962e-10
-5.802819857e-07
-1.209606012e-10
-5.665274574e-11
-4.080432131e-06
-9.843538911e-07
-5.009819543e-06
4.087705434e-05
-1.117877953e-06
1.902584252e-05
5.022401227e-06
-1.356981699e-06
1.200414871e-07
3.830760721e-05
-1.846983085e-07
8.912654335e-08
1.776427297e-05
7.223824548e-08
4.765389686e-06
-1.700436694e-06
3.830421394e-05
-3.380215543e-07
1.775737641e-05
4.761468744e-06
-3.83008984e-06
3.199205387e-05
5.822350722e-08
-8.601848955e-07
1.472838988e-05
6.58445815e-08
3.840431133e-06
6.47119926e-08
-3.616574005e-06
-1.418951442e-07
-3.197894445e-05
2.618120654e-05
-7.549624165e-07
-1.085081358e-07
-1.47276377e-05
1.197453526e-05
-8.450520882e-08
-3.842005973e-06
3.171547479e-06
-3.214092507e-06
2.619724215e-05
-5.802948996e-07
1.198596134e-05
3.175574807e-06
-4.07975992e-06
-9.841750481e-07
-2.151208088e-06
-7.449230007e-06
-7.050937393e-10
-3.512774343e-07
-3.164612277e-06
-3.854228562e-10
-7.433777165e-07
-1.754084485e-10
-2.78039719e-06
7.550706035e-08
-1.600561859e-10
-5.721196759e-07
6.650258028e-08
-7.945787783e-11
5.765804423e-08
-3.652193683e-11
-3.014331773e-06
-6.828970261e-07
-3.082392899e-06
-1.793651375e-05
1.237177752e-07
1.245495906e-05
-5.792408875e-07
-8.038070682e-06
9.556564783e-08
5.439276251e-06
-2.027590179e-06
7.520085693e-08
1.373111422e-06
-5.251102911e-06
-8.280544511e-08
1.790424688e-05
-1.22023662e-06
-8.06053761e-08
8.024273784e-06
-7.29100836e-08
2.0242193e-06
-4.942200466e-06
-1.075025464e-06
-3.438769308e-06
1.241219453e-05
-7.346360924e-07
5.4157019e-06
1.364783867e-06
-2.151038907e-06
-7.448938101e-06
3.07672886e-06
-3.511868743e-07
-3.164496215e-06
1.212397502e-06
-7.433426083e-07
2.803920582e-07
-2.780488426e-06
7.522001371e-08
-5.721444146e-07
6.635307592e-08
5.758616697e-08
-3.01446536e-06
-6.82907576e-07
-1.229383422e-06
-2.420726673e-07
)
;

boundaryField
{
    inlet
    {
        type            calculated;
        value           nonuniform List<scalar> 
25
(
-0.01999999779
-0.01999999796
-0.01999999828
-0.01999999872
-0.01999999919
-0.01999999966
-0.0200000001
-0.0200000005
-0.0200000007
-0.0200000009
-0.020000001
-0.0200000009
-0.0200000009
-0.0200000008
-0.0200000006
-0.0200392329
-0.0200431342
-0.0200364727
-0.0200320489
-0.0200289184
-0.0200262206
-0.0200238369
-0.0200217247
-0.0200198482
-0.0197285645
)
;
    }
    outlet
    {
        type            calculated;
        value           nonuniform 0();
    }
    topAndBottom
    {
        type            symmetry;
        value           uniform 0;
    }
    frontAndBack
    {
        type            empty;
        value           nonuniform 0();
    }
    cylinder
    {
        type            calculated;
        value           uniform 0;
    }
    procBoundary2to0
    {
        type            processor;
        value           nonuniform List<scalar> 
75
(
-2.914810007e-06
-2.840877486e-06
-2.858692432e-06
-2.846222719e-06
-2.827136118e-06
-2.803908514e-06
-2.775035242e-06
-2.738843017e-06
-2.693272695e-06
-2.635688973e-06
-2.562758064e-06
-2.47034458e-06
-2.352642269e-06
-2.200306217e-06
-1.996511507e-06
-1.291328298e-06
5.658967933e-06
2.845070763e-05
7.291085973e-06
7.663513239e-08
4.681204073e-09
2.75122702e-09
4.165720673e-08
4.10005653e-08
2.72139052e-08
8.732249712e-10
2.641527544e-08
4.14692804e-08
4.291225031e-08
4.308272642e-08
4.122611944e-08
4.239318276e-08
4.293568495e-08
1.424612368e-09
6.486375121e-10
-1.146185163e-09
6.707474246e-09
2.036508774e-09
6.226459748e-09
2.705766893e-08
1.445277069e-08
1.416693579e-08
1.242604644e-09
5.246184605e-09
5.615199089e-09
2.672691506e-08
1.339973605e-08
1.372297666e-08
2.002795244e-08
8.196363129e-08
5.350133757e-09
3.460631859e-09
4.071491656e-09
2.093457348e-09
4.243483004e-10
1.769104832e-09
4.873725977e-10
1.735368867e-09
-1.317745168e-10
5.264571354e-10
-6.605620825e-10
-1.396792283e-09
-8.527156768e-10
3.873210389e-09
1.89259732e-09
5.277327397e-10
3.838737764e-09
1.875213348e-09
5.228311122e-10
3.835759395e-09
1.873912117e-09
5.221543715e-10
3.825599484e-09
1.868130573e-09
5.206374174e-10
)
;
    }
    procBoundary2to3
    {
        type            processor;
        value           nonuniform List<scalar> 
103
(
0.0007521715381
0.0007526887088
0.006509922382
0.006485020363
0.006510596343
0.006483422381
0.02507942935
0.02448975954
0.02397192151
0.02354848874
0.02319087917
0.02288753846
0.02262765665
0.02240433731
0.02221211856
0.02204681449
0.02190505364
0.02178424639
0.02168231242
0.02159756179
0.02152871255
0.02147475239
0.02143489822
0.02140860392
0.02139549446
-4.251966175e-05
8.530311936e-07
-4.170946319e-05
5.723416681e-07
4.955207584e-08
-7.275797381e-07
5.054967906e-08
-7.271744726e-07
-3.093003249e-05
-9.812118019e-05
-3.061532875e-05
-9.812858685e-05
-2.333164914e-05
-2.320718869e-05
-4.25255262e-05
8.53013236e-07
-4.172695983e-05
5.722383055e-07
-3.093303147e-05
-9.812610558e-05
-3.062384461e-05
-9.81349457e-05
-2.333533004e-05
-2.322709343e-05
1.0696766e-05
1.084141311e-05
9.073363379e-05
9.069899174e-05
0.0002337963052
0.0004395837949
0.0004394984315
0.0002336348826
1.077341485e-05
1.085045865e-05
9.073473309e-05
9.070472036e-05
0.0002338033371
0.0004395987674
0.0004395093592
0.000233646916
0.0006978190928
0.0006977502823
0.0009872225292
0.0009876271338
0.00157916767
0.001578397609
0.001617054853
0.001618520672
0.006614918751
0.001579293574
0.001578480411
0.001617000724
0.001618429938
0.006614932765
0.001259958906
0.00143647181
0.00143606278
0.001259282976
0.0006979048586
0.000697841067
0.0009871305452
0.0009874905639
0.001259959994
0.001436410749
0.001435970856
0.001259285066
-4.590793202e-06
-2.201596882e-06
-6.042889369e-07
-4.590710039e-06
-2.201561932e-06
-6.042849478e-07
-4.578414562e-06
-2.194759429e-06
-6.014796302e-07
-4.578330711e-06
-2.19472282e-06
-6.014707775e-07
)
;
    }
}


// ************************************************************************* //
