/*--------------------------------*- C++ -*----------------------------------*\
| =========                 |                                                 |
| \\      /  F ield         | OpenFOAM: The Open Source CFD Toolbox           |
|  \\    /   O peration     | Version:                                        |
|   \\  /    A nd           | Website:  www.openfoam.com                      |
|    \\/     M anipulation  |                                                 |
\*---------------------------------------------------------------------------*/
FoamFile
{
    version     2.0;
    format      ascii;
    class       surfaceScalarField;
    location    "5.3";
    object      phi;
}
// * * * * * * * * * * * * * * * * * * * * * * * * * * * * * * * * * * * * * //

dimensions      [0 3 -1 0 0 0 0];
oriented        oriented;


internalField   nonuniform List<scalar> 
6016
(
0.01968193633
-2.30067264e-05
0.01971148918
-2.955285497e-05
0.01974783095
-3.634177254e-05
0.01979124858
-4.341762533e-05
0.01984205851
-5.080992896e-05
0.01990055916
-5.850065468e-05
0.01996690055
-6.634138512e-05
0.02004049091
-7.359036457e-05
0.02011696686
-7.647595485e-05
0.0201775881
-6.062124289e-05
0.02022031524
-4.272713653e-05
0.02027169114
-5.137591187e-05
0.0203299985
-5.830735704e-05
0.0203930869
-6.308840428e-05
0.02046030451
-6.721761028e-05
0.02053116252
-7.085801446e-05
0.02060505634
-7.389382453e-05
0.02068123728
-7.61809332e-05
0.02075880879
-7.757151812e-05
0.02083674173
-7.793293947e-05
0.02091391594
-7.717420898e-05
0.02098919138
-7.527544421e-05
0.0210614461
-7.225471986e-05
0.02112933917
-6.789306933e-05
0.02119186282
-6.252366e-05
0.02125022916
-5.836633789e-05
-5.349466574e-05
0.01999213473
-2.457785626e-05
0.01999822704
-3.564516568e-05
0.02000877919
-4.689391976e-05
0.02002370506
-5.834349603e-05
0.02004284751
-6.995237759e-05
0.02006588814
-8.154129098e-05
0.0200921577
-9.261095293e-05
0.02012043357
-0.0001018662335
0.02014991656
-0.0001059589514
0.02018720496
-9.790965069e-05
0.02023226961
-8.779178921e-05
0.02027448233
-9.358863534e-05
0.02033075759
-0.0001145826215
0.02039386975
-0.0001262005702
0.02046145145
-0.0001347993075
0.02053281134
-0.0001422179103
0.02060734166
-0.0001484241509
0.02068429529
-0.0001531345645
0.02076277093
-0.0001560471626
0.02084172537
-0.0001568873739
0.02092001537
-0.0001554642173
0.02099646706
-0.0001517271413
0.02106991913
-0.000145706795
0.02113900234
-0.0001369762784
0.02120264863
-0.0001261699573
0.0212619731
-0.0001176908258
-0.0001077798235
0.01998913397
-2.568512546e-05
0.0199946108
-4.112199341e-05
0.02000436785
-5.665097362e-05
0.02001829013
-7.226577168e-05
0.02003620159
-8.786384507e-05
0.02005781856
-0.0001031582577
0.02008273387
-0.0001175262717
0.02011064289
-0.0001297752584
0.02014272022
-0.0001380362818
0.02018466211
-0.0001398515451
0.020234671
-0.0001378006859
0.02027839358
-0.0001373112199
0.02033208354
-0.0001682725764
0.02039495599
-0.0001890730315
0.02046325876
-0.0002031020728
0.02053568731
-0.0002146464653
0.02061156478
-0.0002243016189
0.02069014519
-0.0002317149832
0.02077051429
-0.0002364162635
0.0208515984
-0.0002379714844
0.02093220429
-0.0002360701103
0.02101108852
-0.0002306113727
0.02108700126
-0.0002216195401
0.02115848151
-0.0002084565272
0.0212243873
-0.0001920757447
0.02128561735
-0.0001789208819
-0.000163561448
0.01998638721
-2.638813525e-05
0.01999131963
-4.605441069e-05
0.02000039426
-6.572561141e-05
0.02001351983
-8.539133996e-05
0.02003059047
-0.0001049344861
0.02005149675
-0.0001240645384
0.02007621732
-0.000142246847
0.0201051158
-0.0001586737419
0.02013954477
-0.0001724652493
0.02018283511
-0.0001831418904
0.02023914586
-0.0001941114441
0.02029845581
-0.0001966211677
0.0203412466
-0.0002110633726
0.02039754487
-0.0002453713008
0.02046554653
-0.0002711037399
0.02053948627
-0.0002885862062
0.0206174239
-0.000302239245
0.0206985031
-0.0003127941925
0.02078178959
-0.00031970275
0.02086616306
-0.0003223449605
0.02095035433
-0.000320261375
0.02103301143
-0.0003132684721
0.02111274726
-0.0003013553742
0.0211879504
-0.0002836596664
0.02125732606
-0.0002614514053
0.02132150348
-0.0002430983055
-0.000221659145
0.01998398241
-2.213874474e-05
0.01998845047
-5.052247191e-05
0.01999695276
-7.422790196e-05
0.02000945062
-9.788919874e-05
0.02002594154
-0.0001214254088
0.02004649106
-0.0001446140564
0.02007133077
-0.00016708656
0.02010103094
-0.0001883739239
0.02013665019
-0.0002080844924
0.02017973522
-0.0002262269256
0.02023298023
-0.0002473564566
0.02030334571
-0.0002669866522
0.02036517067
-0.0002728883355
0.02040890708
-0.0002891077051
0.02046910049
-0.0003312971583
0.02054380615
-0.0003632918721
0.0206244444
-0.0003828774913
0.02070892698
-0.00039727677
0.02079621126
-0.0004069870343
0.02088511663
-0.0004112503339
0.02097427041
-0.0004094151501
0.02106217132
-0.0004011693874
0.02114723815
-0.0003864222069
0.02122764257
-0.0003640640842
0.02130186037
-0.0003356691993
0.021370167
-0.0003114049376
-0.0002830024721
0.02000275686
-4.096503981e-06
0.01998602791
-3.379352179e-05
0.01999402164
-8.222163645e-05
0.02000597317
-0.0001098407273
0.02002196997
-0.0001374222072
0.02004220359
-0.000164847679
0.02006703192
-0.0001919148977
0.02009704943
-0.0002183914304
0.02013308811
-0.0002441231784
0.02017603512
-0.0002691739303
0.02022604968
-0.0002973710275
0.02028746758
-0.0003284045505
0.0203668942
-0.0003523149586
0.02043427547
-0.0003564889779
0.02047628358
-0.0003733052676
0.02054842307
-0.0004354313588
0.0206319733
-0.0004664277302
0.02072075067
-0.0004860541335
0.02081318511
-0.0004994214783
0.02090798088
-0.0005060461023
0.02100363114
-0.0005050654097
0.02109843665
-0.0004959749038
0.02119055667
-0.000478542226
0.02127786589
-0.0004513732969
0.02135852128
-0.0004163245937
0.02143233922
-0.0003852228676
-0.000348683303
0.02002456087
-5.86687419e-06
0.02002434619
-3.357884615e-05
0.02000365925
-6.153469025e-05
0.020002913
-0.00010909448
0.02001834547
-0.0001528546794
0.02003810708
-0.0001846092941
0.02006260913
-0.0002164169529
0.0200924366
-0.0002482188974
0.02012829935
-0.0002799859271
0.02017091435
-0.0003117889319
0.0202201844
-0.0003466410751
0.0202763582
-0.0003845783576
0.02034375935
-0.0004197161047
0.02042150907
-0.0004342386968
0.0204817279
-0.0004335241053
0.02055306526
-0.0005067687186
0.0206396037
-0.0005529661761
0.02073318593
-0.0005796363609
0.02083190792
-0.0005981434642
0.02093407214
-0.0006082103229
0.02103794221
-0.0006089354799
0.02114156238
-0.0005995950754
0.02124274885
-0.0005797286948
0.02133897842
-0.0005476028643
0.02142797692
-0.0005053230979
0.02150896469
-0.0004662106367
-0.0004200212203
0.02002668436
-7.536237444e-06
0.02003152995
-3.842443032e-05
0.02003967047
-6.967521611e-05
0.02003238753
-0.0001018115437
0.02001476741
-0.0001352345612
0.02003376735
-0.0002036092373
0.02005754375
-0.0002401933508
0.02008667399
-0.0002773491351
0.02012182551
-0.0003151374456
0.02016368557
-0.000353648997
0.02021237303
-0.0003953285337
0.02026797946
-0.0004401847802
0.02033327779
-0.0004850144366
0.02042109136
-0.0005220522738
0.02051750489
-0.0005299376348
0.02057231163
-0.0005615754637
0.02065178766
-0.0006324422028
0.02074640343
-0.0006742521367
0.02085145352
-0.0007031935468
0.0209625249
-0.0007192817088
0.02107658626
-0.0007229968332
0.02119125107
-0.0007142598893
0.02130389403
-0.0006923716501
0.02141146669
-0.0006551755291
0.02151111934
-0.000604975744
0.02160129932
-0.0005563906252
-0.0004986301815
0.020029027
-9.060735809e-06
0.02003322043
-4.261786432e-05
0.02004027274
-7.672752797e-05
0.02005051793
-0.0001120567334
0.02006437135
-0.0001490879854
0.02004891577
-0.0001881536557
0.02005142791
-0.0002427054939
0.02007931063
-0.0003052318506
0.02011318979
-0.0003490166055
0.02015378543
-0.0003942446341
0.02020143522
-0.0004429783293
0.02025642375
-0.0004951733083
0.02031982167
-0.0005484123594
0.02039893278
-0.0006011633855
0.02051311406
-0.0006441189104
0.02061842335
-0.0006668847541
0.02068447832
-0.0006984971716
0.0207664847
-0.0007562585214
0.02087156158
-0.0008082704235
0.02099215127
-0.0008398714061
0.02111865424
-0.0008494998027
0.02124704599
-0.0008426516297
0.02137405128
-0.0008193769426
0.02149593786
-0.0007770621083
0.02160909302
-0.0007181309108
0.02171095999
-0.0006582576019
-0.0005865019237
0.02003160245
-1.037678999e-05
0.02003491608
-4.593149493e-05
0.02004053544
-8.234688738e-05
0.02004894699
-0.000120468281
0.02006070425
-0.0001608452452
0.02007635936
-0.0002038087674
0.02008323352
-0.0002495796581
0.02007631459
-0.0002983129197
0.02010189272
-0.0003745947365
0.02014057884
-0.0004329307532
0.02018656043
-0.0004889599135
0.0202403985
-0.0005490113809
0.02030298515
-0.0006109990086
0.02037592402
-0.0006741022562
0.02046703654
-0.0007352314277
0.02058079554
-0.0007806437569
0.02068509945
-0.000802801088
0.0207881997
-0.0008593587682
0.02089201847
-0.0009120891877
0.0210215428
-0.0009693957419
0.0211627817
-0.0009907386976
0.02130811512
-0.0009879850544
0.02145306892
-0.0009643307468
0.02159297582
-0.0009169690087
0.02172320439
-0.0008483594812
0.02183988375
-0.0007749369651
-0.0006861241399
0.02003442204
-1.136582993e-05
0.02003652037
-4.802983272e-05
0.02004025826
-8.60847742e-05
0.02004636213
-0.0001265721475
0.02005554011
-0.0001700232339
0.02006843576
-0.0002167044157
0.02008563661
-0.000266780504
0.02010784291
-0.0003205192207
0.02011126406
-0.0003780158892
0.02012339529
-0.0004450619818
0.02016684984
-0.0005324144541
0.02021867099
-0.0006008325377
0.02028003891
-0.0006723669305
0.02035224793
-0.0007463112753
0.02043827333
-0.0008212568292
0.02054860283
-0.0008909732507
0.02068136159
-0.0009355598552
0.02078477538
-0.0009627725504
0.0209060208
-0.001033334613
0.02104816214
-0.001111537076
0.02120716749
-0.001149744048
0.02137334137
-0.001154158946
0.0215407027
-0.001131692081
0.02170330195
-0.001079568254
0.02185512172
-0.001000179251
0.02199055314
-0.0009103683783
-0.0008006121264
0.0200378243
-1.173573376e-05
0.02003820131
-4.840684151e-05
0.02003951213
-8.739559961e-05
0.02004285013
-0.0001299101445
0.02004906418
-0.000176237285
0.02005872976
-0.0002263699944
0.02007193085
-0.0002799815878
0.02009043814
-0.00033902651
0.02011461526
-0.000402193014
0.02013964302
-0.0004700897383
0.02015034588
-0.0005431173191
0.02018999298
-0.0006404796357
0.02024893995
-0.0007313138971
0.02031989186
-0.0008172631867
0.0204047624
-0.0009061273649
0.02050805188
-0.0009942627379
0.02063790229
-0.001065410258
0.02077921954
-0.001104089799
0.02092868763
-0.001182802704
0.02107341491
-0.001256264364
0.02124977349
-0.001326102632
0.02144115172
-0.001345537178
0.02163656031
-0.001327100671
0.02182784464
-0.001270852595
0.02200703904
-0.001179373648
0.02216621175
-0.001069541074
-0.0009338608393
0.02004394423
-1.125596884e-05
0.02004213268
-4.659529237e-05
0.02004089096
-8.615388092e-05
0.02004176625
-0.0001307854265
0.02004543373
-0.0001799047647
0.0200513247
-0.0002322609633
0.02005686354
-0.0002855204297
0.02006996804
-0.0003521310077
0.02008941017
-0.0004216351492
0.02011450322
-0.0004951827864
0.02014794295
-0.0005765570508
0.020171481
-0.0006640176848
0.02020793849
-0.0007677713815
0.02027601145
-0.0008853361451
0.02035974783
-0.0009898637479
0.0204632746
-0.001097789509
0.02059908003
-0.001201215689
0.02077032505
-0.001275334814
0.02091525134
-0.001327728998
0.02108624793
-0.001427260955
0.02128654234
-0.001526397048
0.02150916882
-0.001568163663
0.02173989501
-0.001557826856
0.02196766319
-0.001498620792
0.02218170723
-0.001393417695
0.0223709489
-0.001258782738
-0.001090700562
0.02005193322
-1.044458901e-05
0.02004833642
-4.299849895e-05
0.02004563619
-8.345364697e-05
0.02004621866
-0.0001313678933
0.02004932868
-0.0001830147854
0.02005129898
-0.0002342312588
0.02004783734
-0.0002820587925
0.02005352924
-0.0003578229061
0.02006621532
-0.0004343212332
0.0200798303
-0.000508797759
0.02010532224
-0.0006020489935
0.02014153377
-0.0007002292128
0.02017880071
-0.0008050383226
0.02021812734
-0.000924662772
0.02029834811
-0.001070084515
0.02039975199
-0.001199193389
0.02052906823
-0.001330531927
0.02069788003
-0.001444146623
0.02089033312
-0.00152018208
0.02110153215
-0.001638459991
0.0213171722
-0.0017420371
0.02157448541
-0.001825476873
0.02184957621
-0.001832917667
0.02212412269
-0.001773167274
0.02238280227
-0.001652097282
0.02261016126
-0.001486141736
-0.001277128802
0.02004611348
-4.712973419e-06
0.02003880368
-3.568869684e-05
0.02003082161
-7.547157457e-05
0.02002802059
-0.0001285668696
0.02002884933
-0.0001838435227
0.02003231311
-0.0002376950438
0.02003874813
-0.0002884938062
0.0200481465
-0.0003672212732
0.02005366258
-0.0004398373195
0.02005180534
-0.0005069405135
0.02006511416
-0.0006153578189
0.0200906942
-0.0007258092491
0.02012181624
-0.0008361603607
0.02016996556
-0.0009728120892
0.02021723682
-0.001117355773
0.02031443744
-0.001296394015
0.02044275824
-0.001458852729
0.02061914348
-0.001620531865
0.02084988103
-0.001750919624
0.02106602169
-0.001854600654
0.021326978
-0.002002993416
0.02163151058
-0.002130009452
0.02196382854
-0.002165235629
0.02229897455
-0.002108313289
0.02261515106
-0.001968273787
0.02289081743
-0.001761808124
-0.001500405535
0.02003837701
-8.133815607e-07
0.02004663662
-4.394830484e-05
0.02004343534
-7.227029845e-05
0.02004408226
-0.0001292137834
0.02004618183
-0.0001859430952
0.02003325736
-0.0002247705674
0.02001696429
-0.0002722007324
0.02001134388
-0.0003616008647
0.02001433661
-0.0004428300453
0.0200229755
-0.000515579412
0.02003746376
-0.0006298460773
0.02004976688
-0.0007381123685
0.02005705346
-0.000843446938
0.02008927836
-0.001005036985
0.02014007667
-0.001168154081
0.02020201213
-0.001358329476
0.02032280927
-0.001579649873
0.02049060351
-0.001788326107
0.02072178423
-0.001982100344
0.02100260817
-0.002135424592
0.02132689681
-0.002327282061
0.02167726941
-0.002480382049
0.02208093721
-0.002568903427
0.02249543074
-0.002522806826
0.02288604665
-0.002358889694
0.0232231116
-0.00209887308
-0.001769846558
0.02000604721
-6.859891262e-06
0.0200139946
-5.189569752e-05
0.0200334855
-9.17611888e-05
0.02004723753
-0.0001429658178
0.02004634149
-0.0001850470498
0.02002490968
-0.0002033387585
0.02003093307
-0.0002782241146
0.0200319475
-0.0003626152985
0.02000508339
-0.0004159659312
0.01997563825
-0.0004861342725
0.01996493691
-0.0006191447403
0.01996916677
-0.000742342225
0.0199846374
-0.0008589175619
0.02000672841
-0.001027127993
0.02002864165
-0.001190067323
0.02008980006
-0.001419487886
0.02016675981
-0.001656609622
0.02032606251
-0.001947628814
0.02056500398
-0.002221041807
0.02089799994
-0.002468420554
0.02125337391
-0.00268265603
0.02169289069
-0.00291989883
0.02219669138
-0.003072704118
0.02271912275
-0.003045238201
0.02320784879
-0.00284761573
0.02362606269
-0.002517086977
-0.002091981134
0.01999912342
-5.982813431e-06
0.01999660388
-4.937615197e-05
0.01999784818
-9.300548622e-05
0.01999501575
-0.0001401333888
0.01999723219
-0.0001872634805
0.02002197545
-0.0002280820218
0.02003803398
-0.0002942826383
0.02002296478
-0.0003475461002
0.01997669733
-0.0003696984794
0.01997410508
-0.0004835420257
0.01996517941
-0.0006102190695
0.01992186679
-0.0006990295999
0.01988135149
-0.0008184022636
0.01987355131
-0.001019327806
0.01989537441
-0.001211890421
0.0199382566
-0.00146237008
0.0199992721
-0.001717625117
0.02011178175
-0.002060138467
0.02032514611
-0.002434406168
0.02066247609
-0.002805750535
0.02111987662
-0.003140056556
0.02168324235
-0.003483264562
0.02230743684
-0.003696898606
0.02297776323
-0.003715564599
0.02359890822
-0.003468760701
0.02412839676
-0.00304657551
-0.00248133834
0.0199979181
-3.900809817e-06
0.01999210122
-4.355927497e-05
0.01998333988
-8.42441333e-05
0.01997039018
-0.0001271836856
0.01995631456
-0.000173187859
0.01995033024
-0.0002220977061
0.01993580007
-0.0002797524632
0.01992761445
-0.0003393604773
0.01995112435
-0.0003932083772
0.0199573787
-0.0004897963774
0.01991910624
-0.0005719466096
0.01984072428
-0.0006206476443
0.01981641156
-0.0007940895416
0.0197625144
-0.0009654306372
0.01971168662
-0.00116106264
0.01970813627
-0.00145881973
0.01975766954
-0.001767158391
0.01986176879
-0.00216423771
0.02001712561
-0.002589762994
0.02034628789
-0.003134912807
0.02088984232
-0.003683610987
0.02157475405
-0.004168176302
0.02240684422
-0.004528988781
0.02327749034
-0.001174937355
-0.001118117596
-0.001174993376
-0.00111816239
0.02406686097
-0.00110277433
-0.001026255951
-0.001102851649
-0.001026249414
0.02470780546
-0.0009684150266
-0.0008753891808
-0.0009684220605
-0.0008752937279
-0.0007696297614
-0.000687901523
-0.0007701421529
-0.0006889200524
0.01999742864
-1.329791871e-06
0.01999007206
-3.620268372e-05
0.01997788236
-7.205443626e-05
0.01996065914
-0.0001099604602
0.0199384372
-0.0001509659144
0.01991248693
-0.0001961474357
0.01987985858
-0.0002471241068
0.01984554707
-0.0003050489686
0.01982243252
-0.0003700938294
0.01978430196
-0.0004516658112
0.01975295897
-0.0005406036278
0.01975857705
-0.0006262657217
0.01971985615
-0.0007553686321
0.01961030708
-0.0008558815677
0.01955908046
-0.00110983602
0.01948149383
-0.001381233098
0.01942453996
-0.001710204519
0.01945118443
-0.002190882174
0.01958640111
-0.002724979681
0.0198632267
-0.003411738393
0.02044572559
-0.004266109886
0.02130562112
-0.001254686011
-0.001259238605
-0.001254640151
-0.001259507067
0.005616992759
-0.001424778781
0.005615334729
0.005617438755
0.005615431563
-0.001419557681
-0.001424744427
-0.001419484579
0.005733572968
-0.001291484883
-3.268089406e-08
-0.005883980265
0.006004685061
-0.001223457047
-2.208005338e-08
-0.006132370479
0.006229983416
-0.001066019314
-8.643159738e-09
-0.006318261851
0.00640138056
-0.0008526980363
-5.04348295e-08
0.01999703148
1.637924969e-06
0.0199883355
-2.750670413e-05
0.01997381226
-5.753118915e-05
0.01995321849
-8.936669005e-05
0.01992619628
-0.0001239437014
0.01989235648
-0.000162307632
0.01985095683
-0.0002057244571
0.0198016861
-0.0002557782348
0.01974594343
-0.0003143511651
0.01967867688
-0.0003843992626
0.01960663055
-0.0004685572923
0.01954877584
-0.0005684110145
0.01948590027
-0.0006924930586
0.01945223576
-0.0008222170544
0.01936113713
-0.001018737381
0.01918909608
-0.001209192054
0.01908843185
-0.001609540283
0.01898279609
-0.002085246411
0.01895744276
-0.002699626359
0.01914362993
-0.003597925563
0.004957455595
-0.00114747513
0.004841203675
0.004957655427
0.004841351279
-0.001212413793
-0.001147613104
-0.001212643904
0.005036477727
-0.001333718614
1.046745897e-08
-0.005212479595
0.005343551127
-0.001555855302
4.990260473e-09
1.12082568e-08
0.001431922072
-0.005566994207
0.001533207499
0.001360040352
0.001532682588
0.001372133969
-0.0004150911383
-0.0004107986027
-0.0004276397561
-0.0004094739827
-0.001454929027
0.0003439075841
0.001504348183
-0.0003755366414
-1.779009927e-05
-0.001587017993
0.000308692534
0.001603292199
-0.000324142873
-8.23866778e-07
-0.001638188211
0.0002449264211
0.001647295095
-0.0002534837072
-5.495973289e-07
-0.006687830583
-4.914943523e-08
-0.0001764294306
-0.0001748293507
0.0199966871
4.9495501e-06
0.01998683364
-1.765324515e-05
0.01997030935
-4.100689105e-05
0.01994676747
-6.582480968e-05
0.01991569455
-9.287077895e-05
0.01987639529
-0.0001230083676
0.0198279652
-0.0001572943738
0.0197692553
-0.0001970683324
0.019698963
-0.0002440588636
0.01961510829
-0.0003005445502
0.01951614886
-0.000369597861
0.01940299672
-0.0004552588761
0.01927386503
-0.0005633613655
0.01914999145
-0.0006983434706
0.01900670147
-0.0008754473935
0.01888035491
-0.001082845498
0.01867437764
-0.00140356301
0.0183749097
-0.001785778468
0.01816999147
-0.002494708136
0.004574845223
-0.003493491353
0.004457949992
0.004575233871
0.004457528177
0.004583150238
-0.001155794089
1.394059177e-08
1.415168863e-09
0.001424208325
-0.004679583517
0.001239847652
0.001138156647
0.001261708667
0.001125168095
-0.0003970784437
-0.0003539577037
-0.0003940153604
-0.0003644557746
-0.001216332819
0.0004334931961
0.001256983844
-0.0004610018496
-1.314237182e-05
0.000494321333
-0.001385827254
0.001430224466
-0.0005355570094
-3.161536232e-06
0.0004736796166
-0.001565538122
0.001607364189
-0.0005149407799
-5.649040084e-07
-0.001680873704
0.0003736998627
0.001685742656
-0.0003784367595
-1.320556359e-07
-0.001642278418
0.0002397887593
-0.0002147499286
-9.075286995e-09
0.001617248663
-0.001534671036
0.0001551407294
0.001506520972
-0.0001267567618
-2.339017028e-07
0.01999666216
8.285673508e-06
0.01998614575
-7.136831386e-06
0.01996827512
-2.313626005e-05
0.01994261266
-4.016235465e-05
0.01990850852
-5.876663666e-05
0.01986506795
-7.956779605e-05
0.01981110222
-0.0001033286422
0.0197450596
-0.0001310257107
0.01966493659
-0.0001639358554
0.01956815791
-0.0002037658689
0.01945141229
-0.0002528522362
0.01931061581
-0.0003144623934
0.01914053
-0.000393275553
0.01893816428
-0.0004959777513
0.01869551418
-0.0006327972895
0.01842807842
-0.0008154097319
0.01809645959
-0.001071944182
0.01772675661
-0.001416075487
0.01721984892
-0.001987800451
0.00421712364
-0.0006056136357
0.004011925835
0.004217389069
0.004012352879
-0.0007599332829
-0.0006077260434
-0.0007591608939
0.001136358676
0.004181227058
-0.001100507905
4.581110657e-08
0.000365449936
-0.00101005505
0.001023612291
-0.0003760639026
-2.943274703e-06
0.0005628083237
-0.001128681926
0.001162697594
-0.0005947804741
-2.043517229e-06
-0.001340470702
0.0006868744371
-7.406353479e-08
0.001388687435
-0.0007350171059
-0.001410874208
0.0005995930731
1.306465249e-06
0.001346295607
-0.000536320938
-0.0009485080578
0.0002162036457
9.926450369e-07
0.0008331813324
-0.0001018695657
-0.0005963036146
4.432204911e-05
1.438374102e-07
0.0005520509424
-2.132143746e-07
-0.0004958792727
4.932692213e-05
-1.414032132e-08
-3.083529818e-05
0.01999904937
9.234262744e-06
0.01999042571
1.486822562e-06
0.01997397691
-6.687466904e-06
0.01994918191
-1.536735345e-05
0.01991528201
-2.48667402e-05
0.01987122834
-3.551412767e-05
0.01981561086
-4.771115619e-05
0.01974656034
-6.197519109e-05
0.01966161269
-7.898821289e-05
0.01955751692
-9.967009752e-05
0.01942995712
-0.0001252924256
0.01927315128
-0.0001576565528
0.01907925385
-0.0001993781307
0.01883764591
-0.0002543698106
0.01853344979
-0.0003286011585
0.01814950021
-0.0004314601576
0.0176559103
-0.0005783542711
0.01703307498
-0.0007932401629
0.004097946106
-0.001110529947
0.003979375553
0.004098695688
0.003979787131
0.00400860858
-0.0005162336177
-4.24919642e-08
-3.021296562e-09
0.0009976575965
-0.00387955126
0.000952674514
0.0009011991165
0.0009870106949
0.0008755314095
-0.0002268085378
-0.0001909424831
-0.0002087105637
-0.0002080574659
0.0003878443499
-0.0008865148768
0.0008732947249
-0.0003653875829
-9.236614971e-06
0.0006675545959
-0.0008379327451
-5.59994609e-07
0.0008341552685
-0.0006632171246
0.0009288629211
-0.0009367514967
2.086754744e-07
7.679900087e-06
4.726133604e-05
6.434455147e-05
3.770272677e-07
-3.220779881e-05
-7.97751161e-05
0.02000631737
0.02000496216
0.0199954128
0.01997719388
0.0199494926
0.01991116583
0.01986067
0.01979594514
0.01971425106
0.01961193039
0.01948405745
0.01932390926
0.01912215294
0.01886555235
0.01853491873
0.01810212585
0.01752939818
0.01676463905
0.003928097158
0.003902704695
0.003927977786
0.003902605717
0.0003781430983
0.003747158073
-0.0001972003001
-3.713713487e-09
0.0001356604841
-0.0008455612025
0.0008184759983
-0.0001053679865
-3.207293359e-06
0.0002633221422
-0.0007319059033
0.0006774928824
-0.000207085286
-1.823835345e-06
0.0004987939048
-0.000458181627
-9.128313477e-07
0.000366914059
-0.0004066135055
0.0006792389106
-1.603031809e-07
-0.001420963643
-0.000668989175
-0.001020572988
2.511636456e-06
0.0007631246626
0.001183799611
-0.001340417689
0.0006868873106
-8.14273164e-08
0.001388691265
-0.0007350794592
0.001410858533
0.0006792560955
-1.493003038e-07
-0.001420951049
-0.0006690142793
-0.000928902314
-0.001020577137
2.501870329e-06
0.000763117158
0.001183860423
0.0002753406041
5.368027299e-07
-0.001093854017
-0.0001305314493
0.0005995522679
1.315352689e-06
0.001346300905
-0.0005363099961
0.0009485071018
0.0002753238803
5.471079208e-07
-0.001093855545
-0.0001305225453
5.081014548e-05
-1.108481268e-07
-0.0006558315962
8.828685929e-06
0.0002161895131
1.004333688e-06
0.0008331711765
-0.0001018579196
0.0005962387489
5.087603185e-05
-1.166931298e-07
-0.0006557985345
8.80044668e-06
4.109890974e-05
-6.808236295e-08
-0.0005065359102
-3.03741956e-05
-4.911339368e-05
-1.723117296e-05
1.137524403e-07
3.487639065e-05
3.135442362e-05
4.42992561e-05
1.546830337e-07
0.0005520190502
-2.342431835e-07
0.0004957491821
4.11898137e-05
-2.519924477e-08
-0.0005064574909
-3.045630531e-05
-4.927901429e-05
-1.734773351e-05
2.147613246e-07
3.497908182e-05
3.143290472e-05
0.0008688569189
-6.243677565e-07
-0.0008025935658
-0.00100239048
-0.0005575029435
-2.442975269e-07
0.0005697253575
0.0004868157883
0.0006676935143
-0.0008379918921
-5.736196922e-07
0.0008341079723
-0.0006632359747
0.0009367873561
0.0008688559947
-6.239207592e-07
-0.0008025753543
-0.001002444076
-0.0004988395831
-0.0005574683162
-2.492436502e-07
0.0005697163248
0.0004868408182
2.061878964e-07
7.678850439e-06
-2.366918329e-07
-1.615364148e-06
-4.740399888e-05
-2.535230931e-07
-1.621493872e-06
6.46753325e-05
2.470332141e-07
-3.243944214e-05
-7.988692301e-05
-0.0002807929198
-1.011357141e-06
0.0001451807068
0.0001366624787
-0.0004582408285
-9.040832863e-07
0.0003669418011
-0.0004066364739
-0.0002807774896
-1.021330741e-06
0.0001451855007
0.0001366516013
0.0004017955369
-0.001665884742
-0.000416562486
-2.220110065e-07
-0.001552127157
2.163809595e-07
0.001555512374
0.0005959914768
0.00134137074
2.860345144e-08
-0.001437169641
0.000371110902
0.0004737130487
-0.001565548279
-5.356755413e-07
0.001607363385
-0.0005149924788
0.001680874289
0.0004017843357
-2.104277327e-07
-0.001665881684
-0.0004165665132
-0.001552162295
2.492863856e-07
0.001555584241
0.0005958810355
0.001341376539
3.597118306e-08
-0.001437195148
0.00037110652
0.0002764149044
-0.001664856401
-0.0002537532102
-8.371481237e-08
2.935887343e-07
0.001248937784
0.000308343014
0.0009862542406
2.901497093e-08
-0.001070972245
0.0001354991316
0.0003736823288
-1.234384172e-07
0.001685744527
-0.0003784291256
0.000276313572
0.00164225816
-6.364431483e-08
-0.001664828848
-0.0002536792392
3.028699362e-07
0.001248935587
0.0003083276012
0.0009862916088
1.386780538e-08
-0.001070897017
0.0001354675672
0.0006689175379
-4.040006758e-07
-0.0007386574252
-0.001270326814
-0.0009402647359
-7.154463328e-07
0.0009465073604
0.0006620274173
-5.646339414e-07
0.0008668233261
-0.001017974763
0.00056278561
-0.001128598411
-2.050137104e-06
0.001162679691
-0.000594816753
0.0006690006316
-4.047282797e-07
-0.0007386473175
-0.001270366276
-0.0009401054368
-7.251537493e-07
0.0009465699058
0.0006619541986
-5.688006715e-07
0.0008668362873
-0.001017988631
0.0003744986442
-0.001116999713
1.92188759e-06
0.0007442671152
-4.602226062e-09
-3.683332049e-06
0.001347132949
-0.0005363293124
-9.970838534e-09
-0.001409610273
0.0006001230727
7.096956967e-07
-0.000375650801
0.001239499784
0.0004817369285
2.530935441e-06
0.001114884922
-0.0005705397048
-0.001083197097
0.001239454742
-3.552994067e-09
0.000482890097
-0.0005707455547
-5.733973128e-09
-0.001080046797
0.00074543673
-4.280721748e-06
5.103172319e-05
-0.0003274451465
2.661081932e-07
0.000284775182
-4.373482108e-09
-8.6234937e-06
0.0008336745879
-0.0001008395239
-0.0009483922277
-5.591081537e-09
0.000216555404
3.61934826e-07
-5.139691418e-05
0.0007358562322
0.0001483600816
4.009672034e-07
0.0003265703908
-0.0004149412022
-1.38997175e-05
0.0007363121534
-4.489428046e-09
0.0001487605879
-0.000414490379
-4.813013997e-09
-1.338851073e-05
0.0002847018283
-9.262237885e-06
2.613178484e-07
5.010690541e-05
-3.254842807e-06
4.917070839e-05
1.026575036e-08
-3.088127068e-05
2.871469653e-07
5.02832065e-05
-3.242760016e-06
0.0009280036578
-0.0009355680321
-1.434949673e-09
7.774488429e-06
-3.28056267e-05
-7.985330089e-05
4.832928837e-05
1.228498787e-08
6.469438315e-05
1.83982343e-07
9.63486527e-05
3.333160185e-07
-4.835836568e-05
-8.431182552e-07
6.759344168e-09
9.634980883e-05
-4.771391171e-05
4.174479175e-09
-5.534313866e-07
0.0004310793316
-4.33194408e-07
-0.0003463532805
-0.0005424744845
-0.0006716668921
7.342034199e-05
0.0005999851834
-1.738542287e-06
-4.847508066e-07
0.000126981875
-0.0004072658727
0.0002633522221
-0.0007318130665
-1.846397568e-06
0.000677413758
-0.0002071065161
0.0004310252199
-4.139998517e-07
-0.0003464401515
-0.0005424118976
-0.0006716413006
-1.747243451e-06
7.341816359e-05
0.0005999683332
-4.908142103e-07
0.0001269991904
-0.0004072624631
0.0005168441565
-0.000253713968
-7.168810526e-07
-0.0002743355494
1.2775134e-09
1.192096455e-05
0.0003666229635
-0.0004064690815
4.172310011e-10
0.0004975629057
-0.0004586300374
-1.229840977e-06
-0.0005174558962
0.0003670665333
0.0005185332632
-8.48291148e-07
0.0002553890888
-0.0002880409479
-0.0003731133562
0.0003657248891
1.085172002e-09
0.0005165113025
-0.0002872636295
6.3170188e-10
-0.0003737683407
-0.0002753006425
1.251695411e-05
-0.001202846858
-0.0005718151218
4.276775163e-07
0.001076489797
2.051032617e-09
0.0006977424539
0.0007633232119
0.001185611522
-3.761175514e-10
-0.001018419066
8.160607247e-07
0.001202758888
0.0007706410313
-0.00121109132
-2.447859256e-06
0.0005740890928
0.0006133071743
-1.148798419e-06
1.623301827e-09
0.0007704736581
-0.001209182863
0.0006119632965
2.099917299e-09
-6.168611289e-07
0.001079644372
0.000697631286
0.001100036045
-0.0006148663101
-2.894116699e-06
3.620253519e-09
0.000594210558
-1.867301723e-06
-0.001097987616
0.0005578690886
0.0005468640326
-4.878203185e-06
5.49012227e-07
0.0006152784693
-2.52030804e-06
1.615940212e-09
0.0005572505311
0.0005451354436
-4.21885308e-06
1.139465681e-09
-2.355147416e-06
0.0005940411012
-0.001202849187
-0.0005718234276
4.306847066e-07
0.001076480783
0.000697763203
0.0007633112272
0.001185639352
-0.0009280177819
-0.001018431306
8.147151284e-07
0.001202766228
0.0007706661937
-0.001211129981
-2.447609282e-06
0.0005741094756
0.0006133481056
-1.149551802e-06
0.0007704813043
-0.001209202922
0.0006119878014
-6.173869641e-07
0.00107962843
0.0006976779582
0.001100054372
-0.0006148905365
-2.88903042e-06
0.0005942096028
-1.866056491e-06
-0.001098016592
0.0005578700007
0.000546892675
-4.880027134e-06
5.460649788e-07
0.0006153247193
-2.52267685e-06
0.0005572533072
0.0005451555411
-4.21892681e-06
-2.355537172e-06
0.0005940475142
0.0002184889608
0.0005362553147
-3.47660809e-07
-4.826393559e-09
-1.012467259e-05
-0.001093866611
-0.0001301169121
-3.971198491e-09
0.0002761320728
1.256669668e-06
-0.0002202960721
0.0003646851719
-5.491168771e-07
-0.000535310926
-9.612608126e-06
-3.814718391e-09
0.0003653375755
-4.02735514e-09
-8.897070843e-06
-1.051793092e-05
6.195893148e-07
-1.32902063e-05
-9.494648712e-10
-1.287449172e-05
0.0003745003204
-0.001117001351
1.913271717e-06
0.0007442657832
-3.682618282e-06
0.001347097248
-0.0005363091135
-0.001409607506
0.0006001247488
7.246926434e-07
-0.0003756419351
0.001239514244
0.0004817039013
2.542554768e-06
0.001114882017
-0.0005705368548
-0.001083197719
0.001239447069
0.0004828716352
-0.0005707453898
-0.00108002825
0.0007454313188
-4.277968775e-06
0.0002184781403
0.0005362624033
-3.553803101e-07
-1.012420926e-05
-0.001093857303
-0.0001301212979
0.0009483929827
0.0002761287558
1.267360338e-06
-0.0002202683695
0.0003646597123
-5.407189239e-07
-0.0005353235235
0.0004149529071
-9.611205207e-06
0.000365331448
0.0004144932864
-8.896939541e-06
-1.051595816e-05
6.202513031e-07
-1.328711299e-05
-1.287278002e-05
7.698408722e-06
0.0002857415253
-7.055802209e-07
-5.990914833e-09
-7.953180799e-06
-0.0006560724864
8.473991093e-06
-1.382747304e-09
0.0005962256194
5.12634128e-05
3.613572138e-07
-8.494893808e-06
8.815817324e-05
-4.028101538e-07
-0.0002838396422
5.195016541e-05
0.0002411209748
-4.566477199e-09
8.830400431e-05
5.374218045e-05
-5.640867219e-09
0.0002400761659
-8.338288489e-06
-4.96286052e-07
5.999034681e-05
-7.543897452e-06
-2.327842338e-09
5.978829842e-05
-6.540071383e-06
5.103523116e-05
-0.0003274512761
2.585644732e-07
0.0002847763107
-8.623194699e-06
0.0008336739102
-0.0001008348425
0.0002165526605
3.742824475e-07
-5.139915155e-05
0.000735845318
0.0001483507274
4.094690605e-07
0.0003265835426
-1.389802204e-05
0.000736321723
0.0001487572072
-1.338817908e-05
0.0002847037841
-9.260825878e-06
7.691728974e-06
0.0002857466416
-7.15044558e-07
-7.953003798e-06
-0.0006561025481
8.472358027e-06
0.0005961889835
5.132313269e-05
3.740730814e-07
-8.477827032e-06
8.815053613e-05
-3.904612863e-07
-0.0002838482807
5.195736666e-05
0.0002410818213
8.828041179e-05
5.374151923e-05
0.0002400813777
-8.33736517e-06
-4.944535468e-07
5.999689251e-05
-7.54507357e-06
5.978539109e-05
-6.540653405e-06
-6.682464854e-05
-1.048847703e-05
-6.272477546e-08
6.03319651e-05
-8.641833034e-09
1.705252714e-05
2.740816299e-07
6.66502253e-05
-2.914916322e-06
-4.019037414e-06
-3.573454018e-07
1.147470388e-05
-6.836649187e-06
-4.280709008e-06
-6.050627371e-09
-3.041902023e-06
-3.714323379e-06
-7.421389459e-06
-4.334985091e-09
-3.420106207e-06
6.055494494e-05
1.750723965e-05
6.170605052e-05
-2.548586639e-05
-3.960389493e-07
-3.009015113e-09
2.451082314e-05
3.499083214e-05
3.187002303e-05
-9.345200359e-09
-4.901150518e-05
-1.772625361e-05
-6.806068548e-08
-6.159827887e-05
2.873247875e-05
6.781024774e-05
-1.023751698e-07
2.615535512e-05
-1.535207318e-06
-6.27598221e-09
2.908402434e-05
6.755107926e-05
-4.831445843e-09
-1.134771792e-06
2.471598379e-05
-6.681745209e-05
-1.04948805e-05
-7.786678696e-08
6.032389166e-05
1.705765383e-05
2.855057764e-07
6.663206316e-05
-2.900917896e-06
-4.019756374e-06
-3.501860021e-07
1.149165807e-05
-6.866651824e-06
-4.27481997e-06
-3.03824325e-06
-3.714377462e-06
-7.430461449e-06
-3.418952712e-06
6.052518826e-05
1.752065392e-05
6.170728899e-05
-2.548785764e-05
-4.157111423e-07
2.451716286e-05
3.4963959e-05
3.186637727e-05
-4.893288169e-05
-1.769205014e-05
-1.513963986e-09
-6.153918578e-05
2.882856449e-05
6.769121353e-05
-7.530813204e-08
2.616271611e-05
-1.521161575e-06
2.907047073e-05
6.759299241e-05
-1.13209297e-06
2.473300172e-05
0.00085297204
0.0005118358133
4.265298668e-07
-0.0007249110694
3.990933497e-10
-0.0006403237128
-0.0008008659847
-0.00100373446
3.302223157e-09
0.0008684047386
-6.292641094e-07
-0.0008540265008
-0.0008249185725
0.0008769807723
2.587222864e-06
-0.0005145478261
-0.000496796645
6.366766676e-06
-1.189255015e-09
-0.0008244815905
0.0008759595589
-0.0004951618977
1.261220689e-09
5.849206446e-06
-0.0007272696438
-0.0006408781618
0.0005036433617
-0.0007329785909
1.170622082e-06
7.520129748e-10
-0.0004967472162
-2.316868662e-07
-0.0005048595036
8.294542754e-06
1.656585483e-06
0.0007325386531
-0.0003509175345
-0.0003926882888
9.41058463e-06
6.05413776e-10
8.249166812e-06
9.923438304e-11
-0.0003497659014
-0.0003903898028
8.833594157e-06
-0.0004984198846
0.0008529669999
0.0005118456775
4.267165665e-07
-0.0007249046704
-0.0006403343331
-0.0008008522821
-0.001003764231
0.0009355876233
0.0008684082646
-6.281192615e-07
-0.0008540139237
-0.0008248973979
0.0008769640862
2.586107979e-06
-0.0005145684122
-0.0004968285853
6.366811403e-06
-0.000824453715
0.0008759391134
-0.0004951800845
5.848896868e-06
-0.0007272571948
-0.0006408984304
0.000503660084
-0.0007329943296
1.171669286e-06
-0.0004967413489
-2.318896668e-07
-0.0005048908381
8.29413996e-06
1.653763423e-06
0.0007325678438
-0.0003509232114
-0.00039270895
9.410554144e-06
8.248711512e-06
-0.0003497704169
-0.0003904028422
8.832782716e-06
-0.0004984085258
7.774596435e-06
1.160662814e-09
-9.200773595e-07
-4.826661797e-05
-9.186312273e-07
-3.576195109e-07
-2.445460035e-06
3.682369064e-09
-1.637327575e-06
-3.280783315e-05
-7.98644409e-05
6.466496831e-05
1.199341895e-07
9.639663637e-05
3.119564208e-07
-4.841480444e-05
-8.567462029e-07
9.634305047e-05
-4.772872721e-05
-5.561725549e-07
-3.663968373e-07
-2.447896669e-06
-1.637172726e-06
-1.647856525e-07
1.631378249e-05
1.358944484e-10
1.579406411e-05
-0.0001656396889
-0.0001218500361
-6.405506885e-08
1.775773585e-09
1.321645576e-05
0.000144753341
0.0001353758843
2.352254299e-09
-0.0002811042019
-1.184835356e-06
0.0001674473754
-0.0003091227812
3.145119114e-07
0.0001217411867
1.464815219e-05
1.647787318e-09
-0.0003093364584
2.046762259e-09
1.387986959e-05
1.382386434e-05
0.0005168443582
-0.0002537173078
-7.136419581e-07
-0.000274333142
1.192101397e-05
0.0003666152883
-0.000406428085
0.0004975962596
-0.0004586871307
-1.233999817e-06
-0.0005174527871
0.0003670720954
0.0005185564928
-8.569466341e-07
0.0002553893699
-0.000288048985
-0.0003731199128
0.0003657288347
0.0005164978902
-0.0002872505423
-0.0003737511634
-0.0002752935174
1.251645914e-05
-1.646205293e-07
1.631350462e-05
1.579392851e-05
-0.0001656382551
-0.0001218493341
-6.008647436e-08
1.321631422e-05
0.0001447465303
0.0001353769305
-0.0002811039365
-1.193886289e-06
0.0001674389458
-0.0003091085436
3.08592709e-07
0.0001217374469
1.464644298e-05
-0.000309334505
1.387965213e-05
1.382278902e-05
0.0003337775017
-0.001386604776
-0.0003730502045
-2.905155074e-05
-0.001360043394
0.0004489407487
0.0014170772
-1.165322059e-05
0.00154655088
-0.0004868520411
-7.634230739e-07
0.00044820979
-0.001507145206
0.001431948797
-0.005567057772
0.001533216494
0.001360066156
0.001532673738
0.001372249003
-0.0004150856334
-0.0004108657534
-0.0004276913441
-0.0004094424939
0.00145489997
0.0003338070768
-2.90314182e-05
-0.001386637386
-0.0003730382424
-0.0004943633464
-0.001360068746
-1.164807018e-05
0.0004491224538
0.001416957709
0.00154656813
-0.0004868849752
-7.57079922e-07
0.0004481969075
-0.001507122983
0.0003179501462
-0.001564725717
-0.0003388999209
-1.342495117e-06
0.001582846327
-1.660469109e-06
0.0004390446393
0.001663277153
-0.0016413593
-4.156321019e-07
0.0003802933149
0.0003438893067
-1.779799987e-05
0.001504355482
-0.0003755468175
0.001586995792
0.0003179576089
-1.335817495e-06
-0.001564726471
-0.0003388911123
-1.637973492e-06
0.001582843851
0.0004390752996
0.001663266702
-4.072340679e-07
-0.001641370938
0.0003802958079
0.0002531633129
-0.001628752658
-0.0002623733639
-2.254936848e-07
0.001679368443
-2.535741808e-07
0.0003578621453
0.001682507072
-0.001687433378
-1.328341259e-07
0.0002814740416
0.0003086350997
-8.20159614e-07
0.001603308135
-0.0003241272807
0.001638188364
0.0002532467836
-2.314250267e-07
-0.001628771012
-0.0002624327106
-2.479446584e-07
0.001679336901
0.0003578600714
0.001682473865
-1.136914201e-07
-0.001687450735
0.0002814041281
-3.822119825e-08
0.0008337122326
-0.001666257775
-0.001655877413
-0.001654498653
-0.00166709476
-0.0002266267698
-0.0002124348588
-0.0002111191324
-0.0002275952734
-6.598045803e-08
0.0002492587044
0.001673103106
-0.0001846279281
0.001628512538
0.0002056654559
-0.001649081325
-4.687413756e-07
0.0002448091283
-5.318699115e-07
0.001647309946
-0.0002533988382
0.0008333754081
0.006687823944
-0.001666252033
-0.001655812797
-0.001654492427
-0.001667089033
-0.0002266202429
-0.0002123668379
-0.0002110075237
-0.0002275966687
-0.0002398835375
-8.613344004e-08
0.000249332411
0.001673111126
-0.000184483271
0.00162851387
-4.532749321e-07
0.000205555272
-0.001649132596
0.0003915263282
-0.001155130617
-0.000428879344
-2.384918592e-05
-0.001038459114
0.0003580661428
0.001050553705
-4.71079713e-06
0.001165094622
-0.0005115208
-4.78823014e-06
0.0004877391389
-0.00113652473
0.001424048517
-0.004679474937
0.001239841497
0.001138139555
0.001261711849
0.001125156008
-0.0003970705035
-0.0003539184759
-0.0003939909616
-0.0003644411358
0.001216296118
0.0003915601919
-2.384989821e-05
-0.001155147428
-0.0004288589836
-0.0003654726266
-0.001038469567
-4.705615495e-06
0.0003580505923
0.001050597217
0.001165123493
-0.0005116090604
-4.79432671e-06
0.0004877347951
-0.001136454901
0.0004848948439
-0.001345850284
-0.0005230828697
-1.788944935e-06
0.001199306337
-2.689579341e-06
0.0005312861901
0.001359193526
-3.601450467e-07
-0.001299692182
0.0006097763384
0.0004333713276
-1.314654924e-05
0.001257074816
-0.0004610034772
0.001385872898
0.000484884485
-1.803525016e-06
-0.00134588762
-0.0005230662378
-2.691133176e-06
0.001199337818
0.0005312624198
0.00135922295
-3.688175196e-07
-0.001299679104
0.0006098256039
-0.0005319102245
-3.079509975e-07
-0.001520171991
-1.309042061e-07
0.001413565035
0.0006326338349
-2.158173772e-07
-0.001510959557
0.0006382871277
-3.175393003e-06
0.001430225987
-0.0005355410458
-2.717662754e-07
-0.000532085732
-0.001520075759
-1.637558206e-07
0.001413626653
0.0006326473635
-1.838741104e-07
-0.001510960923
0.0006382385939
0.0004849523887
-0.001627242211
1.702896497e-07
0.00165635168
-0.0005142549836
2.283669176e-08
-4.726489505e-07
-0.0004851190659
0.001640706181
0.0004522497232
-2.120154772e-07
0.001627770587
-0.000559370719
-0.001583128636
0.001606955504
-0.0005148841217
1.857371799e-09
0.0004725209156
-0.001565159064
0.001640449412
1.581150056e-08
0.0004509700117
-0.0005597290119
-1.27971008e-08
-0.001582596544
0.001656756796
-0.0005139349978
0.0003339126541
-0.001647543953
1.038234693e-08
0.001617571419
-0.0003039478786
-2.62467987e-09
-7.549042012e-08
-0.0003333370942
0.001681494261
0.000337660987
-2.279390785e-08
0.001647643432
-0.00166499417
-0.0003610632278
0.0016856746
-0.0003788913177
-0.001680762379
-2.856285983e-09
0.0003738498985
0.001681515214
-1.997644949e-09
0.000337998543
-0.001664777335
-0.000361675642
-5.086411619e-09
0.001617572014
-0.0003032552939
-0.001571873054
-0.000147222276
-2.036430149e-07
1.574571347e-07
0.0009195125231
0.0001109063144
0.0007975312191
-5.367188558e-09
-0.000828240872
7.181392515e-05
-3.090900368e-08
-0.0002148187828
0.001617224311
0.001534662239
-1.857520753e-07
-0.001571771108
-0.0001471886404
1.634174076e-07
0.0009195019189
0.0001109255285
0.0007976230261
-1.869120106e-08
-0.000828275229
7.186070665e-05
-1.759338064e-08
7.912776577e-05
0.0001552141093
-2.513126317e-07
-0.0001268361266
2.551208078e-08
7.907078619e-05
-0.0005434707521
-4.38127457e-06
-0.001092350699
-0.0009188190611
0.0003936282971
0.0009220264379
-8.99131988e-06
-0.0005840894324
-1.315138845e-06
0.0005819039174
-0.000936764083
-0.001010190587
-2.925181249e-06
0.001023624219
-0.000375981077
-4.385252383e-06
-0.0005434280335
-0.001092394185
-0.0003878490397
-0.0009188793724
-8.981030052e-06
0.0003936221703
0.0009220872719
-0.0005840114187
-1.334859125e-06
0.0005819384131
-0.0009366975732
0.0006526406797
-0.00111480079
8.621919728e-07
0.001161097523
-0.0006998027035
3.098665127e-09
-1.120895735e-06
-0.0006541067377
0.001208866379
0.0006090588495
-1.528323411e-06
0.001112816607
-0.0006331391377
-0.00107292962
0.001165660347
-0.0005919496926
3.394700949e-09
0.000560551279
-0.001136308845
0.001209779104
1.788551123e-09
0.0006073992388
-0.0006307971461
1.022549144e-09
-0.001077482681
0.001160853183
-0.0007012811209
0.000725678058
-0.001331659508
3.720655135e-07
0.001303345597
6.243612036e-09
0.001387758702
-0.0007345992199
1.125297826e-08
-0.001339838404
0.0006865936094
-2.344989093e-07
-0.0007253017911
0.001418486407
0.0006957373209
3.363244495e-08
0.001332414083
-0.00129682379
0.00141734454
1.032874153e-08
0.000695847395
4.209111281e-09
-0.001295755644
0.001305115647
1.71528371e-05
-0.000237869939
-5.341255905e-08
0.0002378301292
-7.093805343e-09
0.0005521495657
-6.849352574e-08
-6.540994089e-09
4.429493003e-05
-3.550623986e-08
-1.682038893e-05
0.0005236718982
4.52349399e-05
9.010232046e-07
0.0002370918184
0.0005238075939
-6.649479922e-09
4.546596131e-05
-3.145010748e-09
0.0002377252603
-3.099251118e-05
-0.000496071419
-3.121667113e-09
4.953084458e-05
6.134391206e-08
0.000241038738
-0.0002368216043
-3.511377989e-05
0.0002410470721
-0.0002366097239
-3.537620751e-05
7.680780354e-09
2.372963195e-08
-4.990020899e-05
1.752707368e-09
-4.986657107e-05
0.0003365456559
-0.0008880051286
-0.0003188563919
-1.619900846e-05
-0.0008714888276
0.0001634343345
0.000846893851
-3.178875537e-06
0.0007613429189
-0.0002218364333
-3.932129688e-06
0.0002637781133
-0.0007993524691
0.0009971693632
-0.003879057488
0.0009526579935
0.0009011562358
0.0009869193893
0.0008755001902
-0.0002267732551
-0.0001909509011
-0.0002086378399
-0.0002079867056
0.0008863942952
0.0003365599486
-1.62098985e-05
-0.0008879676594
-0.0003187766858
-0.0001356129021
-0.0008713666853
-3.196361501e-06
0.0001633986703
0.0008467772787
0.0007614268472
-0.0002218864424
-3.90544216e-06
0.0002637356178
-0.0007993705804
-9.596338275e-07
-0.0005719741162
-0.0008490884281
0.0007174825669
-2.239179453e-06
0.0003094216671
-3.146705001e-07
0.0004922489725
-0.0006183579164
-9.249584774e-06
0.0008732577283
-0.0003654628796
-9.507568037e-07
-0.0005719361656
-0.0008491163894
-2.211138422e-06
0.0007175396218
0.0003094505785
-3.148789766e-07
0.0004922557125
-0.000618383932
0.0007687146861
-0.0007032527723
1.929088917e-07
-0.0007059788664
3.290112334e-10
0.0008342790537
-0.0006619844954
3.549563816e-09
0.0006659375462
-0.000838795652
-2.101464743e-07
-0.0007699301082
0.0007793769489
-4.054517872e-07
0.000703376548
-0.0006277067589
-0.0007384814631
9.193745409e-10
0.0007783010795
-0.0006265830917
-2.54829033e-09
-0.0007390570827
-0.0007072388204
-0.0001733580491
-3.845420271e-06
-0.0007765388745
-0.0008327631719
3.676535944e-05
0.0007993158643
-3.315697682e-06
5.973087801e-05
-3.896870193e-06
-0.0007275022953
-0.0008456429275
-3.190198306e-06
0.0008185547799
-0.0001053345578
-3.869550211e-06
-0.000173329963
-0.0007765000032
-0.0008327039052
-3.32103257e-06
3.673416522e-05
0.0007992890369
-3.904884947e-06
5.976764152e-05
-0.000727508021
0.0002449405089
-0.0006335294991
9.203804921e-07
0.000558826251
-0.0001711575096
-1.316477514e-10
-1.009991435e-06
-0.0002457045562
0.000614545184
0.0003096622425
-1.769123406e-06
0.0006303203745
-0.0001419535204
-0.0006936830209
0.0006810993873
-0.0002064711739
6.911912734e-10
0.0002622387656
-0.0007386915133
0.0006165376505
-1.407400601e-10
0.0003084923856
-0.0001414893883
-1.081158122e-09
-0.000700279335
0.0005571992816
-0.0001716630931
0.0006933996288
0.001205007349
-8.551133333e-07
4.29137307e-09
-0.001420198441
-0.0006696782202
-6.494268978e-09
0.0006801125801
1.96492518e-07
-0.0006933967831
0.0006907230552
-4.173982935e-07
-0.001204904844
6.569793015e-09
0.0006907356476
3.6937332e-10
0.0007256944507
-0.001331660669
3.824728622e-07
0.001303353197
0.001387746352
-0.0007346309379
-0.001339777555
0.0006865919686
-2.611094043e-07
-0.00072534992
0.001418500469
0.0006958018253
3.641101645e-08
0.001332422527
-0.001296872204
0.001417322987
0.0006958670324
-0.001295769683
0.001305133039
0.0006934136064
0.001205000308
-8.468296864e-07
-0.001420165792
-0.0006697039996
0.0006801064868
1.83745948e-07
-0.0006934383547
0.0006908040257
-4.23965499e-07
-0.001204895365
0.0006907611171
2.403274015e-05
0.0002383447659
-3.33759258e-08
-3.177154008e-09
-0.0005064909583
-3.076339169e-05
-6.724884107e-09
4.112157302e-05
-3.753687178e-08
-2.400821161e-05
4.118174014e-05
-6.366327836e-08
-0.0002383996621
-7.089304427e-10
4.131254755e-05
-7.982344791e-09
1.714841841e-05
-0.0002378564439
-6.329288471e-08
0.0002378218805
0.0005521315231
-8.19654944e-08
4.428757301e-05
-1.589347636e-08
-1.680499487e-05
0.0005236207421
4.521919369e-05
8.984270339e-07
0.0002370482247
0.0005238343812
4.542300646e-05
0.0002377005833
2.404867973e-05
0.0002383364078
-4.923020033e-08
-0.0005064740735
-3.072438138e-05
0.0004959570534
4.120948831e-05
-3.870280322e-08
-2.406134031e-05
4.126329888e-05
-1.456218463e-08
-0.0002383230214
0.0002367098388
4.136957743e-05
0.0002366599686
-0.0005912681844
-0.0006122951011
8.362290398e-07
9.707450497e-10
0.0005686836827
0.0004867398328
3.129023311e-09
-0.0005581080397
-3.736268481e-07
0.0005915944433
-0.0006492022204
-5.672783723e-07
0.0006132280379
9.080802994e-10
-0.0006495421312
-1.05005548e-09
0.0007687210003
-0.0007032626966
1.927540485e-07
-0.0007059850687
0.0008342044352
-0.0006619814203
0.0006660752152
-0.0008388683061
-2.14985076e-07
-0.0007699468761
0.0007793724345
-3.982565821e-07
0.0007034037948
-0.0006276972255
-0.0007385442882
0.0007782576499
-0.0006265307525
-0.0007391141726
-0.0007072487632
-0.0005912613323
-0.0006123014757
8.373564194e-07
0.0005686776384
0.0004867674113
-0.0005580949108
-3.816070017e-07
0.0005915716475
-0.0006491709428
-5.599285891e-07
0.0006132482874
-0.0006494951504
0.0004522992241
0.001668521167
1.352059253e-07
-0.0004646069788
3.057676207e-09
-3.38760021e-07
-0.0004522032225
0.0004273634159
-8.375898637e-08
-0.001668845436
-0.0004126274636
-0.00166572938
-0.0004168730332
-3.87853681e-09
0.0004016218991
2.791608195e-09
0.0004266777051
-0.0004132063911
-6.5635864e-09
-0.0004641566565
0.001555046704
0.0005964576234
-1.626570408e-08
-0.001551148608
-9.839806584e-08
0.00052178178
0.001515565921
0.0005225421694
0.001515299086
-2.854147331e-09
-0.001624514598
1.261040162e-07
0.001632667525
8.149988298e-09
-6.827018251e-08
0.00162513307
-0.001588444042
-2.608872881e-08
-0.001587828171
0.001633105954
-0.001436921147
0.0003718697852
-4.169242591e-09
0.001341216208
3.234296398e-08
0.0004430491091
0.0004437495971
-1.737849309e-09
0.001611719937
8.948144643e-08
7.307552427e-10
-2.077011498e-08
-0.001612087881
0.001570592091
-5.524551333e-09
0.001570368089
0.0004849453925
-0.001627205488
2.011487582e-07
0.001656387472
-0.0005143056949
0.001606945927
-0.0005148711421
0.0004725221591
-0.001565130771
-4.981290301e-07
-0.0004851144962
0.001640707833
0.0004522681748
-1.129295856e-07
0.001627736097
-0.0005594976454
-0.001583118005
0.001640421903
0.0004509870919
-0.0005597129556
-0.001582489402
0.001656862619
-0.0005140398715
0.0004522938071
0.00166853046
1.368172074e-07
-0.0004645705483
-0.001665705957
-0.0004168821073
0.00168076287
0.0004016108899
-3.393086904e-07
-0.0004521960329
0.0004273614897
-7.086299748e-08
-0.001668891788
-0.0004126277484
0.001665023883
0.0004266732339
-0.0004132168362
0.001664787762
-0.0004640883843
0.001555074402
0.000596413589
-0.001551130225
-8.806590655e-08
0.0005217755582
0.001515600648
0.000522556147
0.001515298974
-0.001624537716
1.362871227e-07
0.001632660029
4.323157749e-08
0.00162522716
-0.001588887003
-0.001587819942
0.001633099131
-0.001436939168
0.0003718796871
0.001341220038
3.90687687e-08
0.0004430261432
0.0004437285831
0.00161173055
8.824062665e-08
-1.073696718e-08
-0.001612125129
0.001570614642
0.001570377132
0.000282627983
0.001577639573
3.161970661e-08
-0.0002427250298
-2.727826344e-09
-5.956892193e-08
-0.0002823631948
0.0002990606141
-2.946078344e-08
-0.001577658089
-0.0002070192794
0.001530953609
-0.001664752473
-0.0002544151185
-3.486584878e-09
0.001642180866
0.0002769064977
-2.752255875e-09
0.0002993339075
-0.0002077174446
-2.268846875e-09
0.001530914703
-0.0002424176586
0.001249089715
0.0003089809609
-5.473944019e-09
1.305665414e-07
0.000240175728
0.001156991575
0.0002407740426
0.001157210261
-3.433829161e-09
-0.001517765116
-4.95142258e-08
0.001454643737
-2.945922509e-09
8.614445374e-08
0.001517785736
-5.568361607e-09
0.001454656646
-0.001071237954
0.0001361021485
1.103079289e-09
0.0009864271352
1.21966516e-07
0.000174055537
0.0001744018888
-3.60382878e-09
0.001386349531
-2.706019743e-08
-1.872282533e-09
1.129798349e-08
-0.001386267456
0.00131473601
-1.387910275e-09
0.001314746919
0.0003339143342
-0.001647549198
5.937068277e-09
0.001617613412
-0.0003039871113
0.001685691246
-0.0003788833803
0.0003738287014
-7.229954405e-08
-0.0003333414703
0.0016815071
0.0003376511952
-1.418933342e-08
0.0016476594
-0.0003610504518
0.001681556198
0.0003379750816
-0.0003616640922
0.001617659143
-0.0003033352765
0.0002826433883
0.001577641418
2.729635127e-08
-0.0002427014116
-0.001664721175
-0.0002543503555
0.0002767988273
0.001642205561
-6.023008283e-08
-0.0002824016421
0.000299140119
-1.929714075e-08
-0.001577652614
-0.0002069691594
0.001530961818
0.0002994154329
-0.0002076782643
0.00153094777
-0.000242367812
0.001249100544
0.0003089695441
1.4216093e-07
0.0002401749609
0.001156969194
0.0002407722528
0.001157224228
-0.00151777221
-5.69557058e-08
0.001454611364
9.520299345e-08
0.001517796587
0.001454579313
-0.001071210399
0.0001361013473
0.0009864471633
1.290574066e-07
0.0001740936617
0.0001744196971
0.001386354905
-2.712354998e-08
1.312928515e-08
-0.001386278035
0.001314763321
0.001314789726
-0.0007383956306
-0.001270287475
2.504268812e-09
0.0006684381977
-3.822173332e-07
-0.00122596764
-0.0008091313565
-0.001225375487
-0.0008091599937
1.990287839e-09
0.0007052160857
4.40316796e-07
-0.0007699373276
2.960808792e-09
-5.766921324e-07
-0.0007058342422
0.0006449504996
2.629317991e-09
0.0006441283908
-0.0007705083848
0.0009467058214
0.0006602566484
4.468119837e-09
-0.0009417448396
-3.457667922e-07
0.0007502434403
0.0009759866328
0.0007491350124
0.0009755324932
-6.376283361e-09
-0.001039304054
5.717131893e-07
0.001088065273
-6.25369288e-10
-9.712729792e-07
0.00103869698
-0.001008837428
-3.844762928e-09
-0.001010811981
0.001088231007
0.0008662257442
-0.00101681232
7.610549206e-09
-2.589077243e-07
-0.001153140444
-1.747579541e-07
0.0008351673963
-0.001152380076
4.053439303e-09
0.0008345071124
-2.14224596e-09
2.504316321e-07
4.547316247e-09
0.0006526341302
-0.001114790624
8.662317231e-07
0.001161133629
-0.0006998402682
0.001165641379
-0.0005919888962
0.0005605247999
-0.001136224023
-1.124976207e-06
-0.0006540954286
0.001208876666
0.0006090234313
-1.528054194e-06
0.001112799165
-0.0006331212006
-0.001072966663
0.001209785059
0.0006073672634
-0.0006307825431
-0.001077524008
0.001160929836
-0.0007013598667
-0.0007383762334
-0.001270317919
0.0006685143762
-3.936660579e-07
-0.001226004763
-0.0008091210906
-0.001225399978
-0.0008091376147
0.0007052117653
4.474389086e-07
-0.000769922595
-5.831912306e-07
-0.0007058262439
0.000644919826
0.0006440983412
-0.000770453733
0.0009467789948
0.0006601790041
-0.0009416034729
-3.310008282e-07
0.000750228481
0.0009760448572
0.0007491245719
0.0009755746905
-0.001039309783
5.681531073e-07
0.001088025306
-9.628220167e-07
0.001038713257
-0.001008917437
-0.001010879992
0.001088150022
0.0008662399866
-0.001016824223
-2.706469286e-07
-0.001153144138
-1.714094709e-07
0.0008351917185
-0.001152367146
0.0008345160261
2.561333005e-07
5.047677394e-05
-3.24711158e-06
-2.171001718e-10
6.603109585e-08
8.273734146e-05
8.624082203e-08
7.375554133e-05
8.271068075e-05
6.999441308e-09
7.389398034e-05
-2.209401989e-09
1.727746554e-08
-3.956748828e-11
-3.102311444e-05
4.938914206e-05
1.801747468e-08
0.0002410418322
-3.5231279e-05
0.0002410671729
-3.540461264e-05
3.861261442e-08
-4.98998387e-05
-4.987082417e-05
5.048955624e-05
-3.229706728e-06
3.54083382e-08
8.270774229e-05
8.256596755e-08
7.377018772e-05
8.272034655e-05
7.387624884e-05
1.071852561e-08
-0.0003455295095
-0.000543448317
-1.000698242e-09
0.0004299155934
-3.283474315e-07
-0.0004721081245
-0.0002470301651
-0.0004730482283
-0.0002465792623
1.292521377e-09
0.0002908624439
5.279444614e-07
-0.000205612167
-2.003037591e-10
-6.196808565e-07
-0.0002916766831
0.0003643670595
-6.020727886e-10
0.0003633326958
-0.0002060575839
-0.0006142211729
-8.794129486e-05
9.2885287e-07
0.0005300748866
1.21667699e-09
-1.749819492e-06
0.0006106899324
-0.0006774732937
-9.249198035e-07
8.820636469e-05
0.00051270749
7.321319616e-05
0.0006034915363
1.266698216e-09
-0.000678445341
1.064769697e-09
-0.0006842482527
0.0005146278277
7.652984228e-10
0.0005281620527
0.0001267480146
-0.0004083151213
2.175197919e-09
-4.838017596e-07
-0.000428687269
-0.0004296532607
1.752933507e-09
-0.0001057541831
5.62129611e-07
1.511289757e-09
-5.676520557e-07
0.0001060206719
1.989982565e-09
0.0002449354612
-0.0006335416716
9.205829964e-07
0.0005588382168
-0.0001711527267
0.0006810299164
-0.000206495984
0.0002622094842
-0.0007385891364
-1.021553872e-06
-0.0002457092598
0.000614475616
0.0003096689519
-1.759734827e-06
0.0006303571685
-0.0001419537428
-0.0006937502111
0.0006164864399
0.0003084572346
-0.0001414342407
-0.0007003642379
0.0005572173759
-0.0001716488918
-0.0003455611009
-0.0005434296068
0.0004298885729
-3.338865606e-07
-0.0004721571134
-0.0002470690657
-0.0004730781397
-0.0002465667178
0.0002908541517
5.249075097e-07
-0.0002056191843
-6.196159995e-07
-0.0002916615088
0.0003643448393
0.0003632907647
-0.0002060763393
-0.0006142228229
-8.793793844e-05
9.313523883e-07
0.0005300778958
7.317956804e-05
0.000603490711
-0.0006784178917
-1.752768568e-06
0.000610692863
-0.0006774756761
-9.27171816e-07
8.8197891e-05
0.000512700004
-0.0006842292027
0.0005146290618
0.0005281732117
0.0001267501324
-0.0004083190037
-4.939963798e-07
-0.0004286844228
-0.000429643334
-0.0001057516615
5.68548757e-07
-5.710765912e-07
0.0001060190029
-0.001268522544
-2.357239243e-09
0.005755791402
-1.949416898e-08
3.264604162e-09
0.005925119978
-0.0003379268847
-0.000376775104
-0.000389374897
0.005733820664
-0.001291407966
-0.001268532791
0.005884188711
0.005755952897
0.005925276337
-0.0003767810111
-0.0003379106618
-0.0003893542141
-0.001153928934
-1.244488747e-08
0.006091728184
-1.945021966e-08
-0.0003372953937
-0.0003643814007
-0.0003444614374
-1.258421904e-08
0.00623670366
-0.0003309515619
-0.000317957783
-0.0003320323291
0.006004803722
-0.001223488735
-0.001153925059
0.00613246693
0.006091793166
-0.000364378174
-0.0003373070174
-0.0003444505078
0.00623676015
-0.0003179414992
-0.0003309551442
-0.0003320503833
-0.0009636494442
-1.818749174e-08
0.006355364726
-8.299833919e-09
-0.0002846271965
-0.0003076963203
-0.0002836560488
-1.322392212e-08
0.006444730298
-0.000274609376
-0.0002519281453
-0.0002733009525
0.00623006066
-0.001066024422
-0.0009636715079
0.006318420269
0.006355441171
-0.0003076464976
-0.0002847079226
-0.0002837242032
0.006444787367
-0.0002520021588
-0.0002745414814
-0.0002732405037
-0.0007843679704
-1.523270645e-07
0.006521354535
-2.325417064e-08
-0.0002208714053
-0.0002437871002
-0.0002197140901
-1.171546143e-07
0.006400308895
-0.0008520812056
-0.0007851235623
0.006521882517
-0.0002436611175
-0.000220963192
-0.0002197661714
-0.00143524217
1.691125998e-09
0.004931687215
6.167011493e-09
5.221590483e-09
0.005110295674
-0.0003762259783
-0.000424673276
-0.0004214302726
0.005036879389
-0.00133385365
-0.001435256089
0.005212630102
0.004931552308
0.00511017348
-0.0004246980621
-0.0003761945532
-0.0004214192342
1.0519017e-08
-0.0003893448705
-0.0004291668644
-0.0004385329678
-0.0003859665847
1.522172252e-08
-0.0004278595158
-0.0004470498252
-0.0004325506016
0.001253088244
0.00138971452
0.001400246501
0.001252329017
0.0004358868043
-0.001292620467
-1.841489187e-05
0.005343572414
-0.001555681758
-0.0003893584513
-0.000429160996
-0.0004385056683
-0.0003859343067
-0.0004469464956
-0.0004279817319
-0.0004326785157
0.001253146444
0.001389756313
0.001400245705
0.00125233655
-1.842857078e-05
0.0004359035417
-0.001292659234
0.0003648713439
-0.001555662254
5.539484133e-06
0.001573508556
-0.0003882557515
-1.379098966e-09
-6.856204637e-06
-0.0003672131104
0.001541122104
-1.457646709e-05
0.001528541537
-0.001478506297
-0.0004109954178
0.001544122648
-0.0003788196886
-0.001547475657
1.187255301e-09
0.001557679935
-3.587193968e-09
-0.001549754534
-0.0003993052767
1.389870799e-09
0.001562944408
-0.0003960765094
0.0002973169993
-0.001628397762
5.664787716e-07
0.001641541414
-0.000311025571
-1.559130675e-09
-3.771619689e-07
-0.0002984581624
0.001617500336
-8.181282405e-07
0.001627587998
-0.001610093779
-0.0003408189568
0.00160459561
-0.0003230859836
-0.00159002758
-2.231332271e-09
0.001617880165
-7.626495219e-10
-0.001612132764
-0.0003401668759
-2.235532111e-09
0.001641255708
-0.0003115594026
0.0002278702659
-0.001663516808
5.043677671e-07
-0.0002311114112
-4.19689063e-09
-1.689500607e-07
-0.0002292847769
-7.03607321e-07
0.001664443633
-0.001661028826
-0.0002561948984
0.001646507168
-0.000252746941
-0.00163809034
-6.588072195e-09
-4.260325929e-09
-0.001660911336
-0.0002560512219
-4.799394202e-09
-0.0002314315302
0.0001694047338
-6.668474727e-07
-0.0001764439392
-0.0001748325198
-6.878629717e-07
0.0001694888432
-0.001308830518
-1.655865154e-08
0.004438521104
-6.532090322e-09
-3.012005914e-08
-0.001299839241
0.00106672116
0.001149448531
0.001174931138
0.004583075259
-0.001155440555
-0.001309060146
0.004438336509
-0.001136255425
-0.00130030669
0.001149439151
0.001066718676
0.001174925542
0.0004728620179
-0.001266084294
3.009372483e-06
0.001307000384
-0.0005167925393
5.059516564e-09
-2.469481154e-06
-0.0004718297443
0.001303423553
-9.695827282e-06
0.001247721847
-0.001199413504
-0.0004996143656
0.001283068507
-0.0004651158849
-0.001278149242
4.413666452e-09
0.001320906439
3.996865877e-09
-0.0012474687
-0.0004934309927
3.678996208e-09
0.001299033812
-0.0005201323488
0.00053597128
-0.001427968841
8.745532151e-07
0.001478670649
-0.0005875589272
1.128542582e-08
-1.513538597e-06
-0.0005389403832
0.0004969925588
0.001473685831
-1.242175087e-06
0.001428335443
-0.001380946216
-0.0005817040631
0.00143186147
-0.0005319564532
0.000484445991
-0.001387518373
5.827850807e-09
0.0004914620557
0.001474854061
3.094720959e-09
-0.001380332508
-0.0005808490455
1.408618986e-08
0.001478816649
-0.0005885470292
4.989523626e-08
0.001486132909
-0.0001699791232
-0.0002149705835
0.001617082703
0.0002400555329
4.136421963e-09
0.001486298295
-0.0001703088432
4.54879439e-09
0.0002009240214
7.81040578e-09
0.001438844923
-0.0001534723891
-6.066240301e-09
-5.94813103e-08
-0.0002003833998
0.0002241328077
0.001593558732
0.0002244522274
0.001593499939
-4.925035325e-09
0.00143894513
-0.0001531878224
-2.875586345e-07
-6.618815186e-08
-0.001358965802
-0.0001013496569
0.001506165793
-0.0001265557856
-0.001534483498
3.913702207e-09
0.0001546356407
-0.00135886672
-0.0001012276603
1.665751462e-09
6.764275555e-09
0.001002755157
0.001113794277
0.001097141689
-0.0003330166336
-0.0003578737168
-0.0003408426493
-0.0003106321249
6.095975046e-08
0.0009181422718
0.001009756956
0.001034955133
0.0009461602082
0.0003435303498
-0.0009089553089
-1.684843844e-05
0.004181539101
-0.001100359649
0.001113901377
0.001002569036
0.001096911282
-0.0003329238246
-0.0003578045242
-0.0003408877509
-0.0003107170028
0.0009182003865
0.001009782256
0.001035010592
0.0009462303253
-1.683423876e-05
0.0003435371548
-0.0009090223313
0.0004473432734
-0.00108845147
1.51218971e-05
0.001058698016
-0.0004327123628
6.461388006e-10
-1.947632779e-05
-0.0004354115311
0.0004219624952
0.001056537655
-6.391480761e-07
0.001009182192
-0.0003818517895
0.001116693591
-0.0004213959137
0.0004155541478
-8.22290806e-10
0.0004401930177
0.001104366246
1.276544723e-09
-0.0004133480332
3.194213843e-09
0.001023959158
-0.0004350665936
-0.0006308498773
-2.6083305e-08
0.00384128822
-3.184679353e-09
-3.64874829e-09
-0.0004568790995
0.0008803381707
0.0009552529535
0.0009602411392
0.004007787652
-0.0005168604972
-0.0006304568124
0.003840797849
-0.0003778744006
-0.0004567574811
0.0009550876129
0.0008803911737
0.0009602493962
0.0004251255286
-0.0008395729233
2.863199595e-06
0.0008088715176
-0.0003972872056
-1.16819794e-10
-3.462111307e-06
-0.0004282809102
0.0004453444452
0.0008596933058
-7.50248506e-06
0.0008286309051
-0.0008413297393
-0.0003451862598
0.0008877353585
-0.0003619437016
0.0003893108725
-0.000924339737
6.007681981e-10
0.0004440023266
0.0008653980269
-1.570557085e-09
-0.0008704668744
-0.0003385517716
-4.58681592e-10
0.000804232486
-0.0004010192851
-0.0002399154345
-4.596281695e-09
0.0008409559733
0.0009239565176
0.0009197253104
0.003705576124
-3.966054709e-09
-2.352993853e-09
0.0008239288097
0.0009095888298
0.0008993931182
0.003747171547
-0.0001970718746
-0.000239814493
0.0009240627848
0.000840883316
0.0009196349299
0.003705602933
0.0009095052841
0.0008240453569
0.0008995274399
0.0001307491373
-0.0008794642711
1.591266856e-05
0.0008220264742
-8.92255743e-05
1.565368221e-09
-1.580696157e-05
-0.0001268361788
0.0001598609906
0.0008012581465
-3.435020676e-06
0.0008113828163
-7.235981113e-05
0.0008868727581
-0.0001170117306
0.0001508900835
-1.890612661e-09
0.0001655846718
0.000836229298
9.566544683e-10
-8.01857174e-05
-4.478005182e-13
0.0007873276342
-8.686833814e-05
0.0004185107031
0.001555032287
-3.753603581e-06
-0.0004365726258
-9.265745032e-09
-5.01373611e-06
-0.0003594775732
-2.253993852e-05
-0.001411586565
-0.0004174300028
-0.001556803328
-0.0003964990923
1.068333907e-10
1.324667314e-09
-0.0004137617573
4.767993054e-10
-0.0004026837757
-0.001437772646
-0.0004533524214
3.032966837e-06
0.001472999726
1.232057217e-09
-1.457105101e-05
0.001404612493
-0.001351899299
-3.131014051e-06
0.0004530469483
0.001464153822
0.0004511610575
0.001437753013
4.143276567e-10
-0.001416121718
7.292698711e-10
-0.001428823138
0.001472735666
-4.040282757e-09
0.001451218411
0.0004485979357
-0.00150873146
-8.864564578e-09
0.001546271683
-0.0004868927129
0.001498804613
-0.0004572340961
-5.13082064e-06
-1.260042427e-08
-2.658371911e-06
-0.001493813531
0.001527251687
3.407949232e-07
0.0004504097167
-0.0004937418942
-9.480864408e-09
0.001530991896
-1.381944244e-08
-0.0004928752784
0.0004184888926
0.001555001434
-3.760763552e-06
-0.0004365223358
-0.00155679707
-0.000396484725
0.001547469473
-5.012668903e-06
-0.0003594692233
-2.25199261e-05
-0.001411613396
-0.0004174009691
0.001478496049
-0.0004137458937
0.001549743151
-0.0004025943788
-0.001437863045
-0.000453380545
3.030366841e-06
0.001473128811
0.0004512789827
0.001437673321
-0.0004844752797
-0.001416124684
-1.455993909e-05
0.001404771509
-0.001351954872
-3.128142695e-06
0.0004531028641
0.001463990744
-0.0004970077603
-0.001428834623
0.001472602164
-0.0004914415724
0.001451462242
0.0004485874522
-0.001508708913
0.001546256261
-0.0004869007447
0.001498811205
-0.0004570725429
-5.144792234e-06
-2.648813297e-06
-0.001493817808
0.00152726256
3.756118601e-07
0.000450094738
-0.000493602588
0.001530994468
-0.0004928175011
0.0003492806943
0.001593180785
2.230184823e-06
-0.0003711818722
-1.238735694e-09
-2.760682996e-06
-0.0003517944877
-1.280138178e-06
-0.001588565209
-0.0003591483476
-0.001572169385
-0.000337155382
-3.091043404e-09
-1.781714679e-09
-0.0003573848891
-2.620154371e-09
-0.0003751851216
-1.217189405e-06
0.0004230609148
0.001613252321
0.00158272456
0.0004344118762
-4.310763662e-09
0.0004190498275
0.001613423138
4.413582313e-09
-0.00156203036
2.329033565e-06
0.001590495718
-3.172932158e-10
-4.074593796e-06
0.001559375496
-6.466145129e-09
0.001588688921
-6.911164434e-07
0.0003999475523
-0.001641653733
0.0003794206943
-3.306589586e-09
0.00166344261
0.0003977560297
-3.855032095e-11
0.001615900564
1.168153163e-06
1.15226611e-09
-7.074537958e-07
-0.001614619496
0.001636471911
-2.682808314e-09
0.001637231595
0.0003648697475
-0.001555662057
5.535711781e-06
0.001573514253
-0.000388259046
0.001544119562
-0.0003788250778
-6.849822907e-06
-0.0003672112588
0.001541109543
-1.457708494e-05
0.00152855034
-0.000411024022
0.001557685389
-0.0003993196844
0.00156296119
-0.0003960864022
0.0003492837102
0.001593181136
2.229660168e-06
-0.0003711814991
-0.001572152188
-0.0003371513707
0.00159002315
-2.764741826e-06
-0.0003518073276
-1.276479774e-06
-0.001588564956
-0.0003591437936
0.001610094114
-0.000357382715
0.001612133368
-0.0003751814416
0.001582720338
0.0004344157922
-1.222140305e-06
0.000423046362
0.0016132878
0.0004190344942
0.001613455203
-0.001562029158
2.325287776e-06
0.001590478991
-4.054948807e-06
0.001559368781
0.001588654024
-0.001641662129
0.0003794223716
0.001663440097
-6.921994913e-07
0.0003999705452
0.0003977740655
0.001615898819
1.173882318e-06
-7.03556571e-07
-0.001614617005
0.001636472571
0.00163723223
0.0002847247619
0.00165200632
5.008440034e-07
-0.0002956877587
-2.758708101e-09
-4.090089662e-07
-0.0002854526897
-4.754762852e-07
-0.001652009424
-0.0002709172963
-0.001628898566
-0.0002613419586
-3.455901945e-09
-3.592158657e-09
-0.0002707197712
-2.673249862e-09
-0.0002957055513
-1.537875508e-07
0.0003249037295
0.001692279484
0.001679360136
0.0003576807645
-1.96699609e-09
0.000324801339
0.001692404695
-1.140136995e-09
-0.001654310945
2.727122834e-07
0.001667815711
-1.711496012e-09
-4.368294597e-07
0.001653951926
-2.298549866e-09
0.001667568959
-1.321602612e-07
0.000304038882
-0.001687398956
0.0002818225401
-3.162567921e-09
0.001682353236
0.0003042098482
-2.354597475e-09
0.001676100575
2.411803813e-07
-3.946433872e-09
-2.158915139e-07
-0.001676143472
0.001686916103
-2.324942091e-09
0.00168698979
0.0002973269906
-0.001628398405
5.661919276e-07
0.001641532003
-0.000311028349
0.001604633522
-0.0003230792651
-3.83909948e-07
-0.0002984857909
0.00161746991
-8.153762958e-07
0.001627591711
-0.0003408095033
0.001617851627
-0.0003401619309
0.0016412352
-0.0003115631012
0.0002847186806
0.001652006807
4.987283941e-07
-0.0002956949605
-0.001628921933
-0.0002613949684
0.001638079867
-4.042848837e-07
-0.0002854382976
-4.794544369e-07
-0.001652022358
-0.0002709942597
0.001661063359
-0.000270781941
0.00166091166
-0.0002957267175
0.001679342428
0.0003576764559
-1.540686852e-07
0.0003249697252
0.001692172437
0.0003248607046
0.001692301597
-0.00165430978
2.75341975e-07
0.001667865077
-4.346763353e-07
0.001653957806
0.001667639773
-0.001687426737
0.0002817291602
0.001682379554
-1.256358042e-07
0.0003039874544
0.0003041623022
0.001676097683
2.307943677e-07
-2.059371574e-07
-0.001676131303
0.00168674711
0.001686836639
0.0002493733941
0.001672965766
3.625097998e-09
-0.001680089308
-0.0002284104072
1.826686275e-07
0.0016772093
-3.655805111e-09
-2.227339929e-07
0.001680202642
-1.401175159e-07
0.0002285286677
0.001668847381
-9.703322685e-11
0.001668871867
-4.422347038e-09
0.001677482436
0.001669803357
-0.0002195221375
3.085814874e-07
-7.279363763e-09
-2.621343036e-07
-0.001670208722
0.001663701432
-3.26440891e-07
0.0002200129918
-0.0001999205264
0.000204876329
-0.00164886293
-4.155506261e-09
-0.0001846242606
0.001628146251
-7.424072572e-09
0.001663305838
-3.988629154e-09
-0.0001998356493
0.000227870917
-0.001663517046
5.018144484e-07
-0.0002311119265
0.001646565051
-0.0002526847519
-1.731112193e-07
-0.0002292929292
-6.873235188e-07
0.001664449365
-0.0002560975089
-0.0002559822637
-0.0002314307785
0.0002494559754
0.001672979308
-0.0002401382331
-0.00168008903
-0.0002284230535
1.781002746e-07
0.001677218395
-2.21209155e-07
0.001680203216
-1.324652988e-07
0.0002285514259
0.001668774497
-0.0002240823303
0.001668821371
-0.0002244020103
0.001677501959
0.001669802726
-0.0002195131159
3.012591538e-07
0.0002047550697
-0.001648919166
-0.0001844793064
0.001628185999
-2.489382227e-07
-0.00167019473
0.001663632107
-3.262305744e-07
0.0002199881949
-0.0002000200646
0.001663293918
-0.0001999411424
0.0004410833696
0.001247881907
5.49558233e-07
-0.0004496685159
1.332421104e-09
-4.928575801e-06
-0.0003882713757
-1.677123883e-05
-0.001146994538
-0.0004645270742
-0.001276432171
-0.0004502411612
1.620623045e-09
1.011503011e-09
-0.0004666010854
1.888198746e-09
-0.0004095482662
-0.001182790423
-0.0004234757788
1.814348123e-05
0.00119104248
1.797108017e-09
-6.24160168e-06
0.0010770712
-1.953690709e-05
0.0003983490873
0.001093704021
0.0004081155645
0.001152177806
-1.487288002e-09
-6.796970073e-10
0.001149356699
1.44617524e-09
0.001129108003
0.0004900769801
-0.001158503403
2.388268002e-09
0.001173815165
-0.0005101793565
0.001185500566
-0.0004512299235
7.101815239e-06
1.507810998e-09
-5.545333954e-06
-0.001164400264
0.001193157663
-1.171660632e-05
0.0004377387096
-0.0004688428081
1.30868224e-09
0.001203429816
1.697027363e-09
-0.0004720949279
0.0004410844734
0.001247889969
5.509293464e-07
-0.0004496825454
-0.001276448845
-0.0004502176649
0.001278120163
-4.929250124e-06
-0.0003882731777
-1.677391696e-05
-0.001147009108
-0.0004645105538
0.001199434595
-0.0004665891597
0.001247489428
-0.0004095753529
-0.001182793148
-0.0004234674016
1.814265327e-05
0.001191049196
0.0004080971293
0.001152206323
-0.0004155714002
-6.237884812e-06
0.001077088677
-1.953612016e-05
0.0003983387837
0.001093710107
-0.0004219155529
0.001149343689
-0.0004401394344
0.001129128984
0.0004900861076
-0.001158447064
0.001173839962
-0.00051027094
0.001185509343
-0.0004512435731
7.102388797e-06
-5.547048986e-06
-0.001164420555
0.001193191844
-1.171795663e-05
0.0004377645337
-0.0004687913677
0.001203460552
-0.0004720632043
0.0005069850637
0.00133932488
-4.520534275e-07
-0.0005388640704
6.562290759e-09
4.858125284e-06
-0.0004995487807
0.0004522639211
-5.613054678e-07
-0.001338245262
-0.0005652225182
-0.001347884953
-0.0005239468383
7.338957481e-09
0.0004825171314
3.961257918e-09
0.0004848607111
-0.0005655269238
1.115244537e-08
-0.0005392122871
-1.510027769e-06
0.0005654577323
0.001244417484
0.001203320066
0.0005283561027
6.963221561e-10
0.0005630676676
0.001246140639
9.700343713e-10
-0.001234353975
1.871601269e-06
0.001278755058
2.442446965e-09
-3.999587276e-06
0.001228829071
1.360777232e-09
0.001276026051
-0.001299921625
0.0006092787847
1.135914908e-08
0.001358709536
-6.936775476e-07
0.0005903694813
0.0005896497149
4.012962838e-09
0.001328928903
6.039417268e-07
7.856993677e-09
-3.552379814e-07
-0.001327787183
0.001372696241
1.379263581e-08
0.001372311736
0.0004728773172
-0.00126609214
3.017885189e-06
0.001307019026
-0.0005168170348
0.001283164683
-0.0004651331586
-2.476231621e-06
-0.0004718610396
0.001303430355
-9.701891979e-06
0.001247741702
-0.0004996086968
0.001320891248
-0.0004934340885
0.001299080263
-0.000520181723
0.0005069778976
0.00133934011
-4.40970705e-07
-0.0005388514515
-0.001347900255
-0.0005239317539
0.001387533508
0.000482502311
4.851939588e-06
-0.0004995389228
0.0004522297147
-5.797379673e-07
-0.001338288092
-0.0005652225229
0.001381024113
0.0004848247914
-0.0005655314945
0.001380371262
-0.0005391877226
0.001203342538
0.0005283317894
-1.511928518e-06
0.0005654153852
0.001244457795
0.0005630238728
0.001246174968
-0.001234358618
1.873086109e-06
0.001278694808
-4.000994436e-06
0.001228846561
0.001275953308
-0.00129989646
0.0006093163528
0.001358737027
-6.980674716e-07
0.0005903965843
0.000589682793
0.001328921455
6.125478964e-07
-3.754601402e-07
-0.001327774717
0.001372753259
0.001372344644
-2.697264107e-07
-0.001531247372
-0.0005835217633
-0.0005319201159
-0.001520419815
-1.979744574e-08
-0.001530970819
-0.0005837413929
-7.417684597e-08
0.0005388121493
3.64848283e-07
-0.0005914419542
-3.520901522e-08
-3.938075598e-07
-0.0005398342461
-2.269098064e-08
-0.0005919001265
0.001412783709
0.0006323757549
1.278153946e-08
-2.225054327e-07
0.0006434915004
0.001466033364
0.0006433070749
0.001465090792
1.073626912e-08
-0.001423399174
3.976864449e-07
0.001478732336
1.730204388e-08
-4.214090311e-07
0.001424047426
1.786640569e-08
0.001479389588
-0.001509978339
0.0006387547873
-2.82967107e-08
-2.865879937e-08
0.0006458255233
0.0006458176607
1.781034612e-09
-2.24244503e-07
-0.001533454432
-0.001532966783
-7.22361975e-08
1.39450511e-07
1.811300801e-09
0.0005359706482
-0.001428015837
9.263064901e-07
0.001478733519
-0.0005876033475
0.001431843803
-0.0005319551402
-1.541826907e-06
-0.000538920546
0.0014736806
-1.268502177e-06
0.001428474091
-0.0005817225208
0.001474834146
-0.0005808541275
0.00147910775
-0.0005886278982
-0.0005319692943
-0.001520353788
-1.768746051e-08
-0.001531559932
-0.0005836261195
-0.00153088408
-0.0005836664804
0.0005387229502
3.871699712e-07
-0.0005912958902
-3.631139416e-07
-0.0005396346336
-0.0005916996472
0.001412809507
0.0006323685194
-2.599823414e-07
0.000643597639
0.001466090822
0.0006433437508
0.001465083544
-0.001423420362
4.656879051e-07
0.001478712386
-4.565375546e-07
0.001424134641
0.001479570072
-0.001510000237
0.0006387643277
-5.0036224e-08
0.0006459839619
0.0006457961676
-9.738335542e-08
-0.001534177143
-0.001532891715
3.227566797e-07
0.0001786351127
0.001397469995
3.251998839e-09
-0.0001372587287
-4.714833456e-09
-1.009679615e-07
-0.0001781338675
-6.629666052e-08
-0.0013974923
-0.0001086294751
-0.001572202955
-0.0001471049075
-3.520104078e-09
-4.524578487e-09
-0.0001085673294
-6.292710926e-10
-0.0001366777957
0.0009195329667
0.0001113506056
-4.056185532e-09
6.467685235e-08
9.287467698e-05
0.0008718081158
9.300686147e-05
0.0008720619756
-5.237286268e-09
9.414899101e-08
0.001255569048
0.001255882762
7.185405149e-11
-2.891327496e-08
0.001195450075
-3.93924485e-09
0.001195226982
-0.0008283877968
7.182943505e-05
2.607495007e-09
0.0007976719527
3.418814927e-08
8.471480478e-05
8.50232312e-05
-2.312222415e-09
0.00114324174
-2.31616199e-08
-4.010465023e-09
-3.542979657e-08
-0.001143240835
0.001106460722
1.198165629e-09
0.001106467241
-0.0002150293885
0.00161706995
2.183778428e-08
0.001486205212
-0.0001700840146
0.001486354499
-0.0001704097374
0.0002009252085
-1.199401203e-09
0.001438851105
-0.0001534266919
-5.209075134e-08
-0.0002003863216
0.001593580395
0.001593536121
0.001438958796
-0.000153141114
0.0001786218939
0.001397469271
-2.889802573e-09
-0.000137241887
-0.00157211359
-0.0001470604546
0.001534505467
-9.875869835e-08
-0.0001781120281
-6.606361452e-08
-0.001397488689
-0.0001086565131
0.001359022622
-0.0001085966644
0.001358938805
-0.0001366448069
0.0009195439237
0.0001113501748
8.422939502e-08
9.294382878e-05
0.0008716930553
9.307338584e-05
0.0008719725289
8.073269641e-08
0.001255524097
0.001255810968
-3.629332009e-08
0.001195490003
0.001195290521
-0.0008283991614
7.189626139e-05
0.0007976962824
3.543312693e-08
8.464569232e-05
8.497606512e-05
0.001143247232
-2.705083413e-08
-4.585518216e-08
-0.001143264357
0.001106514416
0.001106502174
7.972435036e-05
-8.010275178e-09
2.435960488e-09
-3.121006185e-09
-0.0001266135708
0.0001546868403
-7.617754574e-08
-0.0001013921126
-0.0001012368881
7.966900384e-05
1.361605129e-08
-3.377498985e-06
-0.001043347688
-0.0005696751837
-0.0005395048584
-0.001111366187
1.573497759e-09
-0.001055399882
-0.0005649632213
-1.934252461e-09
0.0004905982456
8.885893242e-06
-0.0004961867556
7.52627522e-10
-1.150218128e-05
-0.0004931536664
1.200445635e-09
-0.0005036562983
-0.0009955298962
-0.0004440348505
4.896747849e-06
0.001001954452
1.185170744e-09
-5.35055967e-06
0.0009807850642
-0.0009636579925
-3.844874461e-06
0.0004435663331
0.0009276494303
0.0004035861054
0.0009376696373
-1.198970708e-09
-0.0009609349824
1.477515305e-09
-0.001010643855
0.0009337932423
-9.967946247e-10
0.0009941815586
0.0005792542517
-0.0009401572701
3.504292794e-09
-0.0005821604629
-1.894181002e-06
-0.000994714513
-0.0009984138946
-1.237039446e-09
-0.0004963435132
3.695974618e-06
1.342674716e-09
-2.330633259e-06
0.0005004932769
-0.0005072772933
1.517572281e-09
-0.0005050396905
0.0004473338893
-0.001088416762
1.512153848e-05
0.001058672949
-0.0004327109668
0.001116669039
-0.000421265061
-1.947377328e-05
-0.0004353805114
0.001056562954
-6.43219059e-07
0.001009102218
-0.0003818710381
0.001104391003
-0.0004134105593
0.001023906474
-0.0004350632232
-0.0005394640346
-0.001111414602
-3.367472761e-06
-0.001043409965
-0.0005696172569
-0.001055457458
-0.0005648999905
0.0004905855294
8.883292883e-06
-0.0004962525744
-1.149992758e-05
-0.0004931226667
-0.0005037428623
-0.0009955440889
-0.0004440226377
4.8971799e-06
0.00100195977
0.0004035705336
0.0009377140669
-0.0003892939162
-0.0009609729013
-5.344822532e-06
0.0009808232063
-0.0009637272459
-3.838293612e-06
0.0004435471833
0.0009276760432
-0.000445297657
-0.001010727454
0.0009337995385
-0.0004439473942
0.0009942043527
0.000579299346
-0.0009401060025
-0.0005821281705
-1.890724553e-06
-0.0009947055566
-0.0009983725977
-0.0004963668527
3.70279445e-06
-2.336887478e-06
0.0005005412703
-0.0005072259108
-0.0005050086848
0.0002979110299
0.0009173189808
2.062812645e-06
-0.0002646189922
6.832880062e-10
-2.70986838e-06
-0.0002684915619
0.0002843954225
-1.300033168e-05
-0.0008524894113
-0.000294696383
-0.0009637257782
-0.0003247939411
-8.011375229e-10
0.0003479817856
2.148339868e-09
0.0003184839386
-0.0002909405015
-1.659820863e-09
-0.000243386743
-0.0009301959652
-0.0002025720099
1.366018495e-05
0.0008922991133
1.394378154e-10
-3.641495067e-06
0.0008564715161
-1.549993533e-05
0.000191161318
0.000831093456
0.0001823066749
0.0009206552614
2.222305612e-09
-2.127757838e-10
0.0008681677398
2.427640684e-10
0.0008532355478
0.0002638026314
-0.0008132594839
-4.611913295e-09
0.0007674681489
-0.0002219388211
0.0008505591785
-0.0002288353449
5.955916586e-06
3.709129759e-10
-4.875437107e-06
-0.0008373155763
0.0008112727411
-8.783795346e-06
0.0002215108639
-0.0001809860867
-9.050605854e-11
0.0008185459545
-1.302866303e-09
-0.0001827095901
0.0002979238383
0.0009173349
2.063399167e-06
-0.0002646634561
-0.0009636571961
-0.0003247289569
0.0009242198622
0.0003479556055
-2.720526405e-06
-0.0002685237338
0.0002844328415
-1.299320443e-05
-0.0008525080332
-0.0002946727476
0.0008413973046
0.0003184676606
-0.0002909354709
0.0008705465501
-0.0002434681734
-0.000930193422
-0.000202572467
1.366120945e-05
0.0008923315606
0.0001822189393
0.0009205684643
-0.0001508939343
-3.636857731e-06
0.0008564757989
-1.551265141e-05
0.0001911438718
0.0008309460912
-0.0001598000343
0.0008680715323
-0.0001655879506
0.0008532941695
0.0002637669432
-0.0008133206415
0.0007675484291
-0.000221904798
0.000850550766
-0.0002288370997
5.954803287e-06
-4.873032319e-06
-0.0008372945553
0.0008112304545
-8.782766154e-06
0.0002215137631
-0.0001811554922
0.0008185091097
-0.0001828702854
-0.0005703615433
-0.0008515535725
-6.324678533e-10
-7.264503404e-07
-0.0007732430598
-0.0005364860701
-0.0007752054709
-0.0005349412991
1.693204043e-09
0.0004928713439
1.292206549e-06
-0.000460497125
-3.773819876e-10
-1.677333414e-06
-0.000494995079
-1.222313363e-09
-0.000462713444
-1.295156435e-06
0.0003594602132
0.0006689797473
0.0007207383658
0.0003067337447
-4.384232618e-09
0.0003570660199
0.0006708740896
-4.519627814e-09
-0.0007833749647
1.733585077e-06
0.0007414175456
2.647907571e-09
-3.350957319e-06
0.0007788591026
2.000420924e-09
0.0007390336095
0.0004910309632
-0.0006195393138
1.23139298e-09
-5.170930651e-07
-0.0006929222261
-0.000693972522
2.96077645e-09
-7.139556358e-07
0.0004157028424
0.000413954458
-9.453593689e-10
8.992216886e-07
3.133416118e-09
0.0004251227732
-0.000839563046
2.863295441e-06
0.0008088773078
-0.0003973004439
0.0008876979459
-0.0003620209722
-3.460840188e-06
-0.0004282784078
0.0008596993246
-7.49850592e-06
0.000828617418
-0.0003451844835
0.0008654109182
-0.0003385364334
0.0008042477011
-0.0004010453921
-0.0005703514402
-0.0008515964244
-7.260770392e-07
-0.0007731768468
-0.0005365775305
-0.0007751666398
-0.0005350233577
0.0004928646791
1.293693852e-06
-0.0004604480798
-1.669265623e-06
-0.0004949737083
-0.0004626091592
0.00072079501
0.0003067473731
-1.261795465e-06
0.0003594008617
0.0006690695025
0.0003570219177
0.0006709640089
-0.0007833702141
1.736613431e-06
0.000741357719
-3.35183286e-06
0.0007788483784
0.0007389404569
0.0004910315313
-0.0006195515197
-5.300667313e-07
-0.000692962696
-0.0006940140837
-6.968948743e-07
0.0004157273005
0.000414005412
9.040990472e-07
-3.895249841e-06
-0.0007506990031
-0.0001124468215
-0.000173023347
-0.0007914536475
1.231842318e-09
-0.0007653354315
-0.0001118624158
-8.938133965e-11
0.0001474274627
9.617397391e-06
-0.0001003553636
1.542482102e-09
-9.491017133e-06
-0.0001467758038
2.498816149e-09
-0.0001005297833
-0.0008566940439
-4.586577923e-05
1.549794552e-05
0.0007978361884
1.126560501e-10
-3.357737132e-06
0.000791692092
-1.563757455e-05
4.468830996e-05
0.0007702660842
4.084296999e-05
0.0008654318768
-2.562885731e-10
-1.415495285e-09
0.0008039279629
6.631930911e-11
0.0007650100021
-3.884191362e-06
-0.0007263050488
5.964686673e-05
-0.0007419933549
1.83037097e-09
-0.000740349848
1.851052314e-09
-5.234836152e-05
9.479191556e-06
1.428342709e-10
-9.582751007e-06
5.234564371e-05
1.204835243e-09
0.00013074777
-0.000879457039
1.591367277e-05
0.0008220359881
-8.923883259e-05
0.0008869477439
-0.0001169709884
-1.579747374e-05
-0.0001268177483
0.0008013699638
-3.437800495e-06
0.0008113630428
-7.237648591e-05
0.0008363110391
-8.023090422e-05
0.0007873594166
-8.690045609e-05
-0.0001729953614
-0.0007913668991
-3.896018004e-06
-0.0007506154928
-0.0001125686677
-0.0007652682619
-0.0001119874489
0.0001474275461
9.626582549e-06
-0.0001002848662
-9.503896634e-06
-0.0001467816414
-0.0001004111409
-0.0008567127164
-4.586142546e-05
1.549413323e-05
0.0007978412828
4.076073546e-05
0.0008654224065
-3.343136504e-06
0.0007917461696
-1.56378202e-05
4.4672565e-05
0.00077025155
0.000803921023
0.0007650124069
5.966775428e-05
-0.0007419921893
-3.882141234e-06
-0.0007263945647
-0.0007404291901
-5.234340046e-05
9.470763825e-06
-9.583070755e-06
5.232253777e-05
-2.469802485e-05
-0.001280659345
3.514890134e-06
0.0004092168041
0.0004576954635
-0.001409719525
4.578350466e-09
-0.001424996696
4.12992713e-09
0.0004683670634
3.528778632e-09
5.080102373e-06
3.795489859e-09
0.0004576801952
-0.001409726561
-2.47091098e-05
-0.001280700676
3.506081496e-06
0.0004092108413
-0.001425020399
0.0004683641585
5.087591575e-06
-5.688037226e-07
0.0001683457911
3.336211744e-09
-2.174985176e-09
0.0001684286157
-5.867082329e-07
-1.567393686e-05
-0.0009374703342
-3.611545475e-06
0.0002971939392
0.0003613033139
-0.0009911030027
-1.936922154e-09
-0.001022888277
8.764739396e-11
0.0003335253149
1.037225122e-09
4.748301347e-06
1.223056576e-09
0.0003613097485
-0.0009911632092
-1.566055062e-05
-0.0009374533591
-3.593356255e-06
0.0002972042597
-0.001022882688
0.0003334943924
4.735771317e-06
2.715771674e-06
-6.159862371e-09
5.413323765e-05
-4.916294907e-05
5.230208971e-07
-1.407870289e-08
2.609374757e-05
-2.388691798e-05
-1.631629893e-08
7.190035189e-06
-6.650697113e-06
2.715127008e-06
5.413228488e-05
-4.916196857e-05
-6.592925751e-09
5.228012347e-07
2.609305922e-05
-2.388641411e-05
-1.431884182e-08
7.189764843e-06
-6.650530807e-06
-1.643239464e-08
-6.202990541e-07
-3.295963093e-06
2.451823675e-06
-1.509213449e-07
-1.583102724e-07
-1.587654457e-06
1.24409074e-06
-1.184277639e-07
-4.332236577e-07
3.660023451e-07
-9.109230533e-08
-6.231464701e-07
2.445850416e-06
-1.525176951e-07
-3.291674784e-06
-1.591575929e-07
1.240818581e-06
-1.192351113e-07
-1.58557358e-06
3.649520755e-07
-9.148472565e-08
-4.326242026e-07
-1.30889392e-06
1.232882717e-07
3.925844084e-05
-3.83565968e-10
-4.175578201e-05
-1.714172683e-07
9.191286897e-08
1.821575093e-05
-2.022147801e-10
-1.944493859e-05
7.463275832e-08
4.889472942e-06
-9.480973165e-11
-5.135424562e-06
-1.662187433e-06
3.925705248e-05
-4.175229892e-05
-3.294107263e-07
1.820971371e-05
-1.945057779e-05
4.885811248e-06
-5.140587096e-06
-3.150638685e-06
-1.867528397e-05
1.287695709e-07
1.307402698e-05
-3.678822444e-10
-5.911870504e-07
-8.374928412e-06
9.951513357e-08
5.716152578e-06
-1.92612222e-10
-2.114174369e-06
7.833717788e-08
1.444741796e-06
-8.93829383e-11
-5.369882384e-06
-8.632098582e-08
1.864196792e-05
-2.708548167e-05
-1.250632696e-06
-8.396937484e-08
8.360741951e-06
-1.239601994e-05
-7.59265463e-08
2.110727559e-06
-3.285435472e-06
-5.048286261e-06
-2.710141488e-05
-4.150029256e-10
-1.099474891e-06
-1.24074928e-05
-2.185677814e-10
-3.289473822e-06
-1.021403595e-10
-3.52135531e-06
1.302985635e-05
-7.529208148e-07
5.691821447e-06
1.436145113e-06
2.783371593e-06
1.422348975e-10
5.399578876e-05
-4.901097456e-05
5.57625089e-07
1.159936018e-10
2.601116934e-05
-2.37996173e-05
5.616255899e-11
7.15889306e-06
-6.617640344e-06
-3.29482917e-07
-6.840602706e-08
-3.741197762e-06
-9.224687444e-08
-5.468585754e-08
-1.770199946e-06
-4.532364029e-08
-4.80148526e-07
-1.463496978e-07
3.286290048e-06
3.488543567e-10
-3.762130341e-06
-5.092730652e-09
1.582778575e-06
1.927662998e-10
-1.778912551e-06
4.321263582e-07
9.599045871e-11
-4.826383074e-07
4.523018786e-06
-1.133682444e-07
-1.701599729e-05
7.858884012e-11
2.452723348e-05
9.490618598e-07
-8.774215418e-08
-8.367724126e-06
4.132041757e-11
1.202938284e-05
-7.072877893e-08
-2.353100638e-06
1.92542586e-11
3.372871255e-06
4.862410397e-06
-1.707703189e-05
2.461820835e-05
1.097851407e-06
-8.40198205e-06
1.207879938e-05
-2.364052242e-06
3.391174083e-06
-2.134186619e-07
5.705365995e-06
-1.606442687e-07
-9.636569397e-08
2.707861397e-06
-1.232740288e-07
7.380054661e-07
-9.16494078e-08
-5.720144818e-07
-7.716697686e-08
5.36319142e-05
-1.626706674e-07
-5.319694369e-08
2.573691437e-05
-3.885044074e-08
7.065944419e-06
-3.039117616e-07
5.360433866e-05
-5.399487511e-05
-1.047361799e-10
-6.1054298e-08
2.571458764e-05
-2.601058969e-05
-5.281025223e-11
7.05878418e-06
-7.158663366e-06
-2.588176948e-11
-1.184974633e-06
-1.827025502e-08
5.231248005e-05
-3.258223195e-07
-4.803365083e-08
2.492579674e-05
-5.536538877e-08
6.795486588e-06
-1.011026004e-06
-2.365590822e-10
5.224179373e-05
-2.274829284e-07
-1.49731498e-10
2.488315971e-05
-8.716730171e-11
6.776023428e-06
-3.847387954e-06
3.292047289e-05
6.106004707e-08
-3.788671145e-10
-8.654534923e-07
1.516534335e-05
6.86702741e-08
-1.974926547e-10
3.956785327e-06
6.732842007e-08
-9.156309889e-11
-3.642806106e-06
-1.473109593e-07
-3.290797589e-05
-7.609873248e-07
-1.126997084e-07
-1.516513972e-05
-8.783331078e-08
-3.958590997e-06
-3.224932918e-06
-3.949455013e-10
-5.795747127e-07
-2.088945934e-10
-9.719574776e-11
-4.107794075e-06
-9.945483171e-07
-1.308653276e-06
1.226561779e-07
3.925809604e-05
-4.175510139e-05
-1.713637572e-07
9.157089703e-08
1.821559442e-05
-1.944465748e-05
7.446538001e-08
4.889434957e-06
-5.1353567e-06
-1.66106597e-06
3.925618771e-05
-4.175043143e-05
-3.290947202e-07
1.820930821e-05
-1.9449707e-05
4.885713959e-06
-5.140342667e-06
-3.847219788e-06
3.292031708e-05
6.041084342e-08
-8.654194554e-07
1.516527356e-05
6.832089314e-08
3.956766543e-06
6.715901801e-08
-3.642227165e-06
-1.465985964e-07
-3.290760182e-05
2.708521994e-05
-7.608100994e-07
-1.123200374e-07
-1.516498633e-05
1.239588759e-05
-8.76512761e-08
-3.958553814e-06
3.285394405e-06
-3.224900161e-06
2.710127836e-05
-5.795725491e-07
1.240741336e-05
3.289445973e-06
-4.106964361e-06
-9.943189243e-07
-2.868702365e-06
7.837046434e-08
-3.466391144e-10
7.911526039e-06
-5.90698941e-07
6.916275873e-08
-1.752620736e-10
3.369160367e-06
6.004007749e-08
-8.086507521e-11
7.940856368e-07
-3.111846688e-06
7.881785274e-06
-7.059574184e-07
3.355096354e-06
7.902280797e-07
-3.150510592e-06
-1.867523918e-05
1.281382299e-07
1.307404788e-05
-5.911548403e-07
-8.374897744e-06
9.917608435e-08
5.716171948e-06
-2.114162023e-06
7.817327301e-08
1.444747045e-06
-5.36915111e-06
-8.559881539e-08
1.864194855e-05
-1.250411602e-06
-8.358296726e-08
8.360728623e-06
-7.574087613e-08
2.110724677e-06
-5.048155166e-06
-1.099440988e-06
-3.520719287e-06
1.302998114e-05
-7.527241102e-07
5.691911372e-06
1.436174763e-06
-2.868643557e-06
7.778353321e-08
7.911558425e-06
-5.90684421e-07
6.885699027e-08
3.3691783e-06
5.989320719e-08
7.940920381e-07
-3.11144463e-06
7.881841877e-06
-7.058156169e-07
3.355142328e-06
7.902522919e-07
-2.793424498e-06
3.33738525e-06
-2.071840423e-07
-6.008418093e-07
1.321145566e-06
-1.585862486e-07
3.059613554e-07
-1.1654807e-07
-5.87061366e-07
-8.316825212e-08
1.586843848e-06
-1.54788199e-07
-6.357664904e-08
8.753947365e-07
-5.087682997e-08
2.620888862e-07
-3.550393908e-07
-4.358278567e-10
-2.429162631e-06
1.566693958e-06
-5.144367332e-08
-2.482662382e-10
-1.230730401e-06
8.63804527e-07
-1.249169114e-10
-3.605593303e-07
2.583616024e-07
-1.616393077e-06
-1.58765146e-06
-8.918068157e-07
-1.789709514e-07
-3.688264985e-07
-8.756717915e-07
-2.315622587e-07
-1.403341922e-07
-2.621581213e-07
-2.663307216e-09
-1.040026137e-07
-5.812555456e-07
-8.171361305e-08
-1.532927118e-07
-6.28173746e-08
-5.050038189e-08
-3.540615191e-07
-2.427142349e-06
1.566956842e-06
-5.127652453e-08
-1.229692805e-06
8.638399862e-07
-3.602511946e-07
2.583497495e-07
3.023425347e-06
-3.493569405e-08
4.52897023e-05
-4.002917713e-05
1.494335293e-10
5.925935462e-07
-3.792327671e-08
2.203390898e-05
-1.95652282e-05
7.250922214e-11
-3.199728902e-08
6.102136603e-06
-5.477570528e-06
2.286282976e-11
2.432600301e-06
8.465769151e-08
-4.531241567e-05
5.635698671e-07
4.400697094e-08
-2.206139168e-05
2.454062914e-08
-6.111501314e-06
2.212633131e-06
4.900999053e-05
-8.084719195e-11
-4.528898899e-05
4.909728594e-07
2.37991075e-05
-4.333643996e-11
-2.20333972e-05
6.617459065e-06
-2.007759283e-11
-6.101925774e-06
2.783264171e-06
5.575805568e-07
-2.140015388e-07
1.292088641e-10
1.955331882e-08
6.598519794e-11
2.916251672e-11
-2.133148463e-07
-3.284851656e-06
1.982209998e-08
-1.582000294e-06
-4.318846079e-07
5.105598246e-06
-8.795526548e-06
-1.097679301e-07
1.554812876e-10
1.097680633e-06
-4.265343283e-06
-9.454470239e-08
8.232599551e-11
-1.175324648e-06
-8.013435016e-08
3.836736146e-11
5.67636039e-06
1.420723496e-07
8.833491488e-06
1.275379955e-06
1.154615186e-07
4.287365674e-06
9.310531504e-08
1.182790108e-06
5.229936457e-06
2.184808527e-10
1.081764867e-06
1.184792801e-10
5.611719641e-11
5.470557412e-06
1.261396336e-06
4.523097421e-06
-1.131694964e-07
-1.701568485e-05
2.452685035e-05
9.490960406e-07
-8.763704909e-08
-8.367564817e-06
1.202924615e-05
-7.067771458e-08
-2.353055395e-06
3.372847083e-06
4.862258733e-06
-1.707621305e-05
2.461724369e-05
1.097810118e-06
-8.401557932e-06
1.207836927e-05
-2.363929504e-06
3.391061847e-06
5.105546812e-06
-8.795330406e-06
-1.094307012e-07
1.097675637e-06
-4.265247225e-06
-9.436132819e-08
-1.17529711e-06
-8.004481119e-08
5.675645161e-06
1.415886935e-07
8.832946096e-06
1.27517933e-06
1.152017769e-07
4.287093546e-06
9.297992641e-08
1.182709093e-06
5.22985717e-06
1.081752751e-06
5.470092453e-06
1.261265185e-06
-2.137229377e-07
5.70757467e-06
-1.612584232e-07
-9.651724344e-08
2.708659786e-06
-1.235947194e-07
7.381967329e-07
-9.179884224e-08
-2.111185787e-06
-5.231468119e-05
4.965945058e-05
-1.117868017e-07
-5.203235477e-07
-2.492706316e-05
2.341816711e-05
-8.196663521e-08
-6.795911838e-06
6.340507912e-06
-6.491986739e-08
-1.183852906e-06
-5.363348411e-05
-1.765190763e-08
-3.254966048e-07
-2.573772509e-05
-4.76961872e-08
-7.066209116e-06
-5.519905283e-08
-2.111578485e-06
4.965574505e-05
-1.117147498e-07
-5.203770065e-07
2.341655097e-05
-8.195710119e-08
6.340030346e-06
-6.492035457e-08
-5.335652574e-06
-4.740381246e-08
-1.287143892e-06
-8.091755964e-08
-8.72244213e-08
-5.334532753e-06
-4.727205476e-08
-1.286865133e-06
-8.082315717e-08
-8.717847314e-08
-2.792734066e-06
3.338322727e-06
-2.076997675e-07
-6.006894389e-07
1.321952718e-06
-1.588985639e-07
3.062350167e-07
-1.16698361e-07
-1.505099166e-06
8.941518872e-07
-6.977150539e-08
-3.550933903e-07
2.327747568e-07
-6.082497255e-08
3.04060171e-09
-5.18978857e-08
-1.50510911e-06
-6.907672579e-08
-3.550399821e-07
-6.048449399e-08
-5.17399558e-08
3.102591609e-06
-4.015647191e-05
4.531348307e-05
6.383989231e-07
-1.963574391e-05
2.206201245e-05
-5.505324861e-06
6.111726201e-06
3.634235246e-06
-3.448483445e-05
1.047097092e-07
8.348682328e-07
-1.690669785e-05
7.031938638e-08
-4.72130644e-06
5.084939898e-08
3.102369684e-06
-4.015551377e-05
3.486370093e-08
6.383274862e-07
-1.963523229e-05
3.788115372e-08
-5.505154105e-06
3.197954553e-08
3.634049602e-06
-3.448356001e-05
1.045493801e-07
8.348109279e-07
-1.690625066e-05
7.025646973e-08
-4.721169509e-06
5.082584987e-08
-9.971029431e-07
-5.028269345e-06
-1.612862723e-07
-2.579596228e-07
-2.382855974e-06
-1.264922049e-07
-6.438668352e-07
-9.423829994e-08
-5.184083361e-07
-6.570877361e-08
-1.392282013e-07
-5.416944766e-08
-4.509061779e-08
-5.181698249e-07
5.030590594e-06
-6.604987232e-08
-1.391608327e-07
2.384016964e-06
-5.435999069e-08
6.442182248e-07
-4.518206775e-08
6.34434289e-06
1.028109996e-07
1.41595772e-06
1.004848328e-07
8.582563106e-08
6.344327361e-06
1.02856555e-07
1.415943969e-06
1.005002189e-07
8.583534373e-08
-5.718750773e-07
-7.717139598e-08
-1.6266839e-07
-5.318507417e-08
-3.884269118e-08
2.432515219e-06
8.478443502e-08
5.635401325e-07
4.406928559e-08
2.456896597e-08
-3.036534895e-07
5.36053049e-05
-6.097493624e-08
2.571525167e-05
7.059049563e-06
2.212636742e-06
4.909548912e-07
-1.619071621e-06
-1.806452354e-07
-3.695975766e-07
-1.413031442e-07
-1.04469575e-07
-1.124605584e-06
-9.08553494e-07
-8.940076405e-10
-1.604935253e-07
-2.41118172e-07
-4.912356842e-10
-6.370922537e-09
-2.284411462e-10
2.373443642e-07
5.725771536e-06
2.866710777e-10
9.249487644e-08
2.715823489e-06
1.56315033e-10
7.404334479e-07
7.095598012e-11
-1.752550823e-06
-5.224314646e-05
2.7581134e-11
4.966502655e-05
-3.694135269e-07
-2.488397576e-05
1.900083673e-11
2.341885188e-05
-6.776311876e-06
1.989665649e-11
6.341958598e-06
-1.010880369e-06
-2.274515317e-07
-1.752676508e-06
4.966385239e-05
-3.694844544e-07
2.341802854e-05
6.341638283e-06
-5.012442001e-06
-2.128154651e-10
-1.119344583e-06
-1.028027623e-10
-3.569016833e-11
-5.011511195e-06
-1.119067572e-06
-2.22443584e-06
-4.899914647e-10
3.388685484e-06
-3.623418996e-07
-2.617119511e-10
1.348432861e-06
-1.169856289e-10
3.151650947e-07
-2.224613978e-06
3.387836776e-06
-3.623494671e-07
1.348065554e-06
3.15077943e-07
-1.303637401e-06
-3.293009001e-10
-2.569763119e-07
-1.678661784e-10
-7.81493534e-11
-1.303730581e-06
9.077854777e-07
-2.570203217e-07
2.407065176e-07
6.239773952e-09
-1.124078792e-06
-1.603584109e-07
3.341958816e-06
6.605859272e-11
-3.443289939e-05
7.171940337e-07
3.218231498e-11
-1.687017759e-05
6.444655722e-12
-4.709533927e-06
3.023132321e-06
-4.0028398e-05
5.924968691e-07
-1.956480888e-05
-5.477426762e-06
3.341778594e-06
-3.443278105e-05
7.171951088e-07
-1.686993825e-05
-4.709399464e-06
-3.344734746e-07
-6.945425443e-08
-3.744496575e-06
-9.340964723e-08
-5.525565786e-08
-1.771379059e-06
-4.561603764e-08
-4.804175628e-07
-1.473789608e-07
-3.762756501e-06
-5.289086102e-09
-1.779156657e-06
-4.826939964e-07
-9.986773013e-07
-1.631299798e-07
-2.58524596e-07
-1.275133474e-07
-9.472629476e-08
-5.393955649e-07
-8.115354687e-10
-5.022852471e-06
-6.564398389e-08
-4.511592765e-10
-2.379972498e-06
-2.106739399e-10
-6.428502223e-07
-5.394313234e-07
-5.02212986e-06
-6.566420627e-08
-2.379623956e-06
-6.427523041e-07
-3.344326118e-07
2.698235302e-10
-5.253304724e-08
1.323850488e-10
5.779738371e-11
-3.343807217e-07
-5.726197777e-06
-5.25314108e-08
-2.716051724e-06
-7.405060274e-07
5.991150976e-06
5.361962676e-11
1.250828684e-06
1.102465684e-11
-9.299444005e-12
5.99090731e-06
1.250726348e-06
2.37364373e-07
9.250529599e-08
)
;

boundaryField
{
    inlet
    {
        type            calculated;
        value           nonuniform List<scalar> 
25
(
-0.0196589296
-0.0199905636
-0.0199880267
-0.0199856842
-0.0199882318
-0.0200207991
-0.0200227905
-0.020025015
-0.0200275025
-0.0200302864
-0.020033433
-0.0200374544
-0.020044424
-0.0200527446
-0.0200518451
-0.0200422766
-0.0200000007
-0.0200000005
-0.0200000001
-0.01999999966
-0.01999999919
-0.01999999872
-0.01999999828
-0.01999999796
-0.01999999779
)
;
    }
    outlet
    {
        type            calculated;
        value           nonuniform 0();
    }
    topAndBottom
    {
        type            symmetry;
        value           uniform 0;
    }
    frontAndBack
    {
        type            empty;
        value           nonuniform 0();
    }
    cylinder
    {
        type            calculated;
        value           uniform 0;
    }
    procBoundary0to1
    {
        type            processor;
        value           nonuniform List<scalar> 
116
(
0.02130372383
0.02131625827
0.02134139898
0.02137960117
0.02143151031
0.02149802005
0.02158030263
0.02167990832
0.02179883173
0.02193950591
0.02210504105
0.02229946041
0.02252778862
0.02279658951
0.02311409419
0.02349255264
0.02394819721
0.02451775391
0.0251430606
0.0006703996555
0.006497999335
0.006570815923
0.006496360061
0.006570017222
0.0006705552452
0.006685972729
-0.0001576130682
-0.0001596207387
0.0004774017973
0.000477449493
-0.000110074667
-3.125682573e-05
-0.0001099073647
-1.883306144e-05
-3.090693885e-05
-1.890354067e-05
2.907103863e-07
-5.144316244e-07
-4.643787754e-05
-4.555529456e-05
1.261209594e-06
9.720890001e-07
-0.0001100851512
-3.126342484e-05
-0.0001099960933
-1.895992472e-05
-3.092733239e-05
-1.893904904e-05
-4.645424201e-05
-4.560050519e-05
1.261200753e-06
9.719450876e-07
2.906291867e-07
-5.144943592e-07
0.0007677479509
0.001506535544
0.0007676974367
0.0004775220648
3.513899469e-05
0.0002557828216
3.515632644e-05
0.0002557727326
1.925201269e-05
1.929715637e-05
0.0001066872064
0.0001066435882
0.0004775981559
3.514531913e-05
0.000255784809
3.51768904e-05
0.0002557743743
1.93011235e-05
1.931745915e-05
0.0001066860066
0.0001066178299
0.001614915394
0.006685881502
-0.0001576751552
-0.0001597103802
0.001614926994
-0.0001230405322
0.001333470761
-0.0001232033797
0.00148297627
0.0001470356196
0.001333624878
0.001482549472
-5.321496104e-12
0.0001463692748
0.0007674688804
0.001084969484
0.001084236396
0.001333487609
0.001506184793
0.001333654764
0.0007674339364
0.001084944785
0.001084179471
0.001657245545
0.001613765889
0.001656255668
0.001613759691
0.001657263699
0.001656301091
-5.622035107e-06
-2.701642118e-06
-7.427232649e-07
-5.623234655e-06
-2.702272423e-06
-7.429190703e-07
-5.609595616e-06
-2.694403558e-06
-7.396602761e-07
-5.610015868e-06
-2.694628071e-06
-7.397293794e-07
)
;
    }
    procBoundary0to2
    {
        type            processor;
        value           nonuniform List<scalar> 
75
(
2.914701904e-06
2.842061598e-06
2.861906477e-06
2.851587929e-06
2.834550741e-06
2.812652262e-06
2.784688539e-06
2.749677713e-06
2.705863056e-06
2.650583318e-06
2.580514607e-06
2.491633722e-06
2.378191696e-06
2.23077916e-06
2.032460251e-06
1.332726295e-06
-5.626593845e-06
-2.848102804e-05
-7.27625404e-06
-6.776347558e-08
-2.35588847e-09
-9.15294504e-11
-3.89088692e-08
-3.828312393e-08
-2.417189239e-08
2.04647041e-09
-2.340401125e-08
-3.873476696e-08
-4.137363807e-08
-4.15544409e-08
-3.850373818e-08
-4.088144471e-08
-4.141742161e-08
1.393550268e-09
1.733633501e-09
3.961316796e-09
-3.752303552e-09
7.980168332e-10
-3.274979123e-09
-2.402284015e-08
-1.140536572e-08
-1.112119698e-08
1.632496995e-09
-2.39115257e-09
-2.700851319e-09
-2.370452485e-08
-1.038765201e-08
-1.069163581e-08
-1.08946137e-08
-7.306147337e-08
4.092998456e-09
-9.583423286e-10
-1.462686005e-09
4.86790694e-10
2.443058688e-09
8.916211042e-10
2.284066658e-09
8.466114047e-10
2.73855853e-09
2.197483437e-09
3.483259557e-09
4.057337022e-09
3.562387869e-09
-3.772871714e-09
-1.84627933e-09
-5.154429591e-10
-3.739434876e-09
-1.829442273e-09
-5.107102025e-10
-3.737697087e-09
-1.828804257e-09
-5.10245154e-10
-3.727230228e-09
-1.822855787e-09
-5.086692102e-10
)
;
    }
}


// ************************************************************************* //
