/*--------------------------------*- C++ -*----------------------------------*\
| =========                 |                                                 |
| \\      /  F ield         | OpenFOAM: The Open Source CFD Toolbox           |
|  \\    /   O peration     | Version:                                        |
|   \\  /    A nd           | Website:  www.openfoam.com                      |
|    \\/     M anipulation  |                                                 |
\*---------------------------------------------------------------------------*/
FoamFile
{
    version     2.0;
    format      ascii;
    class       surfaceScalarField;
    location    "9.9";
    object      phi;
}
// * * * * * * * * * * * * * * * * * * * * * * * * * * * * * * * * * * * * * //

dimensions      [0 3 -1 0 0 0 0];
oriented        oriented;


internalField   nonuniform List<scalar> 
6016
(
0.01968213392
-2.320432479e-05
0.01971230645
-3.017253445e-05
0.01974971712
-3.741067299e-05
0.01979468888
-4.497176124e-05
0.01984758305
-5.28941757e-05
0.01990875152
-6.116846657e-05
0.01997840622
-6.965470368e-05
0.02005602542
-7.761920397e-05
0.02013732063
-8.129520371e-05
0.02020361056
-6.628993363e-05
0.02025292399
-4.931343165e-05
0.02031192594
-5.900194509e-05
0.02037899929
-6.707334954e-05
0.02045210054
-7.310125656e-05
0.02053068878
-7.858823482e-05
0.02061438856
-8.369978784e-05
0.02070271057
-8.832200753e-05
0.02079502233
-9.231176407e-05
0.02089054077
-9.551844667e-05
0.02098833354
-9.779277028e-05
0.02108732777
-9.899422959e-05
0.02118632665
-9.899887971e-05
0.02128398382
-9.765717049e-05
0.02137852268
-9.453885742e-05
0.02146830969
-8.978701558e-05
0.02155384522
-8.553552807e-05
-7.993662034e-05
0.01999233233
-2.497306157e-05
0.019999044
-3.688421216e-05
0.02001066298
-4.902966066e-05
0.02002713713
-6.144592021e-05
0.02004835125
-7.410829889e-05
0.02007403655
-8.68537652e-05
0.02010358055
-9.919870637e-05
0.02013582373
-0.0001098623815
0.02017003553
-0.0001155069971
0.02021289837
-0.0001091527708
0.02026448171
-0.0001008967741
0.02031424828
-0.0001087685144
0.02037921293
-0.0001320380073
0.02045225492
-0.0001461432504
0.02053112316
-0.0001574564756
0.0206152432
-0.0001678198307
0.02070412616
-0.0001772049766
0.02079714604
-0.0001853316411
0.02089352095
-0.0001918933579
0.02099231144
-0.0001965832613
0.02109242979
-0.0001991125871
0.02119265525
-0.000199224339
0.02129161466
-0.0001966165845
0.02138752394
-0.0001904481309
0.02147871973
-0.0001809828052
0.02156558459
-0.0001724003756
-0.0001611526959
0.0199893257
-2.627207117e-05
0.01999540469
-4.296320426e-05
0.02000619927
-5.982424338e-05
0.02002162765
-7.687430747e-05
0.02004155498
-9.403563563e-05
0.02006574628
-0.0001110450612
0.02009385032
-0.0001273027462
0.02012562545
-0.0001416375175
0.02016231735
-0.0001521988941
0.02020970803
-0.0001565434428
0.02026609613
-0.000157284882
0.02031722892
-0.0001599013044
0.02037945822
-0.0001942673033
0.02045209709
-0.0002187821317
0.02053151602
-0.0002368754065
0.02061653798
-0.0002528417931
0.02070661321
-0.0002672802048
0.02080112649
-0.0002798449268
0.02089929476
-0.0002900616321
0.021000162
-0.000297450502
0.02110260701
-0.0003015575902
0.0212053596
-0.0003019769282
0.02130698349
-0.0002982404841
0.02140563863
-0.0002891032656
0.02149963335
-0.0002749775252
0.02158912607
-0.0002618930958
-0.0002448117118
0.01998657045
-2.715832179e-05
0.01999207949
-4.84722552e-05
0.02000214812
-6.989287724e-05
0.0200167173
-9.144348571e-05
0.02003572129
-0.0001130396371
0.02005909833
-0.0001344220978
0.02008688219
-0.0001550866046
0.02011949956
-0.0001742548875
0.02015837537
-0.0001910747103
0.02020692461
-0.0002050926799
0.02026939952
-0.0002197597897
0.02033586923
-0.0002263710192
0.02038695936
-0.000245357439
0.02045279494
-0.0002846177091
0.02053166129
-0.0003157417602
0.02061793536
-0.0003391158667
0.02070982598
-0.0003591708257
0.02080662333
-0.0003766422769
0.02090754182
-0.0003909801257
0.02101159984
-0.0004015085142
0.02111762548
-0.0004075832321
0.02122427104
-0.0004086224934
0.02133000169
-0.0004039711356
0.02143287879
-0.0003919803689
0.02153112163
-0.0003732203614
0.02162462621
-0.0003553976703
-0.0003321923191
0.01998415459
-2.308112024e-05
0.01998916551
-5.348317667e-05
0.01999860432
-7.933168723e-05
0.02001246319
-0.0001053023612
0.02003077849
-0.0001313549401
0.02005366203
-0.0001573056449
0.02008139948
-0.0001828240476
0.02011462361
-0.0002074790259
0.02015446519
-0.000230916289
0.02020255383
-0.0002531813172
0.02026167376
-0.0002788797241
0.0203388805
-0.0003035777627
0.02040861791
-0.0003150948508
0.02046154399
-0.0003375437885
0.02053229343
-0.0003864911964
0.02061898404
-0.0004258064798
0.02071322639
-0.0004534131807
0.02081311259
-0.0004765284755
0.02091777277
-0.0004956403069
0.02102619315
-0.0005099288874
0.02113713297
-0.0005185230568
0.021249138
-0.0005206275256
0.02136053279
-0.0005153659264
0.02146923193
-0.0005006795083
0.02157331054
-0.0004772989743
0.0216723353
-0.0004544224139
-0.0004246790073
0.02000291725
-5.199268264e-06
0.01998668742
-3.725335086e-05
0.01999554619
-8.819046823e-05
0.02000875664
-0.0001185128112
0.02002644291
-0.0001490412091
0.02004884092
-0.0001797036636
0.020076361
-0.0002103441316
0.02010965876
-0.0002407767882
0.02014963707
-0.0002708945986
0.0201972646
-0.0003008088541
0.02025279085
-0.0003344059754
0.02032064883
-0.0003714357411
0.02040754805
-0.0004019940735
0.02048356376
-0.0004135594981
0.02053569871
-0.0004386261422
0.0206193931
-0.000509500867
0.02071608085
-0.0005501009314
0.02081982169
-0.0005802693139
0.0209292559
-0.0006050745213
0.02104329077
-0.0006239637626
0.02116059563
-0.0006358279134
0.02127957385
-0.0006396057467
0.02139836069
-0.0006341527714
0.02151466505
-0.0006169838684
0.0216263542
-0.0005889881224
0.02173258184
-0.0005606500493
-0.0005238087067
0.02002470811
-7.116882679e-06
0.02002494939
-3.749462776e-05
0.02000503858
-6.827966828e-05
0.02000542509
-0.0001188993243
0.02002238635
-0.0001660024656
0.02004411044
-0.0002014277617
0.02007105794
-0.0002372916298
0.02010387287
-0.0002735917263
0.02014333366
-0.0003103553865
0.02019023674
-0.0003477119404
0.02024457467
-0.0003887439077
0.02030669664
-0.0004335577111
0.02038103842
-0.0004763358533
0.02046685649
-0.0004993775759
0.0205365131
-0.0005082827425
0.02061880961
-0.0005917973809
0.02071788225
-0.0006491735674
0.02082583836
-0.000688225429
0.02094102408
-0.0007202602443
0.02106199721
-0.0007449368859
0.02118725413
-0.0007610848367
0.02131501123
-0.0007673628536
0.02144314958
-0.0007622911227
0.02156909591
-0.000742930194
0.02169042812
-0.0007103203417
0.0218057778
-0.0006759997225
-0.0006313261629
0.02002681467
-8.916553233e-06
0.02003206256
-4.274251707e-05
0.02004089502
-7.711213074e-05
0.02003460806
-0.000112612374
0.02001831197
-0.0001497063749
0.02003903981
-0.0002221556081
0.02006497571
-0.0002632275356
0.02009675205
-0.0003053680696
0.02013510096
-0.0003487042962
0.0201807862
-0.0003933971833
0.02023401438
-0.0004419720925
0.02029497801
-0.000494521339
0.02036656393
-0.0005479217824
0.0204617033
-0.0005945169375
0.02056656123
-0.0006131406739
0.02063153452
-0.0006567706725
0.02072285177
-0.000740490818
0.02083115671
-0.0007965303718
0.02095196721
-0.000841070743
0.02108120974
-0.0008741794229
0.0212161869
-0.0008960619976
0.02135477387
-0.0009059498235
0.02149452017
-0.0009020374226
0.02163247176
-0.0008808817917
0.0217658101
-0.0008436586767
0.02189250357
-0.0008026931913
-0.0007492333491
0.02002913795
-1.055200285e-05
0.02003367138
-4.72759476e-05
0.02004130847
-8.474921976e-05
0.02005240494
-0.0001237088556
0.020067404
-0.0001647054378
0.02005338845
-0.0002081400621
0.02005771316
-0.0002675522454
0.02008785208
-0.0003355069994
0.02012446969
-0.0003853219041
0.02016835675
-0.0004372842534
0.02021993475
-0.0004935500931
0.02027958666
-0.0005541732534
0.02034849952
-0.0006168346389
0.02043409746
-0.0006801148829
0.02055581029
-0.0007348534969
0.02066989798
-0.0007708583684
0.02074665934
-0.0008172521819
0.02084151256
-0.0008913835926
0.02096157239
-0.0009611305687
0.02109947013
-0.001012077172
0.02124613732
-0.001042729185
0.02139796252
-0.001057775025
0.02155198352
-0.001056058431
0.02170474158
-0.001033639847
0.02185288014
-0.0009917972388
0.02199352034
-0.0009433333833
-0.000879847064
0.02003169196
-1.195756696e-05
0.02003527679
-5.086077813e-05
0.02004136197
-9.083440162e-05
0.02005045245
-0.0001327993392
0.02006312611
-0.0001773790976
0.02007996446
-0.0002249784124
0.0200883071
-0.000275894896
0.02008316478
-0.000330364682
0.02011095368
-0.0004131108123
0.02015232736
-0.000478657936
0.02020153925
-0.0005427619879
0.02025924207
-0.0006118760757
0.02032644095
-0.000684033513
0.02040487333
-0.0007585472638
0.02050250042
-0.0008324805916
0.02062395919
-0.0008923171374
0.02073752029
-0.00093081329
0.02085171988
-0.001005583186
0.02096935059
-0.001078761284
0.02111506023
-0.001157786807
0.0212753483
-0.00120301726
0.0214432342
-0.001225660928
0.02161474228
-0.001227566511
0.02178569867
-0.001204596237
0.02195200859
-0.001158107162
0.02210969751
-0.001101022287
-0.001025879182
0.02003448824
-1.30128083e-05
0.02003678327
-5.315580912e-05
0.02004085816
-9.490928845e-05
0.02004745382
-0.0001393950004
0.02005729768
-0.0001872229662
0.02007105765
-0.0002387383895
0.0200893513
-0.0002941885498
0.02011291499
-0.000353928376
0.02011795271
-0.0004181485311
0.02013205162
-0.0004927568503
0.02017795431
-0.0005886646832
0.02023273834
-0.0006666601071
0.02029768697
-0.0007489821486
0.02037422368
-0.0008350839782
0.02046547829
-0.0009237352018
0.02058209248
-0.001008931328
0.0207224322
-0.001071153018
0.02083540633
-0.00111855732
0.02096849451
-0.001211849463
0.021125174
-0.001314466303
0.02130162346
-0.00137946673
0.02148892638
-0.001412963841
0.02168183365
-0.001420473788
0.02187515493
-0.001397917518
0.022063755
-0.001346707227
0.02224221922
-0.001279486502
-0.001190510806
0.02003786557
-1.342398011e-05
0.02003835995
-5.365018364e-05
0.02003987049
-9.641983662e-05
0.02004350063
-0.0001430251387
0.02005011295
-0.000193835294
0.02006030062
-0.0002489260585
0.02007417095
-0.0003080588876
0.02009352074
-0.0003732781725
0.02011874752
-0.0004433753093
0.02014506169
-0.0005190710257
0.02015728832
-0.0006008913146
0.02019887202
-0.0007082438088
0.0202602423
-0.0008103524361
0.0203341947
-0.0009090363751
0.0204227912
-0.001012331706
0.020530712
-0.001116852139
0.02066630629
-0.001206747311
0.02081488482
-0.001267135853
0.02097343165
-0.001370396299
0.02113073045
-0.001471765103
0.02132250613
-0.001571242415
0.02153291093
-0.00162336864
0.02175209453
-0.001639657392
0.02197301615
-0.001618839138
0.02218901734
-0.001562708422
0.02239275995
-0.001483229101
-0.001377454822
0.02004395904
-1.295901862e-05
0.02004218125
-5.187239896e-05
0.02004099461
-9.523319229e-05
0.02004195167
-0.000143982201
0.02004573508
-0.0001976187072
0.02005178733
-0.0002549783159
0.02005755252
-0.0003138240824
0.02007095414
-0.0003866797941
0.02009078738
-0.0004632085512
0.02011639879
-0.0005446824417
0.02015051691
-0.0006350094301
0.02017488241
-0.000732609321
0.02021243332
-0.0008479033488
0.0202820263
-0.0009786293568
0.0203677791
-0.001098084513
0.02047398026
-0.001223053303
0.02061327124
-0.001346038293
0.02078906274
-0.001442927358
0.02094066919
-0.001522002759
0.02112088742
-0.001651983337
0.02133361289
-0.001783967883
0.02157225136
-0.001862007113
0.02182394851
-0.001891354548
0.02207919309
-0.001874083715
0.02232904148
-0.001812556817
0.0225635321
-0.001717719719
-0.001591000337
0.02005192073
-1.213514684e-05
0.02004826993
-4.822160542e-05
0.02004547377
-9.24370311e-05
0.02004591887
-0.0001444273048
0.02004885059
-0.0002005504316
0.02005060692
-0.0002567346487
0.02004691303
-0.0003101301956
0.0200523344
-0.0003921011605
0.02006472269
-0.0004755968445
0.02007804456
-0.0005580043141
0.02010323783
-0.0006602027032
0.02013917559
-0.0007685470861
0.02017621011
-0.0008849378762
0.02021536608
-0.001017785323
0.02029570806
-0.0011784265
0.02039758113
-0.001324926382
0.02052788462
-0.001476341792
0.02069839429
-0.001613437027
0.02089378262
-0.001717391099
0.02110957269
-0.001867773408
0.0213340467
-0.002008441896
0.02160351267
-0.002131473086
0.02189546723
-0.002183309107
0.02219383985
-0.002172456339
0.02248581052
-0.00210452749
0.02275772269
-0.001989631889
-0.001836075837
0.02004607799
-6.368039748e-06
0.02003862647
-4.077008512e-05
0.0200304016
-8.421215648e-05
0.02002725019
-0.0001412759055
0.02002761258
-0.0002009128172
0.02003048523
-0.0002596073039
0.02003618803
-0.0003158330034
0.02004471221
-0.000400625333
0.02004921611
-0.0004801007499
0.02004623364
-0.0005550218466
0.0200582315
-0.0006722005685
0.02008232455
-0.0007926401395
0.02011183455
-0.000914447882
0.02015818766
-0.001064138437
0.02020346025
-0.001223699094
0.02029869686
-0.001420162994
0.02042512337
-0.001602768316
0.02059975656
-0.001788070219
0.02082909059
-0.001946725139
0.0210457734
-0.002084456219
0.02130970346
-0.002272371953
0.0216208022
-0.002442571833
0.0219641485
-0.002526655407
0.02231747478
-0.002525782628
0.02266231205
-0.002449364754
0.0229798038
-0.002307123632
-0.002118156415
0.02003831923
-2.410669353e-06
0.02004634564
-4.879649901e-05
0.0200427517
-8.061821772e-05
0.0200428287
-0.000141352911
0.02004416649
-0.0002022506104
0.02003028271
-0.0002457235244
0.02001281315
-0.0002983634413
0.02000575764
-0.0003935698281
0.0200070276
-0.0004813707097
0.02001361539
-0.0005616096415
0.02002571298
-0.0006842981555
0.02003528163
-0.0008022087923
0.02003951988
-0.0009186861377
0.02006821159
-0.001092830155
0.02011502665
-0.001270514158
0.02017234687
-0.001477483224
0.02028813015
-0.001718551594
0.02045047914
-0.001950419215
0.02067583955
-0.002172085556
0.02095104139
-0.002359658063
0.02127045191
-0.002591782471
0.02162056045
-0.002792680376
0.02202769868
-0.002933793645
0.02245225862
-0.002950342564
0.02286410814
-0.002861214272
0.02323747788
-0.002680493356
-0.002443860992
0.02000593407
-8.344041384e-06
0.02001357585
-5.643827946e-05
0.02003253096
-9.957332958e-05
0.02004550629
-0.000154328248
0.0200435744
-0.0002003187165
0.02002082394
-0.000222973073
0.02002517975
-0.0003027192491
0.02002417117
-0.000392561244
0.01999492317
-0.0004521227105
0.01996266773
-0.0005293542079
0.01994861744
-0.0006702478723
0.01994888684
-0.000802478196
0.01995969115
-0.0009294904484
0.01997639907
-0.001109538075
0.01999222785
-0.001286342949
0.02004625317
-0.001531508553
0.02011494022
-0.001787238645
0.02026472527
-0.002100204267
0.02049267836
-0.002400038654
0.02081311345
-0.00268009316
0.02115651643
-0.002935185452
0.02158524989
-0.003221413835
0.02208173861
-0.003430282367
0.02260284872
-0.003471452674
0.02310188937
-0.003360254917
0.02354731083
-0.003125914816
-0.002814555952
0.01999899545
-7.338991076e-06
0.01999609166
-5.353449249e-05
0.01999667464
-0.0001001563092
0.01999288091
-0.0001505345267
0.01999380394
-0.0002012417464
0.02001686961
-0.0002460387484
0.02003083174
-0.000316681377
0.02001322422
-0.0003749537227
0.01996392395
-0.0004028224381
0.01995762635
-0.0005230566105
0.01994432844
-0.0006569499739
0.01989596593
-0.000754115687
0.01984954088
-0.000883065404
0.0198346962
-0.00109469339
0.01984811645
-0.001299763213
0.01988115732
-0.001564549426
0.01993080221
-0.001836883537
0.02002965686
-0.002199058919
0.02022692528
-0.002597307078
0.02054496465
-0.002998132538
0.0209801012
-0.003370322001
0.02151896694
-0.003760279579
0.02212237242
-0.004033687846
0.0227759844
-0.004125064653
0.02339202394
-0.003976294456
0.02393545728
-0.003669348158
-0.003239393688
0.01999777124
-5.110132691e-06
0.01999149863
-4.726187926e-05
0.01998195547
-9.061315485e-05
0.01996786934
-0.0001364483979
0.01995226633
-0.0001856387425
0.01994431532
-0.0002380877384
0.01992733192
-0.0002996979794
0.01991613181
-0.000363753616
0.0199359439
-0.000422634522
0.01993776695
-0.0005248796672
0.0198942968
-0.0006134798285
0.01980983355
-0.0006696524431
0.01977815178
-0.0008513836381
0.0197157115
-0.001032253112
0.01965484003
-0.00123889175
0.01963916447
-0.001548873872
0.01967395733
-0.001871676397
0.01976032251
-0.002285424101
0.01989441385
-0.002731398428
0.02019712128
-0.003300839967
0.02070716338
-0.003880364103
0.02135381394
-0.00440693013
0.02214573057
-0.004825604476
0.02297583192
-0.001262749162
-0.001214761102
-0.001262827422
-0.001214828315
0.02373719445
-0.001216634029
-0.001152160703
-0.001216710854
-0.001152151403
0.02437143615
-0.00111573527
-0.001036110319
-0.001115737927
-0.001036006357
-0.0009564427407
-0.0008910783213
-0.0009569805138
-0.0008921550151
0.0199972614
-2.371875046e-06
0.01998938633
-3.938681337e-05
0.01997630759
-7.753441728e-05
0.01995779021
-0.0001179310202
0.01993382915
-0.0001616776808
0.01990564461
-0.0002099032021
0.01987022783
-0.0002642812029
0.01983249839
-0.0003260241766
0.01980523337
-0.000395369498
0.01976213876
-0.0004817850664
0.01972485906
-0.0005762001295
0.0197233101
-0.0006681034809
0.01967616142
-0.0008042349657
0.01955685016
-0.0009129418549
0.01949373644
-0.001175778033
0.01940220266
-0.001457340101
0.01932849294
-0.001797966676
0.01933429644
-0.002291227604
0.01944327807
-0.002840380065
0.01968688969
-0.003544451589
0.0202250293
-0.004418503718
0.02102844884
-0.001297541676
-0.001307521702
-0.001297504094
-0.001307782194
0.005534123216
-0.00147779216
0.005523862835
0.005534564487
0.005523973516
-0.001479098559
-0.001477757827
-0.001479031141
0.00564323629
-0.001371834395
-2.78376947e-08
-0.005787929784
0.005900739541
-0.001329422097
-2.169029083e-08
-0.006024285032
0.006115669986
-0.001207112335
-7.895914953e-09
-0.006203112893
0.006281281698
-0.001034566967
-4.457733638e-08
0.01999682564
8.016756706e-07
0.01998756357
-3.012475055e-05
0.01997205691
-6.202775795e-05
0.0199500346
-9.590871347e-05
0.01992109309
-0.0001327361673
0.01988478734
-0.0001735974578
0.01984030944
-0.0002198033085
0.01978727007
-0.0002729848052
0.01972697349
-0.0003350729159
0.01965426184
-0.0004090734167
0.01957573589
-0.0004976741911
0.01951015302
-0.0006025206129
0.01943810836
-0.0007321903032
0.01939340888
-0.0008682423761
0.01928935124
-0.001071720404
0.01910222569
-0.001270214549
0.01898287261
-0.001678613608
0.01885463676
-0.002162991758
0.01880077866
-0.002786521965
0.01894876389
-0.003692436816
0.004896840274
-0.001171668655
0.004778672523
0.004897038805
0.004778813076
-0.001238702735
-0.001171806303
-0.001238926814
0.004968388717
-0.001369101235
1.111766028e-08
-0.005135238586
0.00525638758
-0.001598947543
6.390690185e-09
1.144469899e-08
0.001503160964
-0.005468807034
0.001502299985
0.001335766074
0.001503101394
0.001346478711
-0.0004302782265
-0.0004251847481
-0.000441576598
-0.0004249719488
-0.001426907751
0.0003674290669
0.001473802116
-0.0003972099785
-1.71134512e-05
-0.001551753276
0.0003414869858
0.001566648739
-0.0003556273707
-7.550756798e-07
-0.001598759351
0.000289047705
0.001606175535
-0.0002959652648
-4.986210136e-07
-0.006489649865
-4.354335584e-08
-0.0002266120784
-0.0002251320861
0.01999649399
4.306402403e-06
0.01998602258
-1.965333913e-05
0.01996844004
-4.444522313e-05
0.01994335774
-7.08264181e-05
0.01991021475
-9.959317353e-05
0.01986825761
-0.0001316403187
0.01981651207
-0.000168057779
0.019753747
-0.0002102197285
0.01967856375
-0.0002598896696
0.01958887086
-0.0003193805354
0.01948299415
-0.0003917974788
0.01936168189
-0.0004812083544
0.01922295304
-0.0005934614567
0.01908771376
-0.0007330031061
0.01893100999
-0.0009150166363
0.01878851701
-0.001127721574
0.0185635553
-0.001453651903
0.01824173482
-0.001841171277
0.01800822423
-0.002553011375
0.004525240821
-0.003550684416
0.004408012922
0.004525622274
0.004407595806
0.004527813072
-0.001174255045
1.413970624e-08
1.110906035e-09
0.001451390968
-0.004616520098
0.00122039851
0.001121946696
0.00124228747
0.001108717905
-0.0004016983755
-0.0003583983273
-0.0003985278078
-0.0003695980465
-0.001196782068
0.0004409167502
0.001235298154
-0.0004668716282
-1.256120661e-05
0.000504143917
-0.001357809217
0.001399646534
-0.000542950543
-3.030689155e-06
0.0004894862844
-0.001527272038
0.001565919722
-0.000527615635
-5.183323705e-07
-0.001627287165
0.0003986731212
0.001626885091
-0.0003981535552
-1.174901683e-07
-0.001564522104
0.0002717511645
-0.0002394642436
-7.156396007e-09
0.001532242338
-0.001424629278
0.0001913239689
0.001387453227
-0.0001539178125
-2.300823524e-07
0.01999645513
7.849553691e-06
0.01998528766
-8.485872712e-06
0.01996630026
-2.545782198e-05
0.01993901403
-4.354019685e-05
0.019902728
-6.330714097e-05
0.01985648643
-8.539875851e-05
0.01979902833
-0.0001105996737
0.01972871774
-0.000139909144
0.0196434544
-0.0001746263355
0.01954055271
-0.0002164788458
0.01941657616
-0.0002678209331
0.01926729893
-0.0003319311219
0.01908732303
-0.000413485558
0.01887346149
-0.0005191415689
0.0186174921
-0.0006590472517
0.01833450516
-0.0008447346364
0.01798484905
-0.001103995794
0.01759378643
-0.001450108667
0.01706209689
-0.002021321836
0.004169544366
-0.0006132916189
0.003966609233
0.004169809393
0.003967030834
-0.0007668396833
-0.0006153861823
-0.0007660638703
0.001149409638
0.004128635668
-0.001108547471
4.652978043e-08
0.0003679353518
-0.0009963522058
0.001008862367
-0.0003776060275
-2.839484733e-06
0.000563391383
-0.001108642673
0.001140845718
-0.0005936074303
-1.986996765e-06
-0.001309578287
0.0006854307189
-6.775110179e-08
0.001353702629
-0.000729487307
-0.001356144901
0.0005922007981
1.270386551e-06
0.001284527265
-0.0005218535515
-0.0008780002938
0.0002140543633
8.991736117e-07
0.0007614294625
-9.838270874e-05
-0.0005244983845
5.201648184e-05
1.260628698e-07
0.0004787863122
-6.430472813e-06
-0.0004146851281
5.598162888e-05
-1.368579481e-08
-3.542724666e-05
0.01999883343
9.014081782e-06
0.01998953396
8.136004476e-07
0.01997192992
-7.853786958e-06
0.01994545323
-1.706351404e-05
0.0199092941
-2.714801632e-05
0.01986234051
-3.84451682e-05
0.01980310835
-5.136751184e-05
0.01972964318
-6.644397888e-05
0.01963938432
-8.436747659e-05
0.01952897297
-0.000106067496
0.01939397512
-0.0001328230888
0.01922848261
-0.0001664386116
0.01902452054
-0.0002095234941
0.01877134529
-0.0002659663161
0.01845397844
-0.0003416804108
0.01805518056
-0.0004459367626
0.01754510721
-0.0005939224423
0.01690416701
-0.0008091684758
0.00406050328
-0.00112529587
0.003942991037
0.004061247744
0.003943398983
0.003968332639
-0.0005210779869
-4.29936583e-08
-3.364236398e-09
0.001001889513
-0.003836239081
0.0009405429416
0.0008903523122
0.0009743283148
0.000865043333
-0.0002269503364
-0.0001914040756
-0.0002091314798
-0.0002084280759
0.0003869194398
-0.0008744032956
0.0008605219609
-0.0003640461589
-8.991945747e-06
0.0006615037067
-0.0008230800546
-5.390276745e-07
0.0008182315785
-0.000656116202
0.0009047383731
-0.0009120126944
2.077894171e-07
7.066531593e-06
4.61700553e-05
5.637361614e-05
3.636828034e-07
-3.521339358e-05
-6.769396202e-05
0.02000609416
0.02000405765
0.01999332975
0.01997339741
0.01994339306
0.01990210905
0.01984792647
0.01977869896
0.01969158918
0.01958283283
0.01944738986
0.01927842
0.01906647926
0.01879824419
0.01845449439
0.01800718657
0.01741881199
0.01663784961
0.003892528009
0.003867409018
0.003892408616
0.003867310385
0.0003809113618
0.003710058329
-0.00019843789
-3.79171643e-09
0.0001358032123
-0.0008366975546
0.0008094793704
-0.0001054115177
-3.173510129e-06
0.0002615480156
-0.0007222869758
0.0006680927388
-0.0002055784058
-1.775372693e-06
0.0004920229084
-0.0004504730215
-8.974307096e-07
0.0003601289357
-0.0004007813913
0.0006730699303
-1.468923448e-07
-0.001374384625
-0.0006546833133
-0.0009937229639
2.415954172e-06
0.0007481875234
0.001147857856
-0.001309529335
0.0006854437598
-7.504597497e-08
0.001353703374
-0.0007295427509
0.001356134058
0.0006730870781
-1.367381482e-07
-0.001374376431
-0.0006547079702
-0.0009047778402
-0.0009937272548
2.407628127e-06
0.0007481805624
0.001147916904
0.0002723577017
4.779870917e-07
-0.001024099702
-0.00012673628
0.0005921671805
1.278281754e-06
0.001284531473
-0.0005218428757
0.0008779995859
0.0002723426214
4.875085998e-07
-0.001024101285
-0.0001267284342
5.809593611e-05
-1.132251467e-07
-0.0005837965956
1.315500014e-06
0.0002140414974
9.098723733e-07
0.0007614204684
-9.837225089e-05
0.000524437691
5.815663987e-05
-1.192934759e-07
-0.0005837687912
1.293752938e-06
4.914536984e-05
-6.454042822e-08
-0.0004284412635
-3.532469296e-05
-4.74785034e-05
-2.266035628e-05
7.870871538e-08
3.525747891e-05
3.480267258e-05
5.199397553e-05
1.358194594e-07
0.0004787568631
-6.448967571e-06
0.0004145732949
4.92268354e-05
-2.532697381e-08
-0.0004283699
-3.540490061e-05
-4.760985576e-05
-2.281767592e-05
1.799757936e-07
3.536462604e-05
3.48829305e-05
0.0008518996143
-6.399746264e-07
-0.0007838265725
-0.0009794457648
-0.0005480438019
-2.349356808e-07
0.0005624192568
0.0004778823899
0.0006616387283
-0.0008231372847
-5.530691686e-07
0.0008181874273
-0.0006561358009
0.0009120492251
0.0008518984034
-6.402384213e-07
-0.000783808445
-0.0009794989449
-0.0004920679883
-0.0005480094097
-2.398605022e-07
0.0005624105254
0.0004779067337
2.05762435e-07
7.065621774e-06
-2.109467867e-07
-1.09751301e-06
-4.628400003e-05
-2.241733166e-07
-1.101679805e-06
5.667828271e-05
2.439103052e-07
-3.541450448e-05
-6.779169246e-05
-0.000276244519
-9.917621326e-07
0.000143022204
0.0001342363087
-0.0004505312505
-8.887132798e-07
0.0003601568022
-0.0004008048259
-0.0002762292001
-1.001693717e-06
0.0001430269862
0.0001342254639
0.0004245600146
-0.001616912781
-0.0004347327233
-2.016782936e-07
-0.001500473847
2.181616223e-07
0.001495264251
0.0005971922352
0.001259733419
2.730297198e-08
-0.001361802084
0.0003743990656
0.0004895111584
-0.001527268168
-4.9308935e-07
0.00156591649
-0.0005276663891
0.001627287473
0.0004245475407
-1.908089827e-07
-0.001616906808
-0.0004347373979
-0.001500519572
2.478833058e-07
0.00149533731
0.0005971015622
0.00125973959
3.420043931e-08
-0.001361827184
0.0003743960167
0.0003070377741
-0.001593952869
-0.0002775353631
-7.16505505e-08
2.747704709e-07
0.001161161283
0.0003123517287
0.0008872825553
1.503234929e-08
-0.0009744463776
0.0001452447229
0.0003986545705
-1.095399683e-07
0.001626889282
-0.0003981468416
0.0003069335867
0.001564505974
-5.337324229e-08
-0.001593925268
-0.0002774609203
2.83254208e-07
0.001161159947
0.0003123378878
0.000887316999
1.374616344e-09
-0.0009743762372
0.0001452145031
0.0006683226072
-3.912684939e-07
-0.0007341034592
-0.001243406168
-0.0009233560674
-6.890230829e-07
0.000928402385
0.0006571464144
-5.416373647e-07
0.0008532269039
-0.000994508616
0.00056337001
-0.001108561834
-1.993771427e-06
0.001140827302
-0.0005936417052
0.0006684000185
-3.92595642e-07
-0.0007340955163
-0.001243441242
-0.0009232000964
-6.988310004e-07
0.0009284622411
0.0006570754163
-5.454531081e-07
0.0008532384193
-0.0009945218182
0.0003623290639
-0.001057943967
1.856852175e-06
0.0006977589549
-4.135511667e-09
-3.996772881e-06
0.001285359024
-0.0005217627328
-9.08162289e-09
-0.001354987229
0.0005926704093
6.752105861e-07
-0.0003634654416
0.001172235206
0.0004750822926
2.352197159e-06
0.001055891387
-0.0005445192037
-0.001035577934
0.001172207338
-3.091399691e-09
0.0004761590504
-0.0005447895038
-5.232097077e-09
-0.001032559769
0.0006988407126
-4.557918996e-06
5.103875725e-05
-0.0002943042469
2.582824268e-07
0.0002511167282
-4.095147889e-09
-8.10542891e-06
0.0007618921486
-9.742366345e-05
-0.000877893389
-5.153683342e-09
0.000214329239
3.134174683e-07
-5.13823749e-05
0.0006635694485
0.0001489289738
3.467541912e-07
0.0002934958557
-0.0003791340711
-1.309124425e-05
0.0006639915085
-4.12391674e-09
0.0001492569468
-0.0003787431408
-4.462153458e-09
-1.263354949e-05
0.0002510501263
-8.678353021e-06
1.989372808e-07
4.691485958e-05
-1.340054531e-05
5.584394136e-05
9.544253162e-09
-3.546709981e-05
2.3041143e-07
4.708791864e-05
-1.34577278e-05
0.0009039463792
-0.0009108723449
-1.573626471e-09
7.135326546e-06
-3.577896002e-05
-6.771723134e-05
4.708077543e-05
1.064720725e-08
5.676843915e-05
1.835776191e-07
7.38583844e-05
2.703709023e-07
-3.714951881e-05
-2.261096869e-07
6.156290687e-09
7.385039323e-05
-3.659625765e-05
3.569534899e-09
2.303499394e-08
0.0004261447894
-4.23789925e-07
-0.0003421981638
-0.0005339958568
-0.0006630893183
7.283741688e-05
0.0005919334008
-1.694836283e-06
-4.744243646e-07
0.0001253794751
-0.0004011417713
0.0002615783524
-0.0007221956017
-1.797973849e-06
0.0006680146548
-0.0002055994316
0.0004260911112
-4.046238277e-07
-0.0003422841386
-0.0005339335987
-0.0006630641047
-1.703494466e-06
7.283560515e-05
0.0005919166995
-4.804711264e-07
0.000125396667
-0.0004011383943
0.0005076817644
-0.000249129578
-7.086965909e-07
-0.0002694876375
1.26779596e-09
1.164288014e-05
0.0003598349702
-0.0004006517476
4.173019615e-10
0.0004908208283
-0.0004509018981
-1.213071948e-06
-0.0005082749418
0.0003596483229
0.0005099686274
-8.315277783e-07
0.0002507903668
-0.0002837986342
-0.0003669415959
0.000358320593
1.078868796e-09
0.0005079819945
-0.0002830392538
6.464734445e-10
-0.0003675742453
-0.0002704283101
1.223504524e-05
-0.001168122325
-0.0005577386771
4.156909019e-07
0.001040180045
1.866775546e-09
0.0006852633988
0.0007483612832
0.001149641467
-6.437785287e-10
-0.0009916397741
8.032568418e-07
0.001168015991
0.0007600762038
-0.001180707929
-2.390968286e-06
0.0005599490224
0.0005917094139
-1.409611989e-06
1.553966454e-09
0.0007599096484
-0.001178868987
0.00059043315
1.958618474e-09
-9.232867242e-07
0.001043236434
0.0006851442727
0.001056369541
-0.0005938630448
-2.763524738e-06
3.243024428e-09
0.0005804338273
-1.812968097e-06
-0.001054363203
0.0005318508787
0.0005293604196
-5.035128824e-06
5.414766832e-07
0.0005941962605
-3.028322207e-06
1.505297732e-09
0.0005312822686
0.0005276848998
-4.412101477e-06
1.039972152e-09
-2.889455295e-06
0.0005803059676
-0.001168124445
-0.0005577467789
4.184586702e-07
0.001040171266
0.0006852833641
0.0007483495392
0.001149668618
-0.0009039600196
-0.0009916511527
8.018860197e-07
0.001168022666
0.0007600987389
-0.001180742729
-2.390709039e-06
0.000559968838
0.0005917490635
-1.41028881e-06
0.0007599160052
-0.001178887471
0.0005904567057
-9.236130038e-07
0.001043220827
0.0006851891372
0.001056387278
-0.0005938864152
-2.758943519e-06
0.0005804325884
-1.811774017e-06
-0.001054391507
0.0005318527347
0.0005293872689
-5.036723711e-06
5.387973929e-07
0.0005942407243
-3.030456775e-06
0.0005312850547
0.0005277040354
-4.412088837e-06
-2.889863654e-06
0.0005803110992
0.0002112595082
0.0004968257343
-3.11455673e-07
-4.427094758e-09
-1.001040564e-05
-0.001024121076
-0.000126347234
-3.669707448e-09
0.0002730565797
1.175720813e-06
-0.0002129869007
0.0003599466836
-5.297686149e-07
-0.0004959023309
-9.438250095e-06
-3.488909111e-09
0.0003605249797
-3.693867914e-09
-8.790709146e-06
-1.035997876e-05
5.990566903e-07
-1.326738364e-05
-8.662120783e-10
-1.290732491e-05
0.0003623310718
-0.00105794598
1.849055837e-06
0.0006977578527
-3.996132733e-06
0.001285324293
-0.0005217432413
-0.001354987392
0.0005926755379
6.887867009e-07
-0.0003634583133
0.001172249001
0.0004750520003
2.362800483e-06
0.001055889878
-0.0005445175025
-0.001035578052
0.001172199894
0.0004761411641
-0.0005447896327
-0.001032542021
0.000698836028
-4.555416497e-06
0.000211249698
0.0004968322695
-3.185348227e-07
-1.001000086e-05
-0.001024112248
-0.0001263514328
0.000877894006
0.0002730535089
1.185576441e-06
-0.0002129617972
0.0003599239377
-5.220384748e-07
-0.000495913911
0.0003791444821
-9.436963762e-06
0.0003605194311
0.0003787456829
-8.790582591e-06
-1.035822271e-05
5.996976104e-07
-1.326447099e-05
-1.29057487e-05
1.220767696e-05
0.0002467934164
-5.984192841e-07
-5.597636294e-09
-7.280345262e-06
-0.0005840065593
9.983714783e-07
-1.079055024e-09
0.0005244006051
5.849543361e-05
3.227935991e-07
-1.296860839e-05
9.241866793e-05
-3.397962998e-07
-0.0002451087616
4.135791061e-05
0.0002054061466
-4.178656856e-09
9.251959345e-05
4.293243847e-05
-5.289976197e-09
0.0002045248355
-7.625672804e-06
-4.327653193e-07
4.863082656e-05
-6.840154817e-06
-2.148247011e-09
4.845613663e-05
-5.9543179e-06
5.104209105e-05
-0.0002943095906
2.512836965e-07
0.000251117307
-8.105177937e-06
0.000761891561
-9.741946834e-05
0.0002143266367
3.246411676e-07
-5.138482375e-05
0.0006635600582
0.0001489205942
3.545869746e-07
0.0002935073284
-1.308968274e-05
0.0006640003546
0.0001492538226
-1.263324731e-05
0.0002510508978
-8.677108586e-06
1.220206354e-05
0.0002467971675
-6.073431977e-07
-7.280180499e-06
-0.0005840348361
9.964486455e-07
0.0005243668521
5.855115721e-05
3.341416552e-07
-1.295431469e-05
9.241144077e-05
-3.272518301e-07
-0.0002451140361
4.136474582e-05
0.0002053702959
9.249754285e-05
4.293188552e-05
0.0002045291888
-7.624800958e-06
-4.309967036e-07
4.863683421e-05
-6.841092405e-06
4.845355057e-05
-5.954821133e-06
-5.088010132e-05
-1.297364e-05
-7.313013292e-08
4.448932911e-05
-8.016735094e-09
1.944555956e-05
2.084791989e-07
5.077921269e-05
1.127589155e-06
-3.484454052e-06
-3.324710385e-07
1.383707002e-05
-9.768647292e-06
-3.735949295e-06
-5.323576591e-09
1.000411333e-06
-3.210589492e-06
-1.033935236e-05
-4.130713659e-09
-2.962630569e-06
4.464431952e-05
1.98988333e-05
4.378957141e-05
-2.586091512e-05
-3.368933226e-07
-2.720881131e-09
2.690028303e-05
3.537809684e-05
3.53228873e-05
-8.375308659e-09
-4.735124972e-05
-2.326264825e-05
-5.743548439e-08
-4.372227475e-05
3.15005661e-05
4.753662229e-05
-1.120800307e-07
2.648936344e-05
-1.343260271e-06
-5.456413167e-09
3.181161309e-05
4.73040695e-05
-4.652672078e-09
-9.848074971e-07
2.707451994e-05
-5.087261202e-05
-1.298052545e-05
-8.693350143e-08
4.44815608e-05
1.9450473e-05
2.183047685e-07
5.076007471e-05
1.143579631e-06
-3.485132903e-06
-3.260935405e-07
1.385444556e-05
-9.797095552e-06
-3.731254131e-06
1.004577986e-06
-3.210653281e-06
-1.034903226e-05
-2.961712723e-06
4.461585385e-05
1.991174e-05
4.379053409e-05
-2.586412548e-05
-3.547955133e-07
2.690722491e-05
3.535616692e-05
3.532100957e-05
-4.728013118e-05
-2.322544442e-05
3.26316395e-09
-4.366966034e-05
3.159396408e-05
4.743706038e-05
-8.554732138e-08
2.650118718e-05
-1.329805567e-06
3.180151711e-05
4.734298764e-05
-9.823435178e-07
2.709259347e-05
0.0008383016022
0.000500036358
4.025089999e-07
-0.0007117243138
3.547051951e-10
-0.00062701651
-0.0007821436793
-0.0009808187582
3.077454591e-09
0.0008514470386
-6.183767966e-07
-0.0008393041973
-0.0008077494546
0.0008638454562
2.54276073e-06
-0.0005026979131
-0.0004853334332
6.042819705e-06
-1.27138567e-09
-0.0008073155682
0.0008628563914
-0.0004837662719
1.252719925e-09
5.525384389e-06
-0.0007140456796
-0.0006275539189
0.0004918583146
-0.0007184299161
1.164180086e-06
7.275625867e-10
-0.0004863176185
-2.216138909e-07
-0.0004930462917
7.934473445e-06
1.632097747e-06
0.00071797053
-0.0003438986613
-0.0003848139657
9.10999856e-06
5.889865002e-10
7.869848843e-06
9.842915361e-11
-0.0003427866992
-0.0003825469039
8.535697087e-06
-0.0004879572464
0.0008382964778
0.00050004606
4.026845084e-07
-0.0007117179453
-0.0006270269152
-0.0007821301145
-0.0009808477178
0.000910891275
0.0008514493933
-6.170738953e-07
-0.0008392913318
-0.0008077291894
0.0008638291495
2.541374855e-06
-0.0005027184136
-0.0004853647183
6.042810258e-06
-0.00080728846
0.0008628364826
-0.0004837841359
5.525108669e-06
-0.0007140333479
-0.0006275737102
0.0004918747258
-0.00071844534
1.165211327e-06
-0.0004863118052
-2.21796906e-07
-0.0004930769596
7.934038698e-06
1.629279466e-06
0.0007179990743
-0.0003439039033
-0.0003848344647
9.110013762e-06
7.869390292e-06
-0.0003427911338
-0.0003825597525
8.534930345e-06
-0.000487946011
7.135440591e-06
9.043497605e-10
-4.823266955e-07
-4.702237557e-05
-4.810288307e-07
-3.045268501e-07
-8.266001615e-07
3.259063293e-09
-1.424925819e-07
-3.57812673e-05
-6.772428879e-05
5.673771595e-05
1.225659258e-07
7.39145718e-05
2.506198444e-07
-3.719860337e-05
-2.391484146e-07
7.384065e-05
-3.660854537e-05
2.049001189e-08
-3.124182833e-07
-8.290798157e-07
-1.423780705e-07
-1.549970434e-07
1.590466375e-05
1.342323322e-10
1.537876611e-05
-0.0001626774166
-0.0001196926466
-6.776529446e-08
1.769082422e-09
1.294842221e-05
0.0001426039257
0.0001329594055
2.343547162e-09
-0.0002765353523
-1.162299409e-06
0.0001644661618
-0.0003040802914
3.135434378e-07
0.0001195822371
1.437003525e-05
1.6436358e-09
-0.0003042766884
2.039789608e-09
1.360794911e-05
1.355232899e-05
0.0005076818514
-0.0002491328545
-7.054630869e-07
-0.0002694851987
1.164293356e-05
0.0003598275281
-0.0004006113362
0.0004908534979
-0.0004509579831
-1.217230508e-06
-0.0005082716806
0.0003596534779
0.0005099922363
-8.401820326e-07
0.0002507905534
-0.0002838067258
-0.0003669484709
0.0003583244389
0.0005079687935
-0.0002830262843
-0.0003675574411
-0.0002704211361
1.22345515e-05
-1.548131465e-07
1.590439154e-05
1.537863464e-05
-0.0001626759905
-0.000119691914
-6.381101097e-08
1.294828461e-05
0.0001425971724
0.0001329604289
-0.0002765351236
-1.17133459e-06
0.0001644577559
-0.0003040661601
3.076553667e-07
0.000119578446
1.436834107e-05
-0.000304274794
1.360773648e-05
1.355125823e-05
0.0003552599345
-0.001360896086
-0.0003929977672
-2.827382984e-05
-0.00133422024
0.0004612480524
0.001388294939
-1.117883189e-05
0.001510577789
-0.0005004566241
-6.739157915e-07
0.0004640623992
-0.001473509649
0.001503193726
-0.005468871372
0.001502292462
0.001335785177
0.001503088766
0.001346565451
-0.0004302621255
-0.0004252387795
-0.0004416209578
-0.0004249209131
0.001426880879
0.0003552842267
-2.825458789e-05
-0.001360925134
-0.0003929853818
-0.0005041776739
-0.001334244247
-1.117420213e-05
0.0004613970879
0.001388199035
0.001510596036
-0.0005005046834
-6.687921473e-07
0.0004640868785
-0.00147350944
0.0003477948193
-0.001530633554
-0.0003676499576
-1.264582987e-06
0.001544496377
-1.56084248e-06
0.0004571285408
0.001617132182
-0.001597989855
-3.834885888e-07
0.000405801176
0.000367415839
-1.712052354e-05
0.001473808498
-0.0003972229366
0.001551731843
0.0003477980287
-1.258419209e-06
-0.001530630906
-0.0003676405445
-1.5410946e-06
0.001544492968
0.0004571553246
0.001617121509
-3.756729365e-07
-0.001598000537
0.0004058022395
0.0002930684598
-0.001590053875
-0.0003015565284
-2.174073084e-07
0.001630055239
-2.316931173e-07
0.000385981753
0.001620647164
-0.001630350327
-1.178921684e-07
0.0003168588301
0.0003414267221
-7.51700971e-07
0.00156666816
-0.0003556113393
0.001598758976
0.0002931564783
-2.228132316e-07
-0.001590073779
-0.0003016188591
-2.26554481e-07
0.001630024109
0.0003859785185
0.001620620015
-1.006022821e-07
-0.001630369181
0.0003167833562
-3.556561456e-08
0.00104007892
-0.001620051919
-0.001612687147
-0.00161141571
-0.001620841601
-0.0002726317752
-0.0002598856585
-0.0002586653749
-0.0002735139763
-5.83488152e-08
0.0002865360246
0.001605920648
-0.0002196077583
0.001541349929
0.0002477386077
-0.001569076378
-4.043965267e-07
0.0002889230508
-4.825751121e-07
0.001606195455
-0.0002958769523
0.001039750093
0.006489645706
-0.001620047726
-0.00161262603
-0.001611410775
-0.001620838555
-0.0002726261982
-0.0002598125341
-0.0002585532464
-0.0002735163193
-0.0002718471375
-7.638701922e-08
0.0002866132312
0.001605930309
-0.0002194644411
0.001541355578
-3.904793654e-07
0.0002476265745
-0.001569127227
0.0003987867008
-0.001137938871
-0.000434529055
-2.310084389e-05
-0.001024496052
0.0003614909541
0.001035525824
-4.585373193e-06
0.001144759572
-0.0005128305313
-4.66556965e-06
0.0004905901526
-0.001117853624
0.001451233007
-0.004616413039
0.001220392612
0.00112192926
0.001242290416
0.001108706156
-0.0004016905639
-0.0003583595
-0.0003985036253
-0.0003695836199
0.001196745699
0.000398819513
-2.310148752e-05
-0.001137955036
-0.0004345086877
-0.0003679575213
-0.001024506735
-4.580152199e-06
0.0003614754399
0.001035568969
0.001144787533
-0.000512915916
-4.671849218e-06
0.0004905853709
-0.001117785139
0.0004936117127
-0.001319976569
-0.0005298006031
-1.643757626e-06
0.001177143993
-2.650633012e-06
0.0005336575952
0.001329102132
-3.480303989e-07
-0.001272671377
0.0006122398842
0.0004407979916
-1.256521486e-05
0.00123538419
-0.0004668712708
0.001357850894
0.0004936025833
-1.656671934e-06
-0.001320012167
-0.0005297846372
-2.65153601e-06
0.001177173653
0.0005336354263
0.001329129051
-3.568596165e-07
-0.001272657159
0.0006122849873
-0.0005427363299
-2.637830193e-07
-0.001484728548
-1.248353419e-07
0.001379968862
0.0006346888228
-1.979826729e-07
-0.001467028068
0.0006398221349
-3.043552274e-06
0.001399651145
-0.0005429343666
-2.31801156e-07
-0.000542943605
-0.001484597443
-1.545748488e-07
0.001380025109
0.000634702276
-1.686264452e-07
-0.001467075826
0.0006398119596
0.0004990549255
-0.001581165493
1.520423763e-07
0.001604920615
-0.0005229830706
2.098092229e-08
-4.371288653e-07
-0.0004992279667
0.001595686364
0.0004698984569
-1.872156901e-07
0.001581655909
-0.0005674025751
-0.001541681752
0.001565535457
-0.0005275857914
2.390294787e-09
0.0004884233357
-0.001526893722
0.001595446094
1.446201679e-08
0.0004686926954
-0.0005677678753
-1.058504092e-08
-0.001541160041
0.001605283416
-0.0005227034351
0.0003549861818
-0.0015756928
4.557508828e-09
0.001537995085
-0.0003172906234
-2.402410925e-09
-6.516036286e-08
-0.0003544699365
0.001616851254
0.0003645689339
-1.451486294e-08
0.001575767447
-0.00160057416
-0.0003733323304
0.001626835933
-0.0003985610826
-0.001627195135
-2.696886827e-09
0.0003988054877
0.001616890026
-1.905566471e-09
0.0003648688345
-0.001600390634
-0.0003738730219
-4.742926542e-09
0.001537982208
-0.0003166801459
-0.001470326306
-0.0001737216348
-1.890755019e-07
1.287481746e-07
0.0008176854395
0.0001214848466
0.0006850414302
-1.120474556e-08
-0.0007195722944
8.368743388e-05
-2.67424008e-08
-0.0002395335526
0.001532219127
0.001424623215
-1.729392638e-07
-0.001470225545
-0.0001736891875
1.335721001e-07
0.0008176747541
0.0001215026426
0.0006851249206
-2.343695127e-08
-0.000719604596
8.372994732e-05
-1.971901586e-08
8.952443889e-05
0.0001913957702
-2.455418776e-07
-0.0001539938959
1.93464731e-08
8.947457211e-05
-0.0005429772171
-4.241775432e-06
-0.001074254213
-0.0009062023225
0.0003934096446
0.0009084509681
-8.738850697e-06
-0.0005797136732
-1.26736465e-06
0.0005785725495
-0.0009209475767
-0.0009964855655
-2.821409253e-06
0.001008875394
-0.0003775259393
-4.245903049e-06
-0.0005429361883
-0.001074295659
-0.000386924572
-0.0009062621625
-8.728403704e-06
0.0003934039025
0.0009085112358
-0.0005796358609
-1.287558883e-06
0.0005786063382
-0.0009208830127
0.0006504270758
-0.001093522703
8.360976233e-07
0.001137643796
-0.0006953871269
2.861315969e-09
-1.098541755e-06
-0.0006518592275
0.0011848454
0.0006089580881
-1.478011029e-06
0.001091628262
-0.0006299702635
-0.001053787418
0.001143667787
-0.0005908595444
3.204914269e-09
0.000561134585
-0.001115933029
0.001185699988
1.5033104e-09
0.0006072948326
-0.0006277158769
9.389496125e-10
-0.001058145316
0.001137417459
-0.0006968123219
0.000717961185
-0.001295721339
3.594477925e-07
0.001262658501
5.605278457e-09
0.001352826323
-0.0007290793029
1.047069874e-08
-0.001308976187
0.000685150943
-2.256579679e-07
-0.0007176024405
0.00137829221
0.0006932385164
3.766988491e-08
0.001296436644
-0.001265885418
0.001377218117
9.316008594e-09
0.0006933344156
4.054991164e-09
-0.001264857381
0.00126433792
2.271426141e-05
-0.0001999709287
-6.669018305e-08
0.0001967754507
-6.53833982e-09
0.0004789077011
-6.36095595e-06
-5.560270948e-09
5.198547814e-05
-5.140661383e-08
-2.241918458e-05
0.0004483719741
5.288492927e-05
8.028802195e-07
0.0001993003748
0.0004484799358
-5.931012487e-09
5.309655525e-05
-3.748606485e-09
0.0001967133468
-3.558014786e-05
-0.0004148388594
-3.333487713e-09
5.617117175e-05
5.981238886e-08
0.0001915411614
-0.0001907100542
-3.631816527e-05
0.0001915333153
-0.0001904983799
-3.656159894e-05
6.326658582e-09
2.768731794e-09
-4.512921016e-05
1.50687168e-09
-4.510134909e-05
0.0003363908499
-0.0008767054017
-0.0003182481951
-1.584054902e-05
-0.0008622500368
0.0001637152926
0.0008374830122
-3.145056888e-06
0.0007511983271
-0.0002207516161
-3.832433838e-06
0.0002626745838
-0.0007892888612
0.001001402419
-0.003835749864
0.0009405269898
0.0008903115751
0.0009742386785
0.0008650129208
-0.000226915461
-0.0001914132124
-0.0002090593573
-0.0002083580645
0.0008742847826
0.0003364058214
-1.585160782e-05
-0.0008766693205
-0.0003181696756
-0.0001357552899
-0.0008621302129
-3.162592346e-06
0.0001636803081
0.0008373677872
0.00075128109
-0.0002208019924
-3.805671626e-06
0.0002626329525
-0.0007893063786
-9.283006695e-07
-0.0005668870921
-0.0008349783306
0.0007073746429
-2.18121155e-06
0.0003075529092
-3.031582891e-07
0.0004869491825
-0.0006085450364
-9.005107462e-06
0.0008604853076
-0.0003641199896
-9.192001592e-07
-0.0005668493048
-0.0008350046359
-2.153119584e-06
0.0007074308208
0.0003075817396
-3.033252007e-07
0.0004869562292
-0.0006085712014
0.0007585159704
-0.0006899873045
1.815779913e-07
-0.0006957270158
2.6369179e-10
0.000818345587
-0.0006549267702
3.508145641e-09
0.0006599442159
-0.0008239055636
-2.023514698e-07
-0.0007596894755
0.0007703739542
-3.906793676e-07
0.0006901084165
-0.0006202633338
-0.0007255706034
8.025648243e-10
0.0007693428393
-0.0006191786574
-2.481659145e-09
-0.0007261236098
-0.0006969533902
-0.0001724107043
-3.748304534e-06
-0.0007668795851
-0.0008241213476
3.674133729e-05
0.0007906529656
-3.280068662e-06
5.936838391e-05
-3.802240653e-06
-0.0007186691259
-0.0008367780559
-3.156330612e-06
0.0008095573683
-0.0001053782731
-3.772485094e-06
-0.0001723829837
-0.000766842127
-0.0008240629176
-3.285396292e-06
3.671081763e-05
0.0007906262349
-3.810211985e-06
5.940490727e-05
-0.0007186750096
0.0002427852418
-0.0006248233076
8.958069468e-07
0.0005507308646
-0.0001695884574
-1.482669175e-10
-9.819864498e-07
-0.0002435281512
0.0006055208363
0.0003070820392
-1.724585304e-06
0.0006217058594
-0.0001408743311
-0.00068468535
0.0006716003206
-0.0002049821428
6.889553978e-10
0.0002604966848
-0.0007288909266
0.000607456134
-1.320423412e-10
0.0003059475718
-0.0001404243968
-1.088990062e-09
-0.0006911045522
0.000549154438
-0.0001700809261
0.0006833057961
0.001160616369
-8.336790534e-07
3.840158594e-09
-0.001373689104
-0.0006553349708
-6.000290493e-09
0.0006738959552
1.962108427e-07
-0.00068331557
0.0006870269473
-4.061954504e-07
-0.001160494632
6.089105581e-09
0.0006870249269
3.268642461e-10
0.0007179765649
-0.001295722411
3.689382293e-07
0.001262665874
0.001352813577
-0.0007291074975
-0.001308920836
0.0006851501795
-2.498594298e-07
-0.0007176474303
0.001378301833
0.0006932988304
3.967420505e-08
0.001296444024
-0.001265927709
0.001377195417
0.0006933541785
-0.001264870177
0.001264354664
0.0006833182041
0.001160610339
-8.262478281e-07
-0.001373659498
-0.0006553605367
0.0006738899042
1.846264612e-07
-0.0006833528971
0.000687093675
-4.121381047e-07
-0.001160486616
0.0006870448365
2.929937215e-05
0.0001944145468
-3.528275545e-08
-2.898229904e-09
-0.0004283861212
-3.568041456e-05
-5.918052103e-09
4.916905585e-05
-3.701301034e-08
-2.927299237e-05
4.924070999e-05
-5.459234382e-08
-0.0001944795967
-7.10326294e-10
4.935688964e-05
-7.219434958e-09
2.271097243e-05
-0.0001999593033
-7.596357255e-08
0.0001967682367
0.0004788909471
-6.372696187e-06
5.197885374e-05
-3.385823201e-08
-2.240661959e-05
0.0004483248672
5.287247354e-05
8.019718793e-07
0.0001992629336
0.0004485040278
5.305809775e-05
0.0001966920891
2.931464462e-05
0.0001944075961
-4.966826249e-08
-0.0004283713268
-3.564806686e-05
0.0004147401539
4.924798357e-05
-3.790287672e-08
-2.932312362e-05
4.931598718e-05
-1.001066019e-08
-0.0001944118868
0.0001906109568
4.94087368e-05
0.0001905438024
-0.0005801733162
-0.0006026919716
8.197163721e-07
9.414768246e-10
0.0005614089354
0.0004778046684
3.056576146e-09
-0.0005486307644
-3.639144844e-07
0.0005805050166
-0.0006379851773
-5.488388431e-07
0.000603585895
8.899671361e-10
-0.0006383078356
-1.043768662e-09
0.0007585220107
-0.0006899969833
1.814330164e-07
-0.0006957331083
0.0008182731076
-0.0006549238535
0.0006600777994
-0.0008239766055
-2.073559856e-07
-0.0007597060867
0.000770371682
-3.834453981e-07
0.0006901352097
-0.0006202552677
-0.0007256322957
0.0007693001105
-0.0006191273398
-0.0007261794184
-0.0006969631476
-0.0005801665572
-0.0006026982293
8.208246798e-07
0.0005614030066
0.0004778316887
-0.0005486179965
-3.719545806e-07
0.0005804823574
-0.0006379551432
-5.414623131e-07
0.000603605972
-0.0006382619495
0.0004685713363
0.001610972195
1.19820921e-07
-0.0004747450141
2.273734023e-09
-3.11326132e-07
-0.0004684850495
0.0004475699586
-7.153425993e-08
-0.00161125734
-0.0004239780084
-0.001616775872
-0.0004350129164
-3.698692651e-09
0.0004243956724
2.137226154e-09
0.0004469280835
-0.0004244967121
-6.186116853e-09
-0.00047433916
0.001494849263
0.0005976343996
-1.447013374e-08
-0.001499580625
-9.162739827e-08
0.0005231477267
0.001447290443
0.0005238417541
0.001447077364
-2.439256837e-09
-0.001571657864
1.142644712e-07
0.001572394869
7.40958035e-09
-5.458512115e-08
0.001572216022
-0.001542371777
-2.328256138e-08
-0.001541822648
0.001572774562
-0.001361607177
0.0003750749485
-3.93547719e-09
0.001259620049
3.326676073e-08
0.0004454017715
0.0004460301352
-1.70993174e-09
0.00154360136
7.843523487e-08
1.850539469e-10
-1.388633877e-08
-0.001543915599
0.001494350537
-5.248618128e-09
0.001494170952
0.0004990488631
-0.001581125329
1.806677026e-07
0.001604953982
-0.0005230372089
0.001565526181
-0.0005275729008
0.0004884195829
-0.001526863561
-4.604308535e-07
-0.0004992244302
0.001595683093
0.0004699182606
-9.952697378e-08
0.001581608944
-0.0005675716294
-0.001541604175
0.001595416684
0.0004687123851
-0.0005677650215
-0.001541043325
0.001605381748
-0.0005228165726
0.0004685663141
0.001610980515
1.204572711e-07
-0.0004747110397
-0.001616751508
-0.0004350219438
0.001627195495
0.0004243834389
-3.111844298e-07
-0.000468478645
0.0004475661109
-5.940474375e-08
-0.001611299588
-0.0004239797774
0.001600601367
0.0004469224368
-0.0004245072776
0.00160040025
-0.0004742760347
0.001494879065
0.0005975965765
-0.001499566695
-8.237288936e-08
0.0005231478511
0.00144732383
0.0005238579001
0.00144707751
-0.001571684859
1.235977802e-07
0.001572389353
4.661274799e-08
0.001572314991
-0.001542831673
-0.001541829979
0.00157276986
-0.001361624771
0.0003750847304
0.001259623809
3.957651606e-08
0.0004453810006
0.0004460100284
0.001543611857
7.666110565e-08
-4.432816796e-09
-0.001543951485
0.001494372153
0.001494179629
0.0003050480559
0.001490435526
2.775870361e-08
-0.0002575136569
-2.600724986e-09
-5.316032044e-08
-0.0003048533898
0.0003278049359
-2.271474425e-08
-0.00149044218
-0.0002230410116
0.00143597054
-0.001593856718
-0.0002781279308
-3.298410997e-09
0.001564439563
0.0003074767368
-2.57178662e-09
0.0003280307673
-0.0002236542075
-2.236218226e-09
0.001435941321
-0.0002572856065
0.001161326528
0.0003129026225
-5.091269243e-09
1.124293083e-07
0.0002458042076
0.001064173623
0.0002463130009
0.001064386058
-3.149154804e-09
-0.001433291635
-4.633673613e-08
0.001362363013
-2.664695935e-09
8.58744987e-08
0.001433284063
-5.197458336e-09
0.001362361798
-0.0009746956618
0.0001457676593
8.73651254e-10
0.0008874375954
1.010270021e-07
0.0001820448857
0.0001823143648
-3.353050876e-09
0.001287186854
-2.127526287e-08
-1.861896779e-09
9.018024758e-09
-0.001287099802
0.001209294493
-1.424502705e-09
0.001209310745
0.0003549877264
-0.001575697611
4.775892349e-10
0.001538035024
-0.0003173280158
0.001626853544
-0.0003985536116
0.0003987833151
-6.21600448e-08
-0.0003544740099
0.001616867673
0.0003645577771
-6.598133271e-09
0.001575782169
-0.0003733210478
0.001616932425
0.000364844773
-0.0003738623167
0.001538064981
-0.0003167563485
0.0003050634301
0.001490436981
2.373072842e-08
-0.0002574917251
-0.001593825027
-0.000278062837
0.0003073670509
0.001564464135
-5.365550091e-08
-0.0003048912656
0.0003278873272
-1.326566496e-08
-0.001490436867
-0.0002229913581
0.001435980568
0.000328114597
-0.0002236152636
0.001435973902
-0.0002572394232
0.001161336523
0.0003128920924
1.229797347e-07
0.0002458033784
0.001064154185
0.0002463108748
0.001064399301
-0.001433298387
-5.313151848e-08
0.001362331723
9.418055075e-08
0.001433294812
0.001362288715
-0.0009746691044
0.0001457663384
0.000887456164
1.076074583e-07
0.0001820817773
0.0001823319876
0.001287191661
-2.154172562e-08
1.087944715e-08
-0.001287109527
0.001209321788
0.001209352192
-0.0007338417127
-0.001243383458
2.354975914e-09
0.0006678553625
-3.707431333e-07
-0.001199439645
-0.0008001784883
-0.001198871405
-0.0008002001133
1.681250937e-09
0.0007018357971
4.298188483e-07
-0.0007634959025
2.678031776e-09
-5.323472789e-07
-0.0007024603591
0.0006444319404
1.790258242e-09
0.0006436181881
-0.0007640527261
0.0009285851412
0.000655443377
4.229830727e-09
-0.0009247775496
-3.353589105e-07
0.0007433139347
0.0009557977671
0.0007422437463
0.0009553553097
-6.430351707e-09
-0.001019448862
5.508256501e-07
0.001065755374
-7.166006187e-10
-9.374940244e-07
0.001018870778
-0.0009907571293
-3.894278212e-09
-0.0009926549557
0.001065923222
0.0008526377579
-0.0009933793593
7.228396289e-09
-2.456486469e-07
-0.001127413865
-1.695840836e-07
0.0008253041935
-0.001126680824
3.833192413e-09
0.0008246648793
-2.120643386e-09
2.391752609e-07
4.351825365e-09
0.0006504206646
-0.001093512723
8.398326804e-07
0.001137679227
-0.0006954241376
0.001143649015
-0.0005908973154
0.0005611088326
-0.001115851098
-1.102134736e-06
-0.0006518481349
0.001184853938
0.0006089236341
-1.477605679e-06
0.001091611044
-0.0006299529546
-0.001053822188
0.001185704735
0.0006072643139
-0.0006277014977
-0.001058185202
0.001137492671
-0.0006968899267
-0.0007338252101
-0.00124341182
0.0006679259524
-3.80758542e-07
-0.001199474339
-0.0008001681288
-0.001198894994
-0.0008001794716
0.0007018313295
4.364341584e-07
-0.0007634808514
-5.356567556e-07
-0.0007024529638
0.0006444013172
0.0006435903772
-0.0007639981981
0.0009286555825
0.0006553674096
-0.0009246397854
-3.195224089e-07
0.0007432996574
0.0009558537915
0.0007422340813
0.0009553956619
-0.001019454116
5.469971033e-07
0.001065716348
-9.285194994e-07
0.001018885999
-0.0009908350143
-0.0009927206132
0.001065842731
0.0008526513038
-0.0009933912879
-2.561872715e-07
-0.001127416251
-1.6573513e-07
0.0008253268583
-0.001126667992
0.0008246730013
2.448594356e-07
4.723050881e-05
-1.352470978e-05
-1.079792637e-09
6.17886205e-08
5.80715229e-05
1.114881914e-07
6.033001205e-05
5.802900152e-05
5.768058332e-09
6.040839696e-05
-2.475159975e-10
-5.651669257e-09
1.020502392e-10
-3.560527041e-05
5.604701546e-05
2.190255708e-08
0.0001915465377
-3.642458007e-05
0.0001915522845
-3.658551833e-05
1.615535373e-08
-4.512592558e-05
-4.509814488e-05
4.724091958e-05
-1.349932844e-05
3.752968693e-08
5.806286734e-05
9.188808409e-08
6.031683557e-05
5.804168344e-05
6.038953934e-05
-9.512145807e-09
-0.0003413980566
-0.0005349365163
-9.86956645e-10
0.0004250098726
-3.197896465e-07
-0.0004648575855
-0.0002439623836
-0.0004657677492
-0.0002435256221
1.280186216e-09
0.000287867312
5.135899907e-07
-0.0002034175838
-2.035379932e-10
-6.03128905e-07
-0.0002886605154
0.0003607886229
-5.830510605e-10
0.0003597843815
-0.0002038500737
-0.0006058715222
-8.711246694e-05
9.04761324e-07
0.0005224895584
1.211602782e-09
-1.705879709e-06
0.0006024367766
-0.0006687678126
-9.011903207e-07
8.737089341e-05
0.000505453235
7.263714783e-05
0.0005953434054
1.251243465e-09
-0.0006696905991
1.059692641e-09
-0.0006753657128
0.0005073180886
7.701852699e-10
0.0005206315034
0.0001251523766
-0.000402156696
2.159999992e-09
-4.729291577e-07
-0.0004221902707
-0.0004231246055
1.743486039e-09
-0.000104601734
5.476010204e-07
1.501315196e-09
-5.535565222e-07
0.0001048612394
1.983416183e-09
0.0002427801655
-0.0006248353384
8.960158708e-07
0.0005507427055
-0.0001695836984
0.0006715317765
-0.0002050065987
0.0002604675206
-0.000728789987
-9.935664206e-07
-0.0002435328707
0.0006054520548
0.0003070890364
-1.71520666e-06
0.0006217423699
-0.000140875183
-0.0006847514126
0.000607405589
0.0003059126524
-0.000140369937
-0.000691188299
0.0005491722844
-0.0001700667715
-0.000341428914
-0.0005349180103
0.0004249833317
-3.253316017e-07
-0.000464906059
-0.0002440012175
-0.0004657972659
-0.0002435131413
0.000287859024
5.105730285e-07
-0.0002034243634
-6.03073641e-07
-0.0002886453687
0.0003607668981
0.0003597429457
-0.0002038685699
-0.0006058731968
-8.71091008e-05
9.072548421e-07
0.0005224925549
7.260389742e-05
0.0005953426239
-0.0006696635424
-1.70881466e-06
0.0006024397631
-0.000668770528
-9.034548883e-07
8.736239645e-05
0.0005054458219
-0.0006753469937
0.000507319338
0.0005206426412
0.0001251544123
-0.0004021605654
-4.831036976e-07
-0.000422187606
-0.0004231148827
-0.0001045991958
5.540059088e-07
-5.569870909e-07
0.0001048595295
-0.001359452182
-2.407217273e-09
0.005655205887
-1.647939432e-08
2.14553638e-09
0.00581595011
-0.000356851691
-0.000398237375
-0.0004098495447
0.00564350975
-0.001371800503
-0.00135944885
0.005788127887
0.005655350264
0.005816096889
-0.0003982383332
-0.0003568387625
-0.0004098320057
-0.001275694219
-1.196820699e-08
0.005973439276
-1.871584629e-08
-0.0003626662348
-0.0003873658187
-0.0003694314282
-1.175910819e-08
0.006111103659
-0.0003584160845
-0.0003477754044
-0.0003593605544
0.005900851328
-0.001329455988
-0.001275689439
0.006024377395
0.005973496329
-0.0003873666324
-0.0003626741358
-0.0003694175445
0.006111157718
-0.0003477561354
-0.0003584248985
-0.000359383505
-0.001123537454
-1.578176637e-08
0.006223242002
-7.639637796e-09
-0.0003190498517
-0.0003405596747
-0.0003181465236
-1.200578168e-08
0.006308762357
-0.0003126268957
-0.0002919233163
-0.0003114271355
0.006115748307
-0.001207116744
-0.001123564043
0.006203290216
0.00622332244
-0.000340507368
-0.000319135485
-0.0003182195295
0.006308824233
-0.0002920015846
-0.0003125559162
-0.0003113638525
-0.0009862385644
-1.367045644e-07
0.006384157082
-2.105733298e-08
-0.0002670005102
-0.0002880008059
-0.0002658916191
-1.074377462e-07
0.006280194547
-0.001033929448
-0.0009870561319
0.00638470709
-0.000287869269
-0.0002670941389
-0.0002659469125
-0.001474373588
2.021672963e-09
0.004860956153
6.102594041e-09
4.192911411e-09
0.00502866927
-0.0003829243947
-0.0004319014535
-0.0004284783566
0.004968777116
-0.001369231287
-0.001474379293
0.005135376238
0.004860820895
0.005028551098
-0.000431925391
-0.0003828928816
-0.0004284675123
1.074508394e-08
-0.0004021261433
-0.0004415888003
-0.0004504986249
-0.000397315181
1.539102313e-08
-0.0004364672391
-0.0004545244468
-0.0004413143979
0.001231619386
0.001364271677
0.001375358331
0.001231679776
0.000446779018
-0.001269608968
-1.777857513e-05
0.005256403974
-0.001598779159
-0.0004021412994
-0.0004415848566
-0.0004504745489
-0.000397287078
-0.0004544260727
-0.0004365819292
-0.0004414366136
0.001231674526
0.001364310286
0.001375357788
0.001231687345
-1.779093523e-05
0.0004467953608
-0.001269646083
0.0003887077686
-0.001521086296
5.235261653e-06
0.001537840356
-0.0004106958515
-1.23835312e-09
-6.532389124e-06
-0.000391096622
0.001508764898
-1.391863126e-05
0.001495821789
-0.00144844803
-0.0004306651067
0.001511600563
-0.0004003541611
-0.00151572677
1.099286088e-09
0.00152434789
-3.373099732e-09
-0.00151590994
-0.0004194505818
1.439416008e-09
0.001528126334
-0.0004181658989
0.000330975128
-0.00158875092
5.203683075e-07
0.001600640952
-0.0003433840777
-1.450729502e-09
-3.531395936e-07
-0.0003320587018
0.001580010737
-7.543701778e-07
0.001588012183
-0.001571994782
-0.0003708904026
0.001567863805
-0.0003546482235
-0.001554528261
-2.07129176e-09
0.00158034001
-7.385824313e-10
-0.001573853602
-0.0003702978288
-2.086092822e-09
0.001600385201
-0.0003439113575
0.0002720234136
-0.00161823108
4.359228148e-07
-0.0002742764091
-3.78766254e-09
-1.930989053e-07
-0.0002733190296
-6.332100933e-07
0.001619076117
-0.001617405971
-0.0002970022039
0.001605473305
-0.0002953190598
-0.001598647766
-5.908513258e-09
-3.711182921e-09
-0.001617304928
-0.000296874059
-4.356059215e-09
-0.0002746485931
0.0002126783134
-5.791183007e-07
-0.000226629824
-0.0002251392728
-5.979842028e-07
0.000212763514
-0.001327392418
-1.734563777e-08
0.00438317427
-6.757907848e-09
-3.102721437e-08
-0.001312346671
0.001052525499
0.001132937247
0.001158200755
0.004527737487
-0.001173907374
-0.001327619711
0.004382995528
-0.001149313852
-0.001312808903
0.001132928262
0.00105252335
0.001158195346
0.0004795706189
-0.001243320938
2.464673883e-06
0.001282205304
-0.0005209229632
3.304985445e-09
-1.934999961e-06
-0.00047852777
0.001279293687
-8.746005479e-06
0.001225514895
-0.001179668738
-0.0005039717817
0.001260467528
-0.000471063318
-0.001256494046
4.177915855e-09
0.001296785733
3.013796796e-09
-0.001225901091
-0.0004972319677
2.790868121e-09
0.001274090899
-0.0005246391071
0.0005447242348
-0.00139660088
8.296658672e-07
0.001444430502
-0.000593393967
1.044486807e-08
-1.431153766e-06
-0.0005475341696
0.0005078241635
0.001440787696
-1.194479687e-06
0.001396920277
-0.001352095494
-0.000586580845
0.001401176075
-0.0005395060481
0.0004946416373
-0.001359347785
5.433472114e-09
0.0005025547959
0.001441911474
2.8850375e-09
-0.001351557645
-0.000585756694
1.293315086e-08
0.001444546443
-0.0005943306764
4.575158622e-08
0.001383322835
-0.0001868622923
-0.0002396208136
0.001532084451
0.000271965035
3.728714147e-09
0.001383483738
-0.000187121605
4.139688285e-09
0.0002261226484
6.779174145e-09
0.001327955409
-0.0001705955962
-5.50428132e-09
-5.076163271e-08
-0.000225645589
0.0002573616311
0.001500577053
0.0002576327094
0.001500528155
-4.515392959e-09
0.001328051877
-0.0001703678438
-2.961361938e-07
-6.333202247e-08
-0.001231555232
-0.0001194529076
0.001387104664
-0.0001537009332
-0.001424454841
3.531958842e-09
0.0001908174388
-0.001231467118
-0.0001193261015
1.471582838e-09
6.964561836e-09
0.000988921368
0.001097677099
0.001081078153
-0.0003344573242
-0.0003589866676
-0.0003422292806
-0.0003120735226
6.167427722e-08
0.0009070312354
0.000996670018
0.001021511182
0.0009346771594
0.0003439998005
-0.0008973326039
-1.647866898e-05
0.004128944224
-0.00110840216
0.001097780985
0.0009887399369
0.001080852019
-0.0003343655223
-0.00035891904
-0.0003422739342
-0.0003121577254
0.0009070885233
0.000996694087
0.001021564903
0.000934745247
-1.646425297e-05
0.0003440066976
-0.0008973987858
0.0004482756142
-0.001071548022
1.468142436e-05
0.001041551585
-0.0004329610818
4.817176493e-10
-1.912140902e-05
-0.0004363683618
0.0004240418165
0.001040310322
-5.508197337e-07
0.0009944747862
-0.0003826086246
0.00109960206
-0.0004227625918
0.0004179991437
-9.967095761e-10
0.0004422121408
0.001086543736
3.958599964e-10
-0.000413786419
3.143955208e-09
0.001007980093
-0.0004351922362
-0.0006347193631
-2.677096711e-08
0.003802827781
-3.374959863e-09
-4.024026683e-09
-0.0004587668751
0.0008709441989
0.0009444022253
0.0009492828524
0.003967515642
-0.0005216970791
-0.0006343248693
0.003802341382
-0.000380642857
-0.0004586456629
0.0009442391265
0.000870997606
0.000949291202
0.0004228071476
-0.000827222806
2.778191388e-06
0.0007963101034
-0.0003946724978
-1.385284933e-10
-3.358358567e-06
-0.0004258667151
0.0004434587805
0.0008462882539
-7.303074508e-06
0.0008166127648
-0.000829940049
-0.0003434158007
0.000874518701
-0.0003606855603
0.0003883758791
-0.0009112015642
5.978794615e-10
0.0004421669823
0.0008518020922
-1.584573859e-09
-0.0008582658541
-0.0003369451025
-4.863296143e-10
0.0007918152469
-0.0003982910084
-0.0002406294911
-4.703613898e-09
0.0008321890406
0.0009135887679
0.0009094502804
0.003669010523
-3.914497607e-09
-2.353716127e-09
0.0008153715637
0.0008994758731
0.0008893883144
0.003710071377
-0.0001983094142
-0.0002405291151
0.0009136938255
0.0008321173207
0.0009093609185
0.003669036805
0.0008993931882
0.0008154866065
0.0008895210747
0.00013049905
-0.0008691804724
1.561293544e-05
0.0008120801526
-8.901321273e-05
1.547397723e-09
-1.550851312e-05
-0.0001266174938
0.0001597257908
0.0007918795853
-3.396228188e-06
0.0008025204011
-7.234665201e-05
0.0008764467054
-0.0001170099523
0.0001509804203
-1.919163773e-09
0.0001654060037
0.0008260303205
9.145050924e-10
-8.013636466e-05
-1.137476162e-11
0.0007781901387
-8.667430063e-05
0.0004374238329
0.001522047856
-3.899958536e-06
-0.0004532629406
-8.801985776e-09
-5.119002267e-06
-0.0003768627014
-2.165296512e-05
-0.001384482964
-0.0004353098644
-0.001525555259
-0.0004166829842
2.666266752e-10
1.408963715e-09
-0.0004321986545
6.13084904e-10
-0.0004187669281
-0.001409087239
-0.0004666542336
2.810005676e-06
0.001442652013
1.228963911e-09
-1.404207591e-05
0.001377354664
-0.001327249284
-2.929826889e-06
0.0004663669685
0.00143268196
0.0004633883489
0.001407857702
5.528372936e-10
-0.001387783797
8.714852457e-10
-0.001401318439
0.001440831866
-3.439579419e-09
0.001421559679
0.0004646188581
-0.001474921275
-7.736960067e-09
0.001510236969
-0.0005006007297
0.001466483132
-0.0004717038079
-5.377678665e-06
-1.258165192e-08
-2.397148162e-06
-0.00146214433
0.001493294009
4.53570292e-07
0.0004647292793
-0.0005060105422
-9.030133138e-09
0.00149651521
-1.221062318e-08
-0.0005053274421
0.0004374055019
0.001522012864
-3.907194983e-06
-0.0004532275288
-0.001525545971
-0.0004166671316
0.001515720445
-5.117696811e-06
-0.0003768610224
-2.163376469e-05
-0.001384502016
-0.0004352899773
0.001448440375
-0.0004321863218
0.001515898898
-0.0004187047919
-0.001409165167
-0.0004666500702
2.807636122e-06
0.001442746692
0.0004634880041
0.001407791471
-0.0004946662377
-0.001387786882
-1.4031892e-05
0.00137748927
-0.001327299068
-2.927079574e-06
0.0004663591271
0.00143258784
-0.0005078208511
-0.001401329133
0.001440742485
-0.000502531605
0.001421735115
0.0004646301738
-0.001474914003
0.001510223451
-0.000500616153
0.001466476606
-0.0004715782057
-5.391824939e-06
-2.388190737e-06
-0.001462122179
0.00149330727
4.85160814e-07
0.0004644836905
-0.000505890452
0.001496523232
-0.0005052767776
0.0003751900547
0.001556185042
2.089508628e-06
-0.000395623062
-1.185112208e-09
-2.596605755e-06
-0.0003776881356
-1.195429392e-06
-0.001551959419
-0.0003864898952
-0.001537582494
-0.0003659828475
-2.91389775e-09
-1.704367219e-09
-0.0003848443718
-2.464907373e-09
-0.0003994317071
-1.141046625e-06
0.000443318728
0.00157221715
0.001544353931
0.0004527491088
-3.579379129e-09
0.0004395346677
0.001572366733
4.174700064e-09
-0.00152595511
2.200647915e-06
0.001552593476
-1.964025616e-10
-3.864358208e-06
0.001523621802
-5.733010561e-09
0.001550975274
-6.421588027e-07
0.0004224394072
-0.001598273257
0.0004049971831
-3.10194579e-09
0.001617291355
0.0004203795702
-1.756497629e-10
0.001576253958
1.095036187e-06
9.929353092e-10
-6.597898433e-07
-0.001575078001
0.001595049064
-2.536792163e-09
0.001595749507
0.0003887056864
-0.001521086346
5.231748716e-06
0.001537846425
-0.0004106987451
0.001511596415
-0.000400362023
-6.526383863e-06
-0.0003910935068
0.001508754255
-1.391900748e-05
0.001495831137
-0.0004306946929
0.001524354801
-0.0004194670411
0.001528143488
-0.0004181741019
0.0003751935409
0.001556185384
2.088938488e-06
-0.0003956226211
-0.001537562893
-0.0003659785305
0.001554523953
-2.600239345e-06
-0.0003777013112
-1.191974489e-06
-0.001551959236
-0.0003864843414
0.001571995003
-0.0003848417355
0.00157385414
-0.0003994281198
0.001544348607
0.0004527497484
-1.145717755e-06
0.0004433006366
0.001572256308
0.0004395164188
0.001572403028
-0.00152595364
2.197410206e-06
0.001552573709
-3.846565249e-06
0.001523614465
0.001550938407
-0.001598282368
0.0004049982799
0.001617288738
-6.428382157e-07
0.0004224647123
0.0004204000772
0.001576251988
1.100163241e-06
-6.560927822e-07
-0.001575075154
0.001595049137
0.001595749894
0.0003216487747
0.001609693608
4.545955596e-07
-0.0003311535503
-2.477111035e-09
-3.672932962e-07
-0.0003223027322
-4.31900499e-07
-0.001609696188
-0.000308834394
-0.001590197638
-0.0003005877241
-3.121768087e-09
-3.286950996e-09
-0.0003086286011
-2.343265649e-09
-0.0003311591307
-1.387500232e-07
0.0003552386088
0.00163952431
0.00163004575
0.000385821206
-1.817802964e-09
0.0003551183627
0.001639658559
-1.089270592e-09
-0.001610871943
2.501611008e-07
0.001622357646
-1.581321001e-09
-4.030485179e-07
0.001610543454
-2.104439305e-09
0.001622120869
-1.19664063e-07
0.0003370985818
-0.001630322779
0.000317172625
-2.929303412e-09
0.001620511926
0.0003372490443
-2.16658965e-09
0.001628237275
2.194473438e-07
-3.581949049e-09
-1.961594991e-07
-0.001628279763
0.001636500355
-2.103532476e-09
0.001636587233
0.000330985684
-0.001588751469
5.200760852e-07
0.001600631114
-0.0003433868536
0.001567904041
-0.000354641227
-3.592678463e-07
-0.0003320869476
0.00157997889
-7.518111172e-07
0.00158801552
-0.0003708800468
0.001580310185
-0.0003702924614
0.001600363989
-0.0003439153415
0.0003216423765
0.001609694218
4.527318292e-07
-0.0003311607009
-0.001590222407
-0.0003006433123
0.0015986382
-3.629994416e-07
-0.0003222877995
-4.356232577e-07
-0.001609708543
-0.0003089124755
0.001617437785
-0.0003086928666
0.001617305788
-0.0003311796282
0.001630027161
0.0003858165159
-1.389861966e-07
0.0003553071311
0.001639413738
0.0003551800484
0.001639551811
-0.001610870747
2.524780991e-07
0.001622409892
-4.010970936e-07
0.001610548697
0.001622192959
-0.001630351379
0.000317076153
0.00162053874
-1.136481794e-07
0.0003370455298
0.0003371992116
0.001628234856
2.099528859e-07
-1.873248197e-07
-0.001628268815
0.001636327012
0.001636428717
0.0002866183953
0.001605796935
3.26547313e-09
-0.001626127089
-0.0002675383838
1.760988905e-07
0.001619216311
-3.346441801e-09
-2.046080819e-07
0.001626238783
-1.211972419e-07
0.0002676945634
0.001595708908
-1.256895675e-10
0.001595774195
-4.12329408e-09
0.001619460844
0.001606890769
-0.0002605879647
2.883309087e-07
-6.618955653e-09
-2.624726864e-07
-0.001607271171
0.001595386589
-2.858312858e-07
0.0002610359802
-0.0002341176045
0.0002470356364
-0.001568906895
-3.959069026e-09
-0.0002195871495
0.001541057973
-6.971201686e-09
0.001595005502
-3.442384631e-09
-0.0002340030773
0.0002720243691
-0.001618231745
4.337512628e-07
-0.0002742778861
0.001605534234
-0.0002952537889
-1.971997009e-07
-0.0002733275175
-6.183862467e-07
0.001619082247
-0.0002969030357
-0.0002968024841
-0.0002746500761
0.0002867041285
0.001605810714
-0.0002720492235
-0.00162612713
-0.0002675518946
1.718731549e-07
0.001619225922
-2.031089739e-07
0.001626240318
-1.141368593e-07
0.0002677192449
0.001595636508
-0.0002573113138
0.001595723207
-0.0002575826402
0.001619481363
0.001606890737
-0.0002605793623
2.817131552e-07
0.0002469147506
-0.001568963023
-0.0002194441468
0.001541097972
-2.507304457e-07
-0.001607259548
0.001595324304
-2.857621108e-07
0.0002610128099
-0.0002342177792
0.001594994573
-0.0002341083557
0.0004468146508
0.001226859364
6.362526547e-07
-0.0004539129806
1.223057189e-09
-5.070622943e-06
-0.0003938459491
-1.54247235e-05
-0.001129743441
-0.0004690296327
-0.001255552255
-0.0004559455831
1.488979324e-09
8.834149309e-10
-0.000470413628
1.591192156e-09
-0.0004142352372
-0.001165097655
-0.0004267171209
1.800878974e-05
0.001172105866
1.744834314e-09
-6.168330917e-06
0.001061786457
-1.93688693e-05
0.0004018513021
0.00107708521
0.0004115923071
0.001134760295
-1.582704126e-09
-7.298174392e-10
0.001130885135
1.313823818e-09
0.001112048504
0.0004926948064
-0.001138939079
2.258414612e-09
0.001153063745
-0.0005114873012
0.0011657529
-0.0004543567914
6.795385796e-06
1.392113242e-09
-5.507776668e-06
-0.001145720381
0.001172788674
-1.13403268e-05
0.0004411117349
-0.000470539823
1.101151454e-09
0.001182525198
1.614736422e-09
-0.0004737526753
0.0004468157083
0.001226867177
6.375472316e-07
-0.0004539266017
-0.001255568387
-0.0004559230838
0.001256466074
-5.071106665e-06
-0.0003938475536
-1.542681128e-05
-0.001129757669
-0.0004690133139
0.001179689103
-0.0004704019194
0.001225920788
-0.0004142615242
-0.001165100461
-0.0004267089079
1.800803346e-05
0.001172112519
0.0004115740065
0.001134788112
-0.0004180155898
-6.164538248e-06
0.001061803829
-1.936827523e-05
0.0004018410837
0.001077091153
-0.0004239949906
0.001130872613
-0.0004421603678
0.001112069327
0.0004927033581
-0.001138884495
0.001153087356
-0.0005115758135
0.001165761352
-0.0004543699419
6.79590179e-06
-5.509312264e-06
-0.001145739946
0.001172821313
-1.134177088e-05
0.0004411362464
-0.0004704884619
0.001182554574
-0.0004737219783
0.0005136045463
0.001312628298
-4.544365553e-07
-0.0005435791732
6.067701983e-09
4.848288307e-06
-0.0005061424493
0.0004606112828
-5.265132577e-07
-0.001311476939
-0.0005698926377
-0.0013218141
-0.000530728941
7.01118267e-09
0.0004915444961
5.055180432e-09
0.0004934194198
-0.0005701950695
1.02739424e-08
-0.0005439829183
-1.497721835e-06
0.0005675406767
0.001220059124
0.001180978892
0.0005305683176
4.848747254e-10
0.0005650514285
0.00122172388
6.908671104e-10
-0.001211828467
1.917496904e-06
0.00125403687
2.563657439e-09
-4.031953775e-06
0.001206506437
1.120996236e-09
0.001251325495
-0.001272914312
0.00061175476
1.058495462e-08
0.0013286563
-6.872616634e-07
0.0005925069491
0.000591736741
3.752222453e-09
0.001301587945
5.990756698e-07
7.415144028e-09
-3.41751206e-07
-0.001300448603
0.0013431376
1.268380589e-08
0.0013427932
0.0004795856256
-0.001243328373
2.468565846e-06
0.001282223502
-0.0005209460198
0.001260559369
-0.0004710804076
-1.939173384e-06
-0.0004785575466
0.001279298981
-8.749283222e-06
0.001225534232
-0.0005039671184
0.001296772223
-0.0004972344927
0.001274133756
-0.0005246885056
0.0005135985382
0.001312642093
-4.443345042e-07
-0.0005435667276
-0.001321827195
-0.0005307154019
0.00135936174
0.0004915312086
4.83711998e-06
-0.0005061322364
0.000460581935
-5.432806342e-07
-0.001311515775
-0.0005698917507
0.001352166175
0.0004933857504
-0.0005701992413
0.001351592931
-0.0005439585787
0.001181000258
0.0005305448745
-1.498636261e-06
0.0005674998982
0.001220096023
0.0005650100993
0.001221756525
-0.001211832999
1.920561389e-06
0.001253979076
-4.033076268e-06
0.001206522693
0.001251254644
-0.001272890722
0.0006117895255
0.001328680874
-6.917034591e-07
0.000592531884
0.0005917682277
0.001301580457
6.07533339e-07
-3.605735805e-07
-0.001300435483
0.001343189296
0.001342822851
-2.397586461e-07
-0.001493621634
-0.0005905566862
-0.000542788883
-0.001484951525
-1.782349946e-08
-0.001493307463
-0.0005908132007
-6.801954678e-08
0.000548684046
3.332389226e-07
-0.000597861198
-3.304890307e-08
-3.376897834e-07
-0.0005496137054
-2.114526947e-08
-0.000598355668
0.001379236797
0.0006344341073
1.15021406e-08
-2.105079476e-07
0.0006456455347
0.001427772351
0.000645464917
0.001426886247
9.539311417e-09
-0.001391050422
3.773498616e-07
0.001442728334
1.568577462e-08
-4.04011276e-07
0.001391649591
1.61775447e-08
0.001443341792
-0.001466131491
0.000640275015
-2.617206185e-08
-1.894636535e-08
0.0006477901753
0.0006477591578
1.576642503e-09
-2.032270255e-07
-0.0014929031
-0.001492498024
-6.603790708e-08
1.268027326e-07
1.460842456e-09
0.0005447172665
-0.001396643204
8.774432435e-07
0.001444477122
-0.0005934181832
0.001401161452
-0.0005395040635
-1.456640774e-06
-0.0005475023118
0.001440789247
-1.21869087e-06
0.001397046551
-0.0005865960474
0.00144189335
-0.0005857600994
0.001444794341
-0.0005943726624
-0.0005428632588
-0.001484866079
-9.919917461e-09
-0.001493786907
-0.0005907509516
-0.001493208273
-0.0005907762571
0.000548579443
3.509538452e-07
-0.0005976946101
-3.087844069e-07
-0.0005493898657
-0.0005980314798
0.00137926059
0.0006344273886
-2.442252006e-07
0.0006457342612
0.001427833901
0.0006454955839
0.001426884498
-0.001391070531
4.390522045e-07
0.001442724559
-4.357826855e-07
0.001391731307
0.001443531955
-0.001466176734
0.0006403051435
-3.838419481e-08
0.000647890133
0.0006477157893
-8.706344036e-08
-0.001493683604
-0.001492454197
2.929954351e-07
0.0002042165159
0.001278254911
2.399040731e-09
-0.0001545141161
-4.294966971e-09
-8.954796641e-08
-0.0002037773141
-6.61118195e-08
-0.001278277419
-0.0001269333479
-0.00147065594
-0.000173571769
-3.38229627e-09
-3.90441329e-09
-0.0001268493339
-7.507982464e-10
-0.0001540004514
0.0008177026833
0.0001218527488
-3.611623335e-09
4.07839186e-08
0.0001041087672
0.0007664208148
0.000104199615
0.0007666450379
-4.635084412e-09
8.504588899e-08
0.001143832009
0.001144126787
1.462470595e-10
-2.23489267e-08
0.001077756656
-3.502432988e-09
0.001077550586
-0.000719699629
8.369181412e-05
2.356033361e-09
0.0006851633172
2.453363378e-08
9.606469658e-05
9.632912562e-05
-2.301160134e-09
0.001019593053
-1.767994594e-08
-3.696761056e-09
-4.095565e-08
-0.001019597165
0.0009763921992
1.018792983e-09
0.0009763935898
-0.0002396799088
0.001532071803
2.052283448e-08
0.001383390882
-0.0001869643907
0.001383538173
-0.000187219505
0.0002261237191
-1.115696015e-09
0.001327960681
-0.0001705505884
-4.404775914e-08
-0.0002256479022
0.001500599767
0.001500564332
0.001328063072
-0.0001703212123
0.0002042036866
0.00127825437
-2.979585351e-09
-0.0001544987018
-0.001470568022
-0.000173529009
0.001424476545
-8.772707226e-08
-0.0002037558314
-6.579407675e-08
-0.001278274421
-0.0001269585883
0.001231609612
-0.0001268765686
0.001231535386
-0.0001539701627
0.0008177122798
0.0001218526978
5.850426622e-08
0.0001041730475
0.0007663156679
0.0001042611016
0.0007665631577
7.281150464e-08
0.001143787229
0.001144058343
-2.877559971e-08
0.001077794135
0.001077610289
-0.0007197099261
8.375283893e-05
0.0006851839984
2.597385481e-08
9.600108113e-05
9.628565147e-05
0.001019598594
-2.120606264e-08
-5.053307723e-08
-0.001019620009
0.0009764418953
0.000976425361
9.005619932e-05
-7.158969282e-09
-2.038695855e-09
-2.745191344e-09
-0.0001537565693
0.000190868294
-7.229869711e-08
-0.0001194929596
-0.0001193350023
9.000703634e-05
7.854151105e-09
-3.262529162e-06
-0.001025925948
-0.0005675761555
-0.0005391299308
-0.001092533664
1.490304419e-09
-0.001037506584
-0.00056302915
-2.035650272e-09
0.000490886561
8.602674507e-06
-0.000495444807
5.754858154e-10
-1.114293883e-05
-0.000493340772
1.024159732e-09
-0.0005026839441
-0.0009804698059
-0.00044308664
4.722695974e-06
0.0009858715142
1.156077475e-09
-5.123274354e-06
0.0009662496037
-0.0009503253082
-3.723796579e-06
0.0004426050683
0.0009130284775
0.0004032316099
0.0009236003395
-1.215816186e-09
-0.0009471937048
1.465670626e-09
-0.0009961493522
0.0009189578836
-9.956975511e-10
0.0009783851363
0.0005760216666
-0.0009242218127
3.493220101e-09
-0.0005778482562
-1.828130196e-06
-0.0009779325997
-0.0009814891082
-1.454913395e-09
-0.0004946374558
3.573776561e-06
1.282348315e-09
-2.255052473e-06
0.0004986576234
-0.0005043216665
1.51267126e-09
-0.0005021579434
0.000448265629
-0.001071513653
1.46812727e-05
0.001041526974
-0.0004329597342
0.001099577239
-0.0004226342467
-1.911468351e-05
-0.0004363381966
0.001040333285
-5.550715084e-07
0.0009943958226
-0.0003826267524
0.001086568218
-0.0004138478062
0.001007927998
-0.0004351890951
-0.0005390906773
-0.001092580643
-3.251838662e-06
-0.001025986355
-0.0005675201802
-0.001037562304
-0.0005629674438
0.0004908739284
8.599889097e-06
-0.0004955085661
-1.114055104e-05
-0.0004933102826
-0.0005027687449
-0.0009804837687
-0.0004430746652
4.723143626e-06
0.0009858767163
0.0004032163016
0.0009236439736
-0.0003883590243
-0.0009472308695
-5.117433964e-06
0.0009662873726
-0.0009503927877
-3.717126262e-06
0.0004425865279
0.0009130550832
-0.0004434132486
-0.0009962312403
0.0009189642475
-0.0004421130584
0.000978407952
0.000576065149
-0.0009241719716
-0.0005778170201
-1.824429882e-06
-0.0009779244213
-0.0009814487894
-0.0004946601274
3.580777298e-06
-2.261423559e-06
0.0004987044323
-0.0005042709347
-0.0005021277585
0.0002977561536
0.0009049926111
2.00315028e-06
-0.0002642096057
6.311837426e-10
-2.66500126e-06
-0.000268537896
0.0002848498059
-1.269898345e-05
-0.0008417315251
-0.0002937577368
-0.0009506337311
-0.0003241117158
-7.843852006e-10
0.0003477041167
2.145506267e-09
0.0003187835851
-0.0002900822617
-1.684392971e-09
-0.0002432229445
-0.0009190701224
-0.0002024592547
1.340016383e-05
0.0008811787689
1.068060782e-10
-3.616260754e-06
0.0008468716736
-1.519914856e-05
0.0001911565739
0.0008212513759
0.0001825347332
0.0009097006817
2.170039448e-09
-2.817433199e-10
0.0008574480477
2.305885526e-10
0.0008430003283
0.0002627004912
-0.0008028176865
-4.619791161e-09
0.0007571509079
-0.0002208615292
0.000839482879
-0.0002282964764
5.78241796e-06
3.40257496e-10
-4.746049608e-06
-0.0008266297609
0.0008002926554
-8.575720941e-06
0.0002210699661
-0.0001805317326
-9.252097526e-11
0.0008073551472
-1.327369519e-09
-0.0001822405131
0.0002977690123
0.0009050083513
2.003730976e-06
-0.0002642534779
-0.0009505663819
-0.0003240479619
0.0009110837098
0.000347678239
-2.675766135e-06
-0.0002685703158
0.0002848883349
-1.269174656e-05
-0.0008417496553
-0.0002937345997
0.0008300063252
0.0003187676842
-0.000290077342
0.0008583442959
-0.0002433033241
-0.0009190678247
-0.0002024596085
1.340118202e-05
0.0008812108929
0.0001824478825
0.0009096150508
-0.0001509842338
-3.611617365e-06
0.0008468763166
-1.521193853e-05
0.0001911388655
0.0008211053927
-0.0001596645338
0.0008573530287
-0.0001654092986
0.0008430582948
0.0002626653194
-0.0008028778689
0.0007572299428
-0.0002208276899
0.0008394746092
-0.0002282981592
5.781300563e-06
-4.743638881e-06
-0.0008266089804
0.0008002509702
-8.574691169e-06
0.0002210727129
-0.00018069901
0.0008073188518
-0.0001823990213
-0.0005653271382
-0.0008373543273
-6.496336388e-10
-7.025689656e-07
-0.0007605548293
-0.0005312002938
-0.0007624508333
-0.0005297041072
1.626085905e-09
0.0004893340702
1.251835997e-06
-0.0004567262469
-3.893354528e-10
-1.625118609e-06
-0.0004913866215
-1.224099457e-09
-0.0004588743644
-1.260178006e-06
0.0003567194845
0.000658997374
0.0007105367424
0.0003049340187
-4.383008238e-09
0.0003543928474
0.000660835788
-4.501080251e-09
-0.0007720802467
1.683493044e-06
0.00073011447
2.63223935e-09
-3.261822169e-06
0.0007676915833
1.992510089e-09
0.0007278035507
0.000485767098
-0.0006096923507
1.202243793e-09
-5.005615397e-07
-0.0006817357252
-0.0006827483274
2.922868452e-09
-6.936518113e-07
0.000411934611
0.0004102351209
-9.538201617e-10
8.719261638e-07
3.091753888e-09
0.000422804447
-0.0008272131581
2.778255405e-06
0.0007963159242
-0.0003946856083
0.0008744818196
-0.0003607616462
-3.357056268e-06
-0.0004258643054
0.0008462934208
-7.299045514e-06
0.0008165996977
-0.0003434143183
0.0008518145677
-0.0003369300438
0.0007918304875
-0.0003983168417
-0.0005653172858
-0.0008373961852
-7.021446696e-07
-0.0007604893714
-0.0005312900812
-0.0007624128515
-0.0005297843693
0.0004893274984
1.253283697e-06
-0.000456678098
-1.616899463e-06
-0.0004913652479
-0.000458770845
0.0007105925001
0.0003049474574
-1.226750838e-06
0.0003566608428
0.0006590857637
0.0003543495613
0.0006609243391
-0.000772075583
1.686471947e-06
0.0007300556958
-3.262674669e-06
0.000767681063
0.0007277115354
0.0004857677717
-0.0006097045579
-5.135774588e-07
-0.000681775415
-0.0006827892009
-6.765298041e-07
0.00041195799
0.0004102852438
8.767336949e-07
-3.799699266e-06
-0.0007414643639
-0.0001118319924
-0.0001720874549
-0.0007814145275
1.219421477e-09
-0.0007557292802
-0.000111262328
-1.008563405e-10
0.0001469039792
9.403163414e-06
-9.995780428e-05
1.532546291e-09
-9.276779456e-06
-0.0001462549558
2.476223103e-09
-0.0001001260213
-0.0008467299307
-4.573461054e-05
1.520703234e-05
0.0007882441994
9.60387004e-11
-3.320151326e-06
0.0007830863982
-1.534450581e-05
4.456839991e-05
0.0007614194978
4.079670213e-05
0.0008553901679
-2.466152525e-10
-1.432799424e-09
0.0007942995722
4.595439016e-11
0.0007561875266
-3.790026802e-06
-0.0007174413964
5.928962297e-05
-0.0007327988663
1.812410404e-09
-0.000731130268
1.821545779e-09
-5.211424145e-05
9.270236482e-06
1.300814208e-10
-9.371618532e-06
5.210965613e-05
1.187141589e-09
0.0001304976448
-0.0008691733355
1.561390127e-05
0.000812089608
-8.902627375e-05
0.0008765209077
-0.00011696957
-1.549891428e-05
-0.0001265989285
0.000791990675
-3.398981567e-06
0.0008025008456
-7.236281754e-05
0.0008261112511
-8.018098284e-05
0.0007782218587
-8.670604388e-05
-0.0001720598529
-0.0007813290928
-3.80046845e-06
-0.0007413816673
-0.0001119522621
-0.0007556629674
-0.0001113857567
0.0001469040577
9.412346105e-06
-9.988823384e-05
-9.289669667e-06
-0.000146260795
-0.0001000082598
-0.0008467484116
-4.573024372e-05
1.520320192e-05
0.0007882492729
4.071526406e-05
0.0008553807275
-3.305510491e-06
0.0007831401152
-1.53447382e-05
4.455260711e-05
0.0007614051249
0.0007942927303
0.0007561898783
5.931018159e-05
-0.0007327977754
-3.787945774e-06
-0.0007175299396
-0.0007312086938
-5.210929132e-05
9.261765264e-06
-9.371899952e-06
5.208655634e-05
-2.406455736e-05
-0.001258531848
3.573690637e-06
0.000419048016
0.0004685015242
-0.001382523777
4.384827277e-09
-0.001398474319
4.053733142e-09
0.0004787375777
3.442109673e-09
5.119218754e-06
3.753049525e-09
0.0004684881934
-0.001382530405
-2.407470279e-05
-0.001258570301
3.566344899e-06
0.0004190440394
-0.001398496438
0.0004787354255
5.125989336e-06
-5.244353083e-07
0.0002117582755
3.072821238e-09
-1.85190939e-09
0.0002118426023
-5.406741465e-07
-1.534359188e-05
-0.0009254392398
-3.566792887e-06
0.0002981152279
0.0003615821404
-0.0009775484511
-1.947687956e-09
-0.001008897559
8.65416407e-11
0.0003343372847
1.07113154e-09
4.720380057e-06
1.244865241e-09
0.0003615884944
-0.0009776073278
-1.532991819e-05
-0.0009254216941
-3.548412348e-06
0.0002981264833
-0.001008891619
0.0003343071003
4.707690922e-06
2.489617148e-06
-9.325349987e-10
5.238168138e-05
-4.780383787e-05
4.780157817e-07
-9.423808959e-09
2.522619686e-05
-2.320517155e-05
-1.239320926e-08
6.945438383e-06
-6.455029622e-06
2.489060462e-06
5.238071828e-05
-4.780285507e-05
-1.304499023e-09
4.778264198e-07
2.522551958e-05
-2.320465523e-05
-9.632019643e-09
6.945178692e-06
-6.454859494e-06
-1.249402056e-08
-4.326853457e-07
-2.988563257e-06
2.45652007e-06
-1.327894082e-07
-1.18478692e-07
-1.451687989e-06
1.241821989e-06
-1.043405947e-07
-4.011932771e-07
3.630709391e-07
-8.035708076e-08
-4.346986842e-07
2.451174995e-06
-1.339973692e-07
-2.984163974e-06
-1.190940117e-07
1.238889281e-06
-1.049426308e-07
-1.449551226e-06
3.621296588e-07
-8.06498232e-08
-4.005743561e-07
-1.431081194e-06
1.157111293e-07
3.668169214e-05
-3.477673738e-10
-3.936274687e-05
-2.053948381e-07
8.503839955e-08
1.699348964e-05
-1.829407814e-10
-1.830403151e-05
6.845380274e-08
4.553990964e-06
-8.575520688e-11
-4.827752415e-06
-1.75932625e-06
3.667612471e-05
-3.935900328e-05
-3.511519913e-07
1.698568726e-05
-1.830882213e-05
4.549765764e-06
-4.832466125e-06
-2.958445607e-06
-1.671575407e-05
1.159280922e-07
1.145318579e-05
-3.405835877e-10
-5.574033633e-07
-7.48222296e-06
8.924660451e-08
4.99211279e-06
-1.778615273e-10
-1.884951414e-06
7.002756383e-08
1.257605191e-06
-8.237514217e-11
-5.039239893e-06
-7.790770525e-08
1.668500301e-05
-2.465909653e-05
-1.166735766e-06
-7.540806035e-08
7.46894411e-06
-1.126603647e-05
-6.798636889e-08
1.88165857e-06
-2.980407572e-06
-4.751558474e-06
-2.467527365e-05
-3.829468981e-10
-1.031584457e-06
-1.127740446e-05
-2.012038988e-10
-2.984426846e-06
-9.381084892e-11
-3.290288735e-06
1.141286842e-05
-7.019465594e-07
4.969849798e-06
1.249738074e-06
2.540929509e-06
1.145591704e-10
5.225104202e-05
-4.765769597e-05
5.050661671e-07
9.892893328e-11
2.514757341e-05
-2.312123566e-05
4.805054536e-11
6.915826029e-06
-6.423201852e-06
-9.609187278e-08
-5.933795723e-08
-3.059245483e-06
-3.785779095e-08
-4.763261155e-08
-1.462288261e-06
-3.965857129e-08
-3.993923973e-07
6.273216801e-08
2.976178263e-06
3.066975658e-10
-3.075522594e-06
3.81240061e-08
1.445427091e-06
1.75792342e-10
-1.468625634e-06
3.995598762e-07
8.674900309e-11
-4.011786641e-07
4.415169864e-06
-1.130210049e-07
-1.668584881e-05
7.893339538e-11
2.402650163e-05
9.255261664e-07
-8.738343604e-08
-8.200959952e-06
4.151032785e-11
1.177794612e-05
-7.035944909e-08
-2.305114868e-06
1.930353323e-11
3.300981084e-06
4.752395127e-06
-1.674528399e-05
2.411491207e-05
1.073370905e-06
-8.234284227e-06
1.182592464e-05
-2.315753027e-06
3.318765308e-06
5.707966954e-08
3.407818925e-06
-1.407093303e-07
-2.969408709e-08
1.619552434e-06
-1.075817854e-07
4.406577275e-07
-8.010308152e-08
-6.672852829e-07
-6.896226527e-08
5.17066776e-05
-1.815291853e-07
-4.767206253e-08
2.478743628e-05
-3.500734211e-08
6.798657363e-06
-4.223158018e-07
5.167995578e-05
-5.225014757e-05
-6.904657984e-11
-8.884039342e-08
2.476590279e-05
-2.51470085e-05
-4.13931607e-11
6.791780404e-06
-6.915607225e-06
-2.022735946e-11
-1.367950929e-06
-1.390347621e-08
5.005807536e-05
-3.607847371e-07
-4.204198906e-08
2.382231265e-05
-4.930062847e-08
6.487173152e-06
-1.215427002e-06
-2.189579429e-10
4.999183497e-05
-2.736888426e-07
-1.391693133e-10
2.378226355e-05
-7.999987119e-11
6.468871898e-06
-3.795940884e-06
3.041298046e-05
5.459165201e-08
-3.431101763e-10
-8.504011819e-07
1.398646721e-05
6.166017867e-08
-1.78780447e-10
3.643127593e-06
6.054372126e-08
-8.285171387e-11
-3.564079317e-06
-1.341079757e-07
-3.03991593e-05
-7.431100399e-07
-1.021091302e-07
-1.398489791e-05
-7.918408112e-08
-3.644335217e-06
-3.186750917e-06
-3.604818535e-10
-5.796065245e-07
-1.905679738e-10
-8.863906884e-11
-4.028421982e-06
-9.659718489e-07
-1.430866422e-06
1.151382751e-07
3.668139288e-05
-3.93621411e-05
-2.053472182e-07
8.472879651e-08
1.699335735e-05
-1.830378958e-05
6.83021872e-08
4.553960773e-06
-4.827697054e-06
-1.758313142e-06
3.667534411e-05
-3.93573071e-05
-3.508691518e-07
1.698532371e-05
-1.830803747e-05
4.549679041e-06
-4.832247447e-06
-3.795798483e-06
3.041284779e-05
5.400083405e-08
-8.503726564e-07
1.398641272e-05
6.134280675e-08
3.643114551e-06
6.038993719e-08
-3.563548652e-06
-1.334538422e-07
-3.039880464e-05
2.465884547e-05
-7.429464065e-07
-1.017605252e-07
-1.398475216e-05
1.126591142e-05
-7.901690869e-08
-3.644299331e-06
2.980369806e-06
-3.186716009e-06
2.46751626e-05
-5.796014709e-07
1.127734527e-05
2.984407652e-06
-4.027682312e-06
-9.65767159e-07
-2.6235098e-06
7.069797132e-08
-3.174593985e-10
6.725967796e-06
-5.392423698e-07
6.19808196e-08
-1.600122482e-10
2.846028027e-06
5.357446499e-08
-7.372869821e-11
6.648643585e-07
-2.840943391e-06
6.698840787e-06
-6.421110321e-07
2.833001045e-06
6.611995373e-07
-2.958336298e-06
-1.671572532e-05
1.15347714e-07
1.145320032e-05
-5.573738084e-07
-7.482205901e-06
8.893536634e-08
4.992130678e-06
-1.884945779e-06
6.98771158e-08
1.257611752e-06
-5.03856386e-06
-7.724451302e-08
1.668497328e-05
-1.166528337e-06
-7.505327043e-08
7.468930251e-06
-6.781584909e-08
1.881656743e-06
-4.7514359e-06
-1.031550706e-06
-3.289724184e-06
1.141293728e-05
-7.017712054e-07
4.969914089e-06
1.249760809e-06
-2.623451346e-06
7.015994894e-08
6.725997027e-06
-5.39225181e-07
6.170138401e-08
2.846046026e-06
5.344015412e-08
6.648716404e-07
-2.840566345e-06
6.698866675e-06
-6.419801586e-07
2.833031429e-06
6.612179553e-07
-2.528277052e-06
2.569553843e-06
-1.835049572e-07
-5.429050674e-07
9.882236312e-07
-1.405619706e-07
2.215067614e-07
-1.031933127e-07
-5.186848269e-07
-7.430238529e-08
1.706248273e-06
-1.3764423e-07
-5.657020637e-08
9.17352795e-07
-4.514304718e-08
2.705704598e-07
-3.116833521e-07
-4.086073204e-10
-2.434569976e-06
1.68755361e-06
-4.576813688e-08
-2.321670207e-10
-1.228801951e-06
9.0654847e-07
-1.166835837e-10
-3.578562421e-07
2.670624911e-07
-1.415243209e-06
-1.707401571e-06
-4.477604151e-07
-1.608470301e-07
-3.202623785e-07
-9.178073467e-07
-5.182309415e-08
-1.253491722e-07
-2.706912257e-07
4.301182453e-08
-9.258234953e-08
-5.131342722e-07
-7.289459116e-08
-1.362166464e-07
-5.58361944e-08
-4.477895594e-08
-3.107876e-07
-2.432754328e-06
1.687895636e-06
-4.561839385e-08
-1.227866844e-06
9.066294195e-07
-3.575779846e-07
2.670646479e-07
2.873316802e-06
-3.836620393e-08
4.413122443e-05
-3.909646984e-05
1.451415934e-10
5.59481966e-07
-4.058348427e-08
2.145199001e-05
-1.909764019e-05
7.047727271e-11
-3.396089426e-08
5.937071482e-06
-5.343650114e-06
2.240510209e-11
2.306557953e-06
8.552656531e-08
-4.415212878e-05
5.346458254e-07
4.51763863e-08
-2.147791843e-05
2.566526299e-08
-5.945878346e-06
2.084504545e-06
4.765673515e-05
-7.6975699e-11
-4.413052682e-05
4.604756248e-07
2.312073245e-05
-4.116797835e-11
-2.145148711e-05
6.423026048e-06
-1.910901214e-11
-5.936866335e-06
2.540837074e-06
5.050265652e-07
-7.358303055e-08
7.286053254e-11
3.866655356e-08
3.439628572e-11
1.456549713e-11
-7.298698233e-08
-2.974724448e-06
3.889005384e-08
-1.444653475e-06
-3.993230274e-07
4.999130025e-06
-8.627176655e-06
-1.09535222e-07
1.553986133e-10
1.073786641e-06
-4.181582341e-06
-9.411594318e-08
8.231868247e-11
-1.151746405e-06
-7.96198488e-08
3.832451448e-11
5.567377266e-06
1.413063324e-07
8.664190735e-06
1.251020406e-06
1.146952863e-07
4.203048384e-06
9.238291947e-08
1.159023413e-06
5.124671079e-06
2.179089936e-10
1.059038122e-06
1.18101578e-10
5.588370681e-11
5.361700603e-06
1.23634865e-06
4.415249176e-06
-1.128227223e-07
-1.668553913e-05
2.402612456e-05
9.255593059e-07
-8.727854825e-08
-8.200802403e-06
1.1777812e-05
-7.030841927e-08
-2.305070247e-06
3.300957545e-06
4.752242946e-06
-1.674446808e-05
2.411395313e-05
1.073329906e-06
-8.233861813e-06
1.182549636e-05
-2.315630766e-06
3.3186532e-06
4.999081816e-06
-8.626981694e-06
-1.091992862e-07
1.073781573e-06
-4.181487104e-06
-9.393336141e-08
-1.151719206e-06
-7.953067048e-08
5.566668456e-06
1.408250089e-07
8.663646384e-06
1.2508214e-06
1.14436821e-07
4.20277678e-06
9.225812464e-08
1.158942577e-06
5.124593691e-06
1.059025774e-06
5.361236906e-06
1.236217981e-06
5.682457315e-08
3.40989029e-06
-1.412664545e-07
-2.982690779e-08
1.620314318e-06
-1.078734833e-07
4.408427423e-07
-8.023951671e-08
-2.15543692e-06
-5.006015472e-05
4.72860642e-05
-1.056020458e-07
-5.257253215e-07
-2.38235051e-05
2.227032403e-05
-7.653292658e-08
-6.48757355e-06
6.021823778e-06
-5.997702957e-08
-1.366949375e-06
-5.170816864e-05
-1.335655604e-08
-3.60492745e-07
-2.478821866e-05
-4.174179174e-08
-6.79891551e-06
-4.915110044e-08
-2.155774855e-06
4.728266009e-05
-1.055333116e-07
-5.257700854e-07
2.226882922e-05
-7.652247385e-08
6.021378634e-06
-5.997695682e-08
-5.300965554e-06
-3.935793059e-08
-1.267734788e-06
-7.172844727e-08
-7.837627443e-08
-5.299891003e-06
-3.923168674e-08
-1.267462573e-06
-7.163951215e-08
-7.83327318e-08
-2.527711497e-06
2.570392986e-06
-1.839971351e-07
-5.42787584e-07
9.889381876e-07
-1.408597434e-07
2.217488357e-07
-1.033367025e-07
-1.30111225e-06
4.499482075e-07
-6.290009284e-08
-3.105839041e-07
5.280793268e-08
-5.439666188e-08
-4.263287056e-08
-4.620194226e-08
-1.301065363e-06
-6.227533734e-08
-3.105761847e-07
-5.40900584e-08
-4.605869283e-08
2.962669922e-06
-3.921974767e-05
4.415318806e-05
6.094877555e-07
-1.916593164e-05
2.147853096e-05
-5.370571126e-06
5.946098468e-06
3.518093132e-06
-3.373258746e-05
1.047471492e-07
8.088159708e-07
-1.652719573e-05
7.054128338e-08
-4.6128221e-06
5.106645198e-08
2.962440529e-06
-3.921882346e-05
3.829730757e-08
6.094164718e-07
-1.916543646e-05
4.054265191e-08
-5.370405637e-06
3.394380768e-08
3.517918659e-06
-3.373131388e-05
1.045879976e-07
8.087595042e-07
-1.652675419e-05
7.047913232e-08
-4.61268827e-06
5.10431604e-08
-3.724609213e-07
-3.377726368e-06
-1.356628422e-07
-1.198027768e-07
-1.606809365e-06
-1.081330804e-07
-4.374116057e-07
-8.178151728e-08
-1.04319762e-07
-5.972166809e-08
-4.32639805e-08
-4.831123331e-08
-4.001557368e-08
-1.041257068e-07
3.379834452e-06
-6.002707464e-08
-4.320377643e-08
1.607874139e-06
-4.848315019e-08
4.377363325e-07
-4.009861603e-08
6.182666175e-06
1.043237169e-07
1.380158784e-06
1.0123725e-07
8.610189359e-08
6.182659768e-06
1.043725839e-07
1.380147404e-06
1.012541257e-07
8.61122321e-08
-6.671540691e-07
-6.894431429e-08
-1.815201557e-07
-4.765507861e-08
-3.499716664e-08
2.306510246e-06
8.566085418e-08
5.346268413e-07
4.524198482e-08
2.569522649e-08
-4.221162587e-07
5.168085831e-05
-8.877738322e-08
2.476653787e-05
6.792031589e-06
2.084498441e-06
4.604538615e-07
-1.417366678e-06
-1.623936962e-07
-3.20953992e-07
-1.262505651e-07
-9.30146377e-08
-9.748482845e-07
-4.61770892e-07
-8.467825601e-10
-1.347167667e-07
-5.936728524e-08
-4.644730336e-10
3.954859706e-08
-2.147672505e-10
4.483812384e-07
3.425541198e-06
2.581061134e-10
1.346155732e-07
1.62651823e-06
1.421357245e-10
4.427614266e-07
6.531269839e-11
-1.819215313e-06
-4.999311455e-05
2.337491217e-11
4.729460233e-05
-3.853501141e-07
-2.378302931e-05
1.585037948e-11
2.227261476e-05
-6.469141222e-06
1.726232431e-11
6.023796698e-06
-1.215286128e-06
-2.736596385e-07
-1.81930463e-06
4.72935395e-05
-3.854103747e-07
2.227186229e-05
6.023501256e-06
-5.014643265e-06
-1.947497322e-10
-1.117701028e-06
-9.396532241e-11
-3.243928486e-11
-5.013777914e-06
-1.117439763e-06
-2.025795959e-06
-4.542541231e-10
2.613900191e-06
-3.321843592e-07
-2.427761941e-10
1.011800335e-06
-1.084775962e-10
2.294541026e-07
-2.025945218e-06
2.61316129e-06
-3.321881666e-07
1.011482074e-06
2.293797296e-07
-1.121059469e-06
-3.020615079e-10
-2.228722714e-07
-1.536695403e-10
-7.179402842e-11
-1.121131185e-06
4.610645447e-07
-2.229275566e-07
5.903507177e-08
-3.967857397e-08
-9.744401328e-07
-1.345883303e-07
3.22631625e-06
6.439113549e-11
-3.368240333e-05
6.911094244e-07
3.150421753e-11
-1.649192133e-05
6.290560601e-12
-4.60147977e-06
2.873024966e-06
-3.909571733e-05
5.593878957e-07
-1.909723666e-05
-5.343511468e-06
3.226151563e-06
-3.36822879e-05
6.911125838e-07
-1.649168861e-05
-4.601349028e-06
-1.008840143e-07
-6.033855464e-08
-3.062089676e-06
-3.897617814e-08
-4.817726582e-08
-1.463280243e-06
-3.993545689e-08
-3.996145499e-07
6.178139027e-08
-3.076047939e-06
3.794951678e-08
-1.468822218e-06
-4.012218634e-07
-3.74008461e-07
-1.373306244e-07
-1.203496891e-07
-1.090595719e-07
-8.222524853e-08
1.874733506e-08
-7.206795702e-10
-3.373785083e-06
4.639265455e-08
-4.028928428e-10
-1.605120637e-06
-1.88466242e-10
-4.368632132e-07
1.874123108e-08
-3.373132559e-06
4.638135706e-08
-1.604797066e-06
-4.367693281e-07
6.078886883e-08
2.459756707e-10
3.407719787e-08
1.204383226e-10
5.339274011e-11
6.07957074e-08
-3.426005485e-06
3.407299856e-08
-1.626758572e-06
-4.428352452e-07
5.827137108e-06
5.278464178e-11
1.214388036e-06
1.099658376e-11
-8.878364645e-12
5.826898349e-06
1.214287356e-06
4.484201154e-07
1.346279179e-07
)
;

boundaryField
{
    inlet
    {
        type            calculated;
        value           nonuniform List<scalar> 
25
(
-0.0196589296
-0.0199905636
-0.0199880267
-0.0199856842
-0.0199882318
-0.0200207991
-0.0200227905
-0.020025015
-0.0200275025
-0.0200302864
-0.020033433
-0.0200374544
-0.020044424
-0.0200527446
-0.0200518451
-0.0200422766
-0.0200000007
-0.0200000005
-0.0200000001
-0.01999999966
-0.01999999919
-0.01999999872
-0.01999999828
-0.01999999796
-0.01999999779
)
;
    }
    outlet
    {
        type            calculated;
        value           nonuniform 0();
    }
    topAndBottom
    {
        type            symmetry;
        value           uniform 0;
    }
    frontAndBack
    {
        type            empty;
        value           nonuniform 0();
    }
    cylinder
    {
        type            calculated;
        value           uniform 0;
    }
    procBoundary0to1
    {
        type            processor;
        value           nonuniform List<scalar> 
116
(
0.0216337818
0.02164680063
0.02167278506
0.0217120068
0.02176482197
0.02183171153
0.02191329524
0.02201041073
0.02212413403
0.02225572961
0.02240685085
0.02257970397
0.02277707761
0.02300279815
0.02326188431
0.0235631824
0.02391800581
0.02436029508
0.02482869908
0.0009012470341
0.006376578661
0.006438104876
0.006374958975
0.006437293635
0.0009014108199
0.006462033608
-0.0002099344218
-0.0002119086568
0.0003941444208
0.0003941869044
-7.939197338e-05
-3.087720882e-05
-7.928785554e-05
-2.996749702e-05
-3.058870965e-05
-3.005995882e-05
-3.424979155e-07
-1.041773515e-06
-3.676154545e-05
-3.601839396e-05
1.941357184e-07
-6.835226827e-08
-7.940264384e-05
-3.088205264e-05
-7.937310595e-05
-3.007854031e-05
-3.060457145e-05
-3.009056185e-05
-3.677532439e-05
-3.605710738e-05
1.94212239e-07
-6.83546689e-08
-3.426616799e-07
-1.041917225e-06
0.0006515183323
0.001387466898
0.0006514749574
0.0003942374637
3.714984598e-05
0.0001995083995
3.714631335e-05
0.00019949898
1.633132039e-08
2.90196315e-08
7.331374033e-05
7.329450501e-05
0.0003943046189
3.715359862e-05
0.0001995099605
3.716063678e-05
0.0001995001931
4.811633946e-08
4.341962172e-08
7.331493011e-05
7.327205252e-05
0.001520574686
0.006461965415
-0.0002100008914
-0.0002120040854
0.001520585796
-0.00015003232
0.001197027496
-0.0001501774989
0.00135349649
0.0001844303712
0.001197153628
0.001353143415
3.68816037e-10
0.0001836971486
0.0006512657614
0.0009471243834
0.0009464657383
0.001197043036
0.001387122816
0.001197180953
0.0006512361736
0.000947102523
0.000946415651
0.001581977242
0.001519534969
0.00158110911
0.001519528743
0.001581998641
0.001581155382
-2.981697213e-06
-1.425200806e-06
-3.90249526e-07
-2.982830951e-06
-1.425792615e-06
-3.904323374e-07
-2.973111438e-06
-1.420480779e-06
-3.883155617e-07
-2.973518045e-06
-1.420695719e-06
-3.88381445e-07
)
;
    }
    procBoundary0to2
    {
        type            processor;
        value           nonuniform List<scalar> 
75
(
2.917703197e-06
2.850108201e-06
2.874105163e-06
2.868817992e-06
2.856331034e-06
2.838834993e-06
2.815064019e-06
2.783526629e-06
2.742297289e-06
2.688847199e-06
2.619874977e-06
2.531246588e-06
2.417240913e-06
2.268754e-06
2.069381389e-06
1.371049434e-06
-5.547879879e-06
-2.820610561e-05
-7.102295596e-06
-3.548471883e-08
7.111823777e-09
1.333620092e-08
-2.22311972e-08
-2.155461373e-08
-7.799380665e-09
1.529409006e-08
-7.000925811e-09
-2.208438583e-08
-2.950676406e-08
-2.968588089e-08
-2.182728718e-08
-2.897894586e-08
-2.952509032e-08
1.366281046e-08
1.125967507e-08
1.620818617e-08
1.046129244e-08
1.395626373e-08
1.088739162e-08
-7.619271275e-09
3.778441753e-09
4.118074553e-09
1.477469343e-08
1.193511218e-08
1.149890422e-08
-7.283399783e-09
4.883725156e-09
4.573210698e-09
2.628053527e-08
-3.975351464e-08
4.154411273e-08
9.572204849e-09
9.178155963e-09
1.143131417e-08
1.458878613e-08
1.233312495e-08
1.365752435e-08
1.155021304e-08
1.32394408e-08
1.305976367e-08
1.564922616e-08
1.545749861e-08
1.495042059e-08
-2.839417224e-09
-1.386647285e-09
-3.851908094e-10
-2.809840772e-09
-1.371846145e-09
-3.811679177e-10
-2.798993603e-09
-1.366421211e-09
-3.791588948e-10
-2.795571422e-09
-1.364190854e-09
-3.788119947e-10
)
;
    }
}


// ************************************************************************* //
