/*--------------------------------*- C++ -*----------------------------------*\
| =========                 |                                                 |
| \\      /  F ield         | OpenFOAM: The Open Source CFD Toolbox           |
|  \\    /   O peration     | Version:                                        |
|   \\  /    A nd           | Website:  www.openfoam.com                      |
|    \\/     M anipulation  |                                                 |
\*---------------------------------------------------------------------------*/
FoamFile
{
    version     2.0;
    format      ascii;
    class       volVectorField;
    location    "1.2";
    object      U;
}
// * * * * * * * * * * * * * * * * * * * * * * * * * * * * * * * * * * * * * //

dimensions      [0 1 -1 0 0 0 0];


internalField   nonuniform List<vector> 
2403
(
(-0.1679008296 0.02665866852 0.05021028623)
(-0.1635977527 -0.02345899878 0.03292106877)
(0.1707864163 -0.08543187143 -0.0004343225392)
(0.5318666781 -0.119006595 -7.607628698e-08)
(0.6894644612 -0.07646178791 5.974435458e-22)
(0.7888293787 -0.04541053998 -2.80139759e-22)
(0.848419524 -0.02680527993 -1.491170933e-22)
(0.8854142628 -0.01665904817 1.532649447e-22)
(0.9101796382 -0.01109426909 1.05227712e-22)
(0.92763209 -0.007853104912 -5.240579228e-23)
(0.9404320921 -0.005872702896 -4.177435155e-23)
(0.9503210745 -0.004613605843 0)
(0.9583106064 -0.003746146497 -2.865252522e-23)
(0.9648874631 -0.003080963388 2.264259066e-23)
(0.970307664 -0.00253699218 -7.843287761e-24)
(0.9747692793 -0.002089883708 9.492171921e-24)
(0.9784541902 -0.001729125643 -1.648508059e-24)
(0.981519625 -0.001441048798 2.439483069e-24)
(0.9840903806 -0.001210223163 -2.254982038e-24)
(0.9862611741 -0.00102298387 9.167859706e-25)
(0.9881041695 -0.0008692332177 0)
(0.9896759901 -0.0007418503202 0)
(0.991021909 -0.0006356363498 -5.543705731e-25)
(0.9921784768 -0.0005465892394 5.268001877e-25)
(0.993175446 -0.0004715325883 -2.718629225e-25)
(0.9940372173 -0.0004079301933 -2.086061514e-25)
(0.9947839406 -0.0003537593626 3.253382627e-25)
(0.9954323674 -0.0003074149677 -1.582079181e-25)
(0.9959965058 -0.0002676203679 0)
(0.9964881312 -0.0002333445011 1.181308024e-25)
(0.9969171923 -0.0002037400794 -1.818747332e-26)
(0.9972921373 -0.0001781048675 -3.125874432e-26)
(0.9976201715 -0.0001558569823 1.956511479e-27)
(0.9979074591 -0.0001365134721 3.563186055e-26)
(0.9981592868 -0.0001196693429 0)
(0.9983802024 -0.0001049856692 6.288119423e-30)
(0.9985740866 -9.214920231e-05 -3.412205279e-25)
(0.9987443071 -8.094199106e-05 3.414820674e-25)
(0.9988938716 -7.113583654e-05 0)
(0.9990253959 -6.254665034e-05 -2.338531967e-25)
(0.9991411037 -5.501822437e-05 2.338989569e-25)
(0.9992429333 -4.841483533e-05 -2.78049393e-25)
(0.9993325791 -4.261794843e-05 3.429873306e-25)
(0.9994115232 -3.752499012e-05 -2.281396038e-25)
(0.999481062 -3.304761418e-05 2.67688562e-25)
(0.9995423291 -2.910960545e-05 -1.255906905e-25)
(0.9995963176 -2.564489853e-05 -1.497138077e-25)
(0.9996438996 -2.259572716e-05 5.243707529e-26)
(0.9996858411 -1.991151558e-05 -3.83126877e-26)
(0.9997228154 -1.754800479e-05 7.21998068e-26)
(0.9997554137 -1.546633279e-05 -2.322204332e-27)
(0.9997841561 -1.363232905e-05 2.652606309e-26)
(0.9998095001 -1.201604201e-05 -2.653436853e-26)
(0.9998318477 -1.059126989e-05 2.689304883e-30)
(0.9998515527 -9.335041918e-06 -1.931422063e-26)
(0.9998689263 -8.22716488e-06 -2.097042584e-30)
(0.9998842427 -7.249868864e-06 1.502528243e-26)
(0.9998977435 -6.387504374e-06 1.179477086e-26)
(0.9999096415 -5.626280535e-06 -2.502226334e-26)
(0.9999201241 -4.954044084e-06 -1.018671342e-26)
(0.9999293561 -4.360092364e-06 -8.9100831e-27)
(0.9999374825 -3.835002906e-06 -9.550026404e-31)
(0.9999446311 -3.370472811e-06 3.154126471e-27)
(0.9999509139 -2.9591678e-06 -1.164940227e-26)
(0.9999564294 -2.59458625e-06 2.702139327e-27)
(0.999961264 -2.27094743e-06 -5.094470277e-31)
(0.9999654922 -1.983139147e-06 0)
(0.9999691842 -1.726499471e-06 -6.006586478e-28)
(0.9999723797 -1.497679425e-06 6.007786039e-28)
(0.9999752021 -1.289217192e-06 0)
(0.9999773624 -1.119230153e-06 7.593765103e-28)
(0.9999801431 -8.663486977e-07 3.884730602e-28)
(-0.04103348471 0.1036873199 0.06708926658)
(0.1378016118 -0.2289581637 0.04474635204)
(0.4520415667 -0.3594980542 0.004758508625)
(0.6780744164 -0.2746787678 2.660959603e-07)
(0.760626198 -0.1814041773 1.565018421e-22)
(0.8215713313 -0.1141153109 -7.223237865e-23)
(0.8632244291 -0.07170875523 -2.173516098e-23)
(0.8926104309 -0.04667829329 1.750589929e-23)
(0.9143305915 -0.03187891488 1.170290552e-23)
(0.9305668571 -0.02283994971 -1.519595507e-24)
(0.9428263184 -0.0171897604 0)
(0.9523624909 -0.01354947776 1.92887342e-23)
(0.9600092546 -0.01101309843 1.661430685e-24)
(0.9662415667 -0.00905467963 -3.943774119e-23)
(0.9713581442 -0.007453071144 1.794105649e-23)
(0.9755832403 -0.006142190666 -3.297692102e-24)
(0.979094764 -0.005088440569 0)
(0.9820328132 -0.004248287588 -1.263874627e-24)
(0.984506812 -0.003573859585 8.946967082e-24)
(0.9866021344 -0.003025265244 -6.2933034e-24)
(0.988385449 -0.00257376383 -4.134969804e-24)
(0.9899096918 -0.002199036722 1.255514319e-24)
(0.9912173814 -0.001885998744 -6.883545333e-25)
(0.99234297 -0.001622946275 2.649420481e-25)
(0.9933146507 -0.001400715371 0)
(0.9941555542 -0.001212000018 -3.41112165e-25)
(0.9948849332 -0.001051113446 5.457198236e-25)
(0.9955188838 -0.0009134338993 -1.420291111e-25)
(0.9960708729 -0.0007952139704 -1.242353795e-25)
(0.9965522563 -0.0006933909682 -1.121416197e-25)
(0.9969726487 -0.0006054550011 -9.536779948e-26)
(0.9973402234 -0.0005293356703 4.306370423e-26)
(0.9976619576 -0.0004633064051 -1.11265858e-25)
(0.9979438301 -0.0004059151193 0)
(0.9981909852 -0.0003559366163 1.370747211e-25)
(0.9984078553 -0.0003123435467 -6.086624623e-26)
(0.9985982001 -0.0002742496374 -4.786507066e-26)
(0.9987653573 -0.0002409548223 0)
(0.9989122878 -0.0002118085207 0)
(0.9990415176 -0.0001862671973 0)
(0.9991552293 -0.0001638669391 0)
(0.999255326 -0.0001442105542 1.903782867e-25)
(0.9993434659 -0.0001269532277 0)
(0.9994210948 -0.0001117934122 -1.484826137e-25)
(0.9994894795 -9.846764642e-05 0)
(0.9995497323 -8.674714857e-05 0)
(0.9996028306 -7.643429356e-05 3.405236948e-27)
(0.999649632 -6.735726118e-05 1.370785859e-25)
(0.9996908886 -5.936563785e-05 -4.281907106e-26)
(0.9997272611 -5.2327528e-05 0)
(0.9997593306 -4.61274049e-05 -3.167103371e-26)
(0.999787608 -4.066406016e-05 -1.309946726e-26)
(0.9998125427 -3.584874059e-05 1.310008488e-26)
(0.99983453 -3.160357456e-05 2.141560339e-26)
(0.9998539177 -2.786017846e-05 4.427208394e-28)
(0.999871012 -2.455842094e-05 7.975640807e-27)
(0.9998860828 -2.164537224e-05 -1.601012462e-26)
(0.9998993675 -1.907442161e-05 6.225197217e-27)
(0.9999110754 -1.68045271e-05 -1.138700761e-26)
(0.9999213907 -1.479956631e-05 2.205422611e-28)
(0.9999304755 -1.302775621e-05 8.925514841e-27)
(0.9999384727 -1.146111727e-05 7.608091307e-27)
(0.9999455076 -1.007497272e-05 0)
(0.9999516906 -8.847491074e-06 4.467879591e-27)
(0.9999571183 -7.759298599e-06 1.332623984e-27)
(0.9999618759 -6.793163302e-06 0)
(0.9999660368 -5.93384566e-06 3.717615103e-27)
(0.9999696702 -5.167436698e-06 -6.765519892e-28)
(0.9999728155 -4.483947042e-06 2.963464031e-28)
(0.9999755935 -3.861078544e-06 -1.402710498e-27)
(0.9999777199 -3.353035383e-06 -7.956440024e-28)
(0.9999804565 -2.597142084e-06 -3.523874573e-28)
(0.5049661888 -0.1732138757 0.07536689698)
(0.7383480417 -0.4386414365 0.04886335976)
(0.8751321357 -0.4066313709 -1.276582372e-07)
(0.8470728839 -0.3026797101 -2.507965317e-07)
(0.8523308309 -0.2117139005 -2.391086953e-22)
(0.8700794571 -0.144378198 1.085936538e-22)
(0.8893247072 -0.09858043746 2.761788813e-23)
(0.9075208491 -0.06863001089 4.948726706e-23)
(0.9237063269 -0.0492034839 -1.172006445e-23)
(0.9371637357 -0.03643260132 1.47421336e-23)
(0.9479028375 -0.02787188203 -3.830612788e-23)
(0.9564277066 -0.02198116186 6.617004755e-24)
(0.9632598902 -0.01774013534 0)
(0.968798182 -0.01450787348 0)
(0.9733484413 -0.01194179066 1.718131438e-23)
(0.9771387984 -0.009877185703 4.227907778e-24)
(0.9803271735 -0.008217691487 -1.1701255e-23)
(0.983023821 -0.006883501032 -1.091080322e-24)
(0.9853131333 -0.00580376649 0)
(0.9872639161 -0.004921142172 8.812738278e-25)
(0.988932628 -0.004192667053 6.256153816e-24)
(0.9903651994 -0.003586736417 -5.496385517e-24)
(0.991598946 -0.003079544447 -5.680546729e-25)
(0.9926644035 -0.002652628395 1.523818096e-26)
(0.9935868062 -0.002291415344 3.131811905e-24)
(0.9943870857 -0.00198439284 -3.505408602e-24)
(0.9950827218 -0.001722334201 0)
(0.9956884891 -0.001497804287 7.539212845e-27)
(0.9962167998 -0.001304787144 2.424919159e-25)
(0.9966781788 -0.001138365041 0)
(0.9970815886 -0.0009944877722 9.552280183e-26)
(0.997434685 -0.0008697993605 0)
(0.9977440413 -0.0007615211226 5.604999902e-26)
(0.9980152757 -0.0006673069393 0)
(0.9982532622 -0.0005852214064 3.371303091e-25)
(0.9984621838 -0.0005135870878 -4.200017119e-25)
(0.9986456438 -0.0004510262502 -2.094653239e-25)
(0.9988068511 -0.0003963248354 4.075908558e-26)
(0.9989486388 -0.0003484307944 1.628714487e-25)
(0.9990733999 -0.0003064626223 -5.964146527e-26)
(0.9991832137 -0.0002696604061 3.281545296e-27)
(0.9992798981 -0.0002373634583 -1.020605877e-27)
(0.9993650466 -0.0002089983549 -3.866567528e-26)
(0.9994400545 -0.0001840687176 -2.474464655e-26)
(0.9995061448 -0.0001621454925 8.501228154e-27)
(0.9995643888 -0.0001428585623 4.837564791e-26)
(0.9996157264 -0.0001258863074 -4.199746854e-26)
(0.999660983 -0.0001109471035 0)
(0.9997008837 -9.779344909e-05 0)
(0.9997360653 -8.620803368e-05 -3.364348762e-26)
(0.9997670879 -7.60007005e-05 -3.335818308e-26)
(0.9997944446 -6.700516564e-05 -2.274858978e-26)
(0.9998185693 -5.907572124e-05 2.810085988e-27)
(0.9998398437 -5.208440391e-05 -4.485258209e-26)
(0.9998586041 -4.591874978e-05 2.917076737e-27)
(0.9998751463 -4.04798968e-05 -4.12930556e-27)
(0.999889731 -3.568087808e-05 1.935424601e-27)
(0.9999025879 -3.144512563e-05 1.173431341e-26)
(0.9999139192 -2.770519782e-05 2.311650803e-26)
(0.999923903 -2.440168623e-05 9.41415321e-27)
(0.9999326963 -2.148225075e-05 9.496682239e-27)
(0.9999404369 -1.890074993e-05 -8.11488227e-27)
(0.9999472463 -1.661645379e-05 0)
(0.9999532312 -1.459334495e-05 0)
(0.9999584851 -1.279952238e-05 -4.522974565e-27)
(0.9999630904 -1.12066839e-05 -1.369430243e-28)
(0.9999671183 -9.789830341e-06 -3.338195628e-27)
(0.9999706357 -8.526107384e-06 -3.601845889e-29)
(0.9999736806 -7.399055972e-06 -1.909116535e-27)
(0.9999763699 -6.371855547e-06 1.402855733e-27)
(0.9999784285 -5.533954715e-06 2.165732115e-30)
(0.9999810777 -4.287077651e-06 -2.168379601e-30)
(1.222777203 -0.3489098188 0.06125510886)
(1.148762428 -0.4090393798 0.02041129077)
(1.02339573 -0.3262123919 3.806109354e-07)
(0.9568608568 -0.2580532581 0)
(0.9276254696 -0.1957773234 2.391102598e-22)
(0.9199660083 -0.1465079625 -1.808921063e-22)
(0.922424358 -0.1091679305 -7.639435402e-23)
(0.9297866428 -0.08144530599 -8.238456909e-23)
(0.9390144754 -0.06129917679 -5.365778491e-23)
(0.9480273489 -0.04684640922 1.058627402e-22)
(0.9558535406 -0.03649240424 3.543179919e-24)
(0.9623776309 -0.02899331477 -1.681152993e-23)
(0.9677877921 -0.023430777 3.753384561e-24)
(0.9722979964 -0.01917160638 0)
(0.9760920842 -0.0158218075 -1.531914454e-23)
(0.9793153787 -0.01314665004 1.91744411e-23)
(0.9820718327 -0.01099366262 -1.135018923e-23)
(0.9844356396 -0.009249626021 1.091153763e-24)
(0.9864657565 -0.00782594568 8.301735151e-25)
(0.9882126421 -0.006654200722 0)
(0.9897194127 -0.005682431847 -6.316455198e-25)
(0.9910221661 -0.004871100943 0)
(0.9921509056 -0.004189702062 -3.816378213e-24)
(0.9931306935 -0.003614367419 5.713296797e-24)
(0.9939826238 -0.003126243992 -1.665788721e-24)
(0.9947245328 -0.002710320607 1.112184716e-24)
(0.9953715452 -0.002354546717 -1.273965878e-24)
(0.9959365275 -0.00204918159 -8.434677478e-25)
(0.9964304528 -0.00178628127 8.054189735e-25)
(0.9968627036 -0.001559320758 7.536084718e-25)
(0.9972413276 -0.001362909751 -1.336824117e-25)
(0.9975732537 -0.001192568495 -7.994953025e-26)
(0.9978644675 -0.001044542989 -5.646243913e-25)
(0.9981201281 -0.0009156959159 0)
(0.9983446945 -0.0008033697918 2.528598553e-25)
(0.9985420214 -0.0007053201542 -1.986316201e-25)
(0.998715432 -0.0006196313445 1.059426801e-26)
(0.9988679411 -0.000544657719 0)
(0.9990021679 -0.0004789735829 -1.312035817e-25)
(0.999120344 -0.0004213770568 1.220077641e-25)
(0.9992244157 -0.0003708334568 -1.326430477e-26)
(0.9993160841 -0.0003264514248 -1.647472029e-25)
(0.9993968418 -0.0002874615007 -5.645899696e-27)
(0.9994680032 -0.0002531935106 6.234674077e-26)
(0.9995307236 -0.0002230623408 1.52271207e-26)
(0.9995860142 -0.0001965573169 -6.216699275e-26)
(0.9996347613 -0.0001732296743 8.89134366e-26)
(0.9996777433 -0.0001526902274 5.10921186e-26)
(0.9997156451 -0.0001346007077 -4.940888269e-27)
(0.9997490696 -0.0001186649092 6.540848735e-26)
(0.9997785474 -0.0001046228879 2.805852669e-26)
(0.9998045452 -9.224656286e-05 2.805332229e-26)
(0.9998274742 -8.133582989e-05 0)
(0.9998476963 -7.171498578e-05 1.129627737e-27)
(0.9998655304 -6.322957846e-05 -5.415809822e-29)
(0.9998812572 -5.574377089e-05 -1.324116741e-26)
(0.9998951241 -4.913805706e-05 -1.737493963e-27)
(0.999907349 -4.330722874e-05 -1.16710393e-26)
(0.999918124 -3.815861151e-05 -2.136637419e-26)
(0.9999276182 -3.361054658e-05 0)
(0.9999359805 -2.959105435e-05 -8.176623823e-27)
(0.999943342 -2.603664121e-05 -2.405227956e-28)
(0.9999498182 -2.28912394e-05 -6.025878303e-27)
(0.9999555102 -2.010527483e-05 0)
(0.9999605073 -1.763486524e-05 9.080621429e-27)
(0.9999648876 -1.544109898e-05 -5.450491024e-29)
(0.9999687188 -1.348960153e-05 3.111265766e-27)
(0.9999720645 -1.174891925e-05 -2.43843389e-27)
(0.9999749609 -1.019638685e-05 1.945162516e-27)
(0.9999775191 -8.781276471e-06 1.279303246e-27)
(0.9999794773 -7.626898855e-06 8.058129263e-30)
(0.9999819973 -5.908903636e-06 0)
(1.289655182 -0.2432003631 0.02349529046)
(1.154319757 -0.2559582253 1.004808171e-07)
(1.069438637 -0.2412447735 5.427820052e-08)
(1.010308378 -0.2077003394 -3.34338908e-22)
(0.9768617414 -0.1705996939 0)
(0.9607255589 -0.1371611165 -1.125422424e-23)
(0.9543628025 -0.1089129691 -6.235052808e-23)
(0.9538129412 -0.08580989315 7.084942641e-23)
(0.9565693679 -0.06741529856 5.422028025e-23)
(0.9607665759 -0.05312543645 -9.724356662e-23)
(0.9651972669 -0.04222007586 5.472587613e-23)
(0.9693596801 -0.03396417433 1.52994374e-24)
(0.9731172975 -0.02768568519 3.093368285e-24)
(0.9764535606 -0.02282325586 -1.473788027e-23)
(0.9793894012 -0.01897252192 0)
(0.9819640638 -0.01587087162 0)
(0.9842184274 -0.01334872515 1.093450516e-24)
(0.986188568 -0.01128541757 0)
(0.9879075162 -0.009587266448 -6.604273385e-24)
(0.9894065686 -0.008180235401 1.083681914e-23)
(0.9907144578 -0.007006628682 -4.431123565e-24)
(0.9918564469 -0.006021798644 0)
(0.9928542824 -0.005190959914 3.415596965e-24)
(0.9937266867 -0.004486692513 -4.176775099e-25)
(0.9944898896 -0.003887160514 -2.833555869e-24)
(0.9951579964 -0.003374826866 1.618320767e-25)
(0.9957432525 -0.002935497264 -1.016164392e-24)
(0.9962562806 -0.002557597833 6.655830604e-26)
(0.9967062919 -0.002231626139 1.62134963e-25)
(0.9971012691 -0.001949734944 7.860456741e-25)
(0.997448134 -0.001705410698 -5.66881148e-25)
(0.9977528991 -0.001493218873 6.429516394e-25)
(0.9980207954 -0.00130860371 4.728079294e-25)
(0.9982563798 -0.001147726119 -4.727981581e-25)
(0.9984636247 -0.001007332607 0)
(0.9986459881 -0.0008846818632 6.103404895e-26)
(0.9988064124 -0.0007774150798 1.175644827e-25)
(0.9989476142 -0.0006835264371 0)
(0.9990719928 -0.0006012379266 1.131129248e-25)
(0.9991815786 -0.0005290597719 -1.334128544e-25)
(0.9992781508 -0.000465705537 2.46693292e-26)
(0.9993632717 -0.0004100615469 6.559201405e-26)
(0.999438313 -0.000361160715 9.427549135e-26)
(0.999504476 -0.0003181632747 7.53476194e-27)
(0.999562814 -0.0002803404271 -7.534755631e-27)
(0.9996142577 -0.0002470565476 0)
(0.9996596272 -0.0002177580084 -4.585703617e-26)
(0.999699641 -0.0001919582632 -3.594894503e-26)
(0.9997349338 -0.0001692320767 -8.701724201e-27)
(0.9997660648 -0.0001492087107 -2.767620318e-26)
(0.9997935255 -0.0001315627674 0)
(0.9998177487 -0.0001160082354 0)
(0.9998391159 -0.0001022940434 0)
(0.9998579633 -9.019980022e-05 1.948177038e-26)
(0.999874587 -7.953181998e-05 1.624212718e-26)
(0.9998892482 -7.011970657e-05 1.532605004e-26)
(0.9999021768 -6.181347869e-05 8.658143572e-28)
(0.9999135756 -5.448107413e-05 1.098311702e-26)
(0.9999236233 -4.8006151e-05 1.03928088e-26)
(0.9999324773 -4.228616904e-05 0)
(0.9999402762 -3.723070802e-05 0)
(0.9999471421 -3.275997632e-05 0)
(0.9999531825 -2.880349458e-05 6.195660602e-27)
(0.9999584918 -2.529894452e-05 -1.697772383e-28)
(0.999963153 -2.219117174e-05 -4.420560233e-27)
(0.999967239 -1.943127573e-05 0)
(0.999970813 -1.697605236e-05 -3.015124231e-27)
(0.9999739343 -1.478595515e-05 4.639967762e-27)
(0.9999766363 -1.283248882e-05 8.718452219e-30)
(0.9999790229 -1.105184171e-05 -1.263592959e-27)
(0.9999808498 -9.5992387e-06 0)
(0.9999832007 -7.437278739e-06 0)
(1.25894854 -0.1028796081 -2.167020714e-07)
(1.206982408 -0.1563917884 1.743052954e-07)
(1.145343708 -0.1821651152 7.746254299e-08)
(1.086589187 -0.1828452963 -1.850259092e-22)
(1.040825293 -0.1671868731 3.442373266e-22)
(1.010380637 -0.1451796041 0)
(0.9917007871 -0.1228930122 -1.689239929e-22)
(0.9807584344 -0.1023550248 1.084384537e-22)
(0.9750575957 -0.08408173371 1.095534957e-22)
(0.9729795679 -0.06837618204 -2.881091146e-24)
(0.9732015783 -0.05542996947 4.530609097e-23)
(0.9746350656 -0.04507536181 -2.346063919e-23)
(0.9766356315 -0.03692977713 1.172056698e-23)
(0.9788287087 -0.0305297353 -1.209734571e-23)
(0.9810032523 -0.02544170101 2.477771334e-24)
(0.9830523202 -0.02133704831 0)
(0.9849369528 -0.01798479168 6.641223696e-24)
(0.9866490629 -0.01522621614 -5.960957949e-24)
(0.9881905882 -0.01294491378 0)
(0.9895682568 -0.011049254 0)
(0.9907928582 -0.0094657995 5.019105792e-25)
(0.9918778392 -0.008136136147 -3.539873707e-24)
(0.9928373971 -0.007013947149 3.764168187e-24)
(0.9936851122 -0.006062373983 1.781932164e-25)
(0.9944333939 -0.005251984191 1.583096852e-25)
(0.995093431 -0.004559205209 2.139115029e-24)
(0.9956752933 -0.003965027235 -2.427536879e-24)
(0.9961880403 -0.003453943974 -5.513820159e-26)
(0.9966398008 -0.003013166177 -7.856328242e-25)
(0.99703782 -0.002632079967 7.928270896e-25)
(0.997388505 -0.002301855686 -6.56162872e-25)
(0.9976975008 -0.002015128449 1.061461876e-25)
(0.9979697804 -0.001765725444 5.266978744e-25)
(0.9982097272 -0.00154844363 0)
(0.9984212023 -0.001358875919 0)
(0.9986076028 -0.001193275034 0)
(0.9987719177 -0.001048450194 -1.13609054e-26)
(0.9989166963 -0.0009217001209 0)
(0.9990442633 -0.0008106835531 1.144527432e-25)
(0.9991567578 -0.0007133257066 -2.143748153e-25)
(0.9992559778 -0.0006278767561 0)
(0.999343495 -0.0005528314112 0)
(0.9994206951 -0.0004868845964 -1.754308433e-26)
(0.9994887984 -0.0004289033519 1.754307478e-26)
(0.9995488794 -0.0003779039787 0)
(0.9996018848 -0.0003330290622 -1.216199882e-26)
(0.9996486478 -0.0002935290415 1.39506854e-27)
(0.9996899057 -0.0002587509411 6.000366824e-27)
(0.9997263097 -0.0002281212508 4.766543112e-27)
(0.9997584301 -0.0002011358957 -3.000228582e-26)
(0.9997867702 -0.0001773544395 0)
(0.9998117756 -0.000156392438 0)
(0.9998338385 -0.0001379121928 2.598268247e-27)
(0.9998533043 -0.0001216165396 -4.899020395e-27)
(0.9998704778 -0.0001072442309 2.300752526e-27)
(0.9998856275 -9.456559694e-05 0)
(0.9998989906 -8.337855728e-05 -1.590995112e-27)
(0.9999107761 -7.350517439e-05 1.590993924e-27)
(0.9999211682 -6.478871862e-05 -1.036485634e-26)
(0.9999303295 -5.709109919e-05 -7.478719681e-29)
(0.999938403 -5.029058619e-05 -5.434644889e-28)
(0.9999455151 -4.42798042e-05 -4.163321966e-28)
(0.9999517768 -3.896397252e-05 4.163319921e-28)
(0.999957286 -3.425935934e-05 -3.131308962e-28)
(0.9999621286 -3.009192499e-05 4.473699e-28)
(0.9999663803 -2.639614097e-05 -1.342390967e-28)
(0.9999701076 -2.311390597e-05 0)
(0.9999733678 -2.019388177e-05 7.694587656e-29)
(0.9999762152 -1.758906966e-05 -2.35260098e-27)
(0.9999786803 -1.526560943e-05 2.198377641e-29)
(0.9999808576 -1.314762156e-05 -2.198377105e-29)
(0.9999825243 -1.141978539e-05 1.810042158e-30)
(0.9999846692 -8.848044379e-06 -1.812246581e-30)
(1.207756129 -0.07356021415 8.126178361e-07)
(1.174503428 -0.1119982061 -3.033546189e-21)
(1.132833276 -0.1343128524 1.891913295e-21)
(1.091083654 -0.1401781819 6.230163881e-23)
(1.055957014 -0.1339029882 7.262938162e-22)
(1.029812607 -0.1213960799 2.719850463e-22)
(1.011521162 -0.1068847148 -1.063244318e-22)
(0.999059737 -0.09226897836 -1.025094936e-22)
(0.9909653875 -0.07838367539 4.419894583e-23)
(0.9862722991 -0.06580345664 2.889043447e-24)
(0.9840451166 -0.05490050786 0)
(0.9834114991 -0.04575217867 0)
(0.983736549 -0.03823466797 1.670932972e-23)
(0.9845761742 -0.03209000594 -1.67531738e-23)
(0.9856695621 -0.0270542226 -1.39084355e-23)
(0.9868659327 -0.02290817089 0)
(0.9880759097 -0.01947241508 0)
(0.9892481855 -0.01660779485 -1.144673357e-24)
(0.99035401 -0.01420919351 4.412781096e-25)
(0.9913786313 -0.01219351454 0)
(0.9923160327 -0.01049341766 -3.117876034e-25)
(0.9931657172 -0.009054273866 -2.244884042e-25)
(0.9939307973 -0.007831629775 0)
(0.9946166103 -0.006789073969 -1.781780707e-25)
(0.9952295216 -0.005896793706 -1.582974508e-25)
(0.9957760313 -0.005130542822 0)
(0.9962623503 -0.004470646736 1.846872265e-24)
(0.9966943413 -0.003900992864 -2.38649783e-24)
(0.9970775431 -0.003408186975 8.139194512e-25)
(0.9974171251 -0.002980987629 0)
(0.9977178234 -0.002609944676 -5.119645717e-25)
(0.997983926 -0.002287113962 5.145647542e-25)
(0.9982192966 -0.002005797118 3.914438084e-25)
(0.9984274025 -0.00176031819 -4.304179278e-25)
(0.9986113434 -0.001545846893 1.002336638e-26)
(0.9987738821 -0.001358258729 -4.443191673e-27)
(0.9989174779 -0.001194023997 -9.132896451e-27)
(0.9990442664 -0.001050144586 5.703550925e-26)
(0.9991561607 -0.0009240134266 -1.462503503e-25)
(0.9992549635 -0.000813333729 7.599933211e-26)
(0.9993422218 -0.0007161295004 0)
(0.999419276 -0.0006307130498 6.900298297e-26)
(0.9994873138 -0.0005556174513 -1.55416008e-26)
(0.9995473877 -0.0004895654145 6.976144403e-26)
(0.9996004282 -0.0004314437184 0)
(0.9996472568 -0.0003802816683 -4.261704424e-26)
(0.9996885981 -0.0003352323081 0)
(0.9997250929 -0.0002955531941 -8.488944088e-27)
(0.9997573089 -0.0002605966193 9.645410492e-28)
(0.9997857477 -0.0002297946174 1.116667309e-26)
(0.9998108497 -0.0002026455166 -2.338223668e-26)
(0.9998330042 -0.0001787107736 2.621356127e-27)
(0.9998525568 -0.0001576063711 -2.976505228e-28)
(0.9998698124 -0.0001389942142 -2.323699965e-27)
(0.9998850394 -0.0001225766937 1.446277899e-26)
(0.999898475 -0.000108092079 1.614415425e-27)
(0.9999103284 -9.531011567e-05 -1.61441411e-27)
(0.9999207842 -8.402802421e-05 0)
(0.9999300053 -7.40670992e-05 0)
(0.9999381353 -6.52698199e-05 0)
(0.9999453009 -5.749729072e-05 0)
(0.9999516138 -5.062696095e-05 0)
(0.9999571724 -4.455062355e-05 -3.264027257e-28)
(0.9999620634 -3.917266615e-05 3.264025904e-28)
(0.9999663629 -3.440853418e-05 0)
(0.9999701379 -3.018338685e-05 0)
(0.9999734476 -2.643086042e-05 0)
(0.9999763427 -2.309231047e-05 0)
(0.9999788714 -2.011404079e-05 0)
(0.9999810605 -1.745736875e-05 1.989925359e-29)
(0.9999829942 -1.503555055e-05 -1.989924869e-29)
(0.9999844745 -1.305980412e-05 0)
(0.9999863794 -1.011893141e-05 0)
(1.169141643 -0.05015219746 -6.788601887e-22)
(1.146460189 -0.07999732257 0)
(1.117795706 -0.09946468353 -6.012204938e-22)
(1.088070895 -0.107771859 4.28636128e-23)
(1.061358123 -0.1071370898 -3.924170494e-22)
(1.039754651 -0.1008912099 0)
(1.023331757 -0.09184991005 -4.788178486e-23)
(1.011227299 -0.08169319309 2.801212339e-23)
(1.002602523 -0.07138245338 9.921128066e-24)
(0.9968181303 -0.06156462195 5.380683767e-24)
(0.9932343773 -0.05266445974 -3.76023602e-23)
(0.9912382777 -0.04487393985 0)
(0.9903044847 -0.0381996031 8.613326093e-24)
(0.990050012 -0.03254203831 3.023539061e-24)
(0.9902185255 -0.0277725074 1.385424302e-23)
(0.9906536389 -0.02375358685 8.147654681e-24)
(0.9912450187 -0.0203683723 -4.413226555e-24)
(0.9919108945 -0.01750643066 4.649068953e-25)
(0.9925978149 -0.01507893085 -4.412149345e-25)
(0.9932748547 -0.01301488297 1.332406416e-25)
(0.9939244305 -0.0112558122 -1.900432188e-25)
(0.9945356747 -0.009753263831 0)
(0.9951020386 -0.008466923213 -2.079127771e-24)
(0.9956208445 -0.00736297128 2.079053674e-24)
(0.9960925584 -0.00641299751 0)
(0.9965193991 -0.005593328889 0)
(0.9969041553 -0.004884405004 3.981209063e-26)
(0.9972497445 -0.004270044954 5.755324772e-25)
(0.9975591939 -0.003736721674 -6.213384781e-25)
(0.9978355999 -0.003273005343 1.449883927e-26)
(0.9980820109 -0.00286919588 4.582795814e-25)
(0.9983013374 -0.002517057311 -4.564678927e-25)
(0.9984963084 -0.002209587365 3.629174982e-25)
(0.9986694486 -0.001940813712 -6.455213038e-25)
(0.9988230673 -0.001705625066 2.884350112e-26)
(0.9989592632 -0.001499634766 2.809418941e-25)
(0.9990799341 -0.001319068871 1.625754536e-27)
(0.9991867729 -0.001160700906 2.312914675e-26)
(0.9992812611 -0.001021738091 0)
(0.9993648381 -0.0008997181203 -1.112035086e-25)
(0.9994387754 -0.000792475663 3.810460737e-26)
(0.9995041663 -0.0006981761645 -6.900257843e-26)
(0.9995619836 -0.0006152217326 -1.330431855e-26)
(0.9996130934 -0.0005422189015 -2.911154154e-26)
(0.999658266 -0.000477951266 -1.180371825e-26)
(0.9996981846 -0.0004213565317 4.26168681e-26)
(0.9997334548 -0.0003715058923 0)
(0.9997646125 -0.0003275853899 2.829886474e-26)
(0.9997921325 -0.0002888807981 3.163287174e-26)
(0.9998164385 -0.0002547661108 -2.465983503e-27)
(0.9998379047 -0.0002246920103 2.338219463e-26)
(0.9998568593 -0.000198173175 -4.541957238e-27)
(0.9998735944 -0.0001747854082 2.526592998e-27)
(0.9998883689 -0.0001541561852 2.015356704e-27)
(0.9999014108 -0.0001359571052 -2.680006981e-26)
(0.9999129215 -0.0001198988263 1.40499631e-27)
(0.9999230789 -0.000105726656 -1.404995201e-27)
(0.9999320406 -9.321628187e-05 0)
(0.9999399455 -8.216996957e-05 -7.595122324e-27)
(0.9999469162 -7.241335005e-05 -7.556147748e-27)
(0.999953061 -6.379262633e-05 1.60540654e-27)
(0.9999584753 -5.617207176e-05 -4.221796906e-28)
(0.9999632431 -4.943181666e-05 -3.284975488e-28)
(0.9999674388 -4.346592237e-05 2.478210451e-28)
(0.9999711274 -3.818069031e-05 -3.502823267e-29)
(0.9999743664 -3.34931775e-05 -3.223140133e-29)
(0.9999772062 -2.932982697e-05 2.262278219e-27)
(0.9999796906 -2.562562929e-05 0)
(0.9999818606 -2.232105061e-05 0)
(0.9999837393 -1.937320586e-05 0)
(0.9999853989 -1.668586458e-05 -1.125024612e-29)
(0.9999866694 -1.44934494e-05 1.125024282e-29)
(0.9999883043 -1.122991947e-05 0)
(1.140783914 -0.03724425592 -4.137427132e-22)
(1.125452379 -0.05993776927 0)
(1.105352054 -0.07582555435 1.003391789e-21)
(1.083659045 -0.08428484883 -1.006571272e-21)
(1.063093279 -0.08631382676 3.310888884e-22)
(1.045376509 -0.08373819024 3.697738347e-22)
(1.031014592 -0.07836015908 -1.50903841e-22)
(1.019786773 -0.07149449739 8.397020223e-23)
(1.011276181 -0.06400123962 -1.913933532e-23)
(1.005081662 -0.05648410343 2.327047866e-23)
(1.000774861 -0.04936695165 0)
(0.9979181908 -0.04288803788 2.243358851e-23)
(0.9961104948 -0.0371349786 -3.182801173e-23)
(0.9950488876 -0.03210287423 -2.209645473e-24)
(0.9944875993 -0.02773840457 -1.43890533e-23)
(0.9942840519 -0.02397004091 2.813567607e-24)
(0.994333687 -0.02073478345 -9.256500073e-25)
(0.9945443206 -0.01795907197 0)
(0.9948468912 -0.01557467902 0)
(0.9951978075 -0.01352391259 1.433080593e-24)
(0.9955709926 -0.01175742513 -1.566254779e-24)
(0.9959488915 -0.0102338141 1.506811967e-24)
(0.9963184035 -0.008918278498 -1.506768838e-24)
(0.9966704239 -0.007781143662 -1.336853379e-24)
(0.996999934 -0.006796831936 1.369109016e-24)
(0.9973050278 -0.005943338976 0)
(0.9975854159 -0.005201938102 -3.980929868e-26)
(0.9978414827 -0.00455684068 9.411424757e-25)
(0.9980740256 -0.003994749463 -1.366557176e-24)
(0.9982841992 -0.003504398497 4.109261144e-25)
(0.9984734193 -0.003076172204 -4.828562417e-27)
(0.9986432475 -0.002701822176 -4.35588471e-27)
(0.9987952965 -0.002374256069 0)
(0.9989311558 -0.002087370272 -4.614299455e-27)
(0.9990523437 -0.001835908051 -2.24606693e-25)
(0.999160287 -0.001615335221 2.204957192e-25)
(0.9992563103 -0.001421730664 -1.625707194e-27)
(0.999341646 -0.001251710244 -2.312141327e-26)
(0.9994173378 -0.001102372479 0)
(0.9994844528 -0.0009711493443 7.309835896e-26)
(0.9995439665 -0.0008557254905 2.749516352e-26)
(0.9995967115 -0.0007541580785 -2.749519507e-26)
(0.9996434332 -0.0006647531066 -1.878842194e-26)
(0.9996848008 -0.0005860304471 -6.749738197e-26)
(0.9997214143 -0.0005166945771 9.665429789e-27)
(0.9997538094 -0.0004556108078 -2.096948323e-26)
(0.9997824635 -0.0004017849292 -3.311329599e-26)
(0.9998078018 -0.0003543449394 -2.829875024e-26)
(0.9998302031 -0.0003125252728 -3.050899489e-26)
(0.9998500031 -0.00027565357 2.770204122e-26)
(0.9998675015 -0.0002431412397 4.247323747e-27)
(0.9998829628 -0.0002144676343 -4.247318438e-27)
(0.9998966198 -0.0001891748993 0)
(0.9999086814 -0.0001668615387 0)
(0.9999193329 -0.0001471737049 2.296778141e-27)
(0.9999287375 -0.0001297994596 1.176015371e-27)
(0.9999370394 -0.0001144640121 -9.106455688e-27)
(0.9999443661 -0.0001009252721 0)
(0.9999508306 -8.89697879e-05 7.595107173e-27)
(0.9999565325 -7.84092497e-05 6.701405451e-27)
(0.9999615598 -6.907749205e-05 0)
(0.9999659903 -6.08278283e-05 0)
(0.9999698925 -5.353067948e-05 -2.421693827e-28)
(0.9999733269 -4.707150163e-05 2.421692724e-28)
(0.9999763466 -4.134896711e-05 0)
(0.9999789985 -3.627336633e-05 0)
(0.9999813239 -3.17651297e-05 -4.474684961e-27)
(0.9999833583 -2.775392407e-05 0)
(0.9999851355 -2.417532908e-05 1.344666743e-27)
(0.9999866743 -2.098294239e-05 0)
(0.9999880336 -1.807257121e-05 -9.613399254e-30)
(0.9999890743 -1.569814225e-05 -3.954062625e-28)
(0.9999904136 -1.216350936e-05 2.471949433e-30)
(1.11939495 -0.02712136246 1.358199107e-22)
(1.10861674 -0.04478076185 0)
(1.09414921 -0.05796268322 4.167464178e-22)
(1.078078627 -0.06610785647 -4.178016425e-22)
(1.062248291 -0.06952378235 -3.443831948e-22)
(1.047914239 -0.0692469171 -5.349706205e-22)
(1.035675546 -0.06641897475 -1.768088799e-22)
(1.025628279 -0.06200807851 1.475039886e-22)
(1.017629349 -0.05672543558 -6.338486121e-23)
(1.011458327 -0.0510982117 1.835138379e-23)
(1.006845592 -0.04551480722 2.431293977e-23)
(1.003494356 -0.04022639753 -2.984938222e-23)
(1.001119146 -0.03536799599 1.154158621e-23)
(0.999483081 -0.03099072383 -5.941971377e-24)
(0.9983806013 -0.02709770246 1.437578028e-23)
(0.9976741424 -0.02366250731 -2.551228068e-23)
(0.9972688638 -0.02064853954 0)
(0.9970805432 -0.01801951899 0)
(0.9970393434 -0.0157308208 0)
(0.9970947646 -0.01374108831 0)
(0.9972128385 -0.01201013131 -6.726962352e-27)
(0.9973703757 -0.01050289398 -7.521244529e-25)
(0.9975503357 -0.009189806656 -1.903187877e-26)
(0.9977398593 -0.008045733835 1.583665805e-24)
(0.9979298972 -0.007048867422 -8.100317079e-25)
(0.9981147445 -0.006179910547 7.297987253e-25)
(0.9982910604 -0.005421738474 -4.032754975e-26)
(0.9984569368 -0.004759398959 -6.812770605e-25)
(0.9986113334 -0.004180095026 -2.916987169e-25)
(0.9987537811 -0.003672960443 2.916957259e-25)
(0.998884231 -0.003228711416 -2.384735615e-25)
(0.9990029703 -0.002839327569 4.683481615e-25)
(0.9991105353 -0.002497830777 -2.206909622e-25)
(0.9992076099 -0.002198145807 0)
(0.9992949429 -0.001934996632 0)
(0.9993733028 -0.001703806708 0)
(0.9994434526 -0.001500599884 0)
(0.9995061379 -0.001321913153 -1.164214035e-25)
(0.9995620155 -0.001164793116 1.165444157e-25)
(0.999611741 -0.001026606954 4.078786071e-26)
(0.9996559945 -0.0009049644846 5.735500544e-26)
(0.9996953415 -0.0007978444579 -2.08012642e-26)
(0.9997302919 -0.0007034894149 4.052980013e-26)
(0.9997613123 -0.0006203588603 3.609008545e-26)
(0.9997888268 -0.0005471012638 0)
(0.9998132181 -0.00048253103 2.27297715e-26)
(0.9998348293 -0.0004256084307 3.659734572e-26)
(0.9998539679 -0.0003754208937 -9.922298475e-27)
(0.9998709086 -0.0003311659207 4.677691156e-27)
(0.9998858975 -0.0002921371636 0)
(0.9998991569 -0.0002577122801 1.195606901e-26)
(0.9999108843 -0.0002273456897 2.957262685e-27)
(0.9999212525 -0.0002005545752 -1.250048687e-26)
(0.9999304161 -0.0001769147267 0)
(0.9999385137 -0.0001560529884 1.004048326e-26)
(0.9999456673 -0.0001376402007 6.79021403e-27)
(0.9999519852 -0.0001213860535 7.930421346e-27)
(0.9999575633 -0.0001070346263 -7.35275566e-28)
(0.9999624867 -9.436021293e-05 8.357942471e-29)
(0.9999668309 -8.3163632e-05 1.227933531e-27)
(0.9999706623 -7.326905105e-05 -5.762378789e-28)
(0.9999740397 -6.45211969e-05 0)
(0.9999770151 -5.678287395e-05 0)
(0.9999796343 -4.993278002e-05 0)
(0.9999819378 -4.386358749e-05 -1.459081061e-28)
(0.999983961 -3.84802581e-05 2.700811454e-28)
(0.9999857354 -3.369848337e-05 1.907672672e-27)
(0.999987288 -2.944373008e-05 0)
(0.9999886444 -2.564771737e-05 -1.344663969e-27)
(0.999989819 -2.226126333e-05 -8.335841706e-28)
(0.9999908568 -1.917386121e-05 2.440828405e-29)
(0.9999916513 -1.665493519e-05 7.234641521e-28)
(0.9999926738 -1.290502167e-05 0)
(1.102783016 -0.02050759687 5.264396862e-24)
(1.095126397 -0.03437128014 0)
(1.084591441 -0.04519408929 3.435789946e-22)
(1.072532395 -0.05251008911 -6.378202446e-22)
(1.060245695 -0.05638478827 4.443826906e-23)
(1.048666142 -0.05737601813 3.689191581e-23)
(1.03835419 -0.05619620558 1.218373205e-23)
(1.02953134 -0.05351344218 1.736555094e-23)
(1.022214041 -0.04988197388 1.124178327e-22)
(1.016306865 -0.04573964443 -4.903861856e-23)
(1.0116558 -0.04142374682 -3.656794604e-23)
(1.008071321 -0.03717310778 1.271809095e-23)
(1.005356948 -0.03313778228 2.107899391e-23)
(1.003334541 -0.02939900581 -5.587272552e-24)
(1.00184684 -0.02599397783 1.066046355e-23)
(1.000764911 -0.02292656386 3.963530178e-24)
(1.000003333 -0.02018410892 0)
(0.9994786033 -0.0177486145 1.628955163e-23)
(0.9991336433 -0.01559425057 1.427235764e-24)
(0.9989245761 -0.01369884802 -4.811092521e-25)
(0.9988128654 -0.01203470479 6.725701907e-27)
(0.9987688747 -0.01057324826 -1.140876707e-26)
(0.9987717818 -0.009289470216 1.689571653e-25)
(0.9988067633 -0.008162150632 -1.84044986e-25)
(0.9988627745 -0.007172927063 -8.288391762e-27)
(0.9989314187 -0.006305481018 3.166525582e-25)
(0.9990065116 -0.005544945009 -3.242589802e-25)
(0.9990838355 -0.004877824357 3.2447476e-25)
(0.9991607116 -0.004292204 -1.677993117e-25)
(0.9992354114 -0.003777804323 -1.573305355e-25)
(0.9993067266 -0.003325789431 1.422836459e-27)
(0.9993738309 -0.002928495167 -1.32247095e-25)
(0.9994362553 -0.00257921168 1.308701307e-25)
(0.9994938212 -0.002272044941 -1.109001592e-25)
(0.999546544 -0.002001826865 1.108998295e-25)
(0.9995945632 -0.001764038045 0)
(0.9996380994 -0.001554727825 -9.77445589e-28)
(0.9996774265 -0.001370440506 7.553427859e-26)
(0.9997128139 -0.001208198008 -7.558812309e-26)
(0.9997445493 -0.001065357161 -1.618339389e-27)
(0.9997729813 -0.0009395242988 -7.352432996e-26)
(0.9997984133 -0.000828626597 -1.955835761e-26)
(0.9998211219 -0.0007308758042 1.769090319e-26)
(0.9998413682 -0.000644700493 0)
(0.9998593974 -0.000568719132 2.344042165e-26)
(0.9998754357 -0.0005017167941 -9.251258255e-28)
(0.9998896896 -0.0004426253341 3.668950549e-27)
(0.9999023471 -0.0003905054864 -3.251660819e-27)
(0.9999135789 -0.0003445303397 3.251663683e-27)
(0.9999235391 -0.0003039713579 -2.614034801e-27)
(0.9999323662 -0.0002681866606 -6.999119619e-27)
(0.9999401852 -0.0002366124271 -4.442196885e-27)
(0.9999471079 -0.000208750422 1.352315776e-26)
(0.9999532336 -0.000184161243 -7.53269285e-27)
(0.9999586523 -0.0001624581096 -3.575906536e-27)
(0.9999634442 -0.0001432998917 -1.286745035e-26)
(0.9999676801 -0.0001263855572 0)
(0.9999714231 -0.0001114495135 0)
(0.9999747291 -9.825742398e-05 0)
(0.9999776481 -8.660244736e-05 -4.250481155e-28)
(0.9999802239 -7.630192662e-05 4.883078222e-29)
(0.9999824957 -6.719450149e-05 -2.272523996e-27)
(0.999984498 -5.913756027e-05 6.226529247e-28)
(0.9999862612 -5.200498707e-05 1.502204925e-27)
(0.9999878124 -4.568517262e-05 -1.670635405e-27)
(0.9999891753 -4.007926917e-05 1.454627248e-27)
(0.999990371 -3.509957442e-05 -1.142270239e-27)
(0.9999914174 -3.066854117e-05 0)
(0.9999923318 -2.671511153e-05 -7.654571989e-28)
(0.9999931238 -2.31881035e-05 8.091740269e-28)
(0.9999938237 -1.997244416e-05 -4.125797402e-28)
(0.9999943596 -1.734880517e-05 -3.209135274e-28)
(0.9999950493 -1.344282119e-05 0)
(1.089815682 -0.01562748092 8.516313754e-23)
(1.084243277 -0.02662380412 0)
(1.07642721 -0.03552991656 -6.982182073e-22)
(1.067256657 -0.04195408571 1.100841815e-21)
(1.057638709 -0.04587916694 2.154512628e-22)
(1.048284166 -0.0475552243 2.111403827e-22)
(1.039652751 -0.04743185228 -1.567331677e-22)
(1.03200215 -0.04596116397 0)
(1.025429797 -0.04356163078 0)
(1.019924775 -0.04058391296 -1.074583486e-23)
(1.015412524 -0.03730798885 8.310570398e-24)
(1.011779456 -0.03394504882 0)
(1.008895284 -0.03064225201 0)
(1.006632394 -0.02749421247 1.620253066e-23)
(1.004874811 -0.02455722851 -1.031579979e-23)
(1.003519318 -0.021859123 -2.563484512e-24)
(1.00248491 -0.01940442653 -1.611716699e-23)
(1.001695799 -0.01718939332 -4.201446153e-24)
(1.001100351 -0.01520306048 2.19202993e-23)
(1.000660512 -0.01343001668 -4.256082033e-24)
(1.00034396 -0.01185605547 -8.493343338e-25)
(1.000119055 -0.01046230773 1.103538233e-24)
(0.9999610322 -0.009228919209 2.377495643e-26)
(0.999852852 -0.00813833374 -8.819524855e-27)
(0.99978244 -0.007174821762 1.088280017e-29)
(0.9997402244 -0.006324503388 4.668679636e-27)
(0.9997182475 -0.005574843388 2.743209352e-27)
(0.9997102924 -0.004914293758 2.940362515e-27)
(0.9997119926 -0.00433231134 -1.510734908e-27)
(0.9997204122 -0.003819485182 -3.34249191e-26)
(0.9997334163 -0.003367538387 3.200216716e-26)
(0.9997493104 -0.002969214274 4.247663515e-26)
(0.9997667709 -0.002618138977 -8.301911177e-26)
(0.9997848322 -0.002308702472 4.086728488e-28)
(0.9998028243 -0.002035960121 4.124946937e-26)
(0.9998202974 -0.001795549767 0)
(0.9998369618 -0.001583622651 9.774157148e-28)
(0.9998526431 -0.001396786392 0)
(0.9998672365 -0.001232091824 9.56443767e-27)
(0.999880675 -0.00108694649 -3.900576087e-26)
(0.9998929925 -0.0009589854009 2.890240047e-26)
(0.9999042286 -0.0008461210127 1.955820462e-26)
(0.9999144315 -0.0007465653493 -1.769077433e-26)
(0.99992366 -0.0006587428461 0)
(0.9999319797 -0.0005812651776 -9.71079706e-27)
(0.9999394595 -0.0005129088453 2.384560913e-28)
(0.9999461688 -0.0004525958216 -1.639196171e-26)
(0.9999521749 -0.0003993766184 0)
(0.9999575418 -0.00035241491 0)
(0.9999623294 -0.0003109734649 5.213621161e-27)
(0.9999665943 -0.0002744015844 -1.357261475e-28)
(0.9999703901 -0.000242124595 -1.340152312e-27)
(0.9999737651 -0.0002136363802 -1.102829834e-27)
(0.9999767628 -0.0001884899135 7.754537007e-27)
(0.9999794232 -0.0001662909214 4.989512916e-27)
(0.9999817825 -0.000146691831 3.663954073e-27)
(0.9999838732 -0.0001293858574 0)
(0.9999857247 -0.0001141021006 0)
(0.9999873633 -0.0001006014072 -1.757822742e-27)
(0.9999888125 -8.867262204e-05 0)
(0.9999900933 -7.81292088e-05 2.401939617e-28)
(0.9999912245 -6.880630964e-05 2.290339538e-27)
(0.9999922227 -6.055817726e-05 -2.477404546e-29)
(0.9999931027 -5.325589481e-05 -1.816212205e-27)
(0.9999938777 -4.678535155e-05 1.395396186e-27)
(0.9999945591 -4.104546511e-05 -2.135101058e-27)
(0.9999951574 -3.594653285e-05 1.142267192e-27)
(0.9999956814 -3.140922214e-05 0)
(0.9999961396 -2.736082158e-05 7.654552083e-28)
(0.9999965366 -2.374895915e-05 0)
(0.9999968876 -2.045581602e-05 4.166956953e-28)
(0.9999971565 -1.776888455e-05 -5.164437285e-30)
(0.9999975027 -1.376849308e-05 -5.424293545e-29)
(1.079542438 -0.01208809959 -2.668779511e-23)
(1.07540742 -0.02090307193 -3.34967338e-23)
(1.069519926 -0.02823564713 -3.517833222e-23)
(1.062459465 -0.0337954949 1.941790052e-22)
(1.054858286 -0.03751179091 -4.244510397e-22)
(1.047265266 -0.039494707 0)
(1.040053006 -0.0400103887 1.566691822e-22)
(1.033464351 -0.03936586948 6.195568842e-23)
(1.027626637 -0.03786020397 5.721458193e-23)
(1.022581579 -0.03576527703 -2.785577513e-23)
(1.018306669 -0.03331040395 6.988186242e-23)
(1.014742617 -0.03067871053 -3.127811837e-23)
(1.011809203 -0.02800693972 -1.426153081e-24)
(1.009419106 -0.02539045202 -2.116111267e-24)
(1.007487335 -0.02289178637 1.441125336e-23)
(1.005935251 -0.02054924022 -2.028627441e-23)
(1.004694516 -0.01838169276 1.406906291e-23)
(1.003703868 -0.0163970269 3.867976101e-24)
(1.002911938 -0.01459389815 -3.099672521e-23)
(1.00228176 -0.01296509815 0)
(1.00178728 -0.01150042288 -3.982425744e-24)
(1.001401008 -0.01019113098 -3.457126216e-24)
(1.001098453 -0.0090235728 -2.375959736e-26)
(1.000861019 -0.007984920935 7.327976331e-25)
(1.000674751 -0.007061883212 -7.502020248e-25)
(1.000528965 -0.006242361838 -4.668304037e-27)
(1.000415015 -0.005515672797 -3.309254534e-27)
(1.000325785 -0.004872164677 2.501735137e-25)
(1.000255684 -0.004302934283 -2.535503532e-25)
(1.000200534 -0.003799746822 9.214392949e-27)
(1.000157202 -0.003355076847 -7.526254952e-27)
(1.000123236 -0.002962163065 0)
(1.000096655 -0.002615012333 -1.740235489e-29)
(1.000075859 -0.002308344143 0)
(1.000059572 -0.002037500801 -1.999219029e-26)
(1.000046802 -0.001798353079 2.167743895e-26)
(1.000036785 -0.001587225858 1.160657019e-27)
(1.000028928 -0.001400850234 6.60201458e-27)
(1.000022768 -0.001236352164 -9.226604363e-27)
(1.000017909 -0.001091233691 -1.046100683e-26)
(1.000014088 -0.0009631961853 0)
(1.000011084 -0.0008501711372 -7.097820536e-27)
(1.000008724 -0.0007504001559 -1.058012716e-28)
(1.000006869 -0.0006623305064 -1.681182189e-28)
(1.00000541 -0.0005845908054 -3.18970849e-27)
(1.000004262 -0.0005159693283 -4.867023898e-27)
(1.000003358 -0.0004553958958 6.629162005e-27)
(1.000002647 -0.0004019262073 -1.955392979e-27)
(1.000002087 -0.0003547270874 1.516004078e-27)
(1.000001645 -0.0003130625674 -4.889136236e-27)
(1.000001298 -0.0002762824707 -3.246788638e-28)
(1.000001024 -0.0002438130257 -2.763706e-28)
(1.000000807 -0.0002151486635 3.960156242e-28)
(1.000000636 -0.0001898419063 2.279583396e-28)
(1.000000501 -0.0001674975885 9.14051963e-29)
(1.000000394 -0.0001477672092 -2.828768959e-28)
(1.000000309 -0.0001303430086 5.519498421e-28)
(1.000000242 -0.0001149530265 -2.690729459e-28)
(1.00000019 -0.0001013570493 1.757816525e-27)
(1.000000148 -8.934292384e-05 0)
(1.000000115 -7.87231736e-05 0)
(1.000000088 -6.933205127e-05 0)
(1.000000067 -6.102298296e-05 2.673364073e-28)
(1.000000051 -5.366629491e-05 2.601828164e-28)
(1.000000038 -4.71471843e-05 -6.797853418e-29)
(1.000000027 -4.136393501e-05 8.281886984e-28)
(1.000000019 -3.622626119e-05 2.983409874e-29)
(1.000000013 -3.165429608e-05 1.651898711e-28)
(1.000000007 -2.757482252e-05 3.02048901e-29)
(1.000000003 -2.393510728e-05 -1.377320432e-28)
(1 -2.061644918e-05 2.190689917e-30)
(0.9999999979 -1.790862686e-05 5.965630214e-29)
(0.9999999951 -1.387696694e-05 7.046552614e-29)
(1.071332259 -0.009450055722 -8.41690546e-24)
(1.068206575 -0.01656489401 -5.193835581e-23)
(1.06369363 -0.02262160437 4.778933477e-23)
(1.058186575 -0.02738843607 0)
(1.052125096 -0.03077490401 -1.571593871e-22)
(1.045920519 -0.03283680084 1.574544822e-22)
(1.039883918 -0.03370914921 0)
(1.034221027 -0.03360531315 -1.191007908e-22)
(1.029067123 -0.03273435604 0)
(1.024491428 -0.03130482412 0)
(1.020504705 -0.0294998667 0)
(1.017084053 -0.02747065758 1.744365375e-24)
(1.014184292 -0.02533608367 1.426028408e-24)
(1.011748748 -0.02318535914 0)
(1.009717796 -0.02108267792 0)
(1.008033483 -0.01907196268 6.207026891e-24)
(1.006642271 -0.01718049365 -5.791846872e-24)
(1.005496137 -0.01542348509 -3.881002015e-24)
(1.004551663 -0.01380750074 1.429591455e-23)
(1.003771135 -0.01233202028 0)
(1.003131445 -0.01099151015 -4.33973211e-24)
(1.002604568 -0.009781169084 1.149392516e-23)
(1.002171407 -0.00869157873 1.397570709e-24)
(1.001816883 -0.007715542937 -2.553098648e-24)
(1.001525921 -0.0068437151 1.140081545e-24)
(1.001285796 -0.006065815733 0)
(1.001086781 -0.005372505982 2.692275218e-26)
(1.000921357 -0.004755582831 5.771851523e-25)
(1.000783488 -0.004207575691 -5.710442604e-25)
(1.000668189 -0.003721480756 -9.213884565e-27)
(1.000571355 -0.003290682246 -6.192643644e-27)
(1.000489717 -0.002909052456 -1.322901889e-25)
(1.000420719 -0.002571076981 1.223534619e-25)
(1.000362295 -0.002271873237 0)
(1.000312702 -0.00200711593 0)
(1.000270469 -0.001772945809 -6.862899779e-26)
(1.00023439 -0.001565904481 6.606176643e-26)
(1.00020348 -0.001382896292 5.16568922e-26)
(1.000176941 -0.00122116321 -5.234733848e-26)
(1.000154075 -0.001078342493 1.046090925e-26)
(1.000134346 -0.0009522374036 2.339864866e-26)
(1.000117284 -0.0008408282812 7.518470016e-28)
(1.000102504 -0.0007424123162 1.174314574e-26)
(1.000089677 -0.0006554828339 -9.982655386e-27)
(1.000078526 -0.000578705626 1.233931225e-26)
(1.000068817 -0.0005108992293 -1.495903788e-26)
(1.000060354 -0.0004510182802 -2.482710271e-27)
(1.000052967 -0.0003981386825 1.011379246e-26)
(1.000046514 -0.0003514437385 -8.507042264e-27)
(1.00004087 -0.0003102112578 2.799582665e-27)
(1.000035929 -0.0002738028158 -1.64818027e-27)
(1.0000316 -0.0002416537431 4.959007112e-27)
(1.000027803 -0.0002132660637 3.310582624e-27)
(1.000024473 -0.0001881987507 -3.372096349e-27)
(1.00002155 -0.0001660620067 -9.140479106e-29)
(1.000018983 -0.0001465118566 -2.526632792e-28)
(1.000016728 -0.0001292444015 -1.832837286e-27)
(1.000014747 -0.0001139909753 -1.376881363e-27)
(1.000013005 -0.0001005141612 1.239940748e-28)
(1.000011475 -8.860417662e-05 -1.239940568e-28)
(1.000010129 -7.807556576e-05 0)
(1.000008947 -6.876431445e-05 0)
(1.000007908 -6.052534199e-05 -2.673354713e-28)
(1.000006996 -5.323026627e-05 -2.730434223e-28)
(1.000006195 -4.676540353e-05 2.095397449e-29)
(1.000005494 -4.103000511e-05 -8.092489926e-30)
(1.000004879 -3.593462174e-05 -8.515061782e-31)
(1.000004343 -3.140010956e-05 -3.783440027e-28)
(1.000003875 -2.735390084e-05 9.404579769e-32)
(1.00000347 -2.374373556e-05 2.269920941e-28)
(1.000003112 -2.045190611e-05 -6.231742138e-29)
(1.000002839 -1.776590547e-05 -3.686253294e-29)
(1.000002487 -1.376658951e-05 -1.506926221e-29)
(1.06471533 -0.007442784243 1.802651372e-23)
(1.062309036 -0.01322357538 -3.519326398e-23)
(1.058792305 -0.01823578311 -1.662119829e-23)
(1.054440478 -0.0222911848 -1.039682467e-22)
(1.049555309 -0.02531466459 1.367429143e-22)
(1.044443476 -0.02731814716 5.050591223e-23)
(1.039367224 -0.02836714265 0)
(1.03449808 -0.02860474212 4.736775704e-23)
(1.029962514 -0.02817668502 -6.285239324e-24)
(1.025838212 -0.02723823664 -3.659206031e-23)
(1.022156044 -0.0259322236 9.894848662e-25)
(1.018916546 -0.02438220327 2.375643832e-23)
(1.016099981 -0.02269074801 -4.012162945e-24)
(1.013673897 -0.02093894411 -3.952560984e-23)
(1.011599462 -0.01918793804 1.804002238e-23)
(1.009835549 -0.01748178563 -4.144773211e-25)
(1.008341519 -0.01585053604 5.284460191e-24)
(1.007079365 -0.01431341227 -5.28393105e-24)
(1.006014626 -0.01288176362 -1.87150695e-24)
(1.005115635 -0.01156093099 0)
(1.004357822 -0.01034982084 0)
(1.003715199 -0.009246913441 -1.019467777e-23)
(1.003170862 -0.008247106335 -1.729609975e-23)
(1.002711945 -0.007343776377 5.834929592e-24)
(1.002326354 -0.006531626136 1.57492722e-24)
(1.002000971 -0.005803676895 0)
(1.001724722 -0.005152099021 -9.624868102e-25)
(1.001489353 -0.004569850619 1.709040972e-24)
(1.001288512 -0.004050458777 -7.769896645e-25)
(1.001116874 -0.003587999993 0)
(1.000969775 -0.00317689919 3.324288587e-26)
(1.000843257 -0.002811846008 1.684890938e-26)
(1.000734145 -0.002487892609 1.93343268e-25)
(1.000639916 -0.002200563008 -1.834078542e-25)
(1.000558455 -0.001945859933 0)
(1.000487931 -0.001720205075 -1.081327422e-25)
(1.000426766 -0.001520385026 1.176016108e-25)
(1.000373621 -0.001343519147 -9.431958305e-27)
(1.000327373 -0.001187028999 -2.267743682e-27)
(1.00028707 -0.001048689888 0)
(1.000251899 -0.0009264431199 -2.339844018e-26)
(1.000221175 -0.0008183644223 0)
(1.000194306 -0.0007228225188 1.076355374e-26)
(1.000170787 -0.0006383783149 -2.62619655e-26)
(1.000150181 -0.0005637546852 -9.329077847e-27)
(1.000132114 -0.0004978183711 2.985505902e-26)
(1.000116263 -0.0004395640587 1.63279467e-26)
(1.000102348 -0.0003881008837 -2.926478127e-27)
(1.000090126 -0.0003426404723 1.759112643e-27)
(1.000079385 -0.000302485643 0)
(1.000069942 -0.0002670193026 0)
(1.000061638 -0.0002356947659 5.100671886e-27)
(1.000054331 -0.0002080291385 -5.152104797e-27)
(1.000047901 -0.0001835944934 3.14412328e-27)
(1.000042241 -0.0001620127889 0)
(1.000037258 -0.0001429499766 -5.222246988e-27)
(1.000032872 -0.0001261106475 1.998661253e-27)
(1.000029009 -0.0001112336012 2.807621899e-27)
(1.000025609 -9.808793264e-05 -3.377179995e-27)
(1.000022615 -8.646949319e-05 0)
(1.00001998 -7.619773334e-05 -1.881284232e-27)
(1.000017661 -6.711293983e-05 -1.918340495e-27)
(1.000015621 -5.90738017e-05 -1.210026219e-28)
(1.000013828 -5.195524021e-05 1.468122479e-27)
(1.000012254 -4.564647029e-05 -1.142812832e-27)
(1.000010872 -4.00492878e-05 6.741384619e-29)
(1.000009662 -3.507648215e-05 -9.434682963e-29)
(1.000008603 -3.065087664e-05 2.193082442e-28)
(1.00000768 -2.67016973e-05 -4.348496941e-28)
(1.00000688 -2.317798253e-05 -9.792875286e-29)
(1.000006175 -1.996487474e-05 6.177943387e-29)
(1.000005635 -1.734304435e-05 8.411411816e-29)
(1.00000494 -1.343914743e-05 0)
(1.059354226 -0.005896454927 1.225699926e-23)
(1.057470518 -0.01060955223 0)
(1.054684236 -0.01475874368 2.938489013e-23)
(1.051191904 -0.01819574026 6.169728381e-23)
(1.047208942 -0.0208523664 8.102453896e-23)
(1.042965338 -0.02271331731 -3.287525909e-22)
(1.038670427 -0.02381587807 1.135862903e-23)
(1.034469789 -0.02424894647 0)
(1.030474594 -0.02411705385 0)
(1.026761463 -0.02353256785 -3.753194222e-23)
(1.023374641 -0.02260605439 6.054781755e-23)
(1.020330524 -0.02143718741 -2.868902012e-23)
(1.017627269 -0.02011154165 2.134239272e-23)
(1.015249451 -0.01869935231 -5.992353091e-25)
(1.013173005 -0.01725586292 -3.392803237e-23)
(1.011369614 -0.01582294748 1.563600871e-23)
(1.009809728 -0.01443114417 0)
(1.008464496 -0.01310172585 0)
(1.007306912 -0.0118486452 0)
(1.006311876 -0.01068025609 -3.52388767e-24)
(1.005457214 -0.009599710308 3.521725932e-24)
(1.004721612 -0.008607968061 1.024463578e-23)
(1.004086451 -0.007703170978 2.73443485e-23)
(1.003538933 -0.006880982651 -7.332924849e-24)
(1.003069677 -0.006135848508 0)
(1.002667423 -0.005464475712 -4.621990001e-24)
(1.002321267 -0.004861018205 6.838813388e-25)
(1.002022621 -0.004320080742 0)
(1.001764453 -0.003835960006 -3.789447932e-25)
(1.001540947 -0.003403342207 4.44865246e-25)
(1.001347132 -0.003017421651 3.025152141e-26)
(1.001178741 -0.002673725383 -1.684817597e-26)
(1.001032192 -0.00236804438 2.511413915e-25)
(1.000904501 -0.002096454206 -2.511449291e-25)
(1.000793145 -0.001855345733 -1.43460447e-26)
(1.000695954 -0.001641432824 -1.748552469e-25)
(1.000611048 -0.001451747161 3.204285154e-25)
(1.000536797 -0.00128362962 -1.369630395e-25)
(1.000471803 -0.001134707016 6.207997762e-27)
(1.000414869 -0.001002917178 0)
(1.000364958 -0.0008863557219 2.088906291e-26)
(1.00032117 -0.0007832401392 -2.08891638e-26)
(1.000282725 -0.0006920249368 -1.591280734e-26)
(1.000248954 -0.0006113566644 8.8850222e-26)
(1.000219273 -0.0005400316881 -2.599694323e-26)
(1.000193175 -0.0004769799304 -6.673712578e-27)
(1.000170219 -0.0004212506084 -2.553071062e-26)
(1.000150021 -0.0003719998639 9.202897053e-27)
(1.000132243 -0.0003284793771 0)
(1.000116591 -0.0002900260029 0)
(1.000102808 -0.000256052156 -5.274569771e-27)
(1.000090667 -0.0002260402904 -2.738459687e-27)
(1.000079972 -0.0001995281797 -1.001307948e-26)
(1.00007055 -0.0001761077241 8.702511869e-27)
(1.000062248 -0.0001554184892 0)
(1.000054932 -0.0001371413636 5.730774755e-27)
(1.000048486 -0.0001209939698 -1.287312337e-27)
(1.000042806 -0.0001067265818 9.579854022e-28)
(1.000037802 -9.411834132e-05 -2.390739539e-27)
(1.000033393 -8.297387591e-05 -3.660693009e-27)
(1.000029511 -7.312033818e-05 2.053043733e-27)
(1.000026093 -6.440479707e-05 1.746564919e-27)
(1.000023086 -5.669190896e-05 2.307273304e-27)
(1.000020441 -4.98618438e-05 -1.246507664e-27)
(1.000018117 -4.380843898e-05 2.85035884e-27)
(1.000016078 -3.843756674e-05 -1.551977747e-28)
(1.00001429 -3.366561988e-05 0)
(1.000012728 -2.941860094e-05 9.157329332e-28)
(1.000011363 -2.562864323e-05 4.3484815e-28)
(1.000010182 -2.22468843e-05 -5.307597702e-28)
(1.000009139 -1.916312359e-05 0)
(1.000008341 -1.664678024e-05 8.05061812e-29)
(1.000007314 -1.289983998e-05 0)
(1.054989375 -0.004682055613 1.192078266e-23)
(1.05349143 -0.008529437407 4.182846287e-24)
(1.051249437 -0.01195900404 -3.526628312e-23)
(1.04840598 -0.01485376053 1.23044569e-23)
(1.045120173 -0.01715038993 0)
(1.041562352 -0.01882626429 -4.045762733e-23)
(1.037894978 -0.01990691307 1.687624817e-22)
(1.034247243 -0.02043893741 3.64371035e-23)
(1.030713714 -0.02049897472 0)
(1.02736834 -0.02016595883 -3.800668691e-23)
(1.024260611 -0.01952490018 1.787604753e-24)
(1.02141486 -0.01865529185 2.390026334e-23)
(1.018839615 -0.01762693962 0)
(1.016531227 -0.01649892104 2.357094154e-24)
(1.014477574 -0.0153196498 0)
(1.012661495 -0.01412768887 0)
(1.011063108 -0.01295265206 0)
(1.009661417 -0.01181620992 0)
(1.008435547 -0.0107333521 4.470474416e-24)
(1.007365465 -0.009713799708 -6.009000542e-25)
(1.006432557 -0.008762981221 -3.869234138e-24)
(1.005619657 -0.007883460204 5.800274267e-24)
(1.004910426 -0.007075783173 -1.587854167e-23)
(1.004290304 -0.006338242136 -4.890266182e-24)
(1.003751128 -0.005666393058 7.489303698e-24)
(1.003280883 -0.0050581573 -4.280247088e-24)
(1.002871112 -0.004508348436 6.993324815e-25)
(1.002515063 -0.004013443587 0)
(1.002205284 -0.003569282222 -6.590420509e-26)
(1.001935051 -0.003171282783 4.713266328e-25)
(1.001698862 -0.002815223085 -5.211109107e-25)
(1.001492201 -0.002497296669 0)
(1.001311247 -0.00221394051 0)
(1.001152695 -0.001961751269 -2.743201751e-25)
(1.001013666 -0.001737514025 2.886700218e-25)
(1.000891688 -0.001538273296 0)
(1.000784638 -0.001361362561 1.728435953e-25)
(1.000690659 -0.001204384836 -1.837822253e-25)
(1.000608117 -0.001065183291 -1.305819635e-25)
(1.000535591 -0.0009418687832 7.926055345e-26)
(1.000471839 -0.0008327176508 -1.965786044e-27)
(1.000415768 -0.0007360985441 0)
(1.000366424 -0.0006505757277 4.905521425e-26)
(1.000322989 -0.0005748981369 -3.422467753e-26)
(1.000284744 -0.0005079514251 0)
(1.000251062 -0.0004487432964 0)
(1.00022139 -0.000396390277 -2.89372007e-26)
(1.000195247 -0.0003501066741 2.533444846e-26)
(1.000172211 -0.0003091948597 -2.216869443e-26)
(1.00015191 -0.0002730358897 -1.938634007e-26)
(1.000134014 -0.000241082057 -1.694314688e-26)
(1.000118238 -0.0002128482507 0)
(1.000104331 -0.000187901569 1.539830369e-26)
(1.00009207 -0.0001658601988 -1.408774816e-26)
(1.00008126 -0.0001463862351 0)
(1.000071729 -0.0001291802476 1.770437505e-27)
(1.000063328 -0.0001139772318 -7.65979858e-27)
(1.000055921 -0.0001005427612 -1.536325572e-27)
(1.000049393 -8.866940639e-05 4.244745808e-27)
(1.000043641 -7.817357992e-05 -1.876867431e-28)
(1.000038574 -6.889280985e-05 -1.850818285e-27)
(1.000034111 -6.068331027e-05 4.456680669e-27)
(1.000030184 -5.341779538e-05 -2.307263336e-27)
(1.000026729 -4.698353775e-05 2.661485435e-28)
(1.000023693 -4.128064385e-05 8.491496318e-29)
(1.000021029 -3.622052753e-05 3.775707413e-29)
(1.000018693 -3.172449194e-05 -1.356519503e-27)
(1.00001665 -2.772287792e-05 -9.157294065e-28)
(1.000014867 -2.415178939e-05 -9.798680714e-28)
(1.000013323 -2.096522645e-05 5.1408576e-28)
(1.000011959 -1.805937519e-05 1.667203845e-29)
(1.000010916 -1.568815378e-05 -1.891702554e-28)
(1.000009573 -1.21571997e-05 0)
(1.051438326 -0.003716684936 8.516715172e-24)
(1.050227139 -0.006850734864 -3.090458135e-23)
(1.048393246 -0.009672104726 1.493385389e-23)
(1.046042078 -0.01208885447 -7.895794418e-24)
(1.043294248 -0.01404545496 1.804737841e-23)
(1.040274588 -0.01552327865 4.047920111e-23)
(1.037111056 -0.01653159721 -1.103180863e-22)
(1.033918161 -0.0170950098 -3.644170961e-23)
(1.030776531 -0.01726797357 -3.030815267e-23)
(1.027753107 -0.01710693207 4.488155335e-23)
(1.024897071 -0.01667580366 1.720915828e-24)
(1.022237734 -0.01603645701 8.842405486e-24)
(1.019790594 -0.01524524438 -5.206279622e-24)
(1.017560741 -0.01435176967 -4.804490309e-24)
(1.015545269 -0.01339797907 4.166346418e-24)
(1.013735654 -0.01241800281 6.976598126e-24)
(1.012119557 -0.01143863039 -6.976346505e-24)
(1.010682294 -0.01048015975 -2.901917274e-24)
(1.00940817 -0.009557408492 -4.724941144e-24)
(1.008281467 -0.008680703316 6.60803898e-24)
(1.007287041 -0.007856666431 -6.127057912e-24)
(1.006410679 -0.007089021511 -3.174326555e-24)
(1.005639091 -0.006379415531 3.940718605e-24)
(1.004959467 -0.005727926104 4.920991135e-24)
(1.004361837 -0.005132089446 5.912418681e-25)
(1.003834617 -0.004590719722 8.27854559e-24)
(1.003370432 -0.004100164697 -3.237005179e-24)
(1.002963241 -0.003656278372 1.829001198e-24)
(1.002606996 -0.003256306243 1.426759573e-24)
(1.002294866 -0.002897076708 -1.938033508e-26)
(1.002020717 -0.002574935244 4.814249764e-25)
(1.001779638 -0.002286517656 -4.814367597e-25)
(1.001567594 -0.002028837028 0)
(1.001381065 -0.001799088342 0)
(1.00121691 -0.001594545086 -4.071615534e-26)
(1.00107237 -0.001412605088 2.507875263e-25)
(1.000945088 -0.001250880754 -1.484673291e-26)
(1.00083302 -0.00110722693 -4.1357861e-25)
(1.000734353 -0.0009797142329 9.812030524e-26)
(1.000647477 -0.0008666415508 1.38160301e-25)
(1.00057097 -0.0007664781125 -1.088985759e-26)
(1.000503567 -0.0006777617595 0)
(1.000444155 -0.0005991883749 -4.905480972e-26)
(1.000391782 -0.0005296242779 5.106502066e-26)
(1.000345609 -0.0004680566807 4.484220987e-26)
(1.000304898 -0.0004135828355 0)
(1.000268999 -0.0003653980551 6.347734354e-26)
(1.000237342 -0.0003227853133 -2.533427672e-26)
(1.000209423 -0.0002851072101 -4.38775957e-27)
(1.000184799 -0.0002517975129 1.9386217e-26)
(1.000163079 -0.0002223562821 1.694303136e-26)
(1.000143922 -0.0001963352012 1.78219802e-26)
(1.000127026 -0.0001733393543 -1.5582506e-26)
(1.000112123 -0.0001530185861 -1.36148499e-26)
(1.000098979 -0.0001350622038 -2.549143465e-27)
(1.000087387 -0.0001191949421 1.291895402e-26)
(1.000077164 -0.0001051731544 9.358225745e-27)
(1.000068149 -9.278122379e-05 -8.120995569e-27)
(1.000060202 -8.182825841e-05 6.617077378e-27)
(1.000053197 -7.214523874e-05 3.385516318e-27)
(1.000047025 -6.358254751e-05 -5.135235477e-27)
(1.000041589 -5.600774108e-05 -4.53751395e-27)
(1.000036804 -4.930354105e-05 9.371407335e-28)
(1.000032595 -4.336605795e-05 3.413432192e-28)
(1.000028895 -3.810321294e-05 1.888881141e-28)
(1.000025647 -3.343333759e-05 -2.316139483e-27)
(1.0000228 -2.928387137e-05 1.345911264e-27)
(1.00002031 -2.55905793e-05 1.673617743e-27)
(1.000018135 -2.229453145e-05 1.058503752e-27)
(1.000016253 -1.935330569e-05 2.174826896e-29)
(1.000014591 -1.667110161e-05 -2.174827073e-29)
(1.000013318 -1.448233289e-05 -3.539235181e-30)
(1.00001168 -1.122296065e-05 3.543546244e-30)
(1.048561279 -0.00293478664 6.746901932e-24)
(1.047564164 -0.005470809229 -6.747069119e-24)
(1.046037291 -0.007772091916 0)
(1.04405988 -0.009767233012 -2.901902681e-24)
(1.041724667 -0.01141022108 1.47719048e-23)
(1.0391274 -0.01268303506 -1.471937922e-23)
(1.036369789 -0.0135845968 3.275403746e-23)
(1.033547515 -0.01413156354 2.718692643e-23)
(1.030731645 -0.01435937221 0)
(1.027981667 -0.01431000267 -6.904527409e-24)
(1.025344185 -0.01402986802 1.458240011e-24)
(1.022852277 -0.01356668469 -2.708869666e-23)
(1.020526366 -0.01296544963 2.652224215e-23)
(1.018377669 -0.01226671722 1.29324059e-23)
(1.016409513 -0.01150553571 -2.568843229e-23)
(1.014619158 -0.01071103384 0)
(1.012999737 -0.009906668294 0)
(1.01154177 -0.009110797569 2.901483242e-24)
(1.010234254 -0.008337353285 0)
(1.009065455 -0.007596497748 2.52499322e-25)
(1.008023432 -0.006895203976 6.334105881e-24)
(1.007096436 -0.006237823349 0)
(1.006273227 -0.005626653493 -7.684746545e-25)
(1.005543043 -0.005062504506 0)
(1.004896155 -0.004544554794 1.096112833e-24)
(1.00432268 -0.004071985168 -1.064027925e-23)
(1.003813791 -0.003643031003 7.942684463e-24)
(1.003363466 -0.003254380053 0)
(1.002966317 -0.002902503388 0)
(1.002616921 -0.002585270903 7.752766998e-25)
(1.002309231 -0.002300267176 6.167501097e-25)
(1.002037802 -0.00204465467 -4.117051997e-25)
(1.001798222 -0.001815791014 -1.663915209e-27)
(1.00158679 -0.001611306911 4.212820219e-25)
(1.001400224 -0.001428968256 3.21443783e-25)
(1.001235567 -0.001266610162 -6.542157613e-25)
(1.001090223 -0.001122175144 5.246156198e-25)
(1.000961948 -0.0009937751912 -2.529523986e-25)
(1.000848776 -0.0008797085605 -1.377964947e-26)
(1.00074896 -0.0007784703734 9.254413964e-27)
(1.000660939 -0.0006887263633 -9.674199093e-27)
(1.000583297 -0.0006091904214 -5.832699622e-28)
(1.00051478 -0.0005387072405 0)
(1.000454317 -0.0004762764097 -5.106461574e-26)
(1.000400961 -0.0004209994456 -9.607803806e-26)
(1.000353876 -0.0003720727225 0)
(1.000312325 -0.0003287794743 -3.454009936e-26)
(1.000275659 -0.0002904802974 0)
(1.000243304 -0.0002566064437 2.6556131e-26)
(1.000214753 -0.0002266547012 1.177932661e-26)
(1.000189558 -0.000200174416 -1.177933992e-26)
(1.000167326 -0.0001767654572 -6.31014792e-27)
(1.00014771 -0.0001560745687 6.628693607e-27)
(1.000130403 -0.0001377879748 6.711054439e-27)
(1.000115133 -0.0001216269475 1.764472847e-26)
(1.000101662 -0.0001073444521 -1.937254209e-26)
(1.000089779 -9.472179557e-05 0)
(1.0000793 -8.356533619e-05 1.7012986e-26)
(1.000070059 -7.370354872e-05 -6.83932486e-27)
(1.000061913 -6.498452702e-05 -5.41057484e-27)
(1.000054734 -5.727377435e-05 3.629731578e-27)
(1.000048411 -5.045219775e-05 -4.055177156e-27)
(1.000042843 -4.441431562e-05 3.81236157e-27)
(1.000037945 -3.906667252e-05 3.328656357e-27)
(1.00003364 -3.432642519e-05 -2.411811304e-27)
(1.00002986 -3.012008716e-05 2.25897438e-27)
(1.000026547 -2.638235859e-05 -2.544318795e-27)
(1.000023649 -2.305542441e-05 -3.386952695e-27)
(1.000021118 -2.008623556e-05 0)
(1.000018927 -1.743660493e-05 1.130689411e-27)
(1.000016991 -1.502024562e-05 -6.921617026e-29)
(1.00001551 -1.304837223e-05 4.091237981e-28)
(1.000013604 -1.01118775e-05 2.003715934e-28)
(1.046248083 -0.002291524172 0)
(1.04541285 -0.00431675819 -6.12512075e-24)
(1.044118051 -0.0061662566 -2.598652209e-24)
(1.042424744 -0.007785148987 2.219867403e-23)
(1.040405894 -0.009136229581 -1.306995635e-23)
(1.03813807 -0.01020179809 -5.51650542e-24)
(1.035701713 -0.01097795196 0)
(1.03317495 -0.01147788149 -2.85896106e-23)
(1.030623725 -0.01172080168 3.07484545e-23)
(1.028100425 -0.01173889245 2.298397937e-23)
(1.025649642 -0.01156478551 -5.531029128e-24)
(1.023305705 -0.01123513222 -2.160785194e-23)
(1.021091129 -0.01078538175 0)
(1.019020388 -0.01024769106 4.508522313e-24)
(1.017101017 -0.009650278431 4.081326128e-24)
(1.015334995 -0.009017235238 0)
(1.013720228 -0.008368640808 -9.565061672e-24)
(1.012251651 -0.007720707974 6.403546012e-25)
(1.010922073 -0.007086002511 7.990573239e-24)
(1.009722939 -0.006473845988 -7.383273626e-24)
(1.00864494 -0.005890829459 0)
(1.007678473 -0.005341324218 0)
(1.006813994 -0.004827928638 -1.58679479e-24)
(1.006042223 -0.004351871653 1.586822407e-24)
(1.005354366 -0.003913180021 1.889607686e-24)
(1.004742044 -0.003511251914 -1.850879846e-24)
(1.004196913 -0.003145181483 -7.979258114e-24)
(1.003711391 -0.002813423863 0)
(1.003280259 -0.002513066463 0)
(1.002898649 -0.002241113761 -1.368466684e-24)
(1.00256167 -0.00199591972 0)
(1.002263941 -0.001775684078 -5.755897224e-25)
(1.002000584 -0.001578210253 1.051143725e-24)
(1.001767576 -0.001401429606 -4.652564167e-25)
(1.001561484 -0.001243505612 9.585032059e-26)
(1.001379243 -0.001102716058 4.032270558e-26)
(1.001218107 -0.0009773837433 0)
(1.001075659 -0.000865903837 -1.241168339e-25)
(1.000949779 -0.0007668037958 1.378980824e-25)
(1.000838601 -0.0006787818783 1.118584379e-25)
(1.000740457 -0.0006007088006 -1.09175118e-26)
(1.000653809 -0.0005314806638 -1.585299057e-25)
(1.000577272 -0.0004700990542 6.585315312e-26)
(1.000509674 -0.0004157049599 -1.303887845e-25)
(1.000449979 -0.0003675256442 5.123577786e-26)
(1.000397266 -0.0003248677765 -2.240412195e-26)
(1.000350723 -0.0002871094889 2.240420925e-26)
(1.00030963 -0.0002536979694 1.729434599e-26)
(1.000273348 -0.0002241410802 -1.72943897e-26)
(1.000241318 -0.0001980005756 -1.331961896e-26)
(1.000213045 -0.0001748842769 1.331963839e-26)
(1.000188089 -0.0001544461304 -4.345486826e-26)
(1.000166062 -0.0001363786346 9.023016758e-27)
(1.000146623 -0.0001204083162 8.960298291e-27)
(1.000129469 -0.0001062924427 -2.061278323e-26)
(1.000114332 -9.381594767e-05 2.187019802e-26)
(1.000100978 -8.278832705e-05 8.762427819e-27)
(1.000089199 -7.304076995e-05 -9.144929266e-27)
(1.000078811 -6.442369678e-05 0)
(1.000069652 -5.680461298e-05 5.194147212e-27)
(1.00006158 -5.006617198e-05 9.955685772e-27)
(1.000054468 -4.410443555e-05 -3.429053532e-27)
(1.000048207 -3.882732846e-05 -8.186169277e-27)
(1.000042697 -3.415326249e-05 -3.338903653e-27)
(1.000037855 -3.000990418e-05 -7.260607692e-29)
(1.000033603 -2.633308054e-05 -6.537692187e-29)
(1.000029875 -2.30657587e-05 1.922380665e-27)
(1.000026615 -2.015743526e-05 1.721891e-27)
(1.000023767 -1.756176307e-05 1.095622801e-28)
(1.000021302 -1.524538093e-05 1.437630159e-28)
(1.000019124 -1.313286595e-05 1.907122857e-29)
(1.000017457 -1.1408905e-05 -4.110442803e-28)
(1.000015312 -8.841488689e-06 2.018156934e-29)
(1.044422556 -0.001753643751 4.780393201e-25)
(1.043707536 -0.00333326784 -5.076704236e-25)
(1.042586141 -0.004783120677 0)
(1.041106503 -0.006061814276 7.842719883e-24)
(1.039327444 -0.007140081768 -5.335668163e-24)
(1.037312161 -0.008002127569 1.002421634e-23)
(1.035124596 -0.008645125557 3.131527811e-23)
(1.032830327 -0.009075789119 -2.454115033e-23)
(1.030490338 -0.009304944811 -5.818122192e-24)
(1.028151577 -0.009356754438 2.100996757e-23)
(1.025855504 -0.009254205719 -1.833050351e-23)
(1.023636001 -0.009024479284 0)
(1.02151684 -0.008694388532 -8.972867602e-24)
(1.019514876 -0.008288889046 0)
(1.017640899 -0.007830548685 -1.531871816e-23)
(1.015900527 -0.007338972351 7.275269261e-24)
(1.014295229 -0.006830555577 2.955341372e-24)
(1.012823184 -0.006318580416 5.681603911e-24)
(1.011480065 -0.005813507024 -8.130615452e-24)
(1.010259815 -0.005323337709 5.128168081e-24)
(1.009155292 -0.004853966223 0)
(1.00815874 -0.004409491473 0)
(1.007262126 -0.003992514968 0)
(1.006457384 -0.003604435634 1.589282315e-24)
(1.005736623 -0.003245673664 0)
(1.005092284 -0.002915937485 1.868664769e-24)
(1.004517068 -0.002614525802 -2.079565776e-24)
(1.004003649 -0.002340627869 9.435464855e-24)
(1.0035454 -0.00209298707 -8.318389896e-25)
(1.003137683 -0.001869087 -6.497555023e-24)
(1.002775992 -0.001666405774 0)
(1.002455837 -0.001483688259 -1.814386881e-26)
(1.002172382 -0.001319624827 0)
(1.001921237 -0.001172561972 6.069416053e-26)
(1.001698725 -0.001040951935 -1.037768672e-25)
(1.001501654 -0.0009234345372 2.990761039e-25)
(1.001327169 -0.0008187321578 -3.046101254e-25)
(1.001172723 -0.0007255785255 -9.798306915e-26)
(1.001036064 -0.0006427498235 1.350139971e-25)
(1.000915218 -0.0005691373334 -1.055794515e-26)
(1.000808442 -0.0005038084025 1.019011231e-25)
(1.000714113 -0.0004458504367 8.322877272e-26)
(1.000630741 -0.0003944388391 0)
(1.000557059 -0.0003488639853 9.622923354e-26)
(1.000491951 -0.0003084826903 -3.169461608e-26)
(1.00043443 -0.0002727171741 0)
(1.000383617 -0.0002410517572 4.760340343e-26)
(1.000338734 -0.0002130261594 0)
(1.000299095 -0.0001882291458 0)
(1.000264091 -0.0001662921028 -1.769072618e-26)
(1.000233183 -0.0001468899227 -4.302227254e-26)
(1.000205894 -0.0001297332873 9.273147387e-27)
(1.000181803 -0.0001145645957 2.044473693e-26)
(1.000160537 -0.0001011549001 -9.870846591e-27)
(1.000141767 -8.930106554e-05 0)
(1.000125203 -7.882298247e-05 0)
(1.000110587 -6.956095697e-05 -1.175796873e-26)
(1.000097693 -6.137342665e-05 2.521145894e-27)
(1.000086321 -5.413495222e-05 -2.521148259e-27)
(1.000076293 -4.77344013e-05 0)
(1.000067454 -4.207331945e-05 -6.74313625e-27)
(1.000059667 -3.706448738e-05 8.781712584e-28)
(1.00005281 -3.26306332e-05 3.592368809e-27)
(1.000046776 -2.87032787e-05 5.22937057e-27)
(1.000041472 -2.522170498e-05 3.036950933e-27)
(1.000036815 -2.213203466e-05 4.425649838e-28)
(1.000032732 -1.938637733e-05 -2.797172574e-27)
(1.000029161 -1.694231923e-05 0)
(1.000026041 -1.476093305e-05 0)
(1.000023341 -1.281419938e-05 -1.221704989e-27)
(1.000020955 -1.103874029e-05 0)
(1.000019129 -9.589801106e-06 -4.971289263e-28)
(1.000016779 -7.431852805e-06 -2.21222464e-28)
(1.043025174 -0.001291582885 -2.910607018e-24)
(1.042397629 -0.00247467663 2.940263635e-24)
(1.04140305 -0.003564800807 3.477796342e-24)
(1.040080618 -0.004531780538 -3.477675728e-24)
(1.038478865 -0.005353724074 -7.394548993e-24)
(1.036651196 -0.006017983004 1.145592384e-23)
(1.034651555 -0.006521770505 -3.696303215e-23)
(1.032535984 -0.006867892633 -1.222374478e-23)
(1.030358986 -0.007062884026 2.175111027e-23)
(1.028164133 -0.00712390761 -1.937681257e-23)
(1.025990132 -0.007066944296 9.87480041e-24)
(1.023869876 -0.006911612178 1.880781162e-23)
(1.021828046 -0.006677583774 4.649781254e-25)
(1.019883338 -0.006383346474 1.64675825e-23)
(1.018048904 -0.006045831955 -1.876885734e-25)
(1.016332809 -0.005679950537 9.848311021e-26)
(1.014738849 -0.005298343815 -6.554768154e-24)
(1.01326744 -0.004911415572 5.97244626e-24)
(1.011916432 -0.0045275043 0)
(1.0106818 -0.004153100292 2.346174502e-24)
(1.0095582 -0.003793070106 -1.040789325e-25)
(1.008539386 -0.003450877686 1.192389518e-25)
(1.007618554 -0.003128805726 1.952695201e-25)
(1.006788623 -0.002828175415 1.650978246e-24)
(1.006042468 -0.002549536541 -1.624249802e-25)
(1.005373097 -0.002292844709 -2.633884012e-24)
(1.004773772 -0.002057627587 -8.122025539e-26)
(1.004237948 -0.001843186079 -1.087638832e-24)
(1.00375908 -0.001648883933 4.357039392e-24)
(1.003331288 -0.001473775109 -3.416466033e-24)
(1.002950334 -0.001315738643 2.689236668e-24)
(1.002611955 -0.001172688744 2.479887154e-24)
(1.002311997 -0.001043706578 0)
(1.002046113 -0.0009279070988 -6.068944947e-26)
(1.001810343 -0.0008241515313 5.368294682e-26)
(1.001601296 -0.0007313518877 4.745371078e-26)
(1.001416005 -0.0006485595204 2.286917479e-27)
(1.001251833 -0.0005748691259 -3.702806734e-26)
(1.001106435 -0.000509366739 1.615369686e-25)
(1.000977744 -0.0004511605725 -2.295249111e-26)
(1.000863952 -0.0003994930372 -2.141471024e-25)
(1.000763368 -0.0003536211756 0)
(1.000674421 -0.0003129002038 0)
(1.00059578 -0.0002767847529 0)
(1.000526264 -0.0002447768825 6.513263741e-26)
(1.000464822 -0.0002164230863 0)
(1.000410525 -0.0001913168864 -1.212512023e-25)
(1.00036255 -0.0001690922082 6.758304281e-26)
(1.000320167 -0.0001494224918 0)
(1.000282731 -0.000132018712 -1.773527081e-26)
(1.000249668 -0.0001166241619 4.410087254e-26)
(1.000220471 -0.0001030097644 1.279653004e-26)
(1.00019469 -9.0971467e-05 -2.034647923e-26)
(1.00017193 -8.03280186e-05 1.061631374e-26)
(1.000151839 -7.091860995e-05 0)
(1.000134106 -6.260055645e-05 0)
(1.000118458 -5.524728781e-05 3.11549818e-27)
(1.000104651 -4.874660306e-05 -3.115502013e-27)
(1.000092473 -4.299906395e-05 0)
(1.000081734 -3.791654594e-05 -1.112732146e-26)
(1.000072267 -3.342096299e-05 2.059560492e-27)
(1.000063927 -2.944313391e-05 7.919284624e-27)
(1.000056582 -2.592176245e-05 -2.167282669e-28)
(1.000050119 -2.280252001e-05 -6.031216773e-27)
(1.000044437 -2.003722456e-05 -4.002426188e-27)
(1.000039448 -1.758311405e-05 0)
(1.000035073 -1.540217197e-05 2.467528055e-27)
(1.000031247 -1.346072645e-05 3.296308948e-28)
(1.000027905 -1.172787237e-05 -1.818320496e-27)
(1.000025011 -1.018136455e-05 -1.539858841e-27)
(1.000022456 -8.770866499e-06 0)
(1.000020499 -7.619724531e-06 4.971266992e-28)
(1.000017981 -5.905204235e-06 0)
(1.042011454 -0.0008861597988 -9.068112757e-24)
(1.041445264 -0.001707808515 0)
(1.040539556 -0.002466871892 0)
(1.03932758 -0.003142827006 1.622135218e-25)
(1.037851 -0.003720595266 -5.881248981e-25)
(1.036156467 -0.004191116375 0)
(1.034291864 -0.004551815929 1.643020772e-23)
(1.032305633 -0.004803981277 -2.547768689e-23)
(1.030246582 -0.004951216052 -2.04176971e-23)
(1.028156674 -0.005004899719 1.805331332e-23)
(1.026072835 -0.004975343946 -9.372379476e-24)
(1.024027165 -0.004875754343 2.629740419e-25)
(1.022044765 -0.004719761448 -1.655544137e-23)
(1.020145121 -0.004520299229 2.959854421e-25)
(1.018342518 -0.004289186081 0)
(1.016646517 -0.004036766807 1.403976044e-23)
(1.015062665 -0.003771829189 3.114639109e-24)
(1.013593204 -0.003501725591 -3.12140224e-24)
(1.0122377 -0.003232496689 5.467582988e-24)
(1.010993639 -0.002968946123 0)
(1.009856961 -0.002714724251 -4.508216042e-24)
(1.008822509 -0.002472455138 -4.075353579e-24)
(1.00788439 -0.002243896326 -1.852003203e-24)
(1.007036272 -0.00203010413 0)
(1.006271623 -0.001831577881 -9.033851334e-26)
(1.005583907 -0.001648381956 -1.483269707e-25)
(1.004966718 -0.001480252795 1.035020912e-24)
(1.004413883 -0.00132668972 -5.881889037e-25)
(1.003919421 -0.001187110218 -9.276252819e-25)
(1.0034774 -0.001061117554 4.011100729e-24)
(1.003082517 -0.0009481070419 -3.149211039e-24)
(1.002730832 -0.0008463489106 -5.157760317e-24)
(1.002418285 -0.0007541716982 0)
(1.002141004 -0.0006709349604 0)
(1.001895091 -0.0005962281303 1.648483699e-26)
(1.001676957 -0.0005292938104 2.175816778e-25)
(1.001483519 -0.000469450801 -4.421298924e-26)
(1.001312015 -0.0004161013565 -1.099922739e-25)
(1.001160003 -0.0003686718969 8.018277651e-26)
(1.00102535 -0.0003265613237 1.524220503e-26)
(1.000906224 -0.0002892218692 -1.120063069e-25)
(1.00080089 -0.000256085175 0)
(1.000707713 -0.0002266557448 8.721976195e-26)
(1.000625304 -0.0002005344503 0)
(1.000552431 -0.0001773708139 -1.278831682e-25)
(1.000488001 -0.0001568451748 3.511715469e-26)
(1.000431048 -0.0001386650325 7.813788167e-26)
(1.000380716 -0.0001225676546 -6.933571407e-26)
(1.000336243 -0.0001083189521 -2.582842793e-27)
(1.000296954 -9.571055982e-05 -3.68228067e-26)
(1.000262248 -8.455649753e-05 -1.492213194e-26)
(1.000231596 -7.469087982e-05 -1.275063891e-26)
(1.000204528 -6.596628194e-05 3.699629803e-26)
(1.000180628 -5.825183869e-05 0)
(1.000159529 -5.143128311e-05 1.004830103e-26)
(1.000140904 -4.540134238e-05 -1.52538801e-26)
(1.000124468 -4.007040005e-05 1.851634012e-26)
(1.000109965 -3.535723648e-05 1.577025171e-26)
(1.000097171 -3.118984945e-05 0)
(1.000085889 -2.750441615e-05 9.067707385e-27)
(1.000075944 -2.424438183e-05 0)
(1.00006718 -2.135963916e-05 0)
(1.000059463 -1.880578704e-05 0)
(1.000052671 -1.654346542e-05 0)
(1.000046701 -1.453776086e-05 -5.067306586e-28)
(1.000041458 -1.275768105e-05 4.706579346e-27)
(1.000036862 -1.11756699e-05 -7.515393473e-29)
(1.000032841 -9.767318494e-06 -3.489348476e-28)
(1.000029329 -8.510224567e-06 3.932632439e-27)
(1.000026288 -7.388254084e-06 1.515972192e-27)
(1.000023602 -6.364914348e-06 -7.805159404e-29)
(1.000021546 -5.529643288e-06 6.366870799e-30)
(1.0000189 -4.28564608e-06 -6.374628825e-30)
(1.041351879 -0.0005156108573 1.019142113e-23)
(1.040824822 -0.0009997434137 -2.257499011e-24)
(1.039975728 -0.001448012639 2.257457327e-24)
(1.038834254 -0.001848379502 -1.622210951e-25)
(1.037437683 -0.002191916942 5.881739754e-25)
(1.035828386 -0.002473081288 0)
(1.034050816 -0.002690101228 8.605197071e-25)
(1.032148447 -0.002843142001 0)
(1.0301661 -0.002933303996 -7.988328172e-24)
(1.028144831 -0.002968220898 -1.713359658e-23)
(1.026120582 -0.002953807791 -1.979604383e-25)
(1.024124579 -0.002897706025 2.856104314e-25)
(1.022181958 -0.002807835384 1.668191048e-23)
(1.020312707 -0.00269171167 1.174268179e-23)
(1.018531928 -0.002556312877 3.571183578e-24)
(1.016850154 -0.002407855584 -1.032806582e-23)
(1.015273959 -0.002251639065 3.349971665e-24)
(1.013806652 -0.002092052277 -5.964229339e-24)
(1.012448881 -0.001932668992 -5.466913244e-24)
(1.011199149 -0.001776343305 0)
(1.010054282 -0.001625280115 6.714513278e-24)
(1.009009865 -0.001481095712 -1.173640545e-25)
(1.008060616 -0.001344890533 1.851856919e-24)
(1.007200701 -0.001217337593 0)
(1.00642399 -0.001098770259 -1.881795362e-26)
(1.005724254 -0.000989257596 -1.35990905e-24)
(1.005095322 -0.0008886677297 0)
(1.004531191 -0.0007967198335 -2.349272312e-26)
(1.004026106 -0.0007130304506 -1.910956043e-24)
(1.003574527 -0.0006372341008 6.265653832e-26)
(1.003171018 -0.0005692245608 0)
(1.002810758 -0.0005087446383 5.094979558e-24)
(1.002490062 -0.0004544336428 4.551292266e-24)
(1.002205085 -0.0004048241245 0)
(1.001952225 -0.000360157184 -1.694822919e-24)
(1.001727813 -0.0003199204559 -8.706070607e-25)
(1.001528835 -0.0002838321203 0)
(1.001352431 -0.0002516053954 -1.541893987e-25)
(1.001196038 -0.0002229406451 1.9093352e-25)
(1.001057423 -0.0001974985436 3.238478207e-26)
(1.000934702 -0.0001749572241 1.120046343e-25)
(1.000826138 -0.0001549470003 0)
(1.000730099 -0.0001371578493 -8.72184325e-26)
(1.000645162 -0.0001213558605 0)
(1.000570046 -0.0001073393423 -6.477828319e-26)
(1.00050362 -9.492041042e-05 6.477856755e-26)
(1.000444888 -8.392272493e-05 5.387371965e-26)
(1.00039297 -7.418621383e-05 4.630061733e-26)
(1.000347088 -6.556808822e-05 4.172768567e-26)
(1.000306548 -5.794137774e-05 3.580787344e-26)
(1.000270735 -5.119335293e-05 3.146175537e-26)
(1.000239102 -4.522405248e-05 -4.150592071e-26)
(1.000211166 -3.994468536e-05 -4.748885313e-26)
(1.000186497 -3.527620672e-05 -1.023774703e-26)
(1.000164718 -3.11482996e-05 -1.863912632e-26)
(1.000145492 -2.749854709e-05 8.540386991e-27)
(1.000128524 -2.427159308e-05 -9.903427943e-27)
(1.000113551 -2.14183429e-05 3.730658869e-27)
(1.000100343 -1.889526663e-05 0)
(1.000088694 -1.66637843e-05 9.733401914e-27)
(1.000078425 -1.468971045e-05 0)
(1.000069376 -1.294275216e-05 1.688773222e-27)
(1.000061408 -1.139606023e-05 -1.688775427e-27)
(1.000054395 -1.002582678e-05 -6.650638971e-27)
(1.00004823 -8.810927476e-06 1.240713785e-27)
(1.000042816 -7.732607818e-06 -3.77573545e-27)
(1.00003807 -6.77419427e-06 -3.584106182e-27)
(1.000033917 -5.920915175e-06 3.619761035e-28)
(1.00003029 -5.159226387e-06 -2.012378606e-27)
(1.00002715 -4.479323102e-06 0)
(1.000024377 -3.859241459e-06 0)
(1.000022253 -3.352684141e-06 -6.608286504e-30)
(1.00001952 -2.599069407e-06 2.846951274e-28)
(1.041026138 -0.0001702340904 -1.690941423e-23)
(1.040517326 -0.0003295450832 3.565574788e-24)
(1.039695034 -0.0004771551442 2.819382788e-24)
(1.038587432 -0.0006089582962 2.632684939e-24)
(1.037229929 -0.0007221186424 -2.63265208e-24)
(1.035662849 -0.00081502165 0)
(1.033928729 -0.0008872884489 -8.613347108e-25)
(1.03206904 -0.0009383203523 0)
(1.030125601 -0.0009685698092 1.655249443e-23)
(1.028138596 -0.000980634585 0)
(1.02614412 -0.0009762224552 0)
(1.024172981 -0.0009579343882 0)
(1.022250324 -0.0009285579153 -4.010077088e-24)
(1.020396269 -0.0008906466582 7.843828581e-24)
(1.018626233 -0.0008464116434 -1.132061742e-23)
(1.016951264 -0.0007977375431 -3.385709992e-24)
(1.015378571 -0.0007462780015 3.389726145e-24)
(1.0139121 -0.000693512798 0)
(1.012553076 -0.0006407191833 0)
(1.011300482 -0.0005889197763 0)
(1.010151552 -0.0005388737404 -2.323899416e-24)
(1.009102211 -0.0004911131236 0)
(1.008147469 -0.000445992421 0)
(1.007281734 -0.0004037297209 0)
(1.006499071 -0.000364435781 1.548908937e-24)
(1.005793406 -0.0003281356462 1.390353796e-24)
(1.005158681 -0.0002947875482 0)
(1.004588978 -0.0002642999021 0)
(1.004078602 -0.0002365451453 4.971241569e-25)
(1.003622142 -0.0002113761261 0)
(1.003214432 -0.0001887156178 0)
(1.002850459 -0.0001687172726 0)
(1.002525834 -0.0001512337589 -1.455020892e-23)
(1.002237276 -0.0001350233626 4.668200859e-24)
(1.001980752 -0.0001202979358 1.926899675e-24)
(1.001753024 -0.0001069027814 4.266702207e-25)
(1.001551069 -9.476702084e-05 0)
(1.001372069 -8.384417555e-05 -4.177967422e-26)
(1.001213533 -7.41172534e-05 -1.401667511e-25)
(1.001073163 -6.556462182e-05 -1.631180786e-26)
(1.000948918 -5.811382795e-05 2.335162105e-25)
(1.000838921 -5.157606933e-05 -1.094923199e-25)
(1.000741485 -4.576499831e-05 0)
(1.000655229 -4.055669582e-05 0)
(1.000578925 -3.588910283e-05 6.625498048e-26)
(1.000511457 -3.173002816e-05 -9.542226526e-26)
(1.000451818 -2.804522548e-05 -2.505512107e-26)
(1.000399104 -2.478907904e-05 0)
(1.000352519 -2.191128763e-05 -4.198503434e-26)
(1.000311356 -1.936544971e-05 -1.747576156e-26)
(1.00027499 -1.71123226e-05 2.120677125e-27)
(1.000242866 -1.511862394e-05 5.730017848e-26)
(1.000214495 -1.33550527e-05 1.151558385e-26)
(1.000189441 -1.179535993e-05 2.191717449e-26)
(1.000167321 -1.041611659e-05 9.084707838e-27)
(1.000147794 -9.196515366e-06 -9.082620239e-27)
(1.00013056 -8.118088971e-06 0)
(1.000115352 -7.164450325e-06 -1.286147671e-26)
(1.000101935 -6.321073276e-06 2.646304665e-27)
(1.000090103 -5.575086973e-06 -1.011299625e-26)
(1.000079672 -4.915086376e-06 -2.300725187e-27)
(1.00007048 -4.330963192e-06 0)
(1.000062385 -3.813754877e-06 1.482106214e-27)
(1.000055262 -3.355510476e-06 5.208777268e-27)
(1.000048999 -2.949173289e-06 -1.265875382e-27)
(1.000043499 -2.588477973e-06 0)
(1.000038677 -2.267856009e-06 3.228432075e-27)
(1.000034459 -1.98237304e-06 -2.962491772e-28)
(1.000030774 -1.727512389e-06 2.9617892e-28)
(1.000027584 -1.499976549e-06 0)
(1.000024767 -1.292500034e-06 0)
(1.000022609 -1.122772675e-06 0)
(1.000019833 -8.707130061e-07 -2.782242782e-28)
(-0.1071166148 0.0366486985 0.05021353614)
(-0.09364874094 0.1776126646 0.06208031242)
(-0.1071144357 0.03665408811 -0.05021406821)
(-0.09360495468 0.1776224654 -0.06208195815)
(-0.06461601061 0.1763148068 0.06765894031)
(0.2250959096 0.0002791313384 0.07819540663)
(-0.0645877075 0.1762640462 -0.06765998961)
(0.2251154788 0.0002355934137 -0.07819360686)
(-0.2007711393 -0.01292172971 0.03989878329)
(-0.09974403737 0.1180228519 0.06163194551)
(-0.02963516121 -0.1124873698 0.04951350399)
(-0.1678949354 0.02666625523 -0.05021090938)
(-0.2007772779 -0.01291553337 -0.03989925172)
(-0.09968701799 0.1180604435 -0.0616328593)
(-0.02969849524 -0.1124761918 -0.04951309928)
(-0.07247955021 0.165310004 -4.674191971e-05)
(-0.06851644145 0.1576577269 0.07125417321)
(-0.06867838123 0.1573667044 0.0001482033163)
(-0.07297210642 0.1659220793 0.07453768969)
(0.4098232783 -0.09670296654 0.0788394979)
(1.076684428 -0.3058405509 0.0712462448)
(0.4097532937 -0.09665302545 -0.07883712106)
(1.076681435 -0.3058489204 -0.07124557041)
(-0.03628543858 0.09956853878 -4.766107245e-06)
(-0.1071567154 0.03655019747 -3.686476952e-05)
(-0.02818940501 0.03516478283 0.04918965982)
(-0.1087326209 0.103260423 0.05260329281)
(-0.02860789963 0.03503540725 -3.07417292e-07)
(-0.1087212144 0.1031320921 -4.384284921e-05)
(-0.03588720474 0.09966167621 0.05237629671)
(-0.04564247695 0.1262221824 0.05614683675)
(-0.04611907097 0.1261720811 -0.0001828603597)
(-0.05730311083 0.146574086 9.500355432e-05)
(-0.09336698012 0.1772911041 1.013834727e-05)
(-0.1089446934 0.1516511288 0.0571884614)
(-0.07194420533 0.188117166 0.0625472627)
(-0.1090196068 0.1514438607 3.417927992e-06)
(-0.07147022834 0.1875014879 -5.189291936e-05)
(-0.05710717304 0.1470583048 0.05842762249)
(-0.03628532895 0.09957061429 5.549812339e-06)
(-0.1071554802 0.03655247495 3.681585661e-05)
(-0.02819087565 0.03516858094 -0.04919040803)
(-0.1087288326 0.1032692337 -0.05260447746)
(-0.02860811787 0.03503701177 5.901847436e-07)
(-0.1087189383 0.1031359437 4.422642503e-05)
(-0.03588850302 0.09966670593 -0.0523771735)
(-0.04564100413 0.1262185331 -0.05614651499)
(-0.04611734713 0.1261699721 0.0001839144055)
(-0.05730217444 0.1465761355 -9.40588318e-05)
(-0.09335295221 0.1772940678 -6.810976025e-06)
(-0.1089289652 0.1516768346 -0.05719086934)
(-0.07193266374 0.1881236617 -0.06254963167)
(-0.1090131207 0.1514523278 -3.086146871e-06)
(-0.07146595668 0.1875030919 5.241426514e-05)
(-0.05710662188 0.1470630822 -0.05842854657)
(-0.03710674448 0.1458175328 6.745311789e-05)
(-0.03709362008 0.1460273746 0.07918904234)
(-0.07248459254 0.1653080876 4.635404997e-05)
(-0.06850795721 0.1576484544 -0.07125599972)
(-0.06867573602 0.1573636461 -0.0001487928432)
(-0.07298608416 0.1659173098 -0.07453723344)
(-0.03711078682 0.145817588 -6.817407321e-05)
(-0.03710493625 0.1460276951 -0.07918838987)
(-0.1676861569 0.02659051331 -2.639042229e-06)
(-0.1587549271 0.07454762185 0.05241651728)
(-0.1585042259 0.07440186577 -1.516701432e-07)
(-0.1873607989 0.03545148206 5.579620564e-06)
(-0.2055625179 0.01316506429 0.04871367043)
(-0.2052973243 0.01310292387 1.955550293e-06)
(-0.1876384127 0.0356047669 0.0508695099)
(0.03658908791 -0.04546636273 0.009685285406)
(0.0207238987 -0.1732985324 0.04145057472)
(0.2069799006 -0.2676094501 0.01394720454)
(-0.1635936405 -0.02345387364 -0.03292091989)
(0.03658819601 -0.04546343228 -0.009685829643)
(0.02070850863 -0.1732865017 -0.04145374044)
(0.2069870528 -0.2676175155 -0.01394633387)
(0.0820713419 -0.1607306479 0.05331356697)
(0.3163434171 -0.0833616992 0.07554933973)
(0.5346917348 -0.3396435177 0.05796371743)
(-0.04092643456 0.1036067139 -0.06709105546)
(0.08197877846 -0.1607700225 -0.05331193207)
(0.3164011834 -0.08340367469 -0.0755443295)
(0.5346871147 -0.3396315784 -0.05796483657)
(0.3155211664 -0.3330277988 0.01941000771)
(0.5833050315 -0.3995051683 0.04902512974)
(0.6042487896 -0.440681672 0.01568876569)
(0.13776646 -0.2289723799 -0.04474577094)
(0.3155286762 -0.3330261351 -0.0194109805)
(0.5832957654 -0.3994921578 -0.04902729111)
(0.6042531816 -0.4406874354 -0.01568788281)
(0.7020875106 -0.391406762 0.05693545301)
(1.098910567 -0.3458418048 0.06604031981)
(1.105553164 -0.4364230637 0.04714083432)
(0.5049572524 -0.1732088771 -0.07536954784)
(0.7021035398 -0.3913912401 -0.05693457971)
(1.09894863 -0.3458797024 -0.06604214408)
(1.105539619 -0.4364102555 -0.0471373946)
(1.227179271 -0.3166515518 0.06618265609)
(1.3208516 -0.2490569716 0.0523741571)
(1.227174765 -0.3166372792 -0.0661794195)
(1.320912673 -0.2490750034 -0.05237506818)
(1.164740623 -0.4123922792 0.04519233971)
(1.287590009 -0.2711503629 0.04742239087)
(1.24422217 -0.3288434653 0.02259115884)
(1.222769078 -0.3489070301 -0.06125739507)
(1.164745389 -0.4123932778 -0.04519326722)
(1.287602611 -0.2711564295 -0.04742412529)
(1.244229633 -0.3288416312 -0.02259096593)
(-0.04464462437 0.1836136041 7.009741661e-06)
(-0.06448921355 0.1759082869 3.842164951e-05)
(-0.07673910209 0.205788721 0.06900222582)
(-0.003821262089 0.141706116 0.07229197015)
(-0.07682549097 0.2054722672 5.578585823e-05)
(-0.003598355363 0.1413368742 6.470413958e-06)
(-0.04486647717 0.184041503 0.07301276118)
(0.01973471086 0.1356893972 2.18744163e-05)
(0.2254931466 0.0001847331291 1.889669793e-05)
(0.08971995039 0.08191733372 0.07581216499)
(0.1330915728 0.06247588695 0.07978755047)
(0.08998867932 0.08169530066 2.968246173e-05)
(0.1332857404 0.06228695498 -7.04069448e-06)
(0.01964054167 0.1360130733 0.07696130725)
(-0.04465375134 0.1836028831 -9.066162616e-06)
(-0.06447666233 0.1758919145 -3.890681845e-05)
(-0.07673128019 0.2057702262 -0.06900117819)
(-0.003859833676 0.1416736923 -0.07229039828)
(-0.07682167462 0.2054648711 -5.35061789e-05)
(-0.003608094513 0.1413241238 -1.335670677e-05)
(-0.04489693911 0.1840124301 -0.07301049005)
(0.01972983256 0.1356813871 -2.430200322e-05)
(0.2255006859 0.0001701064983 -3.151773908e-05)
(0.08971064666 0.081881667 -0.07580647555)
(0.1330374421 0.06249530726 -0.07979160259)
(0.08998693398 0.08168236389 -2.98883705e-05)
(0.1332675594 0.06229236149 -4.542597166e-07)
(0.0196285011 0.1359884212 -0.07695892802)
(-0.1910783366 -0.004230176784 6.978306184e-06)
(-0.2159285247 -0.0004782230529 0.04532011156)
(-0.1718423415 -0.04027163012 0.04175752733)
(-0.2003194017 -0.01296779408 -6.289383532e-06)
(-0.2155651012 -0.0005356717652 3.78696576e-06)
(-0.1713716876 -0.04039086567 -1.943138116e-07)
(-0.1914599305 -0.004078323906 0.04741515981)
(-0.09952929019 0.1177072303 3.530822472e-05)
(-0.1384474065 0.1070181071 0.05657118434)
(-0.1382505549 0.10678917 2.436859018e-05)
(-0.1506854873 0.04610531051 2.447356386e-05)
(-0.09195394504 0.04017553016 0.05988013656)
(-0.0916866842 0.03991680146 3.058048235e-05)
(-0.1509485753 0.04635739586 0.05485012434)
(-0.1421633966 -0.01596440433 1.999916943e-05)
(-0.1146264889 -0.07249154098 0.04516887227)
(-0.06788915669 -0.03961631261 0.0558366318)
(-0.02899970499 -0.1125202334 1.902502979e-05)
(-0.1141175371 -0.07268029371 1.597727338e-05)
(-0.06743589964 -0.03981408391 2.040877724e-05)
(-0.142568494 -0.01571425628 0.0511498757)
(-0.167684279 0.02659396721 3.149748284e-06)
(-0.1587449972 0.07456603457 -0.05241840586)
(-0.158500853 0.07440906311 8.297284844e-07)
(-0.1873605852 0.03546135724 -4.003965356e-06)
(-0.2055623215 0.01317562573 -0.04871458149)
(-0.2052972816 0.01310738219 -9.650810482e-07)
(-0.1876358121 0.03563253286 -0.05087187973)
(-0.1910813285 -0.004225088365 -5.373944911e-06)
(-0.200321042 -0.01296587974 6.084364857e-06)
(-0.2159358342 -0.0004697140275 -0.04532090535)
(-0.1718490966 -0.04026261133 -0.04175866424)
(-0.2155681703 -0.0005323011066 -2.862473092e-06)
(-0.1713748625 -0.04038877532 9.158098485e-07)
(-0.1914685109 -0.00406098537 -0.04741687237)
(-0.09950970768 0.1177222948 -2.755038696e-05)
(-0.1384205205 0.1070688454 -0.05657500392)
(-0.1382421401 0.1068051221 -2.25745498e-05)
(-0.1506831881 0.04612605588 -1.958133738e-05)
(-0.09193137547 0.04025904368 -0.0598799028)
(-0.09168094946 0.03994591541 -1.835045961e-05)
(-0.1509399266 0.04642390095 -0.05485352945)
(-0.1421700556 -0.01595679946 -1.748509141e-05)
(-0.02901401828 -0.1125196182 -2.220747975e-05)
(-0.1146466319 -0.07250462924 -0.04516766801)
(-0.06795672572 -0.03954151718 -0.0558296287)
(-0.1141236269 -0.07268574114 -1.39939492e-05)
(-0.06745640946 -0.03980071508 -1.309560816e-05)
(-0.1425872324 -0.01567379908 -0.05115213826)
(0.4102116723 -0.0965567497 3.605461632e-05)
(0.3069211674 -0.03318446234 0.08121661013)
(0.3072289448 -0.03315935902 2.933704957e-05)
(0.5426120208 -0.1335688704 3.107945878e-05)
(0.634978581 -0.1908878848 0.07766028577)
(0.6355208718 -0.1906663871 6.179245273e-05)
(0.5421322739 -0.1337281541 0.08095214045)
(0.8051563639 -0.2154322511 4.980366248e-05)
(0.8694539377 -0.2637998495 0.07510703455)
(1.045858854 -0.2659358294 0.07564931904)
(1.077294572 -0.3052226407 6.556006512e-05)
(0.8700118396 -0.2634715718 5.772457212e-05)
(1.046408148 -0.2654240993 5.977935082e-05)
(0.8046924749 -0.2157566949 0.07935447437)
(0.4101944841 -0.09654432219 -4.628890087e-05)
(0.3068675157 -0.03316698104 -0.08120838968)
(0.3072118748 -0.03315496227 -2.091911442e-05)
(0.5426222221 -0.1335744506 -2.959670866e-05)
(0.634969436 -0.1908584243 -0.07765593534)
(0.6355137393 -0.1906577115 -5.760986492e-05)
(0.5421617563 -0.1337478473 -0.08095274657)
(0.8051610273 -0.2154331041 -5.100543321e-05)
(1.077301607 -0.3052263602 -7.229918218e-05)
(0.8694801277 -0.2638287368 -0.07510802328)
(1.045870988 -0.265933192 -0.0756484848)
(0.8700184452 -0.2634788473 -5.420775487e-05)
(1.046412345 -0.2654245918 -6.092193594e-05)
(0.8047015557 -0.2157592685 -0.07935264279)
(-0.1322454191 -0.07061987868 0.03457426051)
(-0.1630661477 -0.02350579815 -1.737611336e-05)
(-0.1317348335 -0.07072722585 -1.202874059e-05)
(-0.07656516777 -0.09415218358 -2.662009248e-05)
(-0.1084559081 -0.03189807967 0.02500135474)
(-0.1079330541 -0.03197358823 -2.322848088e-05)
(-0.07698864796 -0.09399676583 0.02644411736)
(0.3242162648 -0.08051572995 -0.004783253484)
(0.2724302302 -0.239184661 0.001554187176)
(0.4004568989 -0.2193360071 -0.003732987257)
(0.1707854944 -0.08543311549 0.0004342936039)
(0.3242151977 -0.08051622249 0.004783251167)
(0.2724296851 -0.2391838475 -0.001554220837)
(0.4004578003 -0.2193387683 0.003733072467)
(-0.04078070083 0.103324413 4.801038107e-05)
(0.04655370551 0.06192580963 0.07151946353)
(0.04696409033 0.06164715692 3.659998326e-05)
(-0.008692513285 0.01357912781 0.06520728329)
(-0.008302942809 0.01338377793 6.632283459e-05)
(0.1017720531 -0.03424845722 7.684967744e-05)
(0.1012476183 -0.03405980287 0.06877743651)
(0.1395285408 -0.2284331771 0.0001345266391)
(0.3337148744 -0.3394098464 0.001048737634)
(0.1964245717 -0.2808597628 0.03559630768)
(0.2756773245 -0.2871567228 0.0474886741)
(0.1968995818 -0.2787885643 0.0002646915447)
(0.279151546 -0.2876074712 0.0002620275343)
(0.329120994 -0.3371710286 0.03829022225)
(0.533390218 -0.3248126318 -0.0002731605709)
(0.6472501725 -0.429482249 0.007225851111)
(0.6786574724 -0.3832478607 0.0009321562913)
(0.4520401494 -0.3594895424 -0.004758436759)
(0.5334003058 -0.3248194676 0.0002732508635)
(0.6472428826 -0.4294837699 -0.007224437193)
(0.6786684745 -0.3832568674 -0.0009321779152)
(0.5056746653 -0.1730347952 3.789274979e-05)
(0.7168864495 -0.2553058713 0.07362344621)
(0.7177177678 -0.2549823959 6.942724762e-05)
(0.7829496556 -0.3197833174 0.0001777559333)
(0.5855082011 -0.2525062969 0.07092264352)
(0.586912924 -0.2521189577 0.00014028566)
(0.781131142 -0.3200104508 0.06882414235)
(0.8372544727 -0.4801971179 0.01728288583)
(1.031051766 -0.4610412542 0.02320846566)
(0.9956266592 -0.4546327363 0.01519206923)
(0.7383495384 -0.4386283116 -0.04886122044)
(0.8372324116 -0.480209264 -0.01728470912)
(1.031047167 -0.461037393 -0.02320963856)
(0.9956056469 -0.454618838 -0.01519406956)
(1.224946838 -0.3479030555 0.0002307975971)
(1.274182214 -0.3568419272 0.001672246547)
(1.21212921 -0.3785233951 0.05583731854)
(1.291589033 -0.3318474115 0.05620775698)
(1.21476309 -0.3752947105 0.00055836067)
(1.296757787 -0.3316376228 0.0003600860638)
(1.266115059 -0.3541517727 0.05136418681)
(1.085689157 -0.3983937791 0.01512787632)
(1.178249546 -0.3433046017 0.0177850238)
(1.120884028 -0.3340575849 0.0140352529)
(1.148765309 -0.4090320724 -0.02040971403)
(1.085672475 -0.3983820441 -0.01512810043)
(1.178236374 -0.3433002802 -0.01778537325)
(1.120874697 -0.3340563522 -0.01403633058)
(1.338962232 -0.2041726489 0.02716147218)
(1.300552786 -0.1657011805 0.0236298595)
(1.338951952 -0.204189688 -0.02716270708)
(1.300534472 -0.1657066002 -0.02363246987)
(1.23616128 -0.2681512833 0.01989690045)
(1.261371301 -0.2004808056 0.02034290892)
(1.222087316 -0.2178129228 0.01826710742)
(1.289682812 -0.2432115747 -0.02349329589)
(1.236170646 -0.2681593976 -0.01989536194)
(1.261390281 -0.2004951058 -0.02034231065)
(1.222073895 -0.2178250996 -0.0182687482)
(-0.008510170896 -0.1110552794 -7.639782312e-05)
(-0.03874424554 -0.03865095609 0.01681641883)
(0.06386409946 -0.1180643234 0.01009563523)
(0.0373381558 -0.04572537831 -3.68388594e-05)
(-0.03818745685 -0.03880400262 -4.806396197e-05)
(0.06459637312 -0.1185624265 -0.0001168550922)
(-0.008871898299 -0.110657943 0.0179483175)
(-0.06997040807 -0.120306038 0.03767941805)
(0.02138365251 -0.1729962632 1.998591304e-05)
(-0.06945674517 -0.1203898494 4.089457121e-06)
(-0.01288662072 -0.1570578359 -1.443947245e-05)
(0.07818187759 -0.2197344727 0.03247029034)
(0.07788236541 -0.2187992833 -1.321601367e-05)
(-0.01313205814 -0.1569673941 0.0293081574)
(0.05603485468 -0.1852460918 -8.659281956e-05)
(0.1279185336 -0.2014516783 0.01353762347)
(0.1420049964 -0.2530273168 0.02289292044)
(0.2090594246 -0.2716741156 -0.0005449322313)
(0.1285494801 -0.2033488233 -5.904074333e-05)
(0.1416314413 -0.2543774417 -0.0003144325176)
(0.05587790221 -0.1842125986 0.02057029594)
(-0.1630650435 -0.02350430996 1.6646737e-05)
(-0.1322454005 -0.07061909651 -0.03457386519)
(-0.1317355 -0.07072707087 1.226694975e-05)
(-0.07656422743 -0.09415519006 2.802359825e-05)
(-0.108451963 -0.03189448277 -0.0250014159)
(-0.1079317807 -0.03197228852 2.336588202e-05)
(-0.07698841663 -0.09400507619 -0.02644406348)
(-0.008509617469 -0.1110561676 7.667159212e-05)
(0.03733835123 -0.04572431965 3.692891889e-05)
(-0.03874285316 -0.03864990556 -0.0168163665)
(0.06386612452 -0.1180642908 -0.01009522554)
(-0.03818720586 -0.03880365033 4.806536023e-05)
(0.06459752103 -0.1185624312 0.0001172445974)
(-0.008872800556 -0.1106597786 -0.01794859484)
(0.02137833429 -0.1729930508 -2.228150345e-05)
(-0.06998618391 -0.120321617 -0.03767965258)
(-0.0694621015 -0.120393845 -3.223717485e-06)
(-0.01288379647 -0.1570658351 1.356330584e-05)
(0.07819320614 -0.2197385554 -0.03246891417)
(0.07788548867 -0.2188024902 1.004977641e-05)
(-0.01312776567 -0.1569882168 -0.02930835215)
(0.05603739724 -0.18524758 8.677242482e-05)
(0.2090629253 -0.2716763711 0.0005458166647)
(0.1279206388 -0.2014510524 -0.01353828559)
(0.1420243973 -0.2530375609 -0.02289169048)
(0.1285490612 -0.2033483818 5.895790596e-05)
(0.1416385478 -0.2543809403 0.000315253863)
(0.05588440324 -0.18421555 -0.02057046812)
(0.03287763691 -0.07799243644 0.06039785914)
(0.08308128745 -0.1606558459 7.904627751e-05)
(0.03348919688 -0.07809871277 5.973006688e-05)
(0.1596737947 -0.1308461459 7.56005166e-05)
(0.2173443551 -0.217161131 0.0562035687)
(0.218674352 -0.2172020543 0.0001068391468)
(0.1589618525 -0.130762055 0.06343435537)
(0.3169356727 -0.08339249396 5.944169843e-05)
(0.1644502652 -0.002209306596 0.07430044631)
(0.1648739547 -0.002308937418 5.041187739e-05)
(0.2384153967 -0.09850309583 6.819735481e-05)
(0.4001209195 -0.1741305403 0.07143161252)
(0.4008828003 -0.1738719584 9.066799783e-05)
(0.2378489729 -0.09850757573 0.07077548517)
(0.3085095139 -0.1941091236 7.756349895e-05)
(0.371592851 -0.2791912599 0.05801373117)
(0.4735901831 -0.2624000771 0.0654143701)
(0.5350485536 -0.3371743168 0.0001090400259)
(0.3723168716 -0.2788599539 0.0001159535976)
(0.4746581719 -0.2615680063 0.0001014416926)
(0.3077570516 -0.1942656301 0.06520949808)
(-0.04074280011 0.1033023908 -4.557550513e-05)
(0.04649593024 0.06185856943 -0.07151534241)
(0.04695518978 0.06162206361 -4.597626082e-05)
(-0.008606126826 0.01343909583 -0.06519972067)
(-0.008285993276 0.01334811978 -4.873700146e-05)
(0.1017478329 -0.03429178541 -9.176734438e-05)
(0.1011712116 -0.03419453667 -0.06881538203)
(0.08305916146 -0.1606686554 -7.172988408e-05)
(0.032769011 -0.07816541107 -0.06036209895)
(0.03344772352 -0.07814946772 -3.174360374e-05)
(0.1596553431 -0.1308803639 -9.327696486e-05)
(0.2173905856 -0.2171796659 -0.05620291743)
(0.2186849863 -0.2172048407 -0.000108766625)
(0.1589330964 -0.1308871818 -0.06343559075)
(0.3169546309 -0.08340611204 -5.430793533e-05)
(0.1644371674 -0.002173863444 -0.07430229179)
(0.164875166 -0.002301454991 -5.291552789e-05)
(0.2384165491 -0.09848550109 -6.771327055e-05)
(0.400135972 -0.1741414306 -0.07143244867)
(0.4008897384 -0.1738799611 -8.663646934e-05)
(0.2378447126 -0.09841655875 -0.0707813914)
(0.3085126302 -0.1940858233 -7.964388876e-05)
(0.5350494078 -0.3371704458 -0.0001126843621)
(0.3716261899 -0.2791691861 -0.05801113682)
(0.4735815829 -0.2623786227 -0.0654138837)
(0.3723244696 -0.2788510363 -0.000109486395)
(0.4746559896 -0.2615626171 -0.0001023582126)
(0.3077779851 -0.1941847671 -0.06520761303)
(0.4080993951 -0.3980319691 0.0007980657367)
(0.2577681942 -0.3190883283 0.02623892785)
(0.4070044788 -0.370645929 0.01943523334)
(0.3283746285 -0.3432593603 -0.0009765330519)
(0.264590486 -0.3233526796 -0.0004562299066)
(0.4567079311 -0.4084787448 -0.0007721010901)
(0.366869926 -0.36634523 0.02790920854)
(0.4818747945 -0.4011447469 0.0002768320039)
(0.4311160889 -0.3475973331 0.04961061511)
(0.6237160315 -0.4369202398 0.03880721777)
(0.5828803362 -0.398451104 -0.0001696897302)
(0.4317021421 -0.348444797 0.0001151532842)
(0.6259095666 -0.441475916 -0.0006013206815)
(0.4816544818 -0.3968301773 0.04238776775)
(0.139518493 -0.2284383168 -0.0001280306613)
(0.3337203964 -0.3394137932 -0.001052363507)
(0.1964080111 -0.2808697834 -0.03559458125)
(0.2756814887 -0.2871566178 -0.04749161847)
(0.1968936732 -0.278792449 -0.0002653408688)
(0.2791519434 -0.2876077081 -0.0002646321707)
(0.3291343754 -0.3371794358 -0.03828486131)
(0.4081047029 -0.3980276351 -0.0007976234345)
(0.3283785843 -0.3432580547 0.0009750741922)
(0.257771902 -0.3190909827 -0.02623920088)
(0.4070176277 -0.3706409481 -0.01943559311)
(0.264593383 -0.3233533551 0.0004545427681)
(0.4567091334 -0.4084730663 0.0007735130879)
(0.3668923151 -0.366344533 -0.02790982312)
(0.4818753933 -0.4011458673 -0.0002791574296)
(0.5828773369 -0.3984478658 0.0001669931963)
(0.4311047893 -0.3475956408 -0.04961083686)
(0.6237121406 -0.4369033624 -0.03880797208)
(0.4316959191 -0.348442015 -0.0001110404712)
(0.6259068578 -0.4414706046 0.0005974489332)
(0.481645727 -0.3968315396 -0.04238437795)
(0.8324133785 -0.3784104662 0.000535900742)
(0.6504825387 -0.3271218355 0.06444499919)
(0.8572721322 -0.4255538575 0.0548667616)
(0.7046930853 -0.386940156 0.0006605777742)
(0.6536649143 -0.3259946205 0.0002852104601)
(0.8648569825 -0.4270367812 0.002051245902)
(0.8265791759 -0.3782154194 0.06241194239)
(0.9239785463 -0.3151392009 0.07036853169)
(1.099834452 -0.3450245354 9.573913434e-05)
(0.9247189189 -0.3147179053 8.140563135e-05)
(0.9651835173 -0.3646986578 0.0001217136645)
(1.111198904 -0.3835675088 0.06042478949)
(1.11203515 -0.3815965468 0.0001120209264)
(0.964152988 -0.365142918 0.06511428029)
(0.9901726915 -0.4092785927 0.0002156073657)
(0.9985696718 -0.4433841203 0.05322393623)
(1.111233358 -0.4153714243 0.0543358959)
(1.105824374 -0.4382461798 -0.0002522636429)
(0.9987422048 -0.4477912582 0.000439288764)
(1.111283585 -0.4133600978 1.900356578e-06)
(0.9888352133 -0.4088395313 0.05917087216)
(0.5056759399 -0.1730325017 -4.954262031e-05)
(0.7168493781 -0.2552382553 -0.07361960073)
(0.7177060195 -0.2549644305 -7.469676146e-05)
(0.7829508065 -0.3197731837 -0.0001849577005)
(0.5855559095 -0.2525258383 -0.07092301273)
(0.5869285833 -0.2521251445 -0.0001410261888)
(0.7811211266 -0.319970992 -0.06882183081)
(0.8324204344 -0.3784074636 -0.0005343709197)
(0.7046958941 -0.3869371735 -0.0006574776519)
(0.6505196675 -0.3271201546 -0.06444633821)
(0.8572915661 -0.4255654488 -0.05486713827)
(0.6536737023 -0.3259931199 -0.0002812620181)
(0.8648614279 -0.4270395783 -0.002049253148)
(0.8266041392 -0.3782093491 -0.06241381103)
(1.099843877 -0.3450329994 -8.949500813e-05)
(0.9239872431 -0.3151371838 -0.07036601632)
(0.924716245 -0.3147174976 -7.488804556e-05)
(0.9651826681 -0.36469179 -0.0001248041805)
(1.111212302 -0.3835795213 -0.06042528492)
(1.112038214 -0.3815998952 -0.0001100893099)
(0.9641444184 -0.3651184467 -0.0651094521)
(0.9901722261 -0.4092739453 -0.0002169499238)
(1.105815268 -0.4382435218 0.0002543128042)
(0.9985686114 -0.4433771176 -0.05322607272)
(1.111237563 -0.4153631802 -0.05433597663)
(0.9987378142 -0.447787774 -0.0004414445251)
(1.111283679 -0.4133571955 -2.885089464e-06)
(0.9888305101 -0.4088268135 -0.05916925532)
(1.224745265 -0.2825760736 0.07036948097)
(1.228047206 -0.3157112742 0.0001258552993)
(1.225499973 -0.2816882814 9.65755202e-05)
(1.329693836 -0.2738117457 0.0001300257208)
(1.313191629 -0.3052194737 0.06065173185)
(1.314780285 -0.3034652774 0.0001531340913)
(1.328606834 -0.2760128515 0.06473416257)
(1.374768823 -0.2533106995 0.000431430608)
(1.342955751 -0.2818852235 0.055692932)
(1.35576017 -0.2293745806 0.05477686018)
(1.383175265 -0.259705615 0.001054423025)
(1.353893236 -0.2796426677 0.0001625707027)
(1.395557705 -0.2359875015 0.001690507849)
(1.368369912 -0.2570902047 0.05943029678)
(1.228050197 -0.3157078111 -0.0001327949387)
(1.224790649 -0.2825950487 -0.07036902568)
(1.225507252 -0.281694401 -8.638279443e-05)
(1.329702883 -0.2738141775 -0.0001253199686)
(1.31320093 -0.3052100009 -0.06065027362)
(1.314780234 -0.3034638074 -0.0001506442405)
(1.328642996 -0.2760283267 -0.06473827385)
(1.374771537 -0.2533108044 -0.0004301620106)
(1.383177598 -0.2597120748 -0.001048455073)
(1.342966792 -0.2818815616 -0.0556960276)
(1.355725295 -0.2293686713 -0.05477680376)
(1.353894728 -0.2796438472 -0.0001586754128)
(1.395572636 -0.2359931154 -0.001693382388)
(1.368375853 -0.2570900728 -0.0594307328)
(1.272866345 -0.3857885438 0.001966844031)
(1.192961413 -0.4019516716 0.05026352087)
(1.171582422 -0.3725139263 0.04249052129)
(1.184089882 -0.4170518478 -0.0007477227428)
(1.202779108 -0.3994500667 0.0002144012893)
(1.259541976 -0.3976036257 -0.0006527480119)
(1.211477794 -0.368051693 0.04657070683)
(1.300648192 -0.3287151421 -0.0004791599104)
(1.314854467 -0.3045574291 0.05131961295)
(1.257185755 -0.2834793277 0.04488656023)
(1.358990468 -0.2849789213 0.0001572390683)
(1.329323375 -0.3056795153 -0.000174882656)
(1.336590226 -0.2999527762 -0.001154427276)
(1.282482 -0.3205679454 0.04732781715)
(1.224950518 -0.3479027044 -0.0002342934185)
(1.274185389 -0.3568406359 -0.001670765423)
(1.212147633 -0.3785280482 -0.05584093758)
(1.291584798 -0.3318249361 -0.05620621732)
(1.214767723 -0.375294884 -0.0005544936238)
(1.29675889 -0.3316322253 -0.0003624702363)
(1.266123913 -0.3541450175 -0.05136569815)
(1.272869709 -0.3857874782 -0.001964890717)
(1.184089906 -0.4170505123 0.0007485806309)
(1.19297128 -0.4019506983 -0.05026440545)
(1.171591097 -0.3725176015 -0.04249109654)
(1.202779961 -0.39944993 -0.0002116799336)
(1.259542608 -0.3976035249 0.0006545489297)
(1.211485628 -0.368054364 -0.04657264414)
(1.300648659 -0.3287132822 0.0004792059204)
(1.358993626 -0.2849791567 -0.0001559353064)
(1.314864461 -0.3045508104 -0.05131869913)
(1.257198412 -0.2834761368 -0.04488689727)
(1.329324831 -0.3056778365 0.0001753680968)
(1.336592293 -0.2999483519 0.001155712793)
(1.282484944 -0.3205626607 -0.04732795916)
(0.759285731 -0.4610510097 0.04206819896)
(0.8457143838 -0.4509704682 0.04705055454)
(0.7509354178 -0.4394494801 -4.593223116e-05)
(0.7840344267 -0.4727761615 -0.001200712328)
(0.9150273795 -0.48320606 0.002001824222)
(0.9379444151 -0.5034488208 -0.0009746690383)
(0.8446915788 -0.4595113932 0.03926433211)
(0.7509299766 -0.4394461559 4.879235173e-05)
(0.759271997 -0.4610469461 -0.0420642505)
(0.8457314076 -0.4509977455 -0.04704975839)
(0.7840240641 -0.4727779261 0.001201756064)
(0.9150229186 -0.4832135324 -0.001999698876)
(0.9379364636 -0.5034583111 0.0009729634608)
(0.8446732652 -0.4595309124 -0.03926093215)
(-0.009114815356 0.04253659518 -0.0001220705575)
(-0.004266053809 0.02527209881 -0.0001112347986)
(-0.001364669416 0.008554789954 -9.945090707e-05)
(-0.005758170168 0.01540071514 0.02380039381)
(-0.00212282342 0.009057506552 0.01499163708)
(-0.0001603562622 0.003049035602 0.008462922963)
(-0.005934550029 0.01532957078 -0.0001126799755)
(-0.00217064647 0.009015343996 -0.0001045786694)
(-0.0005666239383 0.002998274137 -9.339086888e-05)
(-0.008931376078 0.04261084696 0.02528327722)
(-0.004214379516 0.02531650218 0.0158314484)
(-0.0009368790764 0.008624107606 0.008954450976)
(-0.01776260273 0.05835244538 -0.0001058630995)
(-0.009917539733 0.03487996165 -0.0001026350948)
(-0.003437381597 0.01183530814 -9.949090149e-05)
(-0.01767801353 0.05862310786 0.02886412842)
(-0.009925257961 0.0350557768 0.01790041106)
(-0.002990689711 0.01203038536 0.01017718345)
(-0.009114856711 0.04253779702 0.0001224448233)
(-0.004266097955 0.02527289041 0.000111472617)
(-0.001364708969 0.008555142801 9.958730961e-05)
(-0.00575854614 0.0154024616 -0.02380061222)
(-0.002122991021 0.009058611304 -0.01499174464)
(-0.0001603976253 0.003049437261 -0.008462979539)
(-0.005934593778 0.0153304166 0.0001128316174)
(-0.002170691477 0.009015930347 0.0001046752102)
(-0.0005666449827 0.002998507932 9.344430232e-05)
(-0.008931648994 0.04261312576 -0.02528367773)
(-0.004214555749 0.02531804879 -0.01583166678)
(-0.0009369403129 0.008624687648 -0.008954577829)
(-0.01776260844 0.05835351952 0.0001064124559)
(-0.009917630062 0.03488065042 0.0001029942618)
(-0.003437459374 0.01183563918 9.970320337e-05)
(-0.01767830322 0.05862518228 -0.02886468313)
(-0.009925562534 0.03505722019 -0.0179007312)
(-0.002990839144 0.01203093806 -0.01017737582)
)
;

boundaryField
{
    inlet
    {
        type            fixedValue;
        value           nonuniform 0();
    }
    outlet
    {
        type            zeroGradient;
    }
    topAndBottom
    {
        type            symmetry;
    }
    frontAndBack
    {
        type            empty;
    }
    cylinder
    {
        type            noSlip;
    }
    procBoundary3to1
    {
        type            processor;
        value           nonuniform List<vector> 
125
(
(0.5318556917 0.1190109885 -7.611940005e-08)
(0.6894570608 0.07646054666 3.829644378e-22)
(0.7888253053 0.04540828756 2.698508916e-23)
(0.8484179159 0.0268039915 1.168547073e-26)
(0.8854134953 0.01665855004 -1.737676896e-23)
(0.9101785663 0.0110939955 1.385405181e-23)
(0.9276304524 0.007852808571 -8.357338979e-23)
(0.9404300321 0.005872343295 7.46577746e-23)
(0.9503187231 0.004613170607 -7.292861246e-24)
(0.9583080929 0.003745673552 -4.53015218e-23)
(0.9648849786 0.003080510717 4.530309899e-23)
(0.9703053636 0.002536573455 -3.138837093e-23)
(0.9747672044 0.002089519439 5.778025762e-23)
(0.978452276 0.001728799875 -4.870467073e-23)
(0.9815180072 0.001440945563 4.614053239e-24)
(0.984089128 0.001210308614 2.002704691e-23)
(0.9862601704 0.001023220081 0)
(0.9881033073 0.0008695753456 -1.111844488e-23)
(0.9896751735 0.0007422515534 1.190660042e-23)
(0.991021065 0.0006360491927 8.873851008e-24)
(0.9921775788 0.000546970757 -1.271877129e-23)
(0.9931745201 0.000471853585 5.058587824e-25)
(0.9940363217 0.0004081800458 3.147197036e-24)
(0.9947831297 0.0003539488956 -2.699506927e-24)
(0.9954316691 0.0003075662182 4.596893306e-24)
(0.9959959247 0.0002677509704 -2.21050979e-24)
(0.9964876617 0.0002334635962 -3.270590276e-24)
(0.9969168266 0.0002038529713 1.9005158e-24)
(0.9972918648 0.0001782164285 1.438806117e-24)
(0.9976199756 0.0001559705089 1.140557057e-24)
(0.9979073187 0.0001366291944 -2.142517016e-24)
(0.9981591818 0.0001197858213 1.030978943e-24)
(0.9983801202 0.0001050957972 8.004966406e-25)
(0.9985740536 9.22743802e-05 -1.457370756e-24)
(0.9987443136 8.105913869e-05 9.838049019e-25)
(0.9988938791 7.124279211e-05 -4.263694288e-25)
(0.9990253944 6.264814516e-05 4.991336286e-25)
(0.9991410951 5.511634046e-05 -2.758308046e-26)
(0.9992429218 4.850961484e-05 -2.063791961e-25)
(0.9993325689 4.270762752e-05 2.455674675e-25)
(0.9994115168 3.760735684e-05 -3.030012954e-25)
(0.9994810592 3.312210003e-05 2.677193031e-25)
(0.9995423286 2.917786423e-05 -1.256060979e-25)
(0.9995963182 2.570925247e-05 -4.642277559e-26)
(0.9996439005 2.265757128e-05 5.244084718e-26)
(0.9996858421 1.997105774e-05 -1.170033834e-25)
(0.9997228164 1.760489227e-05 4.095594174e-26)
(0.999755415 1.552025167e-05 -2.998290646e-26)
(0.9997841577 1.368322244e-05 3.458412222e-27)
(0.9998095019 1.206404744e-05 2.653266862e-26)
(0.9998318497 1.063658658e-05 2.075141177e-26)
(0.9998515545 9.377846847e-06 -1.975784244e-26)
(0.9998689276 8.267584833e-06 3.5377331e-26)
(0.9998842434 7.28797854e-06 1.503199789e-26)
(0.9998977435 6.423340792e-06 -7.161352897e-28)
(0.9999096409 5.659871948e-06 -1.1872379e-26)
(0.9999201231 4.985440994e-06 1.36481898e-27)
(0.9999293549 4.389387064e-06 7.055818395e-28)
(0.9999374814 3.862328633e-06 -4.119673282e-27)
(0.9999446304 3.395982607e-06 -6.807122126e-27)
(0.9999509137 2.98300388e-06 4.536800174e-28)
(0.9999564297 2.616856515e-06 4.166838324e-28)
(0.9999612646 2.291720163e-06 -3.757790714e-27)
(0.999965493 2.00245638e-06 -2.275004218e-27)
(0.9999691849 1.744392525e-06 7.702469515e-28)
(0.9999723805 1.514191119e-06 -4.386431989e-28)
(0.9999752027 1.304377515e-06 4.387308431e-28)
(0.9999773631 1.133176134e-06 -3.595578509e-29)
(0.9999801438 8.786890869e-07 3.610461756e-29)
(-0.1679153526 -0.02673763824 0.05021054044)
(-0.1636000584 0.0234776934 0.03292115916)
(0.1707696719 0.08543288401 -0.0004340836729)
(-0.1071207897 -0.036707512 0.05021348363)
(-0.1071205898 -0.03670481762 -0.050213768)
(-0.2007786874 0.01293775375 0.0398990225)
(-0.1679112525 -0.02673091286 -0.05021077166)
(-0.2007820683 0.01293626409 -0.03989923929)
(-0.1071610995 -0.03660743143 -3.692216115e-05)
(-0.02818817155 -0.03518560351 0.04918968438)
(-0.02860687848 -0.03505577947 -3.339025688e-07)
(-0.1071607558 -0.03660650042 3.664171072e-05)
(-0.02819035782 -0.03518620361 -0.04919026158)
(-0.02860733539 -0.03505608454 4.712816873e-07)
(0.03657951987 0.04546061041 0.009685695967)
(-0.1635949634 0.02347364238 -0.0329208649)
(0.0365783478 0.04545595651 -0.009686257391)
(-0.1677006037 -0.02666722189 -2.726119005e-06)
(-0.2055875109 -0.01322137511 0.04871450213)
(-0.2053217226 -0.01315856508 1.930437072e-06)
(-0.2159470606 0.0004812895868 0.04532022167)
(-0.2003261242 0.01298139026 -6.197797821e-06)
(-0.2155835117 0.0005376555732 3.785532078e-06)
(-0.167699363 -0.02666499105 2.848991494e-06)
(-0.2055866421 -0.01321459729 -0.04871486516)
(-0.2053214933 -0.01315622465 -1.486560516e-06)
(-0.2003272507 0.01298117079 5.759236846e-06)
(-0.2159518819 0.0004847777238 -0.04532051735)
(-0.2155853218 0.0005388676184 -3.306928506e-06)
(0.3242055921 0.08052045828 -0.004783202681)
(0.170768314 0.08543305102 0.0004340547246)
(0.3242043394 0.0805202631 0.004783200379)
(-0.1630689714 0.02352272042 -1.73453972e-05)
(-0.1084583593 0.03189867553 0.02500191607)
(-0.107935721 0.03197262294 -2.317834332e-05)
(-0.03875116905 0.03864496689 0.01681696006)
(0.03732867742 0.04571904754 -3.683383645e-05)
(-0.03819495608 0.03879720849 -4.802846453e-05)
(-0.1630670925 0.02352163515 1.647954497e-05)
(-0.1084539048 0.03189399866 -0.02500193396)
(-0.1079342758 0.0319708911 2.327382484e-05)
(0.03732871276 0.04571727233 3.693962152e-05)
(-0.03874996319 0.03864221568 -0.01681691438)
(-0.03819463187 0.0387961763 4.803535239e-05)
(-0.00575771324 -0.01540730227 0.02380039955)
(-0.00212247951 -0.009060770459 0.01499165046)
(-0.0001602160794 -0.003049938235 0.008462914399)
(-0.005934093822 -0.01533599537 -0.0001127084195)
(-0.00217030665 -0.009018528472 -0.0001046002183)
(-0.0005664855693 -0.002999177415 -9.340435731e-05)
(-0.005758130913 -0.01540742992 -0.02380049772)
(-0.002122629855 -0.009060844493 -0.0149916754)
(-0.000160235581 -0.003049956579 -0.0084629216)
(-0.005934159095 -0.01533620144 0.0001127549135)
(-0.0021703408 -0.009018704868 0.0001046234773)
(-0.0005664947419 -0.002999259941 9.341346365e-05)
)
;
    }
    procBoundary3to2
    {
        type            processor;
        value           nonuniform List<vector> 
103
(
(1.330293591 -0.1282915587 0.02513561235)
(1.330240319 -0.1282938594 -0.02513879732)
(1.301162448 -0.05751625198 0.0217859816)
(1.273250009 -0.04097732233 0.0198118433)
(1.30118614 -0.05751778812 -0.02178330391)
(1.273238927 -0.04099941796 -0.01981089691)
(1.225483702 -0.02339017688 -1.52300443e-06)
(1.18123627 -0.0130940675 0)
(1.148581637 -0.009703325169 -1.793432401e-22)
(1.124741208 -0.006427364172 5.900111844e-23)
(1.106493541 -0.004577190941 -5.524809825e-23)
(1.092461722 -0.003239841808 4.118713629e-23)
(1.081472803 -0.002310787047 8.753990643e-24)
(1.072766062 -0.001658680308 1.975454892e-23)
(1.065801668 -0.001178014574 -4.951003319e-24)
(1.060188771 -0.0008316466756 3.743578789e-24)
(1.055639376 -0.0005762908448 -1.540686283e-23)
(1.051951454 -0.0003900800642 -8.823346497e-24)
(1.048972122 -0.0002545850372 -2.081831833e-24)
(1.046582045 -0.0001587695184 0)
(1.044698779 -9.490612867e-05 0)
(1.043259133 -5.195700717e-05 4.717124819e-24)
(1.042215631 -2.646475212e-05 -7.462064824e-25)
(1.04153665 -9.75296641e-06 2.617322945e-24)
(1.041202222 -4.136102093e-06 -1.052393412e-23)
(-0.05102441607 0.09111077202 -0.0001802981821)
(-0.02809363752 0.06256434584 0.03674987127)
(-0.05048627445 0.09132846612 0.06802845437)
(-0.02815529256 0.06239311179 -0.0001027934504)
(-0.02426400176 0.06681945822 0.03114646741)
(-0.02457423597 0.06667663238 -0.0001718087853)
(-0.02426269913 0.06681728596 -0.0311459195)
(-0.0245739594 0.0666759373 0.0001724199679)
(-0.05528842676 0.09420715502 0.0001312513851)
(0.04854707968 0.0939852627 2.263291842e-05)
(-0.05520906733 0.09434892654 0.08178792555)
(0.0483625174 0.09433247006 0.08218221722)
(0.0483625174 0.09433247006 0.08218221722)
(0.04854707968 0.0939852627 2.263291842e-05)
(-0.05102627041 0.09111061663 0.0001810776396)
(-0.02809057793 0.06255689589 -0.03675259148)
(-0.0504917776 0.09132802122 -0.06802755408)
(-0.02815380896 0.06238919715 0.0001026147012)
(-0.05528907036 0.09421441496 -0.0001320186439)
(0.04853655998 0.09399252705 -2.359858901e-05)
(-0.055212831 0.09437300265 -0.0817912374)
(0.04832448825 0.09435954336 -0.08218366163)
(0.04832448825 0.09435954336 -0.08218366163)
(0.04853655998 0.09399252705 -2.359858901e-05)
(0.2033821718 0.0105242487 0.08415649982)
(0.2035481747 0.01038619248 2.215623295e-05)
(0.4457587584 -0.08983326639 1.715485862e-05)
(0.4453273807 -0.08990853602 0.08443600111)
(0.7349378006 -0.1744223519 4.436714733e-05)
(1.00972577 -0.2285947406 0.07961578576)
(1.010299405 -0.2281956783 4.826637606e-05)
(0.7344743814 -0.1747152232 0.08309312652)
(0.2034186224 0.01052060315 -0.08415419837)
(0.2035580662 0.01038625701 -1.508540986e-05)
(0.4457632262 -0.08983138585 -2.091251521e-05)
(0.4453331656 -0.08990628965 -0.0844384112)
(0.73494615 -0.1744263686 -4.261635123e-05)
(1.009812316 -0.2286405312 -0.07961856509)
(1.010323797 -0.2282093085 -3.807184465e-05)
(0.7344896615 -0.1747202667 -0.08309405491)
(1.218102526 -0.248291858 0.0746848479)
(1.218761172 -0.2475522257 5.959582865e-05)
(1.342256646 -0.2420307891 0.0001063100328)
(1.341201518 -0.243656665 0.06904389306)
(1.377826325 -0.1770991611 0.05224632983)
(1.384058245 -0.1800960431 -9.251300634e-05)
(1.385929073 -0.1624094551 -0.000418058336)
(1.342146418 -0.1562187001 0.04996323909)
(1.330293591 -0.1282915587 0.02513561235)
(1.377848975 -0.1771004778 -0.052245669)
(1.384061414 -0.1801010568 9.53851771e-05)
(1.385926492 -0.1624245579 0.0004177397668)
(1.34216295 -0.1562490028 -0.04996147259)
(1.330240319 -0.1282938594 -0.02513879732)
(1.393442568 -0.2229084892 0.0004178805287)
(1.394804439 -0.2020018854 0.05750571141)
(1.400224114 -0.20250408 0.001186216234)
(1.390893182 -0.2256251431 0.06317828857)
(1.218166503 -0.2483172793 -0.07469035959)
(1.218781456 -0.2475585358 -5.36772871e-05)
(1.342269985 -0.2420247893 -0.0001116167746)
(1.341226458 -0.2436381367 -0.06904395496)
(1.393437521 -0.2229019176 -0.0004205974343)
(1.39482955 -0.2019961409 -0.05750390414)
(1.400227146 -0.2025036266 -0.001186900419)
(1.390884323 -0.2256008492 -0.06317589977)
(-0.02426400176 0.06681945822 0.03114646741)
(-0.01422120613 0.03918211843 0.02091681487)
(-0.004469289396 0.01321993934 0.01186602083)
(-0.02426269913 0.06681728596 -0.0311459195)
(-0.01422050963 0.03918115098 -0.02091676406)
(-0.00446916551 0.01321964883 -0.01186624569)
(-0.02457423597 0.06667663238 -0.0001718087853)
(-0.01428083053 0.0391166739 -0.0001551190394)
(-0.004995408389 0.01300508078 -0.0001377161657)
(-0.0245739594 0.0666759373 0.0001724199679)
(-0.01428081841 0.03911645237 0.0001555530046)
(-0.00499550006 0.01300509148 0.0001379846963)
)
;
    }
}


// ************************************************************************* //
