/*--------------------------------*- C++ -*----------------------------------*\
| =========                 |                                                 |
| \\      /  F ield         | OpenFOAM: The Open Source CFD Toolbox           |
|  \\    /   O peration     | Version:                                        |
|   \\  /    A nd           | Website:  www.openfoam.com                      |
|    \\/     M anipulation  |                                                 |
\*---------------------------------------------------------------------------*/
FoamFile
{
    version     2.0;
    format      ascii;
    class       volVectorField;
    location    "4.4";
    object      U;
}
// * * * * * * * * * * * * * * * * * * * * * * * * * * * * * * * * * * * * * //

dimensions      [0 1 -1 0 0 0 0];


internalField   nonuniform List<vector> 
2429
(
(0.9999583323 9.575100084e-05 7.417733048e-25)
(0.9996047093 0.0002887546183 2.449611261e-23)
(0.9988562913 0.0004883713914 -1.492644209e-24)
(0.9976796173 0.000700979673 -2.726922053e-23)
(0.9960624026 0.000933531133 -1.538134487e-23)
(0.9939671201 0.001194086768 6.125700671e-24)
(0.9913271226 0.001492680458 6.195266647e-24)
(0.9880531038 0.001842216983 -7.039897447e-24)
(0.984030148 0.002259680579 5.552494025e-23)
(0.9791064401 0.002768020002 -2.905311195e-23)
(0.9730777277 0.003399084812 -1.563740652e-23)
(0.965666922 0.004198222226 -1.675908019e-23)
(0.9564917037 0.005231568236 -9.005138409e-23)
(0.9450207262 0.006598730024 7.213940767e-23)
(0.9304752158 0.008453296514 -6.346322459e-23)
(0.9117762291 0.01104796345 8.869780384e-23)
(0.8870172529 0.01479567325 -9.091754572e-22)
(0.8542840263 0.02055151394 1.922509903e-21)
(0.8059352973 0.02942061248 -4.225261152e-07)
(0.7560015587 0.02407251513 -0.02872418858)
(0.6255340864 0.01689902619 -0.06051727355)
(0.4994612911 0.02930011136 -0.07763066515)
(0.1702481024 0.05904227689 -0.09847686957)
(0.9999593719 0.0002847722746 -1.181623865e-23)
(0.9996160248 0.0008588410838 -1.191202267e-23)
(0.9988902244 0.001452489873 -9.498495074e-23)
(0.9977499684 0.002084512742 1.202525064e-22)
(0.9961845021 0.002775391935 0)
(0.994159332 0.00354873941 -2.509938878e-23)
(0.9916127036 0.004433778693 1.019898144e-22)
(0.9884623956 0.005467961435 -1.050452908e-22)
(0.9846037016 0.006700371636 -2.20906883e-22)
(0.97989985 0.00819692888 -1.233681279e-24)
(0.9741692408 0.01004845775 -1.187811191e-22)
(0.9671695317 0.01238312071 -2.629919306e-22)
(0.9585735418 0.01538596262 3.962406571e-22)
(0.9479383801 0.01933180534 1.430251102e-22)
(0.9346398911 0.02463863738 2.014726392e-23)
(0.9178463815 0.03197681496 0)
(0.8961870989 0.04240525081 8.376544407e-22)
(0.8683343164 0.057960412 -2.947046483e-21)
(0.8295195089 0.08131890364 3.288895651e-06)
(0.7829230414 0.09664472476 -0.02632528183)
(0.6619948811 0.1210683465 -0.05395496409)
(0.5915297967 0.2276104827 -0.06359448767)
(0.413741696 0.4436201479 -0.06553271308)
(0.9999618012 0.0004651115006 0)
(0.9996392765 0.001402964304 -1.867931279e-22)
(0.9989574705 0.002372004396 9.50673489e-23)
(0.9978877346 0.00340205946 9.392210819e-23)
(0.9964223901 0.004525676962 -2.420289003e-22)
(0.9945325896 0.005780113487 4.908393357e-23)
(0.9921656487 0.007211106794 -1.022251142e-22)
(0.9892524142 0.008876774499 2.116758554e-22)
(0.9857068341 0.01085252727 2.768539154e-24)
(0.9814193191 0.0132384512 2.288472463e-22)
(0.9762486144 0.01617066998 4.074222104e-24)
(0.9700131654 0.01983803392 0)
(0.9624798565 0.02450842183 2.154402233e-24)
(0.9533527528 0.03056960055 -2.797056998e-22)
(0.9422510218 0.03859751286 0)
(0.9287210534 0.04949129847 -6.257647269e-22)
(0.9121541367 0.06458457481 -9.740354505e-22)
(0.8921119827 0.08638684012 1.809525711e-23)
(0.8677728616 0.1176025425 -1.915162196e-06)
(0.8407583907 0.1688696777 -2.636739099e-06)
(0.7917806035 0.2128311672 -0.02330335636)
(0.741525297 0.3100059196 -0.04205452087)
(0.7487942793 0.5199570522 -0.02882311524)
(0.7003716587 0.5959231237 0.03044209319)
(-0.006160963827 0.05003304024 0.06860415457)
(0.9999652971 0.0006322767593 1.776608047e-22)
(0.9996723006 0.001905944488 3.76744726e-22)
(0.9990529233 0.003220073623 0)
(0.9980830623 0.004614002151 -1.901754954e-22)
(0.9967590462 0.006130020603 3.826907135e-22)
(0.9950594803 0.007816047855 0)
(0.9929436181 0.009730356636 1.969417838e-22)
(0.9903592663 0.01194609959 -1.498759715e-22)
(0.9872441801 0.01455676883 1.752694936e-24)
(0.9835228669 0.01768429248 -5.372409558e-23)
(0.9791035347 0.02149162746 0)
(0.9738772498 0.0261991699 0)
(0.9677193951 0.03211180879 0)
(0.9604996507 0.03966064977 0)
(0.9520969849 0.04944955718 0)
(0.9424538383 0.06241609973 2.867355157e-21)
(0.9316371641 0.07979758948 2.51370615e-21)
(0.9201265291 0.103683452 0)
(0.9088241864 0.1366001525 0)
(0.9008082695 0.1836897789 -5.830158647e-07)
(0.8828733806 0.2314759154 -0.01658674951)
(0.8150300421 0.2874219687 -0.02474906279)
(0.9369461033 0.4291200623 -0.01017110318)
(1.098288137 0.5330338887 0.02197023875)
(1.25380523 0.4647481445 0.06314892814)
(1.057106181 0.2039203837 0.07887211232)
(0.7919324295 0.05857287545 0.07106194162)
(0.6577072577 0.02726498991 0.06423693146)
(0.9999693928 0.0007822138745 -1.777508699e-22)
(0.9997124296 0.002355683868 -1.898264383e-22)
(0.9991704023 0.003976107166 0)
(0.9983240575 0.005690405737 -1.600420904e-22)
(0.9971738106 0.007547973025 -1.656588929e-22)
(0.9957066406 0.009604010645 1.409525867e-22)
(0.9938952093 0.01192482765 -5.290854124e-24)
(0.991705931 0.01459237278 2.018418149e-22)
(0.989102079 0.01770919257 0)
(0.9860440147 0.02140621044 0)
(0.98249042 0.02585494836 0)
(0.9784036207 0.03128221279 0)
(0.973762595 0.03798419781 9.051982201e-22)
(0.968580707 0.04638328188 2.864134414e-21)
(0.9629513215 0.05699420026 -9.926463568e-22)
(0.9570940469 0.0705849344 -3.23139075e-21)
(0.9514927152 0.08814151169 1.032633808e-21)
(0.9470639097 0.111026612 -2.209697745e-21)
(0.9456599618 0.1408038598 -8.299831543e-23)
(0.9500308698 0.1798388038 -6.253722737e-09)
(0.9686843907 0.2275690589 4.847036147e-10)
(0.976079077 0.2751298367 -0.00703516372)
(1.03357817 0.3278909893 0.0002144941746)
(1.115944372 0.3756179099 0.01651529211)
(1.250366601 0.3535048833 0.03717983281)
(1.335184577 0.2738506625 0.05030120889)
(1.346791231 0.1826989665 0.05391123628)
(1.31613577 0.1107696588 0.05439280854)
(0.9999736756 0.0009104338482 -1.763972311e-22)
(0.999756737 0.002741058832 -1.121481878e-23)
(0.9993024755 0.004622884778 -1.136060301e-23)
(0.9985963087 0.006607342067 2.059268326e-22)
(0.9976422267 0.00874818894 -1.807586814e-22)
(0.9964355366 0.01110462913 -1.882504314e-22)
(0.9949623252 0.01374659751 -3.772410769e-22)
(0.9932071637 0.01675883881 0)
(0.9911574507 0.02024450374 0)
(0.9888073201 0.02433334842 0)
(0.98616163 0.02918897862 0)
(0.9832400817 0.03502920031 0)
(0.9801052274 0.0421026088 -1.734131938e-21)
(0.9768692537 0.05075520386 -1.012149392e-21)
(0.973751995 0.06140490264 5.701658657e-23)
(0.9711252199 0.07457308993 9.454841868e-22)
(0.9696388286 0.09091287453 -9.318624995e-22)
(0.9703274992 0.1111557613 9.340829982e-22)
(0.9749253083 0.1359522013 -1.402138995e-21)
(0.9857407875 0.1655853135 1.306631361e-21)
(1.007492359 0.199185954 -1.729734582e-09)
(1.042608769 0.2301679624 1.865788114e-08)
(1.096361072 0.2495514049 -1.043935756e-07)
(1.139391627 0.2671040556 0.008807075705)
(1.208485291 0.2499791816 0.01530597505)
(1.26587343 0.2077601973 0.02052903572)
(1.299994373 0.1557095286 0.02337110362)
(0.9999788938 0.00101511684 1.70935737e-22)
(0.9998063407 0.00305587301 -5.49146134e-24)
(0.9994463228 0.005149714608 1.095113913e-23)
(0.9988896143 0.007349804914 0)
(0.9981436848 0.009711611221 1.807428182e-22)
(0.9972114321 0.01229526301 -8.857185393e-23)
(0.9960911593 0.01517041071 9.840629182e-23)
(0.994783457 0.01841944759 1.827078258e-22)
(0.9932958261 0.02214048314 8.301752341e-22)
(0.9916519998 0.026455601 1.957350699e-22)
(0.9898937942 0.03150617744 -1.16507905e-21)
(0.9880796492 0.03747386532 7.8087007e-22)
(0.9863202243 0.04456759775 2.411121457e-21)
(0.9847884315 0.05303159519 -1.619476899e-21)
(0.9837617011 0.06316141618 5.147205261e-23)
(0.9836660569 0.07527830736 -1.668474706e-21)
(0.9851287436 0.08972029458 4.062018772e-22)
(0.989066281 0.1067628236 0)
(0.996807376 0.1264641189 -6.267246289e-22)
(1.010041337 0.1483352818 6.2503405e-22)
(1.031050272 0.1710316008 -1.571540531e-22)
(1.061538733 0.1905747338 3.803859482e-22)
(1.10181383 0.2017051905 3.596701501e-07)
(1.146895441 0.1977564188 -6.259967931e-07)
(1.189776167 0.1799823971 1.406033737e-07)
(1.225410343 0.150595253 2.243945927e-07)
(1.251034127 0.1138355194 -1.927319971e-06)
(0.9999842584 0.001096096771 0)
(0.9998572368 0.003297879679 -2.13279243e-23)
(0.9995936571 0.005551948499 2.132673164e-23)
(0.9991892833 0.007911428363 0)
(0.9986542819 0.01043110903 0)
(0.997997837 0.01316924253 8.856203352e-23)
(0.997228521 0.01619200321 2.673341677e-22)
(0.9963593543 0.01957567677 -2.693057677e-22)
(0.995412949 0.02341038285 -7.318594671e-22)
(0.9944400124 0.02779968162 0)
(0.9934998125 0.03286589507 0)
(0.9926752247 0.03874259856 1.4441676e-21)
(0.9921010615 0.04558722541 -7.998399723e-22)
(0.9919794025 0.05356612007 1.147183291e-21)
(0.9925884021 0.06285197571 -3.689076057e-22)
(0.9943286539 0.07360530329 4.847570941e-23)
(0.9977446853 0.08594895701 -1.648040255e-22)
(1.003567469 0.09989574996 4.53501704e-22)
(1.012752997 0.1152482468 0)
(1.02639728 0.1313566347 -3.726293909e-22)
(1.045595948 0.1468068102 -3.110587887e-22)
(1.071085183 0.1591356738 -2.920927728e-24)
(1.102092115 0.1650340103 0)
(1.135984916 0.1613893955 0)
(1.168812446 0.1476202064 -2.406181627e-22)
(1.19675361 0.1251030741 -3.11445103e-22)
(1.217667455 0.0965581757 0)
(0.9999895436 0.001152539145 0)
(0.9999074574 0.003465824651 -6.082856348e-23)
(0.9997389424 0.005828680548 -1.023774864e-22)
(0.9994840738 0.008292423332 0)
(0.9991546466 0.01090915588 4.020999954e-23)
(0.9987644282 0.01373295357 2.065383186e-22)
(0.9983301556 0.01682413804 8.456688817e-23)
(0.9978727879 0.02025092289 -8.439818298e-23)
(0.9974278529 0.02409350435 1.32134376e-21)
(0.9970639686 0.02843752171 6.815879456e-22)
(0.996845379 0.0333730834 -1.685035233e-21)
(0.996867442 0.03899820891 -6.978185907e-22)
(0.9972696472 0.04541748542 -7.110370023e-22)
(0.9982507937 0.052730313 1.542454417e-22)
(1.000071636 0.06101892763 1.658924319e-22)
(1.003077082 0.07033259822 3.365744647e-22)
(1.007707065 0.08066289646 2.725443344e-22)
(1.014513592 0.09189435217 -2.884639739e-22)
(1.024142437 0.1037365187 -3.800545964e-22)
(1.037248583 0.1155291593 7.50844441e-22)
(1.054327426 0.1261686866 7.615675662e-23)
(1.075546263 0.1339882998 -7.309715042e-23)
(1.10010016 0.1369211327 0)
(1.126190872 0.1332160195 -5.479016944e-23)
(1.151441432 0.1220353719 4.876561082e-26)
(1.173406407 0.1041699854 -4.875945611e-26)
(1.190378039 0.08138525881 -2.785868642e-22)
(0.9999946135 0.001185175795 7.893364578e-23)
(0.999955539 0.003562058563 2.258541198e-23)
(0.9998778263 0.005984318515 1.406412361e-22)
(0.9997650834 0.008500055957 0)
(0.9996295594 0.01115720809 -8.205134006e-23)
(0.9994875273 0.01400429728 -1.644703658e-22)
(0.999362725 0.01709447099 0)
(0.9992796504 0.02048852386 0)
(0.9992880291 0.02425368787 -1.320132286e-21)
(0.9994567859 0.02845626449 1.604380738e-22)
(0.9998493743 0.03315411712 1.922494821e-22)
(1.000563051 0.03841593518 -1.335131994e-22)
(1.001736083 0.04430654579 -2.964157336e-22)
(1.003549587 0.05087338048 -1.673069678e-23)
(1.00622948 0.05813526848 -4.266652081e-22)
(1.010054986 0.06606994583 1.297464335e-22)
(1.015364038 0.07460066315 -3.716101509e-23)
(1.022557547 0.08354920806 3.9809789e-22)
(1.032049864 0.09262522465 -9.478454066e-23)
(1.044197983 0.1012500176 -1.190466131e-22)
(1.059217009 0.108592496 -1.820022333e-22)
(1.076951448 0.113516677 0)
(1.096690822 0.1146680521 0)
(1.117203177 0.1108909663 5.487508329e-23)
(1.136985853 0.1016084694 0)
(1.154408245 0.08721166481 0)
(1.168161344 0.06881199976 1.000215737e-22)
(0.9999993472 0.001195306607 -7.892884625e-23)
(1.000000325 0.003590594034 7.903454561e-23)
(1.000007011 0.006026024526 -7.906171391e-23)
(1.000025764 0.008545377148 1.138725161e-22)
(1.000067741 0.01119164745 -1.162340275e-22)
(1.000150282 0.01400829442 1.545153157e-22)
(1.000303678 0.01704130157 -6.019519983e-22)
(1.000556286 0.02034130119 0)
(1.000960899 0.02396283737 -2.977427323e-22)
(1.001575159 0.02794638031 0)
(1.002466095 0.03233374484 3.104212619e-22)
(1.003730322 0.03717026539 3.061189882e-22)
(1.005493812 0.04248837395 1.588271896e-22)
(1.007910932 0.04829708003 6.145874506e-24)
(1.011166995 0.05457300393 4.119873594e-22)
(1.015479751 0.0612567329 -3.605909863e-22)
(1.021101022 0.06821963285 -4.491341081e-24)
(1.028302583 0.07529332737 -3.334384205e-22)
(1.037339957 0.08219299438 3.32700119e-22)
(1.048386667 0.08849796675 -1.387303746e-22)
(1.061502506 0.09360400138 1.234305835e-22)
(1.076413183 0.09669168855 1.520458362e-23)
(1.092510473 0.09681213465 -2.305718032e-23)
(1.108965946 0.09320020526 5.205224555e-23)
(1.12476 0.08542929551 6.03591365e-23)
(1.138748812 0.07366925374 8.365733593e-23)
(1.149941647 0.05864407707 -8.839137147e-23)
(1.000003664 0.001184711239 0)
(1.000040971 0.003556852696 0)
(1.000124104 0.005963216617 0)
(1.000260749 0.008442721114 -1.525527668e-22)
(1.000460362 0.0110332889 0)
(1.000744653 0.01377427217 0)
(1.00114468 0.01670516235 2.083872054e-23)
(1.001688728 0.01986240799 2.944557583e-22)
(1.002421674 0.02328338734 2.26373179e-22)
(1.003399023 0.02699787483 7.213615376e-23)
(1.004689738 0.03103597671 6.933349723e-23)
(1.00638114 0.03542128614 -2.038017315e-22)
(1.008579882 0.04016104215 5.411330234e-24)
(1.011412782 0.04523846482 1.29003727e-22)
(1.015026632 0.05061046208 0)
(1.019585168 0.05618415828 0)
(1.025269515 0.06182877329 -3.59963801e-22)
(1.032258692 0.06739442661 -3.001750044e-22)
(1.040692675 0.07263269741 -2.283879162e-22)
(1.050654444 0.07723430546 1.452131823e-22)
(1.062077056 0.0807704744 0)
(1.074683134 0.08264493518 0)
(1.088000914 0.08220073648 2.308079663e-23)
(1.101433462 0.07888103341 4.430199527e-23)
(1.114249089 0.0723315838 -6.105270705e-23)
(1.125624185 0.06261282244 -7.036941676e-23)
(1.134812811 0.05021964427 8.09946978e-23)
(1.00000752 0.001155505199 0)
(1.000076809 0.003467124197 0)
(1.000227363 0.005806766317 -7.241417907e-23)
(1.000466969 0.008208844299 -4.948286707e-22)
(1.000806848 0.01070734873 0)
(1.001269226 0.01333623612 -7.102266512e-23)
(1.001878173 0.01612267669 4.310638612e-22)
(1.00266252 0.01909436622 -3.439672102e-22)
(1.003664255 0.02227920876 2.006303147e-22)
(1.004935811 0.02569951349 3.312595964e-22)
(1.006539712 0.02937165963 2.556365153e-22)
(1.008550366 0.03330195855 0)
(1.011055737 0.03748100797 0)
(1.014158243 0.04188109046 0)
(1.017968851 0.04643769346 0)
(1.022607119 0.05104776639 3.682735903e-22)
(1.028197379 0.05559976497 3.597837962e-22)
(1.034849436 0.05994615716 2.997268941e-22)
(1.042630193 0.06391577616 2.283126521e-22)
(1.051565271 0.06729020776 -5.750404972e-23)
(1.061532064 0.06975026852 -8.830327298e-23)
(1.072271058 0.07084961075 -6.206669514e-24)
(1.083435521 0.07012071637 0)
(1.094571259 0.06713492223 2.960012636e-23)
(1.105134264 0.06159214193 -5.459031958e-23)
(1.114517958 0.05349897501 1.01926361e-22)
(1.122155935 0.04320635219 1.054738865e-23)
(1.000010714 0.00111012886 3.516445084e-23)
(1.000107051 0.003328844329 2.414387728e-22)
(1.000315718 0.005569800823 0)
(1.000646322 0.007863242996 5.669958548e-22)
(1.001109211 0.0102390683 3.406362483e-22)
(1.001720277 0.01272093347 -6.894583502e-23)
(1.002501424 0.01533030465 -1.984475995e-22)
(1.003482698 0.01808995159 4.014199456e-22)
(1.00470226 0.02101973065 -5.232127125e-22)
(1.006205697 0.02413293658 -1.982786434e-22)
(1.008046402 0.02743483138 -1.948771517e-22)
(1.010286119 0.0309206421 -6.07318997e-23)
(1.012997206 0.0345746082 1.91975455e-22)
(1.016257152 0.03835617413 -4.486963878e-22)
(1.020147303 0.04219364348 1.099936594e-22)
(1.024753597 0.04598921252 -3.684151954e-22)
(1.030157322 0.04964903565 6.548536013e-24)
(1.036416234 0.05303679518 3.525123834e-22)
(1.043562234 0.05603395166 -9.187950174e-23)
(1.051559419 0.05849508195 -2.598139873e-22)
(1.060280466 0.06018709487 -3.583056115e-23)
(1.069515373 0.06079397482 1.605660725e-23)
(1.078994576 0.0599576332 -1.131297467e-23)
(1.088363456 0.0573274335 2.981364847e-24)
(1.09720788 0.05264199387 -3.816011539e-23)
(1.105069305 0.04587714721 -1.45166731e-23)
(1.111509885 0.03728800785 5.304514678e-23)
(1.000012932 0.001050035189 -6.804226325e-23)
(1.000132319 0.003148241729 -2.085180223e-22)
(1.000391451 0.005264374977 0)
(1.000800999 0.007422967734 6.703730821e-23)
(1.001365722 0.009647069431 -3.391514424e-22)
(1.002098567 0.01195574832 3.276761963e-23)
(1.003021433 0.01436734955 -2.211580097e-23)
(1.004162217 0.01689862847 -5.113109772e-22)
(1.005553667 0.01956191871 2.557506786e-22)
(1.00723411 0.02236307608 -5.951054375e-23)
(1.009247585 0.02530026549 2.356454639e-24)
(1.011645696 0.02836419665 8.421716893e-23)
(1.014484653 0.03153330065 2.733348781e-23)
(1.017820367 0.03475797686 2.137064564e-22)
(1.021710988 0.0379695105 -9.429904543e-23)
(1.02621413 0.04108066516 1.533727232e-22)
(1.031377937 0.04400628587 -5.235235447e-22)
(1.037226556 0.04664247645 1.510590668e-22)
(1.043772742 0.04891089471 2.695862122e-22)
(1.050947015 0.05071099527 -7.455324972e-24)
(1.05862288 0.05187069912 -1.640211022e-23)
(1.066644282 0.05216805412 0)
(1.07479403 0.05132157685 6.766859641e-24)
(1.082790967 0.04903674207 -2.815491032e-23)
(1.090313285 0.04508178367 -3.730309387e-23)
(1.097005427 0.03941416116 -1.316621305e-22)
(1.102521883 0.03222318639 -7.356628427e-24)
(1.000015884 0.0009773186578 -6.402836948e-23)
(1.000156882 0.002931419418 -6.591017592e-23)
(1.000458037 0.004899325521 2.420105772e-22)
(1.000931411 0.006899397787 1.633870526e-23)
(1.001579073 0.008950522233 -8.001391322e-24)
(1.002411765 0.01106888351 -2.576590857e-22)
(1.003449269 0.0132685514 5.16180347e-22)
(1.004715888 0.01556068045 1.017094601e-23)
(1.006239129 0.01795199656 -5.857993796e-23)
(1.008050521 0.02044347106 -1.666421408e-22)
(1.010186047 0.02302913885 -3.238537895e-22)
(1.012688035 0.02569966133 -2.826677962e-23)
(1.015595971 0.02842324514 2.040977336e-22)
(1.018950053 0.031152269 4.440256257e-23)
(1.022790134 0.03382108976 3.133517913e-22)
(1.027151544 0.03635855887 -6.083159418e-22)
(1.032057669 0.03868289413 3.721381286e-22)
(1.037510719 0.04072702734 0)
(1.043501446 0.04243752765 -7.115442321e-23)
(1.049957416 0.043748107 8.898264763e-24)
(1.056767541 0.04454388882 1.85742679e-23)
(1.063808837 0.04465935934 0)
(1.070904592 0.04386509796 -6.769056456e-24)
(1.077829819 0.04190898301 0)
(1.084329329 0.03858423986 3.03055615e-23)
(1.090120349 0.0338384244 3.300736529e-23)
(1.094923912 0.0278143713 1.950245106e-23)
(1.000018546 0.0008946849025 -6.268512253e-23)
(1.000177176 0.002683300896 2.5555743e-22)
(1.000512728 0.004483110043 -2.581452112e-22)
(1.001037957 0.006307041221 0)
(1.001753088 0.008170271385 -2.144420637e-22)
(1.002666221 0.010085521 4.755170741e-22)
(1.003794253 0.01206294802 -2.58612178e-22)
(1.005157868 0.01410965133 7.207365845e-24)
(1.006779849 0.01622863284 -2.800090266e-23)
(1.008685222 0.01841757294 2.53163398e-22)
(1.010904595 0.02067193086 1.078168799e-22)
(1.013467629 0.02297478141 3.71053048e-23)
(1.016401889 0.0252934336 0)
(1.019735575 0.02758540659 1.193592137e-22)
(1.02349399 0.02979103297 -3.096690713e-22)
(1.027696116 0.03185278213 2.88141681e-22)
(1.032345967 0.03369499176 -1.673553609e-23)
(1.037436751 0.03527189797 -2.513427382e-22)
(1.042934651 0.03655479907 2.880527875e-22)
(1.04877398 0.03750391053 -6.560780132e-23)
(1.054867515 0.03804794959 -3.561661773e-24)
(1.061113828 0.03805927756 -1.448320016e-23)
(1.067369501 0.03734710665 1.444218757e-23)
(1.073453087 0.03569350707 2.130260535e-23)
(1.079157743 0.03291401174 1.898412308e-24)
(1.084252328 0.02895167354 -4.021303378e-24)
(1.088505799 0.02391516345 -7.988255754e-23)
(1.000020326 0.0008033249895 1.859439839e-22)
(1.000192794 0.00240983145 -2.483230905e-22)
(1.000556361 0.004025942263 -1.217752718e-22)
(1.001123453 0.005659877874 -2.412613106e-22)
(1.001892359 0.007323280533 2.452341035e-22)
(1.002868722 0.009025649797 -4.752739579e-22)
(1.004066679 0.01077414971 0)
(1.00550354 0.01257300981 4.532807468e-22)
(1.007197405 0.01442278639 0)
(1.009168949 0.01632052154 -1.615386735e-24)
(1.011441932 0.01826091033 0)
(1.014035172 0.02022187454 -1.612031601e-22)
(1.016967892 0.02217504385 1.833181537e-22)
(1.020257936 0.02408171182 3.965302928e-23)
(1.023918622 0.02589089029 0)
(1.027955778 0.02755172016 0)
(1.032361538 0.02900546981 -3.222982049e-22)
(1.037124416 0.03022178818 1.122704092e-22)
(1.042198011 0.0311855078 7.572057496e-23)
(1.047519008 0.03187192628 -3.353759698e-24)
(1.053023573 0.03223985919 1.361401023e-23)
(1.058627934 0.03219327301 -1.218682227e-23)
(1.064215275 0.03157392628 1.218444846e-23)
(1.069637604 0.03019315686 1.86941314e-23)
(1.074723606 0.02788715501 -4.176794313e-23)
(1.079279228 0.02459824502 -2.902769896e-23)
(1.083108242 0.02040926091 -7.068917543e-23)
(1.000021542 0.0007057184192 -2.433491379e-22)
(1.000204612 0.002117603603 3.614018406e-22)
(1.00059039 0.003537601292 2.993386102e-24)
(1.001190579 0.004970304808 3.586898013e-22)
(1.002001497 0.006424494892 1.158492734e-22)
(1.003026588 0.007907070597 2.338496766e-22)
(1.004277465 0.009422878903 2.775384522e-23)
(1.005768297 0.01097418328 -2.503615918e-22)
(1.007513433 0.01255988855 -1.035964102e-22)
(1.009530618 0.01417994047 3.02836591e-22)
(1.011833948 0.0158219424 -1.97742913e-22)
(1.014436206 0.01746638181 -4.640177875e-23)
(1.017350011 0.0190886225 -1.514518438e-22)
(1.020584533 0.02065322075 1.220428926e-22)
(1.024143905 0.02212061397 0)
(1.028024029 0.02344281579 -2.242455386e-22)
(1.032209095 0.02458019048 3.242994449e-22)
(1.036679249 0.02551092335 0)
(1.041388349 0.02622811708 -1.494265229e-23)
(1.046280835 0.02672351962 -4.742921968e-24)
(1.051306473 0.02697306995 3.548738755e-24)
(1.056396242 0.02690290849 -1.159267457e-24)
(1.061454531 0.02638172599 1.878519692e-24)
(1.066358844 0.02524755693 -1.653273031e-23)
(1.070964164 0.02335715552 2.558680935e-23)
(1.075103383 0.02065540522 -2.653147068e-23)
(1.078605744 0.01720539534 1.132464346e-23)
(1.000022386 0.0006033088516 2.087364456e-22)
(1.000213406 0.001810839454 -5.320172992e-22)
(1.000616317 0.003025082513 3.531072404e-22)
(1.001242083 0.004247993341 -4.643147229e-22)
(1.002085186 0.005486110094 -6.83918227e-25)
(1.003147071 0.006744298813 1.132866112e-22)
(1.004437223 0.008025675466 0)
(1.005966665 0.009331000238 0)
(1.007748404 0.01066131318 0)
(1.009794206 0.0120127182 0)
(1.012111841 0.01337183129 0)
(1.014709917 0.01472315335 1.685694761e-22)
(1.017595112 0.01604548693 -1.988523197e-22)
(1.020770292 0.01730829967 1.405484157e-22)
(1.024232719 0.018481341 -1.40625934e-22)
(1.027970343 0.01952084337 0)
(1.03196448 0.02039808017 -1.003237403e-22)
(1.036184383 0.02110073818 1.934211419e-23)
(1.040587964 0.02162776175 2.216576765e-23)
(1.045130546 0.02198261813 4.743969123e-24)
(1.049770011 0.02215142531 8.29721746e-26)
(1.054449927 0.0220767675 -4.616928588e-25)
(1.059091854 0.0216508363 -1.878879699e-24)
(1.063592636 0.02073723863 0)
(1.067826486 0.01921369219 -8.913326864e-25)
(1.071645774 0.01703008888 2.093499472e-23)
(1.074898369 0.01423401955 0)
(1.000022992 0.0004972639794 -8.742379443e-23)
(1.000219885 0.001493019319 2.323099112e-22)
(1.00063566 0.002494233259 -1.073778738e-24)
(1.001280668 0.003501076021 -1.122062692e-22)
(1.002147807 0.00451828769 -2.239152121e-22)
(1.003236793 0.005549163269 2.194886172e-22)
(1.004555144 0.006595678313 5.264195678e-23)
(1.006112224 0.007657873393 -1.543656074e-22)
(1.007919245 0.008738690558 1.016149271e-22)
(1.00998125 0.009829779711 0)
(1.012303277 0.01092103549 1.74985443e-22)
(1.014890096 0.0119997006 -2.586350828e-22)
(1.017743547 0.01304812781 1.699813505e-22)
(1.020861453 0.01404125871 -3.032455004e-22)
(1.024235376 0.01495485318 1.357237362e-22)
(1.02784865 0.01575405845 0)
(1.031680798 0.01641888251 4.651549676e-23)
(1.035695469 0.01694172543 -1.937882254e-23)
(1.039851898 0.01732306279 -3.06328108e-23)
(1.044115349 0.01757253772 2.570926131e-23)
(1.048450002 0.0176842799 -2.01131132e-24)
(1.052809578 0.01761490767 6.91446665e-24)
(1.057129163 0.0172779812 -2.422742139e-23)
(1.06132013 0.01656191726 3.044915052e-23)
(1.065270609 0.01536576719 -1.402652613e-23)
(1.068847019 0.01364623354 -2.095613963e-23)
(1.071910895 0.0114384508 0)
(1.000023417 0.0003887306408 1.153084665e-22)
(1.000224515 0.001167318951 1.134225705e-22)
(1.00064964 0.001950085462 -5.73189536e-23)
(1.001308643 0.002736289368 1.127204318e-22)
(1.002193127 0.003529239113 0)
(1.003301434 0.004331133411 -2.155917673e-22)
(1.0046396 0.005142856425 -3.225394107e-24)
(1.00621696 0.005967424751 -9.745186324e-23)
(1.008039447 0.006802362144 0)
(1.010109654 0.00764131289 -9.234150512e-23)
(1.012430565 0.008477041946 0)
(1.015003506 0.009299385326 2.425131545e-22)
(1.017826726 0.01009442775 -1.29633688e-23)
(1.020894302 0.01084257292 -1.454979477e-22)
(1.024193751 0.01152532998 -1.166075259e-22)
(1.027705192 0.0121157491 6.282381643e-23)
(1.031404651 0.01260074336 -5.138548388e-24)
(1.035255379 0.01297528753 -4.149941265e-23)
(1.039220046 0.01324295898 3.444916686e-24)
(1.043268835 0.01341425086 -1.936264996e-26)
(1.04737089 0.01348725459 -4.734978559e-24)
(1.051487835 0.01343015582 9.806912323e-24)
(1.055564969 0.01317659796 8.801723739e-24)
(1.059524353 0.01263966278 -2.769432237e-23)
(1.063263991 0.01174031611 8.203006387e-24)
(1.066660343 0.01044355676 2.491784903e-23)
(1.06958494 0.008774389756 -1.502051978e-23)
(1.00002358 0.0002782811421 0)
(1.000227228 0.0008358367901 -5.660169128e-23)
(1.000658793 0.001396394397 5.479787079e-23)
(1.00132758 0.001958847791 -1.110142072e-22)
(1.002224105 0.002525387926 0)
(1.003345504 0.003097307632 1.069163076e-22)
(1.004697686 0.003676236982 0)
(1.006288313 0.004263865406 1.00648518e-22)
(1.008119769 0.004856592599 0)
(1.010193755 0.00545062261 3.291173803e-24)
(1.012511266 0.006040774411 3.021692621e-24)
(1.015071115 0.006619668574 -8.043638453e-23)
(1.017869037 0.007177240527 -7.43102875e-23)
(1.020896558 0.007699337376 7.852890602e-23)
(1.024138592 0.008172807677 -1.826351007e-22)
(1.02757324 0.00857772203 9.610984032e-23)
(1.031172622 0.00890745293 9.812732881e-23)
(1.034900683 0.009158602486 0)
(1.038724499 0.009335718297 -3.445442796e-24)
(1.042616572 0.009447310418 1.116698052e-23)
(1.046549948 0.0094930809 -1.235744262e-23)
(1.050492194 0.009451307806 3.281798052e-26)
(1.054395893 0.009275104373 1.486981202e-23)
(1.058190488 0.008902342219 -2.767766475e-24)
(1.061780559 0.008276379752 -1.494453678e-23)
(1.065049494 0.007371529502 1.90716823e-23)
(1.067876005 0.006204322118 2.063554708e-23)
(1.00002375 0.0001665798943 0)
(1.000229116 0.0005005924993 -1.668121119e-22)
(1.000664646 0.0008364457127 1.664145997e-22)
(1.001339433 0.001173070486 0)
(1.002243365 0.001511789889 9.368419338e-25)
(1.003373105 0.001853238637 8.368931989e-23)
(1.004734673 0.002200437749 2.591170087e-23)
(1.006332679 0.002551987183 0)
(1.008168939 0.002906098429 9.465542469e-23)
(1.010244354 0.003260698713 0)
(1.01255838 0.003612639989 3.296499989e-24)
(1.015108248 0.003957487615 1.63062163e-22)
(1.017888128 0.0042891041 3.821004731e-24)
(1.02088794 0.004598845594 1.380313065e-22)
(1.024091121 0.004879426304 -6.043638372e-23)
(1.027474419 0.005118481251 2.193413865e-23)
(1.031007138 0.005310300526 -5.394186902e-23)
(1.03465387 0.005454157768 3.146547668e-23)
(1.038385218 0.005554318427 -5.402348361e-23)
(1.042174877 0.0056166419 2.255552901e-23)
(1.045998544 0.005641407506 0)
(1.049827751 0.005615923173 2.302675198e-26)
(1.053619745 0.005512214815 -1.342451078e-23)
(1.057308521 0.005292989727 1.342098861e-23)
(1.06080248 0.004924302755 0)
(1.063989462 0.004390333168 -2.284793259e-23)
(1.06675321 0.003700089726 -2.515893441e-23)
(1.00002383 5.530730956e-05 0)
(1.000229873 0.0001662921812 5.653868916e-23)
(1.00066704 0.0002779412169 -5.61370954e-23)
(1.001344455 0.0003897995507 0)
(1.002251901 0.0005021478385 -1.09113593e-22)
(1.003386622 0.0006154287465 -3.331773088e-24)
(1.004752997 0.0007306534063 -5.081130841e-23)
(1.006354588 0.000847210374 5.075099148e-23)
(1.008193321 0.0009646862972 -9.594704278e-23)
(1.010269494 0.001082418257 -4.425864123e-23)
(1.012581801 0.001199369824 4.418850593e-23)
(1.015126695 0.001314076249 0)
(1.017897587 0.001424446184 0)
(1.020883693 0.001527606016 0)
(1.024067731 0.00162139793 0)
(1.027424513 0.001700218878 0)
(1.030922608 0.001761819959 4.539898598e-23)
(1.034529255 0.001807549501 -7.117482354e-23)
(1.038215321 0.001839246336 3.129864284e-23)
(1.041954635 0.001858843375 0)
(1.045724321 0.001866405331 4.534094353e-24)
(1.04949797 0.001857702903 -4.53380619e-24)
(1.053235177 0.001823422437 1.303843176e-23)
(1.056872062 0.001751227548 -1.303676612e-23)
(1.060318401 0.001630301023 0)
(1.063464187 0.001455392621 0)
(1.066196325 0.001228702706 4.293849127e-23)
(0.3226282671 0.3666325525 -0.07789517481)
(0.1702500656 0.05904016358 0.09847473071)
(0.322647284 0.3666143162 0.07789315529)
(0.6751266627 0.5255385158 -0.03649915531)
(0.6100839092 0.6135899693 0.001604062861)
(0.4137461958 0.4436311065 0.06553218978)
(0.6751451743 0.5255539405 0.03649910384)
(0.6100435559 0.6135845397 -0.001609396441)
(0.4509008312 0.4350678392 0.01722563725)
(0.4509060767 0.4351059249 -0.01723137982)
(-0.02159436928 0.02667518942 0.06385362751)
(-0.02156716616 0.02664518281 -0.06385022074)
(-0.03086841781 0.0508428396 0.06772871757)
(-0.03087203928 0.05084535856 -0.06772437744)
(1.074242444 0.5852531109 0.02367374988)
(1.178175898 0.5365760767 0.06066554989)
(0.7004061396 0.5959886273 -0.03044209131)
(1.074242406 0.5852664622 -0.02368213361)
(1.17813564 0.5365778081 -0.06066385224)
(1.118891911 0.4373685322 0.07577668159)
(0.8438043683 0.1875898387 0.08676206389)
(1.118863855 0.4373390269 -0.07576984267)
(0.8438113175 0.18759193 -0.0867607047)
(0.7374634587 0.1121421991 0.08839448096)
(0.5165101378 0.02155820642 0.07683520823)
(0.7374717555 0.1121499718 -0.08839288077)
(0.516492878 0.02162174317 -0.07683531307)
(-0.01744863717 0.03268708922 0.06996331702)
(0.4887445195 0.0111850513 0.07449533723)
(0.4204659106 0.01169285392 0.06720446859)
(-0.01741480722 0.03266817003 -0.06996331557)
(0.4886380063 0.01115457348 -0.07449019244)
(0.4205094004 0.01170063496 -0.06720303361)
(0.2751098383 0.05124797881 -0.09358999587)
(0.5577908768 0.1869632329 -0.06854448619)
(0.3934384538 0.3146134615 -0.07639772494)
(0.4994610504 0.02929289273 0.07762990687)
(0.2751199874 0.05124942655 0.09358781494)
(0.5577742881 0.1869399285 0.06854738645)
(0.3934271086 0.3145943126 0.07639526403)
(0.06574132445 0.1631022627 1.386630029e-05)
(0.1708821552 0.05880444584 -0.0001923514397)
(0.0452087231 0.05486566726 -0.09863648467)
(0.1978511012 0.1728029479 -0.09422867263)
(0.04491423164 0.05461495333 6.783921406e-05)
(0.1982792738 0.1724663991 -0.0002225317556)
(0.06596450069 0.163393424 -0.09350138682)
(-0.02291123511 0.04281430446 0.05774830004)
(-0.02341330764 0.04267491105 -0.0001409512748)
(0.7996655946 0.6757755039 0.006965350654)
(0.9028614102 0.4548628896 -0.01340564724)
(1.021834856 0.5652444735 0.01199153443)
(0.7487654079 0.5199368048 0.02882090659)
(0.7996601331 0.675781104 -0.006978763699)
(0.9028930605 0.4548927737 0.01340414007)
(1.021857349 0.5652548174 -0.01199331799)
(0.9174828577 0.6340023327 -8.489477979e-05)
(0.698949409 0.5956518581 0.0003964116808)
(0.6282668924 0.4950067237 0.03194509861)
(0.9144318236 0.6580664268 0.02984787282)
(0.6272474576 0.4942751935 -0.000523214424)
(0.9134837763 0.657463043 0.0001593269632)
(0.9182684751 0.6337564695 0.04022369713)
(0.4674579161 0.1782530728 0.08198725568)
(0.4685051764 0.178260138 0.0002301216431)
(0.04699614058 0.008610669937 1.05049143e-05)
(-0.0001890151766 0.007441111599 0.06395442027)
(0.05802846562 -0.007681724959 0.0764441862)
(-0.0004116692695 0.006909777202 -0.0001275676115)
(0.05832743587 -0.007805263228 6.679849049e-05)
(0.04683173916 0.008512708083 0.07402644328)
(0.4106409017 0.01689807026 0.06565216676)
(-0.006095826245 0.05004218809 -0.06860301496)
(0.4107191906 0.01682367742 -0.06565213234)
(1.13043381 0.2719742989 0.07696385811)
(1.266153855 0.3827979025 0.04153753919)
(1.337060047 0.3135843225 0.05342392346)
(1.253758112 0.4646748313 -0.06313786256)
(1.130450071 0.2719777586 -0.07696309092)
(1.266106164 0.3828622477 -0.04154587601)
(1.337075204 0.3135838172 -0.05342427213)
(0.8414255453 0.07944131794 0.07288035728)
(1.346425695 0.2842224131 0.05573557083)
(1.330372597 0.1988210146 0.05806207865)
(1.057122498 0.2039348512 -0.07887165231)
(0.8413742377 0.07956686448 -0.07287510583)
(1.346460771 0.284223648 -0.05573926606)
(1.330425687 0.1986961817 -0.05806747821)
(0.1262180777 0.2606346667 0.0001316622151)
(0.3224908415 0.3661095051 -0.0001718542315)
(0.2544957179 0.275032362 -0.08649545915)
(0.2084393457 0.3773014746 -0.07580338236)
(0.2549632797 0.274555621 -0.0001590304802)
(0.2080719136 0.3758761942 -0.0001923164087)
(0.1264678362 0.2615701132 -0.0834379108)
(0.122497079 0.2895015604 -0.06321995025)
(0.122113485 0.2896358323 -6.302679508e-05)
(0.06574081787 0.163100021 -1.220482665e-05)
(0.1708830393 0.05880352615 0.0001953480546)
(0.04520514713 0.05486327824 0.09863496916)
(0.1978476207 0.1727953775 0.09422724683)
(0.04491356202 0.054614142 -6.552638492e-05)
(0.1982786587 0.1724635919 0.0002250467402)
(0.06596099433 0.1633875507 0.09349979872)
(0.1262175404 0.2606312913 -0.0001303044453)
(0.3224968254 0.3661022746 0.0001708739634)
(0.254495217 0.2750030744 0.08649552179)
(0.2084426541 0.377284386 0.07580364785)
(0.254963266 0.2745468026 0.0001614287688)
(0.2080720499 0.3758705505 0.0001939514413)
(0.1264642219 0.2615612776 0.08343657027)
(0.1224926117 0.2894973476 0.06321921256)
(0.1221103886 0.2896330677 6.219617776e-05)
(0.3828351134 0.5353629266 -0.0001974523652)
(0.2399484631 0.4201795848 -0.04660359612)
(0.2531292352 0.3786355746 -0.02511734352)
(0.2396730724 0.4194301672 0.000361133585)
(0.2529619627 0.3788812117 -9.21907866e-05)
(0.3836423339 0.537247679 -0.03897705851)
(0.5543558893 0.6189262472 -8.349455472e-05)
(0.6091398445 0.611517112 -8.731691105e-05)
(0.4143779905 0.494131221 -0.002213683162)
(0.6834267835 0.6560148058 -0.01754892232)
(0.4142259576 0.4938461846 0.0005551295497)
(0.6826702728 0.6553300537 -0.0001106528323)
(0.5542891794 0.6199120872 -0.02592099753)
(0.3828343502 0.5353643893 0.0001983476445)
(0.2399578653 0.4201863945 0.04660506299)
(0.2531281933 0.378637873 0.02511734093)
(0.2396764678 0.4194340685 -0.0003608019314)
(0.252961397 0.3788835352 9.16760604e-05)
(0.3836402168 0.5372498012 0.03897662433)
(0.5543571164 0.6189273149 8.431963531e-05)
(0.6091173282 0.6115189586 9.18836062e-05)
(0.4143862044 0.494127714 0.002213911417)
(0.6833997279 0.6560041145 0.01754971243)
(0.4142323182 0.4938482379 -0.0005549074748)
(0.6826623076 0.6553292077 0.0001133318549)
(0.5542887303 0.6199141681 0.02592071678)
(0.45054914 0.4346508071 5.130591473e-05)
(0.4505456382 0.4346708973 -4.523104993e-05)
(-0.02190492233 0.0262708063 -7.241655246e-05)
(-0.02189709386 0.02626196362 7.177063885e-05)
(-0.03072020769 0.05065592193 2.097734196e-05)
(-0.03194067132 0.04796352589 0.0666598864)
(-0.02361286231 0.08774973653 0.06641853719)
(-0.03207985229 0.04798050397 6.632110414e-05)
(-0.02365076421 0.08761556755 5.66974307e-06)
(-0.02291592942 0.04281256787 -0.05774659061)
(-0.02341487384 0.04267427352 0.0001406921998)
(-0.03072026989 0.05065643156 -1.824022265e-05)
(-0.0319455219 0.04798083889 -0.06666159111)
(-0.02365822295 0.087786012 -0.06641798099)
(-0.03208091695 0.0479855509 -6.79015697e-05)
(-0.02366326707 0.08762615013 -7.809114659e-06)
(0.7835705045 0.4778866051 0.0004855462703)
(0.4586971488 0.2959536476 0.05540281066)
(0.6755363168 0.3488743101 0.06578112084)
(0.4596615534 0.2961916223 0.0002033276551)
(0.6747240842 0.3483246128 -0.000412923205)
(0.7844397705 0.4777920719 0.06645654108)
(0.9174883211 0.6340077937 8.454489594e-05)
(0.6989506397 0.5956713332 -0.0003846025284)
(0.6282696584 0.4950211533 -0.03194793664)
(0.9144713657 0.6580880642 -0.02984588692)
(0.627256496 0.4942820548 0.000524309272)
(0.9134934503 0.6574671408 -0.0001555960313)
(0.918273229 0.6337709359 -0.04022347582)
(0.783571655 0.4778887791 -0.0004837875707)
(0.4587015666 0.2959563316 -0.05540466031)
(0.6755322739 0.3488832966 -0.06578451727)
(0.4596639911 0.2961926519 -0.0002003235439)
(0.6747250878 0.3483286184 0.0004142619603)
(0.7844389764 0.4777971723 -0.06645847097)
(0.6430388152 0.2052216836 -0.0003615423867)
(1.118776834 0.4374961267 0.0002455233498)
(0.7934047861 0.3029795817 0.08825265747)
(1.032225802 0.3547922183 0.07957099001)
(0.7928584624 0.3031857817 0.0003979138087)
(1.032068374 0.3556882835 0.0001344937416)
(0.6436529691 0.2053309564 0.07990886354)
(0.5375547876 0.1099081621 7.343977452e-05)
(0.8437749839 0.1883968906 0.0001065191571)
(0.4440010853 0.06306368143 0.09062632203)
(0.9384525386 0.2656440025 0.08479910241)
(0.4441757044 0.06294937183 -0.000119314599)
(0.9385663973 0.2663008614 0.0002410136286)
(0.5370921484 0.1098998673 0.08870373321)
(0.4674455296 0.1782432549 -0.08198582173)
(0.468496784 0.1782544535 -0.000229646573)
(0.6430348668 0.2052170783 0.0003589515554)
(1.118769754 0.4374866838 -0.0002497304141)
(0.7933779531 0.302961754 -0.0882507919)
(1.032206363 0.3547659551 -0.0795692461)
(0.7928488028 0.303177786 -0.0004015111306)
(1.032062872 0.3556789703 -0.0001382620171)
(0.643642695 0.2053169989 -0.07990602992)
(0.5375564963 0.1099073379 -7.590262386e-05)
(0.8437777145 0.1883975935 -0.0001085281911)
(0.444007012 0.0630630107 -0.09062472581)
(0.9384552354 0.2656360676 -0.08479750345)
(0.4441778259 0.06294955818 0.0001170455705)
(0.9385679912 0.2662983694 -0.0002435357627)
(0.5370951262 0.1098956182 -0.08870124547)
(0.06738342396 -0.01156751788 0.06914519189)
(0.06765792255 -0.01228908621 -0.0001906399632)
(0.2647601949 -0.006786356228 -5.487607612e-05)
(0.7376915344 0.1127285285 0.0001958775111)
(0.3462367226 0.009347075688 0.09409541497)
(0.6370170139 0.06242162442 0.08514795833)
(0.3465674206 0.009169070053 9.137941567e-05)
(0.6371112867 0.06304035091 7.195820027e-05)
(0.2643293739 -0.006531888379 0.08941722342)
(0.2078390499 -0.02104033959 0.0001413360925)
(0.5166104838 0.02193188609 -2.020822736e-05)
(0.192556765 -0.009148271709 0.07911628585)
(0.5627018497 0.03129350311 0.08130036754)
(0.1928485944 -0.008858551262 -6.223284086e-05)
(0.562829995 0.03150089792 7.019663448e-05)
(0.2074823492 -0.02083262985 0.0864443428)
(0.06736444598 -0.01156287518 -0.06914288026)
(0.06764959141 -0.01228695878 0.0001901484108)
(0.2647612536 -0.00678567046 5.360607117e-05)
(0.7376954389 0.11273161 -0.0001981145891)
(0.346243399 0.009346162697 -0.09409399649)
(0.6370190995 0.06243347718 -0.08514718391)
(0.3465701207 0.009169103221 -9.339568249e-05)
(0.6371127017 0.06304532006 -7.367350708e-05)
(0.2643321755 -0.006531683839 -0.08941587355)
(0.2078379347 -0.0210382352 -0.0001432576662)
(0.5166048513 0.02195128552 2.306662863e-05)
(0.192544832 -0.009131062024 -0.07911667139)
(0.5627130832 0.03132084105 -0.0813007147)
(0.192842719 -0.008852725124 6.022720548e-05)
(0.5628332651 0.03151060302 -7.227281068e-05)
(0.2074794246 -0.02082814761 -0.08644232726)
(0.05603342071 0.0169191315 8.979753987e-05)
(-0.01724772269 0.03267652275 4.044694278e-05)
(-0.01225235265 0.01819701006 0.07011775767)
(0.05613657103 0.02431337076 0.06985193803)
(-0.01213710066 0.01800207349 -1.619590719e-05)
(0.0561264104 0.02424138691 1.284508728e-05)
(0.05585265582 0.01691054558 0.07235898611)
(0.04699486247 0.008604973927 -1.518551363e-05)
(-0.0001960115699 0.007437744975 -0.06394872095)
(0.05800606743 -0.007673218214 -0.07644256546)
(-0.0004130714528 0.006908427046 0.0001235282672)
(0.05831945366 -0.007802876425 -7.096978875e-05)
(0.04682798388 0.008497891145 -0.07402173)
(0.05604025117 0.01691439537 -9.347610168e-05)
(-0.01723539908 0.03267005946 -4.771601693e-05)
(-0.01225737927 0.01819557924 -0.07011539335)
(0.05618746971 0.02430221519 -0.06984792355)
(-0.01213604244 0.01800127891 1.063721353e-05)
(0.05614375214 0.02423662063 -1.500606569e-05)
(0.05587046425 0.01689969 -0.0723551221)
(0.5496388861 0.02476292456 -0.07278285191)
(0.6488396494 0.09556284505 -0.0563432446)
(0.5964893083 0.1593927851 -0.06539427424)
(0.6255293002 0.01688861815 0.0605184143)
(0.5496528545 0.02475384134 0.0727815379)
(0.6488426895 0.09558635527 0.05633947506)
(0.5964980682 0.1593740974 0.06539606467)
(0.4537773181 0.1029114225 -0.0001757524803)
(0.4385881269 0.03503112491 -0.08281650798)
(0.5100137693 0.08652478749 -0.07580136993)
(0.5033923256 0.02918417369 -0.0003259374323)
(0.4405034073 0.03492461091 -0.0001735140975)
(0.513956445 0.08623023432 -0.0003307661521)
(0.4518664171 0.103196706 -0.0805303696)
(0.6239126533 0.1948083447 -0.06126453556)
(0.7466776422 0.1873660016 -0.02701661927)
(0.707600708 0.2620500838 -0.04755865874)
(0.6619891187 0.1210978238 0.05395427172)
(0.6238795448 0.1947868223 0.06126278123)
(0.7466472996 0.187384084 0.02701675413)
(0.7075778888 0.2620384512 0.04755996145)
(0.4638700246 0.3761321399 -0.06718790713)
(0.7043597774 0.3024689129 -0.04741084218)
(0.6775724907 0.4559027833 -0.04162967808)
(0.5915083887 0.2275817759 0.06359441967)
(0.4638905782 0.3761483431 0.06718762964)
(0.7043317767 0.3024583183 0.04741283649)
(0.6775901111 0.4559145436 0.04162725975)
(0.4684725693 0.5508731165 -0.0001657616538)
(0.4135442185 0.4429923666 -4.585378488e-05)
(0.3511656797 0.4873768401 -0.06017327619)
(0.5038061817 0.4917599939 -0.0549103578)
(0.3515398857 0.486426283 -0.0001138187218)
(0.503551064 0.4908625355 -7.120377369e-05)
(0.4690274828 0.5516065829 -0.04967936308)
(0.7402179764 0.456893185 -0.03457349053)
(0.7925951185 0.2955690591 -0.02819334701)
(0.8788981216 0.4171267216 -0.01875940333)
(0.7415292222 0.3099746153 0.0420552756)
(0.7402331456 0.4569019121 0.03457481048)
(0.7926055074 0.2955662643 0.02819499721)
(0.8789396776 0.4171560413 0.01875929144)
(0.7492779856 0.518753579 -0.0001327699638)
(0.7646888325 0.5902696517 -0.02002447811)
(0.7645101507 0.5893489614 -6.383054059e-05)
(0.8362210191 0.5621175995 -0.0001045087261)
(0.8112471055 0.5040237739 -0.02216114895)
(0.8122265684 0.5023146412 -0.0001848745579)
(0.8361204563 0.5631837995 -0.01399628864)
(-0.006075108683 0.04998693701 5.398858426e-05)
(0.008728458663 0.07215202313 0.06645158812)
(0.06637207868 0.03419186694 0.06768915264)
(0.008727356661 0.07212864879 2.181179666e-05)
(0.06645348071 0.03414130508 1.254895841e-05)
(0.08366439619 0.05023123887 -2.957492039e-06)
(0.08361211864 0.05026059699 0.0660134405)
(0.9116809823 0.396451834 -0.01524457644)
(0.9379105873 0.2947072074 -0.009573778253)
(0.9559065872 0.3250488573 -0.008436867041)
(0.8150435 0.2874322265 0.02475049175)
(0.9116105412 0.3964440648 0.01525049618)
(0.9379208339 0.2947095763 0.009573624316)
(0.9559206242 0.3250473756 0.008436064948)
(1.048083485 0.5151011856 0.0121886997)
(0.9946322005 0.3536777435 -0.003638793189)
(1.090458803 0.4007101459 0.011890649)
(0.9369300183 0.4291267113 0.01017092066)
(1.048094462 0.5151098355 -0.01219672257)
(0.9946493824 0.3536759082 0.003637191802)
(1.090492107 0.4007020249 -0.01189459926)
(1.242719484 0.5163268172 0.05278737475)
(1.123704672 0.4086388498 0.01766262436)
(1.232068719 0.3968375364 0.03599949469)
(1.098350868 0.5330808627 -0.02198145029)
(1.242590036 0.5163672138 -0.05277059793)
(1.123736466 0.4086110553 -0.01766834483)
(1.231995811 0.3969099548 -0.03598950434)
(1.253360604 0.4648641189 3.805314211e-05)
(1.230825238 0.4060007873 0.06915137897)
(1.230332183 0.4062487561 -1.973239638e-05)
(1.30260883 0.4099888893 -2.326727466e-05)
(1.287797384 0.4474984078 0.05378747957)
(1.287239132 0.4477638522 -1.81294456e-05)
(1.303087201 0.4095895638 0.05954440525)
(1.057150583 0.2041613127 5.717097888e-05)
(0.9758285547 0.1479927573 0.07775627639)
(0.9758655826 0.1483450725 2.696116093e-05)
(1.200189721 0.2125421365 1.270407265e-05)
(1.247526195 0.2611559612 0.06998159004)
(1.247438488 0.2615741407 1.755878884e-05)
(1.200223618 0.2121089462 0.07022906351)
(0.6822047571 0.02948947782 0.0651927289)
(1.315407722 0.1738773523 0.05799331895)
(1.259954162 0.1134399106 0.05725947212)
(0.7917824022 0.05859792863 -0.07104344941)
(0.6822539584 0.02950027233 -0.06518992775)
(1.315415821 0.1737622799 -0.05797402273)
(1.259928847 0.1134257574 -0.05727179456)
(1.241902469 0.09824049881 0.05695823016)
(0.65774329 0.0272810571 -0.06423580383)
(1.241926254 0.09823501327 -0.05696423329)
(1.220623375 0.3646600046 0.03246199914)
(1.134692897 0.3039361663 0.009596257404)
(1.1480426 0.2738814632 0.02494330895)
(1.115943341 0.3756021988 -0.01651797577)
(1.220586396 0.3646906419 -0.03246039776)
(1.134708301 0.3039296823 -0.009595648025)
(1.14803463 0.2738817132 -0.02494500963)
(1.32025194 0.2970262343 0.04800483974)
(1.195408121 0.2771792564 0.0280438729)
(1.266936319 0.247713878 0.03667311343)
(1.250340422 0.3535424828 -0.03718022725)
(1.32025581 0.2970287401 -0.04800550853)
(1.19543103 0.2771869448 -0.028043143)
(1.266932841 0.2477127423 -0.03667389828)
(1.3498805 0.2042466232 0.0536027963)
(1.282397339 0.2341692541 0.03872946879)
(1.313485981 0.1885744597 0.04331716039)
(1.335201958 0.2738522965 -0.05030457236)
(1.349902023 0.2041868307 -0.05361124999)
(1.28240582 0.2341669104 -0.03873208349)
(1.313499966 0.1885674859 -0.04331683661)
(1.324634105 0.1264779741 0.05443688122)
(1.32106939 0.1737416042 0.04405370514)
(1.337999404 0.137436921 0.02743258384)
(1.346830161 0.1826522915 -0.05390419318)
(1.324612708 0.1265237407 -0.05444177424)
(1.321048009 0.1737381082 -0.04405679461)
(1.337991303 0.1374532436 -0.02743208391)
(0.5796069651 0.5902090327 -3.42926982e-05)
(0.6754461373 0.5245246082 -0.000102172007)
(0.5929748319 0.5174981105 -0.04506797991)
(0.6770378946 0.6015660742 -0.02824623005)
(0.5930722611 0.5165462425 -7.722211094e-05)
(0.6765659844 0.6007605197 -3.293921447e-05)
(0.5801460696 0.5907698366 -0.03779952475)
(0.4684711243 0.5508742583 0.000166707836)
(0.4135472096 0.4429954402 4.787103548e-05)
(0.3511680474 0.4873760815 0.06017140799)
(0.5037978064 0.4917550585 0.05491033063)
(0.3515405648 0.4864257511 0.0001126267745)
(0.5035492186 0.4908617882 7.372195024e-05)
(0.4690203089 0.5516103663 0.04967842479)
(0.5796076273 0.5902114569 3.473064076e-05)
(0.675450766 0.5245282702 0.0001068693977)
(0.5929777048 0.5175009009 0.04506634578)
(0.6770242236 0.601558873 0.0282459834)
(0.5930717989 0.5165458202 7.55629156e-05)
(0.6765614266 0.6007598302 3.730265998e-05)
(0.5801472803 0.5907765878 0.03779920311)
(1.061883022 0.638751296 -7.436810102e-05)
(1.073519743 0.5850788726 -1.328031181e-05)
(1.02333345 0.6342041337 0.02612475275)
(1.127344373 0.5965087469 0.03522279667)
(1.022452099 0.6337601941 8.377579767e-06)
(1.126559091 0.5966598008 -4.556693954e-05)
(1.062652337 0.6386685935 0.03886657095)
(1.048329944 0.5778458666 0.0001711372611)
(1.17761273 0.5370133624 -3.310196782e-05)
(1.006159657 0.4952564674 0.06613635449)
(1.163498377 0.5755008922 0.0491128555)
(1.005441638 0.4958424244 -8.32260694e-05)
(1.162662046 0.57545124 3.899577735e-05)
(1.049136634 0.5781432975 0.05727139953)
(1.061888046 0.638761538 7.787376811e-05)
(1.073524947 0.5850885156 1.862422232e-05)
(1.023336803 0.6341962099 -0.02612577664)
(1.127362407 0.5965482911 -0.03522918061)
(1.02245763 0.6337605268 -8.556800954e-06)
(1.126565867 0.5966727279 5.497435717e-05)
(1.062664429 0.6386952288 -0.03887001248)
(1.048328517 0.5778568765 -0.0001674802838)
(1.177594073 0.5370129604 2.964090836e-05)
(1.00614895 0.495265613 -0.06613396921)
(1.163471035 0.5755468095 -0.04911405082)
(1.005437129 0.4958444372 8.454633551e-05)
(1.162650249 0.5754640992 -3.349430262e-05)
(1.04913718 0.5781734729 -0.05727448772)
(0.2101569705 0.003132585207 1.093986335e-05)
(0.4889932711 0.01114143085 3.190532444e-05)
(0.2191212548 -0.003230905767 0.07884987507)
(0.4603164977 0.008677105811 0.07166579401)
(0.2195120467 -0.003212267803 0.0001870140747)
(0.4604038603 0.008784154484 -1.083896336e-05)
(0.2102574451 0.003130596415 0.07420948934)
(0.2040791167 0.006248813791 8.362213021e-06)
(0.4206007647 0.01183221816 -1.009556194e-05)
(0.2013049043 0.01235851579 0.06872605475)
(0.437241052 0.009361386035 0.06903839355)
(0.2014714596 0.01234822129 -3.502718278e-06)
(0.4373964543 0.009487059756 -6.343304708e-06)
(0.2039626597 0.006380183962 0.07099755809)
(0.210149387 0.003109659304 -1.730104002e-05)
(0.4889543306 0.0111302006 -3.761198205e-05)
(0.2190880632 -0.003239688294 -0.07884453251)
(0.4602766566 0.00856488861 -0.07166086774)
(0.2194994673 -0.003216260864 -0.0001882463668)
(0.4603904426 0.008750610532 -4.589782774e-06)
(0.210232751 0.003064240171 -0.07420324684)
(0.204083369 0.006232851036 -1.379680889e-05)
(0.4206221645 0.01183424967 -6.179065934e-07)
(0.2013864061 0.01230699884 -0.06872419232)
(0.437271652 0.009286207883 -0.06902895246)
(0.2015004215 0.0123313272 -4.776291102e-06)
(0.4374095625 0.009463676579 1.313462601e-06)
(0.2039686556 0.00633733305 -0.07099194557)
(0.2754270829 0.05112052632 -9.114506593e-05)
(0.2966908319 0.1498646748 -0.09008576354)
(0.2968933791 0.1495863039 -9.075112146e-05)
(0.3827588558 0.1239765203 -0.000106153986)
(0.3648886084 0.04231867447 -0.08824600137)
(0.3658914185 0.04220887691 -0.0001065518197)
(0.3817803846 0.1242680934 -0.08540258327)
(0.4790522787 0.1650184177 -0.0001764336498)
(0.5301089026 0.1392760661 -0.07264518845)
(0.5118151597 0.2208488507 -0.07161316608)
(0.5616185652 0.1862324712 -0.000345480086)
(0.5340542966 0.1388556108 -0.0003392483585)
(0.5136464237 0.2200756855 -0.0001906177814)
(0.4771449925 0.1654745421 -0.07660868915)
(0.3936583337 0.3139495916 -8.117153428e-05)
(0.3387902341 0.2383421495 -0.08397549439)
(0.3390595218 0.2378499232 -6.062348663e-05)
(0.4151190118 0.1978744564 -0.0001001372739)
(0.4578959182 0.2630751611 -0.07439889146)
(0.4588250022 0.2623718478 -0.0001160375048)
(0.4141193938 0.1983569451 -0.08052656626)
(0.4537789383 0.1029087684 0.0001767614991)
(0.5033926785 0.02918230933 0.000328082924)
(0.4385847399 0.03502911368 0.08281553138)
(0.5100215277 0.08650953791 0.07580088834)
(0.4405028977 0.03492390008 0.0001742326564)
(0.5139589044 0.08622619604 0.0003320558778)
(0.451871444 0.103189033 0.08052937862)
(0.2754307834 0.0511205867 9.321776623e-05)
(0.296697816 0.1498553459 0.09008447156)
(0.2968959791 0.1495828221 9.35300468e-05)
(0.3827620502 0.1239724508 0.0001081727103)
(0.3648937499 0.04231974876 0.08824444491)
(0.3658935391 0.04220896524 0.0001078195899)
(0.3817899027 0.1242570629 0.08540154643)
(0.479052926 0.1650201157 0.0001765527096)
(0.5616141291 0.1862253911 0.0003506839269)
(0.5301064046 0.1392973943 0.07264247037)
(0.5117888208 0.2208136683 0.07161552408)
(0.5340531245 0.1388612863 0.0003372804246)
(0.5136388712 0.2200651508 0.0001932641626)
(0.477147577 0.1654820402 0.07660862505)
(0.3936549306 0.3139437892 7.731542129e-05)
(0.338805422 0.2383057723 0.08397533014)
(0.339065031 0.2378380469 6.267323035e-05)
(0.4151212229 0.1978709783 9.959547952e-05)
(0.4578655904 0.2630496001 0.07440084332)
(0.4588166995 0.2623640218 0.0001161062463)
(0.4141259156 0.1983471328 0.08052521618)
(0.7991723832 0.6749642736 -9.727519108e-05)
(0.7888137863 0.6573944241 -0.008323747266)
(0.9159297459 0.6670440874 0.01080496428)
(0.7879247108 0.6568457059 -3.052602353e-05)
(0.9153845231 0.6666974749 -5.20526076e-05)
(0.8703247258 0.6234177866 -4.762855711e-05)
(0.8709228767 0.624089874 -0.002983007207)
(0.8916820899 0.5273902531 -0.0001626278306)
(0.8615470113 0.4807950756 -0.01724293033)
(0.9335952973 0.4936213547 -0.006540742219)
(0.9068238311 0.4527941069 -0.0003877677863)
(0.8639502653 0.4785331582 -0.0002862305041)
(0.9349953495 0.4922929128 -0.0002188626109)
(0.8909883683 0.5286309535 -0.009842956645)
(1.021547813 0.5649781686 -7.149980466e-05)
(0.9820503285 0.6199635842 0.01164716249)
(0.9815423203 0.6196809273 -6.780676829e-05)
(0.9296847549 0.5766365013 -8.189391922e-05)
(0.9721857682 0.5315196654 0.002035574182)
(0.9724171657 0.53080275 -0.000107405193)
(0.9298920439 0.5773407426 -0.0001404357083)
(0.7492749793 0.5187503407 0.0001377048238)
(0.7646783594 0.5902627894 0.02002304665)
(0.7645050593 0.5893441709 6.167614877e-05)
(0.8362232285 0.5621167574 0.0001038901974)
(0.8112480363 0.5040056148 0.02216124773)
(0.8122254099 0.5023068492 0.0001827697382)
(0.8361210492 0.5631824761 0.01399701286)
(0.7991597514 0.6749605415 0.0001105439628)
(0.7888235733 0.6573958517 0.008321882342)
(0.9159330743 0.6670349455 -0.01081319042)
(0.7879305109 0.6568450123 3.144418157e-05)
(0.9153902742 0.6666901146 6.057999013e-05)
(0.8703328627 0.6234210247 5.040929576e-05)
(0.8709361986 0.6240991871 0.00298057211)
(0.8916879755 0.5273932474 0.0001649805445)
(0.9068344915 0.4528035199 0.000390860013)
(0.8615672299 0.4807965695 0.01724222149)
(0.9336130837 0.4936378793 0.006538022018)
(0.8639569072 0.4785326444 0.0002864042037)
(0.935002228 0.4922984518 0.0002215778706)
(0.8910026406 0.5286400355 0.009840538169)
(1.021553684 0.564983499 7.223036275e-05)
(0.9820754284 0.6199591895 -0.01164770238)
(0.9815518774 0.619674153 7.107733363e-05)
(0.9296904492 0.5766379586 8.567026015e-05)
(0.9721982265 0.5315217301 -0.002037085744)
(0.9724239051 0.5308028249 0.0001092253229)
(0.9299058341 0.5773464704 0.0001366682256)
(0.4107738059 0.01695604441 -2.587630332e-06)
(0.2051214279 0.02086111203 0.06670875619)
(0.2052717115 0.02087627898 1.589279098e-05)
(0.2157006485 0.0314123385 -3.502887375e-07)
(0.4079757345 0.0228726585 0.06417414592)
(0.4080778541 0.02292573066 -4.871590778e-06)
(0.2156522504 0.0313623162 0.06525082776)
(-0.00605485241 0.04999049908 -5.705812084e-05)
(0.008766407664 0.07216750485 -0.06645035775)
(0.06640310997 0.03423583443 -0.06768823533)
(0.008737682481 0.07213428008 -1.574861664e-05)
(0.06646568949 0.03415338996 -8.888007451e-06)
(0.08366836165 0.05023157663 3.146610075e-07)
(0.08362196016 0.05025697303 -0.0660161576)
(0.4107996786 0.01693469301 -4.663836524e-06)
(0.2052008601 0.02080741186 -0.06670437296)
(0.2052984474 0.02085895585 -4.756524512e-06)
(0.215703017 0.0314148362 2.625623562e-06)
(0.4080485757 0.0228407043 -0.06417344454)
(0.4081044903 0.02291525859 1.123336604e-05)
(0.2156484755 0.03137322358 -0.0652527052)
(1.130283001 0.2722778601 5.939201737e-06)
(1.187471016 0.3395798267 0.07384613651)
(1.187161727 0.339690936 6.455960245e-06)
(1.300063617 0.3647594325 -1.601618724e-05)
(1.282049419 0.3142059686 0.06777769237)
(1.281828249 0.3146773802 -3.632518224e-06)
(1.300432181 0.3643383405 0.06422670013)
(1.310377786 0.3907005006 -2.901553043e-05)
(1.282106009 0.4157943526 0.04693707949)
(1.295772657 0.3636995299 0.0461911351)
(1.265727587 0.3823648348 -0.0001087497151)
(1.281641249 0.4158822563 -4.28139818e-05)
(1.295467144 0.3632887327 -8.866392287e-05)
(1.310759536 0.3905038707 0.05217589949)
(1.328427842 0.3597305669 -2.402566027e-05)
(1.335286679 0.3234207685 0.05999205708)
(1.319785592 0.3404498495 0.05021689471)
(1.33695212 0.3136637022 -4.177334148e-05)
(1.335076704 0.3237970354 -1.568870582e-05)
(1.319595558 0.3402885738 -6.358891028e-05)
(1.328734958 0.3594296698 0.05658960892)
(1.253344894 0.4648422419 -4.898942139e-05)
(1.230823354 0.4059596254 -0.06915077309)
(1.230333965 0.4062348805 1.734573295e-05)
(1.302623801 0.409981042 2.987848462e-05)
(1.287659834 0.4474122605 -0.05378583557)
(1.287201069 0.4477434033 -1.241210227e-05)
(1.303165163 0.4095694399 -0.05955128362)
(1.130288956 0.2722790498 -6.445698874e-06)
(1.18748365 0.3395701439 -0.07384680033)
(1.187167058 0.3396874726 -6.932515412e-06)
(1.300080619 0.3647593471 1.811130129e-05)
(1.28208563 0.3142106952 -0.06777650803)
(1.281840951 0.3146791142 3.017259151e-06)
(1.300488759 0.3643404268 -0.06422974073)
(1.310398037 0.3906874236 4.499917159e-05)
(1.265715829 0.382381356 0.0001048405387)
(1.281959796 0.4156984347 -0.04696003248)
(1.2958181 0.3637128222 -0.04620155254)
(1.281604625 0.4158543817 2.105226772e-05)
(1.295474876 0.3632891126 0.000100908689)
(1.310876654 0.3904822738 -0.05219463497)
(1.32844712 0.3597275774 2.771942157e-05)
(1.33695788 0.3136630352 4.13556961e-05)
(1.335331256 0.3234248609 -0.0599902927)
(1.31980678 0.3404464684 -0.05022070092)
(1.335091918 0.3237982711 1.455633015e-05)
(1.319601243 0.3402852303 6.675303257e-05)
(1.328811013 0.3594293349 -0.05659355663)
(0.8415467353 0.07984345369 6.306713128e-06)
(0.901110717 0.1063342521 0.07542293205)
(0.9012000075 0.1066371711 2.498044387e-05)
(1.1486758 0.171187545 1.045560103e-05)
(1.098503281 0.1376371453 0.06807820859)
(1.098570602 0.1380431593 7.076246491e-06)
(1.148641804 0.1707792599 0.06923227536)
(1.311801906 0.2456978315 2.203537905e-06)
(1.329418262 0.284137202 0.06226662562)
(1.347460068 0.2542925972 0.05711575285)
(1.346368918 0.2844506485 -2.361434113e-05)
(1.329296157 0.2845321542 -2.835379549e-06)
(1.347432777 0.2546010892 -1.136735161e-05)
(1.311868097 0.245284871 0.06324473148)
(1.286671121 0.210262921 2.477740898e-06)
(1.256910631 0.1784208772 0.06296577052)
(1.341613638 0.2256620608 0.05771980886)
(1.330348181 0.1991162678 -1.293343636e-05)
(1.256978497 0.1787971742 6.886865629e-06)
(1.341606381 0.2259959718 -6.954403625e-06)
(1.286676974 0.2098531533 0.0631954438)
(1.057157704 0.2041668813 -5.74340167e-05)
(0.9758455692 0.1480245062 -0.07775855715)
(0.9758716409 0.1483571826 -2.602503616e-05)
(1.200207815 0.2125551125 -6.261461341e-06)
(1.247565924 0.2611691259 -0.06998288745)
(1.247453501 0.261579407 -1.584439351e-05)
(1.200279874 0.2121433109 -0.07023618192)
(0.8415160459 0.07987838401 2.644766259e-06)
(0.9011541633 0.1064061426 -0.07542750069)
(0.9012129072 0.1066627985 -2.239243946e-05)
(1.148697065 0.1712150856 4.198578238e-06)
(1.098554349 0.1378180376 -0.06805908411)
(1.09856366 0.1380980138 1.793014384e-05)
(1.148748449 0.1708568784 -0.06924400787)
(1.311832018 0.2457034105 8.412017565e-06)
(1.346382087 0.2844514367 2.633532636e-05)
(1.329472447 0.2841449387 -0.06226931346)
(1.347519516 0.2542884742 -0.0571244388)
(1.329317045 0.2845356984 5.916528494e-06)
(1.347454249 0.2545998522 1.922841551e-05)
(1.311951471 0.2452984666 -0.06325518674)
(1.286719828 0.2102729066 2.052691167e-05)
(1.330362332 0.199084858 2.257126811e-05)
(1.257186394 0.1784558161 -0.06295798494)
(1.341698337 0.2256294675 -0.05772893505)
(1.25703898 0.1788153195 3.992574639e-05)
(1.341633033 0.225985295 1.939658572e-05)
(1.286843789 0.2098742931 -0.06321712074)
(0.7081385609 0.02689377953 -0.03144258809)
(0.7647350687 0.05563048539 -0.02791911387)
(0.7210788119 0.07191232601 -0.03030356525)
(0.756007821 0.0240751026 0.02872407362)
(0.7081397615 0.02689902742 0.03144252638)
(0.7647419122 0.05563552232 0.02791928311)
(0.7210787125 0.07191861058 0.03030382083)
(0.6567117883 0.05340033899 -0.002980093523)
(0.6201380461 0.01830491181 -0.06436248286)
(0.6297881791 0.04257674575 -0.05977361983)
(0.7115981745 0.01997172373 -0.0006258427194)
(0.650657285 0.01918219523 -0.002953407904)
(0.7162587002 0.0461924605 -0.0006451058498)
(0.6258755862 0.0523645817 -0.06336747585)
(0.7443784067 0.1150596549 -0.02832180852)
(0.8036099788 0.1198582607 -0.02432578718)
(0.7799845463 0.1496055411 -0.02598406877)
(0.7828672429 0.09665905802 0.02632438433)
(0.7443664927 0.1150958948 0.02832046695)
(0.8035834531 0.1198592416 0.02433141769)
(0.7799408282 0.149616228 0.0259880179)
(0.7243633266 0.1765825074 -0.002634412145)
(0.6672446565 0.1418483155 -0.05658563799)
(0.6793958683 0.1382807855 -0.05136962293)
(0.7563267768 0.1357728203 -0.0006028589671)
(0.7021794757 0.1482724202 -0.002953239081)
(0.7733465475 0.1557636028 -0.0007022171022)
(0.6888240452 0.1625942315 -0.05381854047)
(0.5539593419 0.2670861295 -0.06561078286)
(0.5951423458 0.2261719626 -0.0004313769397)
(0.5558979358 0.2658307627 -0.0002494333167)
(0.6026834536 0.3007914708 -0.0003291585193)
(0.6288440983 0.2613339677 -0.058318914)
(0.6328132935 0.2572665995 -0.0006377073613)
(0.6001740295 0.3032519278 -0.0592874921)
(0.7367212568 0.2700109268 -0.04306668897)
(0.8398641379 0.2261585307 -0.01984463684)
(0.8312378126 0.2711418598 -0.01897675293)
(0.7917968399 0.2128405724 0.02330435944)
(0.7367184143 0.2699795787 0.04306907273)
(0.8399016877 0.226159453 0.01984615214)
(0.831244243 0.2711446372 0.01897727215)
(0.7893053224 0.3538799134 -0.000921829275)
(0.739492385 0.3536196202 -0.04071011061)
(0.7764640857 0.3114280342 -0.03715571369)
(0.7586026957 0.313682111 -0.001743322293)
(0.7473846196 0.3529832626 -0.0007381116712)
(0.7966093845 0.3221508039 -0.001030717731)
(0.7814462 0.3560270255 -0.03544264443)
(0.87868603 0.2663273429 -0.01531002006)
(0.915303221 0.2312333056 -0.01353321923)
(0.9248476335 0.2604633849 -0.0125484431)
(0.8828833743 0.2314753362 0.01658650784)
(0.8787011159 0.2663313256 0.01530842499)
(0.9153045265 0.2312351681 0.01353450384)
(0.9248573432 0.2604748137 0.01254840546)
(0.9403774329 0.3371876932 -0.003993426489)
(0.8603316344 0.3265919283 -0.02286806243)
(0.8379301645 0.2803676879 -0.02114255203)
(0.9422910804 0.3273945442 -0.0009173020084)
(0.9137061355 0.3434112941 -0.004270484586)
(0.9662575553 0.3228751745 -0.00121243389)
(0.8844645616 0.3101517534 -0.02020837393)
(0.9669918323 0.460476371 -0.003849366917)
(0.9416346115 0.4273669702 -0.0005146012794)
(0.9690287404 0.459036427 -0.0002898542674)
(0.9958028162 0.4268186075 -0.000373326944)
(0.9643434725 0.4053640188 -0.007445470435)
(0.9696782227 0.4009948723 -0.0007612290326)
(0.9927609673 0.4293679587 -0.001876869209)
(1.097831041 0.532896212 -2.159788275e-05)
(1.15167598 0.5430849787 0.03192017816)
(1.151007191 0.543127769 -3.972565852e-05)
(1.15830604 0.4912440933 -7.025697497e-05)
(1.111141493 0.4845884714 0.02033027266)
(1.110722345 0.4841349608 -7.644756411e-05)
(1.15882169 0.4916010144 0.02879878091)
(0.7920916033 0.05885107028 2.213441037e-05)
(0.7478075554 0.04398190238 0.0689833239)
(0.747928071 0.04419668549 9.815370573e-06)
(1.050905501 0.1099494569 0.0669291065)
(1.05101611 0.1103262023 -8.005741459e-07)
(1.007766639 0.08838656267 -2.01331875e-05)
(1.007681963 0.08810914061 0.06547409219)
(0.6577527648 0.02742016974 -2.759498795e-06)
(0.6414872281 0.0277985117 0.06296335638)
(0.6415442583 0.02789613576 -9.681996722e-06)
(0.8803964202 0.04365468944 -1.158032606e-05)
(0.9040230412 0.04961840737 0.06224750387)
(0.9040276933 0.04976985246 -7.198568819e-08)
(0.8804182363 0.04352922214 0.06154721343)
(1.002490373 0.3031211286 -0.004187672668)
(1.003423065 0.259744263 -0.005002730401)
(1.028652236 0.2756964665 -0.002848606747)
(0.9760877485 0.2751352339 0.007034624312)
(1.002498039 0.3031230202 0.004187643296)
(1.003425236 0.2597469605 0.005003265904)
(1.028658097 0.275699102 0.002848845648)
(1.06743773 0.3632048334 0.01135849775)
(1.057666027 0.2957783079 0.001170375019)
(1.09695121 0.3021391948 0.004530007798)
(1.033587464 0.3278879497 -0.0002142688687)
(1.067465724 0.3631962533 -0.01135976203)
(1.057655029 0.2957710981 -0.001170169801)
(1.096954949 0.3021276426 -0.004530966339)
(1.165212761 0.3464191314 -0.0005876770902)
(1.153026413 0.3758441956 0.02187463109)
(1.111628749 0.3410555641 0.01562086594)
(1.13715335 0.371399165 -0.002234234227)
(1.162928836 0.3719316361 -0.0006042737804)
(1.145722167 0.3515994354 -0.002788053388)
(1.147636145 0.3418128422 0.02002859771)
(1.27704241 0.3375881991 0.04134592528)
(1.249823805 0.3518725498 -0.0003193035056)
(1.27701 0.3360415219 -0.0002333872907)
(1.261227142 0.3101479789 -0.0004472877934)
(1.235968367 0.330522267 0.03361632794)
(1.237314068 0.3222647547 -0.0007849632201)
(1.259563272 0.3156080578 0.0373491382)
(1.34479589 0.2501551886 0.05186118199)
(1.335296471 0.2738293523 -4.726645945e-05)
(1.344851347 0.2503062848 -2.753228349e-05)
(1.32885494 0.2404894357 -5.179585269e-05)
(1.316271716 0.2603410926 0.04575528301)
(1.316708951 0.2599238781 -8.317176878e-05)
(1.328653125 0.2405972914 0.047411491)
(1.346819368 0.1828857329 -1.01764895e-05)
(1.34784682 0.1643546509 -3.420866063e-05)
(1.341034579 0.1623250141 0.05416820829)
(1.346883817 0.182807392 0.05016398751)
(1.340910515 0.1625317848 -2.707761513e-05)
(1.346861566 0.1827198477 -4.227109746e-05)
(1.347968073 0.1643546375 0.0506172262)
(1.344291206 0.1094967812 0.02808663497)
(1.316166365 0.1107827496 -0.05439907658)
(1.344237925 0.1094893033 -0.02808993015)
(1.174481473 0.2617360811 0.01223331394)
(1.14198888 0.2431399771 0.00818275835)
(1.168736674 0.2316366387 0.01057747991)
(1.139408026 0.2671031786 -0.008806696565)
(1.174476555 0.2617352507 -0.01223349345)
(1.141990655 0.2431406094 -0.008182080129)
(1.168736322 0.2316366623 -0.01057768843)
(1.239760072 0.231045704 0.01819364292)
(1.195795854 0.222435406 0.01340603166)
(1.220873755 0.2046479471 0.01581005763)
(1.208478781 0.2499769184 -0.01530600028)
(1.239759275 0.2310449318 -0.01819363262)
(1.195796646 0.2224347995 -0.013406072)
(1.220876095 0.2046468609 -0.01580999872)
(1.285847196 0.1824322773 0.02226198432)
(1.243546813 0.1873503415 0.0179966286)
(1.261623269 0.1649850249 0.01969497208)
(1.265878219 0.2077573137 -0.02052901137)
(1.285856472 0.1824269959 -0.02226200093)
(1.243549487 0.1873481104 -0.01799652031)
(1.261626519 0.1649809737 -0.01969487395)
(1.309275486 0.1314576424 0.02402677345)
(1.276991684 0.1438581804 0.02094033894)
(1.289668717 0.1227410878 0.02233257044)
(1.300013136 0.15570895 -0.02337106824)
(1.309297623 0.1314637083 -0.02402368239)
(1.276992564 0.1438484549 -0.02094072503)
(1.289670407 0.1227214437 -0.02233168459)
(0.5581206907 0.07310951262 -0.07133235803)
(0.5573474906 0.02464469226 -0.0007325616559)
(0.5658817063 0.0728475658 -0.0007387928915)
(0.6115325827 0.06191780209 -0.001818529815)
(0.5909980456 0.02113451292 -0.06836151952)
(0.6043955644 0.02116004492 -0.001807746989)
(0.5979736081 0.06196263865 -0.06715147573)
(0.6677052799 0.08860554589 -0.003027772144)
(0.6376428669 0.07273263005 -0.05841022539)
(0.6502733191 0.1155852249 -0.0593540859)
(0.7387962942 0.1052856521 -0.0006158222106)
(0.7263706379 0.08168682186 -0.0006528884624)
(0.683019482 0.1192053835 -0.003037383659)
(0.6358419369 0.0858224529 -0.06174652588)
(0.5743149043 0.1181521993 -0.06878547315)
(0.6042905013 0.1591186884 -0.0007287909874)
(0.5821466251 0.1178589469 -0.0007420607723)
(0.6247125285 0.100983016 -0.001826880517)
(0.6285834396 0.1362154343 -0.06234177902)
(0.6428556363 0.1371049544 -0.001807745927)
(0.6107756727 0.100719252 -0.06511169007)
(0.6567142941 0.05340234515 0.002979717716)
(0.7115982095 0.01997030994 0.0006269033681)
(0.6201356306 0.0182986948 0.06436210513)
(0.6297971002 0.04257965252 0.05977199726)
(0.65065731 0.01918079057 0.00295363279)
(0.7162592303 0.04619464308 0.000642031251)
(0.6258824514 0.05236828583 0.06336785277)
(0.5573522083 0.02464218598 0.000734987318)
(0.5581376876 0.07310791458 0.07133013832)
(0.5658870967 0.07284660814 0.0007392657256)
(0.611534666 0.06192198625 0.001817098602)
(0.5910055212 0.02112754838 0.06836074965)
(0.6043981546 0.02115834806 0.001808306531)
(0.5979795785 0.06197482318 0.06714989347)
(0.6677073097 0.08860846466 0.0030291892)
(0.7387930063 0.1052954794 0.0006135942988)
(0.6376393983 0.07273878542 0.05841109874)
(0.650296922 0.1156104565 0.05935040337)
(0.7263714301 0.08169082334 0.0006545486282)
(0.6830235684 0.1192141052 0.003036731954)
(0.6358491733 0.08582629954 0.06174489942)
(0.604292932 0.1591138321 0.0007349168918)
(0.5742987293 0.1181814924 0.06878375464)
(0.5821421159 0.1178674163 0.0007425097731)
(0.6247149777 0.1009907844 0.001829823853)
(0.6286204637 0.1362199002 0.06233904741)
(0.642865313 0.1371065356 0.001812380286)
(0.6107827922 0.1007438654 0.06511115655)
(0.6312253534 0.1945628695 -0.0007574216148)
(0.6924365261 0.1991723782 -0.001137449718)
(0.6508400271 0.1663199985 -0.05884137753)
(0.654457896 0.225235828 -0.05681128576)
(0.6654798319 0.1693297518 -0.001679542173)
(0.6618487222 0.2229504758 -0.0009343499364)
(0.6753463655 0.1910261678 -0.0549119874)
(0.7545517541 0.2308965388 -0.000385198707)
(0.6769340265 0.2470151191 -0.05240992943)
(0.6907892636 0.2211280428 -0.04689833596)
(0.743541551 0.2689251644 -0.003087638737)
(0.7055207799 0.2492326386 -0.002488092523)
(0.7875177101 0.2463179755 -0.0005129065625)
(0.6685592836 0.2069785846 -0.05123707528)
(0.7243579844 0.1765890571 0.00263588489)
(0.7563247543 0.1357897833 0.0006091146414)
(0.6672280225 0.1418744512 0.05658522221)
(0.6793949125 0.1382944134 0.05136624602)
(0.7021746488 0.1482825845 0.00295743011)
(0.7733373785 0.1557767564 0.0007022424712)
(0.6888187274 0.1625986591 0.0538171324)
(0.6312136834 0.1945574979 0.0007515379231)
(0.6924290569 0.1991761229 0.001138091082)
(0.6507984324 0.1663193837 0.05884080375)
(0.6544400975 0.2252470341 0.05681247818)
(0.665467738 0.1693310824 0.001679974624)
(0.6618417239 0.2229541725 0.0009349462924)
(0.6753293556 0.1910314312 0.0549115668)
(0.7545341421 0.2309054482 0.0003866420647)
(0.7435322636 0.2689219552 0.003089914735)
(0.6769083175 0.2470341726 0.05240835108)
(0.6907604433 0.2211212802 0.04689829333)
(0.7055084741 0.2492387794 0.002486587673)
(0.7875040529 0.2463200073 0.0005165787672)
(0.6685291153 0.2069966599 0.05123561778)
(0.4643428981 0.3753171977 -6.113327309e-05)
(0.5375077312 0.4185061961 -0.05821521157)
(0.5380622269 0.417461242 -9.973003746e-05)
(0.5115902447 0.3162020171 -0.06708113764)
(0.5126978935 0.3152645554 -0.000137336485)
(0.5708965641 0.3536897179 -0.0001725111058)
(0.5695304725 0.3550770908 -0.05948572109)
(0.6529283025 0.3264836172 -0.000547340486)
(0.6658556197 0.286446618 -0.05287306451)
(0.6947942869 0.3459375242 -0.04651201171)
(0.7192633267 0.3016762404 -0.001771083187)
(0.6765585775 0.2822463162 -0.00143276155)
(0.7021762307 0.3438907449 -0.0006717243493)
(0.6476033249 0.3296008506 -0.05282011903)
(0.6787581412 0.4545695401 -0.0001858385432)
(0.6096436861 0.4441456864 -0.04961896146)
(0.6104909009 0.4429288318 -0.0001404185628)
(0.6304831253 0.37965649 -0.0002486715147)
(0.6850924825 0.396299155 -0.04480491415)
(0.6882666113 0.3945008569 -0.0003256797839)
(0.628126557 0.3814513313 -0.05195316148)
(0.5951342685 0.2261640446 0.0004250181708)
(0.5539550789 0.2670650764 0.06560948863)
(0.5558952616 0.2658249875 0.0002416069816)
(0.6026825436 0.3007988429 0.000330525662)
(0.628830027 0.261349096 0.05831916285)
(0.6328082385 0.2572713959 0.0006386700872)
(0.6001727178 0.3032783576 0.0592875582)
(0.4643492774 0.375320925 6.145592583e-05)
(0.537523619 0.4185161989 0.05821416572)
(0.538066996 0.4174629388 0.000103874534)
(0.5116116069 0.3161940057 0.06707985983)
(0.5127032847 0.3152608975 0.0001338645913)
(0.5709000979 0.353696974 0.0001741221322)
(0.5695401777 0.3550987416 0.05948435337)
(0.6529272278 0.3264864502 0.0005475951277)
(0.7192552014 0.3016730807 0.001773948221)
(0.6658506024 0.2864659184 0.05287154856)
(0.6947694101 0.3459292338 0.04651315569)
(0.6765542454 0.2822511768 0.001431564299)
(0.7021687888 0.3438883128 0.0006711864994)
(0.6476038414 0.3296101531 0.05281979897)
(0.6787638479 0.4545728545 0.0001829438722)
(0.6096403328 0.4441300507 0.0496183192)
(0.6104915635 0.4429252515 0.0001412077995)
(0.6304844878 0.3796563599 0.000248810234)
(0.6850827511 0.396300399 0.04480507691)
(0.6882636282 0.3945013946 0.0003234238846)
(0.6281315037 0.3814510314 0.05195395665)
(0.7417120487 0.4552220106 -0.000247631589)
(0.7956062054 0.4498000168 -0.02811665621)
(0.7977393127 0.4466270903 -0.000362147047)
(0.7901029305 0.3963133287 -0.0006959984889)
(0.738184143 0.4019444613 -0.03849217754)
(0.7416094588 0.3999535356 -0.0004391875968)
(0.7864508591 0.4011979707 -0.03260415051)
(0.8411892416 0.3556968169 -0.002843820597)
(0.7697673648 0.2999502396 -0.03279548217)
(0.8350515281 0.3403249637 -0.02629735257)
(0.9106906529 0.3350642995 -0.0005725707423)
(0.8724736586 0.3363288583 -0.000124137412)
(0.8820819303 0.3526820413 -0.003826666194)
(0.8058902816 0.3497619129 -0.03084200344)
(0.8408874495 0.4357814917 -0.02289401298)
(0.8883284546 0.4147665652 -0.0008334899136)
(0.8466763333 0.4317146138 -0.0006479612708)
(0.837548321 0.3889991114 -0.001704362136)
(0.8589335037 0.3800554203 -0.02302601041)
(0.8785128439 0.3800987076 -0.002218018407)
(0.8251343626 0.3936804919 -0.02733919767)
(0.7893122818 0.3538788126 0.0009213777102)
(0.7586018852 0.3136722156 0.001740360067)
(0.7395059602 0.3536050713 0.04071063889)
(0.7764838917 0.3114319706 0.03715650048)
(0.7473873131 0.3529777115 0.0007360654095)
(0.7966142724 0.3221502289 0.001028725199)
(0.7814683414 0.3560264395 0.03544310629)
(0.7417177392 0.455224083 0.0002526357062)
(0.7956009446 0.4497749455 0.02811667195)
(0.7977396236 0.4466205133 0.0003630133359)
(0.7901084524 0.3963101723 0.0006978176556)
(0.7382056343 0.4019472353 0.03849137495)
(0.7416156679 0.3999534577 0.0004405357031)
(0.7864678903 0.401189137 0.03260445377)
(0.8411908485 0.3556933726 0.002842863335)
(0.9106879344 0.3350603822 0.0005675990535)
(0.7697523055 0.299937582 0.03279757923)
(0.8350454986 0.3403237504 0.0262992697)
(0.8724773391 0.336327866 0.0001246618353)
(0.8820825485 0.3526806521 0.003822786433)
(0.8058881827 0.3497497818 0.03084277105)
(0.8883402877 0.4147740623 0.0008338530989)
(0.8409017006 0.4357654367 0.02289308458)
(0.8466803595 0.4317085823 0.0006464350589)
(0.8375495656 0.3889915569 0.001703610892)
(0.8589284691 0.3800701443 0.02301982993)
(0.8785133996 0.3801009353 0.002213665325)
(0.8251319187 0.3936544332 0.02733905186)
(0.9226523085 0.3965780284 -0.0009066327662)
(0.9415461907 0.3583543027 -0.001379696706)
(0.8885190207 0.3623747091 -0.01936178286)
(0.9394214719 0.3769517408 -0.01218095475)
(0.9120312516 0.3683334596 -0.002229966457)
(0.9510525171 0.3765339628 -0.001070001113)
(0.9139361842 0.3431530405 -0.01612789952)
(1.015675783 0.3573403408 -0.000109129439)
(0.9430890517 0.3514090259 -0.009959036716)
(0.8980460084 0.2982886889 -0.0101395937)
(1.019492874 0.3503736644 -0.003811303875)
(0.9927732023 0.3629424836 -0.003232071376)
(1.043104729 0.3461158581 -0.0009321918374)
(0.8864585988 0.3133765516 -0.01298132843)
(0.9403917259 0.3371902103 0.003997526865)
(0.942295142 0.3273965454 0.000915506163)
(0.8603464701 0.3266129442 0.02286410736)
(0.837956193 0.2803749523 0.02114265074)
(0.913717766 0.3434204872 0.004270981694)
(0.9662634381 0.3228764811 0.001211668379)
(0.8844867302 0.3101549222 0.0202050947)
(0.9226450719 0.3965840962 0.000916976057)
(0.9415478422 0.3583520835 0.001391776779)
(0.8884989359 0.3624179157 0.0193532602)
(0.9394207974 0.3769224527 0.01220016219)
(0.9120353984 0.3683540195 0.00224070343)
(0.9510378265 0.3765200757 0.001067776238)
(0.9139269781 0.3431423898 0.01612488473)
(1.01568075 0.3573330621 0.0001110137129)
(1.019497252 0.3503730713 0.003812303829)
(0.9431035652 0.3513984651 0.009963466381)
(0.898059542 0.2982819209 0.01013855101)
(0.9927697939 0.3629372359 0.003231253292)
(1.043110653 0.3461128369 0.0009330035952)
(0.8864639899 0.3133582 0.01298047434)
(1.04802991 0.5148429673 -6.331321483e-05)
(1.003251604 0.4895443013 0.003612154196)
(1.003995747 0.4888656135 -0.0001283984096)
(1.028349443 0.4505716855 -0.0001137336686)
(1.06685197 0.4705654605 0.01214042298)
(1.06701982 0.4704005442 -6.471778921e-05)
(1.02691608 0.4510645146 0.004684783273)
(1.019735382 0.3967676789 -0.0004703692812)
(0.9801254796 0.3800912113 -0.005368684665)
(1.025063971 0.3688421053 0.0001968676557)
(1.021273851 0.3627678023 -0.002059808034)
(0.9986404332 0.3782933322 -0.001819490133)
(1.038688863 0.3731981465 -0.0004038139007)
(1.011083682 0.3989048596 -0.0004497868726)
(1.048014677 0.4173049147 7.617371205e-05)
(1.08089601 0.4318155886 0.01205729663)
(1.056328416 0.3844564048 0.006395892948)
(1.091917914 0.3961614636 -0.0003542718451)
(1.080908907 0.4320507939 -0.0001086653638)
(1.066137747 0.390046747 0.001020006234)
(1.044651212 0.4156390996 0.005557864359)
(0.9416324488 0.4273713347 0.0005206164353)
(0.967011083 0.4604955724 0.003847271848)
(0.9690331346 0.4590406471 0.0002916830922)
(0.9958080925 0.426817923 0.0003752597919)
(0.9643026777 0.4053219601 0.007453932198)
(0.9696712877 0.4009854337 0.0007606452166)
(0.9927823919 0.4293679941 0.001875080828)
(1.048039802 0.5148499898 6.890685838e-05)
(1.003280334 0.4895605524 -0.003612836896)
(1.00400551 0.4888711265 0.0001290290275)
(1.028359734 0.4505755305 0.0001169587235)
(1.066893142 0.470579776 -0.01214956468)
(1.067036286 0.4704056186 7.333130845e-05)
(1.026935168 0.4510714655 -0.004688572075)
(1.019742361 0.3967664195 0.0004733669715)
(1.02127871 0.3627672724 0.00206114048)
(0.9801395827 0.3800819739 0.005368103183)
(1.025084231 0.368840592 -0.0001996848258)
(0.9986428184 0.3782907321 0.001820915862)
(1.038694947 0.3731984872 0.0004061784557)
(1.011106596 0.3989013446 0.0004466604736)
(1.048024377 0.4173045711 -7.194731628e-05)
(1.091930485 0.3961573211 0.0003591088088)
(1.080938981 0.4318137876 -0.01206415719)
(1.05635478 0.3844542784 -0.006400054012)
(1.080925406 0.4320488142 0.0001157915858)
(1.066146835 0.3900453275 -0.001015835171)
(1.044680841 0.4156415186 -0.005562150591)
(1.242008393 0.5167050709 -4.258237778e-05)
(1.201839654 0.5363891267 0.04280311612)
(1.201004755 0.5364986359 -1.44422352e-06)
(1.253092272 0.4758372408 0.04588558281)
(1.252422609 0.4761303272 -4.443556383e-05)
(1.206850896 0.4883467925 -1.591495712e-05)
(1.207435789 0.488347673 0.03762621271)
(1.159634835 0.4457717873 -0.0001631398972)
(1.119029911 0.4426548804 0.01888929489)
(1.158698072 0.4095201045 0.02380271797)
(1.123955417 0.4018968172 -0.0006076886426)
(1.118374883 0.441398554 -0.0002364602051)
(1.159714067 0.4056873441 -0.0002881586671)
(1.159896563 0.4468675974 0.02608156937)
(1.244546275 0.4341393354 0.04038981043)
(1.232046488 0.3966440953 -6.3260303e-05)
(1.24412427 0.4341723279 -6.145443226e-05)
(1.202471705 0.4434105663 -6.980922451e-05)
(1.195638298 0.4053321202 0.03010296733)
(1.196388723 0.4043837524 -7.924710828e-05)
(1.202597626 0.4438124039 0.03346902793)
(1.097847005 0.5329107598 3.536458705e-05)
(1.15171497 0.5431653293 -0.03192508887)
(1.151017319 0.5431549952 5.336626393e-05)
(1.158330981 0.4912769809 9.687622516e-05)
(1.111224003 0.4846109487 -0.02034386033)
(1.110747876 0.4841427438 9.181570066e-05)
(1.158950832 0.4916843112 -0.02881031767)
(1.241962797 0.5167203529 3.275737007e-05)
(1.201732019 0.5365867685 -0.04279859129)
(1.200963797 0.5365613468 1.216237596e-05)
(1.25269148 0.4758562487 -0.04584861769)
(1.252309663 0.4761449562 8.19079526e-06)
(1.206791971 0.4884223687 6.864601856e-05)
(1.207294033 0.488601124 -0.03754237802)
(1.159645151 0.4457557461 0.0001828703593)
(1.123967348 0.4018860768 0.0006129277548)
(1.119100007 0.4426332091 -0.01890006782)
(1.158699673 0.4094711729 -0.02379722343)
(1.118398808 0.4413896215 0.0002474539271)
(1.159711989 0.4056670943 0.0002974625655)
(1.159953032 0.4468241898 -0.02609261561)
(1.232018003 0.3966598589 5.327548854e-05)
(1.243999113 0.4339774881 -0.04039017552)
(1.244010581 0.4341435611 -1.054876467e-05)
(1.202443837 0.4433991155 7.427483655e-05)
(1.195560473 0.4052257844 -0.03008782861)
(1.196364519 0.4043538987 7.103648736e-05)
(1.202639128 0.4437742009 -0.03340353735)
(0.6823113794 0.02968961306 3.352187631e-06)
(0.7112305863 0.0350813425 0.06690158607)
(0.7113549661 0.03529138064 8.166167504e-06)
(0.9676771952 0.07171748223 1.190164406e-05)
(0.9338266974 0.05921351226 0.06280129335)
(0.933909709 0.05939649649 1.124482923e-07)
(0.9675721279 0.07149310958 0.06416025079)
(1.224996849 0.1503938558 0.06243396237)
(1.315451607 0.1741518328 -7.73037062e-06)
(1.225155698 0.1507801364 7.000991966e-06)
(1.19339761 0.1268097301 -2.024330798e-05)
(1.298003141 0.151138463 0.05789767999)
(1.297940673 0.1514045713 -2.138915612e-05)
(1.193457234 0.126487873 0.06171450859)
(1.161279103 0.1064442936 6.183989938e-06)
(1.132427065 0.09007242209 0.06012122408)
(1.278842021 0.1306698114 0.05760847708)
(1.259844833 0.1134295774 -3.810481616e-05)
(1.132404618 0.09019346807 -5.001426724e-06)
(1.278746518 0.1307945029 -2.626848389e-05)
(1.161306028 0.1062388901 0.06100360248)
(0.7920508078 0.05885254394 -4.256336534e-05)
(0.7478198472 0.04370938696 -0.06897445303)
(0.7479578414 0.04412535778 -2.883538554e-05)
(1.050837153 0.11028473 -0.06685294241)
(1.051031629 0.1104251594 -3.327625736e-05)
(1.007772627 0.08840307965 -7.925599771e-05)
(1.007458998 0.08814360831 -0.06552414378)
(0.6823196489 0.02969048681 3.139645381e-06)
(0.7113085533 0.03493856982 -0.06690954961)
(0.7113790991 0.03524809452 -1.437482692e-05)
(0.967751449 0.07171914224 -6.430913137e-06)
(0.9339718839 0.05923415466 -0.06281164757)
(0.9339436995 0.0594043679 1.235229864e-05)
(0.9678244433 0.07149738229 -0.06417937815)
(1.315460136 0.174137356 2.43702399e-06)
(1.225205736 0.150619667 -0.06231926136)
(1.225217818 0.150858229 1.875483923e-05)
(1.193356581 0.1268981945 -4.373129495e-05)
(1.297870778 0.1512494098 -0.05787401059)
(1.297904058 0.151436868 -3.778350055e-06)
(1.193059706 0.1267743363 -0.0617269886)
(1.16123531 0.1064704809 4.738165186e-06)
(1.259832186 0.1134236558 3.803949217e-05)
(1.132393792 0.09006703215 -0.06014001073)
(1.278728921 0.1307277964 -0.0576126765)
(1.132377531 0.09019276277 2.10573427e-05)
(1.27871396 0.1308094291 1.117496744e-05)
(1.161204926 0.1063306666 -0.06102391875)
(1.083119142 0.06459273285 -1.336665025e-05)
(1.106711651 0.07623905247 0.05967092719)
(1.224689198 0.08484319297 0.05687004489)
(1.241880972 0.09807018542 -4.174997397e-05)
(1.106726999 0.07630519734 -1.083188736e-05)
(1.224570856 0.08479437845 -5.206584353e-05)
(1.083248888 0.0645561436 0.05951487984)
(0.6577745277 0.02742527991 -9.761822797e-06)
(0.6415739103 0.02777423596 -0.0629652292)
(0.641573959 0.02788997781 1.261269032e-05)
(0.8804123001 0.04366796708 7.213998026e-06)
(0.9040477946 0.04968173729 -0.06224133609)
(0.9040385117 0.04979180973 -6.673982382e-06)
(0.8804518644 0.04356193508 -0.06154773878)
(1.083102938 0.0646061793 1.330955896e-05)
(1.241878599 0.09806716259 5.084474029e-05)
(1.106675394 0.07626815737 -0.05967360048)
(1.22467577 0.08485542736 -0.05686954057)
(1.106706793 0.07631603553 1.5809795e-05)
(1.224560598 0.0847960566 5.329944123e-05)
(1.083210267 0.06459569691 -0.05951481908)
(1.220970953 0.3644851709 -0.0001521868335)
(1.191717295 0.3462940059 0.0009619423037)
(1.187930632 0.3710727981 0.02738945677)
(1.209735187 0.3395899001 0.02965689573)
(1.192018866 0.371893394 5.870242236e-05)
(1.213324066 0.3342239217 -0.0005221928683)
(1.178713471 0.3402512219 0.02533630425)
(1.268409755 0.3403028379 0.0007021428577)
(1.165568472 0.3070285221 0.0271535925)
(1.074824479 0.2690041855 0.02337506392)
(1.243276363 0.3047244216 -0.005538034884)
(1.240600357 0.3184186162 -0.004312700532)
(1.274281741 0.3225827157 -0.0009568915584)
(1.089238062 0.2927366851 0.02462918409)
(1.165210793 0.3464100241 0.0005966458087)
(1.137157913 0.3713947707 0.002237489155)
(1.153017537 0.375864122 -0.02186402406)
(1.111619912 0.3410309645 -0.01562375917)
(1.162921216 0.3719420344 0.0006110626149)
(1.145728192 0.3515925589 0.002789634171)
(1.147618175 0.341792301 -0.02002704169)
(1.220956947 0.3644949009 0.0001504089267)
(1.191702427 0.3462850752 -0.000958761575)
(1.187817839 0.3710600945 -0.02739035832)
(1.209726415 0.3395831782 -0.02965507388)
(1.191993371 0.371897497 -6.23515426e-05)
(1.213320168 0.3342232796 0.0005185332542)
(1.178686624 0.3402442758 -0.02534149081)
(1.268377409 0.3402886532 -0.0007035276158)
(1.243274824 0.304724354 0.005535975381)
(1.16556531 0.3070182392 -0.02715368084)
(1.074838006 0.269004348 -0.02337341785)
(1.240593333 0.3184142873 0.00430961464)
(1.274269041 0.322577464 0.0009568670431)
(1.08925283 0.2927304973 -0.02462892315)
(1.300608771 0.3185076423 0.04497216315)
(1.320438994 0.2966807012 -7.871319085e-05)
(1.300829601 0.3176222565 -0.0001324616334)
(1.282626134 0.2957117986 -0.0002258676476)
(1.300305276 0.2798849574 0.04349661892)
(1.301146776 0.2787602687 -0.0001342692485)
(1.281206602 0.2983715151 0.04059775971)
(1.253323003 0.2890044709 -0.001067753072)
(1.211290983 0.3058996072 0.03047829213)
(1.225428473 0.2705204073 0.03118167241)
(1.237195868 0.2897987726 -0.003450553236)
(1.23986959 0.3013914888 -0.002823696447)
(1.245228398 0.2739850949 -0.001321525623)
(1.240474515 0.2944298995 0.03396237323)
(1.269201989 0.2764536851 -0.000435259871)
(1.282255178 0.2635032561 0.03970489684)
(1.248899821 0.2616170642 0.03406150168)
(1.270665327 0.2466681451 -0.0002568958287)
(1.284693703 0.2621032421 -0.0002446156795)
(1.257880555 0.2614857645 -0.0005399979164)
(1.263408127 0.2796119772 0.03695317742)
(1.249817244 0.3518831987 0.0003143221323)
(1.277075251 0.3375994706 -0.04134939819)
(1.277016416 0.3360441305 0.0002373215003)
(1.261231342 0.310149473 0.0004479769138)
(1.235949522 0.330534973 -0.03361394054)
(1.237311753 0.3222703291 0.000780007281)
(1.259572744 0.3156120117 -0.03735133854)
(1.320441869 0.2966811526 7.863214502e-05)
(1.300625147 0.3185102991 -0.04497369121)
(1.300834499 0.3176222943 0.0001346710933)
(1.282633686 0.2957121868 0.0002294779597)
(1.300316186 0.2798875686 -0.04349730347)
(1.301151465 0.2787607985 0.0001351114268)
(1.281234364 0.2983745597 -0.04059958609)
(1.253326321 0.2890081813 0.001067917977)
(1.237199281 0.2898000312 0.003453985044)
(1.211311803 0.3059166562 -0.03047712188)
(1.225432029 0.270524525 -0.03118242846)
(1.239872381 0.3013971834 0.00282574391)
(1.245230301 0.2739866547 0.001320785832)
(1.240483534 0.2944395713 -0.03396250026)
(1.269205772 0.2764546369 0.0004365337501)
(1.270666549 0.2466682737 0.0002564316112)
(1.282262943 0.2635015666 -0.03970542465)
(1.248912418 0.2616210044 -0.03406085807)
(1.284697053 0.2621029132 0.0002452606282)
(1.257883724 0.2614870197 0.000541950765)
(1.263417685 0.2796143596 -0.03695461474)
(1.349474977 0.2268693794 0.05289591005)
(1.349854853 0.2044653778 -2.276755034e-05)
(1.349474062 0.2270743237 -2.289659372e-05)
(1.337715855 0.220904874 -4.501855317e-05)
(1.343618384 0.2015854 0.04959705266)
(1.343600216 0.2016260891 -3.945531233e-05)
(1.337678663 0.220906107 0.04870564792)
(1.31112817 0.2293523669 -0.0001099677856)
(1.297991368 0.2464752648 0.04187213458)
(1.294514197 0.2185981871 0.04060968809)
(1.283891673 0.2328168467 -0.0001597819265)
(1.298995348 0.2459243215 -0.0001574564276)
(1.295106272 0.2172117081 -7.200680696e-05)
(1.310732551 0.2294925967 0.04360275844)
(1.321064889 0.2121815849 -9.618852139e-05)
(1.32884893 0.1955585628 0.04604332754)
(1.305148056 0.2039485439 0.04190748077)
(1.313438799 0.1870228542 -4.176139255e-05)
(1.328774577 0.1956078595 -9.202504008e-05)
(1.305320406 0.2024256964 -7.989295281e-05)
(1.320946714 0.2122135374 0.04497325094)
(1.335303471 0.2738295599 4.965073114e-05)
(1.344829529 0.2501505577 -0.05186657349)
(1.344863241 0.2503035922 3.332584643e-05)
(1.328862786 0.2404873714 5.627733016e-05)
(1.316287171 0.2603421084 -0.04575742707)
(1.316714928 0.2599238887 8.544620001e-05)
(1.328675623 0.2405932476 -0.0474136602)
(1.349862926 0.2044477666 2.669141907e-05)
(1.349504367 0.2268371951 -0.05290084183)
(1.349485755 0.22706293 2.82722609e-05)
(1.33772036 0.2208993886 4.700633842e-05)
(1.343630837 0.2015724712 -0.04960128098)
(1.343604424 0.2016201505 4.333146278e-05)
(1.33768346 0.2208911706 -0.04870947046)
(1.311133755 0.2293509217 0.0001130574282)
(1.28389511 0.2328169582 0.0001609990602)
(1.298003423 0.246471496 -0.04187363406)
(1.294536808 0.2185966362 -0.04061106664)
(1.299000098 0.2459232389 0.0001590682587)
(1.295112381 0.217211353 7.630918949e-05)
(1.310746642 0.2294888424 -0.04360609452)
(1.321070076 0.2121792694 9.92258159e-05)
(1.313442794 0.1870210548 4.596112504e-05)
(1.328862693 0.1955570505 -0.04604404457)
(1.305152523 0.2039414894 -0.0419110535)
(1.328778844 0.1956057761 9.66091236e-05)
(1.305324232 0.2024242148 8.155389812e-05)
(1.320960528 0.2122076928 -0.04497642131)
(1.347929142 0.1464031982 -5.859884375e-05)
(1.333604369 0.1431548444 0.0542141139)
(1.346052958 0.1317486223 0.05196742997)
(1.324346513 0.1265148995 -9.307839556e-05)
(1.333392513 0.1432611048 -6.832734817e-05)
(1.345809084 0.129926602 -4.597982048e-05)
(1.348073199 0.1476055862 0.051182487)
(1.337226718 0.1637108926 -9.988299853e-05)
(1.334454521 0.1789246838 0.04672759758)
(1.32849417 0.1598417205 0.04564477615)
(1.32100629 0.1721354958 -0.0001078293435)
(1.334376531 0.1788465927 -0.0001376638262)
(1.327008594 0.1581464777 -2.934829508e-05)
(1.338557763 0.1637446866 0.04735828226)
(1.346823173 0.1828766932 2.048651961e-05)
(1.347841632 0.1643597211 3.512373928e-05)
(1.341006884 0.162378327 -0.05414342365)
(1.346880185 0.1827646727 -0.05016534322)
(1.340901813 0.1625536514 2.548662389e-05)
(1.346859756 0.1827087686 4.574037088e-05)
(1.347953435 0.1643475639 -0.05060864583)
(1.347919127 0.1464155202 5.782573016e-05)
(1.32434174 0.1265293981 8.934800381e-05)
(1.333538492 0.1432405907 -0.05420970546)
(1.346030257 0.1317749736 -0.05197111471)
(1.333378715 0.1432909197 5.742295286e-05)
(1.345800507 0.129936154 4.458666813e-05)
(1.348043769 0.1476319529 -0.0511873382)
(1.337226325 0.1637107847 0.0001036860828)
(1.32100501 0.1721360438 0.0001064026029)
(1.33443491 0.1789037714 -0.04672928842)
(1.328504802 0.1598440757 -0.04564703036)
(1.334375481 0.1788403625 0.0001365093138)
(1.327011228 0.158147648 3.387259815e-05)
(1.338555817 0.1637384727 -0.04735978739)
(1.306223221 0.09603165295 0.05554393342)
(1.342376168 0.1164296552 0.05171458128)
(1.316141969 0.1106278132 -0.0001331747008)
(1.30470424 0.09582332932 -5.455982342e-05)
(1.342258707 0.1143701613 -0.0001119869768)
(1.340708308 0.09990945479 -9.390059891e-05)
(1.342482108 0.1022503375 0.05239599413)
(0.7137176689 0.2321773511 -0.04291920958)
(0.7667172741 0.272346089 -0.03936377541)
(0.7774989965 0.2810111952 -0.003265462604)
(0.81891896 0.2607492781 -0.0006983209848)
(0.8096500639 0.2921629659 -0.00302817397)
(0.8454059626 0.2699343281 -0.0009198329241)
(0.7392161362 0.2383208935 -0.03885500768)
(0.7774945799 0.2810018692 0.003260583418)
(0.7137045473 0.2321612898 0.04292096278)
(0.7667206208 0.2723497119 0.03936655239)
(0.8189122324 0.2607458705 0.0006931702863)
(0.8096509872 0.292163041 0.003023383768)
(0.8454088245 0.2699369742 0.0009153409215)
(0.7392123685 0.2383281583 0.03885833941)
(0.9942024498 0.3356389245 0.007614026434)
(1.062216629 0.3254036414 0.01053151302)
(1.126013274 0.3736831449 -0.003580907839)
(1.144943058 0.3825442028 0.0006665330677)
(1.140893328 0.3548452576 -0.004792492038)
(1.162667711 0.364945234 -0.0009774302128)
(0.9911770603 0.3100340709 0.008165890958)
(1.126022326 0.3736788433 0.003584620032)
(0.9942344292 0.3356370755 -0.007617020536)
(1.062245654 0.3253941702 -0.01053157967)
(1.144950967 0.3825412654 -0.0006632824161)
(1.140899826 0.3548396692 0.004794927767)
(1.162674531 0.3649416598 0.0009799748183)
(0.9911929062 0.310026338 -0.00816791416)
(1.316145218 0.1106300667 0.0001409572561)
(1.306223161 0.09603292693 -0.05554331188)
(1.342389143 0.1164227506 -0.0517143626)
(1.304699288 0.09582060917 5.812326099e-05)
(1.342255955 0.1143625517 0.0001156293218)
(1.340703127 0.09989223555 9.373549112e-05)
(1.342476616 0.1022178323 -0.05239420266)
(0.209553838 0.2058539679 0.01001287305)
(0.1209996105 0.1198372619 0.006545149469)
(0.03994339069 0.03999878479 0.003690658999)
(0.2095617982 0.2058633359 -0.01001373043)
(0.1210053612 0.1198429724 -0.006546048129)
(0.03994563002 0.04000104074 -0.003691225993)
(-0.01153920285 0.01234136791 0.03358253803)
(-0.007009862347 0.007148178471 0.02190399085)
(-0.002199893772 0.00259231013 0.01243817644)
(-0.0115267701 0.0123297302 -0.03358078381)
(-0.007002814151 0.007141585064 -0.02190305468)
(-0.002197587047 0.002590090784 -0.01243786844)
(0.01545103042 0.06859479827 0.0001514025149)
(0.007053068371 0.04035689347 0.0001592907617)
(0.001390137332 0.01361399631 0.0001644999825)
(0.009272458679 0.02345625787 -0.05221753466)
(0.003345087841 0.01362953556 -0.03356802096)
(0.001001680743 0.004462476033 -0.01919528363)
(0.008885344877 0.02332077271 0.0001841615111)
(0.003229180318 0.01352520746 0.0001832435062)
(7.60806683e-05 0.004498041651 0.0001802572595)
(0.01579292583 0.06877400801 -0.05087968456)
(0.007155060794 0.04049695043 -0.03258737852)
(0.002285537641 0.01356733886 -0.01867143313)
(-0.01275926428 0.0209623355 -0.0001566216223)
(-0.007408492659 0.01175176847 -0.0001488630328)
(-0.002687600696 0.003614381088 -0.0001341095797)
(0.232168048 0.17778436 0.02153534513)
(0.1342485257 0.1025981238 0.01371536844)
(0.04423115963 0.0340225808 0.007848022374)
(0.2320185895 0.1771128197 -0.0001312369951)
(0.1340516106 0.1022871577 -0.0001104631569)
(0.0443552315 0.03363309499 -9.885284885e-05)
(0.03512599152 0.1053368272 0.0001708082779)
(0.01889675594 0.06301630605 0.0001628806812)
(0.005489536581 0.02157432332 0.0001608144346)
(0.0355871317 0.1057320582 -0.04689480651)
(0.01909364975 0.0632982326 -0.02961377009)
(0.006317406374 0.02148314759 -0.01698229635)
(0.0154508225 0.06859347575 -0.0001504441957)
(0.007052957182 0.04035609773 -0.0001586629717)
(0.001390124395 0.01361372039 -0.0001641359744)
(0.009271324022 0.02345468408 0.05221639167)
(0.00334463388 0.01362852553 0.0335671969)
(0.001001578983 0.004462104347 0.0191947988)
(0.00888515182 0.02332021749 -0.0001829406962)
(0.003229105551 0.01352485179 -0.0001824421197)
(7.608727967e-05 0.004497909993 -0.0001797909426)
(0.01579191843 0.06877054685 0.05087876231)
(0.007154586684 0.04049480938 0.0325867066)
(0.002285399048 0.01356658353 0.01867105473)
(0.03512566303 0.1053349257 -0.0001700807681)
(0.01889655013 0.06301516673 -0.0001624047051)
(0.005489475171 0.0215739368 -0.0001605355453)
(0.03558574264 0.1057272308 0.0468942353)
(0.01909287283 0.06329526128 0.0296133568)
(0.006317144725 0.02148211006 0.01698207395)
(0.06114302738 0.1538592734 0.03574468117)
(0.03450442125 0.0904115209 0.02413665268)
(0.01140502329 0.03022288939 0.01379267751)
(-0.01230277216 0.03482161709 0.03016088536)
(-0.007165125224 0.01996311039 0.0202497916)
(-0.002105455664 0.00664267999 0.01148977933)
(-0.01230097915 0.03481799413 -0.03016004694)
(-0.007164106329 0.01996105671 -0.02024953034)
(-0.00210516956 0.00664200532 -0.01148986744)
(0.1530863703 0.1936472432 -0.003794569461)
(0.08877877312 0.1142189612 -0.002624457252)
(0.02950855121 0.03830076556 -0.001565208292)
(0.1524839874 0.1935110087 0.0001372471054)
(0.08842800835 0.1140429966 8.703174155e-05)
(0.02932879072 0.03824873441 5.889399234e-05)
(0.134705483 0.2020374326 -2.744743253e-05)
(0.07792104399 0.1178074286 -3.939057873e-05)
(0.02557809698 0.03937080016 -4.158269334e-05)
(0.1530812103 0.1936375749 0.003794741636)
(0.08877479226 0.1142125222 0.00262443321)
(0.02950675057 0.03829817616 0.001565126088)
(0.152479352 0.1935044778 -0.0001372139529)
(0.08842426887 0.1140379198 -8.698313858e-05)
(0.02932703767 0.03824641063 -5.886960034e-05)
(0.208975397 0.2052320464 -1.006631687e-05)
(0.1205214817 0.1193611848 -1.950687576e-05)
(0.03985490379 0.03966613844 -2.570859228e-05)
(0.2089795182 0.2052370568 1.125330879e-05)
(0.1205247936 0.1193643153 2.055642375e-05)
(0.03985629068 0.03966747096 2.630312937e-05)
(-0.01167693619 0.01210266213 -0.0001487051067)
(-0.007000513041 0.007080449047 -0.0001419209017)
(-0.002596790987 0.002162239412 -0.0001324220124)
(-0.01167326174 0.01209875176 0.0001482165044)
(-0.006998411578 0.007078213621 0.0001415926138)
(-0.002596098942 0.002161513675 0.0001322421106)
(-0.01368263375 0.0316325933 0.03328752896)
(-0.007982928748 0.01786826848 0.02095877258)
(-0.002410370876 0.005903732958 0.01194833738)
(-0.01248878642 0.0210992974 0.03150617438)
(-0.007357316803 0.01177609398 0.02133818756)
(-0.002203645022 0.003931879347 0.01212194444)
(0.2268174825 0.08618859938 0.04672491811)
(0.1270627643 0.04760658818 0.03146723157)
(0.04056287354 0.01532118144 0.01796338693)
(-0.004153349417 0.004417608384 0.03480319292)
(-0.003553295455 0.002710014241 0.02357248843)
(-0.001341623304 0.001240701539 0.01338925718)
(0.01402391446 -0.003814960467 0.0405237244)
(0.006315532683 -0.002186227745 0.02562227139)
(0.001718683506 -0.0003404543291 0.01462509528)
(0.06114346965 0.153861999 -0.03574560818)
(0.03450431447 0.09041252022 -0.0241370752)
(0.01140483093 0.03022302286 -0.01379268173)
(0.08917914379 0.1774631578 -0.02795941105)
(0.0511169999 0.1055184284 -0.01800839137)
(0.0171076974 0.03562876701 -0.01037064052)
(0.134806234 0.2022478766 -0.01350706129)
(0.07800639295 0.118013968 -0.009081549005)
(0.02583192454 0.0393323524 -0.005183903227)
(0.08917772164 0.1774564255 0.02796168542)
(0.05111534302 0.1055133551 0.01800907384)
(0.01710690062 0.03562650806 0.0103706261)
(0.1348055495 0.202246348 0.01350692661)
(0.07800636021 0.1180135066 0.009081423013)
(0.02583210231 0.03933239224 0.005183878194)
(-0.01367975274 0.03162563881 -0.03328961222)
(-0.007981270333 0.01786394938 -0.02095934893)
(-0.002409753822 0.005902181017 -0.01194823272)
(-0.01248933482 0.02109874126 -0.03150525587)
(-0.007357285725 0.01177581712 -0.02133770812)
(-0.002203561778 0.003931773844 -0.01212184901)
(0.2560263819 0.1224248921 0.04122783758)
(0.1463924847 0.06900597334 0.02648016852)
(0.04775936608 0.02270660632 0.01516596281)
(0.2560086998 0.1224193491 -0.04123159019)
(0.146380396 0.06900125359 -0.02648153453)
(0.04775449605 0.02270457653 -0.0151661894)
(0.2268085462 0.08618483077 -0.04672329056)
(0.1270580559 0.04760484387 -0.03146644024)
(0.04056138485 0.01532074089 -0.01796325367)
(0.02552559739 -0.006575921671 0.03864452535)
(0.01220584612 -0.003795488954 0.02606796398)
(0.003374796582 -0.000853850229 0.01482130733)
(0.02551607389 -0.006571859019 -0.03864254195)
(0.01220035492 -0.00379303837 -0.02606697119)
(0.003372944072 -0.000853063683 -0.01482104322)
(0.01401262193 -0.003810808317 -0.04052483213)
(0.006308574601 -0.002183571078 -0.02562201521)
(0.001716230304 -0.0003394366683 -0.01462440459)
(-0.01382014777 0.03157080743 -0.0001070490533)
(-0.007995303179 0.01785755024 -0.000109056565)
(-0.002911638462 0.005666070234 -0.0001110208427)
(0.227112682 0.08623947429 -4.646026505e-05)
(0.1271525447 0.04771658168 -9.430198019e-05)
(0.04086527911 0.01455526931 -0.0001229364582)
(0.2157413173 0.05914771823 -0.0001921558951)
(0.1207359881 0.03242822128 -0.0001761925215)
(0.03880736826 0.009832904069 -0.0001751031707)
(0.2157387186 0.0596009367 0.04761604878)
(0.1207634629 0.03253484982 0.03004876878)
(0.03861664584 0.01061501032 0.01715880577)
(0.08702138996 -0.005974313796 -0.0001837165304)
(0.0458855397 -0.004159638794 -0.0001740605179)
(0.01372324612 -0.001994826886 -0.0001673305162)
(0.1271316228 -0.003912163587 0.05112075246)
(0.06938933317 -0.003870972581 0.0330085972)
(0.02172978402 -0.001213014247 0.01891494932)
(0.1272737803 -0.00416563158 -0.0001156751291)
(0.0694874988 -0.003922165159 -0.0001382509725)
(0.02168965332 -0.002108688842 -0.0001527908792)
(0.08686046495 -0.005629269711 0.04685927127)
(0.04577156202 -0.004045241984 0.0298420391)
(0.01377447295 -0.00117062689 0.01706270352)
(-0.004283353013 0.004143610553 -0.0001681143482)
(-0.003562296453 0.002656435394 -0.0001616794386)
(-0.001684024279 0.000702886767 -0.0001462137476)
(0.01412545584 -0.004053743011 -0.0001139958629)
(0.006420798519 -0.002265790378 -0.0001226783643)
(0.001473856947 -0.0009852950831 -0.0001283437292)
(0.06096316212 0.1537168677 9.138380467e-05)
(0.03445477435 0.09024844665 0.000110801573)
(0.0107677601 0.03036751069 0.0001159059541)
(0.06096350897 0.1537163473 -9.172588332e-05)
(0.03445530812 0.09024871492 -0.0001108861765)
(0.01076811281 0.03036781605 -0.0001159170671)
(-0.0126356205 0.03476301603 -0.0001509627589)
(-0.007230484955 0.01996645338 -0.0001429367725)
(-0.002620811481 0.006463160859 -0.0001295111656)
(-0.01263501879 0.03476159146 0.0001512520481)
(-0.007230211582 0.01996570651 0.0001431379575)
(-0.00262076556 0.006462946755 0.0001296340984)
(0.08859128846 0.177105061 0.0001619632589)
(0.05081548608 0.105219855 0.0001347566413)
(0.01656614535 0.035701659 0.0001198479834)
(0.1347051001 0.2020371607 2.730599653e-05)
(0.07792034158 0.117806721 3.940856485e-05)
(0.02557765094 0.0393703587 4.162385013e-05)
(0.0885901262 0.1770996532 -0.0001619828067)
(0.05081429148 0.105215581 -0.0001346391281)
(0.01656552638 0.0356996575 -0.0001197468749)
(0.2377719476 0.1557280443 0.03105041025)
(0.1364747512 0.08947557442 0.02096744758)
(0.04467728487 0.02952627561 0.01192843514)
(0.2321567723 0.1777776372 -0.02153762816)
(0.1342403331 0.1025923873 -0.0137162341)
(0.04422765222 0.03401997969 -0.007848168614)
(0.2320109629 0.1771075791 0.0001318370953)
(0.1340452434 0.1022826012 0.0001108263428)
(0.04435226109 0.03363090405 9.90539513e-05)
(0.2377705339 0.1557286695 -0.03105123017)
(0.1364744715 0.08947612818 -0.02096805208)
(0.04467743655 0.02952660785 -0.01192893373)
(0.237859823 0.1557760433 1.74891925e-05)
(0.1363960667 0.08951446934 5.555032155e-05)
(0.04492757065 0.02904956158 7.798092649e-05)
(-0.0117184089 0.01630574684 0.03468433219)
(-0.006791223896 0.009160005901 0.02163986533)
(-0.002008601206 0.003124897475 0.01233059098)
(-0.007706761216 0.007059909249 0.03684243805)
(-0.005095054934 0.004206816318 0.02301676111)
(-0.001671201051 0.001701741068 0.01311859539)
(-0.01186759087 0.01623543164 -0.0001205600813)
(-0.006821721032 0.009163167146 -0.0001173380476)
(-0.002467464761 0.002783201315 -0.0001179522099)
(-0.007750535424 0.0068069989 -0.000139912515)
(-0.005058889766 0.004118330846 -0.0001320800194)
(-0.002018447633 0.001192897271 -0.000129781278)
(-0.004156276995 0.004417235534 -0.03480021681)
(-0.003554856546 0.002710215993 -0.02357063307)
(-0.001342109579 0.001240902508 -0.01338838868)
(-0.004283990384 0.004143308177 0.0001658397324)
(-0.003562641749 0.002656389875 0.0001600976827)
(-0.001684103672 0.0007029557155 0.0001452937262)
(-0.01171923229 0.01630827937 -0.03468623487)
(-0.006791723514 0.009160829161 -0.02164017586)
(-0.002008768285 0.003125006059 -0.01233025568)
(-0.00770527731 0.007055802816 -0.03684311865)
(-0.005093280043 0.00420404539 -0.02301622461)
(-0.001670286294 0.001700728323 -0.01311770832)
(-0.01186734099 0.01623572274 0.000119529449)
(-0.006821505171 0.00916305014 0.000116715054)
(-0.002467342715 0.002783064586 0.0001176089665)
(-0.007749227182 0.006805713348 0.0001374911178)
(-0.00505787677 0.004117426069 0.0001305721581)
(-0.002017984198 0.001192580991 0.0001288992945)
(-0.01381883202 0.03156756424 0.0001065007784)
(-0.007994426474 0.01785541197 0.0001087478687)
(-0.002911291388 0.005665265033 0.0001108463396)
(-0.01275958124 0.0209620301 0.000156307609)
(-0.007408555385 0.01175158542 0.0001486168535)
(-0.002687601247 0.00361434093 0.0001339644922)
(0.2378598183 0.1557751548 -1.606612459e-05)
(0.1363954298 0.08951356407 -5.469520517e-05)
(0.04492710366 0.02904908406 -7.750919067e-05)
(0.2559338349 0.1218391687 -0.0001778284461)
(0.1462585449 0.06879610457 -0.0001618389122)
(0.04798988757 0.02201171628 -0.0001580036085)
(0.2559225676 0.1218356433 0.0001783249284)
(0.146250307 0.0687930453 0.0001620688816)
(0.04798632998 0.02201028608 0.0001581286074)
(0.1969409675 0.02908394404 -8.826801939e-05)
(0.1095926078 0.01468420028 -0.0001204929149)
(0.03495190197 0.003928470541 -0.0001436066783)
(0.167102652 0.01894956745 0.04830470492)
(0.0922270721 0.009267811549 0.03102468315)
(0.02908336381 0.002961928857 0.01772275074)
(0.1671646368 0.01860388979 -0.0001974982014)
(0.09224164065 0.009161423895 -0.0001852039263)
(0.02915440832 0.002107815399 -0.0001763629877)
(0.1968041559 0.02928891038 0.0515366682)
(0.1095392721 0.01470354325 0.03320457847)
(0.03482933866 0.004814795372 0.01903183423)
(0.2271095382 0.08623827429 4.657482319e-05)
(0.1271514501 0.04771625869 9.425240879e-05)
(0.04086510282 0.01455533807 0.0001228791814)
(0.2157390564 0.05914671565 0.0001904103519)
(0.1207347252 0.03242777366 0.0001750272734)
(0.03880694547 0.009832806018 0.0001744169834)
(0.2157329984 0.05959765747 -0.04761433822)
(0.1207601192 0.03253338054 -0.03004757682)
(0.03861553979 0.01061459939 -0.01715811945)
(0.1969410638 0.02908374886 8.686118353e-05)
(0.1095927914 0.0146841467 0.0001195702703)
(0.03495200001 0.00392850147 0.000143070272)
(0.1671032089 0.01894910052 -0.04830359384)
(0.09222750235 0.009267645603 -0.03102389918)
(0.02908352255 0.002961895864 -0.01772229468)
(0.167164613 0.01860390557 0.0001962857589)
(0.09224159769 0.009161434528 0.0001844122767)
(0.02915436074 0.002107835848 0.0001759048365)
(0.1968046122 0.02928796064 -0.05153529595)
(0.1095399089 0.01470324413 -0.03320362056)
(0.03482969365 0.004814771252 -0.01903129103)
(0.02564172564 -0.007004574712 -0.000197687469)
(0.01232293145 -0.003919571052 -0.0001848355738)
(0.003185669955 -0.001542195127 -0.0001654138184)
(0.0582319316 -0.01079302484 -0.0001219221548)
(0.03001457013 -0.006613970361 -0.0001333259067)
(0.008720905534 -0.002611607972 -0.0001421459208)
(0.05809231473 -0.01056156697 0.04651823173)
(0.02991069386 -0.006542380443 0.02923598194)
(0.008882873532 -0.001835356038 0.01673578388)
(0.08702140104 -0.005974141121 0.0001830187697)
(0.0458855974 -0.004159577327 0.0001736139101)
(0.0137232603 -0.001994799743 0.0001670758691)
(0.1271329115 -0.003912733492 -0.05111983812)
(0.06939015971 -0.003871248717 -0.03300793881)
(0.02173010576 -0.001213094354 -0.01891456326)
(0.127274055 -0.004165691073 0.0001147019191)
(0.0694875663 -0.003922197907 0.000137624364)
(0.02168966102 -0.002108679887 0.0001524291358)
(0.08686113537 -0.005629266062 -0.046858572)
(0.04577208604 -0.004045272678 -0.02984153077)
(0.01377469805 -0.001170658598 -0.01706242234)
(0.02563793621 -0.00700310208 0.0001971148578)
(0.01232083098 -0.00391873771 0.0001844050754)
(0.003184980362 -0.001541921341 0.0001651696577)
(0.05823126193 -0.01079259225 0.0001210880326)
(0.03001418168 -0.00661377996 0.0001328087406)
(0.008720761794 -0.002611540594 0.0001418507696)
(0.05809129188 -0.01056086254 -0.04651749099)
(0.02991021342 -0.006542126807 -0.02923548799)
(0.00888275596 -0.001835322394 -0.01673552143)
(0.01412091911 -0.004051986935 0.0001119001882)
(0.006417984715 -0.002264593919 0.0001213388602)
(0.001472862497 -0.0009847995279 0.0001275636746)
)
;

boundaryField
{
    inlet
    {
        type            fixedValue;
        value           uniform (1 0 0);
    }
    outlet
    {
        type            zeroGradient;
    }
    topAndBottom
    {
        type            symmetry;
    }
    frontAndBack
    {
        type            empty;
    }
    cylinder
    {
        type            noSlip;
    }
    procBoundary2to0
    {
        type            processor;
        value           nonuniform List<vector> 
75
(
(0.9999581958 -9.623983828e-05 0)
(0.9996043256 -0.000290185656 1.188266978e-22)
(0.9988558567 -0.0004908877688 7.17569482e-23)
(0.9976791338 -0.0007048868251 4.784799872e-23)
(0.996061825 -0.0009392996001 7.407327997e-23)
(0.9939664187 -0.001202290077 -1.008381645e-22)
(0.991326271 -0.00150396762 -5.402837949e-23)
(0.9880520668 -0.001857379455 -3.731269511e-24)
(0.9840288746 -0.002279755277 2.465745334e-22)
(0.9791048516 -0.002794379742 -1.187415005e-22)
(0.9730757007 -0.00343353009 1.186921779e-22)
(0.9656642781 -0.004243104037 -1.337236869e-22)
(0.9564882575 -0.005290018709 9.911224792e-23)
(0.9450164689 -0.006675056389 0)
(0.9304711607 -0.008553656244 0)
(0.9117763233 -0.01118018701 4.530714556e-23)
(0.8870342753 -0.01496530959 0)
(0.8543228163 -0.02063766857 -9.325158616e-22)
(0.805967904 -0.02944716493 -3.341709179e-07)
(0.7560134601 -0.02408300026 -0.02872452852)
(0.6255413379 -0.01690713548 -0.06051719411)
(0.4994667207 -0.02932574396 -0.07763027393)
(0.1702606169 -0.05912169373 -0.09847486464)
(0.1702627452 -0.05911870963 0.09847276237)
(0.275118974 -0.05131314276 -0.09358873298)
(0.4994668538 -0.0293154674 0.07762958208)
(0.2751293218 -0.05131339174 0.0935865899)
(0.170894631 -0.05888336939 -0.0001923607427)
(0.04522046097 -0.05494050373 -0.09863353751)
(0.04492602433 -0.05468934386 6.781931501e-05)
(0.170895577 -0.05888207708 0.0001953330686)
(0.0452169053 -0.05493752246 0.09863207267)
(0.04492536618 -0.05468828125 -6.551964675e-05)
(0.5496445047 -0.02478122157 -0.07278255396)
(0.6255363914 -0.01689038381 0.06051842859)
(0.5496587795 -0.02476818243 0.07278133158)
(0.4385938109 -0.03506626276 -0.08281603133)
(0.5033979137 -0.02920874803 -0.0003259658327)
(0.4405091921 -0.03495893826 -0.0001735386211)
(0.275436249 -0.05118516703 -9.115769251e-05)
(0.3648955516 -0.04236699028 -0.08824522594)
(0.3658984268 -0.04225655113 -0.0001065706136)
(0.5033984294 -0.02920562915 0.0003280512337)
(0.4385907478 -0.03506201768 0.0828151048)
(0.4405088182 -0.03495732058 0.0001742110153)
(0.2754400239 -0.0511847228 9.319663571e-05)
(0.3649009277 -0.04236642774 0.08824371563)
(0.3659006357 -0.042255964 0.0001077961352)
(0.7081499733 -0.02690015703 -0.03144283959)
(0.7560180637 -0.0240828104 0.02872438886)
(0.7081499988 -0.02689913315 0.03144280509)
(0.6201445624 -0.01831563643 -0.06436231243)
(0.7116074122 -0.01997898116 -0.0006258844341)
(0.6506646109 -0.0191911387 -0.002953514542)
(0.557353349 -0.02466154857 -0.0007326086596)
(0.5910039068 -0.02114806267 -0.06836131667)
(0.6044017765 -0.02117176484 -0.001807828952)
(0.7116074285 -0.01997393757 0.0006268694656)
(0.6201420811 -0.01830373789 0.06436205949)
(0.650664638 -0.01918723801 0.002953634677)
(0.5573581936 -0.02465742635 0.0007349538886)
(0.5910115112 -0.02113624221 0.06836066243)
(0.6044044259 -0.02116806521 0.001808288793)
(0.009277002643 -0.02348932569 -0.05221646949)
(0.003347744528 -0.01364911514 -0.03356734055)
(0.001002550471 -0.004469063387 -0.01919493552)
(0.008889888409 -0.02335360216 0.000184143488)
(0.003231824101 -0.01354462066 0.0001832294574)
(7.696583742e-05 -0.004504624839 0.0001802475856)
(0.00927584676 -0.02348744748 0.05221536445)
(0.003347273856 -0.01364791185 0.03356654367)
(0.001002443678 -0.004468621534 0.01919446683)
(0.008889689854 -0.02335291811 -0.0001829347591)
(0.003231744059 -0.01354418333 -0.000182436598)
(7.69699922e-05 -0.004504463575 -0.0001797863731)
)
;
    }
    procBoundary2to3
    {
        type            processor;
        value           nonuniform List<vector> 
103
(
(1.309923829 0.08963437085 -2.309839253e-07)
(1.309923829 0.08963437085 -2.309839253e-07)
(1.309923829 0.08963437085 -2.309839253e-07)
(1.309923829 0.08963437085 -2.309839253e-07)
(1.309923829 0.08963437085 -2.309839253e-07)
(1.309923829 0.08963437085 -2.309839253e-07)
(1.267054602 0.07472850732 1.051558778e-06)
(1.231312448 0.06481576286 -9.321306162e-22)
(1.201750693 0.05548021214 -6.476113852e-22)
(1.177618515 0.04770436182 2.3017821e-22)
(1.157787296 0.04130628197 2.966471492e-24)
(1.141359296 0.03587397842 1.742027576e-22)
(1.127678598 0.03127310816 -6.725980689e-23)
(1.116230287 0.0273160636 -2.70747199e-23)
(1.106618301 0.02386481202 5.761347014e-23)
(1.098537333 0.02080342811 4.708676773e-23)
(1.091746472 0.01804497662 7.50851038e-23)
(1.086061879 0.0155191538 5.706902053e-23)
(1.081339359 0.01317104449 6.880885686e-23)
(1.077464691 0.01095875327 0)
(1.07435153 0.008848061329 -5.773299076e-23)
(1.071933349 0.006813001031 5.398454605e-23)
(1.070159897 0.0048310083 4.687617874e-23)
(1.068996221 0.002886778241 -4.522508024e-23)
(1.0684189 0.0009606764567 9.157768612e-23)
(-0.03720057688 0.09240411537 -1.322958828e-05)
(-0.03510097198 0.08631889574 0.06457598573)
(-0.03743856906 0.09256915895 0.06534654602)
(-0.03528675866 0.08627806225 8.002023833e-05)
(-0.02343718499 0.06890191315 0.05466628082)
(-0.02403565522 0.06888458696 -0.0001532055119)
(-0.02343502001 0.06889526284 -0.05466554807)
(-0.02403416573 0.06888148791 0.0001538693874)
(-0.03713335277 0.09796811749 6.604382219e-05)
(-0.03713335277 0.09796811749 6.604382219e-05)
(-0.03704773668 0.0979961187 0.0664368262)
(-0.03704773668 0.0979961187 0.0664368262)
(-0.005648157201 0.1214819435 0.06560742431)
(-0.005707178307 0.1214564454 -1.315165554e-05)
(-0.03720517072 0.09240186003 1.202256838e-05)
(-0.03509319276 0.08630692546 -0.0645769808)
(-0.03745159319 0.09256296956 -0.06534530972)
(-0.03528450357 0.08627381054 -8.124813909e-05)
(-0.03713809478 0.09796755188 -6.739079998e-05)
(-0.03713809478 0.09796755188 -6.739079998e-05)
(-0.03706212484 0.09799363901 -0.06643537193)
(-0.03706212484 0.09799363901 -0.06643537193)
(-0.005687475178 0.121526215 -0.06560921542)
(-0.005719233821 0.121469442 5.397784395e-06)
(0.03467936764 0.09653565136 0.06539615043)
(0.03460751167 0.09658234476 1.63615751e-05)
(0.1084280399 0.06853561271 -3.578528758e-06)
(0.1083937466 0.06854294584 0.06491831906)
(0.2325831284 0.04416245885 -3.794582674e-07)
(0.4127409893 0.02984991732 0.06358571838)
(0.4127392233 0.02991750945 -3.26406924e-06)
(0.2325564592 0.04411814433 0.06441176803)
(0.03461954896 0.09659314649 -0.06539198766)
(0.03458973579 0.09659937741 -7.442384494e-06)
(0.1084330136 0.06853337417 5.393562039e-06)
(0.1084115962 0.06852802041 -0.06491966394)
(0.232584717 0.04416289243 1.254640913e-06)
(0.4127350802 0.0298668416 -0.06358742244)
(0.4127393492 0.02992247862 4.402013336e-06)
(0.2325598698 0.04411593036 -0.06441268846)
(0.6343799762 0.02898275876 0.06242156199)
(0.6344142377 0.02901368591 6.556713381e-08)
(0.8637125392 0.03928375718 -2.848539775e-05)
(0.8637792308 0.03930645549 0.06098869612)
(1.314118631 0.08011290203 0.03158965139)
(1.314118631 0.08011290203 0.03158965139)
(1.314118631 0.08011290203 0.03158965139)
(1.314118631 0.08011290203 0.03158965139)
(1.346309329 0.08228830604 0.02895455441)
(1.314105533 0.08008703384 -0.03159129103)
(1.314105533 0.08008703384 -0.03159129103)
(1.314105533 0.08008703384 -0.03159129103)
(1.314105533 0.08008703384 -0.03159129103)
(1.346288865 0.08227921356 -0.02895780789)
(1.063815027 0.05431233672 -5.694479466e-05)
(1.206063116 0.07185131764 0.05707327203)
(1.205877135 0.07025716567 -7.158284535e-05)
(1.064009758 0.05439535905 0.05935490896)
(0.6344078389 0.02897936497 -0.06242111002)
(0.6344232362 0.02901290209 9.997474549e-06)
(0.863725015 0.03928326008 3.280653717e-05)
(0.8638198517 0.03929848806 -0.06099246036)
(1.063812229 0.05431419593 5.836837751e-05)
(1.2060343 0.07184831885 -0.05707413375)
(1.205868999 0.07025374769 6.773602244e-05)
(1.064005971 0.05440023585 -0.05935624448)
(-0.009781709208 0.0338765622 0.03087048787)
(-0.005465483585 0.01971639551 0.01918559363)
(-0.00151408651 0.006637618816 0.01091888521)
(-0.00978173506 0.03387767031 -0.03087069307)
(-0.00546558828 0.01971709919 -0.01918569191)
(-0.00151415831 0.006637887454 -0.0109189517)
(-0.009941875385 0.03377084122 -0.000114837975)
(-0.005485812563 0.01965848632 -0.0001103553874)
(-0.002001434531 0.006482462857 -0.0001082800374)
(-0.009941647159 0.03377099093 0.0001150091236)
(-0.005485730995 0.0196585389 0.000110470015)
(-0.002001416484 0.006482459624 0.0001083498557)
)
;
    }
}


// ************************************************************************* //
