/*--------------------------------*- C++ -*----------------------------------*\
| =========                 |                                                 |
| \\      /  F ield         | OpenFOAM: The Open Source CFD Toolbox           |
|  \\    /   O peration     | Version:                                        |
|   \\  /    A nd           | Website:  www.openfoam.com                      |
|    \\/     M anipulation  |                                                 |
\*---------------------------------------------------------------------------*/
FoamFile
{
    version     2.0;
    format      ascii;
    class       surfaceScalarField;
    location    "7.8";
    object      phi;
}
// * * * * * * * * * * * * * * * * * * * * * * * * * * * * * * * * * * * * * //

dimensions      [0 3 -1 0 0 0 0];
oriented        oriented;


internalField   nonuniform List<scalar> 
6094
(
0.02000177588
1.138399025e-06
0.01999527349
9.347365991e-06
0.01998039677
1.774191149e-05
0.01995652839
2.672439844e-05
0.01992281055
3.65574628e-05
0.01987806293
4.756550603e-05
0.01982069845
6.015407059e-05
0.01974860868
7.484307629e-05
0.01965900118
9.231448848e-05
0.01954816462
0.000113484748
0.01941112123
0.0001396172827
0.01924110333
0.0001724982646
0.01902874971
0.000214715576
0.01876082539
0.0002701336719
0.018418316
0.0003445151016
0.01797540361
0.0004442141204
0.0174051388
0.0005646302116
0.01666116404
0.0007156125743
0.003878699476
0.001090249483
0.003903264185
0.003878621089
0.003903096784
0.00368060762
0.0001980292276
-2.33727735e-09
-0.0008268611396
0.0007933992431
3.67520105e-05
-3.291316388e-06
-0.0006658025453
0.0005944789297
7.303463944e-05
-1.708627465e-06
-0.0002776826645
-9.978600037e-07
0.0001350072798
0.0001436384303
0.02000627047
-5.134108158e-06
0.02000479744
1.082038483e-05
0.01999506264
2.747670923e-05
0.01997659408
4.519296216e-05
0.0199485953
6.455623625e-05
0.01990995843
8.620238002e-05
0.01985920412
0.0001109083735
0.0197943823
0.000139664896
0.01971293486
0.0001737619237
0.01961150201
0.0002149175917
0.0194856421
0.0002654771921
0.01932942546
0.0003287148917
0.01913483616
0.0004093048745
0.01889106923
0.0005139005974
0.01858294114
0.0006526431867
0.01819054709
0.0008366081657
0.0176671189
0.001088058399
0.01697014103
0.001412590443
0.003953347215
0.002026881212
0.004062309413
0.003953963869
0.004063888797
-0.0003801946959
0.003808001717
0.0005255297147
1.047862313e-08
-0.000135756316
-0.0008652324165
0.0008404823036
0.0001636628596
-3.156430382e-06
-0.0002620974542
-0.0007541335356
0.0007105738544
-2.198576955e-06
0.0003078557124
-0.0004941162453
-0.0005510325029
-2.37479986e-07
0.0004806984463
0.0005646877826
0.01999910912
-4.244953144e-06
0.01999069416
1.923534733e-05
0.01997463225
4.35386112e-05
0.01995043615
6.938906641e-05
0.01991741209
9.758029224e-05
0.01987461697
0.0001289974989
0.01982080507
0.0001647202654
0.01975435898
0.0002061109913
0.01967319919
0.0002549217006
0.01957466456
0.0003134522192
0.01945534812
0.0003847936302
0.01931105055
0.0004730124571
0.01913639972
0.0005839556984
0.01892824532
0.000722054995
0.01867839052
0.0009024979759
0.01840155823
0.00111344045
0.01805245163
0.001437165003
0.01764460919
0.001820432874
0.01713580493
0.002535685473
0.003987849033
0.00353148981
-0.0006323768726
-0.0007375877531
-0.0006343922827
-0.0007383953399
0.00418537842
0.003988129487
0.004185710425
-0.0009936169401
0.001105556593
2.533299941e-08
0.0009106929855
0.001001007189
0.001025842137
0.0009383417358
-0.0003872791001
-0.0009102406426
0.0009127721419
0.000393567617
-8.820015799e-06
-0.0006634651246
-0.0009286090129
-6.949514849e-07
0.0009333257696
0.0006594433201
-0.0009117028898
-0.001002056708
2.508479946e-06
0.001158718876
0.0007525322407
-5.886393777e-05
2.138861679e-05
2.607043868e-07
-1.168133411e-05
4.889595145e-05
0.01999683348
-1.079715318e-06
0.01998684047
2.92283516e-05
0.01996989254
6.048654519e-05
0.01994560751
9.367409109e-05
0.01991343797
0.0001297498336
0.01987264642
0.0001697890406
0.01982227771
0.0002150889783
0.01976112525
0.00026726345
0.01968769496
0.0003283519781
0.01960030506
0.0004008421156
0.01949695868
0.0004881400093
0.01937857454
0.0005913965916
0.01924322564
0.0007193045949
0.01911192097
0.0008533596551
0.01895977675
0.001054642192
0.0188226365
0.001250580699
0.01860325655
0.001656544943
0.01828507073
0.002138618692
0.01805708884
0.002763667367
0.004423459224
0.003666929764
0.004537514359
0.004423027368
0.004537647931
-0.001145550333
0.004399459953
0.001169554295
-4.691489827e-09
-0.000367282988
-0.001028724158
0.001039527488
0.0003611179694
-4.638310154e-06
-0.0005578132112
-0.001156999195
0.001187341139
-2.722367474e-06
0.0005301936352
-0.0006859579851
-0.00133860146
-1.307386269e-07
0.001390562722
0.0006341274624
-0.0005946576332
-0.001516632696
2.182862279e-07
0.001514049922
0.0005970221199
-0.0002150372065
-0.001284823724
2.83271041e-07
0.001187971545
0.0003116061109
-5.03323841e-05
-0.0009165585847
1.215557514e-07
0.0008461728399
0.0001205965714
-5.461021115e-05
-0.0007172526466
-1.163946386e-08
0.0006843555836
8.751891834e-05
0.01999690714
2.012331517e-06
0.0199878531
3.828238787e-05
0.0199726998
7.563985119e-05
0.01995118288
0.000115191
0.01992291233
0.0001580203867
0.01988737595
0.0002053254134
0.01984393536
0.0002585295715
0.01979182514
0.0003193736691
0.01973066306
0.0003895140473
0.01966210062
0.0004694045501
0.01958624876
0.0005639918637
0.01952325245
0.0006543928986
0.01945425745
0.0007882995942
0.01941321314
0.0008944039553
0.01931333163
0.001154523701
0.01913085943
0.001433052895
0.01901536457
0.0017720398
0.01888927537
0.002264707885
0.01882633833
0.002826604408
0.01897582265
0.003517445449
0.004812863688
0.004334055363
-0.001169063193
-0.001243252683
-0.001168903597
-0.001243147022
0.004920318363
0.004812645492
0.004920306237
-0.001424561575
0.004885470235
0.001351962864
-7.834613345e-09
-0.0004386860018
-0.005054763951
0.001585636666
1.426076072e-08
-0.0004338405249
-0.0004522644954
-0.0004387013602
0.001238498218
0.0013724274
0.001383356769
0.00123832303
-0.0005012430328
-0.001342458026
0.001397239474
0.0004577759786
-1.131439337e-05
-0.0004847766591
-0.0015220092
0.001556664408
-1.589527901e-06
0.0004517109788
-0.0003914645103
-0.001631803477
0.001645773645
-2.346806619e-07
0.0003777290225
-0.0002637034265
-0.001640335357
-5.399379143e-08
0.001625517178
0.0002785755986
-0.0001823177752
-0.001569189418
0.001551058579
0.0002010550335
-6.064188992e-07
0.01999732098
4.691005475e-06
0.0199896291
4.597426848e-05
0.01997682254
8.844640614e-05
0.01995874472
0.000133268818
0.01993516846
0.0001815966453
0.01990580985
0.0002346840218
0.01987034357
0.000293995856
0.01982908239
0.0003606348404
0.01978911292
0.0004294835184
0.01976164812
0.0004968693411
0.01973367806
0.00059196192
0.01973526712
0.000652803828
0.01969086501
0.0008327017034
0.0195745739
0.001010695064
0.01951352752
0.001215570068
0.01942297421
0.001523606205
0.01934080309
0.001854210915
0.01934544411
0.002260066872
0.01947064323
0.00270140528
0.01976349025
0.003224598436
0.02030194833
0.003795597281
0.02111965713
0.004328701542
-0.00128118212
-0.001292032723
-0.001280932819
-0.001292262679
0.005549858335
0.00473384064
-0.001461614117
-0.001462785754
-0.001461566528
-0.001462608996
0.005567453592
0.005549728649
0.005567351308
-0.001478788771
0.005687979573
0.001340650915
1.661892427e-08
-0.0003602630533
-0.005851900548
0.006012514153
0.001296777573
8.798749467e-10
-0.0003549361984
-0.0003803694512
-0.0003618233434
-0.0003316191083
-0.006152918705
0.006267707588
0.001163971978
9.004906775e-09
-0.0003087092726
-0.0003306630447
-0.0003077784225
-0.0002760267541
-0.006354862568
0.006427235701
0.0009846976398
2.899766332e-08
-0.0002536004463
-0.0002749445692
-0.0002525279807
0.01999779991
6.891190162e-06
0.01999158487
5.218931e-05
0.01998131401
9.871725918e-05
0.01996692869
0.0001476541414
0.0199483549
0.0002001704268
0.01992552197
0.0002575169536
0.01989876694
0.0003207508861
0.01987522163
0.0003841801484
0.01988464165
0.0004200634948
0.0199106227
0.0004708882808
0.01989594465
0.0006066399684
0.01981971235
0.0007290361178
0.01978928124
0.000863132809
0.01972645001
0.001073526294
0.01965580487
0.0012862152
0.01963034674
0.001549064335
0.01964700791
0.001837549748
0.01975287665
0.002154198131
0.01995467209
0.002499609838
0.02026820233
0.002911068194
0.02077265888
0.003291140731
0.02142958011
0.003671780309
0.0222368959
0.003926524855
0.02308114417
0.003993821053
-0.001234684546
-0.001184362313
-0.001234660544
-0.001184361928
0.02385433115
0.003814545192
-0.001181075124
-0.001112808252
-0.001181089846
-0.001112758966
0.02448739635
0.003479930902
-0.001070027207
-0.0009865393149
-0.001069999125
-0.0009864304585
0.002985269867
-0.0008998040506
-0.0008348032641
-0.000900116292
-0.0008353788968
0.01999829605
8.595637317e-06
0.01999360584
5.687951449e-05
0.01998594052
0.0001063825803
0.01997533028
0.0001582643799
0.01996183394
0.0002136667581
0.01994577898
0.0002735719104
0.01992976572
0.0003367641457
0.01993496585
0.0003789800167
0.01998030081
0.0003747285314
0.01994987362
0.0005013154634
0.01994062217
0.00061589142
0.01989881622
0.0007708420597
0.01984429261
0.0009176564112
0.0198192877
0.001098531206
0.0198130116
0.001292491296
0.01984798818
0.00151408775
0.01992789022
0.001757647709
0.02005889587
0.002023192479
0.02027350434
0.002285001368
0.02059030067
0.002594271875
0.02102959161
0.002851849781
0.02157738458
0.003123987341
0.02218966087
0.003314248557
0.02285150083
0.003331981084
0.02346951558
0.003196530445
0.02399804103
0.00295140546
0.002549622385
0.01999879001
9.806329026e-06
0.01999561629
6.005322478e-05
0.01999053069
0.0001114681799
0.01998363503
0.0001651600345
0.01997553715
0.0002217646314
0.01996918629
0.0002799227707
0.01996758268
0.0003383677486
0.01999803673
0.0003485259719
0.0200177384
0.0003550268542
0.01999121023
0.0005278436266
0.0199514514
0.000655650251
0.01993276929
0.000789524161
0.0199236497
0.0009267760021
0.01994028524
0.001081895661
0.01997837754
0.001254398993
0.02004763715
0.001444828142
0.02014662558
0.001658659281
0.02032882986
0.001840988194
0.02053320294
0.002080628294
0.02084575549
0.002281719331
0.02119249269
0.002505112578
0.0216261864
0.002690293635
0.02212711738
0.002813317575
0.02265167637
0.002807422086
0.02315219456
0.002696012248
0.02359367624
0.002509923773
0.002184891766
0.01999926719
1.054004019e-05
0.01999755518
6.17652282e-05
0.01999494535
0.0001140780074
0.01999220488
0.0001679004941
0.01999602004
0.0002179494728
0.02001945153
0.0002564912705
0.02004707588
0.0003107433997
0.02008692235
0.0003086794965
0.02002385664
0.0004180925642
0.01999633961
0.0005553606529
0.01998743202
0.0006645578414
0.01999832276
0.0007786334213
0.02002149378
0.0009036049802
0.02006117595
0.001042213485
0.02012100072
0.001194574225
0.02018861244
0.001377216417
0.02031968236
0.001527589357
0.02048197839
0.001678692176
0.02069674202
0.001865864663
0.02097156338
0.002006897969
0.02129351537
0.002183160591
0.02164519522
0.002338613787
0.02205319363
0.002405319167
0.02247729084
0.002383324887
0.02288711755
0.002286185533
0.02325685868
0.002140182629
0.001872981078
0.01999971605
1.0824983e-05
0.01999941858
6.206269449e-05
0.01999959965
0.0001138969387
0.02000738244
0.0001601176991
0.02004497144
0.0001803604707
0.0201062947
0.0001951680034
0.02012103024
0.0002960078556
0.02006555978
0.0003641499597
0.02002483807
0.0004588142715
0.02002716851
0.0005530302104
0.02004381126
0.0006479150895
0.02007100726
0.000751437412
0.02010974812
0.0008648641232
0.02016349187
0.0009884697327
0.0202155995
0.001142466598
0.02032295454
0.001269861372
0.02047363636
0.001376907546
0.02062165065
0.001530677888
0.02084004992
0.001647465389
0.02105592977
0.001791018123
0.02131991585
0.001919174516
0.02163024226
0.002028287377
0.02197176875
0.002063792673
0.02232154446
0.002033549172
0.02266095997
0.001946770023
0.02297177885
0.001829363749
0.001607683561
0.02000021331
1.061256905e-05
0.02000236016
5.99158444e-05
0.02000916386
0.0001070932351
0.02003982356
0.000129457995
0.02007992445
0.0001402595729
0.02006163112
0.0002134613307
0.02005372792
0.0003039110577
0.0200419681
0.000375909773
0.02004854202
0.000452240348
0.02006875899
0.0005328132444
0.02009689372
0.0006197803592
0.02013422913
0.0007141019928
0.02018309759
0.0008159956664
0.02022577881
0.0009457885106
0.02030531249
0.001062932919
0.02041746527
0.001157708588
0.02054464276
0.00124973006
0.02070302902
0.001372291632
0.02089527753
0.001455216882
0.02111018035
0.001576115307
0.02133270475
0.001696650108
0.0215993687
0.001761623431
0.02188727768
0.001775883695
0.02217972202
0.001741104835
0.02246376962
0.001662722419
0.02272658349
0.001566549877
0.001380760121
0.02000210029
8.513177526e-06
0.02001402704
4.798908999e-05
0.02003406046
8.705980843e-05
0.02006693815
9.6580303e-05
0.02005266245
0.0001545352663
0.02003598535
0.0002301384312
0.02004270385
0.00029719256
0.02005671624
0.0003618973842
0.02007812394
0.0004308326467
0.02010615029
0.000504786887
0.02014172094
0.0005842097057
0.02018654049
0.0006692824477
0.02022641861
0.0007761175453
0.02028774815
0.000884458967
0.02038184181
0.0009688392536
0.02050799278
0.001031557619
0.02062028738
0.001137435462
0.02078564073
0.001206938288
0.02093452657
0.001306331039
0.02111231497
0.0013983269
0.02132173464
0.001487230445
0.02155606097
0.001527297104
0.02180200681
0.001529937858
0.02204958083
0.001493530812
0.02228976638
0.001422536874
0.02251355908
0.001342757166
0.001185953669
0.02000965074
-1.136765796e-06
0.02003789377
1.974605423e-05
0.02005789815
6.705543402e-05
0.02004450039
0.0001099780554
0.02003247745
0.0001665582062
0.02003873164
0.00022388424
0.02005524038
0.0002806838153
0.02007681823
0.0003403195362
0.02010390939
0.0004037414849
0.02013744654
0.0004712497312
0.02017865653
0.000542999715
0.02022104156
0.0006268974207
0.02026386244
0.0007332966645
0.02033646421
0.0008118571883
0.02042565043
0.0008796530361
0.02053209986
0.0009251081854
0.0206492828
0.001020252522
0.02080104165
0.001055179431
0.02096027557
0.001147097118
0.02111411087
0.001244491604
0.02130139428
0.001299947037
0.02150622562
0.001322465764
0.02171836558
0.001317797893
0.02193037921
0.001281517179
0.02213556227
0.001217353817
0.0223276402
0.001150679231
0.001017789776
0.02001480627
-1.594243832e-05
0.02001956981
1.498251738e-05
0.02002357309
6.305214749e-05
0.02002385052
0.0001097006308
0.02003213996
0.0001582687605
0.02004793422
0.0002080899799
0.02006855577
0.0002600622623
0.02009409752
0.0003147777926
0.02012532412
0.0003725148801
0.02016313264
0.0004334412106
0.02020853536
0.0004975969898
0.02023693739
0.0005984953803
0.02029985175
0.0006703823065
0.02037608441
0.0007356245205
0.02046918417
0.0007865532714
0.02056349944
0.0008307929142
0.02068333466
0.0009004173023
0.02080435683
0.0009341572654
0.02094740864
0.001004045306
0.02110129317
0.001090607073
0.02127247517
0.001128765036
0.02145324999
0.001141690944
0.02163817582
0.001132872055
0.02182174469
0.001097948312
0.02199880825
0.001040290264
0.02216509486
0.0009843926163
0.0008716325883
0.02002522237
-1.931906564e-06
0.02001766557
2.253931972e-05
0.02001994153
6.077618714e-05
0.0200278137
0.0001018284604
0.02004112698
0.0001449554779
0.02005921203
0.0001900049281
0.02008213135
0.0002371429438
0.02011036043
0.0002865487112
0.0201445108
0.0003383645014
0.0201853056
0.0003926464099
0.02021258035
0.0004703222353
0.0202627131
0.0005483626225
0.02032811166
0.0006049837501
0.02041006027
0.0006536759017
0.0205131514
0.0006834621326
0.02059984608
0.0007440982308
0.02072432753
0.0007759358584
0.02082468247
0.0008338023255
0.02094144546
0.000887282316
0.02108466187
0.0009473906623
0.02123927303
0.0009741538734
0.0213999341
0.0009810298758
0.02156280687
0.0009699992926
0.02172347368
0.0009372814981
0.02187785509
0.0008859088592
0.02202317508
0.0008390726177
0.0007435578136
0.02003552512
5.677177972e-06
0.02002905442
2.901002053e-05
0.02003076525
5.906535671e-05
0.02003885293
9.374077534e-05
0.0200524902
0.0001313182106
0.02007140544
0.0001710896846
0.02009569444
0.0002128539506
0.02012565867
0.0002565844771
0.02016174355
0.0003022796172
0.02019889291
0.0003554970454
0.02022608545
0.0004431296932
0.02028256636
0.0004918816985
0.02034781873
0.0005397313834
0.02042381199
0.0005776826338
0.02050963151
0.0005976426008
0.02060116418
0.0006525655636
0.02071445642
0.0006626436133
0.02083018687
0.000718071884
0.02093549323
0.0007819759536
0.02106464515
0.00081823874
0.02120428208
0.0008345169463
0.02134831731
0.0008369946457
0.02149325339
0.0008250632121
0.02163539796
0.0007951369267
0.02177143868
0.0007498681368
0.02189972893
0.0007107823647
0.0006302755598
0.02003500161
7.148268124e-06
0.02003441405
2.959758757e-05
0.02003800996
5.546944424e-05
0.02004692202
8.48287158e-05
0.02006131655
0.0001169236797
0.02008121242
0.0001511938108
0.02010672254
0.0001873438267
0.02013808147
0.0002252255448
0.02017561678
0.0002647443092
0.02019078038
0.0003403334357
0.02024066558
0.0003932444972
0.02029792912
0.0004346181524
0.02036439008
0.0004732704126
0.0204418445
0.0005002282091
0.02051787044
0.0005216166617
0.02061144618
0.0005589898194
0.02070280426
0.0005712855282
0.02080788978
0.0006129863612
0.02091930244
0.0006705632908
0.02104163545
0.0006959057359
0.02116950125
0.0007066511395
0.02129993887
0.0007065570244
0.02143030283
0.0006946992524
0.02155747089
0.0006679688676
0.02167869016
0.0006286488674
0.0217931795
0.0005962930133
0.0005290395604
0.02003294707
6.250103787e-06
0.02003552764
2.701701019e-05
0.02004145976
4.953732355e-05
0.02005195793
7.433055157e-05
0.02006759271
0.0001012889011
0.02008864169
0.0001301448223
0.02011531547
0.0001606700462
0.0201478492
0.0001926918156
0.02016892518
0.0002436683249
0.02020165105
0.0003076075602
0.02025228698
0.0003426085685
0.02031029328
0.0003766118438
0.02037973022
0.0004038334771
0.02046292817
0.000417030254
0.02053307038
0.0004514744452
0.02062965817
0.0004624020323
0.02070831979
0.0004926239055
0.02079706734
0.0005242388105
0.02090429847
0.0005633321559
0.02101867254
0.0005815316633
0.02113655598
0.0005887677
0.02125590395
0.0005872090527
0.02137448922
0.0005761139728
0.02148959983
0.0005528582568
0.02159889284
0.0005193558568
0.0217022596
0.0004929262468
0.0004375416357
0.02003053115
4.63735205e-06
0.02003483406
2.271410035e-05
0.0200426331
4.1738286e-05
0.02005474009
6.222356068e-05
0.0200717272
8.430178688e-05
0.02009396866
0.0001079033616
0.02012174031
0.0001328983926
0.02015527701
0.0001591551141
0.0201655969
0.0002333484311
0.02021071406
0.0002624904067
0.02026169484
0.0002916277867
0.02031881407
0.0003194926129
0.0203826145
0.0003400330398
0.02045285122
0.0003467935393
0.02052609391
0.0003782317538
0.02061472163
0.0003737743036
0.02070599108
0.0004013544557
0.02078977952
0.0004404503606
0.02088996255
0.0004631491313
0.02099693893
0.000474555278
0.02110663083
0.0004790758026
0.02121702911
0.000476810762
0.02132617148
0.0004669716084
0.02143165411
0.000447375618
0.02153143398
0.0004195759874
0.02162592425
0.0003984359664
0.0003538260865
0.02002813988
2.718071529e-06
0.02003346117
1.739281022e-05
0.02004258763
3.261181716e-05
0.02005602879
4.878240323e-05
0.02007423974
6.609083419e-05
0.02009757922
8.456388389e-05
0.0201263295
0.000104148116
0.02013248214
0.0001530024697
0.0201728239
0.0001930066704
0.02021857333
0.0002167409758
0.02026980425
0.0002403968699
0.0203265216
0.0002627752536
0.02038805711
0.0002784975244
0.02045270921
0.0002821414349
0.02052448524
0.0003064557217
0.02060205608
0.0002962034572
0.02068752275
0.0003158877887
0.02077802802
0.0003499450872
0.02087592957
0.0003652475783
0.02097742545
0.0003730594
0.02108061497
0.0003758862793
0.02118393362
0.000373492106
0.02128564314
0.0003652620948
0.02138356843
0.0003494503271
0.02147588123
0.0003272631845
0.02156340412
0.0003109130709
0.000276220503
0.0200259136
6.413740528e-07
0.0200318655
1.144090234e-05
0.0200419105
2.256681874e-05
0.02005637129
3.432161208e-05
0.02007558514
4.687697711e-05
0.02009985568
6.029335149e-05
0.02011885911
8.514469119e-05
0.02013822752
0.0001336340559
0.02017936614
0.000151868054
0.0202257421
0.000170365007
0.0202773007
0.0001888382634
0.02033383454
0.0002062414112
0.02039436275
0.0002179693083
0.02045667804
0.0002198261353
0.02052658393
0.0002365498228
0.02060118809
0.0002215992973
0.02067972556
0.0002373503105
0.02076936425
0.0002603064006
0.02086392876
0.0002706830691
0.02096097592
0.0002760122396
0.02105915154
0.0002777106571
0.02115705078
0.0002755928654
0.02125309052
0.0002692223601
0.02134525797
0.0002572828683
0.02143187409
0.0002406470715
0.02151408193
0.0002287052193
0.0002032706185
0.02002388201
-1.515936328e-06
0.02003023643
5.086473175e-06
0.02004091076
1.189249239e-05
0.02005611871
1.91136615e-05
0.0200761072
2.688849285e-05
0.02010111797
3.52825755e-05
0.02010679364
7.946902462e-05
0.02014350091
9.692678324e-05
0.02018544472
0.0001099242445
0.02023258205
0.0001232276782
0.02028475941
0.0001366608901
0.02034158318
0.0001494176412
0.02040180836
0.000157744115
0.02046292151
0.0001587129782
0.02053038627
0.0001690850633
0.02060050146
0.0001514841065
0.02067583517
0.0001620166019
0.02076277545
0.0001733661162
0.02085441516
0.0001790433593
0.02094817616
0.0001822512411
0.02104270434
0.0001831824736
0.02113667657
0.0001816206397
0.02122861834
0.0001772805884
0.02131662654
0.0001692746605
0.02139911187
0.0001581617424
0.02147746833
0.0001503487473
0.0001336852606
0.02002204819
-3.71592629e-06
0.02002865815
-1.52349647e-06
0.02003975637
7.942789948e-07
0.02005549073
3.37930234e-06
0.02007604532
6.333904873e-06
0.02008351493
2.781295626e-05
0.02011086754
5.211641669e-05
0.02014833933
5.945499186e-05
0.02019113431
6.712926374e-05
0.02023922474
7.513724686e-05
0.02029245805
8.342757866e-05
0.02035042053
9.145515482e-05
0.02041178622
9.637842348e-05
0.02047271274
9.778646009e-05
0.02053210946
0.0001096883446
0.02059029553
9.329803803e-05
0.02067091991
8.139221557e-05
0.02075784863
8.643739329e-05
0.02084780387
8.908812241e-05
0.02093944015
9.061496024e-05
0.02103160231
9.10203042e-05
0.02112303024
9.01927128e-05
0.02121231895
8.799187145e-05
0.02129763003
8.396358067e-05
0.02137739734
7.839443565e-05
0.02145323271
7.451336323e-05
6.629561749e-05
0.01972484857
0.01972332508
0.01972411935
0.01972749866
0.01973383256
0.01976164552
0.01981376193
0.01987321692
0.01994034619
0.02001548343
0.02009891101
0.02019036617
0.02028674459
0.02038453105
0.0204942194
0.02058751743
0.02066890965
0.02075534704
0.02084443516
0.02093505012
0.02102607042
0.02111626313
0.021204255
0.02128821858
0.02136661302
0.02144112638
-0.0004529054398
-9.021994714e-07
-0.0004025678476
0.0003622592422
-0.0002776670966
-1.007844917e-06
0.0001349962552
0.0001436445406
0.0004941623001
-0.0004529626968
-8.938325911e-07
-0.0004025921281
0.0003622863579
-0.0008277348301
-5.40196562e-07
-0.0006583476071
0.0008231575093
0.0009191235145
0.0008562389303
-6.499465169e-07
-0.0009866952188
-0.0007880172793
-0.0005509965283
-2.428167233e-07
0.0004807221233
0.0005646795241
0.0006636021975
-0.0008277941842
-5.555403976e-07
-0.0006583678299
0.0008231153575
0.0009191046354
0.0008562106035
-6.347811327e-07
-0.0009867318033
-0.0007879486541
1.66856783e-07
7.253769663e-06
0.0009116861435
1.659059089e-07
7.25258668e-06
-4.665811693e-05
4.814743563e-05
-2.378073579e-07
-1.251509373e-06
-4.670204267e-05
4.819336778e-05
-2.389992716e-07
-1.252323886e-06
1.552948977e-07
-7.089308496e-05
-3.478426343e-05
5.891060624e-05
1.356207721e-07
-7.091532565e-05
-3.483294092e-05
-0.00131930241
-6.7556799e-08
-0.000731364331
0.001364776313
0.001373205211
0.000675105221
-1.501043951e-07
-0.0006591705369
-0.001388989794
-0.001002072018
2.483558028e-06
0.001158776956
0.0007524976507
-0.001319252434
0.0006859644874
-7.495847985e-08
-0.0007314158078
0.001364778714
0.00137319766
0.0006751237703
-1.402644595e-07
-0.0006591968509
-0.001388984317
1.282255649e-06
-0.0005264287843
0.001303694103
0.0008994482097
0.0002735466581
4.97536737e-07
-0.0001280064869
-0.001045485922
0.0005946239797
1.289470271e-06
-0.0005264201193
0.001303704326
0.0008994543234
0.0002735380612
5.042072959e-07
-0.0001280019867
-0.001045494608
9.295954781e-07
-9.957943139e-05
0.0007830608406
0.0005455483422
5.634564141e-05
-1.077155804e-07
3.342564552e-06
-0.0006051288341
0.0002150364836
9.363831691e-07
-9.957459534e-05
0.0007830560489
0.0005454413974
5.646076534e-05
-1.19206267e-07
3.294526431e-06
-0.0006050774838
2.555359701e-07
3.367353953e-05
3.560697808e-05
1.3140541e-07
-4.777207853e-06
0.0004998617628
0.0004373764058
4.730272462e-05
-4.861721238e-08
-3.408649654e-05
-0.0004505440169
-2.137417437e-05
2.88842849e-07
3.368942238e-05
3.558927989e-05
5.01514135e-05
1.444519227e-07
-4.763516387e-06
0.0004999090506
0.0004373071809
4.733700369e-05
-9.138826338e-09
-3.408209923e-05
-0.0004505529462
-4.776331342e-07
0.0001258508967
-0.0004030764893
-0.0007253202517
-0.0002060647541
0.0006710776593
-1.790106989e-06
0.0004276799662
-4.266531814e-07
-0.0003434790906
-0.0005366796611
-0.0006657768912
-1.717433885e-06
0.0005944619002
7.30368464e-05
-4.83760701e-07
0.0001258697763
-0.0004030728649
-0.0007252216734
0.0002621316644
-1.813741011e-06
-0.0002060905576
0.0006709943077
0.0004276271335
-4.079114706e-07
-0.0003435667365
-0.0005366151805
-0.0001203049918
-0.0001636118559
-6.65580694e-08
0.0002709465879
1.926778695e-09
1.303489149e-05
0.0001337276701
0.0001432175916
2.386771741e-09
-0.0002779801529
3.139140563e-07
0.000120195089
1.446033288e-05
-1.169335848e-06
0.0001654063623
0.0002850762924
-0.0003056748877
2.086767848e-09
1.369638364e-05
0.0002843114872
1.750313704e-09
-0.0003058768357
0.0002718951444
1.363975873e-05
-3.304876057e-07
4.017664745e-05
-1.294619693e-06
3.954934432e-05
-5.385478655e-10
-5.623561532e-07
-5.980247128e-07
-0.0009994792253
0.0008542594743
-0.001110337406
-0.0005973243965
0.00115187718
-2.028588455e-06
0.0006685320449
-3.693074617e-07
-0.0007350003134
-0.001252464836
-0.0009284509429
-7.042205188e-07
0.0009333867377
0.0006593706237
-5.88947869e-07
-0.0009995504149
0.0008542779502
-0.001110265592
0.0005577901747
-2.036780895e-06
-0.0005973289737
0.001151841173
0.0006686044541
-3.708264324e-07
-0.00073497924
-0.001252506822
-0.0005620189807
-0.001179051091
4.144998206e-07
0.00105150078
-1.065930395e-09
0.0006891558572
0.001160498922
0.0007526764048
-0.0009107787242
-9.519374591e-09
-0.0009998786021
-2.395726074e-06
0.0005642381868
0.0005982206262
-1.344208514e-06
8.492218672e-07
0.001178960456
0.0007633335514
-0.001190610989
0.0005969369582
1.556972682e-09
-8.543012294e-07
-3.733780876e-09
0.0007631473988
-0.001188669131
0.001054570386
0.0006890427586
6.060145048e-07
-0.0005399060475
0.0005525713183
-1.327128601e-05
-0.0005393213192
0.0005528223996
-7.525230995e-10
-1.289431563e-05
-1.218698667e-05
-5.539745989e-05
-8.493908173e-08
4.891018512e-05
-7.712514846e-09
1.876691357e-05
-3.332716467e-07
1.310430002e-05
-8.90294415e-06
-3.868081734e-06
2.281295774e-07
5.525934143e-05
-5.181359562e-05
-3.892769064e-08
-3.634946955e-06
-9.443296016e-06
-3.312499624e-09
-3.073651214e-06
-5.163334343e-05
-4.826603483e-09
-1.811125033e-07
-3.350053204e-06
4.903597727e-05
1.924272883e-05
-9.96627524e-09
-3.463661635e-05
0.0004174127834
2.660027829e-07
-1.162462575e-05
4.889505234e-05
5.445066596e-05
1.437895075e-08
-3.464010445e-05
0.0004174822432
2.984623403e-08
-0.001385094002
0.0003737870905
-0.001539348177
-0.0005238820665
0.001578984902
-5.313191331e-07
0.00164420808
0.0004179144387
-0.0004295569086
-0.00163236067
-2.049407677e-07
-0.001516679076
2.47833793e-07
0.001514128113
0.0005969271079
0.001284842634
3.235413994e-08
-0.001385129114
0.0003737921849
-0.001539351571
0.0004848061155
-5.070372674e-07
-0.0005239356352
0.001578988128
0.001644231803
0.0004179017926
-2.004673462e-07
-0.0004295636462
-0.001632369483
2.003912913e-08
-0.001003514662
0.0001432816802
-0.0003926288516
0.00164548954
-1.171163471e-07
0.00158955967
0.0002986262296
-0.0002717073683
-0.001616413467
-6.506453541e-08
2.852691956e-07
0.001187984826
0.0003116090212
0.0009167615131
-1.900120978e-08
-0.001003446063
0.0001431643179
0.0003914410693
-1.202197628e-07
-0.0003926225156
0.001645533469
0.001589257949
0.0002984160596
-9.796036087e-08
-0.0002711173577
-0.001616458692
-0.0002505721211
0.0005104981286
-7.117357129e-07
1.482783762e-09
1.173083467e-05
-0.0004024339284
0.0003619657005
6.787464641e-10
0.0004929054144
-0.0004533400614
-8.365611692e-07
0.0002522373119
-0.0003688923024
-1.218351789e-06
-0.0005110965734
0.0003619540181
0.0005126201514
8.617180619e-10
-0.0003695319781
0.0003606219141
1.339375093e-09
0.0005106222343
1.232415684e-05
-1.581208456e-07
0.0003460767291
1.603541326e-05
2.552836025e-10
0.0003449520011
1.55115431e-05
-0.0001203046128
-0.000163610276
-6.241716276e-08
0.0002709445037
1.30347305e-05
0.0001337286546
0.0001432113337
-0.0002779798402
3.080042609e-07
0.000120192215
1.445861605e-05
-1.178549862e-06
0.0001653976466
0.0002850855392
-0.0003056600944
1.369616204e-05
0.000284298928
-0.0003058746669
0.0002718888199
1.363863155e-05
-0.0002505752073
0.000510498562
-7.082144361e-07
1.173085494e-05
-0.0004023937195
0.0003619579223
0.0004929386019
-0.0004533959526
-8.455067463e-07
0.0002522370416
-0.0003688981196
-1.222872175e-06
-0.0005110940709
0.0003619591334
0.0005126441704
-0.0003695146403
0.0003606257404
0.0005106092172
1.232358359e-05
-1.580868165e-07
0.0003460822555
1.603496661e-05
0.0003449565677
1.551134541e-05
-0.0007229778157
0.0004955633403
1.166387188e-06
0.0007158473055
1.071541499e-09
-0.0004896002879
1.640116764e-06
0.0007225249967
-0.0003872959276
9.207544687e-06
-2.27654154e-07
-0.0004967673241
0.0004889545359
8.040441424e-06
3.011029e-10
-0.0003850181648
8.632172276e-06
0.0004873523613
6.244657173e-10
7.982705939e-06
0.0007181772601
-0.0004912531949
0.0005037580105
0.0008428906284
4.001843416e-07
9.088131554e-10
-0.0006312024263
-0.0009880230884
-0.0007863623266
-6.635992813e-10
0.0009179520434
0.0008557840886
2.550974618e-06
-0.0005064435605
6.151906066e-06
-6.066329015e-07
-0.0008438702748
-0.0008125097953
0.000868969425
3.036462553e-09
5.635224758e-06
-1.950328243e-09
-0.0008121207846
0.0008680444066
-0.0006317363886
-0.000722993474
0.0004955789275
1.167396419e-06
0.0007158422657
-0.0004895940435
1.63708757e-06
0.0007225536011
-0.0003873157569
9.207326379e-06
-2.273464331e-07
-0.0004967946719
0.0004889821777
8.03983945e-06
-0.0003850308301
8.6313139e-06
0.0004873703167
7.981887781e-06
0.0007181668241
-0.0004912404955
0.0005037670469
0.000842887949
4.002443989e-07
-0.0006312120617
-0.0009880589892
-0.0007863048163
0.0009179557009
0.0008557726626
2.553641674e-06
-0.0005064563997
6.153133986e-06
-6.078831084e-07
-0.0008438638062
-0.0008124748393
0.000868997876
5.635055068e-06
-0.0008120723467
0.0008680456482
-0.0006317531356
-7.331291553e-09
7.347511381e-06
0.0009107670522
7.347229548e-06
-1.781524978e-09
-4.727211865e-05
4.76392724e-05
-6.031782208e-07
-4.726244761e-05
4.762460124e-05
-6.029267542e-07
-7.076506339e-05
-3.500053269e-05
-7.711162496e-10
5.864954499e-05
2.437177712e-07
-4.196734332e-07
4.538673204e-08
8.00706799e-05
-1.299733736e-09
-1.351619772e-07
-1.711859798e-09
7.980653223e-05
-3.309562274e-07
4.019203283e-05
-1.292670254e-06
3.955251313e-05
-5.614507997e-07
-7.077227573e-05
-3.500840385e-05
5.865307583e-05
2.468987082e-07
-4.216701687e-07
5.055557723e-08
8.002168235e-05
-1.357555256e-07
7.982320621e-05
-0.000600217929
0.001069861466
-2.795594336e-06
2.632265473e-09
0.0005846502018
5.41670011e-07
0.0006005724606
-2.893505106e-06
-1.831032191e-06
-0.00106783875
0.0005347376112
-4.973875384e-06
9.807249218e-10
-2.74028699e-06
1.516397983e-09
0.0005330469053
-4.339311756e-06
0.0005845084966
-0.0005620268633
-0.001179061572
4.139131075e-07
0.001051495754
0.0006891777003
0.00116052547
0.0007526530986
-0.0009999374748
-2.394273992e-06
0.0005642595774
0.0005982572699
-1.345615837e-06
8.356653709e-07
0.001178978697
0.0007633441626
-0.001190660874
0.0005969605014
-8.546126963e-07
0.0007631461584
-0.001188722702
0.001054561402
0.0006890907836
-0.0006002409871
0.001069881416
-2.791451826e-06
0.0005846494096
5.390195474e-07
0.000600613589
-2.895339541e-06
-1.83028472e-06
-0.001067869697
0.0005399098861
0.000534765367
-4.975272802e-06
-2.740485052e-06
0.0005393251918
0.0005330666806
-4.339222798e-06
0.0005845138389
-0.001076172791
0.0003661773741
1.875689426e-06
0.0007120330967
-3.372431319e-09
-3.91000148e-06
-0.0005263680351
0.001304529079
-8.709164948e-09
0.0005951455055
-0.001372015583
2.408068765e-06
0.001074099484
-0.00105036502
6.870626519e-07
-0.0003673192961
0.001192994616
0.0004773317204
-4.794681202e-09
-0.001047305572
0.001192964318
-2.442979711e-09
0.0004784316327
0.000713138664
-4.482784867e-06
0.0005088403087
0.0002135697287
-3.224745021e-07
-3.292330308e-09
-1.005117687e-05
-0.0001276091667
-0.00104550739
-1.824154386e-09
0.0008993415062
0.0002742744131
-5.347067895e-07
-0.0005079089672
0.0003899377048
-9.500520359e-06
1.201407695e-06
-0.0002153216085
0.0003616288906
-2.153603589e-09
0.000389530806
-8.832216301e-06
-2.170484923e-09
0.0003622302399
-1.041438009e-05
6.063682242e-07
0.0005525717852
-1.326826862e-05
0.0005528234646
-1.289266012e-05
-0.001076177072
0.0003661802891
1.868944878e-06
0.0007120338254
-3.909365592e-06
-0.0005263491493
0.001304496281
-0.001372016814
0.0005951504385
2.417976171e-06
0.001074103494
-0.001050369807
6.996732891e-07
-0.0003673140174
0.001193015147
0.0004773035213
-0.001047289575
0.001192959082
0.0004784147209
0.0007131387072
-4.480284774e-06
0.0005088486666
0.0002135606786
-3.279630557e-07
-1.005084259e-05
-0.0001276148563
-0.001045500813
0.0008993443081
0.0002742737392
-5.290714586e-07
-0.000507925221
0.0003899519408
-9.499637375e-06
1.209321465e-06
-0.0002152983506
0.000361609566
0.000389534821
-8.832229948e-06
0.0003622261059
-1.041282388e-05
-4.507719016e-07
-4.430939281e-05
-7.053429399e-06
-4.595239997e-05
-1.15730874e-09
-6.130556277e-06
-0.0003041715193
5.119151758e-05
2.603908845e-07
0.0002609914078
-1.753941913e-09
-8.270046014e-06
-9.859890847e-05
0.0007835352524
-2.463722289e-09
0.0002153372188
3.638084756e-07
0.0003033421206
-1.334765678e-05
3.298299562e-07
-5.154057796e-05
0.0006851543394
0.0001491172473
-2.511356642e-09
-1.287330869e-05
0.0006855871451
-1.49196615e-09
0.0001494709416
0.0002609253356
-8.863409952e-06
0.0002580432394
1.107115022e-05
-6.305754525e-07
-3.266770008e-09
-7.489142053e-06
3.024592075e-06
-0.0006053429587
4.189364305e-10
0.0005454439808
5.676625083e-05
-3.585458962e-07
-0.0002562958113
0.0002156875264
3.372402235e-07
-1.184600053e-05
9.153426425e-05
-2.763422392e-09
0.0002147596502
-2.030978669e-09
9.165460515e-05
-7.847053516e-06
-4.505421344e-07
-4.43080651e-05
5.181298864e-05
-7.05437837e-06
-4.594863841e-05
5.162788914e-05
-6.130945962e-06
-0.0003041775111
5.119889875e-05
2.566629324e-07
0.0002609903805
-8.270192326e-06
-9.859687254e-05
0.000783535876
0.0002153392271
3.688048649e-07
0.0003033554706
-1.334692486e-05
3.365598262e-07
-5.155280026e-05
0.0006851409857
0.0001491313035
-1.287328081e-05
0.0006855936508
0.000149476192
0.0002609225935
-8.863266224e-06
0.0002580412854
1.107103463e-05
-6.358817287e-07
-7.489326701e-06
3.015096225e-06
-0.0006053612192
0.0005453865411
5.684079757e-05
-3.506070465e-07
-0.0002562879611
0.0002156250282
3.438880925e-07
-1.184602064e-05
9.156563575e-05
0.0002147543753
9.164532174e-05
-7.847268717e-06
-2.557103204e-05
4.877115649e-05
-3.881801824e-07
-4.590807137e-09
2.610283166e-05
3.407039028e-05
3.538899676e-05
-5.821898185e-09
-2.155875243e-05
-7.42032403e-08
2.621336309e-05
-1.368568147e-06
7.850484207e-08
-4.853947123e-05
5.314180632e-05
3.092613815e-05
-3.780748424e-09
-1.014359788e-06
-4.561991568e-09
5.320109545e-05
3.104213051e-05
2.632169201e-05
-1.218278233e-05
-5.539390431e-05
-9.678473941e-08
4.891460549e-05
1.875114392e-05
-3.293108382e-07
1.309195729e-05
-8.898945028e-06
-3.863699033e-06
2.370168008e-07
5.525094193e-05
-4.16347028e-08
-3.633335765e-06
-9.443249489e-06
-3.072161171e-06
-1.846313337e-07
-3.349189912e-06
4.904548614e-05
1.920063409e-05
-2.557018673e-05
4.878606414e-05
-3.96806756e-07
2.609094601e-05
3.406264701e-05
3.538743937e-05
-2.154245997e-05
-5.942027077e-08
2.621548044e-05
-1.365585011e-06
8.231431967e-08
-4.857850434e-05
3.090135738e-05
5.318411444e-05
-1.013998319e-06
3.102042373e-05
5.323082144e-05
2.628564698e-05
5.949802681e-05
-3.832132177e-06
-0.0007214650563
-0.0008395121914
-0.0001054019616
0.0008123409396
-3.183104771e-06
0.0002209603395
-0.0001727182568
-3.77675157e-06
-0.0007697855832
-0.0008268027261
-3.296871738e-06
0.0007933727407
3.672982543e-05
-3.840287152e-06
5.953996808e-05
-0.0007214706246
0.000135731652
-0.0008395958011
-3.168501187e-06
-0.0001053819951
0.0008124146455
0.0002210169164
-3.802776897e-06
-0.0001726984258
-0.0007697373869
-8.738134985e-05
-0.000608512549
9.121527381e-07
0.0005248893094
0.0001700909621
1.474748781e-09
-9.086335699e-07
8.764098909e-05
0.0005077453294
-1.719568672e-06
0.0006050476446
0.0001412274178
-0.0006715208546
0.0005979191648
7.283354786e-05
1.353598956e-09
-0.0006724595732
0.0005096275659
8.75387406e-10
0.0001407743121
1.347987749e-09
-0.0006781742333
0.0005230141152
0.0001705866679
-3.860872178e-06
-0.0007909845164
0.0002616721925
2.562022259e-08
-0.003843671065
-0.0002283178372
-0.0001913142376
-0.0002088858571
-0.0002098048396
0.0009457168094
0.0008942659781
0.0009786659912
0.0008697024998
0.0008786002256
0.0003363796223
-0.0003171828919
-0.0008818123175
-1.598463834e-05
-0.0008651131574
-3.175569488e-06
0.0008403646993
0.0001636556773
0.0007542043052
-3.836334819e-06
-0.0007910307473
0.0002616796927
-0.003843301878
0.0009936032276
-0.0002283186812
-0.0001913704429
-0.0002088917766
-0.0002098012749
0.0009456927467
0.0008941797341
0.0009785588052
0.0008696751574
0.0008784713842
0.0003363782076
-1.599436425e-05
-0.0003171378882
-0.0008817173392
-3.066447233e-07
0.000488607826
-0.0006116537162
-0.0003642417725
0.0008646366242
-9.073723702e-06
0.0005811545423
-9.364185281e-07
-0.0005685117605
-0.0008394411933
-2.171891745e-06
0.0007106256322
0.0003078822289
-3.073085013e-07
0.0004886151508
-0.0006116772347
0.0003872728255
-9.085211864e-06
-0.0003643067451
0.0008645905167
0.0005810736663
-9.278710187e-07
-0.000568472484
-0.0008394674956
-0.0006056716608
-0.000583663237
8.238310853e-07
0.0006989094344
1.345127148e-09
0.0004806209845
0.0005636684732
3.391985441e-09
-0.0005516249098
-5.542207245e-07
0.0006065768953
-3.661243509e-07
0.0005839931072
0.0006225852224
-0.0006415244219
-8.234182857e-10
0.0006214906026
1.182752487e-09
-0.0006418526689
0.000700140644
-1.278907555e-06
0.0005797669883
-0.0009259425499
-0.001000721188
-0.0003771989589
0.001013506826
-2.86966762e-06
0.0005175683949
-0.0005470221496
-4.255611929e-06
-0.001076628041
-0.0009103046511
-8.807925839e-06
0.0009128341995
0.0003935512045
-1.299737534e-06
0.0005798034049
-0.0009258809427
0.0003673295759
-0.001000874504
-2.85057278e-06
-0.0003771199691
0.001013515471
0.0005168529778
-4.249354102e-06
-0.0005469464511
-0.001075922766
0.0009335824243
0.0006576658826
-0.0006618874555
4.282509682e-09
-0.0009300600845
-3.312220519e-07
0.0007477458046
-0.0007736879468
0.0009595991343
0.0007467562658
-0.0007726629495
0.0009591633545
-5.468939947e-09
-0.001022480728
5.417862201e-07
0.001069376277
0.0006993185803
3.502383264e-10
-9.410052056e-07
0.001021926852
0.0006341455673
-0.0009956880943
0.0006318999002
-4.064014165e-09
-0.0009976516893
0.001069720494
0.0007004939442
-1.156660151e-05
4.892007528e-05
-1.979525801e-09
1.139875351e-07
6.380361384e-05
7.329225973e-08
6.491002344e-05
3.705444069e-05
6.374715485e-05
-6.414918521e-10
6.503110485e-05
3.716302097e-05
3.325679699e-10
-5.567400132e-09
4.86905821e-05
-2.952558126e-09
4.864443698e-05
-4.75484996e-06
-0.001121167715
0.0004864917635
-6.128988416e-09
-0.00461851506
-0.0004076712084
-0.0003591715607
-0.0003995509577
-0.0003746916277
0.001234752255
0.001128928405
0.001250080935
0.00112128338
0.001203165886
0.0003963885234
-0.000432142385
-0.001144073534
-2.33384899e-05
-0.00102873686
-4.635189316e-06
0.001039533063
0.0003611685629
0.001156325961
-4.762516232e-06
-0.001119409777
0.0004846993094
-0.004618867008
0.001424820826
-0.0004077382212
-0.000359144315
-0.0003995351367
-0.0003748344907
0.001234838662
0.001128926084
0.001250093803
0.00112143367
0.001203144327
0.000396404451
-2.33414791e-05
-0.0004320700443
-0.001144137254
-3.542520674e-07
-0.001281265036
0.0006115498712
-0.000465011136
0.001242311457
-1.282043345e-05
0.001366738703
0.0004910011321
-0.0005277946993
-0.001328266003
-1.679132692e-06
-2.738559706e-06
0.00118734176
0.0005295129338
0.001338632711
-3.621475447e-07
-0.001281263023
0.0006115969126
0.0004385614983
-1.282521217e-05
-0.0004649952374
0.00124240328
0.00136678405
0.0004909854972
-1.691180733e-06
-0.0005277761608
-0.001328302205
-2.029489689e-07
-0.001480815524
0.0006394909948
-0.0005407442782
0.001409311523
-3.071580491e-06
0.0004964025581
-0.0005395297453
-2.760166698e-07
-0.001495944976
-1.61671371e-07
0.001390621394
0.000634137473
-1.734898633e-07
-0.001480851374
0.000639469557
0.0005012647634
-3.083291666e-06
-0.0005407213716
0.001409323948
0.0004964428973
-2.45221981e-07
-0.0005397280447
-0.001495821203
0.001513620985
0.0005974713068
-1.416591356e-08
-0.001515714339
-9.253271069e-08
0.0005229803024
0.001468493869
0.000523694462
0.00146826715
-1.525469774e-09
-0.001588210634
1.165585674e-07
0.001591229339
0.0005205499017
9.297379722e-09
-5.810358537e-08
0.001588785558
0.000565117211
-0.00155682255
0.0005654800791
-2.33050544e-08
-0.0015562542
0.001591624359
0.0005202580637
0.001188136778
0.0003121870303
-0.001284702342
-9.749021797e-10
1.204023389e-07
0.0002446377105
0.00109233068
0.0002451814693
0.001092545153
1.499699062e-09
-0.001459438828
-5.345569757e-08
0.001390801122
0.0003138650793
7.547060391e-09
9.044524256e-08
0.001459430584
-0.001518029434
0.0003701145167
-0.001517842534
0.0003706797804
1.409113909e-09
0.001390790592
0.0003132242464
-3.012775481e-09
-0.000751019898
8.107299294e-05
-0.0002349727879
-1.824047544e-08
0.001560847269
0.001459120598
0.0002101417197
-0.0001673052089
-0.001501763531
-1.935788275e-07
1.675262558e-07
0.0008471700653
0.0001195753335
0.0007173955976
-1.624174949e-08
-0.0007511826158
8.11402633e-05
0.000263456682
-2.926923789e-08
-0.0002334378349
0.001559268371
0.001459074782
0.0002101463109
-1.799499061e-07
-0.0001672806478
-0.001501760495
-0.0001476122906
0.001424644643
-2.295282297e-07
2.939869674e-08
0.0006843536273
8.746324025e-05
0.0001823978913
-2.511685055e-07
-0.0001476947063
0.001424622772
-7.022942287e-07
-0.001484207582
0.0004593032287
1.773796613e-08
-0.005498256578
-0.0004256634255
-0.0004208351373
-0.0004373584453
-0.0004202507602
0.001512325686
0.001343625174
0.001512688468
0.00135491851
0.001436010735
0.000348701365
-0.0003869425463
-0.001369253318
-2.851623332e-05
-0.001342488423
-1.131329592e-05
0.001397185488
0.0004578809899
0.001522026348
-7.003153731e-07
-0.001484188807
0.0004593056683
-0.005498383696
0.001478935047
-0.0004256674469
-0.0004208649065
-0.0004373935725
-0.0004202433589
0.001512323606
0.001343641545
0.001512677856
0.00135499266
0.00143598015
0.0003487255532
-2.84995579e-05
-0.0003869316532
-0.001369274491
-0.001611755206
-3.909349623e-07
0.0003982571042
-0.0003906449576
0.001483716404
-1.732376769e-05
0.001563282443
0.0003387539103
-0.0003590154417
-0.001541733121
-1.287788845e-06
-1.57228982e-06
0.001556664588
0.0004517401624
0.001631809465
-3.886346316e-07
-0.001611776781
0.0003982577441
0.0003602515972
-1.733417157e-05
-0.0003906591823
0.001483721905
0.001563265227
0.0003387617824
-1.284861976e-06
-0.0003590081169
-0.001541734029
-0.001648646077
-1.144883175e-07
0.0003070514345
-0.0003462185647
0.001578656284
-7.743906019e-07
0.001611929338
0.0002811897589
-0.0002900355835
-0.00160286485
-2.186611378e-07
-2.379255168e-07
0.001645767371
0.0003777210908
0.001640378997
-1.192498217e-07
-0.001648703006
0.0003068593197
0.0003315608686
-7.752776927e-07
-0.0003462019331
0.001578681568
0.00161193973
0.0002812700055
-2.306136652e-07
-0.0002900845463
-0.001602894573
-0.001592310787
0.0002336862104
-4.231288246e-07
-0.0002836034497
0.001620021193
-5.151625151e-07
1.198052693e-08
0.006549702288
0.0009882531906
-0.0002579130816
-0.0002461522283
-0.0002451091555
-0.0002588096393
-0.001637808904
-0.001627449426
-0.001625965955
-0.001638759065
-9.097142967e-08
0.00162602717
0.0002778994786
0.001569264389
-4.097270643e-07
-0.001593075493
0.0002343671411
0.0002759046529
-5.04114693e-07
-0.0002835023353
0.001620041524
0.006550119544
0.0009877614941
-0.0002581858686
-0.0002462537895
-0.0002450755649
-0.0002593754335
-0.001637524985
-0.001627349455
-0.001625988405
-0.001638115569
-0.0006941514347
0.0007616798687
1.780507052e-07
5.259466507e-10
-0.0006571500331
0.0008232948433
3.767353236e-09
-0.000828576228
-3.920214535e-07
0.0006942681665
-0.000729638528
-1.897553826e-07
-0.0007628504766
-2.250670842e-09
-0.0007302006358
1.220759045e-09
-0.0006056782384
-0.0005836560699
8.253834994e-07
0.0006989162318
0.0004806478591
0.0005636627516
-0.0005516114284
-5.471888802e-07
0.0006065977295
-3.745759395e-07
0.0005839695164
0.0006225772058
-0.000641492621
0.0006214391463
-0.0006418058517
0.0007001521391
-0.0006941609478
0.0007616868033
1.788391341e-07
-0.0006571470614
0.0008232193182
0.0006620240996
-0.0008286481257
-3.85427987e-07
0.0006942947687
-0.0007296999631
-1.990922375e-07
-0.0007628726124
0.0007737122231
-0.0007302565379
0.0007726359051
-0.001307127898
0.0007204194959
3.623663196e-07
0.001275498314
3.579113065e-09
-0.0007309543809
0.001363876007
1.055971731e-08
-0.001318674912
0.0006856751668
5.891469851e-08
0.001307855374
-0.00127594507
-2.284718952e-07
-0.0007200568241
0.001390966491
0.0006940951185
2.030883761e-09
-0.001274877995
0.001389866259
9.134652691e-09
0.0006941916376
0.001277203676
0.001174502978
0.0006864803958
-8.382995403e-07
3.441817478e-09
-0.0006598345785
-0.001388271264
-5.863041529e-09
0.0006759460122
-4.092413619e-07
-0.001174388707
1.971806405e-07
-0.0006864851623
0.0006882646756
4.903409723e-10
6.115796415e-09
0.000688266452
-0.001307133737
0.0007204357072
3.696337095e-07
0.001275509678
-0.0007309802356
0.0013638642
-0.001318619992
0.0006856716279
5.89755961e-08
0.001307870322
-0.001276000942
-2.529882834e-07
-0.0007201028022
0.001390980311
0.0006941541932
-0.001274906807
0.00138984539
0.0006942106641
0.001277227938
0.001174499311
0.0006864942348
-8.310171101e-07
-0.0006598609754
-0.001388242528
0.0006759405555
-4.159260588e-07
-0.001174385367
1.851640484e-07
-0.0006865253918
0.0006883362202
0.0006882883706
-0.0002107403242
2.125269168e-05
-6.899554798e-08
0.0002083324847
-8.943574687e-09
-4.682203788e-06
0.0005000255737
-9.756705664e-09
5.024177357e-05
8.394570707e-07
0.0002100319351
-5.207473345e-08
-2.097811555e-05
0.0004699392786
5.095267413e-05
-4.522193714e-09
0.0004700786356
-1.114615945e-08
5.115871311e-05
0.00020822756
0.0002066211436
2.787624267e-05
-5.703652746e-08
-5.031106299e-09
-3.43697248e-05
-0.0004505282176
-6.473881536e-09
0.000437557943
4.7297865e-05
1.776128545e-09
-0.000206601714
0.0002034395857
-3.043466115e-08
-2.789050643e-05
4.731621211e-05
-6.176688025e-09
0.0002033015042
-3.926194915e-09
4.740015471e-05
-0.000210724302
2.121351697e-05
-8.298823929e-08
0.0002083359772
-4.68013641e-06
0.0005000065455
5.019482126e-05
8.392233789e-07
0.0002099806598
-9.608053871e-09
-2.086059702e-05
0.0004699422319
5.083702254e-05
0.0004701150121
5.108428781e-05
0.0002082377034
0.0002066333621
2.785940141e-05
-7.086654397e-08
-3.431235061e-05
-0.0004505396789
0.000437473313
4.736310383e-05
2.564960415e-08
-0.0002066072172
0.0002034008205
-1.649057407e-08
-2.784526001e-05
4.725103242e-05
0.0002033608964
4.741430936e-05
0.0001256218266
-0.0004041022511
2.226257505e-09
-4.76240273e-07
-0.0004242457348
0.0002448979862
-0.0004251901276
0.0002444570181
1.862133979e-09
-0.0001049572516
5.520111951e-07
0.0002041027628
1.658588294e-09
-5.579617415e-07
0.0001052184648
2.059439474e-09
0.0002045388584
-0.000627576363
0.0002434722055
9.032694665e-07
0.0005532916135
2.359598253e-10
-1.738395018e-06
0.0006244308519
-0.0006875297944
-9.90601532e-07
-0.000244221095
0.0006083829866
0.0003079063692
-0.0002054640115
0.0006746146937
1.26633414e-09
0.0002610373332
-0.0007319793895
-6.24591883e-10
-0.0006940038341
0.0006103356929
2.733172009e-10
0.0003067603325
0.0005516996943
-0.0003426718544
-0.0005376304466
-6.966364063e-10
0.0004265362867
-3.222895055e-07
-0.0004671511145
-0.000468070568
1.466131563e-09
0.0002888058656
5.178629107e-07
8.069271457e-11
-6.081927794e-07
-0.0002896053051
0.0003619168251
-1.66614672e-10
0.0003609030881
-8.737918509e-05
-0.0006085136045
9.149936058e-07
0.0005248918259
0.0001700874429
0.0005979182307
7.280188643e-05
-0.0006724322514
-9.110320478e-07
8.763542818e-05
0.0005077375626
-1.722943705e-06
0.0006050491615
0.0001412325609
-0.000671521933
0.0005096286723
0.000140721482
-0.0006781547997
0.0005230240311
0.0001705755501
0.0001256245769
-0.0004041060302
-4.866102786e-07
-0.0004242421167
0.0002449384106
-0.0004251799806
0.0002444451432
-0.0001049556195
5.586692845e-07
0.0002041104552
-5.614889159e-07
0.0001052189147
0.0002045594993
-0.0006275872716
0.0002434682893
9.039966173e-07
0.0005533026643
-0.0002054904742
0.000674543866
-0.0007318749564
0.0002610090903
-1.729712423e-06
0.0006244646366
-0.0006875929217
-1.002801237e-06
-0.0002442286239
0.0006083106893
0.0003079150436
-0.000694086602
0.0006102835618
0.0003067260682
0.0005517155607
-0.0003427034874
-0.0005376110159
0.0004265099482
-3.281374707e-07
-0.0004671983053
-0.0004680996544
0.0002887983078
5.152392961e-07
-6.086703561e-07
-0.0002895919964
0.0003618961779
0.0003608620198
-0.0009982111139
0.000853508654
9.921993339e-09
-1.884551571e-07
0.0008292777897
-3.048466497e-07
-0.001137146133
0.0008010994654
0.0008288090638
-8.725935051e-10
-0.001136524432
0.0008010498578
9.248883038e-09
2.767394992e-07
0.0007613788572
5.310283318e-09
0.0007621288873
-0.001095921476
0.0006460443589
8.662791485e-07
0.001148325319
4.098076899e-09
-1.475241782e-06
0.001094243759
-0.001055947348
-1.143976219e-06
-0.000647778777
0.001194945632
0.0006058543006
-0.0005948741411
0.001155098715
3.623227006e-09
0.0005552965999
-0.001117553387
1.218650247e-09
-0.001060372181
0.001195860477
2.685516207e-09
0.0006041359297
0.001147825198
-0.0007347545665
-0.001252343632
3.252685808e-09
0.0006680507219
-3.563976633e-07
-0.001209489522
-0.001208942611
3.506607615e-09
0.0007002870359
4.705008825e-07
4.026742442e-09
-6.262347554e-07
-0.0007009350599
0.0006440420877
2.982180074e-09
0.0006431746588
0.0009336556889
0.0006575873647
-0.0009299188919
-3.14459758e-07
0.0007477434607
0.0009596699605
0.0007467563528
0.0009592153116
-0.001022485783
5.368049815e-07
0.001069347137
0.0006993585406
-9.30999175e-07
0.001021938548
0.0006341185448
-0.0009957554699
0.0006318652568
-0.0009976987417
0.001069642014
0.0007005767978
-0.0009982819904
0.0008535381512
-1.754159113e-07
0.0008292928372
-3.128395338e-07
-0.001137137045
0.0008010669617
0.0008288026798
-0.001136506907
0.0008010187636
2.784068909e-07
0.0007613698112
0.0007620762115
-0.001095930393
0.0006460540534
8.703402342e-07
0.001148368633
-0.0005948818099
0.001155053795
-0.001117564234
0.0005553590874
-1.473449252e-06
0.001094267321
-0.001056004303
-1.148826987e-06
-0.000647802239
0.001194954846
0.0006058373917
-0.00106041918
0.001195855436
0.000604106265
0.001147912216
-0.0007347321206
-0.001252374472
0.0006681190205
-3.69273552e-07
-0.001209543949
-0.001208985934
0.0007002796275
4.769040594e-07
-6.324234093e-07
-0.0007009213809
0.0006440018243
0.0006431311474
-3.470134762e-05
0.0004174707853
-5.327770187e-09
5.478386806e-05
8.062514009e-08
0.0002057767874
0.000205839856
3.949314785e-09
3.895697581e-05
-1.700555846e-08
-4.125676059e-10
-1.942140776e-08
-3.896282506e-05
4.530053023e-05
3.570879626e-09
4.539229506e-05
-1.155104304e-05
4.892567525e-05
8.929059295e-08
6.376648389e-05
5.596706702e-08
6.492843214e-05
3.709476377e-05
6.374626976e-05
6.50280222e-05
3.718476861e-05
-1.282996394e-08
4.868651867e-05
4.861196908e-05
-3.471836736e-05
0.0004175492114
5.465151756e-05
3.565007017e-08
0.0002058198274
0.000205866904
3.896094999e-05
-5.348876044e-09
-4.095818261e-08
-3.897401569e-05
4.53888687e-05
4.54497368e-05
-0.001384886736
0.0003744896455
-9.945762091e-10
3.441468749e-08
0.0004449943438
0.0004456451533
-8.812443112e-11
0.001564829661
7.987788593e-08
0.0004719618415
3.11371114e-09
-1.29942713e-08
-0.001565156341
0.0004209269936
0.0004214648957
-1.120610291e-09
0.0004715422366
-0.001595644166
0.0004949427178
1.562795526e-07
0.001621071627
2.344498422e-08
-1.941490226e-07
0.001596144153
-0.00155471486
-4.465925465e-07
-0.0004951138383
0.001609877985
0.000464667348
-0.0005238437388
0.001578595526
3.561285538e-09
0.0004836850834
-0.001538971753
-1.009894428e-08
-0.001554191875
0.001609635356
1.679017878e-08
0.0004634395062
0.001621444666
0.001629032796
0.0004638726562
1.22387599e-07
5.630077502e-09
-7.190004204e-08
-0.001629325706
0.001620767693
-3.177000947e-07
-0.0004637835839
0.0004416186019
-0.0004298459578
-0.001632221892
4.559489476e-10
0.001644116411
0.0004177460463
-1.173775221e-09
0.001620581005
5.608444366e-09
0.0004409628074
0.001513652323
0.0005974323139
-0.001515700533
-8.468880289e-08
0.0005229812927
0.001468535028
0.0005237109636
0.001468269873
-0.001588238555
1.28443051e-07
0.001591226399
0.0005206039825
4.500130194e-08
0.00158888865
0.0005652751446
-0.001557281689
0.0005654737983
-0.001556258343
0.001591627186
0.0005203712011
-0.001384907534
0.0003745026106
0.001284710023
3.800030561e-08
0.0004449774773
0.0004456263584
0.001564845126
8.207178633e-08
0.000471928672
-9.795329211e-09
-0.001565205332
0.0004209347926
0.001518072515
0.0004214781662
0.001517858651
0.0004714813996
-0.001595607446
0.0004949372995
1.882494571e-07
0.001621109328
-0.0005238317313
0.001578588605
-0.001538944177
0.0004836838261
-1.045151917e-07
0.001596107166
-0.001554663143
-4.733166357e-07
-0.0004951123429
0.001609884774
0.0004646890131
-0.001554079995
0.001609610033
0.0004634593462
0.001621554274
0.001629047458
0.0004638684926
1.276728324e-07
-0.0004298562524
-0.001632203781
0.001644126024
0.0004177339973
-6.684414571e-08
-0.001629384007
0.001620821994
-3.221290258e-07
-0.0004637793367
0.0004416167579
0.001620601357
0.0004409582217
-0.001003767476
0.0001437474774
-3.074896165e-10
0.0009168065957
1.092806057e-07
0.0001802409975
0.0001805414137
1.47220611e-10
0.001317482889
-3.223781355e-08
0.0002538832647
8.619004047e-09
2.566538116e-08
-0.001317326415
0.0002210166155
0.001239565813
0.0002211086533
2.568184259e-09
0.00124014481
0.0002536729355
-0.001598195175
0.000349181606
-2.771969824e-09
0.001562867282
1.413776076e-08
-1.145121815e-08
0.001598264814
-6.120476531e-08
-0.0003486494843
0.001637300342
0.0003568998901
-0.0003930498845
0.001645444535
4.817260634e-09
0.0003915998315
4.278670552e-09
0.001637348432
1.002920312e-08
0.0003572064776
0.001562836819
0.001517736897
0.0002989819156
1.257498116e-08
1.916103328e-08
9.320971829e-09
-0.001517737135
0.001467037064
-4.566487491e-08
-0.0002987852018
0.0003197177427
-0.0002721399778
-0.001616325814
2.778366099e-09
0.001589344738
0.0002990532123
2.170544553e-08
0.001466693187
9.615115584e-09
0.0003199492466
0.001188151092
0.0003121824485
1.216767847e-07
0.0002446731333
0.001092321318
0.0002451922212
0.00109255824
-0.00145945668
-4.095305563e-08
0.001390786763
0.0003139106466
8.810521395e-08
0.001459477682
0.0003701157485
0.0003706739372
0.001390785891
0.0003133239723
-0.001003730102
0.0001437299405
0.0009168216454
1.016019359e-07
0.000180339284
0.0001805752099
0.001317558771
9.008895773e-09
0.0002538028089
-8.017995531e-08
-0.001317603662
0.000219678506
0.001241169649
0.0002207627767
0.001240448328
0.0002535305274
-0.001598220156
0.0003491810265
1.943494349e-08
0.001562944484
-0.0003930428948
0.001645477491
0.0003915760353
-1.652565265e-08
0.001598331754
-7.724126332e-08
-0.0003486462455
0.001637383956
0.0003568730019
0.001637414546
0.0003571767637
0.001563028921
0.001517719199
0.0002989759613
7.128874999e-08
-0.0002719626208
-0.001616303095
0.001589257196
0.0002989133429
-1.63358988e-07
-0.00151787102
0.001466595528
-7.736270963e-08
-0.00029875972
0.0003197623484
0.001466377706
0.0003200196673
0.000240416205
8.850735717e-11
0.0008180822493
0.000902682247
0.0008925581813
0.003721094523
4.185309645e-09
8.546278182e-09
0.0004574381343
0.0008349674247
0.0009168785255
0.0009127058991
0.003680636525
0.0001979121095
0.0002403513488
0.0009025993833
0.000818199124
0.0008926920839
0.003721212545
0.0003798005291
0.0004574803742
0.0009169855338
0.0008348951884
0.0009126155349
-4.578823578e-05
-0.0008498839792
1.529905547e-05
0.0007912779982
8.909457036e-05
5.910896428e-10
-1.543745019e-05
4.461511203e-05
0.0007642220174
-3.332150581e-06
0.0007858107375
7.235567091e-05
0.0008585729856
4.081773335e-05
-1.151778186e-10
0.0007973491316
1.795224387e-10
8.016067435e-05
-8.961787848e-10
0.0007589785215
8.674637402e-05
0.0006260081219
5.963720693e-09
0.000873776089
0.0009478992745
0.0009525179769
0.003955352963
1.092870466e-07
1.022619007e-07
0.0038069035
0.0005268713673
0.0006251177896
0.0009477326749
0.0008738560182
0.0009525701937
0.003956477167
-0.0002028046331
-0.0009224812788
1.347375227e-05
0.0008834907202
3.602165567e-09
-1.529364833e-05
0.000191539401
-0.000159801505
0.0008240380538
-3.63090631e-06
0.0008497556144
0.0009132073074
0.0001824829895
-0.0001509528516
5.394148989e-09
-0.0001654968725
0.0008606030033
2.890565042e-09
2.919751496e-09
0.0008449639219
-1.270951611e-06
0.0003575825977
0.0006621685784
0.0007137726623
0.0003052204395
-0.0007601505
-3.844738835e-09
0.0003552416248
0.0006640245408
-4.120776471e-09
-0.0007755742074
1.699017778e-06
0.0007337034588
0.0003954102864
3.069599447e-09
-3.293402871e-06
0.0007711128319
-0.0008026511472
0.0003426874308
-0.0008097989336
0.0003361494342
2.331243682e-09
0.0007313641369
0.0003990303141
-0.0009011846848
0.0003439254744
-1.660180749e-05
0.004145353071
3.160931442e-08
-7.136187728e-09
0.001308665604
0.0009933359983
0.001102825164
0.001086206698
-0.0003340836792
-0.0003587216876
-0.000341888998
-0.0003117000812
0.001105597159
0.0009107534352
0.00100103399
0.001025923991
0.0009384494732
-1.658542983e-05
-0.0009012630607
0.0003439220499
0.004145820627
0.001145518568
0.001309174739
0.001102947628
0.000993174468
0.001085997915
-0.0003339887154
-0.0003586520638
-0.000341932355
-0.0003117826244
-0.0004434691744
-0.000985282283
4.777373992e-06
0.0009910002987
0.0004329740425
-2.575406113e-10
-3.761414275e-06
0.0004429943725
-0.0004441282868
0.0009176674725
-5.195570728e-06
0.0009708926166
0.0003824536973
-0.0009545831245
0.0009280758423
0.0004034308166
-0.0003887378064
-2.187157686e-09
-0.0009515866772
-0.0004428176208
0.0009236643992
-1.519476934e-09
0.0004137403711
-3.443445957e-10
-0.001000787058
0.0009834212457
0.000435243123
0.00132377458
-3.260747224e-08
0.001055505283
0.001138051318
0.001162102828
0.004537989413
1.604878864e-08
-3.750097766e-09
0.004399432908
0.001169108336
0.001324149052
0.001138047039
0.001055527548
0.001162114543
0.004537868725
-0.000430122856
-0.001167608305
1.785681394e-05
0.001172201792
1.348194072e-09
-1.930554075e-05
0.0004046604394
-0.0004243211492
0.001078493738
-6.221929836e-06
0.001063673622
0.001139526695
0.0004112756404
-0.000417384923
-4.404724065e-09
-0.0004425804902
0.00113268429
-5.50227482e-09
-2.724822529e-09
0.001111499246
-1.504293218e-06
0.0005662785548
0.001228421175
0.001191298047
0.0005267204662
-0.001165447832
3.549495415e-09
0.0005638215809
0.00123010696
1.141587526e-09
-0.001219679082
1.92519433e-06
0.001261955777
0.0005196177667
1.924608383e-09
-4.066977261e-06
0.001214334912
-0.001182126395
0.0005020520939
-0.001192398691
0.0004953777515
-4.648376593e-09
0.001259214995
0.0005233236697
0.001389810037
0.000633864345
-0.001338142049
1.209309271e-08
-2.139176866e-07
0.0006450592296
0.001439812528
0.0006448722111
0.001438905566
9.979502327e-09
-0.001401252217
3.829985145e-07
0.001454061725
0.0005916633998
1.630163281e-08
-4.103452965e-07
0.001401865466
-0.001352471972
0.0005851443123
-0.001352120361
0.0005843054813
1.666140723e-08
0.001454688307
0.0005926193848
0.0008465244411
0.0001206674823
-2.199685059e-08
3.955155257e-08
0.0001001668739
0.0007969190881
0.0001004276251
0.0007972981982
-3.120983966e-09
5.000863779e-08
0.001171110281
0.0001890020974
0.001173154629
0.000187770952
-6.327369477e-08
4.405764671e-08
0.001111269165
0.0001623093387
-4.03083191e-08
0.001110893696
0.0001604275138
0.0006841257789
8.80566059e-05
-0.0007174015089
-8.660443337e-09
-5.7774233e-08
7.107543531e-05
7.088207858e-05
3.349894168e-09
-0.0009873452292
5.707081188e-08
0.000117766034
-2.147672457e-09
1.054255113e-10
0.0009866554257
-0.001014683996
0.0001155473789
-0.001014708312
0.0001154266777
-6.880184382e-09
0.0001169919153
0.001461234163
9.674186904e-10
-0.0003797311932
-0.0004294798836
-0.0004249292395
0.004991090578
8.532767404e-09
3.342327906e-10
0.005160291684
0.004885439115
0.001352019378
0.001461303569
0.005054647479
-0.0004294924701
-0.0003796955065
-0.0004249185352
0.004991401333
0.005160442559
-0.001276996021
0.0004435204254
-1.798130434e-05
0.00528431261
1.619583295e-09
4.182573863e-09
-0.0003982431106
-0.0004378321662
-0.000446824836
-0.0003938337969
0.001585456669
-0.0004521613253
-0.0004339541994
-0.0004388222915
0.001238553658
0.001372466805
0.001383355188
0.001238328735
-1.799255192e-05
-0.001277033633
0.0004435232554
0.005284334321
-0.0003982434634
-0.0004378159836
-0.0004467954792
-0.0003937992661
-0.0004628742218
-0.001418572734
2.890868397e-06
0.001452890771
1.889607198e-09
-2.989227689e-06
0.0004625099414
-0.0005046567008
0.001442375457
-1.420079444e-05
0.001386340368
-0.001335198736
0.001417132632
0.0004599637215
-0.0004916158492
1.983556031e-09
-0.001396796885
-0.0004993186516
0.001450589817
-1.985540308e-09
1.921974313e-09
-0.001410170175
0.001431490416
-1.163070007e-06
0.0004372635285
0.001585231298
0.001556530879
0.0004472585287
-0.001521691667
-2.189820699e-09
0.0004334111348
0.001585390002
6.179860462e-09
-0.001537512225
2.240498404e-06
0.001564727956
0.0004039529803
1.925373146e-09
-3.926637626e-06
0.001535072679
-0.001504175681
0.0004247406153
-0.001507564161
0.000413387821
-3.998495338e-09
0.001563048227
0.0004115284749
-1.384048416e-07
0.0003464139122
0.001656398029
0.001645770756
0.0003775593836
-0.001631969018
4.032684223e-09
0.0003462943096
0.001656537724
6.794167325e-09
-0.001624838374
2.535884692e-07
0.001637029732
0.0003338453653
3.99759001e-09
-4.106383647e-07
0.001624496593
-0.001608331554
0.0003619746206
-0.001609053106
0.0003613607083
2.767837955e-09
0.001636784468
0.0003343796227
0.001625683341
0.000278274655
-0.0002637740549
-0.001640239565
1.626059384e-09
-0.000263899853
-0.001645762364
1.824042234e-07
0.001645456401
0.0002640270877
-3.677155357e-09
-1.170192089e-07
0.0002646574884
-0.0002506323535
0.001611609059
-2.124937676e-07
0.001646174637
-0.00165318222
0.0002857956682
-0.0002506369425
0.001612318068
-1.465217522e-08
-0.001653236467
0.0002855332497
3.019322089e-09
0.001646556028
0.0002644585039
-7.744324638e-08
-0.0002128849917
-0.0002113448666
-0.0001959511936
-0.0001979522172
-6.268668127e-07
0.001551051211
0.0002012379336
-0.0002129530173
-0.0002113831015
-0.0001960206959
-0.0001980530724
0.001331112345
2.505856743e-09
-0.0003510453027
-0.0003916972951
-0.0004035918704
0.005673411416
8.535311159e-09
-2.308261828e-09
0.005820163743
0.005687942343
0.001340737956
0.001331083848
0.005851904472
-0.0003916990967
-0.0003510399537
-0.0004035788788
0.005673437251
0.005820156859
0.001238247212
4.492453747e-09
-0.0003500915465
-0.0003387380056
-0.0003510728088
0.005935864894
1.292888069e-09
5.092649791e-09
0.006061298759
0.006012510598
0.001296783963
-0.0003803731631
-0.0003549493213
-0.0003618151422
0.001238239493
0.006152964057
-0.0003387242077
-0.0003501032428
-0.0003510992322
0.005935852265
0.006061337881
0.001075367348
1.435125721e-08
-0.0003012899712
-0.0002800100043
-0.0003000469608
0.006155236241
7.28243844e-09
7.67842782e-09
0.006244056593
0.006267817094
0.001163975635
-0.0003306151851
-0.0003087914988
-0.0003078521336
0.001075340991
0.006355053289
-0.0002800878065
-0.0003012173018
-0.0002999877308
0.006155321668
0.00624423988
0.0009503491554
4.973605315e-08
0.006328943434
6.749062987e-09
2.287972593e-08
0.006427608658
0.0009844073517
-0.0002748204521
-0.0002536617642
-0.0002525468684
0.000949666989
0.006328537675
-3.819550994e-06
-0.0007202436295
0.0001120403509
5.941944166e-05
-0.000735708693
1.917547112e-09
-0.0007340445019
0.0001114678226
2.333081738e-09
-5.220457219e-05
9.336058944e-06
0.000100101403
6.031848345e-10
-9.438422763e-06
5.2198014e-05
1.381087906e-09
0.0001002689578
-0.000872438136
0.0001305924526
1.570734724e-05
0.0008152301131
2.791280956e-09
-3.408089199e-06
0.0008053292192
-1.560237917e-05
-0.0001266977056
0.0007948395163
-0.0001170186538
0.0008797595024
1.715306939e-09
1.687883722e-09
0.000829249732
2.965449472e-09
0.000781085227
-3.829317335e-06
-0.0007443783852
-0.0001723976682
-0.0007844409478
2.136566184e-09
0.0002210803372
-0.000758763522
5.227739812e-10
0.0001470956114
9.470205511e-06
2.173133168e-09
-9.341771816e-06
-0.0001464460016
0.0001808417048
3.520590166e-09
0.0001825591001
-4.578737727e-05
-0.0008499027619
1.529597524e-05
0.0007912829258
8.911182234e-05
0.0008585636585
4.074093539e-05
-1.543791346e-05
4.460729805e-05
0.0007642075446
-3.31821832e-06
0.0007858649397
7.238222646e-05
0.0007973421918
8.021113658e-05
0.000758980464
8.678774231e-05
5.944226304e-05
-0.0007357074609
-3.818059079e-06
-0.0007203313614
0.0001121674535
-0.0007341227335
0.0001115944668
-5.220239526e-05
9.328249081e-06
0.0001000349358
-9.438938485e-06
5.218161405e-05
0.0001001589613
-0.0008724303222
0.0001305966016
1.570988165e-05
0.0008152384456
-0.0001169855905
0.0008798315931
0.0001509727384
-3.412443346e-06
0.0008053078589
-1.559514596e-05
-0.0001266912986
0.0007949453723
0.0001597557154
0.0008293276834
0.000165508326
0.000781114179
-0.0001723731202
-0.000784347302
0.0002210448231
-3.831058958e-06
-0.0007442928373
-0.0007586957935
0.0001470991799
9.48057699e-06
-9.356849114e-06
-0.0001464608788
0.0001810257111
0.0001827262298
-0.0008047893068
0.0002618619488
-3.678124727e-09
-0.0002297452302
0.0008388527362
5.77346111e-06
0.0002686079511
1.800702978e-09
-8.627130923e-06
0.0002225223708
-4.790949726e-06
-0.0008260298025
0.0002898417979
4.328102808e-10
0.0002861231438
1.656898599e-09
0.000247229947
0.0009133066501
0.0002990208091
1.992973395e-06
4.327033463e-09
-1.287353402e-05
-0.0008492399479
0.000834772388
-2.681709965e-06
-0.0002696854717
0.0002848208428
-0.0003231836164
-0.0009562340884
-6.775616843e-11
0.0009157075873
0.0003477255486
3.980538554e-10
0.0008633722457
3.572199585e-09
0.0003187674301
-0.0002028087576
-0.0009224754634
1.347514405e-05
0.000883493994
0.0009131168763
0.0001824183562
-1.530814312e-05
0.0001915292426
0.0008238993118
-3.624227426e-06
0.000849765478
0.0008605111884
0.0008449685862
-0.000804865659
0.0002618515428
0.0007602189246
-0.0002297445525
0.0008388591901
5.773838229e-06
0.0002686073162
-8.627638166e-06
0.0002225219116
-4.791041562e-06
-0.0008260387667
0.0002899113068
0.0008025981937
0.0002861695046
0.0008097518421
0.000247225567
0.0009132845074
0.000299026324
1.99355663e-06
-0.0003231394049
-0.000956131741
0.0009155883414
0.0003476883767
-1.286621158e-05
-0.0008491908852
0.0008348305161
-2.691255836e-06
-0.0002697033968
0.0002848570486
0.0008634487955
0.0003187657052
0.0004874147152
-0.000612811598
1.617546349e-09
-5.056262464e-07
-0.0006852780362
0.0005328670687
-0.0006863032831
0.0005313565407
3.166306949e-09
-7.001327168e-07
0.0004131318223
0.0004114164881
-5.865422564e-10
8.808480777e-07
0.00045793231
3.509047532e-09
0.0004600987778
-0.000831279013
0.0004235760328
2.802926384e-06
0.0008003100951
2.462652645e-10
-7.381335745e-06
0.0008205993835
-3.389257003e-06
-0.0004266589767
0.0008505565738
-0.0003608614649
0.0008787569553
5.705219421e-10
-1.302143989e-10
0.0008561276017
-1.485333033e-09
0.0007957736545
-0.0005669363873
-0.0008418454869
-4.570415306e-10
0.000579269687
-7.091074674e-07
-0.0007645741095
-0.0007664915213
1.934794248e-09
0.0004904869982
1.26396657e-06
-7.658273804e-11
-1.64069956e-06
-0.0004925622951
0.0005053183779
-1.161652412e-09
0.0005031295802
0.0007138271883
0.0003052250901
-1.238159112e-06
0.000357525496
0.0006622533397
0.0003551991366
0.0006641118434
-0.0007755685172
1.702373001e-06
0.0007336422343
0.00039542612
-3.294331149e-06
0.0007710997015
0.0003426750517
0.0003361164174
0.0007312668736
0.0003990606999
0.0004874155554
-0.0006128227215
-5.19038204e-07
-0.0006853154454
0.000532957016
-0.0006863433538
0.00053143719
-6.835600244e-07
0.000413155846
0.0004114669978
8.861836672e-07
0.0004578832092
0.0004599934621
-0.0008312630903
0.000423572322
2.803078914e-06
0.0008003140608
-0.0003609262233
0.0008787150217
0.0003887149063
-7.375771905e-06
0.0008205745962
-3.387763083e-06
-0.0004266537487
0.0008505583184
0.0004440737116
0.0008561385492
0.0004427595515
0.0007957846316
-0.0005669258092
-0.0008418873521
0.0005792367124
-7.091166815e-07
-0.0007645063112
-0.0007664523361
0.0004904790271
1.265835375e-06
-1.632670433e-06
-0.0004925376208
0.0005052611171
0.0005030963956
0.0005771850064
-0.0009292578528
3.543095407e-09
-1.841475548e-06
-0.0009831989474
0.0005691193173
-0.0009868153376
0.0005645083374
-1.158488842e-09
-0.0004952571732
3.611553999e-06
0.0004958302221
3.590513799e-10
-2.277843666e-06
0.0004993211478
1.112173732e-09
0.000503155002
-0.001076940263
0.0004481532793
1.481962411e-05
0.001046943246
-1.841975708e-09
-5.769437114e-07
0.0009991676838
-1.928435446e-05
-0.0004362276323
0.001044697664
-0.0004224300406
0.001105004703
-4.087324966e-09
-1.760584147e-10
0.001091297069
-3.930026639e-09
0.001013002801
-3.279689064e-06
-0.001030570492
-0.0005432213624
-0.001094679001
1.136395774e-09
0.0005160902268
-0.001042363874
-1.02267734e-09
0.0004917195248
8.69070757e-06
-6.374034042e-10
-1.121352707e-05
-0.0004942780167
0.0004735611669
-3.384449578e-09
0.0004771274485
-0.000443452998
-0.0009853016222
4.776240107e-06
0.0009910090466
0.0004329690801
0.0009281203853
0.0004034106398
-0.0009516262255
-3.753972107e-06
0.0004429660022
0.0009176958844
-5.187776013e-06
0.0009709419244
0.0003824673946
-0.0009546703366
0.0009236714506
0.0004137997397
-0.001000878838
0.0009834525812
0.00043523159
0.0005772303374
-0.0009292087101
-1.840262789e-06
-0.0009831964704
0.000569084667
-0.0009867740153
0.0005644641888
-0.0004952763239
3.617936247e-06
0.0004958937802
-2.283924973e-06
0.000499359986
0.000503234034
-0.001076914858
0.000448142922
1.481689835e-05
0.001046922278
-0.0004223028654
0.00110498016
0.0004174156744
-5.797547837e-07
0.0009991016504
-1.926916655e-05
-0.0004361935773
0.001044527477
0.0004244507382
0.00109125371
0.0004425962743
0.001012956563
-0.0005431758714
-0.00109453502
0.0005158984372
-3.269564006e-06
-0.001030596524
-0.00104240145
0.0004917305335
8.683437409e-06
-1.118356674e-05
-0.0004942775097
0.0004740657865
0.0004772622704
-0.001141963717
0.0004878513856
-1.259820375e-10
-0.0004564457421
0.001176004552
7.076618329e-06
0.0004455646609
1.702425409e-09
-1.140754074e-05
0.0004422947291
-5.685102068e-06
-0.001154367706
0.0004644181781
-5.260781251e-09
0.0004657911405
-1.899023483e-08
0.0004065028855
0.001237173716
0.0004424156362
7.265307801e-07
1.033861788e-09
-1.582192566e-05
-0.00113865441
0.001186752131
-5.017927799e-06
-0.0003898583912
-0.0004536591487
-0.001262548654
2.284593183e-09
0.00126338715
-3.546417202e-09
0.001233487335
7.535532344e-10
-0.0004304600818
-0.00116764868
1.785827501e-05
0.001172513613
0.001139529648
0.0004112934698
-1.929274769e-05
0.0004053083097
0.001077968238
-6.221472205e-06
0.001063773269
0.001132367589
0.001112105361
-0.001140927048
0.0004868459224
0.00116521692
-0.0004573071045
0.001176939461
7.075929611e-06
0.0004458070319
-1.139044827e-05
0.0004440146952
-5.678538093e-06
-0.001156240182
0.0004639401599
0.001182677868
0.0004655084147
0.001192579443
0.0004069558058
0.001237485653
0.0004424336874
7.273894183e-07
-0.0004536056579
-0.001262589755
0.001263363756
-1.582620164e-05
-0.001139230155
0.001186926476
-5.019958242e-06
-0.0003898867144
0.001233558668
-0.00128150655
0.0006110503436
1.062338384e-08
-6.753457732e-07
0.0005918735692
0.0005910969776
2.744900071e-09
0.00131025135
6.083996951e-07
0.0005421865181
6.488607077e-09
-3.496557085e-07
-0.001309094917
0.0005685224713
0.0005688192864
1.23880642e-08
0.0005426020475
-0.001250608658
0.0004776221764
2.427793541e-06
0.001290171826
4.629410171e-09
-8.935848802e-06
0.001232728942
-1.991738137e-06
-0.0004764997084
0.001286962381
-0.0004693178408
0.001267615107
4.959781984e-09
2.74771165e-09
0.001304539953
4.23772674e-09
0.001281980709
0.001321132835
0.0005116661043
-4.460787227e-07
5.489032405e-09
-5.352343071e-07
-0.001319977334
0.001361240338
4.742209822e-06
-0.0005041593381
0.0004581135056
-0.0005287118864
-0.001330117363
6.425668169e-09
0.001368319473
0.0004888242136
9.801626995e-09
0.001360695193
3.721679871e-09
0.0004908271795
0.001191320946
0.0005265200503
-1.508782488e-06
0.0005662021991
0.001228485733
0.0005637602534
0.001230159318
-0.001219704075
1.930580103e-06
0.001261899268
0.0005196364105
-4.068869397e-06
0.001214374225
0.0005018854475
0.0004953219068
0.00125914699
0.0005233600171
-0.001281487637
0.0006110860047
0.001338169126
-6.780591296e-07
0.0005919025898
0.000591127515
0.001310245709
6.147670329e-07
0.0005421727986
-3.674957098e-07
-0.001309088705
0.0005685217699
0.001352531341
0.0005688233075
0.001352153295
0.0005425756403
-0.001250616624
0.000477634308
2.433128573e-06
0.001290190236
-0.0004693271603
0.001267709347
-8.939542503e-06
0.001232756234
-1.999717658e-06
-0.0004765218795
0.001286970681
0.001304525886
0.001282027507
0.001321148154
0.0005116578499
-4.374830556e-07
-0.0005286968459
-0.001330131534
0.001368335272
0.0004888083409
-5.512300153e-07
-0.001320020595
0.001361317431
4.734929718e-06
-0.0005041450668
0.0004580786132
0.001360733184
0.000490790848
-0.001479892565
0.0006399476656
-2.637867599e-08
-2.098128257e-08
0.0006472826562
0.000647256682
1.784142632e-09
-2.09307417e-07
-0.001505643962
0.0005885217133
-0.001505214333
0.000588765882
-6.739525309e-08
1.300972406e-07
0.0005959721293
1.846045205e-09
0.0005964570918
-0.00140652599
0.0005421074562
8.437897973e-07
0.001455227077
1.106785147e-08
-1.210972254e-06
0.001406851339
-1.451857733e-06
-0.0005449648118
0.00145107149
-0.0005372505443
0.001410876777
5.803748056e-09
1.316644942e-08
0.001452210049
3.672860534e-09
0.001455349702
-2.486940934e-07
-0.001505474201
-0.0005395675048
-0.00149617678
-1.70827723e-08
0.0004965135917
-0.00150517308
-6.911714244e-08
0.0005457161378
3.431985813e-07
-3.321081606e-08
-3.555654643e-07
-0.0005466757919
0.0005021578679
-2.0773079e-08
0.0005014146117
0.001389834943
0.0006338562292
-2.491052352e-07
0.0006451506862
0.001439874006
0.0006449038228
0.001438902658
-0.001401274366
4.469396893e-07
0.001454054244
0.0005916933086
-4.430613425e-07
0.001401952976
0.0005851588977
0.0005843087561
0.001454878902
0.0005926716979
-0.001479931589
0.000639971737
-4.135907602e-08
0.0006474002068
0.000647219861
-9.059954924e-08
-0.001506410435
0.000588688899
-0.001505161929
0.0005887173234
3.022772798e-07
0.0005958117411
0.0005961709488
-0.001406573718
0.0005421013884
8.931939603e-07
0.001455283515
-0.0005372460094
0.001410865143
0.0004916386449
-1.235377936e-06
0.00140699033
-1.478879553e-06
-0.0005449338817
0.001451069656
0.0005046670491
0.001452194554
0.0004992967694
0.001455621339
-0.0005396339763
-0.001496099274
0.0004965267611
-1.295345411e-08
-0.001505689341
-0.001505078719
0.0005456203144
3.630102445e-07
-3.261274393e-07
-0.0005464659564
0.0005020405331
0.0005013686929
-0.0007511932474
8.108067884e-05
5.907691849e-09
2.771613549e-08
9.318768222e-05
9.353157589e-05
1.242709798e-09
0.001056148364
-3.172575322e-08
0.0001486611926
2.291263519e-08
-2.81966574e-08
-0.001056068723
0.0001224859155
0.0001224814115
1.111997739e-08
0.0001479809379
5.58801761e-08
0.001421010497
-0.0002347136352
0.001560294781
-2.870134817e-08
0.001419835622
-2.923305399e-08
0.0002183572889
3.861155931e-08
0.001363789774
-4.071722381e-08
-6.855537547e-08
-0.000217516209
0.001527799685
0.001527977406
-3.083614704e-08
0.001363960422
0.00131507365
0.000197360537
-1.227554506e-08
2.905646346e-08
-5.34085451e-08
-0.001315194464
0.001270428577
-1.113498394e-07
-0.0001967346216
0.0002228821277
-0.0001671683122
-0.001502168005
7.897048194e-09
0.001458936919
0.00021019792
2.452049811e-08
0.001270308815
-4.420978964e-09
0.0002230630055
0.000847053438
0.0001201085534
1.132573447e-07
0.0001006697433
0.0007972240805
0.0001009529018
0.0007972949604
9.966685121e-08
0.001175574572
0.0001850707446
0.001173781033
0.0001868122462
-3.113467832e-07
0.001112010234
0.0001629947468
0.001112560996
0.000163371972
-0.0007512442679
8.115316782e-05
0.0007174438783
6.188583261e-08
9.323060853e-05
9.352813097e-05
0.001056274668
-4.676985999e-08
0.0001493333759
-5.389817082e-08
-0.00105636883
0.000122749799
0.001014813191
0.0001226221257
0.001014762948
0.0001493760162
-0.0002339910297
0.001559407631
0.0002637826296
-1.152608868e-07
0.0014183437
0.001419054436
0.0002190311636
-1.482822832e-07
0.001363125592
-1.158471953e-08
-0.0002189483648
0.001528197859
0.0002500304597
0.001527919029
0.0002504773497
0.001362619028
0.001314903896
0.0001975822575
1.867003909e-09
-0.0001671353666
-0.001502058674
0.001458934531
0.0002100874625
-8.445731603e-08
-0.001314828267
0.001270381878
-6.149726331e-08
-0.0001971686376
0.0002236675059
0.001270330727
0.0002233766832
-0.001238274623
0.0001441218338
5.549572479e-08
1.821848851e-09
-6.273648831e-08
0.001238426401
-2.947424118e-07
-0.0001442765427
0.000175490193
-0.0001473928605
0.001424283289
9.433664213e-09
0.000181807514
5.28891131e-09
1.134005108e-09
0.0001747681938
0.0006841096676
8.800646036e-05
-6.379577044e-08
7.108610557e-05
7.083730046e-05
-0.0009873276293
4.163792442e-08
0.0001178031875
1.777133067e-08
0.0009866261418
0.0001156325211
0.000115452699
0.0001170897308
-0.001238262319
0.0001441499488
5.547471682e-08
-0.0001474512418
0.001424283051
0.0001818609963
-7.516214016e-08
0.001238394858
-3.011948056e-07
-0.0001443422686
0.0001756034644
0.0001748835565
-0.001485675304
0.0004598001487
-5.222720785e-09
-0.0004667544135
0.001476855221
-5.308729119e-06
0.0004481076904
-8.996036033e-09
4.146522322e-07
0.0004599110879
-2.478379534e-06
-0.001472299432
0.0004299053546
-1.063088071e-08
0.0004266191331
-6.298034785e-09
0.0004137933444
0.001532619671
0.0004316677564
-3.848475053e-06
-5.571941272e-09
-2.192046602e-05
-0.001393286019
0.001458169288
-5.096082195e-06
-0.0003715773677
-0.0004105480132
-0.001535667802
-4.376535948e-10
0.001526002718
1.108865067e-10
0.001526770218
4.744552424e-10
-0.0004629338803
-0.001418639094
2.890516999e-06
0.001453016902
0.001417093104
0.0004600397216
-0.001396805502
-2.990178233e-06
0.0004626271182
0.001442215593
-1.419470065e-05
0.001386458278
-0.001335247496
0.00145046383
-0.001410185724
0.001431732549
-0.001485658761
0.0004598008453
0.001521679135
-0.0004666077197
0.001476855958
-5.319638768e-06
0.0004480793155
4.445814941e-07
0.0004596227351
-2.470362194e-06
-0.00147229564
0.0004298839899
0.001504187677
0.0004266083307
0.001507571812
0.0004137400058
0.001532594952
0.0004316559408
-3.853534993e-06
-0.0004105362418
-0.001535660774
0.001525997917
-2.190251979e-05
-0.00139330085
0.001458155704
-5.094623109e-06
-0.0003715782797
0.001526764632
-6.556155476e-07
0.0004157503086
-0.001612045048
0.0003974305935
5.454388002e-10
0.0004136495147
2.633276652e-09
0.001588950452
1.117029938e-06
0.0003883067783
3.21097329e-09
-6.72673117e-07
-0.001587739784
0.0003783380067
0.0003766541003
1.169767693e-09
0.0003921757878
-0.001532211099
0.00038149696
5.329142773e-06
0.001549337329
6.47682802e-10
-1.411599152e-05
0.001506380931
-6.633252252e-06
-0.0003838752203
0.001519288676
-0.0003938283525
0.001522134826
3.020673905e-09
2.585194146e-09
0.001535175623
-4.4132028e-10
0.001539363319
0.001568127757
0.000367382237
2.132572166e-06
1.541904985e-09
-1.220629548e-06
-0.001563782356
0.001584325548
-2.646667586e-06
-0.0003698893259
-0.0003573193923
-0.001548837131
4.428794576e-10
0.001566130281
1.000062236e-09
0.001586240835
1.251645638e-09
0.001556527299
0.0004472611777
-1.170585615e-06
0.000437248141
0.001585276045
0.0004333942592
0.001585427983
-0.001537512362
2.240011321e-06
0.001564711293
0.0004039572439
-3.912736491e-06
0.001535069016
0.0004247715596
0.000413403886
0.00156301667
0.0004115404964
-0.001612058514
0.0003974314195
0.001631973006
-6.603251234e-07
0.0004157763457
0.0004136700069
0.001588951475
1.125775781e-06
0.0003883072647
-6.74014798e-07
-0.001587744346
0.0003783329907
0.001608343113
0.0003766518664
0.001609058187
0.0003921744481
-0.001532212497
0.0003814970946
5.328711503e-06
0.001549344574
-0.0003938375464
0.001522131141
-1.412105882e-05
0.001506389133
-6.629927429e-06
-0.0003838757492
0.001519278258
0.001535182722
0.001539382591
0.001568130062
0.0003673878233
2.135493187e-06
-0.0003573168884
-0.001548819297
0.001566127547
-1.221618056e-06
-0.001563786781
0.00158433327
-2.653266546e-06
-0.0003699057518
0.001586244421
-1.17215233e-07
0.0003275869057
-0.001648629934
0.0003073240355
5.05400148e-09
0.0003277328992
6.926196773e-09
0.001643761817
2.213255356e-07
0.0003207759062
3.58064722e-09
-1.962333687e-07
-0.001643800683
0.0002978661271
0.0002976477816
5.375896358e-09
0.00032079203
-0.001601616748
0.0003209554228
5.326274066e-07
0.001613970346
3.715885213e-09
-7.723549065e-07
0.001600853952
-3.58963684e-07
-0.000322063504
0.001592369471
-0.00034521022
0.001579900609
2.448829717e-09
2.215777393e-09
0.001592715137
3.496755998e-09
0.001613702695
0.001623552754
0.0003107236789
4.661513323e-07
3.672671505e-09
-4.431370672e-07
-0.001623553075
0.001631826755
-3.775426166e-07
-0.0003114078126
-0.0002890375438
-0.001603011129
3.054959924e-09
0.001611816948
3.442922398e-09
0.001631716418
3.182964726e-09
0.001645762353
0.0003775527943
-1.507425866e-07
0.0003464691914
0.001656321925
0.0003463506306
0.001656444541
-0.001624843994
2.646846311e-07
0.001637089226
0.0003338447122
-4.154464316e-07
0.001624518321
0.0003619613303
0.0003613543087
0.001636877251
0.000334374947
-0.001648670121
0.000307198867
0.001640270398
-1.273407198e-07
0.000327508605
0.0003276736842
0.001643766214
2.234033085e-07
0.0003207768852
-2.029593256e-07
-0.001643813044
0.0002979110316
0.001652964288
0.0002977019409
0.001653065562
0.0003207962176
-0.001601621735
0.0003209650484
5.392124732e-07
0.0016139659
-0.0003452037955
0.001579943315
-7.75416657e-07
0.001600868076
-3.702260276e-07
-0.0003220872814
0.001592347572
0.001592689498
0.001613694953
0.001623558811
0.0003107149821
4.726731472e-07
-0.00028908869
-0.001603040494
0.001611813809
-4.558449187e-07
-0.001623578979
0.001631861305
-3.794426178e-07
-0.0003113848674
0.001631719657
-0.000242573263
0.001629827372
2.915982967e-07
-2.38525799e-09
-3.033120337e-07
0.0002424837131
-2.575688507e-07
-0.001630521705
0.001618313259
-0.001592518418
0.0002333731447
-6.975252164e-10
0.001568920775
-1.39154178e-08
-5.66407811e-11
0.001617833851
-0.001633683213
0.0002594292885
4.620908798e-07
1.001579416e-08
-6.561042759e-07
0.001634675079
-1.920836473e-07
-0.0002608365984
-0.0002829091745
0.001619264851
1.542480783e-09
1.164759619e-09
8.111217098e-09
0.001625980805
0.00027798287
-0.0002628110304
-0.001645439232
1.794921664e-07
0.001644328484
0.0002637386172
-1.276465418e-07
0.0002624525284
0.001613732745
-2.17063496e-07
0.001645524371
0.0002855564562
0.00161350483
0.0002853951559
0.001644289777
0.0002638666115
-0.0002436268888
0.001629478874
2.882478801e-07
-0.001592959576
0.0002336697076
0.00156896692
-2.811399212e-07
0.0002446058977
-2.535332665e-07
-0.001629808493
0.001618175384
0.001617819449
-0.001633629137
0.0002593938891
4.588820708e-07
-0.0002828405408
0.00161933132
-6.463025919e-07
0.001634561721
-1.980482891e-07
-0.0002607716469
-1.066327442e-07
0.0001806750194
-5.322914267e-07
0.001607015602
0.001549980933
0.0002001343772
6.55343988e-09
0.0001793882383
3.620006646e-11
0.001606091303
-2.353381443e-10
6.122164178e-07
-4.814638004e-09
-3.581658148e-06
0.0002979108031
-1.545300132e-05
-0.0009292883241
-0.0009820298257
0.0003615707129
-3.818911665e-09
0.0003341672346
-4.096137087e-09
-0.001013388218
-2.813798994e-09
4.735862861e-06
-3.705945651e-09
-0.0009820991376
0.0003615720427
-3.563840757e-06
0.0002979112657
-1.543701742e-05
-0.0009292999823
0.0003341326222
-0.001013398689
4.721866744e-06
3.561188866e-06
0.0004160545114
-2.426677748e-05
-0.001265654647
-0.001391231362
0.000465272964
4.414860761e-09
0.0004755816363
2.768292069e-09
-0.001406999914
3.755947521e-09
5.110912912e-06
2.740684277e-09
-0.001391239077
0.000465253772
3.554370857e-06
0.0004160442642
-2.427713563e-05
-0.001265690574
0.0004755757142
-0.001407021317
5.116847899e-06
0.001549964348
0.0002002432624
-1.247752641e-07
0.0001806766847
-5.517327711e-07
0.001607012044
0.0001793872496
0.001606127629
6.229173195e-07
2.556552496e-06
5.293385767e-05
-4.823107807e-05
-5.5605682e-09
4.906520237e-07
2.549922898e-05
-2.342083046e-05
-1.249717883e-08
7.022451156e-06
-6.517277797e-06
-1.452113619e-08
2.555793125e-06
-4.8230283e-05
-6.030062809e-09
5.293310977e-05
4.903874112e-07
-2.342044229e-05
-1.277519791e-08
2.549862455e-05
-6.517159892e-06
-1.465478952e-08
7.02220247e-06
-4.893829154e-07
-1.402745592e-07
-3.052629002e-06
2.4307773e-06
-1.310377337e-07
-1.097310841e-07
-1.478789116e-06
1.230176944e-06
-8.421158674e-08
-4.070568135e-07
3.602293151e-07
-4.899735221e-07
-1.402676679e-07
-3.051547358e-06
2.429468943e-06
-1.312198747e-07
-1.097081986e-07
-1.478380346e-06
1.229336064e-06
-8.420009514e-08
-4.069613585e-07
3.599414067e-07
5.033454847e-06
-8.675300846e-06
-1.095795699e-07
1.678615212e-05
1.665962026e-10
1.08150347e-06
-4.20560595e-06
-9.42286831e-08
8.251699102e-06
8.801195668e-11
-1.158521323e-06
-7.976424402e-08
2.319747825e-06
4.093940071e-11
5.602758546e-06
1.415264344e-07
8.7125674e-06
1.258918566e-06
1.149194245e-07
4.227222083e-06
9.259645544e-08
1.165850327e-06
5.15893925e-06
2.229109657e-10
1.066450183e-06
1.206839569e-10
5.708074804e-11
5.396693847e-06
1.684605338e-05
1.244391301e-06
8.285295942e-06
2.330477977e-06
-1.372198373e-07
1.471998536e-07
-3.823577919e-06
3.251369528e-06
-1.327385094e-10
1.551748635e-08
1.156882294e-07
-1.815788571e-06
1.547439664e-06
-7.678740839e-11
8.655286665e-08
-4.926601521e-07
4.216644072e-07
-3.698685348e-11
-6.439078795e-07
-6.969869497e-08
5.23032547e-05
-1.771992742e-07
-4.860423523e-08
2.508112554e-05
-3.586125272e-08
6.881113348e-06
-3.957870196e-07
-5.28027182e-05
3.80653561e-11
5.227446588e-05
-8.290044879e-08
-2.542027362e-05
1.956974281e-11
2.505876234e-05
-6.992751838e-06
9.825481812e-12
6.873979978e-06
4.449258269e-06
-1.131287624e-07
9.345602023e-11
2.41807658e-05
9.329490656e-07
-8.748895442e-08
4.915450088e-11
1.18554498e-05
-7.046576882e-08
2.294252039e-11
3.323139683e-06
4.787129632e-06
2.426995226e-05
1.081069358e-06
1.190386724e-05
3.341082386e-06
5.033396031e-06
-8.675134215e-06
-1.092280355e-07
1.678586426e-05
1.081495909e-06
-4.205525811e-06
-9.403770235e-08
8.251552724e-06
-1.15849875e-06
-7.96709852e-08
2.319706711e-06
5.602041685e-06
1.410407453e-07
8.712091957e-06
1.25871779e-06
1.146583585e-07
4.226986892e-06
9.247035428e-08
1.165780603e-06
5.158858299e-06
1.066436753e-06
5.396205609e-06
1.6845291e-05
1.244253886e-06
8.284900982e-06
2.330364287e-06
4.449323996e-06
-1.129100149e-07
2.418040069e-05
9.329786956e-07
-8.737323786e-08
1.185532208e-05
-7.040952619e-08
3.32311824e-06
4.786944474e-06
2.426902062e-05
1.081018922e-06
1.19034527e-05
3.340974619e-06
6.234250759e-06
3.396592117e-05
1.038180512e-07
1.391572708e-06
1.664517349e-05
1.009584056e-07
4.646563436e-06
8.598439548e-08
-2.124707702e-08
4.045397803e-06
-1.492354514e-07
-4.906334197e-08
1.920943987e-06
-1.132083794e-07
5.22894038e-07
-8.405755058e-08
-2.191497776e-08
4.045291722e-06
-1.494537148e-07
-4.926682896e-08
1.920551168e-06
-1.133082907e-07
5.2273431e-07
-8.410327699e-08
2.350033386e-06
8.490443292e-08
-4.451410905e-05
5.448116954e-07
4.463042835e-08
-2.166023933e-05
2.522231669e-08
-5.997688741e-06
2.129171543e-06
8.429399881e-11
4.808146059e-05
-4.449058633e-05
4.712938473e-07
4.170094956e-11
2.333509834e-05
-2.163263025e-05
1.95124261e-11
6.484805176e-06
-5.988307824e-06
2.91791739e-06
4.448979928e-05
-3.680676567e-08
-1.674982875e-10
-3.938885418e-05
5.69368658e-07
2.16320883e-05
-3.946231505e-08
-8.512305948e-11
-1.924399243e-05
5.988093266e-06
-3.318965617e-08
-3.051597234e-11
-5.385504848e-06
2.350584794e-06
8.491523878e-08
-4.451264827e-05
5.449646452e-07
4.463691583e-08
-2.165945739e-05
2.522889454e-08
-5.997423444e-06
2.129214315e-06
4.808063928e-05
4.713128859e-07
2.333466781e-05
6.484654857e-06
2.620488832e-06
2.066775049e-10
5.225773549e-07
2.401869406e-10
1.103481289e-10
2.620044675e-06
5.280200354e-05
5.224259171e-07
2.54197521e-05
6.992536487e-06
-1.118783116e-07
-2.301010619e-10
-3.044970676e-06
2.413627061e-06
3.373232703e-08
-1.166757801e-10
-1.474939674e-06
1.219717119e-06
-5.269565535e-11
-4.062422197e-07
3.558175254e-07
-1.117500892e-07
-3.044685366e-06
2.413013046e-06
3.379219807e-08
-1.474775676e-06
1.219408003e-06
-4.061881232e-07
3.557271498e-07
-2.233804145e-07
3.830818527e-06
-6.3255423e-08
-7.104028357e-08
1.819347601e-06
-5.074154083e-08
4.937950089e-07
-4.194081065e-08
-5.536190089e-07
3.237016644e-06
-1.602907402e-07
1.54171211e-06
4.200527179e-07
-5.310008755e-06
-4.801520157e-05
-4.181231756e-08
4.009573747e-05
-1.273311553e-06
-2.262220836e-05
-7.456291938e-08
1.866007221e-05
-6.119446772e-06
-8.111209691e-08
4.92724735e-06
-1.464744631e-06
-5.727054554e-07
-1.664054591e-07
-1.664233447e-06
-3.335725261e-07
-1.001040039e-07
-1.29961666e-07
-9.011084672e-07
2.950962781e-08
-9.611490261e-08
-2.669691081e-07
-1.359400553e-06
-2.783428161e-06
-6.482461729e-08
-3.22377168e-07
-1.08085546e-06
-5.627215446e-08
-2.449559506e-07
-4.791298163e-08
6.234338283e-06
3.396722636e-05
1.038028697e-07
1.391606401e-06
1.664563935e-05
1.009603885e-07
4.646705875e-06
8.598317439e-08
3.555557148e-06
3.951451995e-05
1.046948287e-07
8.171624493e-07
1.93135961e-05
7.043753855e-08
5.412896491e-06
5.097159326e-08
3.004070103e-06
3.678148482e-08
6.179749297e-07
3.945131274e-08
3.318187291e-08
3.555289154e-06
3.951343471e-05
1.045253015e-07
8.170837403e-07
1.931301089e-05
7.036989719e-08
5.412702471e-06
5.094541159e-08
3.003819625e-06
6.179105553e-07
-2.230971589e-07
3.830261979e-06
-6.306203172e-08
-7.092916626e-08
1.819039052e-06
-5.06530623e-08
4.937046093e-07
-4.190077169e-08
-5.530510765e-07
3.237813943e-06
-1.471788186e-07
-1.601949623e-07
1.5418339e-06
-1.156519304e-07
4.200442317e-07
-8.653335894e-08
-2.136345142e-06
-5.074516918e-05
-1.07563127e-07
-5.226135829e-07
-2.415769856e-05
-7.824036906e-08
-6.580531645e-06
-6.152824071e-08
-2.136597341e-06
4.801190561e-05
-5.074306483e-05
-1.075168716e-07
-5.22641422e-07
2.262078392e-05
-2.415650114e-05
-7.824160195e-08
6.119022361e-06
-6.580131525e-06
-6.153350069e-08
-5.308907665e-06
-4.174928241e-08
4.009429285e-05
-1.273038167e-06
-7.450851794e-08
1.865942285e-05
-8.108510829e-08
4.927067872e-06
-2.608044827e-06
-1.911165907e-07
-7.037689951e-06
-5.603976348e-07
-1.463344377e-07
-2.982169551e-06
-1.074216269e-07
-6.97932789e-07
-2.60863875e-06
2.782293445e-06
-1.909217355e-07
-7.037103374e-06
-5.605502341e-07
1.079994586e-06
-1.46197737e-07
-2.981886521e-06
2.446640295e-07
-1.073550263e-07
-6.978593023e-07
-1.358504576e-06
5.716559732e-07
-6.419055478e-08
-3.221280564e-07
9.956593707e-08
-5.595114353e-08
-2.970428457e-08
-4.776126696e-08
-5.130812883e-08
-4.062735943e-06
-5.637743655e-11
9.71765073e-09
-1.927519657e-06
-3.219950428e-11
-5.24866005e-07
-1.703164707e-11
-5.012422871e-06
4.009944929e-05
-4.802299297e-05
-1.636873931e-10
-1.117820308e-06
1.865505553e-05
-2.262414527e-05
-7.63831388e-11
4.922400967e-06
-6.121307424e-06
-2.493907487e-11
-1.397397731e-06
1.180923514e-07
3.746905017e-05
-2.971665389e-10
-1.958848807e-07
8.717483771e-08
1.736652108e-05
-1.576326555e-10
7.037132909e-08
4.656219284e-06
-7.417868013e-11
-1.733544756e-06
3.746459105e-05
-3.454778971e-07
1.735918144e-05
4.652140404e-06
-3.019275119e-06
-1.729850981e-05
1.198547279e-07
1.192803497e-05
-1.527103777e-10
-5.681153813e-07
-7.747513049e-06
9.239895262e-08
5.204028287e-06
-7.917296358e-11
-1.953010618e-06
7.258696684e-08
1.312344281e-06
-3.626065559e-11
-5.143495396e-06
-8.048849068e-08
1.726698862e-05
-2.539066065e-05
-1.192971387e-06
-7.80481388e-08
7.733959952e-06
-1.160643602e-05
-7.044078343e-08
1.949670239e-06
-3.072203335e-06
-4.845261372e-06
-2.540684177e-05
-2.075138081e-10
-1.052841272e-06
-1.161787521e-05
-1.087922238e-10
-3.076241551e-06
-5.081386677e-11
-3.363185317e-06
1.188661561e-05
-7.179932007e-07
5.181164864e-06
1.304262942e-06
-1.009455953e-06
-5.869116477e-07
-1.643033808e-06
-6.58829376e-10
-1.415084223e-07
-1.081946965e-07
-8.893589181e-07
-3.594752274e-10
2.575599292e-08
-2.632137037e-07
-1.663321325e-10
-1.17189787e-06
-2.829554161e-06
-3.383626485e-10
-2.310593826e-07
-1.105132274e-06
-1.778351981e-10
-2.531327858e-07
-8.402738163e-11
5.879615856e-06
8.122555107e-11
3.391641882e-05
1.226084444e-06
2.686359233e-11
1.660991653e-05
-1.221420473e-12
4.635208514e-06
5.879345848e-06
3.391630154e-05
1.225974278e-06
1.660968002e-05
4.635076264e-06
3.901586824e-07
3.727600757e-11
1.234304599e-07
2.09159233e-11
1.000710176e-11
3.900240986e-07
4.062332193e-06
1.23410617e-07
1.927312748e-06
5.24809143e-07
3.263573204e-06
3.938962922e-05
8.599644017e-11
6.994787562e-07
1.92444076e-05
4.297102917e-11
5.385647867e-06
1.15303104e-11
2.918364452e-06
5.695083482e-07
3.263371594e-06
6.994712513e-07
-1.319473006e-06
-1.59462103e-08
-3.518792081e-07
-4.416757249e-08
-5.129864928e-08
-6.443032386e-07
-6.975262457e-08
5.2301549e-05
-1.772660108e-07
-4.865142304e-08
2.50802382e-05
-3.588684184e-08
6.880822722e-06
-3.959259214e-07
5.22736021e-05
-8.293337077e-08
2.505812702e-05
6.873726172e-06
-1.320350842e-06
-1.650506779e-08
-3.521402453e-07
-4.447374564e-08
-5.145034361e-08
-1.158909697e-06
-1.811394153e-10
5.067570193e-05
-2.60846311e-07
-1.108849335e-10
2.411569905e-05
-6.617080207e-11
6.561495291e-06
-1.695551733e-07
-6.573129743e-08
-5.522759294e-08
-5.140194901e-08
-4.223137979e-08
-5.266531103e-07
-7.537077614e-08
-1.39735316e-07
-5.784843382e-08
-4.647503331e-08
5.620657427e-09
-1.210556177e-10
2.677968947e-08
-6.40757703e-11
-2.968067941e-11
-3.188605044e-07
-2.773164641e-10
-4.620203055e-08
-1.502881156e-10
-7.310439385e-11
-1.462945132e-06
-1.654455084e-07
-1.66365498e-06
-3.330646367e-07
-1.293982022e-07
-9.009199544e-07
-9.584334725e-08
-2.669275333e-07
-1.008819771e-06
-1.642892642e-06
-5.865554851e-07
-1.413341207e-07
-8.892469767e-07
-1.079990147e-07
-2.631672203e-07
2.5822504e-08
-1.699689334e-07
-6.543961657e-08
-5.525270142e-08
-5.126336309e-08
-4.217057133e-08
-5.251770293e-07
-7.459536844e-08
-1.393017205e-07
-5.74598553e-08
-4.628821137e-08
5.396102331e-09
-3.251396349e-06
2.672784997e-08
-1.547434104e-06
-4.216605943e-07
-3.187494415e-07
-4.619832466e-08
-5.1274931e-08
3.823304215e-06
9.718636121e-09
1.815633498e-06
4.926115959e-07
-1.368559228e-07
1.562264295e-08
-1.158892264e-06
5.067693965e-05
-2.608559528e-07
2.411644521e-05
6.561759619e-06
-1.792949474e-06
2.062260594e-11
-3.789066109e-07
1.418583123e-11
1.648709267e-11
-1.793007332e-06
4.80219927e-05
-3.789585852e-07
2.262342467e-05
6.12101912e-06
-3.813753353e-06
3.117527987e-05
5.65999588e-08
-2.504111539e-10
-8.553585701e-07
1.434443e-05
6.382696853e-08
-1.305352447e-10
3.738286024e-06
6.263646495e-08
-6.050176137e-11
-3.591360729e-06
-1.380816859e-07
-3.116173795e-05
-7.492689332e-07
-1.053232553e-07
-1.434320488e-05
-8.182119225e-08
-3.739652342e-06
-3.201632577e-06
-2.269033521e-10
-5.802806027e-07
-1.211911401e-10
-5.660971103e-11
-4.05492722e-06
-9.75122491e-07
-5.011520975e-06
4.009894265e-05
-1.117549319e-06
1.865486724e-05
4.9223602e-06
-1.397188343e-06
1.175949449e-07
3.746887655e-05
-1.958392523e-07
8.690439095e-08
1.736645527e-05
7.023828106e-08
4.656208791e-06
-1.732535691e-06
3.746413862e-05
-3.451991754e-07
1.735899149e-05
4.652106324e-06
-3.81363849e-06
3.117527976e-05
5.614450943e-08
-8.553387346e-07
1.434444459e-05
6.358177522e-08
3.738292819e-06
6.251732284e-08
-3.591001439e-06
-1.376237201e-07
-3.116173939e-05
2.539073273e-05
-7.491577912e-07
-1.050801468e-07
-1.434324697e-05
1.160648274e-05
-8.170455154e-08
-3.739672264e-06
3.072218692e-06
-3.201654723e-06
2.540685244e-05
-5.80290502e-07
1.161787854e-05
3.076241186e-06
-4.054278882e-06
-9.749492664e-07
-2.08536757e-06
-7.065569647e-06
-2.891475675e-10
-3.411732776e-07
-2.995505097e-06
-1.562839695e-10
-7.016580996e-07
-6.856637343e-11
-2.699562412e-06
7.304418073e-08
-1.598911481e-10
-5.551521868e-07
6.418865023e-08
-7.909890727e-11
5.557016025e-08
-3.597750669e-11
-2.925083763e-06
-6.618985948e-07
-3.019326847e-06
-1.729851729e-05
1.195580294e-07
1.192794078e-05
-5.681288584e-07
-7.747515435e-06
9.224033535e-08
5.203992066e-06
-1.953011436e-06
7.251020477e-08
1.312334895e-06
-5.143174915e-06
-8.009271453e-08
1.726707739e-05
-1.192867681e-06
-7.783797107e-08
7.734011103e-06
-7.034000221e-08
1.949689937e-06
-4.845251628e-06
-1.052837459e-06
-3.363083979e-06
1.188645024e-05
-7.179458811e-07
5.18111339e-06
1.304252886e-06
-2.085465107e-06
-7.065343396e-06
2.828655435e-06
-3.411675301e-07
-2.99539243e-06
1.104738165e-06
-7.016268146e-07
2.530340349e-07
-2.699647649e-06
7.275930519e-08
-5.55170922e-07
6.404301627e-08
5.550053e-08
-2.925164365e-06
-6.618922695e-07
-1.171619874e-06
-2.310104403e-07
)
;

boundaryField
{
    inlet
    {
        type            calculated;
        value           nonuniform List<scalar> 
25
(
-0.01999999779
-0.01999999796
-0.01999999828
-0.01999999872
-0.01999999919
-0.01999999966
-0.0200000001
-0.0200000005
-0.0200000007
-0.0200000009
-0.020000001
-0.0200000009
-0.0200000009
-0.0200000008
-0.0200000006
-0.0200392329
-0.0200431342
-0.0200364727
-0.0200320489
-0.0200289184
-0.0200262206
-0.0200238369
-0.0200217247
-0.0200198482
-0.0197285645
)
;
    }
    outlet
    {
        type            calculated;
        value           nonuniform 0();
    }
    topAndBottom
    {
        type            symmetry;
        value           uniform 0;
    }
    frontAndBack
    {
        type            empty;
        value           nonuniform 0();
    }
    cylinder
    {
        type            calculated;
        value           uniform 0;
    }
    procBoundary2to0
    {
        type            processor;
        value           nonuniform List<scalar> 
75
(
-2.916492073e-06
-2.844984505e-06
-2.865194433e-06
-2.856027758e-06
-2.839627509e-06
-2.817887863e-06
-2.789602049e-06
-2.753313762e-06
-2.706997581e-06
-2.64818968e-06
-2.573911295e-06
-2.480376032e-06
-2.361965983e-06
-2.209363435e-06
-2.005724157e-06
-1.301736274e-06
5.634596518e-06
2.836217964e-05
7.233010081e-06
6.495769987e-08
1.200651796e-09
-2.396760328e-09
3.481596916e-08
3.414789277e-08
2.056340147e-08
-4.422049403e-09
1.975474948e-08
3.464856738e-08
3.794677202e-08
3.812646255e-08
3.439924492e-08
3.742204827e-08
3.79739487e-08
-3.385249132e-09
-2.969908867e-09
-5.949342712e-09
1.244386574e-09
-3.122069963e-09
7.382747204e-10
2.041466401e-08
8.337831831e-09
8.043970963e-09
-3.949573779e-09
-5.931116682e-11
2.155796809e-10
2.00792571e-08
7.271563817e-09
7.594241222e-09
7.499957823e-09
7.0106538e-08
-8.062723144e-09
-4.399308134e-10
3.215512642e-10
-2.01967799e-09
-4.375956188e-09
-2.63483063e-09
-3.944271409e-09
-2.204420072e-09
-4.192328949e-09
-3.652473852e-09
-5.429135009e-09
-5.76111936e-09
-5.226475281e-09
3.480707133e-09
1.698528601e-09
4.724998404e-10
3.448479479e-09
1.68235362e-09
4.680082305e-10
3.442149794e-09
1.67927434e-09
4.66761672e-10
3.434896828e-09
1.675049993e-09
4.657547837e-10
)
;
    }
    procBoundary2to3
    {
        type            processor;
        value           nonuniform List<scalar> 
103
(
0.0008280935478
0.0008286131753
0.00646509
0.00644446645
0.006465752903
0.006442848654
0.02497222895
0.02443368852
0.02395840689
0.02356876941
0.0232370764
0.02295350695
0.02270836556
0.02249580413
0.02231125208
0.02215124988
0.0220130112
0.02189441552
0.02179375755
0.02170963982
0.02164100971
0.02158703182
0.0215470537
0.02152062237
0.02150742201
-3.931693248e-05
5.012095763e-07
-3.855154416e-05
2.272585866e-07
-1.570525452e-07
-8.950282572e-07
-1.560975976e-07
-8.94705244e-07
-3.083554547e-05
-8.784106941e-05
-3.054048956e-05
-8.786540023e-05
-2.703493551e-05
-2.691889626e-05
-3.932255634e-05
5.011935655e-07
-3.856840475e-05
2.271819189e-07
-3.083841446e-05
-8.784605813e-05
-3.054852575e-05
-8.787278754e-05
-2.703239077e-05
-2.693671431e-05
4.471743554e-06
4.60740113e-06
8.009619067e-05
8.006361294e-05
0.0002155908648
0.0004110944921
0.0004110124689
0.0002154413967
4.541284046e-06
4.614544806e-06
8.009764635e-05
8.007012525e-05
0.000215597414
0.000411108348
0.000411023026
0.0002154524236
0.0006586384495
0.000658574869
0.0009404063365
0.0009407959917
0.001545980412
0.001545254232
0.001588920967
0.001590350642
0.006539819418
0.001546102774
0.001545335916
0.001588866445
0.001590258577
0.006539838802
0.001211861505
0.001393725728
0.001393341058
0.001211197278
0.0006587202023
0.0006586616894
0.0009403179467
0.0009406641537
0.001211861949
0.00139366277
0.001393249381
0.001211197813
-3.717887284e-06
-1.779913171e-06
-4.878973891e-07
-3.717821329e-06
-1.779884889e-06
-4.878951798e-07
-3.707180703e-06
-1.774015278e-06
-4.855004942e-07
-3.707105451e-06
-1.773982624e-06
-4.854928355e-07
)
;
    }
}


// ************************************************************************* //
