/*--------------------------------*- C++ -*----------------------------------*\
| =========                 |                                                 |
| \\      /  F ield         | OpenFOAM: The Open Source CFD Toolbox           |
|  \\    /   O peration     | Version:                                        |
|   \\  /    A nd           | Website:  www.openfoam.com                      |
|    \\/     M anipulation  |                                                 |
\*---------------------------------------------------------------------------*/
FoamFile
{
    version     2.0;
    format      ascii;
    class       volVectorField;
    location    "4.6";
    object      U;
}
// * * * * * * * * * * * * * * * * * * * * * * * * * * * * * * * * * * * * * //

dimensions      [0 1 -1 0 0 0 0];


internalField   nonuniform List<vector> 
2429
(
(0.9999581116 9.671421795e-05 7.396383311e-25)
(0.9996024976 0.0002908523609 2.442526569e-23)
(0.9988497718 0.0004915635867 -1.488413713e-24)
(0.9976662365 0.0007053867148 -2.719492512e-23)
(0.9960395433 0.0009393050553 -1.5341778e-23)
(0.9939320132 0.001201357812 6.109358979e-24)
(0.9912767397 0.001501563622 6.179581723e-24)
(0.9879840972 0.001852862349 -7.02821603e-24)
(0.9839387931 0.002272301764 5.542811128e-23)
(0.978988552 0.002782886544 -2.901013533e-23)
(0.97292857 0.003416507777 -1.562096578e-23)
(0.9654811167 0.004218568512 -1.674627858e-23)
(0.9562630774 0.005255319245 -9.000892321e-23)
(0.9447419927 0.006626513433 7.210533071e-23)
(0.9301376725 0.008485643295 -6.346323889e-23)
(0.9113702848 0.01108446874 8.870766213e-23)
(0.8865355819 0.0148337131 -9.094744544e-22)
(0.8537263249 0.02058508855 1.923355905e-21)
(0.8053210585 0.02944140084 -4.22728641e-07)
(0.7553615784 0.02407238109 -0.02873548014)
(0.6249827764 0.01689154937 -0.06053424306)
(0.4989464095 0.02927826737 -0.07762888433)
(0.1700250132 0.05897609582 -0.09844253497)
(0.9999591588 0.0002867887098 -1.178152523e-23)
(0.9996138655 0.0008642150866 -1.187803347e-23)
(0.998883841 0.001461308212 -9.470828899e-23)
(0.9977368586 0.002097055901 1.199157434e-22)
(0.9961621031 0.002792006965 0)
(0.994124931 0.003569785384 -2.503803397e-23)
(0.9915633329 0.004459644722 1.017505483e-22)
(0.9883947743 0.005499137589 -1.048213032e-22)
(0.9845141772 0.006737496758 -2.205106527e-22)
(0.9797843134 0.008240790702 -1.238834064e-24)
(0.9740230296 0.01009997911 -1.186202933e-22)
(0.9669873294 0.01244341039 -2.627701032e-22)
(0.9583492057 0.01545649255 3.959168656e-22)
(0.9476645905 0.01941452439 1.429574181e-22)
(0.9343077652 0.02473529426 2.014516819e-23)
(0.9174457842 0.03208656121 0)
(0.8957091725 0.04252085744 8.379605879e-22)
(0.8677757482 0.05806509925 -2.948305364e-21)
(0.8288909621 0.08139111605 3.290810887e-06)
(0.7822590385 0.09666303064 -0.02633853957)
(0.6614042128 0.1210356345 -0.05397990444)
(0.590897794 0.2274585679 -0.06361618156)
(0.4131967847 0.4431726239 -0.06556398519)
(0.9999615978 0.0004681475249 0)
(0.9996372073 0.001411507483 -1.862168097e-22)
(0.998951346 0.002386263106 9.479043393e-23)
(0.9978751522 0.003422473107 9.363496576e-23)
(0.9964008917 0.004552782718 -2.413553857e-22)
(0.9944995735 0.005814491404 4.895319669e-23)
(0.9921182692 0.007253411448 -1.019852503e-22)
(0.9891875251 0.008927826984 2.112307282e-22)
(0.9856209317 0.01091338366 2.782317706e-24)
(0.9813084549 0.0133104142 2.284821311e-22)
(0.9761082909 0.01625528209 4.092048462e-24)
(0.9698382184 0.01993717238 0)
(0.9622642599 0.02462460777 2.164163127e-24)
(0.9530892197 0.03070623729 -2.795444806e-22)
(0.9419305159 0.03875791433 0)
(0.9283327059 0.04967509868 -6.257264535e-22)
(0.9116871089 0.0647817002 -9.742047221e-22)
(0.8915581907 0.08657360779 1.792070319e-23)
(0.8671334641 0.1177467314 -1.916199962e-06)
(0.8400339223 0.1689440813 -2.638537978e-06)
(0.7910157486 0.2128267163 -0.02332749861)
(0.7407119478 0.3098889382 -0.04211213819)
(0.7477690139 0.5196202297 -0.02893421748)
(0.6988425754 0.5948710389 0.03010781612)
(-0.006902695225 0.04953801502 0.06791709051)
(0.9999651045 0.0006363144687 1.770818814e-22)
(0.9996703512 0.001917545157 3.755546623e-22)
(0.9990471651 0.003239538428 0)
(0.9980712422 0.004641916168 -1.896171613e-22)
(0.9967388554 0.00616710019 3.815830145e-22)
(0.9950284786 0.007863082514 0)
(0.9928991415 0.009788252205 1.964169303e-22)
(0.9902983742 0.01201598963 -1.494942616e-22)
(0.9871635995 0.01464010483 1.761537093e-24)
(0.9834189032 0.01778287221 -5.361618329e-23)
(0.9789719607 0.02160760441 0)
(0.9737131746 0.02633520016 0)
(0.9675170615 0.03227150386 0)
(0.9602520102 0.03984901759 0)
(0.9517951426 0.0496718364 0)
(0.9420866377 0.06267349926 2.866692917e-21)
(0.9311923331 0.08007917825 2.514008307e-21)
(0.9195924123 0.1039618572 0)
(0.9081934282 0.1368378394 0)
(0.9000729667 0.1838666272 -5.838782299e-07)
(0.8820459993 0.2315792468 -0.0166157166)
(0.814185877 0.2874868909 -0.02482923726)
(0.9357152668 0.4291903999 -0.01030847546)
(1.096415189 0.5332339945 0.02170735894)
(1.250157016 0.4650626764 0.06264474272)
(1.050478754 0.2045416673 0.07813072912)
(0.7827725005 0.05994575744 0.07035135052)
(0.646001172 0.02923174935 0.06362925122)
(0.9999691859 0.0007871116869 -1.771725878e-22)
(0.9997105433 0.002370044384 -1.892121422e-22)
(0.999165018 0.004000353741 0)
(0.9983131335 0.005725244816 -1.595121146e-22)
(0.9971552346 0.007594273926 -1.65163336e-22)
(0.9956781837 0.009662749279 1.405202552e-22)
(0.993854446 0.0119971329 -5.320675823e-24)
(0.9916501896 0.01467965681 2.013432357e-22)
(0.9890283882 0.01781326932 0)
(0.9859490195 0.02152934883 0)
(0.9823702766 0.02599989986 0)
(0.9782538657 0.03145242129 0)
(0.9735779661 0.03818435057 9.038321716e-22)
(0.9683547174 0.04662009932 2.86097117e-21)
(0.962675741 0.0572749473 -9.917734657e-22)
(0.9567583546 0.07091258709 -3.230141771e-21)
(0.9510844496 0.08850585257 1.032770511e-21)
(0.9465706899 0.1113985748 -2.209868006e-21)
(0.9450706187 0.1411448485 -8.361438554e-23)
(0.9493385762 0.1801270509 -6.352956793e-09)
(0.9678700166 0.2278488848 2.951470508e-10)
(0.9751282289 0.2754201336 -0.007081028578)
(1.032414154 0.3284003571 0.0001417945042)
(1.114460027 0.376476967 0.01632337959)
(1.248337034 0.3551911708 0.03689213406)
(1.332545819 0.2768047081 0.04992809029)
(1.343077699 0.1869686962 0.0535162354)
(1.310555784 0.1161972013 0.05404104495)
(0.999973525 0.0009161167129 -1.757527351e-22)
(0.9997551692 0.002757924126 -1.117562052e-23)
(0.9992978052 0.004651457604 -1.132227798e-23)
(0.9985866992 0.006648434605 2.052464401e-22)
(0.9976258113 0.008802804813 -1.801391114e-22)
(0.9964103523 0.01117390948 -1.876760881e-22)
(0.9949262333 0.0138318726 -3.760974224e-22)
(0.9931578033 0.016861773 0)
(0.9910921976 0.02036723248 0)
(0.9887232309 0.02447856251 0)
(0.98605537 0.02935995852 0)
(0.9831077885 0.03523015064 0)
(0.9799424001 0.04233917697 -1.731152541e-21)
(0.9766703391 0.05103545792 -1.011301814e-21)
(0.9735098673 0.06173809883 5.732404903e-23)
(0.9708307969 0.07496392168 9.447772729e-22)
(0.9692812266 0.09135207043 -9.315239497e-22)
(0.9698955752 0.1116136639 9.337448981e-22)
(0.9744100417 0.1363879756 -1.402956717e-21)
(0.9851375723 0.1659776797 1.308107275e-21)
(1.006800917 0.1995743908 -1.874400503e-09)
(1.041825101 0.2306893821 1.820348914e-08)
(1.095471373 0.2504334628 -1.03369105e-07)
(1.138306219 0.2683859126 0.008737891246)
(1.20728176 0.2521427232 0.01522135908)
(1.264643228 0.2110963457 0.020438054)
(1.298938938 0.1604094337 0.02329618796)
(0.9999787603 0.001021548796 1.703117967e-22)
(0.9998049775 0.00307500237 -5.471102017e-24)
(0.999442286 0.00518211689 1.091022264e-23)
(0.9988813311 0.007396389713 0)
(0.9981295648 0.009773502562 1.801232605e-22)
(0.9971898102 0.01237374282 -8.825156169e-23)
(0.9960602289 0.01526698281 9.814523638e-23)
(0.9947412332 0.01853599434 1.82107921e-22)
(0.9932401095 0.02227942092 8.275520389e-22)
(0.9915803585 0.02661999117 1.952371418e-22)
(0.9898035157 0.03169971646 -1.162060263e-21)
(0.9879675983 0.03770125825 7.788992721e-22)
(0.9861827527 0.04483531549 2.405906017e-21)
(0.9846211543 0.05334872106 -1.616089442e-21)
(0.9835590746 0.06353867015 5.174306282e-23)
(0.983421053 0.07572196443 -1.666177371e-21)
(0.9848330218 0.09022189812 4.056465272e-22)
(0.9887115983 0.1072918504 0)
(0.9963886602 0.126976072 -6.265128426e-22)
(1.009559981 0.1488027247 6.248244534e-22)
(1.030518269 0.1714881387 -1.588808806e-22)
(1.060976133 0.191149095 3.833344559e-22)
(1.101253399 0.2026163426 3.587913692e-07)
(1.146371566 0.1992771197 -6.237834327e-07)
(1.1893451 0.1823628199 1.40290585e-07)
(1.225169952 0.1540241066 2.244430297e-07)
(1.251130767 0.118431348 -1.93172621e-06)
(0.9999841467 0.001103115811 0)
(0.9998561098 0.003318860877 -2.124234522e-23)
(0.9995903328 0.005587529526 2.124115103e-23)
(0.999182476 0.007962594189 0)
(0.9986426978 0.01049907336 0)
(0.9979801318 0.0132553903 8.824175179e-23)
(0.9972032496 0.01629796312 2.663880359e-22)
(0.9963249434 0.01970349074 -2.683770753e-22)
(0.995367671 0.02356269947 -7.29507093e-22)
(0.9943820387 0.02797980507 0)
(0.9934270909 0.03307785934 0)
(0.9925854225 0.03899141778 1.4397195e-21)
(0.9919915293 0.0458798505 -7.980280607e-22)
(0.9918470696 0.05391237137 1.144454098e-21)
(0.992429491 0.06326353001 -3.679602496e-22)
(0.9941384755 0.07408953925 4.871521301e-23)
(0.997517855 0.08649786019 -1.644378859e-22)
(1.003299178 0.1004771806 4.522765848e-22)
(1.01244207 0.1158124322 0)
(1.026050624 0.1318664274 -3.711481009e-22)
(1.045233077 0.147283482 -3.109327815e-22)
(1.070740283 0.1596945948 -1.559850594e-24)
(1.101813585 0.1658842973 0)
(1.135831025 0.1627830829 0)
(1.16884896 0.1497944267 -2.407083673e-22)
(1.197059497 0.1282185902 -3.119336284e-22)
(1.218347138 0.1006561469 0)
(0.9999894576 0.001160033022 0)
(0.9999065888 0.003488302514 -6.055084517e-23)
(0.9997363835 0.005866820164 -1.019217076e-22)
(0.9994788415 0.008347256223 0)
(0.999145761 0.01098195386 4.002338577e-23)
(0.998750884 0.01382516855 2.056453998e-22)
(0.9983108905 0.01693747761 8.422547811e-23)
(0.9978466527 0.0203875344 -8.405742116e-23)
(0.9973936217 0.02425619018 1.3158399e-21)
(0.997020436 0.02862973266 6.790250779e-22)
(0.9967911907 0.03359898889 -1.678548605e-21)
(0.9968011022 0.03926299946 -6.954284111e-22)
(0.9971895442 0.04572832241 -7.087928339e-22)
(0.998155193 0.05309738976 1.53556726e-22)
(0.999958555 0.06145444093 1.653180348e-22)
(1.002944191 0.07084445763 3.356041032e-22)
(1.007551857 0.08124298826 2.71339776e-22)
(1.014334488 0.09250838409 -2.876050658e-22)
(1.023941619 0.1043289172 -3.780615585e-22)
(1.037036275 0.1160521192 7.473781829e-22)
(1.054126675 0.1266289375 7.40936771e-23)
(1.075396374 0.1344862352 -7.240062947e-23)
(1.10005452 0.1376523785 0)
(1.126311492 0.1344251749 -5.532172865e-23)
(1.15179557 0.1239541328 4.911099318e-26)
(1.174064963 0.1069490416 -4.910340755e-26)
(1.191419824 0.08504649064 -2.813564069e-22)
(0.9999945542 0.001193015946 7.854977446e-23)
(0.9999549384 0.003585633491 2.250844361e-23)
(0.9998760586 0.006024329447 1.399853819e-22)
(0.9997614774 0.008557559501 0)
(0.9996234578 0.01123350633 -8.168953299e-23)
(0.999478269 0.01410087605 -1.637535984e-22)
(0.9993496435 0.0172130733 0)
(0.9992620237 0.02063136271 0)
(0.9992651738 0.02442360485 -1.314632881e-21)
(0.9994280842 0.02865675432 1.597331296e-22)
(0.999814144 0.03338934159 1.91750114e-22)
(1.00052061 0.03869110131 -1.32673512e-22)
(1.001685843 0.04462882732 -2.949655846e-22)
(1.003491103 0.05125299616 -1.682728796e-23)
(1.006162443 0.05858447733 -4.24530256e-22)
(1.009979188 0.06659667686 1.290119408e-22)
(1.01527949 0.07519628373 -3.744744535e-23)
(1.022465469 0.08417719011 3.953282657e-22)
(1.031954796 0.09322446627 -9.488697328e-23)
(1.044111572 0.1017624938 -1.192181305e-22)
(1.059162636 0.1090108816 -1.78983841e-22)
(1.076967156 0.1139269 0)
(1.096828182 0.1152531837 0)
(1.117521366 0.11189044 5.540747502e-23)
(1.13754707 0.1032526896 0)
(1.155274071 0.08964788422 0)
(1.169392771 0.07205233366 1.014570563e-22)
(0.9999993153 0.001203362412 -7.854499773e-23)
(0.9999999966 0.003614862153 7.865047217e-23)
(1.000006046 0.006067213696 -7.867827798e-23)
(1.000023803 0.008604546664 1.132665771e-22)
(1.000064446 0.01127010373 -1.156500937e-22)
(1.000145332 0.01410753628 1.537386143e-22)
(1.000296806 0.01716307588 -5.987725216e-22)
(1.000547219 0.02048780189 0)
(1.000949462 0.02413686549 -2.961478582e-22)
(1.001561254 0.02815134114 0)
(1.002449679 0.03257371893 3.089485795e-22)
(1.003711504 0.03745034651 3.046545771e-22)
(1.005472952 0.042815547 1.581425587e-22)
(1.007888737 0.04868129276 6.151937496e-24)
(1.011144604 0.05502620798 4.097502332e-22)
(1.01545874 0.06178652045 -3.582437782e-22)
(1.021083577 0.06881656499 -4.611796042e-24)
(1.028291991 0.07591888603 -3.29969376e-22)
(1.037342059 0.08278128041 3.292389642e-22)
(1.048412827 0.08898245119 -1.347642745e-22)
(1.061573976 0.09396529107 1.23870522e-22)
(1.076563632 0.09700230711 1.07782058e-23)
(1.092785246 0.09724417205 -2.38057816e-23)
(1.109418131 0.09398870735 5.295954235e-23)
(1.125445526 0.08680510799 6.156292856e-23)
(1.139721774 0.07578041534 8.501231893e-23)
(1.151252507 0.06150039743 -8.953115154e-23)
(1.00000366 0.001192851338 0)
(1.000040913 0.00358141127 0)
(1.000123933 0.006004893318 0)
(1.000260409 0.008502555922 -1.517521693e-22)
(1.000459824 0.01111256941 0)
(1.000743953 0.01387447943 0)
(1.001143935 0.01682801785 2.097571088e-23)
(1.001688087 0.02001001915 2.928118684e-22)
(1.002421391 0.02345842279 2.251884797e-22)
(1.003399493 0.02720360376 7.172171758e-23)
(1.004691533 0.03127632692 6.891343226e-23)
(1.006385083 0.03570111255 -2.025324179e-22)
(1.008587154 0.04048696909 5.423899273e-24)
(1.01142506 0.0456199522 1.281419834e-22)
(1.015046228 0.0510589046 0)
(1.019615133 0.05670646445 0)
(1.025313685 0.06241467857 -3.559155197e-22)
(1.032321752 0.06800389987 -2.959043012e-22)
(1.040780924 0.07319625513 -2.238420909e-22)
(1.05077796 0.07767873745 1.40303478e-22)
(1.062252932 0.08106709505 0)
(1.074938585 0.08285457421 0)
(1.088373605 0.08248566875 2.383019309e-23)
(1.101969198 0.07947191643 4.533813452e-23)
(1.114997589 0.07345939956 -6.187046598e-23)
(1.126634319 0.06442738483 -7.181411836e-23)
(1.136129256 0.05273166913 8.256541044e-23)
(1.000007545 0.001163592907 0)
(1.000077018 0.003491564478 0)
(1.000227963 0.005848239086 -7.198659043e-23)
(1.000468192 0.008268357333 -4.917650898e-22)
(1.000808984 0.0107861545 0)
(1.001272655 0.01343576856 -7.059105258e-23)
(1.001883341 0.01624456181 4.28508215e-22)
(1.002669947 0.01924058941 -3.417395184e-22)
(1.003674609 0.02245228356 1.9926081e-22)
(1.004949956 0.02590253341 3.289817138e-22)
(1.006558759 0.02960831436 2.537718083e-22)
(1.008575742 0.03357676219 0)
(1.011089299 0.03780011158 0)
(1.014202451 0.04225333805 0)
(1.018026956 0.04687367784 0)
(1.022683309 0.05155355029 3.639653671e-22)
(1.028296659 0.05616437861 3.557372497e-22)
(1.034977288 0.060528567 2.95462302e-22)
(1.042792582 0.06444455253 2.23768116e-22)
(1.051770128 0.06768794152 -5.810548058e-23)
(1.061791689 0.06998117939 -8.275909306e-23)
(1.072605221 0.07096480793 -7.05869483e-24)
(1.083873578 0.07027323439 0)
(1.095151412 0.06754977935 3.06867079e-23)
(1.105900529 0.0624983952 -5.567688332e-23)
(1.11551579 0.05504704827 1.047500014e-22)
(1.123427621 0.04540887658 1.052331379e-23)
(1.000010772 0.001118068669 3.494290126e-23)
(1.000107527 0.003352817285 2.398541506e-22)
(1.000317061 0.005610446864 0)
(1.000649053 0.007921527726 5.635061342e-22)
(1.001113923 0.01031619189 3.383582112e-22)
(1.001727634 0.0128182298 -6.849589073e-23)
(1.002512172 0.01544928509 -1.970420222e-22)
(1.003497708 0.01823247014 3.986621944e-22)
(1.004722583 0.0211881244 -5.194817679e-22)
(1.006232608 0.02433007008 -1.969126734e-22)
(1.008081462 0.02766409166 -1.934996134e-22)
(1.01033125 0.03118614371 -6.024481723e-23)
(1.01305481 0.03488198076 1.901836269e-22)
(1.01633029 0.03871351756 -4.442470049e-22)
(1.020239924 0.04261061013 1.089941821e-22)
(1.024870702 0.04647098655 -3.641051562e-22)
(1.03030468 0.05018414352 6.521070384e-24)
(1.036599674 0.05358389963 3.448400845e-22)
(1.043787026 0.05652101659 -9.227969659e-23)
(1.051830586 0.05884309878 -2.51615047e-22)
(1.060604992 0.06035549482 -3.104800701e-23)
(1.069905628 0.06082578868 1.615497514e-23)
(1.079471753 0.0599969644 -1.225894745e-23)
(1.088958528 0.05759192629 3.092918147e-24)
(1.097960091 0.05335609731 -3.9301764e-23)
(1.106022342 0.04718995323 -1.445467916e-23)
(1.112706202 0.03921424143 5.456471377e-23)
(1.000012993 0.001057688952 -6.758303591e-23)
(1.000132971 0.00317136208 -2.071713975e-22)
(1.000393426 0.005303572519 0)
(1.000805103 0.007479146795 6.657221583e-23)
(1.001372798 0.009721334752 -3.368553455e-22)
(1.002109532 0.0120493252 3.253077939e-23)
(1.003037322 0.01448163408 -2.179750449e-23)
(1.004184215 0.01703532335 -5.074523612e-22)
(1.005583149 0.01972315452 2.538381528e-22)
(1.0072727 0.0225514497 -5.900503564e-23)
(1.00929721 0.02551882673 2.368939964e-24)
(1.011708679 0.02861664563 8.342972557e-23)
(1.01456381 0.03182470455 2.707197959e-23)
(1.017919201 0.03509560608 2.111467111e-22)
(1.021833937 0.038362033 -9.313592507e-23)
(1.026366713 0.04153240994 1.508422535e-22)
(1.031566332 0.04450548736 -5.130312061e-22)
(1.037456542 0.04714840847 1.485832924e-22)
(1.044048573 0.0493524979 2.611110282e-22)
(1.051270729 0.05100957047 -7.474832039e-24)
(1.058996068 0.05198307356 -1.472946704e-23)
(1.067072201 0.05213067744 0)
(1.075290167 0.05126946987 7.309183304e-24)
(1.083379812 0.04917809748 -2.940189605e-23)
(1.091030369 0.04563340417 -3.867202208e-23)
(1.097893972 0.04052135359 -1.360919843e-22)
(1.103626047 0.03390218056 -7.437798843e-24)
(1.000015975 0.0009845616206 -6.354034904e-23)
(1.000157781 0.002953345626 -6.543549035e-23)
(1.000460685 0.004936503519 2.401915682e-22)
(1.000936841 0.006952645749 1.621901387e-23)
(1.001588359 0.009020843659 -7.940530042e-24)
(1.002426069 0.01115739716 -2.556042461e-22)
(1.003469882 0.0133765248 5.120921795e-22)
(1.004744262 0.01568964502 1.025308299e-23)
(1.006276918 0.01810385728 -5.806077517e-23)
(1.008099634 0.02062054016 -1.650155768e-22)
(1.010248712 0.02323412122 -3.205655975e-22)
(1.012766885 0.02593584983 -2.77845964e-23)
(1.015694125 0.02869508501 2.018423664e-22)
(1.019071316 0.03146620191 4.379059962e-23)
(1.022939272 0.03418478591 3.082490044e-22)
(1.027334378 0.03677555304 -5.979983813e-22)
(1.032280552 0.03914134424 3.637854323e-22)
(1.037779118 0.04118761968 0)
(1.043818243 0.04283183932 -6.792503951e-23)
(1.050321612 0.04399950778 9.023647699e-24)
(1.057175688 0.04460838354 1.584707702e-23)
(1.064259631 0.04456810706 0)
(1.071404584 0.04374361481 -7.31156814e-24)
(1.078397963 0.04195379811 0)
(1.084998442 0.03900140474 3.162782887e-23)
(1.090934113 0.03476689536 3.447537304e-23)
(1.095929089 0.02927106107 2.030454517e-23)
(1.000018658 0.0009014306384 -6.218671711e-23)
(1.00017827 0.002703733482 2.53602267e-22)
(1.000515945 0.004517746992 -2.56208061e-22)
(1.001044548 0.006356614665 0)
(1.001764341 0.008235684095 -2.126624241e-22)
(1.00268351 0.01016777637 4.715917877e-22)
(1.003819088 0.0121631726 -2.564808162e-22)
(1.005191927 0.01422919603 7.299039834e-24)
(1.006825015 0.0163691714 -2.773028411e-23)
(1.008743635 0.01858112991 2.507475632e-22)
(1.010978726 0.02086089362 1.067160706e-22)
(1.013560327 0.02319199737 3.666661123e-23)
(1.016516479 0.0255427377 0)
(1.019876052 0.02787243621 1.174004788e-22)
(1.02366531 0.03012248819 -3.044051454e-22)
(1.027904241 0.03223149065 2.827539248e-22)
(1.03259724 0.0341093365 -1.702913663e-23)
(1.037736235 0.03568455516 -2.417473312e-22)
(1.043283678 0.03690130959 2.749361324e-22)
(1.049168585 0.03771157735 -6.123175532e-23)
(1.055299659 0.03807363166 -5.924267191e-25)
(1.061576293 0.03792973053 -1.870069793e-23)
(1.067862771 0.03717765011 1.663796402e-23)
(1.073991539 0.03566673832 2.260427492e-23)
(1.079772343 0.03322223663 1.958096621e-24)
(1.084987817 0.02972508929 -4.023798289e-24)
(1.089411908 0.02517057265 -8.320741041e-23)
(1.000020462 0.0008094684305 1.844257705e-22)
(1.000194081 0.002428464794 -2.463154413e-22)
(1.000560107 0.004057543043 -1.207523747e-22)
(1.001131095 0.005705095121 -2.391977639e-22)
(1.00190537 0.007382911147 2.432037413e-22)
(1.00288866 0.009100573723 -4.711002346e-22)
(1.004095241 0.0108653474 0)
(1.005542594 0.01268165004 4.489541911e-22)
(1.007249017 0.01455031314 0)
(1.009235449 0.01646868884 -1.597336091e-24)
(1.011525971 0.01843178421 0)
(1.014139752 0.02041785378 -1.590534057e-22)
(1.017096463 0.0223993981 1.808484543e-22)
(1.020414601 0.02433929449 3.898462493e-23)
(1.024108405 0.02618747424 0)
(1.028184656 0.02788948249 0)
(1.032635709 0.02937339426 -3.131682809e-22)
(1.03744844 0.03058528981 1.093020638e-22)
(1.042571778 0.03148515006 7.235350979e-23)
(1.047935789 0.03204039185 -2.331434047e-24)
(1.053471207 0.03223625775 1.167566485e-23)
(1.059093982 0.03204055637 -1.44414134e-23)
(1.06469503 0.03137643946 1.443860839e-23)
(1.070141753 0.03011743226 2.00094096e-23)
(1.075281936 0.02810904652 -4.443579771e-23)
(1.079937866 0.02523707007 -3.049549155e-23)
(1.083919904 0.0214810373 -7.395966583e-23)
(1.000021694 0.0007111951014 -2.412818707e-22)
(1.000206054 0.002134217025 3.583068296e-22)
(1.000594585 0.003565774638 3.016697483e-24)
(1.001199124 0.005010601474 3.555716689e-22)
(1.002016025 0.006477604377 1.147809483e-22)
(1.003048812 0.007973749045 2.317336301e-22)
(1.004309238 0.009503962232 2.747815503e-23)
(1.005811638 0.01107066243 -2.47889183e-22)
(1.007570563 0.01267298542 -1.024386657e-22)
(1.009604019 0.01431117046 2.992791893e-22)
(1.011926388 0.01597302151 -1.953598798e-22)
(1.014550786 0.01763929841 -4.578558696e-23)
(1.017490259 0.01928611614 -1.489521229e-22)
(1.020754595 0.02087938601 1.200476215e-22)
(1.024348803 0.02238035221 0)
(1.028269685 0.02373772799 -2.180676078e-22)
(1.032501495 0.02490014901 3.149066755e-22)
(1.037022341 0.02582476399 0)
(1.04178068 0.0264823817 -1.403044484e-23)
(1.046713237 0.0268574561 -4.2554867e-24)
(1.051763162 0.02694924199 8.870295718e-25)
(1.056860303 0.02674089051 1.260102234e-24)
(1.061916937 0.02617406653 2.177822567e-24)
(1.066827377 0.02514275451 -1.78559432e-23)
(1.071467942 0.02351222168 2.758789329e-23)
(1.075690034 0.02117696549 -2.803717339e-23)
(1.079330787 0.01810814495 1.205110494e-23)
(1.00002255 0.0006080501193 2.068888204e-22)
(1.000214973 0.001825223255 -5.272974703e-22)
(1.000620885 0.0030494756 3.499469056e-22)
(1.001251391 0.004282874975 -4.600490227e-22)
(1.002100997 0.005532060092 -6.908874238e-25)
(1.003171227 0.00680194907 1.121982826e-22)
(1.004471701 0.008095720947 0)
(1.006013608 0.009414259128 0)
(1.00781016 0.01075881926 0)
(1.009873363 0.01212572375 0)
(1.012211248 0.01350172359 0)
(1.014832736 0.01487155188 1.659362851e-22)
(1.017744906 0.01621463821 -1.957139698e-22)
(1.020951207 0.01750158801 1.376751262e-22)
(1.024449735 0.01870284154 -1.377508439e-22)
(1.028229276 0.01977169133 0)
(1.032271106 0.02066923006 -9.710165202e-23)
(1.036542006 0.0213649549 1.846467852e-23)
(1.040993916 0.02183844413 2.078555903e-23)
(1.045573581 0.02208665986 4.256428249e-24)
(1.05023124 0.02211580255 7.344642883e-26)
(1.054908679 0.0219179206 -7.410446778e-25)
(1.059535574 0.02144868768 -2.178240697e-24)
(1.064026861 0.02062047953 0)
(1.068280022 0.01931844253 -8.914855737e-25)
(1.072167734 0.01744879518 2.238118984e-23)
(1.075546787 0.01497966216 0)
(1.000023162 0.0005012215575 -8.661353862e-23)
(1.000221548 0.001505012598 2.301798639e-22)
(1.00064054 0.002514557082 -1.081954792e-24)
(1.001290612 0.003530127006 -1.111086521e-22)
(1.002164676 0.004556544203 -2.217174776e-22)
(1.003262533 0.005597137212 2.172543124e-22)
(1.004591836 0.006653927377 5.206589329e-23)
(1.00616211 0.007727053484 -1.526089091e-22)
(1.007984776 0.008819655057 1.004355172e-22)
(1.01006508 0.009923512381 0)
(1.012408308 0.01102863404 1.723924874e-22)
(1.01501953 0.01212244649 -2.547089013e-22)
(1.01790095 0.01318780769 1.66829179e-22)
(1.021050941 0.0142005859 -2.971267726e-22)
(1.024461854 0.01513709513 1.327768573e-22)
(1.028117811 0.01596000543 0)
(1.031998199 0.01664082406 4.482549424e-23)
(1.036063869 0.01715678374 -1.849973844e-23)
(1.040267573 0.01749216918 -2.821511194e-23)
(1.044565313 0.01765109237 2.350592658e-23)
(1.04891279 0.01764439339 -1.480154403e-24)
(1.053261456 0.01747001453 8.983131306e-24)
(1.057554771 0.0170946265 -2.908748691e-23)
(1.061723324 0.01644747801 3.428191674e-23)
(1.065680117 0.01543378722 -1.535380873e-23)
(1.069313311 0.01397379494 -2.240388983e-23)
(1.07249416 0.01203652551 0)
(1.000023587 0.0003918287728 1.142150767e-22)
(1.000226239 0.0011767368 1.123359187e-22)
(1.000654755 0.00196609066 -5.678016258e-23)
(1.00131909 0.002759187725 1.116274387e-22)
(1.002210839 0.003559391315 0)
(1.003328429 0.004368927512 -2.133256986e-22)
(1.004678038 0.005188713372 -3.188821588e-24)
(1.006269173 0.006021872614 -9.629845457e-23)
(1.008107942 0.006866042801 0)
(1.010197133 0.007714967811 -9.108134629e-23)
(1.012539972 0.008561504426 0)
(1.015138057 0.009395625021 2.384355108e-22)
(1.01798998 0.0102038022 -1.308294447e-23)
(1.021090332 0.01096715706 -1.426270998e-22)
(1.024427385 0.01166762333 -1.134529459e-22)
(1.027982003 0.01227626889 6.129852634e-23)
(1.031729966 0.01277330293 -5.20334237e-24)
(1.035631509 0.01314171669 -3.973965807e-23)
(1.039642429 0.0133722881 3.203606459e-24)
(1.043723074 0.01347109441 -2.234756342e-26)
(1.047833469 0.01344941295 -2.229188658e-24)
(1.051932627 0.01330810657 1.00874375e-23)
(1.05597448 0.01302284826 8.79189467e-24)
(1.059901225 0.012539028 -3.15375692e-23)
(1.063637012 0.01178241785 9.1884703e-24)
(1.067081133 0.01068919421 2.674861854e-23)
(1.070115431 0.009232304874 -1.611880808e-23)
(1.000023778 0.0002805083441 0)
(1.000229073 0.0008426140265 -5.605738349e-23)
(1.000664103 0.001407923179 5.423893005e-23)
(1.001338359 0.001975345278 -1.099072229e-22)
(1.002242394 0.00254710836 0)
(1.003373395 0.003124522905 1.057759697e-22)
(1.004737397 0.003709252352 0)
(1.006342232 0.004303060741 9.945890581e-23)
(1.008190438 0.00490241169 0)
(1.010283909 0.005503586589 3.321344546e-24)
(1.012623871 0.006101468448 3.049509472e-24)
(1.015209394 0.006688771975 -7.906786808e-23)
(1.018036532 0.007255706921 -7.288427641e-23)
(1.021097303 0.007788630372 7.661077118e-23)
(1.024377353 0.008274690245 -1.779600854e-22)
(1.027855491 0.008692497462 9.383010137e-23)
(1.031503482 0.00903060194 9.475568023e-23)
(1.035282106 0.009276945404 0)
(1.039151303 0.009426826254 -3.204098332e-24)
(1.043073292 0.009485545517 9.301599951e-24)
(1.047011543 0.009462330366 -1.050800448e-23)
(1.050930777 0.009359088924 3.210856579e-26)
(1.054792432 0.009159336949 1.754386807e-23)
(1.058546798 0.008824302176 -3.958367938e-24)
(1.062125545 0.008300755043 -1.661367882e-23)
(1.065435668 0.007542171651 2.053588857e-23)
(1.068366608 0.006527587953 2.185897672e-23)
(1.000023946 0.0001679373242 0)
(1.000230981 0.0005046964379 -1.651550801e-22)
(1.000670065 0.0008433901994 1.647537557e-22)
(1.001350459 0.001182990656 0)
(1.002262067 0.001524844612 9.444480785e-25)
(1.00340161 0.00186959153 8.279941487e-23)
(1.004775246 0.002220289676 2.562021121e-23)
(1.006387735 0.002575560306 0)
(1.008241045 0.002933655655 9.341333294e-23)
(1.010336269 0.003292551643 0)
(1.012673082 0.0036491382 3.327796197e-24)
(1.015248963 0.003999036551 1.603458646e-22)
(1.018058385 0.004336272563 3.860019377e-24)
(1.021091742 0.004652507126 1.350773027e-22)
(1.024333189 0.004940640848 -5.887238514e-23)
(1.027760158 0.005187412169 2.105856404e-23)
(1.031341517 0.005384165853 -5.202048997e-23)
(1.035038593 0.00552495604 2.956382495e-23)
(1.038814691 0.005608465499 -5.010782002e-23)
(1.042632914 0.00563861488 2.054171768e-23)
(1.046459087 0.005621447098 0)
(1.050261762 0.00555856616 1.680474468e-25)
(1.054007207 0.005440389794 -1.594924975e-23)
(1.057650748 0.005243740813 1.594507071e-23)
(1.061128493 0.004936696064 0)
(1.064352364 0.004490833685 -2.466609646e-23)
(1.067217096 0.003892557741 -2.674831669e-23)
(1.000024022 5.575770842e-05 0)
(1.000231747 0.0001676552796 5.597826529e-23)
(1.000672518 0.0002802522222 -5.557279105e-23)
(1.001355605 0.0003931054028 0)
(1.002270803 0.0005064964208 -1.079563517e-22)
(1.003415431 0.0006208732111 -3.2950249e-24)
(1.004794 0.0007372615758 -5.020345861e-23)
(1.00641021 0.0008550556411 5.014384389e-23)
(1.008266145 0.0009738571259 -9.468804232e-23)
(1.010362289 0.001093019664 -4.359747057e-23)
(1.012697553 0.001211519585 4.352835708e-23)
(1.015268629 0.001327910833 0)
(1.018069225 0.001440156156 0)
(1.021089024 0.001545483994 0)
(1.024311458 0.001641803089 0)
(1.027711991 0.00172319131 0)
(1.031258718 0.001786405985 4.337383526e-23)
(1.034915589 0.001831067306 -6.745864971e-23)
(1.038646069 0.001857151104 2.938887422e-23)
(1.04241324 0.001865942531 0)
(1.046184213 0.001859435973 2.267825178e-24)
(1.049929552 0.001838186245 -2.267683203e-24)
(1.053617963 0.001799032506 1.556605676e-23)
(1.057207143 0.001734356321 -1.556408049e-23)
(1.060634871 0.001634013279 0)
(1.063815411 0.001488547281 0)
(1.066646799 0.001292602632 4.598296328e-23)
(0.3221992195 0.3662417064 -0.07790299128)
(0.1700269726 0.05897399037 0.09844039691)
(0.3222182476 0.3662234687 0.07790097246)
(0.6742111302 0.5251323078 -0.03659356946)
(0.6089338323 0.61258788 0.001375910732)
(0.4132012949 0.4431835962 0.06556346438)
(0.6742297136 0.52514768 0.03659352962)
(0.6088933875 0.6125822068 -0.001381154147)
(0.4499158425 0.4341841949 0.0169554442)
(0.4499206677 0.4342217791 -0.01696108946)
(-0.02147296022 0.0263969143 0.063220098)
(-0.0214455147 0.0263674712 -0.06321672945)
(-0.03072221306 0.0500890811 0.06706702312)
(-0.03072759377 0.05009534764 -0.06706287315)
(1.072300674 0.585177632 0.02339433446)
(1.174780616 0.5362105105 0.06017663075)
(0.698876759 0.5949360054 -0.03010778024)
(1.072300696 0.5851910196 -0.02340267702)
(1.17474074 0.5362122286 -0.06017493401)
(1.114893065 0.4369518643 0.07517312697)
(0.838145193 0.187334573 0.08594216469)
(1.114865349 0.4369226212 -0.07516634223)
(0.8381520337 0.187336674 -0.08594079403)
(0.7314465844 0.1121748841 0.08752276966)
(0.5097232028 0.02229383567 0.0760458904)
(0.7314547239 0.1121825719 -0.08752115917)
(0.5097061473 0.02235660991 -0.076046007)
(-0.01771006021 0.03246814965 0.0692665531)
(0.4815411307 0.0120593006 0.07371677023)
(0.4120168714 0.01293507127 0.06655065472)
(-0.01767273834 0.03244919034 -0.06926650421)
(0.481435769 0.01202863954 -0.07371172818)
(0.4120599838 0.01294273691 -0.06654920302)
(0.2747822455 0.05119817041 -0.09356431334)
(0.5572019327 0.1868318874 -0.06855766129)
(0.3929575384 0.3143231241 -0.07640507148)
(0.4989461961 0.02927106013 0.07762812714)
(0.2747923836 0.05119962986 0.09356213448)
(0.557185343 0.1868085569 0.06856056163)
(0.3929461993 0.3143039625 0.07640261144)
(0.0656456223 0.1628834874 1.392414411e-05)
(0.170658125 0.05873862729 -0.0001920919485)
(0.04514264861 0.05479256302 -0.09859910466)
(0.1975929908 0.1726095487 -0.09420259287)
(0.04484783908 0.05454231174 6.783411288e-05)
(0.1980205074 0.1722736625 -0.0002222386454)
(0.0658691351 0.1631739392 -0.09347487156)
(-0.02245633305 0.04177056512 0.05717238215)
(-0.0229535812 0.04162985842 -0.0001391387753)
(0.7981749293 0.6749011648 0.006730058959)
(0.9016508451 0.4548227471 -0.01354149501)
(1.02015457 0.5651826841 0.01176090665)
(0.7477400433 0.5195998137 0.02893204738)
(0.7981693008 0.6749062164 -0.006743358901)
(0.9016824429 0.4548528135 0.01354000325)
(1.020177206 0.5651934638 -0.01176271255)
(0.9152267549 0.6329511492 -8.482402884e-05)
(0.6974230493 0.5945998226 0.0003949276856)
(0.6266313427 0.4938919234 0.0315864185)
(0.9125425992 0.6572737504 0.02953312498)
(0.6256196562 0.4931582899 -0.0005224221602)
(0.9115998626 0.6566702325 0.0001589173532)
(0.9160077523 0.6327059399 0.03984820574)
(0.4654133275 0.1775623472 0.08135156752)
(0.46645764 0.1775710751 0.0002295389264)
(0.04552489473 0.008832842579 1.114320682e-05)
(-0.0005383755015 0.007516492733 0.06329579536)
(0.05650960784 -0.007213464218 0.0756245347)
(-0.0007580035714 0.00699340912 -0.0001273634312)
(0.05680467554 -0.007338731592 6.544832079e-05)
(0.04536359804 0.008732095873 0.07326723118)
(0.4016521952 0.01819335437 0.06502765835)
(-0.006843548184 0.04954674528 -0.06791774996)
(0.4017299798 0.0181188083 -0.06502759109)
(1.124558862 0.2724340995 0.07626785139)
(1.263879838 0.3843332319 0.04120832991)
(1.334039902 0.3159799755 0.05300552769)
(1.250110539 0.4649899289 -0.06263376638)
(1.124574967 0.2724375865 -0.0762670626)
(1.2638325 0.3843968178 -0.04121664229)
(1.334054923 0.3159795206 -0.05300584342)
(0.8328803509 0.08061475545 0.07215129391)
(1.343057418 0.2869205429 0.05529501046)
(1.325596348 0.2023472746 0.0575924838)
(1.050494824 0.2045560296 -0.07813024049)
(0.8328287292 0.08073857127 -0.07214606078)
(1.34309227 0.2869218728 -0.05529864965)
(1.325649118 0.202223723 -0.05759771577)
(0.126033696 0.2602901906 0.0001315454058)
(0.3220617023 0.3657199783 -0.0001716634817)
(0.2541619808 0.2747287871 -0.08648485783)
(0.2081223918 0.3768074156 -0.07581969506)
(0.2546288558 0.2742529534 -0.0001588197869)
(0.2077559772 0.375384759 -0.0001921320084)
(0.1262836173 0.2612242336 -0.08343325202)
(0.1223006927 0.2890524972 -0.06324171591)
(0.121917101 0.2891878987 -6.269413178e-05)
(0.06564511522 0.1628812468 -1.2264337e-05)
(0.1706590079 0.05873771083 0.000195087644)
(0.04513907174 0.05479017865 0.09859758983)
(0.1975895094 0.1726019813 0.09420116749)
(0.04484716932 0.05454150221 -6.552221205e-05)
(0.1980198927 0.1722708559 0.0002247529158)
(0.06586562628 0.1631680686 0.0934732852)
(0.1260331583 0.2602868161 -0.0001301884397)
(0.3220676902 0.3657127496 0.0001706820149)
(0.2541614867 0.2746994965 0.08648492075)
(0.2081257035 0.3767903275 0.07581996171)
(0.2546288454 0.2742441335 0.000161217344)
(0.2077561157 0.3753791156 0.0001937659581)
(0.1262800014 0.2612154 0.08343191214)
(0.1222962309 0.2890482893 0.06324097628)
(0.1219140092 0.2891851358 6.186497828e-05)
(0.3822027562 0.5345875777 -0.0001973866327)
(0.2395737491 0.4195617849 -0.04667862381)
(0.2526567681 0.3779547125 -0.02523699382)
(0.2392980178 0.4188136616 0.0003607461596)
(0.2524896795 0.3782023182 -9.18468888e-05)
(0.3830081381 0.5364689361 -0.03908328669)
(0.5534618828 0.6181154713 -8.316529778e-05)
(0.607992472 0.6105176955 -8.756163473e-05)
(0.4136376164 0.4932961515 -0.002407232597)
(0.6823148998 0.6552396249 -0.01770494953)
(0.4134850949 0.4930121545 0.0005544074201)
(0.681560165 0.6545553051 -0.0001105965479)
(0.5533938381 0.6190987519 -0.02605036006)
(0.3822020017 0.534589037 0.0001982803744)
(0.2395831667 0.4195686026 0.04668009096)
(0.2526557389 0.3779570457 0.02523698584)
(0.2393014178 0.4188175614 -0.0003604130567)
(0.2524891176 0.3782046379 9.133457339e-05)
(0.3830060453 0.5364710661 0.03908285283)
(0.5534631214 0.6181165336 8.398800927e-05)
(0.6079699576 0.6105194402 9.213458778e-05)
(0.4136458253 0.4932927868 0.002407461133)
(0.682287991 0.6552286882 0.01770577033)
(0.4134914423 0.4930142093 -0.0005541786186)
(0.6815522341 0.6545543669 0.0001132741509)
(0.5533934445 0.6191008694 0.02605008026)
(0.4495653481 0.4337691463 5.122682425e-05)
(0.449561748 0.4337890721 -4.524869361e-05)
(-0.02178049506 0.02599631431 -7.16061189e-05)
(-0.02177258929 0.02598767134 7.096866883e-05)
(-0.03057673196 0.04990679643 2.122227271e-05)
(-0.03150806527 0.04707074581 0.06598885809)
(-0.02399237569 0.08598456146 0.06578422761)
(-0.03164820182 0.04708644442 6.509053074e-05)
(-0.02403112841 0.08585172668 5.822347405e-06)
(-0.02246148159 0.04176936211 -0.05717073175)
(-0.02295532721 0.0416294469 0.0001389267628)
(-0.03057747909 0.04990868932 -1.835309279e-05)
(-0.03151394486 0.04708916468 -0.06599065018)
(-0.02403951206 0.08601674059 -0.06578349859)
(-0.03164968252 0.04709190677 -6.654637212e-05)
(-0.02404427911 0.08586080249 -8.123858409e-06)
(0.781241882 0.4767588699 0.0004835422907)
(0.457304744 0.2951287991 0.05497513045)
(0.6730595656 0.3477865216 0.06522692532)
(0.4582683206 0.2953672325 0.0002031340239)
(0.6722514598 0.3472403981 -0.0004119131974)
(0.7821082736 0.4766661074 0.06593732533)
(0.9152322401 0.632956585 8.44640355e-05)
(0.6974242658 0.5946191786 -0.0003832756766)
(0.6266342825 0.4939061889 -0.03158920271)
(0.9125820233 0.6572952727 -0.02953113949)
(0.6256287186 0.4931650986 0.0005234840229)
(0.9116095234 0.6566743222 -0.0001552410747)
(0.9160126217 0.6327203315 -0.0398479718)
(0.7812430671 0.4767610462 -0.0004818091114)
(0.4573092623 0.2951315079 -0.05497694772)
(0.6730556587 0.3477955077 -0.0652302851)
(0.4582707878 0.2953682749 -0.0002001683239)
(0.6722525082 0.3472444109 0.0004132334429)
(0.7821075865 0.476671203 -0.06593922637)
(0.6395625827 0.2044102341 -0.0003605548298)
(1.114781774 0.4370791867 0.0002450485926)
(0.7900114367 0.3020714525 0.08752912914)
(1.027634138 0.3543213397 0.07890007148)
(0.789466392 0.3022761124 0.0003952001065)
(1.027478975 0.3552143652 0.0001339611254)
(0.6401717026 0.2045157069 0.07918658002)
(0.5340378369 0.1094234328 7.264523453e-05)
(0.8381157087 0.1881352686 0.0001053704082)
(0.4403971731 0.06277983407 0.08974937708)
(0.9333154876 0.265243522 0.08404379668)
(0.440571629 0.06266685947 -0.0001189939937)
(0.9334292678 0.2658961894 0.0002395608625)
(0.5335737991 0.1094126312 0.08788582047)
(0.46540107 0.1775526114 -0.08135013499)
(0.4664493196 0.1775654324 -0.0002290721712)
(0.6395586784 0.2044056833 0.0003579772423)
(1.114774807 0.4370698462 -0.0002492190949)
(0.7899848459 0.3020537555 -0.08752726829)
(1.027614896 0.3542953461 -0.07889834491)
(0.7894568173 0.3022681707 -0.000398776002)
(1.027473518 0.3552051477 -0.0001376962474)
(0.6401615444 0.2045018987 -0.07918376)
(0.5340395249 0.1094226263 -7.510328387e-05)
(0.83811839 0.1881359746 -0.0001073844841)
(0.440402978 0.06277916364 -0.08974777302)
(0.933318165 0.2652357238 -0.08404219346)
(0.4405737111 0.06266704135 0.0001167244424)
(0.9334308407 0.2658937452 -0.0002420779437)
(0.5335767274 0.1094084391 -0.08788333631)
(0.06598587604 -0.0112023965 0.06842554418)
(0.06625595351 -0.01191686776 -0.0001882364504)
(0.2615083545 -0.006500555925 -5.491249233e-05)
(0.7316726715 0.1127558257 0.0001939796873)
(0.3427765995 0.009451301509 0.09314662065)
(0.6307700734 0.06273671335 0.08428055233)
(0.3431052826 0.009275220089 8.996232804e-05)
(0.6308638451 0.06334891124 7.095181796e-05)
(0.2610834157 -0.006248606902 0.0884886257)
(0.2047892485 -0.02051443999 0.0001385297892)
(0.5098212117 0.02266313285 -2.000419256e-05)
(0.1893286906 -0.008646504286 0.07830679577)
(0.5562374639 0.03187835146 0.08045952262)
(0.189617639 -0.008362118807 -6.159101742e-05)
(0.5563658995 0.0320841805 6.965470844e-05)
(0.2044367187 -0.02030971554 0.0855331165)
(0.06596727098 -0.01119795719 -0.0684232503)
(0.06624778206 -0.01191482286 0.0001877472186)
(0.26150937 -0.006499882095 5.362860569e-05)
(0.7316765065 0.1127588727 -0.0001962206764)
(0.3427831315 0.00945038537 -0.09314519031)
(0.6307720717 0.06274839542 -0.08427975954)
(0.3431079291 0.009275247373 -9.198365536e-05)
(0.6308652114 0.06335380906 -7.267574068e-05)
(0.2610861038 -0.006248413658 -0.08848726244)
(0.2047881223 -0.02051236802 -0.0001404609305)
(0.5098156511 0.02268226656 2.284881209e-05)
(0.1893168743 -0.008629553542 -0.07830713559)
(0.5562486666 0.03190533242 -0.08045984896)
(0.1896118358 -0.00835639757 5.957158946e-05)
(0.5563691465 0.03209374266 -7.172764422e-05)
(0.2044337487 -0.02030528626 -0.08553109086)
(0.05413155727 0.01714447758 8.827570496e-05)
(-0.01751038395 0.03245800508 4.008511518e-05)
(-0.0125092493 0.01819243172 0.06939332436)
(0.05402603166 0.02448765563 0.06916350079)
(-0.0123927491 0.01799830606 -1.605918999e-05)
(0.05401670135 0.02441617972 1.299814488e-05)
(0.05395494269 0.0171354327 0.07161988228)
(0.0455238261 0.00882691311 -1.572686658e-05)
(-0.0005449154048 0.007512800203 -0.06329026011)
(0.05648787278 -0.007205552976 -0.07562296157)
(-0.0007592090472 0.00699192385 0.0001234598141)
(0.05679693793 -0.007336547811 -6.954325678e-05)
(0.0453603823 0.008716638059 -0.0732626172)
(0.05413847411 0.01713958667 -9.187934779e-05)
(-0.01749679327 0.03245152704 -4.733368438e-05)
(-0.01251360431 0.01819066819 -0.06939105471)
(0.05407742232 0.02447597991 -0.06915952815)
(-0.01239143987 0.01799737804 1.061583447e-05)
(0.0540342303 0.02441120457 -1.51355714e-05)
(0.05397300671 0.01712421765 -0.07161609711)
(0.5490907933 0.02474612199 -0.07278689172)
(0.6482645757 0.0955346701 -0.05636506755)
(0.5958827604 0.1592926092 -0.06540975743)
(0.6249779814 0.01688115096 0.06053539959)
(0.5491047757 0.0247370427 0.07278557676)
(0.6482676011 0.0955581789 0.05636130048)
(0.5958915327 0.1592738964 0.06541154856)
(0.4532871439 0.1028288589 -0.0001753798747)
(0.4381190462 0.03500274233 -0.08280769304)
(0.5094852931 0.08646064636 -0.0758022731)
(0.5028691262 0.02916252346 -0.000325251145)
(0.4400301314 0.03489642155 -0.0001731554584)
(0.5134196066 0.08616664062 -0.0003300731758)
(0.451380419 0.1031135966 -0.08052518448)
(0.6232718584 0.1946934036 -0.06128677446)
(0.7459617619 0.1873299914 -0.02703569326)
(0.7068719077 0.2619474848 -0.04760305185)
(0.6613984775 0.1210651201 0.05397921377)
(0.6232387253 0.1946718517 0.06128502099)
(0.7459314203 0.1873481022 0.02703582801)
(0.7068490788 0.261935837 0.04760435731)
(0.4632984476 0.3758002087 -0.06721298757)
(0.7035902003 0.3023232571 -0.04746008025)
(0.6767064889 0.4555904252 -0.04170688098)
(0.5908763724 0.2274298296 0.06361611299)
(0.463319029 0.3758164231 0.06721271029)
(0.7035621808 0.3023126443 0.04746208005)
(0.6767241485 0.455602183 0.04170446075)
(0.467789643 0.5502478804 -0.0001655418624)
(0.4129996284 0.4425465238 -4.572652389e-05)
(0.3506572352 0.4867863096 -0.06021830597)
(0.5031369042 0.4912943435 -0.05496434818)
(0.3510315648 0.4858378924 -0.0001135574627)
(0.5028819446 0.4903989391 -7.106951533e-05)
(0.4683438078 0.5509795547 -0.04974974671)
(0.7392630704 0.4566308086 -0.03466504169)
(0.7917640739 0.2955820029 -0.0282710076)
(0.8777891689 0.4170922979 -0.01887511809)
(0.7407158397 0.3098575778 0.04211289647)
(0.7392782308 0.4566394775 0.03466638142)
(0.7917742935 0.2955791666 0.02827266817)
(0.8778307651 0.4171217176 0.01887500172)
(0.7482508157 0.5184194285 -0.0001324977775)
(0.7635668807 0.5898210786 -0.02016367872)
(0.7633876055 0.5889012165 -6.393729927e-05)
(0.8349929214 0.5618000704 -0.000105017853)
(0.8101350262 0.5037754829 -0.02228473418)
(0.8111101789 0.5020701227 -0.0001846532459)
(0.8348966947 0.562867373 -0.01414728654)
(-0.006821094011 0.04949183624 5.420409978e-05)
(0.007381661917 0.07113486894 0.06583928775)
(0.06381455826 0.03427861814 0.06704170797)
(0.007378222789 0.07111139974 2.120603421e-05)
(0.0638939689 0.03422642641 1.275929754e-05)
(0.08044158914 0.05004671287 -2.651044749e-06)
(0.08039049777 0.05007420389 0.06540570239)
(0.9105539042 0.3965123719 -0.01536301882)
(0.9369387652 0.2948956878 -0.009621949812)
(0.9548619084 0.3253390132 -0.008550301812)
(0.8141992623 0.2874971568 0.0248306763)
(0.910483662 0.3965047099 0.01536893829)
(0.9369489627 0.2948980603 0.009621795302)
(0.9548758927 0.3253374409 0.008549515187)
(1.046425855 0.5152510829 0.01196590868)
(0.9934508191 0.3540112462 -0.003765659773)
(1.088972344 0.4013119553 0.01170405159)
(0.9356991339 0.4291973068 0.01030831549)
(1.046436715 0.5152599191 -0.01197388073)
(0.9934679053 0.3540093571 0.003764069478)
(1.089005497 0.4013039513 -0.01170796721)
(1.239697727 0.5166235875 0.05235774795)
(1.12208515 0.409366874 0.01745235711)
(1.229979914 0.3981266276 0.03570274956)
(1.096477539 0.5332808308 -0.02171849507)
(1.239569331 0.51666364 -0.05234106901)
(1.122116755 0.4093393308 -0.01745803243)
(1.22990791 0.3981987876 -0.0356928384)
(1.249717227 0.4651758364 3.81709073e-05)
(1.226473207 0.4063187408 0.06858040747)
(1.22598471 0.4065631356 -1.959165558e-05)
(1.298990762 0.4110200359 -2.307066544e-05)
(1.2847264 0.4484103042 0.05335449344)
(1.284172309 0.4486728484 -1.783371435e-05)
(1.299465153 0.4106248183 0.05905938554)
(1.050524893 0.2047790829 5.682040926e-05)
(0.9685150493 0.1488001418 0.07699934992)
(0.9685527424 0.149147859 2.659793301e-05)
(1.193598885 0.2141612398 1.2600726e-05)
(1.241746976 0.2626182379 0.06935986473)
(1.241661819 0.2630301853 1.754620405e-05)
(1.193631456 0.2137344628 0.06958599656)
(0.6711757261 0.03131514391 0.06456613287)
(1.310033467 0.1776470454 0.05752482173)
(1.252396673 0.1179168348 0.05681150272)
(0.7826238644 0.05996909563 -0.07033306594)
(0.6712246432 0.03132678408 -0.06456328025)
(1.310043394 0.1775342723 -0.05750546902)
(1.252370471 0.1179022179 -0.05682379251)
(1.233526762 0.1029931765 0.05651994488)
(0.646037089 0.02924778713 -0.06362812698)
(1.233549154 0.1029876217 -0.05652589343)
(1.218728863 0.3660917165 0.03219965959)
(1.133413624 0.3051102476 0.009506298814)
(1.146766142 0.2755791277 0.02476142208)
(1.114459023 0.3764613895 -0.01632606308)
(1.218692268 0.3661222731 -0.03219807537)
(1.133428895 0.3051038102 -0.009505695287)
(1.146758229 0.2755793691 -0.02476311466)
(1.317788603 0.299637222 0.04764840198)
(1.194020753 0.2791568552 0.02786104896)
(1.265357431 0.2505305541 0.03645263002)
(1.248311107 0.3552284626 -0.0368925503)
(1.31779234 0.2996396987 -0.04764904509)
(1.194043646 0.2791645711 -0.0278603182)
(1.265353975 0.2505294289 -0.03645340307)
(1.346506508 0.2082023496 0.05320676904)
(1.280786681 0.2373246987 0.03851339882)
(1.311866008 0.1927585559 0.04308674428)
(1.332563002 0.2768063579 -0.04993140961)
(1.346527602 0.2081430372 -0.05321507154)
(1.280795125 0.2373223859 -0.03851599134)
(1.311879928 0.1927518026 -0.04308640085)
(1.31953872 0.1315998878 0.05406211204)
(1.319453487 0.1783125768 0.04383874249)
(1.336197285 0.1429465366 0.0273099613)
(1.343116568 0.1869228383 -0.05350912249)
(1.3195176 0.1316447824 -0.05406706118)
(1.319432143 0.1783091809 -0.04384180004)
(1.336189186 0.1429628028 -0.02730946406)
(0.5787717667 0.5895970569 -3.415579407e-05)
(0.6745297971 0.5241209316 -0.0001019029587)
(0.5921812958 0.5170484646 -0.04514293857)
(0.6760531802 0.6010122752 -0.02836629993)
(0.5922784967 0.5160989964 -7.702195774e-05)
(0.6755821586 0.6002082139 -3.289283395e-05)
(0.5793094162 0.5901561616 -0.03789559656)
(0.4677882018 0.5502490211 0.00016648578)
(0.4130026218 0.442549599 4.774251053e-05)
(0.3506596079 0.4867855562 0.06021643739)
(0.5031285431 0.4912893979 0.05496432466)
(0.3510322473 0.4858373636 0.0001123627853)
(0.5028801051 0.490398187 7.3586629e-05)
(0.4683366418 0.5509833439 0.04974881005)
(0.5787724371 0.5895994745 3.459031205e-05)
(0.6745344453 0.5241245659 0.0001066022912)
(0.5921841823 0.5170512431 0.04514130385)
(0.676039575 0.6010048975 0.02836607714)
(0.5922780419 0.516098567 7.535729578e-05)
(0.6755776168 0.60020746 3.72507946e-05)
(0.5793106601 0.5901629257 0.03789527795)
(1.059496659 0.6381456465 -7.437372306e-05)
(1.071584763 0.5850056066 -1.321342003e-05)
(1.021355547 0.6337850309 0.02582937021)
(1.125042881 0.5963763016 0.03488809705)
(1.020486851 0.6333413812 8.29664972e-06)
(1.12426289 0.5965270089 -4.553464596e-05)
(1.060259529 0.6380634381 0.03850722846)
(1.045512575 0.5770820289 0.0001706831433)
(1.17422306 0.5366457664 -3.284129623e-05)
(1.002782907 0.4942777202 0.06559718715)
(1.160734278 0.5752970376 0.04870356185)
(1.002068664 0.4948629354 -8.307140781e-05)
(1.159903705 0.5752467067 3.89492796e-05)
(1.046314126 0.5773790818 0.05681218169)
(1.059501696 0.6381558581 7.784492649e-05)
(1.071589933 0.5850152388 1.855079041e-05)
(1.021359222 0.6337772362 -0.02583039723)
(1.125060815 0.5964156405 -0.03489442914)
(1.020492372 0.6333417428 -8.458021413e-06)
(1.124269621 0.596539875 5.486211714e-05)
(1.060271712 0.6380899945 -0.03851063516)
(1.045511197 0.5770929899 -0.0001670666984)
(1.174204565 0.5366453646 2.940008183e-05)
(1.002772368 0.4942868305 -0.06559481171)
(1.160707099 0.5753426362 -0.04870474728)
(1.002064227 0.494864948 8.437207535e-05)
(1.159891983 0.5752594803 -3.349556313e-05)
(1.046314745 0.5774090994 -0.05681523346)
(0.2057100724 0.003751274948 1.070709741e-05)
(0.4817867291 0.01201703353 3.08097708e-05)
(0.2150668111 -0.002627926866 0.07805989137)
(0.4527479535 0.009729845772 0.07093799658)
(0.2154520145 -0.002611552358 0.0001842101174)
(0.4528340654 0.009835558881 -1.085238384e-05)
(0.2058076679 0.00375145692 0.07344884627)
(0.1993770591 0.006943086615 8.641575866e-06)
(0.4121495942 0.01307057453 -1.032811432e-05)
(0.19627429 0.01306269491 0.06805669368)
(0.4292497603 0.01052993452 0.06835298537)
(0.1964380583 0.01305077223 -3.200708484e-06)
(0.4294024192 0.01065209178 -6.574402027e-06)
(0.1992611911 0.007073650211 0.07028706773)
(0.2057028402 0.003728455172 -1.701726456e-05)
(0.4817481939 0.01200568034 -3.640717434e-05)
(0.2150342327 -0.002636848681 -0.07805449904)
(0.4527093029 0.00961839541 -0.07093315518)
(0.215439678 -0.002615620597 -0.0001855141092)
(0.4528210378 0.009802250199 -4.379730819e-06)
(0.2057840069 0.003685426645 -0.07344264576)
(0.1993815168 0.006927198363 -1.399233633e-05)
(0.4121708139 0.01307258656 -3.101870002e-07)
(0.1963553767 0.0130110991 -0.06805487816)
(0.4292804654 0.01045557545 -0.06834362758)
(0.1964668694 0.01303387128 -4.965356424e-06)
(0.4294156053 0.0106289988 1.594345381e-06)
(0.1992678119 0.00703097284 -0.07028153808)
(0.2750984685 0.0510709561 -9.100073232e-05)
(0.2963364545 0.1497197791 -0.09006642216)
(0.296538134 0.1494419915 -9.060006391e-05)
(0.382326991 0.1238686623 -0.0001059364161)
(0.3644801947 0.04228152714 -0.08822907104)
(0.3654807476 0.04217193761 -0.0001063417102)
(0.3813507161 0.1241596713 -0.08539045817)
(0.4785299372 0.1648882286 -0.0001760494413)
(0.529555101 0.1391746296 -0.07265126256)
(0.5112523834 0.2206791962 -0.0716238679)
(0.5610212542 0.1861024742 -0.0003447236673)
(0.5334920334 0.1387550871 -0.0003385417702)
(0.5130794944 0.2199075208 -0.0001901889299)
(0.4766268277 0.1653434106 -0.07661026445)
(0.3931765105 0.3136606668 -8.104420886e-05)
(0.3383820496 0.2381151237 -0.08396780712)
(0.338650437 0.2376238206 -6.050620214e-05)
(0.4146459066 0.1977048634 -9.992240755e-05)
(0.4573679823 0.2628554166 -0.07440732261)
(0.4582948741 0.2621535058 -0.000115794419)
(0.4136484852 0.1981864181 -0.08052328837)
(0.4532887666 0.1028261953 0.0001763836856)
(0.5028694923 0.02916066459 0.0003273952979)
(0.4381156716 0.0350007746 0.08280674109)
(0.5094930664 0.08644538684 0.075801792)
(0.4400296272 0.03489573181 0.0001738521421)
(0.5134220716 0.08616259808 0.0003313622028)
(0.451385452 0.1031059067 0.08052419914)
(0.2751021638 0.05107102099 9.307177809e-05)
(0.2963434384 0.1497104496 0.09006513166)
(0.2965407338 0.1494385091 9.337737017e-05)
(0.3823301822 0.1238645881 0.0001079515881)
(0.3644853196 0.04228262951 0.08822752022)
(0.3654828588 0.04217203772 0.000107604735)
(0.3813602296 0.1241486304 0.08538942523)
(0.4785305862 0.1648899214 0.0001761672636)
(0.5610168172 0.1860953853 0.0003499294043)
(0.5295526005 0.1391959624 0.07264854536)
(0.5112260355 0.2206439775 0.07162622667)
(0.5334908616 0.1387607631 0.0003365724266)
(0.5130719396 0.2198969748 0.0001928356978)
(0.476629417 0.165350899 0.07661020178)
(0.3931731101 0.3136548593 7.718690568e-05)
(0.3383972417 0.2380787356 0.08396764407)
(0.3386559471 0.237611943 6.255497659e-05)
(0.4146481185 0.1977013809 9.937927086e-05)
(0.4573376458 0.2628298296 0.07440927507)
(0.4582865699 0.262145671 0.0001158631871)
(0.4136550099 0.1981765927 0.08052194015)
(0.7976845185 0.6740902641 -9.73554575e-05)
(0.7875416929 0.6567617131 -0.008502712371)
(0.9142921528 0.6664384208 0.0105665413)
(0.7866548468 0.6562103007 -3.097404123e-05)
(0.9137532865 0.6660844064 -5.245189898e-05)
(0.8689452071 0.6229778024 -4.961834305e-05)
(0.8695419557 0.6236689825 -0.003171959783)
(0.8903756925 0.5272139532 -0.0001645107575)
(0.8603757163 0.480647635 -0.01737440028)
(0.9322660467 0.4935751767 -0.006701274138)
(0.9055985822 0.4527569397 -0.0003872539458)
(0.8627675955 0.4783912665 -0.0002860211073)
(0.9336556204 0.4922535497 -0.000219019448)
(0.8897050366 0.5284517158 -0.01000066304)
(1.019875019 0.564926314 -7.136480917e-05)
(0.9803651018 0.6196486326 0.01141164633)
(0.979878613 0.6193650376 -6.89647914e-05)
(0.9282360193 0.5764098672 -9.318350081e-05)
(0.9707066072 0.5314625568 0.001843914577)
(0.9709357005 0.530768637 -0.0001086380344)
(0.9284475216 0.5771152651 -0.0003330160268)
(0.7482477709 0.5184161289 0.0001374073662)
(0.7635562186 0.5898139082 0.02016227824)
(0.763382462 0.5888963382 6.172684716e-05)
(0.8349950777 0.5617991758 0.0001043632811)
(0.8101357601 0.5037571274 0.02228486291)
(0.8111089681 0.5020622756 0.0001825074649)
(0.8348970546 0.5628658154 0.01414804734)
(0.7976718715 0.6740863843 0.0001105194198)
(0.787551412 0.6567626706 0.008500892698)
(0.9142954266 0.6664287847 -0.01057471143)
(0.7866606114 0.6562094878 3.18236595e-05)
(0.9137589796 0.666076984 6.091877382e-05)
(0.8689532864 0.6229810403 5.236138121e-05)
(0.869555134 0.6236776342 0.003169576333)
(0.8903815833 0.5272169363 0.0001668249403)
(0.9056092226 0.4527664018 0.0003903426973)
(0.8603957162 0.480649105 0.01737371593)
(0.9322834562 0.4935918866 0.006698582162)
(0.8627741882 0.4783907449 0.000286167731)
(0.9336624397 0.4922591174 0.0002217084907)
(0.889718674 0.5284607736 0.009998284609)
(1.019880869 0.5649316811 7.213689869e-05)
(0.9803905083 0.6196441956 -0.01141222395)
(0.9798880524 0.6193582851 7.222208916e-05)
(0.9282416485 0.5764113042 9.691521896e-05)
(0.9707188562 0.5314651789 -0.001845436181)
(0.9709423855 0.5307686793 0.0001104489932)
(0.9284609499 0.5771208122 0.0003292939349)
(0.4017838257 0.01824843273 -2.735250288e-06)
(0.1996087616 0.02153384879 0.0660769012)
(0.1997560375 0.02154693323 1.59528877e-05)
(0.2095345433 0.03200997367 -1.098693338e-07)
(0.398311791 0.02421414933 0.06357433918)
(0.3984123234 0.02426496129 -4.821397096e-06)
(0.2094875809 0.03196117334 0.06464649018)
(-0.006803092209 0.04949520823 -5.585565576e-05)
(0.007412340763 0.07114980847 -0.06583717052)
(0.06384363336 0.03431750563 -0.0670410082)
(0.007385915885 0.07111685952 -1.629396495e-05)
(0.06390543279 0.03423664131 -8.971385292e-06)
(0.0804445323 0.05004821577 -1.310797961e-07)
(0.08039761379 0.05007375335 -0.06540821394)
(0.4018094008 0.01822697222 -4.484368515e-06)
(0.1996867404 0.02147922969 -0.06607259562)
(0.1997822922 0.02152925571 -4.895512364e-06)
(0.2095364465 0.03201279482 2.338704824e-06)
(0.3983835355 0.02418276683 -0.06357359678)
(0.398438552 0.02425470281 1.107916116e-05)
(0.2094826735 0.0319729365 -0.0646483252)
(1.12441173 0.2727338543 5.914262261e-06)
(1.182372617 0.3399440727 0.07320856287)
(1.182067709 0.340052035 6.456230701e-06)
(1.295802543 0.3659181285 -1.584965845e-05)
(1.27705784 0.3155108572 0.06719336571)
(1.276840248 0.3159763162 -3.513390432e-06)
(1.296167007 0.3655020813 0.06368959273)
(1.307430387 0.3922193733 -2.873650872e-05)
(1.279504801 0.4170943118 0.0465603298)
(1.293289267 0.3655051684 0.04583120696)
(1.26345456 0.3839020597 -0.0001080102225)
(1.27904261 0.4171811722 -4.236884134e-05)
(1.292985093 0.3650950095 -8.814079689e-05)
(1.307809552 0.3920251175 0.05175940008)
(1.325055485 0.3614747336 -2.379263482e-05)
(1.331403432 0.3253993623 0.05949912198)
(1.317057133 0.3425441516 0.04982607733)
(1.333933279 0.3160567096 -4.146853569e-05)
(1.331195949 0.3257706983 -1.548378943e-05)
(1.316868568 0.3423819253 -6.318916272e-05)
(1.325359863 0.3611775422 0.05613277551)
(1.249701701 0.4651541195 -4.900839862e-05)
(1.226471521 0.4062780213 -0.06857980603)
(1.22598654 0.4065494115 1.722529749e-05)
(1.299005767 0.4110123561 2.961975178e-05)
(1.284590329 0.4483248803 -0.0533528513)
(1.284134711 0.4486525966 -1.244149739e-05)
(1.299542981 0.4106052141 -0.05906619422)
(1.124417636 0.2727350598 -6.444640206e-06)
(1.182385202 0.3399345699 -0.07320919672)
(1.182073018 0.3400486404 -6.952428905e-06)
(1.295819466 0.3659181301 1.788134202e-05)
(1.277093765 0.3155156686 -0.06719215448)
(1.276852857 0.3159780865 2.866417141e-06)
(1.296223258 0.3655043847 -0.06369255933)
(1.307450471 0.3922063858 4.459890676e-05)
(1.263442899 0.383918393 0.0001041716805)
(1.279359187 0.4169985083 -0.04658314911)
(1.293334384 0.3655181361 -0.04584154258)
(1.279006166 0.4171533556 2.084329523e-05)
(1.292992751 0.3650952944 0.0001002888072)
(1.307925852 0.3920037535 -0.0517779932)
(1.325074591 0.3614718294 2.740700243e-05)
(1.33393898 0.3160560721 4.102414289e-05)
(1.331447629 0.3254035887 -0.05949733372)
(1.317078076 0.3425407367 -0.04982981671)
(1.331211033 0.3257719905 1.432240781e-05)
(1.316874171 0.3423785862 6.629157805e-05)
(1.325435275 0.3611774059 -0.05613664025)
(0.8330016936 0.08101043597 6.154503559e-06)
(0.893175624 0.1073342939 0.07467343725)
(0.8932651763 0.1076316213 2.457522106e-05)
(1.141278133 0.1729673668 1.022222821e-05)
(1.090296856 0.1395779162 0.06743417171)
(1.090364185 0.1399771747 6.883132842e-06)
(1.141243673 0.17256565 0.06858405778)
(1.306670718 0.248117254 2.281497679e-06)
(1.324945625 0.2863440979 0.06174474681)
(1.343681078 0.257283351 0.05665947115)
(1.343001628 0.2871447223 -2.33957328e-05)
(1.324825457 0.2867332558 -2.697924765e-06)
(1.34365426 0.2575867882 -1.122236552e-05)
(1.306735793 0.2477105626 0.06270339525)
(1.280834773 0.212886506 2.4540237e-06)
(1.250316648 0.181237911 0.0624124185)
(1.33737037 0.2289305164 0.0572540838)
(1.325572099 0.2026368154 -1.279289085e-05)
(1.250384857 0.1816080817 6.855233916e-06)
(1.337363414 0.2292589198 -6.902672543e-06)
(1.280839962 0.2124831537 0.06264465595)
(1.050531927 0.204784616 -5.711464392e-05)
(0.9685317048 0.148831584 -0.07700156651)
(0.9685586765 0.1491598576 -2.571487115e-05)
(1.193616725 0.2141741664 -6.27618755e-06)
(1.241786283 0.2626313974 -0.06936111223)
(1.241676693 0.2630354532 -1.588632159e-05)
(1.193686911 0.213768663 -0.0695929936)
(0.8329710551 0.08104478126 2.660185494e-06)
(0.8932184303 0.1074053961 -0.07467789414)
(0.8932778926 0.1076569677 -2.208182656e-05)
(1.141299057 0.1729947298 4.174313098e-06)
(1.090346661 0.1397575421 -0.0674151627)
(1.090357148 0.1400316433 1.775872947e-05)
(1.141348758 0.1726427903 -0.06859556544)
(1.306700548 0.2481228698 8.21286159e-06)
(1.34301471 0.2871455435 2.606880939e-05)
(1.324999388 0.2863519326 -0.0617473836)
(1.343740094 0.2572793915 -0.05666805199)
(1.324846185 0.2867368385 5.723635729e-06)
(1.343675574 0.2575856109 1.8985765e-05)
(1.306818427 0.2477242489 -0.06271373407)
(1.280883112 0.2128965845 2.030316889e-05)
(1.325586129 0.2026057969 2.222768871e-05)
(1.250591428 0.1812739613 -0.06240470326)
(1.337454408 0.2288983589 -0.05726307115)
(1.250445131 0.1816265433 3.94857006e-05)
(1.337389857 0.2292484071 1.918216811e-05)
(1.281005513 0.2125045608 -0.06266610584)
(0.7075095887 0.02688564699 -0.0314530712)
(0.7640894154 0.0556408369 -0.02793097954)
(0.7204381169 0.07190423189 -0.03031519474)
(0.7553678417 0.02407498089 0.02873536514)
(0.7075107859 0.02689092655 0.03145300931)
(0.7640962581 0.05564587481 0.0279311488)
(0.7204380089 0.07191050315 0.03031545043)
(0.656067129 0.05337384418 -0.002975343187)
(0.6195653352 0.01829530491 -0.06437511835)
(0.6292328405 0.04256097311 -0.0597909268)
(0.7109078488 0.01996111644 -0.0006253526301)
(0.6500201259 0.0191712052 -0.002948708625)
(0.71556394 0.04617346746 -0.0006445540767)
(0.6252959992 0.05233937805 -0.06338102112)
(0.7437122937 0.1150506779 -0.02833556692)
(0.8029386941 0.1198945443 -0.02434094698)
(0.7792882009 0.1496153662 -0.02599984888)
(0.7822033092 0.09667738784 0.0263376416)
(0.7437004128 0.1150869473 0.02833422437)
(0.8029122428 0.1198955365 0.02434658218)
(0.7792445353 0.1496260839 0.02600380033)
(0.7236394113 0.1765173721 -0.002630130623)
(0.6666186395 0.1417940998 -0.05660864038)
(0.678787668 0.1382481015 -0.05139836338)
(0.7555847361 0.1357295992 -0.000602349089)
(0.7014801499 0.14821093 -0.002948374639)
(0.7725873322 0.1557217596 -0.0007017143274)
(0.6881737916 0.1625424826 -0.05384571665)
(0.5533421393 0.266889959 -0.06563235692)
(0.5945023076 0.2260225223 -0.0004304841601)
(0.5552765197 0.2656371689 -0.0002489057517)
(0.6020004149 0.3005874625 -0.0003284147096)
(0.6281639877 0.2611703015 -0.05834987636)
(0.6321242992 0.2571104656 -0.0006363777301)
(0.5994962993 0.3030422307 -0.05932077693)
(0.735960818 0.2699330954 -0.04311743646)
(0.8390619616 0.2261956978 -0.01987181393)
(0.830382688 0.2711490839 -0.0190111312)
(0.7910319195 0.2128361474 0.02332850271)
(0.7359579179 0.2699016964 0.04311982037)
(0.8390994522 0.2261966091 0.01987333209)
(0.8303890263 0.2711518471 0.01901165261)
(0.7883776708 0.3537645122 -0.0009193723704)
(0.7386358391 0.3534597998 -0.04077639609)
(0.7756107475 0.3113493406 -0.03722069189)
(0.7577491739 0.3135598768 -0.001739483566)
(0.7465088609 0.3528254271 -0.0007363150887)
(0.7957122173 0.3220552326 -0.001027543009)
(0.7805396437 0.3559075108 -0.03551755987)
(0.877802685 0.2664118916 -0.01534694217)
(0.9144891934 0.2313869851 -0.01356275491)
(0.9239605596 0.260626167 -0.01258456684)
(0.882055951 0.2315786586 0.01661547519)
(0.8778176951 0.2664158509 0.01534534468)
(0.9144904873 0.2313888548 0.01356404176)
(0.9239702086 0.2606376206 0.01258453002)
(0.9393050983 0.3372792127 -0.003983812742)
(0.859388868 0.3266528914 -0.02295671699)
(0.8370802306 0.2804703293 -0.02122489138)
(0.9412340125 0.3274402569 -0.0009152690768)
(0.9126417976 0.3434479249 -0.004258674938)
(0.965193073 0.3229627011 -0.00121096969)
(0.8835152464 0.3102800174 -0.02029819713)
(0.9656437399 0.4605580854 -0.004009593506)
(0.9403892748 0.4274304421 -0.000514122136)
(0.9676765011 0.4591263115 -0.0002890262814)
(0.9944598481 0.4270228669 -0.0003689175311)
(0.9631071395 0.4055488798 -0.007581206868)
(0.9684359017 0.4011401678 -0.0007617197827)
(0.9914131553 0.4295754114 -0.002033774384)
(1.095960807 0.5330984905 -2.152396962e-05)
(1.149522464 0.5433317846 0.03161040082)
(1.148857329 0.5433748222 -3.955736224e-05)
(1.156294734 0.4917695428 -6.99041493e-05)
(1.109343882 0.4850050131 0.02008479835)
(1.108925173 0.4845542082 -7.609803666e-05)
(1.156808369 0.4921249228 0.02851384403)
(0.7829307707 0.06021951474 2.203886418e-05)
(0.7380438337 0.04551739206 0.06830071291)
(0.7381622435 0.04572810141 9.638260932e-06)
(1.04187216 0.1120543342 0.06629460341)
(1.0419824 0.1124241605 -9.50362715e-07)
(0.9979019032 0.0906508517 -1.993092398e-05)
(0.9978161504 0.09037891359 0.06485492216)
(0.6460458089 0.02938386778 -2.953241121e-06)
(0.6290032907 0.02991679094 0.06237500095)
(0.629059335 0.03001166955 -9.921252888e-06)
(0.8670157643 0.04665835879 -1.156332291e-05)
(0.8915733126 0.05240430996 0.06167784963)
(0.8915773566 0.0525521927 -2.297983313e-07)
(0.8670378795 0.04653556009 0.06099078257)
(1.00143549 0.3034898578 -0.004245157016)
(1.002528705 0.2601017576 -0.005043270851)
(1.027681927 0.276162767 -0.002898702774)
(0.9751368597 0.2754255502 0.00708048577)
(1.001443157 0.3034917501 0.004245122385)
(1.002530872 0.2601044924 0.005043810013)
(1.027687806 0.2761654507 0.002898940039)
(1.066110205 0.3639260829 0.01118470107)
(1.056597264 0.2963975397 0.001109280073)
(1.095764682 0.3030009193 0.004454086924)
(1.032423437 0.3283973959 -0.0001415658324)
(1.066138129 0.3639176756 -0.01118595019)
(1.056586337 0.29639037 -0.001109068385)
(1.095768394 0.3029895001 -0.004455035576)
(1.163668214 0.3475460907 -0.0005846184158)
(1.151400261 0.3768620634 0.02165955789)
(1.110250418 0.342029237 0.01544712293)
(1.135578833 0.3722613862 -0.002227817867)
(1.161262026 0.3729567915 -0.0006013678637)
(1.14424462 0.3525498286 -0.002780880649)
(1.146136125 0.3429581822 0.01983213645)
(1.274876508 0.339558931 0.04103403168)
(1.247791567 0.3535676161 -0.0003178756278)
(1.274842667 0.3380185356 -0.0002323402023)
(1.259296971 0.3122434763 -0.0004456100806)
(1.234160075 0.3323148974 0.03336613019)
(1.235476226 0.3240828139 -0.0007820804236)
(1.257651257 0.3176830849 0.03707982683)
(1.341951093 0.2534504422 0.05147626291)
(1.332657161 0.2767813883 -4.695489505e-05)
(1.342006115 0.253598034 -2.732795243e-05)
(1.326578922 0.2439144311 -5.15087775e-05)
(1.31408621 0.2634117322 0.0454401388)
(1.314520345 0.2629953428 -8.270288219e-05)
(1.326378654 0.2440237385 0.04708753498)
(1.343105523 0.1871509052 -1.012447157e-05)
(1.345034561 0.1692236676 -3.431270507e-05)
(1.336917698 0.166894147 0.05377703267)
(1.344254137 0.187319821 0.04983578195)
(1.336794706 0.1670952746 -2.678167199e-05)
(1.344231095 0.187229998 -4.207743644e-05)
(1.345155089 0.1692265327 0.05029203362)
(1.342418225 0.1158906697 0.02798388711)
(1.310585657 0.1162099276 -0.0540472696)
(1.342365273 0.1158830084 -0.02798717028)
(1.173324254 0.2634069871 0.01215379978)
(1.141098746 0.2444673615 0.008134922205)
(1.167832572 0.2333388525 0.01052131022)
(1.138322567 0.2683851074 -0.008737519267)
(1.173319337 0.2634061593 -0.01215397886)
(1.141100563 0.2444680512 -0.008134246697)
(1.167832268 0.2333389286 -0.01052151788)
(1.238528189 0.2337511445 0.01810289347)
(1.194879274 0.2246111271 0.01335266928)
(1.219975889 0.2073293348 0.01574965806)
(1.207275279 0.2521404605 -0.0152213841)
(1.238527401 0.2337503813 -0.01810288314)
(1.194880062 0.2246105475 -0.01335270991)
(1.219978208 0.2073282645 -0.0157495995)
(1.284666286 0.1864094024 0.02217352952)
(1.242690441 0.1906356265 0.01794608916)
(1.260849181 0.1688538252 0.01964244525)
(1.264647997 0.2110935128 -0.02043802956)
(1.284675512 0.1864042282 -0.02217354578)
(1.242693111 0.1906334155 -0.01794598126)
(1.26085248 0.1688498258 -0.01964234701)
(1.308408304 0.1368218395 0.02397595731)
(1.276321511 0.1483974791 0.02090665739)
(1.289132108 0.1278222115 0.02229929857)
(1.298957541 0.1604089985 -0.02329615192)
(1.308430329 0.1368281599 -0.02397286901)
(1.276322637 0.1483878557 -0.02090704265)
(1.289134189 0.1278028468 -0.02229841513)
(0.5575615752 0.07306046194 -0.07133834574)
(0.5567840205 0.02462806098 -0.0007310609219)
(0.5653070327 0.07279904458 -0.0007372863418)
(0.6109258209 0.06188164419 -0.001815139196)
(0.5904285311 0.02112170653 -0.06837016233)
(0.6037982351 0.02114707699 -0.001804372632)
(0.5973950816 0.06192633276 -0.06716154601)
(0.6670475196 0.08856210511 -0.003022936977)
(0.6370791815 0.07270846617 -0.05842918089)
(0.6496667168 0.115535901 -0.05937323935)
(0.7380768807 0.1052504299 -0.000615335497)
(0.7256641833 0.08165569544 -0.0006523238831)
(0.6823441264 0.1191522447 -0.003032525203)
(0.6352512819 0.0857823717 -0.06176224023)
(0.5737358895 0.1180745111 -0.06879542431)
(0.6036679034 0.1590190286 -0.000727257997)
(0.58155171 0.1177819421 -0.0007405359734)
(0.6240896304 0.1009249915 -0.001823443605)
(0.6279685395 0.1361420585 -0.06235908018)
(0.6422107095 0.1370305756 -0.001804311846)
(0.6101819256 0.1006615462 -0.06512474106)
(0.6560696334 0.0533758574 0.002974963205)
(0.7109078794 0.01995970999 0.0006263984618)
(0.6195629063 0.01828909586 0.06437474344)
(0.6292417437 0.04256390735 0.05978931588)
(0.6500201474 0.0191698026 0.002948930869)
(0.7155644701 0.04617566896 0.0006414670384)
(0.6253028577 0.05234309336 0.06338140248)
(0.5567887437 0.02462555739 0.0007334875707)
(0.5575785811 0.07305886708 0.07133612615)
(0.5653124268 0.07279808858 0.0007377591416)
(0.6109279068 0.06188583167 0.001813706814)
(0.5904360078 0.02111474437 0.06836939198)
(0.603800827 0.02114538136 0.001804932587)
(0.5974010577 0.06193852786 0.06715996373)
(0.6670495491 0.08856502318 0.003024351271)
(0.7380735926 0.1052602502 0.0006131027987)
(0.6370757045 0.07271461586 0.05843006068)
(0.649690334 0.1155611388 0.05936955805)
(0.725664966 0.08165969358 0.0006539790195)
(0.6823482188 0.1191609659 0.003031869507)
(0.6352585204 0.08578621537 0.06176061676)
(0.6036703372 0.1590141639 0.0007333854647)
(0.5737197182 0.11810382 0.06879370634)
(0.5815472014 0.1177904152 0.00074098454)
(0.6240920802 0.1009327629 0.001826387032)
(0.628005586 0.136146517 0.0623563502)
(0.6422203933 0.1370321543 0.001808946094)
(0.6101890498 0.1006861714 0.06512420829)
(0.6305686595 0.1944480142 -0.0007558652989)
(0.6917294329 0.1990766485 -0.001134890049)
(0.6501984985 0.1662378363 -0.05886402896)
(0.653778398 0.2251129201 -0.05684092424)
(0.6648065506 0.1692434744 -0.001676240487)
(0.6611522891 0.2228294985 -0.0009324350546)
(0.6746739645 0.1909431348 -0.05494073485)
(0.7537541273 0.230797428 -0.0003845542232)
(0.6762384216 0.2468967401 -0.05244677425)
(0.6901188384 0.2210645395 -0.04694057606)
(0.7427309839 0.2688122568 -0.003082186578)
(0.7047591739 0.249109806 -0.002483567408)
(0.7866812344 0.246231244 -0.0005123753506)
(0.6679106034 0.2069042557 -0.05127287593)
(0.7236340827 0.1765239182 0.00263160265)
(0.7555827269 0.1357465631 0.0006086057774)
(0.6666020084 0.1418202407 0.05660822627)
(0.6787867367 0.138261727 0.05139498706)
(0.7014753238 0.1482210937 0.002952567269)
(0.772578192 0.1557349164 0.0007017368452)
(0.688168495 0.1625469001 0.05384430908)
(0.6305569846 0.1944426334 0.0007499769908)
(0.6917219659 0.1990803917 0.001135530656)
(0.6501568912 0.1662372094 0.05886345805)
(0.6537605961 0.2251241277 0.05684211834)
(0.6647944524 0.1692448006 0.001676670615)
(0.6611452904 0.222833195 0.0009330311418)
(0.6746569594 0.1909483948 0.05494031498)
(0.753736515 0.2308063461 0.0003859972252)
(0.7427216874 0.2688090443 0.00308446603)
(0.6762126995 0.2469158119 0.05244519555)
(0.6900900133 0.2210577718 0.04694053447)
(0.7047468661 0.2491159529 0.002482059731)
(0.7866675657 0.2462332802 0.0005160504104)
(0.6678804251 0.2069223516 0.05127141888)
(0.4637703129 0.3749871606 -6.096328814e-05)
(0.5368367683 0.4181577872 -0.05825852777)
(0.537389924 0.4171152355 -9.948625895e-05)
(0.5109928511 0.3159486869 -0.06710340799)
(0.5120982104 0.315013298 -0.0001370362682)
(0.5702194821 0.3534246063 -0.0001721067871)
(0.5688563447 0.3548085676 -0.05952269504)
(0.6521772784 0.3262825827 -0.0005460742152)
(0.665132055 0.2862844554 -0.05291335033)
(0.6939944163 0.3457462445 -0.04656820528)
(0.7184585864 0.3015318976 -0.001767364571)
(0.6758097717 0.2820917391 -0.001429764128)
(0.7013592058 0.3437042368 -0.0006701540616)
(0.6468641151 0.3293925386 -0.05286522096)
(0.6778891306 0.4542607387 -0.0001853891907)
(0.6088739007 0.4438047026 -0.04967972908)
(0.609719044 0.4425908309 -0.0001400733106)
(0.6297248573 0.3793958421 -0.0002480753543)
(0.6842623379 0.3960547792 -0.04486995341)
(0.6874285826 0.394261099 -0.0003249023403)
(0.627373757 0.3811860932 -0.05200464973)
(0.5944942278 0.2260145944 0.0004241233107)
(0.5533378784 0.266868881 0.06563106317)
(0.555273848 0.2656313848 0.0002410755338)
(0.6019995064 0.3005948346 0.0003297819435)
(0.6281499182 0.2611854317 0.0583501261)
(0.6321192447 0.2571152614 0.0006373403858)
(0.5994949903 0.3030686679 0.05932084389)
(0.4637767006 0.374990889 6.128566662e-05)
(0.536852681 0.4181677784 0.05825748514)
(0.5373947029 0.4171169293 0.00010363034)
(0.5110142336 0.3159406627 0.06710213095)
(0.5121036087 0.3150096356 0.0001335621331)
(0.5702230214 0.3534318603 0.0001737170103)
(0.5688660773 0.3548302217 0.05952132853)
(0.6521762059 0.3262854113 0.0005463258827)
(0.7184504504 0.3015287313 0.001770231302)
(0.6651270317 0.2863037687 0.05291183431)
(0.6939695028 0.3457379284 0.04656935445)
(0.6758054393 0.282096603 0.001428564465)
(0.701351752 0.3437017954 0.0006696114765)
(0.6468646358 0.3294018313 0.05286490375)
(0.6778948431 0.4542640442 0.0001824861078)
(0.6088705652 0.4437890199 0.04967909376)
(0.6097197102 0.4425872346 0.0001408564343)
(0.6297262225 0.3793957016 0.0002482118738)
(0.6842525804 0.3960560035 0.04487012035)
(0.6874255915 0.3942616264 0.0003226389319)
(0.6273787078 0.3811857621 0.05200544793)
(0.7407530329 0.4549639874 -0.0002469686782)
(0.7945776838 0.4496024237 -0.02821957247)
(0.7967042839 0.4464376076 -0.0003612605068)
(0.7891299122 0.3961672398 -0.0006942386066)
(0.7372823957 0.4017381923 -0.0385692622)
(0.740698807 0.3997522175 -0.0004380904228)
(0.7854886559 0.4010406307 -0.03269114482)
(0.8401875415 0.3556299877 -0.002837156065)
(0.7689514169 0.2999224182 -0.03286818974)
(0.834121466 0.3403172063 -0.02638335041)
(0.9096578083 0.3350496295 -0.0005705666641)
(0.871470125 0.336271242 -0.0001230836762)
(0.8810402013 0.3526648718 -0.003814378173)
(0.8049782683 0.3496937798 -0.03092345324)
(0.8398091593 0.4356601981 -0.02300486095)
(0.8871871991 0.4147351636 -0.0008317379389)
(0.8455798763 0.431603447 -0.0006464614618)
(0.8365143538 0.3889145458 -0.001700237317)
(0.8579158802 0.3800311006 -0.02312535464)
(0.8774319813 0.3800756899 -0.002212597146)
(0.8241378419 0.3935830447 -0.02743362269)
(0.7883846122 0.3537633982 0.0009189124607)
(0.7577483498 0.3135499642 0.001736513253)
(0.7386493989 0.3534452104 0.04077692917)
(0.7756305039 0.3113532684 0.03722148307)
(0.7465115462 0.3528198609 0.0007342612755)
(0.7957170819 0.3220546551 0.001025544745)
(0.7805617537 0.3559068818 0.03551803125)
(0.7407587147 0.4549660295 0.0002519711933)
(0.7945723152 0.449577173 0.02821962065)
(0.7967045574 0.4464309747 0.0003620986781)
(0.7891354131 0.3961640474 0.000696045522)
(0.7373039087 0.4017409394 0.03856846552)
(0.7407050153 0.3997521231 0.0004394342614)
(0.7855056403 0.4010316874 0.03269146917)
(0.8401890945 0.3556265209 0.002836183686)
(0.9096550253 0.3350456934 0.000565575806)
(0.7689362649 0.2999097121 0.03287030022)
(0.8341152398 0.3403159704 0.0263852824)
(0.8714737382 0.3362702302 0.000123602431)
(0.8810407491 0.352663474 0.003810474033)
(0.8049760454 0.3496815552 0.03092423752)
(0.8871990274 0.4147426936 0.0008320739227)
(0.8398232809 0.4356439766 0.02300395284)
(0.8455838606 0.4315973731 0.0006449003619)
(0.8365155516 0.3889069404 0.00169945802)
(0.8579107572 0.3800458127 0.02311914892)
(0.8774324932 0.3800779227 0.002208192618)
(0.8241352794 0.3935567806 0.02743350407)
(0.9214867416 0.3966261841 -0.0009053043987)
(0.9404282563 0.3584533498 -0.001376286213)
(0.8874861947 0.3624313162 -0.01946402155)
(0.9382931105 0.3771120778 -0.01229944489)
(0.9109262679 0.3683746521 -0.002224809347)
(0.9498768629 0.3766449857 -0.001071110352)
(0.9129004937 0.3432920874 -0.01623118066)
(1.014461242 0.3575210295 -0.0001125234053)
(0.9420260069 0.3516398552 -0.01007695696)
(0.8971228996 0.2985341048 -0.01024329792)
(1.018285992 0.3506771053 -0.003811431752)
(0.9915414691 0.3631436939 -0.003245047527)
(1.041908666 0.3463647089 -0.0009342965394)
(0.8855258142 0.3135805288 -0.01308683464)
(0.9393193667 0.3372817291 0.003987896037)
(0.9412380446 0.3274422522 0.0009134633825)
(0.8594036764 0.3266739309 0.02295275583)
(0.8371062005 0.2804775999 0.02122499799)
(0.9126534065 0.3434571024 0.004259164558)
(0.9651989329 0.3229640024 0.001210193898)
(0.8835374024 0.3102832145 0.02029492582)
(0.9214795232 0.3966322435 0.0009156390844)
(0.9404299029 0.3584511139 0.001388328021)
(0.8874662103 0.3624745031 0.01945545804)
(0.9382925237 0.3770829086 0.01231867864)
(0.9109304146 0.3683951458 0.002235540253)
(0.9498622303 0.3766311046 0.001068864229)
(0.9128913494 0.3432814555 0.01622816377)
(1.014466158 0.357513764 0.0001143942145)
(1.018290356 0.3506765424 0.00381241889)
(0.9420405383 0.3516293102 0.01008140775)
(0.8971364137 0.298527306 0.01024226191)
(0.9915380764 0.3631384688 0.003244218645)
(1.041914561 0.3463616865 0.0009350997482)
(0.8855312634 0.3135621712 0.01308598537)
(1.046373588 0.5149993112 -6.315634817e-05)
(1.001765609 0.4896517378 0.00342369033)
(1.002508352 0.4889856565 -0.0001281138269)
(1.026874929 0.4508360755 -0.0001127015782)
(1.065232683 0.4708934469 0.01192820059)
(1.06539746 0.4707332861 -6.442980804e-05)
(1.025446427 0.4513213579 0.004501849773)
(1.018424276 0.3970895623 -0.0004659106922)
(0.9789106591 0.3803585188 -0.005501336082)
(1.023769961 0.3692609232 5.106695643e-05)
(1.0200521 0.363125716 -0.002057178137)
(0.9974025129 0.3785467719 -0.001829295586)
(1.037403638 0.3736239347 -0.0003942146035)
(1.009746862 0.3992201956 -0.0006019092235)
(1.04657809 0.417707386 7.817427301e-05)
(1.079328921 0.4322914036 0.0118574812)
(1.054952204 0.3849639392 0.006231141494)
(1.090395565 0.3967754504 -0.0003518258581)
(1.079338301 0.4325382718 -0.0001082019752)
(1.064730065 0.3905514816 0.001027257468)
(1.043209667 0.4160226696 0.005382830304)
(0.940387081 0.4274348641 0.0005201409159)
(0.9656627087 0.4605775577 0.00400751777)
(0.9676808133 0.4591305892 0.0002908128152)
(0.9944650498 0.4270222513 0.0003708159673)
(0.9630664156 0.4055069572 0.007589721989)
(0.9684289562 0.4011307719 0.0007611576358)
(0.9914343413 0.4295756065 0.002032021925)
(1.046383416 0.5150063512 6.873696413e-05)
(1.00179418 0.4896683883 -0.003424358086)
(1.00251806 0.4889912211 0.0001287280984)
(1.026885149 0.4508399697 0.0001158904976)
(1.0652735 0.4709077625 -0.01193727285)
(1.065413804 0.4707383625 7.297782171e-05)
(1.025465263 0.4513284522 -0.004505585203)
(1.018431208 0.3970883454 0.0004688657795)
(1.020056959 0.3631251997 0.002058484251)
(0.97892463 0.3803491862 0.005500785867)
(1.02379009 0.3692594621 -5.385077829e-05)
(0.9974049327 0.3785441687 0.001830704862)
(1.037409699 0.3736242984 0.000396559241)
(1.00976956 0.3992166526 0.0005988261492)
(1.046587712 0.4177070904 -7.399776095e-05)
(1.090408052 0.3967713659 0.0003566168462)
(1.079371599 0.432289639 -0.01186428283)
(1.054978393 0.3849618894 -0.00623526507)
(1.079354689 0.4325363291 0.0001152629303)
(1.064739075 0.3905500993 -0.001023127231)
(1.043239049 0.4160250848 -0.00538706363)
(1.238991936 0.5169991624 -4.223158916e-05)
(1.199318289 0.5366813611 0.04243615016)
(1.198488224 0.5367896445 -1.291519864e-06)
(1.250467884 0.476617355 0.04550705085)
(1.249802481 0.4769084625 -4.402331599e-05)
(1.204573546 0.4889977975 -1.573608964e-05)
(1.205155339 0.4889990686 0.03729627911)
(1.157747709 0.4465039434 -0.0001623815072)
(1.117313719 0.4432434549 0.01866143138)
(1.156933554 0.4104042173 0.02356522398)
(1.122317457 0.40264422 -0.0006057119709)
(1.116657991 0.4419944481 -0.0002356831711)
(1.157941603 0.4065865335 -0.0002868186041)
(1.158008655 0.4475948279 0.02582072687)
(1.242227387 0.4352271531 0.0400547926)
(1.229956982 0.3979373901 -6.249698593e-05)
(1.241807689 0.4352605344 -6.087251227e-05)
(1.200387104 0.4443091867 -6.928164345e-05)
(1.193718069 0.4064043636 0.02983622457)
(1.194465203 0.4054653074 -7.828783178e-05)
(1.200511688 0.4447080799 0.03317192316)
(1.095976652 0.5331129824 3.518290406e-05)
(1.149561194 0.5434117251 -0.0316152684)
(1.14886738 0.5434019172 5.307576786e-05)
(1.156319463 0.4918022997 9.632826766e-05)
(1.10942583 0.4850274851 -0.02009828109)
(1.108950526 0.4845619864 9.133997935e-05)
(1.156936506 0.4922079087 -0.02852531466)
(1.238946734 0.5170143572 3.248184724e-05)
(1.199211157 0.5368775176 -0.04243168063)
(1.198447453 0.5368519104 1.194007697e-05)
(1.250070026 0.4766359905 -0.04547028729)
(1.249690317 0.4769229242 8.088035001e-06)
(1.204514837 0.4890728114 6.809616741e-05)
(1.205013999 0.4892506216 -0.03721321419)
(1.157757924 0.4464880325 0.0001819877056)
(1.122329317 0.4026335789 0.000610912212)
(1.11738342 0.4432220153 -0.01867212449)
(1.156935051 0.4103556349 -0.02355978867)
(1.116681781 0.4419856078 0.0002465939993)
(1.157939507 0.4065664273 0.0002960519721)
(1.158064604 0.4475517678 -0.0258317205)
(1.229928777 0.3979531136 5.261139103e-05)
(1.241682832 0.4350653946 -0.04005500283)
(1.241694648 0.4352318146 -1.059697242e-05)
(1.200359537 0.4442979086 7.365178916e-05)
(1.193640919 0.406298994 -0.02982115364)
(1.194441216 0.4054357326 7.011420055e-05)
(1.20055386 0.4446708429 -0.03310689852)
(0.671280163 0.03151195325 3.023047757e-06)
(0.7008506003 0.03676761621 0.06624836793)
(0.7009726464 0.03697425389 7.827232346e-06)
(0.9569716052 0.07415017276 1.166902768e-05)
(0.9222618228 0.06181727653 0.06221843837)
(0.9223432761 0.06199655334 -2.515944472e-07)
(0.9568678437 0.07392985816 0.06355903531)
(1.217591039 0.1533914257 0.06188406839)
(1.310077458 0.1779163016 -7.736259909e-06)
(1.217750758 0.1537719522 6.823695097e-06)
(1.185145081 0.1299843045 -1.988588477e-05)
(1.291962504 0.1551419162 0.05743342187)
(1.291900212 0.1554022721 -2.107580758e-05)
(1.185204328 0.1296688251 0.06117219006)
(1.152124682 0.1098039706 6.305157096e-06)
(1.12235065 0.09363292877 0.0596005635)
(1.272062826 0.134905179 0.05715188894)
(1.252286456 0.1179030908 -3.793104443e-05)
(1.12232713 0.09374960931 -5.125928821e-06)
(1.271966791 0.1350248845 -2.584117105e-05)
(1.152152712 0.1096038472 0.06047167294)
(0.7828903645 0.06022037419 -4.228194684e-05)
(0.7380580293 0.04524662604 -0.06829196399)
(0.7381924658 0.04565726569 -2.839956624e-05)
(1.041806303 0.112386649 -0.06621930191)
(1.041998836 0.112522241 -3.283450047e-05)
(0.9979094965 0.09066683187 -7.814473568e-05)
(0.9976028056 0.09041187104 -0.06490485352)
(0.6712885681 0.03151315056 3.342675228e-06)
(0.7009293543 0.03662706893 -0.06625616985)
(0.7009969562 0.03693171912 -1.404178579e-05)
(0.9570462575 0.07415204924 -6.293569199e-06)
(0.9224056313 0.06183871465 -0.06222850359)
(0.9223769607 0.06200474203 1.242260398e-05)
(0.9571213481 0.07393474945 -0.06357790539)
(1.310086895 0.1779025434 2.256392031e-06)
(1.217804874 0.1536181635 -0.06177037193)
(1.217814654 0.1538503021 1.853097092e-05)
(1.185105389 0.1300718097 -4.316150543e-05)
(1.291831586 0.1552522264 -0.05741010403)
(1.291864075 0.1554343714 -3.76083212e-06)
(1.184812208 0.1299516658 -0.06118499796)
(1.152080685 0.1098293298 4.740242504e-06)
(1.252273372 0.1178969789 3.791763547e-05)
(1.122316183 0.09362708325 -0.05961917577)
(1.27195031 0.1349620322 -0.05715635608)
(1.12229955 0.09374868568 2.102630465e-05)
(1.271934245 0.1350394216 1.114624842e-05)
(1.152051685 0.109693355 -0.06049205348)
(1.071086433 0.06860380745 -1.307230676e-05)
(1.095681712 0.08001187398 0.05916049508)
(1.215428082 0.08992550623 0.05643887138)
(1.233503015 0.1028211528 -4.193300994e-05)
(1.095696891 0.08007353056 -1.086687632e-05)
(1.215309419 0.08987701425 -5.272019296e-05)
(1.071215333 0.0685730753 0.05901333432)
(0.6460673051 0.02938899034 -9.466603765e-06)
(0.6290895322 0.02989269546 -0.06237678053)
(0.6290888314 0.03000557652 1.275382804e-05)
(0.8670315246 0.04667168512 7.253866483e-06)
(0.8915974786 0.05246787004 -0.06167172243)
(0.8915879656 0.05257427991 -6.472287393e-06)
(0.867071293 0.04656832295 -0.06099132327)
(1.071070108 0.06861727511 1.30951026e-05)
(1.233500177 0.1028180667 5.094571522e-05)
(1.095644684 0.08004101959 -0.05916316611)
(1.215413434 0.08993769612 -0.0564384443)
(1.095676441 0.0800843757 1.582037031e-05)
(1.215298734 0.08987867983 5.401111051e-05)
(1.071176431 0.06861262624 -0.05901335945)
(1.219068838 0.3659279655 -0.0001507567589)
(1.190078083 0.3476229739 0.0009666825233)
(1.186169521 0.3722822476 0.02715126849)
(1.208035519 0.341132021 0.02942569868)
(1.190241394 0.3731157255 6.064266001e-05)
(1.211581712 0.3357821656 -0.0005181649299)
(1.177115989 0.3415840932 0.0251247191)
(1.266742962 0.3417996573 0.000705542269)
(1.164151413 0.3086557307 0.02694914085)
(1.073666518 0.2704177155 0.02320722112)
(1.241770693 0.3064652466 -0.005529357116)
(1.238908893 0.3200754087 -0.004301154138)
(1.272768453 0.32416815 -0.0009582900655)
(1.087977269 0.2941141721 0.02443759436)
(1.163666248 0.3475369684 0.0005935546025)
(1.135583389 0.3722570386 0.002231065119)
(1.151391507 0.3768819718 -0.02164906041)
(1.110241627 0.3420047803 -0.01544999956)
(1.161254438 0.3729671302 0.0006081420579)
(1.144250631 0.3525430004 0.002782452212)
(1.146118239 0.3429376944 -0.01983059504)
(1.219054963 0.365937678 0.000149009694)
(1.190063261 0.3476140197 -0.0009635341146)
(1.18605719 0.3722695032 -0.02715213752)
(1.208026927 0.3411253929 -0.02942386335)
(1.190215999 0.3731197784 -6.422633626e-05)
(1.211577893 0.3357815641 0.0005145101417)
(1.177089234 0.3415770846 -0.02512981547)
(1.266710649 0.3417854804 -0.0007069365038)
(1.241769152 0.306465177 0.005527309279)
(1.164148354 0.308645547 -0.02694921795)
(1.07368005 0.2704179272 -0.02320557424)
(1.238901908 0.3200711149 0.004298077486)
(1.272755735 0.3241628967 0.0009582581908)
(1.087992098 0.294108073 -0.02443731084)
(1.298299863 0.3207884122 0.04463697985)
(1.317974751 0.299291738 -7.826999966e-05)
(1.298519419 0.3199060679 -0.0001317847083)
(1.280606322 0.298110253 -0.0002248976071)
(1.298206338 0.2826020565 0.04319351283)
(1.29904195 0.281482011 -0.0001336617173)
(1.279197539 0.3007582491 0.04031146603)
(1.251579116 0.2911677341 -0.001063781872)
(1.209731544 0.307792533 0.03026350436)
(1.223959543 0.2727591012 0.03098025644)
(1.235685024 0.2917571209 -0.003442098618)
(1.238164735 0.303289826 -0.002815045574)
(1.24369149 0.2761993272 -0.001317696469)
(1.23880496 0.2965897033 0.03373111462)
(1.267409117 0.2789209538 -0.000433340925)
(1.280433936 0.2662777847 0.03944800793)
(1.247364151 0.2641424903 0.03385811293)
(1.269068289 0.2494817243 -0.0002560939868)
(1.282855464 0.2648791889 -0.0002435509206)
(1.25630818 0.2639985299 -0.0005376684289)
(1.261652042 0.2820754172 0.03671047224)
(1.247785086 0.3535781865 0.0003129555851)
(1.274909212 0.3395700858 -0.04103747996)
(1.274849045 0.3380211025 0.0002362462159)
(1.259301156 0.3122449411 0.0004462927457)
(1.234141405 0.3323274654 -0.03336376058)
(1.235473977 0.324088359 0.0007771615487)
(1.257660676 0.317686926 -0.03708201079)
(1.31797757 0.2992921889 7.81689229e-05)
(1.298316045 0.320791039 -0.0446384759)
(1.298524254 0.3199061007 0.0001339584755)
(1.280613822 0.2981106302 0.0002284687591)
(1.298217126 0.2826046636 -0.04319417892)
(1.29904659 0.2814825431 0.0001344844086)
(1.279225142 0.3007612941 -0.04031326514)
(1.251582437 0.2911714214 0.001063942132)
(1.23568844 0.2917583834 0.003445509693)
(1.209752393 0.3078095262 -0.03026233897)
(1.223963127 0.2727632172 -0.0309810025)
(1.238167552 0.3032955074 0.002817079936)
(1.243693401 0.2762008877 0.001316955639)
(1.238813979 0.2965992828 -0.03373123725)
(1.267412885 0.2789218913 0.0004345991763)
(1.269069507 0.2494818659 0.0002556252797)
(1.280441648 0.2662761138 -0.03944852242)
(1.247376718 0.264146448 -0.03385746794)
(1.28285879 0.2648788636 0.0002441820406)
(1.256311346 0.263999792 0.0005396054975)
(1.261661558 0.2820777665 -0.0367118924)
(1.346391311 0.2305006686 0.05250322149)
(1.346480675 0.2084162969 -2.258865804e-05)
(1.346390371 0.2307015211 -2.273996873e-05)
(1.335343089 0.224692501 -4.472027368e-05)
(1.34112958 0.2057345449 0.04926614245)
(1.341110853 0.2057721466 -3.922038694e-05)
(1.335306584 0.2246960578 0.04837634067)
(1.309216942 0.2328208114 -0.0001093996951)
(1.29612059 0.2496013321 0.04160881517)
(1.292888246 0.22208159 0.040380195)
(1.282272519 0.2359746611 -0.0001586094736)
(1.297117086 0.2490509704 -0.0001565620702)
(1.293476301 0.2206997321 -7.189221149e-05)
(1.308824572 0.2329625118 0.04333176048)
(1.319126907 0.2160202765 -9.553796114e-05)
(1.32688973 0.1997522338 0.04577025941)
(1.30351767 0.2077954934 0.04168662031)
(1.311818045 0.1912129067 -4.193860928e-05)
(1.326815377 0.1997987929 -9.150528829e-05)
(1.303688045 0.2062782319 -7.911325484e-05)
(1.319010095 0.2160536398 0.04470125758)
(1.332664087 0.2767816061 4.930216194e-05)
(1.341984404 0.253445924 -0.05148158231)
(1.342017895 0.2535953956 3.304661163e-05)
(1.326586686 0.2439124258 5.593702298e-05)
(1.314101496 0.2634127636 -0.04544225576)
(1.314526255 0.2629953619 8.494925604e-05)
(1.326400963 0.2440198169 -0.04708966511)
(1.346488603 0.2083988574 2.639851827e-05)
(1.346420377 0.230468834 -0.05250805738)
(1.346401907 0.2306902607 2.801856523e-05)
(1.335347527 0.224687096 4.666352333e-05)
(1.341141795 0.2057218504 -0.0492703056)
(1.341114986 0.2057663113 4.303367885e-05)
(1.335311213 0.2246813273 -0.04838010436)
(1.309222473 0.2328194024 0.0001124561719)
(1.282275934 0.2359747713 0.0001598130227)
(1.296132548 0.2495976135 -0.04161029389)
(1.292910726 0.2220801348 -0.04038155155)
(1.297121795 0.2490499046 0.000158152773)
(1.293482369 0.2206993994 7.615761909e-05)
(1.308838523 0.2329588419 -0.04333506123)
(1.31913203 0.2160180058 9.853798124e-05)
(1.311822006 0.1912111842 4.609706307e-05)
(1.326903369 0.1997509282 -0.04577094596)
(1.303522058 0.2077885367 -0.04169015778)
(1.326819583 0.199796793 9.603768072e-05)
(1.303691829 0.2062767873 8.0749941e-05)
(1.319023743 0.2160479271 -0.04470438909)
(1.3448582 0.1516340831 -5.825135941e-05)
(1.329022842 0.1480163669 0.05383013557)
(1.342701061 0.1372740647 0.05163696525)
(1.319253202 0.1316316148 -9.204676474e-05)
(1.328813063 0.1481177197 -6.753223553e-05)
(1.342457479 0.1354566797 -4.650068377e-05)
(1.345002576 0.1528350191 0.05085937207)
(1.33523723 0.1686130077 -9.890957581e-05)
(1.332485133 0.18349701 0.04646325179)
(1.32687694 0.164738647 0.04541222339)
(1.319389061 0.1767113414 -0.0001070366038)
(1.33240734 0.1834170695 -0.0001367047642)
(1.325395206 0.1630477545 -3.006584757e-05)
(1.336562131 0.1686497343 0.04710742792)
(1.343109349 0.1871421179 2.024189929e-05)
(1.345029876 0.1692288228 3.509230006e-05)
(1.33689173 0.166947264 -0.05375239904)
(1.344250409 0.1872776349 -0.04983706617)
(1.336786634 0.1671170413 2.51623551e-05)
(1.344229243 0.1872190966 4.545542983e-05)
(1.345141599 0.1692197756 -0.0502834106)
(1.344848436 0.1516461776 5.753372284e-05)
(1.31924854 0.1316458294 8.84315007e-05)
(1.328958972 0.1481010063 -0.05382597125)
(1.34267838 0.1372998374 -0.05164072729)
(1.32880002 0.1481471488 5.692550606e-05)
(1.342448898 0.1354660086 4.520340525e-05)
(1.344973792 0.1528609356 -0.05086427105)
(1.335236875 0.1686130148 0.0001026381457)
(1.319387758 0.1767119309 0.0001056010896)
(1.332465445 0.1834763241 -0.04646489532)
(1.32688754 0.1647412308 -0.04541445611)
(1.332406223 0.1834109393 0.0001355200134)
(1.325397819 0.1630490056 3.455966146e-05)
(1.336560292 0.1686438117 -0.04710887184)
(1.300041413 0.1016835049 0.0552422567)
(1.338663216 0.1223078799 0.05140874195)
(1.310564855 0.1160529537 -0.0001317776044)
(1.298531243 0.1014695634 -5.128338783e-05)
(1.3385415 0.1202542013 -0.0001114038811)
(1.336683971 0.1060290306 -9.697600523e-05)
(1.338455624 0.1083681376 0.05204939428)
(0.7130220652 0.2321324517 -0.04296682805)
(0.7659256899 0.2723004616 -0.03941989443)
(0.7766474179 0.2809189335 -0.003259701127)
(0.8180435319 0.2606831596 -0.0006976878842)
(0.80876542 0.2920953127 -0.003022940791)
(0.844505668 0.2698870866 -0.0009191806703)
(0.7384968758 0.2382924488 -0.0389082539)
(0.7766429759 0.2809095943 0.003254816551)
(0.7130088637 0.2321163731 0.04296858044)
(0.7659289622 0.2723040924 0.03942267299)
(0.8180367585 0.2606797529 0.000692534102)
(0.8087663052 0.2920953907 0.003018144483)
(0.8445084663 0.2698897397 0.0009146856478)
(0.7384930052 0.2382997327 0.03891158714)
(0.9930377467 0.3362486155 0.007455432696)
(1.060975978 0.3262243676 0.01037026229)
(1.124493474 0.3743980427 -0.003572364638)
(1.143459831 0.3831652771 0.0006681896839)
(1.139456101 0.355654508 -0.004784127135)
(1.161247236 0.365652478 -0.0009776107825)
(0.9900747098 0.3106978158 0.008018616535)
(1.124502488 0.374393813 0.00357603977)
(0.9930695784 0.3362469277 -0.007458401919)
(1.061004949 0.3262151458 -0.01037032357)
(1.143467681 0.3831624035 -0.0006649735418)
(1.139462576 0.3556490257 0.004786537278)
(1.161254017 0.3656489994 0.0009801391857)
(0.9900904575 0.310690272 -0.008020627524)
(1.310567884 0.1160550466 0.0001395063935)
(1.300040557 0.101684534 -0.05524167307)
(1.338675853 0.122300815 -0.05140856577)
(1.298525926 0.101466774 5.485800142e-05)
(1.338538652 0.1202465472 0.0001150633631)
(1.336678694 0.106011869 9.681705421e-05)
(1.33844978 0.1083357152 -0.05204762031)
(0.209067292 0.2053932927 0.009859235929)
(0.120711155 0.1195575296 0.0064445964)
(0.03984673665 0.03990091812 0.003633657772)
(0.2090750772 0.2054024528 -0.009860062819)
(0.1207168027 0.1195631218 -0.006445473896)
(0.03984894003 0.03990313458 -0.003634211593)
(-0.01144709256 0.01222432128 0.03324390483)
(-0.006949388759 0.007082140273 0.0216823325)
(-0.002180126142 0.002568637117 0.01231214117)
(-0.01143471044 0.01221285469 -0.03324221499)
(-0.006942395433 0.007075631377 -0.02168144192)
(-0.00217784105 0.002566445238 -0.01231185702)
(0.01542743598 0.06849419624 0.0001514426419)
(0.00704205191 0.04029587706 0.0001592993194)
(0.001387371387 0.01359291591 0.0001644810867)
(0.009258893362 0.023422789 -0.05219508876)
(0.00334006259 0.01360962665 -0.03355320653)
(0.001000655329 0.004455778025 -0.01918668826)
(0.008871909899 0.0232875615 0.0001841553101)
(0.003224211432 0.01350547415 0.0001832176292)
(7.543598031e-05 0.00449138063 0.0001802137895)
(0.01576924289 0.06867293973 -0.05086106204)
(0.007144000465 0.0404356109 -0.03257492664)
(0.002282451434 0.01354616367 -0.01866413141)
(-0.01249488336 0.02047247473 -0.0001548751988)
(-0.007250144944 0.0114849845 -0.0001472609213)
(-0.002631654901 0.003532865665 -0.0001327230983)
(0.2315305346 0.1773186838 0.02132950019)
(0.1338717256 0.1023159541 0.01358589743)
(0.04410502192 0.03392429706 0.007774110811)
(0.2313812737 0.1766502382 -0.0001294995438)
(0.1336747961 0.1020072421 -0.0001093368976)
(0.0442272035 0.03353823586 -9.789025169e-05)
(0.03507172285 0.1051807005 0.0001708380914)
(0.01886705867 0.06291974394 0.000162895339)
(0.005480258466 0.02154045678 0.0001608137686)
(0.03553256082 0.1055750215 -0.04688656662)
(0.01906373905 0.06320103409 -0.02960796467)
(0.006307916816 0.02144905378 -0.01697877159)
(0.01542722839 0.06849287384 -0.0001504847926)
(0.00704194111 0.04029508132 -0.0001586716939)
(0.001387358573 0.01359263989 -0.00016411716)
(0.009257759203 0.02342121799 0.05219394583)
(0.003339609469 0.01360861838 0.03355238242)
(0.001000553948 0.004455406925 0.0191862033)
(0.008871717324 0.02328700766 -0.0001829345837)
(0.003224136828 0.01350511954 -0.0001824161762)
(7.544256951e-05 0.004491249376 -0.0001797473439)
(0.01576823588 0.06866948005 0.05086014024)
(0.007143526442 0.04043347063 0.03257425488)
(0.002282312768 0.01354540856 0.01866375309)
(0.0350713943 0.1051787988 -0.000170110713)
(0.01886685303 0.06291860419 -0.0001624192812)
(0.005480196981 0.02154006995 -0.0001605348354)
(0.03553117193 0.1055701946 0.04688599532)
(0.01906296189 0.06319806261 0.02960755113)
(0.006307654884 0.02144801613 0.01697854904)
(0.06104127034 0.153607504 0.03575468049)
(0.03444582264 0.09025974258 0.02414306163)
(0.01138594555 0.03017072091 0.01379613551)
(-0.01186123133 0.03351840775 0.02988299178)
(-0.006901350029 0.01921137826 0.02006115222)
(-0.002018832045 0.006393760999 0.01138236512)
(-0.01185944745 0.03351479878 -0.02988214689)
(-0.006900339733 0.01920932684 -0.02006088357)
(-0.002018546594 0.006393085591 -0.01138244679)
(0.1527736912 0.1932672958 -0.003899515051)
(0.08859130323 0.1139839831 -0.002689952887)
(0.02944532956 0.03821809174 -0.001602345087)
(0.1521721414 0.1931322205 0.0001374451784)
(0.08824128125 0.1138088364 8.729951414e-05)
(0.02926446824 0.03816750489 5.919223287e-05)
(0.1344450423 0.2016555303 -2.777682515e-05)
(0.07776777844 0.1175785538 -3.970513166e-05)
(0.02552625391 0.03929284422 -4.186743481e-05)
(0.1527684935 0.1932576261 0.003899698377)
(0.0885872965 0.1139775298 0.002689933155)
(0.02944351969 0.03821549386 0.00160226352)
(0.1521674967 0.1931256822 -0.0001374138338)
(0.08823753542 0.1138037525 -8.725206824e-05)
(0.02926271324 0.03816517858 -5.916825502e-05)
(0.2084911767 0.2047745548 -9.626846835e-06)
(0.1202350984 0.1190835877 -1.902361595e-05)
(0.0397572574 0.03957108634 -2.520671141e-05)
(0.2084952411 0.2047794936 1.077871758e-05)
(0.1202383744 0.1190866759 2.004977363e-05)
(0.03975863067 0.03957240481 2.578767332e-05)
(-0.01158373448 0.01198817804 -0.0001471376192)
(-0.006940214854 0.007015439074 -0.0001404483221)
(-0.002573039032 0.002143085035 -0.0001310853214)
(-0.01158008841 0.01198432932 0.0001467001071)
(-0.006938139419 0.007013235191 0.0001401588644)
(-0.002572358002 0.002142369236 0.0001309277164)
(-0.01327960632 0.03062694381 0.03293960198)
(-0.007741377938 0.01730344775 0.02073704753)
(-0.002330720676 0.005720610097 0.01182092913)
(-0.01222720686 0.02060849412 0.03118208716)
(-0.007199819444 0.01150887614 0.02111668388)
(-0.002152849049 0.00384685828 0.01199548672)
(0.2257686072 0.08581894702 0.04635144926)
(0.1264588058 0.04739045406 0.03121544329)
(0.04036568998 0.01524621977 0.01782006643)
(-0.004262056496 0.004456438239 0.03444163223)
(-0.003595817578 0.002730684045 0.02332656103)
(-0.001351542488 0.001243512318 0.01324938336)
(0.01357084053 -0.003647585237 0.04009019036)
(0.006083961028 -0.002092054882 0.02534761302)
(0.001649514174 -0.0003138971611 0.01446793308)
(0.06104171273 0.1536102268 -0.03575560859)
(0.03444571661 0.09026074152 -0.02414348437)
(0.01138575383 0.03017085464 -0.01379613966)
(0.08902603857 0.1771689324 -0.02799519591)
(0.05102691456 0.1053366876 -0.01803034415)
(0.01707762194 0.03556503301 -0.01038289096)
(0.1345456092 0.2018643425 -0.01357447056)
(0.07785271889 0.1177841106 -0.009127270301)
(0.02578093079 0.03925332401 -0.005209796739)
(0.08902462286 0.1771622189 0.02799747238)
(0.05102526191 0.1053316275 0.01803102776)
(0.017076827 0.03556277948 0.01038287694)
(0.1345449291 0.2018628325 0.01357433416)
(0.07785268714 0.1177836571 0.009127143832)
(0.02578110886 0.03925336589 0.005209771869)
(-0.01327681199 0.03062012571 -0.03294165082)
(-0.007739772597 0.0172992288 -0.0207376088)
(-0.002330123214 0.005719098534 -0.01182082047)
(-0.01222798021 0.02060824366 -0.03118119879)
(-0.007199909946 0.01150878224 -0.02111622205)
(-0.002152804935 0.003846815244 -0.01199539945)
(0.2550269964 0.1219758197 0.04090449346)
(0.1458055144 0.06873737915 0.02627415797)
(0.04756341724 0.02261255313 0.01504826341)
(0.2550094396 0.1219703162 -0.04090821)
(0.1457935086 0.06873269215 -0.02627550866)
(0.04755857947 0.02261053665 -0.01504848554)
(0.2257597768 0.08581521756 -0.04634982996)
(0.1264541606 0.04738873112 -0.03121465536)
(0.04036422702 0.01524578694 -0.01781993261)
(0.02492939487 -0.006387660707 0.03823443058)
(0.01189585132 -0.00368939442 0.02579064037)
(0.003281731948 -0.0008239879747 0.01466357514)
(0.02492006177 -0.00638369223 -0.0382324613)
(0.01189047171 -0.003686993607 -0.02578965299)
(0.003279915555 -0.0008232156588 -0.01466331066)
(0.01355992572 -0.003643628173 -0.04009128769)
(0.006077243652 -0.002089509803 -0.02534735893)
(0.001647148372 -0.0003129186261 -0.01446724899)
(-0.01341732401 0.03056575309 -0.0001065518825)
(-0.00775331364 0.01729350091 -0.0001082724758)
(-0.002826173016 0.005485904356 -0.00011018943)
(0.2260632603 0.08587111924 -4.575738411e-05)
(0.1265489359 0.04750034033 -9.333877797e-05)
(0.04066606361 0.01448661544 -0.000121814383)
(0.2144969329 0.05884779791 -0.0001912496135)
(0.1200208711 0.03224699959 -0.0001750677344)
(0.03857112158 0.009774819308 -0.0001738261309)
(0.2144933975 0.05929784117 0.04720084093)
(0.120047386 0.03235321879 0.02978839482)
(0.03838177 0.01055024528 0.01701043264)
(0.08589584523 -0.005861565998 -0.0001820683097)
(0.04527631506 -0.004094054395 -0.0001724154002)
(0.01353560691 -0.001968260979 -0.000165681271)
(0.1258067024 -0.003833905784 0.05060187701)
(0.06865185964 -0.003819186998 0.0326735111)
(0.02149444575 -0.001199028384 0.01872309164)
(0.1259482565 -0.004085045813 -0.0001147376965)
(0.06874964125 -0.003870044973 -0.00013699876)
(0.02145497843 -0.00208569842 -0.0001513225192)
(0.08573716979 -0.005519864795 0.04637165937)
(0.04516383743 -0.003980679485 0.0295315444)
(0.01358640424 -0.001152560221 0.01688528311)
(-0.004391257629 0.004184985795 -0.0001668046075)
(-0.003605048097 0.002677343257 -0.0001602507335)
(-0.001690446638 0.0007112128511 -0.0001448434686)
(0.01367027621 -0.003883977184 -0.0001129619871)
(0.006187443702 -0.002170479733 -0.0001215036001)
(0.001407043616 -0.0009516428627 -0.0001270659637)
(0.06086135095 0.1534660733 9.15740009e-05)
(0.03439626132 0.09009732004 0.0001109454007)
(0.01074855717 0.03031567148 0.0001160067216)
(0.06086169517 0.1534655517 -9.191549103e-05)
(0.03439679258 0.09009758614 -0.0001110300221)
(0.0107489086 0.03031597545 -0.000116017962)
(-0.0121887605 0.03346017389 -0.000149700523)
(-0.006965994877 0.01921455849 -0.0001415823753)
(-0.002529491825 0.006215918017 -0.0001282765868)
(-0.01218815784 0.03345875282 0.0001499731074)
(-0.006965720352 0.01921380862 0.000141771802)
(-0.00252944402 0.006215701272 0.0001283926468)
(0.08843869285 0.1768119067 0.000162049783)
(0.05072583167 0.1050388871 0.0001348653469)
(0.01653569542 0.03563851513 0.0001199589326)
(0.1344446624 0.2016552604 2.763591962e-05)
(0.07776707806 0.1175778482 3.972316497e-05)
(0.02552580943 0.039292405 4.190857042e-05)
(0.08843753195 0.1768065071 -0.0001620687378)
(0.05072463747 0.1050346194 -0.0001347481421)
(0.01653507689 0.03563651656 -0.0001198582029)
(0.2370055866 0.1552531275 0.0308009868)
(0.1360225121 0.08918879455 0.02079860318)
(0.04452626662 0.0294261146 0.01183264472)
(0.2315193186 0.1773119669 -0.02133174386)
(0.1338635669 0.1023102362 -0.01358674217)
(0.04410152812 0.03392170615 -0.007774248164)
(0.2313736773 0.1766450074 0.0001300773692)
(0.1336684524 0.1020026977 0.0001096845407)
(0.04422424315 0.03353605178 9.808230006e-05)
(0.2370042396 0.1552537799 -0.03080178759)
(0.1360222707 0.08918936711 -0.02079919354)
(0.04452643108 0.02942645309 -0.01183313391)
(0.2370925852 0.1553018971 1.69687402e-05)
(0.1359438892 0.08922741243 5.490620202e-05)
(0.04477425879 0.02895300351 7.720027357e-05)
(-0.01154617264 0.01603392399 0.03432244747)
(-0.006689878689 0.009013551423 0.02141273183)
(-0.001977406124 0.003077843519 0.01220073787)
(-0.007728698666 0.007050312595 0.03645648215)
(-0.005093887098 0.004198260872 0.02277495225)
(-0.001668947211 0.001694953635 0.0129805883)
(-0.01169458425 0.01596354204 -0.0001196066111)
(-0.006720325327 0.009016276718 -0.0001162972685)
(-0.002431498714 0.00273961412 -0.0001168439509)
(-0.007770928922 0.00679927244 -0.0001385144186)
(-0.005057350031 0.004110276384 -0.0001307356525)
(-0.002012262859 0.00119130835 -0.0001284572982)
(-0.004264689418 0.004455918782 -0.03443872894)
(-0.003597201789 0.00273079672 -0.02332475161)
(-0.001351969654 0.001243680819 -0.01324853899)
(-0.004391776162 0.004184615483 0.0001645948704)
(-0.003605322894 0.002677255409 0.0001587116778)
(-0.00169050293 0.0007112655748 0.0001439479922)
(-0.01154731308 0.01603689255 -0.03432435393)
(-0.006690557431 0.009014629939 -0.02141305203)
(-0.001977634534 0.003078036857 -0.0122004137)
(-0.007727005043 0.007046097532 -0.03645717972)
(-0.00509200084 0.004195431306 -0.02277443524)
(-0.001668000197 0.001693920946 -0.0129797184)
(-0.01169446261 0.01596401162 0.0001186105188)
(-0.006720182924 0.009016265229 0.0001156936889)
(-0.00243140287 0.002739512801 0.0001165118573)
(-0.007769535065 0.006797943034 0.0001361417409)
(-0.005056292215 0.004109345096 0.0001292572015)
(-0.002011787345 0.001190981523 0.0001275923391)
(-0.01341605563 0.03056257669 0.0001059968869)
(-0.007752469577 0.0172914135 0.0001079583772)
(-0.002825838551 0.005485120137 0.0001100118356)
(-0.01249528453 0.02047229956 0.0001545847945)
(-0.007250256063 0.01148487722 0.0001470298021)
(-0.002631672112 0.003532849732 0.0001325866714)
(0.2370925535 0.1553009979 -1.556905945e-05)
(0.1359432397 0.08922650087 -5.406689341e-05)
(0.04477378732 0.02895252276 -7.673755432e-05)
(0.2549353595 0.1213932438 -0.0001770285521)
(0.1456729097 0.0685281297 -0.0001609288531)
(0.04779228332 0.0219226827 -0.0001569505883)
(0.2549241624 0.1213897397 0.0001775145892)
(0.1456647232 0.06852508981 0.0001611523728)
(0.04778874714 0.02192126133 0.0001570719014)
(0.1955806298 0.0289245479 -8.744415833e-05)
(0.1088173712 0.01459179613 -0.0001193798304)
(0.03469897638 0.003901285023 -0.0001422789687)
(0.1656727996 0.01883028485 0.04783684063)
(0.0914181359 0.009199237407 0.03072494446)
(0.02882187865 0.002936095766 0.01755197238)
(0.1657348289 0.0184875876 -0.0001958675516)
(0.0914329775 0.00909350847 -0.0001835976674)
(0.02889241328 0.002090017545 -0.0001747452816)
(0.1954419375 0.02912692129 0.05106843503)
(0.1087624129 0.01461068405 0.03290408884)
(0.03457666369 0.00477954544 0.01886003861)
(0.2260601741 0.08586993704 4.586714536e-05)
(0.1265478756 0.04750002738 9.328702034e-05)
(0.04066590291 0.0144866886 0.0001217561002)
(0.2144947058 0.05884681005 0.0001895129853)
(0.1200196307 0.03224655876 0.0001739087702)
(0.03857070783 0.009774722782 0.0001731439472)
(0.2144877377 0.05929459609 -0.04719913801)
(0.1200440809 0.03235176386 -0.02978720893)
(0.03838067722 0.01054983807 -0.0170097501)
(0.1955807337 0.02892435813 8.604206022e-05)
(0.1088175628 0.01459174598 0.0001184598646)
(0.03469907859 0.00390131656 0.0001417440262)
(0.165673318 0.01882981736 -0.0478357267)
(0.09141854084 0.00919907048 -0.03072415929)
(0.02882202884 0.002936062428 -0.01755151545)
(0.1657348109 0.01848760195 0.0001946535485)
(0.09143294322 0.009093519417 0.0001828049522)
(0.0288923721 0.002090038562 0.0001742862852)
(0.1954423774 0.0291259814 -0.05106706688)
(0.1087630382 0.01461038822 -0.03290313383)
(0.03457701331 0.004779520996 -0.01885949691)
(0.02504411913 -0.006811432588 -0.0001956045788)
(0.01201164896 -0.003812103912 -0.0001829015386)
(0.00309460789 -0.001505064336 -0.0001636626243)
(0.05731703376 -0.01059112066 -0.0001210294653)
(0.02952683673 -0.006497125428 -0.0001321546431)
(0.008573260256 -0.00256935278 -0.0001407782818)
(0.0571789324 -0.0103613933 0.04602406103)
(0.02942396883 -0.00642589339 0.02892470375)
(0.008733430642 -0.001801241745 0.01655743259)
(0.08589586388 -0.005861396991 0.0001813642237)
(0.04527637892 -0.00409399469 0.0001719643908)
(0.0135356259 -0.001968234744 0.000165424192)
(0.1258079538 -0.003834475134 -0.05060095674)
(0.06865266928 -0.003819461202 -0.03267284955)
(0.02149476107 -0.001199107097 -0.01872270375)
(0.1259485386 -0.004085106284 0.0001137596434)
(0.06874972556 -0.003870080283 0.000136368864)
(0.02145499405 -0.002085691065 0.0001509587928)
(0.08573781468 -0.005519864175 -0.04637095349)
(0.04516434959 -0.003980711675 -0.02953103214)
(0.01358662598 -0.001152592372 -0.01688499971)
(0.02504041022 -0.006810000485 0.0001950312985)
(0.01200959357 -0.003811292874 0.0001824706198)
(0.00309393423 -0.001504797352 0.0001634179366)
(0.05731638808 -0.01059069822 0.0001201926148)
(0.02952646777 -0.006496940264 0.0001316348719)
(0.008573126206 -0.002569287387 0.0001404813887)
(0.05717792304 -0.01036070797 -0.04602331644)
(0.02942350224 -0.006425648552 -0.02892420682)
(0.008733318476 -0.00180121065 -0.01655716801)
(0.01366589793 -0.003882301918 0.0001108906633)
(0.006184732018 -0.002169334258 0.0001201780079)
(0.001406087503 -0.0009511663051 0.0001262935446)
)
;

boundaryField
{
    inlet
    {
        type            fixedValue;
        value           uniform (1 0 0);
    }
    outlet
    {
        type            zeroGradient;
    }
    topAndBottom
    {
        type            symmetry;
    }
    frontAndBack
    {
        type            empty;
    }
    cylinder
    {
        type            noSlip;
    }
    procBoundary2to0
    {
        type            processor;
        value           nonuniform List<vector> 
75
(
(0.9999579731 -9.633968092e-05 0)
(0.9996021088 -0.0002914034587 1.184895295e-22)
(0.9988493312 -0.0004933824452 7.155787524e-23)
(0.9976657448 -0.0007086962078 4.771603145e-23)
(0.9960389547 -0.0009444704387 7.388580699e-23)
(0.9939312976 -0.001208925766 -1.005986091e-22)
(0.9912758704 -0.001512231689 -5.392636157e-23)
(0.9879830392 -0.001867466301 -3.74874301e-24)
(0.9839374953 -0.00229188096 2.461335022e-22)
(0.9789869354 -0.002808795697 -1.185848762e-22)
(0.9729265106 -0.00345053525 1.185357023e-22)
(0.9654784358 -0.004263063126 -1.336250643e-22)
(0.9562595896 -0.00531341629 9.903481328e-23)
(0.944737691 -0.006702529221 0)
(0.9301335755 -0.008585750984 0)
(0.9113703575 -0.01121650984 4.531482632e-23)
(0.8865526196 -0.01500315429 0)
(0.8537651692 -0.02067081456 -9.329319925e-22)
(0.8053537325 -0.0294674418 -3.343417207e-07)
(0.7553738453 -0.02408237035 -0.02873615296)
(0.6249903105 -0.01689913579 -0.06053450984)
(0.4989518971 -0.02930368995 -0.07762879281)
(0.1700375617 -0.05905527292 -0.09844091779)
(0.1700396929 -0.05905228231 0.09843881716)
(0.2747914071 -0.05126329929 -0.09356341082)
(0.4989520109 -0.02929339401 0.0776280995)
(0.274801772 -0.05126353788 0.09356126802)
(0.1706706387 -0.0588173454 -0.0001921020562)
(0.04515438276 -0.05486626215 -0.09859657967)
(0.04485962574 -0.05461560339 6.78137748e-05)
(0.1706715864 -0.05881605001 0.000195072637)
(0.04515082753 -0.05486327521 0.09859511611)
(0.04485896768 -0.05461453806 -6.551560793e-05)
(0.549096448 -0.02476414317 -0.07278688094)
(0.62498537 -0.01688235177 0.06053572724)
(0.5491107245 -0.02475108943 0.07278565947)
(0.438124799 -0.03503777292 -0.08280756208)
(0.5028747625 -0.02918691897 -0.0003252782954)
(0.4400359763 -0.03493066068 -0.0001731610136)
(0.2751076687 -0.05113559268 -9.101254388e-05)
(0.3644871733 -0.0423298027 -0.08822863803)
(0.3654877972 -0.0422195926 -0.0001063564742)
(0.5028752682 -0.02918379186 0.0003273652042)
(0.4381217259 -0.03503348262 0.08280661329)
(0.4400355983 -0.03492902133 0.000173855292)
(0.2751114507 -0.05113514371 9.305136257e-05)
(0.3644925745 -0.0423292119 0.08822712416)
(0.3654900185 -0.04221899318 0.0001075854801)
(0.7075211303 -0.02689158171 -0.03145365693)
(0.7553784311 -0.02408216843 0.02873601329)
(0.7075211441 -0.02689052556 0.03145362227)
(0.6195719795 -0.01830559173 -0.06437523403)
(0.7109173775 -0.01996799706 -0.0006253723407)
(0.6500275978 -0.01917981431 -0.002948812624)
(0.5567899154 -0.02464467622 -0.0007311086276)
(0.5904344297 -0.02113490804 -0.06837024237)
(0.6038045 -0.0211585017 -0.001804454775)
(0.7109173901 -0.01996293821 0.0006263731213)
(0.6195695059 -0.01829367334 0.06437497784)
(0.6500276255 -0.01917590639 0.002948935729)
(0.5567947596 -0.02464054817 0.0007334532226)
(0.5904420458 -0.02112307453 0.06836958807)
(0.6038071516 -0.02115479655 0.001804914641)
(0.009263348444 -0.02345458763 -0.05219425222)
(0.003342644564 -0.01362823321 -0.03355267401)
(0.001001496442 -0.004461953434 -0.01918642512)
(0.008876364391 -0.02331914867 0.0001841377402)
(0.003226781715 -0.01352393359 0.0001832043025)
(7.628753946e-05 -0.004497561437 0.0001802050718)
(0.009262193058 -0.02345270691 0.05219314759)
(0.003342174488 -0.01362702837 0.03355187735)
(0.00100138993 -0.004461511003 0.01918595647)
(0.008876165968 -0.02331846244 -0.0001829294597)
(0.003226701697 -0.01352349445 -0.0001824116503)
(7.629159878e-05 -0.004497399412 -0.0001797438926)
)
;
    }
    procBoundary2to3
    {
        type            processor;
        value           nonuniform List<vector> 
103
(
(1.309607452 0.09588137227 -2.300885597e-07)
(1.309607452 0.09588137227 -2.300885597e-07)
(1.309607452 0.09588137227 -2.300885597e-07)
(1.309607452 0.09588137227 -2.300885597e-07)
(1.309607452 0.09588137227 -2.300885597e-07)
(1.309607452 0.09588137227 -2.300885597e-07)
(1.267687749 0.08044603572 1.05505111e-06)
(1.232506191 0.06981414589 -9.351441421e-22)
(1.203272994 0.05991750551 -6.534418313e-22)
(1.17928434 0.05162731963 2.332941556e-22)
(1.1594888 0.04478142489 2.794377955e-24)
(1.143025379 0.03895613138 1.777494707e-22)
(1.129263287 0.03400514098 -6.909202847e-23)
(1.117708379 0.02973563394 -2.798751154e-23)
(1.107977836 0.02600182526 5.957919473e-23)
(1.099776133 0.02268204202 4.884377198e-23)
(1.092868215 0.01968452796 7.838474341e-23)
(1.087074368 0.01693537087 5.969031253e-23)
(1.082253182 0.01437663041 7.220044479e-23)
(1.078292232 0.01196388076 0)
(1.0751064 0.009660710063 -6.100277914e-23)
(1.072629774 0.007439234238 5.721131846e-23)
(1.070812361 0.00527526957 5.004089756e-23)
(1.069619319 0.003152152459 -4.83736614e-23)
(1.069027264 0.001048956048 9.778628222e-23)
(-0.03655070823 0.08975053107 -1.200044552e-05)
(-0.03418328283 0.08352327836 0.06393988838)
(-0.03678388169 0.08991123645 0.06472714288)
(-0.03436978897 0.08348168036 7.734509154e-05)
(-0.02264979339 0.06634722618 0.05419601243)
(-0.02323644098 0.06632757496 -0.0001503733215)
(-0.02264764223 0.06634059615 -0.05419527313)
(-0.02323497001 0.06632449886 0.0001510198632)
(-0.03691633863 0.09556194837 6.453380564e-05)
(-0.03691633863 0.09556194837 6.453380564e-05)
(-0.03683179862 0.09559152105 0.06578874563)
(-0.03683179862 0.09559152105 0.06578874563)
(-0.00694406021 0.1187330552 0.06499076042)
(-0.007000774226 0.1187081788 -1.290227543e-05)
(-0.03655547267 0.08974821626 1.080163048e-05)
(-0.03417571076 0.08351130881 -0.06394085034)
(-0.03679731687 0.0899049138 -0.06472591422)
(-0.03436761798 0.08347741461 -7.858350969e-05)
(-0.03692143268 0.09556093525 -6.591826034e-05)
(-0.03692143268 0.09556093525 -6.591826034e-05)
(-0.03684706162 0.09558787895 -0.06578725384)
(-0.03684706162 0.09558787895 -0.06578725384)
(-0.006982007143 0.1187759443 -0.06499237594)
(-0.007012359858 0.1187207048 5.063236623e-06)
(0.03228813002 0.09491726987 0.06479702076)
(0.03221986551 0.09496434807 1.662428936e-05)
(0.1042406929 0.06804918223 -3.026273828e-06)
(0.1042054573 0.06805651646 0.06432352502)
(0.225568333 0.04468814437 -1.320742218e-07)
(0.4022649591 0.03127152402 0.06298855025)
(0.40226323 0.03133668327 -3.225024419e-06)
(0.2255414283 0.04464550196 0.06381443961)
(0.03223176616 0.09497483745 -0.06479271745)
(0.03220337885 0.09498140525 -7.932487732e-06)
(0.1042458327 0.06804759664 4.847004162e-06)
(0.1042237191 0.06804349278 -0.06432487188)
(0.2255698879 0.04468882091 1.011821593e-06)
(0.4022587229 0.03128878766 -0.06299024131)
(0.402263248 0.03134179207 4.355013123e-06)
(0.2255447681 0.04464397004 -0.06381536089)
(0.6210112215 0.03128850421 0.06183589544)
(0.6210442554 0.0313169528 -2.358813132e-07)
(0.8493408989 0.04255318709 -2.852601668e-05)
(0.8494078628 0.04257743888 0.06043733447)
(1.308314966 0.08662873176 0.03142912433)
(1.308314966 0.08662873176 0.03142912433)
(1.308314966 0.08662873176 0.03142912433)
(1.308314966 0.08662873176 0.03142912433)
(1.34441499 0.08936631755 0.02887442258)
(1.308301787 0.08660283819 -0.03143075637)
(1.308301787 0.08660283819 -0.03143075637)
(1.308301787 0.08660283819 -0.03143075637)
(1.308301787 0.08660283819 -0.03143075637)
(1.344394406 0.08935703591 -0.02887766781)
(1.050717241 0.05861276984 -5.612690859e-05)
(1.195745297 0.07725686739 0.05664050225)
(1.195558744 0.07566285573 -7.179721697e-05)
(1.050910426 0.05870063047 0.05886012194)
(0.6210384955 0.03128549266 -0.06183544732)
(0.6210531104 0.03131630988 1.020428078e-05)
(0.8493532647 0.04255272179 3.279638838e-05)
(0.8494480982 0.04256959509 -0.0604410526)
(1.050714412 0.05861462697 5.756230945e-05)
(1.195716242 0.07725374657 -0.05664137078)
(1.195550419 0.07565943763 6.798616503e-05)
(1.050906574 0.05870551314 -0.05886147293)
(-0.00939485416 0.03248746151 0.03064112495)
(-0.005243510981 0.01889815683 0.01904270734)
(-0.001442578458 0.006361313615 0.01083733778)
(-0.009394878399 0.03248854207 -0.03064132195)
(-0.005243612278 0.01889884279 -0.01904280137)
(-0.00144264788 0.006361575464 -0.01083740165)
(-0.009554896164 0.03238426677 -0.0001143086221)
(-0.005264239815 0.01884193639 -0.0001097357043)
(-0.00192654725 0.006207869295 -0.0001076064604)
(-0.009554673508 0.03238441141 0.0001144712148)
(-0.005264160314 0.01884198649 0.0001098454138)
(-0.001926528901 0.006207866013 0.0001076732522)
)
;
    }
}


// ************************************************************************* //
