/*--------------------------------*- C++ -*----------------------------------*\
| =========                 |                                                 |
| \\      /  F ield         | OpenFOAM: The Open Source CFD Toolbox           |
|  \\    /   O peration     | Version:                                        |
|   \\  /    A nd           | Website:  www.openfoam.com                      |
|    \\/     M anipulation  |                                                 |
\*---------------------------------------------------------------------------*/
FoamFile
{
    version     2.0;
    format      ascii;
    class       volVectorField;
    location    "1.6";
    object      U;
}
// * * * * * * * * * * * * * * * * * * * * * * * * * * * * * * * * * * * * * //

dimensions      [0 1 -1 0 0 0 0];


internalField   nonuniform List<vector> 
2429
(
(0.9999623083 8.673379145e-05 7.906332513e-25)
(0.999643074 0.0002608873049 2.611044527e-23)
(0.9989684881 0.0004393505629 -1.589658838e-24)
(0.9979138015 0.0006264985916 -2.897614509e-23)
(0.9964748283 0.0008344735644 -1.630746207e-23)
(0.9945999656 0.001090504388 6.497344286e-24)
(0.9921566039 0.001426708215 6.560867482e-24)
(0.9889544904 0.001854257117 -7.331495358e-24)
(0.9848191552 0.002351437578 5.792642543e-23)
(0.9796509726 0.002886901816 -3.014559834e-23)
(0.9734015624 0.003460564948 -1.609245877e-23)
(0.9659730693 0.004126203904 -1.713030587e-23)
(0.9571059603 0.004984096131 -9.146711003e-23)
(0.9463130525 0.006166581146 7.32668055e-23)
(0.9328084902 0.007843818189 -6.375690262e-23)
(0.9154942805 0.01027262536 8.889689525e-23)
(0.8924380283 0.01386791961 -9.060770056e-22)
(0.8617186636 0.01949475753 1.910508068e-21)
(0.815586213 0.02831232169 -4.194477044e-07)
(0.7674223773 0.02351840507 -0.02857012376)
(0.6369578757 0.01678906174 -0.06039974734)
(0.5118886282 0.02962569835 -0.07817333764)
(0.1762057403 0.06078781141 -0.1001639614)
(0.9999632224 0.0002573945845 -1.260259777e-23)
(0.9996534793 0.0007747249583 -1.269073232e-23)
(0.999000051 0.001304918596 -1.012343591e-22)
(0.9979793452 0.001860621557 1.279089845e-22)
(0.9965885283 0.002477647246 0)
(0.9947795052 0.003236798168 -2.652988489e-23)
(0.9924262769 0.004233368222 1.075492622e-22)
(0.9893480467 0.005499878308 -1.103197143e-22)
(0.9853816093 0.00697007151 -2.304999173e-22)
(0.9804405752 0.00854772142 -1.100772903e-24)
(0.9744952527 0.01022792611 -1.228251225e-22)
(0.9674789395 0.01216333361 -2.691098e-22)
(0.9591863061 0.01464007596 4.051915896e-22)
(0.9492210078 0.01802951106 1.451291983e-22)
(0.9369579809 0.02279730692 2.028612634e-23)
(0.9215557503 0.02962156308 0)
(0.9016422352 0.03956296168 8.340857013e-22)
(0.8759017514 0.05467657377 -2.9294498e-21)
(0.839603033 0.07777456695 3.258164119e-06)
(0.7950382757 0.09380827814 -0.02612492298)
(0.674574458 0.1193788049 -0.05365544985)
(0.6074585623 0.2290546435 -0.0635799642)
(0.4295599935 0.4551106237 -0.06555583241)
(0.9999655064 0.0004198971652 0)
(0.9996752336 0.00126425996 -1.996274006e-22)
(0.9990628933 0.002128850572 1.013224256e-22)
(0.9981078698 0.003033296305 1.002740422e-22)
(0.9968100369 0.004035217271 -2.57218103e-22)
(0.9951277586 0.005265642294 5.205784817e-23)
(0.9929474381 0.006878832377 -1.077978025e-22)
(0.9901060491 0.008925235206 2.221454127e-22)
(0.9864611614 0.01129149275 2.536040638e-24)
(0.9819500047 0.01381159021 2.37764499e-22)
(0.9765753006 0.01646357524 3.754907318e-24)
(0.9703236987 0.01947466343 0)
(0.9630811963 0.02327638435 1.899592967e-24)
(0.9546016761 0.02841190219 -2.844158286e-22)
(0.9445119437 0.03553024339 0)
(0.9323649492 0.04553124545 -6.288531822e-22)
(0.9175773171 0.05973132413 -9.736789784e-22)
(0.8997894104 0.08063570937 2.178095909e-23)
(0.8782568886 0.1110194235 -1.89856731e-06)
(0.8550849091 0.1618395048 -2.607908381e-06)
(0.8090583331 0.2070065811 -0.02292310615)
(0.762957828 0.307335488 -0.04118846151)
(0.7801487297 0.5254796699 -0.02676800841)
(0.7510949971 0.6292290927 0.03933945435)
(0.05077863685 0.06393524905 0.08560826574)
(0.9999687726 0.0005699919081 1.903823337e-22)
(0.9997060041 0.001715348307 4.030814527e-22)
(0.999151779 0.002886340261 0)
(0.9982895017 0.004108130599 -2.026785247e-22)
(0.9971225569 0.005457122227 4.074382295e-22)
(0.995617857 0.00710922676 0)
(0.9936784086 0.009271170218 2.087246301e-22)
(0.9911648301 0.0120064159 -1.584734852e-22)
(0.9879615609 0.01515156196 1.580499137e-24)
(0.9840348172 0.01846504723 -5.623653989e-23)
(0.9794251468 0.02189215143 0)
(0.9741803809 0.025702556 0)
(0.9682894137 0.03042103079 0)
(0.9616735778 0.03668572453 0)
(0.954226119 0.0451932757 0)
(0.9459084678 0.05686253736 2.891530865e-21)
(0.9368304337 0.07288142663 2.515836552e-21)
(0.9275828559 0.09528146668 0)
(0.9192206981 0.1265590652 0)
(0.9152692931 0.1719417652 -5.689472371e-07)
(0.901640102 0.2197883339 -0.0161070989)
(0.8373789642 0.2765594797 -0.02334571817)
(0.9744746288 0.4180916361 -0.007458238605)
(1.160341706 0.5203997224 0.02832024237)
(1.377984346 0.4494697471 0.07733822712)
(1.286938408 0.1700657752 0.1012798857)
(1.119714001 -0.02200839543 0.09149541476)
(1.088541218 -0.1182195894 0.07856513295)
(0.9999727775 0.0007042068443 -1.904632075e-22)
(0.9997438487 0.002116952548 -2.03335801e-22)
(0.9992613513 0.003558264845 0)
(0.9985131751 0.005057346128 -1.715800597e-22)
(0.9975063352 0.006705815211 -1.76653152e-22)
(0.9962174756 0.008717998836 1.504255188e-22)
(0.9945687931 0.01134534 -4.836356006e-24)
(0.992447856 0.01465900384 2.131244823e-22)
(0.9897684405 0.01844335565 0)
(0.9865261653 0.02237696964 0)
(0.9827971433 0.02635791787 0)
(0.9786852433 0.0306697328 0)
(0.9742736074 0.03587781917 9.36915122e-22)
(0.9696259606 0.04265514327 2.94036488e-21)
(0.9648509034 0.05162780693 -1.014544833e-21)
(0.9601882744 0.06353115443 -3.269056093e-21)
(0.9561721524 0.07925268772 1.034023364e-21)
(0.9538113271 0.1000440833 -2.214539671e-21)
(0.9551526537 0.1273237055 -7.124542144e-23)
(0.9631827236 0.1633638655 -4.77392466e-09)
(0.9872212567 0.2071618841 3.326951862e-09)
(1.000799836 0.2527262676 -0.006262294489)
(1.068178885 0.2989064073 0.001569250064)
(1.163700561 0.3384704414 0.02058926795)
(1.317691904 0.2936061399 0.04395458764)
(1.417371657 0.1743274739 0.05913941954)
(1.439298962 0.03504594244 0.06184666052)
(1.410741346 -0.08654050106 0.05713648271)
(0.999976764 0.0008186841262 -1.902188583e-22)
(0.9997851203 0.002459419757 -1.206139605e-23)
(0.9993841022 0.004129491195 -1.21908611e-23)
(0.9987653094 0.005859861824 2.207442802e-22)
(0.9979385424 0.007753636156 -1.941133698e-22)
(0.9968903022 0.01005653803 -2.008580813e-22)
(0.9955629245 0.01305634468 -4.022513566e-22)
(0.9938718628 0.01682698557 0)
(0.9917594866 0.02110041773 0)
(0.9892478536 0.02547542765 0)
(0.9864417819 0.02979119274 0)
(0.9834841828 0.03432571795 0)
(0.9805279572 0.03964042481 -1.801816508e-21)
(0.977730211 0.04637544783 -1.033867786e-21)
(0.9753250994 0.05507068788 5.107658267e-23)
(0.973696252 0.06621060315 9.636384399e-22)
(0.9735270101 0.08031556628 -9.430784673e-22)
(0.9759186271 0.09794982747 9.453455473e-22)
(0.9827145363 0.1195573316 -1.395172592e-21)
(0.9963987066 0.145130136 1.289174347e-21)
(1.021880742 0.1734922304 -1.685903742e-10)
(1.061950129 0.1970811224 2.594829608e-08)
(1.121585488 0.2058788351 -1.248252339e-07)
(1.172634859 0.2142121213 0.009951250461)
(1.246298706 0.1760955143 0.01669622595)
(1.300942271 0.1056354873 0.02170268411)
(1.318413368 0.02148656839 0.02323603751)
(0.9999813723 0.0009110305759 1.843193359e-22)
(0.9998299997 0.002736422063 -5.925919024e-24)
(0.9995153826 0.004590180519 1.182382019e-23)
(0.9990333305 0.006502429283 0)
(0.9983961406 0.00858400747 1.940971709e-22)
(0.9975995669 0.01110496523 -9.539436267e-23)
(0.9966054363 0.01438110228 1.042417333e-22)
(0.9953557652 0.01848512893 1.955598133e-22)
(0.9938181854 0.02310018743 8.864806588e-22)
(0.9920368471 0.02774939732 2.06579577e-22)
(0.990133848 0.03220485902 -1.230765962e-21)
(0.9882690842 0.03671298827 8.238148616e-22)
(0.9866287868 0.04182846358 2.525684614e-21)
(0.9854214226 0.04813187506 -1.694056717e-21)
(0.9849328954 0.05605759274 4.629770718e-23)
(0.9855904636 0.06588216103 -1.722214424e-21)
(0.9880321219 0.07779482378 4.193495711e-22)
(0.993200268 0.09187374278 0)
(1.002454163 0.1079350983 -6.397677749e-22)
(1.017530496 0.1252034783 6.380828508e-22)
(1.04067801 0.1419727472 -1.46612247e-22)
(1.073550216 0.1537954899 3.906409729e-22)
(1.115771386 0.1548376977 3.488466832e-07)
(1.161478001 0.1375723527 -6.236151448e-07)
(1.201605758 0.1036405718 1.387685401e-07)
(1.228388753 0.05613906155 2.050303711e-07)
(1.237596434 0.0004188732828 -1.627661085e-06)
(0.9999862948 0.0009814375348 0)
(0.9998765618 0.002946441254 -2.313138217e-23)
(0.9996500312 0.004936902136 2.313021442e-23)
(0.999306429 0.006980522155 0)
(0.9988596912 0.009192228007 0)
(0.9983135136 0.01185932448 9.538422548e-23)
(0.9976476985 0.0153177409 2.874847433e-22)
(0.9968279595 0.01963650284 -2.891087229e-22)
(0.9958435137 0.02445593163 -7.822704716e-22)
(0.9947571904 0.02922490486 0)
(0.9936884398 0.03365957776 0)
(0.9927974432 0.03796091044 1.538337066e-21)
(0.9922783021 0.04266395118 -8.395403033e-22)
(0.9923586905 0.04830174483 1.206425655e-21)
(0.9933180613 0.05520555106 -3.893587754e-22)
(0.9955471567 0.06349062926 4.390995624e-23)
(0.9995801293 0.07312528077 -1.733017404e-22)
(1.006138225 0.08392089543 4.817287916e-22)
(1.016155618 0.09544578701 0)
(1.030681609 0.1068067714 -4.130076566e-22)
(1.050698359 0.1163196353 -3.301818906e-22)
(1.076694323 0.1212788409 -5.358024465e-23)
(1.10742354 0.1181626328 0)
(1.139434505 0.1039622862 0)
(1.167608318 0.07839893343 -2.231916829e-22)
(1.186920066 0.04385551978 -2.784618137e-22)
(1.193765412 0.005179382434 0)
(0.9999911279 0.001029686905 0)
(0.999922261 0.003089331547 -6.657240323e-23)
(0.9997819612 0.005170066187 -1.118320246e-22)
(0.9995731861 0.007296059694 0)
(0.999310435 0.009583073513 4.405634272e-23)
(0.9990035738 0.01232883834 2.250813948e-22)
(0.9986481888 0.01588203357 9.170038153e-23)
(0.9982297903 0.02030688212 -9.151515091e-23)
(0.9977578254 0.02520769497 1.435454117e-21)
(0.9973045076 0.02997362848 7.350523473e-22)
(0.9969743131 0.03426099058 -1.819832484e-21)
(0.9969159989 0.03823681084 -7.47847942e-22)
(0.99731091 0.04240702646 -7.583556087e-22)
(0.998373622 0.04726281098 1.683522617e-22)
(1.000359052 0.0530615885 1.779705888e-22)
(1.003593842 0.05981500248 3.575868796e-22)
(1.008493339 0.06736392608 2.982584916e-22)
(1.01557535 0.07540036794 -3.081768678e-22)
(1.025429064 0.08342928882 -4.285739124e-22)
(1.038618874 0.09058779596 8.396019254e-22)
(1.055493313 0.09560173855 1.363775807e-22)
(1.075961051 0.09670841685 -8.249622717e-23)
(1.098842055 0.09190559312 0)
(1.121767656 0.07967492942 -3.971304451e-23)
(1.141579379 0.0596064691 3.822264014e-26)
(1.155025697 0.03329226481 -3.823392736e-26)
(1.160000029 0.003650342507 -1.972905732e-22)
(0.9999957192 0.001056356914 8.680702509e-23)
(0.9999656413 0.003167316564 2.425082337e-23)
(0.999907011 0.005294079068 1.54159763e-22)
(0.9998252377 0.007456462192 0)
(0.9997342449 0.009768393906 -8.95534185e-23)
(0.9996479515 0.01253220932 -1.793380572e-22)
(0.99957617 0.01610307914 0)
(0.9995208127 0.02054104864 0)
(0.9995119622 0.02541900985 -1.434139695e-21)
(0.9996152824 0.0300817259 1.749085243e-22)
(0.9999149884 0.03413421355 2.031274669e-22)
(1.000538966 0.03771358548 -1.502585845e-22)
(1.001649097 0.04130045548 -3.258870395e-22)
(1.003432902 0.04535381698 -1.497067651e-23)
(1.006105982 0.05008365327 -4.703740433e-22)
(1.009924693 0.05544092946 1.448404797e-22)
(1.015193967 0.06120766894 -3.192782406e-23)
(1.022264703 0.06703178582 4.583593114e-22)
(1.031479803 0.07244580063 -9.03772024e-23)
(1.043092533 0.0767108237 -1.120714963e-22)
(1.057164642 0.07888946574 -2.532209258e-22)
(1.073329155 0.07786377001 0)
(1.090591025 0.07247010506 0)
(1.107358404 0.0618832143 3.97755205e-23)
(1.121663307 0.04601297437 0)
(1.131480043 0.02596156734 0)
(1.135290503 0.003818183399 6.530344506e-23)
(0.9999999683 0.001062808236 -8.680175688e-23)
(1.000005696 0.003184648557 8.691151634e-23)
(1.000022285 0.005316561504 -8.692501566e-23)
(1.000056831 0.007473439169 1.261579475e-22)
(1.000121151 0.009765419587 -1.28142192e-22)
(1.000231563 0.01249600707 1.703549002e-22)
(1.000411965 0.01602135678 -6.663818392e-22)
(1.000680597 0.02039201493 0)
(1.001076823 0.02516246966 -3.299489066e-22)
(1.001650098 0.02963882597 0)
(1.002469738 0.03340018637 3.403978227e-22)
(1.003640544 0.03655714162 3.358780797e-22)
(1.005295115 0.03956518845 1.728462252e-22)
(1.007586486 0.04285839099 5.999676539e-24)
(1.01068731 0.04661769109 4.575070492e-22)
(1.014791098 0.05076788239 -4.086196934e-22)
(1.020112187 0.05505497193 -2.507293213e-24)
(1.02686773 0.0591548415 -4.061054313e-22)
(1.035238258 0.062630522 4.05246111e-22)
(1.045296706 0.06493426386 -2.25929216e-22)
(1.05696447 0.06539987888 1.111482028e-22)
(1.069807022 0.0632934093 1.152078083e-22)
(1.083024187 0.05791483624 -6.361752407e-24)
(1.095548966 0.04885498338 3.096322266e-23)
(1.10607895 0.03615111542 3.436035998e-23)
(1.11325821 0.02054115743 5.241937166e-23)
(1.116097024 0.00337088038 -6.018107965e-23)
(1.000003809 0.001050797311 0)
(1.000041707 0.003146647684 0)
(1.000125765 0.005246737704 0)
(1.000263483 0.007360948962 -1.68809488e-22)
(1.000463939 0.009594742441 0)
(1.000748755 0.01224895273 0)
(1.001150243 0.0156751542 1.859885784e-23)
(1.001697774 0.01991216982 3.275611793e-22)
(1.002430647 0.02449935994 2.503524717e-22)
(1.003392045 0.02873331987 8.044583626e-23)
(1.004635867 0.03217785003 7.77104746e-23)
(1.00623665 0.03491779545 -2.290812611e-22)
(1.008292494 0.03738428365 5.182983077e-24)
(1.010922178 0.03999152833 1.461426235e-22)
(1.014258913 0.04290949729 0)
(1.018443313 0.0460442178 0)
(1.023619337 0.04915270433 -4.403192203e-22)
(1.02991317 0.05194518298 -3.854145181e-22)
(1.037395454 0.05404312379 -3.198838609e-22)
(1.046056628 0.05503245632 2.451390464e-22)
(1.05572114 0.0544593824 0)
(1.065991327 0.05184102181 0)
(1.076265449 0.04677285033 6.368086923e-24)
(1.085794909 0.03905395583 2.200356102e-23)
(1.093691521 0.02876699384 -4.024547268e-23)
(1.099058229 0.01644666181 -3.956214304e-23)
(1.101230783 0.003052652429 4.667401848e-23)
(1.000007185 0.001022486863 0)
(1.000073082 0.003059562212 0)
(1.000216042 0.00509523763 -8.098582375e-23)
(1.000442762 0.007135279941 -5.559468111e-22)
(1.000762675 0.009280595847 0)
(1.001199184 0.01182310524 -7.964886329e-23)
(1.001785148 0.01509946777 4.822511546e-22)
(1.002561188 0.01914295655 -3.882066386e-22)
(1.003571396 0.02349401214 2.27695672e-22)
(1.0048522 0.02745290373 3.762349544e-22)
(1.006435831 0.03057329552 2.922838461e-22)
(1.008365277 0.03291884541 0)
(1.010706123 0.03489814013 0)
(1.013546704 0.03691224893 0)
(1.016985274 0.03911761106 0)
(1.021121222 0.04142070886 4.52151511e-22)
(1.026045486 0.04360964018 4.400971055e-22)
(1.031820925 0.04541277716 3.848369127e-22)
(1.038453575 0.04654359703 3.197758835e-22)
(1.045889566 0.04669551379 -4.658425259e-23)
(1.053924659 0.04554654266 -1.998414139e-22)
(1.062214822 0.04277311058 1.076769491e-23)
(1.070320642 0.03814577493 0)
(1.077699307 0.03158039186 7.990435221e-24)
(1.08373322 0.02317861856 -3.061651252e-23)
(1.087813809 0.01333774591 4.635885645e-23)
(1.089492027 0.002727468259 9.276832092e-24)
(1.000009846 0.0009797898894 3.957692759e-23)
(1.000098965 0.002929977451 2.728723522e-22)
(1.000292088 0.004874018022 0)
(1.000596388 0.006814438671 6.366566772e-22)
(1.001019476 0.008846087783 3.857522443e-22)
(1.00158031 0.01124375382 -7.787725677e-23)
(1.002316008 0.01433084649 -2.261449633e-22)
(1.003278328 0.01813870664 4.559003486e-22)
(1.00451489 0.02221679451 -5.966747871e-22)
(1.00605264 0.02587787229 -2.252437886e-22)
(1.007901657 0.02867583333 -2.22011788e-22)
(1.010075659 0.03065905952 -7.024324911e-23)
(1.012611774 0.03221674461 2.267637668e-22)
(1.015568936 0.03373021224 -5.349206578e-22)
(1.019017284 0.03535085159 1.295078357e-22)
(1.023027015 0.03699728171 -4.523213463e-22)
(1.02765189 0.03848618677 6.676796327e-24)
(1.032911091 0.03957173446 5.009852039e-22)
(1.038783221 0.04003094652 -8.250946751e-23)
(1.045171559 0.03964753513 -4.188546467e-22)
(1.051885808 0.03819350339 -1.290969436e-22)
(1.058653924 0.03546397683 1.380067596e-23)
(1.065144208 0.03132699344 7.170834509e-24)
(1.070956395 0.02575685033 1.360011055e-24)
(1.075653169 0.01885396635 -1.499713247e-23)
(1.078815194 0.010917009 -1.336210304e-23)
(1.080135619 0.00242850238 2.369816679e-23)
(1.000011884 0.0009245558196 -7.712768359e-23)
(1.000120959 0.002764534739 -2.352723514e-22)
(1.000356966 0.004595197399 0)
(1.000727568 0.00641486173 7.621697806e-23)
(1.001234548 0.008309096519 -3.845728146e-22)
(1.001895094 0.01053743116 3.742696147e-23)
(1.002751878 0.01340815009 -2.810822873e-23)
(1.003864003 0.01694884821 -5.869413151e-22)
(1.005280869 0.020724655 2.932647956e-22)
(1.00702035 0.02407233163 -6.933188496e-23)
(1.009071986 0.0265568972 2.153983581e-24)
(1.011424345 0.02821704753 9.942385008e-23)
(1.014087515 0.02941820414 3.238897635e-23)
(1.01709525 0.03052021904 2.627390232e-22)
(1.020496683 0.03167255383 -1.16475299e-22)
(1.024338902 0.03280982214 2.01307603e-22)
(1.028649447 0.03376803106 -7.230274593e-22)
(1.033421868 0.03434453026 1.981970474e-22)
(1.038623549 0.03436532691 4.315692392e-22)
(1.044140413 0.03367208363 -6.761881197e-24)
(1.049799596 0.0321012768 -4.813843602e-23)
(1.05539496 0.02952637356 0)
(1.060670114 0.02587654713 -3.319289699e-24)
(1.065327004 0.0211569102 -4.851140996e-24)
(1.069051955 0.01545919345 -1.179686386e-23)
(1.071551066 0.009010761506 -4.882317289e-23)
(1.072610974 0.002162834026 -5.391651423e-24)
(1.000014426 0.0008587068757 -7.357944126e-23)
(1.000141599 0.002568275607 -7.524617079e-23)
(1.000412466 0.004266128714 2.776555203e-22)
(1.000835662 0.005946366176 1.8689518e-23)
(1.001409692 0.007686746929 -9.19325223e-24)
(1.002150421 0.009729906222 -2.977439749e-22)
(1.003103531 0.0123639503 5.959865561e-22)
(1.004333283 0.01561251784 8.828801729e-24)
(1.00589054 0.01906375534 -6.863159231e-23)
(1.00778514 0.02208965083 -1.979132023e-22)
(1.009988895 0.02427513728 -3.869487793e-22)
(1.012468175 0.02565307853 -3.73180774e-23)
(1.015207318 0.0265580581 2.472046391e-22)
(1.018221398 0.02733045454 5.596897244e-23)
(1.021543705 0.02811403166 4.096164083e-22)
(1.025204232 0.02886284222 -8.027842004e-22)
(1.029213007 0.02942671451 5.284900604e-22)
(1.033548926 0.02964875908 0)
(1.038167229 0.02939076135 -1.308576719e-22)
(1.042960722 0.02853382928 6.940057626e-24)
(1.047782723 0.02696787751 6.89663777e-23)
(1.05247103 0.02461280647 0)
(1.056825194 0.02143207778 3.320120024e-24)
(1.060621062 0.0174452904 0)
(1.063630797 0.01273299648 6.041261961e-24)
(1.065645593 0.007469826327 6.995409371e-24)
(1.066515354 0.001914905351 5.410430361e-24)
(1.000016694 0.0007844525335 -7.24059488e-23)
(1.000158609 0.002345607884 2.93810719e-22)
(1.000457869 0.003894514887 -2.961105479e-22)
(1.0009231 0.005421972504 0)
(1.001550456 0.006997552436 -2.490388021e-22)
(1.002354168 0.008843669367 5.518742413e-22)
(1.003381775 0.01122507027 -3.000862517e-22)
(1.004701705 0.0141623532 5.666188292e-24)
(1.006366101 0.01727318546 -3.320660492e-23)
(1.008377622 0.01997394091 2.996803432e-22)
(1.010694426 0.02187963552 1.289225443e-22)
(1.013259796 0.02301133408 4.543776104e-23)
(1.016038013 0.02367659798 0)
(1.019029862 0.02419323987 1.560391769e-22)
(1.02225662 0.02469867268 -4.082019904e-22)
(1.025736902 0.02516176131 3.888770413e-22)
(1.029468307 0.02544821278 -1.253901824e-23)
(1.033426207 0.02543078068 -4.275542328e-22)
(1.037552178 0.02500696521 5.29244704e-22)
(1.041752595 0.02408847679 -1.455112396e-22)
(1.045909917 0.0226022647 -5.752606576e-23)
(1.049892661 0.0204969995 6.159695619e-23)
(1.053543597 0.01775540195 -2.504515094e-23)
(1.056692584 0.01440252278 -1.748109356e-24)
(1.059171437 0.01050709572 1.16803733e-24)
(1.060829129 0.00620395438 -3.409001131e-24)
(1.061558309 0.00168628919 -2.221269775e-23)
(1.000018098 0.0007030840762 2.154897458e-22)
(1.000171211 0.002102616727 -2.874245483e-22)
(1.000493175 0.003490337713 -1.416372044e-22)
(1.000991597 0.004854693728 -2.812760651e-22)
(1.001660311 0.006256744799 2.847130514e-22)
(1.002512143 0.007896596146 -5.560666461e-22)
(1.003596048 0.01001342103 0)
(1.004983844 0.01262534006 5.365372235e-22)
(1.006728392 0.015384742 0)
(1.00882759 0.01776143919 -1.958991769e-24)
(1.01122628 0.01940321916 0)
(1.013847557 0.02032191503 -2.017275853e-22)
(1.016640732 0.02079838219 2.298392089e-22)
(1.019594565 0.02112232735 5.209010473e-23)
(1.022720721 0.02142405792 0)
(1.026029549 0.02167930889 0)
(1.029512281 0.02177804346 -4.900140811e-22)
(1.03314459 0.02161682862 1.670608255e-22)
(1.036863799 0.02111660972 1.368403334e-22)
(1.04058518 0.02020931944 -2.148352716e-23)
(1.044216819 0.01884686621 4.833859085e-23)
(1.047651113 0.01699949531 2.761175129e-23)
(1.050763915 0.01466226105 -2.760918524e-23)
(1.053424814 0.01186104058 -4.148179004e-24)
(1.055507664 0.008653016404 4.707301812e-24)
(1.056901017 0.00514194246 -3.593138906e-24)
(1.057526714 0.001471995203 -1.511820974e-23)
(1.000019066 0.000616539034 -2.834529816e-22)
(1.000180639 0.001844355148 4.214054936e-22)
(1.000520243 0.003061250731 2.615735894e-24)
(1.00104439 0.004254454854 4.190771952e-22)
(1.001744628 0.005476608183 1.364485484e-22)
(1.002632381 0.006903924586 2.747169323e-22)
(1.003757646 0.008747874439 3.304325112e-23)
(1.005195008 0.01102441039 -2.978188583e-22)
(1.006998504 0.01342490484 -1.256321434e-22)
(1.009163121 0.01548151475 3.703190661e-22)
(1.011618587 0.01687250581 -2.428738126e-22)
(1.014274088 0.01760850684 -5.800812428e-23)
(1.01706688 0.01793915862 -1.979520872e-22)
(1.019975738 0.01812172767 1.591630446e-22)
(1.023005167 0.01827900446 0)
(1.0261601 0.01838902518 -3.367999305e-22)
(1.029428411 0.01836722985 4.949940661e-22)
(1.032783042 0.01812864031 0)
(1.036166232 0.01761006144 -3.117646538e-23)
(1.039504829 0.01676299053 -1.334668339e-23)
(1.042723438 0.01555525475 5.019753807e-23)
(1.045732922 0.01396966232 -4.352800381e-23)
(1.048433847 0.01200765189 -3.271922252e-24)
(1.050725016 0.009693374889 6.08949615e-24)
(1.052510802 0.007073723527 -8.509315161e-24)
(1.053707872 0.004228542887 -1.215022788e-24)
(1.054258224 0.001265636251 -8.455424063e-25)
(1.000019723 0.0005262835586 2.444656073e-22)
(1.000187498 0.001574763333 -6.232731906e-22)
(1.000540421 0.002613526839 4.141714472e-22)
(1.001084002 0.003629711368 -5.465791836e-22)
(1.001807695 0.00466763847 -5.717349835e-25)
(1.00272159 0.005878335719 1.342089258e-22)
(1.003876561 0.007443734944 0)
(1.005349148 0.009377432186 0)
(1.007196188 0.01141653719 0)
(1.0094072 0.013153182 0)
(1.011900786 0.01430617029 0)
(1.014575656 0.0148860171 2.176170242e-22)
(1.017358666 0.01510807768 -2.572755971e-22)
(1.020221242 0.01519510474 1.933143137e-22)
(1.023162856 0.01525768874 -1.934285696e-22)
(1.026184331 0.0152765158 0)
(1.029274009 0.01518447771 -1.585829242e-22)
(1.032399706 0.01491609016 3.495658563e-23)
(1.03551078 0.01442174471 4.665351647e-23)
(1.038546501 0.01366782264 1.334903217e-23)
(1.04144241 0.01263251428 1.538276587e-25)
(1.044124118 0.01130570511 4.386547022e-24)
(1.046510971 0.009691656399 3.272321512e-24)
(1.048522904 0.007811549376 0)
(1.050085894 0.005703217894 -7.605273897e-25)
(1.051136399 0.003427788331 -3.071462436e-24)
(1.051630741 0.001065549394 0)
(1.000020166 0.000433267507 -1.030385763e-22)
(1.000192375 0.001296744601 2.733917085e-22)
(1.000555073 0.002151994232 -9.420791132e-25)
(1.001112925 0.002987022357 -1.332758441e-22)
(1.001853596 0.003837914819 -2.66096649e-22)
(1.002786003 0.004829459697 2.622604188e-22)
(1.003961507 0.006112570765 6.361622542e-23)
(1.005459173 0.007698932271 -1.877413173e-22)
(1.007337827 0.009373202453 1.23991194e-22)
(1.009580357 0.01079006784 0)
(1.012098892 0.01171723127 2.234022435e-22)
(1.014783408 0.01216332266 -3.318267178e-22)
(1.017552398 0.01230719782 2.280574428e-22)
(1.020371426 0.01233469839 -4.154483769e-22)
(1.023235942 0.01233928136 1.895640012e-22)
(1.026144957 0.0123072882 0)
(1.029087869 0.01218700965 7.667103066e-23)
(1.032031071 0.01192757295 -3.502183925e-23)
(1.034928061 0.01148940416 -7.297308657e-23)
(1.037728613 0.01084956632 6.419851698e-23)
(1.040376503 0.009994741699 -1.121192886e-23)
(1.042808802 0.008919789562 -2.825816391e-23)
(1.044959067 0.007629970106 5.804862287e-23)
(1.046762537 0.006142786978 -3.397654108e-23)
(1.048160398 0.004487691028 8.262106156e-24)
(1.049102941 0.002710336434 3.074589413e-24)
(1.049556523 0.0008694423079 0)
(1.00002044 0.0003382767571 1.363435377e-22)
(1.000195676 0.001012689554 1.343133789e-22)
(1.0005653 0.001680589133 -6.769185316e-23)
(1.00113328 0.002331659555 1.337146127e-22)
(1.001885833 0.002993810465 0)
(1.002830924 0.003764845903 -2.588729136e-22)
(1.004020386 0.004763119281 -3.920345606e-24)
(1.005536497 0.0060017391 -1.193040479e-22)
(1.007435944 0.007306225526 0)
(1.009699168 0.008405017332 -1.159902114e-22)
(1.012233536 0.009116120769 0)
(1.014921772 0.009445971635 3.180141226e-22)
(1.017676053 0.009535226144 -1.115745656e-23)
(1.020457535 0.009530531534 -1.981346782e-22)
(1.02325896 0.009506388168 -1.735076662e-22)
(1.026078313 0.009453200203 9.051662271e-23)
(1.0289043 0.009333078721 -4.217402997e-24)
(1.031705299 0.009107198108 -7.266510145e-23)
(1.034439747 0.00874711611 7.647559069e-24)
(1.037063435 0.008237232365 6.246902649e-27)
(1.039526206 0.00756929675 -4.742553973e-23)
(1.041773551 0.006740856032 5.39000851e-24)
(1.043749493 0.005756854743 9.320232045e-24)
(1.045400439 0.004630960599 3.641851815e-23)
(1.046678404 0.003385324658 -8.113215789e-24)
(1.047543255 0.002053002499 -4.970752289e-24)
(1.047968097 0.0006755736472 2.948613395e-24)
(1.000020614 0.0002419452396 0)
(1.000197851 0.000724505634 -6.706277208e-23)
(1.000572159 0.001202397703 6.549481652e-23)
(1.001146983 0.001667652916 -1.322336608e-22)
(1.001907493 0.002140119496 0)
(1.002860781 0.002689840154 1.286736413e-22)
(1.004059855 0.003403228957 0)
(1.00558801 0.004289766846 1.231893008e-22)
(1.007500585 0.005221792238 0)
(1.009777114 0.006004788655 2.824560588e-24)
(1.012321027 0.006507686425 2.593392901e-24)
(1.01500982 0.0067348498 -1.057420361e-22)
(1.017751161 0.006787387795 -1.004780707e-22)
(1.020503157 0.006770974356 1.132627268e-22)
(1.023256897 0.006739639262 -2.670597357e-22)
(1.026009915 0.006686522654 1.374925264e-22)
(1.028749485 0.006587089175 1.581719261e-22)
(1.031446203 0.006413754383 0)
(1.034063409 0.006147496211 -7.648460662e-24)
(1.036560284 0.005777923298 4.304592049e-23)
(1.038891217 0.005299912983 -4.401086734e-23)
(1.041007762 0.004712492923 3.36579273e-26)
(1.042861133 0.004019721541 -2.963466282e-23)
(1.044405257 0.003231489127 1.722139667e-23)
(1.04559942 0.002363336204 1.259224065e-23)
(1.046410122 0.001437609898 -4.66773623e-24)
(1.046815172 0.0004817711681 1.245517894e-24)
(1.000020713 0.0001448206363 0)
(1.000199112 0.0004337759954 -1.985833601e-22)
(1.000576247 0.0007199071039 1.982481619e-22)
(1.001155253 0.0009981186182 0)
(1.001920585 0.00128032957 8.147918111e-25)
(1.002879014 0.001608449633 1.006708553e-22)
(1.004084551 0.002036550762 3.145250504e-23)
(1.005619439 0.002568112752 0)
(1.007539689 0.003126776682 1.180234988e-22)
(1.009824085 0.003595804253 0)
(1.012373267 0.003896188532 2.821797512e-24)
(1.015061385 0.00403037317 2.133565068e-22)
(1.017793234 0.004059001179 3.24385989e-24)
(1.020524989 0.004045594877 1.918748786e-22)
(1.023246849 0.004023290576 -8.865023085e-23)
(1.025956072 0.003987828624 3.739577077e-23)
(1.028638864 0.003923375843 -8.805120656e-23)
(1.031267402 0.003814402876 6.456827737e-23)
(1.03380867 0.003650615268 -1.218229034e-22)
(1.036223742 0.003426419628 5.724907442e-23)
(1.038469965 0.003139121248 0)
(1.040502802 0.002788433824 -2.417542801e-24)
(1.042278003 0.002376943567 2.842557647e-23)
(1.043754181 0.001910555176 -2.841980475e-23)
(1.044895145 0.001398447734 0)
(1.045671574 0.0008534082103 6.594666011e-24)
(1.046064279 0.0002908276174 7.06963127e-26)
(1.00002075 4.80682173e-05 0)
(1.000199563 0.0001440474672 6.728579293e-23)
(1.000577812 0.0002391391409 -6.694763021e-23)
(1.001158602 0.0003315600877 0)
(1.001926223 0.0004251251531 -1.312001101e-22)
(1.002887934 0.0005339715225 -4.03124381e-24)
(1.004096808 0.0006761415381 -6.231767151e-23)
(1.005634958 0.0008526629146 6.22436723e-23)
(1.007559111 0.001038336135 -1.196344321e-22)
(1.009847479 0.001194329258 -5.658963814e-23)
(1.012399314 0.001294299916 5.649970147e-23)
(1.015087109 0.001338994576 0)
(1.01781425 0.001348504286 0)
(1.020536041 0.001343983596 0)
(1.023242256 0.001336705198 0)
(1.025928964 0.001324096961 0)
(1.028582502 0.001300711272 8.098846345e-23)
(1.031177651 0.001262692852 -1.360944807e-22)
(1.033681982 0.00120692601 6.449379254e-23)
(1.036057135 0.001131510342 0)
(1.038262003 0.001035478496 4.271623604e-23)
(1.040254061 0.0009186961878 -4.271548564e-23)
(1.04199129 0.0007820375401 -2.878362733e-23)
(1.043434483 0.0006275920759 2.878153155e-23)
(1.044549376 0.0004588004492 0)
(1.045308597 0.000279980676 0)
(1.045694616 9.562164117e-05 -5.739334138e-24)
(0.3348372673 0.3768210748 -0.07852199987)
(0.1762077469 0.06078553706 0.1001618221)
(0.3348560845 0.3768023444 0.07852000734)
(0.7029026282 0.5340197156 -0.03488695939)
(0.647139044 0.6443129765 0.007146720658)
(0.4295641952 0.4551211191 0.06555534406)
(0.7029189923 0.5340354245 0.03488694843)
(0.6470995075 0.6443105425 -0.007153923563)
(0.4830143056 0.4633079871 0.02414471745)
(0.4830288217 0.4633570185 -0.02415260741)
(-0.03000610004 0.04414663972 0.07996428421)
(-0.02997119368 0.04410701149 -0.07996060809)
(-0.03796853307 0.08768077795 0.08334042094)
(-0.0379730774 0.08768866939 -0.08333628457)
(1.13875599 0.5825514039 0.03059315631)
(1.294888287 0.5456387842 0.07451453099)
(0.751138169 0.6293068227 -0.03933984701)
(1.138759195 0.5825671531 -0.03060316473)
(1.29484015 0.5456418606 -0.07451259399)
(1.257838991 0.4484604894 0.09359866012)
(1.048683081 0.1909285889 0.1125816831)
(1.257804187 0.4484255311 -0.09359029281)
(1.048694591 0.1909298951 -0.1125809704)
(0.9595976373 0.1033420119 0.1162918647)
(0.784235054 -0.02468752743 0.1008578332)
(0.9596137091 0.1033519229 -0.1162911648)
(0.7842258145 -0.02459778848 -0.1008606431)
(0.002488444301 0.04470296807 0.08834742211)
(0.7799252352 -0.04764011262 0.09761075466)
(0.7891905079 -0.08616740586 0.08488092581)
(0.00252675514 0.04467813852 -0.0883472579)
(0.7798029575 -0.04764037905 -0.09760407139)
(0.789228945 -0.08617552097 -0.08488017524)
(0.2837109439 0.05248603358 -0.09497934903)
(0.5724210473 0.1885038907 -0.06872976272)
(0.4067195552 0.321522711 -0.07696164512)
(0.5118883662 0.02961844305 0.07817258219)
(0.2837211601 0.05248738611 0.09497715704)
(0.5724043861 0.188480744 0.0687326954)
(0.4067078361 0.3215034005 0.07695920286)
(0.06832609895 0.1689857543 1.22869713e-05)
(0.1768693794 0.06053908527 -0.0001999882804)
(0.04695421061 0.05683316344 -0.1004283336)
(0.204856289 0.1778851021 -0.09570399705)
(0.04666416665 0.05656927333 6.828022242e-05)
(0.205305627 0.1775299334 -0.0002313673617)
(0.06854328754 0.1692961986 -0.09501711369)
(-0.04469361555 0.08243164683 0.06948274932)
(-0.04530064809 0.08230539907 -0.0001833299043)
(0.8485050733 0.7015923877 0.01266701463)
(0.9399883369 0.448179148 -0.010720919)
(1.076811381 0.5611767561 0.01739066648)
(0.7801201457 0.5254614413 0.02676536379)
(0.8485037294 0.7016067635 -0.01268289007)
(0.9400186624 0.4482067946 0.01071946632)
(1.076836066 0.5611848349 -0.01739296411)
(0.9941442666 0.6674319019 -9.32333378e-05)
(0.7495956151 0.6289175242 0.0004402826616)
(0.683465842 0.5319302524 0.04159098836)
(0.9775183492 0.6814570147 0.03802100471)
(0.682216156 0.5311940799 -0.0005546108455)
(0.9764670088 0.6807973701 0.0001667481117)
(0.9950546441 0.6671926517 0.05037210194)
(0.5401271552 0.2025437001 0.1015294609)
(0.5412712685 0.2025111326 0.0002525894923)
(0.1263961298 -0.006941426015 -3.582221176e-05)
(0.01989906765 0.00184509787 0.08320639077)
(0.1335702602 -0.0314145732 0.1019168767)
(0.01980396297 0.0009968681812 -0.000160742525)
(0.1340798308 -0.03145391289 0.0001209331391)
(0.1260048485 -0.0070432287 0.09634946235)
(0.8122633508 -0.09821308561 0.0818088785)
(0.05085713275 0.0639445154 -0.08560884385)
(0.8123306913 -0.09828370262 -0.08181130693)
(1.332960104 0.2469558598 0.09776328587)
(1.341955236 0.3276965004 0.04968353521)
(1.433607965 0.2299961912 0.06406062317)
(1.377921185 0.4493839706 -0.0773248172)
(1.332981345 0.2469570169 -0.09776338131)
(1.341899366 0.3277806041 -0.0496920024)
(1.433624917 0.2299935945 -0.0640615679)
(1.144793351 0.01225017979 0.09437077539)
(1.451049033 0.1894031841 0.06687276489)
(1.461643272 0.06849501265 0.06909529848)
(1.286964214 0.1700808536 -0.1012807205)
(1.14478064 0.01241856722 -0.09436748605)
(1.451086724 0.1894007203 -0.06687757567)
(1.461687408 0.06834724691 -0.06910490134)
(0.1313588246 0.2699684664 0.0001346324114)
(0.334705981 0.3762654388 -0.0001782265672)
(0.2637807095 0.2829930707 -0.0875817192)
(0.2174810678 0.3908586657 -0.07624762333)
(0.2642699643 0.2824923069 -0.0001658066744)
(0.2170941818 0.3893639163 -0.0001975604709)
(0.1316045423 0.2709400161 -0.08440079244)
(0.1281005241 0.3020843216 -0.06343214342)
(0.1277138359 0.3021931509 -7.022950944e-05)
(0.06832558388 0.1689834209 -1.064064239e-05)
(0.1768702802 0.06053810345 0.0002029989783)
(0.046950585 0.05683062594 0.1004268247)
(0.2048527382 0.1778772912 0.09570260273)
(0.04666347902 0.05656840073 -6.595710136e-05)
(0.2053049868 0.1775270451 0.0002338714392)
(0.06853973557 0.1692900814 0.09501554649)
(0.131358251 0.2699649531 -0.0001333079433)
(0.3347118797 0.3762579831 0.0001772018584)
(0.2637800044 0.2829633132 0.08758184477)
(0.2174841615 0.3908409956 0.07624796475)
(0.2642698652 0.2824833458 0.0001681791111)
(0.2170941877 0.3893580435 0.000199145942)
(0.1316008106 0.2709308098 0.08439949449)
(0.1280957203 0.3020795527 0.06343154167)
(0.1277105129 0.3021901156 6.926720611e-05)
(0.4021062351 0.5578028309 -0.0001969753083)
(0.251061437 0.4377931611 -0.04546031087)
(0.2675497062 0.3990328905 -0.02266789129)
(0.2508034535 0.4370161426 0.0003730384282)
(0.2673925632 0.3993080095 -9.315463255e-05)
(0.402933686 0.5597707997 -0.03701054581)
(0.582387544 0.6423512078 -9.07611301e-05)
(0.6461068654 0.6420482564 -7.607755424e-05)
(0.4377039102 0.5195915436 0.002300127415)
(0.7188158887 0.6779389781 -0.01421673938)
(0.4375619975 0.5192709357 0.00061182336)
(0.7180428963 0.6772022365 -0.0001150396739)
(0.5822756266 0.6434218787 -0.02334693833)
(0.4021050929 0.5578039928 0.0001976610221)
(0.2510703781 0.4377992491 0.04546195861)
(0.267547983 0.39903361 0.02266830124)
(0.2508067148 0.4370198276 -0.0003728928122)
(0.2673917925 0.3993101415 9.23044086e-05)
(0.402930611 0.5597718536 0.03701037655)
(0.5823883486 0.6423518976 9.129805094e-05)
(0.6460835985 0.6420516425 8.019405941e-05)
(0.4377120503 0.5195835609 -0.002299487287)
(0.7187845622 0.6779310506 0.01421731151)
(0.4375686613 0.5192725849 -0.0006121441765)
(0.7180338581 0.6772025571 0.0001173452829)
(0.5822735499 0.6434218324 0.02334701452)
(0.4826009035 0.4627849648 5.201910845e-05)
(0.4825993016 0.4628087021 -4.380530624e-05)
(-0.03030635077 0.04353250427 -9.854799737e-05)
(-0.03029630681 0.04352064007 9.83534919e-05)
(-0.03765356845 0.08731615827 1.232528921e-05)
(-0.05495934265 0.08841786088 0.08166924394)
(0.0003809709918 0.1291471198 0.08108471134)
(-0.05508269041 0.08840532969 0.000120092033)
(0.0003890112453 0.1288484679 2.971731401e-06)
(-0.04470020913 0.08243108702 -0.06948127587)
(-0.04530269696 0.08230497898 0.0001836031677)
(-0.03765312871 0.08731817782 -7.78916597e-06)
(-0.05496673504 0.08844290946 -0.08167209488)
(0.000325861001 0.1291868406 -0.0810851208)
(-0.05508450248 0.08841307263 -0.0001212340309)
(0.0003736707431 0.128859942 -4.640717385e-06)
(0.8637889448 0.515500011 0.0005513934363)
(0.5064751112 0.3239388761 0.06761890733)
(0.7623963298 0.3863011354 0.08206176454)
(0.5074574534 0.3241762687 0.0002097052981)
(0.7614471654 0.3856217538 -0.000449748319)
(0.8647446427 0.5153445787 0.08151139348)
(0.9941503696 0.6674379741 9.273592915e-05)
(0.7495974078 0.6289395872 -0.0004247928903)
(0.6834668836 0.531947941 -0.04159461512)
(0.9775646383 0.6814789589 -0.03801886408)
(0.6822254991 0.5312022158 0.0005559808828)
(0.9764779183 0.6808009797 -0.0001617190254)
(0.9950595287 0.6672086423 -0.05037176329)
(0.8637901734 0.5155024584 -0.0005493233502)
(0.5064783843 0.323941171 -0.06762107272)
(0.7623906948 0.3863110827 -0.0820659199)
(0.5074596511 0.3241771888 -0.0002061761939)
(0.7614478339 0.3856259802 0.0004513626669)
(0.8647433983 0.5153504005 -0.08151368705)
(0.7689376537 0.2331610821 -0.0003942964448)
(1.257590752 0.4486031841 0.0002580592018)
(0.9134900559 0.3338283824 0.1105611711)
(1.193753544 0.3675705258 0.09976391722)
(0.9129173709 0.3340963934 0.0004936641122)
(1.193508964 0.3685721714 0.0001497476923)
(0.7697246354 0.2334036088 0.1022605431)
(0.6674538318 0.1265328351 0.0001051969061)
(1.048648962 0.1919601934 0.0001448226128)
(0.5807406703 0.07228800493 0.1190399802)
(1.121545813 0.2753047859 0.1080987215)
(0.5809128665 0.07214342205 -0.0001243254589)
(1.121649183 0.2761062411 0.0002886105067)
(0.6670497958 0.1266051769 0.1147010122)
(0.5401126982 0.2025321539 -0.1015278738)
(0.5412611828 0.2025044075 -0.0002519595151)
(0.7689331845 0.2331551426 0.0003912325824)
(1.25758171 0.4485914755 -0.0002632559759)
(0.9134587399 0.3338080803 -0.1105589612)
(1.193729914 0.3675376597 -0.09976166852)
(0.9129063786 0.3340873374 -0.0004980683145)
(1.193502855 0.3685605163 -0.0001544450802)
(0.7697127691 0.2333855106 -0.1022571955)
(0.6674566741 0.1265315078 -0.0001077932534)
(1.048653813 0.1919605964 -0.0001463637478)
(0.5807520092 0.07228753477 -0.1190388034)
(1.121549902 0.27529286 -0.1080973484)
(0.5809167662 0.07214381931 0.0001222588217)
(1.121651915 0.2761023775 -0.0002911773565)
(0.6670556948 0.1265991406 -0.1146984146)
(0.1336569596 -0.0300730893 0.09162638372)
(0.1341950558 -0.03106835498 -0.0002826310832)
(0.3983613513 -0.02104475501 -4.505659461e-05)
(0.9599112309 0.1041216727 0.0002640179603)
(0.4821339003 0.003464153409 0.1255459732)
(0.8731810096 0.0405824214 0.1129405764)
(0.4825418375 0.003247503122 0.0001550415188)
(0.873375219 0.04146247037 0.0001149607908)
(0.3977584424 -0.02074897104 0.1202368827)
(0.3392331702 -0.04702439472 0.0002364918875)
(0.7843960579 -0.02405784023 -1.872754925e-05)
(0.3381484259 -0.0373125873 0.104392235)
(0.8122737196 -0.004764438744 0.1077639205)
(0.3386285564 -0.03677109382 -0.0001071949828)
(0.8125141592 -0.004412864247 0.0001219643065)
(0.3386958037 -0.04682650331 0.1163493766)
(0.1336330507 -0.03006517587 -0.09162484775)
(0.1341841466 -0.03106466156 0.0002833624845)
(0.3983645317 -0.02104357763 4.481277351e-05)
(0.9599180961 0.1041255763 -0.0002655301458)
(0.4821471387 0.003463741643 -0.1255453402)
(0.8731916366 0.04059947837 -0.1129413702)
(0.4825469086 0.003247826976 -0.0001564850721)
(0.8733798993 0.04146949978 -0.0001153927458)
(0.397766106 -0.0207476497 -0.1202365252)
(0.3392336808 -0.04702093356 -0.0002375873278)
(0.7843931846 -0.02402995875 2.390330982e-05)
(0.3381373571 -0.03728678553 -0.1043948582)
(0.8122948655 -0.004724045968 -0.1077666965)
(0.3386224344 -0.03676185929 0.0001064085513)
(0.8125208779 -0.004398114096 -0.0001223958993)
(0.3386972934 -0.04681870439 -0.1163482301)
(0.1623409326 -0.001551596388 0.0001638524582)
(0.002780665894 0.0446360076 2.189938755e-05)
(0.004893848859 0.01771650773 0.09082042979)
(0.1836653823 0.003899369463 0.088687561)
(0.00509632832 0.01751328364 2.595144149e-05)
(0.1836519274 0.003865494557 7.195520051e-08)
(0.1618880197 -0.001461893472 0.0938758193)
(0.1263914489 -0.006947167081 3.104717478e-05)
(0.01988683231 0.001843566899 -0.08319976296)
(0.1335385849 -0.03139779827 -0.1019165521)
(0.01980012472 0.0009962914718 0.0001562947602)
(0.1340684681 -0.03144866967 -0.0001248571629)
(0.1259926931 -0.007058166192 -0.09634463685)
(0.1623461628 -0.001559749898 -0.0001678215961)
(0.00279500929 0.04462755647 -3.105936467e-05)
(0.00488089571 0.01771640061 -0.0908182043)
(0.1837225493 0.003883238867 -0.08868286215)
(0.005095454066 0.01751303658 -3.225493471e-05)
(0.1836716633 0.003858132559 -2.184100975e-06)
(0.1619013584 -0.00148144611 -0.09387139587)
(0.5624053738 0.02492820454 -0.07311465231)
(0.6609435826 0.09439419506 -0.05610958887)
(0.6109647293 0.1599370111 -0.06545615194)
(0.6369530971 0.01677886932 0.0604008672)
(0.5624193312 0.02491910685 0.07311331765)
(0.6609467338 0.09441757585 0.056105816)
(0.6109733972 0.1599185548 0.06545795007)
(0.4660815669 0.1044377615 -0.0001840811782)
(0.4502828534 0.03557139986 -0.08361074352)
(0.5228394988 0.08743504862 -0.07627683788)
(0.516012124 0.02950427169 -0.0003406621705)
(0.4523022169 0.03545945762 -0.0001815819433)
(0.5269755057 0.08712528294 -0.0003457553997)
(0.4640672497 0.1047381311 -0.08123322246)
(0.6394120351 0.1950878444 -0.06117077784)
(0.7625520791 0.1839362231 -0.02674678996)
(0.7258359975 0.25981126 -0.04695173335)
(0.6745681721 0.1194081329 0.05365472414)
(0.6393789331 0.1950665943 0.06116903691)
(0.7625217062 0.1839539386 0.02674692747)
(0.7258131662 0.2597997737 0.04695304337)
(0.4799746018 0.3837453261 -0.06730976431)
(0.7244743114 0.3014303783 -0.0467459921)
(0.7030197159 0.4608845845 -0.04043168231)
(0.607437053 0.2290261232 0.06357990574)
(0.4799946958 0.3837612029 0.06730953184)
(0.724446291 0.3014199389 0.04674794914)
(0.7030361835 0.4608958012 0.0404295147)
(0.4891780078 0.5679268957 -0.0001727525646)
(0.4293563358 0.4544409435 -4.959100088e-05)
(0.366221943 0.5036364061 -0.05987148876)
(0.5235792845 0.5033279191 -0.05434815262)
(0.3666007832 0.5026289602 -0.0001221146934)
(0.5233237709 0.5023748428 -7.494094714e-05)
(0.489744351 0.5687055108 -0.04871671878)
(0.7684936686 0.4594966879 -0.03300797466)
(0.814656336 0.287096797 -0.0268508913)
(0.9118666379 0.4097871155 -0.01658222302)
(0.7629622395 0.3073048035 0.04118922725)
(0.7685083075 0.4595060161 0.0330091974)
(0.8146693893 0.2870947653 0.02685243239)
(0.9119056975 0.4098149217 0.01658251705)
(0.7806810488 0.5241790718 -0.0001437239382)
(0.7999447177 0.60006641 -0.01719680964)
(0.7997637313 0.5990695934 -6.819036959e-05)
(0.8748829572 0.5667558777 -0.0001146013641)
(0.8453888849 0.5058624203 -0.01977656259)
(0.8464591385 0.5040011109 -0.000199992271)
(0.8747695202 0.5679186762 -0.01086128348)
(0.0510130146 0.06381556453 9.659504543e-05)
(0.1058479703 0.07582082439 0.08181699124)
(0.2306949533 0.005504864133 0.08456337712)
(0.1058455168 0.07573492939 7.619306463e-06)
(0.230907304 0.005409052105 4.022270194e-06)
(0.2949450709 0.004539052662 -5.967130463e-06)
(0.2947526604 0.004492972203 0.08186473729)
(0.9450791053 0.3853112778 -0.01300445295)
(0.9636962049 0.2773158238 -0.008739441223)
(0.986357995 0.3037955178 -0.006332880995)
(0.8373934749 0.2765700103 0.02334699522)
(0.9450024831 0.385304616 0.01301079162)
(0.9637073685 0.2773181783 0.008739296255)
(0.9863725822 0.3037944154 0.006331817359)
(1.102245222 0.5032848115 0.01730561912)
(1.02962559 0.3308732485 -0.001229024763)
(1.138194521 0.3717180014 0.01585520422)
(0.9744581453 0.4180947879 0.007457947543)
(1.102260381 0.5032946028 -0.01731510372)
(1.029643083 0.3308719094 0.001227401553)
(1.138233347 0.3717080458 -0.01585998731)
(1.345120198 0.5018931544 0.0645019487)
(1.176480263 0.3764384215 0.02230285038)
(1.301777532 0.3491110085 0.04318365108)
(1.160416353 0.5204526305 -0.0283335417)
(1.344963132 0.5019449278 -0.0644825259)
(1.176517897 0.3764060997 -0.02230975538)
(1.301684425 0.3491903179 -0.04317157381)
(1.377372937 0.4496976917 3.142853981e-05)
(1.379591666 0.3898062696 0.08559224316)
(1.378940586 0.3901953819 -2.722230849e-05)
(1.423608715 0.3699413112 -3.158311124e-05)
(1.39086984 0.4121622375 0.0654722191)
(1.390178726 0.4125358219 -2.876011138e-05)
(1.424215598 0.3693880959 0.07290770192)
(1.286918652 0.1704575456 6.580488912e-05)
(1.231472078 0.1036977097 0.1006984649)
(1.231515996 0.1042351777 4.01276903e-05)
(1.414673524 0.1408408335 1.395013119e-05)
(1.43700888 0.1991044467 0.08767960946)
(1.436841757 0.1997773186 1.534315874e-05)
(1.414736959 0.1401455724 0.08849964675)
(1.085910568 -0.09680550725 0.08088008234)
(1.455961196 0.0313647782 0.0684895128)
(1.427209106 -0.06835576274 0.06431365005)
(1.119534696 -0.02190285732 -0.0914652852)
(1.085962064 -0.09683336971 -0.08088233967)
(1.455925439 0.03122575046 -0.06847260606)
(1.427193846 -0.06836155581 -0.06432769198)
(1.415031142 -0.09797091751 0.06237331395)
(1.088568367 -0.1182133896 -0.07856434837)
(1.415084576 -0.09797904901 -0.06238209103)
(1.283432763 0.3120617252 0.03852518762)
(1.175099086 0.2556799384 0.01130827182)
(1.189069557 0.2123644733 0.02849919703)
(1.163699435 0.3384534295 -0.0205921645)
(1.283389518 0.3120951398 -0.03852286863)
(1.175117814 0.2556722444 -0.01130754141)
(1.189059668 0.2123646176 -0.02850099648)
(1.399206474 0.2087774854 0.05654044958)
(1.240035026 0.2079400649 0.03157253506)
(1.316108224 0.1566567078 0.04085179843)
(1.317660762 0.2936507674 -0.0439539442)
(1.399213356 0.2087802809 -0.05654142344)
(1.240057871 0.2079464953 -0.0315717958)
(1.316103623 0.1566555777 -0.04085270907)
(1.440221477 0.06887579059 0.0620882899)
(1.331220288 0.1340012305 0.04258925312)
(1.355362873 0.06101769456 0.04661197004)
(1.417392566 0.174328574 -0.05914360242)
(1.440247908 0.06881094939 -0.06210048328)
(1.33122835 0.1339987352 -0.04259224108)
(1.355377029 0.06100712887 -0.04661208099)
(1.421483085 -0.05808670292 0.05914729832)
(1.358941096 0.03555076389 0.04648147688)
(1.364676612 -0.02830950876 0.0278223331)
(1.439343291 0.0349944825 -0.06184196647)
(1.421460297 -0.05802116412 -0.05915346397)
(1.358915659 0.03554930997 -0.04648503112)
(1.364667031 -0.02829072666 -0.02782197263)
(0.6053189186 0.6064642594 -3.822905898e-05)
(0.703251397 0.5329267617 -0.0001106111121)
(0.616766698 0.5280043897 -0.0439632797)
(0.7077101046 0.6154342069 -0.02594388235)
(0.6168778118 0.5269833468 -8.315814281e-05)
(0.7072169751 0.614569805 -3.542217113e-05)
(0.6058862019 0.6070722916 -0.03615202219)
(0.4891763485 0.5679278031 0.0001735768951)
(0.4293592421 0.4544438828 5.156909209e-05)
(0.3662240075 0.5036350487 0.05986975023)
(0.5235702861 0.5033226851 0.05434820648)
(0.3666012979 0.5026281535 0.0001208385583)
(0.5233217103 0.5023740033 7.736184223e-05)
(0.4897365923 0.5687085078 0.04871593297)
(0.6053191767 0.606466442 3.84539311e-05)
(0.7032552937 0.5329306607 0.0001150455376)
(0.6167688708 0.5280066835 0.04396187234)
(0.7076938886 0.6154291205 0.02594351277)
(0.6168769852 0.526982742 8.138342164e-05)
(0.7072116255 0.6145698719 3.958087846e-05)
(0.6058861454 0.6070778163 0.0361519471)
(1.142750657 0.6557627184 -8.266279817e-05)
(1.137941164 0.5823725594 -1.764944649e-05)
(1.089194396 0.6439405298 0.03360823269)
(1.20479935 0.596487877 0.04392491994)
(1.088199705 0.6434730111 6.503802753e-06)
(1.203885513 0.5966703748 -5.213574009e-05)
(1.14365963 0.6556647218 0.04843838328)
(1.14500828 0.6012672873 0.0001820529621)
(1.29413747 0.5461551066 -4.475889265e-05)
(1.123884462 0.5272548348 0.08182440289)
(1.257486956 0.5784964509 0.06028410082)
(1.123045019 0.5278652652 -9.151389356e-05)
(1.256470997 0.5784797055 3.736712892e-05)
(1.145970872 0.6015759953 0.07021964864)
(1.142756401 0.6557737813 8.690627038e-05)
(1.137948002 0.5823833526 2.375364896e-05)
(1.089198589 0.6439287165 -0.033609688)
(1.204822598 0.5965338335 -0.04393254866)
(1.088206197 0.6434725091 -6.618045295e-06)
(1.203894053 0.5966852421 6.355473074e-05)
(1.143673416 0.655693421 -0.04844253642)
(1.145006612 0.6012798626 -0.0001775792061)
(1.294115498 0.5461552948 4.056182569e-05)
(1.123872072 0.5272657865 -0.08182137298)
(1.257457082 0.5785512305 -0.06028512032)
(1.123039771 0.5278676219 9.309429014e-05)
(1.256458097 0.5784951839 -3.086790224e-05)
(1.145972013 0.6016107195 -0.07022337131)
(0.4175999799 -0.04061461563 2.211507786e-05)
(0.7803290811 -0.0476409891 6.638868756e-05)
(0.4019578821 -0.04166103674 0.1040148773)
(0.7750739778 -0.06301323018 0.09302624908)
(0.4027267127 -0.04153585293 0.0003058009238)
(0.7752688655 -0.06279515603 1.084538176e-06)
(0.4177014611 -0.04079302325 0.09710018954)
(0.4346990929 -0.0465828446 1.095341674e-05)
(0.7895045647 -0.08581615912 1.406677521e-05)
(0.4604607859 -0.04963075736 0.08724585925)
(0.7773501202 -0.0748797222 0.08833209648)
(0.460777309 -0.04952225038 -2.777323291e-06)
(0.777678765 -0.07458959311 1.247818458e-05)
(0.4344902605 -0.0464507741 0.09152349457)
(0.4175861293 -0.04063907237 -2.950264609e-05)
(0.7802839886 -0.04764134946 -7.276518013e-05)
(0.4019157318 -0.0416607972 -0.1040107598)
(0.7749903865 -0.06313565862 -0.0930205335)
(0.4027098937 -0.0415357537 -0.0003050570251)
(0.7752444548 -0.06283371808 -1.911507694e-05)
(0.4176566917 -0.04086286398 -0.09709199082)
(0.4346984044 -0.04660478965 -1.754171605e-05)
(0.7895297427 -0.08582207541 -2.613843538e-05)
(0.4605494386 -0.04969387137 -0.08724326397)
(0.7773569864 -0.074989825 -0.08832096736)
(0.4608127204 -0.04954425768 -7.22969933e-06)
(0.7776838944 -0.07462704844 -1.751668589e-05)
(0.4344815627 -0.04650776338 -0.09151612171)
(0.2840569139 0.05235163862 -9.481571816e-05)
(0.3061028087 0.1534340603 -0.09131228271)
(0.3063294101 0.153139747 -9.470477867e-05)
(0.3939386916 0.1263465812 -0.0001112926343)
(0.3753667225 0.04314873381 -0.08932841807)
(0.3764302595 0.04303300845 -0.0001114297969)
(0.3929011894 0.1266537774 -0.0863625071)
(0.4923253534 0.1673275925 -0.0001851340685)
(0.5436865643 0.1406172612 -0.07299701821)
(0.5263381366 0.2236807096 -0.07193431205)
(0.5764432317 0.1877325723 -0.000362539666)
(0.5478276532 0.1401716226 -0.0003547882278)
(0.528273022 0.2228652893 -0.0002006245277)
(0.4903144649 0.1678093861 -0.07714757388)
(0.4069651041 0.3208210195 -8.466272551e-05)
(0.3498383463 0.2438655655 -0.08491158231)
(0.3501327152 0.2433484342 -6.369902514e-05)
(0.427552452 0.2015113625 -0.0001052940535)
(0.4720175134 0.2676163019 -0.07485698736)
(0.4730059773 0.2668742257 -0.0001220711722)
(0.4264934958 0.2020192767 -0.08126891488)
(0.4660831949 0.104435088 0.0001850847058)
(0.5160124831 0.0295023997 0.0003428125274)
(0.4502794379 0.03556934305 0.08360976989)
(0.5228472332 0.08741976596 0.07627635872)
(0.4523016925 0.035458733 0.0001822885035)
(0.5269779605 0.08712124547 0.0003470495054)
(0.4640722622 0.1047303773 0.08123223871)
(0.2840606465 0.05235165765 9.689350689e-05)
(0.3061097519 0.1534245442 0.09131100516)
(0.3063319963 0.1531362032 9.748695567e-05)
(0.3939418799 0.1263424621 0.0001133135161)
(0.3753718335 0.04314974316 0.0893268583)
(0.3764323709 0.04303306759 0.000112687601)
(0.3929106949 0.1266426245 0.08636147391)
(0.4923259791 0.1673293077 0.0001852351798)
(0.5764388038 0.1877255424 0.0003677245779)
(0.5436840965 0.1406386169 0.07299429429)
(0.5263117299 0.2236456984 0.07193671235)
(0.5478264624 0.1401773041 0.0003528065185)
(0.5282654269 0.2228547934 0.0002032459234)
(0.4903169541 0.1678169271 0.07714752893)
(0.4069615873 0.320815186 8.074088319e-05)
(0.349853516 0.243828836 0.0849114254)
(0.3501382203 0.2433363885 6.575076502e-05)
(0.4275546431 0.2015078685 0.0001047226975)
(0.4719869441 0.2675907894 0.07485899384)
(0.4729975943 0.2668664138 0.000122095409)
(0.4264999727 0.202009444 0.0812675715)
(0.8479509966 0.7006662829 -0.0001067034471)
(0.8296714227 0.6740737862 -0.004334501471)
(0.9697159024 0.6831147998 0.01654824682)
(0.8287124559 0.6734694954 -3.171457971e-05)
(0.9690941579 0.6827275979 -5.920918713e-05)
(0.9147916657 0.6325076837 -5.444511479e-05)
(0.9154454937 0.6332565612 0.001255344913)
(0.9325394816 0.5266318781 -0.0001775486539)
(0.897563227 0.4784802589 -0.01466234649)
(0.9755437176 0.4876490073 -0.003188522428)
(0.9443452312 0.4459791522 -0.00041723215)
(0.9001922772 0.4760257049 -0.0003095327014)
(0.9770883669 0.4862709882 -0.0002332309143)
(0.9317868501 0.5279762967 -0.006549981634)
(1.076482425 0.5608871466 -8.062176099e-05)
(1.037105198 0.625326489 0.01724774093)
(1.036543464 0.625021368 -7.476950754e-05)
(0.9763264843 0.5781836651 -9.697817484e-05)
(1.019837661 0.5263477527 0.00627571067)
(1.020081788 0.5256005289 -0.0001180046596)
(0.97655518 0.5789486573 0.004139749193)
(0.7806783767 0.5241766076 0.000148869953)
(0.7999363457 0.6000632215 0.01719522932)
(0.7997591166 0.5990658075 6.673841866e-05)
(0.8748858161 0.5667554349 0.0001142520425)
(0.8453915198 0.5058463019 0.0197765351)
(0.8464583914 0.5039938419 0.0001982672311)
(0.8747712259 0.5679183111 0.01086177311)
(0.8479383988 0.7006648089 0.000122266986)
(0.8296820793 0.6740807035 0.004332222393)
(0.9697234905 0.6831086739 -0.01655792741)
(0.8287189418 0.6734704869 3.361660744e-05)
(0.9691016835 0.6827207101 6.931537274e-05)
(0.9148009269 0.6325116961 5.768274106e-05)
(0.9154613516 0.6332680162 -0.001258537969)
(0.932546116 0.5266349463 0.0001802150518)
(0.9443557167 0.4459880425 0.000420060714)
(0.8975840025 0.4784815965 0.01466162416)
(0.9755641764 0.4876652094 0.003185430032)
(0.9001992063 0.4760251292 0.0003098079219)
(0.9770961147 0.4862764998 0.0002362963546)
(0.9318028658 0.5279854047 0.006547261663)
(1.076489221 0.560892337 8.136858167e-05)
(1.037134298 0.6253202759 -0.01724820747)
(1.036554706 0.625013517 7.918014448e-05)
(0.9763334783 0.5781854244 0.0001015155169)
(1.019852675 0.5263489915 -0.006277430399)
(1.020089774 0.5256002107 0.0001204440977)
(0.9765726875 0.5789554307 -0.004144266694)
(0.8125808006 -0.09793164337 2.520824847e-05)
(0.5022340341 -0.05395049573 0.08350608134)
(0.5025987472 -0.05378365973 2.824574246e-05)
(0.5575676675 -0.06359646656 1.98655976e-05)
(0.8461349766 -0.1145944342 0.07884763611)
(0.8465098528 -0.1142708516 3.356414169e-05)
(0.5573159588 -0.06384304927 0.08105188787)
(0.05103734912 0.06381982007 -9.835257013e-05)
(0.1058947906 0.07583480722 -0.08181556576)
(0.2307344254 0.005553355684 -0.08456347759)
(0.1058570982 0.07574038637 -4.734432466e-08)
(0.2309215944 0.005422558966 1.36876913e-06)
(0.2949489174 0.004540251909 2.887149591e-06)
(0.2947614684 0.004490546674 -0.08186810072)
(0.8126074049 -0.09795166509 -3.072081831e-05)
(0.5023387068 -0.05401701261 -0.08350360739)
(0.5026306827 -0.05380488678 -1.225206807e-05)
(0.5575736786 -0.06359770059 -1.790319833e-05)
(0.8462232163 -0.1146381906 -0.07884978646)
(0.8465366501 -0.1142847603 -2.392659965e-05)
(0.5573242466 -0.06384160594 -0.08105314316)
(1.332668691 0.2474176091 2.688021441e-06)
(1.362466806 0.3202628739 0.09258175696)
(1.361996721 0.3205043804 2.776778583e-06)
(1.441799583 0.3189213773 -2.377625027e-05)
(1.446942411 0.2609417387 0.08432431842)
(1.446607293 0.2616490249 -1.0100993e-05)
(1.442300406 0.3183057719 0.07926440407)
(1.408050297 0.3355338423 -4.017577762e-05)
(1.368978659 0.3680784354 0.0566892082)
(1.377978705 0.3001250056 0.05523365867)
(1.341514439 0.3271695645 -0.0001361710381)
(1.368439503 0.3681939776 -5.859202314e-05)
(1.377647609 0.2996743027 -0.0001085992845)
(1.408508181 0.3352597193 0.06315088353)
(1.438780411 0.296244897 -3.347284087e-05)
(1.460203938 0.2504589132 0.07322826868)
(1.408874957 0.2673642397 0.06012909253)
(1.433479952 0.2301641022 -5.256871228e-05)
(1.459926439 0.2510156842 -2.404034603e-05)
(1.408657293 0.2672258887 -7.832413852e-05)
(1.439165956 0.2958138447 0.06877867806)
(1.377352876 0.4496723246 -4.501314065e-05)
(1.379584074 0.3897537838 -0.08559143354)
(1.378941216 0.3901776554 2.419811861e-05)
(1.423621972 0.3699295897 3.983823313e-05)
(1.390692649 0.4120630398 -0.06547079638)
(1.390126911 0.4125116891 -8.925658539e-06)
(1.424296806 0.3693559412 -0.07291646595)
(1.332676282 0.2474177437 -2.239606059e-06)
(1.362480578 0.3202474918 -0.09258329661)
(1.362002707 0.3204988012 -2.65093989e-06)
(1.441818509 0.3189188189 2.755430831e-05)
(1.446987363 0.2609425129 -0.08432395396)
(1.446622816 0.2616491298 1.04701851e-05)
(1.442366317 0.3183017018 -0.0792694097)
(1.408074675 0.3355185557 5.922777243e-05)
(1.341500799 0.327191108 0.0001300936613)
(1.368817513 0.3679826778 -0.05671569965)
(1.378031857 0.3001468455 -0.05524587249)
(1.36839865 0.3681655441 3.081787203e-05)
(1.377656971 0.2996773019 0.0001230345043)
(1.408646499 0.3352319667 -0.06317322488)
(1.438804077 0.2962392349 3.913774269e-05)
(1.433486667 0.2301623215 5.261044941e-05)
(1.460258738 0.2504577328 -0.07322693015)
(1.408901407 0.2673614389 -0.06013439046)
(1.459945028 0.2510146871 2.350127258e-05)
(1.408664773 0.2672223051 8.287777585e-05)
(1.439259359 0.2958072213 -0.0687846727)
(1.144972807 0.01288291363 1.592653872e-05)
(1.18084905 0.05062762378 0.09802420266)
(1.180987321 0.05110739988 4.606162936e-05)
(1.387546314 0.08882351999 1.702492178e-05)
(1.361277567 0.04378178175 0.08588873523)
(1.361383537 0.04445130987 1.191887483e-05)
(1.387500493 0.08816031833 0.0874775392)
(1.469842819 0.1519654597 -2.448447604e-06)
(1.470365937 0.2009760824 0.07627066023)
(1.460742632 0.1478225142 0.06848644986)
(1.450984795 0.1897755475 -3.120456618e-05)
(1.470197792 0.201590051 -9.080277197e-06)
(1.46072922 0.1483161296 -1.639636549e-05)
(1.469922029 0.1513102675 0.07765155742)
(1.462017075 0.105358547 1.222803447e-06)
(1.449862044 0.06180789931 0.07709204415)
(1.463695538 0.1073180507 0.06905463654)
(1.461679591 0.06902517426 -1.330754525e-05)
(1.44996206 0.06244322923 6.265384114e-06)
(1.463721189 0.1078609961 -8.233599504e-06)
(1.462011934 0.1046962364 0.0776210943)
(1.286928827 0.1704631823 -6.466317029e-05)
(1.23150546 0.1037343835 -0.1007035262)
(1.231527541 0.1042489908 -3.670351062e-05)
(1.414700061 0.1408524015 -3.64529813e-06)
(1.437061463 0.1991142628 -0.08768256014)
(1.436860808 0.1997811596 -1.182594455e-05)
(1.414818956 0.140177468 -0.08851070314)
(1.144948336 0.01293219027 -1.265724216e-06)
(1.180921662 0.05071602125 -0.09803374917)
(1.181008184 0.05113898641 -3.897170685e-05)
(1.387578865 0.08885029036 6.257403117e-06)
(1.361403047 0.04396436015 -0.08586801448)
(1.361389843 0.04450631027 2.524550196e-05)
(1.38765811 0.08823512964 -0.08749697259)
(1.469878595 0.1519676958 1.578657647e-05)
(1.450998906 0.1897749619 3.484322607e-05)
(1.470429596 0.2009781475 -0.07627450735)
(1.46080733 0.1478127159 -0.06849737941)
(1.470222198 0.2015912841 1.345577596e-05)
(1.460752533 0.1483127925 2.630612084e-05)
(1.470019895 0.1513155822 -0.07766460354)
(1.462070394 0.1053615643 2.700386257e-05)
(1.461692653 0.06898620509 2.800551006e-05)
(1.450117383 0.06179739349 -0.07707859046)
(1.463788115 0.1072738106 -0.06906677645)
(1.45001792 0.0624475978 4.90005831e-05)
(1.463749931 0.1078458825 2.423842371e-05)
(1.462196449 0.1046985976 -0.07764747235)
(0.7203483203 0.02651905128 -0.03132314232)
(0.7763336673 0.05412034443 -0.02774884293)
(0.7336258246 0.07056454375 -0.03015508847)
(0.7674288228 0.0235209661 0.02857000938)
(0.7203496972 0.02652433311 0.03132308059)
(0.7763406329 0.05412529546 0.02774901224)
(0.7336258077 0.07057084813 0.03015534308)
(0.6706114657 0.0531682418 -0.003077524519)
(0.6324845797 0.01826620776 -0.06437981652)
(0.6413244036 0.04218621347 -0.05964264713)
(0.7258268555 0.01985919798 -0.0006390420747)
(0.6643625339 0.01914938052 -0.003049787316)
(0.730611579 0.04578487056 -0.0006591065944)
(0.6384021598 0.0521410151 -0.06336002929)
(0.7576556385 0.112576503 -0.02812641582)
(0.8160130839 0.1157767947 -0.02408812499)
(0.7941328611 0.145500308 -0.02573879308)
(0.7949811526 0.09382238558 0.02612403259)
(0.757643143 0.1126122727 0.02812509171)
(0.815985555 0.1157777808 0.0240936766)
(0.7940884408 0.1455106599 0.02574270633)
(0.7405131382 0.1747359068 -0.002720871407)
(0.6811568996 0.1405491728 -0.05636422387)
(0.6924965575 0.1360048266 -0.05098675792)
(0.7720430154 0.133962077 -0.000614949051)
(0.7176653156 0.1470071049 -0.003053823389)
(0.7895641318 0.1533263921 -0.0007070984582)
(0.7034338176 0.1605748341 -0.05350043074)
(0.5701436141 0.2700252811 -0.06567213599)
(0.6112628787 0.2275381681 -0.0004527418309)
(0.5721908169 0.2686960895 -0.0002625290947)
(0.6208722802 0.3032555523 -0.0003481632306)
(0.6462192358 0.2623853647 -0.05808704591)
(0.65042871 0.2581087045 -0.00067123946)
(0.6182156901 0.3058727574 -0.05906827554)
(0.7559385768 0.2663046799 -0.04231018306)
(0.8581461603 0.2180189282 -0.01940140727)
(0.8525420816 0.2630155742 -0.01840117833)
(0.8090759546 0.2070154645 0.02292409261)
(0.7559366794 0.2662739879 0.04231261417)
(0.8581849455 0.2180196956 0.01940287399)
(0.8525501215 0.2630185501 0.01840165682)
(0.8148763635 0.350329921 -0.0009977218476)
(0.7630047313 0.3523326957 -0.03968904529)
(0.7990313949 0.3068255672 -0.03611612396)
(0.7810346949 0.3110346136 -0.001841481997)
(0.7713945205 0.3515965107 -0.0007871153342)
(0.8202637482 0.3178418055 -0.001131349847)
(0.8064035542 0.3526449359 -0.03421220423)
(0.900579062 0.2543589316 -0.0146769426)
(0.9336077352 0.2170068262 -0.01305502378)
(0.9466742682 0.2446686556 -0.01192486377)
(0.9016505604 0.2197876098 0.01610685261)
(0.90059535 0.2543631451 0.01467538673)
(0.9336092783 0.2170085938 0.01305627181)
(0.9466850824 0.2446795652 0.01192481163)
(0.9695817651 0.3233587509 -0.004199396927)
(0.8863139889 0.3153296764 -0.02129577228)
(0.8604214896 0.2676389452 -0.01969813373)
(0.9702245012 0.3155595912 -0.0009634328599)
(0.9429546006 0.3322153686 -0.004539816443)
(0.9942653121 0.3089750275 -0.001218670179)
(0.9106078734 0.2960525315 -0.01860004931)
(1.009227483 0.4494410809 -0.0005257669721)
(0.9796752205 0.4162520423 -0.0005479100006)
(1.011476153 0.4479170521 -0.0002866655673)
(1.037901815 0.4107599442 -0.0003934387259)
(1.001644106 0.3901010111 -0.004782061716)
(1.007593786 0.3858270929 -0.0008271479227)
(1.034548225 0.4135630893 0.001345332422)
(1.159823861 0.5202418033 -2.764091403e-05)
(1.223767078 0.5296118365 0.03974718439)
(1.222997467 0.5296668739 -4.786061603e-05)
(1.22536503 0.4679302661 -8.31693694e-05)
(1.170471295 0.4640815644 0.02609822826)
(1.170020349 0.4635530322 -9.121686217e-05)
(1.225944585 0.4683325103 0.03577818975)
(1.119979528 -0.02152557972 3.695134065e-05)
(1.100364765 -0.05089028754 0.08798204675)
(1.100624714 -0.05047728345 2.458105503e-05)
(1.337885424 0.003620672807 0.08398451277)
(1.338062998 0.004259062107 1.783115396e-06)
(1.318404578 -0.03138978508 -2.797010241e-05)
(1.318275858 -0.03192183146 0.08128437905)
(1.088848273 -0.1177610888 2.98022902e-05)
(1.099765721 -0.1406630668 0.07548288422)
(1.100205217 -0.1401097664 4.737145952e-05)
(1.278235891 -0.1452805803 8.33644232e-05)
(1.28147228 -0.1192841245 0.07361295639)
(1.281973947 -0.1186031653 5.226157566e-05)
(1.277504767 -0.1464363746 0.07111710978)
(1.032072851 0.2779993959 -0.003173957129)
(1.026263113 0.2340510979 -0.004374591399)
(1.055272083 0.2461134578 -0.001997231127)
(1.000809107 0.252731326 0.006261812251)
(1.032080569 0.2780013534 0.003174023044)
(1.026265368 0.2340531024 0.004375068399)
(1.055278013 0.2461153214 0.001997497029)
(1.109316407 0.3298427229 0.01493917305)
(1.088843507 0.2616966489 0.00221282013)
(1.133247847 0.2617120991 0.005913882258)
(1.068188273 0.2989023345 -0.001569090211)
(1.109347169 0.3298314885 -0.01494081833)
(1.088831647 0.2616891998 -0.002212729199)
(1.133251993 0.2616981631 -0.005915023406)
(1.215132375 0.3009898716 -0.000694698842)
(1.206131022 0.3344974143 0.02659530673)
(1.155658318 0.299433017 0.01915896312)
(1.188078322 0.3339905848 -0.002449162019)
(1.217490591 0.3303371449 -0.0007034507687)
(1.192910013 0.3105282038 -0.003006557157)
(1.196187982 0.2956785177 0.02416766163)
(1.348566902 0.2692706449 0.04878145514)
(1.317293264 0.2916079406 -0.0003713679654)
(1.348627312 0.2674713852 -0.0002712614038)
(1.32461456 0.2381153651 -0.0005070360896)
(1.295364248 0.267217373 0.03918703547)
(1.297905896 0.2580378088 -0.0008909841469)
(1.322191475 0.2443082933 0.04340174702)
(1.42997827 0.1389356491 0.06078956785)
(1.417536902 0.1743738871 -5.722333211e-05)
(1.430086077 0.1392110218 -3.337612506e-05)
(1.397312107 0.1287705644 -5.900747459e-05)
(1.384400795 0.1595603283 0.05268219259)
(1.384992291 0.1591233806 -9.712153231e-05)
(1.397011422 0.1288151521 0.05432848489)
(1.4395531 0.03546817932 1.164455977e-05)
(1.410398922 0.005412367029 0.0001261198984)
(1.435483612 0.002311708856 0.06136462767)
(1.411267196 0.03594124794 0.05593945208)
(1.435793557 0.00302125453 2.84178159e-05)
(1.411662698 0.03595669308 -4.835302965e-06)
(1.409584469 0.00532756157 0.05572171269)
(1.353615819 -0.0788060057 0.0268764715)
(1.410793847 -0.08652543432 -0.05714513897)
(1.353559835 -0.07880646149 -0.02687983711)
(1.210771238 0.199567679 0.0135778965)
(1.168676657 0.1878922006 0.008776640486)
(1.19653405 0.1681033925 0.01131094986)
(1.172652041 0.2142091279 -0.009950748692)
(1.210766481 0.1995666119 -0.01357808115)
(1.168676693 0.1878914713 -0.008775935225)
(1.196532142 0.1681022165 -0.01131116743)
(1.277430058 0.1441106772 0.01958700545)
(1.223964083 0.1484612107 0.01398658121)
(1.247666747 0.1201204107 0.01640425765)
(1.246291506 0.1760933636 -0.01669625526)
(1.277428812 0.144109795 -0.01958699796)
(1.223964864 0.1484600502 -0.01398661154)
(1.247669176 0.1201190555 -0.0164041927)
(1.314942667 0.06505344207 0.02299509578)
(1.267070459 0.08971821302 0.01817451444)
(1.279612282 0.05578169781 0.01966306501)
(1.300947184 0.1056315282 -0.02170266533)
(1.31495414 0.06504550622 -0.02299512051)
(1.26707199 0.08971557586 -0.01817440455)
(1.279610586 0.05577598617 -0.01966298422)
(1.314173015 -0.01727655291 0.02251015906)
(1.287444892 0.02114424233 0.02021438268)
(1.288661718 -0.007609121328 0.02135970234)
(1.318441657 0.02148210607 -0.02323604633)
(1.314203107 -0.0172860821 -0.02250729845)
(1.287428165 0.02112957468 -0.02021477191)
(1.288642751 -0.007642335734 -0.02135879046)
(0.5711995744 0.07353647168 -0.07161561051)
(0.5704544098 0.02480474997 -0.0007642413452)
(0.5793047675 0.07325883785 -0.000770770069)
(0.6251582895 0.06195750803 -0.001889139147)
(0.6037681674 0.02118178272 -0.06852262197)
(0.6177692047 0.02120563566 -0.00187780241)
(0.6109869237 0.06201641217 -0.06727661995)
(0.6819737674 0.0881667902 -0.003127417502)
(0.6494153729 0.07197266673 -0.05824061441)
(0.6635854908 0.1147748949 -0.05921810644)
(0.7538472927 0.1040448298 -0.0006286860131)
(0.7410487251 0.08086931501 -0.0006673553492)
(0.6977978209 0.1183885475 -0.003137677865)
(0.6486851664 0.08538873802 -0.06168884959)
(0.5879748384 0.118734676 -0.06897511067)
(0.6191218343 0.1596370991 -0.0007623075871)
(0.5961585354 0.1184196032 -0.0007747616169)
(0.6388001355 0.1009724971 -0.001898879948)
(0.6426606262 0.1359859539 -0.06230063266)
(0.6575870492 0.1368677511 -0.001880378198)
(0.6242287015 0.1007218273 -0.06516749445)
(0.6706139607 0.05317026963 0.003077158593)
(0.7258269766 0.01985788394 0.0006401183362)
(0.632482192 0.01826005852 0.06437942532)
(0.641333529 0.04218918932 0.05964101275)
(0.6643625689 0.01914801643 0.00305002353)
(0.7306120902 0.04578709728 0.0006560576517)
(0.6384089502 0.05214475378 0.06336039544)
(0.5704591327 0.02480223673 0.0007666871575)
(0.5712165986 0.0735348469 0.07161335357)
(0.5793101531 0.07325785466 0.0007712630595)
(0.6251603409 0.0619616962 0.001887719467)
(0.6037755988 0.02117482849 0.0685218353)
(0.6177717847 0.02120394694 0.001878376267)
(0.6109928312 0.06202857671 0.06727503507)
(0.6819758061 0.08816974597 0.003128849358)
(0.7538439151 0.1040546636 0.0006264917334)
(0.6494118786 0.07197889858 0.05824147154)
(0.6636089233 0.1148000388 0.05921442248)
(0.7410495996 0.08087336083 0.0006690213058)
(0.6978017723 0.1183972723 0.00313706496)
(0.648692359 0.08539265491 0.06168720565)
(0.6191242546 0.1596323236 0.0007684248295)
(0.5879585248 0.1187638875 0.06897339284)
(0.5961540121 0.1184280563 0.0007752010853)
(0.6388025804 0.1009802597 0.001901824942)
(0.6426974811 0.1359905243 0.06229786004)
(0.6575966335 0.1368693711 0.001885030667)
(0.6242358435 0.1007463672 0.06516695652)
(0.6470805895 0.1948066673 -0.0007934877586)
(0.7089547454 0.1980990368 -0.001203692307)
(0.6657173732 0.1656821773 -0.05867883283)
(0.6710856878 0.2250228502 -0.05654787733)
(0.6810471166 0.1687269202 -0.00175188759)
(0.6788963762 0.2226451704 -0.0009841361311)
(0.6911042236 0.1897377951 -0.05461397215)
(0.7734213474 0.2288840538 -0.000414117368)
(0.6941429703 0.2459790835 -0.05198067903)
(0.7068330798 0.218127454 -0.04630041499)
(0.7637836735 0.2667154104 -0.003218393917)
(0.7243999873 0.2481308747 -0.002601095922)
(0.807411436 0.2432606291 -0.0005337237933)
(0.6839126741 0.2049088874 -0.05078476618)
(0.7405075448 0.1747425013 0.002722345448)
(0.7720407235 0.133979014 0.0006212078007)
(0.6811400989 0.1405752367 0.05636379102)
(0.6924951518 0.1360184376 0.05098337752)
(0.7176604072 0.1470172805 0.003057989436)
(0.7895543964 0.1533395346 0.0007071591264)
(0.7034280883 0.1605793258 0.05349902733)
(0.6470688767 0.1948013874 0.0007876233003)
(0.7089471739 0.198102783 0.001204321646)
(0.6656756199 0.1656817172 0.05867824683)
(0.6710678088 0.2250340213 0.05654907456)
(0.6810349888 0.1687283112 0.0017523237)
(0.6788893074 0.2226488529 0.0009847109725)
(0.691087066 0.1897430303 0.05461356766)
(0.7734036255 0.228892847 0.0004155334984)
(0.763774505 0.2667122062 0.003220566741)
(0.6941172446 0.2459978373 0.05197914587)
(0.7068041688 0.2181208007 0.0463003904)
(0.7243875837 0.2481369128 0.002599595821)
(0.8073978912 0.2432626096 0.000537321387)
(0.6838824406 0.2049266508 0.0507833383)
(0.4804794691 0.3828792216 -6.567475623e-05)
(0.5567441534 0.426016668 -0.05788006807)
(0.5573417597 0.4249047481 -0.0001063876253)
(0.5278581722 0.3211187028 -0.06720228475)
(0.5290304316 0.3201233712 -0.0001451245467)
(0.5896352649 0.3582890711 -0.0001831941555)
(0.5881838742 0.3597716048 -0.05924579972)
(0.6731931764 0.328102814 -0.0005799969219)
(0.6845708956 0.2866888045 -0.05242241677)
(0.7165958646 0.346431519 -0.04573771984)
(0.7402742055 0.3005547707 -0.001862688125)
(0.6959481919 0.2822661716 -0.001507623392)
(0.7244261306 0.3442493298 -0.0007124281015)
(0.6675466888 0.3314154023 -0.05231635651)
(0.7042941964 0.4594479894 -0.0001987593316)
(0.6320230766 0.4507618336 -0.04884176472)
(0.6329337869 0.4494599809 -0.0001501294182)
(0.6517565189 0.3833936459 -0.0002646575904)
(0.7086293925 0.3987317811 -0.04386792339)
(0.712019259 0.3968036849 -0.0003468312082)
(0.6492460628 0.3853154977 -0.05135438066)
(0.6112547037 0.2275303216 0.0004463830739)
(0.570139147 0.2700042928 0.06567086235)
(0.5721880575 0.2686903555 0.0002546854889)
(0.6208713172 0.3032629123 0.0003495081665)
(0.6462049586 0.2624004803 0.0580873064)
(0.6504235907 0.2581135009 0.0006721846256)
(0.6182142091 0.305899132 0.05906836039)
(0.4804857036 0.3828828585 6.595882734e-05)
(0.5567594734 0.4260267178 0.05787902965)
(0.5573462622 0.4249064063 0.0001104985741)
(0.5278792083 0.3211106003 0.0672010113)
(0.5290356824 0.3201196597 0.0001416386086)
(0.5896386852 0.358296346 0.0001847796383)
(0.5881930491 0.3597932105 0.05924445768)
(0.6731919771 0.3281056813 0.0005802429039)
(0.7402661545 0.3005516558 0.001865482767)
(0.6845657623 0.2867078919 0.0524209357)
(0.7165711561 0.3464233982 0.04573887194)
(0.6959437448 0.2822709537 0.001506425521)
(0.7244187262 0.3442469422 0.0007118870312)
(0.6675468876 0.3314247845 0.05231605312)
(0.704299677 0.459451209 0.0001957977162)
(0.6320189514 0.4507464788 0.04884112579)
(0.6329342499 0.4494564746 0.0001509094729)
(0.651757737 0.3833935835 0.0002647516339)
(0.708619594 0.3987329865 0.04386815582)
(0.7120162119 0.3968042357 0.0003445690289)
(0.6492507342 0.3853154636 0.05135522221)
(0.7701052751 0.4576903618 -0.0002672846087)
(0.8261741152 0.4494734277 -0.02625747586)
(0.8284988954 0.446042973 -0.0003905881902)
(0.8180122541 0.3939744368 -0.0007473359472)
(0.7639361777 0.4023602943 -0.03725547248)
(0.7676076616 0.4002143628 -0.0004698660959)
(0.8140178351 0.399198845 -0.03111782514)
(0.868932941 0.3496515169 -0.00302946027)
(0.7913714227 0.2933372112 -0.03157209685)
(0.8607269361 0.3319118857 -0.02479125982)
(0.9380692529 0.3261202754 -0.0006314567561)
(0.8991387778 0.3295083738 -0.0001788547762)
(0.9108575608 0.344153 -0.004118193146)
(0.8310124452 0.3439988065 -0.02945308542)
(0.8729634428 0.4321086898 -0.02083563669)
(0.9221628087 0.4072923781 -0.0008932125716)
(0.8792760109 0.4277367518 -0.0006972940367)
(0.8672608042 0.3838323001 -0.001821958692)
(0.8881597556 0.3721011347 -0.02123406659)
(0.9094420397 0.3720424554 -0.002366500202)
(0.8537126193 0.3888916681 -0.02566845609)
(0.8148835922 0.3503290144 0.000997330606)
(0.7810340906 0.3110249147 0.001838588992)
(0.7630184751 0.3523184396 0.03968959926)
(0.7990520292 0.3068296928 0.03611688391)
(0.7713972571 0.3515910731 0.0007850973382)
(0.82026899 0.3178412901 0.001129410311)
(0.8064260167 0.3526450295 0.03421259176)
(0.7701108282 0.4576927973 0.0002720929099)
(0.8261693381 0.4494509838 0.02625717425)
(0.8284993904 0.446037217 0.000391714924)
(0.8180178384 0.3939718846 0.0007492167986)
(0.7639568755 0.4023631757 0.03725472757)
(0.7676136981 0.4002144186 0.0004711416093)
(0.8140350117 0.3991917959 0.03111791433)
(0.8689353318 0.3496484371 0.003028663478)
(0.9380674658 0.3261168042 0.0006267576549)
(0.7913576637 0.2933255647 0.03157404241)
(0.8607237552 0.3319114683 0.02479303412)
(0.8991435339 0.3295076921 0.0001793999982)
(0.9108591552 0.3441518956 0.004114643656)
(0.831012012 0.3439883029 0.02945367434)
(0.9221741864 0.4072993259 0.0008938665667)
(0.8729781859 0.4320951982 0.02083464965)
(0.8792801919 0.4277313254 0.0006961362891)
(0.8672624142 0.3838256189 0.001821561029)
(0.8881544405 0.3721172638 0.02122857466)
(0.9094427598 0.3720448659 0.002362941987)
(0.853711047 0.3888691995 0.0256679807)
(0.9570302985 0.3855013389 -0.0009697794708)
(0.9730631723 0.3443917672 -0.001536049971)
(0.9181262672 0.3511135295 -0.01750131313)
(0.9726854103 0.3620441185 -0.009943921492)
(0.9434542116 0.3572290764 -0.002381820265)
(0.9855003024 0.36211515 -0.001139389347)
(0.9435288617 0.3285474299 -0.0142492764)
(1.049614949 0.3392898932 -0.0001365076356)
(0.9743017482 0.3332514978 -0.007760368154)
(0.9241620903 0.2792294291 -0.008274791838)
(1.054160653 0.3286278352 -0.003917827316)
(1.02838397 0.3448353402 -0.00323357264)
(1.076303181 0.3251242024 -0.0008994106852)
(0.9129692852 0.2963643669 -0.01105570784)
(0.9695964505 0.3233615089 0.004203815932)
(0.9702289248 0.315561838 0.0009617848329)
(0.8863284868 0.3153518802 0.02129199866)
(0.8604486409 0.2676461776 0.01969809727)
(0.9429662688 0.3322253887 0.004540372446)
(0.9942714902 0.3089765266 0.001218078946)
(0.9106300773 0.2960557964 0.01859658225)
(0.9570223225 0.3855085508 0.0009800472594)
(0.9730645151 0.3443908368 0.001548828432)
(0.9181020566 0.3511617622 0.01749377613)
(0.9726816702 0.3620141992 0.009962889845)
(0.9434573812 0.3572527921 0.00239240891)
(0.9854841093 0.3621014543 0.001137520435)
(0.9435173599 0.3285384091 0.01424625747)
(1.049620517 0.3392825365 0.0001386627369)
(1.054165214 0.3286268176 0.003919043371)
(0.9743147265 0.3332403818 0.007764421317)
(0.9241764217 0.2792229806 0.008273628901)
(1.028379719 0.3448296404 0.003233030513)
(1.076309653 0.3251212023 0.0009003768272)
(0.9129744149 0.2963462878 0.01105469884)
(1.102155974 0.502980627 -7.563833305e-05)
(1.050934578 0.4782778166 0.007721234815)
(1.051689879 0.4775270034 -0.0001421986519)
(1.075346226 0.4334551438 -0.0001372253084)
(1.119550016 0.4521261413 0.01690699804)
(1.119733208 0.4518483934 -8.319131611e-05)
(1.073816974 0.4341654688 0.008603467529)
(1.06095825 0.3761983111 -0.0005665691611)
(1.016288012 0.3609057325 -0.002810043167)
(1.064267336 0.3440131386 0.003092192752)
(1.058061257 0.3400139937 -0.00220825799)
(1.036323679 0.3591461867 -0.001859825217)
(1.078532587 0.3486803915 -0.000494885938)
(1.051843922 0.3785160449 0.002621018787)
(1.093719234 0.3949256098 2.795652205e-05)
(1.131523285 0.4076710974 0.01643301787)
(1.09956528 0.3577260642 0.009762212761)
(1.140519063 0.3667142661 -0.0004518559811)
(1.131664589 0.4076160359 -0.0001401768792)
(1.110190869 0.363370382 0.0008890246562)
(1.090114877 0.3936300983 0.009229468688)
(0.9796734433 0.4162561118 0.0005535799973)
(1.009251403 0.4494574486 0.000523532908)
(1.011482008 0.4479204641 0.0002891246362)
(1.037908307 0.4107584257 0.0003957351164)
(1.001601147 0.3900580765 0.004789823897)
(1.007586666 0.3858173029 0.0008258150439)
(1.034574901 0.4135608839 -0.00134748707)
(1.102167934 0.5029882464 8.182768069e-05)
(1.050966858 0.4782918797 -0.007722210505)
(1.05170103 0.477531904 0.0001431577902)
(1.075358336 0.4334586694 0.000140950972)
(1.119600236 0.452142653 -0.0169176569)
(1.11975303 0.4518541241 9.324912063e-05)
(1.073841371 0.4341714872 -0.008608100849)
(1.060965998 0.3761968282 0.0005701319622)
(1.058066017 0.3400130283 0.00220990244)
(1.016302259 0.3608989012 0.002809084735)
(1.064288097 0.344011038 -0.003095426116)
(1.036325438 0.3591436025 0.0018613407)
(1.078539286 0.348680433 0.0004974094033)
(1.051869974 0.3785129742 -0.002624707169)
(1.093730498 0.3949253077 -2.285027682e-05)
(1.140533185 0.3667091339 0.0004577775198)
(1.131573955 0.4076689417 -0.0164411999)
(1.099596142 0.3577233853 -0.009767107203)
(1.131683891 0.4076137921 0.0001487735088)
(1.1102009 0.363368378 -0.0008840661992)
(1.090149791 0.3936323309 -0.009234683704)
(1.344235142 0.5023728691 -5.653628207e-05)
(1.286849621 0.5218983478 0.05247455017)
(1.285863855 0.5220584928 -8.512502552e-06)
(1.341290506 0.4450230571 0.05582334885)
(1.34048823 0.4453861257 -5.896323391e-05)
(1.283243323 0.4614973631 -2.407461633e-05)
(1.283924539 0.4614841187 0.04601924079)
(1.22227041 0.4150331133 -0.0001895846605)
(1.175354255 0.4157385955 0.02408672536)
(1.216875135 0.3731869706 0.02923017793)
(1.177275348 0.3690269159 -0.0006799034119)
(1.174720657 0.4142521853 -0.000269174296)
(1.218174564 0.3688285932 -0.0003322930808)
(1.222548212 0.4162964589 0.03226269992)
(1.322207303 0.3931387062 0.04885125587)
(1.301794205 0.3487359722 -9.253609945e-05)
(1.321720628 0.3931480698 -8.132609107e-05)
(1.272140339 0.4080099016 -8.880285949e-05)
(1.259475369 0.3638200036 0.03639275565)
(1.260352062 0.3625243901 -0.0001130692897)
(1.272301507 0.40851686 0.04075724546)
(1.159843394 0.5202584221 4.428154892e-05)
(1.223814358 0.5297046562 -0.03975311792)
(1.223010193 0.5296983022 6.463045648e-05)
(1.225395105 0.4679678665 0.0001151121531)
(1.170569316 0.4641057214 -0.02611453485)
(1.170050932 0.4635615106 0.0001098241686)
(1.226098146 0.468426808 -0.03579163143)
(1.344179031 0.5023912247 4.459448889e-05)
(1.286729529 0.5221368539 -0.05246787302)
(1.285818292 0.5221342042 2.076411918e-05)
(1.340810931 0.4450605506 -0.05578103481)
(1.340354873 0.4454081335 1.439077569e-05)
(1.28317844 0.4615904662 8.588326982e-05)
(1.283773657 0.4617953857 -0.0459143196)
(1.22228265 0.4150140157 0.0002128975758)
(1.177289007 0.3690143427 0.0006861870912)
(1.175435433 0.4157121286 -0.02409960125)
(1.21687969 0.3731307876 -0.02922346334)
(1.174748373 0.4142413676 0.0002823599949)
(1.218172836 0.3688050558 0.0003434366726)
(1.222615527 0.4162447509 -0.0322753692)
(1.301759588 0.348753107 8.002620385e-05)
(1.321595216 0.3929807828 -0.04885549246)
(1.321591606 0.3931197064 -3.974212339e-06)
(1.272104849 0.4079949861 9.578577165e-05)
(1.259380223 0.3636923642 -0.03637600837)
(1.260322129 0.3624881967 0.0001041862881)
(1.272329174 0.4084551264 -0.04067930628)
(1.086238125 -0.09637798926 3.348892713e-05)
(1.088835942 -0.07488500207 0.08420056405)
(1.089131531 -0.07448811343 2.819394363e-05)
(1.301566264 -0.06282366559 2.488815913e-05)
(1.289724438 -0.09164451585 0.07564557654)
(1.290127415 -0.09112578437 3.723467435e-05)
(1.30126649 -0.0633051493 0.07857601243)
(1.435924946 0.02172007833 0.07599283288)
(1.456133094 0.03189971362 4.280490452e-06)
(1.436126588 0.02238060239 1.441809427e-05)
(1.422018429 -0.01445240902 -1.873915228e-05)
(1.447900869 -0.003954451921 0.0676290717)
(1.448067806 -0.003324840099 -1.792999309e-06)
(1.421939859 -0.01510885715 0.0743393233)
(1.407612933 -0.04851585987 2.804681499e-05)
(1.394377379 -0.08007972456 0.06991935721)
(1.438024342 -0.0375622971 0.06607246302)
(1.427934578 -0.06765986605 7.162436531e-05)
(1.394924456 -0.07946935181 6.003692876e-05)
(1.438371459 -0.03690736769 1.781067438e-05)
(1.407318586 -0.04910190268 0.07232508735)
(1.11992875 -0.02149799093 -6.072616226e-05)
(1.100293061 -0.05117550868 -0.08797008386)
(1.100632361 -0.05055436738 -5.430531874e-05)
(1.337773194 0.003970682933 -0.08388493478)
(1.338048675 0.004364767531 -3.736212178e-05)
(1.318356455 -0.03136248865 -0.0001148158577)
(1.31770898 -0.03184826532 -0.08134806055)
(1.086242641 -0.0963923733 -2.098870326e-05)
(1.088862307 -0.07508543825 -0.08421358803)
(1.089145095 -0.07455332613 -3.348496613e-05)
(1.301615887 -0.06283026015 -1.84895542e-05)
(1.289894915 -0.09165843387 -0.07566925552)
(1.290158919 -0.09113078561 -1.375703295e-05)
(1.30142681 -0.06332502196 -0.07860854434)
(1.456113301 0.03187575966 -4.144139141e-06)
(1.435923089 0.02188985006 -0.0758429168)
(1.436117329 0.02244480815 1.29751034e-05)
(1.421949461 -0.01433794693 -7.247114789e-05)
(1.447739198 -0.003813201707 -0.06760344624)
(1.448030653 -0.003284719464 -3.011178888e-05)
(1.421414548 -0.01472815705 -0.07435654933)
(1.407589466 -0.04846759911 -1.886436985e-05)
(1.427937614 -0.06766276734 -7.130271262e-05)
(1.394406647 -0.08007671161 -0.06994561642)
(1.437888075 -0.03747626426 -0.06607445856)
(1.394916154 -0.0794656872 -3.810020962e-05)
(1.438352125 -0.03688377745 -4.209962407e-05)
(1.407252409 -0.04895327113 -0.07235310431)
(1.373158812 -0.137427316 0.0002896955177)
(1.38264847 -0.1098460504 0.06787812182)
(1.402255489 -0.126568987 0.06064824438)
(1.417428693 -0.09745288452 0.0002210554538)
(1.383845543 -0.1090246308 0.0001263345285)
(1.406085652 -0.1265944784 0.0008196958561)
(1.371376447 -0.1394598472 0.06598053116)
(1.088869212 -0.1177614529 -4.260659137e-05)
(1.099841001 -0.1406909987 -0.07548797384)
(1.100229752 -0.1401169621 -4.181039218e-05)
(1.278251194 -0.1452737318 -8.860810418e-05)
(1.28150902 -0.1192442397 -0.07360785906)
(1.281984196 -0.1185913043 -5.793317811e-05)
(1.277532641 -0.1464167052 -0.07111758247)
(1.373151331 -0.1374189317 -0.0002918754283)
(1.417435544 -0.09745563011 -0.0002096842887)
(1.382653789 -0.1098268636 -0.06788217106)
(1.402274959 -0.1265615209 -0.06064697531)
(1.383835366 -0.109017687 -0.0001203010445)
(1.406085837 -0.1265939721 -0.0008197953198)
(1.371361242 -0.1394317083 -0.06597878875)
(1.284089139 0.3114164199 -0.0002092744196)
(1.245275976 0.295479332 0.0007530747127)
(1.246019273 0.3246281654 0.03276588639)
(1.265481262 0.2831669389 0.03472755904)
(1.250712809 0.3249389943 -1.705380693e-05)
(1.270677942 0.2771752075 -0.0006846003144)
(1.230894257 0.2893628064 0.02988250289)
(1.32235931 0.2828020153 0.0005453409511)
(1.211283099 0.2479134513 0.03139869736)
(1.111875509 0.2156961168 0.0266074728)
(1.291700527 0.2408703971 -0.005805577654)
(1.295850452 0.2575675437 -0.004715846456)
(1.322613771 0.2617552524 -0.000888411504)
(1.129687874 0.2408641915 0.02857679363)
(1.215130336 0.3009815012 0.0007043279484)
(1.188083103 0.3339857169 0.002452771384)
(1.20611967 0.3345203955 -0.02658227499)
(1.155648467 0.2994060219 -0.01916220917)
(1.217482345 0.3303500681 0.0007106386988)
(1.192916323 0.3105204956 0.003008363787)
(1.196167123 0.2956570953 -0.02416564643)
(1.28407151 0.3114264642 0.0002064224568)
(1.245259811 0.2954710576 -0.0007490061544)
(1.24589987 0.324621193 -0.03276765977)
(1.265470057 0.2831578794 -0.03472593845)
(1.250681745 0.3249444842 1.181856106e-05)
(1.27067236 0.2771732993 0.0006807658257)
(1.230866329 0.2893572913 -0.02988977778)
(1.322326073 0.2827878121 -0.0005464275916)
(1.291699279 0.2408701603 0.005803218286)
(1.211276952 0.2479005826 -0.03139905473)
(1.111889244 0.2156943903 -0.02660579571)
(1.295842304 0.2575622144 0.004712574656)
(1.322601762 0.2617498913 0.0008884951375)
(1.12970051 0.2408546847 -0.0285770582)
(1.376028386 0.2407121913 0.05301207513)
(1.399460195 0.208420662 -9.393785391e-05)
(1.376330855 0.2397022745 -0.0001566653226)
(1.348329517 0.2149722788 -0.0002594393161)
(1.367399174 0.189782829 0.05027679946)
(1.368504983 0.1884970416 -0.0001542380944)
(1.346451312 0.2180476767 0.04704193665)
(1.310081571 0.2151311832 -0.001204235709)
(1.261800315 0.2394239246 0.0349518237)
(1.272454436 0.1945313615 0.03511747427)
(1.285883039 0.220983343 -0.003719690348)
(1.295627242 0.2345515704 -0.003121106285)
(1.2945396 0.1988840681 -0.001449081505)
(1.294476385 0.2206727179 0.03881673989)
(1.326959293 0.194278421 -0.0004984882839)
(1.339839814 0.1727381319 0.04501489329)
(1.297526011 0.1780843626 0.03794201014)
(1.320490682 0.1558881824 -0.0002848188844)
(1.342950924 0.1713198358 -0.0002772046334)
(1.307774103 0.1785452155 -0.0006137825475)
(1.319766452 0.1975235741 0.04202459161)
(1.317284854 0.2916202808 0.0003644577926)
(1.348603538 0.2692841263 -0.04878520882)
(1.348634883 0.2674749372 0.0002755777219)
(1.324619334 0.2381176623 0.0005076447129)
(1.295342382 0.2672333736 -0.03918388271)
(1.297902246 0.2580439132 0.0008848400493)
(1.322202662 0.2443152439 -0.0434040631)
(1.399464337 0.2084209391 9.405030225e-05)
(1.376050012 0.2407150046 -0.05301412707)
(1.376337486 0.2397022156 0.0001594910837)
(1.348338344 0.2149729561 0.000263812381)
(1.367412677 0.189785492 -0.05027777194)
(1.368510758 0.1884975169 0.0001554031247)
(1.346483161 0.2180506011 -0.04704424345)
(1.310084707 0.2151354099 0.001204362871)
(1.285886177 0.2209842699 0.003723521215)
(1.261820262 0.2394418314 -0.03495040568)
(1.272456592 0.194535402 -0.0351183342)
(1.295629243 0.2345573775 0.003123318051)
(1.294541098 0.1988854905 0.001448265979)
(1.294485144 0.2206846082 -0.03881681699)
(1.326963138 0.1942797273 0.0004999940285)
(1.320491782 0.1558880464 0.0002843487774)
(1.339848158 0.172736157 -0.04501562721)
(1.297538945 0.1780877133 -0.037941321)
(1.342954535 0.1713194548 0.0002780712482)
(1.307777072 0.1785462296 0.0006159658562)
(1.319776529 0.197526811 -0.04202629096)
(1.437287567 0.1036562988 0.06171129611)
(1.440294934 0.0692855073 -1.996734055e-05)
(1.437341319 0.1040142399 -2.532185937e-05)
(1.405589177 0.09773697791 -4.986131484e-05)
(1.410100081 0.06667487255 0.05595192354)
(1.410228622 0.06683770495 -3.400666031e-05)
(1.405464167 0.09764018193 0.05543326463)
(1.368177663 0.1188973554 -0.0001227626076)
(1.355746648 0.145790071 0.04716039385)
(1.342032921 0.109848294 0.04457686127)
(1.333040361 0.1327487011 -0.0001928726985)
(1.357069017 0.1452485362 -0.0001818670604)
(1.342799788 0.1084742068 -7.579998851e-05)
(1.367618899 0.1189730488 0.04884132324)
(1.376131274 0.0910292924 -0.0001089873769)
(1.380775248 0.06406349504 0.05059262739)
(1.350303659 0.08521016158 0.04530879409)
(1.355405808 0.05944271612 -3.185298009e-05)
(1.380795363 0.06420121834 -9.582654436e-05)
(1.350586615 0.08368530187 -9.743992733e-05)
(1.375908589 0.0909946177 0.04990330443)
(1.417545161 0.1743738184 6.027607885e-05)
(1.430017718 0.1389285685 -0.06079650616)
(1.430099722 0.1392072146 4.079820447e-05)
(1.397321393 0.1287670747 6.456012782e-05)
(1.384419323 0.1595611069 -0.0526848117)
(1.384999465 0.1591232554 9.989972071e-05)
(1.397036525 0.1288082849 -0.0543314397)
(1.440304726 0.06926573488 2.681542446e-05)
(1.437321052 0.1036173022 -0.06171855546)
(1.437355335 0.1040001156 3.30462357e-05)
(1.4055944 0.09772997744 5.273954249e-05)
(1.410116574 0.06665818187 -0.05595749401)
(1.410233956 0.06683036605 3.920395881e-05)
(1.405471036 0.09762137206 -0.05543827919)
(1.368183893 0.118895255 0.0001265013562)
(1.333043784 0.1327489842 0.0001943006846)
(1.355759793 0.145785513 -0.04716226327)
(1.342057625 0.1098449699 -0.04457865486)
(1.357074256 0.1452471879 0.0001838570079)
(1.342806298 0.1084735145 8.07601994e-05)
(1.367634754 0.1189678132 -0.04884535556)
(1.376137079 0.09102634697 0.0001126984823)
(1.355409968 0.05943986426 3.676276784e-05)
(1.380789612 0.06405745381 -0.0505939221)
(1.350308171 0.08520230869 -0.04531297787)
(1.380800088 0.06419741832 0.0001013184154)
(1.350590778 0.08368350763 9.953391872e-05)
(1.3759243 0.09098670227 -0.04990717833)
(1.409947792 -0.02518323822 0.0002692516377)
(1.42966572 -0.0295878069 0.06021535057)
(1.39782786 -0.04997063807 0.05538727171)
(1.422716509 -0.05664580713 8.242245368e-05)
(1.430324462 -0.02855809298 4.123307919e-05)
(1.407436667 -0.05170630999 0.0004922103626)
(1.405678581 -0.02409127366 0.05526589289)
(1.379472104 0.01139722197 -9.36933934e-05)
(1.381841768 0.0364361677 0.05053715768)
(1.361785525 0.01383852114 0.04808399025)
(1.358957735 0.03395524535 -0.000116763671)
(1.381890608 0.03637725115 -0.0001406887486)
(1.36040535 0.01212002234 -1.093038114e-05)
(1.380685359 0.01164955761 0.05016827535)
(1.439550229 0.03545624511 3.076170488e-06)
(1.410387887 0.005422757736 -0.0001193210899)
(1.435423837 0.00238500517 -0.06133691061)
(1.411270354 0.0358935338 -0.05594293217)
(1.435769656 0.003049658841 -3.043581795e-05)
(1.411663856 0.03594427638 1.086490315e-05)
(1.409560888 0.005334387188 -0.05571736859)
(1.409928836 -0.02515998777 -0.0002694330489)
(1.42271601 -0.05662380034 -8.81861708e-05)
(1.429562952 -0.02946637911 -0.06021388269)
(1.397834541 -0.04992864302 -0.05539133574)
(1.430301357 -0.02851573702 -6.002628951e-05)
(1.407432716 -0.05169001315 -0.0004954657623)
(1.405680467 -0.02404012724 -0.05527859543)
(1.379470938 0.01139319759 9.784513135e-05)
(1.358955845 0.03395697852 0.0001155267847)
(1.381819927 0.03641241492 -0.05053959745)
(1.361794175 0.01384282449 -0.04808574102)
(1.381889286 0.03636957686 0.000140024244)
(1.360407723 0.01212292666 1.501702869e-05)
(1.380681026 0.01163508705 -0.05016995619)
(1.398822187 -0.110830958 0.05561891745)
(1.385620647 -0.07717345607 0.05299073701)
(1.413035148 -0.08543340177 5.268037157e-05)
(1.401067487 -0.1122582335 -2.025174923e-05)
(1.404451945 -0.07977108915 0.0003729456436)
(1.40134573 -0.1020832087 -0.0001527837302)
(1.374944355 -0.09834647212 0.05319476476)
(0.7305556572 0.2278474453 -0.04219954348)
(0.7868578656 0.2669420776 -0.03846947801)
(0.7989416679 0.2773642219 -0.003401709622)
(0.8399829911 0.2561224327 -0.0007165385865)
(0.8319666245 0.2869892979 -0.003145389094)
(0.8671810013 0.2640513509 -0.0009222770416)
(0.7567714815 0.2328387479 -0.03799754802)
(0.7989376597 0.2773550807 0.003396873843)
(0.7305439259 0.2278316329 0.04220136579)
(0.7868625087 0.2669456734 0.0384722819)
(0.8399771165 0.2561190234 0.0007113810085)
(0.8319682433 0.2869893325 0.003140654718)
(0.8671851024 0.2640538595 0.0009177853177)
(0.7567695508 0.2328457319 0.03800090375)
(1.030131443 0.3056947018 0.01079619621)
(1.10117332 0.2881531027 0.01375279569)
(1.174343774 0.3396885842 -0.0038742183)
(1.191046729 0.3500562264 0.0005814732601)
(1.185966273 0.3169051792 -0.00503073699)
(1.206260203 0.3288487958 -0.000944529939)
(1.025158758 0.2776802534 0.01102936129)
(1.174353709 0.3396828969 0.003878789336)
(1.030166444 0.3056909301 -0.01079972904)
(1.101204063 0.2881390074 -0.01375303462)
(1.191055771 0.3500520181 -0.0005774852658)
(1.185973297 0.3168976811 0.005033768147)
(1.206267892 0.3288436424 0.0009475259305)
(1.025176722 0.2776696419 -0.01103176815)
(1.413044208 -0.08542793748 -4.354377716e-05)
(1.398844044 -0.1108308934 -0.055618361)
(1.385664236 -0.07717732648 -0.05299082382)
(1.401070555 -0.1122625427 2.347915471e-05)
(1.404453233 -0.07977603174 -0.0003698017161)
(1.401343946 -0.1020987684 0.0001524029662)
(1.374966084 -0.09837726592 -0.05319288626)
(0.2253592993 0.2206650953 0.01397926072)
(0.1303473553 0.1288486362 0.00914045691)
(0.04307193479 0.04314846332 0.005159315017)
(0.2253713759 0.2206792071 -0.01398060874)
(0.1303555178 0.1288570758 -0.009141709353)
(0.04307507286 0.04315168903 -0.005160111842)
(-0.01865169989 0.02103172385 0.04245238492)
(-0.01185673955 0.01240514545 0.02774863961)
(-0.003957178519 0.00447171975 0.01577208606)
(-0.01863551855 0.02101653402 -0.0424505166)
(-0.01184755474 0.01239657247 -0.02774768003)
(-0.003954169827 0.00446884128 -0.01577182501)
(0.01607780977 0.07126855362 0.0001520507063)
(0.007343813675 0.04196936135 0.0001607677212)
(0.001458259174 0.01416811825 0.0001666735719)
(0.009629195491 0.02435170885 -0.05322284676)
(0.003476661085 0.01416069193 -0.03422244337)
(0.001032555379 0.004640283985 -0.0195719745)
(0.009235363441 0.02420895793 0.0001861842899)
(0.003358438111 0.01405130406 0.000185730617)
(8.866666997e-05 0.0046753892 0.000183127706)
(0.01642488882 0.07145985828 -0.05179762072)
(0.007447668722 0.04211790015 -0.03318701923)
(0.002370456355 0.01412292558 -0.01901860784)
(-0.02532276441 0.04163262392 -0.0001912172017)
(-0.01492166487 0.02365951863 -0.0001811719156)
(-0.005281110115 0.007503162958 -0.0001627318443)
(0.2536927403 0.1933691482 0.027125948)
(0.1469693149 0.1120631291 0.0172327622)
(0.04849124268 0.03731734694 0.009854528093)
(0.2535827003 0.1926330532 -0.0001760646002)
(0.146790626 0.1117019231 -0.000139422576)
(0.04867017232 0.03683878735 -0.0001244346082)
(0.03660383848 0.1095337202 0.0001717865818)
(0.01969784809 0.06560073303 0.000164216359)
(0.005732920633 0.0224771773 0.0001625497364)
(0.03707518515 0.109950881 -0.04756541106)
(0.01990078704 0.06589804855 -0.03005189457)
(0.006574651284 0.02238916027 -0.01723832016)
(0.01607758176 0.07126713506 -0.0001511001619)
(0.007343692782 0.0419684985 -0.0001601445971)
(0.001458241166 0.01416781384 -0.0001663120719)
(0.009628033146 0.02435003758 0.05322170126)
(0.003476194661 0.01415961818 0.03422161552)
(0.001032450756 0.004639888803 0.01957148695)
(0.009235157014 0.02420835063 -0.000184958644)
(0.003358355527 0.01405090907 -0.0001849256935)
(8.867029533e-05 0.004675241227 -0.0001826590365)
(0.01642385333 0.07145623134 0.05179670846)
(0.007447176925 0.0421156474 0.03318635187)
(0.002370312258 0.0141221294 0.01901823199)
(0.03660346497 0.1095316736 -0.0001710814095)
(0.01969761417 0.06559948697 -0.0001637539272)
(0.005732846688 0.02247674768 -0.0001622782459)
(0.037073735 0.109945821 0.04756487017)
(0.01989997111 0.06589492214 0.03005149936)
(0.006574376942 0.02238806648 0.01723810812)
(0.0640117016 0.1608744114 0.03593088524)
(0.03614287346 0.09462648304 0.0242718933)
(0.01193804224 0.03166391928 0.01387515036)
(-0.02315391002 0.06468717017 0.03427448631)
(-0.0135151271 0.03752841431 0.02302459194)
(-0.004190147958 0.01254979491 0.01306499403)
(-0.02315187718 0.06468300203 -0.03427375568)
(-0.013513999 0.03752610998 -0.02302445994)
(-0.004189859075 0.01254906075 -0.01306519163)
(0.1628952916 0.2054028968 -0.001366070575)
(0.09464098303 0.121508545 -0.001114266167)
(0.03148350158 0.04086409228 -0.0007124157681)
(0.1622358873 0.2052387199 0.0001432661695)
(0.09425151853 0.1213077597 8.722972251e-05)
(0.03132163949 0.04077478857 5.591696102e-05)
(0.1426072784 0.2135210776 -2.473488867e-05)
(0.08255029509 0.1246830798 -3.5846935e-05)
(0.0271300184 0.04171188262 -3.749451132e-05)
(0.1628906898 0.2053926419 0.001366181009)
(0.09463737435 0.1215020572 0.001114265676)
(0.03148181651 0.04086156051 0.0007123897167)
(0.1622312114 0.2052319748 -0.0001433811629)
(0.09424762313 0.1213024285 -8.72760815e-05)
(0.03131981581 0.04077238089 -5.595414922e-05)
(0.2246965227 0.2199276141 -2.135151744e-05)
(0.1297971917 0.1282955732 -3.194844775e-05)
(0.0430008054 0.04273484885 -3.868544041e-05)
(0.2247018033 0.2199340973 2.315757936e-05)
(0.1298011563 0.1282994825 3.341307942e-05)
(0.04300244699 0.04273644537 3.952145925e-05)
(-0.01877442626 0.02067614439 -0.0001892993628)
(-0.01181753324 0.01227994428 -0.0001804923406)
(-0.004452063426 0.003909468188 -0.000167485713)
(-0.01876965039 0.02067079859 0.0001890190033)
(-0.01181472311 0.01227685688 0.0001802982344)
(-0.004451144342 0.003908461594 0.0001673859086)
(-0.0257836627 0.05877805505 0.03923476097)
(-0.01515179133 0.03367088339 0.02472756604)
(-0.004797139421 0.01117854946 0.01410892527)
(-0.02499611437 0.04181654286 0.03824068105)
(-0.01486122882 0.02371085027 0.02594812733)
(-0.004693463922 0.007901224054 0.01475438917)
(0.2643633298 0.09930587616 0.05834806231)
(0.1487401465 0.05532132975 0.03930904373)
(0.04766005465 0.01799680697 0.0224276789)
(0.002594395282 0.001614422774 0.04561719931)
(-0.000707235636 0.001208946961 0.03096814413)
(-0.0006564739509 0.0008985876742 0.01760393427)
(0.03676435796 -0.01245615449 0.05436583263)
(0.01800776956 -0.007008852646 0.0344327219)
(0.005203201993 -0.001754457852 0.01967826965)
(0.06401225871 0.1608775051 -0.0359317396)
(0.03614282137 0.09462769086 -0.0242722747)
(0.01193785867 0.0316641193 -0.0138751327)
(0.09362564267 0.1858819338 -0.02748930868)
(0.05371252745 0.1107134825 -0.01773334116)
(0.0179717643 0.03744422831 -0.01022263763)
(0.1427007514 0.2137347848 -0.01213218518)
(0.0826361355 0.1248926353 -0.008150449348)
(0.02736406248 0.04168956853 -0.004658458782)
(0.09362386964 0.1858743368 0.02749166055)
(0.05371063135 0.110707803 0.01773407345)
(0.01797087304 0.03744172199 0.01022265409)
(0.1426996774 0.2137323123 0.01213226299)
(0.08263581756 0.1248915694 0.008150450927)
(0.02736416313 0.04168944396 0.004658496459)
(-0.0257800654 0.05876909481 -0.03923743887)
(-0.01514965842 0.03366523006 -0.02472840663)
(-0.004796327014 0.01117647415 -0.01410889729)
(-0.02499715071 0.04181646389 -0.03823988073)
(-0.01486152473 0.02371105992 -0.02594776343)
(-0.004693451524 0.007901243548 -0.01475439859)
(0.2912171715 0.1381052722 0.05091758428)
(0.1670872371 0.07843830114 0.03265795803)
(0.05468086274 0.02600857871 0.0186961893)
(0.2911966171 0.1380989794 -0.05092220457)
(0.1670731974 0.07843285916 -0.03265965315)
(0.05467521475 0.02600625502 -0.01869646627)
(0.2643515586 0.09930111521 -0.05834612882)
(0.1487338942 0.05531912222 -0.03930810903)
(0.04765774123 0.01799610909 -0.02242753868)
(0.05419686147 -0.0159751118 0.05179742953)
(0.02723395402 -0.009036131547 0.03499075918)
(0.007904246193 -0.002376644016 0.01989881331)
(0.05418529024 -0.01596948715 -0.05179563218)
(0.02722727445 -0.009032871036 -0.03499002394)
(0.007902134056 -0.002375679445 -0.01989880103)
(0.03674622706 -0.01244836896 -0.05436834671)
(0.01799640132 -0.007004041441 -0.03443304813)
(0.005199079548 -0.001752647899 -0.01967772792)
(-0.02589503359 0.05867669516 -0.0001109320559)
(-0.01514415206 0.03363123816 -0.0001195182996)
(-0.005383773632 0.01088465906 -0.0001247453669)
(0.2646758181 0.099320423 -6.469657677e-05)
(0.1488178321 0.05543707565 -0.0001217657574)
(0.04802480928 0.01703474502 -0.0001565743985)
(0.261129825 0.06995551834 -0.0002115230187)
(0.1468879679 0.03905382519 -0.0002078724507)
(0.04746569457 0.01198371025 -0.0002129118847)
(0.2611657526 0.07049679782 0.06074831611)
(0.1469523324 0.03916306863 0.03827249664)
(0.04723347087 0.0129761828 0.02184523469)
(0.1336726392 -0.01097777716 -0.0002335224885)
(0.07122671145 -0.006970408532 -0.0002254830453)
(0.02155839628 -0.003071548005 -0.0002204895656)
(0.1795564932 -0.007307219011 0.06854770339)
(0.09865737161 -0.006004418358 0.04428657177)
(0.03109041001 -0.001799652969 0.02537866036)
(0.1797224439 -0.00762662182 -0.0001387657218)
(0.09876991489 -0.006060969549 -0.0001748324799)
(0.03102832558 -0.002998056241 -0.0001991228257)
(0.1334380362 -0.01052944766 0.06307133642)
(0.07106225535 -0.006825795075 0.04016957828)
(0.02162339928 -0.001964582509 0.02296688404)
(0.002527370535 0.001192416687 -0.000213049934)
(-0.0006584655298 0.001103233653 -0.0002075726565)
(-0.001086407071 0.0001774904129 -0.0001892718137)
(0.03696880132 -0.01277300467 -0.0001364321777)
(0.01819134339 -0.00712916393 -0.0001534127882)
(0.004889598384 -0.002631116112 -0.0001653481493)
(0.06383151017 0.1607105392 8.854929939e-05)
(0.03609122366 0.09444873436 0.0001091277724)
(0.01129572319 0.03180392161 0.0001151979671)
(0.06383180917 0.1607098005 -8.896540755e-05)
(0.03609173358 0.09444886079 -0.0001092536472)
(0.01129607072 0.03180417138 -0.0001152298624)
(-0.02353010521 0.064601312 -0.0001836004713)
(-0.01359793297 0.03750736271 -0.0001675156802)
(-0.004776247827 0.01233403148 -0.0001500721444)
(-0.02352949241 0.06459976682 0.0001841550878)
(-0.01359769176 0.03750660672 0.00016791553)
(-0.004776251376 0.0123338596 0.0001503144517)
(0.09302702288 0.1855048207 0.0001624139306)
(0.05340255453 0.1104012316 0.0001342622889)
(0.0174331628 0.03750813846 0.000119025017)
(0.1426070337 0.2135211251 2.440873819e-05)
(0.08254953028 0.12468235 3.574764467e-05)
(0.02712960378 0.04171150893 3.747040546e-05)
(0.09302569601 0.1854988902 -0.0001625407144)
(0.05340120487 0.1103965141 -0.0001342019325)
(0.01743247675 0.03750595061 -0.0001189533436)
(0.264174668 0.1720031259 0.03825643927)
(0.1520680965 0.09935688879 0.02584045734)
(0.04989439277 0.0329774833 0.0146905943)
(0.2536798096 0.1933619406 -0.0271291246)
(0.1469599475 0.1120568482 -0.0172340365)
(0.04848725852 0.03731444633 -0.009854821503)
(0.2535739678 0.1926271836 0.0001770989447)
(0.1467831629 0.1116966218 0.0001400553897)
(0.04866674731 0.03683626981 0.0001247907759)
(0.2641718895 0.1720031004 -0.03825745063)
(0.1520669508 0.09935701647 -0.02584123061)
(0.04989425251 0.03297769064 -0.01469121865)
(0.2642913354 0.1720130893 3.346618836e-05)
(0.15198948 0.0993896689 7.285080281e-05)
(0.05020947771 0.03239318812 0.0001001712833)
(-0.0219483496 0.03098459632 0.04296023828)
(-0.01300702767 0.01767340525 0.02685221697)
(-0.004089156193 0.005989255035 0.0153143367)
(-0.00600134895 0.007524234895 0.04819326375)
(-0.005007652708 0.004692549783 0.03016597834)
(-0.001840211048 0.002022012374 0.01721260992)
(-0.02207705724 0.03088197224 -0.0001360545921)
(-0.01301628471 0.01765554275 -0.0001376853676)
(-0.00465117464 0.005552507624 -0.0001408810655)
(-0.006018657132 0.007206608866 -0.00016383856)
(-0.004946404195 0.004564829942 -0.0001612985196)
(-0.002294410564 0.001343015116 -0.0001615915577)
(0.002588327085 0.001615550678 -0.04561379885)
(-0.0007107665462 0.001210208089 -0.03096605138)
(-0.0006576309173 0.0008992046365 -0.01760298423)
(0.002525033372 0.001192880604 0.0002105361902)
(-0.0006599150584 0.001103791509 0.0002058237273)
(-0.001086925658 0.0001778394315 0.0001882479873)
(-0.0219494139 0.03098812909 -0.0429629998)
(-0.01300757654 0.01767449886 -0.02685286073)
(-0.004089317297 0.005989362453 -0.01531407025)
(-0.006001831503 0.007520416872 -0.0481945419)
(-0.005006713258 0.004689966553 -0.03016550224)
(-0.00183947408 0.002021054257 -0.01721157037)
(-0.02207646935 0.03088201183 0.000135172808)
(-0.01301573771 0.01765505215 0.0001371601144)
(-0.004650880368 0.00555213098 0.0001405984251)
(-0.00601834686 0.007205661405 0.0001610431644)
(-0.00494597715 0.004564176628 0.0001595462841)
(-0.002294156175 0.001342817247 0.0001605585976)
(-0.02589326143 0.05867219328 0.000110508251)
(-0.0151429191 0.03362812886 0.0001193135831)
(-0.00538328566 0.01088345848 0.0001246346751)
(-0.02532313087 0.04163220074 0.0001911362362)
(-0.01492157318 0.02365904524 0.0001810852768)
(-0.005281080734 0.007503057211 0.0001626786597)
(0.2642920834 0.1720126571 -3.171939742e-05)
(0.1519891163 0.09938895931 -7.177371991e-05)
(0.05020922452 0.03239284009 -9.958285033e-05)
(0.2910939604 0.1374173384 -0.0001967922852)
(0.1669102304 0.07820573319 -0.0001869415282)
(0.05496024907 0.02515983736 -0.000187999534)
(0.2910805963 0.1374132726 0.0001973994559)
(0.1669002847 0.07820211601 0.0001872378568)
(0.0549559507 0.02515816272 0.0001881525264)
(0.2474963018 0.03479735016 -0.0001090846826)
(0.1384779724 0.01807003077 -0.0001527958876)
(0.04439286698 0.004960240725 -0.0001848022672)
(0.2218615079 0.02324168714 0.06358614006)
(0.1233300672 0.01182432822 0.04081758993)
(0.03917639201 0.00392809 0.02330106589)
(0.221919066 0.02280319065 -0.0002470757963)
(0.1233332458 0.01170502926 -0.0002349458296)
(0.03926274072 0.002815839385 -0.0002284132504)
(0.2474372608 0.03508447735 0.06670886301)
(0.1384891688 0.01810058104 0.04295788964)
(0.04426764709 0.006107590847 0.02461012283)
(0.2646703894 0.09931847895 6.491009385e-05)
(0.1488153148 0.05543632791 0.0001217466291)
(0.04802383235 0.01703457748 0.0001565241557)
(0.2611264962 0.06995400716 0.0002095418952)
(0.1468859475 0.03905307508 0.0002065189442)
(0.04746492918 0.01198350983 0.0002121133821)
(0.2611587288 0.07049272073 -0.06074641424)
(0.1469480562 0.03916130846 -0.03827112572)
(0.04723204633 0.01297568898 -0.02184444484)
(0.2474960553 0.03479703231 0.0001075236138)
(0.1384777458 0.01806990569 0.0001517627226)
(0.04439273692 0.004960244683 0.000184198807)
(0.2218638923 0.02324131491 -0.06358515654)
(0.1233317359 0.0118242383 -0.04081686377)
(0.03917696817 0.00392809243 -0.02330064025)
(0.221918735 0.02280325056 0.0002459491309)
(0.1233327591 0.0117050247 0.0002342065703)
(0.03926238055 0.002815838111 0.0002279846927)
(0.247438471 0.0350832344 -0.0667073591)
(0.138490243 0.01810020287 -0.04295681472)
(0.04426818431 0.006107571804 -0.02460951153)
(0.05441646944 -0.0165950166 -0.000265722992)
(0.02742890297 -0.009219221997 -0.0002476161502)
(0.007663517011 -0.003303898477 -0.0002226555473)
(0.09803197826 -0.01994258581 -0.0001451095406)
(0.05130901578 -0.01180465 -0.0001675910757)
(0.01519792529 -0.004423356414 -0.0001851451319)
(0.09782868677 -0.01966167949 0.06298910433)
(0.05116429233 -0.01172193543 0.03963237118)
(0.01541766122 -0.003373765062 0.02270072951)
(0.1336723978 -0.01097745899 0.0002334045736)
(0.0712265819 -0.006970285865 0.0002254159364)
(0.0215581986 -0.003071492226 0.0002204542246)
(0.1795597801 -0.007307813241 -0.0685471923)
(0.09865916386 -0.006004741519 -0.0442861547)
(0.03109113733 -0.001799751569 -0.02537840943)
(0.179722337 -0.007626589366 0.0001381591342)
(0.0987691039 -0.006060936252 0.0001744489283)
(0.03102793229 -0.002998014288 0.0001989009005)
(0.1334403379 -0.01052934866 -0.06307123131)
(0.07106367765 -0.006825819355 -0.0401694364)
(0.02162393979 -0.001964630134 -0.02296681596)
(0.05441137849 -0.01659278877 0.0002657867936)
(0.02742614077 -0.009218024582 0.000247618427)
(0.007662570012 -0.003303528589 0.0002226625433)
(0.09803070007 -0.0199418021 0.0001449421194)
(0.05130805946 -0.01180424972 0.0001675131319)
(0.01519742933 -0.004423195708 0.0001851049055)
(0.0978285852 -0.01966071777 -0.06298908657)
(0.0511642181 -0.01172163991 -0.03963233808)
(0.01541768236 -0.003373738918 -0.02270073952)
(0.03696025965 -0.01276929474 0.0001346103551)
(0.0181857408 -0.007126641578 0.0001522622116)
(0.004887404387 -0.00263007449 0.0001646775252)
)
;

boundaryField
{
    inlet
    {
        type            fixedValue;
        value           uniform (1 0 0);
    }
    outlet
    {
        type            zeroGradient;
    }
    topAndBottom
    {
        type            symmetry;
    }
    frontAndBack
    {
        type            empty;
    }
    cylinder
    {
        type            noSlip;
    }
    procBoundary2to0
    {
        type            processor;
        value           nonuniform List<vector> 
75
(
(0.9999621841 -8.676551601e-05 0)
(0.9996427027 -0.000261170855 1.266423354e-22)
(0.9989680473 -0.0004402701516 7.639667156e-23)
(0.9979133124 -0.0006283679145 5.093527809e-23)
(0.9964742406 -0.0008376356805 7.848578526e-23)
(0.9945992387 -0.001095555774 -1.06524624e-22)
(0.9921557072 -0.001434624242 -5.654775876e-23)
(0.9889534019 -0.001866278418 -3.40852981e-24)
(0.9848178531 -0.002368783701 2.575901275e-22)
(0.9796494071 -0.002910612785 -1.228726431e-22)
(0.9733996259 -0.003491700674 1.228223038e-22)
(0.9659705863 -0.004166301512 -1.366860808e-22)
(0.9571027429 -0.005035665957 1.014164903e-22)
(0.9463090761 -0.006233546926 0)
(0.9328047165 -0.007932064264 0)
(0.9154944383 -0.01038974217 4.53525008e-23)
(0.8924546025 -0.01401983773 0)
(0.8617561376 -0.01956889032 -9.268626206e-22)
(0.8156168817 -0.02833030269 -3.317766352e-07)
(0.7674335347 -0.02351999852 -0.02857056938)
(0.6369648749 -0.01678795553 -0.06039975143)
(0.5118938563 -0.02963923207 -0.07817311628)
(0.1762175271 -0.06084882699 -0.1001623333)
(0.1762197135 -0.06084588541 0.1001602238)
(0.2837195262 -0.05253413197 -0.09497841512)
(0.5118939716 -0.02962895303 0.07817242955)
(0.2837299483 -0.05253445522 0.09497625419)
(0.1768811248 -0.06059973178 -0.0001999939711)
(0.04696514351 -0.05689301956 -0.1004258387)
(0.04667515565 -0.05662881178 6.826335409e-05)
(0.1768820944 -0.06059846405 0.0002029859836)
(0.04696155748 -0.05689009758 0.1004243728)
(0.04667448625 -0.05662777381 -6.594656801e-05)
(0.5624107517 -0.02493504812 -0.07311450991)
(0.636959957 -0.01677133022 0.06040099162)
(0.5624250249 -0.02492201869 0.07311326938)
(0.4502881257 -0.03559347664 -0.08361045196)
(0.5160175218 -0.0295167745 -0.0003406957048)
(0.4523076243 -0.0354807678 -0.0001816040092)
(0.2840655292 -0.05239932677 -9.482136482e-05)
(0.3753730746 -0.04318216296 -0.08932793982)
(0.3764367055 -0.04306588563 -0.0001114380295)
(0.5160180382 -0.02951366336 0.0003427835511)
(0.4502850776 -0.03558923795 0.08360952495)
(0.4523072506 -0.03547914999 0.0001822669066)
(0.2840693427 -0.05239891281 9.68710757e-05)
(0.3753784659 -0.04318167126 0.08932641087)
(0.3764389302 -0.04306532293 0.0001126672421)
(0.7203591755 -0.02651616663 -0.0313234802)
(0.7674382444 -0.02351984946 0.02857043049)
(0.7203592796 -0.02651518353 0.0313234455)
(0.6324907432 -0.01826678114 -0.06437977238)
(0.7258357818 -0.01985603622 -0.0006390992136)
(0.664369523 -0.01914777399 -0.003049896149)
(0.5704600259 -0.02481017454 -0.0007642926142)
(0.6037737148 -0.02118445988 -0.06852256477)
(0.6177751127 -0.02120643241 -0.001877887262)
(0.7258358934 -0.01985104017 0.0006400747273)
(0.6324883736 -0.01825491208 0.06437951065)
(0.6643695977 -0.01914389607 0.003050022704)
(0.5704648794 -0.02480605733 0.0007666553928)
(0.6037813217 -0.02117265682 0.06852189544)
(0.6177777711 -0.02120274574 0.001878359462)
(0.009633299958 -0.0243782146 -0.05322202427)
(0.003479045315 -0.01417640433 -0.03422192028)
(0.001033334434 -0.00464556997 -0.01957171801)
(0.009239470737 -0.02423529527 0.0001861685831)
(0.003360812598 -0.01406689412 0.0001857183972)
(8.945844148e-05 -0.004680688908 0.0001831194393)
(0.009632126323 -0.02437634435 0.05322091303)
(0.003478568015 -0.01417520344 0.03422111735)
(0.001033226729 -0.004645128257 0.01957124532)
(0.0092392621 -0.02423460202 -0.0001849511086)
(0.00336072694 -0.01406644442 -0.0001849194553)
(8.946046947e-05 -0.004680520973 -0.0001826543956)
)
;
    }
    procBoundary2to3
    {
        type            processor;
        value           nonuniform List<vector> 
103
(
(1.284173287 -0.06789687331 -2.108946137e-07)
(1.284173287 -0.06789687331 -2.108946137e-07)
(1.284173287 -0.06789687331 -2.108946137e-07)
(1.284173287 -0.06789687331 -2.108946137e-07)
(1.284173287 -0.06789687331 -2.108946137e-07)
(1.284173287 -0.06789687331 -2.108946137e-07)
(1.229260908 -0.05119224656 8.646358969e-07)
(1.187387155 -0.03348999639 -7.453929337e-22)
(1.156140016 -0.02556683317 -4.603303256e-22)
(1.132658626 -0.01824009954 1.511951273e-22)
(1.114326713 -0.01376882411 5.112395924e-24)
(1.100001212 -0.01034721631 9.765580535e-23)
(1.088622658 -0.007903324533 -3.176649616e-23)
(1.079511732 -0.006081037666 -1.053968669e-23)
(1.072158699 -0.00470366572 2.258154518e-23)
(1.066188006 -0.003654321846 1.609866995e-23)
(1.061321704 -0.002841487526 1.846089271e-23)
(1.057358004 -0.002205165565 1.346011443e-23)
(1.054141971 -0.001702183236 1.290464825e-23)
(1.051554201 -0.001299760877 0)
(1.049510048 -0.0009734873701 -5.038019954e-24)
(1.047944161 -0.0007032433208 2.391591325e-24)
(1.046807292 -0.0004750583919 -3.995326889e-24)
(1.046066902 -0.0002726238956 5.207983575e-24)
(1.045701749 -8.938308366e-05 -7.125304317e-24)
(-0.068128264 0.1646901163 -4.360870925e-05)
(-0.06450167969 0.1549295039 0.07583643575)
(-0.06851788569 0.1651135985 0.07729656583)
(-0.06469998531 0.1547888607 0.0001472797869)
(-0.04374888841 0.1249451556 0.06160546591)
(-0.04434214113 0.1249849566 -0.0001965674474)
(-0.04374606523 0.1249379389 -0.06160506006)
(-0.04434014068 0.1249813434 0.0001976787027)
(-0.05231878814 0.161584634 8.1940943e-05)
(-0.05231878814 0.161584634 8.1940943e-05)
(-0.052199506 0.1616978268 0.08006028656)
(-0.052199506 0.1616978268 0.08006028656)
(0.05653777693 0.142051325 0.07978906622)
(0.05655097713 0.1419253342 -2.495820885e-05)
(-0.06813400774 0.1646874329 4.272210492e-05)
(-0.06449268654 0.1549165629 -0.0758380227)
(-0.06853408482 0.1651060206 -0.07729564711)
(-0.06469724625 0.1547844473 -0.0001482932541)
(-0.05232528087 0.1615837882 -8.295754701e-05)
(-0.05232528087 0.1615837882 -8.295754701e-05)
(-0.05221869204 0.1616938099 -0.08005916887)
(-0.05221869204 0.1616938099 -0.08005916887)
(0.0564892118 0.1420972152 -0.07979219202)
(0.05653453907 0.1419382496 1.626535726e-05)
(0.1805777639 0.07284324831 0.08036102911)
(0.1806543155 0.07289335794 1.071940509e-05)
(0.3718013744 -0.006914268941 5.305159279e-06)
(0.3715778064 -0.007030758033 0.08037332096)
(0.6212710172 -0.08127497466 3.164925065e-05)
(0.8874114795 -0.1368182348 0.07717153659)
(0.8877447377 -0.1363814711 4.959832764e-05)
(0.6210209617 -0.08156820481 0.07953178582)
(0.1805229208 0.07289411705 -0.08035577367)
(0.1806350683 0.07290800276 -2.209965518e-09)
(0.3718082795 -0.00692289552 -4.318079323e-06)
(0.3715985546 -0.007064836043 -0.08037363007)
(0.6212738537 -0.08127495611 -3.233613823e-05)
(0.8874198688 -0.1368111948 -0.07717153161)
(0.8877478189 -0.1363802713 -5.008740029e-05)
(0.6210263162 -0.08157078535 -0.07953062666)
(1.117772849 -0.1662651632 0.07327275532)
(1.118340172 -0.1655771948 8.494719455e-05)
(1.278191465 -0.1727477327 0.0001178617486)
(1.277337478 -0.1743392616 0.06858215817)
(1.373097419 -0.1428538694 0.02991833502)
(1.373097419 -0.1428538694 0.02991833502)
(1.373097419 -0.1428538694 0.02991833502)
(1.373097419 -0.1428538694 0.02991833502)
(1.335047295 -0.1190996466 0.02609011339)
(1.373088106 -0.1428737373 -0.02991978879)
(1.373088106 -0.1428737373 -0.02991978879)
(1.373088106 -0.1428737373 -0.02991978879)
(1.373088106 -0.1428737373 -0.02991978879)
(1.335027426 -0.1191040865 -0.02609308004)
(1.36493181 -0.1659657683 0.0003377863903)
(1.378823384 -0.1545779376 0.0592084914)
(1.405440691 -0.1580663942 0.001244763888)
(1.361002479 -0.1691008154 0.06373963318)
(1.117819038 -0.1662804463 -0.0732726635)
(1.118348254 -0.1655819822 -7.385510382e-05)
(1.278201777 -0.1727503113 -0.0001126826017)
(1.277378376 -0.1743544703 -0.06858679673)
(1.364933123 -0.1659654915 -0.0003362206328)
(1.37878369 -0.1545749638 -0.05920858834)
(1.40545531 -0.1580717444 -0.001247807018)
(1.36100677 -0.1691001307 -0.06374033148)
(-0.01762086221 0.05984115839 0.03309239702)
(-0.009895089364 0.03538877515 0.02054891365)
(-0.002944238492 0.01203415968 0.01169137121)
(-0.01762079834 0.0598424472 -0.03309297823)
(-0.009895185739 0.03538961555 -0.02054924617)
(-0.002944322459 0.01203448245 -0.01169157313)
(-0.01775117155 0.05962400335 -0.0001203844427)
(-0.009899405007 0.03525300887 -0.0001169078176)
(-0.003461041997 0.011837205 -0.0001144389539)
(-0.01775091433 0.05962433827 0.0001209416006)
(-0.009899335216 0.03525316415 0.0001172723365)
(-0.003461040526 0.01183726916 0.0001146555007)
)
;
    }
}


// ************************************************************************* //
