/*--------------------------------*- C++ -*----------------------------------*\
| =========                 |                                                 |
| \\      /  F ield         | OpenFOAM: The Open Source CFD Toolbox           |
|  \\    /   O peration     | Version:                                        |
|   \\  /    A nd           | Website:  www.openfoam.com                      |
|    \\/     M anipulation  |                                                 |
\*---------------------------------------------------------------------------*/
FoamFile
{
    version     2.0;
    format      ascii;
    class       surfaceScalarField;
    location    "9.5";
    object      phi;
}
// * * * * * * * * * * * * * * * * * * * * * * * * * * * * * * * * * * * * * //

dimensions      [0 3 -1 0 0 0 0];
oriented        oriented;


internalField   nonuniform List<scalar> 
6094
(
0.02000171122
1.204550712e-06
0.0199950107
9.550678771e-06
0.0199797939
1.809069559e-05
0.01995543369
2.722862942e-05
0.01992105943
3.722982636e-05
0.01987547531
4.842161055e-05
0.0198170761
6.121234642e-05
0.01974373238
7.612473053e-05
0.01965262798
9.384341207e-05
0.01954002528
0.0001152872125
0.01940091833
0.0001417213525
0.01922851044
0.0001749326569
0.01901341314
0.0002175073254
0.01874237062
0.000273303457
0.01839636285
0.0003480687114
0.01794959512
0.0004481294135
0.01737517564
0.0005688594156
0.01662689138
0.000720055213
0.003869191142
0.001094267297
0.003893683697
0.003869112509
0.003893516379
0.003670780252
0.0001983740994
-2.405025911e-09
-0.0008245441162
0.0007910794771
3.675253338e-05
-3.281724579e-06
-0.0006635137245
0.0005923327864
7.289014763e-05
-1.696936548e-06
-0.0002764735655
-9.927578152e-07
0.0001343629049
0.0001430801477
0.02000620748
-5.004972162e-06
0.02000453895
1.121921037e-05
0.0199944694
2.816024241e-05
0.01997551644
4.618159139e-05
0.01994687076
6.587550229e-05
0.01990740901
8.78833608e-05
0.0198556336
0.0001129877581
0.0197895732
0.000142185124
0.01970664545
0.0001767711597
0.01960346328
0.0002184693801
0.01947555496
0.0002696296732
0.01931695848
0.0003335291339
0.01911962463
0.0004148411809
0.01887271653
0.000520211554
0.01856102593
0.0006597593082
0.01816463558
0.0008445197607
0.0176368258
0.001096669192
0.01693516117
0.001421719839
0.003943538052
0.002035697337
0.004052230575
0.00394415361
0.004053808893
-0.0003809276679
0.003797679753
0.0005267754979
1.04688092e-08
-0.0001357925425
-0.000862754298
0.0008379618433
0.0001637321472
-3.147149667e-06
-0.0002616265281
-0.000751428782
0.0007078815533
-2.183123858e-06
0.0003073568807
-0.0004923276419
-0.0005485234272
-2.350099591e-07
0.0004783319919
0.0005627540879
0.01999904896
-4.055652504e-06
0.01999044491
1.982326383e-05
0.01997405972
4.45454281e-05
0.01994939611
7.084520072e-05
0.0199157478
9.952381247e-05
0.01987215674
0.0001314744148
0.0198173594
0.0001677850989
0.01974971733
0.0002098271863
0.01966712669
0.0002593618053
0.01956689823
0.000318697834
0.01944559289
0.0003909350163
0.0192989745
0.0004801475168
0.01912162923
0.0005921864566
0.01891035511
0.0007314856677
0.01865689849
0.0009132159311
0.01837587555
0.001125542697
0.01802193793
0.001450606805
0.01760844445
0.001835213317
0.01709305157
0.00255109022
0.003975629099
0.003546423113
-0.0006343028931
-0.0007394578635
-0.0006363177102
-0.0007402637267
0.004172550671
0.003975908641
0.004172882235
-0.0009947064113
0.001107608926
2.544676522e-08
0.0009077119384
0.0009974963593
0.001022233736
0.0009352591035
-0.0003870164578
-0.000906867394
0.0009091484526
0.0003934881624
-8.752762834e-06
-0.000661849694
-0.0009241187816
-6.881074719e-07
0.0009285311623
0.0006581254215
-0.0009053474952
-0.0009949696399
2.480766771e-06
0.001149252696
0.0007485836716
-5.721399137e-05
2.276581716e-05
2.429103962e-07
-1.406022521e-05
4.826548937e-05
0.01999677775
-8.346854042e-07
0.01998660488
2.999613288e-05
0.01996935053
6.179977558e-05
0.01994462174
9.557399215e-05
0.01991185952
0.0001322860322
0.01987031214
0.0001730217965
0.01981900706
0.0002190901761
0.01975671701
0.0002721172324
0.0196819235
0.0003341553137
0.01959291588
0.0004077054498
0.01948766307
0.0004961878309
0.0193670403
0.0006007702883
0.01922906864
0.0007301581093
0.01909466757
0.0008658867386
0.01893887887
0.001069004631
0.01879736195
0.001267059614
0.01857285329
0.001675115463
0.01824866275
0.002159403852
0.01801304253
0.002786710437
0.004409940313
0.003691763573
0.004524060032
0.004409509731
0.004524191986
-0.001148915774
0.004384529349
0.001174331456
-4.717712746e-09
-0.0003679086212
-0.001024970981
0.001035497923
0.0003619863845
-4.604704271e-06
-0.0005579657904
-0.001151516626
0.00118139888
-2.706971623e-06
0.0005307905083
-0.0006855144328
-0.001330617429
-1.284348087e-07
0.001381662326
0.0006345979721
-0.0005925826725
-0.001503018982
2.184987857e-07
0.001498214904
0.0005971682508
-0.0002142570429
-0.001263626265
2.781017633e-07
0.001165305548
0.0003122996557
-5.196469014e-05
-0.0008914894235
1.15480331e-07
0.0008205962832
0.0001227423486
-5.582675741e-05
-0.0006897628184
-1.169747797e-08
0.0006562995603
8.930171765e-05
0.01999684673
2.31777625e-06
0.01998762797
3.92148906e-05
0.01997218949
7.723825039e-05
0.0199502604
0.0001175030805
0.01992143933
0.0001611071074
0.01988520014
0.0002092609832
0.01984088781
0.0002634025013
0.019787717
0.0003252880479
0.01972528148
0.0003965908276
0.01965520293
0.0004777840015
0.01957755594
0.000573834816
0.01951242669
0.000665899539
0.01944090841
0.0008016763881
0.01939683369
0.0009099614603
0.01929340009
0.001172438222
0.01910679957
0.001453660137
0.01898620258
0.001795712446
0.01885396923
0.0022916372
0.01878337193
0.002857307736
0.01892263787
0.003552497629
0.004795748399
0.004374363344
-0.001175332714
-0.001250002309
-0.001175173365
-0.001249898479
0.004903706836
0.004795531626
0.004903694535
-0.001431721961
0.004866261823
0.001361216666
-8.129087889e-09
-0.0004405881774
-0.005032678112
0.001596809151
1.439843733e-08
-0.0004360819092
-0.0004541836708
-0.0004409335993
0.001232712085
0.001365566898
0.001376626678
0.001232736268
-0.0005037484434
-0.001335511461
0.001389520131
0.0004609270189
-1.118724428e-05
-0.0004887750976
-0.001512371614
0.001546389739
-1.563027866e-06
0.0004563200005
-0.0003976220999
-0.001619399569
0.001632486251
-2.289845857e-07
0.0003847644019
-0.0002712095366
-0.001623535018
-5.246535382e-08
0.001607221148
0.0002875758716
-0.0001900860561
-0.001545404931
0.001525302393
0.0002107711667
-5.825716722e-07
0.01999727158
5.045854514e-06
0.01998942855
4.705791952e-05
0.01997636354
9.030326221e-05
0.01995791125
0.0001359553678
0.01993383461
0.0001851837531
0.01990383718
0.0002392584087
0.01986757822
0.0002996614589
0.01982535171
0.0003675145566
0.01978421965
0.0004377228906
0.01975536118
0.0005066424611
0.01972573187
0.0006034641329
0.01972532634
0.0006663050626
0.01967858389
0.0008484188344
0.01955958468
0.001028960671
0.01949524472
0.001236778175
0.01940083002
0.001548074841
0.01931404953
0.001882492929
0.01931294791
0.002292738824
0.01943088043
0.002739375207
0.01971435644
0.003269021624
0.02024064481
0.003848074966
0.02104278369
0.004392075581
-0.001292423049
-0.001304693345
-0.001292176466
-0.001304921603
0.00552480439
0.004812335426
-0.001475438343
-0.001478288939
-0.001475391084
-0.001478116854
0.00554414614
0.005524678819
0.005544054135
-0.001497414182
0.005660269341
0.00136193329
1.594371948e-08
-0.0003663533634
-0.005821686287
0.005979624597
0.001324512055
8.279751279e-10
-0.000361501466
-0.000386312927
-0.000368283424
-0.0003400134817
-0.006117725722
0.006230284447
0.001200642432
8.697872181e-09
-0.0003175128246
-0.000339080284
-0.0003166032467
-0.0002871248354
-0.006315682578
0.006386601121
0.001031574882
2.822155823e-08
-0.000265189139
-0.0002860730812
-0.0002641345708
0.01999775683
7.289129336e-06
0.01999140846
5.340628919e-05
0.01998090967
0.0001008020506
0.01996619453
0.0001506705094
0.01994718001
0.0002041982677
0.01992378434
0.0002626540806
0.01989633081
0.0003271149864
0.01987193316
0.0003919122001
0.01988031628
0.0004293397758
0.01990504487
0.0004819138626
0.01988888908
0.0006196199263
0.01981094247
0.0007442516721
0.01977844218
0.0008809191244
0.01971321315
0.001094189698
0.01963976465
0.001310226671
0.01961092174
0.001576917743
0.01962350289
0.00186991178
0.01972432462
0.002191917093
0.01991982178
0.002543878044
0.02022574006
0.002963103335
0.02072067128
0.003353143747
0.02136647538
0.00374627148
0.02216154579
0.004017265026
0.02299290556
0.004104626975
-0.001257989681
-0.001210011232
-0.001257970497
-0.001210015338
0.02375491276
0.003952665906
-0.001211187593
-0.001146166403
-0.00121120203
-0.001146117076
0.02438000741
0.003650436492
-0.001108861739
-0.001028972542
-0.001108833262
-0.001028863586
0.00319314254
-0.0009488045342
-0.0008883884546
-0.0009491223843
-0.0008889749498
0.01999825936
9.030266307e-06
0.01999345611
5.820954186e-05
0.01998559745
0.0001086607093
0.01997470761
0.0001615603482
0.01996083781
0.0002180680698
0.0199443062
0.0002791856944
0.01992770137
0.0003437198099
0.01993217648
0.0003874370962
0.01997662151
0.0003848947351
0.01994515192
0.0005133834577
0.01993464949
0.0006301223513
0.01989139877
0.0007875023872
0.01983520122
0.0009371166709
0.01980820254
0.001121188381
0.01979957236
0.00131885685
0.01983172744
0.001544762657
0.01990825676
0.00179338245
0.02003517333
0.00206500052
0.02024495555
0.002334095824
0.02055599721
0.002652061675
0.02098851475
0.002920626199
0.0215286006
0.003206185628
0.022133682
0.003412183636
0.02278859747
0.003449711509
0.02340132105
0.003339942336
0.02392743475
0.003124322796
0.002755460766
0.01999876046
1.027050812e-05
0.01999549583
6.147417514e-05
0.01999025468
0.0001139018532
0.0199831342
0.0001686808341
0.0199747363
0.0002264659667
0.01996800281
0.0002859191832
0.01996592472
0.0003457978964
0.01999579357
0.0003575682535
0.02001478165
0.0003659066479
0.0199874279
0.000540737202
0.01994671531
0.000670834944
0.01992690287
0.0008073148289
0.01991646083
0.0009475587073
0.01993153018
0.001106119021
0.01996778384
0.001282603187
0.02003488156
0.001477664932
0.0201312826
0.001696981404
0.02031044888
0.001885834234
0.02051144377
0.002133100936
0.02081999613
0.002343509303
0.02116263094
0.002577991391
0.02159222022
0.002776596348
0.02208953222
0.002914871644
0.02261139043
0.002927853289
0.02311126686
0.002840065914
0.02355511023
0.002680479429
0.002384177353
0.01999924527
1.102614337e-05
0.01999746583
6.32536104e-05
0.01999474066
0.0001166270251
0.01999183365
0.000171587842
0.01999542662
0.0002228729968
0.02001857331
0.0002627724929
0.02004584347
0.0003185277362
0.02008524869
0.0003181630324
0.02002168953
0.0004294658074
0.01999358988
0.0005688368488
0.01998399471
0.0006804301108
0.01999407292
0.0007972366205
0.02001629787
0.0009253337543
0.02005488189
0.001067534988
0.02011343965
0.001224045426
0.0201795609
0.001411543679
0.02030894752
0.001567594779
0.02046939252
0.001725389227
0.02068212078
0.001920372672
0.0209547618
0.002070868276
0.0212745039
0.002258249292
0.02162496141
0.002426138838
0.02203236254
0.002507470517
0.02245709802
0.002503117818
0.02286983111
0.002427332823
0.0232456029
0.002304707636
0.002062151373
0.01999970212
1.132502554e-05
0.01999936173
6.359400367e-05
0.01999946936
0.000116519392
0.02000714626
0.0001639109456
0.0200445921
0.0001854271514
0.0201057258
0.0002016387973
0.02012023309
0.0003040204413
0.02006450777
0.0003738883566
0.02002349608
0.0004704774931
0.02002547144
0.0005668614882
0.02004169803
0.0006642035164
0.0200684144
0.0007705202436
0.02010660927
0.0008871388779
0.02015973772
0.001014406537
0.02021112524
0.001172657895
0.02031770463
0.001304964291
0.02046753739
0.001417762016
0.02061476952
0.001578157084
0.02083233953
0.001702802659
0.0210477469
0.001855460905
0.02131173057
0.001994265613
0.02162280434
0.002115065075
0.02196599023
0.002164284618
0.02231897447
0.002150133579
0.02266395229
0.002082355003
0.02298335489
0.001985305034
0.001784552935
0.02000020765
1.111827218e-05
0.02000233645
6.146521067e-05
0.02000910937
0.0001097464719
0.02003972402
0.0001332962931
0.02007976181
0.0001453893574
0.02006139616
0.0002200044548
0.02005340907
0.0003120075294
0.02004155788
0.0003857395417
0.02004802431
0.0004640110595
0.02006811728
0.0005467685148
0.02009611616
0.0006362046381
0.02013330772
0.0007333286776
0.02018202994
0.0008384166506
0.02022454175
0.0009718947283
0.02030394367
0.001093255971
0.02041600645
0.001192901502
0.02054320433
0.001290564133
0.02070175078
0.001419610631
0.02089437385
0.001510179583
0.02110996773
0.001639867023
0.02133421044
0.001770022901
0.02160332008
0.001845955426
0.0218947466
0.001872858095
0.0221923564
0.001852523779
0.02248387647
0.001790834934
0.02275697481
0.001712206694
0.001544033703
0.02000210462
9.014555466e-06
0.02001403745
4.953237382e-05
0.02003408196
8.970196957e-05
0.02006697433
0.0001004039204
0.02005272337
0.0001596403135
0.02003608596
0.0002366418605
0.02004285334
0.0003052401538
0.02005692957
0.0003716633048
0.02007842004
0.0004425205903
0.02010655409
0.0005186344662
0.02014226505
0.0006004936742
0.02018726777
0.0006883259462
0.02022736395
0.0007983204723
0.0202889902
0.000910268476
0.0203834864
0.0009987597638
0.02051016555
0.001066222351
0.02062323374
0.001177495941
0.02078956366
0.00125328071
0.02093991881
0.001359824429
0.02111977685
0.001460008971
0.02133203983
0.001557759921
0.02157006769
0.001607927568
0.02182094648
0.001621979307
0.02207510922
0.001598361039
0.02232407038
0.001541873778
0.02255919678
0.001477080297
0.001334999463
0.02000966789
-6.525362247e-07
0.02003793894
2.126132388e-05
0.02005799513
6.964578203e-05
0.02004467524
0.0001137238071
0.02003276114
0.0001715544107
0.02003915541
0.0002302475871
0.0200558401
0.0002885554663
0.02007763699
0.0003498664103
0.02010499833
0.0004151592506
0.02013886667
0.0004847661241
0.02018048136
0.0005588789807
0.02022335057
0.0006454567287
0.02026674811
0.0007549229297
0.02034008425
0.0008369323374
0.0204301785
0.0009086655065
0.0205377633
0.0009586375501
0.02065638071
0.001058878532
0.0208098995
0.001099761915
0.02097132585
0.001198398076
0.02112827258
0.001303062245
0.02131937794
0.001366654554
0.02152895251
0.001398352999
0.02174708871
0.001403843103
0.02196668957
0.001378760185
0.02218148287
0.001327080469
0.02238545649
0.001273106684
0.001152448934
0.02001481923
-1.547116472e-05
0.02001963836
1.644218558e-05
0.02002373501
6.554913248e-05
0.02002415074
0.0001133080782
0.02003262647
0.0001630786796
0.02004865985
0.0002142141984
0.02006958087
0.0002676344437
0.0200954914
0.0003239558789
0.02012716709
0.0003834835598
0.0201655185
0.0004464147151
0.02021157407
0.0005128234038
0.02024072794
0.000616302863
0.02030457572
0.0006910751524
0.02038192991
0.0007595781465
0.02047638112
0.0008142142954
0.02057235474
0.0008626639258
0.02069418595
0.0009370473217
0.02081769237
0.0009762554993
0.02096376629
0.001052324152
0.02112141072
0.001145417813
0.0212971307
0.00119093457
0.02148343918
0.001212044517
0.0216751282
0.001212154086
0.02186695441
0.001186933965
0.02205411489
0.001139919991
0.02223251358
0.001094707998
0.0009920574045
0.02002524809
-1.486354978e-06
0.02001776866
2.392161355e-05
0.02002017744
6.314035211e-05
0.02002824212
0.0001052433932
0.02004181385
0.0001495069471
0.02006023076
0.0001957972772
0.02008356441
0.0002443007981
0.02011230133
0.0002952189565
0.02014706656
0.0003487183228
0.02018859952
0.0004048817559
0.02021673306
0.0004846898624
0.02026790236
0.0005651335715
0.02033453881
0.0006244387023
0.0204179545
0.0006761624535
0.02052278781
0.0007093809859
0.02061157786
0.0007738738864
0.02073852991
0.0008100952717
0.02084190389
0.0008728815174
0.02096234895
0.0009318790944
0.02110989327
0.0009978734888
0.02126963867
0.001031189173
0.02143642651
0.001045256676
0.02160659735
0.001041983251
0.02177594318
0.001017588132
0.02194065642
0.0009752067487
0.02209807022
0.0009372942049
0.0008500912217
0.02003555519
6.092651918e-06
0.02002918419
3.029260943e-05
0.02003106373
6.126081147e-05
0.02003939575
9.691136235e-05
0.02005336021
0.0001355424831
0.02007269425
0.0001764632373
0.02009750429
0.0002194907613
0.02012810474
0.0002646184964
0.02016495664
0.0003118664274
0.02020301701
0.0003668213888
0.02023127277
0.0004564341026
0.02028903376
0.0005073725885
0.02035579533
0.0005576771295
0.02043356678
0.0005983910094
0.02052148451
0.0006214632604
0.02061549297
0.00067986542
0.02073168721
0.0006939010353
0.02085081673
0.0007537520032
0.02096027535
0.000822420472
0.02109423742
0.0008639114161
0.02123947449
0.0008859521084
0.02139006417
0.0008946669952
0.0215426548
0.000889392618
0.0216937179
0.0008665250325
0.02184015132
0.0008287733345
0.0219803682
0.0007970773354
0.0007233628109
0.02003503997
7.525381862e-06
0.02003457065
3.076192577e-05
0.02003836829
5.746316502e-05
0.02004757176
8.77078886e-05
0.02006235561
0.0001207586279
0.02008274874
0.0001560701063
0.02010887611
0.0001933633918
0.02014098674
0.0002325078656
0.0201794251
0.0002734280616
0.02019563909
0.0003506074039
0.02024679059
0.000405282608
0.0203055437
0.0004486194819
0.02037375025
0.0004894705809
0.02045324736
0.0005188939001
0.0205316685
0.0005430421201
0.02062803445
0.0005834994685
0.02072267067
0.0005992648128
0.02083157539
0.0006448472808
0.02094744657
0.0007065492961
0.02107491796
0.0007364400215
0.02120872106
0.0007521490081
0.02134601071
0.0007573773398
0.02148425274
0.0007511505927
0.02162044991
0.0007303278639
0.02175200839
0.00069721486
0.02187817132
0.0006709144099
0.0006091667831
0.02003299153
6.582752364e-06
0.02003570715
2.804629681e-05
0.0200418701
5.130021759e-05
0.02005270164
7.687634255e-05
0.02006878119
0.0001046790724
0.02009039729
0.0001344540081
0.02011777363
0.0001659870475
0.02015116101
0.0001991204818
0.02017324806
0.0002513410219
0.02020717672
0.0003166787384
0.02025923932
0.0003532200147
0.02031891643
0.0003889423773
0.02039030212
0.0004180848932
0.02047576926
0.0004334267567
0.02054854817
0.0004702632119
0.02064818799
0.0004838596466
0.02073039953
0.0005170532712
0.02082328036
0.0005519664434
0.02093523663
0.0005945930238
0.02105501654
0.0006166601095
0.02117908534
0.0006280802064
0.0213054863
0.0006309763796
0.02143207816
0.0006245587333
0.02155624234
0.0006061636852
0.02167575312
0.000577704083
0.02179050162
0.0005561659163
0.0005051922025
0.02003058014
4.921009671e-06
0.02003503273
2.359370207e-05
0.02004308777
4.324518253e-05
0.02005556449
6.439961446e-05
0.02007304449
8.719907043e-05
0.0200959136
0.0001115848972
0.02012446161
0.0001374390323
0.02015893954
0.0001646425561
0.02017036772
0.0002399128409
0.02021681582
0.0002702306387
0.02026935948
0.0003006763628
0.02032830293
0.000329998926
0.02039422376
0.0003521640659
0.02046691848
0.0003607320363
0.0205430008
0.0003941808961
0.02063490116
0.0003919592786
0.02072992639
0.0004220280428
0.02081806583
0.0004638269992
0.02092319232
0.0004894665393
0.02103577898
0.0005040734454
0.02115183158
0.0005120276056
0.02126941217
0.0005133957896
0.0213866242
0.0005073466994
0.02150113169
0.0004916561993
0.02161097478
0.0004678609918
0.02171655041
0.0004505903035
0.0004094501928
0.0200281925
2.949108549e-06
0.02003367574
1.811046213e-05
0.02004307932
3.38416014e-05
0.02005692068
5.055825862e-05
0.02007566484
6.845490465e-05
0.02009968267
8.756706562e-05
0.02012927089
0.0001078508125
0.0201364252
0.0001574882432
0.02017797777
0.0001983602719
0.02022515772
0.0002230506849
0.02027806436
0.0002477697232
0.02033673224
0.0002713310475
0.02040052746
0.0002883688504
0.02046778867
0.0002934708246
0.02054256437
0.0003194051952
0.02062358429
0.000310939349
0.02071300049
0.0003326118435
0.02080800546
0.0003688220353
0.02091100108
0.0003864709226
0.02101825321
0.0003968213158
0.02112792358
0.0004023572349
0.02123850336
0.0004028160138
0.02134830379
0.0003975462699
0.02145519721
0.0003847627828
0.02155741108
0.0003656471164
0.02165574236
0.0003522590346
0.0003202151264
0.02002596905
8.16957881e-07
0.02003209271
1.198680554e-05
0.02004243173
2.350258019e-05
0.02005731716
3.567283066e-05
0.02007709657
4.867549056e-05
0.02010208612
6.257751527e-05
0.0201219735
8.796342446e-05
0.02014240944
0.000137052307
0.02018482844
0.0001559412676
0.02023271438
0.0001751647393
0.0202860387
0.0001944454019
0.02034462342
0.0002127463288
0.02040752121
0.0002254710579
0.0204725627
0.0002284293362
0.020545592
0.000246375897
0.02062377161
0.0002327597399
0.02070639054
0.0002499929174
0.02080064837
0.0002745642119
0.02090042418
0.0002866951082
0.02100333214
0.0002939133647
0.02110806881
0.0002976205613
0.02121327431
0.0002976105215
0.02131740267
0.0002934179031
0.0214184727
0.0002836927522
0.02151483904
0.000269280784
0.02160761485
0.0002594832268
0.000235966015
0.02002393991
-1.398249275e-06
0.02003047329
5.453426978e-06
0.02004145435
1.252151963e-05
0.02005710527
2.002191742e-05
0.02007768355
2.809719843e-05
0.02010344376
3.681731021e-05
0.02011003779
8.136938547e-05
0.02014786346
9.9226628e-05
0.02019113979
0.0001126649366
0.02023984691
0.0001264576223
0.02029385763
0.0001404346757
0.02035280769
0.0001537962753
0.02041548487
0.0001627938772
0.02047941131
0.0001645028949
0.02055009021
0.0001756970004
0.02062386976
0.0001589801958
0.02070337096
0.0001704917152
0.02079501769
0.000182917489
0.02089195145
0.0001897613486
0.02099164356
0.000194221253
0.02109278366
0.0001964804566
0.02119408582
0.000196308367
0.02129410376
0.0001933999601
0.02139095399
0.0001868425163
0.02148306336
0.0001771714182
0.0215717957
0.0001707508958
0.0001553361128
0.02002210722
-3.657267519e-06
0.02002890097
-1.340313094e-06
0.02004031429
1.108197029e-06
0.0200565038
3.83240633e-06
0.02007766432
6.936673356e-06
0.02008590085
2.858076712e-05
0.02011420268
5.306755444e-05
0.02015282299
6.060631276e-05
0.02019698543
6.850249439e-05
0.02024668585
7.67572066e-05
0.02030179813
8.532239663e-05
0.02036193807
9.365633804e-05
0.02042581224
9.891970713e-05
0.02048961182
0.000100703327
0.02055228016
0.0001130286602
0.02061418324
9.707711495e-05
0.02069903129
8.56436576e-05
0.02079072159
9.122718642e-05
0.02088602288
9.446005703e-05
0.02098363358
9.661055255e-05
0.02108243759
9.767643989e-05
0.0211812069
9.753906052e-05
0.02127855888
9.604797053e-05
0.0213726662
9.273519778e-05
0.02146196495
8.7872674e-05
0.02154803988
8.467597218e-05
7.707570943e-05
0.01972490724
0.01972356692
0.01972467512
0.01972850752
0.01973544419
0.01976402496
0.01981709251
0.01987769882
0.01994620132
0.02002295852
0.02010828092
0.02020193726
0.02030085697
0.0204015603
0.02051458896
0.02061166607
0.02069730973
0.02078853691
0.02088299697
0.02097960751
0.02107728395
0.02117482301
0.02127087099
0.02136360618
0.02145147886
0.02153615484
-0.0004508608015
-8.981739878e-07
-0.0004010311882
0.0003604625224
-0.0002764580408
-1.002739211e-06
0.0001343518963
0.0001430862869
0.0004923735997
-0.0004509178442
-8.898297037e-07
-0.0004010556593
0.000360489734
-0.0008237922753
-5.346203283e-07
-0.0006564596462
0.0008189368503
0.0009126079173
0.0008517461374
-6.525384913e-07
-0.0009806279897
-0.0007830735265
-0.0005484875726
-2.403693864e-07
0.0004783555682
0.0005627459747
0.0006619856324
-0.0008238513168
-5.501603596e-07
-0.0006564801393
0.0008188959846
0.0009125906038
0.0008517199613
-6.384905236e-07
-0.00098066529
-0.0007830067843
1.666245042e-07
7.093798445e-06
0.0009053319997
1.659029766e-07
7.092700387e-06
-4.658893004e-05
4.795766327e-05
-2.303474609e-07
-1.13838251e-06
-4.663134307e-05
4.800148324e-05
-2.311639908e-07
-1.138972904e-06
1.527562102e-07
-6.832391792e-05
-3.56317616e-05
5.725778187e-05
1.342767642e-07
-6.834434651e-05
-3.567905962e-05
-0.001311119402
-6.578998129e-08
-0.0007298544965
0.001355525256
0.001358845509
0.0006733670447
-1.468859268e-07
-0.0006553384235
-0.001376727248
-0.0009949866706
2.457423123e-06
0.001149310595
0.0007485506506
-0.001311070095
0.0006855212414
-7.31260616e-08
-0.0007299046387
0.001355526619
0.001358839067
0.00067338557
-1.372344443e-07
-0.0006553646367
-0.001376722768
1.27236618e-06
-0.0005225613756
0.001287551849
0.0008813456798
0.0002725708864
4.822024131e-07
-0.0001269436996
-0.001027455073
0.0005925509172
1.279376753e-06
-0.0005225527688
0.001287561542
0.000881351306
0.0002725624809
4.888522132e-07
-0.000126939318
-0.001027463324
9.053937301e-07
-9.859606202e-05
0.0007647793086
0.0005276571419
5.790967799e-05
-1.108363341e-07
1.581902439e-06
-0.0005870378875
0.0002142561645
9.121912664e-07
-9.859122968e-05
0.0007647741812
0.0005275523353
5.802064615e-05
-1.216324327e-07
1.536059905e-06
-0.0005869874097
2.460960443e-07
3.460735344e-05
3.58700284e-05
1.274078245e-07
-6.233515725e-06
0.0004817985657
0.0004179843252
4.893798863e-05
-4.802025438e-08
-3.522006794e-05
-0.0004316542259
-2.27558061e-05
2.793999863e-07
3.46239632e-05
3.585392099e-05
5.17844367e-05
1.405808274e-07
-6.218989564e-06
0.0004818463097
0.0004179177579
4.897228332e-05
-9.389667952e-09
-3.521742516e-05
-0.000431663226
-4.749359182e-07
0.0001254396861
-0.0004014472113
-0.0007227549938
-0.0002056683644
0.0006685739879
-1.777158133e-06
0.0004263765311
-4.241796517e-07
-0.0003423856542
-0.0005344274983
-0.0006634881594
-1.705750367e-06
0.0005923156846
7.289245439e-05
-4.810637204e-07
0.0001254585596
-0.0004014436355
-0.000722656815
0.0002616608359
-1.800817397e-06
-0.0002056941228
0.0006684909193
0.0004263238387
-4.054513682e-07
-0.0003424731085
-0.000534363122
-0.0001197429617
-0.0001628260651
-6.75420105e-08
0.0002696710779
1.930410272e-09
1.296356022e-05
0.0001330856187
0.0001426617251
2.385751722e-09
-0.000276765612
3.136927946e-07
0.0001196326051
1.43864613e-05
-1.163454956e-06
0.0001646157839
0.0002839635746
-0.0003043357558
2.086276959e-09
1.362393783e-05
0.0002832035444
1.752843605e-09
-0.0003045330905
0.0002706131639
1.356768983e-05
-3.182969703e-07
3.763857288e-05
-8.935217714e-07
3.703351263e-05
-6.005531043e-10
-1.985112874e-07
-5.925067092e-07
-0.0009933124059
0.0008506814106
-0.00110504221
-0.0005969356819
0.001146026598
-2.014495304e-06
0.0006683165284
-3.711887009e-07
-0.0007337669635
-0.001245297779
-0.0009239617655
-6.974506927e-07
0.000928591661
0.0006580531891
-5.831982309e-07
-0.0009933835128
0.0008507000011
-0.001104971158
0.0005579430561
-2.022876853e-06
-0.000596940456
0.001145991435
0.0006683875763
-3.729187937e-07
-0.0007337468311
-0.001245337922
-0.0005582996668
-0.001169893289
4.12050185e-07
0.001041950557
-1.0342548e-09
0.0006858313824
0.001151028075
0.0007487219579
-0.0009044439017
-9.682492644e-09
-0.0009928156804
-2.379286381e-06
0.0005605010006
0.0005925446778
-1.413695707e-06
8.434162335e-07
0.001169797556
0.0007605136557
-0.001182570957
0.0005912757253
1.534278677e-09
-9.281365042e-07
-3.769098122e-09
0.0007603266487
-0.001180650795
0.001044995383
0.0006857152275
6.006300882e-07
-0.0005331128813
0.0005457705689
-1.325831752e-05
-0.0005325410966
0.0005460385336
-7.414767262e-10
-1.289606655e-05
-1.281133781e-05
-5.152838488e-05
-8.576487995e-08
4.511810362e-05
-7.729915771e-09
1.93151142e-05
-3.258717521e-07
1.369815972e-05
-9.628329254e-06
-3.743955265e-06
2.151487427e-07
5.140517361e-05
-4.908873534e-05
9.740855497e-07
-3.505671225e-06
-1.016121395e-05
-3.330581744e-09
-2.972656078e-06
-4.89159685e-05
-4.87300518e-09
8.372478765e-07
-3.229643228e-06
4.522929361e-05
1.978829075e-05
-9.685493481e-09
-3.562884506e-05
0.0003977960964
2.496642223e-07
-1.401382088e-05
4.826612986e-05
5.567288094e-05
1.429749494e-08
-3.563252621e-05
0.0003978631094
2.925302788e-08
-0.001365430759
0.0003743461318
-0.00152914464
-0.0005270466887
0.001567935308
-5.190780112e-07
0.001629892992
0.0004235772312
-0.0004339796188
-0.001619290906
-1.996991536e-07
-0.001503067954
2.472500037e-07
0.00149829312
0.0005970785009
0.001263644425
3.188618021e-08
-0.001365465194
0.0003743513656
-0.001529144147
0.0004888020592
-4.958016184e-07
-0.0005270997775
0.001567937667
0.001629915874
0.000423564342
-1.951759607e-07
-0.0004339865746
-0.001619298466
1.673789689e-08
-0.0009788893394
0.0001452928634
-0.0003973671219
0.001629751494
-1.134836263e-07
0.001568753715
0.0003059207848
-0.0002771758768
-0.001597436038
-6.258627845e-08
2.802867576e-07
0.001165317801
0.0003123025031
0.0008916877184
-2.06985993e-08
-0.0009788200431
0.0001451736712
0.0003975986569
-1.163479019e-07
-0.000397361194
0.001629794758
0.001568452144
0.0003057128488
-9.392526854e-08
-0.0002765927001
-0.001597478368
-0.000249357613
0.0005080798137
-7.095488508e-07
1.492651895e-09
1.165693404e-05
-0.0004009012477
0.0003601681129
6.923344814e-10
0.0004911245312
-0.0004512902613
-8.321894583e-07
0.0002510191903
-0.0003672546127
-1.213993567e-06
-0.0005086734
0.0003599931827
0.0005103567344
8.741195403e-10
-0.000367888376
0.0003586643751
1.352443356e-09
0.0005083682122
1.224941098e-05
-1.554233898e-07
0.0003442213565
1.592725133e-05
2.647626288e-10
0.0003431072682
1.540142554e-05
-0.0001197425873
-0.0001628244916
-6.339507816e-08
0.0002696690057
1.296340083e-05
0.0001330866006
0.0001426554956
-0.0002767653178
3.077831803e-07
0.0001196297446
1.438474781e-05
-1.17267348e-06
0.0001646070856
0.0002839728805
-0.0003043210054
1.362371764e-05
0.000283191031
-0.000304530945
0.000270606873
1.356656509e-05
-0.0002493606949
0.0005080802553
-7.060131295e-07
1.165695592e-05
-0.000400861212
0.0003601604216
0.0004911575593
-0.0004513459034
-8.411487229e-07
0.000251018921
-0.000367260549
-1.218540924e-06
-0.0005086709446
0.0003599982664
0.0005103809547
-0.0003678711493
0.0003586682052
0.000508355285
1.2248841e-05
-1.553977754e-07
0.0003442268566
1.592680936e-05
0.0003431118497
1.540122775e-05
-0.0007191298436
0.0004924478276
1.164682312e-06
0.0007123566878
1.119341513e-09
-0.0004868404724
1.633634471e-06
0.0007186717588
-0.0003852121907
9.128156235e-06
-2.248168606e-07
-0.000493644561
0.0004859233364
7.946041344e-06
3.278799303e-10
-0.0003829426062
8.553345154e-06
0.0004843395787
6.481754679e-10
7.88279554e-06
0.0007146765908
-0.0004884846961
0.0005006390625
0.0008390038346
3.937625507e-07
9.307436448e-10
-0.0006276809003
-0.0009819649137
-0.0007814322904
-6.819679487e-10
0.0009114497255
0.0008512956244
2.539481919e-06
-0.0005033113877
6.067257213e-06
-6.031163271e-07
-0.0008399692516
-0.0008079693601
0.0008654682025
3.08925176e-09
5.550123303e-06
-1.922386684e-09
-0.000807582073
0.0008645524292
-0.0006282102797
-0.0007191455001
0.0004924633896
1.165790319e-06
0.0007123517435
-0.0004868342989
1.630560402e-06
0.000718700419
-0.0003852320738
9.127952748e-06
-2.245697903e-07
-0.0004936719347
0.0004859511179
7.945386216e-06
-0.0003829552572
8.552497009e-06
0.0004843575033
7.881971116e-06
0.0007146664568
-0.0004884721704
0.0005006480761
0.0008390011754
3.939851475e-07
-0.0006276905547
-0.0009820005614
-0.0007813753179
0.000911453137
0.0008512835674
2.541830755e-06
-0.0005033243547
6.068353161e-06
-6.048249074e-07
-0.0008399632249
-0.0008079356499
0.000865496915
5.549942272e-06
-0.000807534163
0.0008645532806
-0.0006282271326
-7.416913433e-09
7.179867557e-06
0.0009044320064
7.179616088e-06
-1.948202578e-09
-4.717959081e-05
4.746215873e-05
-5.10973391e-07
-4.717022659e-05
4.744779124e-05
-5.106841143e-07
-6.818588912e-05
-3.585469541e-05
-9.588801134e-10
5.701469724e-05
2.282159147e-07
-2.677787689e-07
4.366896864e-08
7.477553906e-05
-1.438731097e-09
1.281693441e-09
-1.969063313e-09
7.448565552e-05
-3.186323061e-07
3.765291925e-05
-8.916448594e-07
3.703633557e-05
-1.975948891e-07
-6.819249961e-05
-3.586202313e-05
5.701761411e-05
2.315856734e-07
-2.696828536e-07
5.00997745e-08
7.471488073e-05
6.865216273e-10
7.449949942e-05
-0.0005946948284
0.001058414199
-2.760627972e-06
2.551648575e-09
0.0005809892605
5.398487783e-07
0.0005950260615
-3.021232755e-06
-1.816997173e-06
-0.001056402273
0.0005301182866
-5.011897714e-06
9.54125506e-10
-2.880205301e-06
1.478191313e-09
0.000528441561
-4.386933475e-06
0.0005808585475
-0.0005583074689
-0.0011699036
4.114600611e-07
0.001041945525
0.0006858530467
0.001151054419
0.0007486990895
-0.0009928737618
-2.377746485e-06
0.0005605221478
0.0005925811935
-1.414999755e-06
8.304582559e-07
0.001169815635
0.0007605245009
-0.001182619944
0.0005912990675
-9.283279558e-07
0.0007603254425
-0.001180703262
0.001044986379
0.0006857628661
-0.000594717728
0.001058433978
-2.756592626e-06
0.0005809884223
5.372811449e-07
0.0005950669171
-3.023003592e-06
-1.816232571e-06
-0.001056433073
0.0005331169393
0.0005301456163
-5.013250813e-06
-2.880419112e-06
0.0005325449529
0.0005284610968
-4.386827922e-06
0.0005808636338
-0.001060819433
0.0003629298441
1.85853817e-06
0.0007000199871
-3.305555946e-09
-3.985635688e-06
-0.00052247608
0.001288384976
-8.510256629e-09
0.0005930554202
-0.00135768344
2.361631027e-06
0.001058762923
-0.001037915362
6.777735108e-07
-0.0003640667473
0.001175504466
0.0004754363566
-4.704391203e-09
-0.00103489065
0.0011754781
-2.365643046e-09
0.0004765168547
0.0007011031501
-4.548440377e-06
0.0004987333548
0.0002116175619
-3.13286392e-07
-3.260675997e-09
-1.001438675e-05
-0.0001265539524
-0.001027478214
-1.856097773e-09
0.0008812406073
0.0002732756253
-5.294365428e-07
-0.0004978080532
0.0003808405879
-9.446797362e-06
1.180183364e-06
-0.0002133478243
0.0003602170312
-2.160873818e-09
0.0003804485007
-8.796366534e-06
-2.163478664e-09
0.0003607997956
-1.036601725e-05
6.010002754e-07
0.0005457712966
-1.325535719e-05
0.0005460396611
-1.289444975e-05
-0.001060823729
0.0003629328296
1.851929558e-06
0.0007000206809
-3.985023052e-06
-0.0005224573831
0.001288352367
-0.001357685369
0.0005930612489
2.371339254e-06
0.001058767071
-0.001037919881
6.900902517e-07
-0.0003640618772
0.001175524478
0.0004754088505
-0.001034874818
0.001175472824
0.0004765000941
0.0007011031289
-4.546011424e-06
0.0004987414681
0.0002116087354
-3.18714458e-07
-1.001406688e-05
-0.0001265595297
-0.001027471617
0.0008812432008
0.0002732749419
-5.238313486e-07
-0.0004978237683
0.0003808542124
-9.44592781e-06
1.188002027e-06
-0.0002133251471
0.0003601982982
0.0003804523173
-8.796374895e-06
0.000360795779
-1.036450726e-05
-4.344630527e-07
-4.177950975e-05
-6.874760645e-06
-4.336639386e-05
-1.221441728e-09
-5.982822511e-06
-0.0002958407275
5.108943616e-05
2.578204596e-07
0.0002526279392
-1.857892431e-09
-8.132614072e-06
-9.763472906e-05
0.0007652449017
-2.525036655e-09
0.0002145383571
3.504389065e-07
0.0002950282255
-1.313413744e-05
3.171049566e-07
-5.143215478e-05
0.0006668789537
0.0001490154056
-2.555101652e-09
-1.26739544e-05
0.0006673014787
-1.584146524e-09
0.0001493515551
0.0002525625903
-8.708686479e-06
0.0002484760633
1.207545422e-05
-6.047810669e-07
-3.359057619e-09
-7.31543324e-06
1.266244448e-06
-0.0005872443395
1.045613677e-10
0.0005275517014
5.831545379e-05
-3.413415239e-07
-0.0002467834785
0.0002069272001
3.264178897e-07
-1.28370381e-05
9.235168719e-05
-2.838242488e-09
0.0002060374102
-2.183139783e-09
9.246119137e-05
-7.662700266e-06
-4.340989597e-07
-4.177838996e-05
4.908809046e-05
-6.875597316e-06
-4.336282298e-05
4.891067524e-05
-5.983178273e-06
-0.0002958464438
5.109652374e-05
2.540005361e-07
0.0002526268156
-8.132743866e-06
-9.763269798e-05
0.0007652453336
0.0002145402368
3.554533884e-07
0.0002950409277
-1.313339701e-05
3.23889737e-07
-5.144383967e-05
0.0006668653851
0.0001490287485
-1.267392077e-05
0.0006673076109
0.0001493565534
0.0002525596052
-8.708512935e-06
0.000248474122
1.207514858e-05
-6.102166499e-07
-7.315593191e-06
1.257056378e-06
-0.0005872620577
0.0005274956004
5.838787614e-05
-3.332210508e-07
-0.0002467756851
0.000206866567
3.331747266e-07
-1.28365608e-05
9.238135959e-05
0.0002060322931
9.245168432e-05
-7.662854773e-06
-2.575618211e-05
4.452729657e-05
-3.729064759e-07
-4.653909311e-09
2.672455074e-05
3.500300252e-05
3.565712909e-05
-5.981914115e-09
-2.294589293e-05
-7.773148439e-08
2.638870793e-05
-1.331951221e-06
7.744005592e-08
-4.431001445e-05
4.840869174e-05
3.169390973e-05
-3.885595309e-09
-9.882399919e-07
-4.699696531e-09
4.846305682e-05
3.180350953e-05
2.693507938e-05
-1.280734094e-05
-5.15249912e-05
-9.756234923e-08
4.512240325e-05
1.929975098e-05
-3.21959173e-07
1.368619082e-05
-9.624438461e-06
-3.739789743e-06
2.240310135e-07
5.139724446e-05
9.708456406e-07
-3.504036454e-06
-1.016141823e-05
-2.971206597e-06
8.336272269e-07
-3.228789034e-06
4.523849467e-05
1.974739505e-05
-2.575558959e-05
4.454161509e-05
-3.815950789e-07
2.671330869e-05
3.49959503e-05
3.565585945e-05
-2.293059176e-05
-6.292273125e-08
2.639140794e-05
-1.328959267e-06
8.156579104e-08
-4.434750989e-05
3.167093301e-05
4.844893343e-05
-9.878644222e-07
3.178280919e-05
4.84915309e-05
2.690079614e-05
5.941106557e-05
-3.806837907e-06
-0.000719105336
-0.0008371359008
-0.0001054146826
0.0008099320182
-3.173978137e-06
0.0002206716103
-0.0001724692128
-3.750799992e-06
-0.0007672065921
-0.0008244859732
-3.287273768e-06
0.0007910530334
3.673052905e-05
-3.815000677e-06
5.945294473e-05
-0.0007191109438
0.0001357678008
-0.0008372191746
-3.159350715e-06
-0.0001053947868
0.0008100055115
0.000220728338
-3.776855423e-06
-0.0001724494834
-0.0007671588146
-8.717275489e-05
-0.0006062879083
9.057328824e-07
0.0005228705433
0.0001696829143
1.472898178e-09
-9.023115575e-07
8.743067211e-05
0.0005058138008
-1.707842605e-06
0.0006028486029
0.0001409479503
-0.0006691985632
0.0005957474361
7.26908398e-05
1.352400952e-09
-0.0006701236704
0.0005076813233
8.511718788e-10
0.0001404986293
1.346907152e-09
-0.0006758048878
0.0005210098454
0.0001701751627
-3.83426961e-06
-0.0007883021531
0.0002613792499
2.561114496e-08
-0.003832063961
-0.0002283418487
-0.0001914282167
-0.0002089890367
-0.0002098897378
0.0009424643494
0.0008913586961
0.0009752678899
0.0008668898392
0.0008753635851
0.000336322222
-0.0003170137639
-0.0008787835291
-1.588851393e-05
-0.0008626356693
-3.16631425e-06
0.0008378445804
0.0001637252033
0.0007514992792
-3.809710834e-06
-0.0007883481004
0.0002613868694
-0.003831695004
0.0009946923877
-0.0002283427511
-0.0001914845152
-0.0002089950178
-0.0002098862731
0.0009424403029
0.000891272933
0.0009751610271
0.0008668625191
0.0008752352428
0.0003363210104
-1.589830279e-05
-0.0003169689452
-0.0008786890051
-3.035924314e-07
0.0004872038707
-0.000609047174
-0.0003638743017
0.0008612298628
-9.008433927e-06
0.0005799811113
-9.281709036e-07
-0.0005671552482
-0.0008356899663
-2.1564244e-06
0.0007079330991
0.0003073834396
-3.042645355e-07
0.0004872113189
-0.0006090707876
0.0003870103064
-9.019984025e-06
-0.0003639389429
0.000861183863
0.000579900209
-9.195898526e-07
-0.0005671160112
-0.0008357159233
-0.0006031310923
-0.0005807239042
8.194748991e-07
0.0006961936761
1.375749063e-09
0.0004782540681
0.0005617431127
3.393745279e-09
-0.0005491110493
-5.493919552e-07
0.0006040259306
-3.635409931e-07
0.0005810551571
0.0006206111714
-0.0006385486992
-8.030042634e-10
0.0006195269341
1.202505463e-09
-0.000638872462
0.0006974158756
-1.266345115e-06
0.0005788635845
-0.0009217349061
-0.0009970451089
-0.0003775815799
0.001009565715
-2.84764869e-06
0.0005178207478
-0.0005468238066
-4.218637447e-06
-0.001071820512
-0.0009069311922
-8.740627425e-06
0.0009092103192
0.0003934718061
-1.287345915e-06
0.0005788997117
-0.0009216739185
0.0003679551195
-0.0009971975939
-2.828402433e-06
-0.0003775032172
0.001009574095
0.0005171086778
-4.212155461e-06
-0.0005467483849
-0.001071119293
0.000928783231
0.0006563659063
-0.0006602870475
4.23276047e-09
-0.0009255544245
-3.288035919e-07
0.0007458677297
-0.0007712879311
0.0009542801698
0.0007448866532
-0.0007702748463
0.0009538481346
-5.507104281e-09
-0.001017243228
5.375220419e-07
0.001063510185
0.0006980818511
3.248199914e-10
-9.326301064e-07
0.001016697345
0.0006332490125
-0.0009908883036
0.0006310258679
-4.074541646e-09
-0.0009928317366
0.001063853789
0.0006992488153
-1.396489339e-05
4.827871251e-05
-2.107775324e-09
8.794323896e-08
6.060674837e-05
7.089438506e-08
5.921613039e-05
3.738715757e-05
6.057251176e-05
-1.698670765e-09
5.931869755e-05
3.749383677e-05
1.372744084e-10
-5.908157137e-09
4.733960455e-05
-2.985403764e-09
4.729528092e-05
-4.718283335e-06
-0.001116196144
0.000487218552
-6.27249762e-09
-0.004601592385
-0.0004087900117
-0.0003602961016
-0.0004006870516
-0.0003759604095
0.001229452252
0.00112453487
0.001244826587
0.001116796561
0.001197893706
0.0003982585236
-0.0004336252268
-0.001139435696
-2.309130641e-05
-0.001024983618
-4.601512829e-06
0.001035503549
0.0003620367024
0.001150847868
-4.726170804e-06
-0.001114451453
0.0004854384342
-0.004601942973
0.001431980483
-0.000408856442
-0.0003602689749
-0.0004006712639
-0.0003761022327
0.001229537871
0.001124532304
0.001244839293
0.001116945664
0.001197872521
0.0003982742649
-2.30941664e-05
-0.0004335537882
-0.001139498831
-3.496958379e-07
-0.001274083502
0.0006121322981
-0.0004665536344
0.001236443109
-1.258394646e-05
0.001359237766
0.0004932270889
-0.0005295002126
-0.001321317093
-1.647548501e-06
-2.723467864e-06
0.001181399207
0.0005301151887
0.001330647716
-3.576267335e-07
-0.001274080824
0.0006121783116
0.0004404642983
-1.258902993e-05
-0.0004665373421
0.001236534594
0.00135928185
0.0004932119292
-1.659100818e-06
-0.0005294819009
-0.001321352776
-1.985108228e-07
-0.001469213397
0.0006397599732
-0.0005426147609
0.001401139904
-3.035816022e-06
0.0004998565744
-0.0005422455568
-2.645598081e-07
-0.001486491098
-1.584908812e-07
0.001381719346
0.0006346081022
-1.696959649e-07
-0.001469261194
0.0006397485074
0.0005037686712
-3.047288014e-06
-0.0005425920623
0.001401152532
0.000499900155
-2.348213792e-07
-0.0005424516475
-0.001486357833
0.001497798982
0.0005976116194
-1.372791746e-08
-0.00150212295
-9.09239898e-08
0.0005231336302
0.001450608553
0.000523831061
0.001450395325
-1.472826951e-09
-0.001574241006
1.135774602e-07
0.001575326331
0.0005226231356
9.020796041e-09
-5.458923817e-08
0.001574800334
0.0005670531492
-0.001544630643
0.0005674182107
-2.2596765e-08
-0.001544079586
0.001575706328
0.0005223412084
0.001165473371
0.0003128589337
-0.001263514724
-1.117605975e-09
1.155488369e-07
0.0002456997389
0.001068505666
0.0002462212968
0.001068718018
1.163936809e-09
-0.00143733795
-5.222916056e-08
0.001366753943
0.0003168504889
7.040153373e-09
9.005470974e-08
0.001437323248
-0.001498014356
0.0003729007106
-0.001497838416
0.0003734482956
1.169842532e-09
0.001366740925
0.0003162298338
-4.39564452e-09
-0.0007241764598
8.335602618e-05
-0.0002405527849
-1.78627082e-08
0.00153811483
0.001429945576
0.0002178373148
-0.0001728556591
-0.001474738369
-1.888644956e-07
1.601320403e-07
0.0008215769881
0.0001217350362
0.0006899024756
-1.676662002e-08
-0.0007243366416
8.342321756e-05
0.0002709662862
-2.777437407e-08
-0.0002390308736
0.001536544507
0.00142989851
0.0002178400503
-1.759079432e-07
-0.0001728305016
-0.001474732151
-0.0001531168725
0.001393204075
-2.276820336e-07
2.832504543e-08
0.000656298138
8.924889421e-05
0.0001901645042
-2.486553182e-07
-0.0001531979242
0.001393180588
-6.788124621e-07
-0.001475203149
0.0004633669205
1.719383322e-08
-0.005471579893
-0.0004295762006
-0.0004245500971
-0.0004409543895
-0.0004242437154
0.00150392263
0.001336996899
0.001504617618
0.001347935782
0.00142834498
0.0003542896136
-0.0003920988379
-0.001362232242
-2.830351158e-05
-0.001335541213
-1.118621205e-05
0.001389469504
0.0004610265931
0.001512388712
-6.770456679e-07
-0.001475187143
0.0004633756286
-0.00547170595
0.001497559163
-0.0004295778402
-0.0004245778137
-0.0004409882392
-0.0004242320013
0.001503917381
0.001337011829
0.001504606227
0.001348004438
0.001428315017
0.0003543121134
-2.828708458e-05
-0.000392087381
-0.001362252663
-0.001600118806
-3.824416792e-07
0.0004046789079
-0.0003962279753
0.001475360095
-1.714050508e-05
0.001553569301
0.0003464370345
-0.0003663613673
-0.001532378458
-1.266508267e-06
-1.546439097e-06
0.001546389507
0.0004563477006
0.001619404941
-3.800929657e-07
-0.001600139758
0.0004046792511
0.000366343091
-1.715063785e-05
-0.000396242783
0.001475365345
0.001553552113
0.0003464437814
-1.263627693e-06
-0.0003663539179
-0.001532378347
-0.001633183537
-1.109188494e-07
0.0003156802284
-0.0003542291848
0.001568541137
-7.561373076e-07
0.001600847141
0.0002913127683
-0.000299865274
-0.001592078931
-2.157009396e-07
-2.320355323e-07
0.001632479234
0.0003847563954
0.001623578855
-1.151139367e-07
-0.001633239126
0.0003154882359
0.0003399545746
-7.569764007e-07
-0.0003542125678
0.001568567083
0.001600856904
0.0002913945161
-2.27233414e-07
-0.0002999155795
-0.001592108606
-0.001570483612
0.000243320908
-4.049157671e-07
-0.000294182588
0.001608405757
-5.008623734e-07
1.206186791e-08
0.00649222886
0.001039467271
-0.000268902788
-0.000257394813
-0.0002563810944
-0.0002697715727
-0.001624741368
-0.001615146527
-0.001613695916
-0.001625674113
-8.782464018e-08
0.001607732798
0.0002869001676
0.001545479618
-3.923752888e-07
-0.001571247457
0.0002440002606
0.0002870011192
-4.900446325e-07
-0.0002940813279
0.00160842716
0.006492645005
0.001038973809
-0.0002691776668
-0.0002574937315
-0.0002563469684
-0.0002703408884
-0.001624454479
-0.001615047824
-0.001613718371
-0.001625026851
-0.0006906364434
0.0007589736591
1.750138491e-07
5.506707255e-10
-0.0006552735103
0.0008190719802
3.789045803e-09
-0.0008246239207
-3.881123769e-07
0.0006907523354
-0.0007262126948
-1.87482369e-07
-0.0007601329534
-2.201904258e-09
-0.0007267689265
1.241605517e-09
-0.0006031376797
-0.0005807168106
8.210786064e-07
0.0006962004981
0.0004782808325
0.0005617374481
-0.0005490976938
-5.423821211e-07
0.000604046836
-3.720488528e-07
0.0005810317249
0.0006206036308
-0.0006385173319
0.0006194757717
-0.0006388259735
0.0006974274745
-0.0006906459632
0.0007589805595
1.759013695e-07
-0.0006552705984
0.0008189971679
0.0006604225418
-0.0008246954743
-3.815566352e-07
0.0006907790203
-0.0007262739693
-1.970792916e-07
-0.0007601552677
0.0007713126837
-0.0007268245427
0.0007702477319
-0.001297642038
0.000718325877
3.599139037e-07
0.001264784164
3.466064869e-09
-0.0007294457261
0.001354644806
1.031989284e-08
-0.001310509373
0.0006852341823
5.875924645e-08
0.001298357775
-0.001267757374
-2.271610805e-07
-0.000717968127
0.001380358957
0.0006933615878
1.975473776e-09
-0.001266704332
0.001379279035
8.86642991e-09
0.0006934556195
0.001266464784
0.001162848857
0.0006837536495
-8.324175765e-07
3.334762346e-09
-0.0006559928738
-0.001376027598
-5.754909011e-09
0.000674195903
-4.064280915e-07
-0.001162729067
1.965400176e-07
-0.0006837618379
0.0006871970074
4.61551912e-10
5.978158974e-09
0.000687195644
-0.001297647776
0.0007183418891
3.670024049e-07
0.001264795394
-0.0007294708586
0.001354632835
-0.00131045575
0.0006852309693
5.878780395e-08
0.001298372316
-0.001267811241
-2.51037275e-07
-0.0007180134706
0.00138037143
0.0006934196969
-0.00126673243
0.001379257818
0.0006934747306
0.00126648871
0.001162845394
0.0006837670961
-8.253457439e-07
-0.0006560192159
-0.00137599961
0.0006741904647
-4.129120879e-07
-0.001162725989
1.848443239e-07
-0.0006838010069
0.0006872648239
0.00068721612
-0.000201539667
2.248195027e-05
-7.134566896e-08
0.0001984530342
-8.856849162e-09
-6.150024963e-06
0.0004819651966
-9.722602574e-09
5.187366267e-05
8.104027116e-07
0.0002008573737
-5.431279067e-08
-2.221663434e-05
0.0004515293579
5.254015758e-05
-4.622714807e-09
0.000451662582
-1.084846971e-08
5.274110876e-05
0.0001983576819
0.000196173182
2.906558956e-05
-5.617285633e-08
-5.01811756e-09
-3.549571859e-05
-0.0004316353526
-6.362277862e-09
0.0004181552103
4.893420468e-05
2.017982459e-09
-0.0001961575654
0.0001926293927
-3.048969025e-08
-2.907901856e-05
4.898464495e-05
-6.132063443e-09
0.0001924891216
-3.889653858e-09
4.906621727e-05
-0.0002015242432
2.244373641e-05
-8.522071979e-08
0.0001984566177
-6.147559468e-06
0.0004819472702
5.182674854e-05
8.105105641e-07
0.00020080792
-1.298424774e-08
-2.210193131e-05
0.0004515334046
5.24278219e-05
0.0004516985083
5.266866431e-05
0.0001983681599
0.0001961850756
2.904962932e-05
-6.98060548e-08
-3.54407035e-05
-0.0004316467483
0.0004180736684
4.899803723e-05
2.541885197e-08
-0.0001961630604
0.0001925911479
-1.675282633e-08
-2.903609362e-05
4.892302513e-05
0.0001925464663
4.908074956e-05
0.0001252124251
-0.0004024639236
2.223196903e-09
-4.733838272e-07
-0.000422518383
0.0002440956976
-0.0004234544201
0.0002436585096
1.863307206e-09
-0.0001046640969
5.48157615e-07
0.000203530404
1.659212268e-09
-5.542388053e-07
0.0001049234518
2.052591671e-09
0.0002039630734
-0.0006252573643
0.0002429053686
8.967245187e-07
0.0005511379493
2.365008365e-10
-1.726521506e-06
0.000622136159
-0.0006851300525
-9.831315281e-07
-0.0002436486482
0.0006059825972
0.0003072231699
-0.0002050723617
0.0006720847746
1.270497761e-09
0.0002605749931
-0.0007293658359
-6.24691196e-10
-0.0006915569942
0.0006079201697
2.804672321e-10
0.0003060865613
0.0005495593977
-0.0003415847279
-0.0005353695036
-6.839977831e-10
0.0004252404764
-3.200337926e-07
-0.0004652245336
-0.0004661360946
1.467756461e-09
0.0002880181212
5.140543068e-07
8.463986165e-11
-6.037951144e-07
-0.0002888119929
0.0003609708871
-1.560667407e-10
0.0003599651475
-8.717060684e-05
-0.0006062889648
9.085722733e-07
0.0005228730622
0.0001696794106
0.0005957464783
7.265928118e-05
-0.0006700964461
-9.04695884e-07
8.742515943e-05
0.000505806068
-1.711217703e-06
0.0006028501153
0.0001409532858
-0.0006691997293
0.000507682442
0.0001404459848
-0.0006757855403
0.0005210197685
0.0001701640785
0.000125215163
-0.0004024677135
-4.83757463e-07
-0.0004225148362
0.0002441361484
-0.0004234443356
0.0002436466618
-0.0001046624715
5.548160081e-07
0.0002035380426
-5.577551484e-07
0.0001049239284
0.0002039836774
-0.0006252682357
0.0002429014511
8.974587374e-07
0.0005511489736
-0.0002050987329
0.0006720141956
-0.0007292617904
0.0002605467793
-1.717842011e-06
0.0006221698736
-0.0006851928693
-9.953471326e-07
-0.0002436562013
0.0006059105218
0.0003072319455
-0.0006916394512
0.0006078682215
0.0003060523589
0.0005495752095
-0.0003416161756
-0.0005353501386
0.0004252142779
-3.258923995e-07
-0.0004652716146
-0.0004661650871
0.0002880105728
5.114405893e-07
-6.042841208e-07
-0.0002887987139
0.0003609503985
0.0003599242165
-0.0009920571513
0.0008499348583
9.730186416e-09
-1.879031395e-07
0.0008266238737
-3.028957056e-07
-0.001130319888
0.0007987332392
0.0008261564703
-9.585321024e-10
-0.001129704215
0.0007986762731
9.111398321e-09
2.75972514e-07
0.0007596812415
5.228797935e-09
0.0007604337516
-0.001090316589
0.0006454656364
8.629217063e-07
0.001142065834
4.049437587e-09
-1.463114193e-06
0.001088662624
-0.001050886175
-1.147421956e-06
-0.0006471926493
0.001188556819
0.0006058098523
-0.0005945052195
0.001149199522
3.66139697e-09
0.0005554596764
-0.001112172131
1.232765146e-09
-0.00105526028
0.001189406782
2.58144821e-09
0.00060410838
0.001141581721
-0.0007335119168
-0.001245221581
3.128129143e-09
0.0006678498096
-3.564489802e-07
-0.001202434647
-0.001201899848
3.424775144e-09
0.0006993654649
4.779034195e-07
3.86307448e-09
-5.226982566e-07
-0.0007000587324
0.000643840473
2.124516853e-09
0.0006430258456
0.0009288558132
0.0006562877829
-0.0009254142636
-3.118098443e-07
0.0007458654391
0.0009543507196
0.0007448867322
0.000953899502
-0.001017248193
5.324935104e-07
0.001063481152
0.0006981216102
-9.22490217e-07
0.001016708891
0.0006332222992
-0.0009909555084
0.0006309914161
-0.0009928783829
0.001063775545
0.0006993312838
-0.0009921271961
0.000849963537
-1.746467249e-07
0.0008266387703
-3.105323111e-07
-0.00113031059
0.0007987011794
0.0008261499834
-0.001129686711
0.0007986455674
2.776436692e-07
0.0007596720135
0.0007603813717
-0.001090325424
0.0006454752484
8.669926192e-07
0.001142108849
-0.0005945128932
0.001149155101
-0.001112183127
0.0005555217111
-1.461293272e-06
0.00108868609
-0.001050942949
-1.15240206e-06
-0.0006472161363
0.001188566337
0.0006057936384
-0.001055306956
0.001189401356
0.0006040791786
0.001141668236
-0.0007334902914
-0.001245252011
0.0006679167644
-3.688526493e-07
-0.001202488039
-0.001201942581
0.0006993578499
4.842973477e-07
-5.259163914e-07
-0.0007000458685
0.0006438002019
0.0006429834044
-3.569448664e-05
0.0003978479429
-5.30995455e-09
5.599738681e-05
7.89916445e-08
0.0001943087233
0.0001943639062
3.566100195e-09
3.907960165e-05
-2.007550706e-08
-5.69551202e-10
-1.641532167e-08
-3.908065021e-05
4.635380403e-05
3.349200534e-09
4.644856299e-05
-1.39500515e-05
4.828463119e-05
7.41262687e-08
6.058363849e-05
5.473310095e-08
5.923306604e-05
3.742726314e-05
6.057336008e-05
5.931605499e-05
3.751498202e-05
-1.445628516e-08
4.733712258e-05
4.72668386e-05
-3.571081684e-05
0.0003979237429
5.58697261e-05
3.569258227e-08
0.0001943501953
0.0001943899018
3.9083957e-05
-8.900749894e-09
-3.716781298e-08
-3.909274206e-05
4.643990164e-05
4.650411533e-05
-0.001365236699
0.0003750279512
-1.097545989e-09
3.447134022e-08
0.0004453603531
0.0004459930559
-1.730222377e-10
0.001546896391
7.714959559e-08
0.0004743429982
2.842816882e-09
-1.143571429e-08
-0.001547209483
0.0004235527
0.0004240757271
-1.239987705e-09
0.0004739343337
-0.001583410732
0.0004984383338
1.515891077e-07
0.00160742108
2.28641128e-08
-1.876436202e-07
0.001583900931
-0.001543706825
-4.372929013e-07
-0.0004986105218
0.001597872282
0.000469110841
-0.0005270157002
0.001567552348
3.647592816e-09
0.000487708977
-0.00152876835
-9.549257669e-09
-0.001543186319
0.001597633952
1.634599114e-08
0.000467903085
0.001607783201
0.001613765096
0.0004678751877
1.184900982e-07
5.298288559e-09
-6.88958605e-08
-0.001614047996
0.001603689973
-3.105467552e-07
-0.0004677880187
0.0004466799428
-0.0004342615156
-0.001619156884
3.428813204e-10
0.001629806234
0.0004234121248
-1.255075432e-09
0.001603511659
5.320771014e-09
0.0004460363737
0.001497830768
0.0005975742758
-0.001502110275
-8.327745115e-08
0.0005231362655
0.00145064898
0.000523848119
0.001450397992
-0.001574269832
1.251267972e-07
0.001575323763
0.0005226780831
4.578870233e-08
0.001574904397
0.0005672219225
-0.001545093607
0.0005674153658
-0.00154408773
0.001575709336
0.0005224564504
-0.001365257214
0.0003750408117
0.001263522133
3.810046224e-08
0.0004453439772
0.0004459744794
0.001546911597
7.902483813e-08
0.0004743104531
-8.089672764e-09
-0.001547257526
0.0004235608378
0.001498056142
0.0004240889888
0.001497854086
0.0004738748048
-0.001583373034
0.000498433132
1.828454764e-07
0.001607457995
-0.0005270036702
0.001567545425
-0.001528740235
0.000487706326
-1.010609495e-07
0.001583860394
-0.001543637188
-4.633199733e-07
-0.0004986092166
0.001597877449
0.0004691327545
-0.001543071955
0.001597608017
0.0004679235569
0.001607890467
0.001613779267
0.0004678711211
1.233402182e-07
-0.0004342718123
-0.001619138336
0.001629815512
0.0004233997978
-6.376810088e-08
-0.001614104647
0.001603742678
-3.146348554e-07
-0.0004677839632
0.0004466775798
0.001603531422
0.0004460314803
-0.0009791378884
0.0001457395645
-7.292330407e-10
0.000891731241
1.039346383e-07
0.0001818640759
0.0001821454611
-2.088991498e-10
0.001291756441
-3.011646945e-08
0.0002571651308
7.946158991e-09
2.383224185e-08
-0.001291601299
0.0002245004815
0.001212369846
0.0002245764656
1.77363407e-09
0.001212941597
0.0002569735761
-0.001579169569
0.0003541783969
-3.811949045e-09
0.001541831917
1.355623966e-08
-9.57453933e-09
0.001579233142
-5.88231222e-08
-0.0003536605547
0.001620001591
0.0003634692822
-0.0003977768056
0.001629711206
4.566943866e-09
0.0003977537863
4.004021531e-09
0.001620053963
9.57707481e-09
0.0003637672334
0.001541798608
0.001494735835
0.0003042305266
1.23592781e-08
1.83234773e-08
9.417784862e-09
-0.00149473439
0.001442049582
-4.443628426e-08
-0.0003040501518
0.000326660142
-0.0002775935392
-0.001597350016
2.270969557e-09
0.001568542567
0.0003063361383
2.063943263e-08
0.001441707534
9.100606839e-09
0.0003268809249
0.001165487118
0.0003128544219
1.171774977e-07
0.0002457340531
0.001068495317
0.0002462315745
0.001068730436
-0.001437355109
-4.05256669e-08
0.001366738791
0.0003168954694
8.804678952e-08
0.001437368343
0.0003729022562
0.0003734426207
0.001366733478
0.0003163283953
-0.0009791005629
0.0001457210311
0.0008917459789
9.703550265e-08
0.0001819595913
0.000182178382
0.001291830695
9.207296144e-09
0.0002570852119
-7.809961845e-08
-0.001291870167
0.0002231734009
0.001213948536
0.0002242329394
0.001213242463
0.0002568321098
-0.001579193697
0.0003541779609
1.752549139e-08
0.001541907233
-0.0003977700056
0.001629743885
0.00039772985
-1.434284916e-08
0.001579298084
-7.419554274e-08
-0.0003536577842
0.001620084093
0.0003634426433
0.00162011961
0.0003637376111
0.001541986219
0.001494716671
0.0003042250329
6.905121934e-08
-0.0002774176523
-0.001597326488
0.001568455681
0.000306196812
-1.579623064e-07
-0.001494861312
0.001441599978
-7.490093357e-08
-0.0003040260684
0.0003267066931
0.001441394636
0.0003269523525
0.0002406225492
1.188889453e-10
0.0008157883221
0.0008999709844
0.0008898763259
0.003711125962
4.163515451e-09
8.543301282e-09
0.0004579361977
0.0008326171321
0.0009140991959
0.0009099515393
0.003670809297
0.0001982572024
0.0002405579406
0.0008998883923
0.0008159048216
0.0008900098309
0.003711243809
0.0003805339342
0.000457978632
0.0009142058733
0.0008325451615
0.0009098614494
-4.576135989e-05
-0.000847216344
1.522105009e-05
0.000788713243
8.904282354e-05
5.874383994e-10
-1.535886038e-05
4.459099967e-05
0.0007618559159
-3.322007739e-06
0.0007835065525
7.235630993e-05
0.0008558843031
4.081314196e-05
-7.779465845e-11
0.0007947742828
1.880623309e-10
8.015200799e-05
-8.941413947e-10
0.0007566192269
8.669937347e-05
0.0006270305608
5.884393245e-09
0.000871256585
0.0009449891837
0.000949579436
0.003944593661
1.095155696e-07
1.023923054e-07
0.003796583955
0.0005281140539
0.0006261415922
0.0009448232004
0.0008713364656
0.0009496315421
0.00394571475
-0.0002027681414
-0.0009195012883
1.340398473e-05
0.0008805199988
3.597358085e-09
-1.521282094e-05
0.0001915313305
-0.0001597636082
0.0008214069409
-3.623932832e-06
0.0008471844471
0.0009102735631
0.0001825377324
-0.0001509746488
5.385476777e-09
-0.000165447335
0.0008577370421
2.891945915e-09
2.90832445e-09
0.0008422300219
-1.261662285e-06
0.0003568530488
0.0006595133362
0.000711055435
0.0003047400855
-0.0007573998134
-3.83947025e-09
0.0003545299578
0.0006613544869
-4.111040563e-09
-0.0007725654719
1.685688375e-06
0.0007306964531
0.000394710212
3.076368124e-09
-3.269608864e-06
0.0007681380675
-0.0007997261672
0.0003422145885
-0.0008068178635
0.0003357205303
2.337943766e-09
0.0007283765378
0.0003983002663
-0.0008980716602
0.0003440290979
-1.650260996e-05
0.004131212023
3.179429129e-08
-7.072159e-09
0.001311866746
0.0009896298234
0.001098499869
0.00108190206
-0.000334442114
-0.0003589919746
-0.0003422312259
-0.0003120592013
0.001107650406
0.0009077720984
0.0009975228134
0.001022315013
0.0009353661369
-1.648617229e-05
-0.0008981496722
0.0003440256622
0.004131678071
0.001148886361
0.001312374684
0.001098621268
0.0009894693282
0.001081694249
-0.0003343473764
-0.0003589227607
-0.0003422744481
-0.0003121415405
-0.0004431949875
-0.0009812580588
4.73228139e-06
0.0009867108157
0.0004330102188
-2.69451105e-10
-3.729514587e-06
0.0004427181954
-0.0004436114979
0.00091377127
-5.135841675e-06
0.0009670086939
0.0003826303739
-0.0009510150636
0.0009243204829
0.0004033141571
-0.0003884722861
-2.188293657e-09
-0.0009479129279
-0.0004423137975
0.0009197112977
-1.518574004e-09
0.0004138279531
-3.479549307e-10
-0.0009969073479
0.0009792074105
0.0004352517608
0.001328548302
-3.28340026e-08
0.001051690697
0.001133611473
0.001157607475
0.004523042603
1.616802435e-08
-3.790877236e-09
0.004384503516
0.001173887854
0.001328922598
0.00113360722
0.001051712848
0.001157619084
0.004522922646
-0.0004309110973
-0.001162875449
1.78279695e-05
0.001167167277
1.289326497e-09
-1.927137738e-05
0.0004055185262
-0.0004248169953
0.00107406777
-6.200196087e-06
0.001059581176
0.001134857084
0.0004121524549
-0.0004179983394
-4.430871112e-09
-0.0004430855758
0.001127765673
-5.485942094e-09
-2.767416814e-09
0.001106967267
-1.498147062e-06
0.0005667714036
0.001221935478
0.001185303782
0.0005273010332
-0.001159855711
3.604388519e-09
0.0005643190663
0.001223593868
1.084600086e-09
-0.001213653836
1.91213038e-06
0.001255351586
0.0005207073842
1.802965704e-09
-4.056510972e-06
0.001208357617
-0.001176637389
0.0005031267911
-0.001186773839
0.000496368991
-4.466142991e-09
0.001252634177
0.0005244069719
0.001380925305
0.0006343400407
-0.00133017132
1.17229691e-08
-2.110585211e-07
0.0006455424146
0.001429692558
0.000645358399
0.001428801826
9.642147721e-09
-0.001392661783
3.773147776e-07
0.001444513891
0.0005931131234
1.584998835e-08
-4.050986899e-07
0.001393263243
-0.001344613884
0.0005863537112
-0.001344269442
0.0005855264105
1.619142413e-08
0.001445129219
0.0005940537488
0.0008209419576
0.0001228001805
-2.174365529e-08
3.471470274e-08
0.0001024611962
0.0007706405322
0.0001027111059
0.0007710093119
-2.630218756e-09
4.82874994e-08
0.001142498807
0.0001925651073
0.001144516817
0.0001913351624
-6.190633533e-08
4.28584878e-08
0.00108129559
0.0001659272712
-3.779515613e-08
0.001080927524
0.0001640753402
0.0006560752218
8.982463607e-05
-0.0006899057437
-8.442555288e-09
-5.55248827e-08
7.289650637e-05
7.271294869e-05
3.127797525e-09
-0.0009531025614
5.471238229e-08
0.0001206275186
-1.989909519e-09
-4.898839694e-10
0.0009524330798
-0.0009820759019
0.000118945023
-0.000982097899
0.0001188262283
-6.729274226e-09
0.0001198709203
0.001471414428
6.563051997e-10
-0.0003814700208
-0.000431347154
-0.0004267556747
0.004972491775
8.677532274e-09
3.609883707e-10
0.005139212492
0.004866230755
0.001361273224
0.001471481363
0.005032563076
-0.0004313595933
-0.0003814342304
-0.0004267449439
0.004972799973
0.005139360099
-0.00127079675
0.0004463238215
-1.781143909e-05
0.005260580808
2.491063369e-09
4.451501053e-09
-0.0004015561283
-0.0004410438561
-0.0004499183073
-0.0003967741828
0.001596630367
-0.000454081802
-0.0004361928137
-0.0004410533598
0.001232766675
0.00136560549
0.001376625205
0.001232742007
-1.78223141e-05
-0.001270833853
0.000446326887
0.005260601882
-0.0004015572505
-0.0004410284986
-0.0004498898772
-0.0003967408365
-0.0004662475208
-0.00141082281
2.831648459e-06
0.001444660656
1.828141274e-09
-2.935827951e-06
0.0004658894758
-0.000507406531
0.001433973015
-1.405881386e-05
0.001378972793
-0.001328537054
0.001409120827
0.0004630951833
-0.0004942216941
1.967742547e-09
-0.001389183522
-0.0005021381488
0.001442077546
-1.916642814e-09
1.887176897e-09
-0.001402742711
0.001423450208
-1.142816651e-06
0.00044240792
0.001574235475
0.001546251176
0.0004519350672
-0.001512038272
-2.024652821e-09
0.0004386165246
0.001574388877
6.040327627e-09
-0.001527790688
2.20605358e-06
0.001554507487
0.0004096917797
1.890293915e-09
-3.870559352e-06
0.001525433811
-0.001495021351
0.0004297780978
-0.001498275522
0.0004185532097
-3.867602953e-09
0.001552876053
0.0004171717272
-1.346121728e-07
0.0003539506986
0.001642139441
0.00163248312
0.0003846013581
-0.001619563525
3.842687214e-09
0.0003538279622
0.001642281306
6.467836734e-09
-0.001613053817
2.475243477e-07
0.001624651162
0.0003419792818
3.807696248e-09
-4.015888088e-07
0.001612719764
-0.001597123978
0.0003695702004
-0.001597830376
0.0003689736952
2.632700203e-09
0.00162440841
0.0003425095692
0.001607391626
0.000287267717
-0.0002712689851
-0.001623443966
1.146414561e-09
-0.0002732280779
-0.001630866429
1.798612175e-07
0.001629378315
0.0002745403426
-4.013080931e-09
-1.122443993e-07
0.0002739927181
-0.0002582833138
0.00159162399
-2.074416679e-07
0.00163127825
-0.001639317211
0.0002958222741
-0.0002582786082
0.001592344418
-1.450222443e-08
-0.00163937494
0.0002955660435
2.745028042e-09
0.001630469821
0.0002749810043
-7.443069617e-08
-0.0002245266824
-0.0002230257986
-0.0002079874825
-0.0002099686703
-6.024607857e-07
0.00152529385
0.0002109527231
-0.0002245938636
-0.0002230644602
-0.0002080575553
-0.0002100699003
0.001355011074
2.330122091e-09
-0.0003559688095
-0.0003972646164
-0.0004089073009
0.005648081401
8.359867603e-09
-2.258443959e-09
0.005793083513
0.005660233378
0.001362020556
0.001354981425
0.005821689305
-0.0003972649383
-0.0003559634486
-0.0004088945188
0.005648112571
0.005793076406
0.001270027858
4.36139837e-09
-0.0003571647886
-0.0003464174254
-0.0003581140995
0.0059064068
1.182092041e-09
4.917114756e-09
0.006030263346
0.005979620333
0.001324518364
-0.00038631759
-0.0003615135142
-0.0003682743649
0.0012700202
0.006117770599
-0.0003464028
-0.0003571778006
-0.0003581417246
0.005906393931
0.006030301967
0.001116747607
1.387921421e-08
-0.0003109477232
-0.0002901605012
-0.0003097386318
0.006122036957
7.074885131e-09
7.600636521e-09
0.006209804432
0.006230393881
0.00120064639
-0.0003390317535
-0.0003175964606
-0.0003166781908
0.001116722567
0.006315872321
-0.0002902394057
-0.0003108745084
-0.0003096786919
0.006122122179
0.006209988756
0.001002209749
4.839028281e-08
0.006292567808
6.969711954e-09
2.31515585e-08
0.006386968419
0.001031285057
-0.0002859475429
-0.0002652504648
-0.0002641538211
0.001001528335
0.006292158377
-3.794406196e-06
-0.0007178762757
0.0001118831839
5.933384872e-05
-0.0007332527307
1.915906293e-09
-0.000731582334
0.0001113145617
2.325834213e-09
-5.215086763e-05
9.280165121e-06
0.0001000010117
5.988173324e-10
-9.38192364e-06
5.214380957e-05
1.381785715e-09
0.0001001669253
-0.0008696849774
0.0001305272838
1.562697353e-05
0.0008125707523
2.790904671e-09
-3.397606555e-06
0.0008029563648
-1.552232296e-05
-0.0001266408997
0.0007923316318
-0.0001170192696
0.0008769681248
1.712498441e-09
1.691835676e-09
0.0008265227907
2.958353803e-09
0.00077864181
-3.803802977e-06
-0.0007419122797
-0.0001721516563
-0.0007817607906
2.13738904e-09
0.000220793672
-0.0007561984129
5.199945178e-10
0.0001469582895
9.412887786e-06
2.173076967e-09
-9.284442585e-06
-0.0001463093418
0.0001807188231
3.517096859e-09
0.0001824323286
-4.576048805e-05
-0.0008472350843
1.521797066e-05
0.0007887181657
8.906002162e-05
0.0008558749839
4.073653366e-05
-1.535933856e-05
4.458314355e-05
0.0007618414696
-3.308064123e-06
0.0007835606835
7.238273065e-05
0.0007947673606
8.020232067e-05
0.000756621153
8.67406435e-05
5.935658509e-05
-0.0007332515146
-3.792908664e-06
-0.0007179637459
0.0001120098694
-0.0007316603202
0.000111440781
-5.214869535e-05
9.272344348e-06
9.993479451e-05
-9.382445636e-06
5.212739876e-05
0.0001000571498
-0.0008696771881
0.0001305314256
1.56295035e-05
0.0008125790698
-0.0001169863126
0.0008770400035
0.0001509945419
-3.401960443e-06
0.0008029350643
-1.551506187e-05
-0.0001266344588
0.0007924373081
0.0001597177234
0.0008266005311
0.000165458793
0.0007786707511
-0.0001721272112
-0.0007816675165
0.0002207582175
-3.805548295e-06
-0.0007418269362
-0.0007561309104
0.0001469618603
9.423266006e-06
-9.299534673e-06
-0.0001463242302
0.0001809022572
0.000182598856
-0.0008020056567
0.0002615689211
-3.676590021e-09
-0.0002295917449
0.0008359099992
5.727663102e-06
0.0002684722779
1.802605825e-09
-8.571537007e-06
0.000222395147
-4.756397738e-06
-0.0008231900986
0.0002895995787
4.299252131e-10
0.0002859029959
1.661462187e-09
0.0002471627295
0.0009099945547
0.0002989604508
1.977287752e-06
4.332931016e-09
-1.279249467e-05
-0.0008463486053
0.0008317269138
-2.669702172e-06
-0.0002696812471
0.0002849261156
-0.0003229941414
-0.0009527263654
-4.798209491e-11
0.0009121973108
0.0003476347298
3.976681658e-10
0.0008601105141
3.585549732e-09
0.0003188286845
-0.0002027722677
-0.0009194955451
1.340538571e-05
0.0008805232703
0.0009101834517
0.0001824733605
-1.522734937e-05
0.0001915211534
0.0008212684988
-3.617246631e-06
0.0008471943992
0.0008576455181
0.0008422346636
-0.000802081676
0.0002615585674
0.0007574679371
-0.0002295910765
0.0008359164103
5.728046473e-06
0.0002684716902
-8.57205048e-06
0.000222394705
-4.756501465e-06
-0.0008231989784
0.0002896689341
0.0007996734148
0.0002859491875
0.0008067709482
0.0002471584343
0.0009099724383
0.0002989660029
1.977881279e-06
-0.0003229501623
-0.0009526243855
0.000912078551
0.0003475976441
-1.278515327e-05
-0.0008462995452
0.0008317846863
-2.679292141e-06
-0.0002696992867
0.000284962506
0.0008601867066
0.0003188269345
0.0004860202838
-0.0006101960757
1.626720198e-09
-5.012293259e-07
-0.0006823062864
0.0005314626888
-0.0006833215816
0.0005299650064
3.169620901e-09
-6.947516879e-07
0.0004121318008
0.0004104293887
-5.80985904e-10
8.735959654e-07
0.000456927154
3.511493254e-09
0.0004590756502
-0.0008279868847
0.0004229493141
2.780347328e-06
0.0007969671858
2.497371571e-10
-7.328081344e-06
0.0008173952809
-3.361750701e-06
-0.0004260069457
0.0008469870614
-0.0003605162049
0.0008752322156
5.789251062e-10
-1.290194829e-10
0.0008525074614
-1.480829684e-09
0.0007924689463
-0.0005655936831
-0.0008380707242
-4.414363749e-10
0.0005781127602
-7.027859623e-07
-0.0007612024648
-0.000763102325
1.938713714e-09
0.000489538815
1.253268143e-06
-6.735015912e-11
-1.62693358e-06
-0.0004915954029
0.0005045194326
-1.152276377e-09
0.0005023497732
0.0007111097258
0.0003047447256
-1.228848065e-06
0.0003567961307
0.0006595977619
0.0003544876878
0.0006614414381
-0.0007725598033
1.689042327e-06
0.0007306355259
0.0003947260004
-3.27054132e-06
0.0007681249903
0.0003422024044
0.0003356876666
0.000728279609
0.0003983305544
0.0004860211692
-0.0006102072205
-5.146815744e-07
-0.000682343552
0.0005315522218
-0.000683361499
0.0005300451859
-6.781685007e-07
0.0004121555421
0.0004104796856
8.789294319e-07
0.0004568782961
0.0004589705302
-0.000827971043
0.00042294561
2.780501592e-06
0.0007969711799
-0.0003605806941
0.0008751904273
0.0003884494106
-7.322506205e-06
0.0008173706527
-3.360256637e-06
-0.0004260017279
0.000846988618
0.0004435572288
0.0008525183158
0.0004422559837
0.0007924799802
-0.0005655831743
-0.0008381123701
0.0005780800453
-7.028103357e-07
-0.0007611349447
-0.0007630634013
0.0004895308644
1.255143698e-06
-1.618874108e-06
-0.0004915707116
0.0005044622816
0.0005023167864
0.000576307384
-0.0009250189398
3.551387589e-09
-1.824219671e-06
-0.0009787301016
0.000568529606
-0.000982309431
0.000563962061
-1.196764145e-09
-0.0004947829769
3.579812423e-06
0.0004956042158
3.349687825e-10
-2.258041036e-06
0.0004988138399
1.117255839e-09
0.0005028709681
-0.001072417318
0.0004483556609
1.470709802e-05
0.001042366637
-1.858737478e-09
-5.558922217e-07
0.0009952345104
-1.914202862e-05
-0.0004364602978
0.001040351048
-0.0004227569826
0.001100414975
-4.110543152e-09
-1.780201631e-10
0.001086546978
-3.941245643e-09
0.001008733076
-3.249540935e-06
-0.001025930829
-0.0005430539098
-0.00108968426
1.139411635e-09
0.0005163462668
-0.001037600628
-1.036826284e-09
0.0004917545386
8.616361788e-06
-6.719844743e-10
-1.112039505e-05
-0.000494289583
0.0004739405167
-3.427917007e-09
0.0004775002937
-0.0004431788415
-0.0009812772832
4.73112569e-06
0.0009867195101
0.0004330052207
0.0009243647926
0.000403294031
-0.0009479522295
-3.722045941e-06
0.0004426898956
0.0009137996978
-5.128005106e-06
0.0009670577737
0.0003826436647
-0.0009511016273
0.0009197183716
0.0004138869902
-0.0009969985945
0.000979238714
0.0004352400822
0.0005763522051
-0.0009249702132
-1.822981359e-06
-0.0009787279934
0.0005684951812
-0.0009822684107
0.0005639180591
-0.0004948018995
3.586232021e-06
0.0004956671068
-2.264164907e-06
0.0004988522277
0.0005029491842
-0.001072391903
0.0004483452534
1.470428863e-05
0.001042345726
-0.0004226304602
0.001100390389
0.0004180288279
-5.586984083e-07
0.0009951684744
-1.912664223e-05
-0.0004364259699
0.00104018093
0.000424945777
0.001086503797
0.0004431012653
0.001008686879
-0.0005430087836
-0.001089541544
0.0005161561903
-3.239213333e-06
-0.001025956934
-0.001037637928
0.0004917653052
8.608931643e-06
-1.108991764e-05
-0.0004942880651
0.0004744396222
0.0004776342152
-0.001136763386
0.0004885356922
-3.114161313e-11
-0.0004572021845
0.001170682669
6.989264426e-06
0.0004466958495
1.67908942e-09
-1.130551442e-05
0.0004431176587
-5.661070647e-06
-0.001149330368
0.0004655726025
-5.114626525e-09
0.0004668023112
-1.885843345e-08
0.0004077438243
0.001231509971
0.0004438982188
7.388781188e-07
1.034873102e-09
-1.551356741e-05
-0.001133963793
0.001181424736
-5.055381594e-06
-0.0003913154667
-0.0004550903032
-0.001256913008
2.304023582e-09
0.001257562545
-3.220103319e-09
0.001227711632
7.413653953e-10
-0.0004312458798
-0.001162915523
1.782935372e-05
0.001167476895
0.00113485997
0.0004121701376
-1.925845034e-05
0.0004061618232
0.001073545955
-6.199669892e-06
0.001059680246
0.001127451422
0.001107569193
-0.001135735644
0.0004875384877
0.001159627149
-0.0004580561258
0.001171610144
6.988571786e-06
0.0004469359864
-1.128875399e-05
0.0004448228815
-5.654478724e-06
-0.00115118815
0.0004650985082
0.001177182555
0.0004665223239
0.00118695297
0.0004081924977
0.001231819227
0.0004439160236
7.396422899e-07
-0.0004550372012
-0.001256953772
0.001257539514
-1.551889805e-05
-0.001134534384
0.001181598002
-5.057341556e-06
-0.0003913434173
0.001227782229
-0.001274330988
0.0006116493957
1.038700605e-08
-6.7727915e-07
0.0005923697309
0.0005916088391
2.609141471e-09
0.001302965916
6.029483697e-07
0.0005433852256
6.333034409e-09
-3.45992813e-07
-0.001301820541
0.0005696849508
0.0005699877984
1.208149896e-08
0.0005437863161
-0.00124453635
0.000479305567
2.446699091e-06
0.001283487513
3.95310942e-09
-8.751538665e-06
0.001226749429
-1.922039356e-06
-0.0004782427214
0.001280525959
-0.000470790041
0.001261580026
4.939611407e-09
2.689249385e-09
0.001298026846
3.105175563e-09
0.001275360373
0.001313988734
0.0005133307946
-4.520837363e-07
5.293687206e-09
-5.27406352e-07
-0.001312839355
0.001353551504
4.817939954e-06
-0.0005058552533
0.0004602461814
-0.0005304275257
-0.00132314254
6.327987452e-09
0.00136077967
0.0004911365272
9.551129133e-09
0.00135301205
4.060690653e-09
0.0004930289812
0.001185326344
0.0005271026527
-1.502449932e-06
0.0005666963457
0.001221998951
0.0005642586877
0.00122364547
-0.00121367845
1.917573824e-06
0.001255295649
0.0005207257176
-4.059045751e-06
0.001208395757
0.0005029610335
0.000496313659
0.001252566232
0.0005244434438
-0.001274312374
0.0006116843798
0.001330197522
-6.800537663e-07
0.0005923983836
0.0005916390558
0.001302960149
6.092973527e-07
0.0005433715926
-3.634695132e-07
-0.00130181378
0.0005696840577
0.001344671504
0.0005699917496
0.001344301393
0.0005437601329
-0.001244544093
0.0004793173219
2.450589638e-06
0.001283505849
-0.0004707992114
0.00126167283
-8.755272426e-06
0.001226776963
-1.926335721e-06
-0.0004782650526
0.001280533167
0.001298013562
0.00127540594
0.001314003605
0.0005133228796
-4.437547394e-07
-0.000530412925
-0.00132315602
0.001360795094
0.0004911210862
-5.429368225e-07
-0.001312881341
0.001353626438
4.808717363e-06
-0.0005058409821
0.0004602126579
0.001353049047
0.0004929932001
-0.001468313078
0.0006402133623
-2.583949033e-08
-1.875209397e-08
0.0006476949182
0.0006476639316
1.704431767e-09
-2.038758074e-07
-0.001494902984
0.0005902361926
-0.001494494702
0.0005904903707
-6.576582157e-08
1.26858144e-07
0.0005975545549
1.705611858e-09
0.000598048004
-0.001398168079
0.0005443206753
8.309330796e-07
0.001446118776
1.081693e-08
-1.196215852e-06
0.001398486673
-1.429972075e-06
-0.0005471362123
0.00144229956
-0.0005391613273
0.001402677822
5.67248357e-09
1.284141682e-08
0.001443426802
3.575810793e-09
0.001446235143
-2.408014043e-07
-0.001495475386
-0.0005422946349
-0.001486716241
-1.658811207e-08
0.0004999945527
-0.001495163912
-6.747889563e-08
0.0005482073089
3.347650025e-07
-3.265706789e-08
-3.409002955e-07
-0.000549142515
0.0005052918781
-2.038995103e-08
0.0005045973492
0.001380949604
0.0006343321191
-2.452015103e-07
0.0006456293913
0.001429754852
0.0006453884813
0.001428800291
-0.001392683519
4.395206121e-07
0.001444510499
0.0005931378301
-4.368958044e-07
0.001393348966
0.0005863675355
0.0005855292893
0.001445321786
0.0005940960904
-0.001468358119
0.0006402427731
-3.856071288e-08
0.000647797039
0.0006476214317
-8.799413896e-08
-0.001495683516
0.0005904264109
-0.001494450448
0.0005904517254
2.9427779e-07
0.0005973889025
0.0005977295833
-0.001398214402
0.0005443132388
8.792300821e-07
0.001446170581
-0.0005391567298
0.001402666761
0.0004942434521
-1.220044996e-06
0.001398621958
-1.456169801e-06
-0.0005471027222
0.001442298574
0.0005074128509
0.001443411367
0.0005021160377
0.001446494558
-0.0005423675138
-0.00148663352
0.0005000093811
-1.109122514e-08
-0.001495651338
-0.001495066319
0.0005481072475
3.532478389e-07
-3.119264822e-07
-0.0005489260478
0.0005051787127
0.000504552769
-0.000724343877
8.336244527e-05
5.496883385e-09
2.560994289e-08
9.542310578e-05
9.575618468e-05
1.081163756e-09
0.001024886564
-3.035778718e-08
0.0001521733187
2.225215408e-08
-2.955080378e-08
-0.001024809773
0.0001261194505
0.0001261112705
1.028812822e-08
0.0001515105104
5.421090135e-08
0.001394007697
-0.0002402820426
0.001537566586
-2.881977175e-08
0.001392844022
-2.915773021e-08
0.0002239159876
3.634633685e-08
0.001334857498
-3.853986989e-08
-6.544451771e-08
-0.000223092041
0.001502989008
0.001503167861
-2.935565498e-08
0.001335027329
0.001284163229
0.0002028511706
-1.280628298e-08
2.922209517e-08
-5.3218967e-08
-0.001284283826
0.001237600836
-1.072018272e-07
-0.0002022412046
0.0002305990462
-0.0001727138677
-0.001475140401
7.907855756e-09
0.001429765074
0.0002178924245
2.387000104e-08
0.001237483531
-3.375692772e-09
0.0002307747967
0.0008214617339
0.0001222493876
1.063158525e-07
0.0001029578024
0.0007709406914
0.0001032274001
0.0007710066921
9.640761459e-08
0.001146906075
0.0001886810951
0.001145140342
0.0001903860145
-3.006204556e-07
0.001082025185
0.0001666053914
0.001082570775
0.0001669924872
-0.0007243939705
8.343388729e-05
0.0006899468612
5.93414775e-08
9.546773869e-05
9.575389436e-05
0.001025010624
-4.585916949e-08
0.0001528365673
-5.360230142e-08
-0.001025105252
0.0001263803929
0.0009822016804
0.0001262500766
0.0009821511239
0.0001528874063
-0.0002395636058
0.001536683839
0.0002712788542
-1.11901736e-07
0.001391362104
0.001392075988
0.0002245856609
-1.429178069e-07
0.001334200092
-1.099114736e-08
-0.0002245124104
0.001503384643
0.0002576832666
0.001503110579
0.0002581185797
0.001333699264
0.001283994279
0.0002030698374
1.758618042e-09
-0.0001726808579
-0.001475030754
0.001429761881
0.0002177817273
-8.315487564e-08
-0.001283919987
0.00123755303
-6.004055838e-08
-0.0002026684392
0.0002313809723
0.001237504211
0.0002310862447
-0.001203345466
0.0001492987952
5.083316769e-08
2.023020318e-09
-6.158187519e-08
0.001203490568
-2.950340904e-07
-0.0001494446469
0.0001832528148
-0.0001528974717
0.001392845394
9.248790482e-09
0.0001895802128
5.225215017e-09
1.252549197e-09
0.0001825218199
0.0006560599939
8.977647092e-05
-6.120954854e-08
7.290809794e-05
7.266999716e-05
-0.0009530853486
3.979976553e-08
0.0001206639183
1.669030622e-08
0.0009524042965
0.000119029587
0.0001188522142
0.000119966861
-0.001203332931
0.0001493264837
5.108972608e-08
-0.0001529550252
0.001392844488
0.0001896330085
-7.370072524e-08
0.001203458379
-3.015143245e-07
-0.0001495092452
0.0001833645873
0.0001826358595
-0.001476625588
0.0004639080561
-5.008251349e-09
-0.0004705038596
0.001468131215
-5.371545496e-06
0.0004524138691
-9.022633057e-09
4.442452878e-07
0.0004636174949
-2.409835858e-06
-0.001463746276
0.0004345016813
-1.031251357e-08
0.000431360125
-6.214971045e-09
0.0004179498661
0.001523674363
0.0004365527167
-3.885054765e-06
-5.524842766e-09
-2.168193085e-05
-0.00138591941
0.00145000418
-5.12297507e-06
-0.0003760811746
-0.0004157557892
-0.001527139596
-4.097045033e-10
0.001517327667
1.375572811e-10
0.001517596625
4.579890281e-10
-0.0004662996933
-0.001410886708
2.831278049e-06
0.001444779112
0.001409083226
0.0004631680191
-0.00138919203
-2.936654812e-06
0.0004659920033
0.001433827008
-1.405287384e-05
0.001379085848
-0.001328584192
0.001441961002
-0.001402757906
0.001423677129
-0.001476611368
0.0004639125834
0.001512026104
-0.0004703654753
0.001468129583
-5.382511426e-06
0.0004523884895
4.73384925e-07
0.0004633451895
-2.401964218e-06
-0.001463737721
0.0004344809582
0.001495034353
0.0004313492928
0.001498284688
0.0004179020765
0.001523649269
0.0004365412016
-3.890136062e-06
-0.0004157433877
-0.00152713188
0.001517322833
-2.166422638e-05
-0.001385933576
0.001449991378
-5.121487365e-06
-0.0003760827961
0.001517591086
-6.426415083e-07
0.0004214392452
-0.001600405842
0.0004038715275
4.641975058e-10
0.0004193742651
2.496616688e-09
0.001578245979
1.097412704e-06
0.0003945352661
3.0916982e-09
-6.59816758e-07
-0.001577062232
0.0003852769781
0.0003836262262
1.08084982e-09
0.0003983504687
-0.001522833567
0.000387626846
5.247369271e-06
0.001539650506
6.257313142e-10
-1.393930004e-05
0.0014974936
-6.545632529e-06
-0.0003900135205
0.001510417787
-0.0003993743985
0.001513245675
2.962740739e-09
2.568354132e-09
0.001526043911
-4.444267719e-10
0.001529899181
0.001558065387
0.0003740242757
2.094627923e-06
1.480486952e-09
-1.197429273e-06
-0.001553821497
0.001573934533
-2.602682264e-06
-0.0003765227758
-0.000364689926
-0.001539350194
4.066447737e-10
0.001556355776
9.311851298e-10
0.001575803323
1.20725003e-09
0.001546247246
0.0004519367146
-1.150156251e-06
0.0004423914744
0.00157428094
0.0004385988345
0.00157442785
-0.001527790767
2.205612572e-06
0.001554489974
0.0004096959079
-3.857047275e-06
0.00152543001
0.0004298090876
0.0004185697187
0.001552843863
0.000417183232
-0.001600419341
0.0004038722381
0.001619567266
-6.47103138e-07
0.0004214658593
0.0004193953823
0.001578246843
1.10587387e-06
0.0003945357243
-6.610379662e-07
-0.001577066451
0.0003852717625
0.001597134974
0.000383623891
0.001597835228
0.0003983491384
-0.001522834998
0.0003876268037
5.246929429e-06
0.001539657799
-0.0003993841572
0.001513241728
-1.394422105e-05
0.001497501901
-6.542354504e-06
-0.0003900136415
0.00151040783
0.00152605137
0.001529918427
0.001558067619
0.0003740299424
2.097431859e-06
-0.0003646873315
-0.001539331705
0.00155635301
-1.198332846e-06
-0.001553825767
0.001573941942
-2.609086497e-06
-0.0003765392312
0.001575806778
-1.1418327e-07
0.0003357302232
-0.001633169026
0.0003159457258
4.550307428e-09
0.0003358725054
6.512311516e-09
0.001630672237
2.155738697e-07
0.0003296324987
3.352935962e-09
-1.909696026e-07
-0.001630710748
0.0003072647343
0.00030704698
5.066027879e-09
0.0003296434509
-0.001590775126
0.0003294921652
5.196973144e-07
0.001602738992
3.550607846e-09
-7.549007659e-07
0.001590030446
-3.521203749e-07
-0.0003305811921
0.001581961622
-0.0003532448857
0.001569761882
2.358030698e-09
2.11325907e-09
0.001582295316
3.368375881e-09
0.001602478534
0.001611877181
0.0003200374689
4.533454866e-07
3.499722506e-09
-4.307445341e-07
-0.001611876806
0.00161970701
-3.665101789e-07
-0.0003206985176
-0.0002988882256
-0.001592224595
2.918903398e-09
0.001600733702
3.265517078e-09
0.001619601919
3.044245659e-09
0.001632474152
0.0003845947627
-1.464348411e-07
0.0003540070723
0.001642061235
0.0003538850266
0.001642186767
-0.001613059169
2.581837578e-07
0.001624711042
0.0003419787775
-4.061968571e-07
0.001612740695
0.0003695568657
0.0003689672598
0.001624500606
0.0003425053427
-0.001633208817
0.0003158204359
0.001623474626
-1.237044676e-07
0.0003356525009
0.0003358131109
0.001630676395
2.173963226e-07
0.0003296337105
-1.97330552e-07
-0.001630722398
0.0003073108864
0.001639097077
0.0003071019851
0.001639202574
0.0003296480949
-0.001590779919
0.0003295019978
5.260247087e-07
0.001602734234
-0.0003532384185
0.001569805056
-7.578175656e-07
0.001590044054
-3.630247868e-07
-0.0003306053343
0.001581938981
0.00158226921
0.001602470091
0.001611883014
0.0003200288307
4.595867562e-07
-0.0002989402115
-0.001592254101
0.001600730592
-4.429794127e-07
-0.001611901926
0.001619740211
-3.682864555e-07
-0.0003206758449
0.001619605068
-0.0002521367865
0.001612327657
2.86432277e-07
-1.780755815e-09
-2.919889064e-07
0.0002520314176
-2.553319839e-07
-0.00161301609
0.00159919752
-0.001570703151
0.0002430353824
-4.384452791e-10
0.001545155726
-1.27128833e-08
3.832069788e-10
0.001598726225
-0.001621014403
0.00027036102
4.428213994e-07
9.528020679e-09
-6.363398668e-07
0.001621983034
-1.971641122e-07
-0.0002717327473
-0.0002935161974
0.001607674504
1.457977132e-09
1.016961708e-09
7.867717029e-09
0.00160769107
0.0002869757317
-0.0002721371907
-0.001630542143
1.766311368e-07
0.001628248195
0.0002742504955
-1.223754105e-07
0.0002717847181
0.001593753725
-2.116035217e-07
0.001630625839
0.0002955830071
0.001593535581
0.0002954273056
0.001628200173
0.0002743870144
-0.0002531932561
0.001611978289
2.837062386e-07
-0.001571144402
0.0002433317897
0.001545201533
-2.714456266e-07
0.0002541586933
-2.519657728e-07
-0.001612301673
0.001599060175
0.001598711526
-0.001620959721
0.0002703257705
4.394888148e-07
-0.0002934470419
0.001607741503
-6.266346611e-07
0.001621868519
-2.029514071e-07
-0.0002716681782
-6.695714812e-08
0.0001900663028
-5.2043583e-07
0.001585962443
0.001524255274
0.0002098916888
6.401938998e-09
0.0001888404327
1.694023347e-10
0.001585071675
-1.35005027e-11
6.331611181e-07
-4.525214958e-09
-3.569461585e-06
0.0002981358538
-1.536436216e-05
-0.0009260637175
-0.0009783996187
0.0003616226214
-3.811257287e-09
0.0003343600355
-4.074066744e-09
-0.001009638263
-2.802170675e-09
4.727966275e-06
-3.686706327e-09
-0.0009784684848
0.0003616239137
-3.551594648e-06
0.0002981365258
-1.534829712e-05
-0.0009260750451
0.0003343255925
-0.001009648543
4.713925283e-06
3.570835345e-06
0.000418590684
-2.409566312e-05
-0.001259673693
-0.00138391464
0.0004680518696
4.34305903e-09
0.0004782493564
2.723479912e-09
-0.001399834071
3.716292824e-09
5.120917027e-06
2.743575508e-09
-0.001383922229
0.0004680333205
3.564457524e-06
0.0004185810248
-2.410571558e-05
-0.001259708838
0.0004782436452
-0.001399855079
5.126643654e-06
0.001524238299
0.0002100001724
-8.467602121e-08
0.0001900678723
-5.395681037e-07
0.001585958598
0.0001888394364
0.001585107645
6.437116413e-07
2.497667363e-06
5.247299712e-05
-4.787269397e-05
-4.173473773e-09
4.789735306e-07
2.527104062e-05
-2.324110621e-05
-1.124065612e-08
6.958132878e-06
-6.465708823e-06
-1.345173656e-08
2.496954199e-06
-4.787184885e-05
-4.613760079e-09
5.247220858e-05
4.787241283e-07
-2.324068877e-05
-1.150336661e-08
2.527042179e-05
-6.465580703e-06
-1.357795558e-08
6.9578818e-06
-4.485557723e-07
-1.353667765e-07
-2.99545294e-06
2.440987559e-06
-1.222922301e-07
-1.059502195e-07
-1.454429213e-06
1.234116198e-06
-8.134315578e-08
-4.017544484e-07
3.608038209e-07
-4.490440949e-07
-1.353052856e-07
-2.994357915e-06
2.439735461e-06
-1.224444809e-07
-1.058978535e-07
-1.454010441e-06
1.233308443e-06
-8.131750341e-08
-4.016553659e-07
3.605267588e-07
5.005102927e-06
-8.631355258e-06
-1.095571975e-07
1.669920381e-05
1.668745769e-10
1.075128216e-06
-4.183732205e-06
-9.414692585e-08
8.207766157e-06
8.818750343e-11
-1.152361088e-06
-7.965377305e-08
2.307102658e-06
4.103534878e-11
5.573831403e-06
1.413678784e-07
8.668374544e-06
1.252466234e-06
1.147519203e-07
4.205203465e-06
9.243328812e-08
1.159640922e-06
5.1308685e-06
2.229526024e-10
1.060371844e-06
1.207231989e-10
5.709748899e-11
5.367823143e-06
1.675868471e-05
1.237762801e-06
8.241116848e-06
2.31775e-06
-1.582820091e-09
1.391410632e-07
-3.438213667e-06
3.102295674e-06
-1.487809396e-10
4.253646376e-08
1.103492514e-07
-1.635175079e-06
1.480796534e-06
-8.478629055e-11
8.30563245e-08
-4.448267576e-07
4.043482762e-07
-4.029187767e-11
-6.69147916e-07
-6.906500565e-08
5.179751395e-05
-1.822516887e-07
-4.771782772e-08
2.483186318e-05
-3.509624577e-08
6.810977626e-06
-4.244272452e-07
-5.234291117e-05
2.200795153e-11
5.177011343e-05
-8.9520059e-08
-2.519285671e-05
1.21286759e-11
2.481021818e-05
-6.928726504e-06
6.367938841e-12
6.804104438e-06
4.420580212e-06
-1.130737477e-07
9.428053913e-11
2.404853818e-05
9.266766569e-07
-8.74228454e-08
4.958135226e-11
1.178904244e-05
-7.039130677e-08
2.314678355e-11
3.304147428e-06
4.757977428e-06
2.41370446e-05
1.074593464e-06
1.183707853e-05
3.321952548e-06
5.005045691e-06
-8.631189934e-06
-1.092052355e-07
1.66989182e-05
1.075121421e-06
-4.183652779e-06
-9.395577781e-08
8.207621038e-06
-1.152338746e-06
-7.956045139e-08
2.307061942e-06
5.57311591e-06
1.408821451e-07
8.66790199e-06
1.252265081e-06
1.14490863e-07
4.204969785e-06
9.230721689e-08
1.159571649e-06
5.130788608e-06
1.06035868e-06
5.367335651e-06
1.675792682e-05
1.237625748e-06
8.240724324e-06
2.317637038e-06
4.420646158e-06
-1.128539211e-07
2.404817699e-05
9.267063788e-07
-8.730657897e-08
1.178891658e-05
-7.033480362e-08
3.304126494e-06
4.757792854e-06
2.413612047e-05
1.074543267e-06
1.183666769e-05
3.321845792e-06
6.191550321e-06
3.376710233e-05
1.042811315e-07
1.382140869e-06
1.654486756e-05
1.012092546e-07
4.617888117e-06
8.609800226e-08
4.57317383e-08
3.499645729e-06
-1.421972858e-07
-3.251787359e-08
1.662982646e-06
-1.085736745e-07
4.525173932e-07
-8.077387734e-08
4.510671999e-08
3.499541907e-06
-1.423892715e-07
-3.270851721e-08
1.66260359e-06
-1.086623176e-07
4.523631394e-07
-8.081483767e-08
2.317130855e-06
8.515688326e-08
-4.420772392e-05
5.372754732e-07
4.495986237e-08
-2.150621009e-05
2.553832922e-08
-5.953971795e-06
2.095440353e-06
8.548014717e-11
4.772441004e-05
-4.418465576e-05
4.632549948e-07
4.214571554e-11
2.315609834e-05
-2.147899466e-05
1.973722169e-11
6.433507516e-06
-5.944732387e-06
2.878373326e-06
4.418387177e-05
-3.777688104e-08
-1.722056739e-10
-3.914232351e-05
5.606306117e-07
2.147845422e-05
-4.021809322e-08
-8.830142814e-11
-1.912040312e-05
5.944518642e-06
-3.37501112e-08
-3.192091516e-11
-5.350105472e-06
2.317627258e-06
8.515430727e-08
-4.420627592e-05
5.37413715e-07
4.495948852e-08
-2.1505433e-05
2.554142075e-08
-5.953707962e-06
2.095479365e-06
4.772357422e-05
4.6327408e-07
2.315566013e-05
6.433354638e-06
2.557003986e-06
1.869119825e-10
5.087742478e-07
2.286711113e-10
1.049986488e-10
2.556578252e-06
5.234218361e-05
5.086287627e-07
2.519233326e-05
6.928511373e-06
-8.348846119e-08
-2.548432824e-10
-2.98639812e-06
2.423794754e-06
3.700524997e-08
-1.299627594e-10
-1.449907843e-06
1.223592041e-06
-5.879925298e-11
-4.006759587e-07
3.564006127e-07
-8.334835983e-08
-2.986102902e-06
2.423202497e-06
3.706681456e-08
-1.449740441e-06
1.223293425e-06
-4.006214319e-07
3.563131496e-07
-1.215272191e-07
3.444483038e-06
-6.19762003e-08
-4.738076397e-08
1.638183685e-06
-4.934607897e-08
4.457629093e-07
-4.062431368e-08
-3.988276663e-07
3.088929614e-06
-1.259245488e-07
1.475635262e-06
4.028890047e-07
-5.298215871e-06
-4.739614857e-05
-3.964480081e-08
3.947569022e-05
-1.267631605e-06
-2.232307145e-05
-7.210709327e-08
1.836459255e-05
-6.036458961e-06
-7.875954742e-08
4.847587448e-06
-1.419233641e-06
-4.672251095e-07
-1.614914828e-07
-1.696009938e-06
-3.215374558e-07
-5.911505324e-08
-1.259491178e-07
-9.126290408e-07
4.09022613e-08
-9.307424291e-08
-2.693640979e-07
-1.30950314e-06
-2.600446848e-06
-6.294674358e-08
-3.122718471e-07
-1.001787327e-06
-5.455919912e-08
-2.24964112e-07
-4.640652066e-08
6.191630949e-06
3.376839585e-05
1.042684004e-07
1.382172714e-06
1.654532551e-05
1.012128324e-07
4.61802776e-06
8.609756438e-08
3.524906317e-06
3.926690734e-05
1.04739328e-07
8.102982817e-07
1.918940944e-05
7.052393737e-08
5.377274124e-06
5.105148405e-08
2.967460436e-06
3.776546913e-08
6.104444844e-07
4.021524303e-08
3.37462863e-08
3.524644044e-06
3.926584878e-05
1.045663361e-07
8.102203384e-07
1.918883817e-05
7.045440873e-08
5.377084317e-06
5.102438114e-08
2.967186951e-06
6.10374285e-07
-1.212492029e-07
3.443926029e-06
-6.177736939e-08
-4.727046934e-08
1.63787673e-06
-4.925521163e-08
4.456733684e-07
-4.05832668e-08
-3.982796823e-07
3.089662832e-06
-1.390981854e-07
-1.258314368e-07
1.475733717e-06
-1.103011042e-07
4.028746176e-07
-8.303102271e-08
-2.146707287e-06
-5.015544111e-05
-1.058975709e-07
-5.237427021e-07
-2.386924685e-05
-7.678822905e-08
-6.499987623e-06
-6.021368987e-08
-2.146952737e-06
4.739293184e-05
-5.015337985e-05
-1.05849397e-07
-5.237692204e-07
2.232167789e-05
-2.386807363e-05
-7.678763869e-08
6.036043317e-06
-6.499595474e-06
-6.021804077e-08
-5.297128199e-06
-3.95779445e-08
3.947428091e-05
-1.267359788e-06
-7.205119037e-08
1.836396023e-05
-7.873177302e-08
4.847413509e-06
-2.540771243e-06
-1.848962503e-07
-6.749538825e-06
-5.456412474e-07
-1.415995126e-07
-2.855320158e-06
-1.039196076e-07
-6.666869628e-07
-2.54131035e-06
2.599353348e-06
-1.846751777e-07
-6.748965026e-06
-5.457772255e-07
1.00095894e-06
-1.414487981e-07
-2.855042824e-06
2.246831174e-07
-1.038463437e-07
-6.666147184e-07
-1.308583923e-06
4.662163252e-07
-6.23128096e-08
-3.120169697e-07
5.862962913e-08
-5.423818983e-08
-4.108045545e-08
-4.625483335e-08
4.650655337e-08
-3.515655967e-06
-6.071018724e-11
3.110197768e-08
-1.66908404e-06
-3.465592044e-11
-4.543311816e-07
-1.797031245e-11
-5.0103813e-06
3.947947927e-05
-4.740465173e-05
-1.613001585e-10
-1.116844517e-06
1.835979493e-05
-2.232536593e-05
-7.552834606e-11
4.842858448e-06
-6.038434768e-06
-2.463792125e-11
-1.426953323e-06
1.160122874e-07
3.680507497e-05
-2.915998754e-10
-2.04251797e-07
8.532807256e-08
1.705191642e-05
-1.544624134e-10
6.872543628e-08
4.569953486e-06
-7.263092708e-11
-1.756337077e-06
3.679960259e-05
-3.505688896e-07
1.704415388e-05
4.565741787e-06
-2.968443665e-06
-1.680718142e-05
1.164668551e-07
1.152670772e-05
-1.593158124e-10
-5.591577884e-07
-7.523911901e-06
8.969949084e-08
5.025011495e-06
-8.251763482e-11
-1.895662444e-06
7.040871522e-08
1.266137235e-06
-3.77510407e-11
-5.056563443e-06
-7.822144936e-08
1.67763008e-05
-2.477564828e-05
-1.171043788e-06
-7.577560505e-08
7.510585347e-06
-1.132032529e-05
-6.835086554e-08
1.892360343e-06
-2.995053715e-06
-4.767275929e-06
-2.479187093e-05
-2.116124471e-10
-1.035124639e-06
-1.133172836e-05
-1.107765826e-10
-2.999083815e-06
-5.165287105e-11
-3.30215734e-06
1.148624012e-05
-7.045304583e-07
5.002658434e-06
1.258236456e-06
-9.774140383e-07
-4.808143428e-07
-1.675251076e-06
-6.626064278e-10
-1.35314851e-07
-6.658530627e-08
-9.011010715e-07
-3.614344323e-10
3.745319159e-08
-2.656718209e-07
-1.668700547e-10
-1.128177712e-06
-2.644884197e-06
-3.410503992e-10
-2.239709808e-07
-1.025174281e-06
-1.788211457e-10
-2.328387754e-07
-8.460689244e-11
5.836103215e-06
8.300782874e-11
3.371804854e-05
1.216397869e-06
2.7991799e-11
1.65099321e-05
-5.488147355e-13
4.606644371e-06
5.835834807e-06
3.371793589e-05
1.216288388e-06
1.650969945e-05
4.606513678e-06
4.396212374e-07
2.802608875e-11
1.329353782e-07
1.549920629e-11
7.457547066e-12
4.394904477e-07
3.515278405e-06
1.329137872e-07
1.66888905e-06
4.542771871e-07
3.2329608e-06
3.914308691e-05
8.8559782e-11
6.925614393e-07
1.912081274e-05
4.395914145e-11
5.350246541e-06
1.199459876e-11
2.878825002e-06
5.607704386e-07
3.232761745e-06
6.925545504e-07
-1.365308283e-06
-1.384910879e-08
-3.605179631e-07
-4.217435108e-08
-4.952888199e-08
-6.695085459e-07
-6.912502814e-08
5.179584365e-05
-1.82311816e-07
-4.776581995e-08
2.483099089e-05
-3.512172469e-08
6.8106912e-06
-4.245221246e-07
5.176927367e-05
-8.954093275e-08
2.480959713e-05
6.803855907e-06
-1.36615584e-06
-1.438467174e-08
-3.607704113e-07
-4.246751932e-08
-4.967451677e-08
-1.212322713e-06
-1.745687756e-10
5.008696736e-05
-2.729971203e-07
-1.068867847e-10
2.38279108e-05
-6.383486995e-11
6.4812497e-06
-1.12118747e-07
-6.2186302e-08
-4.16914607e-08
-4.922010773e-08
-4.055610496e-08
-5.139178119e-07
-7.305564227e-08
-1.364118178e-07
-5.601689165e-08
-4.497101782e-08
5.511909333e-08
-1.301961758e-10
3.685149656e-08
-6.783875329e-11
-3.169592167e-11
-3.124645395e-07
-2.861392838e-10
-4.583495768e-08
-1.546202145e-10
-7.504282221e-11
-1.417539739e-06
-1.60534771e-07
-1.695494127e-06
-3.210534111e-07
-1.25386736e-07
-9.124689078e-07
-9.280336129e-08
-2.693306286e-07
-9.767962716e-07
-1.675127779e-06
-4.804740433e-07
-1.351368496e-07
-9.009987143e-07
-6.640856008e-08
-2.656284674e-07
3.752220694e-08
-1.125025849e-07
-6.187718166e-08
-4.170876395e-08
-4.907162913e-08
-4.049061745e-08
-5.124446226e-07
-7.227335573e-08
-1.359789703e-07
-5.562429237e-08
-4.478224561e-08
5.489307793e-08
-3.102317723e-06
3.679970304e-08
-1.480787952e-06
-4.043432046e-07
-3.123445743e-07
-4.582782747e-08
4.652367132e-08
3.437942084e-06
3.110190307e-08
1.635024596e-06
4.447800699e-07
-1.217118662e-09
4.263667707e-08
-1.212297489e-06
5.00881826e-05
-2.730045114e-07
2.382864236e-05
6.481508509e-06
-1.809318824e-06
1.903900468e-11
-3.828447311e-07
1.326549289e-11
1.575192096e-11
-1.809368944e-06
4.740368071e-05
-3.828941559e-07
2.232466297e-05
6.038153188e-06
-3.797805365e-06
3.053388531e-05
5.485620798e-08
-2.472235381e-10
-8.509395513e-07
1.404321577e-05
6.196225713e-08
-1.288217617e-10
3.658227721e-06
6.084451754e-08
-5.96678326e-11
-3.567808787e-06
-1.346010205e-07
-3.052003472e-05
-7.439413986e-07
-1.025340849e-07
-1.404165913e-05
-7.954999705e-08
-3.65944699e-06
-3.188725966e-06
-2.264072763e-10
-5.796522546e-07
-1.208409251e-10
-5.64490832e-11
-4.031594004e-06
-9.671366519e-07
-5.009497994e-06
3.947898961e-05
-1.116577471e-06
1.835961512e-05
4.842820825e-06
-1.426752219e-06
1.155248014e-07
3.680490625e-05
-2.042078938e-07
8.506314019e-08
1.70518532e-05
6.859509254e-08
4.569943889e-06
-1.75535845e-06
3.679915386e-05
-3.502991262e-07
1.704396524e-05
4.565707527e-06
-3.797696973e-06
3.053388255e-05
5.440723742e-08
-8.509208208e-07
1.404322957e-05
6.172073061e-08
3.658234637e-06
6.072717152e-08
-3.567455698e-06
-1.341447127e-07
-3.052001808e-05
2.477569537e-05
-7.438315961e-07
-1.022918042e-07
-1.404169088e-05
1.13203591e-05
-7.943378452e-08
-3.659463644e-06
2.995065144e-06
-3.188744964e-06
2.47918765e-05
-5.796614925e-07
1.133173059e-05
2.999083525e-06
-4.030964349e-06
-9.669682532e-07
-2.035491104e-06
-6.776817051e-06
-3.010461188e-10
-3.336867506e-07
-2.868419381e-06
-1.627930887e-10
-6.703703165e-07
-7.165393845e-11
-2.636341282e-06
7.096686817e-08
-1.684528243e-10
-5.419415769e-07
6.227678677e-08
-8.348781881e-11
5.386453813e-08
-3.797659228e-11
-2.855029286e-06
-6.454120292e-07
-2.968487459e-06
-1.680718385e-05
1.161621122e-07
1.152661202e-05
-5.59167464e-07
-7.523912578e-06
8.953651686e-08
5.024974262e-06
-1.895663071e-06
7.032982994e-08
1.266127761e-06
-5.05623802e-06
-7.782276996e-08
1.677636534e-05
-1.170937825e-06
-7.556377116e-08
7.510624238e-06
-6.824925609e-08
1.892376187e-06
-4.767261171e-06
-1.03511849e-06
-3.302044889e-06
1.148606136e-05
-7.044801011e-07
5.002599304e-06
1.258223841e-06
-2.035575892e-06
-6.776598195e-06
2.644020497e-06
-3.336781124e-07
-2.86831025e-06
1.024796143e-06
-6.703401779e-07
2.327442864e-07
-2.636415279e-06
7.067121045e-08
-5.419562295e-07
6.212538668e-08
5.379210057e-08
-2.855084023e-06
-6.45398897e-07
-1.127896092e-06
-2.239268613e-07
)
;

boundaryField
{
    inlet
    {
        type            calculated;
        value           nonuniform List<scalar> 
25
(
-0.01999999779
-0.01999999796
-0.01999999828
-0.01999999872
-0.01999999919
-0.01999999966
-0.0200000001
-0.0200000005
-0.0200000007
-0.0200000009
-0.020000001
-0.0200000009
-0.0200000009
-0.0200000008
-0.0200000006
-0.0200392329
-0.0200431342
-0.0200364727
-0.0200320489
-0.0200289184
-0.0200262206
-0.0200238369
-0.0200217247
-0.0200198482
-0.0197285645
)
;
    }
    outlet
    {
        type            calculated;
        value           nonuniform 0();
    }
    topAndBottom
    {
        type            symmetry;
        value           uniform 0;
    }
    frontAndBack
    {
        type            empty;
        value           nonuniform 0();
    }
    cylinder
    {
        type            calculated;
        value           uniform 0;
    }
    procBoundary2to0
    {
        type            processor;
        value           nonuniform List<scalar> 
75
(
-2.917976932e-06
-2.850161374e-06
-2.873898361e-06
-2.868424394e-06
-2.855568103e-06
-2.837494444e-06
-2.813142649e-06
-2.781020491e-06
-2.739011795e-06
-2.684516338e-06
-2.614400039e-06
-2.524773441e-06
-2.410021155e-06
-2.260943646e-06
-2.060940845e-06
-1.361689228e-06
5.560052274e-06
2.82290446e-05
7.120346102e-06
3.919313536e-08
-6.170727839e-09
-1.227333142e-08
2.327156207e-08
2.259854298e-08
8.895723696e-09
-1.422939134e-08
8.100357485e-09
2.312551877e-08
3.014614423e-08
3.032720311e-08
2.287030899e-08
2.962063784e-08
3.0167944e-08
-1.261701616e-08
-1.031671461e-08
-1.516049312e-08
-9.375705057e-09
-1.289557663e-08
-9.805059467e-09
8.726565892e-09
-2.624872042e-09
-2.987725603e-09
-1.371276063e-08
-1.084734282e-08
-1.04150115e-08
8.39245409e-09
-3.74074966e-09
-3.444851609e-09
-2.216712339e-08
4.360137552e-08
-3.754663689e-08
-8.579005412e-09
-8.109858391e-09
-1.038925077e-08
-1.35436251e-08
-1.130612804e-08
-1.262128663e-08
-1.047923419e-08
-1.224226241e-08
-1.201560739e-08
-1.460266885e-08
-1.442789438e-08
-1.391267905e-08
2.888161228e-09
1.410438206e-09
3.918655661e-10
2.858467486e-09
1.395575879e-09
3.878208389e-10
2.848075786e-09
1.390387708e-09
3.858885653e-10
2.844323991e-09
1.387985539e-09
3.854832841e-10
)
;
    }
    procBoundary2to3
    {
        type            processor;
        value           nonuniform List<scalar> 
103
(
0.0008841012149
0.0008846217654
0.006423810267
0.006406365964
0.00642446229
0.006404734943
0.0248621552
0.02436511652
0.02392639363
0.02356762887
0.02326095334
0.02299749405
0.02276823101
0.022568007
0.0223929051
0.02224003639
0.02210709659
0.02199236732
0.02189447618
0.0218122924
0.02174497742
0.02169186395
0.02165242558
0.02162630026
0.02161323052
-3.715269685e-05
2.386675419e-07
-3.642674757e-05
-3.098327852e-08
-3.156218409e-07
-1.019236533e-06
-3.147315097e-07
-1.018931536e-06
-3.092400635e-05
-8.05543603e-05
-3.064577518e-05
-8.059633164e-05
-2.985462686e-05
-2.974035038e-05
-3.715798648e-05
2.386457916e-07
-3.64426514e-05
-3.102034461e-08
-3.092670941e-05
-8.055816276e-05
-3.065333449e-05
-8.060103002e-05
-2.984301109e-05
-2.975523884e-05
2.061033459e-08
3.788619155e-08
7.256049507e-05
7.252168894e-05
0.0002026445522
0.0003905393622
0.0003904592197
0.0002025032926
4.329121834e-08
4.851257325e-08
7.256376835e-05
7.253541548e-05
0.0002026514139
0.0003905531151
0.0003904697568
0.0002025153784
0.0006298123854
0.0006297522092
0.0009051352664
0.0009055133713
0.001518555888
0.00151786954
0.001565295998
0.001566693219
0.006473710762
0.001518675244
0.001517950212
0.001565241281
0.001566600286
0.006473734613
0.001174621337
0.00135969094
0.001359326069
0.001173967684
0.0006298911816
0.0006298360511
0.0009050496601
0.0009053853237
0.001174621308
0.001359626752
0.001359234832
0.001173967085
-3.087576983e-06
-1.476164048e-06
-4.042631494e-07
-3.087508794e-06
-1.476134147e-06
-4.042599872e-07
-3.078255894e-06
-1.470995265e-06
-4.02177095e-07
-3.078183303e-06
-1.470963476e-06
-4.021695777e-07
)
;
    }
}


// ************************************************************************* //
