/*--------------------------------*- C++ -*----------------------------------*\
| =========                 |                                                 |
| \\      /  F ield         | OpenFOAM: The Open Source CFD Toolbox           |
|  \\    /   O peration     | Version:                                        |
|   \\  /    A nd           | Website:  www.openfoam.com                      |
|    \\/     M anipulation  |                                                 |
\*---------------------------------------------------------------------------*/
FoamFile
{
    version     2.0;
    format      ascii;
    class       volVectorField;
    location    "9.3";
    object      U;
}
// * * * * * * * * * * * * * * * * * * * * * * * * * * * * * * * * * * * * * //

dimensions      [0 1 -1 0 0 0 0];


internalField   nonuniform List<vector> 
2403
(
(1.000026721 -6.164484414e-05 0)
(1.00025789 -0.0001861598935 0)
(1.000749386 -0.0003125714197 0)
(1.001513556 -0.0004407198203 9.634363103e-23)
(1.00254113 -0.0005713025956 -1.171845523e-22)
(1.003830295 -0.0007048432535 1.608882555e-22)
(1.005388041 -0.0008416463947 -1.310993728e-22)
(1.007222475 -0.000981683066 2.083756787e-22)
(1.009339763 -0.001124398725 -2.755615029e-22)
(1.011744217 -0.001267309535 1.134467617e-22)
(1.014438045 -0.001410548191 -3.427489517e-23)
(1.017422681 -0.001554801019 1.556019605e-23)
(1.020696043 -0.001697238948 0)
(1.024252333 -0.001835186092 0)
(1.028082176 -0.001966330149 1.730509354e-23)
(1.032170009 -0.002087877317 -1.730439478e-23)
(1.036493325 -0.002196441384 0)
(1.041022535 -0.002288367563 0)
(1.045720703 -0.00235995795 5.190961389e-24)
(1.050543335 -0.002407589939 -5.201844359e-24)
(1.055438584 -0.002427875617 2.737309973e-23)
(1.060347975 -0.002417879582 1.128219094e-23)
(1.065207585 -0.002375350126 -3.864887723e-23)
(1.069949665 -0.002298982025 2.871557426e-23)
(1.074504319 -0.002188861956 -4.83411652e-23)
(1.078800667 -0.002045372745 7.675071876e-24)
(1.082770618 -0.00187024352 -2.997450407e-23)
(1.000026555 -0.0001854640991 -4.971176605e-23)
(1.000256119 -0.0005599142242 -4.937310335e-23)
(1.000744602 -0.0009398914497 4.808264952e-23)
(1.001504398 -0.001324852404 -9.444923978e-23)
(1.00252649 -0.001716792043 1.880327006e-22)
(1.00380943 -0.002117180099 -1.369221881e-22)
(1.005360621 -0.002526858219 8.529415795e-23)
(1.007188633 -0.00294585744 -1.668075504e-22)
(1.009299968 -0.00337303703 1.580886026e-22)
(1.011699067 -0.003804873764 -3.704492759e-23)
(1.014389871 -0.004238020662 1.654370499e-22)
(1.017376478 -0.004672763954 -1.467475963e-22)
(1.020657469 -0.00510355848 0)
(1.024225205 -0.005521647566 0)
(1.02807121 -0.005919390644 -1.756038543e-23)
(1.032181344 -0.006288531251 8.509593407e-24)
(1.036533998 -0.006619089268 1.564145111e-23)
(1.041099887 -0.006899923455 -1.428407148e-24)
(1.045842035 -0.007119592295 -3.789800106e-26)
(1.05071563 -0.007266929464 6.412349626e-25)
(1.055668128 -0.007331544921 2.736237951e-23)
(1.060639916 -0.007304420658 -2.735987614e-23)
(1.065565539 -0.007178558134 5.01306089e-23)
(1.070375689 -0.006949463688 -4.487163594e-23)
(1.074999266 -0.006615518747 -8.408749641e-24)
(1.079362522 -0.006178643209 0)
(1.083394894 -0.005644257905 4.056402548e-23)
(1.000026286 -0.0003090132298 5.02690445e-23)
(1.000253099 -0.0009326996905 4.886523421e-23)
(1.000735939 -0.001565439768 1.47423019e-22)
(1.001487331 -0.002206297734 -1.445726038e-22)
(1.002498837 -0.002858614702 1.362987157e-24)
(1.003769707 -0.003524844045 9.367679352e-23)
(1.005308097 -0.004206451541 3.46415836e-24)
(1.007123413 -0.004903689673 8.68085884e-23)
(1.009223009 -0.005615269245 1.562096066e-22)
(1.011612417 -0.006337645289 -1.658938236e-22)
(1.014297501 -0.007065598709 0)
(1.017286087 -0.007794769104 0)
(1.020579629 -0.008520523234 -2.880235847e-23)
(1.02416966 -0.009227577582 0)
(1.028047651 -0.009900841517 1.80873821e-23)
(1.032201525 -0.01052629391 -3.54035854e-23)
(1.036611928 -0.01108813724 1.0724725e-23)
(1.041250738 -0.01156789729 1.428228862e-24)
(1.046081015 -0.0119457722 4.916456926e-26)
(1.051057177 -0.01220226003 5.839295964e-25)
(1.056125186 -0.01231929475 0)
(1.061223142 -0.01228118306 0)
(1.066282532 -0.01207562509 0)
(1.071230604 -0.01169452143 -3.457207785e-23)
(1.075992771 -0.01113450569 4.858472246e-23)
(1.080489885 -0.0103993018 -9.150606555e-24)
(1.084646681 -0.009498263849 0)
(1.000025821 -0.0004305275712 0)
(1.000248366 -0.001299654643 0)
(1.000722423 -0.00218173051 -9.88223672e-23)
(1.001460681 -0.003075490281 -9.709251761e-23)
(1.002455589 -0.003985876877 -9.296127109e-23)
(1.003707429 -0.004916569928 -5.573717216e-25)
(1.005225468 -0.005869913383 -2.691014392e-22)
(1.007020425 -0.006846657436 1.771826196e-22)
(1.009101346 -0.007845530576 0)
(1.011476025 -0.008862555729 9.574368677e-24)
(1.014152489 -0.009891226642 3.65558759e-23)
(1.017139985 -0.01092108569 -2.476720769e-22)
(1.020445351 -0.01194784053 2.76445781e-22)
(1.024066768 -0.01295778026 4.653734261e-23)
(1.02799365 -0.01392582716 -5.746160007e-23)
(1.032213458 -0.014827225 0)
(1.036709807 -0.01563946654 0)
(1.041457547 -0.01633724949 0)
(1.046420649 -0.0168921546 0)
(1.051552485 -0.01727533237 1.42106455e-23)
(1.056796629 -0.01745988817 -1.543415435e-23)
(1.062087635 -0.01742243343 -4.1916527e-24)
(1.067352257 -0.0171444964 2.872144184e-24)
(1.07251221 -0.01661367194 2.442558712e-23)
(1.077486992 -0.015824327 -4.923149639e-23)
(1.082189373 -0.01478188733 -1.07383785e-23)
(1.086536938 -0.01349981083 5.87767563e-23)
(1.000025069 -0.0005491220678 1.043474907e-22)
(1.000241641 -0.001658116103 -2.066940087e-22)
(1.000703385 -0.00278446185 0)
(1.00142312 -0.003926688597 0)
(1.002394472 -0.005091599556 -2.608820206e-24)
(1.003619124 -0.006284377688 -5.296378172e-24)
(1.005107834 -0.007508594337 -9.427617149e-23)
(1.006873151 -0.008765879005 -1.739598235e-22)
(1.008926493 -0.01005534376 1.956308836e-22)
(1.011278649 -0.01137287632 -5.096834543e-24)
(1.013940648 -0.01271149762 1.059086701e-22)
(1.016923397 -0.01405932004 -1.07498027e-22)
(1.020237119 -0.01540086874 0)
(1.023890052 -0.0167250079 0)
(1.027879309 -0.01800883488 -3.5252846e-23)
(1.032188446 -0.01921351851 1.515693983e-23)
(1.036799987 -0.02030459379 -2.179530529e-23)
(1.041693233 -0.02124854622 0)
(1.046834919 -0.02200800734 -1.003320604e-24)
(1.05217782 -0.02254371189 2.044088579e-24)
(1.057662327 -0.02281817492 -2.735573014e-23)
(1.063218015 -0.02279858092 -8.474097634e-24)
(1.068765023 -0.022458924 3.127744353e-23)
(1.074217188 -0.0217814921 4.735714789e-23)
(1.079485368 -0.02075764501 -1.49788034e-23)
(1.084471106 -0.01939453533 8.44870852e-24)
(1.089081914 -0.01771019902 -1.109096706e-23)
(1.000023978 -0.0006642110045 0)
(1.000232359 -0.002005175402 7.723191187e-23)
(1.000677665 -0.003368362666 -1.036218588e-22)
(1.001372648 -0.004752903615 2.055934977e-22)
(1.002312404 -0.006167473131 -2.314198177e-24)
(1.003500297 -0.007618966523 9.720341477e-23)
(1.00494887 -0.009112527522 -1.876979937e-22)
(1.006672964 -0.01065118122 3.67742293e-22)
(1.008686972 -0.01223496809 -3.614411757e-22)
(1.011005317 -0.01386013804 4.866500976e-24)
(1.013643123 -0.0155192828 1.805672831e-22)
(1.016615231 -0.01720045496 -3.483316256e-23)
(1.019935 -0.01888379282 2.077546492e-22)
(1.023615724 -0.02054457148 -2.40230239e-22)
(1.02766908 -0.02216453059 -3.944459035e-23)
(1.032086451 -0.02370479165 1.186244503e-22)
(1.036842049 -0.02511206056 -2.631960431e-23)
(1.041917994 -0.02634004058 -5.377617337e-24)
(1.047285335 -0.02734110812 6.380335071e-24)
(1.052897562 -0.02806481608 -1.616324266e-23)
(1.058691681 -0.02846101044 1.918967653e-23)
(1.064590648 -0.02848459865 4.258259264e-24)
(1.070505563 -0.02809956257 5.861304678e-24)
(1.076339521 -0.02728121452 -7.486955731e-24)
(1.081991524 -0.02601690385 0)
(1.087348085 -0.02431564579 2.65323851e-24)
(1.092303136 -0.02220083888 5.052687556e-23)
(1.000022817 -0.0007753480513 -5.5860763e-23)
(1.000221658 -0.002339840743 2.665226467e-23)
(1.000645319 -0.003929615363 0)
(1.001307578 -0.005547009434 -3.371693943e-24)
(1.002206039 -0.0072038765 5.306446549e-23)
(1.003345757 -0.008909025533 0)
(1.004741128 -0.01066929154 2.527350281e-23)
(1.00640957 -0.01248954529 0)
(1.008369013 -0.01437129238 1.68718607e-22)
(1.010638212 -0.01631179318 -3.362126457e-22)
(1.013237327 -0.01830373522 1.484570459e-22)
(1.016186798 -0.02033438491 0)
(1.019505418 -0.02238351566 -6.00316569e-23)
(1.023211436 -0.0244207416 -2.195977589e-22)
(1.027327858 -0.02641356414 2.220371163e-22)
(1.031860849 -0.02833143122 0)
(1.036785279 -0.03010461346 -8.688116008e-24)
(1.042081007 -0.03166763292 3.570089664e-23)
(1.047722034 -0.03295829454 0)
(1.053663963 -0.03391401176 -1.307442013e-23)
(1.059841867 -0.03447128662 3.124699563e-24)
(1.06617108 -0.03457007705 2.859841983e-23)
(1.072550564 -0.03416082863 -4.14222572e-23)
(1.078868678 -0.03320906248 -3.509019844e-23)
(1.085008295 -0.0316964557 3.500522056e-23)
(1.090836056 -0.02963399967 -9.241843878e-24)
(1.096227964 -0.02705161531 -9.173773887e-23)
(1.000021478 -0.0008807231281 5.579819499e-23)
(1.000208243 -0.002657531851 0)
(1.000605479 -0.004463658378 -1.102131503e-22)
(1.00122711 -0.006303061823 1.136076237e-22)
(1.002071844 -0.008190619532 -1.631799742e-22)
(1.003149336 -0.01014091806 0)
(1.004475489 -0.01216306084 1.776447725e-22)
(1.006070436 -0.01426381445 -2.029628707e-22)
(1.007956023 -0.01644660057 -1.887298835e-22)
(1.010155896 -0.01871037947 9.931588745e-24)
(1.01269621 -0.02104882062 1.773827432e-22)
(1.015604522 -0.02344901191 1.114450325e-22)
(1.018907661 -0.02588936165 -1.879761981e-22)
(1.022631021 -0.02833692502 1.249741251e-22)
(1.026801443 -0.03074190834 0)
(1.031442469 -0.03307306266 0)
(1.036552963 -0.03526987557 -5.373123948e-23)
(1.042107998 -0.03724214588 5.699631428e-24)
(1.048078054 -0.03889930524 -1.624254439e-23)
(1.054417372 -0.0401558177 0)
(1.061060902 -0.04093202073 4.876519408e-24)
(1.067917707 -0.0411514431 8.573029337e-24)
(1.074872255 -0.04074809356 1.271928608e-23)
(1.081793229 -0.03967452793 0)
(1.088541555 -0.03790465205 -4.172007879e-23)
(1.094957509 -0.03545176531 3.761468695e-24)
(1.100893576 -0.03235423211 4.048953552e-23)
(1.000019777 -0.0009787277051 1.170097721e-22)
(1.000191284 -0.002952944346 -1.156654222e-22)
(1.000555933 -0.004961051154 0)
(1.001127476 -0.007010168991 0)
(1.001907134 -0.009118458366 1.100009383e-22)
(1.002905681 -0.01130241647 0)
(1.004142162 -0.01357695112 -1.102330471e-22)
(1.005641341 -0.01595364178 2.054896931e-22)
(1.007428753 -0.01843852938 -2.314549424e-22)
(1.009533236 -0.02103273737 -4.973618303e-23)
(1.011987692 -0.02373186887 -1.767568633e-22)
(1.014827959 -0.02652400687 3.376159317e-22)
(1.018090798 -0.02938738062 -1.638211964e-22)
(1.021812068 -0.03228834678 -1.31963178e-22)
(1.026025672 -0.03517469134 1.316105174e-22)
(1.030764636 -0.03798180352 3.621603998e-22)
(1.036053258 -0.04065158083 -3.252393229e-22)
(1.041893438 -0.04309836682 1.397216143e-22)
(1.048251803 -0.04520873029 -6.510520391e-23)
(1.055069944 -0.04685700366 0)
(1.062276214 -0.0479327879 0)
(1.069774636 -0.04833666448 0)
(1.077434067 -0.04798192023 -5.991236555e-23)
(1.085098435 -0.04680428273 6.025564009e-23)
(1.092599328 -0.04476727532 -1.435734683e-23)
(1.09974192 -0.041887217 4.698788869e-24)
(1.106347876 -0.03821404347 1.181980269e-24)
(1.000017685 -0.001067611379 -6.183129294e-23)
(1.000170504 -0.003220737443 -1.19504245e-22)
(1.000495125 -0.005412480852 -1.207573326e-22)
(1.001005345 -0.007654339847 1.187282679e-22)
(1.001705231 -0.009968580274 0)
(1.002606999 -0.01237510904 0)
(1.00373248 -0.01489219529 3.393791449e-22)
(1.005108393 -0.01753553336 1.739832957e-24)
(1.006766852 -0.02031908551 -1.830082098e-22)
(1.008742596 -0.023248187 2.587030488e-22)
(1.011075741 -0.0263211699 -2.397811185e-22)
(1.013811347 -0.02952829019 4.102725679e-22)
(1.016997538 -0.03284907101 -1.767179943e-22)
(1.020683779 -0.03624935965 0)
(1.02491808 -0.03967778375 0)
(1.029745902 -0.04306018381 -2.064336565e-22)
(1.035210725 -0.04630837035 2.058436575e-22)
(1.041341742 -0.04932394388 -5.926559571e-23)
(1.048126343 -0.05198004291 4.440584347e-23)
(1.055505091 -0.0541229474 -1.90718481e-23)
(1.063384859 -0.05559588085 7.355121762e-24)
(1.071659446 -0.05626462842 0)
(1.080179247 -0.05601334472 -6.257305993e-23)
(1.088756924 -0.05475447367 2.558041372e-23)
(1.097184847 -0.05243722829 -3.09003637e-24)
(1.105220988 -0.04908201069 6.110260993e-24)
(1.112646329 -0.04475515136 -5.118509579e-24)
(1.000015149 -0.001145420758 6.173909959e-23)
(1.000145436 -0.00345505958 -2.511732635e-22)
(1.00042195 -0.005808077318 2.458495801e-22)
(1.000858334 -0.008221248443 0)
(1.001461115 -0.01072153065 1.282287174e-22)
(1.002244924 -0.01333352227 1.211521451e-22)
(1.003233638 -0.01608024226 -2.31020915e-22)
(1.004456932 -0.01898235513 0)
(1.005950585 -0.02205803603 0)
(1.007755347 -0.02532020874 -2.254839159e-22)
(1.009921635 -0.02877596367 -3.70707973e-24)
(1.012504353 -0.03241950056 2.431809263e-22)
(1.015564524 -0.03623305056 -3.689631158e-22)
(1.019168066 -0.0401835144 1.773717618e-22)
(1.023382498 -0.04421817047 1.410664133e-22)
(1.02827327 -0.04825907711 9.556809153e-23)
(1.033902578 -0.05219643088 -2.357165872e-22)
(1.040325126 -0.05591167289 -1.240477744e-22)
(1.047569908 -0.05925445897 -2.328743643e-23)
(1.05558432 -0.0620383284 0)
(1.064259728 -0.06404566613 -1.48991495e-24)
(1.073468572 -0.06509198154 0)
(1.083036661 -0.06502112289 -1.356510966e-23)
(1.092735961 -0.06371356602 3.733374849e-23)
(1.102305447 -0.06109952142 9.827545298e-23)
(1.111438595 -0.05720614964 3.097704184e-23)
(1.119862126 -0.05212440562 5.00860333e-23)
(1.000012102 -0.001210005108 0)
(1.000115617 -0.003649476786 -2.265548969e-24)
(1.000335254 -0.006137011109 1.292813938e-22)
(1.000684174 -0.008695442761 1.344483536e-22)
(1.001171249 -0.01135681566 -1.214483869e-22)
(1.001812998 -0.01415114703 2.584756103e-22)
(1.002635003 -0.01710754933 6.17011629e-23)
(1.003670022 -0.02025308536 -3.134498722e-22)
(1.004957109 -0.02361224039 1.475048589e-23)
(1.006543489 -0.02720547631 -3.027569748e-23)
(1.008486446 -0.03104672143 1.777012019e-22)
(1.010853614 -0.03514242119 -1.503022455e-22)
(1.013721695 -0.0394823027 2.085277205e-22)
(1.017175484 -0.04403704391 -9.900006057e-23)
(1.021306161 -0.04875459151 -4.514199005e-23)
(1.026206405 -0.05355455062 -7.973512522e-23)
(1.031966595 -0.05831896203 3.518920675e-22)
(1.038674776 -0.06288992384 -2.169654938e-22)
(1.046394632 -0.06708575488 1.064711865e-22)
(1.055112416 -0.07068319083 -1.186152862e-24)
(1.064726158 -0.07340967489 -4.660664208e-24)
(1.07506371 -0.07499395854 2.24724296e-23)
(1.085915039 -0.07521529091 -5.141672989e-23)
(1.096998272 -0.07390763037 4.221640113e-23)
(1.107978296 -0.0709759161 5.960007862e-23)
(1.118459193 -0.06646009493 7.481008119e-25)
(1.128094966 -0.06049053652 0)
(1.000008463 -0.001259016002 0)
(1.000080612 -0.003796945798 -2.71803036e-22)
(1.000234151 -0.006387440953 1.345566059e-22)
(1.000481281 -0.009059916033 1.13115103e-23)
(1.00083281 -0.01185178705 2.394332495e-22)
(1.001306511 -0.01479912402 -2.088123225e-22)
(1.001928927 -0.01793820042 -2.855167938e-22)
(1.002735117 -0.02130370624 2.517767816e-22)
(1.003766835 -0.02492828303 0)
(1.005076744 -0.02884274579 2.408644323e-22)
(1.006730189 -0.03307105164 -2.629617492e-22)
(1.008805619 -0.03762904531 2.732396268e-22)
(1.011395369 -0.04252134006 0)
(1.014608053 -0.04773250574 2.988195899e-22)
(1.018563249 -0.05321531615 -3.354595199e-22)
(1.023388806 -0.05888930128 1.689309428e-22)
(1.029214412 -0.06462973056 -1.341644784e-22)
(1.036167155 -0.07025014483 -3.187169346e-22)
(1.044358742 -0.07553322043 7.705215009e-23)
(1.053850528 -0.0801970653 8.843404283e-23)
(1.064552517 -0.08389401333 4.441946329e-23)
(1.076255599 -0.08623207231 -1.818231779e-23)
(1.088688949 -0.08689391535 -8.569052075e-25)
(1.101493504 -0.08564648684 5.372233803e-23)
(1.114228088 -0.08236071531 -2.39762874e-23)
(1.126369627 -0.07710044064 -4.401891067e-23)
(1.13747361 -0.07006072979 1.932870863e-23)
(1.000004214 -0.001289879882 0)
(1.000040261 -0.003889674587 -2.609695089e-24)
(1.000118334 -0.006546139533 3.905720102e-22)
(1.000249141 -0.009295543612 -2.735768387e-22)
(1.000444711 -0.01218071276 -5.225988709e-22)
(1.000723069 -0.0152442235 2.841987841e-22)
(1.001110495 -0.01853052759 3.375288177e-22)
(1.001643805 -0.0220832323 -1.367843044e-22)
(1.002365519 -0.02594436773 4.147119169e-22)
(1.003331818 -0.03015810462 -6.718014429e-23)
(1.004616393 -0.03476246158 2.717012719e-22)
(1.006306912 -0.03978743324 -5.089933506e-22)
(1.008511991 -0.04525469094 0)
(1.011363502 -0.05116521503 0)
(1.015015287 -0.05749456468 -1.153189631e-22)
(1.019638756 -0.06416907314 1.381045272e-23)
(1.025416777 -0.07106322583 1.832140595e-22)
(1.032535746 -0.07797868676 1.266332768e-22)
(1.041179922 -0.08463084253 0)
(1.051482214 -0.09066779109 -1.160345308e-22)
(1.06342119 -0.09564894943 1.399630265e-22)
(1.076785045 -0.09905062727 0)
(1.091191764 -0.1003787921 -7.270532864e-25)
(1.106163748 -0.09928542465 -1.003155566e-22)
(1.121103058 -0.09559523487 -6.582328932e-23)
(1.135300726 -0.08942046284 0)
(1.14817779 -0.08106562455 -9.951130873e-23)
(0.9999993004 -0.001300539378 0)
(0.9999949052 -0.003921354173 1.456238962e-22)
(0.9999887298 -0.006601860915 -7.285752235e-22)
(0.9999894678 -0.009385994023 -2.974731978e-22)
(1.000009376 -0.0123216192 2.851881093e-22)
(1.000065508 -0.01545793036 -2.843924435e-22)
(1.000181933 -0.01884708738 0)
(1.000394784 -0.02254125231 0)
(1.000746257 -0.02659485517 -5.761088758e-22)
(1.001293972 -0.03106888338 0)
(1.002117928 -0.03601952799 -1.318436116e-22)
(1.003312001 -0.04149601966 2.621397697e-22)
(1.004999678 -0.04754619221 -2.685965106e-22)
(1.007339187 -0.05419606412 4.064641813e-22)
(1.01051735 -0.06144327509 -1.203742037e-22)
(1.014757841 -0.06924817847 2.220206384e-22)
(1.020314086 -0.07749429453 -2.138895906e-22)
(1.027456795 -0.08597699193 0)
(1.036462816 -0.09436283631 -2.092892298e-22)
(1.047574942 -0.1022218913 2.084980946e-22)
(1.060918104 -0.1089687696 2.861841484e-24)
(1.076291183 -0.1138812052 -6.725131921e-23)
(1.093194038 -0.1161915823 -4.884362898e-25)
(1.110942618 -0.1153597008 5.286265471e-23)
(1.128687558 -0.1111512344 -1.983577026e-23)
(1.145443544 -0.1037865453 4.365190531e-23)
(1.160452342 -0.09376470957 0)
(0.9999935148 -0.001289259003 0)
(0.9999451389 -0.00388544165 2.295822351e-22)
(0.9998470673 -0.00654278508 -2.383428521e-22)
(0.9997049692 -0.009313422244 4.487903286e-22)
(0.9995306539 -0.01224967931 0)
(0.9993384631 -0.01540679472 0)
(0.999149963 -0.0188444521 -6.254252198e-22)
(0.9989977506 -0.02262378501 0)
(0.9989190846 -0.02681352325 3.066094653e-22)
(0.9989685628 -0.03149162895 6.102920625e-22)
(0.9992274605 -0.03673331606 -1.527695719e-23)
(0.9997937346 -0.04261565845 -6.054244244e-22)
(1.0008028 -0.04922359898 6.233214689e-22)
(1.002438139 -0.05662276528 -2.740708699e-22)
(1.004920228 -0.06485105605 0)
(1.00852977 -0.07390618018 1.220107571e-22)
(1.013601857 -0.08372034688 -2.233262566e-22)
(1.020524586 -0.09410016364 1.077144833e-22)
(1.029714293 -0.1046961226 0)
(1.041595036 -0.1149497896 -1.578171516e-22)
(1.056465894 -0.1240949863 1.573111117e-22)
(1.074256982 -0.1311287896 1.190442706e-22)
(1.094385621 -0.1349104067 9.987458837e-23)
(1.115788706 -0.1345297273 -1.389462364e-22)
(1.137175892 -0.1296220803 0)
(1.157132685 -0.1206322235 3.517099796e-24)
(1.174672991 -0.1084229857 -3.865703122e-22)
(0.9999882858 -0.001251821947 1.396425883e-22)
(0.9998950108 -0.003772544912 -1.346512722e-22)
(0.9996999038 -0.006357170959 3.087167594e-22)
(0.9994042224 -0.00906142781 3.183496802e-22)
(0.9990195191 -0.01194217618 -1.578181538e-22)
(0.9985559862 -0.01506047366 3.191232041e-22)
(0.998031293 -0.01848197563 3.059578563e-22)
(0.9974690887 -0.0222757222 3.159292329e-22)
(0.9968991403 -0.02652648632 -1.611316924e-21)
(0.9963718006 -0.03132989815 1.650963593e-21)
(0.9959623429 -0.03678263949 9.97491452e-22)
(0.995761898 -0.04299717162 -3.428881314e-22)
(0.9959080976 -0.05010065187 -3.006327618e-22)
(0.9965992087 -0.05820798381 -6.495139649e-22)
(0.9980921684 -0.06742575216 0)
(1.00072998 -0.07782759768 0)
(1.004940723 -0.08941174241 -2.688191407e-22)
(1.011260932 -0.1020577776 3.84321763e-22)
(1.020307249 -0.1154264098 -2.469654404e-22)
(1.032757954 -0.1288603699 3.65882083e-22)
(1.049216553 -0.1413851687 4.161803703e-22)
(1.069957885 -0.1515394786 0)
(1.094307809 -0.1575229966 -6.172740587e-23)
(1.120673329 -0.1578587832 2.039542132e-22)
(1.14694461 -0.1519599327 1.194944945e-22)
(1.170954757 -0.1406778932 6.111499472e-22)
(1.191419587 -0.1254994594 -2.514509463e-22)
(0.9999825929 -0.00118755919 -3.234894651e-22)
(0.9998408898 -0.003581442104 1.6466708e-22)
(0.9995447787 -0.00604110209 0)
(0.9990890332 -0.008623532976 -1.607581042e-22)
(0.9984830305 -0.01138844208 8.27396005e-23)
(0.9977323083 -0.01440006059 -8.25873484e-23)
(0.9968476253 -0.01772651003 0)
(0.9958401824 -0.02144833484 -1.054673654e-23)
(0.994727264 -0.02566631825 -7.085005243e-22)
(0.9935496271 -0.03049028816 -3.279019864e-22)
(0.9923636414 -0.03603836619 2.871104837e-23)
(0.9912470923 -0.04246510583 -1.105890275e-21)
(0.9903331821 -0.04994621803 0)
(0.9898185202 -0.05866231501 -7.603325192e-22)
(0.9899705237 -0.06881112915 7.620857478e-22)
(0.9911770836 -0.08057263717 7.558164447e-22)
(0.9939771489 -0.09408261046 3.234310693e-22)
(0.9990909831 -0.1093551479 -3.240808265e-23)
(1.00740728 -0.126176089 -1.028836964e-22)
(1.019998682 -0.1438728618 0)
(1.038032542 -0.1611873039 -9.260896547e-23)
(1.062354779 -0.1759661807 8.110369581e-23)
(1.092345104 -0.185262116 3.624872152e-23)
(1.125610363 -0.186283859 6.681373587e-23)
(1.158522302 -0.1787663274 -4.233413076e-22)
(1.187653242 -0.1641437405 -2.773143334e-22)
(1.211372909 -0.1448386351 1.376145507e-21)
(0.9999768759 -0.001098130862 1.642212025e-22)
(0.999786672 -0.003312864855 -3.340289385e-22)
(0.9993882773 -0.005592781864 2.106438642e-23)
(0.9987702216 -0.007994858141 -2.106247885e-23)
(0.9979390377 -0.0105785495 -1.30524645e-22)
(0.9968952219 -0.01340771656 -1.299718311e-22)
(0.9956361887 -0.01655503685 8.697558014e-23)
(0.9941584298 -0.02010962243 0)
(0.992463905 -0.02418046525 3.343366924e-22)
(0.9905756393 -0.02888534322 7.447829306e-22)
(0.9885219086 -0.03437323239 -1.504111276e-21)
(0.9863542123 -0.04084218494 3.093664635e-21)
(0.9841798637 -0.04851176768 0)
(0.982162007 -0.05764028066 -8.8483862e-22)
(0.9805619953 -0.06854382529 4.229841514e-23)
(0.9797852826 -0.08155829873 -1.559242152e-21)
(0.9804397454 -0.09703051673 2.384945392e-23)
(0.9834146208 -0.1152246281 1.929904088e-21)
(0.9899960415 -0.1362156082 -4.009604483e-22)
(1.001818294 -0.1595493204 -9.741130458e-22)
(1.021097863 -0.1839633053 -3.242248708e-22)
(1.049552156 -0.2058738729 -8.106965181e-23)
(1.0877366 -0.2205287061 4.996944612e-07)
(1.130836997 -0.2219034753 -7.906106148e-07)
(1.172330984 -0.2113710668 1.220527628e-07)
(1.207894337 -0.1913028453 2.856524355e-07)
(1.235315053 -0.1660966791 -2.783571104e-06)
(0.9999713885 -0.0009828688122 0)
(0.9997342996 -0.002966002739 1.693473001e-22)
(0.9992362848 -0.005011249265 1.962353771e-22)
(0.998459995 -0.00717317373 2.32144279e-25)
(0.9974082605 -0.009508798871 1.516392258e-22)
(0.996074174 -0.01208043305 -4.514448108e-23)
(0.9944408105 -0.01496162709 4.513950134e-23)
(0.9924885271 -0.01824185521 -9.42092352e-23)
(0.9901998564 -0.02202986954 4.663292634e-22)
(0.9875657804 -0.02645774569 -3.990355337e-22)
(0.9845788878 -0.03169883901 -8.732015634e-24)
(0.981250874 -0.03797833219 -1.59806154e-21)
(0.9776375326 -0.04555138794 8.671807551e-22)
(0.9738375141 -0.0547789791 -2.786396694e-23)
(0.9700510396 -0.06609298251 0)
(0.9666242336 -0.08002285713 -9.929385976e-22)
(0.9641745942 -0.09721913141 1.105024988e-21)
(0.9636927319 -0.1183883707 1.421474626e-21)
(0.9668633518 -0.1441785039 9.86477568e-23)
(0.9759173639 -0.174933006 -3.464438232e-22)
(0.9954057141 -0.2098997056 -4.9794318e-08)
(1.027515435 -0.2428814205 -1.31674691e-07)
(1.077699981 -0.2656062255 6.134727385e-07)
(1.121616879 -0.2635932327 0.007202808421)
(1.172474413 -0.2502734368 0.01217742517)
(1.218408105 -0.2251946268 0.01656380633)
(1.251631132 -0.1940828599 0.01943816027)
(0.999966489 -0.0008436457513 1.763805797e-22)
(0.9996863235 -0.002545701063 0)
(0.9990957153 -0.004303737376 -1.967753581e-22)
(0.9981718228 -0.006167634151 -1.581333108e-22)
(0.9969134221 -0.008189473452 4.566932512e-23)
(0.9953050435 -0.01042709927 9.123385382e-25)
(0.9933156678 -0.01294980491 1.443498902e-22)
(0.9909072222 -0.01584297334 -1.471917005e-22)
(0.9880377655 -0.01921283215 2.54673503e-22)
(0.9846618412 -0.02319531565 9.970864224e-23)
(0.9807292041 -0.02796722953 2.076762571e-22)
(0.9761930441 -0.03375924756 0)
(0.9710221219 -0.04087368887 0)
(0.9652152343 -0.04974449708 5.030471901e-22)
(0.9588466974 -0.0608921124 0)
(0.9521079354 -0.07508853236 9.910919847e-22)
(0.9454449867 -0.09330330292 -8.524071982e-22)
(0.9397233822 -0.1168548429 1.237111021e-21)
(0.9367137075 -0.1472784183 1.533877435e-21)
(0.9390889548 -0.1868870189 -9.4174762e-08)
(0.9549888362 -0.2353596768 -7.313715698e-08)
(0.9874602599 -0.2689342218 -0.005621625413)
(1.037363961 -0.3072747767 0.0002070977773)
(1.109439763 -0.3201092453 0.008136359106)
(1.166864436 -0.3008335735 0.02486676217)
(1.248145329 -0.2686044192 0.03473289473)
(1.283846149 -0.2220946492 0.03958083696)
(1.297131297 -0.1760363461 0.0251454434)
(0.9999626447 -0.0006815723013 -1.763851305e-22)
(0.9996456834 -0.002057652808 1.121166145e-23)
(0.9989739326 -0.003481213614 1.079730712e-25)
(0.9979200665 -0.004994255102 8.362826269e-24)
(0.9964790141 -0.006641165682 -2.096469698e-22)
(0.9946267297 -0.008471911327 -2.390088709e-23)
(0.992318386 -0.01054705346 -1.67051712e-22)
(0.9894969076 -0.01294238406 3.979044202e-22)
(0.9860944976 -0.01575428112 -4.614833788e-23)
(0.9820292169 -0.01910816755 5.255175386e-23)
(0.9772012792 -0.02317021983 -2.281341202e-22)
(0.9714923045 -0.02816368846 0)
(0.9647667766 -0.03439719634 1.274211992e-22)
(0.9568804935 -0.04230687161 -2.345552225e-22)
(0.947694781 -0.05249883306 -5.615847475e-22)
(0.9371265269 -0.06590819478 0)
(0.9252145968 -0.08374295013 1.250615591e-22)
(0.9123840394 -0.1080253634 -6.833365748e-21)
(0.8994732114 -0.1412084718 4.125834861e-22)
(0.8894295055 -0.1883412803 -1.557584701e-07)
(0.9020912669 -0.2362601919 -0.01395785098)
(0.9213962603 -0.3001272378 -0.01023530156)
(0.9737360686 -0.3599304556 -0.005458794545)
(1.094644994 -0.4173844973 0.01456057639)
(1.226672997 -0.3985830955 0.03657690739)
(1.29087007 -0.310391084 0.04908614577)
(1.233806982 -0.2088529881 0.05065439686)
(1.123991994 -0.1396162296 0.04947164897)
(0.9999589992 -0.0005006084926 -1.812982577e-22)
(0.99961116 -0.001512897045 0)
(0.998873993 -0.002561733227 -1.149226654e-23)
(0.9977155134 -0.003678638511 1.834399088e-22)
(0.996126593 -0.004897692062 2.221558048e-22)
(0.9940755446 -0.006257664206 5.859500596e-25)
(0.9915053537 -0.007805937519 1.746968285e-22)
(0.9883417726 -0.009602493094 -2.01665313e-22)
(0.9844930718 -0.01172477863 -2.08987809e-22)
(0.9798431566 -0.01427505108 2.803150895e-22)
(0.9742431103 -0.01739151487 1.714657386e-22)
(0.9675024751 -0.02126475892 -1.268533401e-22)
(0.9593780606 -0.02616423973 1.349190743e-22)
(0.9495618966 -0.03247896563 -2.815025734e-22)
(0.9376591675 -0.04078372642 4.377430679e-22)
(0.923198439 -0.05196845672 0)
(0.9055609351 -0.06734073701 0)
(0.8842733897 -0.08930657144 4.579028852e-21)
(0.8584825644 -0.1205142697 -1.258590962e-06)
(0.829757008 -0.1713190308 2.51601153e-07)
(0.8270477428 -0.2284625127 -0.0201937704)
(0.7786625465 -0.2972800244 -0.02918480501)
(0.8826938378 -0.454562496 -0.01510331996)
(1.041778959 -0.5814469388 0.01970821963)
(1.05908097 -0.4273534397 0.06722647429)
(0.6604585226 -0.1097188321 0.0765364539)
(0.4069527264 -0.01940197162 0.06386273528)
(0.3174223648 -0.02655535922 0.05652105534)
(0.9999564545 -0.0003063851515 1.81290686e-22)
(0.9995868921 -0.0009262931123 -9.169903532e-23)
(0.9988037856 -0.001569089978 -6.925171159e-23)
(0.997571674 -0.002254627307 -1.405184639e-22)
(0.995878255 -0.003004493948 4.76540231e-23)
(0.9936861305 -0.003843320054 -2.407087685e-23)
(0.9909291269 -0.004801381928 -1.989347125e-22)
(0.9875198573 -0.005917330724 0)
(0.9833479472 -0.007241593794 -1.6351862e-22)
(0.9782702632 -0.008841513773 -2.842030561e-22)
(0.9720979899 -0.01080930746 1.15983888e-22)
(0.9645807711 -0.01327432836 0)
(0.9553828192 -0.01642258041 1.410050989e-22)
(0.9440517484 -0.02052926399 -1.409976539e-22)
(0.9299534889 -0.02601037767 0)
(0.9122446559 -0.03352583736 -1.865693359e-22)
(0.8895584535 -0.04410353106 1.864817024e-22)
(0.8605592683 -0.05962472832 0)
(0.8205193991 -0.08281128128 2.217166301e-06)
(0.7935914846 -0.1214128133 -0.02452802939)
(0.735325801 -0.1878909249 -0.02721485863)
(0.6915676413 -0.3010174326 -0.04789727083)
(0.6595470371 -0.5187411179 -0.03755888237)
(0.4350005194 -0.4198484949 0.01361525713)
(-0.02998992482 -0.04130429892 0.05791978177)
(0.9999551435 -0.0001032522333 0)
(0.9995744009 -0.0003120992854 1.147193856e-22)
(0.9987676705 -0.0005288153113 6.933055094e-23)
(0.9974973992 -0.0007603103077 4.623496033e-23)
(0.9957496596 -0.001013995135 7.181986507e-23)
(0.9934840354 -0.001298329775 -9.798309566e-23)
(0.9906293887 -0.001623776127 -5.284517247e-23)
(0.9870911343 -0.002003761238 -3.970236839e-24)
(0.9827485887 -0.002455891698 2.414794974e-22)
(0.977443519 -0.003003809847 -1.170147285e-22)
(0.9709644947 -0.003680098649 1.169673101e-22)
(0.9630266208 -0.004530852911 -1.327630855e-22)
(0.9532395373 -0.005623004159 9.834090042e-23)
(0.941064052 -0.007056942606 0)
(0.9257159471 -0.008986604125 0)
(0.9061153989 -0.0116617264 4.547606554e-23)
(0.8803789217 -0.01548259596 0)
(0.8466021198 -0.0211547809 -9.38276685e-22)
(0.7972532231 -0.02989206339 -3.361636299e-07)
(0.7552505963 -0.05611273251 -0.02804663975)
(0.6399108862 -0.09561635055 -0.05651081941)
(0.5481020884 -0.1852295752 -0.06844854727)
(0.3153308429 -0.360057151 -0.07756995669)
(1.125458766 -0.5270409595 0.05370115238)
(0.676103018 -0.5778012251 0.02584905289)
(1.041776967 -0.5814657886 -0.0197157967)
(1.125419119 -0.5270404126 -0.05369928288)
(0.676110521 -0.5778149988 -0.0258493591)
(0.7685374743 -0.1810780295 0.075515998)
(1.059052849 -0.427325209 -0.06722000602)
(0.7685372628 -0.1810757573 -0.07551314208)
(0.4377999206 -0.02776998479 0.0659661805)
(0.6604595073 -0.1097182943 -0.07653293426)
(0.4378164945 -0.02779478248 -0.06596447489)
(0.3309081615 -0.02203855385 0.05776880045)
(-0.02068001854 -0.0308904109 0.05976973617)
(0.406920293 -0.01941082929 -0.06386052572)
(0.3308921986 -0.02209984152 -0.05776743941)
(-0.02062622605 -0.03078012501 -0.05977687337)
(0.5919638504 -0.5965210648 -0.001429127782)
(0.4044472242 -0.4360871294 -0.06558844034)
(0.6595639527 -0.5187577884 0.03755905041)
(0.5919604007 -0.5965224841 0.001426845787)
(0.4044527557 -0.4360978183 0.06558810217)
(0.4350056668 -0.4198630867 -0.01361678049)
(-0.02114484406 -0.02416623252 0.05451901105)
(-0.02102075232 -0.02403529267 -0.05452055908)
(-0.02993793485 -0.04124779884 -0.0579151245)
(0.1664934617 -0.05799009168 -0.09746583218)
(0.3153507172 -0.3600384837 0.07756810654)
(0.1664955513 -0.05798707963 0.09746373745)
(1.286435151 -0.3371089514 0.04711921889)
(1.197306335 -0.4635884802 0.05593334995)
(1.048578227 -0.2720154584 0.06727003523)
(1.226625826 -0.3986338917 -0.03658402434)
(1.286434627 -0.3371084355 -0.04711610307)
(1.197263731 -0.4635206987 -0.05592305137)
(1.048583723 -0.2720127985 -0.06726714525)
(1.256148683 -0.2318252327 0.05082991513)
(0.9679413015 -0.2060288205 0.06861068239)
(0.736504572 -0.08807663547 0.06272305782)
(1.290878382 -0.3103954971 -0.04908422771)
(1.256150237 -0.2318201265 -0.05083102153)
(0.9679432891 -0.2060300119 -0.06860714319)
(0.7365150889 -0.08808015386 -0.06272088582)
(0.9934209819 -0.5624709554 0.008762594434)
(0.7313228912 -0.5142552294 -0.03016350838)
(0.7764333085 -0.6606648168 0.003816128487)
(0.8826914771 -0.4545666809 0.01510173061)
(0.9934425571 -0.5624890973 -0.008763684685)
(0.7312926594 -0.5142370134 0.03016164014)
(0.776434404 -0.6606618836 -0.003820272834)
(0.5945816352 -0.1929304763 -0.0003464694205)
(1.059011627 -0.4274723063 0.0002369958616)
(0.9662046908 -0.3444349488 0.07016041168)
(0.743943173 -0.2884580008 0.07808136461)
(0.9660725187 -0.3452833369 0.0001258417353)
(0.7434136499 -0.2886420987 0.0003611859492)
(0.5951318851 -0.192999128 0.06988118386)
(0.2263335931 0.003857102829 -5.40999618e-05)
(0.6606597405 -0.110230117 0.0001708857167)
(0.559937481 -0.06373115334 0.07337330391)
(0.3036529001 -0.01008975233 0.08127243863)
(0.5600203735 -0.06426004074 5.837366103e-05)
(0.3039599995 -0.009938432107 7.440018769e-05)
(0.225961637 0.003634849038 0.07687208955)
(-0.01382509411 -0.04271452708 0.0585981048)
(0.3174736499 -0.02650956954 -0.05652162624)
(-0.01370265813 -0.0426319424 -0.05859089252)
(0.4346762983 -0.4194827824 5.641561808e-05)
(-0.02980629757 -0.04109785356 5.518155353e-05)
(-0.02863828059 -0.06041203365 0.05683267325)
(-0.02688260492 -0.0361597289 0.05654261371)
(-0.02872579451 -0.0602948339 3.480098557e-05)
(-0.02705609312 -0.03621497024 5.927188073e-05)
(0.3852940336 -0.3098513826 -0.07609738764)
(0.4910222465 -0.02901268117 -0.07728879859)
(0.2695951565 -0.05047462294 -0.09275018558)
(0.5480900935 -0.1852025089 0.06845185671)
(0.3852841731 -0.309831388 0.07609512661)
(0.4910224103 -0.02900236443 0.07728810733)
(0.269605459 -0.05047483419 0.0927480541)
(0.1231225143 -0.2548457485 0.0001296956327)
(0.3151905795 -0.3595547157 -0.0001682466844)
(0.2030968989 -0.3689401388 -0.07559285416)
(0.2488394033 -0.2699394367 -0.08587418473)
(0.202743708 -0.3675578638 -0.0001889645149)
(0.2492939591 -0.2694774209 -0.0001551253041)
(0.1233739259 -0.2557581496 -0.08289820394)
(0.8810420973 -0.6158684526 -8.147806674e-05)
(0.6746465407 -0.5774674718 0.0003649616707)
(0.8837260713 -0.6438381354 0.025493087)
(0.6019406024 -0.4766369595 0.02675595438)
(0.8827545676 -0.6432048721 0.0001476555723)
(0.6010102367 -0.4758911441 -0.0005111205004)
(0.8817710802 -0.615630472 0.03484591221)
(0.7471912362 -0.4595274558 0.0004588771768)
(0.6382106301 -0.331921768 0.0578887851)
(0.4369579773 -0.2826974363 0.04916748693)
(0.6374493409 -0.3314208278 -0.0003974181985)
(0.4378982631 -0.282974439 0.0002007560366)
(0.7480212641 -0.459449129 0.05899122214)
(0.8810439086 -0.615872419 8.27179493e-05)
(0.6746466147 -0.5774711663 -0.0003621458667)
(0.8837289868 -0.6438373426 -0.02549340803)
(0.6019501261 -0.4766481133 -0.02675860608)
(0.882756677 -0.6432048313 -0.0001474816147)
(0.6010175342 -0.4758970833 0.0005123837463)
(0.8817759196 -0.6156419463 -0.03484732969)
(0.7471907181 -0.4595296033 -0.0004570679701)
(0.638204963 -0.3319304736 -0.05789165097)
(0.4369661082 -0.2827023354 -0.04916919325)
(0.6374492782 -0.3314246543 0.0003984629106)
(0.43790062 -0.2829756969 -0.0001979919337)
(0.7480198019 -0.4594551698 -0.05899319356)
(0.4904635492 -0.1026272169 6.315617303e-05)
(0.7685040533 -0.1817985916 9.073661015e-05)
(0.8674268003 -0.2567306734 0.07432897584)
(0.3977333555 -0.05877739893 0.07865602081)
(0.8675338819 -0.2573260787 0.0002205279079)
(0.3979027329 -0.05868154788 -0.0001147460386)
(0.4899913282 -0.1025901803 0.07744592587)
(0.4375915427 -0.1678722662 0.07293444129)
(0.4385918136 -0.1679020396 0.0002202505837)
(0.5945766654 -0.1929259392 0.0003436112883)
(1.059004188 -0.427463303 -0.000241090431)
(0.9661830062 -0.3444097918 -0.07015826148)
(0.7439154785 -0.2884403065 -0.07807930708)
(0.9660658293 -0.3452743137 -0.0001297866853)
(0.7434034716 -0.2886341734 -0.0003647559324)
(0.5951191896 -0.1929856051 -0.06987809304)
(0.4904634967 -0.102626093 -6.629312071e-05)
(0.768504288 -0.1817976578 -9.41057305e-05)
(0.8674238737 -0.2567214507 -0.0743263791)
(0.3977339603 -0.05877521062 -0.07865322544)
(0.8675333386 -0.2573230102 -0.0002238996224)
(0.3979028586 -0.05868109466 0.0001114365406)
(0.489989712 -0.1025853663 -0.07744272478)
(0.4375782913 -0.1678626754 -0.07293287847)
(0.4385832921 -0.1678965605 -0.0002200608422)
(0.1729732135 0.01540261792 0.0001117359685)
(0.4378931827 -0.02807085438 -2.061887004e-05)
(0.4854779899 -0.03590670386 0.0698505583)
(0.1561675033 0.00403997054 0.06790800533)
(0.485597569 -0.03607502331 5.98349672e-05)
(0.15644047 0.003816013148 -5.239685499e-05)
(0.1726565704 0.01522404242 0.0740925805)
(0.05210165583 0.007747105424 0.05923603973)
(0.052317874 0.008362323068 -0.0001606171137)
(0.2263343693 0.003857967799 5.109484904e-05)
(0.6606611465 -0.1102300178 -0.0001749089501)
(0.5599366257 -0.0637281622 -0.07337006922)
(0.3036549207 -0.01008675132 -0.08126943548)
(0.5600211482 -0.06425928414 -6.233879974e-05)
(0.3039610525 -0.009937636818 -7.786887058e-05)
(0.225963452 0.0036383367 -0.07686893987)
(0.1729739119 0.01540286577 -0.0001153448676)
(0.437901567 -0.0280792804 2.113023679e-05)
(0.4854933912 -0.03590922314 -0.06984837107)
(0.156173217 0.004031158781 -0.06790588334)
(0.4856036119 -0.0360760759 -6.402612741e-05)
(0.1564417706 0.003813007554 4.85404817e-05)
(0.1726575081 0.01522556785 -0.0740887538)
(0.05209390625 0.007746134266 -0.05923234316)
(0.0523141775 0.008361591062 0.0001586328486)
(0.03155072576 -0.01107195436 1.175239093e-05)
(0.04195045706 0.003183656453 0.06520607324)
(-0.003935532977 -0.00842965611 0.05464033737)
(0.04219471305 0.003284431499 4.622142162e-05)
(-0.004150363648 -0.008004011795 -0.0001209901483)
(0.0314297004 -0.01093910618 0.06333958264)
(0.03656986218 -0.01964121619 6.630181325e-05)
(-0.02048450042 -0.03077175575 9.984655139e-06)
(0.03503327252 -0.02606433685 0.05985838252)
(-0.01519399668 -0.01871205594 0.05979503545)
(0.03503890069 -0.02603194641 -1.212209626e-05)
(-0.01514503446 -0.01852633219 -2.488476381e-05)
(0.03650133379 -0.01960784975 0.06188257969)
(0.0315459247 -0.01107676268 -1.663701947e-05)
(0.04193433589 0.003168321283 -0.06520365095)
(-0.003962405637 -0.008438638352 -0.05463358489)
(0.04218930009 0.003279249861 -5.070214937e-05)
(-0.004157092847 -0.00800726268 0.0001159407053)
(0.0314125274 -0.01095136416 -0.06333450961)
(0.03655905973 -0.01964907534 -7.097686756e-05)
(-0.02046380874 -0.03073693848 -2.836831971e-05)
(0.03509290944 -0.0260884179 -0.05985642599)
(-0.01525143008 -0.01870664855 -0.05978908862)
(0.03506064118 -0.02603726115 -1.505300631e-06)
(-0.01515700953 -0.01852463034 1.692763375e-05)
(0.03645745891 -0.0196316351 -0.06187761387)
(0.539129777 -0.6050600805 -7.796263785e-05)
(0.5911009922 -0.5945482745 -9.074878066e-05)
(0.6648858705 -0.6424832781 -0.01952166749)
(0.4018573994 -0.480140593 -0.004871475776)
(0.6641725333 -0.641837148 -0.0001115258324)
(0.4017116707 -0.4798909769 0.0005451711251)
(0.5390371848 -0.6060053045 -0.02751567144)
(0.3721126165 -0.5221483437 -0.0001957509341)
(0.2451558666 -0.3670812788 -0.02660287369)
(0.2335854102 -0.4097164507 -0.04735151727)
(0.2449974196 -0.3673601474 -8.583195241e-05)
(0.2333064361 -0.4089878559 0.0003544158541)
(0.3728869441 -0.5239792154 -0.04020108799)
(0.5391318011 -0.6050600747 7.850009291e-05)
(0.5910972264 -0.5945480516 9.317184365e-05)
(0.6648805401 -0.6424751289 0.01952199189)
(0.4018682542 -0.4801487472 0.004871411652)
(0.6641725798 -0.6418351434 0.0001110003608)
(0.4017174634 -0.4798960268 -0.0005447106517)
(0.5390416486 -0.6060049287 0.02751561128)
(0.3721126252 -0.5221496428 0.0001965973232)
(0.2451567963 -0.3670859048 0.0266024962)
(0.2335955838 -0.4097234872 0.04735306267)
(0.2449973806 -0.3673619988 8.561680194e-05)
(0.233310059 -0.408991735 -0.0003541532912)
(0.3728872288 -0.5239816069 0.0402006803)
(0.4346761619 -0.4194890245 -5.442666062e-05)
(-0.02128597821 -0.02368853422 -5.60873325e-05)
(-0.02125106428 -0.02364957518 5.949842045e-05)
(-0.01698795217 -0.02859268896 0.04896176155)
(-0.01746515943 -0.02843670268 -0.0001095825876)
(-0.029788982 -0.04107881464 -3.46053475e-05)
(-0.02871864751 -0.06040353734 -0.05683463934)
(-0.02688831023 -0.03623168114 -0.05655191734)
(-0.02874750299 -0.06028952581 -2.14410283e-05)
(-0.02705727006 -0.03623209956 -5.335121082e-05)
(-0.01700228193 -0.02861572227 -0.04896606667)
(-0.01747022829 -0.02844287653 0.0001149458649)
(0.1191974293 -0.2819415252 -0.06314906839)
(0.1188166866 -0.2820924302 -5.831256368e-05)
(0.06415893536 -0.1594565744 1.481824905e-05)
(0.1671096266 -0.05775834941 -0.0001876176695)
(0.1935036238 -0.1695851319 -0.09335467193)
(0.04411716638 -0.05369121524 -0.09756753514)
(0.1939191942 -0.1692595088 -0.0002171933799)
(0.04381996978 -0.05344823477 6.757669285e-05)
(0.06438555214 -0.1597359384 -0.09260872131)
(0.1231220478 -0.2548422086 -0.0001284564116)
(0.3151969089 -0.359547333 0.0001671195562)
(0.2031005775 -0.368922861 0.07559325636)
(0.2488395485 -0.2699095668 0.08587436885)
(0.2027440113 -0.3675521265 0.0001904636092)
(0.2492942227 -0.2694683386 0.0001573944062)
(0.1233704861 -0.2557489249 0.08289698816)
(0.1191932477 -0.2819373915 0.06314841434)
(0.1188137461 -0.2820896846 5.74055934e-05)
(0.06415845454 -0.1594540754 -1.323878866e-05)
(0.167110559 -0.05775704199 0.000190574987)
(0.1935004989 -0.1695767248 0.09335333969)
(0.04411362723 -0.0536881903 0.09756607426)
(0.1939187369 -0.1692563438 0.0002196164533)
(0.04381931518 -0.05344715327 -6.529045395e-05)
(0.0643821005 -0.1597294339 0.09260722579)
(1.121942525 -0.295050191 0.02189315293)
(1.088697981 -0.3865568547 0.01363357536)
(1.186298311 -0.3804928669 0.02842198341)
(1.109451028 -0.3200978375 -0.008135504024)
(1.121939891 -0.2950496866 -0.02189435339)
(1.088692161 -0.3865499367 -0.01363509191)
(1.186254269 -0.3805257547 -0.02842031238)
(1.233747244 -0.2790083994 0.03277438792)
(1.213780223 -0.3717038167 0.03273544449)
(1.276479916 -0.3239071682 0.04244569119)
(1.166887602 -0.3008393413 -0.02486450184)
(1.23374148 -0.2790049261 -0.03277291854)
(1.213751595 -0.371735198 -0.03273526122)
(1.276471896 -0.3239099947 -0.04244340799)
(1.277067805 -0.2331157218 0.03883893195)
(1.288541777 -0.3039061088 0.04445129606)
(1.291830633 -0.2432172162 0.04719623116)
(1.248148675 -0.2686019553 -0.03473276982)
(1.277072722 -0.233117827 -0.03883440995)
(1.28854078 -0.3039124171 -0.0444503126)
(1.291826567 -0.2432201186 -0.04719755072)
(1.295330114 -0.1949503167 0.02457874715)
(1.28374977 -0.224388347 0.047387525)
(1.242038719 -0.1747279573 0.04772715986)
(1.283819042 -0.2220938926 -0.03957899721)
(1.295320449 -0.1949344377 -0.02457876289)
(1.283786519 -0.2243805589 -0.04738657192)
(1.242033716 -0.1747195818 -0.04772711635)
(0.9373836159 -0.3312310906 -0.01002330624)
(0.8008220722 -0.2901600815 -0.02580667314)
(0.892686718 -0.3983586333 -0.01675548519)
(0.9214001585 -0.3001323865 0.01023534551)
(0.9373943604 -0.3312348197 0.01002278814)
(0.8008232639 -0.2901583039 0.02580839838)
(0.8926827827 -0.3983552867 0.01675412614)
(1.063588217 -0.4085600188 0.009163945181)
(0.9161492395 -0.4308024792 -0.01184379424)
(1.019696431 -0.5155827969 0.009041427284)
(0.9737473417 -0.3599306549 0.005457498878)
(1.063619707 -0.4085553091 -0.009167945712)
(0.916155179 -0.4308028582 0.01184214471)
(1.019701538 -0.5155905603 -0.009048892492)
(1.195471485 -0.4103933405 0.03153397627)
(1.06660042 -0.5334458422 0.01823468108)
(1.194455157 -0.515545568 0.04661646049)
(1.094671657 -0.4173621452 -0.01456535403)
(1.195404181 -0.4104597218 -0.03152476462)
(1.066655496 -0.5334928328 -0.01824462021)
(1.194337408 -0.5155799769 -0.04660076316)
(1.261915631 -0.4047380228 -2.561551329e-05)
(1.253084817 -0.3819382343 0.04076621758)
(1.238576399 -0.4280306945 0.04138195467)
(1.226262906 -0.3981879524 -9.804013686e-05)
(1.252799929 -0.3815490774 -8.11258793e-05)
(1.238149834 -0.4281105225 -3.674687963e-05)
(1.262260887 -0.4045671546 0.04604953676)
(1.235286815 -0.2670738165 -1.478846372e-06)
(1.286286195 -0.2829594549 0.05020503211)
(1.260912504 -0.3037973692 0.05464936594)
(1.290823356 -0.3105769594 -2.267038823e-05)
(1.286259853 -0.2832141915 -1.276941666e-05)
(1.260811403 -0.3041239445 -3.652056022e-06)
(1.235347841 -0.2667354688 0.05534079651)
(1.151806607 -0.1531093304 0.04982561687)
(0.6823172514 -0.06900735365 0.06106392276)
(0.558998671 -0.04375502633 0.05606579714)
(1.23384419 -0.2088489515 -0.05065491177)
(1.151800186 -0.1530965523 -0.04982678734)
(0.6822928328 -0.06902948725 -0.06106162067)
(0.5589641906 -0.0438027889 -0.05606099802)
(0.5296447102 -0.04183042165 0.05527850281)
(1.124023571 -0.1396161977 -0.04947308172)
(0.5296428417 -0.04185843412 -0.05527863125)
(0.8602257881 -0.417136565 -0.02028626824)
(0.727997945 -0.3091794029 -0.04268686854)
(0.7239695145 -0.4528490337 -0.03563061854)
(0.7786621436 -0.2972694494 0.02918474227)
(0.8602401364 -0.4171494079 0.02028614843)
(0.7280004964 -0.3091575287 0.04268670649)
(0.7239834026 -0.4528595592 0.03563202842)
(0.8703726252 -0.5242810289 -0.0001574661284)
(0.9114161095 -0.4928767813 -0.008482565358)
(0.8419512635 -0.4783160934 -0.01896374781)
(0.886390336 -0.4525311748 -0.000372100308)
(0.9126972596 -0.4915705971 -0.0002100709511)
(0.8442235703 -0.4761698542 -0.0002760573148)
(0.8697296798 -0.5254571917 -0.01181243536)
(1.023053911 -0.6266645208 -7.086631097e-05)
(1.041119 -0.5812830727 -1.223510343e-05)
(1.089547543 -0.5911727429 0.03045371352)
(0.9906386669 -0.6253190328 0.02196439796)
(1.088830664 -0.59131497 -4.328198703e-05)
(0.9897979917 -0.6248708343 5.036128173e-06)
(1.02375052 -0.6265879302 0.03374252218)
(0.1633070281 -0.009309212069 1.186280086e-05)
(0.407174362 -0.01935298885 2.338566598e-05)
(0.3758744582 -0.01834746378 0.06142279173)
(0.1749274383 -0.0030602291 0.06753223342)
(0.3759468307 -0.01844124282 -1.14721298e-05)
(0.1752554552 -0.003077033027 0.0001598155329)
(0.1634112696 -0.009311199219 0.06350728714)
(0.317541552 -0.02660533649 -3.131648098e-06)
(0.1503894402 -0.02546759805 0.0573973938)
(0.1505367261 -0.02547843498 1.242867512e-05)
(0.155488395 -0.03172017439 -3.791082057e-07)
(0.1554249227 -0.03168325487 0.05618951496)
(0.6956430091 -0.2614432179 -0.04799191239)
(0.6527768975 -0.1212200141 -0.05417476177)
(0.6135023775 -0.1935730096 -0.06134652362)
(0.7353360532 -0.1879048787 0.02721436459)
(0.6956399709 -0.2614413522 0.04799352604)
(0.6527723155 -0.1212250982 0.05417629004)
(0.6134735603 -0.1935472775 0.06134560138)
(0.6628500581 -0.450985545 -0.04245041418)
(0.5811057023 -0.2256673134 -0.06363438593)
(0.4541658873 -0.3707134744 -0.0671728699)
(0.6915499805 -0.3010138555 0.04789925671)
(0.6628678661 -0.4509993647 0.04244802761)
(0.5810902936 -0.225636901 0.06363459121)
(0.454188235 -0.3707293189 0.06717278326)
(0.5653260656 -0.5797409506 -3.275497744e-05)
(0.6598445619 -0.5177730143 -9.825289373e-05)
(0.6603504541 -0.5919729186 -0.02968752756)
(0.5794343097 -0.5099750851 -0.04582156975)
(0.6598903857 -0.5912008566 -3.427537756e-05)
(0.5795227685 -0.5090612049 -7.426206981e-05)
(0.5658445611 -0.5802801864 -0.0388673783)
(0.586649235 -0.1582490228 -0.06537156345)
(0.6170125444 -0.0168620157 -0.06059759341)
(0.5407759624 -0.02456398078 -0.07256996471)
(0.6399151603 -0.09562843932 0.0565092162)
(0.5866630099 -0.1582248884 0.06537393307)
(0.6170076172 -0.01684500736 0.06059884654)
(0.540790266 -0.02455089 0.07256875688)
(0.4703753109 -0.1630967091 -0.0001704609693)
(0.5024416266 -0.2183680328 -0.07144079544)
(0.5210207016 -0.1379090863 -0.07243482462)
(0.5517964666 -0.1845222448 -0.0003338218745)
(0.5042046033 -0.2176203166 -0.0001839108568)
(0.5248304967 -0.1375028825 -0.0003283298368)
(0.4685372471 -0.1635375385 -0.07628914198)
(1.003832641 -0.5634953054 0.0001660011349)
(1.124971115 -0.5274473119 -2.974624782e-05)
(1.119179625 -0.568569296 0.04326317262)
(0.9548141116 -0.4783004307 0.05847977246)
(1.118422636 -0.5685068576 3.876943055e-05)
(0.9541482498 -0.4788724727 -8.063078296e-05)
(1.004567659 -0.5637897252 0.05070757395)
(1.023055656 -0.6266732553 7.510386311e-05)
(1.041123072 -0.5812942498 1.716628755e-05)
(1.089562034 -0.5912096136 -0.03045961884)
(0.9906297944 -0.6253151349 -0.0219664974)
(1.088835801 -0.5913267768 5.179435731e-05)
(0.9897997035 -0.6248727071 -5.250686618e-06)
(1.023758598 -0.6266126788 -0.0337467659)
(1.003828874 -0.5635046454 -0.0001625647789)
(1.124952732 -0.5274459582 2.636629221e-05)
(1.119150921 -0.5686088915 -0.04326428928)
(0.9548003122 -0.4783077251 -0.05847744938)
(1.118410188 -0.5685175496 -3.390406147e-05)
(0.954142326 -0.4788737796 8.15714284e-05)
(1.004563741 -0.5638162792 -0.05071055217)
(0.1553577982 -0.01304122521 5.870108272e-06)
(0.3310067068 -0.02217897877 -1.342697103e-05)
(0.3504093221 -0.01968215938 0.05924936954)
(0.1502345431 -0.01867011341 0.05903459737)
(0.3505216444 -0.01979730596 -7.49236795e-06)
(0.1503590154 -0.01871627917 -1.199257795e-05)
(0.155306456 -0.01312871085 0.06086283352)
(0.1632997986 -0.009310717942 -1.600284844e-05)
(0.4071621646 -0.01935695969 -2.719277899e-05)
(0.3758635856 -0.01834775104 -0.06141939634)
(0.1749207409 -0.003069013902 -0.0675274682)
(0.3759425527 -0.01844241677 5.213345785e-06)
(0.1752532021 -0.00308052687 -0.0001608464569)
(0.1633870554 -0.009313166834 -0.06350288988)
(0.1553463475 -0.01304963403 -9.994923059e-06)
(0.3310060342 -0.02219846747 3.76900437e-06)
(0.3503871059 -0.01970201188 -0.05924448501)
(0.1502828249 -0.01869643409 -0.05903247262)
(0.3505164903 -0.019804037 7.347594865e-06)
(0.1503759379 -0.01872363346 6.768683207e-07)
(0.155266003 -0.01315495826 -0.06085840498)
(0.4568009547 -0.5401910602 -0.0001618607357)
(0.4042536004 -0.4354853472 -4.369770551e-05)
(0.4923813079 -0.4839351835 -0.05532992352)
(0.3424990909 -0.477322389 -0.06043194743)
(0.4921267992 -0.4830698619 -6.902868264e-05)
(0.3428729116 -0.4764061835 -0.0001092421772)
(0.4573441169 -0.540898971 -0.050339688)
(0.5653268639 -0.5797424446 3.296336321e-05)
(0.6598488412 -0.517777045 0.0001026798979)
(0.6603383121 -0.5919652439 0.02968724589)
(0.5794375774 -0.5099775021 0.04582006735)
(0.6598867792 -0.5911997444 3.715307248e-05)
(0.5795225502 -0.5090607347 7.241773623e-05)
(0.5658468402 -0.5802841717 0.03886731602)
(0.4567998598 -0.5401920382 0.0001626521073)
(0.404256972 -0.435488278 4.55460787e-05)
(0.4923740026 -0.4839299643 0.05533007715)
(0.3425021564 -0.4773214399 0.06043020732)
(0.4921253784 -0.483069008 7.139284432e-05)
(0.3428738642 -0.4764055937 0.0001079015699)
(0.4573379966 -0.5409022974 0.05033890322)
(1.274134372 -0.3756004472 -2.16173765e-05)
(1.273423262 -0.361291387 0.044328551)
(1.274249108 -0.3412120577 0.05278708527)
(1.28634387 -0.3371647575 -3.859514212e-05)
(1.273254203 -0.3611300146 -5.826558704e-05)
(1.27407069 -0.3415304738 -1.44069922e-05)
(1.274404478 -0.3753423635 0.0498930467)
(1.196925534 -0.4636681162 3.879823279e-05)
(1.165729983 -0.4044984508 0.06104913862)
(1.165296652 -0.4047011418 -1.834786876e-05)
(1.245902403 -0.4174240525 -2.105373162e-05)
(1.238348427 -0.454253738 0.04751331588)
(1.237849178 -0.4544843156 -1.440729382e-05)
(1.246326374 -0.4170752002 0.05255600014)
(1.048470589 -0.2722708036 4.565263454e-06)
(1.113879875 -0.338467785 0.06488844881)
(1.113625211 -0.3385395718 5.895670743e-06)
(1.235249902 -0.3730440683 -1.444496619e-05)
(1.208462725 -0.3236511489 0.05946231344)
(1.208286112 -0.3240501445 -3.393820404e-06)
(1.235564617 -0.3726847466 0.05653940038)
(1.26193127 -0.4047253935 3.881895516e-05)
(1.226250536 -0.3982005762 9.428126494e-05)
(1.253120348 -0.3819448284 -0.04077429759)
(1.238435452 -0.4279361641 -0.0414022001)
(1.252804409 -0.3815472724 9.085040725e-05)
(1.238114139 -0.4280831756 1.776026886e-05)
(1.26236076 -0.404546693 -0.04606514402)
(1.274147742 -0.3755974893 2.255704069e-05)
(1.286343207 -0.3371640363 3.492472022e-05)
(1.273432705 -0.3612859053 -0.0443296453)
(1.274273456 -0.3412140911 -0.05278196059)
(1.27325528 -0.3611259881 5.886169321e-05)
(1.274078136 -0.3415307338 9.939273461e-06)
(1.274462761 -0.3753418305 -0.04989413529)
(1.196910809 -0.4636475498 -4.883831188e-05)
(1.165725713 -0.4044604288 -0.06104780009)
(1.16529706 -0.4046881737 1.546175769e-05)
(1.245915667 -0.4174174754 2.586596051e-05)
(1.238227423 -0.4541767521 -0.04751102845)
(1.237815963 -0.4544661552 -1.298184004e-05)
(1.246396796 -0.4170594116 -0.05256096036)
(1.04847321 -0.2722698666 -7.171729004e-06)
(1.113885199 -0.3384565689 -0.06488748865)
(1.11362801 -0.3385355861 -7.819701493e-06)
(1.23526278 -0.3730436753 1.425879898e-05)
(1.208482935 -0.3236507227 -0.0594582244)
(1.208292869 -0.3240498238 -1.281702071e-07)
(1.235608796 -0.3726858627 -0.05653997929)
(1.20190856 -0.2332859535 -5.78818806e-06)
(1.274285727 -0.2566315282 0.05062369099)
(1.163629472 -0.2030360842 0.05479052787)
(1.256123694 -0.2320751881 -1.422514873e-05)
(1.274273854 -0.2569107368 -1.061474824e-05)
(1.163649611 -0.2033220663 -4.826298781e-06)
(1.201929195 -0.2329548961 0.05513084137)
(0.9680026184 -0.206223225 5.106504672e-05)
(0.880674143 -0.1524401444 0.06730909389)
(0.8807152518 -0.1527304837 2.059321068e-05)
(1.108902788 -0.2248528873 8.24313747e-06)
(1.164976659 -0.2720031 0.06116833722)
(1.164916804 -0.2723450387 1.522366551e-05)
(1.108926252 -0.2245005655 0.06112878096)
(0.7366367091 -0.0883896932 2.77177358e-06)
(0.80098229 -0.1130768368 0.06505669062)
(0.8010705315 -0.1133073888 1.81516886e-05)
(1.049130766 -0.1850283551 3.693813234e-06)
(0.9909947938 -0.153040416 0.05887372571)
(0.9910631571 -0.1533351531 1.259320163e-06)
(1.049101272 -0.1847086195 0.06004082823)
(1.235292945 -0.2670757573 -7.647683425e-08)
(1.290826103 -0.3105788368 2.008335475e-05)
(1.286300625 -0.2829676702 -0.05020437997)
(1.260932281 -0.3038005983 -0.05464582652)
(1.28626472 -0.2832174721 1.170100707e-05)
(1.260819095 -0.3041254703 6.090593459e-07)
(1.235362937 -0.266740628 -0.05533895597)
(1.201912689 -0.2332881822 4.148492782e-06)
(1.25612819 -0.2320751624 9.431475977e-06)
(1.274296378 -0.2566385906 -0.05061981891)
(1.1636504 -0.2030265249 -0.05479135049)
(1.274277399 -0.2569133153 9.920873066e-06)
(1.163658687 -0.2033205662 2.065537642e-06)
(1.201937947 -0.2329608769 -0.05512928033)
(0.9680053388 -0.2062239193 -5.437316263e-05)
(0.8806757902 -0.1524442656 -0.06730675169)
(0.8807178599 -0.1527324378 -2.403710033e-05)
(1.108908696 -0.2248550054 -1.061595901e-05)
(1.164989242 -0.2720036972 -0.06116461785)
(1.164923227 -0.272345635 -1.846067781e-05)
(1.10893585 -0.2245053417 -0.06112694684)
(0.7366352052 -0.08839092658 1.328395413e-07)
(0.8010100424 -0.1130914287 -0.06505589253)
(0.8010835766 -0.113313707 -2.082567086e-05)
(1.049135518 -0.1850309184 -4.304392864e-06)
(0.9910113212 -0.153029066 -0.05887421265)
(0.991069065 -0.1533327334 -2.027399725e-06)
(1.049115152 -0.1847159013 -0.0600391022)
(0.9931716129 -0.5622151839 -7.21469424e-05)
(0.9542227287 -0.6135363292 0.008501562084)
(0.9537395099 -0.6132261284 -7.009684149e-05)
(0.9059662496 -0.5724560615 -8.131344204e-05)
(0.9471903511 -0.5298284242 -0.0004954551821)
(0.9473867175 -0.5291220495 -0.0001133359726)
(0.9061754295 -0.5731533127 -0.002484407017)
(0.7317756442 -0.5131098671 -0.0001259712441)
(0.7458192918 -0.5822051918 -0.0218092343)
(0.7456521703 -0.5813338186 -6.270029904e-05)
(0.8160043715 -0.5562848319 -0.0001037261083)
(0.7923460201 -0.4997540452 -0.02374477847)
(0.7932739769 -0.4981358792 -0.0001756287998)
(0.8158876458 -0.557289967 -0.01599308195)
(0.7759498031 -0.6598887101 -9.701511451e-05)
(0.8896596238 -0.6563774302 0.007766702535)
(0.7681613481 -0.6458664229 -0.01069090101)
(0.8891684392 -0.6560385659 -4.774807125e-05)
(0.7673542158 -0.6453644562 -3.372824795e-05)
(0.8480278267 -0.6156592923 -4.729477408e-05)
(0.8485790963 -0.6163099777 -0.00540652547)
(0.8703765493 -0.5242846152 0.0001590753268)
(0.8863920141 -0.4525337691 0.000374983997)
(0.9114195478 -0.4928792992 0.008481032378)
(0.8419613596 -0.4783203708 0.01896387252)
(0.9126987368 -0.4915714351 0.0002114409776)
(0.8442270086 -0.4761709883 0.0002760211882)
(0.8697408665 -0.5254675226 0.01181067278)
(0.99317664 -0.562223594 7.250219889e-05)
(0.9542445349 -0.6135394639 -0.008500255006)
(0.953748213 -0.6132251285 7.068744527e-05)
(0.9059693806 -0.5724584735 8.379856324e-05)
(0.947198884 -0.5298286599 0.0004943997669)
(0.947391048 -0.5291216349 0.0001143965576)
(0.9061865415 -0.5731601087 0.002481744179)
(0.7317713432 -0.5131071386 0.0001307442162)
(0.7458117983 -0.5822017382 0.02180852116)
(0.7456468941 -0.581329834 5.894068358e-05)
(0.8160063572 -0.5562852389 0.0001021994631)
(0.7923460012 -0.4997376846 0.02374505669)
(0.7932716101 -0.4981285926 0.0001732006441)
(0.8158927455 -0.5572925734 0.01599459179)
(0.7759506766 -0.6598869558 0.0001013390807)
(0.8896704573 -0.6563794547 -0.007768236192)
(0.7681767616 -0.6458753097 0.01069222708)
(0.8891745536 -0.6560368411 5.039102477e-05)
(0.7673578268 -0.6453665567 3.214087284e-05)
(0.8480321448 -0.6156632719 4.952032813e-05)
(0.8485869437 -0.6163167989 0.005404728002)
(-0.01368214611 -0.04255791155 3.515980559e-05)
(0.04148440912 -0.0330513431 0.0581028265)
(-0.005650736843 -0.05369615486 0.05718602202)
(0.04163058632 -0.03300660416 1.24899627e-05)
(-0.0056091286 -0.05357936046 1.994829142e-05)
(0.05210226068 -0.0414353812 6.704268041e-07)
(0.05203370592 -0.04147401565 0.05689347526)
(0.3175557789 -0.02659328269 -2.534257451e-06)
(0.1504746944 -0.02543299441 -0.05739528406)
(0.1505645905 -0.02546798101 -2.919807827e-06)
(0.1554912387 -0.03172311211 3.485145251e-06)
(0.1554263698 -0.03169589183 -0.05619223245)
(-0.01364330687 -0.04253312561 -4.198565739e-05)
(0.04157328554 -0.03309746322 -0.05810077427)
(-0.005584082781 -0.053627195 -0.05718692485)
(0.04165968917 -0.03301869114 -5.552236358e-06)
(-0.005590535207 -0.05355857732 -1.734211276e-05)
(0.05210854143 -0.04143348748 -1.468141985e-06)
(0.05205009125 -0.04146720544 -0.05689738287)
(0.3854979559 -0.3092107594 -7.898722568e-05)
(0.3318966054 -0.2346145595 -0.08343262284)
(0.332150099 -0.2341376081 -5.867188882e-05)
(0.4071816151 -0.1952054418 -9.672483516e-05)
(0.4490162362 -0.259631419 -0.07415188505)
(0.449907798 -0.2589518084 -0.0001121338427)
(0.406219905 -0.1956725058 -0.08009102261)
(0.4456474671 -0.101691508 -0.00016992413)
(0.5013523917 -0.08565363624 -0.07550592951)
(0.4308091319 -0.03462831641 -0.0823241769)
(0.494818957 -0.02889925022 -0.0003153096451)
(0.5051604142 -0.08536756878 -0.000320078114)
(0.4326543567 -0.03452443978 -0.0001677553772)
(0.4438060496 -0.1019680785 -0.08009987915)
(0.2698944384 -0.05035093163 -8.86541353e-05)
(0.2907241499 -0.1475020373 -0.08935233815)
(0.2909115792 -0.1472331541 -8.818173863e-05)
(0.3755278744 -0.1222854079 -0.0001026731568)
(0.3580523176 -0.04176273828 -0.08758429466)
(0.3590160361 -0.04165600542 -0.0001031375772)
(0.3745873416 -0.1225677962 -0.08482220093)
(0.470376791 -0.1630974058 0.0001703597518)
(0.5517938443 -0.1845136774 0.0003386145344)
(0.5024185898 -0.2183306253 0.07144341784)
(0.5210206879 -0.137926589 0.07243245517)
(0.5041983844 -0.217608898 0.0001862935147)
(0.5248303736 -0.1375070186 0.0003260547642)
(0.4685418791 -0.1635425995 0.07628931651)
(0.3854951366 -0.3092046099 7.496875889e-05)
(0.331912692 -0.234577222 0.08343263497)
(0.3321559692 -0.2341253643 6.055534527e-05)
(0.4071843898 -0.1952013177 9.601097387e-05)
(0.4489880694 -0.2596044784 0.07415404631)
(0.4499003695 -0.2589434215 0.0001119978623)
(0.4062278366 -0.1956610836 0.08008987534)
(0.4456495155 -0.1016878733 0.000170787387)
(0.4948194757 -0.02889611104 0.0003173897614)
(0.5013613717 -0.08563501593 0.07550566717)
(0.4308061074 -0.03462402962 0.08232324605)
(0.5051633681 -0.08536213779 0.0003211700909)
(0.4326539972 -0.03452280074 0.0001684328726)
(0.4438121419 -0.1019580478 0.08009905252)
(0.2698981937 -0.05035047083 9.068543574e-05)
(0.2907316947 -0.1474915614 0.08935116138)
(0.2909144026 -0.1472291801 9.084853094e-05)
(0.3755313771 -0.122280659 0.0001045636429)
(0.358057727 -0.0417621428 0.08758277899)
(0.3590182569 -0.04165540397 0.0001043672294)
(0.374597654 -0.122555126 0.08482130339)
(1.1468469 -0.255482729 0.009442749663)
(1.116503036 -0.2858375025 0.007576966137)
(1.149371753 -0.283806539 0.01080023401)
(1.121637804 -0.2636023662 -0.007203892874)
(1.146912445 -0.2554993157 -0.009442311119)
(1.116554654 -0.2858383052 -0.007578217225)
(1.149415514 -0.2838128601 -0.0107998077)
(1.196504242 -0.2370389031 0.01441457507)
(1.181499251 -0.2763766372 0.01370278062)
(1.211087044 -0.2623825948 0.01639873251)
(1.172503996 -0.2502835051 -0.01217759782)
(1.196520282 -0.237044841 -0.01441447542)
(1.181508556 -0.2763731973 -0.01370288549)
(1.211090879 -0.262378366 -0.01639870836)
(1.236269701 -0.2085081744 0.01814187655)
(1.235893468 -0.244988951 0.01859540386)
(1.255141866 -0.2259222361 0.02022407213)
(1.218413926 -0.2251977794 -0.01656369232)
(1.236262873 -0.208510458 -0.01814185894)
(1.23589561 -0.2449845052 -0.01859536783)
(1.255137474 -0.2259166592 -0.02022426747)
(1.2647316 -0.1787944675 0.02067371941)
(1.269389998 -0.2066509059 0.02133509308)
(1.279380743 -0.1895084665 0.02209700659)
(1.251600425 -0.1940829506 -0.01943749511)
(1.264655565 -0.1787924961 -0.02068021055)
(1.269382306 -0.2066476131 -0.02133363299)
(1.279321137 -0.1894775358 -0.02210041434)
(1.010663946 -0.2860257314 -0.003620436533)
(0.9596228017 -0.2828317687 -0.007673952565)
(0.9836127636 -0.3112766411 -0.005015562732)
(0.9874656232 -0.2689345294 0.005621942836)
(1.010666385 -0.2860253626 0.003620709766)
(0.9596185911 -0.2828337328 0.007674292283)
(0.9836180924 -0.3112811492 0.00501549915)
(1.074046729 -0.3157174931 0.003347707418)
(1.012278923 -0.3369768487 -0.0008588328251)
(1.043019049 -0.3731612531 0.008777771745)
(1.037354655 -0.3072672057 -0.000206761734)
(1.074050474 -0.3157115782 -0.003347961097)
(1.012287695 -0.3369778893 0.000859095081)
(1.043046511 -0.373157646 -0.00877924624)
(1.219243832 -0.3134729489 -0.0009971862379)
(1.195028477 -0.2965343875 0.02771935923)
(1.180530598 -0.3277616416 0.02692823115)
(1.206251238 -0.3130516428 -0.003292299425)
(1.213546742 -0.2996419977 -0.001247130032)
(1.206718168 -0.3233892741 -0.002670411193)
(1.207573694 -0.3187439146 0.03012119332)
(1.272636576 -0.2661938187 -0.000100871103)
(1.259438489 -0.2562539282 0.03638442993)
(1.26066695 -0.2799819133 0.03732721395)
(1.249492802 -0.2673423869 -0.0001440714129)
(1.259965794 -0.2549856919 -6.848443936e-05)
(1.261557948 -0.2794667744 -0.0001437157105)
(1.272287953 -0.2663330449 0.03887031012)
(1.294220924 -0.2143582047 -8.570201425e-05)
(1.290325507 -0.2115686592 0.04081965194)
(1.292757379 -0.2264290586 0.04169407597)
(1.283775152 -0.2206231738 -9.714331311e-05)
(1.288970918 -0.2100052828 -3.782686093e-05)
(1.292694863 -0.2263426329 -0.0001226524177)
(1.295406742 -0.2144129631 0.0423267048)
(1.226376792 -0.1611011153 0.04771948569)
(1.297111468 -0.1760121242 -0.02514657964)
(1.226417069 -0.1610940058 -0.04772074965)
(0.9100858498 -0.2656365835 -0.01306207391)
(0.8695761292 -0.2353264857 -0.01698153634)
(0.8640841199 -0.2698255998 -0.01580441926)
(0.9020791314 -0.2362589928 0.013959104)
(0.9100820143 -0.2656422872 0.01306111058)
(0.8695694127 -0.2353176128 0.0169810603)
(0.8640871558 -0.2698177529 0.01580278932)
(0.9963301452 -0.4016322844 -0.0005292041612)
(1.002046285 -0.3756421888 -0.001883343391)
(0.9589241787 -0.3849808859 -0.007218642258)
(0.9992441769 -0.3692121227 -0.002080231912)
(1.015505683 -0.3801019514 -0.0004255490296)
(0.976539801 -0.3828754746 -0.001955163092)
(0.9876182144 -0.4039492133 -0.002598386128)
(1.126877336 -0.4533577317 -0.0001525727161)
(1.127305796 -0.4195092936 0.02027826965)
(1.088943858 -0.4491409263 0.01558043097)
(1.09474053 -0.4109854384 -0.000575899469)
(1.128240532 -0.4159470877 -0.0002683144986)
(1.088334828 -0.4479699416 -0.0002253020212)
(1.127106706 -0.4543799409 0.02226621857)
(1.123321345 -0.1765974816 0.05415829844)
(1.233853418 -0.209075265 -4.62214083e-07)
(1.123403449 -0.1768464999 9.644463435e-06)
(1.08220936 -0.1540179366 -2.246805953e-06)
(1.20816848 -0.187776178 0.05053419042)
(1.208138542 -0.1879552689 -1.044100567e-05)
(1.082185495 -0.1538094358 0.05358694017)
(1.09621461 -0.1282672901 0.04926512734)
(0.9664414592 -0.1068058427 0.05154439311)
(1.123968891 -0.139457319 -4.348868898e-05)
(1.096122411 -0.1282475645 -5.624731146e-05)
(0.9664849485 -0.1068369427 -1.176570503e-05)
(0.8171789158 -0.2729665158 -0.01940948944)
(0.7796774293 -0.2141782372 -0.0235892458)
(0.72422436 -0.2699556182 -0.04362618719)
(0.8270451992 -0.2284500284 0.02019570692)
(0.8171611507 -0.2729615013 0.01941005983)
(0.7796594682 -0.2141905777 0.02359231221)
(0.7242175992 -0.2699362358 0.04362713555)
(0.8242782725 -0.3558098068 -0.002734795354)
(0.8192880522 -0.3415183586 -0.02739710728)
(0.7561487114 -0.3008635802 -0.03368857807)
(0.8933360917 -0.3365661891 -0.0005427716621)
(0.8644084659 -0.3538165866 -0.003654194757)
(0.8557012491 -0.3369403611 -0.0001020675516)
(0.7905107645 -0.3498506891 -0.03183928804)
(0.7692885416 -0.1508480914 -0.02616141573)
(0.7730624517 -0.09757259102 -0.02648206989)
(0.7342172015 -0.1156479061 -0.02846119406)
(0.7935474983 -0.1214001346 0.02452624872)
(0.7692738791 -0.1508403429 0.02615909441)
(0.7730236387 -0.09755850135 0.02648250916)
(0.7342096235 -0.1156387215 0.02846149753)
(0.640324847 -0.3238208954 -0.000526852192)
(0.6813565329 -0.3435507074 -0.04707627917)
(0.6538804807 -0.2846141452 -0.05319584572)
(0.7059043334 -0.3002596432 -0.001710623439)
(0.6884563404 -0.3415868625 -0.0006462638482)
(0.6641653663 -0.2805483673 -0.001382975806)
(0.6351997192 -0.3268158691 -0.05320185564)
(0.7113923247 -0.07219731432 -0.03040900627)
(0.7466242962 -0.02422315712 -0.02883797616)
(0.6986541101 -0.0269224819 -0.03152496267)
(0.7552525727 -0.05611278598 0.02804667728)
(0.7113894482 -0.07219672647 0.03040907934)
(0.7466287536 -0.02422294299 0.02883783624)
(0.6986540015 -0.02692133067 0.03152492731)
(0.6573900578 -0.08830987222 -0.002954106784)
(0.6407122168 -0.1153297993 -0.05945517808)
(0.6289214719 -0.0727164244 -0.05852977875)
(0.7276614169 -0.1052866961 -0.0006084652795)
(0.6723937684 -0.1189130496 -0.002963525861)
(0.7154704476 -0.08161558946 -0.0006439007921)
(0.6265636074 -0.08556057351 -0.06178969468)
(1.236136066 -0.3589571073 0.0007414223899)
(1.051347413 -0.2872574471 0.02051386304)
(1.137574495 -0.3265584666 0.02381580056)
(1.212625673 -0.3262095891 -0.005360654572)
(1.243704087 -0.3429227956 -0.000979863805)
(1.207856127 -0.3382485957 -0.004109510903)
(1.064364207 -0.3100119438 0.02150277013)
(1.136231354 -0.360742858 -0.0005323075632)
(1.085721756 -0.3541848971 0.01293332065)
(1.123389117 -0.3879788532 0.0186440597)
(1.108409297 -0.3824727606 -0.002120624004)
(1.117998126 -0.3643551358 -0.002661411589)
(1.132615252 -0.3842508614 -0.0005545801292)
(1.119507064 -0.3563834848 0.01702371161)
(1.186528548 -0.3804926963 -0.0001307374213)
(1.160934538 -0.3623094473 0.001025707244)
(1.177673898 -0.3574012466 0.02599374978)
(1.155921355 -0.3848758884 0.02374731253)
(1.180622019 -0.3523018235 -0.0004608572492)
(1.159743781 -0.3859171265 8.602117372e-05)
(1.148615753 -0.3563288475 0.02200492331)
(1.236094241 -0.3589373556 -0.0007437258661)
(1.212624188 -0.3262078893 0.005358426424)
(1.05137132 -0.2872563595 -0.02051249887)
(1.137576347 -0.3265461691 -0.02381527695)
(1.243690123 -0.3429142119 0.0009801801186)
(1.207845731 -0.3382427264 0.004105777334)
(1.064383127 -0.3100024214 -0.02150167718)
(1.136226662 -0.3607325516 0.0005434847203)
(1.108412456 -0.3824718842 0.002124067495)
(1.085706251 -0.3541609235 -0.01293532416)
(1.123364118 -0.3880108452 -0.01863323528)
(1.118004621 -0.3643491583 0.00266367346)
(1.132603238 -0.3842667443 0.0005622537201)
(1.119477943 -0.3563634795 -0.01702161635)
(1.186512501 -0.3805034858 0.0001284504512)
(1.160916103 -0.3622986628 -0.001022005436)
(1.177663645 -0.3573935032 -0.02599185684)
(1.15580146 -0.3848748837 -0.02374632849)
(1.180617655 -0.3523013808 0.0004564400639)
(1.159714338 -0.3859258766 -8.801505704e-05)
(1.148580574 -0.3563197535 -0.02200890222)
(1.233992473 -0.3037403646 -0.0004025802797)
(1.216923644 -0.2901440882 0.03043687079)
(1.246180256 -0.2936461437 0.03535046221)
(1.237152384 -0.277974429 -0.000240373199)
(1.225233078 -0.2898792183 -0.0005014136425)
(1.248358471 -0.2923181459 -0.0002261233456)
(1.228769388 -0.3067657584 0.03286701341)
(1.238193559 -0.3584582376 0.03651277148)
(1.213204061 -0.3702139797 -0.0002964825243)
(1.238145588 -0.3570216717 -0.0002162412358)
(1.22510016 -0.3331948434 -0.0004178100743)
(1.201952551 -0.3505639767 0.02963502879)
(1.202884434 -0.3427424724 -0.0007365617073)
(1.22368461 -0.3382961894 0.03303919968)
(1.259393105 -0.3422949258 0.03976266466)
(1.276653292 -0.3235804806 -7.261089676e-05)
(1.259597215 -0.3414724038 -0.0001219303733)
(1.244822371 -0.3215805438 -0.000209485109)
(1.260939487 -0.3087092648 0.03857999069)
(1.261696202 -0.3076811375 -0.0001244733216)
(1.243553242 -0.3240288487 0.0359833879)
(1.219246148 -0.3134750614 0.00099595467)
(1.206254 -0.3130504115 0.003293962603)
(1.195032162 -0.2965348312 -0.02771834445)
(1.180552125 -0.3277754188 -0.02692591316)
(1.213548269 -0.2996405851 0.001244858085)
(1.206719611 -0.3233935447 0.002670933023)
(1.207581916 -0.3187497903 -0.03011985837)
(1.233994806 -0.3037400064 0.0004020560704)
(1.237152529 -0.2779723447 0.0002378883757)
(1.216934426 -0.2901445503 -0.03043440611)
(1.246182543 -0.2936439359 -0.03534873384)
(1.225235529 -0.2898777118 0.0005013812869)
(1.248359576 -0.2923171922 0.0002246026434)
(1.228775758 -0.3067655221 -0.03286654886)
(1.213196474 -0.3702228415 0.0002911110891)
(1.238220497 -0.3584657842 -0.03651475238)
(1.238149631 -0.3570228072 0.0002186524925)
(1.225102862 -0.3331948519 0.0004172505299)
(1.2019308 -0.3505706628 -0.02963188921)
(1.202881828 -0.3427466926 0.0007305815751)
(1.223690738 -0.3382956956 -0.03303996449)
(1.276651253 -0.3235812049 6.978067373e-05)
(1.259400554 -0.342295863 -0.0397620282)
(1.259598484 -0.3414717245 0.0001219852921)
(1.244827277 -0.3215800761 0.0002109757351)
(1.260941618 -0.3087120403 -0.03857816572)
(1.261697316 -0.3076817777 0.0001228941756)
(1.243574378 -0.3240300931 -0.03598321299)
(1.281527717 -0.2525872226 -8.719808308e-05)
(1.269330103 -0.2450903869 0.03763161406)
(1.28822986 -0.2394008634 0.04105252256)
(1.277019914 -0.2317056618 -4.275660916e-05)
(1.269475937 -0.2437036801 -7.105261372e-05)
(1.288164515 -0.2394307612 -8.405802804e-05)
(1.281425931 -0.2526238805 0.04010809877)
(1.29486326 -0.2833137686 0.04578326029)
(1.288644011 -0.3038731847 -4.407673776e-05)
(1.294910776 -0.2834336949 -2.67062975e-05)
(1.285929776 -0.2760640848 -4.86425342e-05)
(1.275182359 -0.2925381303 0.0405936771)
(1.275574044 -0.2921544944 -7.680964155e-05)
(1.2857506 -0.2761719237 0.04204925832)
(1.295821448 -0.26302907 0.0466326258)
(1.291804032 -0.2433958453 -2.292207714e-05)
(1.295817993 -0.2631975664 -2.331090811e-05)
(1.292806408 -0.2598861057 -4.252522518e-05)
(1.296381573 -0.2439181144 0.04393113684)
(1.29636091 -0.2439391454 -3.794341453e-05)
(1.292777867 -0.2598996626 0.04317223524)
(1.272637627 -0.2661944201 0.000100360759)
(1.249494069 -0.2673410131 0.000142822058)
(1.259452713 -0.2562556652 -0.0363825678)
(1.260670563 -0.2799804071 -0.03732582724)
(1.259968617 -0.2549852049 6.941538324e-05)
(1.26155924 -0.2794662144 0.0001425607858)
(1.272290823 -0.26633529 -0.03886984323)
(1.281527606 -0.2525886772 8.603469041e-05)
(1.277019279 -0.2317053468 4.256003505e-05)
(1.269325394 -0.2450884422 -0.03763118458)
(1.288233617 -0.2394165226 -0.04104874966)
(1.269475562 -0.2437024313 6.909753217e-05)
(1.288164179 -0.2394343942 8.381413473e-05)
(1.281426617 -0.2526287566 -0.04010683704)
(1.288643768 -0.3038753223 4.2392544e-05)
(1.294870308 -0.2833230418 -0.04578239869)
(1.294912562 -0.2834363804 2.645411736e-05)
(1.285930706 -0.2760658955 4.847538629e-05)
(1.275184885 -0.292542703 -0.04059239371)
(1.275574761 -0.2921559355 7.578620871e-05)
(1.285756085 -0.2761777978 -0.04204681754)
(1.291805476 -0.2433974949 1.853439846e-05)
(1.295816682 -0.2630285693 -0.04662976416)
(1.295817143 -0.2631975178 2.118297408e-05)
(1.292803378 -0.2598874553 3.908094809e-05)
(1.296377554 -0.2439337697 -0.04393061583)
(1.296360006 -0.2439432763 3.532189938e-05)
(1.292762685 -0.2599028178 -0.04317014552)
(1.283778356 -0.2245308436 -1.050298433e-05)
(1.294579632 -0.2133899182 -3.440196849e-05)
(1.296893282 -0.2285114851 0.04439275499)
(1.27229434 -0.2065180968 0.04754116009)
(1.296877207 -0.2284175198 -3.934911073e-05)
(1.27219017 -0.2066492803 -2.395538267e-05)
(1.294680784 -0.2134110145 0.04471867553)
(1.29022686 -0.1985369861 -5.565826977e-05)
(1.283385652 -0.1863317651 0.04571756552)
(1.258324793 -0.1896003752 0.04758129746)
(1.24180593 -0.1747080412 -7.833401748e-05)
(1.28317797 -0.1846550515 -5.097436587e-05)
(1.258167896 -0.1896373303 -5.506784636e-05)
(1.290355499 -0.1996601869 0.0451859607)
(1.294217079 -0.2143563687 8.40553705e-05)
(1.283768996 -0.2206218863 9.146581134e-05)
(1.290331065 -0.2115710332 -0.04081657768)
(1.292736446 -0.2264222796 -0.04169200582)
(1.288967748 -0.2100043748 3.739135257e-05)
(1.292690495 -0.2263403168 0.0001177342002)
(1.29540455 -0.2144107685 -0.04232500348)
(1.283786108 -0.2245284176 1.547321181e-05)
(1.294578727 -0.2133860657 3.245046579e-05)
(1.29689956 -0.2284978849 -0.04439267239)
(1.272291229 -0.2065098927 -0.04753997556)
(1.296878586 -0.2284132765 3.906372485e-05)
(1.272190967 -0.2066466672 2.113806206e-05)
(1.294680828 -0.213401284 -0.04471679563)
(1.29022303 -0.1985297497 5.220432754e-05)
(1.241807443 -0.1747045133 7.390129514e-05)
(1.283381492 -0.1863206649 -0.04571679873)
(1.258317958 -0.1895910338 -0.04757681128)
(1.283177177 -0.1846478519 4.631305989e-05)
(1.25816442 -0.1896332205 5.390597009e-05)
(1.290346132 -0.1996458095 -0.04518235746)
(0.9950680155 -0.3622116007 -0.0001216115269)
(0.8818446443 -0.3040818511 -0.0115631946)
(0.9245035147 -0.3564160259 -0.01152347952)
(0.9982014276 -0.3566552016 -0.003828049561)
(1.022464669 -0.3522555492 -0.0009735397342)
(0.9713777601 -0.3674521763 -0.003349438153)
(0.8703365605 -0.3184248407 -0.01430492755)
(0.9221059793 -0.3404417438 -0.003816865236)
(0.8236207627 -0.2839607702 -0.02226539928)
(0.8443979021 -0.3290344904 -0.02404849182)
(0.9244691559 -0.3301309569 -0.0008821748007)
(0.948197686 -0.3264895826 -0.00118305973)
(0.8955905 -0.3456474882 -0.0040728214)
(0.8685773776 -0.3139597636 -0.02144520842)
(0.9029675454 -0.3983629142 -0.0008771379891)
(0.9224985576 -0.3615146705 -0.001285300815)
(0.9202032244 -0.3806576137 -0.01367449029)
(0.8710494183 -0.3644746405 -0.02071972165)
(0.9309049935 -0.3796551253 -0.001052937909)
(0.893284057 -0.3702722278 -0.002136505059)
(0.8964877459 -0.3469662641 -0.01745832299)
(0.9950721781 -0.3622135333 0.0001222317501)
(0.998205384 -0.3566571194 0.003828470604)
(0.8818545066 -0.3040869542 0.011562579)
(0.9245135934 -0.3564158889 0.01152288211)
(1.022467242 -0.3522582021 0.0009738704486)
(0.9713811028 -0.3674520364 0.003349978626)
(0.8703445074 -0.3184278486 0.01430418238)
(0.9221088227 -0.3404410078 0.003817010466)
(0.9244658937 -0.3301252834 0.0008804943939)
(0.8236319819 -0.2839605924 0.02226597797)
(0.844411376 -0.3290369999 0.02404842967)
(0.9481971 -0.3264854225 0.001182068336)
(0.8955916254 -0.3456460788 0.004072514786)
(0.8685887995 -0.3139618792 0.02144503254)
(0.9029690554 -0.3983630837 0.0008796461939)
(0.9225022846 -0.3615151549 0.001285798725)
(0.9202077827 -0.3806517557 0.01367361133)
(0.8710640924 -0.3644772209 0.02071938365)
(0.9309071654 -0.3796535745 0.001053724388)
(0.8932880349 -0.3702726864 0.002136990304)
(0.8964997197 -0.3469680241 0.01745760324)
(1.022683225 -0.422654635 8.357858462e-05)
(1.031437383 -0.3917671179 0.004016855756)
(1.053215753 -0.4375944979 0.009186427688)
(1.064794 -0.4042298962 -0.0003168004947)
(1.041064813 -0.3973380594 0.001067714579)
(1.053310048 -0.4379032509 -0.0001004277414)
(1.019123275 -0.4209541066 0.003075289645)
(0.9439052122 -0.4615869242 -0.005951569396)
(0.920549878 -0.4289642172 -0.0005037410015)
(0.9458205886 -0.4601222675 -0.0002868513132)
(0.9722683206 -0.4296568928 -0.0003622210426)
(0.9430301435 -0.4087405766 -0.00924474591)
(0.9480202547 -0.403900369 -0.0007727873855)
(0.9692842241 -0.4324600978 -0.004056096946)
(1.019671112 -0.5153493978 -6.019856188e-05)
(0.9776396306 -0.4901946617 0.0009907686839)
(0.9783545068 -0.4895387228 -0.0001287538173)
(1.002673023 -0.4536234971 -0.0001084233601)
(1.038750101 -0.4739067029 0.009130435332)
(1.038933821 -0.4737518419 -6.041534354e-05)
(1.001245342 -0.4541575937 0.002110817244)
(0.9963362145 -0.4016340826 0.0005318848139)
(0.9992482502 -0.3692131197 0.002081028049)
(1.002062521 -0.375644346 0.001880668055)
(0.9589342122 -0.384979984 0.007217312411)
(1.015511158 -0.3801041856 0.0004279151333)
(0.9765437652 -0.3828757161 0.001956317943)
(0.9876346781 -0.4039542587 0.002595555731)
(1.022691673 -0.4226561854 -7.924974328e-05)
(1.064805089 -0.4042271625 0.0003215662157)
(1.031461311 -0.391768327 -0.004021008242)
(1.053252248 -0.4375936169 -0.009193100058)
(1.041072695 -0.3973381215 -0.001063614156)
(1.053324086 -0.4379020573 0.0001072368591)
(1.019148328 -0.4209598692 -0.003079684075)
(0.9205504263 -0.4289635259 0.0005046108365)
(0.9439188147 -0.4615894333 0.005950999553)
(0.9458247706 -0.4601224864 0.0002868097605)
(0.9722741257 -0.4296599178 0.0003633120411)
(0.9430393672 -0.4087399947 0.009243931943)
(0.9480228377 -0.4038998558 0.0007733697971)
(0.9693025772 -0.432469048 0.004054908192)
(1.019678351 -0.5153560755 6.571023266e-05)
(0.9776600517 -0.4902011214 -0.0009918115269)
(0.9783623785 -0.4895417666 0.0001296205165)
(1.002681546 -0.4536275969 0.000112088449)
(1.038782294 -0.4739184223 -0.00913924711)
(1.038946822 -0.4737562422 6.871419332e-05)
(1.001258675 -0.4541635908 -0.002114885971)
(1.205174753 -0.4446026917 0.03544765248)
(1.195440585 -0.4102726935 -5.254340846e-05)
(1.204790025 -0.4446486004 -5.318907081e-05)
(1.166647018 -0.4523333363 -6.215340813e-05)
(1.161721334 -0.416954746 0.02610797206)
(1.16243509 -0.4161679829 -6.491269067e-05)
(1.166745398 -0.4526854558 0.02909743448)
(1.066187491 -0.5333197987 -1.974260489e-05)
(1.115770905 -0.5433179801 0.02748850914)
(1.115156696 -0.5433575041 -3.716599182e-05)
(1.124132177 -0.4956450274 -6.592993572e-05)
(1.080240588 -0.4883519217 0.01681412108)
(1.079853619 -0.4879191616 -7.220933523e-05)
(1.124607196 -0.4959834802 0.02468350777)
(1.193818671 -0.5158872984 -3.816574358e-05)
(1.160569986 -0.536391673 0.0375289189)
(1.159805244 -0.5364821984 4.310694735e-07)
(1.209880822 -0.4818015933 0.04038664705)
(1.209274903 -0.4820718036 -3.904560074e-05)
(1.168685809 -0.4935504223 -1.387887675e-05)
(1.169220032 -0.4935541819 0.03283710222)
(1.126883982 -0.4533446698 0.0001704987326)
(1.094750263 -0.4109762192 0.0005811439961)
(1.12729912 -0.4194676826 -0.02027274475)
(1.08900419 -0.4491236265 -0.01559024247)
(1.128235498 -0.4159296057 0.0002767837741)
(1.088355155 -0.4479626863 0.0002353634711)
(1.1271506 -0.4543443245 -0.02227604434)
(1.195413697 -0.4102869836 4.328154168e-05)
(1.204663035 -0.4444451601 -0.03544557943)
(1.204684195 -0.4446212164 -1.118019402e-05)
(1.166621504 -0.4523255862 6.529521895e-05)
(1.161646115 -0.4168633015 -0.02609327507)
(1.162411189 -0.4161422929 5.758296983e-05)
(1.166790194 -0.4526635006 -0.02903886119)
(1.06620081 -0.5333343525 3.178983411e-05)
(1.115804766 -0.5433935318 -0.02749269265)
(1.115165137 -0.5433831251 4.894727395e-05)
(1.124152681 -0.4956763794 8.951654363e-05)
(1.080310702 -0.4883742693 -0.01682627334)
(1.079874804 -0.4879269129 8.582885175e-05)
(1.124718566 -0.4960632976 -0.02469386615)
(1.193777331 -0.5159008171 2.905206661e-05)
(1.160467641 -0.5365681806 -0.03752498915)
(1.159766178 -0.5365384901 9.060175028e-06)
(1.209518736 -0.4818176004 -0.04035213933)
(1.209171945 -0.4820847432 6.667309459e-06)
(1.16862917 -0.4936189588 6.0728196e-05)
(1.169082172 -0.4937832926 -0.03276407041)
(1.040321085 -0.1347731924 -1.162874426e-06)
(1.180043069 -0.1688141634 0.0502244338)
(1.001891355 -0.1195736644 0.05200144226)
(1.151714098 -0.1530848592 -3.696448394e-05)
(1.179986126 -0.1688887962 -1.77914985e-05)
(1.001886948 -0.1196622548 -1.269430106e-05)
(1.040330762 -0.1346229523 0.05286662562)
(0.6824771153 -0.0692433253 2.425224023e-05)
(0.6337721763 -0.05618521209 0.05927281312)
(0.6338546503 -0.05641585779 7.038009647e-06)
(0.9359410918 -0.1268634 0.05774654644)
(0.9360449231 -0.1271121205 1.636309895e-05)
(0.8852946179 -0.1066692978 3.791242048e-06)
(0.885229403 -0.1064519052 0.0565423703)
(0.5590668489 -0.04393034546 -1.418998264e-06)
(0.5926848758 -0.04859642005 0.05749397582)
(0.592770065 -0.0487957189 4.468185172e-06)
(0.8373460369 -0.0912404406 2.942432752e-06)
(0.7958456263 -0.07970188472 0.05409338579)
(0.7958909682 -0.07984390486 -7.37315757e-06)
(0.8373025016 -0.09105686543 0.05531060494)
(1.233862332 -0.2090741585 5.92827785e-06)
(1.123357456 -0.1766016499 -0.05415719799)
(1.123408427 -0.1768468293 -3.113540749e-06)
(1.08220672 -0.1540196226 -1.117095565e-06)
(1.208161275 -0.1877715875 -0.05053233754)
(1.208137558 -0.187953839 7.634057149e-06)
(1.082172009 -0.1538139373 -0.05358442457)
(1.0403217 -0.1347756806 -1.292793486e-06)
(1.151715339 -0.1530812151 3.237133651e-05)
(1.180041104 -0.1688175869 -0.05022002288)
(1.001897848 -0.1195574616 -0.05200136537)
(1.1799854 -0.1688895533 1.619167861e-05)
(1.001889524 -0.1196579698 1.240274347e-05)
(1.040328823 -0.1346294512 -0.05286391728)
(0.6824702468 -0.06925060991 -2.630516988e-05)
(0.6337648468 -0.05621085305 -0.05927062178)
(0.633856394 -0.05642600514 -1.265274337e-05)
(0.9359598598 -0.1268839542 -0.05774487432)
(0.9360500115 -0.1271183628 -1.394051211e-05)
(0.8852833971 -0.106674762 -6.218002009e-06)
(0.8852019083 -0.1064708148 -0.05653975677)
(0.5590513683 -0.04394425574 4.85621805e-06)
(0.5926911656 -0.04860800173 -0.05749328448)
(0.592769164 -0.04880029311 -5.495947083e-06)
(0.8373498073 -0.09124460018 -4.775437795e-06)
(0.7958418292 -0.07970173499 -0.05409246287)
(0.7958879183 -0.0798443001 9.634403054e-06)
(0.8373098973 -0.0910672966 -0.05530925022)
(0.5296763607 -0.04196098983 -4.927082541e-06)
(0.7583501586 -0.07085206706 0.05360418006)
(0.7583523629 -0.07096961226 -8.850007318e-07)
(1.123977305 -0.1394563087 4.815395341e-05)
(0.9664570636 -0.1068192283 -0.05154430121)
(0.9664907546 -0.1068410237 1.408172052e-05)
(0.529682714 -0.04197053456 -5.324219085e-06)
(0.7583449196 -0.0708917664 -0.05360175504)
(0.7583546633 -0.0709819398 -2.201817946e-06)
(0.8225364656 -0.4341694671 -0.02432088004)
(0.869116084 -0.4148562795 -0.0007953877921)
(0.8280278041 -0.4303082903 -0.0006192029807)
(0.8199590432 -0.3884761064 -0.001632203174)
(0.8415741287 -0.3806374723 -0.02431581915)
(0.8601365999 -0.3807396371 -0.002123275595)
(0.8081798452 -0.3929365117 -0.02851395227)
(0.7737009644 -0.3530389507 -0.0008794507357)
(0.7622636932 -0.3113996881 -0.03791504817)
(0.7251008448 -0.3518866914 -0.04144149626)
(0.7444247658 -0.3127977692 -0.001680200789)
(0.7816917313 -0.3218730017 -0.0009746892493)
(0.7326756186 -0.3512947913 -0.0007082305829)
(0.7662058319 -0.3551114569 -0.03632160951)
(0.7253929511 -0.4512539344 -0.0002367416123)
(0.77806137 -0.446871492 -0.02937805715)
(0.7800883644 -0.4438525058 -0.0003472049828)
(0.7735960748 -0.3946580582 -0.0006662297207)
(0.7229153138 -0.399169133 -0.03935506356)
(0.7261884168 -0.3972654336 -0.0004209415308)
(0.7701357868 -0.3993437925 -0.03363863171)
(0.824274656 -0.355808654 0.002734985848)
(0.8933240197 -0.3365577662 0.0005393722229)
(0.8192863039 -0.3415062189 0.02739828982)
(0.7561203378 -0.3008512956 0.03368929504)
(0.8644054436 -0.3538125702 0.003652858411)
(0.8556948461 -0.3369391526 0.0001039959582)
(0.7904998263 -0.3498443714 0.03183890571)
(0.8691193879 -0.4148592764 0.0007964948632)
(0.8225432535 -0.4341674547 0.02432048842)
(0.8280285012 -0.430306417 0.0006162518232)
(0.8199560563 -0.3884732166 0.00163224825)
(0.8415797698 -0.3806314799 0.0243152477)
(0.8601372677 -0.3807372609 0.002122618234)
(0.8081682907 -0.3929245977 0.02851331063)
(0.773704769 -0.3530410157 0.000879747401)
(0.7444231345 -0.3127924123 0.0016780332)
(0.7622719352 -0.3114107454 0.03791468185)
(0.7251132024 -0.3518799144 0.04144150572)
(0.7816911059 -0.3218759117 0.0009737721295)
(0.7326778463 -0.3512926254 0.0007066151342)
(0.7662208446 -0.3551183357 0.03632128373)
(0.7253979896 -0.4512569398 0.0002416858769)
(0.7780523429 -0.4468489893 0.02937800508)
(0.7800870318 -0.4438469007 0.0003470800905)
(0.7735987248 -0.3946576667 0.0006684470003)
(0.7229351367 -0.3991779613 0.03935397297)
(0.7261939305 -0.3972678789 0.0004225643637)
(0.7701452887 -0.3993421951 0.03363851909)
(0.741781408 -0.2304797229 -0.0003770803888)
(0.6799025809 -0.2212003333 -0.04734601378)
(0.6656325768 -0.2460747408 -0.05267748222)
(0.7302799256 -0.2682051861 -0.002998700777)
(0.774024283 -0.2461839317 -0.000501959334)
(0.6931508389 -0.2482539902 -0.002411256451)
(0.6580720391 -0.2068067191 -0.05158163977)
(0.7128342983 -0.1764498448 -0.002567463601)
(0.6698496155 -0.1386003825 -0.05165261096)
(0.6573242877 -0.1416713379 -0.05675358335)
(0.7447769237 -0.1358480404 -0.0005953928335)
(0.7614771247 -0.1560184905 -0.0006949733006)
(0.6911133315 -0.1480121727 -0.002878796381)
(0.6784784561 -0.1626614613 -0.05406543291)
(0.620560144 -0.1933398061 -0.0007324909846)
(0.681060302 -0.1986099277 -0.001100564515)
(0.6434649751 -0.2240955924 -0.05699285946)
(0.6405264332 -0.1656884744 -0.05898136668)
(0.650555952 -0.2218470212 -0.0008995104295)
(0.6546622147 -0.1686308541 -0.001628170651)
(0.6645254762 -0.1906716496 -0.05517397013)
(0.7417828232 -0.2304866592 0.0003774412303)
(0.7302799426 -0.2682068874 0.003000946213)
(0.6799026725 -0.2211998136 0.04734658517)
(0.6656260016 -0.2460950797 0.05267733097)
(0.7740284371 -0.2461900908 0.0005052086479)
(0.6931478591 -0.2482601216 0.002408794667)
(0.6580719963 -0.2068225602 0.05158096968)
(0.7128341812 -0.1764455214 0.002567671844)
(0.7447798176 -0.1358487458 0.0005996804006)
(0.6698513444 -0.1385824224 0.05165109946)
(0.657312393 -0.1416837431 0.05675468129)
(0.7614757197 -0.1560117249 0.0006941840544)
(0.6911121958 -0.1480153474 0.002881594356)
(0.6784792934 -0.1626454721 0.05406555382)
(0.620550651 -0.1933327527 0.0007256699403)
(0.6810572171 -0.1986078764 0.001100589055)
(0.6434540698 -0.2241028901 0.05699498115)
(0.6404903319 -0.1656808432 0.05898176868)
(0.6505522842 -0.2218486957 0.0008990940091)
(0.6546531714 -0.1686290634 0.001627763789)
(0.6645161557 -0.1906650735 0.05517391108)
(0.6639804331 -0.4497118875 -0.0001784196776)
(0.5965489743 -0.4386905867 -0.05017534926)
(0.5973574004 -0.4375232624 -0.0001347301995)
(0.6176550821 -0.3757843331 -0.000238876766)
(0.6710426727 -0.3927941248 -0.04546965175)
(0.674083568 -0.3910740088 -0.0003128569409)
(0.6153926536 -0.3775024383 -0.05239787246)
(0.5436481007 -0.2642690965 -0.06561381964)
(0.5845875571 -0.2242774579 -0.0004172220954)
(0.5455160928 -0.2630594173 -0.000240874931)
(0.5912425162 -0.2979600773 -0.0003168428411)
(0.6176303159 -0.2593470816 -0.05850003637)
(0.6214344858 -0.25540992 -0.0006149622509)
(0.5888294707 -0.3003241076 -0.05947915497)
(0.4546195569 -0.369929616 -5.834557464e-05)
(0.5261005934 -0.4128637014 -0.05849191438)
(0.5266293036 -0.4118584179 -9.571008908e-05)
(0.5015168146 -0.3122712687 -0.06705627585)
(0.5025842083 -0.3113691995 -0.0001323828732)
(0.5594565174 -0.3496482003 -0.0001657770735)
(0.5581435798 -0.3509782419 -0.05969698585)
(0.6403260688 -0.3238244105 0.0005269398585)
(0.7059008833 -0.3002598795 0.001713842577)
(0.6813355257 -0.343547589 0.04707739452)
(0.6538866684 -0.2846361155 0.05319469204)
(0.688450809 -0.3415866989 0.0006457318022)
(0.664166125 -0.2805540062 0.001381891426)
(0.6352050698 -0.3268272178 0.05320173006)
(0.6639862324 -0.4497160553 0.0001753800309)
(0.59654695 -0.438675329 0.05017489339)
(0.5973585965 -0.4375199001 0.0001353414104)
(0.6176575293 -0.3757847584 0.0002388445554)
(0.6710340592 -0.3927991865 0.04546981308)
(0.6740812198 -0.3910761574 0.0003105433818)
(0.6153998721 -0.37750346 0.05239883015)
(0.5845819376 -0.224268679 0.0004103529605)
(0.5436483216 -0.2642471945 0.06561278048)
(0.5455152023 -0.2630532301 0.0002327897365)
(0.591243486 -0.297967554 0.0003180276298)
(0.6176240165 -0.2593627215 0.0585005077)
(0.6214326059 -0.2554143852 0.0006157642132)
(0.5888326481 -0.3003513055 0.05947943099)
(0.4546266495 -0.3699331617 5.848463504e-05)
(0.5261181802 -0.4128736101 0.05849107972)
(0.5266347916 -0.4118601161 9.967060614e-05)
(0.5015409342 -0.3122626396 0.06705524658)
(0.5025907299 -0.3113652845 0.000128672828)
(0.5594611529 -0.3496555291 0.0001671680232)
(0.5581560573 -0.3510002071 0.05969583996)
(0.5649432598 -0.1172324414 -0.06867293012)
(0.5941983114 -0.1579864165 -0.0007054893961)
(0.5725248755 -0.1169494262 -0.0007186920487)
(0.6147873109 -0.1004213637 -0.00177439843)
(0.6187442991 -0.1355531579 -0.06238417789)
(0.6325470556 -0.1364329654 -0.00175539989)
(0.6013050989 -0.1001596858 -0.06508229302)
(0.6466119934 -0.0532132295 -0.002907589103)
(0.6212024177 -0.04253874491 -0.05986332856)
(0.6111486946 -0.0182284866 -0.0643497188)
(0.7009595472 -0.01990441944 -0.0006172823698)
(0.7055490804 -0.0461267437 -0.0006359179233)
(0.6406731561 -0.01908924417 -0.00288154403)
(0.6167800015 -0.05218951441 -0.06337295951)
(0.549081396 -0.07251938197 -0.07115389779)
(0.5482414378 -0.02444760146 -0.0007094783436)
(0.556596933 -0.07226527796 -0.0007156541238)
(0.6018754633 -0.06155999436 -0.0017666326)
(0.5819224444 -0.02100443476 -0.06825548465)
(0.5948855257 -0.02102726738 -0.001756038164)
(0.58875698 -0.06160153882 -0.06707164424)
(0.6573931061 -0.08830911869 0.002954808737)
(0.7276591161 -0.1052894905 0.0006042889222)
(0.6407399173 -0.1153452271 0.0594528462)
(0.6289185206 -0.07271446481 0.05853184909)
(0.6724001907 -0.1189168493 0.002961592196)
(0.7154713384 -0.0816152052 0.0006444872421)
(0.6265728808 -0.08555614321 0.06178887167)
(0.5942028211 -0.1579793018 0.0007109009813)
(0.5649298529 -0.1172561715 0.06867170155)
(0.5725215144 -0.1169556496 0.0007187056124)
(0.6147908414 -0.1004261755 0.001776752302)
(0.6187859772 -0.1355509296 0.06238230026)
(0.6325589501 -0.1364315608 0.001759032147)
(0.6013147015 -0.1001771795 0.06508241499)
(0.6466145238 -0.05321214009 0.002906866503)
(0.7009595175 -0.01989925709 0.0006182516558)
(0.6212104249 -0.04253380092 0.05986212377)
(0.6111462283 -0.01821645835 0.06434947592)
(0.7055492473 -0.04612452675 0.0006324827737)
(0.6406731883 -0.0190852825 0.002881655596)
(0.616786912 -0.05218617193 0.06337374481)
(0.5482462886 -0.02444345999 0.0007118095494)
(0.5490994683 -0.07251323136 0.07115198311)
(0.5566027857 -0.0722624626 0.0007158724514)
(0.6018778677 -0.06156175612 0.001764886237)
(0.5819301139 -0.02099253864 0.06825484191)
(0.5948881961 -0.02102353374 0.001756488095)
(0.5887636936 -0.0616079264 0.06707042245)
(1.038955214 -0.3373629546 0.008097544716)
(0.9728510972 -0.3447708158 0.005267323805)
(1.098305718 -0.3836399504 -0.003426592254)
(1.114019804 -0.366604228 -0.004638841266)
(1.117923859 -0.392022849 0.0006843942638)
(1.136273311 -0.376066218 -0.0009848790077)
(0.9706397556 -0.3203917972 0.005923986321)
(1.098314289 -0.3836377577 0.00343047584)
(1.038983294 -0.3373588581 -0.008098259442)
(0.9728820649 -0.3447739465 -0.005270504826)
(1.11402678 -0.3666020868 0.004641480373)
(1.117931225 -0.3920223438 -0.0006811277979)
(1.136280126 -0.3760659119 0.0009876719351)
(0.9706554284 -0.3203892113 -0.005926376108)
(1.27363656 -0.1737686637 0.045452525)
(1.226439854 -0.160948816 -0.0001123523136)
(1.273494239 -0.1718973617 -0.0001023297543)
(1.226449516 -0.1609440193 0.000117349907)
(1.273667042 -0.1737458339 -0.04545141322)
(1.273500164 -0.1718850776 0.0001048143463)
(0.7536810352 -0.2729906641 -0.04002282781)
(0.7024380859 -0.2327048759 -0.04346525771)
(0.7635325179 -0.2807953888 -0.00317249984)
(0.7951223547 -0.2925163727 -0.002944770927)
(0.8047597711 -0.2611265922 -0.0006861612483)
(0.8308036388 -0.2707783405 -0.0009102641052)
(0.7275218393 -0.2392768773 -0.0394991587)
(0.7635256449 -0.2807924248 0.003168997253)
(0.7536647194 -0.2730011864 0.04002389598)
(0.7024133122 -0.232699864 0.04346381774)
(0.7951130032 -0.2925201985 0.002941562489)
(0.8047456998 -0.2611305917 0.0006832804988)
(0.8307889615 -0.2707852305 0.0009082922067)
(0.7274874505 -0.2392905319 0.03949981249)
(0.2015509927 -0.1982306069 0.007837336524)
(0.1162547472 -0.1152437955 0.005111519923)
(0.03835630428 -0.03840006538 0.00287850116)
(0.2015535402 -0.1982341646 -0.007837734554)
(0.1162571651 -0.1152464642 -0.005111892501)
(0.03835741578 -0.03840125245 -0.002878757866)
(-0.01107517534 -0.01154815032 0.02860933181)
(-0.006701915612 -0.006768279293 0.0186506648)
(-0.002122428739 -0.002457298852 0.01058865307)
(-0.0110190532 -0.01149458752 -0.02860950688)
(-0.006669776219 -0.006737556783 -0.01865091976)
(-0.002111712909 -0.002446906942 -0.0105889952)
(0.1986212754 -0.05490869231 -0.000177628598)
(0.1109485177 -0.0299212879 -0.0001596348158)
(0.03558966439 -0.009042173441 -0.0001567453586)
(0.1986099319 -0.05531802781 0.04181874857)
(0.1109657473 -0.03002114734 0.02640713231)
(0.03541931002 -0.009730520001 0.01508228992)
(0.07383668648 0.004730681458 -0.0001609157057)
(0.03877889319 0.003418098951 -0.0001514896235)
(0.01154475401 0.001680332919 -0.0001448446355)
(0.1109419564 0.003059081515 0.04413395888)
(0.06040618234 0.003271418453 0.02849850871)
(0.01887048084 0.001052171117 0.01633298641)
(0.1110775803 0.003280002226 -0.0001019276908)
(0.06050005538 0.003317365561 -0.0001206463527)
(0.01883955152 0.001826157522 -0.0001325781335)
(0.07369709955 0.004430395905 0.04027960942)
(0.03867965184 0.003317283122 0.02565296366)
(0.01158815701 0.0009709896752 0.01466925663)
(0.2009988437 -0.1976614253 -1.060285756e-06)
(0.1158030237 -0.1147994827 -1.094075214e-05)
(0.03825284256 -0.03810699198 -1.745931109e-05)
(-0.009750836528 -0.01296069607 0.02923088953)
(-0.005644119003 -0.007421308991 0.01821752439)
(-0.001669242762 -0.002580838513 0.01037371875)
(-0.009885679712 -0.01289332879 -9.785554655e-05)
(-0.005668665597 -0.007418704829 -9.643774746e-05)
(-0.002053198724 -0.002291582988 -9.83095688e-05)
(0.03422372831 -0.1027377955 0.0001702371594)
(0.01840461327 -0.06141459746 0.0001621183107)
(0.005338593777 -0.02101398067 0.0001598313934)
(0.03467837394 -0.1031187696 -0.04651417017)
(0.01859761739 -0.06168650397 -0.02936482119)
(0.006158465077 -0.02092045897 -0.01683678741)
(-0.006223975886 -0.01706428751 0.02578699634)
(-0.003564308589 -0.009746816375 0.01729088305)
(-0.0009356093773 -0.003266285772 0.009807284523)
(0.221965836 -0.1702642558 -0.01855756186)
(0.1282354335 -0.09807864962 -0.01184166139)
(0.04222243981 -0.03246031278 -0.006777227438)
(0.2218273923 -0.169620448 0.0001130105894)
(0.1280448549 -0.09778600749 9.626105949e-05)
(0.04231938559 -0.03211708244 8.652383194e-05)
(0.2259236052 -0.1482496747 -0.02744366682)
(0.1295035733 -0.08502276379 -0.018521091)
(0.04235718839 -0.02798776799 -0.01053868023)
(0.226004455 -0.1483184167 1.218353305e-05)
(0.1294317863 -0.085060579 4.683906943e-05)
(0.04257614761 -0.02756498549 6.713047101e-05)
(0.1788947065 -0.02684141534 -7.665056809e-05)
(0.09934822457 -0.01342438575 -0.0001049949892)
(0.03162054415 -0.003569026642 -0.0001252412643)
(0.1489184655 -0.01731368202 0.04191395309)
(0.08198206124 -0.008362329122 0.02692748822)
(0.0257849921 -0.002627457539 0.01538696382)
(0.1489801815 -0.01700870395 -0.0001752287189)
(0.08199983717 -0.008265690916 -0.000163197888)
(0.02584876087 -0.001884033419 -0.0001542820136)
(0.1787397133 -0.02701215355 0.04508633578)
(0.09927794637 -0.01343778842 0.02906247212)
(0.03150376649 -0.004344001164 0.01666266844)
(0.1986186639 -0.05490765263 0.0001757357912)
(0.110947032 -0.02992079686 0.0001583846164)
(0.03558916835 -0.009042058435 0.0001560126044)
(0.1986031503 -0.05531464844 -0.04181687049)
(0.1109617219 -0.03001954814 -0.02640585045)
(0.03541794679 -0.009730046107 -0.01508155411)
(0.178894079 -0.0268411181 7.487447995e-05)
(0.09934796766 -0.01342427277 0.0001038340985)
(0.03162049357 -0.003569042928 0.0001245677688)
(0.1489165845 -0.01731282513 -0.04191220543)
(0.08198093071 -0.00836196896 -0.02692629786)
(0.02578459149 -0.002627362714 -0.01538627563)
(0.1489793732 -0.01700857038 0.0001734299097)
(0.08199933283 -0.008265635764 0.0001620231871)
(0.0258485723 -0.001884047348 0.0001536032758)
(0.1787380226 -0.02701093366 -0.04508457811)
(0.09927720921 -0.01343731298 -0.02906127347)
(0.03150361402 -0.004343905712 -0.01666198786)
(0.0478689891 0.008556999009 -0.0001076615725)
(0.02451296696 0.005310207494 -0.000116215177)
(0.00706482413 0.002128764945 -0.0001228977523)
(0.0477424511 0.008352179337 0.03986248214)
(0.02441850708 0.005244921133 0.02504876107)
(0.007201101131 0.00146246196 0.014338242)
(0.07383673333 0.004730778698 0.0001592062142)
(0.03877896476 0.003418127381 0.0001503783428)
(0.01154479128 0.001680304943 0.0001442032445)
(0.1109411986 0.003059946238 -0.04413218122)
(0.0604057512 0.003271750279 -0.02849729483)
(0.01887032818 0.001052244176 -0.01633228164)
(0.1110772469 0.003280169036 0.0001001016803)
(0.06049982106 0.003317419985 0.0001194567198)
(0.01883945613 0.001826134057 0.0001318899142)
(0.07369741797 0.00443106774 -0.04027787261)
(0.03867994844 0.003317541482 -0.02565178853)
(0.01158829278 0.0009710559629 -0.01466858797)
(0.04786928381 0.008557117355 0.0001058363422)
(0.02451319885 0.005310280108 0.0001150573105)
(0.00706492438 0.002128757378 0.0001222284538)
(0.04774330223 0.008352870715 -0.03986070705)
(0.0244192206 0.00524530442 -0.02504761014)
(0.007201409588 0.001462596719 -0.01433759559)
(0.01905839541 0.004570254962 -0.03304184581)
(0.008860135882 0.002657753227 -0.02228409934)
(0.002371795365 0.0005430932768 -0.01267021988)
(-0.008147555026 -0.007190994608 0.03140539915)
(-0.005230870392 -0.004258369882 0.01961678802)
(-0.001712025113 -0.001669848588 0.01118012757)
(-0.008184777104 -0.006958534226 -0.0001235529573)
(-0.005195031111 -0.004172702585 -0.0001153005795)
(-0.002004583884 -0.001232819041 -0.0001122950715)
(-0.005348744057 -0.004887428796 -0.02971616773)
(-0.004026396724 -0.002951564901 -0.02012034875)
(-0.001459376116 -0.001264851198 -0.0114278292)
(-0.008153917082 -0.007184494371 -0.03140422558)
(-0.005231291084 -0.004254256418 -0.01961510645)
(-0.001711189384 -0.001668425939 -0.01117861125)
(-0.008185330938 -0.006957085581 0.0001197081405)
(-0.00519453177 -0.004171709471 0.0001128032343)
(-0.00200411168 -0.001232514718 0.000110791366)
(0.1303377999 -0.195617731 3.205926546e-05)
(0.075358946 -0.1139777259 4.372073515e-05)
(0.02471676468 -0.0380705072 4.538070086e-05)
(0.147906576 -0.1873289977 0.005197929421)
(0.0856804854 -0.1103242513 0.003497092651)
(0.02846309254 -0.03693699529 0.002059162789)
(0.1473245324 -0.1872186791 -0.0001398855445)
(0.08534566292 -0.1101665987 -9.056928138e-05)
(0.0282712614 -0.03690700828 -6.280440816e-05)
(0.2010006343 -0.197663585 1.715884848e-06)
(0.1158048761 -0.1148013353 1.14372444e-05)
(0.03825375338 -0.0381079 1.773934064e-05)
(-0.01113753048 -0.01128885317 -0.000123997671)
(-0.00666025954 -0.006679363461 -0.0001192078672)
(-0.002448083091 -0.002080724183 -0.0001119646193)
(-0.01112067559 -0.01127128228 0.0001252210755)
(-0.006650408226 -0.006669218299 0.0001199562925)
(-0.002444813092 -0.002077337909 0.000112408062)
(0.0150667651 -0.06692923431 0.0001510681953)
(0.006874897659 -0.0393495793 0.0001584538245)
(0.001348151833 -0.01326673334 0.0001632400844)
(0.009050115951 -0.02291774443 -0.05161610251)
(0.003263723981 -0.01330899851 -0.03317615021)
(0.000983099243 -0.004354740309 -0.01896961258)
(0.008667026735 -0.02278656636 0.0001829939829)
(0.003149216723 -0.01320766846 0.0001817875385)
(6.840818072e-05 -0.00439063875 0.0001785643165)
(0.01540551427 -0.06710086425 -0.05033676553)
(0.006975746628 -0.03948431891 -0.03223237251)
(0.002233638885 -0.01321899539 -0.01846578262)
(0.03422340708 -0.1027358518 -0.0001695781654)
(0.01840440667 -0.06141343494 -0.0001616869943)
(0.005338529876 -0.02101358642 -0.0001595788238)
(0.03467699984 -0.1031138206 0.04651366433)
(0.01859683716 -0.06168346091 0.02936445087)
(0.006158198271 -0.02091939559 0.01683658873)
(0.0150665539 -0.06692779914 -0.0001501574498)
(0.006874780671 -0.03934871222 -0.0001578571258)
(0.00134813522 -0.01326643176 -0.000162894131)
(0.009048970717 -0.02291585622 0.05161500192)
(0.003263257531 -0.01330779023 0.0331753573)
(0.0009829932132 -0.00435429706 0.01896914632)
(0.008666831174 -0.02278587931 -0.0001817911596)
(0.003149137983 -0.01320723071 -0.0001809986298)
(6.841265929e-05 -0.004390477765 -0.0001781054195)
(0.01540449853 -0.06709711757 0.05033589206)
(0.006975260035 -0.03948199789 0.03223173511)
(0.002233493876 -0.01321817411 0.01846542244)
(-0.006226021689 -0.01707010735 -0.02578700206)
(-0.003565507606 -0.009750557459 -0.01729113089)
(-0.0009360436874 -0.003267645795 -0.009807621036)
(0.2411090439 -0.1156419354 0.0365923562)
(0.1376689606 -0.06499286842 0.02352324865)
(0.04485862615 -0.0213146616 0.0134757388)
(0.225923129 -0.1482479626 0.02744286267)
(0.1295028699 -0.08502158554 0.01852051349)
(0.04235673293 -0.02798724451 0.01053821836)
(0.2410917899 -0.1156364961 -0.03659563022)
(0.1376572192 -0.06498827043 -0.02352442555)
(0.04485392233 -0.02131268238 -0.01347592109)
(0.2116574223 -0.08074613028 0.04141614004)
(0.1183771112 -0.0444611954 0.02788748997)
(0.0377390991 -0.01424337694 0.01592469321)
(0.2116483974 -0.0807423405 -0.04141453511)
(0.1183722892 -0.04445937783 -0.02788668125)
(0.03773762562 -0.01424292098 -0.01592451536)
(0.01906176234 0.00457186742 0.03304435681)
(0.008861887362 0.002658685372 0.0222854864)
(0.002372343905 0.000543353744 0.01267075215)
(0.009271378545 0.002086834047 0.03457508671)
(0.003892857411 0.001201774537 0.02185688767)
(0.0009910499335 7.295372515e-05 0.01247260372)
(0.009261693594 0.002081815471 -0.03457584058)
(0.003886640981 0.001198880583 -0.02185659582)
(0.0009888035242 7.19337466e-05 -0.0124719817)
(0.1304330644 -0.195800515 -0.01434396271)
(0.07543730496 -0.1141676634 -0.009649456269)
(0.02498023016 -0.0380172838 -0.005505127492)
(0.08661181808 -0.1725282589 -0.02828145755)
(0.04961245487 -0.102481217 -0.01820017007)
(0.01660494668 -0.03456862914 -0.01047537652)
(0.1304333999 -0.1958006603 0.01434367393)
(0.0754379068 -0.114168282 0.009649242506)
(0.02498063088 -0.03801770121 0.005505059623)
(0.08661084585 -0.1725222274 0.02828377314)
(0.04961107903 -0.1024766757 0.01820087848)
(0.0166042509 -0.03456659476 0.01047537625)
(-0.009060442075 -0.01450991776 0.02657984032)
(-0.005285078076 -0.008217393578 0.01797265266)
(-0.001539654436 -0.002804918842 0.01020087141)
(-0.008049938775 -0.01762112719 0.02794231868)
(-0.004622193317 -0.01002362811 0.01756035718)
(-0.001309537238 -0.003365634899 0.009998154187)
(-0.008053215052 -0.01762766457 -0.02794575404)
(-0.004624416909 -0.01002784834 -0.01756190015)
(-0.001310326772 -0.003367195985 -0.009998667983)
(0.05944201972 -0.149649355 -0.03566850964)
(0.03352814776 -0.08788073349 -0.02407987231)
(0.01108592753 -0.02935653969 -0.01375705883)
(0.05944167262 -0.1496467327 0.0356676299)
(0.03352829237 -0.08787979435 0.02407948776)
(0.01108612301 -0.02935642592 0.01375707754)
(0.2219757284 -0.1702708243 0.01855560833)
(0.1282427743 -0.09808391069 0.0118409511)
(0.04222559815 -0.03246264502 0.006777127604)
(0.1479113866 -0.1873362478 -0.005197924576)
(0.08568440142 -0.110329809 -0.003497270515)
(0.02846489426 -0.03693943555 -0.002059363333)
(0.2218349734 -0.1696256855 -0.0001125093926)
(0.1280508727 -0.0977903319 -9.597904027e-05)
(0.04232217518 -0.0321191249 -8.637275833e-05)
(0.1473288226 -0.1872246689 0.0001402010461)
(0.08534921794 -0.1101714536 9.081008764e-05)
(0.02827296763 -0.03690930073 6.294888431e-05)
(-0.005334856233 -0.004880605531 0.02971976757)
(-0.004018258907 -0.002947105234 0.02012266032)
(-0.001456579336 -0.001263182689 0.01142897819)
(-0.005463670117 -0.00465002534 -0.0001488546009)
(-0.004035992363 -0.002902689173 -0.0001413293667)
(-0.001751763691 -0.0008050792656 -0.0001267408366)
(-0.006473510854 -0.01701323418 -0.0001301881151)
(-0.003617593641 -0.009747987507 -0.0001211543689)
(-0.001376215834 -0.003113621534 -0.0001096678609)
(0.2410286902 -0.1151026671 -0.0001655119864)
(0.1375530816 -0.06479390946 -0.0001482781399)
(0.04506486046 -0.02069284445 -0.0001427086137)
(0.2260042094 -0.1483173991 -1.084300445e-05)
(0.129431069 -0.08505960838 -4.603906782e-05)
(0.04257565206 -0.02756448059 -6.669159155e-05)
(0.2410177655 -0.1150992098 0.0001658898985)
(0.1375451627 -0.06479095446 0.0001484409378)
(0.04506146382 -0.02069147314 0.0001427975263)
(0.2119435745 -0.08081351766 -3.685497845e-05)
(0.1184708595 -0.04456901298 -8.085804856e-05)
(0.03801217028 -0.01356715608 -0.0001071601806)
(0.2119405418 -0.08081235164 3.680839594e-05)
(0.1184697912 -0.04456867672 8.071401357e-05)
(0.03801205541 -0.01356723163 0.0001070530054)
(0.01915728307 0.0049335212 -0.0001695465598)
(0.008960112462 0.002764115511 -0.0001585077772)
(0.002210143612 0.001132224388 -0.000141510353)
(0.01915600666 0.004932969157 0.0001682661105)
(0.008959515024 0.002763849631 0.0001576109719)
(0.00220998736 0.001132136794 0.0001409977658)
(0.009344883747 0.002289940624 -9.995502948e-05)
(0.003974156436 0.001267234382 -0.0001063542303)
(0.0007790561105 0.0006213188684 -0.0001105238131)
(0.009341270418 0.002287976307 9.799927644e-05)
(0.003971853962 0.001266064679 0.0001051461063)
(0.0007782440679 0.0006208783504 0.0001098291011)
(-0.005467585095 -0.004652183682 0.0001458921314)
(-0.004038342168 -0.002904046174 0.0001392676265)
(-0.001752530844 -0.000805623188 0.0001255536787)
(0.0860346483 -0.1721877836 0.0001623191944)
(0.04931890193 -0.1021956805 0.0001355070891)
(0.01606199487 -0.03464929474 0.000120662654)
(0.1303383911 -0.1956181229 -3.206614532e-05)
(0.07535970748 -0.1139784771 -4.362288015e-05)
(0.02471724205 -0.03807098568 -4.529602379e-05)
(0.08603361699 -0.1721826321 -0.0001623632311)
(0.0493177971 -0.1021916181 -0.0001354133098)
(0.01606140912 -0.03464738457 -0.0001205785586)
(-0.00975107477 -0.01297374653 -0.02923614228)
(-0.005644592154 -0.007426194549 -0.01822018692)
(-0.001669537856 -0.002581745268 -0.01037485908)
(-0.009885585155 -0.01289561204 0.0001005870397)
(-0.005668537815 -0.007419220865 9.827398889e-05)
(-0.002053167157 -0.002291465347 9.942650853e-05)
(-0.009067610595 -0.01452298764 -0.02658226041)
(-0.005289373259 -0.008225157159 -0.01797443362)
(-0.001541187123 -0.002807598755 -0.0102020436)
(-0.00931558025 -0.01439723694 0.0001268972206)
(-0.005332792769 -0.008210642969 0.0001225858028)
(-0.001946422469 -0.002545537623 0.0001122702031)
(-0.009313094694 -0.01439347417 -0.0001240404454)
(-0.005331325973 -0.008208367675 -0.0001206469727)
(-0.001945868448 -0.002544794282 -0.0001111537706)
(-0.008207412897 -0.01757247227 -9.720123267e-05)
(-0.004649655081 -0.01002251827 -9.525487724e-05)
(-0.001731058924 -0.003171728352 -9.614989554e-05)
(-0.008208518947 -0.01757458722 9.838904345e-05)
(-0.004650322681 -0.01002380414 9.60386302e-05)
(-0.001731298068 -0.003172152199 9.659866158e-05)
(0.05926256467 -0.149519089 9.335973095e-05)
(0.0334802941 -0.08772690486 0.0001120354567)
(0.01045139837 -0.02950464898 0.0001165155029)
(0.05926292314 -0.1495185883 -9.374651123e-05)
(0.03348082137 -0.08772717639 -0.0001121564273)
(0.01045174159 -0.02950495299 -0.0001165495413)
(-0.006474420452 -0.01701553092 0.0001311389389)
(-0.00361816285 -0.009749475035 0.0001217871358)
(-0.001376441736 -0.003114166313 0.0001100302249)
)
;

boundaryField
{
    inlet
    {
        type            fixedValue;
        value           uniform (1 0 0);
    }
    outlet
    {
        type            zeroGradient;
    }
    topAndBottom
    {
        type            symmetry;
    }
    frontAndBack
    {
        type            empty;
    }
    cylinder
    {
        type            noSlip;
    }
    procBoundary0to1
    {
        type            processor;
        value           nonuniform List<vector> 
116
(
(1.086351178 -0.001665384419 -1.456481507e-22)
(1.087030992 -0.005019907973 -5.486298093e-23)
(1.088393401 -0.00844483506 0)
(1.09045333 -0.01199799841 -4.461296162e-23)
(1.093232242 -0.0157320074 -3.968552438e-23)
(1.096758915 -0.01970879886 -8.776027178e-23)
(1.101070438 -0.02399666929 0)
(1.106216019 -0.02867365024 6.375603274e-23)
(1.11225812 -0.0338284335 -2.080998252e-22)
(1.119270219 -0.03956363638 6.865596851e-23)
(1.127346421 -0.04599878253 0)
(1.136609201 -0.05326735653 0)
(1.14720994 -0.06152597794 -1.00626535e-22)
(1.159348041 -0.07094355108 1.005345201e-22)
(1.173280109 -0.08169281494 0)
(1.18936374 -0.09391183676 4.583896855e-22)
(1.208053339 -0.1078382427 -5.846574931e-22)
(1.229907201 -0.1232296168 4.381903083e-21)
(1.255749609 -0.1398610983 1.583102202e-06)
(1.284607025 -0.1591819394 2.447075333e-06)
(1.284607025 -0.1591819394 2.447075333e-06)
(1.284607025 -0.1591819394 2.447075333e-06)
(1.284607025 -0.1591819394 2.447075333e-06)
(1.284607025 -0.1591819394 2.447075333e-06)
(1.284607025 -0.1591819394 2.447075333e-06)
(1.293747066 -0.1563338735 0.02589999349)
(1.266248261 -0.1592952507 -0.0001236626189)
(1.267856812 -0.1614721851 0.0454578078)
(0.3096438794 -0.0307176039 0.05525040575)
(0.3097028776 -0.03069738556 -0.05525059413)
(-0.03465809754 -0.06241896522 5.105665582e-05)
(-0.03465809754 -0.06241896522 5.105665582e-05)
(-0.03456399244 -0.06240241014 0.0565167216)
(-0.02179520323 -0.07452881549 0.05611623421)
(-0.03456399244 -0.06240241014 0.0565167216)
(-0.02189652116 -0.07450537164 4.609824446e-06)
(-0.01244134264 -0.03390150389 0.04718650839)
(-0.01285964463 -0.03385805419 -0.0001093339186)
(-0.02842612513 -0.05460812303 7.526981665e-06)
(-0.02857973722 -0.05469613768 0.05577964237)
(-0.02208227816 -0.04704780188 0.05474416241)
(-0.0222881416 -0.04700616649 4.586905605e-05)
(-0.03466918653 -0.06243322655 -4.592498559e-05)
(-0.03466918653 -0.06243322655 -4.592498559e-05)
(-0.03459801013 -0.06245504264 -0.05652209934)
(-0.02188633293 -0.07455394215 -0.05612267371)
(-0.03459801013 -0.06245504264 -0.05652209934)
(-0.02192355267 -0.07451076622 -2.811943733e-06)
(-0.02843618863 -0.05461680867 -3.736255427e-06)
(-0.02860672239 -0.05472277095 -0.05578356867)
(-0.02208696935 -0.04706239496 -0.05474813945)
(-0.02229072503 -0.04701201251 -4.383929938e-05)
(-0.01244646032 -0.03391104221 -0.04718708255)
(-0.01286127539 -0.03386167836 0.0001111638136)
(0.5073225792 -0.04212246595 0.05415826878)
(1.096218845 -0.1282735165 -0.04926500419)
(0.5073975374 -0.04211261639 -0.05416223437)
(0.3097334924 -0.030755324 -1.759618556e-06)
(0.3097334924 -0.030755324 -1.759618556e-06)
(0.1630425047 -0.03841902275 3.230406106e-06)
(0.3096438794 -0.0307176039 0.05525040575)
(0.1629987699 -0.0383992868 0.05547880414)
(0.006992567268 -0.0638663927 0.05631296406)
(0.006952666329 -0.06386618248 2.377323399e-05)
(0.06490306185 -0.05010014148 7.521265969e-06)
(0.06484701966 -0.05013054291 0.05603628539)
(0.309753452 -0.03074955849 8.159736296e-06)
(0.309753452 -0.03074955849 8.159736296e-06)
(0.1630380349 -0.03841784052 -1.384038333e-06)
(0.3097028776 -0.03069738556 -0.05525059413)
(0.1629857061 -0.03839659605 -0.05548085738)
(0.006948006431 -0.0638686452 -0.05631119931)
(0.006939531813 -0.06386480657 -1.281400085e-05)
(0.06490622809 -0.05009043073 -4.217581371e-06)
(0.06486114103 -0.05009526952 -0.0560395801)
(1.207785113 -0.1475345758 0.0491307804)
(1.293734187 -0.1563171458 -0.0259025098)
(1.266249983 -0.1592802273 0.0001230632269)
(1.267865692 -0.1614394648 -0.04545573608)
(1.207791776 -0.1475246953 -0.04912919812)
(0.932631588 -0.09618977713 -9.220751964e-06)
(0.932631588 -0.09618977713 -9.220751964e-06)
(0.9327192895 -0.0961993727 0.05131834371)
(1.06526355 -0.1166729825 0.0491832617)
(1.207785113 -0.1475345758 0.0491307804)
(0.9327192895 -0.0961993727 0.05131834371)
(1.065112508 -0.1152015383 -7.151862986e-05)
(1.096122277 -0.1282472662 5.766066983e-05)
(1.206484094 -0.1472867703 -1.436712159e-05)
(0.5073809113 -0.04219587825 -1.18952335e-05)
(0.7264720282 -0.06553330687 -1.004399726e-05)
(0.7264795091 -0.06542528383 0.05293801393)
(0.932634277 -0.09619429341 1.089135244e-05)
(1.096122277 -0.1282472662 5.766066983e-05)
(0.9327265199 -0.09621687137 -0.05132001157)
(0.5074054319 -0.04219518803 1.429869192e-05)
(0.7264896472 -0.06554148647 1.027548413e-05)
(0.7265224567 -0.06544748194 -0.05294289462)
(1.267856812 -0.1614721851 0.0454578078)
(1.206484094 -0.1472867703 -1.436712159e-05)
(1.266248261 -0.1592952507 -0.0001236626189)
(1.206483357 -0.1472804442 1.65734468e-05)
(1.267865692 -0.1614394648 -0.04545573608)
(1.266249983 -0.1592802273 0.0001230632269)
(-0.004518994893 -0.01518539996 0.0270191942)
(-0.002479107778 -0.008778813923 0.01679019824)
(-0.000568541117 -0.002964521283 0.009553587381)
(-0.004520839368 -0.01519042511 -0.02701935317)
(-0.002480140109 -0.008782064347 -0.01679026088)
(-0.0005688845734 -0.002965721102 -0.009553627464)
(-0.004673140794 -0.01511183582 -0.0001043424949)
(-0.002503016059 -0.008741882856 -9.878933866e-05)
(-0.0009964460276 -0.002835418318 -9.623119423e-05)
(-0.004673674924 -0.01511366423 0.0001044754884)
(-0.00250333127 -0.008743035853 9.886277717e-05)
(-0.0009965499078 -0.002835829325 9.626975235e-05)
)
;
    }
    procBoundary0to2
    {
        type            processor;
        value           nonuniform List<vector> 
75
(
(0.9999553024 0.0001031476372 7.16075282e-25)
(0.9995748233 0.0003116688265 2.364680988e-23)
(0.9987681209 0.0005277611424 -1.441807326e-24)
(0.9974979095 0.0007581594569 -2.638425209e-23)
(0.9957502933 0.001010219656 -1.490686793e-23)
(0.9934848315 0.001292333323 5.934972153e-24)
(0.9906303799 0.001614820132 6.009216317e-24)
(0.9870923604 0.001990902019 -6.909084704e-24)
(0.982750107 0.002437931374 5.442666362e-23)
(0.9774454167 0.002979239958 -2.858027942e-23)
(0.9709669058 0.003647013602 -1.546383234e-23)
(0.9630297357 0.004486821721 -1.663852724e-23)
(0.9532435533 0.005564830311 -8.972302476e-23)
(0.9410689821 0.006980259396 7.18795131e-23)
(0.9257207654 0.008885206543 -6.359208433e-23)
(0.9061160687 0.01152778767 8.897647931e-23)
(0.8803625471 0.01531133507 -9.143122228e-22)
(0.8465638068 0.02107128514 1.935099291e-21)
(0.7972212712 0.02987133446 -4.250871471e-07)
(0.7466125839 0.02422009816 -0.02883747644)
(0.6170054844 0.01686269604 -0.06059751767)
(0.491017333 0.02900036902 -0.07728894912)
(0.1664821902 0.05792953374 -0.09746732878)
(0.1664841394 0.05792752586 0.09746519086)
(0.2695870164 0.05042739611 -0.09275102253)
(0.4910171208 0.02899321038 0.07728818351)
(0.269597148 0.05042890324 0.09274884915)
(0.1670984057 0.05769825707 -0.0001876057768)
(0.04410669184 0.05363229221 -0.09756985682)
(0.04380945091 0.05338973067 6.760044161e-05)
(0.1670992848 0.05769737766 0.0001905930133)
(0.04410314418 0.05363000085 0.09756833751)
(0.04380878999 0.05338895678 -6.529390007e-05)
(0.5407708113 0.02455788314 -0.07257004148)
(0.6170006717 0.01685229727 0.06059864464)
(0.5407847921 0.02454884983 0.07256873461)
(0.4308042251 0.03460773833 -0.08232439666)
(0.49481388 0.02888800021 -0.0003152734213)
(0.4326493187 0.03450466886 -0.0001677301109)
(0.2698862766 0.05030418944 -8.864300726e-05)
(0.3580463641 0.04173068287 -0.08758469563)
(0.3590099965 0.0416245538 -0.0001031250766)
(0.4948142422 0.02888615537 0.0003174209272)
(0.4308008426 0.03460579218 0.08232341243)
(0.4326488128 0.03450398764 0.0001684570237)
(0.2698899664 0.05030427502 9.071130341e-05)
(0.3580515151 0.04173178896 0.08758314086)
(0.359012114 0.04162465822 0.0001043901835)
(0.6986429863 0.02692435974 -0.03152457144)
(0.7466187595 0.02422270951 0.02883736114)
(0.6986441285 0.02692967393 0.03152450861)
(0.6111425489 0.01822784378 -0.0643497007)
(0.7009505628 0.01990703171 -0.000617222059)
(0.6406662036 0.01909074045 -0.002881433289)
(0.5482360556 0.02444293933 -0.0007094251184)
(0.5819170143 0.02100206111 -0.06825548114)
(0.5948797449 0.02102677127 -0.001755952239)
(0.7009505255 0.01990563192 0.0006182971986)
(0.6111400461 0.01822168409 0.06434932343)
(0.6406661867 0.0190893509 0.00288165885)
(0.5482407732 0.02444045338 0.0007118436527)
(0.5819244948 0.0209951446 0.06825471676)
(0.5948823308 0.02102508911 0.001756507602)
(0.009046181072 0.02289184915 -0.05161685823)
(0.003261440712 0.0132937007 -0.03317663166)
(0.0009823540601 0.004349613528 -0.0189698469)
(0.008663094588 0.02276088849 0.0001830132642)
(0.0031469458 0.01319252206 0.0001818020085)
(6.765207285e-05 0.00438551002 0.0001785737803)
(0.009045062015 0.02289033561 0.05161571609)
(0.003260994184 0.01329272947 0.03317580928)
(0.0009822541774 0.004349256061 0.01896936319)
(0.008662906954 0.0227603587 -0.0001817946336)
(0.003146873692 0.01319218383 -0.0001810021288)
(6.765955031e-05 0.004385385065 -0.0001781083564)
)
;
    }
}


// ************************************************************************* //
