/*--------------------------------*- C++ -*----------------------------------*\
| =========                 |                                                 |
| \\      /  F ield         | OpenFOAM: The Open Source CFD Toolbox           |
|  \\    /   O peration     | Version:                                        |
|   \\  /    A nd           | Website:  www.openfoam.com                      |
|    \\/     M anipulation  |                                                 |
\*---------------------------------------------------------------------------*/
FoamFile
{
    version     2.0;
    format      ascii;
    class       volVectorField;
    location    "10";
    object      U;
}
// * * * * * * * * * * * * * * * * * * * * * * * * * * * * * * * * * * * * * //

dimensions      [0 1 -1 0 0 0 0];


internalField   nonuniform List<vector> 
2403
(
(-0.05243174506 0.01325714936 0.05276197904)
(-0.1503841176 0.01157138036 0.0538841306)
(-0.2349789008 0.01486465063 0.03133502387)
(-0.2840936161 0.0275286064 4.357540041e-07)
(-0.3246167756 0.0207363258 -2.89358232e-21)
(-0.3523929793 0.01373982402 1.459782038e-21)
(-0.3657931602 0.004531601641 1.23426722e-21)
(-0.361194378 -0.005877328464 -1.242506645e-21)
(-0.3385039585 -0.0165208986 -1.19463292e-21)
(-0.2979464836 -0.02643199911 5.429755901e-22)
(-0.2416690411 -0.03447394792 5.110817863e-22)
(-0.1730842328 -0.04040419436 0)
(-0.09608792257 -0.04405470398 2.845464178e-22)
(-0.01445403237 -0.04549804717 -2.17088676e-22)
(0.06827249554 -0.04520280329 3.228384722e-23)
(0.1492183935 -0.0435307821 -3.364785396e-23)
(0.2264437031 -0.04097714108 1.421320494e-24)
(0.2985525811 -0.03794342938 1.128318715e-23)
(0.3648520933 -0.0347384154 -1.390523716e-23)
(0.4251558624 -0.03156224007 8.825907819e-24)
(0.4796179871 -0.02854006237 0)
(0.5285988041 -0.02574234141 0)
(0.5725662006 -0.02320118659 -9.833843423e-24)
(0.6120290248 -0.02092361788 9.888482792e-24)
(0.6474961613 -0.01890208362 -4.961609986e-24)
(0.679450634 -0.01711944664 -4.343145413e-24)
(0.7083373629 -0.01555432772 7.405031825e-24)
(0.7345568065 -0.01418370927 -3.675674407e-24)
(0.7584624353 -0.01298433769 0)
(0.7803610198 -0.01193339894 2.988414393e-24)
(0.8005140138 -0.01100916253 -4.838269556e-25)
(0.8191403929 -0.01019149977 -8.411382392e-25)
(0.8364205883 -0.009462309069 2.634867508e-26)
(0.8525011735 -0.008805673322 1.013919615e-24)
(0.8674995051 -0.008207817538 0)
(0.8815096788 -0.007657685827 1.905755475e-28)
(0.8945992733 -0.007143044698 -1.067860789e-23)
(0.9068241409 -0.006658190145 1.068379157e-23)
(0.9182300571 -0.006195183418 0)
(0.9288522821 -0.005747073926 -7.72092456e-24)
(0.9387095619 -0.005307195963 7.720679395e-24)
(0.9478090854 -0.004869145294 -9.348342968e-24)
(0.9561474394 -0.004426931419 1.162611766e-23)
(0.9637116058 -0.003975589374 -7.793922859e-24)
(0.9704811752 -0.003512271008 9.136296501e-24)
(0.9764327505 -0.003037606429 -4.286000379e-24)
(0.9815468639 -0.00255695851 -5.057741158e-24)
(0.9858169019 -0.002081023973 1.787662406e-24)
(0.9892585204 -0.001625245883 -1.272776733e-24)
(0.9919171625 -0.001207775457 2.386520686e-24)
(0.9938710643 -0.0008462213301 -8.555607418e-26)
(0.9952279211 -0.0005539708483 8.532575001e-25)
(0.9961151151 -0.0003371803211 -8.53509931e-25)
(0.9966654612 -0.0001934204408 8.522419857e-29)
(0.9970019463 -0.0001124284379 -6.063766984e-25)
(0.9972252476 -7.868509599e-05 -6.544692355e-29)
(0.997406774 -7.493597193e-05 4.655668556e-25)
(0.9975881109 -8.553576394e-05 3.623698238e-25)
(0.9977858114 -9.875872927e-05 -7.699079399e-25)
(0.9979992278 -0.0001076567964 -3.103308719e-25)
(0.9982188264 -0.0001096165851 -2.697960463e-25)
(0.9984329909 -0.0001051041847 -2.875698029e-29)
(0.9986323218 -9.618081826e-05 9.40757396e-26)
(0.9988114239 -8.524920533e-05 -3.46172043e-25)
(0.9989688076 -7.426426755e-05 8.006741961e-26)
(0.9991058077 -6.442157978e-05 -1.494893472e-29)
(0.9992251422 -5.619631879e-05 0)
(0.9993301606 -4.956563375e-05 -1.737435375e-26)
(0.9994227882 -4.427405533e-05 1.737778326e-26)
(0.9995086111 -3.99350658e-05 0)
(0.9995752668 -3.66490181e-05 2.139659288e-26)
(0.9996742694 -3.22384242e-05 1.193831906e-26)
(-0.04780353371 0.08987809226 0.05398710776)
(-0.0871897718 0.0864796316 0.05486188676)
(-0.104293172 0.06879756917 0.03227456171)
(-0.06704365479 0.05804061895 -3.437687176e-06)
(-0.08533854287 0.04413883282 -1.501037172e-21)
(-0.08759209044 0.02631911496 7.647028636e-22)
(-0.08311892285 0.003897955631 1.869282428e-22)
(-0.06644587577 -0.02262624988 -1.79097219e-22)
(-0.0370430682 -0.05006605827 -1.687891083e-22)
(0.005250288412 -0.07547402342 -4.186002826e-24)
(0.05876595922 -0.09641520984 0)
(0.1198447201 -0.1116270776 -2.349319947e-22)
(0.1854272028 -0.1207811714 2.952707336e-23)
(0.2526250386 -0.1241828776 3.832677016e-22)
(0.3190510768 -0.1228106502 -1.487562646e-22)
(0.3828134296 -0.1178384697 1.465568414e-23)
(0.4425803984 -0.1105228894 0)
(0.4975638287 -0.1019418513 -4.637044663e-24)
(0.5474381929 -0.09290959916 6.677242066e-23)
(0.5922554494 -0.0839938716 -4.072104406e-23)
(0.6322805103 -0.07555242294 -4.274949054e-23)
(0.6678996498 -0.06778317963 1.86435002e-23)
(0.6995539842 -0.06077246791 -1.014030513e-23)
(0.727693725 -0.05453417112 5.149775532e-24)
(0.7527595595 -0.0490395638 0)
(0.7751456026 -0.04423296045 -7.753340427e-24)
(0.7952295612 -0.04005121558 1.135517073e-23)
(0.8133411711 -0.03642431187 -3.131771343e-24)
(0.8297685918 -0.03328145892 -2.864514629e-24)
(0.8447590979 -0.03055399864 -2.826061137e-24)
(0.8585201264 -0.02817724975 -2.371017399e-24)
(0.8712218559 -0.02609173593 1.156747732e-24)
(0.8830013395 -0.02424456564 -2.991802449e-24)
(0.8939670846 -0.02258967402 0)
(0.9042038836 -0.02108820512 3.955152544e-24)
(0.9137785729 -0.01970782281 -1.734685892e-24)
(0.9227326062 -0.01842054527 -1.424863994e-24)
(0.9311107843 -0.01720651442 0)
(0.9389453801 -0.01604559931 0)
(0.9462595625 -0.01492019637 0)
(0.9530665191 -0.01381408909 0)
(0.9593726186 -0.01271179336 6.249692777e-24)
(0.9651789059 -0.0115987857 0)
(0.9704819582 -0.01046282343 -4.957172019e-24)
(0.9752749074 -0.009296357506 0)
(0.9795491624 -0.008099748748 0)
(0.9832971249 -0.006884482556 1.295883439e-25)
(0.9865159913 -0.005675077057 4.574093853e-24)
(0.9892123187 -0.004508261848 -1.421276361e-24)
(0.9914064464 -0.003428571774 0)
(0.9931354267 -0.002480704738 -1.031653152e-24)
(0.99445316 -0.001700397348 -4.195066387e-25)
(0.9954270892 -0.001106502244 4.195223187e-25)
(0.9961318647 -0.000696852701 6.746387026e-25)
(0.9966414158 -0.0004492905749 1.623620255e-26)
(0.9970213939 -0.0003274218529 2.476554823e-25)
(0.9973237676 -0.0002890739945 -4.974451977e-25)
(0.9975845576 -0.0002947354541 1.914067181e-25)
(0.9978246972 -0.0003136914817 -3.47606734e-25)
(0.9980531747 -0.0003266983391 7.825904842e-27)
(0.9982712005 -0.0003253769596 2.702631637e-25)
(0.9984762158 -0.0003094235457 2.281666031e-25)
(0.998664942 -0.0002830457592 0)
(0.9988351658 -0.00025179887 1.328255525e-25)
(0.9989863633 -0.0002204735172 3.94221799e-26)
(0.9991195581 -0.000192148435 0)
(0.9992366746 -0.0001681573081 1.079557649e-25)
(0.9993402898 -0.0001485379697 -1.959029003e-26)
(0.999431823 -0.0001326972634 8.552558836e-27)
(0.9995165479 -0.0001196221598 -4.008245743e-26)
(0.9995822628 -0.0001096989938 -2.24511659e-26)
(0.9996796663 -9.643567274e-05 -1.088906157e-26)
(0.03139084824 0.0761572329 0.05483938553)
(0.07905761145 0.08829832805 0.05566440944)
(0.2267864443 0.07235322924 -2.053042186e-07)
(0.2408348705 0.05741274342 2.000618413e-06)
(0.2578489596 0.03943594455 5.883317246e-21)
(0.2814362275 0.01610297183 -2.265169133e-21)
(0.3088632932 -0.01411533143 -7.549591155e-22)
(0.3406243544 -0.04983604307 -7.435059274e-22)
(0.3766531672 -0.08681478152 1.67567373e-22)
(0.4162765463 -0.1204905681 -2.526157494e-22)
(0.4585914381 -0.1477016947 6.689070992e-22)
(0.5023237313 -0.1668353685 -9.705738046e-23)
(0.5460143995 -0.1774711764 0)
(0.5884202539 -0.1802543451 0)
(0.6286505798 -0.1765790975 -1.343433044e-22)
(0.6661210525 -0.1681722854 1.875682105e-23)
(0.7004930979 -0.1567503536 4.593427422e-23)
(0.7316297741 -0.1437732245 2.496595046e-25)
(0.7595629835 -0.1303489656 0)
(0.7844463854 -0.1172432073 7.108174331e-24)
(0.806503434 -0.1049314012 6.663563616e-23)
(0.8259888314 -0.09366815871 -5.855749544e-23)
(0.8431645019 -0.0835555174 -8.471407582e-24)
(0.8582863892 -0.0745991027 7.752478633e-25)
(0.8715990397 -0.06674752722 5.631649687e-23)
(0.8833351765 -0.05992033332 -6.365137632e-23)
(0.8937092505 -0.05402105474 0)
(0.9029289815 -0.04894492325 4.291820881e-25)
(0.9111813023 -0.04458505177 5.356331513e-24)
(0.91862974 -0.04083619067 0)
(0.9254116254 -0.03759822119 2.370464574e-24)
(0.9316362318 -0.03477929723 0)
(0.9373889809 -0.03229852946 1.511847456e-24)
(0.9427278577 -0.03008659412 0)
(0.9477012405 -0.02808718444 9.377845149e-24)
(0.9523390073 -0.02625375203 -1.16140221e-23)
(0.9566668919 -0.0245503839 -5.909400857e-24)
(0.9607057085 -0.02294618913 1.186351176e-24)
(0.9644762157 -0.02141392269 4.821770775e-24)
(0.9679921075 -0.01993065408 -1.830930296e-24)
(0.9712631193 -0.01847601211 8.902390665e-26)
(0.974297127 -0.01703154976 -1.548661932e-25)
(0.9771019044 -0.01558096702 -1.19697127e-24)
(0.9796864302 -0.01411111482 -7.240523814e-25)
(0.9820615895 -0.01261392292 2.767763725e-25)
(0.9842398972 -0.01108929112 1.558851702e-24)
(0.986234131 -0.009548404177 -1.355763677e-24)
(0.9880552944 -0.008016214773 0)
(0.9897107581 -0.006531458955 0)
(0.9912034749 -0.005142924145 -1.079288929e-24)
(0.9925328063 -0.003901866443 -1.0643189e-24)
(0.9936968715 -0.002852084544 -7.196479034e-25)
(0.9946957001 -0.002020454461 8.859310264e-26)
(0.9955341197 -0.001410972364 -1.407995334e-24)
(0.9962233793 -0.001004296012 9.47805826e-26)
(0.9967809777 -0.0007628463582 -1.280090174e-25)
(0.9972288062 -0.0006396227448 5.97986771e-26)
(0.9975902659 -0.0005878439945 3.579851078e-25)
(0.9978872805 -0.0005686687938 7.036405133e-25)
(0.9981380274 -0.0005553723364 2.858392296e-25)
(0.9983558482 -0.0005337714745 2.850119492e-25)
(0.9985493555 -0.0004998422967 -2.433786807e-25)
(0.9987233995 -0.0004559994376 0)
(0.9988804024 -0.0004074150189 0)
(0.9990216031 -0.0003592736786 -1.322960046e-25)
(0.999147967 -0.0003152778277 -4.007433757e-27)
(0.9992605623 -0.0002772633792 -9.694086969e-26)
(0.9993609962 -0.0002454981026 -1.034262439e-27)
(0.9994499898 -0.0002193949491 -5.440129559e-26)
(0.9995323065 -0.0001976314455 4.00866659e-26)
(0.9995960594 -0.000181057191 6.243844623e-29)
(0.9996902806 -0.000159038955 -6.251464672e-29)
(0.4654557041 0.04570583421 0.0526805195)
(0.5439406188 0.04317916022 0.03074308478)
(0.6845526317 0.02674339605 1.132338914e-06)
(0.6822018871 0.01356524389 0)
(0.6895950911 -0.003731236961 -1.163916106e-20)
(0.7081855011 -0.02758981646 5.963262454e-21)
(0.7313886725 -0.05746697555 1.471711024e-21)
(0.7580415761 -0.0913085836 2.665031277e-21)
(0.7845506352 -0.1256178868 1.218320591e-21)
(0.8088948896 -0.1567230688 -2.438328427e-21)
(0.8298732649 -0.1814852776 -3.146762427e-23)
(0.8474774213 -0.1981376701 3.419656829e-22)
(0.8621377201 -0.2062423242 -7.38492146e-23)
(0.8744570718 -0.206508981 0)
(0.8850498491 -0.2003961136 1.543094231e-22)
(0.8944332202 -0.1896773924 -1.690066745e-22)
(0.9029768034 -0.176089442 7.663767337e-23)
(0.9109067698 -0.1611045312 -2.484980388e-25)
(0.91834083 -0.1458367744 -3.211226689e-25)
(0.925325925 -0.1310475104 0)
(0.9318659378 -0.1172011024 -3.196697834e-24)
(0.9379413369 -0.104538588 0)
(0.9435238458 -0.09314982456 -4.584807112e-23)
(0.948587737 -0.08303275144 7.219057525e-23)
(0.9531191435 -0.07413509257 -2.30089642e-23)
(0.957123193 -0.06637959173 1.908889236e-23)
(0.9606285207 -0.05967364913 -2.14939604e-23)
(0.9636868015 -0.05391501631 -1.624965989e-23)
(0.9663658151 -0.04899270247 1.542923294e-23)
(0.9687391784 -0.04478907281 1.61893593e-23)
(0.9708753663 -0.04118498928 -2.210880224e-24)
(0.9728289693 -0.03806688152 -1.259862597e-24)
(0.9746369965 -0.0353330731 -1.316721832e-23)
(0.9763199411 -0.03289892125 0)
(0.9778855879 -0.0306974056 6.584851427e-24)
(0.9793361107 -0.02867746304 -5.151151766e-24)
(0.9806706124 -0.026800411 5.632641302e-25)
(0.9818955166 -0.02503312087 0)
(0.9830175188 -0.02334777237 -3.85624962e-24)
(0.9840438286 -0.0217207683 3.493575682e-24)
(0.9849821496 -0.02013130184 -3.922414444e-25)
(0.9858411595 -0.0185617091 -5.014689618e-24)
(0.9866316573 -0.01699822994 -7.138013258e-26)
(0.9873680416 -0.0154316695 1.991831183e-24)
(0.9880693802 -0.01385805997 4.803388916e-25)
(0.9887590743 -0.01227966933 -2.002713679e-24)
(0.9894624242 -0.01070646069 2.83619338e-24)
(0.9902021852 -0.009157543812 1.614183659e-24)
(0.9909931409 -0.007661607 -1.576902501e-25)
(0.9918373953 -0.006255178699 2.078756355e-24)
(0.9927221668 -0.004978108877 8.954026345e-25)
(0.9936212149 -0.003866779408 8.886760539e-25)
(0.9944998348 -0.002946736934 0)
(0.9953220943 -0.002227038881 4.219260161e-26)
(0.9960581893 -0.001698218978 4.088512778e-27)
(0.9966898078 -0.001334546571 -4.043182293e-25)
(0.997212181 -0.001099759398 -5.312014408e-26)
(0.9976326947 -0.00095437644 -3.560986061e-25)
(0.9979670236 -0.0008624456239 -6.454580849e-25)
(0.9982343297 -0.0007961250179 0)
(0.9984530082 -0.000737457226 -2.453314974e-25)
(0.9986379321 -0.0006776375292 -7.169126588e-27)
(0.9987994362 -0.0006146763276 -1.770651984e-25)
(0.9989437028 -0.0005505179846 0)
(0.999073913 -0.0004884845957 2.644976753e-25)
(0.9991915746 -0.0004315332517 -1.573048342e-27)
(0.999297485 -0.0003814341934 8.900912443e-26)
(0.999392664 -0.0003386643741 -6.929349865e-26)
(0.9994773294 -0.0003028669028 5.543629494e-26)
(0.9995557046 -0.0002726794777 3.594799045e-26)
(0.99961638 -0.0002495810602 2.262715763e-28)
(0.9997058787 -0.0002190480428 0)
(1.184196071 0.1286137955 0.0275268879)
(1.188284435 0.09969535611 7.013989676e-08)
(1.160781072 0.07108687742 6.975120645e-08)
(1.140956237 0.04093760076 -1.364798029e-21)
(1.130107977 0.009298028004 0)
(1.124704959 -0.02486315044 2.790577993e-21)
(1.12110772 -0.06097176191 5.110342067e-21)
(1.118473902 -0.09720190739 -3.002175106e-21)
(1.113964047 -0.1312390356 -2.402368512e-21)
(1.106883719 -0.1603805064 3.44103278e-21)
(1.096856736 -0.1825534316 -1.800254551e-21)
(1.084470534 -0.19673177 -8.143189393e-23)
(1.070736262 -0.2029848717 -4.020305588e-23)
(1.056757289 -0.2022330763 3.09902783e-22)
(1.043513609 -0.1958962382 0)
(1.031703061 -0.1855643893 0)
(1.021708314 -0.1727429098 -7.283402541e-24)
(1.013639872 -0.1586920105 0)
(1.007411838 -0.1443636968 6.002968252e-24)
(1.002816581 -0.1304120263 3.36558821e-24)
(0.999585444 -0.1172420785 -5.861938373e-24)
(0.9974323317 -0.1050721891 0)
(0.9960820953 -0.09399489696 2.999681473e-23)
(0.9952879105 -0.08402804324 2.083399348e-24)
(0.9948421158 -0.07515118264 -3.043782398e-23)
(0.9945831834 -0.06732598076 2.401999557e-24)
(0.9943991872 -0.06050223664 -1.571220068e-23)
(0.9942264977 -0.05461576367 -1.083986633e-25)
(0.9940423531 -0.0495834645 1.875441365e-24)
(0.9938520953 -0.04530187034 1.414564942e-23)
(0.9936740237 -0.04165230025 -1.14179148e-23)
(0.9935257336 -0.03851161404 1.296495996e-23)
(0.9934153666 -0.03576472835 1.048838801e-23)
(0.9933390628 -0.03331491958 -1.048882697e-23)
(0.993283828 -0.03108779781 0)
(0.9932336027 -0.02903101987 1.491780476e-24)
(0.9931717897 -0.02710902475 3.145777309e-24)
(0.9930908649 -0.02529438348 0)
(0.9929882438 -0.02356382282 2.952742753e-24)
(0.9928663989 -0.02189700029 -3.791628596e-24)
(0.9927312549 -0.0202753213 6.909995752e-25)
(0.9925911673 -0.01868329676 1.959989695e-24)
(0.9924567569 -0.01711024644 2.831982271e-24)
(0.9923415148 -0.0155513158 2.27464045e-25)
(0.9922626142 -0.0140074935 -2.274728587e-25)
(0.9922410113 -0.01248494077 0)
(0.9922999676 -0.01099420266 -1.441049011e-24)
(0.9924616317 -0.009549712147 -1.13463502e-24)
(0.9927421388 -0.008169542099 -2.706033441e-25)
(0.9931465158 -0.006874891119 -8.722429513e-25)
(0.9936651338 -0.005688637547 0)
(0.9942732359 -0.004632626831 0)
(0.9949341608 -0.003724031236 0)
(0.9956056162 -0.002971760668 6.020598676e-25)
(0.9962472667 -0.002374126246 4.9942379e-25)
(0.996827466 -0.001918623853 4.685207227e-25)
(0.9973273563 -0.001583985446 2.62370843e-26)
(0.9977415618 -0.001343894204 3.278107487e-25)
(0.9980758597 -0.001171293561 3.125097414e-25)
(0.9983430466 -0.001042177883 0)
(0.9985584858 -0.0009380678535 0)
(0.9987365408 -0.0008468691875 0)
(0.9988885045 -0.0007622951074 1.820119833e-25)
(0.9990220234 -0.0006823589454 -4.947658989e-27)
(0.9991415851 -0.000607553634 -1.281900367e-25)
(0.9992495333 -0.0005392427508 0)
(0.9993470069 -0.0004785840021 -8.62549367e-26)
(0.9994349866 -0.000426009149 1.310265164e-25)
(0.9995135362 -0.0003813595157 2.495064582e-28)
(0.9995864172 -0.000343321132 -3.550851358e-26)
(0.9996428907 -0.0003140660769 0)
(0.9997261821 -0.0002754785094 0)
(1.281760851 0.1629467323 -2.058169109e-07)
(1.293641801 0.1350255601 1.684295447e-07)
(1.299722095 0.1067818925 1.15965829e-07)
(1.300002893 0.07707874935 -1.064029073e-21)
(1.297973664 0.04600821481 1.040459788e-21)
(1.294894442 0.01349843752 0)
(1.289850525 -0.02006616063 -4.605031273e-21)
(1.281534145 -0.05379846143 1.472883087e-22)
(1.269077415 -0.08637268079 4.137772502e-21)
(1.252040317 -0.116250669 -1.884906049e-21)
(1.231284784 -0.1414653856 -1.925921639e-21)
(1.207435042 -0.1607506592 8.343826108e-22)
(1.181850286 -0.1733514608 -4.343014535e-22)
(1.156013426 -0.1794549884 4.695970545e-22)
(1.131205294 -0.1798069946 -5.472367089e-23)
(1.108437169 -0.1755101014 0)
(1.088317315 -0.1677815622 -1.050700675e-22)
(1.071102561 -0.1577758709 9.345974796e-23)
(1.05678026 -0.1464801165 0)
(1.045148691 -0.1346665525 0)
(1.035893531 -0.1228914798 -3.131467843e-24)
(1.028650257 -0.1115233976 -1.945275566e-24)
(1.023048274 -0.1007850364 1.222671634e-24)
(1.018738366 -0.09079837516 3.648316439e-25)
(1.015408331 -0.08162506597 6.868979262e-25)
(1.012791861 -0.07329659873 1.933017849e-23)
(1.010673815 -0.06583071209 -2.202560746e-23)
(1.008892581 -0.05923380527 -5.558440914e-25)
(1.007338621 -0.05349346739 -1.076544606e-23)
(1.005947995 -0.04856826204 1.102618161e-23)
(1.004691011 -0.04438228925 -1.076587691e-23)
(1.003558159 -0.0408292667 1.082848494e-24)
(1.002546607 -0.03778588096 9.255806494e-24)
(1.001650442 -0.03512969366 0)
(1.000856393 -0.03275519871 0)
(1.000144625 -0.03058284119 0)
(0.9994930983 -0.0285597358 -2.868602471e-25)
(0.9988815677 -0.02665469854 0)
(0.9982958086 -0.02484774581 2.669796741e-24)
(0.9977292033 -0.02312227356 -5.405835231e-24)
(0.9971812679 -0.02146330299 0)
(0.9966563638 -0.01985605182 0)
(0.9961620633 -0.01828757352 -4.863942267e-25)
(0.995707916 -0.01674924268 4.864175023e-25)
(0.995304848 -0.01523843867 0)
(0.9949650547 -0.01375868922 -3.561637347e-25)
(0.9947019361 -0.01231837272 3.700308868e-26)
(0.9945295168 -0.01092865595 1.76566057e-25)
(0.994460925 -0.009601523872 1.426259271e-25)
(0.9945058748 -0.008348532365 -8.909728899e-25)
(0.9946676182 -0.007180421289 0)
(0.9949402979 -0.00610722312 0)
(0.9953077699 -0.005138255433 7.86236812e-26)
(0.9957446488 -0.004281512894 -1.480665191e-25)
(0.9962196138 -0.003542384536 6.94424738e-26)
(0.996700209 -0.002922075455 0)
(0.9971578297 -0.002416368144 -4.745405738e-26)
(0.9975715527 -0.002015306536 4.745402402e-26)
(0.9979299248 -0.001704072181 -3.09540339e-25)
(0.9982305485 -0.00146490189 -2.289883341e-27)
(0.9984779713 -0.001279546065 -1.59758586e-26)
(0.9986807688 -0.001131611974 -1.210759497e-26)
(0.9988487264 -0.001008217277 1.210757845e-26)
(0.998990754 -0.0009006451499 -8.995621481e-27)
(0.9991137847 -0.0008040286852 1.282617961e-26)
(0.9992225522 -0.0007163692555 -3.830563565e-27)
(0.9993199765 -0.0006373157301 0)
(0.9994077048 -0.0005671018314 2.149447327e-27)
(0.9994869637 -0.0005058147046 -6.597842568e-26)
(0.9995579112 -0.0004532966591 6.06057314e-28)
(0.9996239307 -0.0004082126617 -6.060569375e-28)
(0.9996751751 -0.000373377275 5.032361261e-29)
(0.99975087 -0.0003274087827 -5.038489814e-29)
(1.253723608 0.1438959863 1.022338866e-06)
(1.269092493 0.1189263623 -5.419225431e-21)
(1.281597333 0.09306170293 3.689373118e-21)
(1.290750517 0.06733593437 -1.416361761e-22)
(1.296750447 0.0411967262 2.855870755e-21)
(1.299176999 0.01399941627 2.032514749e-21)
(1.297351195 -0.01429296749 -1.019559613e-21)
(1.290763719 -0.04291762729 -2.415096078e-21)
(1.279211315 -0.07060255173 -9.581754213e-23)
(1.263063529 -0.09591988861 1.890934946e-21)
(1.243031095 -0.1175453872 0)
(1.220063298 -0.1345642728 0)
(1.195512016 -0.1463528745 -1.12819367e-21)
(1.170626308 -0.153044931 1.131493714e-21)
(1.146566861 -0.1550583009 8.367039571e-22)
(1.124251125 -0.153135729 0)
(1.104255996 -0.1481843881 0)
(1.08682924 -0.1410748799 2.469559494e-23)
(1.071989917 -0.1325711724 -9.805440815e-24)
(1.059597473 -0.1233013007 0)
(1.049410937 -0.1137458831 6.371397767e-25)
(1.041137557 -0.1042467791 7.228816941e-25)
(1.034469124 -0.09503195274 0)
(1.029106598 -0.08624839281 -3.647620104e-25)
(1.024775593 -0.07799481325 -6.86770358e-25)
(1.021236016 -0.07034711287 0)
(1.018288158 -0.06337152785 1.335613465e-23)
(1.015775829 -0.05712379658 -1.832794704e-23)
(1.013586007 -0.05163759722 7.413203441e-24)
(1.01164431 -0.04690989443 0)
(1.009906588 -0.04289202172 -6.853911561e-24)
(1.008348216 -0.0394925313 6.876133673e-24)
(1.006953544 -0.03659215394 6.329987846e-24)
(1.005707858 -0.03406559681 -6.936686411e-24)
(1.004593273 -0.03180225779 1.660659941e-25)
(1.00358848 -0.02971919296 -7.892824623e-26)
(1.002671289 -0.02776369086 -1.954024814e-25)
(1.001821869 -0.02590818448 1.236833193e-24)
(1.001025259 -0.02413912249 -3.334625069e-24)
(1.000273166 -0.02244690748 1.880764462e-24)
(0.999563111 -0.02082221798 0)
(0.9988977372 -0.01925458679 1.651705363e-24)
(0.9982831031 -0.01773370001 -4.04809422e-25)
(0.9977270995 -0.01625222504 1.790056146e-24)
(0.9972381431 -0.01480796472 0)
(0.9968242576 -0.01340439486 -1.145057197e-24)
(0.9964925047 -0.01204951554 0)
(0.9962486229 -0.01075360554 -2.436945728e-25)
(0.996096657 -0.009526787376 2.552047368e-26)
(0.996038376 -0.008377250829 3.572956251e-25)
(0.996072408 -0.007310606247 -6.718705132e-25)
(0.9961932617 -0.006330310702 7.713995803e-26)
(0.9963906184 -0.005438655632 -8.70423077e-27)
(0.9966493455 -0.004637619328 -6.843790971e-26)
(0.9969505175 -0.003929039257 4.189890995e-25)
(0.9972733908 -0.003313956144 4.729192257e-26)
(0.9975979148 -0.002791422423 -4.729213602e-26)
(0.9979071545 -0.002357348902 0)
(0.9981890174 -0.002003968784 0)
(0.9984369244 -0.001720243816 0)
(0.9986493971 -0.00149315185 0)
(0.9988288362 -0.001309454729 0)
(0.9989799286 -0.001157390887 -9.2509242e-27)
(0.9991081248 -0.001027815724 9.250922509e-27)
(0.9992185013 -0.0009145632348 0)
(0.999315132 -0.0008140977111 0)
(0.99940095 -0.0007247328184 0)
(0.9994778561 -0.0006457735322 0)
(0.9995472685 -0.0005767867303 0)
(0.9996094924 -0.0005174224186 5.368474312e-28)
(0.9996675501 -0.0004662083581 -5.368472785e-28)
(0.9997126955 -0.0004264898289 0)
(0.999779543 -0.0003739781089 0)
(1.228596637 0.127155923 -8.958017637e-22)
(1.242862955 0.105291026 0)
(1.254135649 0.08290055992 -1.678341965e-21)
(1.26271506 0.06030523201 -1.518028828e-22)
(1.268482853 0.03726112727 -1.886002887e-21)
(1.271050981 0.01343113513 0)
(1.269986297 -0.01100551846 -4.210733575e-22)
(1.264954843 -0.03534097595 4.686792003e-22)
(1.255820876 -0.05860834083 4.173538643e-22)
(1.242814972 -0.07981792903 6.969564293e-22)
(1.226485626 -0.09814725653 -1.503738224e-21)
(1.207634018 -0.1128852442 0)
(1.187231882 -0.1236677018 2.144349716e-21)
(1.166273489 -0.130486124 -1.076592082e-22)
(1.145710969 -0.1335768326 -8.340279468e-22)
(1.126252798 -0.1333439638 -6.449615131e-22)
(1.108441043 -0.1304459156 2.382669738e-22)
(1.092560966 -0.1255585298 -1.302896851e-23)
(1.078701447 -0.1192756048 9.806352851e-24)
(1.066813004 -0.1120979036 -4.274759732e-24)
(1.056755852 -0.1044274173 2.493772353e-24)
(1.048336412 -0.0965673804 0)
(1.041334376 -0.08873480206 1.759747348e-23)
(1.035523806 -0.08108416203 -1.760236753e-23)
(1.030688863 -0.07373441811 0)
(1.026634665 -0.06679066914 0)
(1.023194252 -0.06035402861 -7.15023572e-26)
(1.020232318 -0.05451732944 2.513107206e-24)
(1.017645696 -0.04934979608 -2.792426797e-24)
(1.015360495 -0.04487874483 7.078086653e-26)
(1.013326358 -0.04107799408 4.526422644e-24)
(1.011509123 -0.03786975756 -4.527709981e-24)
(1.009883564 -0.03514061181 4.667243613e-24)
(1.008427749 -0.0327658501 -8.680661485e-24)
(1.007119922 -0.03063334617 1.833586236e-26)
(1.005937901 -0.0286592286 4.367127009e-24)
(1.004860319 -0.02679200961 2.565043175e-26)
(1.003868647 -0.02500735952 3.942344612e-25)
(1.002948704 -0.02329736525 0)
(1.002091643 -0.02165852068 -2.229907387e-24)
(1.001293394 -0.02008650971 8.108594685e-25)
(1.000554682 -0.01857493613 -1.651662103e-24)
(0.9998793819 -0.01711606644 -3.203257222e-25)
(0.9992730925 -0.01570363139 -7.712428372e-25)
(0.9987417313 -0.01433515337 -2.936195348e-25)
(0.9982903029 -0.01301281249 1.14502503e-24)
(0.9979220059 -0.01174270646 0)
(0.9976377841 -0.01053298823 7.41185642e-25)
(0.9974363118 -0.009391673291 8.498100108e-25)
(0.9973142691 -0.008324896366 -3.178676274e-26)
(0.9972666764 -0.00733612726 6.718494115e-25)
(0.9972870847 -0.006426436312 -1.286388191e-25)
(0.997367557 -0.005595482866 7.137293908e-26)
(0.9974985509 -0.004842641397 5.726905628e-26)
(0.9976689328 -0.004167684112 -7.628689639e-25)
(0.9978663393 -0.00357069515 3.991205669e-26)
(0.9980779662 -0.003051277034 -3.991234531e-26)
(0.9982916777 -0.002607446711 0)
(0.9984971704 -0.002234757412 -2.100487777e-25)
(0.9986868858 -0.00192607353 -2.085195169e-25)
(0.9988564298 -0.001672135 4.485935259e-26)
(0.9990044222 -0.001462720125 -1.181531621e-26)
(0.9991318648 -0.001287998667 -9.106137317e-27)
(0.9992412489 -0.001139642012 6.784640837e-27)
(0.9993356557 -0.00101140632 -1.000139734e-27)
(0.9994180492 -0.00089913734 -9.130335135e-28)
(0.9994908844 -0.0008003441181 5.949034387e-26)
(0.9995559373 -0.0007136039862 0)
(0.9996145943 -0.0006379605141 0)
(0.9996672275 -0.0005727831713 0)
(0.9997164507 -0.0005163906603 -2.910653246e-28)
(0.9997547869 -0.0004725393566 2.910652623e-28)
(0.9998117141 -0.0004144302735 0)
(1.207404537 0.1117148762 -6.768806152e-22)
(1.220632001 0.09333279983 0)
(1.230948996 0.0740767226 2.94857079e-21)
(1.238555158 0.05417057359 -2.958034123e-21)
(1.2434642 0.03373131853 1.467230677e-21)
(1.245557423 0.01288806698 2.277890248e-21)
(1.244651151 -0.008095569042 -1.151778396e-21)
(1.240494692 -0.02872159928 7.824430731e-22)
(1.232999139 -0.04835228152 -3.288073711e-22)
(1.222354883 -0.06630689087 3.905196492e-22)
(1.208996255 -0.0819653221 0)
(1.193534487 -0.09482738952 1.120060655e-21)
(1.17669124 -0.1046361435 -2.212038006e-21)
(1.159221326 -0.1112951896 -9.472774847e-22)
(1.141828854 -0.1150281315 -1.547533613e-21)
(1.125095595 -0.1159903896 1.666205095e-21)
(1.109465267 -0.1146061603 6.929690805e-23)
(1.095232303 -0.1114078896 0)
(1.082535826 -0.1068683884 0)
(1.071393465 -0.1013865044 -6.094004176e-23)
(1.061736714 -0.09528886534 6.523590902e-23)
(1.053446581 -0.08883409873 -3.822058411e-23)
(1.046374614 -0.08221984238 3.823135187e-23)
(1.040358494 -0.07559862475 2.020073405e-23)
(1.035235759 -0.06909933028 -2.085973128e-23)
(1.030854646 -0.06284543581 0)
(1.027081244 -0.05696201236 7.149816011e-26)
(1.023803215 -0.05156833834 -1.88371198e-24)
(1.020930568 -0.04675940824 1.704665326e-24)
(1.018393906 -0.04258490512 1.085986644e-25)
(1.016140811 -0.03903581914 2.494220445e-29)
(1.014131306 -0.03604578357 -9.668972624e-27)
(1.012333443 -0.0335077129 0)
(1.010719859 -0.03129972777 -5.361520481e-26)
(1.009265752 -0.0293109257 -2.585074068e-24)
(1.00794827 -0.02745870193 2.531535392e-24)
(1.006746875 -0.02569389164 -2.564936045e-26)
(1.005644342 -0.02399535657 -3.940976005e-25)
(1.004627544 -0.02236004228 0)
(1.00368754 -0.02078952835 1.419064578e-24)
(1.002818995 -0.01928354457 5.342614746e-25)
(1.002020765 -0.01783915111 -5.342904991e-25)
(1.001294343 -0.01645093698 -3.192704168e-25)
(1.000642776 -0.01511363484 -1.426662147e-24)
(1.000069474 -0.01382445672 2.174298043e-25)
(0.9995770526 -0.01258416114 -4.571834136e-25)
(0.999166424 -0.01139669045 -7.760490653e-25)
(0.9988362948 -0.01026780118 -7.411671139e-25)
(0.9985831623 -0.009203352223 -8.09318016e-25)
(0.9984017421 -0.00820787739 7.431020693e-25)
(0.998285628 -0.007283853996 1.130250384e-25)
(0.9982279106 -0.006431775006 -1.130275153e-25)
(0.9982215338 -0.005650830254 0)
(0.9982593177 -0.004939794292 0)
(0.9983337549 -0.004297679246 7.9628769e-26)
(0.9984368049 -0.003723855547 3.196131221e-26)
(0.9985599103 -0.003217607163 -2.410124345e-25)
(0.9986943521 -0.002777352555 0)
(0.9988318938 -0.002399910508 2.100458068e-25)
(0.9989655289 -0.002080160627 1.845793291e-25)
(0.9990900907 -0.001811266872 0)
(0.9992025326 -0.001585393059 0)
(0.999301812 -0.001394653484 -6.400982553e-27)
(0.9993884446 -0.001231983876 6.400992712e-27)
(0.9994638941 -0.001091693088 0)
(0.9995299755 -0.0009696102204 0)
(0.9995884248 -0.0008628900147 -1.15088592e-25)
(0.9996406241 -0.0007696482188 0)
(0.9996877208 -0.0006885188641 3.298096797e-26)
(0.9997300464 -0.0006186068392 0)
(0.9997697315 -0.0005580160524 -2.374545639e-28)
(0.9998006888 -0.0005108130603 -9.287293656e-27)
(0.9998468182 -0.0004481268959 6.234634856e-29)
(1.189267035 0.09764197271 2.579037814e-22)
(1.201274385 0.08220354407 0)
(1.210685015 0.0656836679 1.300141471e-21)
(1.217652756 0.04837327477 -1.303473917e-21)
(1.222125163 0.03055665978 -1.383634558e-21)
(1.224033172 0.01249531507 -2.881578968e-21)
(1.223281139 -0.005564615975 -1.35977258e-21)
(1.219769785 -0.02323545498 1.375072573e-21)
(1.213502492 -0.04002361811 -6.787377867e-22)
(1.204665373 -0.05541464344 3.348025207e-22)
(1.193605745 -0.06893449289 5.681521447e-22)
(1.180786925 -0.08021149081 -6.98515059e-22)
(1.166748635 -0.08902728429 4.636783031e-22)
(1.152058369 -0.09532379629 -2.509612683e-22)
(1.137254075 -0.09926226283 1.546983737e-21)
(1.122824636 -0.1009666307 -2.613694662e-21)
(1.109109247 -0.1006476827 0)
(1.096379496 -0.09869804232 0)
(1.084796461 -0.09548148514 0)
(1.074433937 -0.09132771407 0)
(1.065272856 -0.08650535404 2.149561727e-24)
(1.057242941 -0.08122658287 4.542440274e-23)
(1.050247395 -0.07566209351 -1.06839837e-23)
(1.04417446 -0.06995487755 -6.676149281e-23)
(1.038906829 -0.06423610673 2.917151289e-23)
(1.03433033 -0.05863917438 -1.685689509e-23)
(1.030340518 -0.05330389716 4.304087253e-24)
(1.026846337 -0.04836665892 1.224326276e-23)
(1.023771038 -0.04393955436 2.943523714e-24)
(1.021051184 -0.04008747271 -2.943936487e-24)
(1.018634636 -0.03681363054 9.832216726e-25)
(1.016478264 -0.03406066375 -1.296536184e-24)
(1.014545858 -0.03172769087 3.228849064e-25)
(1.012806513 -0.02969706325 0)
(1.011233558 -0.02786107217 0)
(1.009804015 -0.02614005976 0)
(1.008498389 -0.02448805827 0)
(1.00730079 -0.02288743476 -1.231500375e-24)
(1.006199259 -0.02133876426 1.232877619e-24)
(1.005184742 -0.01984795146 3.888138476e-25)
(1.004251393 -0.01841806667 7.28692963e-25)
(1.003396362 -0.01704887078 -3.162388172e-25)
(1.00261899 -0.01573690267 7.877978139e-25)
(1.001919979 -0.01447781677 7.406637143e-25)
(1.001300468 -0.0132686942 0)
(1.000761098 -0.01210921867 5.175499605e-25)
(1.000301257 -0.01100158342 8.30763762e-25)
(0.9999186269 -0.009949528897 -2.213261974e-25)
(0.9996091282 -0.008957078896 1.062164671e-25)
(0.9993672466 -0.008027464195 0)
(0.999186605 -0.007162528625 2.692553384e-25)
(0.9990605651 -0.006362690769 7.307219501e-26)
(0.9989826461 -0.005627336428 -2.961704837e-25)
(0.998946645 -0.004955385825 0)
(0.9989464898 -0.004345748292 2.642493052e-25)
(0.9989759758 -0.003797457145 1.627818419e-25)
(0.9990285896 -0.003309437062 2.090474777e-25)
(0.9990975689 -0.002880028106 -1.859846288e-26)
(0.9991762359 -0.002506500079 2.160580164e-27)
(0.9992585088 -0.002184791954 3.091749309e-26)
(0.999339419 -0.001909608916 -1.447945362e-26)
(0.9994154583 -0.001674858357 0)
(0.9994846543 -0.001474276515 0)
(0.9995463712 -0.001302043512 0)
(0.99960093 -0.001153217383 -3.551794594e-27)
(0.9996491713 -0.001023909699 6.548462531e-27)
(0.999692094 -0.0009112211643 4.773017825e-26)
(0.9997305831 -0.0008130425106 0)
(0.999765434 -0.0007277495935 -3.298080722e-26)
(0.999796864 -0.0006542548552 -1.84304331e-26)
(0.9998264547 -0.0005904883894 5.678293375e-28)
(0.999849591 -0.0005407461736 1.627640334e-26)
(0.9998842428 -0.0004745594112 0)
(1.173634898 0.08520100702 -4.222822316e-25)
(1.184360409 0.07215175892 0)
(1.192872531 0.05802294348 1.154379127e-21)
(1.199205397 0.04310592398 -2.276048133e-21)
(1.203312767 0.02770510285 6.593526867e-23)
(1.205133563 0.01208310288 5.427413304e-23)
(1.204599326 -0.003479915191 4.168090961e-23)
(1.201712032 -0.01866534991 1.341002085e-23)
(1.196516428 -0.03307057661 1.197540774e-21)
(1.189170588 -0.04630226909 -5.875266835e-22)
(1.179956481 -0.05801010074 -6.504521347e-22)
(1.169238638 -0.06791627587 1.718869737e-22)
(1.157433714 -0.07584111795 4.795246993e-22)
(1.144982424 -0.08172103522 -2.123282248e-22)
(1.13230854 -0.08562938353 5.074896831e-22)
(1.119796265 -0.08773502612 6.102600883e-22)
(1.107755031 -0.08815900286 0)
(1.096393053 -0.08717726661 9.552027587e-22)
(1.085859996 -0.08500952628 1.876550815e-22)
(1.076267153 -0.08191230714 -1.001864754e-22)
(1.067643418 -0.0781255083 -2.149558616e-24)
(1.059956148 -0.07383039171 1.756302069e-24)
(1.053142622 -0.0691699045 -4.401619839e-23)
(1.047127379 -0.0642718282 4.530703293e-23)
(1.041829217 -0.0592639566 4.609166739e-25)
(1.037165949 -0.0542841163 -2.346714567e-23)
(1.0330588 -0.04948060604 2.369304601e-23)
(1.029435552 -0.04499987275 -1.477161783e-23)
(1.026231676 -0.04096413502 9.054751277e-24)
(1.023390017 -0.0374475754 5.796106502e-24)
(1.020860054 -0.03446150612 -7.851692549e-26)
(1.018597399 -0.03195548281 2.577376143e-24)
(1.016563564 -0.02983457399 -2.515602625e-24)
(1.014725808 -0.02798633571 1.249768771e-24)
(1.013056824 -0.02630768864 -1.249860097e-24)
(1.011534241 -0.02472314622 0)
(1.010139976 -0.02319054726 1.496721582e-26)
(1.008859695 -0.0216957918 4.154928661e-26)
(1.007682465 -0.02024249793 -4.158142519e-26)
(1.006599836 -0.01883965008 -4.171520589e-25)
(1.005605549 -0.01749325319 -4.58748466e-25)
(1.004695424 -0.01620504153 -2.285602792e-26)
(1.003867182 -0.01497310627 6.54309599e-26)
(1.003119662 -0.01379391651 0)
(1.002452158 -0.01266460065 2.464170848e-25)
(1.001863747 -0.01158417534 -2.081337881e-27)
(1.001352712 -0.01055362991 1.110576403e-26)
(1.000916182 -0.009575254327 -5.864637624e-26)
(1.000550038 -0.008651709824 5.864821441e-26)
(1.000249119 -0.007785232365 -5.173210602e-26)
(1.000007604 -0.006977175711 -1.695652157e-25)
(0.9998194555 -0.006227928885 -9.207937092e-26)
(0.9996787552 -0.005537116778 3.075690713e-25)
(0.9995798411 -0.00490392182 -1.460839657e-25)
(0.9995172448 -0.00432735364 -6.390544353e-26)
(0.9994855197 -0.003806340778 -2.845097068e-25)
(0.9994790936 -0.00333960948 0)
(0.9994922644 -0.002925414856 0)
(0.999519385 -0.002561258018 0)
(0.9995551935 -0.002243730646 -9.414145328e-27)
(0.9995951807 -0.001968574113 1.116841496e-27)
(0.9996358713 -0.001730952174 -4.430170506e-26)
(0.999674933 -0.001525855226 1.361556291e-26)
(0.9997110937 -0.001348514791 2.828263848e-26)
(0.9997439113 -0.001194718812 -3.222941158e-26)
(0.9997734793 -0.001060970091 2.784051475e-26)
(0.999800156 -0.0009444865045 -2.141383187e-26)
(0.9998243419 -0.0008431069837 0)
(0.999846453 -0.0007550866992 -1.401592718e-26)
(0.9998665622 -0.000679230095 1.786252279e-26)
(0.9998856605 -0.0006133542181 -7.377645631e-27)
(0.9999006622 -0.0005619149798 -6.813935454e-27)
(0.9999233523 -0.0004933465585 0)
(1.160073808 0.0742020015 2.15419202e-22)
(1.169595633 0.06315817626 0)
(1.177223713 0.05111258041 -2.545092508e-21)
(1.182930726 0.03832190287 4.188375566e-21)
(1.186709895 0.02504578635 1.042363493e-21)
(1.188472707 0.01156289829 1.185985899e-21)
(1.188175845 -0.001845430697 -1.072936948e-21)
(1.185837925 -0.01490284169 0)
(1.181540513 -0.02729512548 0)
(1.175424645 -0.03871406203 -1.253797568e-22)
(1.167714093 -0.04888993483 1.296029478e-22)
(1.158699777 -0.0576062543 0)
(1.148711103 -0.06471684944 0)
(1.138093646 -0.0701586447 4.184481069e-22)
(1.127187239 -0.07395422532 -2.34137486e-22)
(1.116301034 -0.07621351782 -7.698743606e-23)
(1.105690952 -0.07708229312 -6.5274597e-22)
(1.095544435 -0.07676827147 -4.423058767e-22)
(1.086011115 -0.07541536536 1.030666008e-21)
(1.077178374 -0.07317272643 -2.822206701e-22)
(1.069104225 -0.07022475653 -7.122054479e-23)
(1.061801024 -0.06674036353 8.821866843e-23)
(1.055235104 -0.06284615178 1.807753407e-24)
(1.049357844 -0.05865514663 -7.684312451e-25)
(1.044114377 -0.0542865945 -8.742063465e-27)
(1.039447926 -0.04987733966 5.493206343e-25)
(1.035301548 -0.04557913223 5.559739977e-25)
(1.031619516 -0.04154315106 3.118449857e-25)
(1.028348161 -0.03789621992 -3.24747479e-25)
(1.025436232 -0.03471694067 6.866373455e-24)
(1.022835401 -0.03202126979 -6.788670258e-24)
(1.020501251 -0.02976393193 -4.614346786e-24)
(1.018394508 -0.02785567469 8.073901477e-24)
(1.016481969 -0.0261899359 -7.276835161e-25)
(1.014736737 -0.0246692685 -2.84389062e-24)
(1.013137707 -0.02322316783 0)
(1.01166856 -0.02181360291 -1.496678348e-26)
(1.010316665 -0.02042979335 0)
(1.009072309 -0.01907775837 -3.910376633e-25)
(1.007927796 -0.01776899329 4.682125331e-25)
(1.006876754 -0.01651157743 -1.861103637e-25)
(1.005914075 -0.01530866954 2.285573606e-26)
(1.005036351 -0.01415956555 -6.543008497e-26)
(1.004241054 -0.01306145887 0)
(1.003526112 -0.0120116619 -1.223422397e-25)
(1.002889442 -0.01100885339 -1.138708157e-25)
(1.002328527 -0.01005327983 -5.346695815e-26)
(1.001840134 -0.00914628149 0)
(1.001420214 -0.00828959231 0)
(1.001064004 -0.007484739664 -6.690619745e-27)
(1.000766266 -0.006732693882 4.936546832e-28)
(1.000521566 -0.006033775392 -1.501881191e-26)
(1.000324504 -0.005387745512 -1.46457283e-26)
(1.000169833 -0.004793974939 1.343990243e-25)
(1.000052444 -0.004251588362 9.629212454e-26)
(0.9999672925 -0.003759514828 7.532017592e-26)
(0.9999093137 -0.003316423693 0)
(0.9998734338 -0.002920580574 0)
(0.9998546879 -0.002569696479 -1.419663458e-26)
(0.9998484349 -0.002260850174 0)
(0.9998506017 -0.001990536159 3.786895384e-27)
(0.9998578806 -0.00175484173 4.489627252e-26)
(0.9998678199 -0.00154970878 -4.024652709e-28)
(0.99987879 -0.001371209864 -3.500045808e-26)
(0.9998898445 -0.001215770982 2.730145696e-26)
(0.9999005282 -0.001080301461 -3.276883423e-26)
(0.9999106862 -0.0009622221973 2.141370937e-26)
(0.9999202987 -0.0008594328408 0)
(0.9999294214 -0.0007701727406 1.401585801e-26)
(0.9999379847 -0.0006932121889 0)
(0.9999463708 -0.0006263182117 7.436150719e-27)
(0.9999530608 -0.0005740407483 -7.390097334e-29)
(0.999963502 -0.0005042340393 -5.661692693e-28)
(1.148234779 0.06451610899 -9.184502021e-23)
(1.156670048 0.0551493939 -1.189939161e-22)
(1.16348891 0.04487575332 -2.335089811e-22)
(1.168641553 0.03392591231 8.918028343e-22)
(1.17209098 0.0225232736 -2.012689509e-21)
(1.17378604 0.01093010004 0)
(1.17370118 -0.0006059367436 1.072675973e-21)
(1.17184872 -0.01183309615 4.67717998e-22)
(1.16831155 -0.02250502725 5.016604182e-22)
(1.163210639 -0.03237147972 -3.433621629e-22)
(1.156730163 -0.04121990265 9.131680066e-22)
(1.149107085 -0.04887835301 -4.443841172e-22)
(1.140605314 -0.0552282419 -2.435646727e-23)
(1.131499462 -0.0602124427 -4.751096067e-23)
(1.122061585 -0.06383643032 3.636335084e-22)
(1.112544447 -0.06616501793 -5.314142852e-22)
(1.103165629 -0.06730763782 4.250436197e-22)
(1.094095026 -0.06740972319 1.198220726e-22)
(1.085463912 -0.06662497312 -1.26047341e-21)
(1.077366187 -0.06505727431 0)
(1.069848309 -0.06279675551 -1.639695082e-22)
(1.062949597 -0.05998745769 -1.602296235e-22)
(1.056664754 -0.05673970955 -1.806834091e-24)
(1.050975541 -0.05316132411 4.883137597e-23)
(1.04584782 -0.04936480848 -4.953069087e-23)
(1.041242142 -0.04548098462 -5.493203945e-25)
(1.037117966 -0.04165937336 -4.622562104e-25)
(1.03343334 -0.03805118807 2.394024063e-23)
(1.030144229 -0.03478372869 -2.414015613e-23)
(1.027204825 -0.03193641992 6.753768776e-25)
(1.024569142 -0.02952724068 -5.765652245e-25)
(1.022193464 -0.02751474143 0)
(1.020038776 -0.02581516698 1.554392689e-25)
(1.018072462 -0.02432838039 0)
(1.016268849 -0.0229633145 -3.900446077e-24)
(1.014608627 -0.02165498883 3.92328757e-24)
(1.013077508 -0.02036963278 1.084328045e-25)
(1.0116647 -0.01909950602 2.099482615e-24)
(1.010361793 -0.01785248594 -2.008044384e-24)
(1.009162022 -0.01664188658 -1.043288439e-24)
(1.008059165 -0.01547722946 0)
(1.007047523 -0.01436264305 -7.366346122e-25)
(1.006122955 -0.01329834064 2.059076766e-25)
(1.005282011 -0.01228215811 -3.856652481e-26)
(1.00452168 -0.01131168133 -7.34832693e-25)
(1.003839076 -0.01038548207 1.451253157e-25)
(1.003231131 -0.009503394977 3.255410037e-25)
(1.002694365 -0.00866617802 -2.509809656e-25)
(1.002224789 -0.007874966749 2.09273528e-25)
(1.001817949 -0.00713080697 -1.533273459e-25)
(1.001469059 -0.006434380556 1.754352421e-26)
(1.001173166 -0.005785917069 -1.392374691e-25)
(1.000925305 -0.005185227373 1.018020048e-25)
(1.000720578 -0.004631786461 8.530143118e-26)
(1.000554176 -0.004124805635 7.160819114e-26)
(1.000421353 -0.003663256852 5.234216019e-27)
(1.000317405 -0.003245839477 -9.322348586e-27)
(1.000237694 -0.002870907503 4.088111078e-27)
(1.000177735 -0.002536395875 1.419648752e-26)
(1.000133343 -0.002239789534 0)
(1.000100788 -0.001978165293 0)
(1.000076934 -0.001748310602 0)
(1.000059299 -0.001546895802 -1.863827773e-26)
(1.00004604 -0.001370659536 -1.571810482e-26)
(1.000035875 -0.001216566195 2.702258739e-28)
(1.00002795 -0.001081908977 7.109669885e-27)
(1.000021713 -0.0009643476758 -1.032452849e-28)
(1.000016799 -0.0008619091822 -7.225929743e-27)
(1.000012944 -0.0007728891856 -7.839055702e-29)
(1.00000995 -0.0006960801514 4.273170569e-27)
(1.000007593 -0.0006292565475 -3.918301133e-30)
(1.000005938 -0.0005769962456 -1.560096138e-27)
(1.000004045 -0.0005070960425 -2.023550491e-28)
(1.137870179 0.05598181961 -4.028552247e-23)
(1.145348464 0.0480275609 -2.084294649e-22)
(1.151447315 0.0392735516 1.987168774e-22)
(1.156094231 0.02992543186 0)
(1.159243444 0.0201739823 -9.061805748e-22)
(1.160887991 0.01022905106 9.079417935e-22)
(1.160979067 0.0003244237631 0)
(1.159530818 -0.009324047388 -9.691478944e-22)
(1.156619025 -0.01851424285 0)
(1.152353713 -0.02704032791 0)
(1.14688538 -0.03473120976 0)
(1.140405197 -0.04144862045 2.439331694e-23)
(1.133126881 -0.04709517893 2.436337268e-23)
(1.125272407 -0.05161968727 0)
(1.117062261 -0.0550184352 0)
(1.108704516 -0.05733169682 1.49534061e-22)
(1.100383817 -0.05863469176 -1.404553803e-22)
(1.092253264 -0.05902515025 -1.20256424e-22)
(1.084431275 -0.05862158811 4.78484338e-22)
(1.077006495 -0.05753870333 0)
(1.070038812 -0.05582862372 -1.486032901e-22)
(1.063557339 -0.05359590029 4.545647983e-22)
(1.057572214 -0.05090570406 6.00634822e-23)
(1.052096056 -0.04785543111 -1.127155778e-22)
(1.047120035 -0.04456290377 5.237773325e-23)
(1.042619158 -0.04115635021 0)
(1.038562987 -0.03777876841 1.208028171e-24)
(1.034918961 -0.03457610992 3.154070198e-23)
(1.031650789 -0.03167212952 -3.127462635e-23)
(1.02871763 -0.02914442675 -6.753668396e-25)
(1.026075971 -0.02701132429 -1.120647014e-25)
(1.023683261 -0.02523434014 -8.13513032e-24)
(1.021501439 -0.02373510105 7.619204224e-24)
(1.019499211 -0.02242027163 0)
(1.017652729 -0.02120565533 0)
(1.015944845 -0.02003208431 -4.528124425e-24)
(1.014363488 -0.01886999101 4.291886381e-24)
(1.012899779 -0.01771430798 3.430594303e-24)
(1.011546647 -0.01657419835 -3.428649502e-24)
(1.010298356 -0.01546415383 1.043282749e-24)
(1.009149046 -0.01439463304 1.266192248e-24)
(1.008092712 -0.01337034856 3.119343382e-25)
(1.007124788 -0.01239218222 7.859384432e-25)
(1.006241241 -0.01145852334 -6.682956033e-25)
(1.00543846 -0.0105672744 9.999829248e-25)
(1.004713046 -0.009717049047 -8.530729339e-25)
(1.00406157 -0.008907490509 -3.00961536e-25)
(1.003480394 -0.008139022026 6.876666955e-25)
(1.002965577 -0.007412407142 -5.844849143e-25)
(1.002512878 -0.006728374013 2.90296878e-25)
(1.002117834 -0.006087396325 -1.15759753e-25)
(1.001775852 -0.005489615245 3.606689741e-25)
(1.001482304 -0.004934846467 1.04160591e-25)
(1.001232593 -0.004422618815 -2.629714774e-25)
(1.001022178 -0.003952208333 -7.160739221e-26)
(1.00084658 -0.003522649277 -2.251495888e-26)
(1.000701395 -0.003132718362 -1.114134829e-25)
(1.000582322 -0.002780901627 -7.980796205e-26)
(1.000485238 -0.002465363369 1.425349811e-26)
(1.000406296 -0.002183940059 -1.425362419e-26)
(1.000342029 -0.001934176296 0)
(1.00028944 -0.001713406467 0)
(1.000246047 -0.001518870292 1.863814327e-26)
(1.000209876 -0.00134783956 1.245578384e-26)
(1.000179412 -0.001197730876 6.012805951e-27)
(1.000153516 -0.001066186827 -2.750586393e-27)
(1.000131333 -0.0009511147297 -9.414225191e-28)
(1.000112221 -0.0008507040227 -1.060769148e-26)
(1.000095637 -0.0007633526365 -7.542001044e-28)
(1.000081282 -0.0006879144965 7.348730814e-27)
(1.000068337 -0.0006222208131 -7.886008636e-27)
(1.000058446 -0.0005708101209 5.819736525e-27)
(1.000044337 -0.0005019382754 7.492094505e-28)
(1.128792423 0.04843833362 8.711649088e-23)
(1.135441945 0.04168188761 -1.67104227e-22)
(1.140909504 0.03423227577 -9.011955213e-23)
(1.145114343 0.02626433376 -5.933626492e-22)
(1.148015494 0.01794032169 8.159551955e-22)
(1.149594325 0.009433918175 3.922629726e-22)
(1.14981695 0.0009530340905 0)
(1.148703726 -0.007319057583 4.22985097e-22)
(1.146310933 -0.01521167604 -7.998216801e-24)
(1.142734513 -0.02256129065 -3.660497231e-22)
(1.13809859 -0.02922727051 1.198851138e-23)
(1.132558909 -0.03509671524 3.432064521e-22)
(1.126290377 -0.04008833198 -2.16708116e-23)
(1.119474633 -0.04415628165 -6.683463895e-22)
(1.112292623 -0.04729119115 3.224954778e-22)
(1.104917249 -0.04951764459 -9.076931792e-24)
(1.097505312 -0.05088770267 1.246938025e-22)
(1.090191436 -0.05147117554 -1.246931173e-22)
(1.083085577 -0.051347478 -5.351353848e-23)
(1.0762716 -0.05060189418 0)
(1.069808817 -0.04930174946 0)
(1.063732381 -0.04752718666 -3.071769982e-22)
(1.058068693 -0.04532252231 -5.474319636e-22)
(1.052828227 -0.0427455915 1.881277249e-22)
(1.048023522 -0.03990374556 5.774829263e-23)
(1.043652474 -0.03693077084 0)
(1.039693935 -0.03396560146 -3.928935131e-23)
(1.036121263 -0.0311462098 7.037650337e-23)
(1.032902661 -0.02858851664 -3.243036514e-23)
(1.030000894 -0.02636562536 0)
(1.027374962 -0.02449522161 1.47696452e-24)
(1.02498402 -0.02294164595 6.90988325e-25)
(1.022791514 -0.021632104 8.944277138e-24)
(1.02076793 -0.02048040335 -8.428309272e-24)
(1.018891583 -0.01940953457 0)
(1.017147695 -0.0183662626 -5.132105203e-24)
(1.015526471 -0.01732506797 5.536616851e-24)
(1.014020963 -0.01628313126 -4.315653641e-25)
(1.0126255 -0.01525068242 -5.458647645e-26)
(1.01133531 -0.01424230874 0)
(1.010144885 -0.01326910652 -1.26618765e-24)
(1.009048434 -0.01233618721 0)
(1.008041092 -0.0114448773 5.079743114e-25)
(1.007118498 -0.01059403822 -1.141126248e-24)
(1.006276694 -0.009781895967 -4.394089755e-25)
(1.005511979 -0.009007192367 1.402915647e-24)
(1.004820714 -0.008269516978 7.04859736e-25)
(1.004199173 -0.007569116025 -1.907497538e-25)
(1.003643458 -0.006906528463 1.29268002e-25)
(1.003149484 -0.006282276605 0)
(1.002713015 -0.005696688339 0)
(1.002329725 -0.005149831837 1.81300816e-25)
(1.00199525 -0.004641512633 -2.751596321e-25)
(1.001705245 -0.004171291528 1.776692784e-25)
(1.001455406 -0.003738500307 0)
(1.001241497 -0.003342246862 -2.413977853e-25)
(1.001059371 -0.002981409427 1.197695028e-25)
(1.000905005 -0.002654624807 1.628659267e-25)
(1.000774556 -0.002360279862 -1.631425672e-25)
(1.000664435 -0.002096517508 0)
(1.000571371 -0.001861266876 -9.111830855e-26)
(1.00049248 -0.001652300697 -9.687836908e-26)
(1.00042529 -0.001467314396 -7.149646815e-27)
(1.000367743 -0.001304014394 7.785456344e-26)
(1.000318163 -0.001160200167 -6.116743291e-26)
(1.000275204 -0.001033828209 4.337623663e-27)
(1.00023778 -0.0009230479769 -6.124635788e-27)
(1.000205031 -0.0008262269274 2.137386232e-26)
(1.000176177 -0.0007418920239 -2.494728057e-26)
(1.000150841 -0.0006689837511 -1.160119038e-26)
(1.000127635 -0.0006054306965 8.018258955e-27)
(1.000109752 -0.0005556639575 2.714979701e-27)
(1.000083743 -0.0004888977908 0)
(1.120859719 0.04173396356 7.355537146e-23)
(1.126802669 0.03600514501 0)
(1.131725605 0.02968390012 1.7329686e-22)
(1.135549183 0.0229138252 3.759268848e-22)
(1.138229641 0.01583407369 5.792138119e-22)
(1.139737714 0.008596749272 -2.352023072e-21)
(1.140064945 0.001370322416 2.224736314e-23)
(1.139225945 -0.005693688934 0)
(1.137261215 -0.0124495605 0)
(1.134251946 -0.01876591143 -4.267242621e-22)
(1.130301013 -0.02452220846 7.277238163e-22)
(1.125535915 -0.02962569211 -3.638514778e-22)
(1.120101437 -0.034008771 3.293027059e-22)
(1.114148222 -0.03763107123 1.914341423e-23)
(1.107826515 -0.04048034728 -5.974767431e-22)
(1.101281273 -0.04257074538 2.882158742e-22)
(1.094646418 -0.04393806296 0)
(1.088039838 -0.04463257929 0)
(1.081560899 -0.04471114084 0)
(1.075289321 -0.04423225106 -9.206845005e-23)
(1.0692859 -0.04324989946 9.202333538e-23)
(1.063592753 -0.04182094838 3.087250777e-22)
(1.058240923 -0.04000408493 8.303149419e-22)
(1.053252536 -0.03784583907 -2.430174338e-22)
(1.048637617 -0.0354131934 0)
(1.044411584 -0.03283699583 -1.482970248e-22)
(1.040565249 -0.03025064345 2.40597554e-23)
(1.037081789 -0.02778770914 0)
(1.033932222 -0.02555571236 -1.393259262e-23)
(1.031080081 -0.02362032996 1.616895355e-23)
(1.028485785 -0.02199688507 9.641817369e-25)
(1.026110481 -0.0206523654 -6.909810188e-25)
(1.023919728 -0.01951999538 9.722491204e-24)
(1.021886197 -0.01852112651 -9.723250567e-24)
(1.019990543 -0.01758611336 -5.317279838e-25)
(1.018220402 -0.01666760044 -6.977157402e-24)
(1.016568229 -0.01574385232 1.274503603e-23)
(1.015028958 -0.01481388536 -5.452455515e-24)
(1.01359833 -0.0138884392 2.680982432e-25)
(1.012272345 -0.01298192308 0)
(1.011046178 -0.01210540097 8.448355063e-25)
(1.009914295 -0.01126429493 -8.448770582e-25)
(1.008871672 -0.01046015341 -6.448719263e-25)
(1.007913848 -0.009692225591 3.602882984e-24)
(1.007036709 -0.008959052117 -1.054776755e-24)
(1.0062364 -0.008259548902 -3.191096562e-25)
(1.00550918 -0.007593332536 -1.079427437e-24)
(1.004851293 -0.006960568516 3.745841433e-25)
(1.004258889 -0.006361664526 0)
(1.003728003 -0.005797011838 0)
(1.00325457 -0.005266839916 -2.175453882e-25)
(1.002834462 -0.004771164051 -1.335232785e-25)
(1.002463529 -0.004309781167 -3.997301386e-25)
(1.002137632 -0.003882279354 3.499124991e-25)
(1.001852678 -0.003488045778 0)
(1.001604643 -0.003126269623 2.574027019e-25)
(1.001389599 -0.002795941885 -5.528223894e-26)
(1.001203752 -0.00249585464 4.210203741e-26)
(1.00104348 -0.002224603781 -8.75013961e-26)
(1.000905391 -0.001980600333 -1.560040432e-25)
(1.000786369 -0.001762095424 1.007599338e-25)
(1.000683615 -0.00156722149 8.723541205e-26)
(1.000594674 -0.001394047487 1.018215121e-25)
(1.000517436 -0.00124064149 -6.459563333e-26)
(1.000450111 -0.001105131192 1.373116216e-25)
(1.000391201 -0.0009857544063 -7.513691196e-27)
(1.000339447 -0.000880890734 0)
(1.000293816 -0.0007890892039 4.296652604e-26)
(1.00025333 -0.0007090196114 2.494716687e-26)
(1.000217555 -0.0006397233004 -2.557866587e-26)
(1.00018457 -0.0005792587443 0)
(1.000159061 -0.0005318816707 2.598809766e-27)
(1.000121654 -0.0004682373604 0)
(1.113957412 0.03573694939 1.262961318e-22)
(1.119305 0.03089854404 3.597377259e-23)
(1.123763416 0.02555976374 -2.47583153e-22)
(1.127258151 0.0198396788 8.267354899e-23)
(1.129741383 0.01385831535 0)
(1.131186285 0.007739644732 -3.480018823e-22)
(1.13160063 0.001611574561 1.467527687e-21)
(1.130982826 -0.004389936997 3.569361176e-22)
(1.129367767 -0.01014334167 0)
(1.126821931 -0.01553973224 -4.423826718e-22)
(1.123432841 -0.02047911796 -9.011031152e-24)
(1.119305601 -0.02488486727 3.027753824e-22)
(1.114560209 -0.02870031702 0)
(1.109322685 -0.03189024821 3.604268921e-23)
(1.103719321 -0.03444135532 0)
(1.097872966 -0.03636085911 0)
(1.09189884 -0.03767297006 0)
(1.085900552 -0.03841338602 0)
(1.079967709 -0.03862301401 1.016548306e-22)
(1.074175119 -0.03834300183 -8.948856037e-24)
(1.068583436 -0.03761179122 -9.271768863e-23)
(1.063240446 -0.03646720748 1.522871833e-22)
(1.058182237 -0.03495835667 -4.360322889e-22)
(1.053436876 -0.03314605606 -1.310064174e-22)
(1.049025298 -0.0310836014 2.194161191e-22)
(1.044957065 -0.02888352481 -1.186960634e-22)
(1.041230167 -0.02665426065 2.259220463e-23)
(1.037841353 -0.02452132152 0)
(1.034769005 -0.02259070928 -2.234291045e-24)
(1.031977023 -0.02092283278 1.559914309e-23)
(1.029425098 -0.0195291566 -1.735329499e-23)
(1.027075316 -0.01837829388 0)
(1.024895445 -0.01740962766 0)
(1.022860697 -0.01655249849 -9.620265867e-24)
(1.020954216 -0.01574479387 1.015268866e-23)
(1.019165982 -0.01494487978 0)
(1.01749057 -0.01413445325 6.211445222e-24)
(1.015924675 -0.01331392137 -6.623746348e-24)
(1.01446534 -0.01249409883 -4.779957427e-24)
(1.013109394 -0.01168875821 2.881533499e-24)
(1.0118527 -0.01090869611 9.50691393e-28)
(1.010690053 -0.01015930743 0)
(1.009616413 -0.009442247393 1.76063093e-24)
(1.008627355 -0.008757077028 -1.322338742e-24)
(1.007718738 -0.008102634698 0)
(1.006886667 -0.007478027364 0)
(1.006127377 -0.006882938479 -1.056674527e-24)
(1.005437127 -0.006317506009 9.292238504e-25)
(1.004812126 -0.005782061858 -8.169306358e-25)
(1.004248511 -0.005276914043 -7.180416083e-25)
(1.003742352 -0.004802227454 -6.309883256e-25)
(1.003289682 -0.004357983569 0)
(1.002886518 -0.003943978522 6.086124473e-25)
(1.002528901 -0.00355983044 -5.587989843e-25)
(1.002212913 -0.003204984543 0)
(1.001934714 -0.002878715765 7.031945375e-26)
(1.001690562 -0.002580131458 -2.974941569e-25)
(1.001476847 -0.002308176051 -6.156615207e-26)
(1.001290124 -0.002061638935 1.78914415e-25)
(1.001127156 -0.001839167395 3.714471226e-27)
(1.000984945 -0.001639287198 -7.668589432e-26)
(1.000860765 -0.001460432678 1.820649762e-25)
(1.000752179 -0.001300985937 -1.018209314e-25)
(1.000657041 -0.00115932183 1.143847099e-26)
(1.000573483 -0.001033853025 -2.712725931e-27)
(1.000499897 -0.0009230699117 1.555350789e-27)
(1.00043489 -0.0008255677397 -5.755962906e-26)
(1.000377295 -0.0007400740644 -4.296632822e-26)
(1.000325969 -0.0006654071109 -4.252280365e-26)
(1.000280439 -0.0006007158669 2.48140076e-26)
(1.000238291 -0.0005442142111 7.645518281e-28)
(1.000205628 -0.0004999160779 -9.667069464e-27)
(1.000157494 -0.0004403363069 0)
(1.107998731 0.03032994644 1.001695207e-22)
(1.112849376 0.02627164391 -3.131673589e-22)
(1.116916161 0.0217955086 1.441056619e-22)
(1.120131113 0.01699888768 -7.937798553e-23)
(1.122447573 0.01198252548 1.60730562e-22)
(1.123843802 0.006845913477 3.482223604e-22)
(1.124318868 0.001692274133 -1.042053154e-21)
(1.123875321 -0.003362626382 -3.57019114e-22)
(1.122544289 -0.008218343725 -3.419960058e-22)
(1.120376525 -0.0127851116 5.124866712e-22)
(1.117446528 -0.01698276213 2.13287554e-23)
(1.113842148 -0.02074687596 1.200236974e-22)
(1.10966361 -0.02402990239 -7.586041147e-23)
(1.105017409 -0.02680137087 -7.517391527e-23)
(1.100010956 -0.02904794451 6.88068278e-23)
(1.094749464 -0.03077230202 1.270410791e-22)
(1.08933289 -0.03199040031 -1.27041339e-22)
(1.083852867 -0.03272712641 -5.667815322e-23)
(1.078390628 -0.03301129366 -1.013010853e-22)
(1.073016307 -0.03287159029 1.45835584e-22)
(1.067789384 -0.03233487794 -1.376357811e-22)
(1.062759927 -0.03142812844 -7.755567283e-23)
(1.057969815 -0.03018565863 9.613558e-23)
(1.0534523 -0.02865955792 1.318420166e-22)
(1.049232269 -0.02691502339 1.530018035e-23)
(1.04532238 -0.02505140503 2.205132354e-22)
(1.041728037 -0.02316346632 -9.255561465e-23)
(1.038440555 -0.02134712591 5.12889038e-23)
(1.035446318 -0.01969835331 4.181221084e-23)
(1.032716626 -0.0182781645 -5.685537319e-25)
(1.030211909 -0.01709723672 1.496371872e-23)
(1.027893663 -0.01612536868 -1.496508927e-23)
(1.025730786 -0.01530759137 0)
(1.023700933 -0.01458141857 0)
(1.021789874 -0.01389252462 -1.294063653e-24)
(1.019989901 -0.01320493007 8.338038038e-24)
(1.018297522 -0.01250343319 -4.332915522e-25)
(1.016711012 -0.0117894096 -1.394376411e-23)
(1.015228604 -0.01107333913 3.28825019e-24)
(1.01384791 -0.01036803611 4.750615621e-24)
(1.012565481 -0.00968372455 -3.014574781e-25)
(1.011376498 -0.009025564823 0)
(1.010275993 -0.008395217436 -1.760633982e-24)
(1.009259656 -0.007792482181 1.755738651e-24)
(1.00832341 -0.007216463418 1.551129316e-24)
(1.007463391 -0.006666454453 0)
(1.006675868 -0.00614221924 2.265441008e-24)
(1.005957145 -0.005643893792 -9.292212974e-25)
(1.005303502 -0.005171764846 -1.23346661e-25)
(1.004711167 -0.004726086265 7.180387671e-25)
(1.004176323 -0.004306981665 6.309855363e-25)
(1.003695131 -0.003914414462 6.432132785e-25)
(1.003263753 -0.003548189325 -5.663020137e-25)
(1.002878374 -0.003207959574 -4.983609494e-25)
(1.00253523 -0.002893231878 -9.589783779e-26)
(1.002230631 -0.002603369114 4.811881865e-25)
(1.001960992 -0.002337594614 3.62589517e-25)
(1.001722852 -0.002094999092 -3.060164091e-25)
(1.001512908 -0.001874550375 2.51998934e-25)
(1.001328045 -0.001675106085 1.36689497e-25)
(1.001165358 -0.001495430399 -1.984665163e-25)
(1.001022179 -0.001334216351 -1.837440927e-25)
(1.000896089 -0.001190114002 3.735211853e-26)
(1.000784921 -0.001061763145 1.384270054e-26)
(1.000686751 -0.0009478271322 3.10671821e-27)
(1.000599889 -0.0008470244351 -9.321328892e-26)
(1.000522839 -0.0007581514343 5.754802733e-26)
(1.00045433 -0.0006801081297 6.843287224e-26)
(1.000393083 -0.0006118620076 4.581873624e-26)
(1.000338603 -0.0005526715574 9.282371297e-28)
(1.000288028 -0.000500925823 -9.282395115e-28)
(1.000248779 -0.0004603334703 -1.540383057e-28)
(1.000190736 -0.0004056785058 1.542262992e-28)
(1.102914077 0.02540977866 1.253574796e-22)
(1.107354905 0.02204383263 -1.253619419e-22)
(1.111096502 0.01833388659 0)
(1.114077618 0.01435842239 -3.615630066e-23)
(1.11625488 0.01019915547 1.570167439e-22)
(1.117606375 0.005937749938 -1.564546948e-22)
(1.118124336 0.001660985311 3.333975601e-22)
(1.11782026 -0.00254038338 3.192341627e-22)
(1.116718016 -0.006588124549 0)
(1.114856603 -0.01040551728 -8.283328821e-23)
(1.112299272 -0.01392748465 1.942390563e-23)
(1.109120644 -0.01709942121 -3.817899384e-22)
(1.105405165 -0.01988214941 3.788115453e-22)
(1.101243843 -0.02224994996 2.079124747e-22)
(1.096729282 -0.02419037377 -4.138546123e-22)
(1.091952723 -0.0257033751 0)
(1.087001773 -0.02679914224 0)
(1.081958122 -0.02749466539 5.667878834e-23)
(1.076895879 -0.02780977919 0)
(1.071880966 -0.02776402405 3.771282374e-24)
(1.066971454 -0.02737572329 1.377539652e-22)
(1.062218364 -0.0266643201 0)
(1.057666414 -0.02565605442 -1.862420965e-23)
(1.053353376 -0.02439223596 0)
(1.049308783 -0.02293304407 2.828583726e-23)
(1.045550376 -0.02136272566 -2.807632586e-22)
(1.042084496 -0.01977880198 2.061165795e-22)
(1.038904744 -0.01826371732 0)
(1.03599125 -0.01688419003 0)
(1.033321723 -0.01569345056 2.10433102e-23)
(1.030863348 -0.01470686155 1.773997832e-23)
(1.028578646 -0.01389862679 -1.233153531e-23)
(1.026436378 -0.0132191878 -2.278473741e-25)
(1.024415583 -0.01261361817 1.276052241e-23)
(1.022504421 -0.01203524534 1.007777725e-23)
(1.020697487 -0.01145368702 -2.047371351e-23)
(1.018993109 -0.01085658498 1.662097006e-23)
(1.017390955 -0.01024589337 -8.068960616e-24)
(1.015890305 -0.009631377522 -4.381987145e-25)
(1.014489477 -0.009024620015 3.254478152e-25)
(1.013185685 -0.008435016914 -2.60862909e-25)
(1.011974519 -0.007867319904 -5.044909478e-26)
(1.010851132 -0.00732311019 0)
(1.009811375 -0.006802355893 -1.755743705e-24)
(1.008851287 -0.006304386662 -3.266156489e-24)
(1.007967084 -0.005828663776 0)
(1.007155101 -0.005375028926 -1.208768553e-24)
(1.006411711 -0.004943624029 0)
(1.005733265 -0.004534704733 9.402730315e-25)
(1.005116077 -0.004148486884 4.146040957e-25)
(1.004556428 -0.003785067588 -4.146138779e-25)
(1.004050589 -0.003444403876 -2.433316312e-25)
(1.003594837 -0.003126317 2.51693086e-25)
(1.003185481 -0.002830500579 2.483321213e-25)
(1.002818885 -0.0025565255 6.345101967e-25)
(1.002491487 -0.002303843227 -7.105042429e-25)
(1.002199826 -0.002071790583 0)
(1.001940566 -0.001859597323 6.330011158e-25)
(1.001710516 -0.001666395947 -2.600952363e-25)
(1.001506654 -0.00149123322 -2.009865653e-25)
(1.001326153 -0.0013330837 1.414109794e-25)
(1.001166389 -0.001190866387 -1.529377177e-25)
(1.00102496 -0.001063465174 1.454687026e-25)
(1.000899686 -0.0009497527559 1.278585205e-25)
(1.000788603 -0.0008486161671 -9.649635032e-26)
(1.000689959 -0.0007589816516 9.104361141e-26)
(1.000602182 -0.0006798333923 -1.000448533e-25)
(1.000523918 -0.000610236663 -1.359496856e-25)
(1.000453778 -0.0005493065408 0)
(1.000391255 -0.0004964099588 4.535417656e-26)
(1.00033309 -0.0004501262309 -2.836480017e-27)
(1.000287903 -0.0004137993256 1.688576715e-26)
(1.000220903 -0.000364839887 8.101028627e-27)
(1.098645693 0.0208878381 0)
(1.102753834 0.01814418156 -1.287252799e-22)
(1.106230033 0.01512253972 -8.329071181e-24)
(1.109018846 0.01188516582 3.171368567e-22)
(1.111080256 0.008497924113 -1.79778495e-22)
(1.112391152 0.005027845152 -7.400735627e-23)
(1.11294403 0.001543392905 0)
(1.112750676 -0.001888379274 -3.256032365e-22)
(1.11182777 -0.005200692044 3.886553341e-22)
(1.110211994 -0.008333012186 3.069192587e-22)
(1.107953919 -0.01123149656 -6.307559768e-23)
(1.105117822 -0.01385135795 -3.008082622e-22)
(1.101776334 -0.01616087483 0)
(1.098008127 -0.01813865472 7.021118832e-23)
(1.093893982 -0.0197736277 6.693669301e-23)
(1.089514097 -0.02106431342 0)
(1.084946245 -0.02201699286 -1.736640054e-22)
(1.080264057 -0.02264298822 7.262023748e-24)
(1.075535718 -0.0229555907 1.561342044e-22)
(1.070823503 -0.02296770511 -1.487506565e-22)
(1.066184047 -0.02269144036 0)
(1.061668842 -0.02214050774 0)
(1.057324404 -0.02133530473 -3.641978872e-23)
(1.053191359 -0.02030936656 3.642386939e-23)
(1.049302535 -0.01911371046 4.617238281e-23)
(1.045680134 -0.01781736471 -4.50518804e-23)
(1.042332357 -0.01650498598 -2.070627808e-22)
(1.039252522 -0.01526008246 0)
(1.036421859 -0.0141372171 0)
(1.033811989 -0.01316583371 -3.810077232e-23)
(1.03139586 -0.01235862373 0)
(1.029142239 -0.01169901331 -1.646012925e-23)
(1.027021133 -0.01114585129 3.026780272e-23)
(1.025011767 -0.01065150001 -1.350049262e-23)
(1.023103634 -0.01017622357 2.851795486e-24)
(1.021293289 -0.009694945686 1.238661721e-24)
(1.019580794 -0.009197969744 0)
(1.017967088 -0.008687541501 -3.856227364e-24)
(1.016452343 -0.008172385218 4.294653918e-24)
(1.015035479 -0.007662608243 3.552916995e-24)
(1.013714313 -0.00716656332 -2.885624906e-25)
(1.012484847 -0.006688453615 -5.10980633e-24)
(1.01134238 -0.006229716079 2.148077026e-24)
(1.010282948 -0.005790428662 -4.238794044e-24)
(1.009302728 -0.005370107352 1.715031006e-24)
(1.008398042 -0.004968358086 -7.482642928e-25)
(1.007565311 -0.004585088888 7.48287776e-25)
(1.006800982 -0.004220445159 5.861497055e-25)
(1.006101483 -0.003874655415 -5.861655255e-25)
(1.005463206 -0.003547905077 -4.581077314e-25)
(1.004882517 -0.003240273529 4.581182347e-25)
(1.004355778 -0.002951719413 -1.512564788e-24)
(1.003879365 -0.002682086765 3.217141688e-25)
(1.003449688 -0.002431113493 3.151935185e-25)
(1.003063216 -0.002198436472 -7.3932274e-25)
(1.002716492 -0.001983595092 7.878232243e-25)
(1.002406158 -0.001786036114 3.133986352e-25)
(1.002128975 -0.001605120953 -3.361296086e-25)
(1.00188184 -0.001440134755 0)
(1.00166181 -0.001290296325 1.942538066e-25)
(1.001466112 -0.001154768865 3.680931617e-25)
(1.001292162 -0.001032672529 -1.244200336e-25)
(1.001137572 -0.0009230993122 -3.09452257e-25)
(1.001000154 -0.0008251303881 -1.285635673e-25)
(1.000877916 -0.0007378553513 -2.665342717e-27)
(1.000769061 -0.0006603917061 -2.427145605e-27)
(1.000671955 -0.0005918998237 7.570720531e-26)
(1.000585184 -0.0005316029252 6.811238069e-26)
(1.000507267 -0.000478760415 4.288823022e-27)
(1.000437696 -0.0004328449574 4.624288637e-27)
(1.000372867 -0.0003926382158 7.659751928e-28)
(1.000322461 -0.0003610662022 -1.694753249e-26)
(1.000247569 -0.0003184787139 6.445006383e-28)
(1.095150223 0.01668487491 -1.14054626e-22)
(1.098993879 0.0145084257 9.944704512e-23)
(1.102258104 0.01211333278 0)
(1.104892297 0.009547694403 1.377734947e-22)
(1.106859525 0.006862960398 -1.017741717e-22)
(1.108137102 0.00411215431 1.454771096e-22)
(1.108718137 0.001347621491 4.431447908e-22)
(1.108609943 -0.001379924551 -3.086655156e-22)
(1.107827674 -0.004013811954 -7.660386945e-23)
(1.10640313 -0.006509715493 2.963390505e-22)
(1.104380105 -0.00882503433 -2.589673761e-22)
(1.101814484 -0.01092441364 0)
(1.098769294 -0.01278253942 -1.382441668e-22)
(1.095313521 -0.01438199066 0)
(1.091518699 -0.01571333925 -2.544253848e-22)
(1.087456419 -0.01677447246 1.239340236e-22)
(1.083196774 -0.01756905552 5.488069213e-23)
(1.078807002 -0.01810439746 1.066510291e-22)
(1.074350497 -0.01838911354 -1.546908834e-22)
(1.0698865 -0.01843140468 9.984226441e-23)
(1.06547033 -0.01823896716 0)
(1.061153671 -0.01782122038 0)
(1.056984318 -0.01719367714 0)
(1.05300486 -0.01638317669 3.545133841e-23)
(1.049250222 -0.01543154037 0)
(1.045744675 -0.01439532282 4.449208483e-23)
(1.042498884 -0.01334145867 -5.156776241e-23)
(1.039507379 -0.01233996357 2.383929479e-22)
(1.036750297 -0.01144745081 -1.733502109e-23)
(1.034199825 -0.0106852154 -1.688634364e-22)
(1.031824135 -0.010050055 0)
(1.029597187 -0.009527665334 -5.048116546e-25)
(1.027494508 -0.009089495641 0)
(1.025496651 -0.008697535086 1.699979327e-24)
(1.023593301 -0.008318666964 -2.993308335e-24)
(1.021782001 -0.007932464738 8.82887173e-24)
(1.020064252 -0.007531583681 -8.97169361e-24)
(1.018442198 -0.007118390236 -2.979676289e-24)
(1.016916807 -0.006700366157 4.080853696e-24)
(1.01548748 -0.006285951471 -3.241094974e-25)
(1.014152546 -0.005882256993 3.141497653e-24)
(1.012908376 -0.005492807543 2.647520645e-24)
(1.011750424 -0.005118834997 0)
(1.010674909 -0.004760473431 3.110931047e-24)
(1.009678153 -0.004417386566 -1.020318059e-24)
(1.008756591 -0.004089298548 0)
(1.007906736 -0.003776167499 1.554398342e-24)
(1.007125113 -0.003478134273 0)
(1.006408221 -0.003195398399 0)
(1.005752523 -0.002928117266 -5.871228322e-25)
(1.005154458 -0.002676357061 -1.452813199e-24)
(1.004610463 -0.002440083048 3.301522063e-25)
(1.004116995 -0.00221916626 7.03628122e-25)
(1.003670546 -0.002013391591 -3.417573036e-25)
(1.00326767 -0.001822462744 0)
(1.002904992 -0.001646005703 0)
(1.002579237 -0.001483573396 -4.211563544e-25)
(1.002287241 -0.00133465223 9.058611842e-26)
(1.002025971 -0.00119867 -9.058706977e-26)
(1.001792544 -0.001075004138 0)
(1.001584232 -0.0009629898284 -2.486733358e-25)
(1.00139848 -0.000861929421 3.563818317e-26)
(1.001232915 -0.0007711031393 1.350521992e-25)
(1.001085341 -0.0006897817426 1.944641974e-25)
(1.000953749 -0.0006172408399 1.133674058e-25)
(1.000836306 -0.0005527756947 1.670342686e-26)
(1.000731336 -0.0004957130425 -1.05882401e-25)
(1.000637375 -0.000445428371 0)
(1.000552872 -0.0004013223943 0)
(1.000477321 -0.0003629696115 -4.782383517e-26)
(1.000406826 -0.0003293615813 0)
(1.00035198 -0.0003029596629 -1.962903863e-26)
(1.00027036 -0.0002673217838 -8.767457173e-27)
(1.092393096 0.01273189753 1.101735379e-22)
(1.096033326 0.01108036273 -9.556140559e-23)
(1.099133966 0.009264123935 1.265708304e-22)
(1.101648351 0.007318913501 -1.265635759e-22)
(1.103542096 0.005283216595 -1.381394474e-22)
(1.104793562 0.003196682054 2.085421197e-22)
(1.105394926 0.001098648377 -5.754138001e-22)
(1.105350572 -0.000972341608 -1.539983732e-22)
(1.104675337 -0.002974856056 3.267342232e-22)
(1.103396628 -0.004875120595 -2.880342326e-22)
(1.101553003 -0.006641085673 1.462243783e-22)
(1.099194069 -0.008246304329 2.834788921e-22)
(1.096376041 -0.009671388596 3.818773991e-24)
(1.093160598 -0.01090285712 2.639726014e-22)
(1.089612159 -0.01193321632 -1.433691246e-24)
(1.085795747 -0.01276033856 1.588820821e-24)
(1.081775605 -0.01338624569 -1.16055284e-22)
(1.077614061 -0.01381549593 1.08701579e-22)
(1.073370781 -0.01405346279 0)
(1.069102599 -0.01410512662 4.646001942e-23)
(1.064863727 -0.01397515876 -1.618423191e-24)
(1.060705887 -0.0136698152 1.589991134e-24)
(1.056677748 -0.01320046406 3.034993219e-24)
(1.052823236 -0.01258767729 3.584943106e-23)
(1.049178703 -0.01186405285 -2.78069795e-24)
(1.045769531 -0.01107391492 -6.125761189e-23)
(1.042607298 -0.01026899686 -1.380828414e-24)
(1.03968821 -0.009501331406 -2.628753531e-23)
(1.036993331 -0.008816312679 1.098722432e-22)
(1.034492885 -0.008240886531 -8.65290942e-23)
(1.032156099 -0.007769242757 7.10709315e-23)
(1.029953654 -0.007379123908 6.575181395e-23)
(1.027865461 -0.007048313708 0)
(1.025876966 -0.006751128351 -1.699907145e-24)
(1.023978641 -0.006462972086 1.528388127e-24)
(1.022167952 -0.006167735667 1.371997208e-24)
(1.020447089 -0.00585976502 4.361497123e-26)
(1.018819163 -0.005541254283 -1.100950676e-24)
(1.017285898 -0.005218355686 4.832524399e-24)
(1.015847135 -0.004897781442 -6.44082246e-25)
(1.014501624 -0.004585276952 -6.549985753e-24)
(1.01324604 -0.004283593872 0)
(1.012075974 -0.003993709964 0)
(1.010987804 -0.00371576878 0)
(1.009977982 -0.003449544544 2.063011415e-24)
(1.009043051 -0.003194850997 0)
(1.008179609 -0.002951676474 -3.93763909e-24)
(1.007384252 -0.002720145098 2.200295912e-24)
(1.006653545 -0.002500421396 0)
(1.005984009 -0.002292632982 -5.8035703e-25)
(1.005372146 -0.002096833861 1.482751364e-24)
(1.004814453 -0.001912998117 4.361208978e-25)
(1.004307449 -0.001741026046 -7.010988329e-25)
(1.003847693 -0.001580751007 3.63351697e-25)
(1.003431799 -0.001431943778 0)
(1.003056459 -0.001294315739 0)
(1.002718459 -0.001167522911 1.098923757e-25)
(1.002414694 -0.00105117152 -1.098936151e-25)
(1.002142183 -0.0009448243034 0)
(1.001898086 -0.0008480068915 -3.986366053e-25)
(1.001679713 -0.0007602137635 7.422567663e-26)
(1.001484531 -0.0006809165361 2.900258135e-25)
(1.001310176 -0.0006095690146 -7.588665604e-27)
(1.001154453 -0.0005456168738 -2.236150873e-25)
(1.001015337 -0.0004885092491 -1.496789809e-25)
(1.000890972 -0.0004377092623 0)
(1.000779648 -0.0003927003552 9.344886359e-26)
(1.000679866 -0.0003530038837 1.243321306e-26)
(1.000590021 -0.0003181593856 -6.883788816e-26)
(1.000509617 -0.000287841224 -5.866500252e-26)
(1.000434518 -0.0002612614879 0)
(1.00037606 -0.0002403734682 1.962895244e-26)
(1.000288958 -0.0002121630353 0)
(1.090346997 0.008965086929 1.011026012e-22)
(1.0938394 0.007807028126 0)
(1.096820889 0.006534217738 0)
(1.099247758 0.005171299238 7.845845911e-24)
(1.10108748 0.003744924772 -1.639663464e-23)
(1.102319254 0.002282777384 0)
(1.1029343 0.0008124861984 2.814384162e-22)
(1.102936071 -0.0006389806162 -4.242858216e-22)
(1.102338223 -0.002045038186 -3.20043366e-22)
(1.101164785 -0.003380965719 2.837870141e-22)
(1.099451019 -0.004623662828 -1.413274151e-22)
(1.097242115 -0.005754807532 2.123115244e-24)
(1.094589299 -0.006760928789 -2.656687844e-22)
(1.091548913 -0.007632601277 2.744801051e-24)
(1.088180245 -0.008364493389 0)
(1.08454361 -0.008954899723 2.402455538e-22)
(1.080699046 -0.00940488059 5.565303936e-23)
(1.076705339 -0.009717143045 -5.628975823e-23)
(1.072619438 -0.009894861822 1.019960737e-22)
(1.068496398 -0.009940885949 0)
(1.064389587 -0.009857883161 -8.968694837e-23)
(1.060350695 -0.009649777101 -8.351966549e-23)
(1.056428955 -0.009324331275 -3.881736618e-23)
(1.052669171 -0.008896086187 0)
(1.049108611 -0.00838834473 -1.427720178e-24)
(1.045773376 -0.007832886646 -2.600942047e-24)
(1.042675399 -0.007266750812 2.522683944e-23)
(1.039811288 -0.006726550748 -1.38716359e-23)
(1.037163491 -0.006242461134 -2.303206485e-23)
(1.034703472 -0.005835213762 1.016143834e-22)
(1.032397704 -0.005509456528 -8.006204398e-23)
(1.030217205 -0.005246919013 -1.365333996e-22)
(1.028141023 -0.005020262977 0)
(1.026158698 -0.004812318317 0)
(1.024263889 -0.0046097476 3.765775132e-25)
(1.022454164 -0.004401823438 6.073429617e-24)
(1.02073179 -0.004184319425 -1.273466339e-24)
(1.019100127 -0.003958708215 -3.22459951e-24)
(1.017561396 -0.003729513708 2.32398522e-24)
(1.016115854 -0.003501633625 4.571500021e-25)
(1.014762628 -0.003279381112 -3.364210916e-24)
(1.013498653 -0.003064690625 0)
(1.012319626 -0.002858270163 2.681299655e-24)
(1.011222057 -0.00266025321 0)
(1.010202507 -0.002470505635 -4.049132721e-24)
(1.009257607 -0.002288913422 1.103172346e-24)
(1.008384026 -0.002115481333 2.512632021e-24)
(1.007578421 -0.001950307134 -2.245868778e-24)
(1.006837405 -0.001793514226 -7.865141529e-26)
(1.00615755 -0.001645197251 -1.205378335e-24)
(1.005535402 -0.001505396742 -4.959246962e-25)
(1.004967504 -0.001374095313 -4.293649321e-25)
(1.004450421 -0.001251222535 1.247234413e-24)
(1.003980757 -0.001136660074 0)
(1.003555174 -0.001030244997 3.42583634e-25)
(1.003170408 -0.0009317723854 -5.287983212e-25)
(1.002823289 -0.000840998536 6.431830231e-25)
(1.002510753 -0.0007576452279 5.525304649e-25)
(1.002229857 -0.0006814045777 0)
(1.001977793 -0.0006119436079 3.244108726e-25)
(1.001751894 -0.000548903853 0)
(1.001549645 -0.0004919154661 0)
(1.001368691 -0.0004405967406 0)
(1.001206838 -0.000394558609 0)
(1.00106205 -0.0003534135677 -1.873619419e-26)
(1.000932459 -0.000316783709 1.741964575e-25)
(1.000816333 -0.0002843090932 -2.723248321e-27)
(1.000712148 -0.0002556504109 -1.304892174e-26)
(1.000618257 -0.0002304797591 1.484040979e-25)
(1.000534168 -0.0002085676733 5.774681857e-26)
(1.00045557 -0.0001893507849 -2.969894801e-27)
(1.00039437 -0.00017424239 2.467209757e-28)
(1.000303104 -0.0001538374171 -2.47021858e-28)
(1.088992966 0.005330624872 -9.946800402e-23)
(1.092389191 0.004643765386 1.137770465e-22)
(1.09529312 0.003889113014 -1.137679299e-22)
(1.097662916 0.003081239319 -7.846589114e-24)
(1.099467288 0.00223582131 1.639851875e-23)
(1.10068603 0.001369176899 0)
(1.101310615 0.0004977760843 1.712089119e-23)
(1.101342316 -0.000362380671 0)
(1.100793329 -0.001195462747 -1.390108162e-22)
(1.099688231 -0.001987013132 -2.785034164e-22)
(1.098059518 -0.002723214501 -2.822563233e-25)
(1.095948665 -0.00339344509 2.465745236e-24)
(1.093403746 -0.00398996253 2.677198486e-22)
(1.090477754 -0.004507336773 1.926363194e-22)
(1.087226666 -0.004942476272 6.066519215e-23)
(1.083707756 -0.005294351043 -1.777070523e-22)
(1.079978349 -0.005563495757 5.817486019e-23)
(1.076094929 -0.005751362042 -1.080602334e-22)
(1.072112677 -0.005859630655 -1.019921448e-22)
(1.06808548 -0.005889762661 0)
(1.064066144 -0.00584312003 1.329956991e-22)
(1.060106317 -0.005721859192 -1.535769406e-24)
(1.056255566 -0.005530500373 3.881736081e-23)
(1.052559229 -0.005277688676 0)
(1.049055116 -0.004977365607 -1.38164618e-25)
(1.045769746 -0.004648566636 -3.065777393e-23)
(1.04271527 -0.004313456915 0)
(1.039888317 -0.003993887594 -4.96890469e-25)
(1.037271543 -0.00370743569 -4.653097881e-23)
(1.034837682 -0.003464846136 1.171568837e-24)
(1.032554001 -0.003271065238 0)
(1.030390687 -0.003122033205 1.333957425e-22)
(1.028326425 -0.002998256465 1.210885509e-22)
(1.026348129 -0.00287839177 0)
(1.02445435 -0.002759369103 -4.627259048e-23)
(1.022643936 -0.002635503904 -2.412698929e-23)
(1.020920261 -0.002505567131 0)
(1.019286304 -0.002370891138 -4.467665202e-24)
(1.017744186 -0.002234135807 5.53477636e-24)
(1.016294323 -0.00209812521 9.544611202e-25)
(1.014936098 -0.001965575882 3.364255132e-24)
(1.013666635 -0.00183750087 0)
(1.012481706 -0.001714289311 -2.681326765e-24)
(1.011377912 -0.001596029329 0)
(1.010351898 -0.001482654398 -2.036260246e-24)
(1.009400367 -0.001374106836 2.036319039e-24)
(1.008520042 -0.001270397749 1.716292148e-24)
(1.00770762 -0.001171592572 1.495651317e-24)
(1.006959752 -0.001077770715 1.354246111e-24)
(1.006273044 -0.0009889930823 1.177476157e-24)
(1.005644073 -0.0009052872259 1.043578109e-24)
(1.005069413 -0.0008266453827 -1.385348956e-24)
(1.004545656 -0.0007530275217 -1.602277866e-24)
(1.004069436 -0.0006843645763 -3.480205001e-25)
(1.003637443 -0.0006205605022 -6.388409359e-25)
(1.003246441 -0.0005614939831 2.946827556e-25)
(1.002893287 -0.0005070204996 -3.464068079e-25)
(1.002574942 -0.000456975021 1.28380244e-25)
(1.002288487 -0.000411174778 0)
(1.002031136 -0.0003694219743 3.448158905e-25)
(1.00180024 -0.0003315119077 0)
(1.001593289 -0.0002972209052 6.093674437e-26)
(1.001407935 -0.0002663200242 -6.093710501e-26)
(1.001241988 -0.0002385807118 -2.423355022e-25)
(1.001093409 -0.0002137743814 4.535989771e-26)
(1.000960317 -0.0001916770896 -1.396871621e-25)
(1.000840966 -0.0001720766754 -1.328780441e-25)
(1.000733824 -0.0001547714437 1.346420175e-26)
(1.000637219 -0.0001395668633 -7.567821671e-26)
(1.000550658 -0.0001263245277 0)
(1.000469717 -0.0001147113171 0)
(1.000406671 -0.000105561494 -2.546323343e-28)
(1.000312606 -9.324481953e-05 1.092811374e-26)
(1.08831738 0.001769792931 2.001278122e-22)
(1.091665782 0.001543512739 8.210253757e-24)
(1.094531455 0.001294255825 -1.128040321e-22)
(1.0968733 0.001026967019 1.261441689e-22)
(1.098660515 0.0007469191935 -1.261342274e-22)
(1.099873175 0.0004595814019 0)
(1.100502616 0.000170546617 -1.713691469e-23)
(1.10055044 -0.0001150593134 0)
(1.100028611 -0.0003911508615 2.797134786e-22)
(1.09895905 -0.0006532572099 0)
(1.097373399 -0.000896931226 0)
(1.095311845 -0.001118689075 0)
(1.092820826 -0.001316012852 -6.570461837e-23)
(1.089951622 -0.001487172119 1.29511436e-22)
(1.086758628 -0.001631185447 -1.893914229e-22)
(1.083297687 -0.001747724374 -5.883204718e-23)
(1.079624839 -0.001836961993 5.890460151e-23)
(1.075795483 -0.001899364729 0)
(1.071863975 -0.001935466996 0)
(1.067883664 -0.001945726697 0)
(1.063907102 -0.001930570685 -4.57051868e-23)
(1.059985934 -0.001890695576 0)
(1.056169899 -0.001827590694 0)
(1.052504598 -0.001744121557 0)
(1.049028105 -0.001644915136 3.402146907e-23)
(1.045767142 -0.001536287734 3.134601921e-23)
(1.042733969 -0.00142558812 0)
(1.039925235 -0.001320052976 0)
(1.037323556 -0.001225496352 1.205789343e-23)
(1.034901818 -0.001145248955 0)
(1.032628876 -0.001080452011 0)
(1.030474772 -0.001031751601 0)
(1.028417033 -0.0009972551619 -3.846156546e-22)
(1.02644495 -0.000961648122 1.239198741e-22)
(1.024551257 -0.0009236739365 5.26976149e-23)
(1.022739432 -0.0008819109475 1.186278392e-23)
(1.02101405 -0.0008374785301 0)
(1.019378155 -0.0007916492706 -1.197752075e-24)
(1.017833938 -0.0007454220474 -4.09347173e-24)
(1.016381764 -0.0006996570419 -5.332468711e-25)
(1.015020994 -0.0006552577743 6.95170024e-24)
(1.01374887 -0.000612456252 -3.281344145e-24)
(1.01256111 -0.0005713334015 0)
(1.01145433 -0.0005318975386 0)
(1.010425211 -0.0004941143348 2.075934579e-24)
(1.009470489 -0.0004579559313 -2.999007172e-24)
(1.008586911 -0.0004234198225 -8.043870636e-25)
(1.007771195 -0.0003905234491 0)
(1.00702001 -0.0003592902122 -1.362613763e-24)
(1.006329979 -0.0003297381976 -5.738882398e-25)
(1.005697694 -0.0003018749858 6.522775086e-26)
(1.005119744 -0.0002756968793 1.907570215e-24)
(1.004592738 -0.0002511897403 3.895347712e-25)
(1.004113321 -0.0002283299951 7.424969177e-25)
(1.003678198 -0.0002070852658 3.109394005e-25)
(1.003284147 -0.0001874149035 -3.10870943e-25)
(1.002928037 -0.0001692706199 0)
(1.002606844 -0.0001525973568 -4.491259054e-25)
(1.00231766 -0.0001373339219 9.328512723e-26)
(1.002057701 -0.0001234136883 -3.576241429e-25)
(1.001824328 -0.0001107754887 -8.1682925e-26)
(1.001615051 -9.93420341e-05 0)
(1.00142752 -8.903462943e-05 5.371063321e-26)
(1.00125954 -7.97784903e-05 1.899811529e-25)
(1.001109074 -7.149891563e-05 -4.616767741e-26)
(1.00097424 -6.412223024e-05 0)
(1.000853287 -5.757571873e-05 1.196470741e-25)
(1.000744672 -5.179296164e-05 -1.104994778e-26)
(1.000646711 -4.671131264e-05 1.104735126e-26)
(1.000558912 -4.228395103e-05 0)
(1.000476808 -3.840428239e-05 0)
(1.000412826 -3.533771644e-05 0)
(1.000317365 -3.123281031e-05 -1.067873816e-26)
(-0.02793487682 0.01219793117 0.05247271343)
(-0.03646182549 0.07098052923 0.05351711414)
(-0.02793107508 0.0122007457 -0.05247261114)
(-0.03642521538 0.07097776052 -0.05351784851)
(-0.03988187918 0.08394347956 0.05401812202)
(-0.01433974194 0.08132369888 0.05508327375)
(-0.03987243057 0.08389063689 -0.05401856232)
(-0.01431224834 0.08131273429 -0.05508364472)
(-0.1275021183 0.01223371861 0.05354020747)
(-0.05087873072 0.07743582825 0.05354299495)
(-0.0978218555 0.07536236344 0.0540900679)
(-0.05242139694 0.01326176322 -0.05276213524)
(-0.1275077802 0.01224880302 -0.05354117762)
(-0.05082497897 0.07743552557 -0.05354303833)
(-0.09791449762 0.07538957691 -0.05409462261)
(-0.0281368813 0.05279063453 3.960255327e-06)
(-0.02148156673 0.04514041591 0.05407291738)
(-0.02170276508 0.04507372498 4.128227591e-05)
(-0.02829843113 0.05290641548 0.05512462223)
(0.01837722533 0.06979751446 0.05515045314)
(0.3002897306 0.03936803437 0.05366473055)
(0.01830648035 0.06985488378 -0.05515096241)
(0.3002962543 0.03935243078 -0.05366594387)
(-0.009051328566 0.02546309507 -1.146721143e-05)
(-0.0279631302 0.01217940363 1.838375653e-05)
(-0.006358126582 0.008868010699 0.05116724215)
(-0.03015800249 0.03493863762 0.05269981149)
(-0.006719861907 0.008845031904 -1.932231407e-05)
(-0.03020145671 0.03492265459 1.331264582e-05)
(-0.008703061735 0.02543171097 0.05177223205)
(-0.01191079552 0.03218299156 0.04664539476)
(-0.01232294759 0.03212894338 -0.0001081843365)
(-0.01516976154 0.03919764625 3.01208444e-05)
(-0.03647489577 0.07093293313 1.057694717e-05)
(-0.03396978714 0.05444457059 0.05317567862)
(-0.02068282036 0.05338478479 0.05358441844)
(-0.03406718512 0.05440782779 1.953380576e-05)
(-0.0205489044 0.05330239342 5.567823828e-06)
(-0.0149222057 0.03927102232 0.05300975076)
(-0.009051138498 0.02546426477 1.147649276e-05)
(-0.02796143852 0.0121806747 -1.903884908e-05)
(-0.006359403417 0.00887009973 -0.05116731847)
(-0.03015408399 0.03494406091 -0.05270006603)
(-0.006719834875 0.008845813602 1.896393883e-05)
(-0.03019923909 0.03492485754 -1.380354918e-05)
(-0.008704196832 0.02543475701 -0.0517722896)
(-0.01190940387 0.03217747174 -0.04664464894)
(-0.01232194202 0.03212658534 0.0001086472882)
(-0.01516902229 0.0391985629 -3.010195121e-05)
(-0.03646393329 0.0709316401 -8.345563139e-06)
(-0.03395629903 0.0544629697 -0.05317688245)
(-0.02067360238 0.05338653349 -0.05358567824)
(-0.03406208759 0.05441326374 -2.024723229e-05)
(-0.02054567913 0.05330213176 -5.869239908e-06)
(-0.01492170364 0.03927331079 -0.05300975829)
(-0.03475153163 0.06071667212 4.046766405e-05)
(-0.0346823991 0.06077141944 0.05584542452)
(-0.02814122704 0.05278894157 -5.006568053e-06)
(-0.02147542122 0.04513014958 -0.05407367018)
(-0.02170115865 0.04506996452 -4.238566096e-05)
(-0.0283106237 0.052901847 -0.05512353105)
(-0.03475575816 0.06071676345 -4.161072555e-05)
(-0.03469525809 0.06077118004 -0.05584419177)
(-0.05253871648 0.01324516276 5.248827335e-06)
(-0.0527026701 0.03820230955 0.0528809479)
(-0.05279451681 0.03819060488 2.493649503e-06)
(-0.07659819319 0.03841412085 -7.135599715e-06)
(-0.07816302963 0.01324676299 0.05298409357)
(-0.07827046534 0.01324096109 -5.61498959e-06)
(-0.07650346423 0.03841946819 0.05305494862)
(-0.2050060685 0.009735532692 0.05553447729)
(-0.1137414941 0.07282396982 0.05442107785)
(-0.158453408 0.06158774099 0.05539269908)
(-0.1503788198 0.01158442547 -0.0538848624)
(-0.2050113061 0.009750749755 -0.0555364633)
(-0.1137685334 0.0728412367 -0.05442563217)
(-0.1584560537 0.06157710003 -0.05539029968)
(-0.07674734874 0.08885049074 0.0544839368)
(-0.004995643265 0.08768110921 0.05485594213)
(0.01713872893 0.09550324644 0.05513069418)
(-0.04774012179 0.08977447073 -0.05398862825)
(-0.07686416395 0.0888054809 -0.05448602871)
(-0.004970062525 0.08767255103 -0.05485239974)
(0.01714343528 0.09551032266 -0.05513284509)
(-0.1119672613 0.074145048 0.0574031556)
(0.02010598146 0.09606401942 0.05529269796)
(-0.001056522502 0.09852026105 0.03152945516)
(-0.08724484472 0.08646903353 -0.05486061184)
(-0.111956876 0.0741352396 -0.05740689385)
(0.02010585251 0.09607969646 -0.05529512321)
(-0.001026526543 0.09850411822 -0.03152830227)
(0.06686776273 0.08746328467 0.05510595161)
(0.3015102631 0.04398570494 0.05326812363)
(0.3101371055 0.05603781119 0.05199351292)
(0.0313961506 0.07615444389 -0.05484084747)
(0.06689077271 0.08749048507 -0.0551056356)
(0.301538097 0.04395117559 -0.05326810816)
(0.3101213064 0.05605213739 -0.05199036109)
(0.4738464238 0.04360703564 0.05279271497)
(1.029240927 0.1085583639 0.04869139915)
(0.4738214272 0.0436341598 -0.05279343707)
(1.029268244 0.10854914 -0.04869160998)
(0.4628679686 0.04801238025 0.05577251205)
(1.001893477 0.09917826453 0.04836292673)
(0.8781906702 0.07470769489 0.0286197367)
(0.4654601143 0.04570175477 -0.05268332686)
(0.4628655586 0.0480114874 -0.05577451003)
(1.001884669 0.09917661007 -0.04836575105)
(0.8781875515 0.07471378631 -0.02861947454)
(-0.03506144955 0.0758083652 7.961468189e-06)
(-0.03997139229 0.08386983928 1.500020858e-05)
(-0.03164100935 0.0701290717 0.05441283009)
(-0.03800284612 0.0889409624 0.05436707372)
(-0.03172577694 0.07007283747 4.173517007e-05)
(-0.03803736834 0.08887654481 -2.503292661e-06)
(-0.03504761162 0.07592096712 0.05463127668)
(-0.03457459445 0.07717441773 1.344832343e-05)
(-0.01430396425 0.08126320771 -1.071175439e-05)
(-0.03104473039 0.08811925628 0.05474227225)
(-0.02286417964 0.07192117042 0.05546711006)
(-0.03106610911 0.08805993876 7.867706484e-06)
(-0.02289393543 0.07190373063 -7.014423694e-06)
(-0.03451208962 0.07726144057 0.05510412184)
(-0.03507068333 0.07580101441 -9.93948921e-06)
(-0.03996676944 0.08385176565 -1.578832139e-05)
(-0.03164028871 0.07011003692 -0.05441119795)
(-0.03804881832 0.08891820234 -0.05436571824)
(-0.03172493429 0.07006525036 -4.061625409e-05)
(-0.03804989788 0.08886725243 -2.790343427e-06)
(-0.03507596888 0.07589828695 -0.05462910019)
(-0.03457962323 0.0771698064 -1.532762493e-05)
(-0.0142977368 0.08126161379 2.667251231e-06)
(-0.03106278116 0.08810857526 -0.05473769997)
(-0.02289945959 0.07196285591 -0.05546904573)
(-0.03107168777 0.08805740076 -8.304501502e-06)
(-0.02290466067 0.07191583031 6.716993635e-07)
(-0.03452439296 0.07724198028 -0.0551021425)
(-0.1001279661 0.03737989828 -1.489626985e-05)
(-0.103356123 0.01282149478 0.05324125306)
(-0.1226569147 0.0358347155 0.0535796132)
(-0.1278627622 0.01224392472 -3.583974465e-05)
(-0.103524416 0.01282229965 -1.522698688e-05)
(-0.1229929798 0.0358570459 -3.287889868e-05)
(-0.09997701971 0.03738144265 0.05329203256)
(-0.05095866938 0.07741436726 7.021242096e-06)
(-0.05270215667 0.05978495715 0.05317413701)
(-0.05279411153 0.05977582199 5.423912283e-06)
(-0.07291534763 0.06049971642 -4.64795871e-06)
(-0.06629536403 0.07861172048 0.0536420523)
(-0.066417194 0.07861291283 -1.154732908e-05)
(-0.07281995945 0.06052589385 0.05328136309)
(-0.09313874392 0.05923135048 -1.448218469e-05)
(-0.1128079659 0.05715700685 0.05377413638)
(-0.08198183704 0.07748371163 0.05382981634)
(-0.09811008316 0.07537917885 -4.193440699e-05)
(-0.1131169696 0.05712259032 -2.685064864e-05)
(-0.08213874146 0.07748939974 -2.619708375e-05)
(-0.09300027986 0.0592726201 0.05348422519)
(-0.05253502378 0.01324739176 -5.2048906e-06)
(-0.052687383 0.03821582438 -0.05288197162)
(-0.05278890733 0.03819540534 -2.710063318e-06)
(-0.07659283818 0.038423553 8.035122879e-06)
(-0.07815616783 0.0132573095 -0.05298472542)
(-0.07826791374 0.0132452568 6.292299135e-06)
(-0.07648788237 0.03844801011 -0.05305673953)
(-0.1001281588 0.03739172241 1.688574067e-05)
(-0.1278646411 0.01224909428 3.56798205e-05)
(-0.1033610309 0.01283668695 -0.05324215663)
(-0.1226622139 0.03586260939 -0.05358183864)
(-0.1035256706 0.01282812329 1.62578519e-05)
(-0.1229956207 0.0358660439 3.416866136e-05)
(-0.09997684757 0.03741585465 -0.05329403991)
(-0.05094233458 0.07741411774 -1.431550347e-06)
(-0.05266853363 0.05982333959 -0.05317652433)
(-0.05278318072 0.0597866684 -4.986606139e-06)
(-0.07290502809 0.06051515473 8.117993337e-06)
(-0.06624768653 0.07863597212 -0.05364135285)
(-0.06640268598 0.07861875211 1.992626119e-05)
(-0.07279040721 0.06058184611 -0.05328345393)
(-0.0931410453 0.05924946656 1.90638971e-05)
(-0.0981358045 0.07538601328 4.244680153e-05)
(-0.1128402792 0.05716579448 -0.05377517388)
(-0.08203646188 0.07757952952 -0.05382942096)
(-0.1131279514 0.05712571995 3.140275907e-05)
(-0.08215391099 0.07751206592 3.82952165e-05)
(-0.09300731539 0.05933866259 -0.05348835752)
(0.01829076295 0.06984530201 -6.719779347e-06)
(0.005482309296 0.06201736653 0.05565519794)
(0.005445816663 0.06204997115 1.980601209e-05)
(0.06221394982 0.0493258299 3.054292867e-06)
(0.07563794918 0.05617980169 0.05478222231)
(0.07560879616 0.05623660723 5.186172988e-06)
(0.06215964486 0.04933867369 0.05537203093)
(0.1587200631 0.03836951457 4.478431109e-06)
(0.1672908696 0.04463873927 0.05430920627)
(0.3011038037 0.03466281596 0.054096746)
(0.3002536675 0.03937969253 -1.446858761e-05)
(0.1673090989 0.04462998124 1.369454623e-06)
(0.3011134363 0.03471023573 -7.655132905e-07)
(0.1586765229 0.03834092578 0.05492202232)
(0.0182712161 0.0698621228 1.024686273e-06)
(0.005432997832 0.06206797304 -0.05565205163)
(0.005431444125 0.06206491792 -1.201565185e-05)
(0.06221838064 0.04932455107 -1.40056854e-06)
(0.07561209375 0.05622946428 -0.05478015052)
(0.07560038457 0.05625198321 -1.072762123e-06)
(0.06217609801 0.04932725028 -0.05537331283)
(0.158721279 0.03837012026 -3.54940187e-06)
(0.3002562754 0.03937607138 1.003028623e-05)
(0.1673096049 0.04461702139 -0.05431015548)
(0.3010957882 0.03467979941 -0.05409838562)
(0.1673136235 0.04462481096 1.309208343e-06)
(0.3011127417 0.0347153846 1.904074352e-06)
(0.1586796437 0.03833942395 -0.054923004)
(-0.1443809656 0.03411297513 0.05391829937)
(-0.1512263564 0.01159304387 -8.253984346e-05)
(-0.1451862839 0.03415946625 -7.620304431e-05)
(-0.1667025986 0.03227459536 -0.0002096406527)
(-0.1719716378 0.01081237294 0.05426472334)
(-0.1735358761 0.01086070849 -0.0002207860914)
(-0.1651827596 0.03213108789 0.05427572993)
(-0.2662704682 0.01519294162 0.03219801768)
(-0.199689779 0.05100865369 0.03132305255)
(-0.2259258755 0.04311840266 0.03156187563)
(-0.2349849121 0.01486643619 -0.03133497033)
(-0.2662726552 0.01519284226 -0.03219788215)
(-0.1996966301 0.05101397463 -0.03132307774)
(-0.2259295406 0.0431182867 -0.03156179948)
(-0.04784766304 0.08981664969 8.236884577e-06)
(-0.0401632675 0.0952681149 0.0543086049)
(-0.04015221905 0.09521830324 -3.096594513e-06)
(-0.05674470612 0.09134322944 0.0540486679)
(-0.05680857722 0.09135697662 4.638919939e-06)
(-0.04282202152 0.09765905005 9.486587797e-06)
(-0.0427864577 0.09769911355 0.05438105524)
(-0.08770236447 0.08650931238 -4.226634581e-05)
(-0.06346656258 0.09204748159 -0.000102858641)
(-0.09767527516 0.08341459248 0.05535728777)
(-0.05581153093 0.09508371321 0.05520096579)
(-0.09868219175 0.08367900675 -0.0001196325089)
(-0.05619474736 0.0949868867 -7.183424253e-05)
(-0.06270632265 0.09193406041 0.05566743167)
(-0.1124198496 0.05763184818 0.03340268101)
(-0.01082448574 0.07432915937 0.03220095783)
(-0.01199757661 0.05219349822 0.03199002863)
(-0.1042937302 0.06881610619 -0.032274694)
(-0.1124261872 0.05762644312 -0.03340324464)
(-0.01085146273 0.07433168618 -0.03219695052)
(-0.0120240287 0.05218872693 -0.03198830834)
(0.0313814632 0.07611945907 -2.137934144e-05)
(0.0895780478 0.06217886593 0.0544552574)
(0.0894943483 0.06226710664 -1.451030523e-05)
(0.1025505613 0.06771445436 -2.589142796e-05)
(0.04386246104 0.08120630171 0.05479924692)
(0.04385519411 0.08115151036 -8.641309118e-06)
(0.1026700049 0.06771175057 0.05445531017)
(0.1362124899 0.0754493585 0.0328996158)
(0.2642460128 0.06253683724 0.03011317781)
(0.2831677284 0.06548704416 0.02986754987)
(0.07905660968 0.08833583555 -0.05566358932)
(0.1361912997 0.07542479878 -0.03290342455)
(0.264226399 0.06253483728 -0.03011472232)
(0.2831587441 0.06548453434 -0.02987090947)
(0.465399461 0.04560141798 -1.653269632e-05)
(0.6360676857 0.05947947516 -9.94042664e-05)
(0.460573574 0.04777018527 0.05269135042)
(0.6530790743 0.05822726142 0.05148102771)
(0.4602670212 0.04767558975 -1.856920611e-05)
(0.6529305212 0.05795615157 -7.310739025e-05)
(0.6363371487 0.05947971065 0.05131607424)
(0.5345881594 0.03632300533 0.03282858745)
(0.8377693224 0.06207869727 0.02833550817)
(0.8282683912 0.03908764656 0.02749349143)
(0.5439341546 0.04317713642 -0.03074070658)
(0.5345600163 0.03632274243 -0.03282866749)
(0.8377526466 0.062074676 -0.02833593545)
(0.8282421548 0.0390910563 -0.02749589058)
(1.208638111 0.1426190146 0.02734793244)
(1.289079132 0.1598030885 0.02561590796)
(1.208623855 0.1425945198 -0.0273493363)
(1.289059286 0.1597916267 -0.02561875479)
(1.147351183 0.1083451548 0.02893237172)
(1.277431146 0.1428928545 0.02558129989)
(1.274699286 0.1226198195 0.02532186142)
(1.184213116 0.1286034019 -0.0275248308)
(1.147358699 0.1083327388 -0.02893043101)
(1.277450946 0.1428789164 -0.02558087969)
(1.274684443 0.1225987977 -0.02532423704)
(-0.1871789778 0.03020301826 -0.0004561911164)
(-0.1916398903 0.01004289602 0.05465815217)
(-0.198185276 0.0260447952 0.05543650077)
(-0.2189259367 0.01040380515 -0.0001624802097)
(-0.1944369402 0.01020613727 -0.0004685736787)
(-0.2117739455 0.0270078772 -0.0001645055633)
(-0.1844918319 0.02979241531 0.05463655124)
(-0.1321061313 0.05463783103 0.05414562319)
(-0.1143791835 0.0728982745 -7.883942652e-05)
(-0.1328371493 0.0546365514 -6.861139748e-05)
(-0.152068457 0.05185344021 -0.0001862521215)
(-0.1300175113 0.0699756912 0.05478104059)
(-0.131237597 0.07022112156 -0.0001787814835)
(-0.1507526899 0.05170507367 0.05454401202)
(-0.1704603289 0.04903403488 -0.0003912287584)
(-0.1813968426 0.04607266815 0.0560633024)
(-0.1462899884 0.06652220191 0.05499928548)
(-0.1686541436 0.06363102765 -0.0002235576063)
(-0.1926584408 0.04813250068 -0.0001091463655)
(-0.1483186966 0.06717005966 -0.0003838583386)
(-0.1683242044 0.0484392885 0.05498693699)
(-0.1512254155 0.01159712591 8.209423818e-05)
(-0.1443788304 0.03412043738 -0.05391908877)
(-0.1451866556 0.03416206969 7.784149553e-05)
(-0.1667020016 0.03227330882 0.0002124909686)
(-0.1719675633 0.01082225751 -0.0542653735)
(-0.1735348791 0.01086384367 0.0002215050854)
(-0.1651817138 0.03212459376 -0.05427559807)
(-0.1871785937 0.03020339113 0.0004576893942)
(-0.2189283497 0.01040832044 0.000162158843)
(-0.1916457898 0.01005097168 -0.05465862211)
(-0.1981890497 0.02604875215 -0.05543543443)
(-0.1944387016 0.01020890076 0.0004691535119)
(-0.2117755249 0.02700917877 0.0001680344219)
(-0.1844899929 0.02979358091 -0.05463817133)
(-0.1143880912 0.0729029124 7.545017752e-05)
(-0.1321329761 0.05461638652 -0.05414616241)
(-0.1328454321 0.05463157982 7.008158368e-05)
(-0.1520701588 0.05184711256 0.0001853720873)
(-0.129994198 0.06997565738 -0.05478214395)
(-0.1312330835 0.07022021553 0.0001761625762)
(-0.1507555782 0.05168195652 -0.0545453351)
(-0.1704593086 0.0490344119 0.0003915994927)
(-0.1686539444 0.06362907681 0.0002276253931)
(-0.1813990623 0.04607547545 -0.05606577371)
(-0.1462626471 0.06650758536 -0.05499743546)
(-0.1926595306 0.04813373466 0.0001088889063)
(-0.1483106977 0.06716624833 0.000386864134)
(-0.1683190872 0.04844190505 -0.0549873355)
(-0.06645305897 0.09061948252 0.05421673448)
(-0.07697894828 0.08886718106 -1.576971474e-05)
(-0.06657629434 0.09064300278 -6.651530595e-06)
(-0.04635433108 0.097825097 -4.503915915e-06)
(-0.05058188636 0.09688591136 0.05485719288)
(-0.05085815242 0.09684973162 -2.774675631e-05)
(-0.04620526451 0.09785773725 0.05457762384)
(-0.004982994766 0.08760316959 4.624659516e-06)
(-0.0268456128 0.09429602371 0.05461224619)
(-0.02686722933 0.09428291798 4.007540675e-06)
(-0.02321175371 0.09751231955 2.245859314e-06)
(0.003944744609 0.09182751711 0.05484102733)
(0.003851357984 0.09178182613 -5.223672431e-06)
(-0.02316539444 0.0975694208 0.05468273502)
(-0.02047087111 0.09847881048 -3.121115137e-06)
(-0.01851809934 0.09817768805 0.05526453971)
(0.01151298126 0.09416007367 0.05490433478)
(0.01665088022 0.09541978768 -6.290595138e-05)
(-0.01881307295 0.09804289103 -1.216422861e-05)
(0.01129692969 0.09411658314 -2.326297758e-05)
(-0.02036708774 0.0985567135 0.05489749429)
(-0.04782832618 0.08978468709 -7.697843912e-06)
(-0.04025884275 0.09521695613 -0.05430477404)
(-0.04017546109 0.09520089469 -5.31296611e-06)
(-0.05661746564 0.09113976963 -0.05404214378)
(-0.05677466807 0.09129949931 3.97852073e-06)
(-0.04282391418 0.09762495988 -3.912528937e-05)
(-0.04279510401 0.09757799993 -0.05439569943)
(-0.07701027721 0.08885047097 2.454790296e-05)
(-0.06647923775 0.09046031897 -0.05419414632)
(-0.06658511152 0.09059576558 3.556856157e-05)
(-0.04633002905 0.09777702333 -1.325576566e-05)
(-0.05053585773 0.09683873966 -0.05485605003)
(-0.05084578821 0.09683418088 2.217405471e-05)
(-0.04610465415 0.09768288626 -0.05458251709)
(-0.004976168752 0.08760154952 -7.96546242e-08)
(-0.02688372248 0.09434828331 -0.0546125994)
(-0.02687663309 0.09429657092 -6.472742689e-06)
(-0.02320754793 0.09754079801 -7.254430358e-06)
(0.003940533138 0.0918650332 -0.05483640646)
(0.003851854143 0.0917922643 4.019026138e-06)
(-0.02315672343 0.09768233887 -0.05468102917)
(-0.02044772427 0.09849175189 1.344998858e-06)
(0.0166541123 0.09542245005 5.986721107e-05)
(-0.01847309687 0.098186546 -0.05526212657)
(0.01152586097 0.094196099 -0.05490397208)
(-0.01879937341 0.0980463595 1.747411826e-05)
(0.01130335471 0.09412671272 2.258707345e-05)
(-0.02028930991 0.09860707405 -0.05489753944)
(-0.07223198931 0.08440932875 -0.0002034686133)
(-0.1068898511 0.07913021935 0.05594934748)
(-0.07522323545 0.07849588066 0.05693540764)
(-0.11770983 0.07600481074 -0.0001276187134)
(-0.1080832635 0.07976881842 -0.000292230862)
(-0.07993943052 0.07760825984 -0.0001607531012)
(-0.07130654372 0.08617269481 0.05629791733)
(-0.01955512746 0.09482149671 9.226034664e-06)
(-0.01723518615 0.09654783659 0.05576012278)
(0.02318415033 0.09650380721 0.055433769)
(0.01948197376 0.09586269563 -0.000157502454)
(-0.01756795417 0.09629000668 -7.047273759e-05)
(0.02039549804 0.09629854988 -0.0001803025745)
(-0.0169830147 0.09479585244 0.05706755782)
(-0.08771912787 0.08650370458 4.878497257e-05)
(-0.06346173496 0.09204642195 0.0001011054623)
(-0.09771132993 0.08341374802 -0.05535704156)
(-0.05579935482 0.09506349284 -0.05520395786)
(-0.09869324518 0.08367721318 0.0001202127797)
(-0.05619121618 0.09497942778 6.628856147e-05)
(-0.06269111715 0.09193024623 -0.05566531137)
(-0.0722234296 0.08441580453 0.0002035731987)
(-0.1177059993 0.07600398866 0.0001246833873)
(-0.1068987889 0.07911449805 -0.05595118912)
(-0.0752107651 0.07851891197 -0.05693458884)
(-0.1080848919 0.07976442623 0.0002897907664)
(-0.07993349375 0.07761725048 0.0001621923192)
(-0.07128880554 0.08618961772 -0.05629817739)
(-0.01955176755 0.09481872853 -9.354787557e-06)
(0.01948285886 0.09586687052 0.0001542442214)
(-0.01724547839 0.09655479253 -0.05575942964)
(0.02319952371 0.09652144531 -0.05543722583)
(-0.01756932663 0.09629265142 7.39748327e-05)
(0.02040227764 0.09630045419 0.000177061436)
(-0.01698341143 0.09478698807 -0.05706731173)
(0.1149619362 0.07234421293 -4.666732027e-05)
(0.05551738366 0.08490011158 0.05482560841)
(0.1263731936 0.07589835219 0.05471128359)
(0.0664215329 0.08745365383 -3.27304319e-05)
(0.05538397984 0.08483241798 -1.290717667e-05)
(0.1259839233 0.0759556474 -6.533340623e-05)
(0.1151158734 0.07246498526 0.05452570388)
(0.1776697631 0.04979206872 0.05397855472)
(0.3013954926 0.04396380218 -2.200497661e-05)
(0.1776112258 0.0498064993 3.008941673e-06)
(0.1886162002 0.05379084291 -1.569406452e-05)
(0.3041470519 0.04785535144 0.05303552372)
(0.3038066725 0.04785699234 -5.678117344e-05)
(0.1888175801 0.05384045935 0.05399559805)
(0.2005987036 0.05642207953 -5.404910926e-05)
(0.2107442657 0.05830763619 0.05563099626)
(0.3055346692 0.05144284388 0.05275368382)
(0.307725211 0.05591607428 -0.0001907105344)
(0.2085974101 0.05798157641 6.881272667e-05)
(0.3050754946 0.05129961879 -0.0001337784778)
(0.2006420715 0.05663835669 0.05433859045)
(0.03138243617 0.07612091018 1.214343263e-05)
(0.08954017405 0.06225748639 -0.05445559951)
(0.08948307126 0.06229055396 1.338888708e-05)
(0.1025527727 0.06772743012 2.152487775e-05)
(0.04391272645 0.08120596748 -0.0547961773)
(0.04386959569 0.08115360524 4.853334685e-06)
(0.1026785722 0.06775016162 -0.05445572307)
(0.1149726443 0.07234772987 4.703872671e-05)
(0.06642826823 0.08746166542 3.642818537e-05)
(0.05556316123 0.08491558952 -0.05482466959)
(0.1263983525 0.07588792375 -0.05471106722)
(0.05539834622 0.08483825285 1.472123253e-05)
(0.1259899855 0.07595240669 6.69617728e-05)
(0.1151526689 0.07247194879 -0.05452594175)
(0.3014047381 0.04395504779 2.613414744e-05)
(0.1776612696 0.04981963707 -0.05397776891)
(0.177607505 0.04981531828 3.522648139e-06)
(0.1886100972 0.05380435699 1.638791706e-05)
(0.3041453633 0.04785808662 -0.05303678005)
(0.303806469 0.04785915537 5.961551083e-05)
(0.1887951365 0.05388268932 -0.05399550512)
(0.2005960242 0.05642915879 5.457783548e-05)
(0.3077145916 0.05592215427 0.0001942725365)
(0.2107346505 0.05832089238 -0.05563497982)
(0.3055349909 0.05145842886 -0.05275633115)
(0.2085910822 0.05798532143 -6.976654073e-05)
(0.3050734411 0.05130554239 0.0001353648662)
(0.2006355756 0.05665833885 -0.05433898864)
(0.4852171307 0.04265818937 0.05297458335)
(0.4738108985 0.04358906075 -1.107487312e-05)
(0.4852575008 0.04267084921 -2.246026669e-07)
(0.6918999376 0.06222265091 -2.736587182e-05)
(0.6711038566 0.05944632681 0.05146657278)
(0.6709919026 0.05933363108 -4.054119807e-05)
(0.6919529504 0.06224574576 0.05170814458)
(0.8931479576 0.08791434039 -4.452507645e-05)
(0.8675132904 0.08108054869 0.0503304583)
(1.056549517 0.1180789948 0.04862760557)
(1.029136409 0.1064550082 -6.719968146e-05)
(0.8672996188 0.08091427102 -7.053800645e-05)
(1.056396473 0.1166228793 -7.081955227e-05)
(0.8932953984 0.08802367497 0.05045657895)
(0.4738064779 0.04359799889 8.139677413e-06)
(0.4852375326 0.04265800339 -0.05297423717)
(0.485264436 0.04267119595 8.795016206e-06)
(0.6919104253 0.06222250548 3.098468848e-05)
(0.6711004245 0.05946543483 -0.05146708009)
(0.6709884014 0.05933951802 4.497201851e-05)
(0.6919871685 0.06223943288 -0.05171129781)
(0.893145008 0.08791622943 4.59895702e-05)
(1.029144511 0.1064494421 7.361201464e-05)
(0.8675134206 0.08108803539 -0.05033395345)
(1.056520608 0.1180750903 -0.04862857064)
(0.8672986475 0.08091539353 7.506964022e-05)
(1.056387192 0.1166197105 6.770661844e-05)
(0.8932910815 0.08802866676 -0.05045799772)
(0.6173699506 0.0529539713 -0.0001376762527)
(0.461686123 0.04808307579 0.0531834931)
(0.6141604545 0.04590148097 0.05045587824)
(0.4607642604 0.04776212101 5.540810145e-05)
(0.461590032 0.04795182931 -0.0001090524483)
(0.6120253066 0.04323912783 -0.0002098867921)
(0.6176951252 0.05464641038 0.05103420663)
(0.8253123752 0.06586759986 5.98601437e-05)
(0.8491965962 0.07459639999 0.05076703948)
(0.9841695789 0.08732825372 0.04714541601)
(1.00164686 0.0969398973 -0.0001283432199)
(0.8493553019 0.0743271709 -0.0001225195602)
(0.9823948664 0.08465375779 -0.0002193137982)
(0.8266869183 0.06631336944 0.05337258856)
(0.4654011111 0.04560138396 1.372073458e-05)
(0.6360698608 0.0594830825 0.0001016553562)
(0.4605968275 0.04776599337 -0.052693843)
(0.653070536 0.05825442122 -0.05148182819)
(0.4602732702 0.04767526566 2.174580324e-05)
(0.6529286994 0.05796458782 7.255362719e-05)
(0.636342962 0.05948922701 -0.05131832865)
(0.6173726294 0.05295509489 0.0001402229642)
(0.4607641794 0.04776429579 -5.360420211e-05)
(0.4616924814 0.04808629062 -0.05318456218)
(0.61416174 0.04590170173 -0.05045778613)
(0.4615912766 0.04795402037 0.0001122742681)
(0.612025873 0.04324051871 0.0002134100857)
(0.6177033282 0.05464583814 -0.05103686404)
(0.8253096962 0.06587210482 -5.834917926e-05)
(1.00164651 0.09694151458 0.0001307732502)
(0.8491903889 0.07461140139 -0.05076756776)
(0.9841590539 0.08733667994 -0.0471466058)
(0.8493536851 0.07433225317 0.0001246258597)
(0.9823930167 0.08466029461 0.00022163478)
(0.8266772827 0.06632451969 -0.05337420722)
(0.09418733038 0.08769085371 0.05725501251)
(0.1369625133 0.07445927523 0.05523064344)
(0.07861506979 0.08825752371 -0.0001237116916)
(0.0913699809 0.08752786207 -4.732253833e-05)
(0.1364545975 0.07236958627 -9.753458108e-05)
(0.1503417915 0.0683336856 -0.0001492689014)
(0.1531608868 0.07089834249 0.05562332334)
(0.07861221464 0.08826678455 0.0001284807163)
(0.09415633005 0.08771650951 -0.05725129251)
(0.1369583047 0.07444127866 -0.05522969946)
(0.09135538719 0.08753220719 5.012780994e-05)
(0.1364506462 0.07236234607 0.0001009042738)
(0.1503244559 0.06832546766 0.0001491695291)
(0.1531214211 0.07087615158 -0.05562127045)
(-0.002225348259 0.01001039606 -0.0001104891156)
(-0.0009878945833 0.005761806983 -0.0001035332056)
(-0.0004699061932 0.001872328824 -9.744724511e-05)
(-0.001237687875 0.003587691281 0.02564936506)
(-0.0004575058839 0.002038738786 0.01628231783)
(0.0001401986783 0.0006793590385 0.009241526316)
(-0.001434193983 0.00357435946 -0.0001107018385)
(-0.0005006185025 0.002037666084 -0.000104324514)
(-0.0002966921165 0.0006422327062 -9.742615365e-05)
(-0.002031140389 0.01000472058 0.02591707477)
(-0.0009441548037 0.005747601482 0.01633887621)
(-3.297462169e-05 0.001918114521 0.009281897474)
(-0.004410687538 0.01418266999 -0.0001035867862)
(-0.002355575108 0.008202486708 -9.79316285e-05)
(-0.000946262725 0.002656693108 -9.531676749e-05)
(-0.004257700115 0.01425619123 0.02672186923)
(-0.002331817837 0.008239493354 0.01660531515)
(-0.0005230872442 0.002784467177 0.009448300565)
(-0.002225280215 0.01001085425 0.000110457553)
(-0.0009878755901 0.005762086784 0.0001035103349)
(-0.0004699006206 0.001872426084 9.743390996e-05)
(-0.001238080139 0.003588633865 -0.02564925481)
(-0.000457668335 0.002039330728 -0.01628221348)
(0.0001401644231 0.0006795736861 -0.009241461611)
(-0.001434156561 0.003574702288 0.0001105362014)
(-0.000500601076 0.002037873814 0.0001042166555)
(-0.00029668304 0.0006423053267 9.736199585e-05)
(-0.002031375269 0.01000603929 -0.02591706255)
(-0.0009442735269 0.005748426365 -0.01633883218)
(-3.301353999e-05 0.001918413361 -0.009281875496)
(-0.004410543776 0.0141829214 0.0001036125441)
(-0.002355533156 0.008202624691 9.795169931e-05)
(-0.0009462570765 0.002656735276 9.533076899e-05)
(-0.004257799569 0.01425726879 -0.0267219293)
(-0.002331946346 0.008240192916 -0.01660532668)
(-0.0005231595427 0.002784731739 -0.009448315925)
)
;

boundaryField
{
    inlet
    {
        type            fixedValue;
        value           nonuniform 0();
    }
    outlet
    {
        type            zeroGradient;
    }
    topAndBottom
    {
        type            symmetry;
    }
    frontAndBack
    {
        type            empty;
    }
    cylinder
    {
        type            noSlip;
    }
    procBoundary3to1
    {
        type            processor;
        value           nonuniform List<vector> 
125
(
(-0.2841478995 -0.02748589173 4.358967994e-07)
(-0.3246749869 -0.02076220816 -1.800399127e-21)
(-0.3524535105 -0.0138442635 -1.858818926e-22)
(-0.3658563918 -0.004717155522 -8.852336497e-26)
(-0.3612502491 0.005631037963 1.763919876e-22)
(-0.3385344089 0.01624458606 -1.623824588e-22)
(-0.2979482515 0.02616013963 1.021023256e-21)
(-0.2416399266 0.03424124886 -9.038670199e-22)
(-0.1730268844 0.04023745813 9.295476148e-23)
(-0.09600901219 0.04397127352 4.339399009e-22)
(-0.01436060552 0.04550400496 -4.345878727e-22)
(0.06837429295 0.04528898949 1.294349102e-22)
(0.1493225094 0.0436821438 -1.521949274e-22)
(0.22653974 0.04117064058 -3.112015447e-23)
(0.2986463452 0.03816269607 -4.768012689e-23)
(0.3649361972 0.0349585785 1.134053365e-22)
(0.4252238116 0.03176429493 0)
(0.4796665369 0.02871162733 -1.536652253e-22)
(0.528626687 0.02587646327 1.630854028e-22)
(0.5725743719 0.02329526626 1.574048782e-22)
(0.6120206334 0.02097847543 -2.318089134e-22)
(0.6474749424 0.01892050845 4.915360769e-24)
(0.6794208815 0.01710671181 6.546983349e-23)
(0.7083028018 0.01551736821 -6.259628987e-23)
(0.7345204254 0.01413019749 1.090712301e-22)
(0.7584269421 0.01292147517 -5.362050409e-23)
(0.7803284575 0.01186733533 -8.538815821e-23)
(0.8004856994 0.01094466997 4.830146819e-23)
(0.8191170208 0.01013183537 3.869339592e-23)
(0.8364023344 0.009409272464 3.246344494e-23)
(0.8524877601 0.008759905991 -6.171689975e-23)
(0.8674905611 0.008169344277 3.010207226e-23)
(0.8815038356 0.007625331355 2.449898566e-23)
(0.894600736 0.007118927519 -4.508295504e-23)
(0.9068298963 0.006640506287 3.09683107e-23)
(0.9182368448 0.00618253898 -1.377084394e-23)
(0.9288591356 0.005738666014 1.633877956e-23)
(0.9387160879 0.005302336844 -8.188397698e-25)
(0.9478150221 0.004867147271 -6.901655371e-24)
(0.9561526311 0.004427071918 8.318047852e-24)
(0.9637159734 0.003977162538 -1.032259374e-23)
(0.9704847023 0.00351464106 9.136170791e-24)
(0.9764354706 0.003040254174 -4.285942945e-24)
(0.9815488483 0.00255951404 -1.575380901e-24)
(0.985818247 0.00208327732 1.787652142e-24)
(0.9892593383 0.001627127431 -3.88627228e-24)
(0.9919175749 0.001209311508 1.371401717e-24)
(0.9938711957 0.000847481526 -9.745916314e-25)
(0.9952278902 0.0005550246479 1.215086456e-25)
(0.9961150254 0.0003380727416 8.533086822e-25)
(0.9966653916 0.0001941687691 6.550259744e-25)
(0.9970019456 0.000113033856 -6.227134426e-25)
(0.997225335 7.914947606e-05 1.105429664e-24)
(0.9974069431 7.52748605e-05 4.655602972e-25)
(0.9975883382 8.578183502e-05 -2.248454864e-26)
(0.9977860676 9.895670707e-05 -3.64887842e-25)
(0.9979994851 0.0001078529643 4.35023904e-26)
(0.9982190649 0.0001098480107 2.274311928e-26)
(0.9984331996 0.0001053917372 -1.240454352e-25)
(0.9986324979 9.652760779e-05 -2.036775684e-25)
(0.9988115703 8.564381319e-05 1.40423789e-26)
(0.9989689296 7.468667054e-05 1.276161273e-26)
(0.9991059107 6.484900662e-05 -1.097731013e-25)
(0.9992252302 5.661011278e-05 -6.604416504e-26)
(0.9993302362 4.995158096e-05 2.241561602e-26)
(0.9994228526 4.46246177e-05 -1.263680466e-26)
(0.9995086647 4.024783347e-05 1.263930338e-26)
(0.9995753114 3.692952547e-05 -1.047002854e-27)
(0.9996743008 3.247422843e-05 1.051252328e-27)
(-0.05243001192 -0.0131232706 0.05276197711)
(-0.1503871209 -0.01141942595 0.05388387845)
(-0.2350020541 -0.01475100519 0.03133391314)
(-0.02793014116 -0.01208665428 0.0524725746)
(-0.02792846049 -0.01208611343 -0.0524723649)
(-0.1275038955 -0.01207901102 0.05354017631)
(-0.05242265807 -0.01311863063 -0.05276190796)
(-0.127506794 -0.01208032158 -0.05354078023)
(-0.02795861005 -0.01206846922 1.840479605e-05)
(-0.006352747587 -0.008797541431 0.05116684025)
(-0.006714593772 -0.00877521268 -1.930529584e-05)
(-0.02795775385 -0.01206841452 -1.914626018e-05)
(-0.006354691599 -0.008799385421 -0.05116687592)
(-0.006714835725 -0.008775896529 1.893136827e-05)
(-0.205017537 -0.009607366583 0.05553339291)
(-0.1503794262 -0.01142493926 -0.05388438338)
(-0.2050223807 -0.00962204694 -0.05553535138)
(-0.05253724184 -0.01311125234 5.269486924e-06)
(-0.07816440119 -0.0130994847 0.05298421011)
(-0.07827206244 -0.01309349364 -5.603117697e-06)
(-0.1033580387 -0.01266478495 0.05324125476)
(-0.1278642485 -0.01208938842 -3.583454212e-05)
(-0.1035262042 -0.0126650889 -1.52668987e-05)
(-0.0525347377 -0.01310989138 -5.437080738e-06)
(-0.07815984484 -0.01309320535 -0.05298445597)
(-0.07827044289 -0.01309129667 5.891027722e-06)
(-0.1278650143 -0.01208915681 3.529420289e-05)
(-0.103362201 -0.01265977226 -0.05324165675)
(-0.1035271829 -0.01266300227 1.577827904e-05)
(-0.2663019851 -0.01510541566 0.03219643485)
(-0.2350078885 -0.01475292775 -0.03133385874)
(-0.2663041665 -0.01510543093 -0.03219629858)
(-0.1512292249 -0.01144149265 -8.253676525e-05)
(-0.1719765573 -0.01066675597 0.05426432882)
(-0.1735408773 -0.01071543838 -0.000220794599)
(-0.1916480782 -0.009904109888 0.0546575105)
(-0.2189389468 -0.01027023019 -0.0001625167833)
(-0.1944454885 -0.01006639403 -0.0004686142684)
(-0.1512273433 -0.01144254838 8.185765022e-05)
(-0.1719709832 -0.0106730864 -0.05426485398)
(-0.1735392716 -0.01071710582 0.0002213856136)
(-0.2189411653 -0.01027452592 0.0001621708488)
(-0.1916531659 -0.009910632337 -0.05465791891)
(-0.1944469207 -0.01006850338 0.0004691327578)
(-0.001235249844 -0.003559132263 0.02564888501)
(-0.0004560396384 -0.002022403613 0.01628199428)
(0.0001406883482 -0.0006739944383 0.009241314774)
(-0.001431803057 -0.003546170173 -0.0001106976902)
(-0.0004991826005 -0.002021569854 -0.000104322725)
(-0.0002962065558 -0.0006369907078 -9.742403078e-05)
(-0.001235755476 -0.003559901308 -0.02564873255)
(-0.0004562298136 -0.002022865477 -0.0162818594)
(0.0001406550958 -0.0006741528921 -0.009241231257)
(-0.001431813355 -0.003546442386 0.0001105040947)
(-0.0004991789913 -0.002021724863 0.0001041936996)
(-0.0002961972651 -0.0006370410551 9.734639086e-05)
)
;
    }
    procBoundary3to2
    {
        type            processor;
        value           nonuniform List<vector> 
103
(
(1.293170212 0.1792545744 0.0248885873)
(1.293123623 0.1792448604 -0.02489152505)
(1.27656082 0.192604004 0.02191178585)
(1.262213421 0.1821140318 0.0205076918)
(1.276581139 0.1926122644 -0.02190895721)
(1.262218964 0.1820985049 -0.02050687627)
(1.233404791 0.1694011714 -1.848408774e-06)
(1.210140222 0.1480583309 0)
(1.190763462 0.128732002 -2.962122576e-22)
(1.174485911 0.111590728 1.135730519e-22)
(1.160658355 0.09679160619 -9.816534974e-23)
(1.148716228 0.08391609284 9.856741378e-23)
(1.138287116 0.07270867232 8.790006477e-24)
(1.129131163 0.06292016124 7.290157315e-23)
(1.121077476 0.05432825052 -8.194636446e-24)
(1.114004283 0.04673153094 3.146810871e-23)
(1.107817799 0.03996387367 -1.306877521e-22)
(1.102451116 0.03388194975 -1.221600375e-22)
(1.097851345 0.02836157702 2.280613421e-23)
(1.093974662 0.02329849227 0)
(1.090789445 0.01860041555 0)
(1.088270322 0.01418743751 -3.31169643e-23)
(1.086396891 0.009986800166 4.229748385e-23)
(1.085155296 0.005936774845 -5.312847325e-23)
(1.084536083 0.001968709632 9.551859446e-23)
(-0.0172612266 0.02783908081 -0.0001133908998)
(-0.007788377524 0.01695724967 0.02758121988)
(-0.01679790127 0.0280281947 0.04837422384)
(-0.007941942654 0.01690082012 -9.447074811e-05)
(-0.005930482121 0.01619902039 0.02547744614)
(-0.006176274667 0.01614737167 -0.0001290067506)
(-0.005929045002 0.01619606356 -0.02547671321)
(-0.006175785852 0.01614619727 0.0001292193002)
(-0.02695897613 0.03580714686 4.801026956e-05)
(-0.0292167521 0.05898263914 8.383844149e-06)
(-0.02678725129 0.03584033643 0.0558684592)
(-0.0291841963 0.0590741548 0.05613878768)
(-0.0291841963 0.0590741548 0.05613878768)
(-0.0292167521 0.05898263914 8.383844149e-06)
(-0.01726273119 0.02783894479 0.000113175431)
(-0.007786240872 0.0169520776 -0.0275828731)
(-0.01680229486 0.02802756919 -0.04837280104)
(-0.007940999767 0.01689855791 9.394640576e-05)
(-0.02695990311 0.03581161358 -4.930193349e-05)
(-0.0292275177 0.05899080415 -9.901760036e-06)
(-0.02679126565 0.03585618692 -0.05586994025)
(-0.0292237431 0.05910247227 -0.0561387056)
(-0.0292237431 0.05910247227 -0.0561387056)
(-0.0292275177 0.05899080415 -9.901760036e-06)
(-0.006706329812 0.05297830568 0.05648715228)
(-0.006695564077 0.05294665357 1.973238696e-05)
(0.04994636644 0.0414496177 1.35627325e-06)
(0.04989439111 0.04147472734 0.05630944633)
(0.1518472034 0.03183382636 3.884886931e-06)
(0.3045221249 0.03074185075 0.05472060392)
(0.3046141839 0.03077458805 -2.330702256e-06)
(0.1517992141 0.03179841983 0.05569970472)
(-0.006675592866 0.05298971725 -0.05648518478)
(-0.00668735281 0.05295087086 -1.584850136e-05)
(0.04994927825 0.04145096107 -3.790608712e-06)
(0.0499014153 0.0414748569 -0.05631153356)
(0.1518483971 0.03183674839 -1.911369961e-06)
(0.304583948 0.03071666706 -0.05471970614)
(0.3046369349 0.03076653773 7.470664475e-06)
(0.1517939138 0.03181026125 -0.05570139343)
(0.500438329 0.04239310104 0.05359457751)
(0.5004955934 0.04246523083 -9.591641284e-06)
(0.7181225321 0.06609827242 -1.024534049e-05)
(0.7181357587 0.06599356891 0.05237693234)
(1.200949011 0.1495298658 0.0486345318)
(1.199659796 0.1492848895 -1.127056399e-05)
(1.260676088 0.1618674122 -0.0001242979563)
(1.262277555 0.1640266061 0.04493135605)
(1.293170212 0.1792545744 0.0248885873)
(1.200939866 0.1495279942 -0.04863445787)
(1.199651056 0.1492812742 1.481017127e-05)
(1.2606695 0.1618514695 0.000124523823)
(1.262267096 0.1639958782 -0.04493020322)
(1.293123623 0.1792448604 -0.02489152505)
(0.9239140611 0.09712971553 -8.849945874e-06)
(1.088126424 0.1297869312 0.04872848767)
(1.088028614 0.1297701962 -5.575463038e-05)
(0.9240128078 0.09713884071 0.05076507946)
(0.5005170065 0.04237231974 -0.05359572034)
(0.5005221506 0.04246019463 1.166256368e-05)
(0.7181365944 0.06611155375 6.743124743e-06)
(0.7181661426 0.06602556663 -0.05237762459)
(0.9238975362 0.09714294805 9.560306732e-06)
(1.088101513 0.1297978904 -0.04872888196)
(1.088014606 0.1297716546 5.757329428e-05)
(0.923973437 0.09717689768 -0.05076584092)
(-0.005930482121 0.01619902039 0.02547744614)
(-0.003390492941 0.009250864365 0.01708212354)
(-0.0008799158639 0.00310268848 0.009688660722)
(-0.005929045002 0.01619606356 -0.02547671321)
(-0.003389622455 0.009249164916 -0.01708187154)
(-0.0008796579575 0.003102112444 -0.009688713829)
(-0.006176274667 0.01614737167 -0.0001290067506)
(-0.00344290941 0.009252190376 -0.0001200273618)
(-0.001315301417 0.002952174833 -0.0001085274893)
(-0.006175785852 0.01614619727 0.0001292193002)
(-0.003442657445 0.009251538332 0.0001201621181)
(-0.001315240706 0.002951966717 0.0001086083592)
)
;
    }
}


// ************************************************************************* //
