/*--------------------------------*- C++ -*----------------------------------*\
| =========                 |                                                 |
| \\      /  F ield         | OpenFOAM: The Open Source CFD Toolbox           |
|  \\    /   O peration     | Version:                                        |
|   \\  /    A nd           | Website:  www.openfoam.com                      |
|    \\/     M anipulation  |                                                 |
\*---------------------------------------------------------------------------*/
FoamFile
{
    version     2.0;
    format      ascii;
    class       volVectorField;
    location    "0.1";
    object      U;
}
// * * * * * * * * * * * * * * * * * * * * * * * * * * * * * * * * * * * * * //

dimensions      [0 1 -1 0 0 0 0];


internalField   nonuniform List<vector> 
2403
(
(1.000125067 -0.0002418096101 0)
(1.000963377 -0.0005211682049 0)
(1.002098115 -0.0005559656248 0)
(1.003232431 -0.0005500654451 2.093589444e-22)
(1.004349676 -0.000560235109 -2.585858204e-22)
(1.005495852 -0.0005782887875 3.588559291e-22)
(1.006681376 -0.0005990754961 -3.011962849e-22)
(1.007907892 -0.0006213471916 4.92382693e-22)
(1.009178496 -0.0006432827072 -6.741542814e-22)
(1.010496015 -0.0006612825747 2.846468764e-22)
(1.011860707 -0.0006799777624 -9.183136873e-23)
(1.013268594 -0.0007008432841 4.455271879e-23)
(1.014709966 -0.0007161229748 0)
(1.016173114 -0.000723111478 0)
(1.017645167 -0.0007220643126 7.738153734e-23)
(1.019108991 -0.0007116681614 -7.738359211e-23)
(1.020543397 -0.0006901010943 0)
(1.021924295 -0.0006559842226 0)
(1.023225267 -0.0006083719998 -1.262734193e-22)
(1.024418346 -0.0005468680958 1.223150824e-22)
(1.025475284 -0.0004717868235 -1.049081235e-22)
(1.026369048 -0.0003842242117 8.686834618e-24)
(1.027075301 -0.0002860835754 9.622216381e-23)
(1.02757369 -0.0001803425548 -3.708513758e-23)
(1.027848467 -7.158693073e-05 5.753502003e-23)
(1.02789191 3.801813596e-05 -9.87072093e-24)
(1.027703926 0.0001452642756 1.665908825e-23)
(1.000124054 -0.0007269156136 -1.059591101e-22)
(1.000955118 -0.001566944218 -1.050397275e-22)
(1.002080923 -0.001671286587 1.038317857e-22)
(1.003207085 -0.001652888162 -2.061028017e-22)
(1.004317232 -0.001682641246 4.114574316e-22)
(1.005457375 -0.00173593799 -3.049750259e-22)
(1.006638339 -0.001797305413 1.979935183e-22)
(1.007862383 -0.001863544589 -3.926915717e-22)
(1.009133072 -0.001931407826 3.851026248e-22)
(1.0104514 -0.001996751379 -9.415013113e-23)
(1.011817635 -0.002058566057 4.535720414e-22)
(1.013231699 -0.002118142253 -4.063723406e-22)
(1.014685349 -0.002167343967 0)
(1.016163784 -0.002194996421 0)
(1.017653568 -0.002196670402 -7.755309742e-23)
(1.019138235 -0.002169116603 2.280879227e-23)
(1.020596386 -0.002107705254 9.169598166e-23)
(1.022003289 -0.002008167893 -1.694091242e-23)
(1.023331654 -0.001867413922 -3.975603965e-24)
(1.024552267 -0.001684045674 -7.384508462e-24)
(1.025635388 -0.001458816921 -1.048373793e-22)
(1.026552411 -0.001194840603 1.048386733e-22)
(1.027277549 -0.0008976211162 -8.743407909e-23)
(1.027789595 -0.000574817994 7.963769854e-23)
(1.02807273 -0.0002355548241 9.313859749e-24)
(1.028117208 0.0001102273343 0)
(1.027921654 0.0004504723308 -2.435980102e-23)
(1.000122282 -0.001209635324 1.065134194e-22)
(1.000940077 -0.00260732964 1.045793436e-22)
(1.002048519 -0.00278059497 3.144505334e-22)
(1.00315856 -0.002749588996 -3.118315807e-22)
(1.004254714 -0.002798889741 1.239510071e-24)
(1.005382982 -0.002887652847 2.055228295e-22)
(1.006554762 -0.002990337086 3.089885454e-24)
(1.007772959 -0.003102167651 1.994618414e-22)
(1.009041395 -0.003219245384 3.836296984e-22)
(1.01036114 -0.003336388008 -4.077388585e-22)
(1.011732299 -0.00344715628 0)
(1.013156445 -0.003548857681 0)
(1.014631479 -0.003636549577 -8.698671047e-23)
(1.016140972 -0.003691141374 0)
(1.017667565 -0.00369977652 7.795354607e-23)
(1.019194602 -0.003658067832 -1.709928843e-22)
(1.020701018 -0.003560140866 5.609240698e-23)
(1.022161082 -0.003397872752 1.694015013e-23)
(1.023545682 -0.003164908944 7.933627397e-24)
(1.024823086 -0.002858406563 -7.412906605e-24)
(1.025960554 -0.002479345638 0)
(1.026926315 -0.002032736915 0)
(1.027691474 -0.001527750181 0)
(1.028232018 -0.0009774686827 4.436449555e-23)
(1.028529957 -0.0003980894771 -5.722505941e-23)
(1.028574422 0.0001914115053 8.768692922e-24)
(1.028363912 0.0007713456152 0)
(1.000119428 -0.001682390451 0)
(1.00091711 -0.003626865957 0)
(1.001999151 -0.003868862225 -2.101570716e-22)
(1.003084445 -0.003827474215 -2.085951589e-22)
(1.004158931 -0.003898813194 -2.049111574e-22)
(1.005268516 -0.004026217603 -5.121761297e-25)
(1.006425324 -0.004174418427 -6.061731953e-22)
(1.007633194 -0.004337137325 4.022292884e-22)
(1.008896956 -0.00450920342 0)
(1.010219308 -0.004683051829 2.382453547e-23)
(1.011600871 -0.004848061222 9.372848999e-23)
(1.013039741 -0.004991498834 -7.098176048e-22)
(1.014539143 -0.005116150077 7.967643911e-22)
(1.016093156 -0.005213292703 1.643942121e-22)
(1.01767876 -0.005250133731 -2.050343866e-22)
(1.019272061 -0.005205887053 0)
(1.020852226 -0.005077597704 0)
(1.022394296 -0.004857564795 0)
(1.023866509 -0.004535094205 0)
(1.025232825 -0.004104628332 -9.906946465e-23)
(1.026455758 -0.003566959884 1.138687109e-22)
(1.02749852 -0.002928909056 1.246257358e-23)
(1.028327195 -0.00220359151 -5.642453501e-24)
(1.028913242 -0.001410112245 -2.854100629e-23)
(1.029235279 -0.0005723128759 5.665833583e-23)
(1.029280237 0.0002812626184 7.617823716e-24)
(1.029046082 0.001120645555 -3.437611131e-23)
(1.000115242 -0.002141082391 2.167421084e-22)
(1.000885632 -0.004616548518 -4.282327202e-22)
(1.001931528 -0.004926838597 0)
(1.002982561 -0.00487816558 0)
(1.004026781 -0.004974803354 -2.362581553e-24)
(1.005109903 -0.005144841076 -4.781713556e-24)
(1.006244967 -0.005343699548 -2.062147821e-22)
(1.007437182 -0.005563619224 -3.99400852e-22)
(1.008692971 -0.005798080342 4.493872401e-22)
(1.010017077 -0.006037506991 -1.218342814e-23)
(1.011412486 -0.006269737505 2.778954258e-22)
(1.012876438 -0.00647806099 -2.791190259e-22)
(1.014405901 -0.006646237381 0)
(1.01600605 -0.006776683433 0)
(1.017668779 -0.006854647769 -1.233431521e-22)
(1.019358329 -0.006832027563 7.531883513e-23)
(1.021042226 -0.006688793146 -1.121828901e-22)
(1.022697902 -0.006419148984 0)
(1.024292857 -0.006011191822 -3.222312225e-23)
(1.025784847 -0.005455912095 -2.978382335e-23)
(1.027129339 -0.00475291877 1.043386854e-22)
(1.028282331 -0.003910496272 -2.213576948e-23)
(1.029202495 -0.0029458715 -7.785992627e-23)
(1.029854509 -0.001885067337 -5.804097864e-23)
(1.030211671 -0.0007610871033 1.987747255e-23)
(1.030257544 0.000385556089 -5.439493962e-24)
(1.029989435 0.001512419035 7.357501728e-24)
(1.0001098 -0.002582176827 0)
(1.000844471 -0.005567637779 1.604045534e-22)
(1.001843721 -0.005944545347 -2.146223175e-22)
(1.002850158 -0.005892100428 4.277628417e-22)
(1.003854492 -0.006018123938 -2.106353253e-24)
(1.004902203 -0.006235668937 2.088603665e-22)
(1.006007466 -0.00649131553 -4.117014577e-22)
(1.007177313 -0.006776134551 8.166489412e-22)
(1.008420171 -0.007082424656 -8.263155518e-22)
(1.009743078 -0.00739878587 -3.234933447e-24)
(1.01115176 -0.00771116362 4.359741019e-22)
(1.012647632 -0.008002257558 -9.218818921e-23)
(1.014224396 -0.008247489093 6.128177386e-22)
(1.015877921 -0.008424857663 -7.01674654e-22)
(1.017619078 -0.008536967196 -1.57433143e-22)
(1.019431052 -0.008553584556 4.742379325e-22)
(1.021256904 -0.008421595746 -1.157761036e-22)
(1.023064418 -0.008118453497 -6.710264233e-23)
(1.024822473 -0.007631984578 9.932640958e-23)
(1.02648319 -0.006951738471 1.440584442e-22)
(1.027992452 -0.006075209768 -1.415731879e-22)
(1.029296157 -0.005011307657 -1.231937366e-23)
(1.030342425 -0.00378152025 -1.116133075e-23)
(1.031085962 -0.002419937682 9.949174381e-24)
(1.031492189 -0.0009709729277 0)
(1.031539709 0.0005096989591 -1.925062404e-24)
(1.03122488 0.001963615701 -2.516759643e-23)
(1.000103719 -0.003003616064 -1.116266861e-22)
(1.000795811 -0.006471783865 5.428634449e-23)
(1.001734448 -0.00691323711 0)
(1.002683418 -0.006859784018 -6.831105491e-24)
(1.003637474 -0.00701852398 1.085021864e-22)
(1.004639698 -0.007289137508 0)
(1.005705448 -0.007608879373 5.310836285e-23)
(1.006844285 -0.007967724471 0)
(1.008067204 -0.008357113821 3.81346263e-22)
(1.009383943 -0.008764168361 -7.730843891e-22)
(1.01080319 -0.009172510859 3.46095355e-22)
(1.012330387 -0.009562279605 0)
(1.013963954 -0.009908273082 -1.756275128e-22)
(1.015694507 -0.01017869076 -6.83193626e-22)
(1.01752519 -0.01035419085 6.840078363e-22)
(1.019471087 -0.0104238827 0)
(1.021474217 -0.01032248703 -6.964224299e-23)
(1.023479909 -0.01000286366 2.166588583e-22)
(1.025450147 -0.009445698754 0)
(1.027331611 -0.008640036852 1.145966629e-22)
(1.029058984 -0.007580421621 -6.001517584e-23)
(1.030564304 -0.006273609853 -5.599779894e-23)
(1.031780891 -0.00474461817 9.275253841e-23)
(1.032649064 -0.003037136945 3.582117301e-23)
(1.033122619 -0.001210160777 -3.573948025e-23)
(1.033172922 0.0006607249299 4.887137871e-24)
(1.032794933 0.002495793425 4.170702133e-23)
(1.000096624 -0.00339775458 1.115008751e-22)
(1.000736088 -0.007315157001 0)
(1.001602086 -0.007819457634 -2.206110059e-22)
(1.002482064 -0.007771899656 2.274963575e-22)
(1.003370474 -0.007966991271 -3.291951174e-22)
(1.004315433 -0.008294063239 0)
(1.005330456 -0.008685315926 3.723858306e-22)
(1.006427322 -0.009128943248 -4.256106814e-22)
(1.007620585 -0.009614711115 -4.144053505e-22)
(1.008923316 -0.01012870643 9.111784402e-24)
(1.010348178 -0.0106527618 4.022430311e-22)
(1.011905354 -0.01116390841 2.821637794e-22)
(1.013599707 -0.01163317845 -4.722319031e-22)
(1.015425926 -0.01202083681 3.550107296e-22)
(1.017366248 -0.01227635022 0)
(1.019447885 -0.01240245584 0)
(1.021658412 -0.01237389929 -2.307739711e-22)
(1.023920083 -0.01209768675 6.662522257e-23)
(1.02616675 -0.01150782673 -1.376515752e-22)
(1.028333389 -0.01058343938 0)
(1.030345133 -0.009328542817 -2.729166086e-23)
(1.0321176 -0.007751750711 -2.443898161e-23)
(1.033562719 -0.005879620605 -2.111482823e-23)
(1.034599663 -0.003766332384 0)
(1.035165191 -0.001489694767 3.045257801e-23)
(1.035220011 0.000847757182 -1.193014111e-24)
(1.034757025 0.003137214777 -1.707254861e-23)
(1.000087866 -0.003758460188 2.281011411e-22)
(1.00066375 -0.008084539917 -2.254662702e-22)
(1.001443284 -0.008647891507 0)
(1.002239195 -0.008611154834 0)
(1.0030516 -0.008851034498 2.204638074e-22)
(1.003924158 -0.009242757795 0)
(1.004871901 -0.009711040072 -2.207808597e-22)
(1.005913803 -0.01024761054 4.276981076e-22)
(1.007064891 -0.01084395778 -4.81469005e-22)
(1.008341803 -0.01148375594 -1.053575352e-22)
(1.009762644 -0.01214680408 -4.011391724e-22)
(1.011343332 -0.01280783698 7.878831973e-22)
(1.013095423 -0.0134349475 -3.892830203e-22)
(1.01502424 -0.01398692904 -3.603672006e-22)
(1.017115058 -0.01440517881 3.594433711e-22)
(1.019360129 -0.01462689416 1.288767951e-21)
(1.021775633 -0.01464034494 -1.135421817e-21)
(1.024331869 -0.01440749225 8.534718466e-22)
(1.02693867 -0.01384012917 -4.244923536e-22)
(1.029485486 -0.01284357162 0)
(1.031870322 -0.01139640985 0)
(1.033994982 -0.009518380729 0)
(1.03574632 -0.007246322629 7.77033903e-23)
(1.037012409 -0.004647783701 -7.702234144e-23)
(1.037704116 -0.001824749344 4.288991458e-24)
(1.037766076 0.001083068458 -4.228125275e-24)
(1.037188247 0.003926058502 3.029197848e-25)
(1.000077359 -0.004079168646 -1.170781199e-22)
(1.000578117 -0.00876580349 -2.292246166e-22)
(1.001255254 -0.009384359812 -2.304815789e-22)
(1.001951918 -0.009363713938 2.285858907e-22)
(1.002672794 -0.009651057746 0)
(1.003456395 -0.01011364889 0)
(1.004323788 -0.0106716083 6.680928652e-22)
(1.005291183 -0.01131296536 3.464668203e-24)
(1.006382272 -0.01203149884 -3.768273889e-22)
(1.00761745 -0.01281535905 5.359483665e-22)
(1.009019341 -0.01364342827 -5.179148604e-22)
(1.010610983 -0.01448688915 9.125978766e-22)
(1.012411908 -0.01531061436 -4.003061109e-22)
(1.014437258 -0.01606951872 0)
(1.016690085 -0.01670530451 0)
(1.019156095 -0.01713976506 -6.65826165e-22)
(1.021829271 -0.01730375804 6.640158191e-22)
(1.024708413 -0.01713876632 -2.942546106e-22)
(1.027727047 -0.01656955817 4.009419074e-22)
(1.030762097 -0.01550943472 -2.604196695e-22)
(1.033647818 -0.01387786933 -5.483154448e-23)
(1.036244345 -0.01166889787 0)
(1.03840817 -0.008926608927 7.446534624e-23)
(1.039987295 -0.005737497427 -4.156958144e-23)
(1.040853648 -0.00223667923 -2.981825411e-24)
(1.04092676 0.001383635062 -3.249939653e-24)
(1.04019223 0.00491519194 -3.881315949e-24)
(1.000064929 -0.004352857302 1.169030301e-22)
(1.000478276 -0.009344130191 -4.699040564e-22)
(1.001036583 -0.01001263825 4.650044613e-22)
(1.001617252 -0.01001337397 0)
(1.002228574 -0.01035286221 2.375150435e-22)
(1.002906349 -0.01089025419 2.308525099e-22)
(1.003672543 -0.01154294007 -4.510478437e-22)
(1.004547337 -0.01230249599 0)
(1.005557641 -0.01316224155 0)
(1.006725461 -0.01410859915 -4.45163984e-22)
(1.00808739 -0.01512534395 -3.290095877e-24)
(1.009670939 -0.01618631426 5.197520798e-22)
(1.011505415 -0.01725198808 -8.12797468e-22)
(1.013619009 -0.01827063305 3.996845934e-22)
(1.016031328 -0.01917630156 3.659343312e-22)
(1.018743845 -0.01988091233 3.24270705e-22)
(1.021732893 -0.020275862 -6.877300107e-22)
(1.024998887 -0.02028708741 -5.87106688e-22)
(1.028515181 -0.0198152299 -2.575174014e-22)
(1.032151653 -0.01874041697 0)
(1.035690401 -0.01692669184 -3.063234704e-25)
(1.038920928 -0.01434189769 0)
(1.04164693 -0.01103591567 1.9761536e-23)
(1.043658965 -0.007114901919 -3.206393722e-23)
(1.044770206 -0.002756102641 -4.63227074e-23)
(1.044860624 0.001773607358 -7.723884417e-24)
(1.043909225 0.006179541865 -1.006576124e-23)
(1.000050348 -0.00457212044 0)
(1.000363449 -0.009804081266 -2.159630999e-24)
(1.000786009 -0.01051605628 2.385147128e-22)
(1.00123321 -0.01054281688 2.434517163e-22)
(1.00171664 -0.01093691018 -2.311065244e-22)
(1.002267986 -0.01155237893 4.767985925e-22)
(1.002910454 -0.01230561406 1.163740677e-22)
(1.003668404 -0.01318982697 -5.863578321e-22)
(1.004569239 -0.01420310784 2.842181617e-23)
(1.005645459 -0.01533690796 -4.250712486e-23)
(1.006935086 -0.01657256697 3.412285465e-22)
(1.008479118 -0.01788583704 -3.151208185e-22)
(1.010321436 -0.01924190204 4.278900935e-22)
(1.012503874 -0.02058571557 -2.082777501e-22)
(1.015064577 -0.0218409952 -9.991721182e-23)
(1.018028822 -0.02290908261 -1.897362708e-22)
(1.021391044 -0.02366039211 1.022634361e-21)
(1.025127908 -0.02395001462 -6.648705456e-22)
(1.029231869 -0.0236449269 5.678276447e-22)
(1.033598057 -0.02260304073 -2.377297385e-22)
(1.037994041 -0.02066683269 2.938996206e-22)
(1.042090773 -0.01770577862 -4.136586062e-23)
(1.045593812 -0.0137360792 7.684638603e-23)
(1.048211638 -0.008895489412 -2.561818276e-23)
(1.049670846 -0.003427886417 -1.172813966e-23)
(1.049787837 0.002288432676 7.089075085e-25)
(1.048530675 0.007827959533 0)
(1.000033384 -0.004729340339 0)
(1.000233179 -0.01013007618 -4.895252835e-22)
(1.00050323 -0.01087762086 2.435430337e-22)
(1.000799323 -0.01093396569 1.075638129e-23)
(1.001135659 -0.01138310785 4.298930297e-22)
(1.001538549 -0.01207675266 -3.862696156e-22)
(1.002031604 -0.01293285726 -5.165675785e-22)
(1.002643654 -0.01394825238 4.70032967e-22)
(1.003403613 -0.01512485049 0)
(1.004349656 -0.01646048392 4.589680658e-22)
(1.00552815 -0.01794317757 -5.081496465e-22)
(1.00699193 -0.01955159229 5.164232039e-22)
(1.008796901 -0.02125206741 0)
(1.011011839 -0.02299280613 6.253231746e-22)
(1.013696011 -0.02469405015 -7.156290395e-22)
(1.016903856 -0.02624229531 3.887069218e-22)
(1.020664555 -0.02748266684 -3.555034022e-22)
(1.024951606 -0.02821251003 -9.792023396e-22)
(1.029763933 -0.02826031393 7.003292668e-23)
(1.03504737 -0.02740858677 7.836394641e-23)
(1.040544507 -0.02541950261 3.867104688e-22)
(1.045816357 -0.02205135453 1.011176838e-22)
(1.050410992 -0.01727283225 -2.72926863e-24)
(1.053895927 -0.01125164739 -1.418606535e-23)
(1.05586083 -0.004319105859 2.853638981e-23)
(1.056019042 0.002981711462 4.123110772e-24)
(1.054321119 0.01002251123 -5.973461007e-25)
(1.000014169 -0.004816876633 0)
(1.000088011 -0.01030702606 -2.485722792e-24)
(1.000189296 -0.0110810082 6.894161913e-22)
(1.000317194 -0.01116935402 -4.912915576e-22)
(1.000487275 -0.0116715224 -9.301541532e-22)
(1.000718675 -0.01243969985 5.010359994e-22)
(1.001033679 -0.01339515896 6.089751001e-22)
(1.001467653 -0.01454143469 -2.451337916e-22)
(1.002048379 -0.01588653825 7.387937076e-22)
(1.002817089 -0.01743689513 -1.212319435e-22)
(1.003834457 -0.01918732795 4.865256038e-22)
(1.005159092 -0.02112599447 -9.392028186e-22)
(1.006867172 -0.02323083395 0)
(1.009049297 -0.0254494769 0)
(1.011803748 -0.02770618267 -2.213328451e-22)
(1.015218958 -0.0298814811 1.359860129e-23)
(1.019374168 -0.03179903772 3.970394582e-22)
(1.024297358 -0.03321268827 3.443132895e-22)
(1.029968163 -0.03382197505 0)
(1.03636557 -0.03331934374 -1.000555607e-21)
(1.04326042 -0.03137885982 1.464181531e-21)
(1.050149328 -0.02766744135 0)
(1.056314009 -0.02197665749 -3.355631431e-24)
(1.061068028 -0.01444230279 3.373380527e-23)
(1.063781578 -0.005532443446 8.026810522e-24)
(1.064001765 0.003937484021 0)
(1.061651755 0.01301070857 -1.166110159e-23)
(0.999992681 -0.00482780446 0)
(0.9999293487 -0.01032107662 2.542082241e-22)
(0.9998467282 -0.0111097077 -1.271766756e-21)
(0.999790837 -0.01123041678 -5.144703979e-22)
(0.9997768289 -0.01178129881 5.024788054e-22)
(0.999815011 -0.01261829027 -5.013806928e-22)
(0.9999237368 -0.01366714752 0)
(1.000141928 -0.01493715569 0)
(1.00049791 -0.01644545025 -1.006507887e-21)
(1.001033382 -0.01820955587 0)
(1.00182523 -0.02023915904 -2.397761303e-22)
(1.002936384 -0.02253523819 4.757268091e-22)
(1.004457709 -0.02509341135 -4.807542608e-22)
(1.00651878 -0.02787604796 7.223223179e-22)
(1.009246731 -0.03081268153 -2.241089318e-22)
(1.01279385 -0.03378689755 4.313891435e-22)
(1.017301893 -0.03660899 -4.228038377e-22)
(1.022883131 -0.03898600762 0)
(1.029551869 -0.04050330133 -6.275856313e-22)
(1.037321796 -0.04074025704 6.253776072e-22)
(1.046048502 -0.03916238745 -8.663934546e-22)
(1.055134721 -0.0352164334 5.818642676e-22)
(1.063562632 -0.02843693216 -4.118184614e-24)
(1.070220615 -0.0188893075 -7.381040412e-24)
(1.074077926 -0.007229371457 -1.98122362e-24)
(1.07439242 0.005292508872 7.219986174e-24)
(1.071048279 0.01718148327 0)
(0.9999679851 -0.004755780349 0)
(0.9997593627 -0.01015932192 3.923219634e-22)
(0.9994813786 -0.01094906202 -4.005765665e-22)
(0.999227177 -0.01109986546 7.740496202e-22)
(0.9990114472 -0.0116909137 0)
(0.9988315991 -0.01258473484 0)
(0.9987072188 -0.0137132503 -1.055785072e-21)
(0.998677443 -0.01509277751 0)
(0.9987643568 -0.01675340841 5.214870793e-22)
(0.9990053313 -0.01872421692 1.036849684e-21)
(0.9994895229 -0.02102905138 -1.647373189e-23)
(1.000287428 -0.0236904149 -1.029057851e-21)
(1.001501145 -0.02672969683 1.04145596e-21)
(1.003309018 -0.03014159992 -4.838188997e-22)
(1.00586753 -0.03388598237 0)
(1.009398616 -0.03785713184 2.255572705e-22)
(1.014141841 -0.0418710049 -4.256135288e-22)
(1.020329755 -0.04560499652 2.109145995e-22)
(1.028124386 -0.0485561739 0)
(1.037577605 -0.05003782719 -5.574856663e-22)
(1.048636676 -0.04924356891 5.558806419e-22)
(1.060703458 -0.04528270887 -3.033256367e-22)
(1.072473284 -0.03735961372 4.072068944e-23)
(1.082080787 -0.02520651065 3.324395969e-23)
(1.087734417 -0.009653384787 0)
(1.088181771 0.007275651142 4.396127602e-24)
(1.083275914 0.02315491086 -1.295028509e-22)
(0.999942699 -0.004593838848 2.348393677e-22)
(0.9995825594 -0.009808157245 -2.297862192e-22)
(0.9991023385 -0.0105854231 5.257011864e-22)
(0.9986386036 -0.01076262888 5.345749971e-22)
(0.9982063635 -0.01138203821 -2.658509988e-22)
(0.9977881058 -0.01231484183 5.34218777e-22)
(0.9974066067 -0.01350083369 5.209562424e-22)
(0.9970892146 -0.01496590448 5.294074295e-22)
(0.9968504166 -0.01675341537 -2.677585702e-21)
(0.9967357404 -0.01890412918 2.712291943e-21)
(0.9968356312 -0.02146053443 1.630417711e-21)
(0.9972130181 -0.0244791655 -5.541237463e-22)
(0.997972557 -0.02801282184 -5.131247618e-22)
(0.9993331433 -0.0320937922 -1.063920514e-21)
(1.001493232 -0.03673326913 0)
(1.004774019 -0.04189019807 0)
(1.009513956 -0.0474190311 -4.650812256e-22)
(1.01614291 -0.05300096551 6.796934881e-22)
(1.025038672 -0.05805747163 -5.329269336e-22)
(1.036443339 -0.06164195311 7.433981914e-22)
(1.050490468 -0.06258734387 1.123515671e-21)
(1.066734021 -0.05931466767 0)
(1.083455069 -0.05028537842 4.009811996e-23)
(1.097702351 -0.03458324042 5.55983633e-23)
(1.106244962 -0.01320699394 6.942651675e-23)
(1.106865141 0.0103204344 2.638996534e-22)
(1.099433924 0.0319526837 -1.172627116e-22)
(0.9999188544 -0.004338180714 -5.41090375e-22)
(0.9994038448 -0.009260930127 2.732549044e-22)
(0.9987166166 -0.01000967216 0)
(0.9980365349 -0.01020711264 -2.691192247e-22)
(0.9973764854 -0.01083868294 1.366975874e-22)
(0.9967072864 -0.01178663101 -1.364525011e-22)
(0.99604893 -0.01300052815 0)
(0.9954132525 -0.01451621053 -9.908238464e-24)
(0.9948004317 -0.01638789845 -1.132236194e-21)
(0.9942693717 -0.01867000843 -5.393578387e-22)
(0.9938857982 -0.02143082399 2.658970754e-23)
(0.9937003117 -0.02476277286 -1.732714533e-21)
(0.993842626 -0.02875648478 0)
(0.9945494201 -0.03350426608 -1.16991178e-21)
(0.9960185444 -0.03910096793 1.165445109e-21)
(0.9986668233 -0.04559081464 1.151948191e-21)
(1.00296356 -0.05293745266 5.146406547e-22)
(1.009618223 -0.06092577423 -3.817794933e-23)
(1.0193442 -0.06901488912 -2.020626603e-22)
(1.032875685 -0.07606768653 0)
(1.050701336 -0.08022257023 -4.793087871e-22)
(1.07268596 -0.07886197666 3.803878994e-22)
(1.096836119 -0.06906006121 -7.849602873e-23)
(1.118697906 -0.04864255716 -3.876946135e-24)
(1.13208567 -0.01878246491 -2.439205659e-22)
(1.132795387 0.01501205994 -1.629631356e-22)
(1.121140436 0.04537350789 6.533895795e-22)
(0.9998951352 -0.003991470296 2.730174879e-22)
(0.9992278952 -0.008519494902 -5.511755494e-22)
(0.9983343918 -0.009221389515 3.46047169e-23)
(0.9974372658 -0.009430055819 -3.460362789e-23)
(0.9965466897 -0.01005212588 -2.115710008e-22)
(0.9956246691 -0.01098245043 -2.107459511e-22)
(0.9946716991 -0.01218393499 1.40746597e-22)
(0.9936882522 -0.01370218833 0)
(0.9926683458 -0.01559900036 5.471519739e-22)
(0.9916663185 -0.01794233584 1.165476899e-21)
(0.9907127311 -0.02082788722 -2.341978667e-21)
(0.9898291808 -0.02438141789 4.760319766e-21)
(0.9891726115 -0.02873793404 0)
(0.9889277266 -0.03407526615 -1.290554526e-21)
(0.9893301981 -0.04059339963 4.499546684e-23)
(0.9908703041 -0.04847986118 -2.345126608e-21)
(0.9940858834 -0.05789967315 3.574985212e-23)
(0.9999764742 -0.06886009811 2.856821365e-21)
(1.00974417 -0.08104156219 -6.001525502e-22)
(1.025033878 -0.09341293853 -1.480881407e-21)
(1.04733119 -0.1034417524 -6.452527559e-22)
(1.077248055 -0.1067330294 -3.800935019e-22)
(1.11288755 -0.0982547533 2.525229219e-07)
(1.147869354 -0.06960488824 -4.311248662e-07)
(1.169639347 -0.02605448788 9.499914124e-08)
(1.170540432 0.02262546081 2.053045458e-07)
(1.151310903 0.06659858443 -1.673494963e-06)
(0.9998724123 -0.003556448172 0)
(0.9990602202 -0.007590104651 2.778970737e-22)
(0.9979690173 -0.008226374218 3.180644183e-22)
(0.9968634802 -0.00843441786 2.127110214e-25)
(0.9957494072 -0.009022431471 2.461853382e-22)
(0.9945748097 -0.009901530317 -7.204996627e-23)
(0.9933226004 -0.01104615262 7.204434625e-23)
(0.9919824527 -0.01250443867 -1.476660658e-22)
(0.9905434857 -0.01434129636 7.330229222e-22)
(0.9890186597 -0.01664463095 -6.10934913e-22)
(0.9874117011 -0.01953656974 -8.586266263e-24)
(0.9857278089 -0.02316966833 -2.432465274e-21)
(0.9840999226 -0.02772490968 1.278381397e-21)
(0.982603792 -0.03346730362 -3.068450612e-23)
(0.981510922 -0.04071016655 0)
(0.9812440705 -0.04985889009 -1.394183842e-21)
(0.982438045 -0.06138263494 1.511430098e-21)
(0.9863472009 -0.07572193754 1.980416595e-21)
(0.9946038508 -0.09316363466 9.788795525e-23)
(1.010166711 -0.1133441827 -4.855253007e-22)
(1.036647428 -0.1342625009 -6.159197709e-08)
(1.077423622 -0.1471525177 -2.219339348e-07)
(1.132798224 -0.1408408073 4.588591475e-07)
(1.169314399 -0.1151825989 0.005924336444)
(1.209242814 -0.05477577483 0.01138480103)
(1.218704456 0.01413990463 0.01501267495)
(1.196118143 0.07791148238 0.01554414628)
(0.9998516197 -0.003038970556 2.852195245e-22)
(0.9989070284 -0.006485111379 0)
(0.9976347155 -0.007037157644 -3.18611555e-22)
(0.9963371972 -0.007231953758 -2.527941505e-22)
(0.99501503 -0.00776074903 7.263870283e-23)
(0.9936005934 -0.008551523944 8.468755017e-25)
(0.9920629257 -0.009587413641 2.249491212e-22)
(0.9903771617 -0.01091685779 -2.276583238e-22)
(0.9885147304 -0.01260864993 3.881179566e-22)
(0.9864493689 -0.01475893229 1.527355712e-22)
(0.9841538271 -0.01749643025 3.134755261e-22)
(0.9816074239 -0.02098817051 0)
(0.9788381553 -0.0254747928 0)
(0.9758461503 -0.03129867915 7.113160427e-22)
(0.9728458359 -0.03888112312 0)
(0.9700267249 -0.04885593985 1.391343798e-21)
(0.9680226043 -0.0620442089 -1.228915046e-21)
(0.9679708052 -0.07957777868 1.640108044e-21)
(0.9718557135 -0.102877555 1.959083407e-21)
(0.9835896339 -0.1335063891 -1.208049282e-07)
(1.010415375 -0.1705493175 -8.876011707e-08)
(1.050955648 -0.18894693 -0.008229909712)
(1.12043536 -0.197917349 -0.0008728062524)
(1.207154384 -0.1684848699 0.009387865207)
(1.251415398 -0.1002429418 0.02876229036)
(1.300081716 0.008978156811 0.03970919127)
(1.248841908 0.1158564016 0.03921941967)
(1.170494573 0.1924781664 0.01804063286)
(0.9998336864 -0.002448025418 -2.852316815e-22)
(0.9987747584 -0.005223701256 1.798520632e-23)
(0.9973456442 -0.005674225541 9.792051491e-26)
(0.9958809414 -0.005843009617 1.51184521e-23)
(0.9943758201 -0.006287429726 -3.311668445e-22)
(0.9927479182 -0.006952136115 -3.735695817e-23)
(0.9909533504 -0.007827388491 -2.611100238e-22)
(0.9889514389 -0.008958294057 6.124405437e-22)
(0.986691453 -0.01041058771 -7.270537024e-23)
(0.984114235 -0.01227517228 7.92572013e-23)
(0.9811506727 -0.01467741289 -3.347210393e-22)
(0.9777231069 -0.01779054413 0)
(0.9737519068 -0.02186957543 1.805845652e-22)
(0.9691472701 -0.02727410379 -3.38604848e-22)
(0.9638844084 -0.03454048026 -7.731161834e-22)
(0.9579006675 -0.04448723529 0)
(0.9515263926 -0.05823688457 1.348798635e-22)
(0.9451630081 -0.07762162502 -8.939536399e-21)
(0.9402844957 -0.1051826892 4.880891304e-22)
(0.9393896239 -0.1461749334 -1.94718e-07)
(0.966118606 -0.1823999613 -0.01786583644)
(1.008831605 -0.23882387 -0.01326632098)
(1.078204411 -0.2785916799 -0.00760941677)
(1.232799417 -0.2948446343 0.01937522528)
(1.398782064 -0.1949686979 0.05187174131)
(1.469812135 0.01648698157 0.07167834415)
(1.377380407 0.2205255743 0.06377016991)
(1.209298833 0.2963890212 0.04328988957)
(0.9998194806 -0.00179583593 -2.902047824e-22)
(0.9986694531 -0.003831883168 0)
(0.9971150647 -0.004165923576 -1.825631778e-23)
(0.9955161719 -0.004296874282 2.916451057e-22)
(0.993863073 -0.004633949598 3.50408858e-22)
(0.9920608824 -0.005138139858 5.582547937e-25)
(0.9900542582 -0.005804781111 2.688339276e-22)
(0.987787886 -0.006670803211 -3.089701216e-22)
(0.9851900463 -0.007790625272 -3.160346721e-22)
(0.98217154 -0.009239911844 4.140719468e-22)
(0.9786202074 -0.01112581413 2.513295749e-22)
(0.9743938372 -0.0136018535 -1.802715568e-22)
(0.9693104633 -0.01689532805 1.887028318e-22)
(0.9631361306 -0.02134153369 -3.888960053e-22)
(0.9555774255 -0.02746403359 5.983278722e-22)
(0.9462499328 -0.03606707485 0)
(0.9347577925 -0.04844445456 0)
(0.9205944902 -0.06687448227 5.919146804e-21)
(0.9036497719 -0.09396556429 -1.603380765e-06)
(0.8848452098 -0.1433366834 3.102454569e-07)
(0.898209696 -0.1971079605 -0.02553210024)
(0.8619426546 -0.2641218011 -0.03720913164)
(1.007807865 -0.412177188 -0.01979375537)
(1.243449455 -0.5255021345 0.02761404243)
(1.632943873 -0.4181040637 0.1112958342)
(1.749657979 0.05027921181 0.1562939433)
(1.552324169 0.4697721228 0.1152640948)
(1.191567683 0.5234244749 0.06020772893)
(0.9998097403 -0.001097590433 2.901981156e-22)
(0.9985961594 -0.002341609382 -1.459420265e-22)
(0.9969541267 -0.002547461198 -1.098427759e-22)
(0.995261115 -0.00263092801 -2.216315445e-22)
(0.9935036555 -0.002842140405 7.464415153e-23)
(0.9915776749 -0.003157985224 -3.755231048e-23)
(0.9894191766 -0.003576755892 -3.064496487e-22)
(0.9869615129 -0.004122782264 0)
(0.9841165266 -0.004832130891 -2.438856134e-22)
(0.9807710426 -0.005755406299 -4.178619665e-22)
(0.9767773054 -0.006965329754 1.694880602e-22)
(0.9719381905 -0.008568136207 0)
(0.9659851051 -0.01072308099 1.950704712e-22)
(0.9585452259 -0.01367273112 -1.950465174e-22)
(0.9490881912 -0.01780052754 0)
(0.9368569251 -0.02371812042 -2.443089917e-22)
(0.9206490605 -0.03245219544 2.441645e-22)
(0.8992256691 -0.04580852493 0)
(0.8669727652 -0.06700265697 2.816140918e-06)
(0.8531330676 -0.09676458527 -0.03071580594)
(0.8069246335 -0.1787746096 -0.03433003833)
(0.7772545932 -0.2907742958 -0.06117590123)
(0.7738074468 -0.5287338158 -0.05090494294)
(0.6664856541 -0.6319845637 0.02296566693)
(0.7264997212 0.6641535795 0.07838449568)
(0.9998050161 -0.0003696681701 0)
(0.9985586169 -0.0007886352593 1.824774507e-22)
(0.9968710296 -0.0008585566776 1.09868454e-22)
(0.9951292527 -0.000887709619 7.326455068e-23)
(0.993317585 -0.0009603132663 1.122420173e-22)
(0.9913270014 -0.001068748353 -1.517574401e-22)
(0.989088814 -0.001212674189 -7.96054688e-23)
(0.9865301352 -0.001400637099 -3.892996237e-24)
(0.9835536931 -0.001645335123 3.617430618e-22)
(0.9800328451 -0.001964668638 -1.704203332e-22)
(0.9757994536 -0.002384522214 1.703427693e-22)
(0.9706244748 -0.002943047497 -1.864556073e-22)
(0.9641881398 -0.003697950327 1.385430886e-22)
(0.9560329607 -0.004738479944 0)
(0.9454844741 -0.00620741285 0)
(0.9315365299 -0.008338401002 5.981868508e-23)
(0.9125126375 -0.01153101054 0)
(0.8864335584 -0.01646911659 -1.200320661e-21)
(0.8454463601 -0.02424414431 -4.260602005e-07)
(0.8129634742 -0.04919533384 -0.03518843844)
(0.7016867883 -0.09094776695 -0.07076405987)
(0.6201149455 -0.1872024602 -0.08769838365)
(0.3835400579 -0.4036570607 -0.1047190651)
(1.565057878 -0.5106989785 0.08280688324)
(0.9813167396 -0.7867773854 0.04177452819)
(1.243476206 -0.5255317526 -0.02763351762)
(1.565057978 -0.5106922456 -0.08281623143)
(0.9813132782 -0.7867584121 -0.04177349253)
(1.760265533 -0.1113410873 0.147272552)
(1.632997863 -0.4181033545 -0.1112941356)
(1.760292678 -0.1113602895 -0.1472575981)
(1.618803351 0.3959542112 0.1249176829)
(1.749670922 0.05026859917 -0.1562812029)
(1.618798579 0.3959206681 -0.1249123443)
(1.273152904 0.5374277781 0.07301908494)
(0.9062159414 0.7005405978 0.09845817103)
(1.552269047 0.4697453964 -0.1152627547)
(1.27314717 0.5373514649 -0.07302225383)
(0.9062182918 0.7005154255 -0.09847988199)
(0.8234434248 -0.8023720062 -0.0008724640127)
(0.4868837307 -0.4765518436 -0.08879784763)
(0.7738513821 -0.5287601766 0.05090774426)
(0.8234356622 -0.8023465886 0.0008750983455)
(0.4869106407 -0.4765645158 0.088793622)
(0.6664842424 -0.6319772541 -0.02296210078)
(0.546232194 0.5059477745 0.09075046295)
(0.546379278 0.506085999 -0.09075960962)
(0.7267153985 0.6642879997 -0.07839638667)
(0.2166790038 -0.06939289423 -0.1313684836)
(0.383570252 -0.4035673711 0.104715399)
(0.2166953949 -0.06937977998 0.1313745325)
(1.466420229 -0.0431774377 0.06900770268)
(1.571853838 -0.3334884854 0.0861694814)
(1.713861704 -0.08092578169 0.1175944612)
(1.398859717 -0.1949517336 -0.05186796234)
(1.466412103 -0.04317519412 -0.06898418597)
(1.571907466 -0.3334044391 -0.08616762681)
(1.713893893 -0.08093025048 -0.1175767381)
(1.413227556 0.1794871813 0.06775892023)
(1.715689666 0.03369119102 0.1235548128)
(1.581528265 0.3145856068 0.1077802894)
(1.46981257 0.0164815458 -0.07166370095)
(1.413194451 0.1794942237 -0.06775960543)
(1.715695858 0.03368013881 -0.1235406)
(1.581526829 0.3145748135 -0.10777613)
(1.166912439 -0.5105208833 0.01190218203)
(0.8518817293 -0.5121470227 -0.04049852206)
(1.015219623 -0.780147023 0.004408162182)
(1.007797462 -0.4121985465 0.01978677276)
(1.166949907 -0.510541694 -0.01191353031)
(0.8518490769 -0.5121220422 0.04050258286)
(1.015215796 -0.7800894365 -0.004414084472)
(1.398557183 -0.3735844642 -0.0003379268692)
(1.631859288 -0.4179268605 0.0001714944993)
(1.693240791 -0.347609705 0.1206961455)
(1.436124722 -0.4599435514 0.1485780826)
(1.691915612 -0.3484048322 -1.014319366e-05)
(1.435954556 -0.4604812422 0.0008351522186)
(1.40010477 -0.3736530284 0.1391631406)
(1.333599183 0.1599921972 7.474464747e-05)
(1.748943163 0.04929708601 0.0001948549963)
(1.718189771 0.1867433729 0.1499845012)
(1.333305145 0.06167057549 0.1996599437)
(1.717604648 0.1852120348 -4.65823917e-05)
(1.33380835 0.06210894914 0.0005959710466)
(1.332728128 0.1595710186 0.1881380924)
(0.983199359 0.7510651694 0.07600674789)
(1.191582542 0.5234083216 -0.06021890669)
(0.9833713318 0.7510961913 -0.07603581009)
(0.6656546088 -0.6311490701 5.020489681e-05)
(0.7285248997 0.6647364594 0.0004606929108)
(0.8156439395 0.7145691724 0.05816514413)
(0.5284422786 0.5616183641 0.05677607606)
(0.8167091453 0.7150980969 0.0003341539233)
(0.5293920461 0.5619578289 -0.0003248996948)
(0.4564708947 -0.3296363785 -0.101154474)
(0.5583363969 -0.02948588715 -0.09901329556)
(0.328439722 -0.0548437514 -0.1229744414)
(0.6201208104 -0.1871167891 0.08770647017)
(0.4564400593 -0.329552191 0.10114969)
(0.5583557382 -0.02945553126 0.09901602536)
(0.328480163 -0.05483917782 0.1229787164)
(0.1661247741 -0.3340706299 8.589870919e-05)
(0.3837599473 -0.4030961244 -0.0001914495094)
(0.2726340705 -0.4651482647 -0.1036569973)
(0.3096014746 -0.3105426175 -0.1160079084)
(0.2724494409 -0.4635200707 -0.00026849471)
(0.3104232647 -0.3099663555 -0.0002306045933)
(0.1665140851 -0.3354959021 -0.1134354862)
(1.29013556 -0.7895616007 -0.000165531546)
(0.9794026995 -0.7861051489 0.0005633656769)
(1.170932296 -0.730643109 0.03621644352)
(0.9708992829 -0.7374356501 0.04348333259)
(1.16925254 -0.7294451738 0.0001544963746)
(0.9686792761 -0.7363033196 -0.0006759725143)
(1.291617033 -0.7898000632 0.05207704939)
(1.2227309 -0.6860644009 0.0007794006251)
(1.202044947 -0.586076497 0.1001527211)
(0.7701119387 -0.4840668942 0.07961432658)
(1.200155815 -0.5853823642 -0.0005896020786)
(0.7707139745 -0.4843366149 0.0001977971899)
(1.223814277 -0.6857269526 0.09849689153)
(1.290136276 -0.7895544053 0.0001703960857)
(0.9793995098 -0.7860949974 -0.0005603690105)
(1.170937039 -0.7306111526 -0.03622091171)
(0.9709065416 -0.7374210539 -0.04348563344)
(1.169253535 -0.7294311739 -0.0001503530833)
(0.9686897288 -0.736297816 0.0006761865117)
(1.291614426 -0.7897885494 -0.05208238197)
(1.222734699 -0.6860644557 -0.0007732171258)
(1.202075484 -0.5861009798 -0.10016114)
(0.7701199508 -0.484073929 -0.07961605157)
(1.200163983 -0.5853945225 0.0005953789643)
(0.7707180407 -0.4843333114 -0.000194531988)
(1.223823975 -0.6857282363 -0.09850353556)
(1.36273559 -0.2103239573 0.0002762292093)
(1.759069039 -0.1127717537 3.695389817e-05)
(1.734297363 -0.2368863325 0.1356605242)
(1.365748939 -0.1069085018 0.1763938011)
(1.733220316 -0.2375864495 0.0002046943567)
(1.365187609 -0.1067036277 -9.190968337e-05)
(1.363202894 -0.2105071238 0.1639928736)
(0.9292110632 -0.338012665 0.1346926452)
(0.9300779199 -0.3381455269 0.0002595081146)
(1.398572375 -0.3735876349 0.0003354523058)
(1.631879792 -0.4179274384 -0.0001687550718)
(1.693317127 -0.347636384 -0.1206907683)
(1.436169524 -0.4599397786 -0.1485814791)
(1.691945673 -0.3484171704 3.609407335e-06)
(1.435975266 -0.4604758084 -0.0008336895419)
(1.40014968 -0.3736626897 -0.139159083)
(1.362737293 -0.2103294548 -0.0002837465434)
(1.75909575 -0.1127825558 -5.109359572e-05)
(1.734356244 -0.2369156251 -0.1356479299)
(1.365752316 -0.1069162578 -0.1763842531)
(1.733255978 -0.2376012636 -0.0002169151712)
(1.365184054 -0.1067122258 8.175503643e-05)
(1.363230589 -0.2105130927 -0.1639844113)
(0.9292501104 -0.3380205853 -0.1346967094)
(0.9300690728 -0.3381392715 -0.0002523701537)
(1.300444583 0.3050510681 0.0008923347827)
(1.618917685 0.3944158799 -0.0001532857456)
(1.672639731 0.3138877651 0.1405686091)
(1.414249472 0.4034769806 0.1517724883)
(1.672441841 0.3132333275 4.196632651e-05)
(1.413943685 0.4022958506 -0.00019402115)
(1.298931607 0.3046181088 0.1882715332)
(0.943942771 0.320116082 0.1473358058)
(0.9454956862 0.3215866613 -0.0003202945006)
(1.333604079 0.1600003195 -7.880736443e-05)
(1.748956765 0.04929196151 -0.0002072740425)
(1.718193366 0.1867458201 -0.1499769655)
(1.333292056 0.061666334 -0.1996539088)
(1.7176043 0.185212149 3.768692281e-05)
(1.33378777 0.06210444162 -0.0006028786401)
(1.332692698 0.1595854674 -0.1881341696)
(1.30041771 0.3050531149 -0.0008988142197)
(1.618914792 0.3944031577 0.0001515216943)
(1.672629046 0.3138784631 -0.140563796)
(1.414212401 0.4034613869 -0.1517702009)
(1.672447601 0.3132291225 -4.988905795e-05)
(1.413928794 0.4022891378 0.0001876542817)
(1.298919144 0.3046226836 -0.188264385)
(0.9438855153 0.320104188 -0.1473288121)
(0.945451798 0.3215712565 0.0003162345085)
(1.171292448 0.5976975841 -0.0001367035395)
(1.052580914 0.4750031727 0.1746396142)
(0.7097603824 0.4244232521 0.1265386057)
(1.05449664 0.4757922492 0.0009427457641)
(0.7115750604 0.4259214936 -0.0002992366582)
(1.171169905 0.5985645565 0.1364806402)
(1.225823927 0.7118159073 0.000196846116)
(0.9067239567 0.7009256983 -0.000208245602)
(1.188275796 0.7314105609 0.08897310214)
(0.7887803008 0.5839639182 0.1396621465)
(1.189143363 0.7303868572 -0.0001390484905)
(0.7908755746 0.5849022337 0.0007983083602)
(1.224902819 0.7119501365 0.1160393209)
(1.1712762 0.59768202 0.0001320156899)
(1.052535843 0.4749744964 -0.1746374262)
(0.7097160323 0.4243971264 -0.1265317308)
(1.05447743 0.4757820201 -0.0009500110115)
(0.711533457 0.4259039952 0.0002944885008)
(1.171115032 0.5985272187 -0.1364769543)
(1.225794676 0.7117956935 -0.0001997627653)
(0.906741472 0.7009053048 0.0001890650127)
(1.188282291 0.7313027823 -0.08898285873)
(0.7886755312 0.5839362541 -0.1396583417)
(1.189156961 0.7303514939 0.000132152298)
(0.7908467602 0.5848940645 -0.0008079125682)
(1.224832308 0.7118845244 -0.1160364992)
(0.7021636111 -0.7389666141 -0.0002439811518)
(0.8220941882 -0.7996481298 -9.754902041e-05)
(0.8338891095 -0.7328978027 -0.02890278004)
(0.575470979 -0.674705193 -0.008140713674)
(0.8329743202 -0.7319390506 -0.000153630217)
(0.5753529618 -0.6740722547 0.0006234674753)
(0.7021518135 -0.7405737889 -0.04150416275)
(0.5091145074 -0.6864942855 -0.0002538367542)
(0.3630780253 -0.5355868947 -0.03697725234)
(0.3231404652 -0.5516334682 -0.06591780978)
(0.3626622018 -0.5353633466 -9.55283975e-05)
(0.3228162568 -0.5506030488 0.0004160115625)
(0.5100249467 -0.6892470502 -0.05588197882)
(0.7021652599 -0.7389553265 0.0002397341437)
(0.8220896895 -0.7996377621 9.53779661e-05)
(0.8338801292 -0.7328342297 0.02890908134)
(0.5754873728 -0.6747015801 0.008146980149)
(0.8329737293 -0.7319162726 0.000147459135)
(0.5753655906 -0.6740707471 -0.0006287632488)
(0.7021550165 -0.7405447487 0.04150953737)
(0.5091120832 -0.6864870344 0.0002512296725)
(0.3630753449 -0.5355744055 0.03698124091)
(0.3231465573 -0.5516233578 0.06592264606)
(0.3626521487 -0.535353735 9.1075179e-05)
(0.3228181959 -0.5505993116 -0.000418108361)
(0.5100154616 -0.6892288828 0.05588557298)
(0.6656491194 -0.631143852 -5.273593113e-05)
(0.5475905059 0.5077731386 0.000121648819)
(0.5476326601 0.5078090378 -0.0001111862087)
(0.2511640668 0.3560383593 0.05282154533)
(0.2521023452 0.3576926052 4.013441488e-05)
(0.7285932178 0.664770641 -0.0004211574025)
(0.8156760285 0.7146513616 -0.05816610664)
(0.528491796 0.5615670116 -0.05678280216)
(0.8167157546 0.7151230932 -0.0003237340121)
(0.5293995426 0.5619504366 0.00032770781)
(0.2511355705 0.3559856609 -0.05281978797)
(0.2520993017 0.3576729027 -4.070787126e-05)
(0.1664575588 -0.3870424798 -0.08741773582)
(0.1660164103 -0.3871440398 -7.657155431e-05)
(0.08712311622 -0.2116624785 -2.012752672e-05)
(0.21824963 -0.06892133981 -0.0002634707087)
(0.2463666769 -0.1982534991 -0.1260302223)
(0.06194336391 -0.07427670471 -0.1327740884)
(0.2474867158 -0.1975672439 -0.0003254454241)
(0.06149868379 -0.07375784215 7.907387797e-05)
(0.08747418481 -0.2126006364 -0.1262617282)
(0.1661244626 -0.334053463 -9.038973621e-05)
(0.3837688865 -0.4030621325 0.0001910037059)
(0.2726400805 -0.4650779493 0.1036598992)
(0.3096148265 -0.3104286436 0.1160136244)
(0.2724492936 -0.4634943111 0.00026853905)
(0.3104297087 -0.3099288076 0.0002284157648)
(0.1665053054 -0.3354505569 0.1134406635)
(0.1664452032 -0.387010465 0.08741980297)
(0.1660083388 -0.3871285958 7.284069601e-05)
(0.0871239104 -0.2116517677 1.438354082e-05)
(0.2182573007 -0.06891549947 0.0002592746426)
(0.2463667911 -0.1982166392 0.1260373004)
(0.06193954342 -0.0742612486 0.1327810103)
(0.2474892597 -0.1975533803 0.0003206402729)
(0.06149928684 -0.07375167095 -8.42621177e-05)
(0.08746774441 -0.2125741019 0.126268419)
(1.205550319 -0.116129518 0.0254717157)
(1.205569803 -0.2548390792 0.0173912289)
(1.328798448 -0.1971714168 0.03819344178)
(1.207171657 -0.1685328021 -0.009386835403)
(1.205551705 -0.1161355156 -0.02547507041)
(1.205588594 -0.2549263247 -0.0174081702)
(1.328849802 -0.197258597 -0.03819435394)
(1.299372 -0.02105846266 0.03864978475)
(1.359964319 -0.1655350088 0.04456852454)
(1.413835441 -0.03577927811 0.0588722139)
(1.251438582 -0.1002133573 -0.02876020441)
(1.299349804 -0.021027874 -0.03864925552)
(1.360029322 -0.1655527557 -0.04455798503)
(1.413813302 -0.03578882415 -0.05885418514)
(1.266903557 0.09162492242 0.04091304327)
(1.416136821 0.01407640385 0.06114219715)
(1.371141937 0.1509287228 0.05890930001)
(1.300063537 0.009000905496 -0.03971007189)
(1.266896857 0.09164219873 -0.04091201063)
(1.416123431 0.0140733993 -0.06113110636)
(1.371110232 0.1509312837 -0.05891064881)
(1.214983121 0.1751772902 0.02099288512)
(1.342107948 0.1868762975 0.05592688401)
(1.237175377 0.2519168238 0.04441658095)
(1.248801064 0.1158633628 -0.0392207089)
(1.21497381 0.1751854206 -0.02099289772)
(1.342132024 0.1869021992 -0.05592866463)
(1.237160833 0.2519193994 -0.04441945467)
(1.031245421 -0.2581599678 -0.01349406661)
(0.8760881748 -0.2507320686 -0.03251799184)
(1.00347102 -0.3485250941 -0.02165526925)
(1.008802687 -0.2388448943 0.01326640649)
(1.031249686 -0.2581644646 0.01348742353)
(0.8760593544 -0.2506786683 0.03251606359)
(1.003464881 -0.3485173991 0.0216495609)
(1.191862264 -0.2980216721 0.01191008761)
(1.038020692 -0.3772805487 -0.0153663008)
(1.183132023 -0.4439983456 0.01256933326)
(1.07822525 -0.2785974145 0.007599746467)
(1.191882805 -0.2980711803 -0.01192808092)
(1.038002015 -0.3772663792 0.01536271891)
(1.18315636 -0.4440176029 -0.01258996326)
(1.361143945 -0.2323144341 0.04400549837)
(1.248649458 -0.4520175322 0.02562091116)
(1.491345008 -0.4015114834 0.06943099129)
(1.232831718 -0.2948893423 -0.0194011298)
(1.361197334 -0.2324254986 -0.0440094099)
(1.248718689 -0.4520546664 -0.02564404452)
(1.491271161 -0.401519587 -0.06943625291)
(1.480948115 -0.1798544766 -5.899604163e-05)
(1.429473447 -0.150206963 0.05864106942)
(1.44350409 -0.2320259581 0.06086202429)
(1.397843871 -0.194281746 -0.0001618905855)
(1.428716691 -0.1496642919 -0.0001279637209)
(1.442500082 -0.2319801417 -5.860584516e-05)
(1.481916838 -0.1797063447 0.06908153899)
(1.523498442 0.09076183559 9.587699433e-07)
(1.46143835 0.07577312077 0.07196153504)
(1.534702166 0.01974933321 0.08484190891)
(1.469338609 0.01578696739 -1.402723469e-05)
(1.461056214 0.07491808196 2.663832268e-06)
(1.534074494 0.01887547555 -5.134690353e-06)
(1.523983672 0.09176457721 0.08480262949)
(1.25209058 0.2907828309 0.0487295227)
(1.510494193 0.3795703249 0.0986284277)
(1.276281182 0.4579690686 0.06570256425)
(1.377400714 0.2205428737 -0.06377265663)
(1.252072509 0.2907849125 -0.04873378322)
(1.510445401 0.3795392416 -0.09862423018)
(1.276278267 0.4579230085 -0.06569939086)
(1.206678468 0.4526927224 0.05572336678)
(1.209329758 0.2963926354 -0.04329362517)
(1.206676401 0.4526457725 -0.0557278001)
(0.9741585823 -0.3768064244 -0.02632576439)
(0.8131748502 -0.2933647767 -0.05444287958)
(0.8334138716 -0.4445314297 -0.04690908844)
(0.8618682994 -0.2640504941 0.03721050071)
(0.9741625859 -0.3768229459 0.02631997477)
(0.8131357442 -0.2932870225 0.0544428774)
(0.8334623819 -0.4445556855 0.04691257106)
(1.010332828 -0.494844057 -0.0001614638816)
(1.049647411 -0.4485855415 -0.01125111126)
(0.9672564059 -0.4489590108 -0.02505494843)
(1.011484465 -0.4098280157 -0.0004248113733)
(1.050631862 -0.4470036772 -0.0002221015089)
(0.9695581249 -0.4462626833 -0.0003050764738)
(1.009911052 -0.4964030842 -0.01602596056)
(1.350042879 -0.6599272083 -0.0001436577068)
(1.242190888 -0.5250373288 3.037389904e-06)
(1.3390656 -0.5396123218 0.04366222581)
(1.227592048 -0.6177606692 0.03031333667)
(1.337652999 -0.5396034702 -7.287121369e-05)
(1.226016369 -0.6169492467 6.570814275e-06)
(1.35147509 -0.6600638545 0.04863183864)
(1.436349957 0.6081969199 -8.127795075e-05)
(1.552856293 0.4684250098 3.888371664e-05)
(1.461942977 0.5139827499 0.1013517447)
(1.479013466 0.537860079 0.142113656)
(1.462419483 0.512488194 -3.40009932e-06)
(1.479522327 0.5376114146 0.0002691836316)
(1.435794019 0.6094832476 0.1175815678)
(1.192121391 0.5226534582 -9.070600622e-06)
(1.16600937 0.6028679774 0.06490209289)
(1.166952211 0.6021068689 1.975216756e-05)
(1.088818462 0.5630264999 1.516550395e-06)
(1.088095721 0.5636234378 0.05133121694)
(0.7740821464 -0.2509856338 -0.06102480627)
(0.712489576 -0.1135536472 -0.06772198262)
(0.6865916237 -0.1919820916 -0.07794228831)
(0.8070139978 -0.1788597943 0.03432952886)
(0.7740699731 -0.2510130919 0.06103116839)
(0.7125034331 -0.1135350048 0.06772396496)
(0.6865136009 -0.1919123103 0.07794228857)
(0.7671327539 -0.4518593274 -0.05623765827)
(0.6561216132 -0.2263655524 -0.08146098995)
(0.5352155046 -0.3903352765 -0.08935272535)
(0.7772194392 -0.2907782659 0.06118117413)
(0.7671614004 -0.4518778732 0.05623467393)
(0.6560648387 -0.2262695863 0.08145882453)
(0.5352747842 -0.3903486967 0.08934489558)
(0.6844553619 -0.632874877 -5.501809434e-05)
(0.774168335 -0.5273259143 -9.79113417e-05)
(0.7877719952 -0.6229278879 -0.04155601352)
(0.6855533737 -0.5308389532 -0.06229606875)
(0.7871812641 -0.6216153891 -1.991004762e-05)
(0.6857320133 -0.5293348278 -8.718297801e-05)
(0.6852070516 -0.6339238734 -0.05479046756)
(0.6579769781 -0.1579094654 -0.08311371288)
(0.6758161431 -0.01549380204 -0.07591980849)
(0.6083857369 -0.02454793301 -0.09225516187)
(0.7016943722 -0.09095035108 0.07076180863)
(0.658046517 -0.1578464997 0.08311909953)
(0.6758044214 -0.01546271714 0.07592017488)
(0.6084307122 -0.02451397958 0.09225387705)
(0.5393709693 -0.1672886586 -0.0001628767472)
(0.5749410334 -0.2236701249 -0.0924181055)
(0.590301185 -0.1396212148 -0.09281020999)
(0.623837538 -0.186263043 -0.0003414987623)
(0.5768160625 -0.2226390554 -0.0001748660724)
(0.5941907283 -0.1391014876 -0.0003333479684)
(0.5373552861 -0.1678885041 -0.09870570619)
(1.436674556 -0.6411671097 0.0002167989987)
(1.56346026 -0.5111057574 -0.0001701335812)
(1.438525978 -0.5226479533 0.06482461932)
(1.56078154 -0.6333868245 0.09640504496)
(1.436767513 -0.5223645364 3.198038588e-05)
(1.559301688 -0.6336480217 -0.0001725618035)
(1.438128435 -0.6418611256 0.07960768563)
(1.35004836 -0.6599305287 0.000156415787)
(1.242204051 -0.5250512862 1.224813533e-05)
(1.339099376 -0.5396379315 -0.04367854151)
(1.22759765 -0.6177481824 -0.03032443463)
(1.337664788 -0.5396099284 9.252541218e-05)
(1.226022466 -0.616945629 9.929457673e-07)
(1.351501346 -0.6600809872 -0.04864497422)
(1.436675695 -0.6411693941 -0.0002062536514)
(1.563459377 -0.511105798 0.0001766409453)
(1.438514821 -0.5226693195 -0.06483393285)
(1.560814522 -0.6333840726 -0.09640639059)
(1.436759003 -0.5223685052 -1.674157944e-05)
(1.559316471 -0.6336452682 0.0001795444081)
(1.438143213 -0.6418726872 -0.07961749249)
(1.354267883 0.6413953492 3.514575546e-05)
(1.273718109 0.5364492238 -1.19153135e-05)
(1.364818215 0.5348836709 0.08640380214)
(1.257769744 0.6332419554 0.08110410258)
(1.365429141 0.5337180781 1.464551886e-05)
(1.258704838 0.6320522779 1.00290422e-06)
(1.353233451 0.6425055158 0.09831790948)
(1.436333776 0.6081830003 7.927614752e-05)
(1.552835225 0.4684157935 -4.278784631e-05)
(1.461887519 0.5139522187 -0.1013525926)
(1.478986364 0.5378375727 -0.1421074906)
(1.462406342 0.5124768163 2.22818549e-07)
(1.479512082 0.5376006144 -0.0002679317393)
(1.435736792 0.6094514621 -0.1175790351)
(1.354243986 0.6413765476 -3.653545298e-05)
(1.273717615 0.5364200335 5.204638225e-06)
(1.364803679 0.5348537617 -0.08640285035)
(1.257765821 0.6331636838 -0.08111201224)
(1.365417629 0.5337037749 -1.031206237e-05)
(1.258714646 0.6320257937 -4.751070998e-06)
(1.3531739 0.642451593 -0.09831677728)
(0.5715105699 -0.6156609427 -0.000214745708)
(0.4870125632 -0.475606855 -2.225784666e-05)
(0.5887993988 -0.5155478641 -0.07496810059)
(0.441746875 -0.5694153857 -0.08389114844)
(0.5887496006 -0.5140633737 -6.218188379e-05)
(0.4424799619 -0.5681826179 -0.0001811418627)
(0.5719570307 -0.616875998 -0.06999078009)
(0.684450795 -0.6328683779 5.070018175e-05)
(0.7741811772 -0.5273310684 0.0001012674772)
(0.7877550424 -0.6228922312 0.04156124165)
(0.6855571312 -0.530818695 0.06229731807)
(0.7871771139 -0.6216032872 1.855785343e-05)
(0.6857323422 -0.5293249941 8.140742101e-05)
(0.6851944637 -0.6339097812 0.05479528634)
(0.5715069985 -0.6156553258 0.0002127086586)
(0.487025031 -0.4756072293 2.82694385e-05)
(0.5888077009 -0.5155442552 0.0749687408)
(0.4417501879 -0.569391466 0.08388952039)
(0.5887549241 -0.5140622498 6.479012108e-05)
(0.4424799202 -0.5681719627 0.0001786167344)
(0.5719396202 -0.6168650123 0.0699930783)
(1.510104182 -0.1204236295 -5.184299936e-05)
(1.452393906 -0.09942051042 0.06450364052)
(1.529677776 -0.05278140167 0.08163171195)
(1.465889496 -0.0436008106 -4.275273914e-05)
(1.451785785 -0.09938799259 -8.306765694e-05)
(1.528911743 -0.05347297095 -2.911747273e-05)
(1.511003022 -0.1200015683 0.076165866)
(1.570469019 -0.333915674 1.298751174e-06)
(1.634680405 -0.2631222039 0.09758030644)
(1.633291698 -0.263989465 -9.050109359e-05)
(1.546390418 -0.2170045689 -2.139705144e-05)
(1.498191577 -0.2775143105 0.07185399803)
(1.497021142 -0.2779212453 1.406545158e-07)
(1.547545655 -0.216277298 0.0818361518)
(1.712869603 -0.08216277038 -3.907469223e-05)
(1.683427676 -0.1790519872 0.108389639)
(1.68223617 -0.1798896463 -3.863578638e-05)
(1.584432345 -0.1475909597 -1.941081e-05)
(1.610246384 -0.06661541451 0.0975227917)
(1.609301831 -0.06765225931 -1.03771221e-05)
(1.585535297 -0.1467325188 0.0905345654)
(1.48099886 -0.179833372 4.002727067e-05)
(1.397880901 -0.1942674633 0.0001437514987)
(1.429557574 -0.1500967838 -0.05861965659)
(1.44356399 -0.2319661559 -0.06088884314)
(1.428741592 -0.1496209653 0.0001107013292)
(1.442537817 -0.2319644709 2.852830255e-05)
(1.482114006 -0.1796530921 -0.06906355841)
(1.510115858 -0.1204166525 1.333762738e-05)
(1.465886453 -0.04359887141 1.954690489e-05)
(1.452391445 -0.09936176468 -0.06447458854)
(1.529687449 -0.05279732402 -0.08159882753)
(1.451784504 -0.0993637623 5.510813451e-05)
(1.528917105 -0.05347970927 -1.25620492e-06)
(1.511044947 -0.1199865462 -0.07612506549)
(1.57049128 -0.3338910793 -3.434861475e-06)
(1.634756487 -0.2631028789 -0.09757066478)
(1.633326148 -0.2639823859 7.986704042e-05)
(1.546452675 -0.2170343894 9.987896297e-06)
(1.498163558 -0.2775042838 -0.07186658938)
(1.497041674 -0.2779331207 -2.751476152e-05)
(1.54773369 -0.2163493411 -0.08182355533)
(1.712885791 -0.08216583143 2.327435932e-05)
(1.683477574 -0.1790560696 -0.1083728761)
(1.682262284 -0.1798914197 2.208834394e-05)
(1.584478123 -0.1476228825 -8.374414994e-06)
(1.610300109 -0.06666901067 -0.09749550108)
(1.609336034 -0.0676755196 -1.397757096e-05)
(1.585631066 -0.1468123727 -0.09050560709)
(1.498414885 0.1566956221 3.716162941e-06)
(1.44194492 0.1307602012 0.07044982728)
(1.462015835 0.2149462032 0.07846578308)
(1.413079866 0.1785017412 1.491924189e-05)
(1.441681305 0.1298375029 1.365582118e-05)
(1.461819877 0.2138719953 1.070800302e-06)
(1.498768456 0.1577476908 0.0823560243)
(1.715002946 0.03244697727 4.060735478e-05)
(1.689619301 0.1422279238 0.121910864)
(1.689182005 0.1406321386 1.533721929e-05)
(1.599757163 0.1113313855 2.533910311e-06)
(1.615904744 0.02338906148 0.1016723635)
(1.615163781 0.0222955107 1.192358936e-05)
(1.600305303 0.1125296075 0.1010281055)
(1.581477646 0.3129961348 1.740886291e-05)
(1.642572756 0.2393072917 0.1162102181)
(1.642445616 0.2378107416 5.798970242e-05)
(1.565935628 0.1917597701 6.220896436e-06)
(1.518628959 0.2605376485 0.0914917755)
(1.518432504 0.2594010046 -1.680575832e-05)
(1.566287462 0.1929104617 0.09720793621)
(1.523498752 0.09075657487 -1.301123645e-05)
(1.469340531 0.01578490169 -1.010466899e-06)
(1.46142731 0.07577018046 -0.07195176764)
(1.534713131 0.01972938536 -0.0848231819)
(1.4610543 0.07491707195 -1.265215007e-05)
(1.534085858 0.0188666836 -1.19918676e-05)
(1.523975619 0.09175053812 -0.08479012795)
(1.498408055 0.1566938509 -1.158100059e-05)
(1.413072233 0.1785040724 -2.152735085e-05)
(1.441924826 0.1307654207 -0.07043998845)
(1.461998891 0.2149554692 -0.07846605612)
(1.441670815 0.1298393607 -1.923945487e-05)
(1.461815088 0.2138735419 -5.402866342e-06)
(1.498740239 0.1577418372 -0.08234793827)
(1.715016054 0.0324415027 -5.335726018e-05)
(1.689606684 0.1422133129 -0.1219016385)
(1.689186503 0.1406261437 -2.598160598e-05)
(1.59976566 0.1113213055 -1.45912541e-05)
(1.61593908 0.02335353359 -0.1016548266)
(1.615188267 0.02228031707 -2.763649345e-05)
(1.60030958 0.112504271 -0.1010168875)
(1.581468279 0.3129907342 -1.322402833e-05)
(1.642567026 0.2392787291 -0.1162075794)
(1.642444324 0.2377986488 -6.37102207e-05)
(1.565935431 0.1917548404 -1.175683178e-05)
(1.518612712 0.2605483228 -0.09149113948)
(1.518425779 0.2594030275 1.480535002e-05)
(1.566280874 0.192897515 -0.09720019807)
(1.166189833 -0.5099559622 -7.045086097e-05)
(1.141281774 -0.591325507 0.01066649834)
(1.140291334 -0.5906927641 -9.36130918e-05)
(1.063802468 -0.5433972001 -7.512541521e-05)
(1.101170719 -0.4823478128 -0.000674438461)
(1.100944457 -0.4813180508 -0.0001012867504)
(1.064418792 -0.5445156204 -0.003876128439)
(0.8522600493 -0.5105169936 -0.0001217911378)
(0.8823252257 -0.5910915451 -0.03021649982)
(0.8820079589 -0.5896049502 -6.080910962e-05)
(0.9562888648 -0.544491572 -0.0001124989236)
(0.916850316 -0.4845385109 -0.03166559256)
(0.9176773887 -0.482279046 -0.0001903334296)
(0.9563763324 -0.5460485854 -0.02204691309)
(1.014284928 -0.7786829841 -0.0002145819555)
(1.101123128 -0.6883353313 0.00892971616)
(0.9333650059 -0.6856103937 -0.01578478385)
(1.10010191 -0.6876139913 -0.0001203558628)
(0.9320803081 -0.684574676 -3.226377742e-05)
(1.00912729 -0.6134643344 -4.965950552e-05)
(1.010140173 -0.6146879052 -0.008349670341)
(1.010331707 -0.494845109 0.0001699897636)
(1.01148219 -0.4098351279 0.0004332562324)
(1.049635109 -0.448589871 0.01124418861)
(0.9672392804 -0.4489452591 0.02505125665)
(1.050627001 -0.4470045348 0.0002285462076)
(0.9695498808 -0.4462561314 0.0003087131948)
(1.009912966 -0.4964115635 0.01601687277)
(1.166197981 -0.509964643 8.024786116e-05)
(1.141307504 -0.5913095224 -0.01067361718)
(1.140299321 -0.5906812453 0.000102569086)
(1.063802558 -0.5433967035 8.597360914e-05)
(1.101168889 -0.482332794 0.000665965839)
(1.100944209 -0.4813108471 0.0001093371187)
(1.064423814 -0.5445180602 0.003864571504)
(0.8522573504 -0.5105115964 0.0001220137534)
(0.8822739273 -0.5910376133 0.03022201624)
(0.8819882103 -0.5895817208 4.952818825e-05)
(0.9562774667 -0.5444733632 0.0001107330697)
(0.9168182833 -0.4844601247 0.03167051932)
(0.9176634813 -0.4822502149 0.0001828622065)
(0.9563454024 -0.5460055816 0.02204872318)
(1.014283042 -0.7786606489 0.0002209106329)
(1.10113093 -0.6883024223 -0.008938261349)
(0.9333564823 -0.6855589753 0.01578790329)
(1.100106667 -0.6875962958 0.0001298858947)
(0.9320745565 -0.6845531308 2.884065875e-05)
(1.009125371 -0.6134588441 5.848645836e-05)
(1.010133255 -0.6146749584 0.008341152947)
(0.9846392431 0.7515905513 0.0001227697649)
(1.118852546 0.6984348251 0.06928643028)
(0.9566796094 0.7150046797 0.05607750106)
(1.120234165 0.6977290203 4.16487833e-06)
(0.9577054576 0.7153452496 2.762671636e-05)
(1.041479172 0.6402706846 1.616773415e-05)
(1.040439082 0.6408378314 0.05378515257)
(1.1921327 0.5226453162 1.431859362e-05)
(1.166124341 0.6029006453 -0.06491453991)
(1.166975514 0.6021076822 3.531276023e-06)
(1.088832876 0.5630307483 6.639690193e-06)
(1.08814581 0.5636412723 -0.05133899683)
(0.9846761832 0.7515780291 -9.771395303e-05)
(1.118983755 0.6984182381 -0.06930256326)
(0.95673739 0.715043355 -0.05608946261)
(1.120270776 0.6977180811 2.033661512e-05)
(0.9577230574 0.7153499402 -1.473238716e-05)
(1.041495626 0.6402717045 -1.11203e-05)
(1.040490197 0.6408513746 -0.05379400443)
(0.4570373878 -0.3287088673 -9.016514328e-05)
(0.3962934302 -0.2514986495 -0.1108531618)
(0.3968198629 -0.2507412425 -7.428863527e-05)
(0.4745864176 -0.2034247274 -9.500900505e-05)
(0.5210444151 -0.2700030295 -0.09708057029)
(0.5221709846 -0.2690311677 -0.0001038989471)
(0.473299051 -0.2041073214 -0.1048612746)
(0.5126665582 -0.1047204166 -0.0001667037411)
(0.5692374165 -0.08721655448 -0.09675839501)
(0.4968245189 -0.03568666801 -0.106457546)
(0.5623457254 -0.0293081747 -0.0003177622288)
(0.5732224592 -0.08680934089 -0.0003251662013)
(0.4989533922 -0.0355151843 -0.00016230855)
(0.5105817913 -0.105148204 -0.1036270815)
(0.3292315289 -0.05459043452 -0.0001031146101)
(0.3507503121 -0.1591787028 -0.1186221218)
(0.3512620138 -0.1586570855 -0.0001164965221)
(0.4400859426 -0.1278548294 -0.0001081737833)
(0.4212861939 -0.04375120106 -0.1145429245)
(0.4227073559 -0.04355901158 -0.0001033298146)
(0.4387634336 -0.1283283999 -0.1110138861)
(0.5393773775 -0.1672878541 0.0001605534503)
(0.623842798 -0.186234152 0.0003438437774)
(0.5749060481 -0.2235588761 0.09242367621)
(0.5902944156 -0.1396574232 0.09281035789)
(0.5768074417 -0.2226022728 0.0001759838245)
(0.5941883737 -0.1391104734 0.0003274264318)
(0.5373708345 -0.1678928826 0.09870841395)
(0.4570289608 -0.3286794097 8.686058649e-05)
(0.3963495474 -0.2513823909 0.1108562168)
(0.3968416516 -0.2507025225 7.345804212e-05)
(0.4746002487 -0.2034098072 9.20560266e-05)
(0.5209822437 -0.2699094657 0.09708319814)
(0.522153977 -0.2689991511 0.0001043547318)
(0.4733347515 -0.2040661644 0.1048619591)
(0.5126771392 -0.1047009586 0.0001649307003)
(0.5623539516 -0.02929807771 0.000316922508)
(0.5692755425 -0.087159572 0.09675943696)
(0.4968289844 -0.03567114132 0.1064616897)
(0.5732366097 -0.08678947993 0.0003249277974)
(0.4989567939 -0.03550935145 0.000158199697)
(0.5106094105 -0.1050981139 0.1036291005)
(0.3292471155 -0.05458718088 9.910172778e-05)
(0.3507859822 -0.1591313655 0.1186269957)
(0.3512754614 -0.1586392886 0.0001138382707)
(0.4400992082 -0.127835193 0.0001066123173)
(0.4213097609 -0.0437451957 0.1145465924)
(0.4227169321 -0.0435557832 9.960421405e-05)
(0.43880162 -0.128278105 0.1110168588)
(1.191057469 -0.08008958854 0.008835672394)
(1.177016434 -0.1333474519 0.007591021128)
(1.205026049 -0.108508929 0.01130188243)
(1.169364102 -0.1151909162 -0.005925170675)
(1.19103844 -0.08011191672 -0.008835297293)
(1.177065215 -0.1334280991 -0.007592223034)
(1.205018635 -0.1085711455 -0.0113014015)
(1.218574277 -0.01677050842 0.0137889648)
(1.234382323 -0.07245110147 0.01459739391)
(1.25433386 -0.02778943801 0.01768638069)
(1.209175427 -0.05478846924 -0.01138498055)
(1.218546835 -0.01676252306 -0.01378890229)
(1.234355469 -0.07245246061 -0.01459753024)
(1.254331729 -0.0277727682 -0.01768639218)
(1.211261364 0.05101417893 0.01597147848)
(1.258244117 0.01943691601 0.01925607362)
(1.246058572 0.06415497355 0.01965290016)
(1.218694845 0.01415152289 -0.01501258379)
(1.211254869 0.0510204014 -0.01597148789)
(1.258241241 0.019451479 -0.01925604833)
(1.246049366 0.06416715059 -0.01965308832)
(1.179634436 0.09730703054 0.01516069357)
(1.222155146 0.1022932073 0.01877078798)
(1.183068451 0.1302943622 0.01722388792)
(1.196101107 0.07791141507 -0.01554360323)
(1.179593258 0.09730652691 -0.01516494135)
(1.22215656 0.1023020238 -0.01876962539)
(1.18302493 0.1302933948 -0.01722659533)
(1.083886869 -0.1877539687 -0.005387808703)
(1.024185972 -0.2095695761 -0.01025759766)
(1.058770277 -0.229546301 -0.007063035523)
(1.050954243 -0.1889587886 0.008230382902)
(1.083913022 -0.1877875554 0.005388138273)
(1.024157544 -0.2095888831 0.01025806252)
(1.058776512 -0.2295719164 0.007062941457)
(1.165954445 -0.1857504771 0.003356310129)
(1.10495914 -0.2421573189 -0.001571272433)
(1.148484598 -0.2562126506 0.01098405489)
(1.120489561 -0.1979404848 0.0008732946727)
(1.165979678 -0.1857820915 -0.003356570317)
(1.104996933 -0.2422155029 0.001571602037)
(1.148517825 -0.2562922191 -0.01099648915)
(1.318850194 -0.08844255686 -0.001313261977)
(1.276528632 -0.07572455309 0.03289717471)
(1.276812038 -0.1236351476 0.03312985696)
(1.295334783 -0.1128495919 -0.003983241271)
(1.296105929 -0.08122740824 -0.001526996676)
(1.313441217 -0.1169563423 -0.003471020647)
(1.30290334 -0.09392637438 0.03752979987)
(1.329743783 0.04369109955 6.752559093e-05)
(1.293983367 0.0382501754 0.04122134275)
(1.332668068 0.01072205554 0.045558552)
(1.30364572 0.009010018427 0.0001261275273)
(1.302638763 0.03848601339 0.0003928638112)
(1.333791378 0.009825673905 -4.684930744e-05)
(1.328620219 0.04532132231 0.04636781094)
(1.261202046 0.157796253 -3.655834904e-05)
(1.230356054 0.1320661269 0.03881542454)
(1.282377379 0.1354239363 0.04356341839)
(1.275398099 0.1182476533 0.0001561853096)
(1.262066397 0.1357608016 -0.0003441194723)
(1.285650798 0.1347533267 8.006715685e-06)
(1.25764554 0.1555651763 0.04139193446)
(1.20130007 0.2581223145 0.03979781008)
(1.170479242 0.1924901096 -0.01804150109)
(1.201335839 0.258135197 -0.03980177891)
(0.9867253199 -0.2042759853 -0.01647613161)
(0.9276470227 -0.1912433682 -0.02157087897)
(0.9344067501 -0.2255179571 -0.02001434904)
(0.966069178 -0.1823950065 0.01786745595)
(0.9866421508 -0.2043049824 0.01647492182)
(0.9275913732 -0.1912032199 0.02157031021)
(0.9343380744 -0.2254384445 0.02001224683)
(1.115495183 -0.3203248509 -0.0007353576486)
(1.114968909 -0.2841000488 -0.002441137118)
(1.065787733 -0.3124076347 -0.009609280159)
(1.107413858 -0.2895221376 -0.002673133776)
(1.129093977 -0.2907867276 -0.0006655750494)
(1.087591529 -0.3081907199 -0.002514840095)
(1.105515817 -0.3235167493 -0.003346263894)
(1.292825929 -0.3255585662 -0.0001820345807)
(1.275610948 -0.2822349453 0.02750711006)
(1.242780582 -0.3370776883 0.02135465698)
(1.233958725 -0.2863958419 -0.000769254143)
(1.276999562 -0.2774640633 -0.0003536994582)
(1.241685822 -0.3350481989 -0.0002892439488)
(1.29344314 -0.3271384904 0.03103084762)
(1.417024134 0.2620812836 0.07314830449)
(1.377567686 0.2194377329 5.476639162e-05)
(1.417066735 0.2610045636 3.05787949e-05)
(1.366998987 0.2972502181 2.477642784e-05)
(1.337174985 0.2535509707 0.05925436032)
(1.337472894 0.2519084009 7.099545574e-05)
(1.366901993 0.2983824496 0.06721279359)
(1.167818233 0.2960246195 0.0381983469)
(1.213169853 0.3410827575 0.04711189982)
(1.212221571 0.2963909506 0.0002277069552)
(1.172839211 0.2977780431 0.001138940524)
(1.214366636 0.3401961331 0.0001413278634)
(0.9027751842 -0.2409999353 -0.02438909067)
(0.8424331672 -0.1910835432 -0.02990043913)
(0.7994332235 -0.2534414586 -0.05534984272)
(0.8981962776 -0.1970554845 0.02553446413)
(0.9026882742 -0.2409478863 0.0243897633)
(0.842386865 -0.1911618285 0.02990444555)
(0.7993421146 -0.2534079927 0.05535612322)
(0.9232806999 -0.3246658119 -0.003415643827)
(0.9130942065 -0.3062516371 -0.0351138377)
(0.8381042801 -0.2710239826 -0.04285685779)
(0.9972181132 -0.3008742838 -0.0007154281328)
(0.9679753245 -0.3180029256 -0.004409256206)
(0.9564995725 -0.3055943434 -0.0003383844266)
(0.8811566632 -0.3201884811 -0.04095513126)
(0.8370906453 -0.1342292931 -0.03269482408)
(0.8259914826 -0.08166794507 -0.03326146389)
(0.7947581378 -0.1036645071 -0.03560985313)
(0.8530768608 -0.09673772802 0.03071364078)
(0.8371445526 -0.1342055389 0.03269214725)
(0.8259463888 -0.08158961797 0.03326213512)
(0.7947774177 -0.1036055661 0.03561030767)
(0.7263542575 -0.3200048958 -0.0005927337749)
(0.7722381565 -0.33496047 -0.0607210026)
(0.7337912156 -0.2789729307 -0.0680309319)
(0.793166753 -0.289806075 -0.002058012056)
(0.779655017 -0.3326612805 -0.0007566110202)
(0.7454839863 -0.2738613316 -0.001648758634)
(0.7208001195 -0.3236156781 -0.06865473967)
(0.7759538702 -0.06720852801 -0.03795001334)
(0.801797028 -0.01984537797 -0.03621152098)
(0.7600829577 -0.02313281052 -0.03938977744)
(0.8129576967 -0.04917697379 0.03518859159)
(0.7759393231 -0.06719315943 0.03795015538)
(0.8017971547 -0.01983978023 0.03621139684)
(0.7600722041 -0.02312472605 0.0393897671)
(0.7270374479 -0.08531098876 -0.003467072665)
(0.7085853946 -0.1115447827 -0.07466711635)
(0.6893039807 -0.06917300944 -0.07314706037)
(0.8027555644 -0.1004674204 -0.0007058114882)
(0.7451354437 -0.1153704553 -0.00347549704)
(0.7888353166 -0.07788474299 -0.0007289972202)
(0.6916590008 -0.08258388816 -0.07759480237)
(1.360071357 -0.1782128247 0.000117772385)
(1.132012931 -0.1298044047 0.0232016677)
(1.232454272 -0.1441606324 0.02916855024)
(1.309369334 -0.1386749173 -0.006089943874)
(1.349022305 -0.160676157 -0.0008687454171)
(1.324496273 -0.1480076194 -0.005286246105)
(1.155846261 -0.1493556893 0.02612864144)
(1.253884695 -0.2081845018 -0.0008235320825)
(1.196005601 -0.2145256731 0.01570562396)
(1.251076469 -0.2413599827 0.02449895621)
(1.232161569 -0.2493114173 -0.002724822361)
(1.232821363 -0.2262546086 -0.003272309582)
(1.262494811 -0.2372189494 -0.0007953708703)
(1.237190147 -0.2010694623 0.0217174529)
(1.328726222 -0.1959178039 -0.0002933090211)
(1.282657662 -0.1923738861 0.0003345238476)
(1.2994543 -0.1702877217 0.03341669274)
(1.292220822 -0.221420605 0.03155052822)
(1.305174914 -0.1629524316 -0.000976622504)
(1.296194148 -0.221461215 -0.0001137725279)
(1.269320071 -0.1861046141 0.02798275285)
(1.360029936 -0.1782298086 -0.0001163568958)
(1.309368706 -0.1386793397 0.00608925153)
(1.132038953 -0.1298463341 -0.02320131771)
(1.232464124 -0.1441666987 -0.0291707523)
(1.349007308 -0.1607024283 0.0008702325606)
(1.324486241 -0.1480146625 0.005284460162)
(1.155871122 -0.1493842701 -0.02613124682)
(1.253898399 -0.208213489 0.0008446032672)
(1.232174455 -0.2493511658 0.002743614049)
(1.196031207 -0.2145975176 -0.01571673964)
(1.251096138 -0.2415087194 -0.02449819074)
(1.232844254 -0.2262904841 0.003283851854)
(1.262501605 -0.2372854505 0.0008180191448)
(1.237204885 -0.201135803 -0.0217224887)
(1.328745129 -0.1959518249 0.0002926965355)
(1.282653154 -0.1923887051 -0.0003231213935)
(1.299488198 -0.1702772945 -0.03341645487)
(1.292164704 -0.2215455543 -0.03156203969)
(1.305185551 -0.1629539719 0.000973529215)
(1.296185673 -0.2215197233 0.0001209416791)
(1.269328161 -0.1861467192 -0.02799501871)
(1.326967115 -0.0579038409 -0.0004945397496)
(1.2920638 -0.05011100472 0.03565489556)
(1.330039705 -0.02577161794 0.04388500784)
(1.302820768 -0.02152563348 -0.0001589133634)
(1.300342983 -0.05186317881 -0.0006097054653)
(1.332552977 -0.02552830993 -0.0002085764862)
(1.320340126 -0.06027354948 0.04091480416)
(1.384786002 -0.1269659472 0.05025260075)
(1.359110124 -0.1629185504 -0.00042773896)
(1.384611556 -0.12492133 -0.0002924336318)
(1.347161737 -0.1030965911 -0.00055086486)
(1.324140837 -0.1438456192 0.0385250335)
(1.327440593 -0.1331633678 -0.00103244901)
(1.344300811 -0.1098155828 0.04332488047)
(1.403096964 -0.08333237937 0.05509492297)
(1.413772694 -0.03586626063 -7.348999309e-05)
(1.403177607 -0.0825175481 -0.0001519504797)
(1.361648616 -0.06889510942 -0.0002554098747)
(1.369041089 -0.03077858725 0.05060113106)
(1.36987578 -0.03036978767 -0.0001217704885)
(1.359765378 -0.07153615837 0.04730363997)
(1.318848603 -0.08842731793 0.001307274595)
(1.295335395 -0.1128354004 0.003985589688)
(1.276519193 -0.07567529047 -0.03289621492)
(1.276840551 -0.1236315001 -0.0331252489)
(1.296103057 -0.08120635868 0.001524384136)
(1.3134424 -0.1169549851 0.00346998211)
(1.302907371 -0.09388868238 -0.03752359678)
(1.326962636 -0.05788681927 0.0004889839527)
(1.302812823 -0.02151551788 0.0001570044344)
(1.292060676 -0.05006908863 -0.03565291075)
(1.330024508 -0.02574351831 -0.04387938559)
(1.30033743 -0.0518472757 0.0006103256581)
(1.332545192 -0.02551690497 0.000203272229)
(1.320329952 -0.06023210783 -0.04090923767)
(1.359140902 -0.1629251076 0.0004108146606)
(1.384865089 -0.1269384391 -0.05023707474)
(1.384636359 -0.1249124715 0.0002783496552)
(1.347175741 -0.1030762934 0.000539961947)
(1.324169881 -0.1438182042 -0.038516097)
(1.327456611 -0.1331547208 0.001020024253)
(1.344339983 -0.1097627289 -0.04331516906)
(1.41376319 -0.03586827484 5.547366233e-05)
(1.403104864 -0.08332804697 -0.05507469564)
(1.403177935 -0.08251487065 0.0001335451136)
(1.361651956 -0.06887752353 0.0002451741026)
(1.369026718 -0.03075819572 -0.05058844073)
(1.369869002 -0.03035977077 0.0001098794558)
(1.359783742 -0.07149441721 -0.04729060867)
(1.320084549 0.07712274729 8.607220184e-05)
(1.282088971 0.06670393441 0.04074438559)
(1.302655577 0.108620315 0.04536449749)
(1.288937571 0.09303633522 0.0003833648036)
(1.297510852 0.06756792561 0.0003884671291)
(1.305121412 0.107044311 7.948772253e-05)
(1.318436018 0.07889275973 0.04615632577)
(1.409419986 0.06321858084 0.06159015355)
(1.415938037 0.01350429039 -2.543307652e-05)
(1.409211958 0.06240664242 6.905894997e-06)
(1.365901452 0.05197402386 1.888370422e-05)
(1.371132608 0.01170739045 0.05260295988)
(1.37140078 0.01114226559 -3.910370414e-05)
(1.365823379 0.05297063672 0.05319368498)
(1.394017783 0.1092289619 0.06076495848)
(1.371220268 0.1499715234 5.207263504e-05)
(1.393857707 0.1083421135 2.369826455e-05)
(1.353568002 0.0910649142 3.783704461e-05)
(1.334767356 0.1278478748 0.05150355048)
(1.335167989 0.1268208739 8.223317425e-05)
(1.353514864 0.09217334367 0.05283295179)
(1.329733978 0.04369740924 -6.822503462e-05)
(1.303639802 0.009016919857 -0.0001264786913)
(1.293980943 0.03826884538 -0.04122121228)
(1.332655248 0.01074116815 -0.04555514359)
(1.302630944 0.03849189962 -0.0003902405486)
(1.333784116 0.009833561679 4.385996525e-05)
(1.328605654 0.04533596114 -0.0463671953)
(1.320074976 0.07712778636 -8.638457251e-05)
(1.288926631 0.09304222431 -0.0003804476311)
(1.282059306 0.0667215916 -0.04074622672)
(1.302642969 0.1086229763 -0.04536263949)
(1.297501722 0.06757480279 -0.0003882498057)
(1.305111771 0.1070473482 -7.787630565e-05)
(1.31841628 0.0789038679 -0.0461559846)
(1.415932103 0.01350428625 1.391411666e-05)
(1.409409829 0.06322155954 -0.06158293713)
(1.409205095 0.06240867434 -1.293643013e-05)
(1.36589276 0.05198195531 -2.159476051e-05)
(1.371122706 0.01172134724 -0.05259521517)
(1.371394489 0.01114936643 3.203952421e-05)
(1.365810871 0.05298774117 -0.05318814612)
(1.371212034 0.149973657 -5.749471098e-05)
(1.393981794 0.1092464505 -0.06075877365)
(1.393846009 0.1083491815 -2.874276699e-05)
(1.353555423 0.09107070234 -4.264921177e-05)
(1.334750113 0.1278400807 -0.05150351705)
(1.335160175 0.1268197011 -8.464935029e-05)
(1.353476725 0.09218579162 -0.05282976053)
(1.343036082 0.1857934322 0.000144450345)
(1.286077902 0.1858418198 0.001007447547)
(1.3104151 0.1590323804 0.04927456802)
(1.309312532 0.2173621223 0.05244876827)
(1.312750631 0.1584608212 0.0002428628911)
(1.310658328 0.2147974886 0.0003224118433)
(1.28238332 0.1857036077 0.04662164122)
(1.272698519 0.2106509752 0.001261176391)
(1.204721307 0.2162969833 0.04136196372)
(1.273679363 0.2397931613 0.04842332997)
(1.243984188 0.2502805528 2.9859391e-05)
(1.251826497 0.2239484138 0.0005996244894)
(1.277988648 0.2366164965 0.0002714505932)
(1.239208176 0.2055660745 0.04377910173)
(1.261195655 0.1577999597 3.802315102e-05)
(1.275392305 0.1182519507 -0.0001585841952)
(1.230361069 0.1320740228 -0.03881593645)
(1.282343237 0.1354389421 -0.04356421199)
(1.262062947 0.1357638377 0.0003467168776)
(1.2856415 0.1347593736 -1.005281279e-05)
(1.257637634 0.1555733758 -0.04139360621)
(1.343033268 0.1858004377 -0.0001364286029)
(1.286070848 0.1858481417 -0.001006411413)
(1.31040756 0.1590569375 -0.04927736803)
(1.309293123 0.2173755107 -0.05245033501)
(1.3127455 0.158468759 -0.0002402834484)
(1.310650265 0.214802208 -0.0003226988718)
(1.282370686 0.1857200625 -0.04662303237)
(1.272691888 0.210656867 -0.001261298928)
(1.243981782 0.2502825408 -3.082446776e-05)
(1.204708789 0.2163010716 -0.04136381768)
(1.273662272 0.2398052125 -0.04842176176)
(1.251828536 0.2239524773 -0.0006011147524)
(1.277980505 0.2366210701 -0.0002699914153)
(1.239190717 0.2055806746 -0.04377899792)
(1.103186108 -0.2970615279 -0.0004790856594)
(0.9645780994 -0.2407383204 -0.01600579917)
(1.020851689 -0.2902032216 -0.0152185734)
(1.102185648 -0.2831591004 -0.004639478611)
(1.126179205 -0.2821338421 -0.00106668165)
(1.07867846 -0.2985998524 -0.004254976869)
(0.9568519234 -0.2583776223 -0.01875772423)
(1.017111083 -0.2875625445 -0.004322443983)
(0.8977677696 -0.2367520556 -0.02849566779)
(0.9322649878 -0.2868304157 -0.03057333265)
(1.017340324 -0.2861662717 -0.0009684324639)
(1.039051177 -0.274707374 -0.001137693191)
(0.9916287688 -0.3027320286 -0.004729305199)
(0.9567710712 -0.2603939991 -0.02719722831)
(1.013803002 -0.3479090213 -0.001081122614)
(1.023321893 -0.3053514036 -0.001865216117)
(1.027802008 -0.3205629765 -0.01777533405)
(0.9708959236 -0.3185825502 -0.02664246181)
(1.039096948 -0.3183460919 -0.001435246908)
(0.9950988347 -0.3241665262 -0.002623382944)
(0.9954656522 -0.2895403269 -0.02250999307)
(1.103182094 -0.2970679284 0.0004868027384)
(1.102187874 -0.2831631072 0.004645617713)
(0.9645768466 -0.2407550191 0.01599810617)
(1.020849727 -0.2901996482 0.01521275643)
(1.126171817 -0.2821463292 0.001073503863)
(1.078676749 -0.2986005876 0.004260396079)
(0.9568498964 -0.258384455 0.01874935294)
(1.017112881 -0.2875489478 0.004332187257)
(1.017312432 -0.2861208181 0.0009702891248)
(0.8977625213 -0.23669829 0.02848796329)
(0.9322733506 -0.2868089776 0.03056517392)
(1.039031974 -0.2746675105 0.001144361326)
(0.99162384 -0.3027141737 0.004736528641)
(0.9567863806 -0.2603704715 0.02718683796)
(1.013803091 -0.3479063654 0.00108811377)
(1.023324058 -0.3053495359 0.001872118383)
(1.027790984 -0.3205404721 0.01777115527)
(0.9709162353 -0.3185755917 0.02663490353)
(1.039093578 -0.3183397816 0.001439152019)
(0.9951028 -0.3241607621 0.00263080215)
(0.9954742994 -0.2895344975 0.02250241277)
(1.151956637 -0.3323924457 -2.255829194e-05)
(1.151496956 -0.2911889949 0.005025788186)
(1.194651302 -0.3377299907 0.01240028014)
(1.194574634 -0.2922690219 -0.0006397487009)
(1.162125044 -0.2974603248 0.0006259628353)
(1.19424248 -0.3371589464 -0.0001807320847)
(1.148529933 -0.3314913391 0.004125423451)
(1.077744797 -0.4039463199 -0.007679583707)
(1.042010776 -0.3747949379 -0.0005927970882)
(1.07919707 -0.4020758223 -0.000320338928)
(1.09979709 -0.3595792086 -0.0004382158494)
(1.059985201 -0.3451378062 -0.01204712018)
(1.065168228 -0.3384083196 -0.0009719417761)
(1.096898894 -0.3632796935 -0.005194771188)
(1.182624458 -0.4434860346 -5.365292156e-05)
(1.125246569 -0.4268083593 0.001553811781)
(1.125506768 -0.4258685469 -0.0001273437648)
(1.142026278 -0.3761832638 -0.0001352981003)
(1.19193027 -0.3868997291 0.01260846692)
(1.191613101 -0.3864968341 -7.796455268e-05)
(1.140947108 -0.3770032197 0.003021956116)
(1.115502557 -0.3203379618 0.0007463308207)
(1.107422078 -0.2895295286 0.00268163426)
(1.115004583 -0.2841368002 0.002429168647)
(1.065794708 -0.3124059177 0.009601502094)
(1.129107407 -0.2908099513 0.0006765266781)
(1.087593999 -0.3081937819 0.002522037565)
(1.105536582 -0.3235455092 0.003334614112)
(1.151963714 -0.3324100026 3.689688519e-05)
(1.194581256 -0.2922918617 0.0006580399059)
(1.151524493 -0.2912490708 -0.005039558846)
(1.194667349 -0.337749358 -0.01242082763)
(1.162131981 -0.2974891265 -0.0006127233096)
(1.194250109 -0.337168975 0.0002008332577)
(1.148550869 -0.3315324489 -0.004140374111)
(1.042002492 -0.37478872 0.0005952901093)
(1.077730895 -0.4039294937 0.007674919798)
(1.079190983 -0.4020685672 0.0003239912127)
(1.099798693 -0.3595846227 0.0004461640125)
(1.059971909 -0.3451200836 0.0120430095)
(1.065162922 -0.3384022576 0.0009755840843)
(1.096907442 -0.363295816 0.005186307187)
(1.182638534 -0.4434964993 7.106314174e-05)
(1.125273265 -0.4268082029 -0.001564411039)
(1.12551514 -0.4258684054 0.000137176339)
(1.142037414 -0.3761969752 0.0001496665287)
(1.191959815 -0.3869217851 -0.01263034288)
(1.191625547 -0.3865070679 9.859843178e-05)
(1.140969511 -0.3770341896 -0.003037457667)
(1.396639382 -0.2752795904 0.05107462806)
(1.360668003 -0.2319042063 -0.0001123949007)
(1.395745 -0.2751955998 -6.380499844e-05)
(1.344935792 -0.3054990859 -6.356886363e-05)
(1.319268127 -0.2610464161 0.03592312166)
(1.31986416 -0.259737666 -0.0001205461776)
(1.345452126 -0.3061395688 0.04122513424)
(1.247697131 -0.4515419504 -1.169773968e-05)
(1.322797416 -0.4517783668 0.03928625629)
(1.321585868 -0.4515459647 -4.57144972e-05)
(1.307787269 -0.3824087733 -7.165934956e-05)
(1.248052738 -0.3897247774 0.0234353071)
(1.247122955 -0.3889106275 -8.742886089e-05)
(1.308790159 -0.383081123 0.0349718856)
(1.489819264 -0.4020388208 -9.364023757e-05)
(1.402315401 -0.4311615688 0.05494210254)
(1.400779192 -0.4310960547 6.183857794e-06)
(1.437142908 -0.3296565285 0.05944651454)
(1.435908189 -0.3299677669 -3.758290522e-05)
(1.371162218 -0.3618081955 3.831873852e-06)
(1.372249607 -0.3619851738 0.04743219107)
(1.292834877 -0.3255699287 0.0002363356068)
(1.233972638 -0.2864156539 0.0007947799972)
(1.275624684 -0.2822586651 -0.0275243113)
(1.242838749 -0.3370893057 -0.02138716122)
(1.277005783 -0.2774714104 0.0003889172396)
(1.24170976 -0.3350549329 0.0003211781832)
(1.293476349 -0.3271619231 -0.03107394171)
(1.360686573 -0.2319312344 0.0001157345744)
(1.396236896 -0.2752634438 -0.05111648547)
(1.395686171 -0.2752141661 1.456952442e-05)
(1.344917898 -0.3055312192 0.0001118112101)
(1.319229621 -0.2610273304 -0.03593306375)
(1.319855735 -0.2597369941 0.0001400254769)
(1.345523831 -0.3061907005 -0.04118172913)
(1.247715489 -0.4515532673 3.727047579e-05)
(1.322833057 -0.4518384845 -0.03930645571)
(1.32159725 -0.4515683705 7.636448518e-05)
(1.307802056 -0.3824636824 0.0001287441853)
(1.248111423 -0.3897406943 -0.02346561472)
(1.247143076 -0.3889182202 0.000119079522)
(1.30887851 -0.3832085363 -0.03501051988)
(1.489792611 -0.4020469167 0.0001055228908)
(1.402240104 -0.4313545649 -0.05495422137)
(1.400752967 -0.4311646012 2.614172976e-05)
(1.436763028 -0.3297745239 -0.0594394747)
(1.435814869 -0.3300239964 2.732291594e-05)
(1.371099986 -0.361934952 9.065794977e-05)
(1.372113542 -0.3623723895 -0.04735069326)
(1.314563923 0.3222575061 4.040328331e-05)
(1.294904383 0.2773871141 0.05407567355)
(1.262792297 0.3366793691 0.05366850804)
(1.252548137 0.2895235092 7.06421123e-05)
(1.295133323 0.2754875668 6.987590445e-05)
(1.263102264 0.3357510003 6.996544865e-05)
(1.314389526 0.3233585582 0.06055385206)
(1.510541112 0.3782445659 2.401316541e-05)
(1.431342601 0.4260133577 0.08788655636)
(1.431517297 0.4248058079 -5.150683365e-06)
(1.461678844 0.3156701287 0.08438546544)
(1.461715343 0.3145472924 3.359421161e-06)
(1.398994848 0.3543961501 5.95288345e-06)
(1.398881442 0.3555271976 0.07646755027)
(1.276733025 0.4569906967 1.475318539e-05)
(1.351434351 0.4506008514 0.07639761354)
(1.351788997 0.4495365883 -4.12797004e-07)
(1.334247521 0.3790902289 1.617191512e-05)
(1.271492088 0.3914636141 0.0593413627)
(1.271840278 0.3905239207 3.095791716e-05)
(1.333990645 0.3801359094 0.06793181445)
(1.37756574 0.2194411853 -4.676636754e-05)
(1.417043842 0.2620876811 -0.07314755509)
(1.41705985 0.2610055013 -2.190085762e-05)
(1.366985597 0.2972485644 -2.772301122e-05)
(1.337148311 0.2535573906 -0.05925439141)
(1.337460171 0.2519108706 -7.213700166e-05)
(1.366865749 0.2983768879 -0.06721090991)
(1.314558354 0.32225326 -4.074478918e-05)
(1.252545645 0.2895239248 -7.16449789e-05)
(1.294890635 0.2773865938 -0.05407345573)
(1.262790959 0.3366853733 -0.05367180382)
(1.295126273 0.2754869392 -6.94048379e-05)
(1.263101603 0.3357511341 -6.721408599e-05)
(1.314374042 0.3233475058 -0.06055323696)
(1.510525358 0.3782349492 -2.744503713e-05)
(1.43131554 0.4259722047 -0.08788612469)
(1.43150588 0.4247883888 -1.688873366e-07)
(1.461682761 0.3156524256 -0.08438282521)
(1.461706939 0.3145400747 -4.953220595e-07)
(1.398982214 0.3543892399 -8.599237952e-06)
(1.398840941 0.3554996913 -0.07646476069)
(1.276726099 0.4569761476 -9.49262537e-06)
(1.351428119 0.4505700833 -0.07640163373)
(1.351786055 0.4495238607 4.041574538e-06)
(1.334243161 0.3790821804 -1.541732188e-05)
(1.271495465 0.3914578975 -0.05934294906)
(1.271838042 0.3905199378 -2.653321142e-05)
(1.333980972 0.3801150307 -0.06793296894)
(1.20710062 0.4517969074 -1.794947255e-06)
(1.212654179 0.3927372701 0.05133782021)
(1.213117791 0.3917345883 3.187599413e-05)
(1.212227066 0.2963913237 -0.0002216661829)
(1.213192799 0.3410742272 -0.04711397808)
(1.214371015 0.3401924265 -0.0001375534293)
(1.207106887 0.4517799757 -2.967753636e-06)
(1.212658194 0.3927003435 -0.05133726256)
(1.213121208 0.3917230392 -3.286279153e-05)
(0.9352241635 -0.4049656378 -0.03167999768)
(0.9838152172 -0.3740793098 -0.0009698588054)
(0.9413936985 -0.3999940507 -0.0007445661774)
(0.9236621183 -0.3575298605 -0.002029358126)
(0.9455909594 -0.3428891884 -0.03133450937)
(0.96717949 -0.3425297117 -0.002618123014)
(0.9093694074 -0.3637612639 -0.03686299224)
(0.8687987082 -0.3291962753 -0.001124636355)
(0.8498528338 -0.2858312032 -0.04824755378)
(0.8179690754 -0.3372420855 -0.05332404324)
(0.8305748055 -0.2968377408 -0.002020011046)
(0.8703624754 -0.2977996762 -0.001347578246)
(0.8254120181 -0.3360603405 -0.0008334083528)
(0.8610254975 -0.3322892705 -0.04668494272)
(0.8347465647 -0.4424317466 -0.0002477438767)
(0.8908321338 -0.428931312 -0.03849240902)
(0.8928858899 -0.4248612211 -0.0003965945991)
(0.8766564164 -0.3727670765 -0.0007937540693)
(0.8234709232 -0.3868990176 -0.05113294492)
(0.8265120853 -0.3843602838 -0.0004683883005)
(0.8730933676 -0.3790892956 -0.04357322967)
(0.9232506544 -0.3246473124 0.003418440256)
(0.9971580897 -0.3008286108 0.0007100261361)
(0.9130386035 -0.3061892773 0.03511084449)
(0.8380019481 -0.2709623289 0.04286016896)
(0.9679433847 -0.3179749633 0.004412010734)
(0.9564478165 -0.3055662602 0.0003389277471)
(0.8810951627 -0.3201381161 0.04095230138)
(0.9838116612 -0.3740811881 0.000976661394)
(0.9351855606 -0.4049290471 0.03167793593)
(0.9413761528 -0.3999798063 0.0007422929951)
(0.9236387025 -0.3575139535 0.002031348926)
(0.945564603 -0.3428501973 0.03132795052)
(0.9671637485 -0.3425130651 0.002622906362)
(0.9093081034 -0.3637102879 0.036860274)
(0.8687998129 -0.3291918494 0.001129261514)
(0.8305533916 -0.2968167123 0.002017138299)
(0.8498189522 -0.2858302478 0.04824535181)
(0.8179714256 -0.3371900898 0.05332257585)
(0.8703395216 -0.2977965278 0.001348382172)
(0.825407626 -0.336042536 0.0008327821314)
(0.8610441518 -0.3322791897 0.04668014309)
(0.8347615347 -0.4424377745 0.000252792669)
(0.8908140823 -0.4288663013 0.03849539139)
(0.8928812262 -0.4248420994 0.0003935687427)
(0.8766606023 -0.372760951 0.0007979418837)
(0.8235064448 -0.3868993043 0.05113037222)
(0.8265200687 -0.3843579839 0.0004715718384)
(0.8731138792 -0.3790705527 0.0435716417)
(0.8227292975 -0.2235249549 -0.0005254942868)
(0.7479942019 -0.2113987831 -0.06039215464)
(0.7390527932 -0.2392117831 -0.06697673543)
(0.8149469264 -0.2580255329 -0.003575693397)
(0.8573621921 -0.2367150694 -0.0006656405138)
(0.7719289253 -0.2408578458 -0.002900618273)
(0.7250049407 -0.199089158 -0.06523373957)
(0.7876067088 -0.1681003194 -0.002968583471)
(0.7322657747 -0.125782096 -0.06437226545)
(0.7239062567 -0.1360453984 -0.07123366928)
(0.8172240491 -0.1276216346 -0.0006757407532)
(0.8366748432 -0.1435993708 -0.0007139621994)
(0.7624313706 -0.1427479033 -0.003348831908)
(0.7486505507 -0.1514494836 -0.06758630699)
(0.693482786 -0.1913830703 -0.0008232197292)
(0.7553377793 -0.1937516229 -0.001383624438)
(0.7186729696 -0.2208248638 -0.07244318046)
(0.7114071027 -0.1622368753 -0.07447006644)
(0.7259782954 -0.2180697881 -0.001066836353)
(0.7263036705 -0.1653343049 -0.001915107729)
(0.7377072073 -0.1838979056 -0.06962411231)
(0.8227547659 -0.2235707409 0.0005265980485)
(0.8149444894 -0.2580485483 0.003574449081)
(0.7480060877 -0.2114665922 0.06039692019)
(0.7390399798 -0.2392805995 0.0669759117)
(0.8573831932 -0.2367737583 0.0006653999018)
(0.7719259566 -0.2408839487 0.002898019555)
(0.7250331606 -0.1991658503 0.0652317814)
(0.7876237731 -0.1680907567 0.002971197983)
(0.8172403673 -0.127607368 0.00068104845)
(0.7323004367 -0.1257342878 0.06436683132)
(0.7239081416 -0.1360583397 0.07123519437)
(0.8366976802 -0.1435782022 0.0007160032252)
(0.7624373022 -0.1427504552 0.003352531816)
(0.7486842428 -0.151408323 0.06758381183)
(0.6934571337 -0.1913627539 0.0008135276429)
(0.7553401528 -0.1937459787 0.001385050693)
(0.7186511011 -0.2208296899 0.0724430816)
(0.7113492974 -0.1622227419 0.07447197132)
(0.7259714627 -0.2180700777 0.001068922702)
(0.7262887918 -0.1653315848 0.001913421357)
(0.7377088094 -0.183875951 0.06962239515)
(0.7682522286 -0.4501955329 -0.0001843710371)
(0.6940952636 -0.4475507399 -0.06662628514)
(0.694995578 -0.4459351749 -0.0001355340101)
(0.7090350019 -0.3768358838 -0.0002459585418)
(0.7679883567 -0.3878680701 -0.05933563443)
(0.7710190739 -0.385798828 -0.0003426942992)
(0.7066205041 -0.3789412753 -0.06845475568)
(0.6206042333 -0.2685223203 -0.08483032475)
(0.6594035651 -0.2244878692 -0.0004383375706)
(0.622523605 -0.2669179249 -0.0002368942464)
(0.6733351711 -0.2991180831 -0.0003277688657)
(0.695992418 -0.2582242922 -0.07486777517)
(0.6998835042 -0.2532455991 -0.0006865821598)
(0.670774982 -0.3020576144 -0.07684815123)
(0.5361282628 -0.3892242357 -4.868377182e-05)
(0.6165174022 -0.4283469666 -0.07773890424)
(0.6173575418 -0.426931262 -8.578157106e-05)
(0.5799895594 -0.3221538954 -0.08776793322)
(0.5813250624 -0.3209000688 -0.0001154911383)
(0.6451871673 -0.3560543115 -0.0001537369567)
(0.6436493916 -0.3577499526 -0.07807941433)
(0.7263598705 -0.3200157415 0.0005968978412)
(0.7931562056 -0.2898121725 0.002059613781)
(0.7721876339 -0.334954323 0.06072405604)
(0.7337964251 -0.2790368355 0.06802654825)
(0.779639614 -0.3326609826 0.0007545349788)
(0.7454839314 -0.273880156 0.001650019107)
(0.7208169831 -0.3236520818 0.06865015235)
(0.7682604358 -0.4501993219 0.0001803583327)
(0.694113579 -0.4475133396 0.06662552587)
(0.6950052618 -0.4459240606 0.0001363804132)
(0.7090449909 -0.3768371876 0.0002492491282)
(0.7679539001 -0.387872766 0.05933620751)
(0.7710074709 -0.3858005379 0.0003395147176)
(0.7066490975 -0.3789463718 0.06845253461)
(0.659383814 -0.2244578564 0.0004318868872)
(0.6205906424 -0.2684380824 0.08482243914)
(0.6225175571 -0.266890288 0.0002327120648)
(0.6733379848 -0.2991327264 0.000338709055)
(0.6959786214 -0.2582496716 0.07486150816)
(0.6998794813 -0.253251821 0.0006939843814)
(0.6707842649 -0.302112404 0.07683851135)
(0.5361477795 -0.3892232706 5.606341526e-05)
(0.6165815572 -0.4283806547 0.0777323051)
(0.6173791187 -0.4269399476 9.584707859e-05)
(0.5800356384 -0.3221048742 0.08775779051)
(0.5813380593 -0.3208803605 0.0001188438144)
(0.6452021161 -0.356070786 0.000164561026)
(0.6436942258 -0.35780357 0.07806840139)
(0.6338618352 -0.1170016404 -0.08729848188)
(0.6657595872 -0.1575607644 -0.000791584891)
(0.6417350584 -0.1166445639 -0.0007984250157)
(0.6836659173 -0.09860119086 -0.002084074492)
(0.689361246 -0.1333589352 -0.07878378024)
(0.704227548 -0.1344079204 -0.002067623155)
(0.6691600008 -0.09837922698 -0.08219465958)
(0.7160505438 -0.05123691171 -0.003407436223)
(0.6808025485 -0.03974138341 -0.07478904878)
(0.6756073913 -0.01744666794 -0.0808400317)
(0.7719273729 -0.01827450081 -0.0007263741077)
(0.7775268063 -0.04296823303 -0.000712828772)
(0.7093444929 -0.01822511044 -0.003387448384)
(0.6819388737 -0.05037512655 -0.07953148397)
(0.6171933665 -0.07281970117 -0.09047316948)
(0.6162824953 -0.02437114309 -0.0007867765297)
(0.625097756 -0.07249284178 -0.0007963663655)
(0.6705557823 -0.06070259481 -0.002076321135)
(0.649037961 -0.02057768775 -0.08619778605)
(0.6630186722 -0.02054098441 -0.002062816139)
(0.6564425718 -0.06082032761 -0.08469819832)
(0.7270451848 -0.08530391784 0.00346992812)
(0.802754352 -0.1004623716 0.0007009691737)
(0.7086486237 -0.1115638653 0.07466242203)
(0.6892965838 -0.06915856046 0.0731489568)
(0.7451548351 -0.1153730028 0.003474693957)
(0.7888332847 -0.07787762352 0.0007304226659)
(0.6916822063 -0.08256309558 0.07759162062)
(0.6657839368 -0.1575403562 0.0007957910051)
(0.6338451382 -0.1170528721 0.08729905578)
(0.6417305722 -0.1166583445 0.000796547333)
(0.6836756303 -0.09860715694 0.002087885245)
(0.6894721286 -0.1333529934 0.07878038475)
(0.7042631546 -0.1344044887 0.002072686964)
(0.6691891539 -0.09840433996 0.08219397)
(0.7160574604 -0.05123344763 0.00340872039)
(0.7719233782 -0.01826308929 0.0007286796197)
(0.6808098982 -0.03972868386 0.07478642128)
(0.6756086904 -0.01741775996 0.080837591)
(0.7775246163 -0.04296144276 0.0007095891742)
(0.7093456992 -0.01821454907 0.003389567177)
(0.6819564503 -0.05036634471 0.07953008169)
(0.6162983885 -0.0243594701 0.0007892746052)
(0.6172440649 -0.07280682019 0.09047007092)
(0.6251158652 -0.07248657632 0.0007969695217)
(0.6705664143 -0.06070501129 0.002076007542)
(0.649064956 -0.0205472711 0.08619511538)
(0.6630283306 -0.02053025531 0.002065017652)
(0.6564699305 -0.0608309373 0.08469468402)
(1.139083612 -0.2140807878 0.009644548322)
(1.06766855 -0.2428583843 0.00650342355)
(1.219914264 -0.2630585564 -0.004328242746)
(1.227175225 -0.2402206374 -0.005342486817)
(1.239625954 -0.2800583621 0.0003341397823)
(1.24960781 -0.2579755547 -0.0009447586252)
(1.05999484 -0.2155735435 0.006280084447)
(1.219921709 -0.2630964996 0.00434303894)
(1.139128663 -0.2141792894 -0.009650681742)
(1.067705703 -0.2429431835 -0.006514972668)
(1.227188675 -0.240268448 0.005350603551)
(1.239634678 -0.2801088717 -0.0003228774621)
(1.249624217 -0.2580319858 0.0009518264724)
(1.060022395 -0.2156630723 -0.006286977281)
(1.172243348 0.2245133898 0.03689472925)
(1.210146623 0.2589459579 -0.000182740462)
(1.223989881 0.2336047428 -8.204789074e-06)
(1.210155134 0.2589513727 0.0001893256814)
(1.172265678 0.2245368927 -0.03689710341)
(1.223993802 0.2336152597 1.290779688e-05)
(0.8322315371 -0.2461153436 -0.05033663675)
(0.7655989111 -0.2153411528 -0.05530011898)
(0.8440836195 -0.2643168408 -0.003711658011)
(0.8784190943 -0.2677723142 -0.00338729412)
(0.8813793046 -0.2422199253 -0.0008316348976)
(0.9096688696 -0.2450036552 -0.0009482072847)
(0.7931090053 -0.2145658217 -0.05005710022)
(0.8440354717 -0.2643191884 0.003702521414)
(0.8321049777 -0.2461507678 0.05034519358)
(0.765480147 -0.2153907866 0.0553060428)
(0.8783552106 -0.2677830463 0.003376927328)
(0.8813145187 -0.2422667905 0.0008206814382)
(0.9095835898 -0.2450442443 0.0009349830412)
(0.7929489782 -0.2146450324 0.05006968233)
(0.3154622478 -0.306680247 0.01429427062)
(0.1830228299 -0.1801279678 0.009387964006)
(0.06046837893 -0.06044111345 0.005268756184)
(0.3154363646 -0.3066608252 -0.01429244405)
(0.1830155013 -0.1801153681 -0.009387172808)
(0.06045899251 -0.06043533953 -0.005268496642)
(0.2115209818 0.2057369709 0.05447942198)
(0.1105803923 0.1092688766 0.03602199981)
(0.03304873636 0.03241572648 0.02055384946)
(0.2115869614 0.2057913123 -0.05448828874)
(0.1106155609 0.1093005887 -0.0360282259)
(0.03306333459 0.03242734543 -0.02055759436)
(0.5042357905 -0.1276548242 -0.0003135671715)
(0.2886387971 -0.07424992248 -0.0002884407971)
(0.09434266413 -0.02383531616 -0.0003005419192)
(0.5040351602 -0.128214762 0.08620728359)
(0.2885660924 -0.07435810061 0.05467459127)
(0.09393939308 -0.02523107926 0.03120912998)
(0.4914454042 0.05842474318 -0.000293979138)
(0.2725934648 0.03252344633 -0.0003066169294)
(0.08572376318 0.01146738817 -0.0003319485188)
(0.5224957401 0.03679438598 0.1171046872)
(0.2926115927 0.0225070809 0.07639741823)
(0.09335698624 0.00649392616 0.04392513246)
(0.522760929 0.03710208925 -4.882053206e-05)
(0.2927906133 0.02247662597 -0.0001778327997)
(0.09324307954 0.008537392955 -0.0002725783943)
(0.4907688508 0.05775347541 0.1029424122)
(0.2721028053 0.03235159363 0.06578548981)
(0.08571777127 0.009690373245 0.03764586496)
(0.3145194479 -0.3056888545 -8.74223418e-06)
(0.1822827183 -0.1793996293 -2.347064505e-05)
(0.06032233104 -0.05995813967 -3.407942479e-05)
(0.1463680246 0.1850141839 0.04266308503)
(0.07634507336 0.09897041638 0.02740783227)
(0.02288066437 0.02958861524 0.01569171984)
(0.1465114612 0.1856501666 -9.461150886e-05)
(0.0765928048 0.09930039174 -0.000107811297)
(0.02241557116 0.03015561172 -0.0001308829027)
(0.04627758285 -0.1376974853 0.0002120345832)
(0.02487541055 -0.08253893846 0.0002106195764)
(0.007152889257 -0.02823473268 0.0002135736626)
(0.04686405099 -0.1383124734 -0.06410439163)
(0.02512527784 -0.08295843937 -0.0405431794)
(0.008296202105 -0.02811207895 -0.02326595651)
(0.04485578809 0.1114580315 0.009303785307)
(0.02235913913 0.05811262035 0.006392256595)
(0.006315168995 0.0169391271 0.003694960687)
(0.3681372356 -0.2761872534 -0.03096314907)
(0.2137363932 -0.1612727398 -0.01984642858)
(0.07040029372 -0.053878451 -0.01132446291)
(0.3678107325 -0.275219194 0.0002142955743)
(0.2134194175 -0.1607673566 0.0001642659494)
(0.07055605668 -0.05329988829 0.0001454050952)
(0.411073575 -0.2621912714 -0.04772172122)
(0.237902512 -0.1534165977 -0.03235852565)
(0.07812109851 -0.05128875212 -0.01834418239)
(0.4109217477 -0.2620608691 3.421356889e-05)
(0.2376365082 -0.1533556789 8.423522254e-05)
(0.07844476782 -0.050522302 0.000120416903)
(0.5261167409 -0.06382689856 -8.0969829e-05)
(0.2984561784 -0.03619048888 -0.000175444099)
(0.09647529621 -0.01104009347 -0.0002598307381)
(0.5471855555 -0.04363530049 0.09859694772)
(0.3093980533 -0.02543872242 0.06343929881)
(0.09957362418 -0.009020743967 0.03617064161)
(0.5472991196 -0.04296775227 -0.0003305083308)
(0.3094415743 -0.02529512892 -0.0003178482897)
(0.09971573636 -0.007335582581 -0.0003359806548)
(0.5261996115 -0.06416693944 0.104655937)
(0.2985132324 -0.036137426 0.06783013183)
(0.09627934046 -0.01280800485 0.03889286667)
(0.5042091218 -0.1276483857 0.000311177267)
(0.288613317 -0.07424358336 0.0002868899357)
(0.09433163247 -0.0238326338 0.0002996978886)
(0.5040271994 -0.128213508 -0.08620504387)
(0.2885545101 -0.07435552854 -0.0546730665)
(0.09393382861 -0.02522954157 -0.03120832924)
(0.5260755958 -0.06382361163 7.651779725e-05)
(0.2984146387 -0.03618646823 0.0001725870185)
(0.09645667546 -0.01103805499 0.0002582142047)
(0.547164898 -0.04364004365 -0.09858958277)
(0.3093828825 -0.02544067371 -0.06343426136)
(0.0995692134 -0.009020880231 -0.03616785616)
(0.5472467567 -0.04297053685 0.0003227802961)
(0.3093906106 -0.02529470719 0.0003128054242)
(0.09969372652 -0.007334431481 0.0003332216211)
(0.5261755998 -0.06416375402 -0.1046515646)
(0.2984908243 -0.03613421116 -0.06782723694)
(0.09627030224 -0.0128067124 -0.03889125666)
(0.4382695695 0.1112321587 -7.517088976e-06)
(0.2445006237 0.06329248434 -0.0001401437576)
(0.07731612802 0.02126075691 -0.00024140175)
(0.4374072951 0.1109837869 0.1127896877)
(0.2438836019 0.06324755424 0.071833679)
(0.07757567628 0.01935906756 0.041318664)
(0.4913818253 0.05842405058 0.0002928706863)
(0.2725442223 0.03252084286 0.0003057420595)
(0.08570251573 0.0114653602 0.0003312995298)
(0.5223784307 0.03678229481 -0.1171003202)
(0.2925328453 0.02249839756 -0.07639414312)
(0.09331286732 0.006490435689 -0.04392311401)
(0.522626757 0.03709105148 4.405010815e-05)
(0.2926740677 0.02246749782 0.0001745403774)
(0.09318374546 0.008532789971 0.000270598193)
(0.4907162283 0.05775323158 -0.1029417886)
(0.2720469895 0.03234875617 -0.0657845954)
(0.08569789428 0.009688621064 -0.03764514466)
(0.4382200811 0.1112206801 2.856269235e-06)
(0.2444520206 0.06328105138 0.0001368583306)
(0.07729603665 0.02125580777 0.0002392949251)
(0.4373611008 0.1109768063 -0.1127855397)
(0.2438502268 0.0632412065 -0.0718305061)
(0.07756369643 0.01935617232 -0.04131661926)
(0.4399080878 0.1574555812 -0.09234099363)
(0.2402119219 0.0866004251 -0.06266656753)
(0.07476406896 0.02621687207 -0.03566356429)
(0.2506409309 0.1818079801 0.0747043832)
(0.1336983151 0.09808799428 0.04704318588)
(0.04048409154 0.02952653467 0.02706165461)
(0.2517060317 0.1824897115 7.915162147e-07)
(0.1344422899 0.09849097003 -8.622761657e-05)
(0.04000556257 0.03069974717 -0.0001571101914)
(0.3315256798 0.2093197845 -0.07750818586)
(0.1783790102 0.114878653 -0.0532494675)
(0.05488501899 0.03502793439 -0.03038813537)
(0.2506017828 0.1817907474 -0.07470779142)
(0.1336626621 0.09807193754 -0.04704299928)
(0.04047804716 0.02952162725 -0.0270599087)
(0.2516618114 0.1824621121 -3.728631654e-06)
(0.1344039949 0.09846658536 8.408156875e-05)
(0.03999044582 0.03068948798 0.0001554179757)
(0.194150337 -0.2892147943 4.126645518e-05)
(0.1123147577 -0.1691712003 5.811548452e-05)
(0.0367316027 -0.05651176425 6.321324139e-05)
(0.2213169703 -0.2771861994 0.007539249726)
(0.1292887039 -0.1652341926 0.005100417637)
(0.04307264502 -0.05570332915 0.003044479171)
(0.2204610317 -0.276833604 -0.0001569680128)
(0.1287793196 -0.1648978052 -0.0001024608384)
(0.04277014322 -0.05563171314 -7.455559661e-05)
(0.3144952373 -0.3056698948 7.462993371e-06)
(0.1822667245 -0.1793831181 2.293743956e-05)
(0.06031150157 -0.05995076812 3.387068021e-05)
(0.2121063334 0.2065356384 -8.706199783e-05)
(0.1109812208 0.1096384865 -0.0001266215702)
(0.03250646996 0.03323461357 -0.0001542425942)
(0.2121135635 0.2065418764 9.777395591e-05)
(0.1109749175 0.10963577 0.0001337081108)
(0.03250359899 0.03323253196 0.0001581537493)
(0.02020002222 -0.09036487238 0.0001890518378)
(0.009236454386 -0.05325535237 0.0002073886117)
(0.001794838229 -0.01794861138 0.0002195017298)
(0.01236176593 -0.03204559425 -0.07076867915)
(0.004442457615 -0.01859733048 -0.04554306907)
(0.001348249048 -0.006062782773 -0.02604584222)
(0.0118121368 -0.03178219168 0.0002374201525)
(0.004279381089 -0.01840851206 0.0002418973082)
(7.726699098e-05 -0.006096729557 0.0002419352412)
(0.02067315604 -0.09082914414 -0.06922938855)
(0.009379204018 -0.05357168499 -0.04439170588)
(0.00303144886 -0.01792374765 -0.02543914434)
(0.04627587085 -0.1376907428 -0.0002146913062)
(0.02487456852 -0.08253471721 -0.0002122870356)
(0.00715239477 -0.02823350821 -0.0002145141688)
(0.04686075775 -0.138296368 0.06410737953)
(0.02512327715 -0.08294953692 0.04054497244)
(0.008295605438 -0.02810930618 0.02326698133)
(0.02019939099 -0.09035969733 -0.0001917289593)
(0.00923629897 -0.05325196878 -0.0002090680816)
(0.001794530667 -0.01794752735 -0.0002204542506)
(0.01236076901 -0.03203836061 0.07077153524)
(0.004442064364 -0.01859310189 0.04554474869)
(0.00134818857 -0.00606139052 0.02604676464)
(0.01181179167 -0.03177903124 -0.0002399973331)
(0.004279248651 -0.01840640675 -0.0002435247966)
(7.702363602e-05 -0.00609602764 -0.0002428487614)
(0.02067191699 -0.09081725733 0.06923225703)
(0.009378481553 -0.05356482238 0.04439338431)
(0.003031260953 -0.01792151577 0.02544009472)
(0.04485530851 0.1114666349 -0.009301752903)
(0.02236270318 0.05812011211 -0.006391087366)
(0.006315522368 0.01694312644 -0.00369446607)
(0.4746232852 -0.2197043004 0.06735855816)
(0.274540392 -0.1272714267 0.04344490353)
(0.09021689615 -0.04261300289 0.02488330654)
(0.4110716745 -0.2621876968 0.04772091188)
(0.2379044281 -0.1534149035 0.03235800562)
(0.07811961794 -0.05128768448 0.01834361463)
(0.4745971256 -0.2196952212 -0.067365522)
(0.2745072629 -0.1272594362 -0.04344789219)
(0.09020771498 -0.04260845181 -0.02488438202)
(0.4694043945 -0.1699813045 0.08206222709)
(0.2668895357 -0.09678124579 0.05555110148)
(0.08592125715 -0.03194690723 0.03168419659)
(0.4694066818 -0.1699823978 -0.08206336141)
(0.2668881408 -0.09678114656 -0.05555252153)
(0.08591981012 -0.03194678542 -0.03168563142)
(0.4399464215 0.1574693194 0.09234727918)
(0.2402343366 0.08660915239 0.06267024712)
(0.07477105052 0.02621972753 0.0356651542)
(0.3722754527 0.1668462666 0.09634781299)
(0.2043671025 0.0924734866 0.06143387829)
(0.0639499818 0.02846684502 0.03531498106)
(0.3722204786 0.1668211311 -0.09635186624)
(0.2043250413 0.09245540603 -0.06143415031)
(0.06393627842 0.02846029358 -0.03531366623)
(0.1944644251 -0.2897129239 -0.02048643765)
(0.1125152133 -0.1695701597 -0.01385263688)
(0.03715398047 -0.05647166337 -0.007928558311)
(0.1223580919 -0.2410817311 -0.03963558554)
(0.07031554947 -0.1443026791 -0.02559728451)
(0.02349417856 -0.04882873861 -0.01477292313)
(0.1944565407 -0.2896994299 0.02048863055)
(0.1125133924 -0.1695633068 0.01385399435)
(0.0371520956 -0.05646909526 0.007929336316)
(0.1223526876 -0.2410644332 0.03964047812)
(0.07031088901 -0.1442905722 0.02559928946)
(0.02349225674 -0.04882379526 0.01477344786)
(0.1122873554 0.1632896208 0.03072452395)
(0.0581726585 0.08610758267 0.02096807304)
(0.01715621272 0.02538410812 0.01198876828)
(0.07015198247 0.1421513966 0.01835825034)
(0.0351333187 0.07438866792 0.01208690784)
(0.010180414 0.02175303634 0.006924935147)
(0.07013897355 0.1421386605 -0.01835760459)
(0.03513005445 0.07438301332 -0.01208602903)
(0.0101780798 0.02175022769 -0.006924198591)
(0.0834239904 -0.208439649 -0.05021131219)
(0.04707739881 -0.122863036 -0.03398472173)
(0.0155366041 -0.04104371498 -0.01943682237)
(0.08341989117 -0.2084251453 0.05021187831)
(0.04707567046 -0.1228561168 0.03398535581)
(0.015536348 -0.04104194086 0.01943745729)
(0.3681561146 -0.2762034773 0.03096001404)
(0.2137469438 -0.1612827329 0.01984552119)
(0.07040536654 -0.0538822583 0.01132465803)
(0.2213248799 -0.2771974427 -0.007535425547)
(0.1292929284 -0.1652410106 -0.005098076206)
(0.04307540211 -0.05570660595 -0.003043129504)
(0.3678385828 -0.275235479 -0.000213542401)
(0.2134233911 -0.160775453 -0.0001640527985)
(0.0705669447 -0.05330505936 -0.0001455016614)
(0.2204759682 -0.2768447282 0.0001537232075)
(0.128778664 -0.1649027198 0.0001002624045)
(0.04277589502 -0.05563566891 7.314389533e-05)
(0.331562853 0.2093397514 0.07751198622)
(0.1783910679 0.1148891491 0.05325199051)
(0.0548921758 0.03503195606 0.03038939642)
(0.3321411671 0.2104620458 -0.0002554833216)
(0.1789279832 0.1153339804 -0.00026892547)
(0.05428221788 0.03636825934 -0.0002777669603)
(0.0451766543 0.1123047758 -8.310289216e-06)
(0.02257363449 0.05864125815 -1.651907987e-05)
(0.006222166568 0.01720255509 -2.239900036e-05)
(0.4744024305 -0.2188612148 -0.0002548542662)
(0.2742903222 -0.1269522859 -0.0002359762654)
(0.09057191272 -0.04147668873 -0.000242731516)
(0.4109426478 -0.2620643125 -3.252215426e-05)
(0.237633953 -0.1533560671 -8.334233921e-05)
(0.07845253058 -0.05052407054 -0.0001198927694)
(0.4743627273 -0.2188464225 0.0002565051002)
(0.2742366677 -0.1269335728 0.0002370755477)
(0.09055498275 -0.04146892271 0.0002436282299)
(0.4695700101 -0.1698445334 -6.934719514e-05)
(0.2668171585 -0.09684955054 -0.0001488713317)
(0.08637183018 -0.03056355572 -0.000210165624)
(0.4695319314 -0.1698313662 7.33703233e-05)
(0.266777939 -0.09683673038 0.0001515232725)
(0.08635387399 -0.03055805962 0.000211712912)
(0.4406586212 0.1585073746 -0.0002719909597)
(0.2407553634 0.08685356158 -0.0003069703578)
(0.07439745396 0.02786028069 -0.0003249743969)
(0.4405948546 0.1584857403 0.0002688860214)
(0.2407006483 0.08683498459 0.0003045881227)
(0.07437302903 0.0278523413 0.0003234217348)
(0.3731147274 0.1671439027 7.074854789e-06)
(0.2049430419 0.09253961776 -0.0001122812661)
(0.0634685738 0.02999792713 -0.0002047709926)
(0.3730473833 0.1671158658 -1.059104612e-05)
(0.2048899486 0.09251645695 0.0001099146394)
(0.06344417198 0.02998769653 0.0002032228165)
(0.3320978967 0.210433583 0.0002530351416)
(0.1788809233 0.1153074683 0.0002669695288)
(0.05426449401 0.03635692475 0.0002763945919)
(0.1215697878 -0.2405335039 0.0002027953902)
(0.06990812932 -0.1438609626 0.0001745812529)
(0.02271944371 -0.0489357091 0.0001609937082)
(0.1941451899 -0.2892016219 -4.380185018e-05)
(0.1123041463 -0.1691584284 -5.960622306e-05)
(0.03672918032 -0.05650742703 -6.395772357e-05)
(0.1215637465 -0.2405193847 -0.0002044530389)
(0.06990306107 -0.1438493715 -0.0001754378146)
(0.02271724109 -0.04893087411 -0.0001613949711)
(0.1463477798 0.1849717512 -0.04267031574)
(0.07632512569 0.09894004083 -0.02741116701)
(0.02287194037 0.02957681535 -0.01569259979)
(0.1464904106 0.1856172634 9.812431704e-05)
(0.07656249748 0.09926849631 0.0001098379511)
(0.02240665036 0.03014335147 0.0001316834857)
(0.1122619693 0.1632566276 -0.0307238719)
(0.05815661446 0.08608673298 -0.02096786433)
(0.01715152489 0.02537726429 -0.01198881865)
(0.1127310431 0.164171042 6.077698658e-05)
(0.05849903833 0.08660171942 8.028644805e-05)
(0.01679795955 0.0258791121 9.164529937e-05)
(0.1127537462 0.1641888978 -6.090643584e-05)
(0.05850220803 0.08660981596 -8.029626749e-05)
(0.01680474737 0.02588376028 -9.165259083e-05)
(0.0702659624 0.1428071316 -7.013135199e-05)
(0.03532079397 0.07480994285 -6.276183159e-05)
(0.009971760429 0.02205876612 -6.66338331e-05)
(0.07026144223 0.1427984784 6.813108079e-05)
(0.03531412451 0.07480021255 6.143525668e-05)
(0.009970834165 0.02205597275 6.589015575e-05)
(0.08316990396 -0.2082392042 0.0001233733398)
(0.04700569173 -0.1226406635 0.0001519029805)
(0.01462459888 -0.04125842686 0.0001617894508)
(0.08316745837 -0.2082313908 -0.0001256590592)
(0.04700386595 -0.122635788 -0.0001532313852)
(0.01462405757 -0.04125703059 -0.0001624450517)
(0.04517630457 0.1123063129 6.723903613e-06)
(0.02257159059 0.05863779472 1.555242249e-05)
(0.006222196972 0.01720333512 2.194436038e-05)
)
;

boundaryField
{
    inlet
    {
        type            fixedValue;
        value           uniform (1 0 0);
    }
    outlet
    {
        type            zeroGradient;
    }
    topAndBottom
    {
        type            symmetry;
    }
    frontAndBack
    {
        type            empty;
    }
    cylinder
    {
        type            noSlip;
    }
    procBoundary0to1
    {
        type            processor;
        value           nonuniform List<vector> 
116
(
(1.027291355 0.0002473392391 7.86079886e-23)
(1.027494705 0.0007738275053 2.15171271e-23)
(1.027908269 0.00132224841 0)
(1.028544676 0.001916462747 1.39382421e-23)
(1.029422153 0.00257801049 1.769050855e-23)
(1.030566749 0.00333373748 2.995194363e-23)
(1.032013876 0.004217462566 0)
(1.033810586 0.005273243041 -1.669434686e-23)
(1.036018622 0.006560034346 3.99674206e-23)
(1.038718756 0.008158644215 -1.342586014e-23)
(1.042017026 0.01018195758 0)
(1.046052109 0.01279105472 0)
(1.05100459 0.0162214104 -9.510540684e-24)
(1.057112738 0.02082147892 9.504373276e-24)
(1.064674515 0.02713371308 0)
(1.074085078 0.03596254109 1.523829919e-22)
(1.085798169 0.04868129999 -1.890615843e-22)
(1.100345565 0.06739417988 1.814515456e-21)
(1.118065167 0.09609026941 9.202699093e-07)
(1.133509787 0.1395335909 1.644269329e-06)
(1.133509787 0.1395335909 1.644269329e-06)
(1.133509787 0.1395335909 1.644269329e-06)
(1.133509787 0.1395335909 1.644269329e-06)
(1.133509787 0.1395335909 1.644269329e-06)
(1.133509787 0.1395335909 1.644269329e-06)
(1.129769744 0.1952395083 0.01531920322)
(1.201061551 0.2332752129 -0.000894418262)
(1.145806724 0.2228490549 0.03397132669)
(1.12230183 0.4973848897 0.04873314051)
(1.122391502 0.4974098644 -0.04874257353)
(0.6923544391 0.7133208901 1.193837156e-05)
(0.6923544391 0.7133208901 1.193837156e-05)
(0.6909643014 0.7132550652 0.04705597465)
(0.7955188029 0.6574186757 0.03696552651)
(0.6909643014 0.7132550652 0.04705597465)
(0.7961058315 0.6574137444 3.635208479e-05)
(0.1089278841 0.2524505295 0.01516266329)
(0.1095263214 0.2539264717 3.863497071e-05)
(0.4170374468 0.559013286 0.0002365977803)
(0.4152962243 0.5587265003 0.04212898928)
(0.2624691043 0.4313894698 0.01966656741)
(0.2632349606 0.4319635959 -0.0003434282423)
(0.6923536067 0.7133174522 -2.039183551e-05)
(0.6923536067 0.7133174522 -2.039183551e-05)
(0.6909483009 0.7132220118 -0.04704742703)
(0.7954193138 0.6574227497 -0.03695720485)
(0.6909483009 0.7132220118 -0.04704742703)
(0.7960776217 0.6574219938 -4.638992126e-05)
(0.4170179757 0.5590028563 -0.0002417316731)
(0.4152465157 0.558688268 -0.04212300668)
(0.2624508611 0.4313827038 -0.0196642267)
(0.2632251517 0.4319624558 0.0003408862441)
(0.1089287648 0.252449259 -0.0151605114)
(0.1095236024 0.2539219279 -4.016224181e-05)
(1.145303067 0.4371644131 0.04617724611)
(1.167837126 0.2960270574 -0.03819859323)
(1.145368733 0.4371641371 -0.04618618539)
(1.122961864 0.4967497468 1.334234544e-05)
(1.122961864 0.4967497468 1.334234544e-05)
(1.026379364 0.5162711001 -1.287933109e-05)
(1.12230183 0.4973848897 0.04873314051)
(1.025775548 0.5167875537 0.03989767296)
(0.8997056412 0.631802727 0.03831489441)
(0.9006731728 0.6317401761 -4.228002556e-05)
(0.9733921926 0.5715137974 -6.481640446e-06)
(0.9726025519 0.5720100522 0.03985434473)
(1.122982919 0.4967525927 4.850588264e-07)
(1.122982919 0.4967525927 4.850588264e-07)
(1.026383287 0.5162744821 1.134436528e-05)
(1.122391502 0.4974098644 -0.04874257353)
(1.025787887 0.5167967194 -0.03989583498)
(0.8996917344 0.6318436781 -0.03830997544)
(0.9006641181 0.6317540117 4.623175212e-05)
(0.973397209 0.5715246177 5.931815136e-06)
(0.9726180227 0.5720459315 -0.03985346428)
(1.165354881 0.2566483798 0.03581856052)
(1.129771198 0.1952472143 -0.01532049426)
(1.201059867 0.2332883592 0.0008965298416)
(1.145813883 0.2228817058 -0.03397246957)
(1.165363813 0.2566638937 -0.035819162)
(1.168395937 0.3371290375 0.0003648608435)
(1.168395937 0.3371290375 0.0003648608435)
(1.166703894 0.3395532516 0.04093692394)
(1.110838835 0.2892381927 0.03358048189)
(1.165354881 0.2566483798 0.03581856052)
(1.166703894 0.3395532516 0.04093692394)
(1.153047215 0.2990084136 0.001508314957)
(1.172842003 0.2977799944 -0.001137970293)
(1.175469725 0.2619806757 -0.0003248458931)
(1.145803809 0.4363101964 2.094847023e-05)
(1.159970059 0.3836542449 5.567581104e-05)
(1.159422183 0.3853063165 0.0436214067)
(1.168402151 0.3371269449 -0.0003638596955)
(1.172842003 0.2977799944 -0.001137970293)
(1.166724608 0.3395446991 -0.04093805123)
(1.145823991 0.4363066349 -1.38850208e-05)
(1.159984757 0.383647225 -5.45870218e-05)
(1.159463338 0.3852894231 -0.04362613738)
(1.145806724 0.2228490549 0.03397132669)
(1.175469725 0.2619806757 -0.0003248458931)
(1.201061551 0.2332752129 -0.000894418262)
(1.175470801 0.2619887105 0.0003278736005)
(1.145813883 0.2228817058 -0.03397246957)
(1.201059867 0.2332883592 0.0008965298416)
(0.02472789796 0.07656392673 0.0008249484408)
(0.01144357446 0.0393934256 0.0008572317127)
(0.003020678419 0.01132884055 0.0005441271634)
(0.02472735887 0.0765566405 -0.0008249809451)
(0.01144280658 0.03939010737 -0.0008571852457)
(0.003020459917 0.01132804981 -0.0005440567934)
(0.02491149925 0.07697928887 1.516933812e-05)
(0.01155056354 0.03969392243 1.137578876e-05)
(0.003032306096 0.01146154338 4.64548825e-06)
(0.02490855836 0.07697400151 -1.503655308e-05)
(0.01154971381 0.03968980801 -1.13467915e-05)
(0.003031338896 0.01146029229 -4.667070588e-06)
)
;
    }
    procBoundary0to2
    {
        type            processor;
        value           nonuniform List<vector> 
75
(
(0.9998051459 0.0003685223158 1.140497137e-24)
(0.9985588845 0.0007859436163 3.762792961e-23)
(0.9968713346 0.000854934911 -2.288128562e-24)
(0.9951295837 0.0008830229326 -4.158665031e-23)
(0.9933179658 0.0009542279049 -2.33393588e-23)
(0.9913274586 0.001060883711 9.30164287e-24)
(0.9890893877 0.001202569616 9.375957801e-24)
(0.9865308857 0.001387700337 -1.025383147e-23)
(0.9835547122 0.001628813045 8.12014038e-23)
(0.9800342777 0.001943609002 -4.195867562e-23)
(0.9758015172 0.002357765431 -2.215674578e-23)
(0.970627429 0.00290918701 -2.336665927e-23)
(0.9641921613 0.003655113199 -1.23641821e-22)
(0.9560377138 0.004683982072 9.901667082e-23)
(0.9454878581 0.006137301919 -8.467545937e-23)
(0.9315307589 0.008247278722 1.175228921e-22)
(0.9124835152 0.01141850121 -1.184692535e-21)
(0.8863614889 0.01639194528 2.4792306e-21)
(0.8454045147 0.02420269839 -5.38875015e-07)
(0.8018065778 0.01981299138 -0.03620880721)
(0.6758203094 0.01547592909 -0.07591961792)
(0.5583376401 0.02948710726 -0.09901348892)
(0.2166681797 0.06934825643 -0.1313705941)
(0.2166862953 0.069350602 0.1313764012)
(0.3284344185 0.05481956474 -0.1229756705)
(0.5583569047 0.02946586704 0.09901598641)
(0.3284764557 0.05482754754 0.1229797356)
(0.2182395798 0.06888191644 -0.0002634443929)
(0.06193136706 0.07422445362 -0.1327771848)
(0.06148718429 0.07371125862 7.911597786e-05)
(0.2182479534 0.06888229631 0.0002593640342)
(0.06192862985 0.07422441017 0.1327839074)
(0.06148823401 0.07371129524 -8.425432322e-05)
(0.6083876389 0.0245502628 -0.09225524317)
(0.6758075144 0.01546325356 0.07591976941)
(0.6084324261 0.02452607507 0.09225367307)
(0.4968251336 0.03568522874 -0.1064578586)
(0.5623469666 0.02931249016 -0.0003176638474)
(0.4989540588 0.03551689699 -0.0001622136114)
(0.329226708 0.05457032636 -0.0001030743009)
(0.4212846878 0.04374238413 -0.1145435634)
(0.4227060476 0.04355361221 -0.0001032554338)
(0.5623551426 0.02930602912 0.0003170118776)
(0.496829946 0.035678877 0.1064617778)
(0.498957597 0.03551474276 0.000158278838)
(0.3292429165 0.05457211351 9.917991156e-05)
(0.4213091849 0.04374671249 0.1145470093)
(0.4227159883 0.04355453151 9.968490222e-05)
(0.7600954262 0.0231036939 -0.03938836276)
(0.8018098877 0.01981908619 0.03620870391)
(0.7600855685 0.0231173591 0.03938830458)
(0.6756112174 0.01743783775 -0.0808399676)
(0.7719340754 0.01825634822 -0.0007263259818)
(0.7093494482 0.01821758354 -0.003387382797)
(0.616284492 0.02437649309 -0.0007866658725)
(0.6490412371 0.02057693636 -0.0861977274)
(0.6630223567 0.02054273784 -0.002062708103)
(0.7719290231 0.01825615712 0.0007287941584)
(0.6756122703 0.01742256507 0.08083722706)
(0.7093503227 0.01821309215 0.003389743391)
(0.6163002934 0.02436871016 0.0007894013401)
(0.6490682005 0.0205575387 0.08619473152)
(0.6630319725 0.02053640797 0.002065181195)
(0.01235750125 0.03202242392 -0.07076959367)
(0.004439962606 0.01858345998 -0.04554364428)
(0.001347415635 0.006058040138 -0.02604611506)
(0.01180805336 0.03176156804 0.0002374473917)
(0.004277020824 0.0183961838 0.0002419170992)
(7.646176319e-05 0.006092425431 0.0002419476118)
(0.01235696254 0.03202164163 0.07077238446)
(0.004439845063 0.01858288356 0.04554528041)
(0.001347445218 0.006057801162 0.02604701149)
(0.01180791354 0.03176098074 -0.0002400025068)
(0.004277004226 0.01839551734 -0.0002435283523)
(7.625593982e-05 0.006092170315 -0.0002428502946)
)
;
    }
}


// ************************************************************************* //
