/*--------------------------------*- C++ -*----------------------------------*\
| =========                 |                                                 |
| \\      /  F ield         | OpenFOAM: The Open Source CFD Toolbox           |
|  \\    /   O peration     | Version:                                        |
|   \\  /    A nd           | Website:  www.openfoam.com                      |
|    \\/     M anipulation  |                                                 |
\*---------------------------------------------------------------------------*/
FoamFile
{
    version     2.0;
    format      ascii;
    class       surfaceScalarField;
    location    "5.7";
    object      phi;
}
// * * * * * * * * * * * * * * * * * * * * * * * * * * * * * * * * * * * * * //

dimensions      [0 3 -1 0 0 0 0];
oriented        oriented;


internalField   nonuniform List<scalar> 
6094
(
0.02000189144
1.022054761e-06
0.01999574371
8.98888485e-06
0.0199814775
1.712616893e-05
0.01995849702
2.582998265e-05
0.01992597332
3.535592048e-05
0.01988276141
4.60221081e-05
0.01982731609
5.822745944e-05
0.01975757758
7.248506376e-05
0.01967080863
8.947053301e-05
0.01956335879
0.0001100947922
0.01943031527
0.0001356170497
0.01926497653
0.0001678218986
0.01905804342
0.0002093009819
0.0187963292
0.0002639324674
0.01846083696
0.0003375097655
0.01802570892
0.0004364434691
0.01746388443
0.0005561841037
0.01672873486
0.0007066798143
0.003897551053
0.001082084518
0.003922255161
0.003897472817
0.003922087535
0.003700145094
0.0001973363397
-2.23993824e-09
-0.00083148068
0.000798031027
3.675645864e-05
-3.310305235e-06
-0.0006703922609
0.000598788639
7.333419799e-05
-1.732038229e-06
-0.0002801199626
-1.008435146e-06
0.0001363077912
0.0001447800204
0.02000638295
-5.362936377e-06
0.02000525964
1.011219491e-05
0.01999612548
2.626034065e-05
0.01997853092
4.342453961e-05
0.01995170827
6.217857655e-05
0.01991458475
8.314562949e-05
0.01986572287
0.0001070893409
0.01980322141
0.0001349865265
0.01972457813
0.0001681138195
0.01962649565
0.0002081772665
0.01950460048
0.000257512223
0.01935303526
0.0003193871176
0.0191638574
0.0003984788455
0.01892633171
0.0005014581556
0.01862532958
0.0006385118899
0.01824097704
0.0008207960118
0.01772641845
0.001070742692
0.0170389934
0.00139410486
0.003972771007
0.002008837462
0.004082248698
0.003973389883
0.004083830872
-0.0003786766672
0.003828506858
0.0005229303136
1.050305089e-08
-0.0001356681536
-0.0008701709466
0.0008455140572
0.0001634993531
-3.174310049e-06
-0.0002630288674
-0.0007595614365
0.0007159869601
-2.229665871e-06
0.0003088330097
-0.0004977282921
-0.0005561073401
-2.42572331e-07
0.0004854938489
0.0005685843557
0.01999921677
-4.581429755e-06
0.01999113947
1.818949898e-05
0.01997565685
4.174297118e-05
0.0199523032
6.677819182e-05
0.01992041253
9.406924889e-05
0.01987907547
0.0001244826935
0.01982708683
0.0001590779868
0.01976287694
0.0001991964201
0.01968442158
0.0002465691821
0.01958912257
0.0003034762759
0.01947364398
0.0003729908141
0.01933386634
0.0004591647543
0.01916450617
0.0005678390087
0.01896252044
0.0007034438873
0.01871982977
0.0008812025614
0.01845137365
0.001089252126
0.01811197079
0.001410145555
0.01771553711
0.00179053854
0.01722014385
0.002504230723
0.004012131586
0.003500518918
-0.000628356533
-0.0007336754095
-0.0006303741018
-0.0007344866039
0.004210819548
0.004012413874
0.004211152572
-0.0009912142148
0.001101140942
2.512215392e-08
0.0009166408531
0.001008013359
0.001033038002
0.0009444875235
-0.0003877415118
-0.0009170009786
0.000920050786
0.0003936471455
-8.955441137e-06
-0.0006666665697
-0.0009376988119
-7.094263191e-07
0.0009430567117
0.0006620180963
-0.0009246822851
-0.001016562918
2.565312557e-06
0.001178157681
0.000760522209
-6.353440907e-05
1.831474473e-05
2.871184375e-07
-6.068787397e-06
5.100133338e-05
0.01999693425
-1.516955504e-06
0.01998726141
2.786234136e-05
0.01997086153
5.814285726e-05
0.01994737448
9.026524676e-05
0.01991627852
0.0001251652128
0.01987686816
0.0001638930537
0.01982822713
0.0002077190161
0.0197691951
0.0002582284533
0.01969833218
0.000317432104
0.01961401974
0.0003877887225
0.01951433442
0.0004726761252
0.01940028589
0.0005732132844
0.01927005364
0.0006980712574
0.01914482528
0.000828672244
0.01899986778
0.001026160067
0.01887139059
0.001217729313
0.01866220505
0.001619331093
0.01835601067
0.002096732926
0.01814335609
0.002716885303
0.004450141453
0.003615955595
0.00456396732
0.004449706811
0.004564103828
-0.001138431244
0.0044290528
0.00115952457
-4.672027591e-09
-0.0003658979052
-0.001036199477
0.001047568952
0.0003592333285
-4.704898976e-06
-0.0005573117554
-0.001168024503
0.001199330845
-2.742640023e-06
0.0005287480527
-0.0006865941977
-0.00135483608
-1.331190749e-07
0.001408711734
0.0006328516636
-0.0005985250749
-0.001544678389
2.17228442e-07
0.001546830702
0.000596155534
-0.0002160918809
-0.001329510219
2.938188626e-07
0.001236108057
0.0003092002233
-4.599805488e-05
-0.0009710836491
1.355996961e-07
0.0009023087991
0.0001146373046
-5.087833249e-05
-0.0007795572957
-9.781783449e-09
0.0007488441064
8.160130398e-05
0.01999701373
1.468509898e-06
0.01998825275
3.66233204e-05
0.01997360816
7.278745118e-05
0.01995283055
0.0001110428635
0.01992555447
0.0001524412919
0.01989129832
0.0001981492087
0.01984946026
0.0002495570813
0.01979931854
0.0003083701725
0.01974054288
0.0003762077672
0.01967484805
0.0004534835554
0.0196024205
0.0005451036687
0.0195435229
0.0006321108853
0.01947940656
0.000762187596
0.01944424857
0.0008638302366
0.01935129379
0.00111911485
0.01917689586
0.001392127239
0.01907140085
0.001724826108
0.01895738785
0.00221074592
0.01890956254
0.002764710616
0.01907933423
0.003446183907
0.00484647388
0.004251189443
-0.001155985928
-0.001229154232
-0.001155825654
-0.001229045089
0.004952720438
0.004846252849
0.004952708523
-0.001409416287
0.004923352538
0.001332544917
-7.287097765e-09
-0.0004345594142
-0.005098494204
0.001561844575
1.407422285e-08
-0.0004291067618
-0.0004481073555
-0.0004337861087
0.001250020997
0.001386078685
0.001396701698
0.001249393816
-0.0004957348686
-0.001356333705
0.001412700286
0.0004509370847
-1.156879687e-05
-0.0004759101152
-0.001541415446
0.001577373631
-1.643527734e-06
0.000441595458
-0.0003774896489
-0.001656773278
0.001672472449
-2.462145337e-07
0.0003620366932
-0.0002458061595
-0.001673891632
-5.699186192e-08
0.001662017332
0.000257737451
-0.0001619176419
-0.001616624267
0.001602433885
0.0001767618778
-6.53853766e-07
0.01999740724
4.060928557e-06
0.0199899833
4.404726652e-05
0.01997763598
8.513477061e-05
0.019960227
0.0001284518511
0.01993755066
0.0001751176287
0.01990935016
0.0002263497191
0.01987533336
0.0002835738781
0.0198358532
0.0003478503353
0.01979804759
0.0004140133784
0.01977319822
0.000478332923
0.01974836508
0.0005699368183
0.01975374801
0.0006267279505
0.01971381971
0.0008021158921
0.01960272304
0.0009749269114
0.01954800578
0.001173832113
0.01946487781
0.001475255203
0.01939157039
0.001798133536
0.01940725944
0.002195056871
0.01954644915
0.002625520905
0.01985737219
0.003135260865
0.02041937601
0.003689185623
0.02126723535
0.004198960306
-0.001257764262
-0.001265656166
-0.001257509504
-0.001265889714
0.005598340126
0.004571700259
-0.001432436345
-0.001430063689
-0.001432387839
-0.001429877351
0.005611940413
0.005598203726
0.005611816044
-0.00143920827
0.005741673449
0.001295857124
1.782622905e-08
-0.0003471804688
-0.005910325629
0.006075887901
0.001237950858
9.814951539e-10
-0.0003408268363
-0.0003675739029
-0.0003479329028
-0.0003133633685
-0.006220231638
0.006338542254
0.001085575145
9.576452114e-09
-0.0002895619256
-0.0003123732225
-0.0002885968197
-0.0002514944877
-0.006427729786
0.006500772274
0.0008836199192
3.041834916e-08
-0.0002279642861
-0.0002503655071
-0.0002268685429
0.01999787543
6.185597666e-06
0.01999189541
5.002728899e-05
0.01998202765
9.500253382e-05
0.01996822842
0.0001422510847
0.0199504429
0.0001929031426
0.01992862398
0.0002481686449
0.01990313758
0.0003090602801
0.01988115273
0.0003698351891
0.01989248582
0.0004026802892
0.01992079399
0.0004500247513
0.0199088784
0.0005818524166
0.01983586523
0.0006997411163
0.01980933118
0.000828649943
0.01975101976
0.001033238338
0.0196856542
0.00123919767
0.0196665603
0.00149434911
0.01969087077
0.001773823058
0.01980617093
0.002079756717
0.02001969291
0.002411998922
0.02034729999
0.002807653783
0.02086926223
0.003167223393
0.02154628417
0.003521938352
0.0223750084
0.003742976027
0.02324025067
0.003768884773
-0.001186110617
-0.001130974868
-0.001186076329
-0.00113096523
0.0240279428
0.003534272968
-0.001117961415
-0.001043037936
-0.001117976854
-0.001042988903
0.0246639059
0.00313529928
-0.0009882581571
-0.0008974406469
-0.0009882311059
-0.0008973324574
0.002568365482
-0.000796280277
-0.0007222939242
-0.0007965804365
-0.000722844207
0.01999836007
7.826026309e-06
0.01999386784
5.451951566e-05
0.01998654222
0.0001023281551
0.01997642553
0.0001523677766
0.01996359237
0.0002057363066
0.0199483895
0.0002633715139
0.01993344113
0.0003240086598
0.01993995536
0.0003633209613
0.01998691381
0.0003557218383
0.01995839842
0.0004785401388
0.01995145081
0.0005888000362
0.01991231019
0.000738881738
0.01986087341
0.0008800867251
0.01983953936
0.001054572385
0.01983758071
0.001241156321
0.01987770498
0.00145422484
0.01996371421
0.001687813835
0.02010206067
0.001941410256
0.02032520802
0.002188851569
0.02065201381
0.002480847995
0.02110279771
0.002716439495
0.02166316876
0.002961567302
0.02228589631
0.003120248469
0.02295585429
0.003098926798
0.02357595029
0.002914176972
0.02409668057
0.002614569013
0.00215515899
0.01999884114
8.985587018e-06
0.01999582526
5.753539271e-05
0.0199910105
0.0001071429151
0.01998450799
0.0001588702924
0.01997693748
0.000213306819
0.01997126301
0.0002690459796
0.01997050292
0.0003247687529
0.02000200297
0.0003318209124
0.02002298624
0.0003347385684
0.01999794387
0.0005035825139
0.01995990144
0.0006268424673
0.01994325163
0.0007555315543
0.01993650072
0.0008868376329
0.01995592599
0.001035147117
0.01999726426
0.001199818051
0.02007029535
0.001381193749
0.02017373956
0.001584369632
0.02036106729
0.001754082522
0.02057094516
0.001978973699
0.02088980012
0.002161993042
0.02124247764
0.002363761966
0.02168131006
0.002522734882
0.02218532486
0.002616233665
0.02270957693
0.00257467473
0.02320340124
0.002420352664
0.02362899383
0.002188976416
0.001818892847
0.01999930463
9.681860117e-06
0.01999770811
5.913190836e-05
0.01999529632
0.000109554702
0.01999284281
0.0001613238044
0.01999704236
0.0002091072692
0.02002096872
0.0002451196259
0.0200492108
0.0002965266721
0.0200898297
0.0002912020114
0.02002762565
0.0003969426255
0.02000112385
0.0005300843092
0.01999340982
0.000634556501
0.02000570258
0.0007432387926
0.02003048927
0.0008620509483
0.02007202005
0.0009936163441
0.02013393614
0.001137901956
0.02020395826
0.001311171633
0.02033765064
0.001450677253
0.0205026761
0.001589057062
0.02072022552
0.001761424281
0.02099769351
0.001884525059
0.02132178109
0.00203967438
0.02167295621
0.002171559752
0.02207825203
0.002210937847
0.02249592435
0.002157002401
0.02289310715
0.002023169867
0.02324178235
0.001840301217
0.001538807542
0.01999973926
9.943597019e-06
0.01999951343
5.935774332e-05
0.01999981714
0.0001092509856
0.02000777715
0.0001533637954
0.0200456064
0.0001712780208
0.02010724902
0.000183477009
0.02012236826
0.0002814074354
0.02006732175
0.0003462485229
0.02002707607
0.0004371883045
0.02002998563
0.0005271747443
0.02004729711
0.0006172450287
0.02007524706
0.0007152888436
0.02011482021
0.0008224777985
0.02016946351
0.0009389730517
0.02022258496
0.001084780507
0.02033093981
0.001202816782
0.02048259994
0.001299017125
0.02063125415
0.001440402848
0.02085008693
0.001542591507
0.02106533832
0.001669273665
0.0213272833
0.001777729404
0.02163348934
0.001865353717
0.02196832888
0.001876098299
0.02230741608
0.001817915195
0.02263032004
0.001700265912
0.02291726864
0.001553352614
0.001306246749
0.02000022198
9.72252063e-06
0.02000239616
5.718355535e-05
0.02000924627
0.000102400878
0.02003997394
0.0001226361276
0.02008017029
0.0001310816707
0.0200619828
0.0002016644989
0.02005419778
0.0002891924504
0.02004255809
0.0003578882119
0.02004926574
0.0004304806584
0.02006962531
0.0005068151766
0.02009789567
0.0005889746679
0.02013534299
0.0006778415314
0.02018427658
0.000773544211
0.02022700073
0.0008962489004
0.02030641672
0.00100536452
0.02041825589
0.001090977612
0.02054475854
0.001172514478
0.02070200508
0.001283156305
0.02089244167
0.001352154923
0.02110458692
0.001457128408
0.02132199281
0.001560323512
0.02158162683
0.001605719696
0.02185983188
0.001597893254
0.02213869715
0.00153904993
0.02240391991
0.001435043151
0.02264163381
0.001315638715
0.001111630866
0.02000209265
7.630765102e-06
0.02001400366
4.527255169e-05
0.02003400906
8.239546835e-05
0.02006684819
8.979699911e-05
0.02005251032
0.0001454195457
0.02003573648
0.0002184383402
0.0200423312
0.0002825977279
0.0200561786
0.0003440408132
0.02007736801
0.0004092912513
0.02010510556
0.0004790776256
0.02014029496
0.0005537852709
0.02018461216
0.000633524331
0.02022387088
0.0007342854915
0.02028436625
0.0008357535375
0.02037734085
0.0009123899253
0.02050202637
0.0009662920927
0.02061225843
0.001062282406
0.02077498697
0.001120427771
0.0209201034
0.001207038494
0.02109271292
0.001284518886
0.0212951618
0.001357874634
0.02152049469
0.001380386805
0.02175466941
0.001363718527
0.02198686413
0.001306855199
0.02220705752
0.001214849765
0.02240560539
0.001117090842
0.0009478090943
0.02000962348
-1.991911429e-06
0.02003781134
1.708468422e-05
0.02005771618
6.249063125e-05
0.02004416779
0.0001033453871
0.02003193257
0.0001576547634
0.02003790989
0.0002124610175
0.02005406547
0.0002664421482
0.02007519637
0.0003229099113
0.02010172678
0.0003827608451
0.02013456478
0.0004462396283
0.02017490646
0.0005134435998
0.02021623422
0.0005921965687
0.02025777455
0.0006927451691
0.02032873709
0.0007647909903
0.02041588127
0.000825245746
0.02051976731
0.0008624060469
0.02063371097
0.0009483387452
0.0207814736
0.0009726651423
0.02093572237
0.00105278972
0.02108265586
0.001137585394
0.02126145702
0.001179073469
0.02145579528
0.001186048546
0.02165480191
0.001164711887
0.02185043433
0.001111222779
0.0220352576
0.001030026487
0.0222026551
0.0009496933519
0.000808801178
0.02001477855
-1.676985889e-05
0.02001944125
1.242198094e-05
0.02002327232
5.865955213e-05
0.0200232937
0.0001033240131
0.02003123517
0.0001497132864
0.02004657757
0.0001971186193
0.02006662603
0.0002463936945
0.02009145249
0.0002980834457
0.02012179607
0.0003524172724
0.02015852264
0.0004095130591
0.02020260747
0.0004693587664
0.02022946889
0.0005653351534
0.02029045641
0.0006317576543
0.02036435491
0.0006908924852
0.02045462447
0.0007349761845
0.02054545911
0.0007715714013
0.02066109129
0.0008327065622
0.02077689386
0.00085686257
0.02091359531
0.0009160882723
0.02105961713
0.0009915635696
0.02122132299
0.001017367605
0.02139059458
0.001016776949
0.02156157424
0.0009937322284
0.02172832546
0.000944471559
0.0218851921
0.0008731598446
0.0220277869
0.0008070985563
0.0006897421767
0.02002517578
-2.712740097e-06
0.02001747914
2.011861517e-05
0.02001951475
5.662394311e-05
0.02002703607
9.580269582e-05
0.02003987458
0.0001368747787
0.02005734422
0.0001796489775
0.02007948708
0.0002242508392
0.02010675374
0.0002708167844
0.02013972559
0.0003194454204
0.02017908982
0.0003701488303
0.02020468079
0.000443767796
0.02025276384
0.0005172520978
0.02031569652
0.0005688249836
0.0203947049
0.0006118841046
0.02049428945
0.0006353916398
0.02057676232
0.000689098527
0.02069625628
0.000713212599
0.02079053818
0.0007625806669
0.02089992437
0.0008067020816
0.02103448288
0.0008570050606
0.0211788551
0.0008729953841
0.02132736174
0.0008682703095
0.02147587267
0.0008452212958
0.02161967318
0.0008006710415
0.02175435536
0.0007384776594
0.02187719751
0.0006842564204
0.0005866579045
0.02003546981
4.951649794e-06
0.02002882128
2.676714139e-05
0.02003022976
5.521546657e-05
0.02003787717
8.815528477e-05
0.02005092054
0.0001238314164
0.02006906898
0.0001615005356
0.02009239483
0.0002009249915
0.02012117126
0.0002420403488
0.02015580992
0.0002848067567
0.02019122488
0.0003347338716
0.02021637437
0.0004186183037
0.02027037898
0.0004632474889
0.02033269467
0.0005065092959
0.02040521395
0.0005393648235
0.02048692586
0.0005536797342
0.02057361103
0.0006024133545
0.02068122592
0.0006055977152
0.02079032134
0.0006534852497
0.02088757826
0.0007094451571
0.02100743808
0.0007371452385
0.02113630533
0.0007441281282
0.02126781433
0.0007367613101
0.02139825182
0.0007147838005
0.0215237331
0.0006751897566
0.02164076164
0.0006214491197
0.02174787185
0.0005771462088
0.0004963288187
0.02003493314
6.491207702e-06
0.02003413587
2.756441878e-05
0.02003737296
5.197837032e-05
0.02004576395
7.976429621e-05
0.02005945751
0.0001101378589
0.02007845088
0.0001425071705
0.02010283096
0.0001765449109
0.02013280134
0.0002120699655
0.02016865375
0.0002489543433
0.02018184263
0.0003215449878
0.02022933076
0.0003711301785
0.02028375766
0.0004088205808
0.02034687981
0.000443387154
0.02042041715
0.0004658274767
0.02049184812
0.0004822487648
0.02058007703
0.0005141844478
0.02066517468
0.0005205000625
0.02076299807
0.0005556618573
0.02086598295
0.0006064602707
0.02097865904
0.0006244691456
0.02109543877
0.0006273484
0.02121317977
0.0006190203083
0.02132909373
0.0005988698321
0.02143995116
0.0005643323258
0.0215429308
0.0005184694834
0.02163752628
0.0004825507265
0.0004161531601
0.02003286875
5.671357483e-06
0.02003521112
2.522205472e-05
0.02004073499
4.645449899e-05
0.0200506406
6.985868389e-05
0.02006547963
9.529882788e-05
0.02008550634
0.0001224804619
0.02011090343
0.0001511478168
0.02014187315
0.0001811002442
0.0201610816
0.0002297458957
0.02019156949
0.0002910570934
0.02023953452
0.0003231651541
0.0202943975
0.0003539575974
0.02036015638
0.0003776282743
0.02043906579
0.0003869180656
0.02050422872
0.0004170858337
0.02059506685
0.0004233463091
0.0206670727
0.0004484942149
0.02074811945
0.0004746151026
0.02084660666
0.0005079730599
0.02095105229
0.0005200235144
0.02105766701
0.0005207336741
0.02116428098
0.0005124063409
0.02126857657
0.0004945742406
0.02136780178
0.0004651071171
0.02145963787
0.0004266333914
0.02154431949
0.0003978691069
0.0003440142379
0.02003044535
4.144410982e-06
0.02003448544
2.118196022e-05
0.02004183375
3.910618662e-05
0.0200532867
5.840573519e-05
0.02006939646
7.918907401e-05
0.02009051266
0.0001013642626
0.02011688185
0.0001247786207
0.02014870524
0.0001492768585
0.02015699254
0.0002214585942
0.02019965309
0.0002483965363
0.02024773335
0.0002750848857
0.02030145342
0.0003002375307
0.02036129394
0.0003177877469
0.020426939
0.000321273
0.02049488663
0.0003491382031
0.02057743463
0.0003407983111
0.02066176565
0.0003641631911
0.02073757762
0.0003988031349
0.02082877266
0.0004167780151
0.02092564003
0.0004231561532
0.02102397877
0.000422394929
0.02112168927
0.0004146958376
0.0212167594
0.0003995041128
0.02130679835
0.0003750681635
0.02138986104
0.0003435707047
0.02146675305
0.0003209770998
0.0002781768575
0.02002804814
2.316868069e-06
0.02003308612
1.614398234e-05
0.02004172647
3.046584032e-05
0.02005446238
4.566982485e-05
0.020071728
6.192345248e-05
0.02009385656
7.92356998e-05
0.02012110022
9.753496199e-05
0.02012543868
0.0001449383991
0.0201635727
0.0001833245624
0.02020669808
0.000205271146
0.0202548403
0.0002269426609
0.0203079506
0.0002471272261
0.02036530114
0.000260437204
0.02042512393
0.0002614502144
0.02049136243
0.0002828997023
0.02056259666
0.0002695640762
0.02064085597
0.0002859038867
0.02072321882
0.0003164402875
0.02081199002
0.000328006809
0.02090327438
0.0003318718
0.02099508941
0.0003305798937
0.02108581027
0.000323974976
0.02117368056
0.000311633825
0.02125657961
0.0002921691079
0.02133283548
0.0002673148337
0.02140369679
0.0002501157866
0.0002172047301
0.02002581735
3.364194036e-07
0.02003146961
1.049172425e-05
0.02004100031
2.093513074e-05
0.020054715
3.195513801e-05
0.0200729293
4.370915594e-05
0.02009592058
5.62444145e-05
0.02011334031
8.011523276e-05
0.02013078297
0.0001274957338
0.02016959711
0.0001445104168
0.02021321654
0.0001616517149
0.02026153782
0.0001786213755
0.02031430124
0.000194363806
0.02037046935
0.0002042690838
0.0204277745
0.0002041450683
0.02049195952
0.0002187146785
0.02056005118
0.0002014724163
0.02063121083
0.0002147442383
0.02071257668
0.0002350744296
0.0207979059
0.0002426775852
0.02088468387
0.000245093829
0.02097149744
0.0002437663259
0.021056902
0.000238570414
0.0211393199
0.0002292159258
0.02121682451
0.0002146644951
0.0212879388
0.000196200538
0.02135425306
0.0001838015258
0.0001598879066
0.02002378125
-1.720136152e-06
0.02002982419
4.448786919e-06
0.02003996296
1.079635687e-05
0.0200543942
1.752390347e-05
0.02007334253
2.476082011e-05
0.02009702309
3.256385772e-05
0.02010105766
7.608065129e-05
0.02013575336
9.28000419e-05
0.02017528592
0.0001049778519
0.0202195679
0.000117369735
0.02026839737
0.0001297919031
0.02032132924
0.0001414319366
0.02037706442
0.0001485338987
0.02043303465
0.0001481748273
0.02049464654
0.0001571027851
0.02055812983
0.0001379891248
0.0206259827
0.000146891366
0.02070455833
0.0001564987968
0.02078689496
0.0001603409496
0.02087035902
0.0001616297743
0.02095355127
0.0001605740702
0.02103512339
0.0001569982898
0.02111362321
0.0001507161103
0.02118725732
0.0001410303811
0.02125467368
0.0001287841764
0.02131772421
0.0001207509888
0.0001051835109
0.02002194569
-3.817627074e-06
0.02002823627
-1.841791088e-06
0.02003878504
2.475782956e-07
0.02005372248
2.586465031e-06
0.02007321004
5.2732608e-06
0.02007932052
2.645338142e-05
0.02010497988
5.042128349e-05
0.02014038982
5.739011023e-05
0.02018071547
6.465219055e-05
0.02022588421
7.220099217e-05
0.02027569512
7.998098024e-05
0.02032968339
8.74436701e-05
0.02038647006
9.174721689e-05
0.02044216262
9.248226306e-05
0.02049562464
0.0001036407677
0.02054711211
8.650165036e-05
0.02062018987
7.381359939e-05
0.02069869905
7.798961244e-05
0.02077931247
7.972753159e-05
0.02086064029
8.030195258e-05
0.02094149132
7.972304356e-05
0.02102058966
7.789994517e-05
0.02109656362
7.474214791e-05
0.02116770099
6.989300443e-05
0.02123269932
6.378584199e-05
0.02129362972
5.982058081e-05
5.217213422e-05
0.01972474687
0.01972290508
0.01972315266
0.01972573912
0.01973101238
0.01975746577
0.01980788704
0.01986527715
0.01992992934
0.02000213033
0.02008211131
0.02016955498
0.02026130219
0.02035378445
0.02045742522
0.02054392687
0.02061774046
0.02069573008
0.02077545761
0.02085575956
0.0209354826
0.02101338255
0.02108812469
0.0211580177
0.02122180353
0.0212816241
-0.0004570382994
-9.105513385e-07
-0.00040567752
0.0003658980778
-0.0002801043274
-1.018436766e-06
0.0001362967381
0.0001447860778
0.0004977745734
-0.0004570960062
-9.021345617e-07
-0.0004057014745
0.0003659250419
-0.0008357171535
-5.517237913e-07
-0.0006621223465
0.0008317246532
0.0009324390907
0.000865350382
-6.457398176e-07
-0.0009990429333
-0.0007981007996
-0.0005560711263
-2.478743505e-07
0.000485517749
0.0005685758245
0.0006668059717
-0.0008357772214
-5.667242436e-07
-0.0006621420922
0.0008316800662
0.0009324171359
0.0008653180986
-6.284622866e-07
-0.0009990782566
-0.0007980285157
1.669669579e-07
7.58983501e-06
0.0009246631187
1.655420074e-07
7.588473477e-06
-4.740612207e-05
4.921294472e-05
-2.554700195e-07
-1.551352433e-06
-4.745565779e-05
4.926439776e-05
-2.566054694e-07
-1.552134311e-06
1.502404265e-07
-7.785898259e-05
-3.32317897e-05
6.358432847e-05
1.299931507e-07
-7.788232176e-05
-3.3287662e-05
-0.001335979449
-7.043006895e-08
-0.0007342351294
0.001383690812
0.001402981047
0.0006782931386
-1.575695207e-07
-0.0006668445018
-0.001414272115
-0.001016574995
2.537288962e-06
0.001178216191
0.000760484633
-0.001335927544
0.0006866000477
-7.796562136e-08
-0.000734289462
0.001383694924
0.001402971172
0.000678311583
-1.473552633e-07
-0.0006668709767
-0.001414264423
1.301668676e-06
-0.0005342223536
0.001337376656
0.0009381573259
0.000275048074
5.297514541e-07
-0.0001300362709
-0.001083698881
0.0005984875762
1.309284217e-06
-0.0005342136093
0.001337387918
0.000938164365
0.0002750390594
5.364537488e-07
-0.0001300315131
-0.001083708365
9.809018832e-07
-0.0001014481686
0.0008225327159
0.0005852076717
5.223473022e-05
-1.121516855e-07
7.532134668e-06
-0.0006448623851
0.0002160914489
9.876692264e-07
-0.00010144329
0.0008225285396
0.0005850966206
5.235828378e-05
-1.237364334e-07
7.477959826e-06
-0.0006448091278
2.71725525e-07
3.174192273e-05
3.551404581e-05
9.805068967e-08
-1.315375438e-06
0.0005404269392
0.0004824647635
4.277982206e-05
-4.998605624e-08
-3.134094724e-05
-0.0004938536523
-1.829644302e-05
3.061306195e-07
3.175996834e-05
3.549474073e-05
4.581803204e-05
1.737240275e-07
-1.368559082e-06
0.0005404734322
0.0004823885001
4.281499822e-05
-8.766457438e-09
-3.13329819e-05
-0.0004938617499
-4.831805774e-07
0.0001266942245
-0.0004063569531
-0.0007304676187
-0.0002068555058
0.0006761103084
-1.816054862e-06
0.0004303044903
-4.317348693e-07
-0.0003456877103
-0.0005412233459
-0.0006703664534
-1.740853226e-06
0.0005987714874
7.333618864e-05
-4.893127837e-07
0.0001267131259
-0.0004063533036
-0.0007303682383
0.0002630629272
-1.839657548e-06
-0.0002068814026
0.0006760263712
0.0004302513546
-4.129493184e-07
-0.0003457757884
-0.000541158624
-0.0001214504884
-0.0001651990957
-6.456880053e-08
0.0002735335943
1.921012994e-09
1.317863771e-05
0.0001350228273
0.0001443543307
2.389360038e-09
-0.0002804283928
3.144528773e-07
0.0001213413981
1.460958679e-05
-1.181492349e-06
0.0001670039018
0.0002873342376
-0.0003083766281
2.086768335e-09
1.384217282e-05
0.0002865598297
1.74576238e-09
-0.0003085878308
0.0002744952118
1.378551448e-05
-3.61632397e-07
4.658126153e-05
-2.20572193e-06
4.589913434e-05
-6.303781935e-10
-1.40688345e-06
-6.113433731e-07
-0.001012062708
0.0008614615131
-0.001121010129
-0.0005979584045
0.001163717645
-2.060866292e-06
0.0006687112142
-3.800046399e-07
-0.0007373328604
-0.001266977798
-0.000937538688
-7.185858739e-07
0.000943118751
0.000661944495
-6.027601007e-07
-0.001012134199
0.0008614800607
-0.001120937339
0.0005572881912
-2.068819773e-06
-0.0005979627123
0.00116368068
0.0006687863072
-3.813794249e-07
-0.0007373102836
-0.001267022188
-0.0005696027915
-0.001197851896
4.214960548e-07
0.001071196904
-1.116918742e-09
0.0006958374045
0.00117995267
0.0007606748329
-0.0009237150606
-9.181320537e-09
-0.001014337949
-2.425245425e-06
0.0005718556351
0.0006099273367
-1.20004618e-06
8.581822221e-07
0.001197771495
0.0007689495771
-0.001207057048
0.0006086065451
1.650008468e-09
-6.835689119e-07
-3.654044726e-09
0.0007687593061
-0.001205074534
0.001074319955
0.0006957286631
6.173766339e-07
-0.0005540822393
0.0005667410546
-1.327619201e-05
-0.0005534697082
0.0005669573274
-7.68159719e-10
-1.286947675e-05
-1.078945401e-05
-6.424746424e-05
-8.098071671e-08
5.771923723e-05
-8.659895505e-09
1.740732197e-05
-3.456589197e-07
1.177156072e-05
-7.256197545e-06
-4.169704073e-06
2.791209361e-07
6.407792784e-05
-5.812825713e-05
-2.299722992e-06
-3.929068182e-06
-7.802943465e-06
-3.532501366e-09
-3.328645494e-06
-5.793824219e-05
-1.620809056e-08
-2.383279672e-06
-3.630599753e-06
5.788356549e-05
1.788493319e-05
-1.043806967e-08
-3.217054224e-05
0.0004637674217
2.931597186e-07
-6.007680148e-06
5.100239574e-05
5.070750316e-05
1.475957704e-08
-3.217590584e-05
0.0004638421412
3.067572717e-08
-0.001426267889
0.0003717750683
-0.001560021497
-0.0005167280072
0.001601395967
-5.565829166e-07
0.001673263331
0.0004051731738
-0.0004193312484
-0.001658889479
-2.157775904e-07
-0.001544719227
2.483452539e-07
0.001546908598
0.0005960498587
0.001329530557
3.292186534e-08
-0.001426304253
0.0003717798366
-0.001560032948
0.000475944492
-5.303419136e-07
-0.0005167820145
0.001601400813
0.001673288584
0.0004051610263
-2.114121414e-07
-0.0004193375088
-0.00165890069
2.833834114e-08
-0.001056616575
0.000137739324
-0.0003815350241
0.001677433379
-1.246740169e-07
0.001631893796
0.0002814855541
-0.0002583371319
-0.001654972021
-7.019664382e-08
2.954307938e-07
0.001236123393
0.0003092031835
0.0009712961744
-1.399782759e-08
-0.001056549694
0.0001376257861
0.0003774662649
-1.282477632e-07
-0.0003815278303
0.001677478401
0.001631592524
0.0002812714719
-1.06323439e-07
-0.0002577347454
-0.001655022927
-0.0002530290657
0.0005153970001
-7.160503971e-07
1.468223887e-09
1.188024225e-05
-0.0004055356954
0.000365605935
6.552455123e-10
0.0004965019552
-0.000457483399
-8.456386308e-07
0.0002547021166
-0.0003721997616
-1.22743596e-06
-0.0005160055577
0.000365930086
0.0005172009853
8.385183905e-10
-0.0003728514093
0.0003645901386
1.315626029e-09
0.0005151840456
1.247572735e-05
-1.633190994e-07
0.0003498375075
1.625589895e-05
2.373232247e-10
0.0003486914856
1.573510049e-05
-0.0001214501012
-0.0001651975054
-6.043541716e-08
0.0002735314897
1.317847412e-05
0.0001350238213
0.0001443480145
-0.0002804280596
3.085348275e-07
0.0001213384909
1.460786283e-05
-1.190704413e-06
0.0001669951508
0.000287343385
-0.0003083617543
1.384194866e-05
0.0002865471748
-0.0003085856229
0.0002744888216
1.378438397e-05
-0.0002530321669
0.0005153974208
-7.125521237e-07
1.18802589e-05
-0.0004054951351
0.00036559799
0.0004965354708
-0.0004575398025
-8.545677357e-07
0.0002547018461
-0.0003722053698
-1.231911185e-06
-0.0005160029726
0.0003659352684
0.0005172246569
-0.0003728338538
0.0003645939635
0.0005151708527
1.247514911e-05
-1.63269895e-07
0.0003498430967
1.625544355e-05
0.0003486960315
1.573489977e-05
-0.0007307812656
0.0005019012627
1.170179144e-06
0.0007229175889
9.895634506e-10
-0.0004952087546
1.653112643e-06
0.0007303392811
-0.0003915249647
9.370077655e-06
-2.332156103e-07
-0.0005031211348
0.0004951182985
8.236051863e-06
2.54132417e-10
-0.000389230068
8.793143897e-06
0.0004934789036
5.820335319e-10
8.188555524e-06
0.0007252680229
-0.000496879707
0.0005101129548
0.0008507543946
4.138011013e-07
8.803177685e-10
-0.0006383644445
-0.001000351602
-0.0007964174251
-5.909440984e-10
0.0009312381307
0.0008648857437
2.573791502e-06
-0.0005128261034
6.327673628e-06
-6.145982461e-07
-0.0008517635684
-0.0008217484145
0.0008760257814
2.947436117e-09
5.811094072e-06
-1.985189046e-09
-0.0008213558339
0.0008750801831
-0.000638907851
-0.0007307969485
0.0005019169216
1.171011149e-06
0.0007229123789
-0.0004952023816
1.650159253e-06
0.0007303678287
-0.0003915447218
9.369831763e-06
-2.328004293e-07
-0.0005031484796
0.0004951457308
8.235549109e-06
-0.0003892427747
8.792265965e-06
0.0004934969455
8.187748362e-06
0.0007252570459
-0.0004968666905
0.0005101220507
0.0008507516988
4.135664668e-07
-0.0006383740639
-0.00100038805
-0.0007963588212
0.0009312422006
0.0008648756124
2.577048832e-06
-0.0005128387309
6.32915248e-06
-6.150050827e-07
-0.000851756318
-0.0008217110901
0.0008760538968
5.810938413e-06
-0.0008213063497
0.0008750822295
-0.0006389244412
-7.148792802e-09
7.697186447e-06
0.0009237037668
7.696827636e-06
-2.011768733e-09
-4.807482188e-05
4.867838575e-05
-8.570219979e-07
-4.806524991e-05
4.866333047e-05
-8.567103402e-07
-7.775479625e-05
-3.343808799e-05
-9.372911502e-10
6.326924009e-05
2.760592667e-07
-7.698387786e-07
3.448823747e-08
9.285587417e-05
-1.435355157e-09
-4.658758615e-07
-1.584024894e-09
9.260932078e-05
-3.620068694e-07
4.659706406e-05
-2.203497937e-06
4.590240014e-05
-1.405892388e-06
-7.776250745e-05
-3.34476983e-05
6.327399668e-05
2.797163012e-07
-7.717039427e-07
4.231074727e-08
9.28100961e-05
-4.664283759e-07
9.262965727e-05
-0.0006115959828
0.001093594306
-2.866209488e-06
2.80832083e-09
0.0005920619795
5.468131183e-07
0.0006119929771
-2.612454933e-06
-1.860611696e-06
-0.001091549657
0.0005442121249
-4.884094231e-06
1.047744654e-09
-2.443677447e-06
1.609010632e-09
0.0005424926674
-4.230297932e-06
0.0005918970599
-0.000569610858
-0.001197862695
4.209248258e-07
0.001071191859
0.0006958596531
0.001179979672
0.0007606506137
-0.001014398413
-2.423961981e-06
0.0005718775814
0.0006099642548
-1.201684522e-06
8.434260789e-07
0.001197790034
0.0007689599178
-0.001207108747
0.0006086304854
-6.839838869e-07
0.0007687580468
-0.001205130354
0.001074310973
0.0006957775661
-0.0006116193911
0.001093614602
-2.861829281e-06
0.0005920612867
5.439930987e-07
0.0006120346966
-2.614433579e-06
-1.859904035e-06
-0.001091580905
0.0005540856562
0.0005442407437
-4.885590887e-06
-2.443869846e-06
0.0005534736142
0.0005425129304
-4.230243643e-06
0.0005919029264
-0.001108426912
0.0003727540052
1.910951688e-06
0.0007374996089
-3.501522381e-09
-3.734152673e-06
-0.0005342166471
0.001338214697
-9.101060133e-09
0.0005990462664
-0.001401733546
2.505864911e-06
0.001106319689
-0.001076306858
7.057286505e-07
-0.0003739037723
0.001229760432
0.0004808142666
-4.959787272e-09
-0.001073175401
0.001229720825
-2.587365831e-09
0.0004819561938
0.0007386531283
-4.326265977e-06
0.0005304855396
0.000217468672
-3.425082228e-07
-3.346055073e-09
-1.010874683e-05
-0.000129625939
-0.001083715662
-1.756348557e-09
0.0009380458882
0.0002758272214
-5.449189946e-07
-0.0005295428005
0.0004096422185
-9.590773349e-06
1.245578233e-06
-0.0002192632814
0.000364079251
-2.122635272e-09
0.0004092025219
-8.885717719e-06
-2.175929062e-09
0.0003647215887
-1.049546564e-05
6.176936218e-07
0.000566741024
-1.327306428e-05
0.0005669582737
-1.286774051e-05
-0.001108431165
0.000372756801
1.903941234e-06
0.0007375003978
-3.733468209e-06
-0.0005341974004
0.001338181553
-0.0014017333
0.0005990493236
2.516164653e-06
0.001106323413
-0.001076312167
7.189300729e-07
-0.0003738977073
0.001229781945
0.0004807847481
-0.001073159083
0.001229715659
0.0004819390327
0.0007386532682
-4.323627693e-06
0.0005304944039
0.0002174591489
-3.481164187e-07
-1.010838697e-05
-0.0001296318513
-0.001083709095
0.0009380490923
0.0002758265554
-5.392206899e-07
-0.0005295601572
0.0004096577294
-9.589859835e-06
1.253678668e-06
-0.0002192388027
0.0003640587077
0.0004092069391
-8.885737241e-06
0.0003647172106
-1.049381028e-05
-4.845122496e-07
-5.020323952e-05
-7.440491501e-06
-5.196668307e-05
-1.539880425e-09
-6.454536043e-06
-0.0003224546767
5.113725575e-05
2.640003837e-07
0.0002796074869
-1.554896558e-09
-8.55251181e-06
-0.0001004296439
0.0008230238076
-2.335038536e-09
0.0002164349659
3.9419627e-07
0.000321588175
-1.378832253e-05
3.562991981e-07
-5.149705503e-05
0.0007249862234
0.0001486872481
-2.419121189e-09
-1.328518529e-05
0.0007254367105
-1.282961559e-09
0.0001490819426
0.0002795366027
-9.181477371e-06
0.000279640231
8.51958333e-06
-6.907309073e-07
-3.140614269e-09
-7.858446933e-06
7.185028318e-06
-0.0006450900173
3.105864106e-09
0.0005851021756
5.268756095e-05
-3.903417911e-07
-0.0002777706863
0.000235489912
3.576131576e-07
-9.312992477e-06
8.907921155e-05
-5.029504939e-09
0.0002344732797
-1.627832885e-09
8.92255245e-05
-8.237804619e-06
-4.847569032e-07
-5.020116996e-05
5.812766505e-05
-7.441737928e-06
-5.19624686e-05
5.793105578e-05
-6.454882079e-06
-0.0003224612582
5.114523518e-05
2.604679612e-07
0.000279606692
-8.552680952e-06
-0.000100427577
0.0008230247863
0.0002164372187
3.991423382e-07
0.000321602904
-1.378760579e-05
3.629257085e-07
-5.151032657e-05
0.0007249732072
0.0001487027292
-1.328517201e-05
0.0007254439826
0.0001490876859
0.0002795344304
-9.181388949e-06
0.0002796383724
8.519777225e-06
-6.95913028e-07
-7.85867907e-06
7.173775319e-06
-0.000645109527
0.0005850489688
5.276614439e-05
-3.83468557e-07
-0.0002777627746
0.0002354230286
3.640147565e-07
-9.313896705e-06
8.911395489e-05
0.0002344611813
8.921663311e-05
-8.238146538e-06
-2.537160232e-05
5.87456725e-05
-4.227551415e-07
-4.903218165e-09
2.477282703e-05
3.213938141e-05
3.528438714e-05
-6.160059761e-09
-1.846749327e-05
-6.940092702e-08
2.603246348e-05
-1.477351732e-06
7.889417979e-08
-5.848301883e-05
6.446160729e-05
2.945655511e-05
-4.024676866e-09
-1.100544189e-06
-4.828740676e-09
6.452656229e-05
2.958722719e-05
2.501022453e-05
-1.078528903e-05
-6.424457122e-05
-9.299799654e-08
5.77233596e-05
1.739085507e-05
-3.412287599e-07
1.175989335e-05
-7.25379495e-06
-4.164869388e-06
2.739965695e-07
6.406649147e-05
-2.284951447e-06
-3.927870651e-06
-7.802981438e-06
-3.327075165e-06
-2.427404075e-06
-3.628325156e-06
5.789233276e-05
1.784104792e-05
-2.537076494e-05
5.876108315e-05
-4.31870825e-07
2.476001168e-05
3.213165469e-05
3.528313033e-05
-1.845149254e-05
-5.402802328e-08
2.603450831e-05
-1.474321338e-06
8.287053108e-08
-5.852339084e-05
2.942953215e-05
6.450572121e-05
-1.100156655e-06
2.956397644e-05
6.455827558e-05
2.497158036e-05
5.968050933e-05
-3.882813999e-06
-0.0007261901875
-0.0008442494482
-0.0001053681941
0.0008171505683
-3.20108097e-06
0.0002215232038
-0.0001732105904
-3.828705749e-06
-0.0007749515295
-0.0008314218383
-3.315863027e-06
0.0007980043535
3.673387175e-05
-3.890956023e-06
5.972260895e-05
-0.0007261956142
0.0001356435724
-0.0008443337039
-3.18651116e-06
-0.000105348053
0.0008172246957
0.0002215795496
-3.854697688e-06
-0.0001731905563
-0.0007749025374
-8.781175044e-05
-0.0006129815618
9.250573e-07
0.0005289507307
0.0001709160518
1.472483673e-09
-9.21347272e-07
8.807494038e-05
0.0005116296637
-1.743096185e-06
0.0006094649357
0.0001417910152
-0.0006761786576
0.0006022805361
7.312948394e-05
1.376485689e-09
-0.0006771441985
0.0005135416819
8.54612998e-10
0.0001413303407
1.351603073e-09
-0.0006829268725
0.0005270461412
0.0001714187844
-3.914260725e-06
-0.000796357735
0.0002622337567
2.564503649e-08
-0.003866777541
-0.0002282354124
-0.0001910513881
-0.000208643471
-0.0002095999983
0.0009522174602
0.0009000728831
0.0009854541858
0.0008753234252
0.0008850912394
0.0003364322876
-0.000317472839
-0.0008878738788
-1.617680919e-05
-0.0008700504844
-3.193423476e-06
0.0008453957544
0.0001634917235
0.0007596327409
-3.889734906e-06
-0.000796404493
0.000262241034
-0.003866407661
0.0009912010296
-0.0002282361437
-0.0001911074483
-0.0002086492749
-0.0002095962373
0.0009521933463
0.0008999856954
0.0009853463245
0.0008752960136
0.000884961362
0.0003364304741
-1.618641708e-05
-0.0003174274357
-0.0008877779833
-3.128593202e-07
0.0004914250741
-0.0006169150656
-0.0003649294292
0.0008714839836
-9.204818301e-06
0.0005834580328
-9.533835383e-07
-0.0005712045358
-0.0008470172671
-2.202982226e-06
0.0007160391898
0.0003088594543
-3.135096044e-07
0.0004914321723
-0.000616938435
0.0003877349566
-9.216191531e-06
-0.0003649950279
0.0008714376272
0.0005833770927
-9.448905936e-07
-0.0005711651345
-0.0008470442893
-0.0006108078395
-0.0005896244668
8.328905719e-07
0.0007043893654
1.293420196e-09
0.0004854172839
0.0005675481652
3.39469242e-09
-0.0005567094632
-5.642809518e-07
0.0006117341508
-3.714162211e-07
0.0005899514915
0.0006265507407
-0.0006475464611
-8.603404998e-10
0.0006254350921
1.150875779e-09
-0.0006478839632
0.0007056388227
-1.304778841e-06
0.0005815016932
-0.0009344376936
-0.001008062043
-0.0003763267452
0.001021419456
-2.928573224e-06
0.0005168853691
-0.0005472804761
-4.329008133e-06
-0.001086286016
-0.0009170653968
-8.943401642e-06
0.0009201132315
0.0003936305259
-1.32531096e-06
0.0005815386686
-0.0009343749527
0.0003659450354
-0.0010082168
-2.909150469e-06
-0.0003762462411
0.001021427156
0.0005161628453
-4.323226339e-06
-0.000547204123
-0.001085572837
0.0009433223169
0.0006602029963
-0.0006650577431
4.392366457e-09
-0.0009391813891
-3.373852352e-07
0.0007514605723
-0.0007784887943
0.0009704223187
0.0007504509574
-0.0007774387817
0.0009699781253
-5.37355884e-09
-0.001033101107
5.539527114e-07
0.001081302864
0.0007016948143
4.320753508e-10
-9.59521224e-07
0.001032533192
0.0006358396917
-0.001005395267
0.0006335465012
-4.021472102e-09
-0.001007400113
0.001081652779
0.0007028949362
-5.973835774e-06
5.106476318e-05
-2.063326502e-09
1.156893589e-07
7.154083408e-05
7.260779933e-08
7.875745057e-05
3.663288307e-05
7.147868726e-05
-1.939957772e-10
7.891738934e-05
3.674616477e-05
3.872135937e-10
4.976602695e-09
5.184301246e-05
-3.149158452e-09
5.178685358e-05
-4.820335733e-06
-0.00113113603
0.0004848172317
-5.849521744e-09
-0.00465199774
-0.000405242347
-0.0003567595625
-0.0003970970584
-0.0003719781407
0.001245307496
0.00113763798
0.001260511938
0.001130207003
0.001213638569
0.0003923725709
-0.0004289951407
-0.001153301036
-2.371496284e-05
-0.001036212071
-4.701731275e-06
0.00104757416
0.0003592846788
0.001167342237
-4.827688832e-06
-0.001129351299
0.0004829995964
-0.004652352617
0.001409677205
-0.0004053105755
-0.0003567321978
-0.0003970812176
-0.0003721233514
0.001245395578
0.00113763629
0.001260525203
0.00113035983
0.001213616855
0.000392388721
-2.371840284e-05
-0.0004289209249
-0.001153366248
-3.587726511e-07
-0.001295827606
0.0006100615156
-0.000461744919
0.001253878897
-1.305482613e-05
0.001381820791
0.0004861122331
-0.0005239965133
-0.001342172247
-1.764264597e-06
-2.758393196e-06
0.001199332564
0.0005280562584
0.001354869041
-3.666296445e-07
-0.001295826611
0.0006101105091
0.0004344330121
-1.305990575e-05
-0.0004617299749
0.001253973722
0.001381868366
0.0004860957304
-1.777142015e-06
-0.0005239774354
-0.001342209519
-2.127368355e-07
-0.001504623367
0.0006384508511
-0.0005365567283
0.001425782724
-3.140081115e-06
0.0004887571494
-0.0005334080397
-3.001018903e-07
-0.001515070507
-1.657456638e-07
0.001408773463
0.0006328613728
-1.819793439e-07
-0.001504633887
0.0006384082199
0.0004957598148
-3.152303057e-06
-0.0005365334642
0.001425794316
0.0004887904325
-2.672585159e-07
-0.0005335889849
-0.001514967141
0.001546374266
0.0005966180108
-1.50284986e-08
-0.001543713755
-9.620452821e-08
0.00052202315
0.001505718023
0.0005227738433
0.001505462032
-1.625755495e-09
-0.001616898914
1.229349435e-07
0.001623997548
0.0005155424189
9.85003579e-09
-6.548669245e-08
0.001617506622
0.0005605033255
-0.00158178893
0.0005608623668
-2.471914551e-08
-0.001581184036
0.001624424444
0.0005152282658
0.001236266742
0.0003098294656
-0.001329366747
-6.745830892e-10
1.308264111e-07
0.0002413469923
0.001143317488
0.0002419408763
0.001143536465
2.167560046e-09
-0.001505601651
-5.589509642e-08
0.001441309661
0.0003062801794
8.586524587e-09
9.098779673e-08
0.001505607649
-0.001559623131
0.0003631247205
-0.001559412615
0.0003637295142
1.904498139e-09
0.001441304661
0.0003055940948
8.686240904e-10
-0.0008111238969
7.434555356e-05
-0.0002210882554
-1.901457142e-08
0.001607194914
0.0015193053
0.0001904575094
-0.0001523330268
-0.001557227938
-2.018441241e-07
1.862493938e-07
0.0009033395649
0.0001135883865
0.0007797062978
-1.408052677e-08
-0.0008112905578
7.441333286e-05
0.0002455528119
-3.251658798e-08
-0.0002195310612
0.001605603288
0.001519262551
0.0001904659922
-1.868225722e-07
-0.0001523100116
-0.001557231709
-0.0001322327174
0.00148985149
-2.31126863e-07
3.334136298e-08
0.0007488406087
8.15398582e-05
0.0001620007871
-2.541302849e-07
-0.0001323176545
0.001489833544
-7.513518734e-07
-0.001502311069
0.0004504041192
1.873256036e-08
-0.005550746027
-0.0004172361335
-0.0004128403311
-0.0004296047269
-0.0004116536979
0.001528953339
0.001356636726
0.001528547973
0.001368715884
0.001451046271
0.0003367792155
-0.0003758439518
-0.001383049687
-2.893184746e-05
-0.001356365245
-1.156759168e-05
0.001412639175
0.0004510534772
0.001541432538
-7.489562246e-07
-0.001502286349
0.0004503932027
-0.005550875873
0.001439357446
-0.0004172450912
-0.0004128742982
-0.0004296425078
-0.0004116553657
0.001528957845
0.00135665599
0.001528539043
0.001368801542
0.00145101454
0.0003368067809
-2.891471957e-05
-0.0003758342242
-0.001383072377
-0.001635209558
-4.08159481e-07
0.0003840176058
-0.000378571955
0.001500125147
-1.76873898e-05
0.001582253129
0.0003221485518
-0.0003430019037
-0.001560070411
-1.329365702e-06
-1.625024571e-06
0.001577374611
0.0004416274392
0.001656780441
-4.059553906e-07
-0.001635232271
0.0003840188151
0.0003471665248
-1.769830203e-05
-0.0003785848472
0.001500131163
0.001582235828
0.0003221587183
-1.326360777e-06
-0.0003429948311
-0.001560073354
-0.001679588324
-1.214967952e-07
0.0002873037426
-0.0003286848868
0.00159838611
-8.114678701e-07
0.001633167318
0.0002590058924
-0.0002682359073
-0.001623715066
-2.222374494e-07
-2.49856927e-07
0.001672467654
0.0003620289043
0.00167393475
-1.274766208e-07
-0.001679647785
0.0002871119834
0.0003133065543
-8.124611583e-07
-0.0003286682513
0.001598409987
0.001633178824
0.0002590828595
-2.349806803e-07
-0.0002682819237
-0.001623744778
-0.00163583346
0.0002101250402
-4.583577014e-07
-0.0002599660162
0.001642180778
-5.419314532e-07
1.194516382e-08
0.006656617693
0.0008733702147
-0.0002322800444
-0.0002196578277
-0.0002185654721
-0.000233221163
-0.001662693728
-0.001650727098
-0.001649187653
-0.001663666866
-9.723566726e-08
0.001662521871
0.0002570629285
0.001616699555
-4.431437349e-07
-0.001636596646
0.000210806218
0.0002513759481
-5.304954897e-07
-0.0002598655559
0.001642198933
0.006657035237
0.000872884341
-0.0002325473287
-0.0002197642254
-0.0002185331384
-0.0002337770418
-0.001662416986
-0.001650625115
-0.001649210088
-0.00166303368
-0.0007012839661
0.0007671239358
1.844642819e-07
4.846114825e-10
-0.0006609013895
0.0008318666487
3.737833231e-09
-0.0008365784656
-4.00105835e-07
0.0007014023549
-0.0007365738555
-1.947700619e-07
-0.0007683177868
-2.337613446e-09
-0.0007371480326
1.198245946e-09
-0.0006108144093
-0.0005896171645
8.343541555e-07
0.0007043961286
0.0004854443944
0.0005675423366
-0.0005566957421
-5.572005971e-07
0.0006117548857
-3.797727323e-07
0.0005899276055
0.0006265418312
-0.0006475138395
0.0006253830428
-0.0006478364965
0.0007056501525
-0.0007012934897
0.0007671309593
1.850764746e-07
-0.0006608983122
0.0008317897068
0.0006651967283
-0.0008366511117
-3.934398592e-07
0.0007014288634
-0.0007366356853
-2.036412523e-07
-0.0007683396492
0.000778512267
-0.0007372045376
0.0007774118712
-0.001326576714
0.0007244796927
3.698573304e-07
0.001297560755
3.813109018e-09
-0.0007338179862
0.001382767609
1.101665915e-08
-0.001335344249
0.0006863131823
5.752000004e-08
0.001327324116
-0.001292667191
-2.341525993e-07
-0.0007241080901
0.001412737483
0.0006952955749
2.148412572e-09
-0.001291580022
0.001411602665
9.668502045e-09
0.0006954008188
0.001299314552
0.001198627901
0.0006918405056
-8.493366726e-07
3.665537694e-09
-0.000667529064
-0.001413516289
-6.077286058e-09
0.0006791603134
-4.155490635e-07
-0.00119852369
1.968637503e-07
-0.0006918385883
0.0006901070915
5.538926175e-10
6.386956641e-09
0.0006901173606
-0.001326582703
0.0007244963105
3.775064203e-07
0.001297572358
-0.0007338453908
0.001382756081
-0.001335286568
0.0006863089359
5.761423066e-08
0.00132733971
-0.001292726868
-2.599668714e-07
-0.0007241553764
0.00141275381
0.0006953564592
-0.001291610282
0.001411582492
0.0006954196049
0.00129933941
0.00119862379
0.0006918551382
-8.416152579e-07
-0.0006675555449
-0.001413485984
0.0006791547965
-4.226491048e-07
-0.001198519759
1.84196054e-07
-0.000691880962
0.0006901861512
0.0006901422333
-0.0002317136088
1.810214906e-05
-6.261368908e-08
0.0002310924603
-1.106093204e-08
-1.34386515e-06
0.0005405877093
3.765973627e-08
4.59187498e-05
9.228046061e-07
0.0002309520177
-4.392439954e-08
-1.78100961e-05
0.0005116589047
4.662204807e-05
-4.467366899e-08
0.000511816996
-9.61797405e-09
4.683856462e-05
0.0002309642394
0.0002310100924
2.491774955e-05
-5.711055958e-08
-5.439604899e-09
-3.163793324e-05
-0.000493846672
-6.785288668e-09
0.0004826691545
4.277223755e-05
-6.354464121e-10
-0.0002309812018
0.0002290974473
-3.073070891e-08
-2.49361413e-05
4.277212474e-05
-6.585900608e-09
0.0002289653356
-4.028094457e-09
4.286136921e-05
-0.0002317017081
1.806226569e-05
-7.626545961e-08
0.0002310955081
-1.161010249e-06
0.0005405577382
4.586361679e-05
8.736224641e-07
0.0002308958924
2.889993409e-09
-1.768800306e-05
0.0005116586913
4.649984409e-05
0.0005118535585
4.675970797e-05
0.0002309726627
0.0002310224802
2.489942814e-05
-7.185007447e-08
-3.157572157e-05
-0.0004938577327
0.0004825770696
4.284082628e-05
2.471791657e-08
-0.0002309854003
0.0002290572289
-1.62381338e-08
-2.488697574e-05
4.270014768e-05
0.0002290288663
4.287498289e-05
0.0001264615394
-0.0004074011401
2.231124306e-09
-4.820845259e-07
-0.0004277256636
0.0002465253438
-0.0004286870605
0.0002460768205
1.861955301e-09
-0.0001055601275
5.597966718e-07
0.0002052623388
1.660736267e-09
-5.655070246e-07
0.0001058250875
2.059243464e-09
0.0002057053566
-0.000632236503
0.0002446093151
9.164367732e-07
0.0005576265671
2.343356416e-10
-1.762247469e-06
0.0006290418605
-0.0006923441082
-1.005607089e-06
-0.0002453695349
0.0006132167337
0.0003092687143
-0.0002062451931
0.0006797003526
1.260613352e-09
0.000261951549
-0.0007372240291
-6.26440408e-10
-0.0006989129842
0.0006152001045
2.586048582e-10
0.0003081036883
0.0005560075372
-0.0003448678024
-0.0005421919257
-7.206802922e-10
0.000429145313
-3.269014701e-07
-0.0004710352259
-0.0004719707585
1.465164481e-09
0.0002903925041
5.255669337e-07
7.339414586e-11
-6.170802473e-07
-0.0002912032315
0.0003638136967
-1.884030811e-10
0.0003627837876
-8.780958866e-05
-0.0006129825975
9.278926581e-07
0.0005289532501
0.0001709125112
0.0006022795508
7.309759688e-05
-0.0006771166887
-9.237288532e-07
8.806938611e-05
0.0005116218867
-1.746472487e-06
0.0006094664074
0.0001417958157
-0.0006761795629
0.000513542791
0.0001412771334
-0.0006829072618
0.0005270560626
0.0001714076176
0.0001264643119
-0.0004074049248
-4.924593381e-07
-0.0004277219322
0.0002465657617
-0.0004286767965
0.000246064888
-0.0001055584889
5.664548792e-07
0.000205270143
-5.690291039e-07
0.0001058255209
0.0002057261037
-0.0006322474819
0.0002446054009
9.171479698e-07
0.0005576376723
-0.0002062718387
0.0006796290156
-0.0007371188158
0.0002619232295
-1.753548194e-06
0.0006290757817
-0.0006924078249
-1.017784623e-06
-0.0002453770318
0.0006131439706
0.0003092772137
-0.0006989963678
0.0006151475972
0.0003080692851
0.0005560235086
-0.0003448998046
-0.000542172362
0.0004291186929
-3.327349644e-07
-0.0004710826628
-0.0004720000416
0.0002903849258
5.229188073e-07
-6.175345002e-07
-0.0002911898669
0.0003637927453
0.0003627424349
-0.001010768664
0.0008606947904
1.032276172e-08
-1.916906285e-07
0.0008345770813
-3.145503617e-07
-0.001151067685
0.0008057866991
0.0008340986325
-6.805198303e-10
-0.001150434851
0.0008057310061
9.547913743e-09
2.855418476e-07
0.0007646755803
5.52232746e-09
0.0007654477158
-0.001107270233
0.0006470474611
8.841634657e-07
0.001161029203
4.219730041e-09
-1.502841275e-06
0.001105552995
-0.001066168869
-1.165795513e-06
-0.0006488120429
0.001207971273
0.0006057242103
-0.0005954689973
0.001167013855
3.618931176e-09
0.0005547954218
-0.001128404765
1.24901574e-09
-0.001070696818
0.001208871661
2.788140222e-09
0.0006040210715
0.001160520054
-0.0007370797615
-0.001266883356
3.366354918e-09
0.0006682354992
-3.640567695e-07
-0.001223849294
-0.001223296482
3.651324843e-09
0.0007019177882
4.863118009e-07
4.202683603e-09
-5.639010927e-07
-0.0007026047903
0.0006441621675
3.035390438e-09
0.0006433391598
0.0009433970007
0.0006601236654
-0.0009390381319
-3.210816599e-07
0.0007514582373
0.0009704938612
0.0007504510895
0.0009700313237
-0.00103310641
5.491353604e-07
0.001081273555
0.0007017352402
-9.497970417e-07
0.00103254539
0.0006358121337
-0.001005463232
0.0006335114869
-0.00100744805
0.001081573968
0.0007029787942
-0.001010841245
0.0008607260052
-1.791034826e-07
0.0008345926615
-3.233252739e-07
-0.001151058982
0.0008057536209
0.0008340925237
-0.001150417257
0.0008056991306
2.873212618e-07
0.0007646670218
0.0007653949686
-0.00110727942
0.0006470573378
8.884006583e-07
0.001161073143
-0.0005954767154
0.001166968067
-0.00112841545
0.0005548588976
-1.501175776e-06
0.001105577136
-0.00106622654
-1.170873942e-06
-0.0006488358518
0.001207981593
0.000605705812
-0.001070744574
0.00120886678
0.0006039905434
0.001160608481
-0.0007370555751
-0.001266915702
0.0006683067008
-3.779559205e-07
-0.001223905572
-0.001223341032
0.0007019101687
4.931697546e-07
-5.701416543e-07
-0.0007025910494
0.0006441205982
0.0006432941398
-3.223120648e-05
0.0004638369594
-5.490354358e-09
5.105845362e-05
8.137232007e-08
0.0002334784189
0.0002335571918
4.474598871e-09
3.815300029e-05
-7.413923066e-09
-4.509935018e-10
-2.660142344e-08
-3.817167735e-05
4.158462317e-05
3.943941569e-09
4.166725759e-05
-5.957245856e-06
5.107084663e-05
8.914005456e-08
7.150198592e-05
5.439255554e-08
7.877617877e-05
3.667755339e-05
7.147789995e-05
7.89131576e-05
3.677074532e-05
-2.833927014e-09
5.183850291e-05
5.175315246e-05
-3.225092669e-05
0.0004639211332
5.091614478e-05
3.364285157e-08
0.0002335252359
0.0002335867983
3.815751274e-05
4.723779736e-09
-4.950635308e-08
-3.818393405e-05
4.167855748e-05
4.17296926e-05
-0.001426031559
0.0003725234846
-7.765400457e-10
3.398372931e-08
0.0004434953983
0.0004441859474
9.389653294e-11
0.001601928087
8.576791078e-08
0.0004661659751
3.666516871e-09
-1.653179636e-08
-0.001602283735
0.0004144522109
0.0004150232999
-8.790667408e-10
0.0004657218649
-0.001620600228
0.000486989892
1.661574656e-07
0.001648962003
2.459510844e-08
-2.075519762e-07
0.001621120819
-0.001577137948
-4.658576797e-07
-0.0004871573679
0.001634244918
0.0004547742762
-0.0005166748883
0.001600993434
3.384096862e-09
0.0004747660561
-0.001559644567
-1.116813897e-08
-0.001576609127
0.001633993596
1.765518536e-08
0.0004535062168
0.001649357877
0.00166028181
0.0004547092199
1.306507871e-07
6.298672547e-09
-7.835012342e-08
-0.00166059568
0.00165579499
-3.32496567e-07
-0.0004546147074
0.0004303026386
-0.0004196370543
-0.001658741057
6.883024305e-10
0.00167316174
0.0004049999041
-1.011939087e-09
0.001655590719
6.181720105e-09
0.000429623081
0.001546404593
0.0005965756634
-0.001543697624
-8.797638424e-08
0.0005220207919
0.001505760529
0.0005227891895
0.001505464833
-0.001616924836
1.354939106e-07
0.001623993753
0.0005155946302
4.297763991e-08
0.001617607361
0.0005606380263
-0.001582238509
0.0005608488576
-0.001581179777
0.001624426714
0.0005153369257
-0.001426052889
0.0003725366506
0.001329374938
3.746811627e-08
0.0004434775106
0.0004441667189
0.001601944027
8.860288869e-08
0.000466131503
-1.363904194e-08
-0.001602334537
0.0004144592742
0.001559668736
0.0004150365709
0.001559429591
0.0004656582916
-0.001620565542
0.0004869839839
1.995473917e-07
0.001649001246
-0.0005166628541
0.001600986473
-0.00155961824
0.0004747676563
-1.120144808e-07
0.001621090967
-0.001577122944
-4.939418509e-07
-0.0004871553378
0.001634254862
0.0004547952274
-0.001576502723
0.001633969534
0.000453524628
0.001649472099
0.001660297407
0.0004547048407
1.368001276e-07
-0.0004196473237
-0.001658723824
0.00167317197
0.0004049884524
-7.343852743e-08
-0.00166065717
0.001655852375
-3.376043267e-07
-0.0004546100247
0.0004303018005
0.001655612203
0.000429619126
-0.001056879332
0.0001382509116
8.992101753e-10
0.000971343416
1.214650809e-07
0.0001756586594
0.0001760031929
9.314816946e-10
0.001371834961
-3.65737599e-08
0.0002455044275
1.004084979e-08
2.87904127e-08
-0.001371676587
0.0002119767377
0.001297410395
0.0002121083297
4.263055282e-09
0.001298002065
0.0002452501554
-0.001637317805
0.0003373273766
-2.902151817e-10
0.001606255596
1.530509581e-08
-1.561475889e-08
0.001637400298
-6.62268936e-08
-0.000336762829
0.001672417819
0.0003418446102
-0.0003819819751
0.001677378907
5.326244979e-09
0.0003776348004
4.835594836e-09
0.00167245729
1.093455527e-08
0.000342171825
0.001606231262
0.001565348735
0.000286377129
1.330847383e-08
2.085414865e-08
8.612509513e-09
-0.001565352564
0.001518983548
-4.828192403e-08
-0.0002861421528
0.000303636225
-0.0002588051866
-0.001654881826
3.870953731e-09
0.001631672317
0.0002819406237
2.387139317e-08
0.001518636627
1.066808028e-08
0.0003038936433
0.001236282212
0.0003098246982
1.313752954e-07
0.0002413845746
0.001143310173
0.000241952571
0.001143550876
-0.00150562087
-4.175585362e-08
0.001441296887
0.0003063269008
8.796638324e-08
0.001505658731
0.000363125221
0.0003637232917
0.001441305512
0.000305696037
-0.001056841932
0.0001382353507
0.0009713596412
1.121363046e-07
0.0001757623013
0.0001760386506
0.001371914038
8.611583561e-09
0.0002454229316
-8.491422272e-08
-0.001371970622
0.0002106189229
0.001299062394
0.000211758398
0.001298310342
0.0002451058057
-0.00163734446
0.0003373264934
2.363157752e-08
0.001606336546
-0.0003819745799
0.001677412272
0.0003776113441
-2.129005415e-08
0.001637471051
-8.358815226e-08
-0.0003367586098
0.00167250333
0.0003418172667
0.001672524112
0.000342141991
0.001606432102
0.001565334068
0.0002863702249
7.604432772e-08
-0.0002586253451
-0.001654860781
0.00163158358
0.0002818000899
-1.745800138e-07
-0.001565500132
0.001518558886
-8.245978835e-08
-0.0002861138162
0.0003036766736
0.001518316416
0.0003039617702
0.0002399989412
2.886993265e-10
0.0008226560677
0.0009080881264
0.0008979057348
0.003740910585
4.248094071e-09
8.62140173e-09
0.0004563807692
0.0008396532489
0.0009224196943
0.0009181977394
0.003700174573
0.000197218913
0.0002399331913
0.0009080048226
0.00082277368
0.0008980404291
0.003741029173
0.00037828152
0.0004564225938
0.0009225273566
0.0008395804975
0.0009181068275
-4.584854194e-05
-0.0008552110157
1.545452138e-05
0.0007964073444
8.919709911e-05
5.927343218e-10
-1.559404593e-05
4.466973824e-05
0.00076895312
-3.352208839e-06
0.0007904114644
7.23532689e-05
0.0008639420416
4.083307531e-05
-3.581481562e-11
0.0008024984153
1.911099928e-10
8.017645621e-05
-8.780006815e-10
0.0007636962269
8.68394862e-05
0.0006238415351
6.12385379e-09
0.0008787957911
0.0009536996052
0.0009583736229
0.003976713523
1.089568513e-07
1.021074677e-07
0.003827403652
0.0005242782532
0.0006229481765
0.000953531788
0.0008788758545
0.0009584260633
0.003977843981
-0.0002028516941
-0.0009284295742
1.361242855e-05
0.0008894298144
3.612932589e-09
-1.545421774e-05
0.0001915291598
-0.000159860473
0.0008292995868
-3.644162263e-06
0.0008548879167
0.000919064648
0.0001823465334
-0.0001508913087
5.419022217e-09
-0.0001655786568
0.0008663344943
2.891946352e-09
2.944909562e-09
0.0008504294996
-1.289730624e-06
0.0003590278492
0.0006675175493
0.0007192360813
0.0003061605443
-0.0007656708925
-3.860658245e-09
0.0003566506475
0.0006694035299
-4.145399295e-09
-0.0007816246718
1.725897499e-06
0.0007397629332
0.0003967834271
3.060010211e-09
-3.341235732e-06
0.0007770946803
-0.0008085209071
0.0003436004683
-0.0008157818508
0.0003369741612
2.316679363e-09
0.0007373843434
0.0004004640731
-0.0009074100887
0.0003436411015
-1.67996959e-05
0.00417349797
3.127764066e-08
-7.360376962e-09
0.001301790357
0.001000749796
0.001111458702
0.001094814968
-0.0003332753442
-0.0003580884878
-0.0003411113833
-0.0003108953196
0.001101179806
0.0009167018579
0.001008040806
0.001033120963
0.0009445965986
-1.678339984e-05
-0.0009074891706
0.0003436376542
0.004173968474
0.001138395187
0.001302302201
0.00111158312
0.001000586006
0.001094604143
-0.0003331798626
-0.0003580180231
-0.0003411549934
-0.0003109782715
-0.0004439332814
-0.0009933579044
4.871606265e-06
0.0009996319833
0.0004327878426
-2.462572501e-10
-3.82659609e-06
0.0004434664761
-0.000445102059
0.00092551297
-5.318177833e-06
0.0009786868998
0.0003820060759
-0.0009617276479
0.0009356191292
0.0004035823917
-0.0003892053797
-2.198660042e-09
-0.0009589493733
-0.000443764105
0.0009316249033
-1.532912186e-09
0.0004134600352
-3.522864267e-10
-0.00100855336
0.0009918986552
0.0004351263464
0.001313658182
-3.228352546e-08
0.001063085199
0.001146891516
0.001171041072
0.004567490111
1.585077621e-08
-3.683282709e-09
0.0044290234
0.001159073925
0.001314033439
0.001146887168
0.001063107652
0.001171052989
0.004567367947
-0.0004283832841
-0.0011770454
1.793721553e-05
0.001182247625
1.49636138e-09
-1.940331478e-05
0.0004027697296
-0.0004231465861
0.001087349124
-6.259204547e-06
0.001071818169
0.001148851458
0.0004093579504
-0.0004160184918
-4.299428397e-09
-0.0004414560205
0.001142526206
-5.320604409e-09
-2.639145292e-09
0.001120546981
-1.506718849e-06
0.0005650063093
0.001241555465
0.001203386176
0.000525365081
-0.001176701979
3.50291634e-09
0.0005626375296
0.001243261723
1.274661901e-09
-0.001231813491
1.877788651e-06
0.001275246611
0.0005173243435
2.277493139e-09
-4.037391793e-06
0.001226336629
-0.001193116355
0.00049956517
-0.001203696342
0.0004932154471
-4.91056618e-09
0.001272515934
0.0005207047881
0.001407934393
0.0006325914609
-0.00135435859
1.280226239e-08
-2.204722466e-07
0.000643713679
0.001460514103
0.0006435265981
0.001459577496
1.064790715e-08
-0.001418711734
3.932452779e-07
0.001473519436
0.000588308453
1.719780871e-08
-4.186123171e-07
0.001419353869
-0.001368411946
0.0005823283532
-0.001368033629
0.0005814771586
1.75899657e-08
0.001474170544
0.0005892902583
0.0009026732133
0.0001147445684
-2.002336044e-08
5.301483955e-08
9.375404676e-05
0.0008551237854
9.404275184e-05
0.0008555259619
-3.924995003e-09
5.250153275e-08
0.001232413924
0.0001795812764
0.001234507783
0.0001783573564
-6.600863876e-08
4.647917458e-08
0.001176009914
0.0001525399441
-4.579943644e-08
0.001175619555
0.0001505948996
0.0007486010546
8.217383904e-05
-0.0007797170695
-9.168764243e-09
-6.020473658e-08
6.465604304e-05
6.444469849e-05
3.796200421e-09
-0.001063552266
5.996972499e-08
0.0001080646024
-2.48967297e-09
2.66980604e-09
0.001062820978
-0.001086478069
0.0001052557295
-0.001086506497
0.0001051379033
-7.159555001e-09
0.0001072469311
0.001439744089
1.577792077e-09
-0.0003760154477
-0.0004254839081
-0.0004210154099
0.005027492786
8.304185788e-09
2.779918833e-10
0.005201580424
0.004923321367
0.001332601391
0.00143981811
0.005098374938
-0.000425496735
-0.0003759799011
-0.0004210047479
0.005027808715
0.005201737391
-0.001289353618
0.0004374567515
-1.832461406e-05
0.005330988001
6.422299322e-10
3.733837376e-09
-0.000391161445
-0.000430936472
-0.0004401837632
-0.0003875437819
0.001561661276
-0.00044800152
-0.0004292240798
-0.0004339104812
0.001250077905
0.001386119719
0.00139669986
0.001249399337
-1.833651064e-05
-0.001289392151
0.0004374591415
0.005331011477
-0.0003911602189
-0.0004309186248
-0.000440152437
-0.0003875067378
-0.000455536278
-0.001434014918
3.011188074e-06
0.001469301865
2.004875799e-09
-3.097207478e-06
0.0004551522211
-0.0004985960946
0.001459241362
-1.448478526e-05
0.001401012531
-0.001348431002
0.001433195136
0.00045316944
-0.0004859056486
2.012741247e-09
-0.001412029743
-0.0004931178312
0.001467681618
-2.141783784e-09
1.985252801e-09
-0.001424936986
0.001447522238
-1.204283893e-06
0.0004259408619
0.001607411323
0.001577252123
0.0004370050803
-0.001541132163
-2.523303507e-09
0.000421965345
0.001607582258
6.443650004e-09
-0.0015569662
2.309869629e-06
0.001585181338
0.0003914383424
1.991023445e-09
-4.040579539e-06
0.001554348717
-0.001522473159
0.0004137604724
-0.001526147432
0.0004021499794
-4.264430111e-09
0.001583396922
0.000399202506
-1.46070397e-07
0.0003294906166
0.001684972501
0.001672471033
0.0003618560027
-0.001656942869
4.413275367e-09
0.0003293811791
0.001685108151
7.455116163e-09
-0.001648317463
2.653050028e-07
0.001661608095
0.000315820866
4.372928565e-09
-4.285713639e-07
0.001647958287
-0.001630709087
0.0003452160593
-0.001631463726
0.0003445706523
3.039215091e-09
0.00166135664
0.0003163575716
0.001662175014
0.0002574583896
-0.0002459055736
-0.001673787451
2.630280427e-09
-0.0002419719367
-0.001674943502
1.855984397e-07
0.001676789944
0.0002399427934
-2.897352198e-09
-1.264693477e-07
0.0002427053697
-0.0002320022983
0.001651440733
-2.215693611e-07
0.00167535326
-0.001680448183
0.0002630539406
-0.0002320328577
0.001652124415
-1.497307179e-08
-0.001680496787
0.0002627864718
3.624329974e-09
0.001677900396
0.0002403438183
-8.289259462e-08
-0.0001848059019
-0.0001832063954
-0.0001666571311
-0.0001686695953
-6.753806312e-07
0.001602429162
0.0001769465544
-0.0001848751078
-0.0001832435958
-0.000166725
-0.0001687689833
0.001280633242
2.816080567e-09
-0.0003405336156
-0.0003797671587
-0.0003922082586
0.005721678161
8.750839711e-09
-2.397948131e-09
0.005871338925
0.005741634416
0.001295944562
0.001280607434
0.005910331555
-0.0003797720126
-0.0003405281464
-0.0003921948172
0.005721693031
0.005871332847
0.001170610045
4.741549056e-09
-0.0003348003553
-0.0003221503436
-0.0003358592822
0.005991326852
1.517451775e-09
5.426055868e-09
0.006118893532
0.006075885884
0.001237957376
-0.0003675755913
-0.0003408421267
-0.0003479264875
0.001170602147
0.006220277856
-0.0003221382963
-0.0003348092325
-0.0003358831217
0.00599131489
0.006118933569
0.0009865635406
1.522687007e-08
-0.0002801397265
-0.0002577797456
-0.0002788409553
0.006216202899
7.630332436e-09
7.71776003e-09
0.006305318069
0.006338651571
0.001085578121
-0.000312326833
-0.00028964108
-0.0002886678075
0.0009865343953
0.00642792193
-0.0002578550498
-0.0002800682941
-0.0002787833143
0.006216288208
0.00630549787
0.000837870212
5.219521486e-08
0.006392651626
6.079433124e-09
2.182467834e-08
0.006501154837
0.0008833299504
-0.0002502446557
-0.0002280252109
-0.0002268866274
0.0008371911686
0.006392253459
-3.869952359e-06
-0.0007249846137
0.000112356415
5.959919824e-05
-0.0007406272016
1.920062092e-09
-0.000738975992
0.0001117760154
2.344616806e-09
-5.23193082e-05
9.447817946e-06
0.0001003022347
6.043444816e-10
-9.551364305e-06
5.23137528e-05
1.375466345e-09
0.0001004731749
-0.0008779359507
0.0001307138094
1.586750904e-05
0.000820548936
2.792977489e-09
-3.428771778e-06
0.0008100670906
-1.576182708e-05
-0.0001268027076
0.0007998546253
-0.0001170077809
0.0008853333538
1.72558213e-09
1.684829034e-09
0.0008347036882
2.982845458e-09
0.000785971367
-3.880447578e-06
-0.0007493178422
-0.0001728838926
-0.0007898101775
2.136491371e-09
0.0002216391911
-0.0007639018408
5.26643275e-10
0.0001473623863
9.58476294e-06
2.174994553e-09
-9.456310071e-06
-0.0001467114555
0.0001810708567
3.530941519e-09
0.0001827960485
-4.584769019e-05
-0.0008552298711
1.545144215e-05
0.0007964122632
8.92144413e-05
0.0008639326066
4.075581674e-05
-1.559452842e-05
4.466192804e-05
0.0007689384281
-3.338292342e-06
0.0007904658065
7.238003582e-05
0.0008024913725
8.022719735e-05
0.0007636981491
8.688102041e-05
5.962219429e-05
-0.0007406259092
-3.868465146e-06
-0.000725072847
0.0001124843555
-0.0007390547076
0.000111903514
-5.231713057e-05
9.440016975e-06
0.0001002352658
-9.551875027e-06
5.229737026e-05
0.0001003626845
-0.0008779280897
0.0001307179627
1.587005539e-05
0.0008205572973
-0.0001169744821
0.0008854058685
0.0001509111773
-3.433133537e-06
0.0008100456096
-1.575463958e-05
-0.000126796329
0.0007999608683
0.0001598147936
0.0008347820671
0.0001655900999
0.0007860003489
-0.0001728591389
-0.0007897157886
0.0002216035412
-3.882181598e-06
-0.0007492318497
-0.0007638336515
0.0001473659491
9.595130615e-06
-9.471374609e-06
-0.0001467263103
0.000181256011
0.0001829643775
-0.0008103658528
0.00026242357
-3.687605413e-09
-0.0002300260415
0.0008447474273
5.865501318e-06
0.0002688411284
1.797878934e-09
-8.738202813e-06
0.0002227509045
-4.860401066e-06
-0.0008317171815
0.0002902904267
4.360751998e-10
0.0002865270916
1.645679782e-09
0.0002473287125
0.0009199396259
0.000299089839
2.02480565e-06
4.315262428e-09
-1.303593847e-05
-0.0008550288584
0.0008408823857
-2.705834637e-06
-0.0002696480867
0.0002845529293
-0.0003235128169
-0.0009632553033
-1.092835444e-10
0.0009227485006
0.0003478429272
3.950499303e-10
0.0008699175675
3.546404806e-09
0.0003185793448
-0.0002028558116
-0.0009284236171
1.361380447e-05
0.000889433089
0.0009189735771
0.0001822813781
-1.546866464e-05
0.0001915190137
0.0008291601953
-3.637491243e-06
0.0008548976195
0.0008662420859
0.0008504341956
-0.000810442855
0.0002624130561
0.0007657399092
-0.0002300253426
0.0008447539585
5.86586171e-06
0.0002688403998
-8.73869755e-06
0.0002227504039
-4.860465263e-06
-0.0008317262943
0.0002903602526
0.0008084675379
0.0002865737902
0.0008157343982
0.0002473241597
0.0009199174111
0.0002990952821
2.025366616e-06
-0.0003234681344
-0.0009631521966
0.0009226282591
0.0003478055547
-1.30286375e-05
-0.0008549797406
0.0008409411954
-2.715302631e-06
-0.000269665801
0.0002845888186
0.0008699948243
0.0003185776576
0.0004902126474
-0.0006180912632
1.604611287e-09
-5.145458842e-07
-0.000691279042
0.0005356721992
-0.000692324547
0.0005341355189
3.163930778e-09
-7.110561786e-07
0.0004151272325
0.0004133855933
-5.996430754e-10
8.955311096e-07
0.0004599249373
3.507058736e-09
0.0004621280601
-0.0008378991951
0.0004247867929
2.848514328e-06
0.0008070470751
2.373320481e-10
-7.488360085e-06
0.0008270417836
-3.444942944e-06
-0.0004279210951
0.000857747968
-0.0003615043111
0.0008858420705
5.498739754e-10
-1.388483555e-10
0.0008634213249
-1.505159002e-09
0.0008024332764
-0.000569600768
-0.0008494693465
-4.857866092e-10
0.0005815387535
-7.220109183e-07
-0.0007713841818
-0.0007733372214
1.929982594e-09
0.0004923492133
1.28567385e-06
-9.780261831e-11
-1.66882402e-06
-0.000494462834
0.0005068623606
-1.185744933e-09
0.0005046335593
0.0007192910741
0.0003061652122
-1.256943068e-06
0.0003589703489
0.0006676029932
0.0003566077196
0.0006694915466
-0.0007816189383
1.729248662e-06
0.0007397011154
0.0003967993455
-3.342153136e-06
0.0007770814368
0.0003435877039
0.00033694083
0.0007372863947
0.0004004946335
0.0004902134017
-0.0006181023589
-5.278963239e-07
-0.0006913167687
0.0005357629954
-0.0006923649451
0.0005342171163
-6.944861366e-07
0.0004151517855
0.0004134365345
9.008698288e-07
0.0004598753383
0.0004620222803
-0.0008378831097
0.0004247830496
2.848650465e-06
0.000807050991
-0.0003615696033
0.0008857998295
0.0003891823965
-7.482803734e-06
0.0008270166745
-3.44343516e-06
-0.0004279158028
0.0008577500816
0.0004450467861
0.0008634324631
0.0004437054809
0.0008024441589
-0.0005695900433
-0.0008495116835
0.0005815052431
-7.219908681e-07
-0.0007713158334
-0.0007732975243
0.000492341184
1.287526527e-06
-1.660834474e-06
-0.0004944381358
0.0005068047655
0.000504599949
0.0005788659867
-0.0009378169338
3.534795404e-09
-1.87740343e-06
-0.0009922119154
0.0005701957456
-0.0009959053993
0.0005654949437
-1.071623699e-09
-0.0004961217832
3.677728613e-06
0.0004961702263
4.166361694e-10
-2.318650015e-06
0.0005002562932
1.103494271e-09
0.0005036207704
-0.001086004537
0.0004475900047
1.505888334e-05
0.001056145049
-1.553065414e-09
-6.260450107e-07
0.001007055177
-1.94463531e-05
-0.0004356655074
0.001053384732
-0.0004216445767
0.001114160127
-3.912167952e-09
-1.484183602e-10
0.001100850554
-2.789512931e-09
0.001021574909
-3.341367553e-06
-0.00103991223
-0.0005434185917
-0.001104728531
1.205443573e-09
0.0005154121448
-0.001051960875
-9.562655637e-10
0.0004915116682
8.843272354e-06
-5.350718824e-10
-1.140624763e-05
-0.0004941267276
0.0004726316918
-3.173077868e-09
0.0004762306226
-0.0004439169902
-0.0009933774676
4.870436379e-06
0.0009996408791
0.000432782908
0.0009356641362
0.0004035620747
-0.0009589894
-3.819169906e-06
0.000443437778
0.0009255414154
-5.310402623e-06
0.0009787366108
0.0003820203732
-0.0009618160513
0.0009316319353
0.0004135200497
-0.001008646185
0.0009919301723
0.000435114665
0.0005789123328
-0.0009377669925
-1.87624007e-06
-0.0009922089038
0.0005701605812
-0.0009958635075
0.0005654504831
-0.0004961413618
3.684000829e-06
0.0004962351589
-2.324637056e-06
0.0005002958712
0.0005037011453
-0.001085979182
0.0004475807474
1.505586209e-05
0.001056123936
-0.0004215161941
0.001114136593
0.0004160496617
-6.286719667e-07
0.001006988815
-1.943743323e-05
-0.0004356304576
0.001053215767
0.0004232792801
0.001100806002
0.0004414711219
0.00102152889
-0.0005433723744
-0.001104582021
0.0005152169301
-3.331635283e-06
-0.001039938444
-0.001051999056
0.0004915233152
8.836196461e-06
-1.137690441e-05
-0.0004941277899
0.0004731476274
0.0004763672258
-0.001152402375
0.0004862924404
-2.351062507e-10
-0.0004547530146
0.001186666717
7.242159369e-06
0.0004430899638
1.800724851e-09
-1.160688738e-05
0.0004404516755
-5.704268706e-06
-0.001164432187
0.000461837333
-5.442540384e-09
0.0004635777546
-1.920474689e-08
0.0004038086365
0.00124852468
0.0004391905929
6.811316568e-07
1.057236255e-09
-1.653951873e-05
-0.001147960517
0.001197342226
-4.942252992e-06
-0.0003867362518
-0.0004504672187
-0.00127374406
2.300054345e-09
0.001275010105
-4.219871124e-09
0.001245099916
8.043125233e-10
-0.0004287254595
-0.001177086402
1.793880073e-05
0.001182563985
0.001148854701
0.0004093761014
-1.939052624e-05
0.0004034273733
0.001086816594
-6.258834302e-06
0.001071918968
0.001142204523
0.001121161797
-0.001151347643
0.0004852702435
0.001176466411
-0.0004556295129
0.001187616878
7.241508017e-06
0.0004433369181
-1.158915498e-05
0.0004422020806
-5.697844385e-06
-0.001166334928
0.0004613515106
0.001193680859
0.0004632894765
0.001203880596
0.0004042704597
0.001248842147
0.000439209178
6.822278545e-07
-0.0004504130416
-0.001273785968
0.001274986164
-1.654136696e-05
-0.001148547121
0.001197519072
-4.94446719e-06
-0.0003867653947
0.00124517299
-0.001296063465
0.0006095705746
1.103009536e-08
-6.799884253e-07
0.0005905700154
0.0005898545026
2.928241128e-09
0.001324974034
6.03134755e-07
0.0005395171344
6.810004846e-09
-3.561199107e-07
-0.001323827973
0.0005658336674
0.00056614188
1.297925824e-08
0.0005398611106
-0.001262901612
0.0004738639396
2.905230515e-06
0.001303451013
5.771504539e-09
-9.434176333e-06
0.001244596649
-2.454686942e-06
-0.0004727570581
0.001299983879
-0.0004659766696
0.001279819603
4.985423783e-09
2.898315865e-09
0.001317438676
4.063162517e-09
0.001295449599
0.001335488256
0.0005079305058
-4.564825172e-07
5.86589755e-09
-5.55772559e-07
-0.001334397477
0.001376790399
4.820945943e-06
-0.0005004567508
0.0004534474307
-0.0005248767013
-0.001344139805
6.647637159e-09
0.001383476454
0.0004837691344
1.029225809e-08
0.001376187372
3.468358355e-09
0.0004860468512
0.001203409861
0.0005251605591
-1.511736838e-06
0.0005649274229
0.00124162269
0.0005625743315
0.001243315612
-0.001231839399
1.883197979e-06
0.001275188963
0.0005173438422
-4.038215063e-06
0.001226378596
0.0004993967373
0.0004931586252
0.001272447848
0.000520741366
-0.001296043983
0.0006096076825
0.001354387406
-6.829472396e-07
0.0005905996268
0.0005898857507
0.001324968596
6.096714822e-07
0.0005395032537
-3.74715871e-07
-0.001323822675
0.0005658332723
0.001368474628
0.0005661460633
0.001368068481
0.0005398344731
-0.001262910162
0.0004738758511
2.914366016e-06
0.001303469552
-0.000465986227
0.001279915945
-9.438122162e-06
0.001244623953
-2.461457693e-06
-0.0004727811059
0.001299992204
0.001317423916
0.001295498571
0.001335504412
0.0005079215949
-4.473346151e-07
-0.0005248607675
-0.001344155017
0.001383492946
0.0004837523327
-5.726873798e-07
-0.001334443084
0.001376871606
4.815193392e-06
-0.0005004426247
0.0004534101114
0.001376227315
0.0004860091538
-0.001503654696
0.0006389159733
-2.745752271e-08
-2.636791543e-08
0.0006460241955
0.0006460118701
1.921575724e-09
-2.206821526e-07
-0.00152758957
0.0005844721762
-0.001527114319
0.0005846962206
-7.064760372e-08
1.367982408e-07
0.0005922781298
2.060367701e-09
0.0005927419632
-0.00142343773
0.0005371606851
8.664175299e-07
0.001473707493
1.158941281e-08
-1.234112615e-06
0.001423796138
-1.494958464e-06
-0.0005401041763
0.001468785762
-0.0005329788695
0.001427403518
6.071036514e-09
1.382789853e-08
0.001469947549
3.873362391e-09
0.00147384865
-2.648744331e-07
-0.001525808935
-0.0005334223886
-0.001515315736
-1.801853258e-08
0.000488811472
-0.001525527859
-7.231064493e-08
0.0005401320489
3.600039667e-07
-3.428659807e-08
-3.860565029e-07
-0.0005411416793
0.0004952429915
-2.149926715e-08
0.000494399306
0.001407960473
0.0006325829319
-2.57717697e-07
0.0006438143292
0.001460573313
0.0006435613911
0.00145957162
-0.001418734569
4.606026116e-07
0.001473503151
0.0005883494058
-4.531406718e-07
0.001419444572
0.0005823445715
0.0005814812988
0.001474355693
0.0005893638165
-0.001503680945
0.0006389286779
-4.782216429e-08
0.0006461734009
0.0006459870057
-9.634425197e-08
-0.001528323346
0.0005845894008
-0.001527044909
0.0005846268183
3.181194454e-07
0.0005921291855
0.000592523867
-0.001423488252
0.0005371575608
9.180301403e-07
0.001473773667
-0.0005329745141
0.001427390586
0.0004859306462
-1.259679403e-06
0.001423942394
-1.523568477e-06
-0.000540078739
0.001468781732
0.0004986148915
0.001469931961
0.0004930964976
0.001474145506
-0.0005334751308
-0.001515249464
0.0004888210766
-1.746040724e-08
-0.001526105066
-0.001525440809
0.0005400454099
3.823479144e-07
-3.55734689e-07
-0.0005409466537
0.0004951169812
0.0004943506772
-0.0008113097046
7.435899962e-05
6.747025556e-09
3.305666459e-08
8.673896049e-05
8.710911987e-05
1.566706863e-09
0.001124299546
-3.507103571e-08
0.0001388304345
2.412569916e-08
-2.408229473e-08
-0.001124213901
0.0001121054707
0.0001121150253
1.293587984e-08
0.0001381095406
5.900467842e-08
0.001477417564
-0.00022086012
0.001606636047
-2.821070678e-08
0.001476222126
-2.925982121e-08
0.0002041532999
4.295229772e-08
0.001424611124
-4.531733528e-08
-7.484582683e-08
-0.000203272872
0.001578540329
0.001578715486
-3.385221782e-08
0.001424782529
0.001380509035
0.000182915507
-1.145347186e-08
2.846633176e-08
-5.269414065e-08
-0.001380629578
0.001340454713
-1.198894127e-07
-0.000182251022
0.0002036832963
-0.0001522159695
-0.001557636325
7.841223873e-09
0.001519116625
0.0001905259831
2.581057144e-08
0.001340329579
-6.733753205e-09
0.000203881519
0.0009032205461
0.0001141689395
1.309371132e-07
9.427122455e-05
0.0008554372452
9.458620977e-05
0.0008555210482
1.057020418e-07
0.001236983424
0.0001755616533
0.00123513791
0.0001773810626
-3.336885498e-07
0.001176773153
0.000153238847
0.00117733124
0.0001535897163
-0.0008113622627
7.443374374e-05
0.0007797620142
6.800942273e-08
8.677882499e-05
8.710334616e-05
0.001124430043
-4.897566125e-08
0.0001395195676
-5.338309992e-08
-0.001124522069
0.0001123749342
0.00108661385
0.0001122594655
0.001086563867
0.0001395390228
-0.0002201312023
0.001605742699
0.000245911363
-1.220549222e-07
0.001474711536
0.001475414966
0.0002048334763
-1.597109561e-07
0.001423934725
-1.271168612e-08
-0.0002047246642
0.001578942065
0.0002313985967
0.001578654924
0.000231874696
0.001423416877
0.001380338202
0.0001831429139
1.650070242e-09
-0.0001521833801
-0.00155752819
0.001519116046
0.0001904165148
-8.605661794e-08
-0.00138025956
0.001340410528
-6.436629872e-08
-0.0001826979816
0.0002044727003
0.001340354042
0.0002041985528
-0.001313374292
0.0001287671185
6.468663716e-08
1.374695212e-09
-6.413979655e-08
0.001313541861
-2.892429443e-07
-0.0001289296356
0.0001543371781
-0.0001320236401
0.001489487925
9.832219489e-09
0.0001614113756
5.395845103e-09
7.952439194e-10
0.0001536566428
0.0007485827527
8.211956815e-05
-6.701698588e-08
6.466485205e-05
6.439613039e-05
-0.001063533685
4.352423287e-08
0.0001081033471
2.131690137e-08
0.001062790556
0.0001053418472
0.000105163898
0.000107348575
-0.001313362589
0.0001287960056
6.401176194e-08
-0.0001320835433
0.001489489272
0.0001614660216
-7.721009643e-08
0.001313511918
-2.955724937e-07
-0.0001289974277
0.0001544528705
0.0001537740955
-0.001503873442
0.0004508070383
-5.643751515e-09
-0.000458570869
0.001494282847
-5.169822414e-06
0.0004387686064
-8.896215612e-09
3.521246266e-07
0.0004518211555
-2.621628516e-06
-0.00148936904
0.0004199216255
-1.126027183e-08
0.0004163272708
-6.441002434e-09
0.0004048045403
0.001550358522
0.0004211336759
-3.764624912e-06
-5.627303985e-09
-2.23998091e-05
-0.001407847343
0.001474324824
-5.0381108e-06
-0.0003619084684
-0.0003993065634
-0.001552434774
-4.900456849e-10
0.001543042822
6.715636029e-11
0.001544979361
5.060181268e-10
-0.0004556116729
-0.00143408639
3.010879366e-06
0.001469444093
0.001433151579
0.000453252062
-0.001412038582
-3.098371982e-06
0.0004553002857
0.001459052148
-1.447841209e-05
0.001401140532
-0.001348482944
0.001467535892
-0.001424953265
0.001447796331
-0.001503852065
0.0004507996128
0.00154111893
-0.0004584068035
0.001494288617
-5.180567497e-06
0.0004387339565
3.835545666e-07
0.0004514992206
-2.613350297e-06
-0.00148937541
0.0004198989186
0.00152248304
0.0004163165173
0.00152615192
0.0004047395776
0.00155033463
0.0004211211924
-3.76963997e-06
-0.0003992960973
-0.001552429218
0.001543038091
-2.238142535e-05
-0.001407863653
0.001474309773
-5.036706449e-06
-0.0003619078278
0.001544973691
-6.820621135e-07
0.0004031864611
-0.001635505922
0.0003831540865
7.091149525e-10
0.0004010144533
2.895270214e-09
0.001610357899
1.156460183e-06
0.0003746779738
3.44977785e-09
-6.981820308e-07
-0.001609088829
0.0003630955314
0.0003613487271
1.348494854e-09
0.0003786510079
-0.001550825494
0.0003682199671
5.493262778e-06
0.001568549917
6.841790696e-10
-1.447112723e-05
0.00152398446
-6.807218366e-06
-0.000370568992
0.001536674518
-0.0003818300925
0.001539608484
3.131426652e-09
2.617881765e-09
0.00155308875
-4.299776084e-10
0.00155811122
0.001588068546
0.0003529494088
2.208270249e-06
1.662216182e-09
-1.265813502e-06
-0.001583509427
0.001604868865
-2.735189064e-06
-0.0003554610647
-0.0003412669803
-0.001567442351
5.128251432e-10
0.001585229102
1.133888603e-09
0.001606883342
1.331778081e-09
0.001577249268
0.0004370097595
-1.21213561e-06
0.0004259275942
0.001607454372
0.0004219501557
0.001607618041
-0.001556966453
2.309290156e-06
0.001585166462
0.0003914428289
-4.02592833e-06
0.001554345315
0.0004137910893
0.0004021650223
0.001583366746
0.0003992154431
-0.001635519259
0.000383155135
0.001656947325
-6.872530929e-07
0.0004032111449
0.0004010335509
0.001610359224
1.165747331e-06
0.0003746784883
-6.997653285e-07
-0.001609094051
0.0003630908966
0.00163072173
0.0003613466902
0.001631469251
0.0003786495818
-0.00155082682
0.0003682204391
5.492849016e-06
0.001568557034
-0.0003818380421
0.001539605363
-1.447646156e-05
0.001523992471
-6.803806466e-06
-0.0003705702955
0.001536663139
0.001553095072
0.001558130456
0.001588070986
0.0003529547857
2.211405282e-06
-0.0003412646559
-0.001567425919
0.00158522642
-1.266972972e-06
-0.001583514134
0.00160487717
-2.742146122e-06
-0.0003554773078
0.001606887175
-1.232667815e-07
0.0003091436681
-0.001679569728
0.0002875953002
6.113500234e-09
0.0003093010118
7.786856825e-09
0.001669649432
2.324214466e-07
0.0003010232087
4.04391623e-09
-2.060173142e-07
-0.001669687372
0.0002767489507
0.0002765359266
6.009266275e-09
0.000301045363
-0.001623008535
0.0003022231447
5.567608891e-07
0.001636045457
4.043088228e-09
-8.062282723e-07
0.00162220626
-3.714030394e-07
-0.0003033599594
0.001612555542
-0.0003276367987
0.001599678582
2.624731737e-09
2.427850196e-09
0.001612929753
3.75060799e-09
0.001635760623
0.001646397025
0.0002901772907
4.903210926e-07
4.029925701e-09
-4.656741612e-07
-0.001646396828
0.001655375557
-3.997668864e-07
-0.0002908994797
-0.0002672063135
-0.001623862855
3.315224734e-09
0.001633063872
3.792858409e-09
0.001655257173
3.46188514e-09
0.00167246379
0.0003618494285
-1.594332513e-07
0.0003295434669
0.001684900879
0.0003294358062
0.001685018
-0.001648323598
2.77264899e-07
0.00166166662
0.0003158198997
-4.337773885e-07
0.001647981535
0.0003452028713
0.0003445643342
0.001661450289
0.0003163519709
-0.001679610591
0.0002874707726
0.00167381855
-1.346310678e-07
0.0003090643916
0.00030924234
0.001669654288
2.350249646e-07
0.0003010237029
-2.134815565e-07
-0.001669701118
0.0002767911079
0.001680235474
0.0002765881583
0.001680329434
0.0003010485809
-0.001623013887
0.0003022323096
5.638624235e-07
0.001636041654
-0.000327630466
0.001599720206
-8.095745095e-07
0.001622221359
-3.833326292e-07
-0.0003033828746
0.001612535114
0.001612905118
0.001635754302
0.001646403512
0.00029016849
4.973851644e-07
-0.0002672555611
-0.001623891836
0.001633060681
-4.792938282e-07
-0.001646424227
0.001655412709
-4.019164529e-07
-0.0002908760401
0.001655260608
-0.0002196815485
0.001663892511
3.024919255e-07
-3.550685591e-09
-3.259259745e-07
0.0002196164855
-2.567132316e-07
-0.001664598214
0.00165532214
-0.001636015057
0.0002097669981
-1.294487374e-09
0.001616316973
-1.658227895e-08
-8.346861106e-10
0.001654838147
-0.001658124234
0.0002348636506
4.986518881e-07
1.099849363e-08
-6.930332838e-07
0.00165915651
-1.784928812e-07
-0.000236332113
-0.0002592248982
0.001641379616
1.716785677e-09
1.48828426e-09
8.591744771e-09
0.001662467243
0.0002571680666
-0.0002408916268
-0.001674623905
1.834374085e-07
0.001675670943
0.0002396582363
-1.380447912e-07
0.0002405152822
0.001653543232
-2.270158802e-07
0.00167470969
0.0002628157303
0.001653297304
0.0002626501973
0.001675649881
0.0002397585348
-0.0002207249702
0.001663547135
2.979050645e-07
-0.001636454087
0.000210062495
0.00161636365
-3.002166659e-07
0.0002217195023
-2.513144134e-07
-0.001663890253
0.001655183546
0.001654824325
-0.001658071619
0.0002348280984
4.957658968e-07
-0.0002591575617
0.001641444809
-6.831074581e-07
0.00165904599
-1.847770417e-07
-0.0002362666108
-1.91116129e-07
0.0001565777415
-5.560805789e-07
0.001647834194
0.001601298185
0.0001757694275
6.874123194e-09
0.0001551747417
-2.342012684e-10
0.00164684578
-6.772154277e-10
5.572463663e-07
-5.403165013e-09
-3.605629647e-06
0.0002973893289
-1.562973827e-05
-0.000935732144
-0.0009892899725
0.000361387686
-3.845082807e-09
0.0003337012572
-4.148347105e-09
-0.00102088104
-2.853219046e-09
4.750596854e-06
-3.755881627e-09
-0.0009893601489
0.0003613890691
-3.587877293e-06
0.0002973893888
-1.561386881e-05
-0.0009357443834
0.0003336662948
-0.001020891855
4.736660569e-06
3.52389907e-06
0.0004105909058
-2.460566436e-05
-0.001277530033
-0.001405840052
0.0004592502937
4.527051655e-09
0.0004698065457
2.830765376e-09
-0.001421232655
3.822635906e-09
5.089086915e-06
2.736491456e-09
-0.001405848014
0.0004592297787
3.516388231e-06
0.0004105794729
-2.461656999e-05
-0.001277567456
0.0004698000813
-0.001421254854
5.095386211e-06
0.001601282593
0.0001758785726
-2.100544018e-07
0.0001565795362
-5.76062306e-07
0.00164783105
0.0001551737601
0.001646882562
5.682047096e-07
2.680603926e-06
5.388109182e-05
-4.896348363e-05
-8.377140937e-09
5.153990356e-07
2.596849234e-05
-2.378829246e-05
-1.499427138e-08
7.15477559e-06
-6.622755651e-06
-1.662071694e-08
2.679747871e-06
-4.896278681e-05
-8.909384492e-09
5.388041926e-05
5.151021289e-07
-2.378796152e-05
-1.530535597e-08
2.596791377e-05
-6.622657763e-06
-1.677033769e-08
7.154530731e-06
-5.981225241e-07
-1.50481894e-07
-3.230363889e-06
2.427615601e-06
-1.540881818e-07
-1.17555574e-07
-1.557426667e-06
1.230948589e-06
-9.012182973e-08
-4.256261746e-07
3.616571757e-07
-5.987137315e-07
-1.504513416e-07
-3.229292568e-06
2.426323922e-06
-1.542726909e-07
-1.175181901e-07
-1.557027974e-06
1.230107957e-06
-9.010339471e-08
-4.255347795e-07
3.613678825e-07
5.090537135e-06
-8.764752892e-06
-1.097304712e-07
1.69624184e-05
1.659138285e-10
1.094303673e-06
-4.250113103e-06
-9.447950978e-08
8.340739481e-06
8.769959838e-11
-1.171049639e-06
-8.005678499e-08
2.345368657e-06
4.082712951e-11
5.661256723e-06
1.419650839e-07
8.802529946e-06
1.272003164e-06
1.153525764e-07
4.272027768e-06
9.30013806e-08
1.178479662e-06
5.215361366e-06
2.228455191e-10
1.078622776e-06
1.206933399e-10
5.713102905e-11
5.455134166e-06
1.70231801e-05
1.257844689e-06
8.374838231e-06
2.356267164e-06
-4.528951285e-07
1.607520223e-07
-4.75955249e-06
3.644965147e-06
-1.565487185e-10
-4.802594824e-08
1.256010247e-07
-2.255757057e-06
1.725370987e-06
-9.029189622e-11
9.326038885e-08
-6.096604154e-07
4.68421978e-07
-4.316860058e-11
-5.912127345e-07
-7.4522741e-08
5.334677953e-05
-1.66739966e-07
-5.184856816e-08
2.559586894e-05
-3.80086362e-08
7.026044423e-06
-3.296359835e-07
-5.374609958e-05
5.11010495e-11
5.3317592e-05
-6.74006585e-08
-2.588727228e-05
2.575521653e-11
2.557316313e-05
-7.124209502e-06
1.356909845e-11
7.018787379e-06
4.507192461e-06
-1.133367013e-07
9.203030631e-11
2.444871365e-05
9.455853321e-07
-8.769902056e-08
4.844990147e-11
1.198999895e-05
-7.067849372e-08
2.265010427e-11
3.361609278e-06
4.846292244e-06
2.453927944e-05
1.094241988e-06
1.203918956e-05
3.379830611e-06
5.090477622e-06
-8.764583489e-06
-1.093792281e-07
1.696212602e-05
1.094296684e-06
-4.250031441e-06
-9.428864624e-08
8.340590515e-06
-1.171026565e-06
-7.996360022e-08
2.345326706e-06
5.660537364e-06
1.414788807e-07
8.802048681e-06
1.271801701e-06
1.150912007e-07
4.271789534e-06
9.287516048e-08
1.178409036e-06
5.21527953e-06
1.078609977e-06
5.454644728e-06
1.702240883e-05
1.257706799e-06
8.374438432e-06
2.356152034e-06
4.507257654e-06
-1.13119538e-07
2.444834059e-05
9.456156074e-07
-8.758413861e-08
1.198986741e-05
-7.062268113e-08
3.361586739e-06
4.846106318e-06
2.45383332e-05
1.094191539e-06
1.20387679e-05
3.379720906e-06
6.321409287e-06
3.436931746e-05
1.030496914e-07
1.410887097e-06
1.684869965e-05
1.005902343e-07
4.704744078e-06
8.586360474e-08
-1.707643882e-07
5.344242627e-06
-1.601671802e-07
-8.593103278e-08
2.53634739e-06
-1.218205319e-07
6.910453073e-07
-9.03316603e-08
-1.715166997e-07
5.344020265e-06
-1.603703467e-07
-8.61536567e-08
2.535874656e-06
-1.21922664e-07
6.908599622e-07
-9.037854552e-08
2.418448734e-06
8.439273312e-08
-4.513865248e-05
5.605150708e-07
4.398430441e-08
-2.197434395e-05
2.461489555e-08
-6.086855953e-06
2.198775618e-06
8.209923007e-11
4.881069283e-05
-4.511406477e-05
4.878542878e-07
4.08081031e-11
2.37007169e-05
-2.194585298e-05
1.909778403e-11
6.589609148e-06
-6.077159805e-06
2.999382917e-06
4.511327184e-05
-3.497942438e-08
-1.587583604e-10
-3.988976985e-05
5.873302441e-07
2.194530782e-05
-3.805373198e-08
-7.908524219e-11
-1.949512477e-05
6.076943419e-06
-3.215524374e-08
-2.789264296e-11
-5.457431902e-06
2.419107952e-06
8.442639414e-08
-4.513717046e-05
5.606975039e-07
4.400225732e-08
-2.19735544e-05
2.462733632e-08
-6.086588375e-06
2.198821262e-06
4.880989722e-05
4.878731599e-07
2.370029866e-05
6.589462999e-06
2.753154667e-06
2.482296128e-10
5.513424525e-07
2.641392546e-10
1.215477571e-10
2.752666315e-06
5.374539807e-05
5.511767818e-07
2.588674742e-05
7.123991238e-06
-1.940232795e-07
-2.589375897e-10
-3.22368309e-06
2.410459656e-06
2.22209481e-08
-1.316597217e-10
-1.55414127e-06
1.220477031e-06
-5.973664803e-11
-4.250205553e-07
3.571805259e-07
-1.938676379e-07
-3.223404247e-06
2.409846743e-06
2.228966875e-08
-1.553976394e-06
1.220170362e-06
-4.249646461e-07
3.570914193e-07
-4.546210083e-07
4.767945739e-06
-6.570305633e-08
-1.24552907e-07
2.26004733e-06
-5.376411218e-08
6.110819096e-07
-4.459159598e-08
-9.051071048e-07
3.628090313e-06
-2.378991848e-07
1.718442636e-06
4.664434825e-07
-5.32597302e-06
-4.930828979e-05
-4.608545357e-08
4.140415666e-05
-1.283223213e-06
-2.324772491e-05
-7.948256098e-08
1.928445681e-05
-6.293153167e-06
-8.58685136e-08
5.095795794e-06
-1.576696223e-06
-8.211802585e-07
-1.760941283e-07
-1.595727668e-06
-3.598749711e-07
-2.02229207e-07
-1.379996225e-07
-8.765906964e-07
4.257311255e-09
-1.022519571e-07
-2.618834562e-07
-1.471072267e-06
-3.211108112e-06
-6.805926657e-08
-3.472596989e-07
-1.266517169e-06
-5.953197168e-08
-2.921054769e-07
-5.089621592e-08
6.321503289e-06
3.437064438e-05
1.030303434e-07
1.41092188e-06
1.684918004e-05
1.005897157e-07
4.704891665e-06
8.586114329e-08
3.618372572e-06
4.001766397e-05
1.046855859e-07
8.312594975e-07
1.95659617e-05
7.033052475e-08
5.485283887e-06
5.086712801e-08
3.080127071e-06
3.493026985e-08
6.337138623e-07
3.802873033e-08
3.214065604e-08
3.618097768e-06
4.00165292e-05
1.045219044e-07
8.311809442e-07
1.956535041e-05
7.026582565e-08
5.485082016e-06
5.084234804e-08
3.079920517e-06
6.336618005e-07
-4.543330422e-07
4.767248251e-06
-6.550251325e-08
-1.244419332e-07
2.259662452e-06
-5.367200038e-08
6.109671017e-07
-4.454982916e-08
-9.044304443e-07
3.628881593e-06
-1.607040143e-07
-2.377723558e-07
1.718546578e-06
-1.255469732e-07
4.664269294e-07
-9.323255654e-08
-2.110516837e-06
-5.197099659e-05
-1.108715686e-07
-5.192572594e-07
-2.475783351e-05
-8.115276968e-08
-6.748225547e-06
-6.41859452e-08
-2.110792468e-06
4.930482939e-05
-5.196880135e-05
-1.108271991e-07
-5.192901609e-07
2.324623592e-05
-2.4756585e-05
-8.115616287e-08
6.292710265e-06
-6.747808484e-06
-6.419225422e-08
-5.324845481e-06
-4.603016849e-08
4.140263712e-05
-1.282949144e-06
-7.943136995e-08
1.928377109e-05
-8.58431836e-08
5.09560436e-06
-2.753620291e-06
-2.037546818e-07
-7.694232908e-06
-5.921020478e-07
-1.559869281e-07
-3.272050236e-06
-1.145999888e-07
-7.696067585e-07
-2.754342574e-06
3.209833424e-06
-2.036058352e-07
-7.693612665e-06
-5.9228728e-07
1.265556024e-06
-1.558676345e-07
-3.271748666e-06
2.917812115e-07
-1.145386019e-07
-7.695278791e-07
-1.470304073e-06
8.199418644e-07
-6.767728461e-08
-3.470167908e-07
2.015725124e-07
-5.930207722e-08
-4.459347536e-09
-5.077894839e-08
-2.731251748e-07
-5.36342381e-06
-5.863890203e-11
-3.901348104e-08
-2.543596662e-06
-3.346872712e-11
-6.932473467e-07
-1.815710576e-11
-5.008628295e-06
4.140773755e-05
-4.931450588e-05
-1.665238982e-10
-1.118190808e-06
1.927898337e-05
-2.32488269e-05
-7.702267632e-11
5.090706527e-06
-6.294742177e-06
-2.504741207e-11
-1.328962979e-06
1.221297293e-07
3.888072758e-05
-3.067878287e-10
-1.769921424e-07
9.086409241e-08
1.803630856e-05
-1.632864911e-10
7.369777682e-08
4.840096747e-06
-7.695517444e-11
-1.678547737e-06
3.887856491e-05
-3.331669822e-07
1.802993861e-05
4.836328289e-06
-3.124169611e-06
-1.837993548e-05
1.267582896e-07
1.282498079e-05
-1.394701852e-10
-5.865683642e-07
-8.240232988e-06
9.793311228e-08
5.604760439e-06
-7.282625596e-11
-2.079542033e-06
7.707522531e-08
1.415931356e-06
-3.345695472e-11
-5.3238947e-06
-8.495708445e-08
1.834696299e-05
-2.672643414e-05
-1.238792773e-06
-8.26410996e-08
8.226159753e-06
-1.222861961e-05
-7.472372116e-08
2.0761101e-06
-3.240182235e-06
-5.007377145e-06
-2.674250323e-05
-2.005975928e-10
-1.090018677e-06
-1.224012941e-05
-1.053836544e-10
-3.244235103e-06
-4.935432544e-11
-3.489125695e-06
1.278137215e-05
-7.45751099e-07
5.580717564e-06
1.407435252e-06
-1.093340391e-06
-8.366127504e-07
-1.574080624e-06
-7.112574849e-10
-1.55235193e-07
-2.111143665e-07
-8.646055183e-07
-3.8951187e-10
7.636033031e-10
-2.580690128e-07
-1.810378543e-10
-1.273491447e-06
-3.261171793e-06
-6.134068835e-10
-2.509797619e-07
-1.292866165e-06
-2.924907161e-10
-3.009838753e-07
-1.314793459e-10
5.967896176e-06
7.756068713e-11
3.431887123e-05
1.245686253e-06
2.458898614e-11
1.681277409e-05
-2.567322389e-12
4.693158878e-06
5.967623103e-06
3.431874541e-05
1.245575876e-06
1.681252991e-05
4.693023478e-06
2.733871004e-07
5.098015417e-11
9.998187099e-08
2.720201827e-11
1.241511664e-11
2.731825155e-07
5.362920402e-06
9.994432055e-08
2.543341466e-06
6.931776406e-07
3.326052183e-06
3.989056745e-05
8.14181692e-11
7.135641482e-07
1.949555055e-05
4.115041014e-11
5.457578823e-06
1.063784082e-11
2.999822631e-06
5.874683626e-07
3.32584384e-06
7.13555462e-07
-1.217931618e-06
-1.874030787e-08
-3.323978539e-07
-4.749944001e-08
-5.457939956e-08
-5.916897782e-07
-7.458258961e-08
5.334500686e-05
-1.668235547e-07
-5.190384023e-08
2.559495294e-05
-3.80380271e-08
7.025745917e-06
-3.298072069e-07
5.331669125e-05
-6.744185601e-08
2.557250437e-05
7.018524762e-06
-1.218881838e-06
-1.934934288e-08
-3.326800701e-07
-4.783313061e-08
-5.474374227e-08
-1.045578901e-06
-1.978982184e-10
5.189924854e-05
-2.352751109e-07
-1.214114964e-10
2.471448774e-05
-7.227955049e-11
6.728577784e-06
-3.021659347e-07
-6.994489395e-08
-8.603219587e-08
-5.511497576e-08
-4.521715782e-08
-5.653203339e-07
-8.014735753e-08
-1.493400257e-07
-6.162627877e-08
-4.956819984e-08
-1.144060456e-07
-1.334436204e-10
1.781519363e-09
-7.222564787e-11
-3.375120667e-11
-3.440233763e-07
-2.926300864e-10
-4.962140634e-08
-1.584422062e-10
-7.708498234e-11
-1.574718929e-06
-1.75057415e-07
-1.595150437e-06
-3.593447602e-07
-1.373941086e-07
-8.764105541e-07
-1.019591869e-07
-2.618443533e-07
-1.092650569e-06
-1.573961506e-06
-8.362372646e-07
-1.550491857e-07
-8.645042248e-07
-2.108842027e-07
-2.58025667e-07
8.358905838e-10
-3.025088193e-07
-6.960682444e-08
-8.603718068e-08
-5.495205696e-08
-4.51447461e-08
-5.638142437e-07
-7.933653108e-08
-1.488975724e-07
-6.121994938e-08
-4.937297877e-08
-1.146176331e-07
-3.644957122e-06
1.729365471e-09
-1.725348864e-06
-4.684138674e-07
-3.439028759e-07
-4.961559835e-08
-2.730825325e-07
4.759217007e-06
-3.901113466e-08
2.255561785e-06
6.095985945e-07
-4.524915435e-07
-4.790987295e-08
-1.045559655e-06
5.190053301e-05
-2.352819887e-07
2.471526367e-05
6.728853487e-06
-1.755170649e-06
2.529692229e-11
-3.699064099e-07
1.687830752e-11
1.846790405e-11
-1.755243494e-06
4.931344231e-05
-3.699646565e-07
2.324806802e-05
6.2944392e-06
-3.840132335e-06
3.255232726e-05
6.004161247e-08
-2.567285206e-10
-8.632575674e-07
1.499197503e-05
6.758911979e-08
-1.3402087e-10
3.910608842e-06
6.629376827e-08
-6.218703704e-11
-3.632517096e-06
-1.451945118e-07
-3.253949693e-05
-7.586109354e-07
-1.110356774e-07
-1.499149135e-05
-8.649428406e-08
-3.912300835e-06
-3.22086506e-06
-2.261249447e-10
-5.799353929e-07
-1.210933124e-10
-5.669355734e-11
-4.096357639e-06
-9.903208429e-07
-5.007691834e-06
4.140719352e-05
-1.11791262e-06
1.927877618e-05
5.090658599e-06
-1.328736071e-06
1.216115322e-07
3.888054097e-05
-1.769420169e-07
9.058199425e-08
1.803623563e-05
7.355904858e-08
4.840083734e-06
-1.677479933e-06
3.887810229e-05
-3.328695792e-07
1.802974459e-05
4.836294225e-06
-3.84000879e-06
3.255233075e-05
5.957416741e-08
-8.632373215e-07
1.499198997e-05
6.733719148e-08
3.910614872e-06
6.61712822e-08
-3.632149468e-06
-1.447322509e-07
-3.253953252e-05
2.672655546e-05
-7.584980964e-07
-1.107900562e-07
-1.499155309e-05
1.222869168e-05
-8.637640661e-08
-3.912326983e-06
3.240205298e-06
-3.22089069e-06
2.674252144e-05
-5.79948437e-07
1.224013309e-05
3.244233891e-06
-4.0956696e-06
-9.901383365e-07
-2.19536338e-06
-7.723768464e-06
-3.457417972e-10
-3.579689519e-07
-3.286065268e-06
-1.833228279e-10
-7.734716676e-07
-7.964390327e-11
-2.834181901e-06
7.710121524e-08
-1.472858086e-10
-5.834464889e-07
6.802852752e-08
-7.279360812e-11
5.904849516e-08
-3.322215115e-11
-3.073569472e-06
-6.968769111e-07
-3.124235724e-06
-1.83799531e-05
1.264764675e-07
1.2824894e-05
-5.865857416e-07
-8.240238395e-06
9.778255952e-08
5.604729266e-06
-2.079543031e-06
7.7002332e-08
1.415922966e-06
-5.323582796e-06
-8.456789602e-08
1.834710113e-05
-1.238693364e-06
-8.243430156e-08
8.226235398e-06
-7.462445951e-08
2.076137497e-06
-5.007372903e-06
-1.090017078e-06
-3.489047314e-06
1.278123486e-05
-7.457104802e-07
5.580681322e-06
1.407429821e-06
-2.19545162e-06
-7.723523616e-06
3.260143661e-06
-3.579565127e-07
-3.285952054e-06
1.292404715e-06
-7.73439673e-07
3.008635688e-07
-2.834282499e-06
7.682422372e-08
-5.834708265e-07
6.788670622e-08
5.89808978e-08
-3.073704442e-06
-6.968826637e-07
-1.272715851e-06
-2.507894815e-07
)
;

boundaryField
{
    inlet
    {
        type            calculated;
        value           nonuniform List<scalar> 
25
(
-0.01999999779
-0.01999999796
-0.01999999828
-0.01999999872
-0.01999999919
-0.01999999966
-0.0200000001
-0.0200000005
-0.0200000007
-0.0200000009
-0.020000001
-0.0200000009
-0.0200000009
-0.0200000008
-0.0200000006
-0.0200392329
-0.0200431342
-0.0200364727
-0.0200320489
-0.0200289184
-0.0200262206
-0.0200238369
-0.0200217247
-0.0200198482
-0.0197285645
)
;
    }
    outlet
    {
        type            calculated;
        value           nonuniform 0();
    }
    topAndBottom
    {
        type            symmetry;
        value           uniform 0;
    }
    frontAndBack
    {
        type            empty;
        value           nonuniform 0();
    }
    cylinder
    {
        type            calculated;
        value           uniform 0;
    }
    procBoundary2to0
    {
        type            processor;
        value           nonuniform List<scalar> 
75
(
-2.915705078e-06
-2.841150008e-06
-2.859956495e-06
-2.849500233e-06
-2.832215131e-06
-2.810191913e-06
-2.782136697e-06
-2.7465479e-06
-2.701581087e-06
-2.644944508e-06
-2.573528992e-06
-2.483157755e-06
-2.367870953e-06
-2.218255289e-06
-2.017518178e-06
-1.315426336e-06
5.640391488e-06
2.846975876e-05
7.283776251e-06
7.185890699e-08
3.498768397e-09
1.46158848e-09
4.058595007e-08
3.994676854e-08
2.594395322e-08
-3.701495099e-10
2.516039378e-08
4.040763382e-08
4.235188072e-08
4.253127802e-08
4.017130474e-08
4.18490942e-08
4.239057214e-08
2.293833313e-10
-5.254490737e-10
-2.494765937e-09
5.380454319e-09
7.610203173e-10
4.895960942e-09
2.57935929e-08
1.312645499e-08
1.284259296e-08
5.922122565e-11
3.94122815e-09
4.290571253e-09
2.546887248e-08
1.208778521e-08
1.240439381e-08
1.524893161e-08
7.708719215e-08
8.914421476e-10
2.212226686e-09
2.735432402e-09
8.392695972e-10
-9.334865805e-10
5.394900156e-10
-8.41601802e-10
4.937505671e-10
-1.477143953e-09
-8.007986891e-10
-2.016040079e-09
-2.685916196e-09
-2.1714599e-09
3.833514285e-09
1.873110234e-09
5.221406756e-10
3.799930749e-09
1.856220359e-09
5.174003547e-10
3.797556282e-09
1.855223466e-09
5.168195387e-10
3.787383374e-09
1.84945037e-09
5.153031766e-10
)
;
    }
    procBoundary2to3
    {
        type            processor;
        value           nonuniform List<scalar> 
103
(
0.000699735595
0.0007002504943
0.006536220085
0.00650820608
0.006536900186
0.006506622234
0.02513353924
0.02450988703
0.02396525994
0.02352186766
0.02314982941
0.02283624965
0.02256942712
0.02234166298
0.02214684587
0.02198028175
0.02183820091
0.02171770193
0.02161645841
0.02153259043
0.02146466892
0.0214115699
0.02137242863
0.02134664114
0.02133379629
-4.485324647e-05
1.09661842e-06
-4.401393075e-05
8.113449099e-07
1.922063566e-07
-6.044207259e-07
1.932700726e-07
-6.039110121e-07
-3.111229058e-05
-0.0001053041028
-3.078394118e-05
-0.0001053054554
-2.081670063e-05
-2.070723899e-05
-4.485913555e-05
1.09660334e-06
-4.403156458e-05
8.112184841e-07
-3.111539615e-05
-0.0001053087537
-3.079326709e-05
-0.0001053090191
-2.083104269e-05
-2.07278758e-05
1.513055791e-05
1.527268137e-05
9.855123022e-05
9.851639998e-05
0.0002472550649
0.0004603810903
0.000460292141
0.0002470861782
1.521129737e-05
1.52834573e-05
9.855223451e-05
9.852217884e-05
0.0002472626
0.0004603970232
0.0004603033714
0.0002470991672
0.0007258328781
0.0007257596104
0.001019874858
0.001020290067
0.001600384419
0.0015995892
0.001634811541
0.001636299546
0.006660303998
0.001600512534
0.001599672634
0.001634757738
0.001636209797
0.006660314499
0.001292605734
0.001464733195
0.001464308338
0.001291923816
0.0007259213693
0.0007258531178
0.001019780468
0.001020150356
0.001292607287
0.001464673641
0.001464216427
0.001291927042
-5.205521433e-06
-2.499363721e-06
-6.866462837e-07
-5.205405404e-06
-2.499312848e-06
-6.866379532e-07
-5.192593843e-06
-2.492038036e-06
-6.836100582e-07
-5.19249732e-06
-2.491995344e-06
-6.83599551e-07
)
;
    }
}


// ************************************************************************* //
