/*--------------------------------*- C++ -*----------------------------------*\
| =========                 |                                                 |
| \\      /  F ield         | OpenFOAM: The Open Source CFD Toolbox           |
|  \\    /   O peration     | Version:                                        |
|   \\  /    A nd           | Website:  www.openfoam.com                      |
|    \\/     M anipulation  |                                                 |
\*---------------------------------------------------------------------------*/
FoamFile
{
    version     2.0;
    format      ascii;
    class       volVectorField;
    location    "4.6";
    object      U;
}
// * * * * * * * * * * * * * * * * * * * * * * * * * * * * * * * * * * * * * //

dimensions      [0 1 -1 0 0 0 0];


internalField   nonuniform List<vector> 
2403
(
(-0.1209625418 0.02921340549 0.05959634293)
(-0.3226055657 0.02161603627 0.06563237772)
(-0.4431713368 0.004493298892 0.04087869956)
(-0.4072951008 -0.02501125847 5.432049278e-07)
(-0.3481278699 -0.05003084885 -2.787568369e-21)
(-0.2472757995 -0.06838611733 1.232305732e-21)
(-0.1220408668 -0.07979386712 3.813505033e-22)
(0.01705722767 -0.08315263906 -4.269130627e-22)
(0.1568841293 -0.08047612575 5.957863655e-23)
(0.2889773799 -0.0738128268 5.092687824e-23)
(0.4082078802 -0.06531982179 -9.665637128e-23)
(0.512289816 -0.05649247432 0)
(0.6011853671 -0.04814477982 -1.710775323e-22)
(0.6761209685 -0.04063597875 1.381794178e-22)
(0.7388138551 -0.03406123077 -5.740077969e-23)
(0.7910223609 -0.02836780015 6.991892339e-23)
(0.8343245526 -0.02343134868 -1.256525357e-23)
(0.8700188745 -0.01910635675 1.894908562e-23)
(0.8991251187 -0.0152761189 -1.757916415e-23)
(0.9224351543 -0.01187188103 7.067078484e-24)
(0.9406109107 -0.008884580191 0)
(0.9542959823 -0.006351462587 0)
(0.9641949078 -0.004323117417 -4.163807896e-24)
(0.9710897287 -0.002823949141 3.959508424e-24)
(0.9757889717 -0.001824727165 -2.033602485e-24)
(0.9790377152 -0.001240337712 -1.536088064e-24)
(0.9814342485 -0.000951412294 2.364773761e-24)
(0.9833886574 -0.0008364389097 -1.149537229e-24)
(0.985132001 -0.0007981382194 0)
(0.9867606436 -0.0007749808287 8.477096998e-25)
(0.988291222 -0.0007384988232 -1.301709162e-25)
(0.989707036 -0.0006829117783 -2.226963905e-25)
(0.9909876606 -0.0006138754488 1.403322748e-26)
(0.9921226033 -0.0005402074722 2.532593033e-25)
(0.9931139782 -0.0004693623236 0)
(0.9939734828 -0.0004058410802 4.440707582e-29)
(0.9947174737 -0.0003511774389 -2.40057234e-24)
(0.9953629968 -0.000305108485 2.402388793e-24)
(0.9959255029 -0.000266256648 0)
(0.9964176033 -0.0002331154464 -1.633062214e-24)
(0.9968490844 -0.0002044617708 1.63337061e-24)
(0.9972277952 -0.0001794518642 -1.93216019e-24)
(0.9975603008 -0.0001575360976 2.379518472e-24)
(0.9978522978 -0.0001383277156 -1.57838537e-24)
(0.9981088077 -0.0001215087237 1.845914708e-24)
(0.9983342523 -0.0001067897869 -8.646205533e-25)
(0.9985325017 -9.390278429e-05 -1.024910745e-24)
(0.9987069267 -8.260983708e-05 3.595305167e-25)
(0.9988604587 -7.270538445e-05 -2.605877463e-25)
(0.9989956527 -6.401307875e-05 4.902301831e-25)
(0.9991147391 -5.637667404e-05 -1.634699984e-26)
(0.9992196703 -4.966682976e-05 1.78211019e-25)
(0.9993121605 -4.37694925e-05 -1.782664626e-25)
(0.9993937114 -3.858397378e-05 1.794673803e-29)
(0.9994656399 -3.402470395e-05 -1.282388015e-25)
(0.9995291042 -3.001547059e-05 -1.388689946e-29)
(0.9995851223 -2.648947143e-05 9.906137469e-26)
(0.9996345902 -2.33886644e-05 7.744749301e-26)
(0.9996782968 -2.066251296e-05 -1.643728233e-25)
(0.9997169375 -1.826681055e-05 -6.643715902e-26)
(0.9997511253 -1.616269595e-05 -5.783649083e-26)
(0.9997814016 -1.431598467e-05 -6.175675799e-30)
(0.9998082448 -1.269671232e-05 2.021713e-26)
(0.9998320787 -1.127872424e-05 -7.441216257e-26)
(0.9998532786 -1.003926593e-05 1.721960654e-26)
(0.9998721804 -8.958565419e-06 -3.221070524e-30)
(0.999889073 -8.019578705e-06 0)
(0.9999042559 -7.207088967e-06 -3.758516092e-27)
(0.999917833 -6.510172928e-06 3.759265696e-27)
(0.999930525 -5.907774334e-06 0)
(0.9999404057 -5.443123609e-06 4.790118966e-27)
(0.9999552191 -4.819912315e-06 2.409997326e-27)
(-0.06509227436 0.1859909322 0.06391054017)
(-0.1311898959 0.1595675985 0.0706581018)
(-0.1092302142 0.05390520709 0.04550400106)
(0.01360596199 -0.05416180697 -4.415054462e-06)
(0.05766345494 -0.1211432237 -1.575684058e-21)
(0.1433182105 -0.1726772901 5.99913376e-22)
(0.2383611593 -0.2019307335 8.798419643e-23)
(0.3372977863 -0.2103871403 -4.28738247e-23)
(0.4336836063 -0.2028113874 -2.032232505e-23)
(0.5228413915 -0.1852148282 -1.092473902e-23)
(0.6018423693 -0.1630257858 0)
(0.6697222417 -0.1400440167 9.31127933e-23)
(0.7269226949 -0.1184456372 3.488819506e-23)
(0.774572833 -0.09923137301 -2.302959766e-22)
(0.8140263171 -0.08267452436 1.121462003e-22)
(0.846622907 -0.06863443097 -2.205112065e-23)
(0.8735731252 -0.05675923999 0)
(0.8959047238 -0.04662694221 -9.68866357e-24)
(0.9144464343 -0.03784521085 6.789410371e-23)
(0.9298413026 -0.03012810656 -4.762365298e-23)
(0.9425664992 -0.02333876193 -3.118236889e-23)
(0.9529808768 -0.01748050017 9.391148993e-24)
(0.9613795061 -0.01263628795 -5.209312806e-24)
(0.9680409132 -0.008879143443 1.990833613e-24)
(0.9732524099 -0.006195188697 0)
(0.9773087369 -0.004453820338 -2.487815449e-24)
(0.9804920604 -0.003435326092 3.972692791e-24)
(0.9830473986 -0.002890208602 -1.023085202e-24)
(0.9851647359 -0.002599059717 -8.916595531e-25)
(0.9869751948 -0.002406981825 -8.047304168e-25)
(0.9885589068 -0.002228365548 -6.801948329e-25)
(0.9899595048 -0.0020316254 3.070710135e-25)
(0.9911994517 -0.001817358567 -7.900367431e-25)
(0.9922921897 -0.001599445608 0)
(0.993249514 -0.001392748447 9.680312571e-25)
(0.9940844847 -0.001207273847 -4.306653371e-25)
(0.9948111779 -0.001046792609 -3.372077144e-25)
(0.9954440226 -0.0009105092702 0)
(0.9959964688 -0.0007949042588 0)
(0.9964798735 -0.0006959821497 0)
(0.9969035917 -0.0006103809594 0)
(0.9972753834 -0.0005356949573 1.322636347e-24)
(0.9976018099 -0.0004702919829 0)
(0.9978885306 -0.0004129910691 -1.02562956e-24)
(0.9981404821 -0.0003628202903 0)
(0.9983619847 -0.0003189066212 0)
(0.9985568119 -0.0002804537726 2.396904214e-26)
(0.9987282531 -0.0002467542588 9.358701624e-25)
(0.9988791767 -0.000217193373 -2.918069485e-25)
(0.9990120925 -0.000191242229 0)
(0.9991291863 -0.0001684527647 -2.140129759e-25)
(0.9992323686 -0.0001484280746 -8.788046591e-26)
(0.9993233247 -0.000130826808 8.788444076e-26)
(0.9994035278 -0.0001153460735 1.42498581e-25)
(0.9994742708 -0.0001017317228 3.203574518e-27)
(0.9995366934 -8.975719983e-05 5.262856791e-26)
(0.9995917958 -7.92253929e-05 -1.05721152e-25)
(0.9996404579 -6.996341341e-05 4.088053574e-26)
(0.9996834545 -6.181949229e-05 -7.432055712e-26)
(0.9997214688 -5.466113496e-05 1.663559194e-27)
(0.9997551038 -4.83724801e-05 5.793668914e-26)
(0.9997848914 -4.285192112e-05 4.895961423e-26)
(0.9998113022 -3.801045551e-05 0)
(0.999834753 -3.37703517e-05 2.854854433e-26)
(0.9998556127 -3.0063878e-05 8.473890771e-27)
(0.999874212 -2.683199801e-05 0)
(0.9998908346 -2.402364445e-05 2.325929535e-26)
(0.9999057752 -2.159313772e-05 -4.229034114e-27)
(0.9999191358 -1.95077008e-05 1.848888736e-27)
(0.9999316257 -1.770429341e-05 -8.717927279e-27)
(0.9999413485 -1.631238243e-05 -5.017993324e-27)
(0.999955927 -1.444609294e-05 -2.183266262e-27)
(0.09307259167 0.1341922914 0.06483712784)
(0.2106080819 0.1430248445 0.07175999387)
(0.4799215535 0.01421707496 -3.047147298e-07)
(0.5273754747 -0.08779286984 2.502867655e-06)
(0.5772082396 -0.1763614702 6.097679748e-21)
(0.6282472338 -0.2398170836 -1.525388745e-21)
(0.6734179289 -0.2731757821 -4.813129517e-22)
(0.7137611203 -0.2799332183 -3.220012951e-22)
(0.7502242033 -0.2669225907 2.017645874e-23)
(0.7829747823 -0.2420563237 1.970770185e-23)
(0.8118567531 -0.2120329449 -1.830733952e-23)
(0.8369284795 -0.1814453803 2.298307341e-23)
(0.8584798198 -0.1529374959 0)
(0.8768863758 -0.1277243029 0)
(0.8925306981 -0.1061195702 1.010596994e-22)
(0.90578791 -0.08793510215 3.269843841e-23)
(0.9170302019 -0.07274013618 -7.58030615e-23)
(0.9266322072 -0.06001720997 -7.271116025e-24)
(0.9349681022 -0.04925958319 0)
(0.9423895482 -0.04004355011 6.526508227e-24)
(0.9491843596 -0.03207728853 4.567614096e-23)
(0.9555343965 -0.02521571634 -4.004069101e-23)
(0.9614965043 -0.01942957715 -4.187156048e-24)
(0.9670210354 -0.0147366055 1.434277052e-25)
(0.9720031203 -0.01112519437 2.268354122e-23)
(0.9763445463 -0.008506678373 -2.539644997e-23)
(0.9800015628 -0.00671225279 0)
(0.9830020724 -0.005527893212 6.139541245e-26)
(0.985431479 -0.00474224829 1.7351402e-24)
(0.9874033172 -0.004183523936 0)
(0.9890293513 -0.00373549934 6.81276262e-25)
(0.9904003362 -0.003334602984 0)
(0.9915800612 -0.002956322006 3.981187144e-25)
(0.9926088039 -0.00259872086 0)
(0.99351122 -0.002268961692 2.374828933e-24)
(0.9943033628 -0.001974013361 -2.958822331e-24)
(0.9949975741 -0.001716941151 -1.468505594e-24)
(0.9956051797 -0.001496157115 2.858401023e-25)
(0.9961369852 -0.001307112962 1.136666962e-24)
(0.9966026693 -0.0011445137 -4.158209939e-25)
(0.997010837 -0.001003628077 2.329059384e-26)
(0.9973689628 -0.0008808060211 -8.087427658e-27)
(0.9976834641 -0.0007733754816 -2.666525801e-25)
(0.9979598442 -0.0006793108714 -1.696229177e-25)
(0.9982028483 -0.0005969457413 5.853713146e-26)
(0.9984165966 -0.000524819798 3.311085613e-25)
(0.9986046829 -0.0004616315356 -2.864033943e-25)
(0.9987702496 -0.0004062316145 0)
(0.9989160453 -0.0003576202844 0)
(0.9990444686 -0.0003149352635 -2.271268032e-25)
(0.9991576257 -0.0002774393093 -2.242630699e-25)
(0.999257365 -0.0002444835403 -1.521627e-25)
(0.9993453069 -0.0002155070665 1.871784411e-26)
(0.9994228658 -0.0001900315888 -2.980129711e-25)
(0.9994912829 -0.0001676254642 1.970134748e-26)
(0.9995516598 -0.0001479124729 -2.721759751e-26)
(0.9996049613 -0.0001305709897 1.273014098e-26)
(0.9996520378 -0.0001153185929 7.653275379e-26)
(0.9996936375 -0.0001019062632 1.505374968e-25)
(0.9997304191 -9.011569626e-05 6.120252414e-26)
(0.9997629647 -7.975604935e-05 6.114184457e-26)
(0.9997917889 -7.066049058e-05 -5.222299596e-26)
(0.9998173466 -6.26830367e-05 0)
(0.9998400412 -5.569599657e-05 0)
(0.9998602294 -4.958792326e-05 -2.844574834e-26)
(0.9998782308 -4.42615933e-05 -8.618846393e-28)
(0.99989432 -3.96328651e-05 -2.088407276e-26)
(0.9999087817 -3.56264588e-05 -2.234893338e-28)
(0.9999217144 -3.218842671e-05 -1.177728995e-26)
(0.9999338048 -2.921487858e-05 8.71883152e-27)
(0.9999432165 -2.691957039e-05 1.347986712e-29)
(0.9999573291 -2.384191311e-05 -1.349634234e-29)
(0.6214570401 0.03612457951 0.06243966264)
(0.7780544481 0.008427804047 0.03903099522)
(0.9785863778 -0.08647522271 1.433346544e-06)
(1.005733618 -0.1594858806 0)
(1.018033126 -0.2207599408 -1.081568022e-20)
(1.016436831 -0.2645417255 5.22677445e-21)
(1.00396774 -0.2863802547 7.909873142e-22)
(0.9874938593 -0.2868040046 9.745151482e-22)
(0.9715835497 -0.270989399 1.917937239e-22)
(0.9585301062 -0.2453783689 -2.993700807e-22)
(0.9490866762 -0.2156136935 4.84450533e-23)
(0.9431434862 -0.185601555 -1.097369261e-23)
(0.9401965263 -0.1576246335 8.767907009e-24)
(0.9395751253 -0.132741295 0)
(0.9406021527 -0.1112289537 -7.9291349e-23)
(0.9426901951 -0.0929332077 1.019690407e-22)
(0.9453859535 -0.07750356124 -6.470357074e-23)
(0.9483853252 -0.06452849503 7.267319657e-24)
(0.9515326854 -0.05360348164 5.290804975e-24)
(0.9547994172 -0.04436554248 0)
(0.9582343046 -0.03651459749 -4.277487554e-24)
(0.9618938245 -0.02982718329 0)
(0.9657770917 -0.02415690006 -2.708308336e-23)
(0.9697932712 -0.01941612081 4.060658723e-23)
(0.973774881 -0.01554361119 -1.185951071e-23)
(0.9775271863 -0.01247175577 7.937486662e-24)
(0.980886896 -0.01010725035 -9.080664613e-24)
(0.9837627689 -0.008330315383 -5.992485577e-24)
(0.9861446326 -0.007007590749 5.726827757e-24)
(0.9880849292 -0.006010224593 5.339724489e-24)
(0.9896674449 -0.005229467131 -9.543127894e-25)
(0.9909783929 -0.004585472506 -5.728705649e-25)
(0.9920885917 -0.004028278922 -3.985869312e-24)
(0.9930476949 -0.003532620941 0)
(0.9938868975 -0.003089141504 1.776267902e-24)
(0.9946250241 -0.00269571685 -1.394500648e-24)
(0.9952742607 -0.002351208733 7.826751935e-26)
(0.9958445806 -0.002052561601 0)
(0.9963449911 -0.001794706035 -9.156122254e-25)
(0.9967838179 -0.001571824402 8.467833306e-25)
(0.9971687796 -0.001378397462 -9.211275114e-26)
(0.9975067808 -0.001209822734 -1.139430369e-24)
(0.9978038245 -0.001062481045 -3.737492108e-26)
(0.9980650639 -0.0009335134158 4.295054145e-25)
(0.9982949278 -0.0008205630207 1.044159243e-25)
(0.9984972538 -0.000721603536 -4.255059882e-25)
(0.9986753926 -0.0006348589636 6.056685612e-25)
(0.9988322806 -0.0005587725497 3.463369622e-25)
(0.9989704935 -0.0004919896769 -3.349093422e-26)
(0.9990922886 -0.0004333375849 4.4068772e-25)
(0.9991996474 -0.0003817956741 1.886849261e-25)
(0.9992943077 -0.0003364856275 1.877738539e-25)
(0.9993777841 -0.0002966411033 0)
(0.9994514192 -0.0002616012579 8.120747359e-27)
(0.999516403 -0.0002307752397 2.56566025e-28)
(0.9995737644 -0.0002036579202 -8.653387618e-26)
(0.9996244094 -0.0001798005993 -1.135213156e-26)
(0.9996691445 -0.0001588112887 -7.612633444e-26)
(0.9997086802 -0.0001403497917 -1.383519786e-25)
(0.9997436413 -0.0001241188647 0)
(0.9997745792 -0.0001098569081 -5.263261398e-26)
(0.9998019817 -9.73343777e-05 -1.539350172e-27)
(0.9998262809 -8.635065634e-05 -3.806508367e-26)
(0.9998478594 -7.673029043e-05 0)
(0.9998670561 -6.831989032e-05 5.688064907e-26)
(0.9998841746 -6.098550447e-05 -3.386078502e-28)
(0.9998994754 -5.461124303e-05 1.917039342e-26)
(0.9999132291 -4.909349622e-05 -1.49470354e-26)
(0.9999255292 -4.435810507e-05 1.200095101e-26)
(0.9999370286 -4.026209609e-05 7.811990377e-27)
(0.9999459805 -3.710011992e-05 4.964989136e-29)
(0.9999594041 -3.286028157e-05 0)
(1.30011517 0.06445150995 0.03167030706)
(1.31418818 -0.0008554653836 8.633064831e-08)
(1.302696736 -0.06431023572 6.488324422e-08)
(1.282039726 -0.1286697761 -1.534454281e-21)
(1.249358679 -0.1845460553 0)
(1.206393551 -0.2245684346 2.009182817e-21)
(1.158461607 -0.2453698552 2.317539664e-21)
(1.111996505 -0.2480642637 -1.590046671e-21)
(1.070788594 -0.2373401358 -7.756781137e-22)
(1.036916262 -0.2182268322 5.549983674e-22)
(1.010851431 -0.1951831651 -2.103663495e-22)
(0.9918875386 -0.1712602094 -1.063653343e-23)
(0.9788609512 -0.1483333922 1.358981236e-23)
(0.9704719874 -0.1273529639 -3.183244306e-23)
(0.9655369397 -0.1086834555 0)
(0.9630722158 -0.09234445294 0)
(0.9623093971 -0.07818874744 6.163062138e-24)
(0.9626784581 -0.06600709682 0)
(0.9637843964 -0.05557948507 -4.120515475e-23)
(0.9653812629 -0.04669366295 6.865800957e-23)
(0.9673380377 -0.03914795157 -2.846405922e-23)
(0.9695933834 -0.03275195352 0)
(0.9721055863 -0.02733240304 2.347432746e-23)
(0.9748119143 -0.02274265471 -2.678743668e-24)
(0.9776113968 -0.01886897846 -1.966788934e-23)
(0.9803751242 -0.01562806005 1.143570787e-24)
(0.9829748284 -0.01295570286 -7.134023208e-24)
(0.985312981 -0.01079190855 4.644647151e-25)
(0.987340193 -0.009069343341 1.140934879e-24)
(0.98905499 -0.007710213905 5.52388913e-24)
(0.9904902096 -0.006632012499 -3.977960728e-24)
(0.9916945864 -0.005758126243 4.512150768e-24)
(0.9927171218 -0.00502744336 3.312190964e-24)
(0.9935980249 -0.004398559161 -3.312107575e-24)
(0.9943661625 -0.003847756804 0)
(0.9950407158 -0.003363274004 4.254395742e-25)
(0.9956342322 -0.002938765768 8.215239769e-25)
(0.9961564687 -0.00256907693 0)
(0.9966157396 -0.002248238232 7.832671994e-25)
(0.9970193622 -0.001969927125 -9.253339092e-25)
(0.997374083 -0.001728002261 1.706713415e-25)
(0.9976859928 -0.001517083713 4.533106486e-25)
(0.9979604487 -0.0013327359 6.490319282e-25)
(0.9982020883 -0.001171355231 5.154673631e-26)
(0.9984149166 -0.001029958633 -5.154663046e-26)
(0.9986024136 -0.0009060055262 0)
(0.9987676252 -0.0007972904211 -3.117852059e-25)
(0.9989132279 -0.0007018873835 -2.436980762e-25)
(0.9990415764 -0.0006181175208 -5.860898653e-26)
(0.9991547402 -0.000544521746 -1.860798792e-25)
(0.9992545376 -0.0004798330791 0)
(0.9993425659 -0.0004229533893 0)
(0.9994202282 -0.0003729263326 0)
(0.9994887624 -0.0003289100067 1.285722552e-25)
(0.9995492527 -0.0002901800445 1.067213914e-25)
(0.9996026575 -0.0002561039425 1.00236679e-25)
(0.9996498282 -0.0002261216551 5.629971751e-27)
(0.9996915065 -0.0001997444554 7.058078007e-26)
(0.999728346 -0.0001765387122 6.70692227e-26)
(0.9997609269 -0.0001561323258 0)
(0.9997897634 -0.0001382000476 0)
(0.9998153089 -0.00012245391 0)
(0.999837964 -0.0001086415863 3.912936757e-26)
(0.9998580845 -9.65427334e-05 -1.064244004e-27)
(0.9998759856 -8.59648817e-05 -2.757211053e-26)
(0.9998919498 -7.673982602e-05 0)
(0.9999062199 -6.872194311e-05 -1.857729232e-26)
(0.9999190478 -6.178102062e-05 2.826214562e-26)
(0.9999305205 -5.582389297e-05 5.338387959e-29)
(0.9999412469 -5.067079163e-05 -7.717348399e-27)
(0.9999495973 -4.669255197e-05 0)
(0.9999621197 -4.135805306e-05 0)
(1.309607452 0.09588137227 -2.300885597e-07)
(1.318100656 0.04704217223 2.003748654e-07)
(1.318913155 -0.004988933846 1.13014254e-07)
(1.311604859 -0.05749515527 -9.039751423e-22)
(1.292109846 -0.1074461144 9.8122734e-22)
(1.26019704 -0.1499048544 0)
(1.219535453 -0.1806279151 -2.771551264e-21)
(1.175208285 -0.1978872892 6.476868706e-22)
(1.131831963 -0.2027431014 2.063526187e-21)
(1.092722327 -0.1978794001 -6.239323353e-22)
(1.059850395 -0.1862509774 -3.660869758e-22)
(1.033619103 -0.1707407489 9.196930499e-23)
(1.013630427 -0.1534560448 -2.326526501e-23)
(0.9990301675 -0.1359598142 3.421646831e-23)
(0.9887742098 -0.1191878838 5.443994742e-24)
(0.9818913706 -0.1036624627 0)
(0.977549705 -0.08960066798 2.666538866e-23)
(0.9750819306 -0.07704859678 -2.3962239e-23)
(0.9739729157 -0.06597064826 0)
(0.9738337096 -0.05629203573 0)
(0.9743766318 -0.04791653874 2.827772713e-24)
(0.9753950463 -0.04073037138 -2.226618794e-23)
(0.9767455576 -0.0346013765 2.360510102e-23)
(0.9783294529 -0.02938337635 1.140469628e-24)
(0.9800731456 -0.02493019875 1.036361901e-24)
(0.9819112255 -0.02111462059 1.452461729e-23)
(0.9837769507 -0.01784198828 -1.649047602e-23)
(0.985602307 -0.01505077339 -3.7490396e-25)
(0.9873252562 -0.01270030645 -5.428962189e-24)
(0.9888988713 -0.01075336364 5.485405367e-24)
(0.9902973083 -0.009163322391 -4.55575864e-24)
(0.9915161448 -0.007871616055 7.330919226e-25)
(0.9925676325 -0.006814531024 3.659562914e-24)
(0.99347336 -0.005933586751 0)
(0.9942571942 -0.005183305546 0)
(0.9949404569 -0.004533293543 0)
(0.9955399007 -0.003965404391 -7.952187545e-26)
(0.9960675686 -0.003468899613 0)
(0.9965326241 -0.003035980792 7.891627022e-25)
(0.9969427186 -0.002659259411 -1.480250865e-24)
(0.9973041453 -0.002331611445 0)
(0.997622551 -0.002046291762 0)
(0.9979030743 -0.001797297797 -1.201260614e-25)
(0.9981503106 -0.001579549772 1.201259343e-25)
(0.9983682943 -0.001388834866 0)
(0.9985605374 -0.001221637722 -8.249263194e-26)
(0.9987301018 -0.001074970624 9.72216953e-27)
(0.9988796716 -0.0009462521123 4.067609106e-26)
(0.9990116117 -0.0008332328109 3.209421761e-26)
(0.9991280097 -0.000733949531 -1.999123964e-25)
(0.9992307081 -0.0006466912593 0)
(0.9993213317 -0.0005699686538 0)
(0.9994013118 -0.0005024859899 1.709472363e-26)
(0.9994719089 -0.0004431143489 -3.215194101e-26)
(0.9995342338 -0.0003908680821 1.505721767e-26)
(0.9995892665 -0.000344888742 0)
(0.9996378708 -0.0003044188888 -1.02483713e-26)
(0.9996808086 -0.0002688014667 1.02483656e-26)
(0.9997187601 -0.0002374609952 -6.663731044e-26)
(0.9997523194 -0.0002098968971 -4.952639592e-28)
(0.9997820031 -0.0001856483777 -3.448151511e-27)
(0.9998082782 -0.0001643366093 -2.609925938e-27)
(0.9998315594 -0.0001456209428 2.60992273e-27)
(0.9998522103 -0.0001292024348 -1.937414653e-27)
(0.9998705534 -0.0001148194458 2.76218917e-27)
(0.9998868751 -0.000102243594 -8.2477579e-28)
(0.9999014322 -9.127537883e-05 0)
(0.9999144456 -8.174194384e-05 4.632825177e-28)
(0.9999261448 -7.34886156e-05 -1.423055107e-26)
(0.9999366087 -6.640473693e-05 1.31324574e-28)
(0.9999463927 -6.027663088e-05 -1.313245056e-28)
(0.9999540096 -5.554544321e-05 1.085207165e-29)
(0.999965433 -4.920104698e-05 -1.086528557e-29)
(1.267687749 0.08044603572 1.05505111e-06)
(1.276922748 0.04101712716 -5.437299299e-21)
(1.278887761 0.0008106038653 3.675560169e-21)
(1.272347682 -0.04047535622 -1.124691078e-22)
(1.256537322 -0.08030821945 2.542077652e-21)
(1.231901117 -0.1147173284 1.550660766e-21)
(1.200552513 -0.140809884 -7.254997814e-22)
(1.16583888 -0.1574443436 -1.224398626e-21)
(1.131121623 -0.1650229778 9.03412489e-23)
(1.098993898 -0.1648359666 6.262210238e-22)
(1.070960453 -0.1587929897 0)
(1.047571536 -0.1488332773 0)
(1.028841566 -0.1365879158 -1.315308422e-22)
(1.014297901 -0.123390784 1.319471298e-22)
(1.003342769 -0.1101125789 5.448952631e-23)
(0.9953676025 -0.09734947494 0)
(0.9897798225 -0.08544272622 0)
(0.986050943 -0.07454219096 -3.960422511e-24)
(0.9837503112 -0.06470644842 1.623785821e-24)
(0.9825354679 -0.05594361054 0)
(0.9821304024 -0.04822591669 -1.878862916e-24)
(0.982310174 -0.04149656489 -1.337309698e-24)
(0.9828952064 -0.03567311718 0)
(0.9837494693 -0.03065226362 -1.140232466e-24)
(0.9847764545 -0.02632081043 -1.036163622e-24)
(0.985910535 -0.02257198923 0)
(0.9871052181 -0.01932008797 1.232035594e-23)
(0.9883221836 -0.01650589845 -1.595606777e-23)
(0.9895248716 -0.0140907677 5.486271021e-24)
(0.9906780142 -0.01204375233 0)
(0.9917514689 -0.01032971003 -3.501808755e-24)
(0.9927249036 -0.008904333739 3.519934322e-24)
(0.9935901813 -0.007717089383 2.691290216e-24)
(0.9943502136 -0.006718508151 -2.958722467e-24)
(0.9950151584 -0.005866929176 6.859919496e-26)
(0.9955979447 -0.005131545609 -3.042616548e-26)
(0.9961108696 -0.004491525136 -6.312852555e-26)
(0.9965637987 -0.003933055872 3.919997654e-25)
(0.9969643275 -0.003445910525 -1.007936701e-24)
(0.9973187733 -0.003021252938 5.236005466e-25)
(0.9976322457 -0.002651062994 0)
(0.9979092195 -0.002328083161 4.691012069e-25)
(0.9981538222 -0.002045862366 -1.05693773e-25)
(0.9983698269 -0.001798854141 4.721932313e-25)
(0.9985606095 -0.001582372588 0)
(0.998729142 -0.001392462124 -2.860446546e-25)
(0.9988780253 -0.001225752679 0)
(0.999009541 -0.001079340152 -5.668989105e-26)
(0.9991257011 -0.0009507008632 6.666550539e-27)
(0.9992282881 -0.0008376327551 7.616070034e-26)
(0.9993188838 -0.0007382127622 -1.533245112e-25)
(0.9993988904 -0.0006507622829 1.71606302e-26)
(0.9994695491 -0.0005738169745 -2.034996561e-27)
(0.9995319569 -0.0005060989954 -1.5125631e-26)
(0.9995870831 -0.0004464917894 9.257479403e-26)
(0.9996357838 -0.000394019081 1.032255051e-26)
(0.9996788156 -0.0003478258526 -1.032254898e-26)
(0.9997168472 -0.0003071626418 0)
(0.9997504635 -0.0002713708096 0)
(0.9997802034 -0.0002398802797 0)
(0.9998065254 -0.000212192381 0)
(0.9998298237 -0.0001878496106 0)
(0.9998504717 -0.0001664671088 -1.997426102e-27)
(0.999868791 -0.0001477068226 1.997423975e-27)
(0.9998850663 -0.000131270829 0)
(0.9998995504 -0.0001168985313 0)
(0.9999124703 -0.0001043624833 0)
(0.9999240215 -9.346560744e-05 0)
(0.9999344072 -8.403139478e-05 0)
(0.9999436972 -7.593354236e-05 1.162618801e-28)
(0.9999523842 -6.892791017e-05 -1.1626182e-28)
(0.9999591474 -6.351898596e-05 0)
(0.9999692915 -5.626541781e-05 0)
(1.232506191 0.06981414589 -9.351441421e-22)
(1.240080248 0.03696923844 0)
(1.241372593 0.002770311151 -1.513478542e-21)
(1.236065336 -0.03129560987 -1.518840847e-22)
(1.223845987 -0.06333315496 -1.584677124e-21)
(1.205042838 -0.0911927546 0)
(1.181096208 -0.1130144142 -2.691113051e-22)
(1.154254042 -0.1278737177 2.576817819e-22)
(1.126844622 -0.1358765705 1.602422888e-22)
(1.100743076 -0.1378595729 1.852540046e-22)
(1.077157436 -0.1351009671 -5.314119091e-22)
(1.056742119 -0.1288785766 0)
(1.039676614 -0.1204045842 4.239488606e-22)
(1.025808431 -0.110668468 -2.09259556e-23)
(1.014840286 -0.100415858 -5.428228975e-23)
(1.00639332 -0.09014931809 -3.887275814e-23)
(1.000094518 -0.0802699398 7.104268787e-24)
(0.9955397906 -0.07099508894 1.250478737e-24)
(0.9923685883 -0.06243901434 -1.623423499e-24)
(0.9902872339 -0.05466178554 4.142631126e-25)
(0.9890543951 -0.04768294738 -9.480002153e-25)
(0.9884642425 -0.04148838871 0)
(0.9883422333 -0.03603606687 -1.169224658e-23)
(0.9885480334 -0.03126228909 1.169296157e-23)
(0.9889770445 -0.02709068123 0)
(0.98955684 -0.02344394624 0)
(0.9902388387 -0.02025489533 2.476672271e-25)
(0.9909879139 -0.0174720761 3.755756756e-24)
(0.9917736599 -0.01505794903 -4.058666309e-24)
(0.9925661932 -0.01298176455 9.494732571e-26)
(0.9933369045 -0.01121190032 3.078204492e-24)
(0.9940620553 -0.009711856291 -3.066389699e-24)
(0.9947261448 -0.008441202489 2.458345719e-24)
(0.9953229069 -0.007359769052 -4.376281181e-24)
(0.9958536567 -0.006432100059 1.921239603e-25)
(0.9963241757 -0.005629942173 1.910493394e-24)
(0.9967416774 -0.00493225103 1.098694131e-26)
(0.9971127904 -0.004323676503 1.563299477e-25)
(0.997442796 -0.003792415221 0)
(0.9977362849 -0.003328529001 -7.517786594e-25)
(0.9979970526 -0.002923235501 2.585466045e-25)
(0.9982283783 -0.002568909576 -4.690938136e-25)
(0.9984333358 -0.002258826854 -8.960398794e-26)
(0.9986148124 -0.001987150441 -1.976556177e-25)
(0.9987754639 -0.001748867092 -7.92351654e-26)
(0.998917675 -0.001539686053 2.860417799e-25)
(0.9990435537 -0.001355927608 0)
(0.9991549541 -0.001194420121 1.857285738e-25)
(0.9992535126 -0.001052414204 2.067258027e-25)
(0.9993406818 -0.0009275151776 -1.377992404e-26)
(0.9994177569 -0.00081763099 1.53323587e-25)
(0.9994858946 -0.000720931422 -2.930050073e-26)
(0.9995461257 -0.0006358148734 1.638319193e-26)
(0.9995993664 -0.0005608798274 1.291732379e-26)
(0.9996464291 -0.0004948996591 -1.699361534e-25)
(0.9996880332 -0.0004368005867 8.820811216e-27)
(0.9997248157 -0.0003856416549 -8.820812466e-27)
(0.9997573417 -0.0003405980634 0)
(0.9997861111 -0.0003009459379 -4.612506662e-26)
(0.9998115578 -0.0002660441308 -4.550185761e-26)
(0.9998340857 -0.0002353541088 9.746589031e-27)
(0.9998540483 -0.0002083704293 -2.569472022e-27)
(0.9998717407 -0.0001846642836 -1.97445651e-27)
(0.9998874398 -0.000163862686 1.466235435e-27)
(0.9999013908 -0.0001456367586 -2.178499481e-28)
(0.9999138089 -0.0001296979104 -1.981545171e-28)
(0.999924888 -0.0001157942616 1.281889616e-26)
(0.9999347948 -0.0001037077191 0)
(0.9999437034 -9.324288126e-05 0)
(0.999951673 -8.425989805e-05 0)
(0.9999591261 -7.648809808e-05 -6.363956693e-29)
(0.9999649291 -7.048735563e-05 6.363953428e-29)
(0.9999736339 -6.243968822e-05 0)
(1.203272994 0.05991750551 -6.534418313e-22)
(1.209718492 0.03279201151 0)
(1.210910882 0.004732815345 2.519792398e-21)
(1.206775815 -0.0229855762 -2.526968502e-21)
(1.197256187 -0.04905036468 1.116230711e-21)
(1.182708005 -0.07196499714 1.568760126e-21)
(1.164168799 -0.09043227633 -7.273127959e-22)
(1.143147666 -0.1037333168 4.663542945e-22)
(1.121268515 -0.1118529594 -1.377752383e-22)
(1.099932177 -0.1152812069 1.841908293e-22)
(1.080137302 -0.114806903 0)
(1.062493492 -0.1113111344 3.032671701e-22)
(1.047256283 -0.1056748031 -5.435123683e-22)
(1.034455358 -0.09863769461 -1.630335359e-22)
(1.023914475 -0.09084943563 -2.787430057e-22)
(1.015435675 -0.08270656088 2.188821165e-22)
(1.008803801 -0.07459665924 2.999662966e-24)
(1.003741423 -0.06678780609 0)
(0.9999621307 -0.05943235819 0)
(0.9972207873 -0.05262006462 3.482145443e-24)
(0.9953135949 -0.04639725286 -3.896847723e-24)
(0.994064511 -0.04077844508 6.524994164e-24)
(0.9933199055 -0.03575160451 -6.525574159e-24)
(0.9929512249 -0.0312836483 -7.111678457e-24)
(0.9928575253 -0.02732800542 7.277500572e-24)
(0.9929640474 -0.02383336647 0)
(0.9932170319 -0.02075146219 -2.476348482e-25)
(0.9935765807 -0.01804148303 5.880527365e-24)
(0.9940099513 -0.01567010173 -8.589506388e-24)
(0.9944874244 -0.01360819068 2.61395604e-24)
(0.994981554 -0.01182678708 -3.075520721e-26)
(0.9954688474 -0.01029474142 -2.80812915e-26)
(0.9959319202 -0.008979029434 0)
(0.9963604674 -0.007847016898 -3.101518865e-26)
(0.996750513 -0.006869097042 -1.500180085e-24)
(0.9971024795 -0.006020371467 1.472485901e-24)
(0.9974190212 -0.005280922373 -1.098642188e-26)
(0.9977034376 -0.00463511159 -1.562751828e-25)
(0.9979585264 -0.004070512979 0)
(0.9981870576 -0.003576631289 4.932229899e-25)
(0.9983914786 -0.003144158052 1.835424527e-25)
(0.9985738897 -0.002765258595 -1.835433115e-25)
(0.9987363046 -0.002433090498 -1.22367251e-25)
(0.9988806878 -0.002141687796 -4.448092989e-25)
(0.9990089226 -0.0018858608 6.391682585e-26)
(0.999122759 -0.001661105886 -1.357234607e-25)
(0.9992237806 -0.001463522162 -2.145699542e-25)
(0.9993133978 -0.001289733005 -1.857269932e-25)
(0.9993928613 -0.001136812167 -1.986822575e-25)
(0.9994632835 -0.001002216076 1.795092904e-25)
(0.9995256604 -0.0008837251132 2.698996332e-26)
(0.9995808869 -0.0007793956624 -2.69899902e-26)
(0.9996297675 -0.0006875224143 0)
(0.9996730227 -0.0006066084699 0)
(0.9997112959 -0.0005353403877 1.642343937e-26)
(0.9997451594 -0.0004725662564 7.180699841e-27)
(0.9997751217 -0.0004172758522 -5.439043913e-26)
(0.9998016345 -0.000368582855 0)
(0.9998250986 -0.0003257099381 4.612490666e-26)
(0.9998458669 -0.0002879740089 4.029906993e-26)
(0.9998642619 -0.0002547669757 0)
(0.9998805681 -0.0002255741448 0)
(0.9998950266 -0.0001999257663 -1.389904634e-27)
(0.9999078591 -0.0001774161728 1.389903144e-27)
(0.9999192661 -0.0001576914688 0)
(0.9999294232 -0.0001404404929 0)
(0.9999384873 -0.0001253909541 -2.479560244e-26)
(0.9999465941 -0.0001123072104 0)
(0.9999538855 -0.0001009781902 7.089809419e-27)
(0.9999604094 -9.125281797e-05 0)
(0.9999665116 -8.283823953e-05 -5.176896849e-29)
(0.999971263 -7.63408885e-05 -2.049200349e-27)
(0.9999783916 -6.762666144e-05 1.337560397e-29)
(1.17928434 0.05162731963 2.332941556e-22)
(1.184810655 0.02939955472 0)
(1.185962304 0.006333779535 1.05917835e-21)
(1.182800553 -0.0165543702 -1.061778122e-21)
(1.175370414 -0.03810093181 -1.07726493e-21)
(1.164018159 -0.05720988983 -2.034834325e-21)
(1.149498372 -0.07295717401 -8.21253061e-22)
(1.132871941 -0.0847974517 7.688544304e-22)
(1.115288659 -0.09264765446 -3.57583603e-22)
(1.097790867 -0.09678541445 1.417249908e-22)
(1.081179656 -0.09771419501 2.013559811e-22)
(1.06598953 -0.09604639219 -2.45935796e-22)
(1.052512359 -0.09241841805 1.221130059e-22)
(1.040858727 -0.08741219248 -6.701372995e-23)
(1.030967927 -0.08155861164 2.785232342e-22)
(1.022740935 -0.07520769834 -4.361146754e-22)
(1.016040918 -0.06864745594 0)
(1.010704085 -0.06215524296 0)
(1.006526426 -0.05590295675 0)
(1.003317486 -0.0500052412 0)
(1.000904795 -0.04452471811 1.145699307e-25)
(0.9991369021 -0.03949318046 -1.568022191e-24)
(0.9978821626 -0.03492063219 -1.062411975e-24)
(0.9970289012 -0.03079820888 5.843898442e-24)
(0.9964859136 -0.02710275582 -3.381044555e-24)
(0.9961813374 -0.02380343167 3.772721877e-24)
(0.9960596669 -0.02086782273 1.713815517e-26)
(0.9960775431 -0.01826564077 -3.753564386e-24)
(0.9961994547 -0.01596959829 -1.73858042e-24)
(0.9963946712 -0.01395425337 1.738623892e-24)
(0.9966361214 -0.01219422575 -1.484855634e-24)
(0.9969008592 -0.01066310322 2.938504556e-24)
(0.9971710337 -0.009333662153 -1.394810682e-24)
(0.997434343 -0.008179148902 0)
(0.9976835484 -0.007174836556 0)
(0.9979152672 -0.006299115111 0)
(0.9981285464 -0.005533804776 0)
(0.9983237041 -0.00486383605 -7.608709453e-25)
(0.9985013801 -0.004276900039 7.616805416e-25)
(0.9986624545 -0.003762405427 2.614291228e-25)
(0.9988081233 -0.003310905413 3.695884715e-25)
(0.9989393677 -0.002914481854 -1.355927454e-25)
(0.9990571843 -0.002566293724 2.666726285e-25)
(0.9991626313 -0.0022603683 2.365798552e-25)
(0.9992568008 -0.001991473163 0)
(0.999340773 -0.001755019106 1.482948823e-25)
(0.9994155767 -0.001546988096 2.352202197e-25)
(0.9994821625 -0.001363875009 -6.264378571e-26)
(0.9995413916 -0.001202631623 2.941852578e-26)
(0.9995940371 -0.001060607997 0)
(0.9996407939 -0.0009354941858 7.164009536e-26)
(0.999682289 -0.0008252681429 1.797262292e-26)
(0.9997190905 -0.0007281535513 -7.393083107e-26)
(0.999751713 -0.0006425874025 0)
(0.9997806208 -0.0005671945292 6.09376576e-26)
(0.9998062309 -0.0005007661185 3.838956093e-26)
(0.9998289168 -0.000442240374 4.720953549e-26)
(0.9998490114 -0.0003906847689 -4.19003884e-27)
(0.9998668119 -0.0003452800709 5.190359742e-28)
(0.9998825821 -0.0003053061402 6.880643933e-27)
(0.9998965573 -0.0002701266424 -3.209638477e-27)
(0.9999089521 -0.0002391936424 0)
(0.999919953 -0.0002120121227 0)
(0.999929721 -0.0001881546825 0)
(0.9999384068 -0.0001672461054 -7.68283773e-28)
(0.9999461442 -0.000148957797 1.414418011e-27)
(0.9999530518 -0.0001330019192 1.028034596e-26)
(0.9999592318 -0.0001191290484 0)
(0.9999647918 -0.000107115826 -7.089794314e-27)
(0.9999697678 -9.680243699e-05 -3.943458714e-27)
(0.9999744232 -8.787854321e-05 1.220459757e-28)
(0.9999780487 -8.098757663e-05 3.57580392e-27)
(0.9999834892 -7.174477929e-05 0)
(1.1594888 0.04478142489 2.794377955e-24)
(1.164212093 0.02644965542 0)
(1.165354027 0.007324980058 8.98763743e-22)
(1.162961989 -0.0117022247 -1.735381324e-21)
(1.157177072 -0.0296495359 9.738065975e-23)
(1.148292341 -0.04568515531 7.665852736e-23)
(1.136837679 -0.05913340523 4.638758963e-23)
(1.123573519 -0.06958951121 4.141377682e-23)
(1.109336553 -0.07694488093 6.033957721e-22)
(1.094908854 -0.08135825459 -2.800750819e-22)
(1.080930351 -0.08315574394 -2.504057798e-22)
(1.067862266 -0.08275448401 8.087811504e-23)
(1.055996043 -0.08060576802 1.611818204e-22)
(1.04548249 -0.07714874345 -5.499852921e-23)
(1.03634813 -0.07279717911 1.110251144e-22)
(1.028541033 -0.06788797134 9.044614552e-23)
(1.021994385 -0.06265236499 0)
(1.016576603 -0.05732801072 1.717363404e-22)
(1.012160272 -0.05206653747 2.304097158e-23)
(1.008628716 -0.04700020354 -1.118831371e-23)
(1.005848292 -0.04221518784 -1.145456155e-25)
(1.003687157 -0.03775583352 4.741230631e-26)
(1.002030142 -0.03364441935 -1.484735028e-24)
(1.000781178 -0.02988813194 1.4676951e-24)
(0.9998607302 -0.02648088729 -2.75553515e-26)
(0.9992030051 -0.02340745322 9.134101682e-25)
(0.9987540437 -0.02064810545 -9.505123906e-25)
(0.9984697998 -0.01818188352 1.465881615e-24)
(0.9983137657 -0.01598795645 -6.850580552e-25)
(0.9982548592 -0.01404561292 -7.820214723e-25)
(0.9982663182 -0.01233371604 6.401947995e-27)
(0.9983255906 -0.01083037139 -7.5850416e-25)
(0.9984146226 -0.009513204536 7.517655304e-25)
(0.9985199279 -0.008360187577 -6.648798012e-25)
(0.9986321664 -0.007350631061 6.648887332e-25)
(0.9987453243 -0.006465929031 0)
(0.9988557582 -0.005689854645 -5.650547154e-27)
(0.9989613723 -0.005008468594 4.685173106e-25)
(0.9990609013 -0.004409996426 -4.688554982e-25)
(0.9991536465 -0.003884155925 -2.554682069e-26)
(0.9992394769 -0.003421753989 -4.569835379e-25)
(0.9993183556 -0.003014913569 -1.151944892e-25)
(0.999390369 -0.002656890843 1.038026142e-25)
(0.9994557389 -0.00234179104 0)
(0.9995147952 -0.002064438645 1.38379924e-25)
(0.999567947 -0.001820270054 -6.028234326e-27)
(0.9996156524 -0.001605257201 1.790647044e-26)
(0.9996583871 -0.001415855421 -1.925032651e-26)
(0.9996966164 -0.001248960082 1.925038699e-26)
(0.9997307757 -0.001101860835 -1.513167134e-26)
(0.999761263 -0.0009721918355 -4.311048372e-26)
(0.9997884398 -0.0008578826076 -2.524890203e-26)
(0.9998126363 -0.0007571148671 7.82837724e-26)
(0.9998341559 -0.0006682876481 -3.938879183e-26)
(0.9998532782 -0.0005899899583 -1.738033272e-26)
(0.9998702595 -0.0005209786319 -6.907133669e-26)
(0.9998853331 -0.0004601592552 0)
(0.9998987097 -0.0004065690181 0)
(0.9999105788 -0.0003593610249 0)
(0.9999211101 -0.0003177906036 -2.126449659e-27)
(0.9999304536 -0.0002812018579 2.724517409e-28)
(0.999938752 -0.0002490184738 -9.929361716e-27)
(0.9999461258 -0.0002207379062 3.001235032e-27)
(0.9999526771 -0.0001959125235 6.194993147e-27)
(0.9999585077 -0.0001741528311 -6.990079598e-27)
(0.9999637058 -0.0001551178143 5.989000436e-27)
(0.9999683497 -0.0001385088787 -4.568419015e-27)
(0.999972507 -0.0001240669955 0)
(0.9999762492 -0.0001115600553 -2.955836503e-27)
(0.9999795998 -0.0001008220657 3.821403604e-27)
(0.9999827359 -9.153017405e-05 -1.548890249e-27)
(0.9999851786 -8.435467305e-05 -1.488194801e-27)
(0.9999888459 -7.472950978e-05 0)
(1.143025379 0.03895613138 1.777494707e-22)
(1.147096766 0.02376477073 0)
(1.148245635 0.007875320567 -1.898276864e-21)
(1.146497356 -0.007953250956 3.093603253e-21)
(1.142015396 -0.02297944351 7.090059604e-22)
(1.135016692 -0.0365070353 7.80178015e-22)
(1.125898361 -0.04803543335 -6.405090217e-22)
(1.115218676 -0.05724402642 0)
(1.10360206 -0.0640239296 0)
(1.091641525 -0.06845683646 -5.832442226e-23)
(1.079844876 -0.07075224662 5.300076243e-23)
(1.068602285 -0.07119481934 0)
(1.058183056 -0.07010728524 0)
(1.048750573 -0.06781906563 1.238095751e-22)
(1.040379329 -0.06464544366 -7.438002457e-23)
(1.03306929 -0.06087180349 -2.032425273e-23)
(1.026783182 -0.0567214767 -1.428636735e-22)
(1.02143314 -0.05239605569 -6.228577218e-23)
(1.016937595 -0.0480303785 1.990938428e-22)
(1.013212002 -0.04372841273 -4.501057188e-23)
(1.010173942 -0.03958785362 -9.510002814e-24)
(1.007723123 -0.03567245022 1.201814626e-23)
(1.005758699 -0.03201446214 2.414795472e-25)
(1.004196292 -0.02863097731 -9.255147897e-26)
(1.002966681 -0.02552670666 -3.63681533e-28)
(1.002011432 -0.0226979368 5.307238418e-26)
(1.001280622 -0.02013531813 4.008527548e-26)
(1.000731983 -0.01782605655 3.03948038e-26)
(1.000329809 -0.01575543358 -2.133567308e-26)
(1.000043634 -0.01390756869 2.344200362e-26)
(0.999847334 -0.01226565041 -2.984426307e-26)
(0.9997188244 -0.01081204121 1.233386327e-25)
(0.9996400325 -0.009528594111 -2.734220167e-25)
(0.9995967723 -0.008397252224 -2.041783586e-26)
(0.9995783549 -0.007400751343 1.740054666e-25)
(0.9995769865 -0.006523182086 0)
(0.9995870937 -0.005750276402 5.650296772e-27)
(0.9996047218 -0.005069430957 0)
(0.9996270259 -0.004469712249 4.474134276e-26)
(0.9996519057 -0.003941519237 -2.194089668e-25)
(0.9996780298 -0.00347611277 1.656066953e-25)
(0.9997043961 -0.003065816006 1.15192708e-25)
(0.9997302694 -0.002704081296 -1.038011551e-25)
(0.9997551222 -0.002385164385 0)
(0.9997785937 -0.002104015496 -5.923128316e-26)
(0.9998004659 -0.001856175979 -6.912495604e-27)
(0.9998206415 -0.00163769637 -8.284568809e-26)
(0.9998391184 -0.001445078685 0)
(0.9998559576 -0.001275233969 0)
(0.9998712524 -0.001125444832 1.934029507e-26)
(0.9998851063 -0.0009933273079 -7.724477291e-28)
(0.999897621 -0.0008767913843 -6.253434495e-27)
(0.9999088942 -0.0007740025231 -4.928537219e-27)
(0.9999190214 -0.0006833469166 3.82072159e-26)
(0.9999280969 -0.0006034020948 2.50312422e-26)
(0.9999362144 -0.0005329129077 1.866628918e-26)
(0.9999434643 -0.0004707718353 0)
(0.9999499328 -0.0004160022862 0)
(0.9999556994 -0.0003677438687 -4.32810295e-27)
(0.9999608378 -0.0003252389584 0)
(0.9999654146 -0.0002878210324 8.793156651e-28)
(0.9999694909 -0.0002549013031 1.005678607e-26)
(0.9999731241 -0.000225970316 -1.044390364e-28)
(0.9999763625 -0.000200570988 -7.680187399e-27)
(0.9999792501 -0.0001783053401 5.917688269e-27)
(0.9999818299 -0.0001588254441 -6.994502948e-27)
(0.9999841391 -0.0001418266486 4.568405877e-27)
(0.9999862097 -0.0001270444959 0)
(0.9999880763 -0.0001142418426 2.955828383e-27)
(0.9999897497 -0.0001032491689 0)
(0.9999913178 -9.373624854e-05 1.560863917e-27)
(0.99999254 -8.638967307e-05 -1.507986597e-29)
(0.9999943771 -7.653425974e-05 -1.040230264e-28)
(1.129263287 0.03400514098 -6.909202847e-23)
(1.132815499 0.02136849364 -8.860249425e-23)
(1.133978594 0.008116489425 -1.460665314e-22)
(1.132752161 -0.005132865734 6.071992777e-22)
(1.129256989 -0.01777860354 -1.372924681e-21)
(1.123708391 -0.02924918157 0)
(1.116405972 -0.0391481522 6.404203212e-22)
(1.107750389 -0.04722683741 2.652799434e-22)
(1.09820992 -0.05338858831 2.660016427e-22)
(1.088243606 -0.05766575493 -1.529476869e-22)
(1.078254081 -0.06019431104 3.952332626e-22)
(1.068568326 -0.06117004166 -1.839395544e-22)
(1.059427639 -0.06082416669 -9.030275692e-24)
(1.050993578 -0.05940286844 -1.516915041e-23)
(1.043359447 -0.05714930001 1.062181148e-22)
(1.036560554 -0.0542906919 -1.506540697e-22)
(1.030590248 -0.05102307773 1.101872652e-22)
(1.025404756 -0.04751888608 2.99607536e-23)
(1.020941865 -0.0439147875 -2.643785708e-22)
(1.017140088 -0.04030205865 0)
(1.013941709 -0.03675253281 -3.297388011e-23)
(1.011281822 -0.03334279802 -2.941413103e-23)
(1.009082398 -0.03011483401 -2.413207004e-25)
(1.007274102 -0.02709610838 6.814209178e-24)
(1.005795604 -0.02429790682 -6.948766633e-24)
(1.004594027 -0.02172307123 -5.306694047e-26)
(1.003624057 -0.01936967726 -3.963801843e-26)
(1.002846861 -0.0172318186 2.45945246e-24)
(1.002229013 -0.01530033843 -2.490018297e-24)
(1.001741522 -0.01356385793 8.106239395e-26)
(1.001359277 -0.01200957119 -6.64014878e-26)
(1.00106085 -0.01062367435 0)
(1.000828381 -0.009391707877 4.722207052e-27)
(1.000647362 -0.008299020588 0)
(1.000506286 -0.007331310953 -2.462601558e-25)
(1.000396183 -0.00647509048 2.576204443e-25)
(1.000310134 -0.005717969172 1.071549653e-26)
(1.00024281 -0.005048752367 1.119551952e-25)
(1.00019011 -0.004457495603 -1.248231524e-25)
(1.000148772 -0.003935469671 -1.023215226e-25)
(1.000116401 -0.003474565939 0)
(1.000091083 -0.003067455401 -7.375572532e-26)
(1.000071329 -0.002707894805 9.740124834e-27)
(1.00005594 -0.002390369622 -1.904669362e-27)
(1.000043944 -0.002110014167 -6.041475481e-26)
(1.00003457 -0.001862527906 -1.623065095e-26)
(1.000027211 -0.001644098935 5.566394436e-26)
(1.000021407 -0.001451341131 -2.974248679e-26)
(1.000016818 -0.001281245818 2.579280624e-26)
(1.00001319 -0.001131145003 -3.472683957e-26)
(1.00001033 -0.000998681059 9.704401982e-28)
(1.000008085 -0.0008817778191 -1.798225446e-26)
(1.000006329 -0.0007786104744 1.485459444e-26)
(1.000004957 -0.00068757475 1.29872972e-26)
(1.000003885 -0.0006072576685 1.136687348e-26)
(1.000003044 -0.0005364121195 4.25752399e-28)
(1.000002384 -0.0004739360681 -7.941025799e-28)
(1.000001865 -0.0004188557646 3.683499965e-28)
(1.000001457 -0.0003703116358 4.328083652e-27)
(1.000001135 -0.0003275457832 0)
(1.000000881 -0.0002898908719 0)
(1.000000682 -0.0002567588278 0)
(1.000000525 -0.0002276328978 -3.905382605e-27)
(1.000000402 -0.0002020612154 -3.38234062e-27)
(1.000000305 -0.0001796417768 6.504576349e-29)
(1.000000229 -0.0001600250019 1.476633406e-27)
(1.00000017 -0.000142905114 -2.814782079e-29)
(1.000000123 -0.0001280163405 -1.696017197e-27)
(1.000000086 -0.000115120279 -2.784870843e-29)
(1.000000057 -0.0001040465846 1.050275233e-27)
(1.000000034 -9.446288178e-05 -1.981238224e-30)
(1.000000017 -8.706124167e-05 -4.138846566e-28)
(0.9999999954 -7.713116437e-05 -6.447185166e-29)
(1.117708379 0.02973563394 -2.798751154e-23)
(1.120845117 0.01918254936 -1.489698916e-22)
(1.122014291 0.008077206118 1.407973108e-22)
(1.121202068 -0.003051149378 0)
(1.118495765 -0.01369691987 -5.712204098e-22)
(1.114088714 -0.02343797316 5.72161301e-22)
(1.108201756 -0.03193036944 0)
(1.101133275 -0.03899030658 -5.311031761e-22)
(1.093241639 -0.04452737277 0)
(1.084887549 -0.04854803999 0)
(1.076390868 -0.0511385085 0)
(1.068023381 -0.05243180173 1.011088045e-23)
(1.059997138 -0.0525930356 9.031111374e-24)
(1.052464562 -0.05180562796 0)
(1.045524983 -0.05025754925 0)
(1.039231889 -0.04812957989 4.417707086e-23)
(1.033601842 -0.04558514422 -4.132469303e-23)
(1.028622805 -0.04276756285 -3.006323889e-23)
(1.024259487 -0.0398013746 1.125926698e-22)
(1.020462983 -0.03678336577 0)
(1.017196367 -0.03377316481 -3.33061574e-23)
(1.014400391 -0.03083916388 9.293262868e-23)
(1.012023033 -0.02801837692 1.136202668e-23)
(1.010020667 -0.02534727769 -2.081515065e-23)
(1.008343187 -0.02284788231 9.348801468e-24)
(1.006941184 -0.02052809397 0)
(1.005772087 -0.01839002538 2.137531055e-25)
(1.004800506 -0.0164325666 4.760055634e-24)
(1.003996212 -0.0146512019 -4.709669826e-24)
(1.003332486 -0.01303862488 -8.105657829e-26)
(1.002785652 -0.011585627 -4.239781308e-26)
(1.002335172 -0.01028173603 -1.091130921e-24)
(1.001963646 -0.009115647355 1.012412198e-24)
(1.001656574 -0.008075636421 0)
(1.001402033 -0.007149992197 0)
(1.001190327 -0.006327404098 -5.728858146e-25)
(1.001013626 -0.005597240245 5.49357522e-25)
(1.000865611 -0.004949697655 4.35872271e-25)
(1.000741223 -0.004375849711 -4.402487036e-25)
(1.000636285 -0.003867927312 1.023198265e-25)
(1.000547512 -0.00341857004 1.908581203e-25)
(1.000472167 -0.003020904049 1.75629309e-26)
(1.00040807 -0.002669087051 1.048534495e-25)
(1.000353408 -0.002357917537 -9.088630869e-26)
(1.000306669 -0.002082775448 1.251826544e-25)
(1.000266592 -0.001839562983 -1.328276115e-25)
(1.000232121 -0.001624644115 -3.43724678e-26)
(1.000202379 -0.001434785688 1.034262655e-25)
(1.000176644 -0.001267106401 -9.039206512e-26)
(1.000154325 -0.001119037678 4.104149036e-26)
(1.000134937 -0.000988295061 -1.862925119e-26)
(1.000118075 -0.0008728550012 6.071130189e-26)
(1.000103396 -0.0007709319347 2.354114079e-26)
(1.000090604 -0.0006809534303 -4.673046158e-26)
(1.000079444 -0.0006015343674 -1.13668094e-26)
(1.000069693 -0.000531452602 -4.245404872e-27)
(1.000061162 -0.0004696280265 -2.237802372e-26)
(1.000053686 -0.0004151054522 -1.637705174e-26)
(1.000047127 -0.0003670404823 2.865589348e-27)
(1.000041364 -0.0003246874725 -2.865593006e-27)
(1.000036295 -0.0002873886323 0)
(1.000031831 -0.0002545625529 0)
(1.000027894 -0.0002257055288 3.905366938e-27)
(1.000024416 -0.0002003648813 2.670192444e-27)
(1.000021341 -0.0001781448946 1.320765274e-27)
(1.000018613 -0.0001587006153 -6.086301654e-28)
(1.000016188 -0.0001417295992 -2.135044527e-28)
(1.000014027 -0.0001269689747 -2.320945017e-27)
(1.000012089 -0.0001141828813 -1.73021312e-28)
(1.000010359 -0.0001032028191 1.626080794e-27)
(1.000008745 -9.369948748e-05 -1.831438622e-27)
(1.00000749 -8.635952347e-05 1.444723139e-27)
(1.000005612 -7.651140401e-05 1.634071848e-28)
(1.107977836 0.02600182526 5.957919473e-23)
(1.110788619 0.01716839205 -1.154439231e-22)
(1.111963746 0.007844825996 -5.924239478e-23)
(1.111485377 -0.001510385326 -3.787367517e-22)
(1.109412392 -0.01050096005 5.098381031e-22)
(1.105887857 -0.01878268545 2.234309579e-22)
(1.101104827 -0.02606614153 0)
(1.095293481 -0.0322093586 2.21565034e-22)
(1.08872368 -0.03713423362 -1.692857099e-23)
(1.081678266 -0.04083709653 -1.813185276e-22)
(1.074415148 -0.04336976542 5.401756736e-24)
(1.067159763 -0.04482205979 1.395096148e-22)
(1.060096293 -0.04531165999 -1.77061874e-23)
(1.053364757 -0.04497484474 -2.472382599e-22)
(1.04706408 -0.04395633047 1.153330755e-22)
(1.041256656 -0.04239956464 -2.85256986e-24)
(1.035973819 -0.04043855675 3.708843806e-23)
(1.031222303 -0.03819306768 -3.70885121e-23)
(1.026989944 -0.03576771912 -1.391454913e-23)
(1.023248264 -0.03325206926 0)
(1.019966385 -0.03071087858 0)
(1.017097949 -0.02820542274 -7.559546498e-23)
(1.014606255 -0.02577132123 -1.29246015e-22)
(1.012457336 -0.02343396651 4.362999306e-23)
(1.010619857 -0.02122173328 1.212221342e-23)
(1.009054351 -0.01915179996 0)
(1.007720718 -0.0172299656 -7.447700327e-24)
(1.006585839 -0.01545797219 1.321293699e-23)
(1.005622242 -0.01383414907 -6.006816969e-24)
(1.004805742 -0.01235448302 0)
(1.004114521 -0.0110130471 2.569787741e-25)
(1.003529254 -0.009802335064 1.278574911e-25)
(1.003033224 -0.008713719133 1.495705606e-24)
(1.002612168 -0.007737936812 -1.417002361e-24)
(1.002254032 -0.006865506749 0)
(1.001948711 -0.00608705773 -8.39536324e-25)
(1.001687792 -0.005393584145 9.115901748e-25)
(1.001464277 -0.0047766208 -7.290532391e-26)
(1.001272373 -0.004228326555 -1.587816149e-26)
(1.001107265 -0.00374179012 0)
(1.00096487 -0.003310453269 -1.908554045e-25)
(1.000841816 -0.002928040001 0)
(1.000735291 -0.002589160227 8.6521158e-26)
(1.000642925 -0.00228899541 -2.063381369e-25)
(1.000562718 -0.002023229355 -7.572076585e-26)
(1.00049297 -0.001788012237 2.46736938e-25)
(1.000432227 -0.001579917573 1.323134636e-25)
(1.000379242 -0.001395894254 -2.888546271e-26)
(1.000332951 -0.001233220301 1.980075387e-26)
(1.000292447 -0.00108946403 0)
(1.000256965 -0.0009624542766 0)
(1.000225857 -0.0008502575712 3.931260175e-26)
(1.000198568 -0.0007511584074 -5.176505515e-26)
(1.000174619 -0.0006636396198 3.374303874e-26)
(1.000153592 -0.0005863619267 0)
(1.000135119 -0.0005181434323 -4.973653707e-26)
(1.000118876 -0.000457940444 2.386771861e-26)
(1.000104582 -0.000404830532 3.329211393e-26)
(1.000091991 -0.0003579980439 -3.444424881e-26)
(1.000080892 -0.0003167219266 0)
(1.0000711 -0.0002803650131 -1.958829946e-26)
(1.000062448 -0.0002483636449 -2.093493754e-26)
(1.000054796 -0.0002202258522 -1.555363743e-27)
(1.000048027 -0.0001955130684 1.703956203e-26)
(1.000042025 -0.0001738417898 -1.34662056e-26)
(1.000036692 -0.000154875922 9.640920189e-28)
(1.000031943 -0.0001383208472 -1.363916647e-27)
(1.000027703 -0.0001239206975 4.823192282e-27)
(1.000023896 -0.0001114458686 -5.619482802e-27)
(1.000020494 -0.0001007323384 -2.668396284e-27)
(1.000017316 -9.145905064e-05 1.863282101e-27)
(1.000014843 -8.42963829e-05 6.209498255e-28)
(1.000011139 -7.468538936e-05 0)
(1.099776133 0.02268204202 4.884377198e-23)
(1.102334345 0.01528489328 0)
(1.103517852 0.007453146861 1.117313648e-22)
(1.103298072 -0.0004237980222 2.360185454e-22)
(1.101721017 -0.008017116332 3.405762826e-22)
(1.098899925 -0.01503531594 -1.377625256e-21)
(1.094993763 -0.0212583254 2.597906735e-23)
(1.090183091 -0.02657041756 0)
(1.084674752 -0.03090917055 0)
(1.078691132 -0.0342627622 -1.995711431e-22)
(1.072444132 -0.03665833772 3.302596531e-22)
(1.066120983 -0.03815682362 -1.603905997e-22)
(1.059880816 -0.03884223903 1.295290769e-22)
(1.053850322 -0.03881566516 6.129242691e-25)
(1.048124383 -0.03818808746 -2.1640292e-22)
(1.042768818 -0.03707272643 1.014131621e-22)
(1.037823816 -0.03557831681 0)
(1.033308134 -0.03380450446 0)
(1.029223775 -0.031839522 0)
(1.025559167 -0.02976002993 -2.529074941e-23)
(1.022294497 -0.02762814944 2.527737601e-23)
(1.019400262 -0.0254984306 7.5967023e-23)
(1.016843757 -0.02341254634 2.021763208e-22)
(1.014597519 -0.02139362695 -5.515762687e-23)
(1.01263823 -0.0194581471 0)
(1.010939677 -0.01763044246 -3.415346969e-23)
(1.009469044 -0.01592062333 5.158738157e-24)
(1.00819772 -0.01433459951 0)
(1.007099969 -0.01287253812 -2.8403875e-24)
(1.006153034 -0.01153216708 3.327966182e-24)
(1.005336789 -0.01030999151 2.20369443e-25)
(1.004633417 -0.009201075343 -1.278509636e-25)
(1.004027174 -0.008199117577 1.881420181e-24)
(1.00350425 -0.007296937712 -1.8814935e-24)
(1.00305268 -0.006486956977 -1.065621897e-25)
(1.002662212 -0.005761518345 -1.31525287e-24)
(1.002324111 -0.005113108634 2.410152485e-24)
(1.002030944 -0.004534527515 -1.030858163e-24)
(1.001776406 -0.004018994029 4.758233091e-26)
(1.001555152 -0.003560430625 0)
(1.001362569 -0.003153035457 1.594511829e-25)
(1.001194697 -0.002791231841 -1.594534317e-25)
(1.00104818 -0.002470103686 -1.227633969e-25)
(1.000920175 -0.002185265714 6.877795722e-25)
(1.000808245 -0.00193275705 -2.025796641e-25)
(1.000710295 -0.001709020492 -5.586053897e-26)
(1.000624513 -0.001510873241 -2.055903696e-25)
(1.000549324 -0.001335472311 7.327858691e-26)
(1.000483361 -0.001180278841 0)
(1.000425436 -0.00104302434 0)
(1.000374527 -0.0009216809732 -4.398368383e-26)
(1.000329756 -0.0008144368808 -2.5657962e-26)
(1.000290364 -0.0007196760694 -8.318477348e-26)
(1.000255696 -0.0006359614202 7.325622645e-26)
(1.000225178 -0.000562019076 0)
(1.000198304 -0.0004967229654 5.335654998e-26)
(1.000174628 -0.0004390791105 -1.161473633e-26)
(1.000153758 -0.0003882101426 8.962652768e-27)
(1.000135349 -0.0003433408249 -1.916103316e-26)
(1.000119099 -0.0003037859692 -3.370746872e-26)
(1.000104745 -0.000268937333 2.165241175e-26)
(1.000092053 -0.0002382627091 1.887063376e-26)
(1.000080818 -0.0002112841883 2.22849194e-26)
(1.000070865 -0.0001875866474 -1.414517519e-26)
(1.000062034 -0.000166803927 3.027668675e-26)
(1.000054183 -0.0001486140279 -1.659588157e-27)
(1.000047186 -0.0001327347556 0)
(1.000040936 -0.0001189212328 9.595447919e-27)
(1.000035321 -0.000106953694 5.619461323e-27)
(1.000030301 -9.667512752e-05 -5.775115128e-27)
(1.000025611 -8.777773948e-05 0)
(1.00002196 -8.090506853e-05 5.955156044e-28)
(1.000016488 -7.168249328e-05 0)
(1.092868215 0.01968452796 7.838474341e-23)
(1.095231327 0.01350159674 2.209725872e-23)
(1.09642167 0.006936608368 -1.529705524e-22)
(1.096410508 0.000319158011 5.185029667e-23)
(1.095229494 -0.006062283638 0)
(1.092967381 -0.01197990779 -1.956787981e-22)
(1.089757685 -0.01727511664 8.045263944e-22)
(1.085742435 -0.02183847726 1.862651063e-22)
(1.081084725 -0.02562517818 0)
(1.075962944 -0.02861628318 -2.078507309e-22)
(1.070551897 -0.03082475896 3.770511826e-24)
(1.065007425 -0.03229134943 1.35184469e-22)
(1.059466566 -0.03307562283 0)
(1.054042946 -0.03325244883 1.46637253e-23)
(1.048825677 -0.03290677274 0)
(1.043880775 -0.03212757114 0)
(1.039253265 -0.03100238109 0)
(1.034969878 -0.02961325987 0)
(1.031042281 -0.02803434607 3.101091828e-23)
(1.027470088 -0.02633088056 -3.837187084e-24)
(1.024244009 -0.0245581456 -2.71758111e-23)
(1.02134792 -0.02276289767 4.148472973e-23)
(1.01875921 -0.02098534069 -1.146374342e-22)
(1.016452424 -0.01925508441 -3.501844379e-23)
(1.014411525 -0.01758447808 5.442481613e-23)
(1.01260955 -0.01599514787 -3.080999312e-23)
(1.011023865 -0.01449392729 5.158521139e-24)
(1.009636556 -0.01309061542 0)
(1.008425567 -0.0117902722 -4.873250458e-25)
(1.007368367 -0.01059240507 3.457055463e-24)
(1.006445281 -0.009494613306 -3.825789114e-24)
(1.005639673 -0.008493669297 0)
(1.004936979 -0.007585237501 0)
(1.004324108 -0.006763969791 -2.020412094e-24)
(1.003789388 -0.006023911992 2.127046479e-24)
(1.003322594 -0.005358866202 0)
(1.00291485 -0.004762631744 1.278948284e-24)
(1.002558456 -0.004229162894 -1.36048369e-24)
(1.002246749 -0.003752670879 -9.720169028e-25)
(1.001973995 -0.00332787767 5.882511729e-25)
(1.001735172 -0.002949766669 -1.247055705e-26)
(1.001525865 -0.00261342228 0)
(1.001342264 -0.002314434471 3.671398284e-25)
(1.001181126 -0.002048881125 -2.616542767e-25)
(1.001039635 -0.001813194171 0)
(1.000915343 -0.001604145915 0)
(1.000806118 -0.001418830182 -2.212281867e-25)
(1.000710094 -0.001254639707 1.949932129e-25)
(1.000625634 -0.001109241537 -1.718834774e-25)
(1.000551306 -0.000980550733 -1.515177697e-25)
(1.000485857 -0.0008667034815 -1.335623346e-25)
(1.000428199 -0.0007660320187 0)
(1.000377384 -0.0006770435829 1.273088572e-25)
(1.000332591 -0.0005984041331 -1.173805522e-25)
(1.000293098 -0.0005289255677 0)
(1.000258273 -0.0004675543441 1.505029226e-26)
(1.000227556 -0.0004133595978 -6.415181138e-26)
(1.000200453 -0.0003655200945 -1.323101852e-26)
(1.000176526 -0.0003233112055 3.847720701e-26)
(1.000155393 -0.0002860919993 5.073078788e-28)
(1.000136712 -0.0002532935754 -1.669763171e-26)
(1.000120182 -0.0002244206225 3.986122034e-26)
(1.000105545 -0.0001990246842 -2.228480871e-26)
(1.000092572 -0.000176713728 2.521076686e-27)
(1.000081054 -0.0001571447969 -5.644341591e-28)
(1.00007081 -0.0001400157006 3.377502904e-28)
(1.000061678 -0.0001250610734 -1.28030815e-26)
(1.000053518 -0.0001120508046 -9.595407742e-27)
(1.000046184 -0.0001007783396 -9.525220822e-27)
(1.000039627 -9.109610172e-05 5.602262788e-27)
(1.000033499 -8.271437361e-05 1.728294128e-28)
(1.000028728 -7.623970605e-05 -2.268973017e-27)
(1.000021576 -6.755058398e-05 0)
(1.087074368 0.01693537087 5.969031253e-23)
(1.089287772 0.01179356944 -1.881967937e-22)
(1.090485881 0.006320423425 8.612245873e-23)
(1.090641077 0.0007949002278 -4.446006552e-23)
(1.089776682 -0.00453831397 9.28658771e-23)
(1.087961472 -0.009502737746 1.957967541e-22)
(1.085300581 -0.01397362653 -5.621556687e-22)
(1.081917536 -0.01785713495 -1.863071449e-22)
(1.077944054 -0.02111857563 -1.669325238e-22)
(1.073522329 -0.02373899228 2.48414552e-22)
(1.068796283 -0.02572424898 9.745172311e-24)
(1.063897781 -0.02710033169 5.259257445e-23)
(1.058945228 -0.02790919165 -3.195858898e-23)
(1.054040202 -0.02820607388 -2.980470817e-23)
(1.049265497 -0.02805567114 2.665835185e-23)
(1.044685521 -0.02752744431 4.574365159e-23)
(1.040347523 -0.02669122577 -4.574485805e-23)
(1.036283288 -0.02561379452 -1.948863338e-23)
(1.032511331 -0.02435663001 -3.238862745e-23)
(1.029039212 -0.02297470974 4.556777044e-23)
(1.025865841 -0.02151577078 -4.246848535e-23)
(1.022983647 -0.02002030806 -2.236260458e-23)
(1.020380007 -0.01852250171 2.775376805e-23)
(1.01803722 -0.01705100202 3.523876118e-23)
(1.015939035 -0.01562350135 4.198433974e-24)
(1.014062178 -0.01425961043 5.898910905e-23)
(1.012390013 -0.01296596101 -2.3298701e-23)
(1.010907312 -0.0117456116 1.313886742e-23)
(1.009599825 -0.01060630041 1.029472779e-23)
(1.008448916 -0.009552065633 -1.394737087e-25)
(1.007435224 -0.008582098858 3.489041861e-24)
(1.00654229 -0.007693916422 -3.489233295e-24)
(1.005756347 -0.006884451483 0)
(1.005065138 -0.006149938577 0)
(1.004457486 -0.005485885496 -2.953747784e-25)
(1.003923329 -0.004887358266 1.831970677e-24)
(1.00345375 -0.004349292892 -1.054809025e-25)
(1.003040893 -0.003866677879 -3.030745744e-24)
(1.002677863 -0.003434648865 7.178597359e-25)
(1.002358652 -0.003048695666 1.018260669e-24)
(1.002077952 -0.002704559855 -7.707254088e-26)
(1.001831 -0.002397978845 0)
(1.001613609 -0.002125063437 -3.671362926e-25)
(1.001422207 -0.001882367084 3.798171914e-25)
(1.001253653 -0.001666734613 3.350028748e-25)
(1.001105196 -0.001475292628 0)
(1.000974419 -0.001305437979 4.818851537e-25)
(1.000859202 -0.001154824035 -1.94991724e-25)
(1.000757674 -0.001021345093 -3.094164374e-26)
(1.000668186 -0.0009031177111 1.515167065e-25)
(1.000589285 -0.0007984587546 1.335614364e-25)
(1.000519696 -0.0007058621458 1.391404999e-25)
(1.000458301 -0.0006239777362 -1.226703964e-25)
(1.000404124 -0.0005515946731 -1.08115504e-25)
(1.000356308 -0.0004876293719 -2.073588891e-26)
(1.000314103 -0.0004311167558 1.045961717e-25)
(1.000276844 -0.0003812017258 7.837788887e-26)
(1.000243946 -0.0003371294185 -6.679575869e-26)
(1.000214887 -0.0002982342773 5.517932677e-26)
(1.000189209 -0.0002639250927 2.97567995e-26)
(1.0001665 -0.0002336906905 -4.358891779e-26)
(1.000146398 -0.0002070684963 -4.029048427e-26)
(1.000128595 -0.0001836473113 8.211382292e-27)
(1.000112808 -0.0001630696601 3.057929944e-27)
(1.000098788 -0.0001450197161 7.298562619e-28)
(1.000086315 -0.0001292187281 -2.068491782e-26)
(1.000075192 -0.0001154224417 1.279398281e-26)
(1.000065252 -0.0001034190138 1.526354871e-26)
(1.000056316 -9.301816859e-05 1.026169737e-26)
(1.000048326 -8.408401541e-05 2.094701645e-28)
(1.000040856 -7.634942648e-05 -2.094701849e-28)
(1.000035042 -7.037439197e-05 -3.465119925e-29)
(1.000026323 -6.235524038e-05 3.469340726e-29)
(1.082253182 0.01437663041 7.220044479e-23)
(1.084352723 0.01014144121 -7.220867131e-23)
(1.085559719 0.005623411234 0)
(1.085847122 0.001055344939 -2.019128623e-23)
(1.085232273 -0.003360550635 8.62102355e-23)
(1.08377051 -0.007481358555 -8.58957677e-23)
(1.081546843 -0.01120483329 1.775480245e-22)
(1.078667838 -0.01446321427 1.621203441e-22)
(1.075241699 -0.01722638173 0)
(1.071384176 -0.01947897848 -3.951779105e-23)
(1.06721439 -0.02122077866 8.903125098e-24)
(1.062846192 -0.02246674029 -1.656306164e-22)
(1.058382488 -0.02324651431 1.629567751e-22)
(1.053914178 -0.02360084915 8.235058277e-23)
(1.049517852 -0.0235787599 -1.64174292e-22)
(1.045255383 -0.023234046 0)
(1.041174569 -0.02262183721 0)
(1.037310181 -0.02179578691 1.94868031e-23)
(1.033685409 -0.02080611897 0)
(1.030313552 -0.01969844259 1.639906639e-24)
(1.027199759 -0.01851306148 4.366796528e-23)
(1.024342692 -0.01728471246 0)
(1.021736084 -0.01604267095 -5.404529044e-24)
(1.019369421 -0.01481142061 0)
(1.017230031 -0.01360933368 7.765437245e-24)
(1.015301345 -0.01245320788 -7.570044933e-23)
(1.013566236 -0.01135484488 5.625442689e-23)
(1.012011484 -0.01031662367 0)
(1.010624766 -0.009339571181 0)
(1.009394162 -0.008428975128 5.515659322e-24)
(1.008303666 -0.007587993426 4.421958425e-24)
(1.007337106 -0.006815525869 -2.963589323e-24)
(1.006480644 -0.006109055165 -1.651522162e-26)
(1.005722438 -0.005465826046 3.036152352e-24)
(1.005051877 -0.004882571317 2.327304983e-24)
(1.004459231 -0.004355481648 -4.735736546e-24)
(1.003935658 -0.003880496284 3.805627747e-24)
(1.003473249 -0.003453524205 -1.837270797e-24)
(1.003064977 -0.003070547148 -1.001574537e-25)
(1.002704648 -0.002727780235 6.846829929e-26)
(1.00238676 -0.002421684198 -6.823264881e-26)
(1.002106285 -0.002148627947 -5.020370242e-27)
(1.001858723 -0.001905246522 0)
(1.001640232 -0.001688569559 -3.798140294e-25)
(1.001447404 -0.001495864493 -7.148333201e-25)
(1.001277229 -0.001324629587 0)
(1.001127048 -0.001172586594 -2.60656781e-25)
(1.000994519 -0.001037672058 0)
(1.00087757 -0.0009180272528 2.028224465e-25)
(1.000774365 -0.0008119856967 9.03141046e-26)
(1.000683281 -0.0007180572243 -9.031461642e-26)
(1.00060288 -0.0006349091697 -5.102255331e-26)
(1.000531894 -0.0005613474876 5.325634765e-26)
(1.000469208 -0.0004963004474 5.352836764e-26)
(1.000413843 -0.0004388058091 1.390439935e-25)
(1.000364938 -0.0003880024528 -1.553645685e-25)
(1.000321737 -0.0003431239215 0)
(1.00028357 -0.0003034929559 1.387399645e-25)
(1.000249845 -0.0002685052877 -5.691310673e-26)
(1.000220028 -0.0002376421418 -4.428899442e-26)
(1.000193647 -0.0002104397282 3.104152097e-26)
(1.000170296 -0.0001864785182 -3.377089273e-26)
(1.000149609 -0.0001653956571 3.217614525e-26)
(1.000131259 -0.0001468713328 2.831428096e-26)
(1.000114958 -0.0001306210333 -2.13591409e-26)
(1.000100454 -0.0001163942538 2.020918406e-26)
(1.000087518 -0.0001039716075 -2.226732315e-26)
(1.000075954 -9.31625894e-05 -3.033601283e-26)
(1.000065558 -8.379605204e-05 0)
(1.000056261 -7.574985818e-05 1.020323092e-26)
(1.000047568 -6.878361368e-05 -6.416928686e-28)
(1.000040801 -6.340191204e-05 3.928424212e-27)
(1.000030654 -5.617863029e-05 1.6861777e-27)
(1.078292232 0.01196388076 0)
(1.080306173 0.008530562202 -7.150210361e-23)
(1.081522434 0.004861012539 -4.211127728e-24)
(1.081914463 0.001146200947 1.744789329e-22)
(1.081495701 -0.002448995873 -9.777900981e-23)
(1.080312266 -0.00580749367 -3.894684716e-23)
(1.078434787 -0.008850613379 0)
(1.075953538 -0.01153373927 -1.638939906e-22)
(1.072960439 -0.0138258032 1.924426874e-22)
(1.069552015 -0.01571712055 1.430954124e-22)
(1.065829248 -0.01720265631 -3.368262164e-23)
(1.061891198 -0.01829070803 -1.355312439e-22)
(1.057827993 -0.01900208733 0)
(1.053721353 -0.01936655637 2.875805585e-23)
(1.049642179 -0.0194209454 2.640569275e-23)
(1.045649546 -0.01920649043 0)
(1.0417909 -0.01876612373 -6.388237719e-23)
(1.038102657 -0.01814224836 3.939102042e-24)
(1.034611126 -0.01737512364 5.40624426e-23)
(1.031333698 -0.01650180574 -5.028132624e-23)
(1.028280164 -0.01555549567 0)
(1.025454009 -0.01456520537 0)
(1.022853665 -0.01355566619 -1.105296179e-23)
(1.0204735 -0.01254754209 1.105372875e-23)
(1.018304949 -0.0115572655 1.327891788e-23)
(1.016337077 -0.01059818996 -1.299444088e-23)
(1.014556202 -0.009682036346 -5.650970503e-23)
(1.012947544 -0.008816535157 0)
(1.011500763 -0.008001429415 0)
(1.010205273 -0.007236655399 -9.768763438e-24)
(1.009049987 -0.006525996946 0)
(1.008021535 -0.005871043928 -4.115213177e-24)
(1.00710614 -0.005270456431 7.52100034e-24)
(1.006291742 -0.004722018112 -3.331931e-24)
(1.005568038 -0.004223309145 6.887226285e-25)
(1.004925683 -0.003771551215 2.910884421e-25)
(1.004356011 -0.00336362467 0)
(1.003851123 -0.002996257289 -8.985779884e-25)
(1.003403917 -0.002666183431 9.987591779e-25)
(1.003008068 -0.002370286158 8.14161132e-25)
(1.00265795 -0.002105697068 -7.687281428e-26)
(1.002348341 -0.001869391129 -1.159285329e-24)
(1.002074494 -0.001658528653 4.839073796e-25)
(1.00183235 -0.001470613086 -9.579601848e-25)
(1.001618286 -0.00130333885 3.798303679e-25)
(1.00142908 -0.001154586352 -1.666272458e-25)
(1.001261874 -0.001022417107 1.666287647e-25)
(1.001114133 -0.0009050678624 1.298835007e-25)
(1.000983614 -0.0008009435031 -1.298844486e-25)
(1.000868323 -0.0007086086975 -1.01187118e-25)
(1.00076649 -0.0006267776812 1.011877061e-25)
(1.000676542 -0.0005543009705 -3.335110317e-25)
(1.000597081 -0.0004901505962 7.020914413e-26)
(1.000526875 -0.0004334051477 6.945959165e-26)
(1.000464837 -0.0003832362977 -1.624373209e-25)
(1.00041001 -0.0003389021993 1.732283275e-25)
(1.000361551 -0.0002997348926 6.931288021e-26)
(1.000318723 -0.0002651410079 -7.389726123e-26)
(1.000280859 -0.0002346044184 0)
(1.000247367 -0.0002076647454 4.275327644e-26)
(1.000217738 -0.0001839081043 8.138207956e-26)
(1.000191507 -0.0001629776575 -2.762757467e-26)
(1.000168261 -0.0001445602293 -6.849299328e-26)
(1.000147637 -0.0001283760468 -2.845593433e-26)
(1.000129314 -0.0001141771669 -5.858567433e-28)
(1.000113007 -0.0001017456034 -5.33973733e-28)
(1.000098462 -9.088997491e-05 1.685554107e-26)
(1.000085457 -8.144388814e-05 1.519922808e-26)
(1.000073766 -7.325790671e-05 9.585577371e-28)
(1.000063308 -6.622546502e-05 1.039150788e-27)
(1.00005353 -6.013659578e-05 1.749577978e-28)
(1.000045917 -5.543252538e-05 -3.942525835e-27)
(1.0000345 -4.911840784e-05 1.315091312e-28)
(1.0751064 0.009660710063 -6.100277914e-23)
(1.077056839 0.006948721047 5.325457273e-23)
(1.07828201 0.004045501009 0)
(1.078755735 0.001103570191 7.34179379e-23)
(1.078488753 -0.001746103215 -5.412264929e-23)
(1.077521298 -0.004410185831 7.590417315e-23)
(1.075913158 -0.006832138791 2.239865287e-22)
(1.073739951 -0.008978520609 -1.573097688e-22)
(1.071084086 -0.01082250677 -3.735068191e-23)
(1.068028178 -0.01235737555 1.377532225e-22)
(1.064658699 -0.01357712301 -1.206440637e-22)
(1.061062601 -0.01448652385 0)
(1.057320237 -0.01509983385 -5.949878267e-23)
(1.053505885 -0.01543834431 0)
(1.049685494 -0.01552921465 -1.018081468e-22)
(1.045915447 -0.01540341644 4.812532313e-23)
(1.04224241 -0.01509362664 2.003007059e-23)
(1.038703604 -0.01463251295 3.83980596e-23)
(1.035327361 -0.01405146055 -5.510907496e-23)
(1.032133953 -0.01337968926 3.486685611e-23)
(1.029136568 -0.01264367581 0)
(1.026342338 -0.01186681534 0)
(1.023753355 -0.0110692717 0)
(1.021367602 -0.01026801629 1.102663525e-23)
(1.019179846 -0.009476866693 0)
(1.017182518 -0.008706786357 1.30714948e-23)
(1.015366029 -0.007966657655 -1.461531124e-23)
(1.013718504 -0.007264468434 6.645172287e-23)
(1.012226746 -0.006604983556 -5.747174482e-24)
(1.010881278 -0.005987285735 -4.591118724e-23)
(1.009673462 -0.005408949418 0)
(1.008593847 -0.004872494672 -1.292453648e-25)
(1.007630048 -0.004379408812 0)
(1.006769794 -0.003928342996 4.323933829e-25)
(1.006002556 -0.003517203196 -7.423695181e-25)
(1.005319167 -0.003143919104 2.14710696e-24)
(1.004711233 -0.002806233932 -2.186051731e-24)
(1.004170974 -0.002501655294 -7.071621184e-25)
(1.003691255 -0.002227614205 9.734502645e-25)
(1.003265652 -0.001981613136 -7.639539878e-26)
(1.002888456 -0.001761403148 7.386056821e-25)
(1.002554311 -0.001564537093 6.072259193e-25)
(1.002258274 -0.001388698606 0)
(1.001996123 -0.001231859766 7.067677797e-25)
(1.00176407 -0.001092141444 -2.327269209e-25)
(1.001558721 -0.0009678104227 0)
(1.001377054 -0.0008572765844 3.524080409e-25)
(1.001216381 -0.0007590885679 0)
(1.001074311 -0.0006719279425 0)
(1.000948719 -0.0005946033969 -1.323214072e-25)
(1.000837713 -0.0005260444071 -3.248582648e-25)
(1.000739608 -0.0004652929804 7.199233885e-26)
(1.000652904 -0.0004114963052 1.567742519e-25)
(1.00057627 -0.0003638925451 -7.59006354e-26)
(1.000508526 -0.0003217935803 0)
(1.000448636 -0.0002845836022 0)
(1.000395686 -0.0002517136083 -9.305556028e-26)
(1.000348861 -0.0002226867411 2.00581063e-26)
(1.000307448 -0.0001970664681 -2.00581323e-26)
(1.000270819 -0.0001744541585 0)
(1.000238406 -0.0001545091789 -5.500633768e-26)
(1.000209703 -0.0001369351946 7.795283683e-27)
(1.000184263 -0.0001214681509 2.991348511e-26)
(1.00016169 -0.0001078740852 4.318991721e-26)
(1.000141633 -9.594645631e-05 2.520754675e-26)
(1.00012378 -8.550298483e-05 3.713574218e-27)
(1.000107854 -7.638309207e-05 -2.360307332e-26)
(1.000093614 -6.844704174e-05 0)
(1.00008081 -6.156934795e-05 0)
(1.000069357 -5.566055499e-05 -1.075652672e-26)
(1.000058647 -5.054433641e-05 0)
(1.000050308 -4.659155961e-05 -4.561222539e-27)
(1.000037803 -4.12856534e-05 -1.822583033e-27)
(1.072629774 0.007439234238 5.721131846e-23)
(1.074534199 0.005387800325 -4.946053122e-23)
(1.075767234 0.003188823474 6.64673299e-23)
(1.076303042 0.0009587163581 -6.646716154e-23)
(1.076150321 -0.001203159877 -7.133296628e-23)
(1.07534507 -0.003226419344 1.064981743e-22)
(1.073940176 -0.005069718284 -2.895806069e-22)
(1.072001111 -0.006707942834 -7.386342238e-23)
(1.069601238 -0.008121742567 1.59105695e-22)
(1.066813484 -0.00930610891 -1.334899864e-22)
(1.063714041 -0.01025560865 7.044633474e-23)
(1.060380636 -0.01097280669 1.277608487e-22)
(1.056886387 -0.01146716206 2.375661696e-24)
(1.053299735 -0.01175346522 1.105333748e-22)
(1.049682536 -0.01185109041 -1.638859481e-24)
(1.046088782 -0.01178248718 1.781178673e-25)
(1.042564217 -0.01157160454 -4.40516372e-23)
(1.039146354 -0.01124261457 4.051934742e-23)
(1.035864794 -0.0108189551 0)
(1.032741781 -0.01032264266 1.603917479e-23)
(1.029792934 -0.009773802766 -6.794629898e-25)
(1.027028062 -0.009190374332 7.914770516e-25)
(1.02445201 -0.008587956197 1.303134804e-24)
(1.02206548 -0.007979781686 1.141496111e-23)
(1.019865815 -0.007376764627 -1.096749117e-24)
(1.017847751 -0.00678764705 -1.836494204e-23)
(1.016004062 -0.00621926756 -5.476575865e-25)
(1.014325802 -0.00567712966 -7.615503438e-24)
(1.012801802 -0.005166690777 3.064858385e-23)
(1.011421038 -0.004690514214 -2.404789154e-23)
(1.010175116 -0.004246061881 1.902434384e-23)
(1.009054724 -0.003830874676 1.754208665e-23)
(1.008051315 -0.00344673246 0)
(1.00715429 -0.003094544225 -4.323632547e-25)
(1.006352708 -0.002773115719 3.833102629e-25)
(1.005636933 -0.002480781933 3.396191773e-25)
(1.0049986 -0.002215859925 1.558510678e-26)
(1.004430081 -0.001976555705 -2.66256157e-25)
(1.003924298 -0.001760989349 1.163683776e-24)
(1.003474779 -0.001567271429 -1.631305848e-25)
(1.003075777 -0.001393732674 -1.549810878e-24)
(1.002721839 -0.001238474961 0)
(1.002407873 -0.001099696413 0)
(1.002129533 -0.0009758276906 0)
(1.0018829 -0.0008654115486 4.770625932e-25)
(1.001664455 -0.0007671005968 0)
(1.001471047 -0.0006796573029 -8.965451764e-25)
(1.001299862 -0.0006019507844 5.007721858e-25)
(1.001148396 -0.0005329489683 0)
(1.001014414 -0.0004717152151 -1.323080656e-25)
(1.000895929 -0.0004174057489 3.324611977e-25)
(1.000791166 -0.000369259082 9.718651758e-26)
(1.000698543 -0.0003266021608 -1.560829044e-25)
(1.000616657 -0.0002888368492 8.116857941e-26)
(1.000544259 -0.0002554325196 0)
(1.000480235 -0.0002259067443 0)
(1.000423607 -0.0001998269833 2.442631172e-26)
(1.000373522 -0.0001768021559 -2.442635362e-26)
(1.000329219 -0.000156473602 0)
(1.000290023 -0.0001385329861 -8.857203112e-26)
(1.000255329 -0.0001227089379 1.647849758e-26)
(1.000224603 -0.0001087623808 6.434939399e-26)
(1.000197367 -9.648384517e-05 -1.680103497e-27)
(1.000173199 -8.568961332e-05 -4.9668455e-26)
(1.000151723 -7.621739139e-05 -3.327524775e-26)
(1.000132605 -6.792336732e-05 0)
(1.000115549 -6.068041e-05 2.082818066e-26)
(1.000100296 -5.437762031e-05 2.774768406e-27)
(1.000086581 -4.891528612e-05 -1.541832975e-26)
(1.000074312 -4.422229787e-05 -1.319464097e-26)
(1.000062839 -4.015866419e-05 0)
(1.000053907 -3.701894567e-05 4.561201028e-27)
(1.000040509 -3.280439192e-05 0)
(1.070812361 0.00527526957 5.004089756e-23)
(1.072684988 0.003839980689 0)
(1.073924393 0.002299963716 0)
(1.074505013 0.0007372649837 4.022260131e-24)
(1.074434207 -0.0007784650845 -8.358480604e-24)
(1.073745068 -0.002198099898 0)
(1.072486301 -0.003492825137 1.39068283e-22)
(1.070716058 -0.004645909451 -2.092804756e-22)
(1.068500094 -0.005644398513 -1.518326806e-22)
(1.065905426 -0.006484560127 1.344152121e-22)
(1.063001323 -0.007162081748 -6.376014815e-23)
(1.059858821 -0.007678250928 1.779389683e-24)
(1.056545777 -0.008039137129 -1.141071213e-22)
(1.053126316 -0.008254509311 1.888743071e-24)
(1.049659176 -0.008337356007 0)
(1.046196457 -0.008302888107 9.526091103e-23)
(1.042783059 -0.008167460803 2.116341104e-23)
(1.039456538 -0.00794769079 -2.105210945e-23)
(1.03624725 -0.007659790884 3.729479009e-23)
(1.033178731 -0.00731908515 0)
(1.03026826 -0.006939669585 -3.088917375e-23)
(1.027527519 -0.006534189994 -2.800971686e-23)
(1.02496331 -0.006113716446 -1.276143205e-23)
(1.022578282 -0.005687701559 0)
(1.020371646 -0.005264002432 -6.061448361e-25)
(1.018339842 -0.004848962744 -1.00542368e-24)
(1.016477164 -0.004447554685 7.252266074e-24)
(1.014776303 -0.004063538359 -4.105781071e-24)
(1.013228542 -0.003699979922 -6.512592002e-24)
(1.011823469 -0.003360094332 2.821787885e-23)
(1.010550797 -0.003046077199 -2.216533779e-23)
(1.009402536 -0.002754520611 -3.648693021e-23)
(1.008369912 -0.002482207745 0)
(1.007444708 -0.002230214532 0)
(1.0066171 -0.001999759388 1.144109632e-25)
(1.005877053 -0.001790032954 1.549430405e-24)
(1.005216027 -0.001599781245 -3.163472567e-25)
(1.004626345 -0.001427711387 -7.896896799e-25)
(1.004100964 -0.001272541726 5.745229304e-25)
(1.003633419 -0.001132965052 1.099029847e-25)
(1.003217961 -0.00100786552 -8.085150524e-25)
(1.002849074 -0.0008958805752 0)
(1.002521554 -0.0007957229727 6.334286486e-25)
(1.00223096 -0.0007062781753 0)
(1.001973284 -0.0006265101228 -9.369684782e-25)
(1.001744911 -0.0005554572817 2.566163827e-25)
(1.001542595 -0.0004922328664 5.760528261e-25)
(1.001363431 -0.0004360305379 -5.130672946e-25)
(1.001204825 -0.0003861124676 -1.850857299e-26)
(1.001064464 -0.0003418049065 -2.744577263e-25)
(1.000940286 -0.0003024960603 -1.121785706e-25)
(1.000830454 -0.000267642335 -9.655251056e-26)
(1.000733323 -0.0002367520833 2.804773992e-25)
(1.000647428 -0.0002093892809 0)
(1.00057147 -0.0001851769001 7.682832685e-26)
(1.000504298 -0.0001637743666 -1.181039934e-25)
(1.000444888 -0.0001448685421 1.435696294e-25)
(1.000392333 -0.0001281787344 1.231646252e-25)
(1.000345834 -0.0001134511695 0)
(1.000304683 -0.0001004580502 7.209304669e-26)
(1.000268253 -8.899701406e-05 0)
(1.000235983 -7.889231158e-05 0)
(1.000207377 -6.999237902e-05 0)
(1.00018199 -6.216541697e-05 0)
(1.000159429 -5.529536719e-05 -4.17252134e-27)
(1.000139345 -4.927925781e-05 3.881937749e-26)
(1.000121425 -4.402559888e-05 -6.027976227e-28)
(1.0001054 -3.945409966e-05 -2.913407344e-27)
(1.00009099 -3.549232898e-05 3.324590308e-26)
(1.000078098 -3.208848545e-05 1.299163919e-26)
(1.000066042 -2.914114901e-05 -6.69444353e-28)
(1.000056655 -2.686342126e-05 5.536580123e-29)
(1.000042576 -2.380713649e-05 -5.543327256e-29)
(1.069619319 0.003152152459 -4.83736614e-23)
(1.071472124 0.002302322308 5.763661554e-23)
(1.072716208 0.001389852676 -5.763453753e-23)
(1.073326118 0.0004636283671 -4.022422188e-24)
(1.073308312 -0.0004349842202 8.359080196e-24)
(1.072694063 -0.001276839231 0)
(1.071529916 -0.002044878518 8.46402471e-24)
(1.069869157 -0.002729375833 0)
(1.067772016 -0.0033221418 -6.693359723e-23)
(1.065302231 -0.003822070524 -1.299817861e-22)
(1.062525059 -0.00422632234 6.01520927e-25)
(1.05950705 -0.004535504505 1.856078377e-24)
(1.056312534 -0.004753170999 1.166463495e-22)
(1.053002788 -0.004884989571 8.074714623e-23)
(1.049634481 -0.004938469928 2.455050218e-23)
(1.046258419 -0.004922430951 -7.043265833e-23)
(1.042918884 -0.004846390166 2.288669716e-23)
(1.039653386 -0.004720049278 -4.062538148e-23)
(1.036492703 -0.004552903907 -3.729183091e-23)
(1.033461156 -0.004353958627 0)
(1.030577063 -0.00413152605 4.603451806e-23)
(1.027853296 -0.003893092924 -7.854179699e-25)
(1.025297915 -0.003645240597 1.276086154e-23)
(1.022914827 -0.003393611941 0)
(1.020704449 -0.003142917038 -1.202027975e-25)
(1.018664342 -0.002896973744 -9.441479143e-24)
(1.016789805 -0.002658781188 0)
(1.015074409 -0.002430610269 -1.627673529e-25)
(1.013510465 -0.002214115832 -1.33792447e-23)
(1.012089189 -0.002010754464 4.26550165e-25)
(1.010800584 -0.001822667315 0)
(1.009634958 -0.001651192565 3.597903393e-23)
(1.008584534 -0.001492680348 3.220367598e-23)
(1.00764061 -0.001343226473 0)
(1.006795016 -0.001205652472 -1.203365208e-23)
(1.006038133 -0.001079637455 -6.19406747e-24)
(1.005361776 -0.0009651021605 0)
(1.00475796 -0.0008614981988 -1.104787515e-24)
(1.004219507 -0.0007680587485 1.368267934e-24)
(1.003739924 -0.0006839755928 2.328840386e-25)
(1.003313465 -0.0006086296321 8.085092685e-25)
(1.002934575 -0.0005411627186 0)
(1.002597974 -0.0004807931622 -6.334236333e-25)
(1.002299162 -0.0004268551931 0)
(1.002034071 -0.0003787300051 -4.740490235e-25)
(1.001799033 -0.0003358464134 4.740536709e-25)
(1.001590736 -0.000297680144 3.963710734e-25)
(1.001406213 -0.0002637424837 3.42459608e-25)
(1.001242812 -0.0002335908639 3.096175918e-25)
(1.001098164 -0.0002068229587 2.673101476e-25)
(1.000970149 -0.0001830702392 2.360683585e-25)
(1.000856885 -0.000162005497 -3.129075879e-25)
(1.000756701 -0.0001433293389 -3.604454048e-25)
(1.000668101 -0.0001267784538 -7.816393063e-26)
(1.000589753 -0.0001121219626 -1.430286903e-25)
(1.00052047 -9.915955602e-05 6.58438411e-26)
(1.000459196 -8.771087042e-05 -7.721593683e-26)
(1.000404992 -7.760963323e-05 2.877794456e-26)
(1.000357029 -6.870145003e-05 0)
(1.000314574 -6.084494899e-05 7.681864714e-26)
(1.000276979 -5.391469247e-05 0)
(1.00024367 -4.780247365e-05 1.356142327e-26)
(1.000214137 -4.241599824e-05 -1.356144686e-26)
(1.000187925 -3.767618011e-05 -5.395529632e-26)
(1.000164631 -3.351416367e-05 1.009984352e-26)
(1.000143894 -2.98689103e-05 -3.113043674e-26)
(1.000125391 -2.668575318e-05 -2.965818854e-26)
(1.000108845 -2.391619213e-05 3.007008262e-27)
(1.000093966 -2.151631515e-05 -1.695517391e-26)
(1.000080654 -1.945420024e-05 0)
(1.000068205 -1.766943607e-05 0)
(1.000058511 -1.628737911e-05 -5.713737145e-29)
(1.000043972 -1.443945156e-05 2.280057789e-27)
(1.069027264 0.001048956048 9.778628222e-23)
(1.070870304 0.0007683701877 4.933474894e-24)
(1.072116853 0.000466500066 -5.673165139e-23)
(1.072741437 0.0001596734442 6.376606654e-23)
(1.072750103 -0.0001382673908 -6.376342766e-23)
(1.072173083 -0.0004175247037 0)
(1.071055787 -0.0006725600083 -8.472017641e-24)
(1.069449926 -0.0008994422048 0)
(1.067412466 -0.001095614779 1.333579423e-22)
(1.065004596 -0.00126124295 0)
(1.062290258 -0.00139521621 0)
(1.059333715 -0.001497754198 0)
(1.056197556 -0.001570079607 -2.809986633e-23)
(1.052941706 -0.001614074593 5.467274894e-23)
(1.049621872 -0.001632204284 -7.810504114e-23)
(1.046288259 -0.001627359319 -2.320506343e-23)
(1.042984871 -0.001602663378 2.323354268e-23)
(1.039749212 -0.001561304885 0)
(1.036612282 -0.00150640812 0)
(1.033598801 -0.001440939499 0)
(1.030727606 -0.00136764192 -1.592943555e-23)
(1.028012162 -0.001288990836 0)
(1.025461151 -0.001207167316 0)
(1.023079095 -0.001124045114 0)
(1.020866991 -0.001041190311 1.072490089e-23)
(1.018822936 -0.0009598728595 9.653123094e-24)
(1.016942711 -0.0008810898115 0)
(1.01522031 -0.0008055965996 0)
(1.013648411 -0.0007339409071 3.478928866e-24)
(1.012218783 -0.0006665005482 0)
(1.010922418 -0.0006038170915 0)
(1.009749454 -0.00054730666 0)
(1.008690653 -0.000497190942 -1.028709594e-22)
(1.007738886 -0.000449017408 3.302310926e-23)
(1.006884193 -0.0004038139514 1.368463002e-23)
(1.006118728 -0.0003616687648 3.037163916e-24)
(1.005434451 -0.0003231120768 0)
(1.004823372 -0.0002882499651 -2.988554628e-25)
(1.004278312 -0.0002568649137 -1.006313616e-24)
(1.003792709 -0.0002286633941 -1.199335498e-25)
(1.003360776 -0.0002034386154 1.683390888e-24)
(1.002976943 -0.0001808728118 -7.905177986e-25)
(1.002635864 -0.0001606899944 0)
(1.002333001 -0.0001426618336 0)
(1.002064254 -0.0001265774069 4.845378075e-25)
(1.001825915 -0.0001122460464 -6.986296011e-25)
(1.001614655 -9.949714409e-05 -1.848467659e-25)
(1.001427484 -8.816194429e-05 0)
(1.001261711 -7.809078508e-05 -3.115267579e-25)
(1.001114936 -6.915033994e-05 -1.305252198e-25)
(1.000985017 -6.121915838e-05 1.525849623e-26)
(1.00087005 -5.418164481e-05 4.313768441e-25)
(1.000768345 -4.793793478e-05 8.754996578e-26)
(1.000678392 -4.240211333e-05 1.668913888e-25)
(1.000598849 -3.749833039e-05 6.970911281e-26)
(1.000528518 -3.316128372e-05 -6.96931752e-26)
(1.000466326 -2.933192251e-05 0)
(1.000411317 -2.595490717e-05 -1.002402423e-25)
(1.00036264 -2.297841274e-05 2.079780757e-26)
(1.000319546 -2.035454431e-05 -7.968666109e-26)
(1.000281374 -1.804037745e-05 -1.819822415e-26)
(1.000247544 -1.599878148e-05 0)
(1.000217543 -1.419844666e-05 1.195910603e-26)
(1.000190913 -1.261310922e-05 4.230139434e-26)
(1.000167247 -1.122029591e-05 -1.028281407e-26)
(1.000146181 -1.000014508e-05 0)
(1.000127385 -8.934712089e-06 2.670329727e-26)
(1.000110578 -8.007854262e-06 -2.472807984e-27)
(1.000095463 -7.204890931e-06 2.472222198e-27)
(1.00008194 -6.514858817e-06 0)
(1.000069295 -5.918127215e-06 0)
(1.000059445 -5.454494995e-06 0)
(1.000044675 -4.838136459e-06 -2.224013322e-27)
(-0.06579472931 0.02802002164 0.05869876773)
(-0.06151599102 0.1523187608 0.06197762864)
(-0.06579085251 0.02802433275 -0.05869884231)
(-0.06147348606 0.1523195426 -0.06197863822)
(-0.05384096387 0.172749581 0.06337642415)
(0.01612458514 0.1455507914 0.06478875921)
(-0.05382501378 0.1726908456 -0.06337683716)
(0.01615576232 0.1455349735 -0.06478910542)
(-0.2784166021 0.02423018381 0.06383496261)
(-0.08837984676 0.1642251895 0.0625884166)
(-0.1785648852 0.1479702711 0.06683252818)
(-0.1209524403 0.02922012892 -0.05959664773)
(-0.2784247969 0.0242467206 -0.06383610379)
(-0.08831384545 0.1642323311 -0.06258815969)
(-0.1786738954 0.1479937241 -0.06683824253)
(-0.03655070823 0.08975053107 -1.200044552e-05)
(-0.03418328283 0.08352327836 0.06393988838)
(-0.03436978897 0.08348168036 7.734509154e-05)
(-0.03678388169 0.08991123645 0.06472714288)
(0.06151912482 0.1170322909 0.06450954516)
(0.4116420826 0.0396005405 0.0628619033)
(0.0614409599 0.1170933642 -0.06451005857)
(0.4116501112 0.03958276714 -0.06286312982)
(-0.02018696863 0.05972851191 -1.389549244e-05)
(-0.0659430044 0.02798555641 -1.380499205e-06)
(-0.01559067772 0.02121568564 0.05704399583)
(-0.06688821134 0.07945381302 0.05941295372)
(-0.01604219395 0.02116492282 -1.793574361e-05)
(-0.06702514217 0.07943978662 -6.516992819e-06)
(-0.0197550906 0.05968893554 0.05832360816)
(-0.02264979339 0.06634722618 0.05419601243)
(-0.02323644098 0.06632757496 -0.0001503733215)
(-0.03087880097 0.0880972503 5.756851641e-05)
(-0.06154169364 0.1522365699 5.713651563e-06)
(-0.06766862179 0.1209412176 0.06083140837)
(-0.03642359287 0.1144517136 0.06176767184)
(-0.06788464278 0.1208897057 1.699828893e-05)
(-0.03619890412 0.114278892 -1.851891734e-05)
(-0.03058820095 0.08826636739 0.06081357994)
(-0.02018670035 0.05973004477 1.413382081e-05)
(-0.0659412188 0.02798744633 8.025852212e-07)
(-0.01559216215 0.02121872554 -0.05704430351)
(-0.06688345073 0.07946123861 -0.05941356017)
(-0.01604217074 0.02116608212 1.774302951e-05)
(-0.06702243939 0.07944281095 6.235493623e-06)
(-0.01975623488 0.05969281408 -0.05832391676)
(-0.02264764223 0.06634059615 -0.05419527313)
(-0.02323497001 0.06632449886 0.0001510198632)
(-0.03087780799 0.08809844062 -5.73274342e-05)
(-0.06152896888 0.1522365251 -3.061438964e-06)
(-0.06765243289 0.1209631713 -0.06083312317)
(-0.0364125114 0.1144539511 -0.06176936255)
(-0.06787844399 0.1208962907 -1.750832139e-05)
(-0.0361949925 0.1142786473 1.836905551e-05)
(-0.0305873098 0.08826918296 -0.06081381364)
(-0.03691633863 0.09556194837 6.453380564e-05)
(-0.03683179862 0.09559152105 0.06578874563)
(-0.03655547267 0.08974821626 1.080163048e-05)
(-0.03417571076 0.08351130881 -0.06394085034)
(-0.03436761798 0.08347741461 -7.858350969e-05)
(-0.03679731687 0.0899049138 -0.06472591422)
(-0.03692143268 0.09556093525 -6.591826034e-05)
(-0.03684706162 0.09558787895 -0.06578725384)
(-0.1211880513 0.02919397198 -1.299074343e-05)
(-0.1162575978 0.08382213209 0.0601443909)
(-0.1164546752 0.08380292572 -1.365194989e-05)
(-0.1672373701 0.08167009133 -3.072510302e-05)
(-0.1766544534 0.0281980038 0.06072546353)
(-0.1769999954 0.02818787266 -3.192905552e-05)
(-0.1669179894 0.08168250929 0.0612108948)
(-0.4027342793 0.01069969215 0.07099477174)
(-0.2080145395 0.1360984012 0.06876559932)
(-0.2807494029 0.08313124506 0.07293451094)
(-0.3226018055 0.02162966771 -0.06563282945)
(-0.4027394199 0.01071456342 -0.07099730536)
(-0.2080450972 0.1361122901 -0.06877137365)
(-0.2807512182 0.08311612898 -0.07292956975)
(-0.1144293666 0.1724439023 0.0684445773)
(0.04146767969 0.1636386839 0.06513665845)
(0.1048231561 0.1706609207 0.06962173518)
(-0.06501013916 0.1858757177 -0.063911669)
(-0.1145746289 0.1723821091 -0.06844581127)
(0.04150846114 0.1636272735 -0.06513034427)
(0.1048274766 0.1706765128 -0.06962469276)
(-0.1549641517 0.09820209043 0.07983399862)
(0.1167706594 0.1613108444 0.07147198356)
(0.08494255951 0.1294935266 0.04326050592)
(-0.1312564415 0.1595506337 -0.07065586937)
(-0.1549526142 0.09818333826 -0.07983859256)
(0.116763302 0.1613351094 -0.07147512009)
(0.08497222399 0.1294720591 -0.04325895618)
(0.1829587847 0.1492126399 0.06928917177)
(0.426067499 0.04740061594 0.06302641207)
(0.4884728453 0.05900913844 0.06460564205)
(0.09308272071 0.1341919187 -0.06483874874)
(0.1829852782 0.1492486542 -0.0692888555)
(0.4261014441 0.04735982926 -0.06302646523)
(0.488457183 0.05902809698 -0.06460183241)
(0.6187064601 0.03341716633 0.0620076856)
(1.179784143 0.06629138045 0.05704812678)
(0.6186824647 0.03344522423 -0.06200794501)
(1.17981766 0.06628005228 -0.05704785706)
(0.6627201015 0.03173794325 0.06889702114)
(1.164815373 0.05437560492 0.0569742544)
(1.083178063 0.02471042329 0.03476014925)
(0.6214617898 0.03612026133 -0.06244298702)
(0.6627221243 0.03173615707 -0.06889941276)
(1.164808952 0.05437320038 -0.05697704799)
(1.083171803 0.02471585455 -0.03475976154)
(-0.03871849812 0.1427696784 8.167214477e-06)
(-0.05402448083 0.1726366863 2.059179724e-05)
(-0.04435185946 0.1402861944 0.06389065672)
(-0.03680705926 0.1757561616 0.06413234038)
(-0.04448889138 0.1402361816 7.025247689e-05)
(-0.03689424753 0.17563937 -8.242562443e-06)
(-0.03870469902 0.1429525442 0.06425196587)
(-0.02883770759 0.1359515022 1.567687609e-05)
(0.01612052671 0.1454886135 -1.672066106e-05)
(-0.01442425784 0.1661955736 0.06465329429)
(-0.00694406021 0.1187330552 0.06499076042)
(-0.0145004098 0.1661255799 4.751622491e-06)
(-0.007000774226 0.1187081788 -1.290227543e-05)
(-0.02870573898 0.136064507 0.06478563347)
(-0.03872801266 0.1427604674 -1.049343944e-05)
(-0.05401723378 0.1726167347 -2.164833594e-05)
(-0.04434924166 0.1402657595 -0.06388892626)
(-0.03685432951 0.1757269361 -0.06413080255)
(-0.04448719997 0.1402279801 -6.882460862e-05)
(-0.03690630556 0.17562742 1.965949066e-06)
(-0.03873468902 0.1429244378 -0.06424942277)
(-0.02884273755 0.1359445085 -1.798666717e-05)
(0.016128397 0.1454858571 7.34834701e-06)
(-0.01444239351 0.1661792169 -0.06464824091)
(-0.006982007143 0.1187759443 -0.06499237594)
(-0.01450551982 0.1661211069 -5.061510884e-06)
(-0.007012359858 0.1187207048 5.063236623e-06)
(-0.02871813165 0.1360374236 -0.06478324576)
(-0.2161804556 0.07706134619 -5.605333896e-05)
(-0.2294939992 0.02642000668 0.06216754365)
(-0.2611643123 0.07111091889 0.06431007909)
(-0.2798106604 0.02426106532 -0.0001235762557)
(-0.2301336193 0.02642278822 -6.048478071e-05)
(-0.2624446049 0.07120127011 -0.0001127771067)
(-0.2155922323 0.07705255207 0.06263692058)
(-0.08856365415 0.1641701461 1.096985292e-06)
(-0.10622714 0.1294687329 0.06129109293)
(-0.1064379333 0.1294338467 -1.37002945e-06)
(-0.1478280158 0.1275664874 -2.010353119e-05)
(-0.1180739424 0.1637284255 0.06363064947)
(-0.1183825443 0.1637079222 -2.385231204e-05)
(-0.1475230749 0.1276171456 0.06227515934)
(-0.1888395557 0.1213544687 -4.536164944e-05)
(-0.2273729365 0.1127617819 0.06541222499)
(-0.1484158571 0.1574588082 0.06508944513)
(-0.179467826 0.1480725024 -9.379163071e-05)
(-0.2284551956 0.1127891413 -8.84719738e-05)
(-0.1488976196 0.157467672 -5.133894381e-05)
(-0.1883238243 0.1214005044 0.06368669397)
(-0.1211845048 0.02919707765 1.31486502e-05)
(-0.1162414894 0.08383930009 -0.06014581727)
(-0.11644882 0.08380906864 1.36296712e-05)
(-0.1672331816 0.08168167383 3.197593413e-05)
(-0.1766500892 0.02821128108 -0.06072626942)
(-0.1769984498 0.02819324918 3.278048784e-05)
(-0.1669048485 0.08171696176 -0.06121314967)
(-0.2161827229 0.07707472807 5.84791284e-05)
(-0.2798136675 0.02426667941 0.000123345671)
(-0.2295032848 0.02643718089 -0.06216868983)
(-0.2611731378 0.07114089822 -0.06431270534)
(-0.2301364216 0.02642932388 6.17750149e-05)
(-0.262448924 0.07121085053 0.000114238783)
(-0.2155971402 0.07709139194 -0.062639365)
(-0.08854318904 0.1641731051 5.246361282e-06)
(-0.1061894654 0.1295147353 -0.06129406451)
(-0.1064259334 0.1294470366 2.081959077e-06)
(-0.1478179266 0.1275859951 2.465128251e-05)
(-0.1180282626 0.1637678714 -0.06363009474)
(-0.1183691452 0.1637186473 3.456617862e-05)
(-0.1474937883 0.1276857399 -0.06227805896)
(-0.18884581 0.1213732544 5.107184803e-05)
(-0.1794984479 0.148077064 9.471658911e-05)
(-0.2274144244 0.1127673687 -0.06541360014)
(-0.1485047341 0.1575604742 -0.06508770624)
(-0.2284696607 0.1127911087 9.410013932e-05)
(-0.1489247461 0.1574893203 6.575105974e-05)
(-0.188340796 0.1214712743 -0.06369178698)
(0.06137940563 0.1170912888 -1.482480747e-05)
(0.03228813002 0.09491726987 0.06479702076)
(0.03221986551 0.09496434807 1.662428936e-05)
(0.1042406929 0.06804918223 -3.026273828e-06)
(0.1334092466 0.08541519377 0.06395078424)
(0.1333331566 0.08548597937 -2.313111835e-06)
(0.1042054573 0.06805651646 0.06432352502)
(0.225568333 0.04468814437 -1.320742218e-07)
(0.2471516338 0.05783962729 0.06344077632)
(0.4022649591 0.03127152402 0.06298855025)
(0.4115704733 0.03962639483 -1.856100755e-05)
(0.247133082 0.05784458926 -4.772895737e-06)
(0.40226323 0.03133668327 -3.225024419e-06)
(0.2255414283 0.04464550196 0.06381443961)
(0.06135766102 0.1171084538 8.026474997e-06)
(0.03223176616 0.09497483745 -0.06479271745)
(0.03220337885 0.09498140525 -7.932487732e-06)
(0.1042458327 0.06804759664 4.847004162e-06)
(0.1333796222 0.08547036852 -0.06394820928)
(0.1333236044 0.08550349499 7.052372965e-06)
(0.1042237191 0.06804349278 -0.06432487188)
(0.2255698879 0.04468882091 1.011821593e-06)
(0.4115743789 0.03962202948 1.316939043e-05)
(0.2471740589 0.05781371068 -0.06344186027)
(0.4022587229 0.03128878766 -0.06299024131)
(0.2471390059 0.05783826709 7.902808228e-06)
(0.402263248 0.03134179207 4.355013123e-06)
(0.2255447681 0.04464397004 -0.06381536089)
(-0.3029197934 0.06399549971 0.06613570453)
(-0.3256667475 0.02170953279 -0.0002809787766)
(-0.3057582346 0.0642803589 -0.000255434435)
(-0.3452411706 0.05600719769 -0.0006941296804)
(-0.3611466712 0.0184471255 0.06735540315)
(-0.3666277331 0.01865542873 -0.0007499319321)
(-0.3401402542 0.05527429732 0.0678568514)
(-0.463569345 -0.007969461079 0.04171076204)
(-0.3559755534 0.04872993587 0.04169747687)
(-0.375405203 0.01306425543 0.04076232036)
(-0.4431769328 0.004495205415 -0.04087863316)
(-0.4635710605 -0.007968537262 -0.04171058187)
(-0.3559783377 0.04873088039 -0.04169753017)
(-0.3754067156 0.01306646866 -0.0407621434)
(-0.065238378 0.1858968499 9.307542967e-06)
(-0.03459819931 0.1918859298 0.06476836447)
(-0.03465547362 0.1917969133 -4.618902367e-06)
(-0.07991259445 0.1873247166 0.06499015943)
(-0.08013429984 0.1873233178 2.869397534e-06)
(-0.03524909913 0.1962125889 1.033112384e-05)
(-0.03507879609 0.1962727289 0.06597910984)
(-0.1323649459 0.1598646046 -8.895282846e-05)
(-0.05631122163 0.1518621394 -0.0001745771214)
(-0.1457542041 0.1429658927 0.07306876506)
(-0.04808133929 0.1706930538 0.07195187724)
(-0.1477714924 0.1440383288 -0.0002271023702)
(-0.04886351592 0.1707003151 -0.0001152893002)
(-0.05500298378 0.1513703698 0.07428096555)
(-0.1121296659 0.004833851852 0.04750609537)
(0.0818295425 0.05396119336 0.04407867806)
(0.09573979086 -0.02287362459 0.04286377191)
(-0.1092225716 0.05392366719 -0.04550429697)
(-0.1121254332 0.004846369574 -0.04750684491)
(0.08183501124 0.0539636097 -0.04407331421)
(0.09573254026 -0.02287112401 -0.04286148174)
(0.09300267885 0.1341595216 -3.110267364e-05)
(0.1660466327 0.100226761 0.06425070299)
(0.1658936941 0.1003314194 -2.445017115e-05)
(0.1989757397 0.1116762159 -3.498058373e-05)
(0.1245071324 0.1453996253 0.06587212952)
(0.1244089137 0.14534117 -1.304628373e-05)
(0.1991920976 0.1116669724 0.06529251043)
(0.3146469598 0.08767307965 0.04519360876)
(0.4590069514 0.06541013162 0.03898499357)
(0.5222641854 0.03811106884 0.03996361415)
(0.2106053687 0.1430754348 -0.07175872382)
(0.3146122448 0.08765831588 -0.045198821)
(0.4589862837 0.06541104106 -0.03898688559)
(0.5222424144 0.03811161705 -0.03996788193)
(0.6213388398 0.03603053953 -2.1367224e-05)
(0.825930429 0.0363547938 -0.0001030426227)
(0.6299188936 0.03766430936 0.06322429928)
(0.8309664109 0.03711090796 0.06102917023)
(0.6294782397 0.03759405117 -2.611144115e-05)
(0.8307729514 0.03678517487 -7.696361607e-05)
(0.8263065397 0.0364146238 0.06141443736)
(0.7955976286 -0.01634448434 0.04185722973)
(1.073034411 -0.001610252253 0.03517916429)
(1.094150797 -0.03865767322 0.03502328315)
(0.7780497508 0.008418972269 -0.03902790321)
(0.7955479046 -0.01635446384 -0.04185741286)
(1.07300133 -0.001618559434 -0.03517958445)
(1.094113288 -0.03865692638 -0.03502660773)
(1.308314966 0.08662873176 0.03142912433)
(1.34441499 0.08936631755 0.02887442258)
(1.308301787 0.08660283819 -0.03143075637)
(1.344394406 0.08935703591 -0.02887766781)
(1.285173128 0.03882609889 0.03282826283)
(1.342911654 0.06322489004 0.02891619903)
(1.349019607 0.03607000683 0.02958815305)
(1.300139727 0.064439948 -0.03166796309)
(1.285183212 0.03881319023 -0.03282598378)
(1.342934671 0.0632098063 -0.02891572286)
(1.349003285 0.03604738983 -0.02959086271)
(-0.3811819074 0.04609885908 -0.001355019053)
(-0.3909633967 0.01483250894 0.06885362584)
(-0.3849749443 0.03143143397 0.07153077396)
(-0.4442856518 0.01115411875 -0.0004771617822)
(-0.4027808669 0.01516320854 -0.001437959514)
(-0.4252427147 0.03233774092 -0.0004131337114)
(-0.370211418 0.04493276436 0.06941272053)
(-0.2639880631 0.1020578855 0.06735471338)
(-0.2098960047 0.1365104698 -0.0001920569228)
(-0.2663341528 0.1023278282 -0.0002062336368)
(-0.3012180728 0.08994495731 -0.0005546428703)
(-0.2369648296 0.1217280643 0.07065868954)
(-0.2403376762 0.1229382626 -0.0004641628952)
(-0.2971810726 0.0890189014 0.06922379798)
(-0.3333360733 0.07601322213 -0.001072203938)
(-0.3419029468 0.06044991501 0.0742100801)
(-0.2639166801 0.1041940236 0.0719720718)
(-0.3068905413 0.08641860815 -0.0005001038735)
(-0.3723669814 0.06372728845 -0.000238378157)
(-0.2704350395 0.1064561825 -0.0009535626091)
(-0.3254211979 0.07412661742 0.07110499928)
(-0.3256667431 0.02171355045 0.0002800154143)
(-0.3029209707 0.06400022717 -0.06613589114)
(-0.3057603569 0.06428159497 0.0002567894854)
(-0.3452401759 0.05600509731 0.0006970576806)
(-0.3611433551 0.01845729196 -0.06735572914)
(-0.3666271557 0.0186586035 0.0007503730038)
(-0.3401392373 0.05526494582 -0.06785599745)
(-0.3811821071 0.0460982595 0.001356171407)
(-0.4442889451 0.0111586462 0.0004766802204)
(-0.3909704176 0.01484064071 -0.06885382905)
(-0.384981122 0.03143323021 -0.07152835099)
(-0.4027831375 0.01516600266 0.001438320761)
(-0.4252448374 0.03233815856 0.0004167304645)
(-0.3702106095 0.0449313987 -0.06941394736)
(-0.2099071205 0.1365132232 0.0001877428284)
(-0.2640191581 0.1020284615 -0.06735482455)
(-0.266343891 0.102320587 0.0002075843558)
(-0.3012198083 0.0899361525 0.0005528355256)
(-0.2369394014 0.1217202643 -0.07065870801)
(-0.2403341727 0.1229336012 0.0004594362016)
(-0.2971843221 0.08898900628 -0.06922485836)
(-0.3333348726 0.07601236286 0.001071813352)
(-0.3068887081 0.08641455997 0.0005037627208)
(-0.3419031233 0.06044928308 -0.07421282233)
(-0.2638846204 0.1041734381 -0.07196791856)
(-0.3723677875 0.06372679342 0.0002374882349)
(-0.2704245459 0.1064501129 0.0009558901285)
(-0.3254151335 0.07412682712 -0.0711045978)
(-0.09680567682 0.1819614451 0.06654086606)
(-0.1150448545 0.1725324209 -3.78986219e-05)
(-0.09717910278 0.181988915 -1.700709113e-05)
(-0.03832734151 0.1928312277 -1.129847154e-05)
(-0.04259381268 0.1841804711 0.0697209908)
(-0.04317171704 0.1841846195 -4.57155122e-05)
(-0.03796554304 0.192865886 0.06768990221)
(0.04142354377 0.1635591603 -1.33331709e-06)
(0.0009037922789 0.1837409831 0.06526936983)
(0.000813152976 0.1837144306 2.745938416e-06)
(0.01395827611 0.1908408307 2.256359975e-06)
(0.06578585036 0.1731383657 0.06616492021)
(0.06558436635 0.1731023377 -6.309292076e-06)
(0.01411540706 0.1909001107 0.06646888322)
(0.02469967256 0.1896357968 -4.723566852e-06)
(0.03355168398 0.18209199 0.07033934116)
(0.08737967662 0.174935002 0.06769108166)
(0.1040706657 0.1705851052 -8.41720968e-05)
(0.03302972399 0.1819639543 -1.431235638e-05)
(0.08698498002 0.1749060993 -3.173088509e-05)
(0.02495408164 0.1897122422 0.06817795149)
(-0.06521269967 0.1858618056 -9.106116081e-06)
(-0.03469996043 0.1918227695 -0.06476423456)
(-0.03467844752 0.1917761013 -5.359127135e-06)
(-0.07979449581 0.1870906155 -0.06498157397)
(-0.08010661378 0.1872576942 8.247885851e-06)
(-0.03526045035 0.1961727777 -4.474582641e-05)
(-0.03511469124 0.1961215775 -0.0659997256)
(-0.1150849347 0.1725087627 4.802245672e-05)
(-0.09690451581 0.1817581118 -0.06650730311)
(-0.09721401524 0.1819268921 4.924283692e-05)
(-0.03831460874 0.1927747607 -1.52351759e-05)
(-0.04253974486 0.1841250917 -0.06971817674)
(-0.04315737691 0.184166336 3.69596866e-05)
(-0.0378903151 0.1926556124 -0.06769235143)
(0.04143527901 0.1635564059 4.70699361e-06)
(0.0008628678785 0.1837877988 -0.06527080738)
(0.0008042738804 0.1837256817 -5.206186554e-06)
(0.01396210194 0.1908737449 -5.495898324e-06)
(0.06579090821 0.1731851355 -0.06616386051)
(0.06558799666 0.1731148224 8.959145153e-06)
(0.01412112771 0.1910321325 -0.06646993045)
(0.02472547422 0.1896551199 2.68468977e-06)
(0.1040738601 0.1705912693 8.057014546e-05)
(0.03361321069 0.1821112218 -0.07033536774)
(0.0873868544 0.1749882821 -0.06769194724)
(0.03304850889 0.181971432 2.101563605e-05)
(0.08698978331 0.1749220785 3.209401193e-05)
(0.0250427965 0.1897814673 -0.06817745371)
(-0.06400222202 0.1222096098 -0.0003320374546)
(-0.1547463138 0.1220787577 0.07559784018)
(-0.0630811146 0.09403457418 0.07879310552)
(-0.16402848 0.1005129396 -0.0001624519713)
(-0.1571588956 0.1240789725 -0.0005029512994)
(-0.06884826242 0.09194276797 -0.0002363375923)
(-0.06273497448 0.1243486678 0.0765079608)
(0.04265169056 0.1499956951 4.49535414e-05)
(0.04118388036 0.168318158 0.07280781987)
(0.1271324984 0.1488766204 0.07300779033)
(0.1158281252 0.1610867461 -0.0002083065809)
(0.04070310177 0.1680384334 -9.206700617e-05)
(0.1232726562 0.1485482825 -0.0002635305255)
(0.04618452985 0.150213936 0.07646421339)
(-0.1323862108 0.1598559441 9.675354393e-05)
(-0.05630874161 0.1518580521 0.0001705716496)
(-0.1457996173 0.142959136 -0.07306651745)
(-0.04806937007 0.1706656997 -0.07195481919)
(-0.1477866387 0.1440338839 0.0002261567603)
(-0.04886134023 0.1706895715 0.0001070658749)
(-0.05499125687 0.1513605292 -0.07427643613)
(-0.06399254715 0.1222112807 0.0003305296734)
(-0.164025319 0.1005084424 0.0001577259636)
(-0.15475489 0.1220531503 -0.0755993102)
(-0.06306800948 0.09404956611 -0.07878974797)
(-0.1571599863 0.1240704975 0.0004986399583)
(-0.06884325277 0.09194659862 0.0002360187695)
(-0.06271520071 0.1243583839 -0.07650663048)
(0.04264819994 0.1499937156 -4.74617259e-05)
(0.1158252418 0.1610941402 0.0002041305373)
(0.04116764528 0.1683322906 -0.07280568191)
(0.1271346571 0.1489056193 -0.07301124346)
(0.04069864564 0.1680436932 9.565154298e-05)
(0.1232717737 0.1485537607 0.000258267129)
(0.04617037928 0.1502076726 -0.07646152863)
(0.2315395685 0.1182156264 -5.869675849e-05)
(0.1545760339 0.1501506322 0.06730797806)
(0.2626566059 0.1200451513 0.06840976362)
(0.1822854974 0.1492246249 -4.027426353e-05)
(0.1543043499 0.1500933939 -1.823331382e-05)
(0.2620252376 0.1201470847 -8.65818922e-05)
(0.2318371569 0.118355757 0.0666902007)
(0.2739414356 0.06907149669 0.06371105392)
(0.4258912337 0.04738757323 -2.684661554e-05)
(0.2738168704 0.06910414238 -3.388796178e-06)
(0.3035346961 0.07725998168 -2.486877734e-05)
(0.4446607126 0.05311990389 0.06363189006)
(0.4442093704 0.05313170937 -6.720615068e-05)
(0.3038519412 0.07729906595 0.06469104158)
(0.3357673929 0.08127848551 -7.36555051e-05)
(0.3656190212 0.07999873773 0.06925723057)
(0.4634558662 0.0565597342 0.06439336974)
(0.4854086618 0.05882665081 -0.000222838248)
(0.3629137041 0.07965183011 7.603380676e-05)
(0.4628806894 0.05639354528 -0.0001562027544)
(0.3358846975 0.0815019914 0.0662899302)
(0.09300545775 0.1341616823 2.009849242e-05)
(0.1660040855 0.1003159745 -0.06425092952)
(0.1658809263 0.1003581645 2.294064925e-05)
(0.1989789815 0.1116902837 3.015879597e-05)
(0.1245670615 0.1453896454 -0.06586951087)
(0.1244262832 0.1453403936 9.493701281e-06)
(0.1992030434 0.1117083028 -0.06529344431)
(0.2315520429 0.1182198987 5.969877771e-05)
(0.1822928418 0.1492358891 4.504723035e-05)
(0.1546257993 0.1501681795 -0.06730727835)
(0.2626886305 0.1200353929 -0.06840989897)
(0.1543196418 0.1501003881 2.093752329e-05)
(0.2620331894 0.1201444442 8.905121817e-05)
(0.2318801927 0.1183641222 -0.06669099805)
(0.4259025787 0.04737680256 3.179973514e-05)
(0.273933348 0.06910089943 -0.06370999508)
(0.2738133697 0.06911378941 1.103916608e-05)
(0.3035282475 0.0772746728 2.562581013e-05)
(0.4446625153 0.05311962883 -0.06363332757)
(0.4442103115 0.05313288277 7.055204265e-05)
(0.3038277414 0.07734557502 -0.06469085369)
(0.3357644602 0.08128670867 7.437730781e-05)
(0.4853977012 0.05883504623 0.0002274331748)
(0.3656094333 0.08001526372 -0.0692621841)
(0.463458891 0.05657681562 -0.06439649887)
(0.3629065957 0.07965642035 -7.716777664e-05)
(0.4628791931 0.0564001457 0.0001580751907)
(0.3358773606 0.08152551543 -0.06629047433)
(0.6210112215 0.03128850421 0.06183589544)
(0.6186362236 0.03341314091 -1.327890053e-05)
(0.6210442554 0.0313169528 -2.358813132e-07)
(0.8493408989 0.04255318709 -2.852601668e-05)
(0.8382314586 0.03945036335 0.06053074989)
(0.8380892648 0.03932242567 -4.197341341e-05)
(0.8494078628 0.04257743888 0.06043733447)
(1.050717241 0.05861276984 -5.612690859e-05)
(1.035962646 0.05074482291 0.05905580051)
(1.195745297 0.07725686739 0.05664050225)
(1.179635404 0.06394631858 -6.0611567e-05)
(1.03566534 0.05059669476 -8.555135959e-05)
(1.195558744 0.07566285573 -7.179721697e-05)
(1.050910426 0.05870063047 0.05886012194)
(0.6186327934 0.03342204658 9.283142503e-06)
(0.6210384955 0.03128549266 -0.06183544732)
(0.6210531104 0.03131630988 1.020428078e-05)
(0.8493532647 0.04255272179 3.279638838e-05)
(0.8382314657 0.03946927022 -0.06053091379)
(0.8380866033 0.03932833579 4.679382218e-05)
(0.8494480982 0.04256959509 -0.0604410526)
(1.050714412 0.05861462697 5.756230945e-05)
(1.179644241 0.06393942293 6.763096035e-05)
(1.035962936 0.05075173701 -0.05905949869)
(1.195716242 0.07725374657 -0.05664137078)
(1.035664386 0.05059734852 9.049753096e-05)
(1.195550419 0.07565943763 6.798616503e-05)
(1.050906574 0.05870551314 -0.05886147293)
(0.8204534779 0.02710863587 -0.0001574742423)
(0.6468703587 0.03595846927 0.06471042432)
(0.8335032393 0.01458618403 0.06187903383)
(0.6601235682 0.03146386462 4.105875047e-05)
(0.6466711495 0.03584201795 -0.0001443155683)
(0.8308692315 0.01148529268 -0.0002431003118)
(0.8208775696 0.02899945657 0.06182472086)
(1.016269999 0.03157074636 2.078165153e-05)
(1.028997058 0.04252508868 0.05986396401)
(1.1605305 0.03964012422 0.05660720317)
(1.164573031 0.0518657419 -0.0001374958267)
(1.029068581 0.04224668262 -0.000155078879)
(1.158446326 0.03670766738 -0.0001950932062)
(1.018008905 0.03199573447 0.06305869381)
(0.6213412478 0.03603039492 1.804055413e-05)
(0.8259336714 0.03635787674 0.0001055785836)
(0.629946832 0.03765806765 -0.06322754524)
(0.8309586417 0.03713927581 -0.06102959632)
(0.629485877 0.03759308474 3.018646543e-05)
(0.8307718706 0.03679380823 7.583224666e-05)
(0.8263143751 0.03642344641 -0.0614169715)
(0.8204580467 0.02710810158 0.0001606275647)
(0.6601256993 0.03146612487 -3.885187856e-05)
(0.6468810146 0.0359606832 -0.0647116924)
(0.833510386 0.01458272969 -0.06188179269)
(0.6466738549 0.03584396493 0.0001482360051)
(0.8308725673 0.01148480047 0.0002478742235)
(0.820890882 0.02899568625 -0.06182799879)
(1.016266751 0.03157466995 -1.977967048e-05)
(1.164574212 0.05186718908 0.0001398499063)
(1.028991551 0.04253986958 -0.05986389255)
(1.160520036 0.03964950882 -0.05660768036)
(1.029066986 0.04225146101 0.0001569015036)
(1.158444625 0.0367150489 0.0001969777009)
(1.017997931 0.03200583191 -0.06305979397)
(0.2398383336 0.1317126323 0.07573256579)
(0.2918074245 0.1133492571 0.07063745247)
(0.2099759477 0.1429809505 -0.0001534021936)
(0.2360210059 0.1315120852 -4.389755616e-05)
(0.2910487695 0.1108138534 -0.0001456211845)
(0.323687837 0.09442939612 -0.0002200343289)
(0.3274778718 0.09777273085 0.07257414066)
(0.2099709648 0.1429946893 0.0001593775616)
(0.2397968753 0.1317535626 -0.07572659981)
(0.2918034592 0.1133318632 -0.07063603176)
(0.2360006384 0.1315222244 4.665320064e-05)
(0.2910440127 0.1108070045 0.0001497939357)
(0.3236659908 0.09442231844 0.0002189951787)
(0.3274290739 0.0977509913 -0.07257050292)
(-0.005092285079 0.02414470524 -0.000130027571)
(-0.002345109793 0.01405590194 -0.0001204802554)
(-0.0008668896059 0.00465440057 -0.0001105890922)
(-0.003170813125 0.008828196882 0.0283085371)
(-0.001162706564 0.005086518166 0.01792889102)
(4.595652789e-05 0.00169083538 0.01015797439)
(-0.003393055665 0.008800262734 -0.0001277356763)
(-0.001222444147 0.005075372672 -0.0001195187693)
(-0.000441880939 0.001645691969 -0.0001090093942)
(-0.004866964548 0.0241361344 0.02893505629)
(-0.002281418746 0.01404052276 0.01820849389)
(-0.0003721343824 0.004706915433 0.01033036816)
(-0.009554896164 0.03238426677 -0.0001143086221)
(-0.005264239815 0.01884193639 -0.0001097357043)
(-0.00192654725 0.006207869295 -0.0001076064604)
(-0.00939485416 0.03248746151 0.03064112495)
(-0.005243510981 0.01889815683 0.01904270734)
(-0.001442578458 0.006361313615 0.01083733778)
(-0.005092172213 0.02414518897 0.0001301091192)
(-0.002345078193 0.01405619026 0.0001205297302)
(-0.0008668805026 0.004654489441 0.0001106180103)
(-0.003171211047 0.008829529528 -0.02830851308)
(-0.001162884548 0.005087351601 -0.0179288388)
(4.591340759e-05 0.001691135697 -0.01015794077)
(-0.003392996057 0.008800717235 0.0001276463246)
(-0.001222418009 0.005075630728 0.000119460473)
(-0.0004418696747 0.001645775292 0.0001089752992)
(-0.004867172823 0.02413772066 -0.02893516176)
(-0.002281528997 0.01404151047 -0.01820852008)
(-0.0003721752322 0.004707275648 -0.01033038704)
(-0.009554673508 0.03238441141 0.0001144712148)
(-0.005264160314 0.01884198649 0.0001098454138)
(-0.001926528901 0.006207866013 0.0001076732522)
(-0.009394878399 0.03248854207 -0.03064132195)
(-0.005243612278 0.01889884279 -0.01904280137)
(-0.00144264788 0.006361575464 -0.01083740165)
)
;

boundaryField
{
    inlet
    {
        type            fixedValue;
        value           nonuniform 0();
    }
    outlet
    {
        type            zeroGradient;
    }
    topAndBottom
    {
        type            symmetry;
    }
    frontAndBack
    {
        type            empty;
    }
    cylinder
    {
        type            noSlip;
    }
    procBoundary3to1
    {
        type            processor;
        value           nonuniform List<vector> 
125
(
(-0.4073216515 0.02506736316 5.434726285e-07)
(-0.3481649206 0.05006077469 -1.929545238e-21)
(-0.2473175317 0.06838116533 -1.385274568e-22)
(-0.1220854003 0.07975621189 -3.938087305e-26)
(0.01701065529 0.08309578172 4.291869786e-23)
(0.1568384422 0.08041346696 -8.891145061e-24)
(0.288934297 0.07375320249 -1.938484895e-22)
(0.4081674816 0.06526788451 1.673925516e-22)
(0.5122515119 0.05645017457 -3.154624115e-23)
(0.6011489406 0.04811270219 -2.768600856e-22)
(0.6760866409 0.04061367668 2.764450865e-22)
(0.7387821133 0.0340471865 -2.297044118e-22)
(0.790993972 0.02836000134 4.307956872e-22)
(0.8342989169 0.02342669484 -3.751944275e-22)
(0.8699981512 0.01910483097 3.445587392e-23)
(0.8991094546 0.01527590983 1.572915982e-22)
(0.9224232852 0.01187208106 0)
(0.9406019841 0.008884886679 -8.568597784e-23)
(0.954289394 0.00635187056 9.169624392e-23)
(0.9641902188 0.004323681708 6.665390406e-23)
(0.9710865957 0.002824683966 -9.521644723e-23)
(0.9757870964 0.00182561116 3.978581474e-24)
(0.9790368139 0.001241275808 2.318465513e-23)
(0.981434026 0.0009522951143 -1.961682095e-23)
(0.9833888313 0.0008372082475 3.332665821e-23)
(0.9851323508 0.0007988009371 -1.598181236e-23)
(0.9867610268 0.0007755884823 -2.345895764e-23)
(0.9882915646 0.0007391131417 1.366638975e-23)
(0.9897073132 0.0006835784885 1.028698613e-23)
(0.9909878759 0.0006146135492 8.107741199e-24)
(0.9921227717 0.0005410093219 -1.521158106e-23)
(0.9931141134 0.0004702089136 7.309261694e-24)
(0.9939736033 0.0004066877772 5.646981648e-24)
(0.994717707 0.0003520862014 -1.026828615e-23)
(0.9953633159 0.0003059901318 6.917051218e-24)
(0.9959257756 0.000267090853 -2.989530306e-24)
(0.9964178061 0.0002339006117 3.490851372e-24)
(0.9968492297 0.0002051901701 -1.962252508e-25)
(0.9972278944 0.0001801186351 -1.437956014e-24)
(0.9975603645 0.0001581413005 1.702302404e-24)
(0.9978523361 0.0001388758469 -2.096528423e-24)
(0.9981088298 0.0001220066193 1.84674668e-24)
(0.9983342655 0.0001072444014 -8.650230632e-25)
(0.9985325109 9.431995354e-05 -3.173850564e-25)
(0.9987069347 8.299400287e-05 3.595547415e-25)
(0.9988604664 7.305982447e-05 -7.96513166e-25)
(0.9989956603 6.43404042e-05 2.791724394e-25)
(0.9991147463 5.667893193e-05 -2.024377358e-25)
(0.9992196768 4.994598324e-05 2.415004609e-26)
(0.9993121662 4.402761003e-05 1.783421589e-25)
(0.9993937162 3.882347913e-05 1.382496404e-25)
(0.9994656442 3.424738135e-05 -1.314483128e-25)
(0.9995291082 3.022283419e-05 2.345416699e-25)
(0.9995851261 2.668299659e-05 9.921786728e-26)
(0.9996345938 2.356952896e-05 -4.796972152e-27)
(0.9996783002 2.083138949e-05 -7.795194383e-26)
(0.9997169407 1.842403612e-05 9.210734882e-27)
(0.9997511283 1.630847853e-05 4.78270397e-27)
(0.9997814045 1.445063284e-05 -2.668536454e-26)
(0.9998082477 1.282082684e-05 -4.380118007e-26)
(0.9998320817 1.139321469e-05 3.007687216e-27)
(0.9998532816 1.014520386e-05 2.736052029e-27)
(0.9998721835 9.056971452e-06 -2.370489617e-26)
(0.9998890762 8.111251914e-06 -1.428875645e-26)
(0.9999042591 7.292539618e-06 4.842723976e-27)
(0.9999178361 6.589689163e-06 -2.747505859e-27)
(0.9999305281 5.981435249e-06 2.748054162e-27)
(0.9999404087 5.511330278e-06 -2.264795464e-28)
(0.999955222 4.881449444e-06 2.274196431e-28)
(-0.1209608518 -0.02915841148 0.05959866878)
(-0.3226042867 -0.02151218456 0.06563427672)
(-0.4431820238 -0.004400535195 0.04088081033)
(-0.06579096815 -0.02798499987 0.05870106245)
(-0.06578955056 -0.02798361364 -0.05870096482)
(-0.2784142447 -0.0241299822 0.06383710397)
(-0.120954043 -0.02915223212 -0.05959868227)
(-0.2784188998 -0.02413158196 -0.06383777903)
(-0.06593953206 -0.02795005315 -1.374559062e-06)
(-0.01558733443 -0.02120274969 0.05704634615)
(-0.0160389678 -0.02115202666 -1.792392598e-05)
(-0.06593869076 -0.02794965873 6.461062722e-07)
(-0.01558955405 -0.02120416385 -0.05704654351)
(-0.0160392438 -0.0211525365 1.76505302e-05)
(-0.4027389848 -0.01060542043 0.0709967554)
(-0.3225976238 -0.02151822162 -0.0656344408)
(-0.4027437676 -0.010620249 -0.07099927361)
(-0.1211865758 -0.02913800424 -1.298220199e-05)
(-0.1766549132 -0.02812281133 0.06072790313)
(-0.1770005535 -0.02811170324 -3.193117142e-05)
(-0.2294932261 -0.02632526532 0.06216974289)
(-0.2798079355 -0.02416096897 -0.0001235902024)
(-0.2301324632 -0.02632709966 -6.055352795e-05)
(-0.1211843349 -0.02913605751 1.285564287e-05)
(-0.1766524269 -0.028114722 -0.06072821566)
(-0.1769997552 -0.02810878676 3.227365348e-05)
(-0.2798094549 -0.02416074388 0.0001228718595)
(-0.2295007072 -0.02631935293 -0.06217026865)
(-0.230134601 -0.02632462314 6.119273301e-05)
(-0.4635856833 0.008050668906 0.04171395137)
(-0.4431874416 -0.004402868669 -0.04088074201)
(-0.4635873828 0.008049512083 -0.0417137735)
(-0.3256652295 -0.02160613444 -0.0002809836663)
(-0.3611476734 -0.01834439763 0.06735727004)
(-0.3666288535 -0.01855288007 -0.0007499282709)
(-0.3909670786 -0.0147317357 0.06885542575)
(-0.4442922538 -0.0110509482 -0.0004771541728)
(-0.4027851157 -0.01505998634 -0.001437973928)
(-0.3256641111 -0.02160712274 0.0002797230247)
(-0.3611426647 -0.01835146203 -0.06735744936)
(-0.3666275758 -0.01855478829 0.0007502189)
(-0.4442953302 -0.01105550659 0.000476661526)
(-0.3909732323 -0.01473888164 -0.06885556297)
(-0.4027870615 -0.01506237029 0.001438270291)
(-0.003169972757 -0.008826815854 0.02830965503)
(-0.001162327426 -0.005086832949 0.01792961646)
(4.606471266e-05 -0.001691319818 0.01015837079)
(-0.003392248277 -0.008798937062 -0.0001277447734)
(-0.001222072364 -0.005075721947 -0.0001195281729)
(-0.0004417972549 -0.001646219062 -0.0001090170799)
(-0.003170471825 -0.008827305344 -0.02830954887)
(-0.001162513678 -0.005087117834 -0.01792950701)
(4.603172087e-05 -0.001691413859 -0.01015830266)
(-0.003392227761 -0.008799057773 0.0001275900699)
(-0.001222050819 -0.005075765456 0.0001194233344)
(-0.0004417808738 -0.001646222652 0.0001089544333)
)
;
    }
    procBoundary3to2
    {
        type            processor;
        value           nonuniform List<vector> 
103
(
(1.342418225 0.1158906697 0.02798388711)
(1.342365273 0.1158830084 -0.02798717028)
(1.308408304 0.1368218395 0.02397595731)
(1.289132108 0.1278222115 0.02229929857)
(1.308430329 0.1368281599 -0.02397286901)
(1.289134189 0.1278028468 -0.02229841513)
(1.251130767 0.118431348 -1.93172621e-06)
(1.218347138 0.1006561469 0)
(1.191419824 0.08504649064 -2.813564069e-22)
(1.169392771 0.07205233366 1.014570563e-22)
(1.151252507 0.06150039743 -8.953115154e-23)
(1.136129256 0.05273166913 8.256541044e-23)
(1.123427621 0.04540887658 1.052331379e-23)
(1.112706202 0.03921424143 5.456471377e-23)
(1.103626047 0.03390218056 -7.437798843e-24)
(1.095929089 0.02927106107 2.030454517e-23)
(1.089411908 0.02517057265 -8.320741041e-23)
(1.083919904 0.0214810373 -7.395966583e-23)
(1.079330787 0.01810814495 1.205110494e-23)
(1.075546787 0.01497966216 0)
(1.07249416 0.01203652551 0)
(1.070115431 0.009232304874 -1.611880808e-23)
(1.068366608 0.006527587953 2.185897672e-23)
(1.067217096 0.003892557741 -2.674831669e-23)
(1.066646799 0.001292602632 4.598296328e-23)
(-0.0229535812 0.04162985842 -0.0001391387753)
(-0.01327960632 0.03062694381 0.03293960198)
(-0.02245633305 0.04177056512 0.05717238215)
(-0.01341732401 0.03056575309 -0.0001065518825)
(-0.01186123133 0.03351840775 0.02988299178)
(-0.0121887605 0.03346017389 -0.000149700523)
(-0.01185944745 0.03351479878 -0.02988214689)
(-0.01218815784 0.03345875282 0.0001499731074)
(-0.03164820182 0.04708644442 6.509053074e-05)
(-0.02403112841 0.08585172668 5.822347405e-06)
(-0.03150806527 0.04707074581 0.06598885809)
(-0.02399237569 0.08598456146 0.06578422761)
(-0.02399237569 0.08598456146 0.06578422761)
(-0.02403112841 0.08585172668 5.822347405e-06)
(-0.02295532721 0.0416294469 0.0001389267628)
(-0.01327681199 0.03062012571 -0.03294165082)
(-0.02246148159 0.04176936211 -0.05717073175)
(-0.01341605563 0.03056257669 0.0001059968869)
(-0.03164968252 0.04709190677 -6.654637212e-05)
(-0.02404427911 0.08586080249 -8.123858409e-06)
(-0.03151394486 0.04708916468 -0.06599065018)
(-0.02403951206 0.08601674059 -0.06578349859)
(-0.02403951206 0.08601674059 -0.06578349859)
(-0.02404427911 0.08586080249 -8.123858409e-06)
(0.007381661917 0.07113486894 0.06583928775)
(0.007378222789 0.07111139974 2.120603421e-05)
(0.08044158914 0.05004671287 -2.651044749e-06)
(0.08039049777 0.05007420389 0.06540570239)
(0.2095345433 0.03200997367 -1.098693338e-07)
(0.398311791 0.02421414933 0.06357433918)
(0.3984123234 0.02426496129 -4.821397096e-06)
(0.2094875809 0.03196117334 0.06464649018)
(0.007412340763 0.07114980847 -0.06583717052)
(0.007385915885 0.07111685952 -1.629396495e-05)
(0.0804445323 0.05004821577 -1.310797961e-07)
(0.08039761379 0.05007375335 -0.06540821394)
(0.2095364465 0.03201279482 2.338704824e-06)
(0.3983835355 0.02418276683 -0.06357359678)
(0.398438552 0.02425470281 1.107916116e-05)
(0.2094826735 0.0319729365 -0.0646483252)
(0.6290032907 0.02991679094 0.06237500095)
(0.629059335 0.03001166955 -9.921252888e-06)
(0.8670157643 0.04665835879 -1.156332291e-05)
(0.8670378795 0.04653556009 0.06099078257)
(1.300041413 0.1016835049 0.0552422567)
(1.298531243 0.1014695634 -5.128338783e-05)
(1.336683971 0.1060290306 -9.697600523e-05)
(1.338455624 0.1083681376 0.05204939428)
(1.342418225 0.1158906697 0.02798388711)
(1.300040557 0.101684534 -0.05524167307)
(1.298525926 0.101466774 5.485800142e-05)
(1.336678694 0.106011869 9.681705421e-05)
(1.33844978 0.1083357152 -0.05204762031)
(1.342365273 0.1158830084 -0.02798717028)
(1.071086433 0.06860380745 -1.307230676e-05)
(1.215428082 0.08992550623 0.05643887138)
(1.215309419 0.08987701425 -5.272019296e-05)
(1.071215333 0.0685730753 0.05901333432)
(0.6290895322 0.02989269546 -0.06237678053)
(0.6290888314 0.03000557652 1.275382804e-05)
(0.8670315246 0.04667168512 7.253866483e-06)
(0.867071293 0.04656832295 -0.06099132327)
(1.071070108 0.06861727511 1.30951026e-05)
(1.215413434 0.08993769612 -0.0564384443)
(1.215298734 0.08987867983 5.401111051e-05)
(1.071176431 0.06861262624 -0.05901335945)
(-0.01186123133 0.03351840775 0.02988299178)
(-0.006901350029 0.01921137826 0.02006115222)
(-0.002018832045 0.006393760999 0.01138236512)
(-0.01185944745 0.03351479878 -0.02988214689)
(-0.006900339733 0.01920932684 -0.02006088357)
(-0.002018546594 0.006393085591 -0.01138244679)
(-0.0121887605 0.03346017389 -0.000149700523)
(-0.006965994877 0.01921455849 -0.0001415823753)
(-0.002529491825 0.006215918017 -0.0001282765868)
(-0.01218815784 0.03345875282 0.0001499731074)
(-0.006965720352 0.01921380862 0.000141771802)
(-0.00252944402 0.006215701272 0.0001283926468)
)
;
    }
}


// ************************************************************************* //
