/*--------------------------------*- C++ -*----------------------------------*\
| =========                 |                                                 |
| \\      /  F ield         | OpenFOAM: The Open Source CFD Toolbox           |
|  \\    /   O peration     | Version:                                        |
|   \\  /    A nd           | Website:  www.openfoam.com                      |
|    \\/     M anipulation  |                                                 |
\*---------------------------------------------------------------------------*/
FoamFile
{
    version     2.0;
    format      ascii;
    class       surfaceScalarField;
    location    "3.5";
    object      phi;
}
// * * * * * * * * * * * * * * * * * * * * * * * * * * * * * * * * * * * * * //

dimensions      [0 3 -1 0 0 0 0];
oriented        oriented;


internalField   nonuniform List<scalar> 
6016
(
0.01968178233
-2.285273234e-05
0.01971085561
-2.907327229e-05
0.01974637814
-3.552253121e-05
0.01978861918
-4.224103701e-05
0.01983787407
-4.925488594e-05
0.01989441639
-5.654232161e-05
0.01995836713
-6.395073392e-05
0.02002910137
-7.073424264e-05
0.02010221871
-7.311733482e-05
0.02015894576
-5.672704747e-05
0.02019718953
-3.824376464e-05
0.02024340274
-4.621321629e-05
0.02029585858
-5.245583195e-05
0.02035256699
-5.670840534e-05
0.02041330355
-6.073656419e-05
0.02047825452
-6.495096006e-05
0.02054753833
-6.928380761e-05
0.02062085052
-7.331219393e-05
0.02069717002
-7.631949829e-05
0.02077469415
-7.752412426e-05
0.02085106575
-7.637160782e-05
0.02092379191
-7.272615202e-05
0.02099060666
-6.681475417e-05
0.02104940153
-5.879486561e-05
0.02109877765
-4.937612244e-05
0.02113987181
-4.109415613e-05
-3.229577554e-05
0.01999198042
-2.426954871e-05
0.01999759239
-3.468523476e-05
0.02000732508
-4.525522039e-05
0.0200210761
-5.599205192e-05
0.02003866916
-6.684794185e-05
0.02005976354
-7.763669945e-05
0.02008366423
-8.785141744e-05
0.02010911971
-9.618972454e-05
0.02013529728
-9.92948984e-05
0.02016874334
-9.017310138e-05
0.02020935356
-7.88539874e-05
0.02024643169
-8.329134224e-05
0.02029688052
-0.000102904656
0.0203536332
-0.000113461077
0.02041474011
-0.0001218434734
0.02048017385
-0.0001303846959
0.02055003789
-0.0001391478492
0.02062401956
-0.0001472938574
0.02070108854
-0.0001533884748
0.02077943034
-0.0001558659288
0.02085667243
-0.0001536136933
0.02093029823
-0.0001463519529
0.02099801257
-0.0001345290901
0.02105768481
-0.0001184671031
0.02110785319
-9.954448867e-05
0.02114958015
-8.282110892e-05
-6.505416239e-05
0.01998898362
-2.522646048e-05
0.01999399144
-3.969305521e-05
0.02000294799
-5.421176539e-05
0.02001572203
-6.876608675e-05
0.02003211831
-8.324421823e-05
0.02005183068
-9.73490712e-05
0.02007442594
-0.0001104466728
0.02009956955
-0.0001213333359
0.0201283997
-0.0001281250392
0.02016655869
-0.0001283320917
0.02021217472
-0.0001244700126
0.02025081862
-0.0001219352379
0.02029873126
-0.000150817292
0.02035528529
-0.0001700151099
0.02041713039
-0.0001836885696
0.02048360153
-0.0001968558354
0.02055470819
-0.000210254502
0.02063011796
-0.0002227036343
0.02070877722
-0.0002320477301
0.02078884443
-0.0002359331428
0.02086791205
-0.0002326813108
0.02094341468
-0.0002218545785
0.02101298924
-0.0002041036555
0.02107442872
-0.0001799065816
0.02112620295
-0.0001513187115
0.02116918895
-0.0001258071013
-9.866853918e-05
0.0199862426
-2.578485836e-05
0.01999072297
-4.417341645e-05
0.01999902545
-6.251424904e-05
0.02001104253
-8.078316026e-05
0.02002664895
-9.885063432e-05
0.02004571246
-0.000116412576
0.0200681849
-0.0001329191079
0.02009439842
-0.0001475468603
0.02012566662
-0.0001593932392
0.02016526604
-0.0001679314999
0.02021728182
-0.0001764857973
0.02027162185
-0.0001762752648
0.02030872148
-0.0001879169215
0.02035875526
-0.000220048887
0.02042032644
-0.0002452597427
0.02048827255
-0.0002648019445
0.02056129539
-0.0002832773494
0.02063891911
-0.0003003273515
0.02072005308
-0.0003131816974
0.02080281285
-0.0003186929155
0.02088473631
-0.0003146047665
0.02096318003
-0.0003002983042
0.02103567423
-0.0002765978547
0.02109988514
-0.000244117489
0.02115414215
-0.0002055757218
0.02119909267
-0.0001707576217
-0.0001336249525
0.01998384531
-2.139836064e-05
0.019987884
-4.821210373e-05
0.019995652
-7.028225224e-05
0.02000709454
-9.222569681e-05
0.02002218945
-0.0001139455392
0.02004097897
-0.0001352020961
0.02006366697
-0.0001556071041
0.0200907907
-0.0001746705833
0.02012336774
-0.0001919702828
0.02016288918
-0.000207452934
0.0202119756
-0.0002255722141
0.02027751035
-0.0002418100135
0.02033380617
-0.0002442127407
0.02037138088
-0.0002576236016
0.02042517041
-0.0002990492716
0.02049384534
-0.0003334768778
0.02056939737
-0.0003588293795
0.02065006599
-0.0003809959669
0.02073462785
-0.0003977435587
0.02082114147
-0.0004052065316
0.02090706837
-0.0004005316623
0.02098965495
-0.0003828848913
0.02106627634
-0.0003532192352
0.021134412
-0.0003122531531
0.02119217915
-0.0002633428799
0.02123992033
-0.0002184988058
-0.0001704920937
0.02000262768
-3.226934863e-06
0.01998549935
-3.108377107e-05
0.01999280662
-7.758952181e-05
0.02000376959
-0.0001031886616
0.02001845626
-0.000128632206
0.02003703455
-0.0001537803817
0.02005983373
-0.0001784062893
0.02008741386
-0.0002022507072
0.02012056423
-0.0002251206499
0.02016011466
-0.0002470033592
0.02020614841
-0.0002716059628
0.02026292012
-0.0002985817283
0.0203370008
-0.000318293423
0.02039843152
-0.0003190543138
0.02043410432
-0.0003347220815
0.02050017637
-0.0003995489249
0.0205784566
-0.0004371096052
0.02066300767
-0.0004655470403
0.02075204198
-0.0004867778688
0.02084350422
-0.000496668767
0.02093475391
-0.000491781352
0.02102288656
-0.0004710175388
0.02110506372
-0.0004353964008
0.02117850208
-0.0003856915049
0.02124101889
-0.0003258597015
0.02129255378
-0.0002700337029
-0.0002099627401
0.02002444075
-4.877177921e-06
0.02002385599
-3.049900927e-05
0.02000254358
-5.627711583e-05
0.02000089342
-0.0001015384982
0.02001512022
-0.0001428589998
0.02003335389
-0.0001720140453
0.0200559771
-0.0002010294989
0.02008353918
-0.000229812791
0.02011670592
-0.0002582873866
0.02015613537
-0.0002864328092
0.020201652
-0.0003171225844
0.02025341839
-0.0003503481174
0.02031571303
-0.0003805880634
0.02038772906
-0.0003910703529
0.02044181214
-0.0003888051599
0.0205070934
-0.0004648301839
0.02058818105
-0.0005181972562
0.02067709292
-0.0005544589035
0.0207716578
-0.000581342748
0.02086941245
-0.0005944234159
0.02096752062
-0.0005898895229
0.02106287405
-0.0005663709684
0.02115234162
-0.0005248639681
0.02123277702
-0.0004661268984
0.02130158267
-0.0003946653594
0.02135816309
-0.000326614126
-0.0002529093768
0.0200265762
-6.438373423e-06
0.02003108925
-3.501205716e-05
0.0200386617
-6.384956216e-05
0.02003056785
-9.344464555e-05
0.02001188046
-0.0001241716102
0.02002950444
-0.0001896380196
0.0200515815
-0.0002231065547
0.02007865338
-0.0002568846741
0.02011134285
-0.0002909768501
0.02015027696
-0.0003253669207
0.02019549461
-0.0003623402358
0.02024699716
-0.0004018506619
0.02030750247
-0.000441093381
0.02038989938
-0.0004734672647
0.02048052604
-0.0004794318198
0.0205293543
-0.0005136584445
0.02060319512
-0.0005920380673
0.02069267312
-0.000643936903
0.02079275985
-0.0006814294762
0.02089824883
-0.0006999123909
0.02100503716
-0.0006966778528
0.02110964058
-0.000670974392
0.02120853708
-0.0006237604617
0.02129808483
-0.0005556746553
0.02137511766
-0.0004716981845
0.02143832792
-0.0003898243735
-0.000300437549
0.02002893279
-7.868664019e-06
0.02003283841
-3.891766845e-05
0.0200393985
-7.040965199e-05
0.02004893263
-0.0001029787788
0.020061838
-0.0001370769753
0.02004520074
-0.0001730007553
0.02004624083
-0.0002241466395
0.02007231001
-0.0002829538548
0.02010400564
-0.00032267248
0.02014198817
-0.0003633494422
0.02018651501
-0.0004068670794
0.02023777863
-0.0004531142862
0.02029678419
-0.0005000989342
0.0203708719
-0.0005475549757
0.0204795993
-0.0005881592262
0.02057927249
-0.00061333163
0.02063964261
-0.0006524081794
0.02071605834
-0.0007203526309
0.02081534024
-0.0007807113779
0.02092912432
-0.0008136964647
0.02104674668
-0.0008143002168
0.02116313494
-0.0007873626499
0.02127416244
-0.0007347879661
0.02137551945
-0.000657031663
0.02146326369
-0.0005594424249
0.02153513538
-0.000461696048
-0.0003539634072
0.02003152407
-9.106330514e-06
0.02003460039
-4.199398465e-05
0.02003981381
-7.562307676e-05
0.02004763733
-0.0001108022973
0.02005860696
-0.0001480465995
0.02007325347
-0.0001876472662
0.02007888444
-0.0002297776066
0.02007046907
-0.0002745384826
0.02009419856
-0.000346401963
0.02013064193
-0.000399792807
0.02017391672
-0.0004501418698
0.02022449315
-0.0005036907198
0.02028319071
-0.000558796498
0.02035161723
-0.0006159814866
0.02043771843
-0.0006742604243
0.02054615298
-0.0007217661772
0.02064491015
-0.0007511653448
0.0207422018
-0.0008176442781
0.02083945989
-0.0008779694728
0.02096097271
-0.0009352092849
0.02109171286
-0.0009450403624
0.02122304289
-0.0009186926842
0.021349666
-0.0008614110741
0.02146632833
-0.0007736939958
0.02156802154
-0.0006611356348
0.02165120159
-0.0005448760873
-0.000415324963
0.02003436126
-1.003458992e-05
0.0200362783
-4.391101832e-05
0.02003970603
-7.905080597e-05
0.02004535901
-0.0001164552749
0.02005392978
-0.0001566173744
0.0200660419
-0.00019975938
0.02008225757
-0.0002459932754
0.02010324559
-0.0002955265011
0.02010521195
-0.0003483683137
0.02011556824
-0.0004101491022
0.020156807
-0.0004913806322
0.02020592065
-0.0005528043685
0.02026401373
-0.0006168895757
0.02033235881
-0.0006843265596
0.02041399063
-0.0007558922473
0.02051950237
-0.0008272779103
0.02064701056
-0.0008786735372
0.02074448058
-0.0009151142897
0.02085861341
-0.0009921023038
0.02099166268
-0.001068258558
0.02113865166
-0.001092029336
0.02128889059
-0.001068931618
0.02143557112
-0.001008091605
0.02157210672
-0.0009102295921
0.02169199983
-0.0007810287509
0.02178995359
-0.000642829854
-0.0004869084845
0.02003778284
-1.036303284e-05
0.02003803971
-4.416788692e-05
0.02003914507
-8.015616712e-05
0.02004218242
-0.0001194926162
0.02004798751
-0.0001624224695
0.02005711866
-0.000208890527
0.02006963688
-0.0002585114871
0.0200872858
-0.0003131754148
0.02011039265
-0.0003714751649
0.0201340987
-0.0004338551569
0.02014320257
-0.0005004844995
0.02018081211
-0.0005904139057
0.02023721855
-0.0006732960154
0.02030510318
-0.00075221118
0.02038638033
-0.0008371693952
0.02048555106
-0.0009264486417
0.02061064344
-0.001003765913
0.02074618824
-0.001050659097
0.02088831761
-0.00113423167
0.02102309501
-0.001203035959
0.02118613202
-0.001255066349
0.02135987319
-0.001242672786
0.02153243373
-0.001180652143
0.02169489983
-0.001072695693
0.02183863675
-0.0009247656685
0.02195593045
-0.0007601235588
-0.000571815846
0.02004392376
-9.862792408e-06
0.02004205832
-4.230244776e-05
0.02004072451
-7.882235957e-05
0.02004146198
-0.0001202300787
0.02004493594
-0.0001658964259
0.0200505633
-0.0002145178913
0.02005574593
-0.0002636941113
0.02006838736
-0.0003258168451
0.02008722821
-0.0003903160128
0.0201115369
-0.0004581638416
0.02014395724
-0.0005329048411
0.02016622051
-0.000612677178
0.02020104003
-0.0007081155265
0.02026699951
-0.0008181706581
0.02034813718
-0.0009183070641
0.02044848484
-0.001026796305
0.02058031169
-0.001135592759
0.02074630235
-0.001216649762
0.02088388735
-0.001271816667
0.02104461827
-0.001363766884
0.02123075768
-0.001441205752
0.02143452244
-0.001446437553
0.02164069038
-0.001386820074
0.02183721555
-0.001269220861
0.02201234625
-0.001099896373
0.02215500386
-0.0009027811711
-0.0006740664957
0.02005193462
-9.052812238e-06
0.02004835478
-3.872261256e-05
0.02004568346
-7.615103492e-05
0.02004630254
-0.0001208491542
0.02004945059
-0.000169044482
0.02005144843
-0.0002165157237
0.02004798086
-0.0002602265356
0.02005363657
-0.0003314725575
0.02006623171
-0.0004029111542
0.02007965607
-0.000471588198
0.02010483803
-0.0005580867999
0.02014056697
-0.0006484061191
0.02017714056
-0.0007446891188
0.02021552439
-0.0008565544816
0.02029434404
-0.0009971267156
0.02039376233
-0.001126214599
0.02052016732
-0.00126199775
0.0206845854
-0.001381067843
0.02087034872
-0.001457579984
0.02107177729
-0.00156519545
0.02127307089
-0.001642499358
0.02151099154
-0.001684358193
0.02176062685
-0.001636455385
0.02200224185
-0.001510835861
0.02221899207
-0.001316646584
0.02239498648
-0.001078775585
-0.0007988387181
0.02004613679
-3.344503627e-06
0.02003891701
-3.150283074e-05
0.0200310855
-6.831952471e-05
0.02002849662
-0.0001182602741
0.02002959769
-0.000170145549
0.02003339102
-0.0002203090547
0.02004021353
-0.0002670490401
0.02005004415
-0.0003413031817
0.0200560177
-0.000408884704
0.0200546041
-0.0004701745967
0.02006837273
-0.0005718554276
0.02009439236
-0.0006744257481
0.02012586132
-0.0007761580763
0.0201742559
-0.0009049490621
0.02022157333
-0.001044444146
0.02031824039
-0.001222881669
0.02044507345
-0.001388830803
0.02061841997
-0.001554414365
0.02084379359
-0.001682953611
0.021051109
-0.001772510855
0.02129889079
-0.001890281146
0.02158481167
-0.001970279075
0.02189212992
-0.00194377363
0.02219399765
-0.001812703591
0.02246627581
-0.001588924736
0.02268622271
-0.001298722477
-0.0009528224478
0.02003842997
5.021213571e-07
0.02004685635
-3.992920503e-05
0.02004393624
-6.539941048e-05
0.0200449807
-0.0001193047354
0.02004759717
-0.000172762019
0.02003530348
-0.0002080153634
0.02001975833
-0.0002515038909
0.02001502093
-0.0003365657801
0.02001903691
-0.0004129006793
0.02002885092
-0.0004799886145
0.02004465508
-0.0005876595808
0.02005839323
-0.0006881639042
0.02006717003
-0.0007849348732
0.02010098607
-0.0009387651096
0.02015327809
-0.001096736161
0.02021640867
-0.001286012256
0.02033747723
-0.001509899359
0.02050403855
-0.001720975692
0.02073178278
-0.001910697844
0.02100614778
-0.002046875851
0.021320298
-0.002204431364
0.02165445997
-0.00230444105
0.02203539921
-0.002324712865
0.02241832774
-0.00219563211
0.02276486562
-0.001935462618
0.02304279862
-0.001576655473
-0.001145234151
0.0200061221
-5.619281982e-06
0.02001430025
-4.810735312e-05
0.02003418696
-8.528612005e-05
0.02004850752
-0.0001336252851
0.02004835881
-0.0001726133129
0.02002786126
-0.0001875178095
0.02003504518
-0.0002586878084
0.02003743658
-0.000338957183
0.02001215343
-0.0003876175372
0.0199845261
-0.0004523612843
0.01997595001
-0.0005790834903
0.01998264827
-0.0006948621676
0.02000095574
-0.000803242342
0.02002614422
-0.0009639535931
0.02005117162
-0.001121763562
0.02011530244
-0.00135014308
0.02019457059
-0.001589167506
0.02035495092
-0.001881356024
0.02059323979
-0.002148986716
0.02092344456
-0.002377080625
0.02127264486
-0.00255363166
0.0217016093
-0.002733405489
0.0221882979
-0.002811401461
0.02268423863
-0.002691572842
0.02313171184
-0.002382935835
0.02348900854
-0.00193395218
-0.001383100312
0.0199992208
-4.83957999e-06
0.01999700178
-4.588833395e-05
0.01999875826
-8.704259279e-05
0.01999666011
-0.0001315271372
0.01999985063
-0.0001758038339
0.02002583886
-0.000213506036
0.02004342836
-0.000276277311
0.02003018047
-0.0003257092915
0.01998605086
-0.0003434879319
0.01998603717
-0.0004523476013
0.01998012011
-0.0005731664312
0.01994024491
-0.0006549869721
0.01990368862
-0.0007666860479
0.0199004341
-0.0009606990823
0.01992723406
-0.001148563524
0.01997508703
-0.001397996044
0.0200405423
-0.001654622778
0.02015679185
-0.001997605583
0.02037286747
-0.002365062334
0.02071202786
-0.002716241014
0.021170232
-0.003011835802
0.02173273355
-0.003295907045
0.02234948568
-0.003428153588
0.02300338916
-0.003345476322
0.02359133065
-0.002970877315
0.02406260933
-0.002405230882
-0.0016852218
0.01999803476
-2.874241335e-06
0.01999258366
-4.043723217e-05
0.01998444449
-7.890342408e-05
0.01997238886
-0.0001194715028
0.01995950041
-0.0001629153828
0.01995502476
-0.0002090303847
0.01994235024
-0.0002636027904
0.01993641305
-0.0003197721105
0.01996264654
-0.0003697214219
0.01997213207
-0.0004618331357
0.01993762724
-0.0005386616021
0.01986364154
-0.0005810012734
0.01984461971
-0.0007476642208
0.01979664743
-0.0009127268071
0.01975226152
-0.001104177618
0.01975552375
-0.001401258271
0.01981191897
-0.001711018007
0.01992266948
-0.002108356085
0.02008462561
-0.002527018466
0.02042146265
-0.003053078061
0.02097521397
-0.003565587117
0.02167159493
-0.003992288013
0.02251309289
-0.004269651543
0.02338801144
-0.001088920517
-0.001021248421
-0.001088953995
-0.001021271943
0.0241619369
-0.0009815905337
-0.0008907739117
-0.0009816679147
-0.0008907704037
0.0247545726
-0.000803573107
-0.0006953963765
-0.0008035850403
-0.0006953120676
-0.0005566095247
-0.0004595160185
-0.0005570859634
-0.0004604356986
0.01999755853
-4.331082924e-07
0.01999062698
-3.350568298e-05
0.01997915762
-6.743406352e-05
0.01996297517
-0.0001032890537
0.01994213837
-0.0001420785797
0.01991794711
-0.0001848391271
0.01988748703
-0.0002331427206
0.01985580133
-0.0002880864082
0.01983584177
-0.0003497618689
0.01980145825
-0.0004274496141
0.01977459193
-0.0005117952873
0.01978563081
-0.0005920401621
0.01975325593
-0.0007152893421
0.01965083544
-0.0008103063122
0.01960769042
-0.001061032598
0.01953846487
-0.00133203273
0.01949005516
-0.001662608293
0.01952588312
-0.002144184044
0.01967182825
-0.002672963604
0.01996272535
-0.003343975169
0.02056636392
-0.004169225689
0.02145604594
-0.001221526421
-0.00121934794
-0.001221474121
-0.00121962155
0.005660207119
-0.001374585699
0.005667836565
0.005660649803
0.005667919776
-0.001360579933
-0.00137455112
-0.001360502113
0.005781284024
-0.001209961086
-3.633804135e-08
-0.005932029829
0.006056794476
-0.001106333078
-2.210304227e-08
-0.00618174438
0.006280262485
-0.0009020818407
-9.372107199e-09
-0.006360270124
0.006440304824
-0.0006365883958
-5.582679181e-08
0.01999720751
2.358571099e-06
0.01998898137
-2.527954059e-05
0.01997527068
-5.372337882e-05
0.01995584582
-8.386418554e-05
0.01993037684
-0.0001166096013
0.01989851046
-0.0001529727568
0.01985954825
-0.0001941805088
0.01981323304
-0.0002417712023
0.01976103413
-0.0002975629674
0.0196979892
-0.0003644046837
0.01963097944
-0.0004447855399
0.0195791706
-0.0005402313239
0.01952346136
-0.0006595801042
0.01949819386
-0.0007850388037
0.01941627263
-0.0009791113676
0.01925366038
-0.001169420486
0.01916309756
-0.001572045468
0.01906825784
-0.002049344329
0.01905620852
-0.002660914294
0.019261852
-0.00354961865
0.004993193212
-0.001132371585
0.00487956234
0.004993393347
0.004879715342
-0.001194061528
-0.001132509325
-0.0011942955
0.005077334555
-0.001305677695
9.9280481e-09
-0.005258651629
0.00539734566
-0.001513283595
3.86426208e-09
1.107957254e-08
0.001356129522
-0.005627710775
0.001553064439
0.001374956062
0.001550918928
0.001388477149
-0.0003976648096
-0.0003946353422
-0.0004117547688
-0.0003917914759
-0.001472213901
0.0003167739396
0.00152344156
-0.0003497682188
-1.823337781e-05
-0.001608545638
0.0002686749359
0.001625634725
-0.000284880706
-8.833151338e-07
-0.001660154206
0.0001895521137
0.001669811324
-0.0001986208432
-5.8838654e-07
-0.006783781512
-5.062561071e-08
-0.0001043063215
-0.0001026961496
0.01999685508
5.502214839e-06
0.01998751975
-1.594421042e-05
0.01997187922
-3.80828519e-05
0.01994961387
-6.159883393e-05
0.01992024032
-8.723606151e-05
0.01988310146
-0.0001158338996
0.01983734075
-0.0001484198039
0.0197818684
-0.0001862988595
0.01971545676
-0.0002311513292
0.01963622672
-0.0002851746433
0.01954277497
-0.0003513337967
0.01943618043
-0.0004336367824
0.01931477335
-0.0005381730283
0.01919981376
-0.0006700792158
0.01906631301
-0.0008456106131
0.01895039729
-0.001053504768
0.01875492253
-0.001376570706
0.01846635148
-0.001760773283
0.01827547205
-0.002470034865
0.004605913821
-0.003465621306
0.004489838887
0.004606307096
0.004489414896
0.004617937176
-0.001144408699
1.375673709e-08
1.781032587e-09
0.001401793961
-0.004719305516
0.001252420447
0.001148437906
0.001274074342
0.001135760208
-0.0003928815584
-0.0003502072628
-0.000390168536
-0.000359925769
-0.001229107183
0.000425532373
0.001271539209
-0.0004545809154
-1.338348324e-05
0.0004818816963
-0.00140510267
0.001451731763
-0.0005252370276
-3.273761092e-06
0.0004524521943
-0.001593693608
0.001638274595
-0.0004964259126
-6.072684686e-07
-0.001722420543
0.0003386815277
0.001732031988
-0.0003481473741
-1.455977989e-07
-0.001706419423
0.000191436366
-0.0001735315065
-1.268030585e-08
0.001688527243
-0.001631641305
9.312449545e-05
0.001612883432
-7.413900241e-05
-2.27610188e-07
0.01999683939
8.661102972e-06
0.01998687431
-5.979126769e-06
0.01996994442
-2.115296201e-05
0.01994564037
-3.729478789e-05
0.01991334623
-5.494192647e-05
0.01987220833
-7.469600793e-05
0.01982108894
-9.730041919e-05
0.01975849906
-0.0001237089791
0.01968251405
-0.0001551663319
0.01959066452
-0.0001933251174
0.01947978193
-0.0002404512059
0.01934594145
-0.0002997962976
0.01918399485
-0.000376226434
0.01899084998
-0.0004769343439
0.01875811075
-0.0006128713866
0.01850081788
-0.0007962119013
0.01817914981
-0.001054902637
0.01781979908
-0.001401422553
0.0173246498
-0.001974885588
0.004247788534
-0.0006025696887
0.004041355417
0.004248053337
0.004041785895
-0.0007567302437
-0.0006046934639
-0.0007559612965
0.001128408485
0.004215160718
-0.001095825686
4.501531079e-08
0.0003631660485
-0.001018964492
0.001033362373
-0.0003745098098
-3.054119601e-06
0.0005604752104
-0.00114241057
0.00117794377
-0.0005939287716
-2.079638682e-06
-0.001363527256
0.0006844073171
-8.11714463e-08
0.001415468425
-0.0007362673133
-0.001457736012
0.0006010054519
1.330782335e-06
0.001401557277
-0.0005461575009
-0.001020959104
0.0002130282336
1.08849959e-06
0.0009103444347
-0.0001035020665
-0.0006833935686
2.878674826e-05
2.072962403e-07
0.0006422831816
1.211634168e-05
-0.0006078056666
3.014820168e-05
-3.053866978e-09
-1.83216603e-05
0.0199992347
9.424359111e-06
0.01999118641
2.069161149e-06
0.01997571673
-5.683278421e-06
0.01995233699
-1.391505552e-05
0.01992032346
-2.292839261e-05
0.01987867095
-3.304350842e-05
0.01982602287
-4.465234e-05
0.01976057499
-5.826110829e-05
0.0196799444
-7.453575032e-05
0.01958098823
-9.436895015e-05
0.01945953424
-0.0001189972206
0.01930995391
-0.0001502159633
0.01912446763
-0.0001907401571
0.01889228188
-0.000244748589
0.01859800152
-0.0003185910292
0.01822372696
-0.0004219373432
0.01773895052
-0.0005701262063
0.01712417441
-0.0007866464374
0.004122931934
-0.00110530634
0.004003782241
0.004123684684
0.004004196297
0.004034955204
-0.000514551157
-4.180358022e-08
-2.736615499e-09
0.0009954069927
-0.003907644426
0.0009605306257
0.0009082272341
0.0009952305017
0.0008823180587
-0.0002267858459
-0.0001907945105
-0.0002085980451
-0.0002078878482
0.0003881411279
-0.0008944367717
0.0008817185914
-0.0003660261296
-9.396817814e-06
0.0006708488818
-0.0008481292633
-5.744297452e-07
0.0008452842205
-0.0006674294089
0.0009465355448
-0.0009549886399
2.068710557e-07
8.246223957e-06
4.995893615e-05
7.191979131e-05
3.797000144e-07
-2.989393923e-05
-9.236448849e-05
0.0200065087
0.02000573668
0.0199971888
0.01998041647
0.01995464478
0.01991877574
0.01987132079
0.01981028675
0.01973301639
0.01963596218
0.01951434298
0.01936158622
0.01916841036
0.01892136511
0.01860066818
0.01817731986
0.0176127686
0.01685466936
0.003951979222
0.003926433261
0.003951860241
0.003926334612
0.0003773100512
0.003771537053
-0.0001968642863
-3.595632235e-09
0.0001356699326
-0.0008512961343
0.0008242725787
-0.000105417378
-3.22899887e-06
0.0002643869703
-0.0007381049794
0.0006835746669
-0.0002080014283
-1.855229465e-06
0.000503099567
-0.0004632805457
-9.219357241e-07
0.0003714432379
-0.0004103403233
0.000679517365
-1.751706913e-07
-0.001459144727
-0.0006779334812
-0.001040752491
2.592223609e-06
0.0007731703975
0.001211525417
-0.001363470205
0.000684419764
-8.851463152e-08
0.00141547495
-0.0007363359938
0.001457715386
0.0006795337376
-1.633330925e-07
-0.001459127316
-0.0006779584757
-0.0009465746747
-0.001040756485
2.581166076e-06
0.0007731624458
0.001211587548
0.0002730143787
5.951437614e-07
-0.001162312585
-0.000132256039
0.0006009570745
1.340631483e-06
0.00140156388
-0.0005461462028
0.001020957983
0.0002729960784
6.061648423e-07
-0.001162314093
-0.0001322461355
3.663639275e-05
-1.215584375e-07
-0.000739748322
1.983992101e-05
0.0002130130169
1.101089008e-06
0.0009103333127
-0.0001034894357
0.0006833261812
3.670676124e-05
-1.272420985e-07
-0.0007397109935
1.980529191e-05
2.273576944e-05
-5.434602193e-08
-0.000610399674
-2.008741274e-05
-5.237842392e-05
-1.005914349e-05
1.56972545e-07
3.485602547e-05
2.742456964e-05
2.876367446e-05
2.189987762e-07
0.0006422488067
1.209470153e-05
0.0006076517467
2.283795982e-05
-1.015989413e-08
-0.0006103186816
-2.016086271e-05
-5.25800726e-05
-1.011348034e-05
2.486426629e-07
3.494394772e-05
2.750096288e-05
0.0008803930904
-6.101991254e-07
-0.0008162010712
-0.001018570458
-0.0005638260635
-2.502073095e-07
0.0005743223555
0.000492853483
0.0006709907459
-0.0008481898565
-5.876120533e-07
0.0008452342229
-0.0006674475
0.0009550236772
0.0008803925153
-6.09141295e-07
-0.0008161828506
-0.0010186242
-0.0005031455908
-0.0005637913898
-2.55143216e-07
0.0005743131034
0.0004928790206
2.039617926e-07
8.245037532e-06
-2.568408434e-07
-2.162650098e-06
-5.013191565e-05
-2.778215271e-07
-2.170340413e-06
7.223751867e-05
2.436449909e-07
-3.013482078e-05
-9.247824997e-05
-0.0002837434518
-1.022671667e-06
0.0001465493957
0.0001382469569
-0.00046334038
-9.132089113e-07
0.0003714707234
-0.0004103627238
-0.0002837280047
-1.032627803e-06
0.0001465541739
0.0001382361122
0.0003703799248
-0.001703355969
-0.000389204428
-2.400703197e-07
-0.001594685633
2.107075719e-07
0.001607133747
0.0005883466255
0.001420163658
2.72870776e-08
-0.00150706305
0.0003598864826
0.0004524934362
-0.001593718388
-5.744477447e-07
0.001638276199
-0.0004964767983
0.001722421217
0.0003703702721
-2.279232138e-07
-0.001703355799
-0.0003892077668
-0.001594709191
2.465005749e-07
0.001607203446
0.0005882163136
0.00142016912
3.507354891e-08
-0.001507088816
0.0003598807002
0.0002310085227
-0.001722367917
-0.0002149634684
-9.65546996e-08
3.08059881e-07
0.001337055859
0.0002958279732
0.001096476072
3.852130114e-08
-0.001175001736
0.000115123537
0.0003386654441
-1.364296707e-07
0.001732031064
-0.0003481388618
0.0002309130954
0.001706395016
-7.504078271e-08
-0.001722340868
-0.0002148922029
3.180639206e-07
0.001337053052
0.0002958110196
0.001096516504
2.195432842e-08
-0.001174922889
0.000115091193
0.0006661933207
-4.18374107e-07
-0.0007394068691
-0.001289895334
-0.0009519392309
-7.333113256e-07
0.0009592280213
0.000664293404
-5.82463638e-07
0.0008753883583
-0.001035165297
0.0005604514304
-0.001142324876
-2.08615232e-06
0.001177926402
-0.0005939668039
0.0006662812918
-4.186081328e-07
-0.0007393947961
-0.001289938093
-0.0009517776199
-7.429137355e-07
0.0009592927166
0.0006642185645
-5.869537591e-07
0.0008754026701
-0.001035179689
0.0003832647188
-0.001171556744
1.976115948e-06
0.0007895430476
-5.0722114e-09
-3.222068974e-06
0.001402392861
-0.0005462842479
-1.08246274e-08
-0.001456366372
0.000601599361
7.370569252e-07
-0.0003844187203
0.001302538564
0.000482700372
2.706713335e-06
0.001169400155
-0.0005932572377
-0.001125007133
0.001302468341
-4.012883191e-09
0.0004839303061
-0.0005933911791
-6.221051466e-09
-0.001121736877
0.0007908035348
-3.845986028e-06
4.897358107e-05
-0.000365245121
2.568279092e-07
0.0003250966419
-4.620725805e-09
-9.077311992e-06
0.0009108502611
-0.0001024059916
-0.001020824882
-6.006159834e-09
0.0002134751191
4.02606212e-07
-4.938205907e-05
0.0008170279143
0.0001422959736
4.687215838e-07
0.0003642887681
-0.0004536639554
-1.459560176e-05
0.0008174311863
-4.853389496e-09
0.0001428001243
-0.0004531432708
-5.151660829e-09
-1.403396839e-05
0.0003249420263
-9.778479481e-06
2.58277023e-07
5.12058929e-05
1.039647612e-05
2.997173886e-05
2.085447439e-08
-1.837612662e-05
3.066424235e-07
5.142107622e-05
1.03963172e-05
0.0009456171197
-0.0009537710096
-1.295926165e-09
8.362059482e-06
-3.050844435e-05
-9.247049483e-05
5.117038082e-05
1.402281472e-08
7.21742441e-05
1.832258056e-07
0.0001122642734
3.907205497e-07
-5.906431326e-05
-1.301320706e-06
8.090780671e-09
0.0001122848772
-5.833028854e-05
4.418410299e-09
-9.871746226e-07
0.000434147728
-4.387048456e-07
-0.00034895603
-0.0005480335378
-0.0006771579358
7.377054323e-05
0.0006051462499
-1.766671477e-06
-4.90697511e-07
0.0001279802595
-0.0004112179102
0.0002644166534
-0.0007380111052
-1.877653623e-06
0.0006834948891
-0.0002080227837
0.0004340934938
-4.195949297e-07
-0.0003490433111
-0.0005479709671
-0.0006771320248
-1.775305402e-06
7.376808433e-05
0.0006051295095
-4.967421866e-07
0.0001279975994
-0.0004112144939
0.0005228510313
-0.0002567464692
-7.226519081e-07
-0.0002774953783
1.287611525e-09
1.211218041e-05
0.0003711552252
-0.0004101849005
4.148508502e-10
0.0005018483766
-0.0004637410506
-1.239366197e-06
-0.0005234740491
0.0003720407896
0.0005241158648
-8.580740396e-07
0.0002584282382
-0.0002907502353
-0.0003771602512
0.0003706954726
1.090197909e-09
0.0005220703241
-0.0002899606961
6.203491269e-10
-0.000377829366
-0.000278476757
1.270829314e-05
-0.001229872763
-0.0005819235119
4.383185619e-07
0.00110585787
2.205489186e-09
0.0007054978813
0.000773388811
0.001213364204
-1.160863592e-10
-0.001038543557
8.241945398e-07
0.001229802581
0.0007765362986
-0.001233992677
-2.488207277e-06
0.0005842488161
0.0006306399544
-8.751471255e-07
1.684925083e-09
0.0007763672417
-0.001232028683
0.0006292333854
2.254289339e-09
-2.831553269e-07
0.001109099105
0.0007053906106
0.00113677307
-0.0006315242031
-3.010547764e-06
3.939978863e-09
0.0006036156114
-1.915853869e-06
-0.001134700826
0.0005808264699
0.0005604092107
-4.619001651e-06
5.530419953e-07
0.0006320146168
-1.927705668e-06
1.697365998e-09
0.0005801541443
0.0005586324266
-3.931052582e-06
1.240135004e-09
-1.739015765e-06
0.0006034023477
-0.001229875227
-0.0005819319634
4.415191894e-07
0.001105848612
0.000705519266
0.000773376669
0.001213392539
-0.000945631605
-0.001038556557
8.228766261e-07
0.001229810396
0.0007765638896
-0.001234034717
-2.487986957e-06
0.0005842696158
0.0006306818975
-8.759796142e-07
0.000776376124
-0.001232050119
0.0006292586179
-2.837751073e-07
0.001109082786
0.0007054387438
0.001136791822
-0.0006315491725
-3.005009903e-06
0.0006036149103
-1.914551864e-06
-0.001134730143
0.0005808264499
0.0005604393068
-4.621062463e-06
5.498112217e-07
0.000632062279
-1.93019396e-06
0.000580156891
0.0005586532981
-3.931222389e-06
-1.739509488e-06
0.0006034099106
0.0002232419455
0.0005767316619
-3.865076782e-07
-5.229804127e-09
-1.003882098e-05
-0.001162308613
-0.0001318278264
-4.254929991e-09
0.0002739109509
1.332726776e-06
-0.0002251137208
0.0003640069687
-5.636313653e-07
-0.0005757767947
-9.579567623e-06
-4.136185007e-09
0.0003647385405
-4.36463485e-09
-8.798696127e-06
-1.047348681e-05
6.359714177e-07
-1.306674183e-05
-1.038078384e-09
-1.260001857e-05
0.0003832660714
-0.001171558053
1.966696583e-06
0.0007895415079
-3.221295135e-06
0.001402356719
-0.0005462634966
-0.001456360475
0.0006015970502
7.534069496e-07
-0.0003844082185
0.001302553722
0.0004826649663
2.7193228e-06
0.001169395983
-0.0005932532493
-0.001125008262
0.001302460609
0.0004839115716
-0.0005933907049
-0.001121717741
0.0007907974664
-3.843004484e-06
0.0002232301042
0.0005767393286
-3.948478003e-07
-1.003830189e-05
-0.00116229893
-0.000131832398
0.00102082584
0.0002739073994
1.344201979e-06
-0.0002250834178
0.0003639788411
-5.546013376e-07
-0.0005757905028
0.0004536770426
-9.578076163e-06
0.0003647318527
0.0004531465482
-8.798576223e-06
-1.047130176e-05
6.366815465e-07
-1.306347678e-05
-1.259817224e-05
4.303512985e-07
0.0003342548724
-9.063284418e-07
-6.134243903e-09
-8.676115527e-06
-0.000740096068
1.953224164e-05
-1.619666006e-09
0.0006832689414
3.71749443e-05
3.457617987e-07
-9.232046241e-07
7.785703692e-05
-4.417328992e-07
-0.0003321990553
6.631051901e-05
0.0002861701882
-5.081836957e-09
7.811632242e-05
6.828916143e-05
-6.059929373e-09
0.0002850622926
-9.08654837e-06
-5.6109415e-07
7.51911667e-05
-8.319555881e-06
-2.483190402e-09
7.493335576e-05
-7.202808977e-06
4.897738392e-05
-0.000365252033
2.487449816e-07
0.0003250982462
-9.076956339e-06
0.0009108494795
-0.000102400832
0.0002134722841
4.159104253e-07
-4.938460267e-05
0.0008170161397
0.000142285869
4.778584717e-07
0.0003643035552
-1.459380541e-05
0.0008174413483
0.0001427965742
-1.403361243e-05
0.0003249446083
-9.776904067e-06
4.236605262e-07
0.0003342609344
-9.165482053e-07
-8.675916742e-06
-0.0007401278339
1.953100522e-05
0.0006832299003
3.723805888e-05
3.594370118e-07
-9.031979792e-07
7.784890575e-05
-4.291982838e-07
-0.0003322103738
6.631956856e-05
0.0002861252942
7.809154162e-05
6.828884232e-05
0.0002850678481
-9.085508919e-06
-5.592246262e-07
7.519965359e-05
-8.320860676e-06
7.493061571e-05
-7.203470783e-06
-8.873959259e-05
-7.385916249e-06
-2.495942034e-08
8.292722326e-05
-9.219620065e-09
1.323246515e-05
3.357046665e-07
8.837282178e-05
-8.813433989e-06
-4.70392986e-06
-3.526719614e-07
8.51822369e-06
-3.070356585e-06
-5.095192642e-06
-6.298114419e-09
-9.096047551e-06
-4.36818369e-06
-3.560040635e-06
-4.570032263e-09
-4.173980567e-06
8.323694494e-05
1.362913607e-05
8.816204789e-05
-2.566213358e-05
-4.728022401e-07
-3.425769643e-09
2.090353552e-05
3.493513809e-05
2.786471197e-05
-8.859128433e-09
-5.230880577e-05
-1.032520558e-05
-8.530151151e-08
-8.79803288e-05
2.400992106e-05
9.891173615e-05
-1.064013214e-07
2.636424511e-05
-1.903632991e-06
-6.843132583e-09
2.439060235e-05
9.862813519e-05
-5.218659241e-09
-1.458636277e-06
2.11480739e-05
-8.873209628e-05
-7.392118947e-06
-4.119641863e-08
8.291835589e-05
1.323783071e-05
3.476955166e-07
8.835311601e-05
-8.796494368e-06
-4.704659091e-06
-3.445203114e-07
8.535827903e-06
-3.103150628e-06
-5.088154543e-06
-9.091926658e-06
-4.36818213e-06
-3.568565326e-06
-4.172636307e-06
8.320484756e-05
1.36429008e-05
8.816298279e-05
-2.566294469e-05
-4.941209941e-07
2.090902077e-05
3.49011997e-05
2.786047304e-05
-5.222379305e-05
-1.029809184e-05
-1.37207954e-08
-8.791400497e-05
2.410120395e-05
9.877046887e-05
-7.940989257e-08
2.636653025e-05
-1.889300857e-06
2.437181206e-05
9.867180713e-05
-1.455682984e-06
2.11632494e-05
0.0008626704187
0.000520290704
4.442397082e-07
-0.0007337119296
4.425484274e-10
-0.0006496938754
-0.0008144405187
-0.001019885457
3.547009331e-09
0.0008799412173
-6.365921867e-07
-0.0008637640986
-0.0008371303626
0.0008853299808
2.617658517e-06
-0.0005230385279
-0.0005047934785
6.643888325e-06
-1.095310655e-09
-0.0008366902142
0.0008842846111
-0.0005031063483
1.269174128e-09
6.127977495e-06
-0.0007360970236
-0.0006502613734
0.0005119064695
-0.0007427969614
1.173105211e-06
7.741389689e-10
-0.0005039953199
-2.402341061e-07
-0.0005131397467
8.586500292e-06
1.672754029e-06
0.0007423734158
-0.0003556135627
-0.0003980672567
9.634649371e-06
6.219927072e-10
8.559257108e-06
1.022184603e-10
-0.0003544329818
-0.0003957495214
9.058180734e-06
-0.0005056902675
0.0008626654834
0.0005203006701
4.444569584e-07
-0.0007337055341
-0.0006497046412
-0.0008144267301
-0.001019915831
0.0009537911058
0.0008799458527
-6.356273641e-07
-0.0008637518771
-0.0008371084285
0.0008853130805
2.616783457e-06
-0.0005230590923
-0.0005048258749
6.643981296e-06
-0.0008366617515
0.0008842637763
-0.0005031247529
6.127636363e-06
-0.0007360845359
-0.0006502819826
0.0005119234084
-0.0007428129246
1.174171548e-06
-0.000503989427
-2.404570925e-07
-0.0005131715404
8.586120892e-06
1.669939128e-06
0.0007424030786
-0.0003556196369
-0.0003980879559
9.634575087e-06
8.558807178e-06
-0.0003544375607
-0.0003957626736
9.057335342e-06
-0.0005056788389
8.362158613e-06
1.75722977e-09
-1.39702851e-06
-5.110450542e-05
-1.395342414e-06
-4.044391974e-07
-3.76409265e-06
3.989629977e-09
-2.862590962e-06
-3.050709102e-05
-9.248149238e-05
7.21417438e-05
1.123216504e-07
0.0001123305085
3.684631365e-07
-5.91236054e-05
-1.31526815e-06
0.0001122844721
-5.834594898e-05
-9.89944937e-07
-4.138485335e-07
-3.766730813e-06
-2.86248632e-06
-1.729348629e-07
1.660015648e-05
1.393896365e-10
1.608940926e-05
-0.0001675869287
-0.0001232454
-6.146704245e-08
1.779768283e-09
1.339663773e-05
0.0001461158316
0.0001369576287
2.351683715e-09
-0.0002840683893
-1.198147224e-06
0.0001694037797
-0.0003124064708
3.145797141e-07
0.0001231380795
1.483015237e-05
1.645697938e-09
-0.0003126315826
2.045928969e-09
1.406082833e-05
1.400364241e-05
0.0005228513477
-0.0002567498497
-7.194206361e-07
-0.0002774930164
1.211222793e-05
0.0003711473766
-0.0004101435701
0.0005018822055
-0.0004637988056
-1.243505754e-06
-0.0005234711197
0.0003720467196
0.00052413863
-8.666904377e-07
0.0002584286124
-0.0002907581844
-0.0003771664609
0.0003706995015
0.0005220567964
-0.0002899475701
-0.0003778119182
-0.0002784697271
1.270779824e-05
-1.727915555e-07
1.659986904e-05
1.608927617e-05
-0.0001675854926
-0.0001232447333
-5.750207288e-08
1.339649661e-05
0.0001461090028
0.000136958689
-0.0002840680851
-1.207169232e-06
0.0001693953724
-0.0003123922126
3.086631858e-07
0.0001231344201
1.482844224e-05
-0.000312629582
1.406061165e-05
1.400256824e-05
0.000309888172
-0.001402647443
-0.0003499455627
-2.95090709e-05
-0.001377289488
0.0004344635918
0.001436703351
-1.199575782e-05
0.001572096371
-0.0004686618105
-8.482622258e-07
0.0004281506668
-0.001530736966
0.001356151696
-0.005627773702
0.001553089583
0.00137498809
0.001550913916
0.00138861954
-0.0003976698618
-0.0003947150413
-0.0004118132073
-0.0003917799326
0.001472183188
0.0003099226046
-2.948837897e-05
-0.001402683245
-0.0003499341671
-0.0004819317729
-0.001377316147
-1.199020064e-05
0.0004346765535
0.001436561567
0.001572112329
-0.0004686780277
-8.407800556e-07
0.000428098913
-0.001530692434
0.0002822773067
-0.001585966214
-0.0003034663992
-1.390336016e-06
0.001610361759
-1.742060709e-06
0.0004159288665
0.00169690986
-0.00167290104
-4.41420418e-07
0.0003468125206
0.000316750611
-1.824190633e-05
0.001523449627
-0.0003497751417
0.001608522773
0.0002822890564
-1.383278189e-06
-0.001585970255
-0.0003034582949
-1.717121525e-06
0.001610360401
0.0004159624804
0.00169689983
-4.32544656e-07
-0.00167291342
0.0003468164073
0.0002037708246
-0.001651350354
-0.0002123546317
-2.200437723e-07
0.001715349596
-2.717574965e-07
0.0003205135499
0.001728021224
-0.001729284315
-1.458453982e-07
0.0002324174557
0.0002686211024
-8.79365848e-07
0.001625646835
-0.0002848658017
0.001660154347
0.0002038480395
-2.262745949e-07
-0.001651366654
-0.0002124094561
-2.657061601e-07
0.001715318277
0.0003205127025
0.001727982358
-1.251842324e-07
-0.00172929936
0.0002323552791
-3.860118487e-08
0.0005728400448
-0.001691816928
-0.001678598646
-0.001677175787
-0.001692643408
-0.0001626019954
-0.0001457608642
-0.0001443922211
-0.0001635930898
-7.290383247e-08
0.0001967780724
0.001722752426
-0.0001262510309
0.001694039443
0.0001416484231
-0.001708919534
-5.173001803e-07
0.0001894445643
-5.69510633e-07
0.001669820944
-0.0001985416564
0.0005725062015
0.006783775202
-0.001691810019
-0.00167853239
-0.001677168687
-0.001692635358
-0.0001625949208
-0.0001457002307
-0.0001442847961
-0.0001635936161
-0.0001915271022
-9.485522475e-08
0.0001968460946
0.001722758226
-0.000126110465
0.001694036708
-5.007866478e-07
0.0001415438342
-0.001708969289
0.0003845092298
-0.001166209799
-0.0004231753912
-2.423122275e-05
-0.001047486573
0.0003550859615
0.001060380485
-4.813826285e-06
0.001178895014
-0.0005090338176
-4.853350609e-06
0.0004839924541
-0.0011490003
0.001401633277
-0.004719196744
0.001252414217
0.001148421331
0.00127407779
0.001135748082
-0.0003928735305
-0.0003501677576
-0.0003901440442
-0.0003599108502
0.00122907082
0.0003845436441
-2.423226163e-05
-0.001166227407
-0.0004231547946
-0.0003631888939
-0.001047497049
-4.80883946e-06
0.0003550703631
0.001060424419
0.001178924462
-0.000509124277
-4.859286374e-06
0.0004839885934
-0.001148929492
0.0004741528452
-0.001363262867
-0.0005140486383
-1.944008688e-06
0.001214612052
-2.701636893e-06
0.0005274598078
0.001381313244
-3.794254014e-07
-0.001319123387
0.0006043828862
0.0004254078388
-1.338848481e-05
0.001271634528
-0.0004545830647
0.001405152354
0.0004741418625
-1.959527481e-06
-0.001363303861
-0.0005140308272
-2.703765615e-06
0.001214644807
0.0005274348489
0.001381344714
-3.878769591e-07
-0.001319111182
0.000604435635
-0.0005161238124
-3.515809347e-07
-0.001545880024
-1.398282888e-07
0.001438841505
0.0006270188823
-2.351138567e-07
-0.001545927332
0.0006309941735
-3.2884636e-06
0.001451730259
-0.0005252212156
-3.11844558e-07
-0.000516262823
-0.001545821751
-1.753218346e-07
0.001438907611
0.0006270321882
-2.007100413e-07
-0.001545879364
0.0006309046144
0.0004641213335
-0.001663054825
1.880848773e-07
0.00169719102
-0.0004984700657
2.445235853e-08
-5.038849884e-07
-0.0004642724055
0.001674744832
0.0004283060511
-2.356895846e-07
0.001663616083
-0.0005450851639
-0.001614721144
0.001637847838
-0.0004963460081
1.32272898e-09
0.0004512097219
-0.001593320143
0.001674477346
1.689838367e-08
0.0004269710439
-0.0005454357314
-1.460735916e-08
-0.001614186186
0.001697634948
-0.000498103188
0.0003009156421
-0.001708971937
1.811358699e-08
0.001687365268
-0.0002793242517
-2.835598318e-09
-8.587961309e-08
-0.0003002696277
0.001733069918
0.0002993175756
-3.238010542e-08
0.001709094447
-0.001718674489
-0.0003385349524
0.001731948691
-0.0003486587106
-0.001722293637
-2.983367005e-09
0.0003388610427
0.001733076289
-2.087979178e-09
0.0002997042479
-0.001718426361
-0.0003392312991
-5.364033194e-09
0.001687376458
-0.0002785335255
-0.001659758555
-9.792237829e-05
-2.114210094e-07
1.728639582e-07
0.001036372896
8.871705857e-05
0.0009397556414
8.868323763e-09
-0.0009614037879
4.437504898e-05
-3.646407655e-08
-0.0001735975412
0.001688501917
0.001631629664
-1.922769509e-07
-0.00165965851
-9.788934207e-05
1.799358128e-07
0.001036363297
8.873694693e-05
0.0009398559197
-4.569146288e-09
-0.0009614395668
4.442617517e-05
-4.526950633e-09
5.069575149e-05
9.319769367e-05
-2.467081468e-07
-7.422011893e-05
4.195976573e-08
5.062973858e-05
-0.0005424517523
-4.469797774e-06
-0.001104522839
-0.0009270842132
0.0003933849578
0.0009309990769
-9.158692953e-06
-0.0005863344503
-1.34808432e-06
0.0005832480247
-0.0009475047205
-0.00101910156
-3.03648903e-06
0.001033374279
-0.0003744251241
-4.473637445e-06
-0.0005424078308
-0.001104567687
-0.0003881454212
-0.0009271447625
-9.148611126e-06
0.0003933785884
0.0009310602065
-0.0005862567064
-1.367288276e-06
0.0005832830845
-0.0009474367088
0.0006522490608
-0.001129749549
8.809459921e-07
0.001177897164
-0.0007012809298
3.308225832e-09
-1.138574352e-06
-0.0006537351994
0.001225960808
0.0006068567351
-1.561989466e-06
0.001127704066
-0.0006339586577
-0.001086112192
0.001181001792
-0.0005910482199
3.592548352e-09
0.0005582472468
-0.001150284051
0.001226894848
1.990179267e-09
0.0006052154376
-0.0006315580331
1.138336601e-09
-0.001090802864
0.00117764616
-0.0007027963484
0.0007285879975
-0.001359514461
3.842187637e-07
0.001336033344
6.783573962e-09
0.001414497642
-0.0007358392731
1.1874373e-08
-0.001362873558
0.000684122142
-2.436245452e-07
-0.0007281948671
0.001450221033
0.0006936858827
2.884965738e-08
0.001360301878
-0.001320061742
0.001449022155
1.117675754e-08
0.0006938086834
4.321804415e-09
-0.001318961967
0.001337881838
7.786350445e-06
-0.0002891759506
-5.838199121e-08
0.0002946882236
-7.777427386e-09
0.0006424676681
1.217001471e-05
-7.093793279e-09
2.884565084e-05
-2.42909912e-08
-7.508452917e-06
0.0006202451218
2.957080539e-05
1.036063534e-06
0.0002884370336
0.0006203979378
-7.378611827e-09
2.983916398e-05
-3.632622368e-09
0.00029449934
-1.847412509e-05
-0.0006080444287
-2.82692695e-09
3.038249682e-05
5.879124698e-08
0.0003163176583
-0.0003052792781
-2.941882985e-05
0.0003163467867
-0.0003050826285
-2.968851793e-05
9.03421287e-09
4.018848727e-08
-4.535658748e-05
2.570859157e-09
-4.534137078e-05
0.0003364690531
-0.0008953527468
-0.0003191197669
-1.643331067e-05
-0.0008774709349
0.0001633783742
0.0008529648943
-3.20239747e-06
0.0007679092119
-0.0002224993891
-3.99635916e-06
0.0002644324967
-0.0008058459604
0.0009949196727
-0.003907148768
0.0009605136715
0.000908182577
0.000995138075
0.0008822862414
-0.0002267503081
-0.0001908022518
-0.0002085250026
-0.0002078166428
0.0008943148302
0.0003364826851
-1.644400654e-05
-0.0008953141896
-0.000319039319
-0.0001356228056
-0.0008773470881
-3.219774468e-06
0.0001633421745
0.0008528474937
0.0007679939315
-0.0002225488172
-3.969868837e-06
0.0002643893685
-0.000805864614
-9.804055545e-07
-0.0005748588782
-0.0008586244267
0.000724058999
-2.276277761e-06
0.0003105134564
-3.220239479e-07
0.0004954929637
-0.0006248492736
-9.409580743e-06
0.000881681466
-0.0003661024764
-9.717923411e-07
-0.000574820995
-0.0008586537726
-2.248421901e-06
0.0007241166729
0.0003105423296
-3.222592071e-07
0.0004954994009
-0.0006248750361
0.0007750788522
-0.0007124335685
2.005875732e-07
-0.0007125401385
3.888632569e-10
0.0008454123311
-0.0006661659142
3.574416345e-09
0.0006691908249
-0.0008490152439
-2.152014476e-07
-0.0007763251804
0.0007846942394
-4.15186536e-07
0.0007125612879
-0.0006322955091
-0.0007472799998
1.029846113e-09
0.0007835847378
-0.000631143747
-2.585741225e-09
-0.0007478683346
-0.0007138246776
-0.0001739440269
-3.908438989e-06
-0.0007827519075
-0.0008383521937
3.679821794e-05
0.0008048891103
-3.338234684e-06
5.994951581e-05
-3.9580533e-06
-0.0007331579444
-0.0008513787362
-3.212044248e-06
0.000824351814
-0.0001053838381
-3.932412904e-06
-0.0001739157079
-0.0007827118063
-0.0008382922406
-3.343556515e-06
3.676647477e-05
0.0008048621297
-3.966018101e-06
5.99863828e-05
-0.0007331634405
0.0002462530304
-0.000639132625
9.360232359e-07
0.0005640603306
-0.0001721166448
-1.144493573e-10
-1.028044047e-06
-0.0002470310236
0.0006204179049
0.000311215827
-1.797589704e-06
0.0006358671171
-0.0001426114485
-0.0006994595098
0.0006872423487
-0.0002073755699
6.924956971e-10
0.0002632819753
-0.0007450046811
0.0006224452148
-1.410739887e-10
0.0003100222571
-0.000142137633
-1.068777735e-09
-0.0007061670865
0.0005624027833
-0.0001726306716
0.000698324119
0.001242191572
-8.713953621e-07
4.65942068e-09
-0.001458315582
-0.0006786585075
-7.0013968e-09
0.0006804395423
1.948620099e-07
-0.000698309621
0.0006891910628
-4.282406555e-07
-0.001242103164
6.928675375e-09
0.0006892186189
3.709692711e-10
0.0007286052094
-0.001359515616
3.953938976e-07
0.001336041062
0.001414485661
-0.000735874256
-0.001362807585
0.0006841195385
-2.722998587e-07
-0.0007282456115
0.001450239152
0.000693753709
3.234565269e-08
0.001360311075
-0.001320115525
0.001449001884
0.0006938278624
-0.001318977079
0.001337899601
0.0006983395207
0.001242183504
-8.623975083e-07
-0.001458279968
-0.0006786841222
0.0006804332708
1.811740294e-07
-0.0006983549891
0.0006892856485
-4.353089883e-07
-0.001242092123
0.0006892495365
1.435919788e-05
0.0003012574222
-2.122796048e-08
-3.631104679e-09
-0.0006103650917
-2.049499203e-05
-7.424694096e-09
2.276874572e-05
-2.344023034e-08
-1.43487511e-05
2.421764152e-05
-7.932623441e-08
-0.0003012774387
-6.291997989e-10
2.436922853e-05
-8.927581299e-09
7.781327445e-06
-0.0002891614818
-6.902482874e-08
0.000294679224
0.0006424482966
1.215583159e-05
2.883767054e-05
-2.585359248e-09
-7.492450296e-06
0.0006201929863
2.955085848e-05
1.033354978e-06
0.0002883901406
0.0006204280874
2.979156919e-05
0.0002944715613
1.437599268e-05
0.0003012473532
-3.873372041e-08
-0.0006103465162
-2.044734218e-05
0.0006079103945
2.286588591e-05
-2.524336962e-08
-1.440451479e-05
2.430404724e-05
-2.57519413e-08
-0.0003011915671
0.0003051576621
2.44316919e-05
0.000305137145
-0.0005988631149
-0.000618520441
8.470990327e-07
9.952431897e-10
0.0005732588836
0.0004927780224
3.17521009e-09
-0.0005644419103
-3.799446182e-07
0.00059918633
-0.0006567795372
-5.794300931e-07
0.0006194815158
9.210787557e-10
-0.0006571288407
-1.048094553e-09
0.000775085395
-0.0007124436678
2.004402103e-07
-0.0007125464216
0.0008453361013
-0.0006661627126
0.0006693315859
-0.0008490890084
-2.19888349e-07
-0.0007763420367
0.0007846877195
-4.080818327e-07
0.00071258881
-0.0006322846742
-0.0007473435524
0.0007835408876
-0.0006310907205
-0.0007479263232
-0.0007138347689
-0.0005988562026
-0.0006185269007
8.482501468e-07
0.0005732527606
0.0004928059838
-0.000564428504
-3.878342545e-07
0.0005991635113
-0.0006567472456
-5.721559301e-07
0.0006195018457
-0.0006570810741
0.0004281443958
0.001715297124
1.503429483e-07
-0.0004464046412
3.797967442e-09
-3.626969996e-07
-0.0004280307453
0.0003997823033
-9.650218698e-08
-0.001715657884
-0.0003921245293
-0.00170318647
-0.0003895541082
-3.996286735e-09
0.0003702108625
3.389233608e-09
0.00039906919
-0.0003927729838
-6.862920922e-09
-0.0004459033374
0.00160661848
0.0005888357539
-1.792585607e-08
-0.001593626245
-1.062293958e-07
0.0005135405127
0.001576399833
0.0005143709434
0.001576074884
-3.276060424e-09
-0.001667580616
1.379844941e-07
0.001683334724
8.78756912e-09
-8.213587445e-08
0.001668256289
-0.001624912693
-2.860942077e-08
-0.001624234126
0.001683831591
-0.001506753582
0.0003607389818
-4.37399388e-09
0.001419957212
3.036013802e-08
0.0004333133856
0.0004340919743
-1.771587234e-09
0.001670919964
1.007770248e-07
1.310709762e-09
-2.929122432e-08
-0.001671342416
0.00163913366
-5.752895771e-09
0.001638862429
0.0004641132519
-0.001663022201
2.207631534e-07
0.0016972291
-0.0004985164633
0.001637837971
-0.0004963327156
0.0004512159675
-0.001593294352
-5.310931916e-07
-0.000464266345
0.00167475141
0.0004283222242
-1.267577676e-07
0.00166359532
-0.0005451648997
-0.001614780463
0.001674452203
0.0004269848316
-0.0005454056056
-0.001614090678
0.001697747743
-0.000498198002
0.0004281385893
0.001715307326
1.528807316e-07
-0.0004463658942
-0.001703164332
-0.0003895631488
0.001722294207
0.0003702013533
-3.638813833e-07
-0.0004280227239
0.0003997822186
-8.300583223e-08
-0.001715707946
-0.0003921232711
0.001718706459
0.0003990659666
-0.0003927832197
0.001718437528
-0.0004458300433
0.001606643549
0.0005887855259
-0.001593603457
-9.487109822e-08
0.000513527537
0.001576435742
0.0005143823787
0.001576074592
-0.001667599254
1.488515188e-07
0.001683325104
3.849884016e-08
0.001668344178
-0.001625331265
-0.00162420945
0.001683822561
-0.00150677193
0.0003607489073
0.001419961126
3.748116251e-08
0.0004332882867
0.000434070223
0.001670930668
1.000804612e-07
-1.878087135e-08
-0.00167138088
0.001639157095
0.00163887182
0.0002470262503
0.001656029391
3.707072465e-08
-0.0002157246197
-2.823974166e-09
-6.635556372e-08
-0.000246668778
0.0002574371297
-3.859074454e-08
-0.001656053407
-0.0001773347811
0.001618463311
-0.001722265698
-0.0002157107461
-3.591975427e-09
0.001706316961
0.00023156651
-2.915896964e-09
0.0002577734046
-0.0001781416562
-2.225739146e-09
0.001618423933
-0.0002153086611
0.001337177857
0.0002965683436
-5.8068783e-09
1.429958779e-07
0.0002255035801
0.001253705256
0.0002262151527
0.001253909513
-3.687445889e-09
-0.00159628919
-5.032864374e-08
0.001543233641
-3.213137185e-09
8.383775114e-08
0.001596342846
-5.873401493e-09
0.001543262571
-0.001175280065
0.0001158412413
1.364698236e-09
0.001096650917
1.34388691e-07
0.0001564261717
0.0001568840258
-3.862723379e-09
0.00148442642
-3.153595345e-08
-1.838292504e-09
1.271449749e-08
-0.001484348531
0.001422124569
-1.307911263e-09
0.001422140018
0.0003009174269
-0.001708977574
1.333106904e-08
0.001687409004
-0.0002793650197
0.001731963832
-0.0003486503507
0.0003388413089
-8.252355361e-08
-0.000300274276
0.001733078441
0.0002993094226
-2.318375426e-08
0.001709111517
-0.0003385207351
0.001733114767
0.00029968188
-0.0003392189426
0.001687467333
-0.000278616764
0.0002470412932
0.001656031618
3.250521715e-08
-0.0002156992332
-0.00172223544
-0.0002156481374
0.0002314637118
0.001706341228
-6.716491134e-08
-0.0002467068543
0.0002575115855
-2.789250211e-08
-0.001656047891
-0.00017728552
0.001618469103
0.0002578505415
-0.0001781033743
0.001618456728
-0.0002152549105
0.001337189626
0.000296556043
1.555188991e-07
0.0002255030419
0.001253680357
0.0002262139161
0.00125392412
-0.001596296619
-5.835053719e-08
0.001543200657
9.357252207e-08
0.001596353809
0.001543181733
-0.001175252244
0.0001158411682
0.001096672455
1.41855402e-07
0.0001564645255
0.0001569013999
0.001484432359
-3.137457787e-08
1.443557294e-08
-0.001484359973
0.001422151209
0.001422183271
-0.0007391408707
-0.001289849562
2.552328731e-09
0.0006656959433
-3.925616022e-07
-0.001245381037
-0.0008136950157
-0.001244768508
-0.0008137291223
2.229856543e-09
0.0007053778613
4.509226827e-07
-0.000772703277
3.149319561e-09
-5.889912989e-07
-0.0007060013508
0.0006426558134
2.836446419e-09
0.0006418313155
-0.0007732853101
0.0009594354651
0.0006624751137
4.68726675e-09
-0.0009534577496
-3.519074919e-07
0.0007538240756
0.000990450093
0.0007526890423
0.0009899854934
-6.240590978e-09
-0.001053274527
5.861654045e-07
0.001104096991
-5.169616535e-10
-9.938143039e-07
0.001052649553
-0.001021320991
-3.739038336e-09
-0.00102334752
0.001104263445
0.0008747856016
-0.001033978347
7.939060952e-09
-2.699917807e-07
-0.001172029344
-1.774472894e-07
0.0008407922224
-0.001171246412
4.215717209e-09
0.0008401164127
-2.104201606e-09
2.589890244e-07
4.722461315e-09
0.0006522424176
-0.00112973925
8.853169866e-07
0.001177933705
-0.0007013188831
0.001180982726
-0.0005910885607
0.0005582202975
-0.001150197026
-1.143239626e-06
-0.0006537238668
0.001225973118
0.0006068203895
-1.56190527e-06
0.001127686479
-0.0006339403147
-0.001086151064
0.001226901566
0.0006051823234
-0.0006315433087
-0.001090845269
0.001177723865
-0.0007028759381
-0.0007391187471
-0.001289882018
0.0006657771205
-4.053005924e-07
-0.001245420084
-0.0008136849365
-0.001244793719
-0.0008137051812
0.0007053734345
4.586271972e-07
-0.0007726889298
-5.96221096e-07
-0.0007059933298
0.0006426245741
0.0006417995934
-0.0007732309256
0.0009595107822
0.0006623963298
-0.0009533137495
-3.382637957e-07
0.0007538086598
0.0009905100405
0.0007526779913
0.0009900291724
-0.001053280649
5.829217408e-07
0.001104056317
-9.859411147e-07
0.001052666695
-0.001021402503
-0.001023417307
0.001104182339
0.0008748004447
-0.001033990167
-2.827958461e-07
-0.001172034188
-1.746224773e-07
0.0008408180529
-0.001171233437
0.0008401260539
2.647227928e-07
5.165713423e-05
1.045177569e-05
-1.588296504e-09
5.644949664e-08
0.0001206423493
7.552230902e-08
7.952054904e-05
0.0001206447656
8.430988454e-09
7.968814234e-05
-1.09019419e-09
4.10367137e-08
6.850723742e-10
-1.851501321e-05
3.022087004e-05
1.163517482e-08
0.0003163264174
-2.955650863e-05
0.0003163705013
-2.972769054e-05
5.660271319e-08
-4.535747147e-05
-4.534940607e-05
5.167972063e-05
1.046899432e-05
2.278931217e-08
0.0001206122383
6.901640351e-08
7.953673721e-05
0.0001206550655
7.96690192e-05
3.510992184e-08
-0.0003481159088
-0.0005490276763
-1.005514837e-09
0.000432964837
-3.333932267e-07
-0.000476826756
-0.0002489561301
-0.0004777846689
-0.0002484952991
1.30046033e-09
0.0002927077636
5.36910849e-07
-0.000206968821
-1.923259983e-10
-6.301718048e-07
-0.0002935358067
0.0003665503453
-6.092468815e-10
0.0003654957391
-0.0002074228694
-0.0006195779708
-8.844237033e-05
9.441382429e-07
0.0005349583362
1.220973606e-09
-1.777976831e-06
0.0006159872024
-0.0006830501331
-9.399643088e-07
8.871167316e-05
0.0005173701465
7.355877128e-05
0.0006087121766
1.253571836e-09
-0.0006840473392
1.063458404e-09
-0.0006899358758
0.0005193241927
7.687841047e-10
0.0005330123367
0.0001277417268
-0.0004122880309
2.180262362e-09
-4.902368561e-07
-0.0004328921052
-0.000433877147
1.753751273e-09
-0.0001064603466
5.711983286e-07
1.514838606e-09
-5.763492895e-07
0.0001067314451
1.986345921e-09
0.0002462480378
-0.000639144881
9.36225108e-07
0.0005640723652
-0.0001721118646
0.0006871722985
-0.0002074006184
0.0002632527089
-0.0007449013578
-1.039540662e-06
-0.000247035705
0.0006203479177
0.0003112222148
-1.788240763e-06
0.0006359040229
-0.000142611062
-0.0006995275061
0.0006223936059
0.0003099870446
-0.0001420820736
-0.0007062527378
0.0005624210426
-0.0001726165029
-0.0003481480469
-0.0005490088615
0.0004329375045
-3.389043769e-07
-0.0004768759858
-0.0002489948803
-0.0004778148098
-0.0002484827603
0.0002926995104
5.338794871e-07
-0.0002069760282
-6.301070625e-07
-0.0002935206935
0.0003665277505
0.0003654535385
-0.000207441758
-0.0006195795933
-8.843902814e-05
9.466362519e-07
0.0005349613376
7.352493513e-05
0.0006087113571
-0.0006840196116
-1.780912785e-06
0.0006159900914
-0.000683052158
-9.42208558e-07
8.870323124e-05
0.0005173626368
-0.0006899165827
0.0005193254117
0.0005330234518
0.0001277439149
-0.0004122919067
-5.003970337e-07
-0.0004328890971
-0.0004338670726
-0.0001064578511
5.775984915e-07
-5.797582829e-07
0.0001067298085
-0.001171991703
-2.527380663e-09
0.005814026664
-2.167000956e-08
4.186692956e-09
0.005987657033
-0.000316938121
-0.0003524047941
-0.0003663951633
0.005781504995
-0.001209845513
-0.001172015674
0.005932246205
0.005814204301
0.005987821316
-0.0003524155815
-0.0003169186875
-0.0003663716286
-0.001015711095
-1.272355772e-08
0.00615871365
-1.979655917e-08
-0.0003078062958
-0.0003375117312
-0.0003152779224
-1.313994359e-08
0.006305200507
-0.0002981688976
-0.0002823391942
-0.0002993994227
0.006056918227
-0.001106362038
-0.001015708011
0.006181843106
0.006158786002
-0.0003375043451
-0.0003078214222
-0.0003152701455
0.006305258821
-0.0002823262867
-0.0002981666638
-0.0002994119755
-0.000775383427
-2.0577426e-08
0.006423741024
-8.788011185e-09
-0.0002426398585
-0.0002676613128
-0.0002416374721
-1.412736444e-08
0.006508234765
-0.00022748226
-0.0002024854459
-0.0002261245118
0.006280335986
-0.0009020873169
-0.0007753997371
0.006360403077
0.006423812203
-0.0002676148463
-0.0002427141398
-0.0002416993967
0.006508286539
-0.0002025535387
-0.0002274185427
-0.0002260680832
-0.000542079871
-1.633969576e-07
0.006574989052
-2.476870768e-08
-0.0001632719838
-0.0001883838085
-0.0001621100049
-1.22236961e-07
0.006439270643
-0.0006360093653
-0.000542756759
0.006575479969
-0.0001882662101
-0.000163359212
-0.0001621575884
-0.001400666386
1.370185436e-09
0.004975672343
6.254945525e-09
6.089175955e-09
0.00516197858
-0.0003700134745
-0.0004176239695
-0.000414832042
0.005077745349
-0.001305816202
-0.001400687014
0.005258812178
0.004975538666
0.005161853552
-0.0004176492972
-0.0003699820614
-0.0004148208118
1.034046745e-08
-0.0003756971375
-0.0004155703865
-0.0004257060017
-0.0003739818652
1.493908517e-08
-0.0004184500085
-0.0004391353687
-0.0004233361247
0.001267109817
0.001406377329
0.001416145541
0.001265501234
0.0004234965928
-0.001307758228
-1.887500693e-05
0.00539737094
-0.001513106023
-0.0003757095073
-0.0004155628723
-0.0004256759742
-0.0003739461846
-0.0004390279951
-0.0004185778154
-0.0004234686175
0.001267169984
0.001406421773
0.001416144442
0.001265508527
-1.888968103e-05
0.0004235141249
-0.001307798728
0.0003361916078
-0.00157850851
5.760670699e-06
0.001597028796
-0.0003604710565
-1.507095113e-09
-7.065694341e-06
-0.0003384294295
0.001561130385
-1.505229815e-05
0.001549888053
-0.001497915259
-0.0003866887183
0.001564509635
-0.0003531214132
-0.001567134587
1.260187207e-09
0.00157836136
-3.730964014e-09
-0.001572047455
-0.0003746361059
1.342718395e-09
0.001585741746
-0.0003685224435
0.0002551349257
-0.001654085455
5.97382997e-07
0.001667596626
-0.0002692418173
-1.661785639e-09
-3.87279376e-07
-0.0002562838539
0.001639665997
-8.661171064e-07
0.00165320953
-0.001634941023
-0.0003022831022
0.001626994871
-0.0002837960628
-0.001611741073
-2.358433695e-09
0.001640105844
-8.060634683e-10
-0.001637143794
-0.0003016014748
-2.359242669e-09
0.001667274594
-0.0002697515352
0.0001704483836
-0.001690160237
5.544200536e-07
-0.0001726551051
-4.396958769e-09
-1.358702168e-07
-0.0001719234384
-7.534468093e-07
0.00169112703
-0.00168744442
-0.0002015500065
0.001668968656
-0.0001978330749
-0.001660100702
-7.07268598e-09
-4.628981228e-09
-0.00168732691
-0.0002014147693
-5.08733609e-09
-0.0001728853881
0.0001021281272
-7.357921555e-07
-0.000104316325
-0.0001026955418
-7.58630962e-07
0.000102208343
-0.00129541415
-1.572898423e-08
0.004473844924
-6.257435325e-09
-2.907610579e-08
-0.001290574725
0.001075809215
0.001160097414
0.001185641366
0.004617863168
-0.00114405165
-0.001295644813
0.004473656147
-0.001128299163
-0.001291044824
0.001160087815
0.001075806523
0.001185635689
0.0004649567121
-0.001281080565
2.871065246e-06
0.001324086173
-0.0005108380585
4.673206549e-09
-2.335349899e-06
-0.000464097202
0.001319521752
-1.093197916e-05
0.001262976124
-0.00121249189
-0.0004941331713
0.001297806052
-0.0004582227948
-0.001292106569
4.462437692e-09
0.001337087455
3.83234058e-09
-0.001261704187
-0.0004885345638
3.410674876e-09
0.001316054493
-0.000514304507
0.0005237150961
-0.001450608421
9.175309807e-07
0.001503833886
-0.0005778701234
1.203101948e-08
-1.588154583e-06
-0.0005268136039
0.0004829338843
0.001497199637
-1.288741399e-06
0.00145098001
-0.001401340228
-0.0005735880678
0.001453547303
-0.0005214919522
0.0004717493867
-0.00140708471
6.212530369e-09
0.0004772348893
0.001498436082
3.276430453e-09
-0.00140072009
-0.0005726841188
1.509945493e-08
0.001503991466
-0.000578907521
5.263290392e-08
0.00158309031
-0.0001382111409
-0.0001738444092
0.001688367814
0.0001917764007
4.479861224e-09
0.00158326542
-0.0001386380773
4.811645285e-09
0.0001570593169
1.056412538e-08
0.001546055431
-0.0001198532355
-6.661182621e-09
-6.968460348e-08
-0.0001564333582
0.0001722501157
0.001672780173
0.0001726387832
0.001672723913
-5.238197663e-09
0.001546145776
-0.0001194782667
-2.566215032e-07
-6.459309971e-08
-0.001487859955
-6.040598644e-05
0.001612559794
-7.400680046e-05
-0.001631463278
4.298350573e-09
9.267837512e-05
-0.001487764277
-6.033473419e-05
1.676982664e-09
6.708429575e-09
0.001011803005
0.001124257396
0.001107640403
-0.0003318076017
-0.0003568731894
-0.0003398247866
-0.0003095804386
6.010163128e-08
0.0009253547537
0.001018251702
0.001043668899
0.0009536012631
0.0003430031064
-0.0009165260403
-1.709222572e-05
0.00421547464
-0.001095675457
0.001124366966
0.001011613686
0.001107407312
-0.000331714311
-0.0003568029304
-0.0003398701374
-0.000309665626
0.0009254134577
0.001018278039
0.001043725715
0.0009536730001
-1.707830196e-05
0.0003430098416
-0.0009165936172
0.0004458241211
-0.001099595313
1.544667848e-05
0.001070153351
-0.0004318295328
6.96129718e-10
-1.943743517e-05
-0.0004340337717
0.0004195939887
0.00106723959
-7.154846102e-07
0.001018896289
-0.0003808876101
0.001127828614
-0.000419887754
0.0004132631572
-7.432542135e-10
0.000437960814
0.001116253209
1.27498186e-09
-0.0004125613639
3.212466282e-09
0.001034612578
-0.0004343033847
-0.0006293939477
-2.551932976e-08
0.00386654414
-3.005568738e-09
-3.36369396e-09
-0.0004563591473
0.0008864210868
0.0009622814912
0.0009673391898
0.004034132896
-0.0005151834826
-0.0006290026893
0.003866051502
-0.0003770416939
-0.0004562372926
0.0009621146732
0.0008864735967
0.0009673473869
0.0004263104898
-0.0008476869173
2.91859758e-06
0.000817208367
-0.0003987504452
-9.180013097e-11
-3.530409582e-06
-0.0004295292426
0.0004461473166
0.0008686309274
-7.632255569e-06
0.0008365315506
-0.0008487591333
-0.0003461662906
0.0008964447302
-0.0003625286028
0.0003896127925
-0.0009329263571
6.20216125e-10
0.0004447688769
0.0008744574672
-1.533221352e-09
-0.000878421868
-0.0003394254753
-4.335054595e-10
0.0008124778203
-0.0004025569157
-0.0002397901386
-4.460087097e-09
0.0008466278606
0.0009306700073
0.0009263785064
0.003729621939
-3.831723789e-09
-2.183564532e-09
0.0008294643972
0.0009161355615
0.0009058714057
0.003771550825
-0.0001967358706
-0.0002396886705
0.0009307770448
0.0008465545193
0.0009262874487
0.003729649115
0.0009160514119
0.0008295818817
0.0009060066786
0.0001309610396
-0.0008860886015
1.610810012e-05
0.000828411269
-8.939337166e-05
1.564475419e-09
-1.600212797e-05
-0.0001270228466
0.0001600077909
0.0008072897659
-3.459182553e-06
0.0008170857259
-7.241605658e-05
0.0008935960206
-0.0001171059051
0.0001509527598
-1.85977257e-09
0.0001657646551
0.0008427893043
9.848323245e-10
-8.027517669e-05
6.297321277e-12
0.000793192126
-8.702112771e-05
0.0003966277613
0.001576573181
-3.523123605e-06
-0.0004166040098
-9.369337995e-09
-4.917725418e-06
-0.000339711777
-2.319267121e-05
-0.001428920457
-0.0003957476926
-0.001576232522
-0.000372815905
-1.832874952e-11
1.282265542e-09
-0.0003914832899
4.389233984e-10
-0.0003836782071
-0.001456788261
-0.0004372973204
3.201126732e-06
0.001493218301
1.344157075e-09
-1.493219026e-05
0.001422671817
-0.001367911375
-3.289816009e-06
0.0004369376337
0.001485989419
0.0004367542117
0.001458258526
3.034299931e-10
-0.00143525941
6.813550482e-10
-0.001446721689
0.001494910978
-4.69635154e-09
0.001471019105
0.0004283578726
-0.00153247488
-9.895007552e-09
0.001571884518
-0.0004686058783
0.001520717178
-0.0004392640145
-4.826682143e-06
-1.218844879e-08
-2.903563993e-06
-0.001515139574
0.001550446113
2.259489844e-07
0.0004326253673
-0.0004775988617
-9.629801091e-09
0.001554697821
-1.532522174e-08
-0.0004765866457
0.0003966027551
0.001576546868
-3.530002364e-06
-0.0004165394074
-0.001576229431
-0.0003728031616
0.001567128618
-4.916893381e-06
-0.0003396969465
-2.31722222e-05
-0.001428955151
-0.0003957095231
0.001497902732
-0.0003914639323
0.001572035849
-0.0003835625614
-0.001456890283
-0.0004373578666
3.198512182e-06
0.001493381122
0.0004368893296
0.00145816617
-0.0004717831588
-0.001435262238
-1.492040912e-05
0.001422853935
-0.001367972012
-3.286752958e-06
0.0004370579874
0.001485758139
-0.0004829678061
-0.001446733893
0.001494734342
-0.0004772174903
0.001471330502
0.0004283247589
-0.001532437024
0.001571867474
-0.0004686058909
0.001520737231
-0.0004390676647
-4.84004513e-06
-2.893713589e-06
-0.001515171262
0.001550454362
2.634699738e-07
0.0004322433741
-0.0004774411396
0.001554694709
-0.0004765222123
0.0003176726129
0.00161755403
2.334845682e-06
-0.0003405314025
-1.289686719e-09
-2.88183366e-06
-0.0003201228985
-1.339944607e-06
-0.001612598925
-0.000324468553
-0.001593754558
-0.0003017128388
-3.200775943e-09
-1.839113232e-09
-0.0003226398114
-2.739168349e-09
-0.000344645232
-1.277282601e-06
0.0003969048438
0.001643040248
0.001610271837
0.0004110853397
-5.000549453e-09
0.0003927207206
0.001643240348
4.533931911e-09
-0.001586913466
2.425207249e-06
0.001616738354
-4.319829153e-10
-4.240680042e-06
0.001583926938
-7.087678175e-09
0.001614734554
-7.301133208e-07
0.0003706516247
-0.001673209772
0.0003458977467
-3.487616665e-09
0.001697084953
0.0003683696091
4.401095269e-11
0.001643352089
1.223178076e-06
1.297389374e-09
-7.425322297e-07
-0.001641964131
0.001665050632
-2.796261571e-09
0.001665870295
0.0003361904004
-0.00157850802
5.756690028e-06
0.00159703395
-0.0003604745209
0.001564507697
-0.0003531240698
-7.059051781e-06
-0.000338428623
0.001561115881
-1.505310574e-05
0.001549896126
-0.0003867154324
0.001578365173
-0.000374647999
0.001585757723
-0.0003685335242
0.0003176749709
0.001617554336
2.334360556e-06
-0.0003405310067
-0.001593740131
-0.0003017091585
0.001611736515
-2.886202739e-06
-0.0003201348345
-1.336142084e-06
-0.001612598486
-0.0003244650057
0.001634941339
-0.0003226381125
0.001637144413
-0.0003446412307
0.00161026889
0.0004110924311
-1.282380975e-06
0.0003968938341
0.001643071176
0.000392708502
0.001643267377
-0.001586912522
2.421028382e-06
0.001616725054
-4.219534141e-06
0.001583920944
0.001614702283
-0.001673217268
0.0003458999877
0.001697082601
-7.315319693e-07
0.0003706715072
0.0003683845941
0.001643350559
1.229385748e-06
-7.384788533e-07
-0.001641961952
0.001665051832
0.001665871163
0.0002379555709
0.001678464411
5.35199863e-07
-0.0002493555671
-2.993291953e-09
-4.474757965e-07
-0.0002387191524
-5.034149903e-07
-0.001678459482
-0.000220836162
-0.001651493249
-0.0002113092147
-3.735110628e-09
-3.825062505e-09
-0.0002206721556
-2.980416825e-09
-0.0002493688477
-1.666263172e-07
0.0002841572474
0.001730676545
0.001715348149
0.000320328182
-2.096850587e-09
0.0002840916054
0.001730795333
-1.16644031e-09
-0.001684136512
2.891878397e-07
0.001698698958
-1.852879312e-09
-4.629545003e-07
0.001683744036
-2.46859132e-09
0.001698438931
-1.429719591e-07
0.0002589723334
-0.001729250789
0.0002328137828
-3.32864441e-09
0.001727861003
0.0002591774457
-2.467541785e-09
0.001708266962
2.581339842e-07
-4.26147558e-09
-2.300179445e-07
-0.001708300555
0.001720111865
-2.495878698e-09
0.001720181067
0.0002551440658
-0.001654086145
5.970724836e-07
0.001667587828
-0.0002692444785
0.00162702968
-0.0002837897378
-3.944283563e-07
-0.0002563101312
0.001639637256
-8.63206979e-07
0.001653213468
-0.000302274722
0.00164007911
-0.0003015970395
0.001667255203
-0.0002697547968
0.000237949905
0.001678464785
5.328317735e-07
-0.000249362688
-0.001651514681
-0.0002113583217
0.001660089441
-4.424278623e-07
-0.0002387055211
-5.074777203e-07
-0.001678472719
-0.0002209101088
0.001687480847
-0.0002207306846
0.001687326683
-0.0002493902052
0.00171533177
0.0003203243343
-1.669172519e-07
0.0002842191681
0.001730575446
0.0002841472716
0.001730698293
-0.001684135376
2.920622e-07
0.001698744254
-4.606064853e-07
0.001683750417
0.001698506846
-0.001729276946
0.0002327259185
0.001727886232
-1.360528798e-07
0.0002589237284
0.0002591333724
0.001708263633
2.470516357e-07
-2.191004714e-07
-0.001708287411
0.001719951686
0.001720037271
0.0001969447159
0.001722615863
3.929606803e-09
-0.001715476435
-0.0001721803171
1.801440097e-07
0.001714825298
-3.798569958e-09
-2.345485435e-07
0.001715574475
-1.567054632e-07
0.0001722306214
0.001722928627
3.000498018e-11
0.001722922157
-4.532053716e-09
0.001715099856
0.001710658944
-0.0001587549113
3.268576156e-07
-7.592216219e-09
-2.354368705e-07
-0.001711082618
0.001707205615
-3.612897597e-07
0.0001592489953
-0.0001448785947
0.0001408300352
-0.001708665667
-4.061790167e-09
-0.0001263053621
0.001693627741
-7.334364674e-09
0.001706868656
-4.38736773e-09
-0.0001448553261
0.0001704486047
-0.001690160112
5.515888394e-07
-0.0001726544839
0.001669022205
-0.0001977755684
-1.399173076e-07
-0.000171930739
-7.361886423e-07
0.001691132344
-0.0002014569668
-0.0002013502672
-0.0001728821688
0.0001970218387
0.001722628707
-0.000191855242
-0.001715475769
-0.000172191639
1.754818265e-07
0.001714833652
-2.330995717e-07
0.001715573911
-1.487161493e-07
0.0001722506872
0.001722857203
-0.0001722009444
0.00172287363
-0.0001725898133
0.0017151179
0.001710657713
-0.0001587457802
3.192033001e-07
0.000140712393
-0.001708720107
-0.0001261633642
0.001693666229
-2.214719905e-07
-0.001711066713
0.001707131791
-3.61082005e-07
0.0001592232188
-0.0001449742223
0.001706856521
-0.000144957714
0.0004354505481
0.00126177844
4.350379497e-07
-0.0004452450216
1.44045391e-09
-4.819681135e-06
-0.0003829656911
-1.818370058e-05
-0.001158085358
-0.0004593982253
-0.001289872012
-0.0004440914913
1.740308877e-09
1.147657557e-09
-0.0004622029591
2.011453658e-09
-0.0004048558168
-0.001194226182
-0.0004202824725
1.821139875e-05
0.001203413849
1.84537511e-09
-6.296343128e-06
0.001086984254
-1.962895038e-05
0.0003949660452
0.001104637377
0.0004050490816
0.001163499071
-1.411935541e-09
-6.204873008e-10
0.001161547018
1.438681329e-09
0.001140235918
0.0004865575647
-0.00117160325
2.517801446e-09
0.001187908196
-0.0005077183806
0.001198599095
-0.0004477264296
7.294542313e-06
1.614040447e-09
-5.505924563e-06
-0.001176715383
0.001206815533
-1.19633179e-05
0.0004340407489
-0.0004664403573
1.457869526e-09
0.001217446311
1.729925523e-09
-0.0004697477171
0.000435451646
0.001261786721
4.366206714e-07
-0.0004452593409
-0.00128988915
-0.0004440672941
0.00129207662
-4.820615302e-06
-0.0003829675249
-1.818701744e-05
-0.001158100615
-0.0004593819208
0.001212514757
-0.0004621908017
0.001261725214
-0.000404883446
-0.001194228874
-0.0004202740125
1.821054765e-05
0.001203420645
0.000405030617
0.001163528032
-0.0004132810881
-6.292763591e-06
0.00108700189
-1.962814956e-05
0.0003949554611
0.00110464338
-0.0004195462727
0.001161533732
-0.0004379064288
0.001140257042
0.0004865671819
-0.00117154564
0.001187933973
-0.0005078122891
0.001198608142
-0.0004477404889
7.295252823e-06
-5.507924122e-06
-0.001176736314
0.001206850908
-1.196463557e-05
0.0004340674685
-0.0004663889474
0.001217478049
-0.0004697153067
0.0004984660353
0.001357943164
-3.411627335e-07
-0.0005319889501
7.086284831e-09
5.123130377e-06
-0.0004913296455
0.0004424653979
-6.001771759e-07
-0.00135686538
-0.0005579233083
-0.001365789566
-0.0005147671985
8.001943087e-09
0.0004715200426
5.143602337e-09
0.0004748819098
-0.0005581562337
1.193403586e-08
-0.0005324816946
-1.517974626e-06
0.0005614115404
0.001261575218
0.001218735802
0.0005247171028
8.97084884e-10
0.0005591202236
0.00126331169
1.346980699e-09
-0.001249689855
2.045291655e-06
0.001295923231
3.497565562e-09
-3.937400677e-06
0.001244079566
1.587851246e-09
0.001293231881
-0.001319338885
0.0006038414808
1.197288178e-08
0.001380801947
-7.147607015e-07
0.0005858224018
0.0005850851459
4.211607969e-09
0.001348366197
6.449283595e-07
8.298077095e-09
-3.836787415e-07
-0.001347217512
0.001394060769
1.472329987e-08
0.001393653042
0.0004649726414
-0.001281088713
2.877483466e-06
0.001324105648
-0.0005108623865
0.001297905336
-0.0004582407361
-2.3414523e-06
-0.0004641287479
0.001319526913
-1.093662225e-05
0.001262996507
-0.0004941281934
0.001337071739
-0.0004885374507
0.001316101879
-0.0005143566374
0.0004984588246
0.00135795949
-3.295652009e-07
-0.0005319760138
-0.001365805169
-0.0005147507784
0.001407100739
0.0004715036802
5.112319016e-06
-0.0004913182378
0.0004424289704
-6.199379604e-07
-0.00135691135
-0.0005579237832
0.001401424243
0.0004748428563
-0.0005581611651
0.001400761873
-0.0005324572757
0.001218759205
0.0005246921912
-1.520539892e-06
0.0005613671389
0.001261618595
0.0005590750781
0.001263347252
-0.001249695261
2.05116564e-06
0.001295860279
-3.939112056e-06
0.001244096672
0.001293158333
-0.0013193123
0.0006038815137
0.001380832001
-7.191732323e-07
0.0005858511576
0.0005851195807
0.001348358723
6.534165175e-07
-4.050207368e-07
-0.001347205629
0.001394122502
0.001393688776
-2.981637407e-07
-0.001559424272
-0.0005711225222
-0.0005160963264
-0.001546159991
-2.128898959e-08
-0.00155919655
-0.0005713050747
-7.905380394e-08
0.0005247350438
3.949744558e-07
-0.0005804558262
-3.68521408e-08
-4.483119164e-07
-0.0005258309375
-2.382565354e-08
-0.0005808687729
0.001438022687
0.000626747712
1.386433982e-08
-2.35106623e-07
0.0006371353006
0.001495627194
0.0006369456946
0.001494638854
1.17173677e-08
-0.001447254296
4.185230346e-07
0.001505892744
1.860202248e-08
-4.430536108e-07
0.001447934638
1.929301425e-08
0.001506580949
-0.001544868216
0.0006314766917
-3.029837859e-08
-3.961211513e-08
0.0006389305358
0.0006389478739
1.768181426e-09
-2.452467804e-07
-0.001564795799
-0.001564229944
-7.781408656e-08
1.530922351e-07
1.756440146e-09
0.0005237210102
-0.0014506596
9.72671144e-07
0.001503913067
-0.0005779351126
0.001453526666
-0.0005214913353
-1.618735481e-06
-0.0005268062353
0.001497187424
-1.316906078e-06
0.001451129546
-0.0005736096129
0.001498414726
-0.0005726908628
0.001504324126
-0.000579028139
-0.0005161181234
-0.001546115259
-2.790330659e-08
-0.001559886223
-0.0005711291608
-0.001559124784
-0.0005711909788
0.0005246629163
4.21791836e-07
-0.0005803332782
-4.16342858e-07
-0.0005256591265
-0.0005807994366
0.00143805015
0.0006267399358
-2.758106133e-07
0.0006372581314
0.001495679001
0.0006369881707
0.001494625749
-0.001447276119
4.919054384e-07
0.001505855883
-4.810232689e-07
0.001448026104
0.001506748003
-0.001544865089
0.0006314638896
-6.245193619e-08
0.0006391477342
0.0006389495118
-1.087761198e-07
-0.001565447039
-0.001564123131
3.507401037e-07
0.0001323310832
0.001515494945
6.320280112e-09
-0.0001017718419
-5.079408574e-09
-1.137089686e-07
-0.000131743252
-6.288343265e-08
-0.001515505224
-7.02142086e-05
-0.001660091016
-9.788556885e-05
-3.471176372e-09
-5.069041112e-09
-7.021725853e-05
-5.074410418e-10
-0.0001010963639
0.001036422662
8.92513098e-05
-4.545888578e-09
8.249653535e-08
6.909686485e-05
0.0009967643389
6.929566271e-05
0.0009970545996
-5.934991079e-09
1.068314443e-07
0.001372523646
0.001372860149
-7.374796715e-11
-3.969208642e-08
0.00132234674
-4.483195851e-09
0.00132210255
-0.000961576621
4.442959902e-05
2.658578732e-09
0.0009399219847
5.163538467e-08
5.952655738e-05
5.990124415e-05
-2.408624193e-09
0.001280513248
-3.270632117e-08
-4.392988883e-09
-2.277052729e-08
-0.001280500027
0.001254683627
1.163954995e-09
0.001254701675
-0.0001739011296
0.00168835514
2.210643596e-08
0.001583165395
-0.0001383159351
0.001583321942
-0.0001387394292
0.0001570605949
5.336033456e-10
0.001546062486
-0.0001198083401
-6.182067913e-08
-0.0001564369711
0.001672799758
0.001672758859
0.001546162667
-0.0001194337171
0.0001323178965
0.001515493627
-6.115238422e-10
-0.000101753516
-0.001660002829
-9.784102217e-05
0.001631484742
-1.111516718e-07
-0.0001317218278
-6.258914441e-08
-0.001515500839
-7.02428957e-05
0.001487916986
-7.024843058e-05
0.001487837933
-0.0001010605867
0.00103643531
8.925019927e-05
1.035687963e-07
6.917015526e-05
0.0009966404271
6.93665709e-05
0.0009969579285
9.247014484e-08
0.001372479751
0.001372786426
-4.812767055e-08
0.001322388289
0.001322168055
-0.0009615889724
4.450160469e-05
0.0009399513471
5.248789463e-08
5.94524167e-05
5.985074346e-05
0.001280518194
-3.705359339e-08
-3.350995384e-08
-0.001280522837
0.001254739621
0.001254739023
5.138898875e-05
-8.897989021e-09
1.124694568e-08
-3.85836147e-09
-7.406538754e-05
9.2728448e-05
-7.50699002e-08
-6.045025606e-05
-6.034413984e-05
5.132656274e-05
2.409129391e-08
-3.454095699e-06
-0.001055134585
-0.000569975262
-0.0005384091578
-0.001124064703
1.629325786e-09
-0.001067516204
-0.0005651480928
-1.818652721e-09
0.0004893160076
9.081819851e-06
-0.0004957615774
8.960224007e-10
-1.175553501e-05
-0.0004919680738
1.259502031e-09
-0.0005034082617
-0.001005478083
-0.0004440931605
5.020492614e-06
0.001012719989
1.227880021e-09
-5.507137145e-06
0.0009903946939
-0.0009723902099
-3.926698027e-06
0.0004436442826
0.0009374288087
0.0004034242557
0.0009469597471
-1.162665443e-09
-0.0009699287405
1.499098086e-09
-0.00102012383
0.0009437097456
-9.79843717e-10
0.001004756083
0.0005805279899
-0.000950975681
3.507954227e-09
-0.0005843616476
-1.939557665e-06
-0.001006108668
-0.001009906113
-1.065367189e-09
-0.0004967316538
3.78254523e-06
1.407318879e-09
-2.38266073e-06
0.0005009783001
-0.0005086715495
1.526709608e-09
-0.0005063817739
0.0004458147366
-0.001099560442
1.544647017e-05
0.001070128069
-0.0004318281394
0.001127803885
-0.000419755241
-1.943482346e-05
-0.0004340031455
0.001067265974
-7.1951717e-07
0.001018816013
-0.0003809079337
0.001116278642
-0.0004126246772
0.001034559496
-0.0004343001592
-0.0005383671435
-0.001124114181
-3.444760899e-06
-0.00105519818
-0.000569915953
-0.001067575195
-0.0005650837955
0.000489303211
9.079494522e-06
-0.0004958289358
-1.175362457e-05
-0.0004919370377
-0.0005034962274
-0.001005492442
-0.0004440808262
5.020978018e-06
0.001012725377
0.0004034085406
0.0009470047216
-0.0003895958276
-0.0009699672093
-5.501560674e-06
0.0009904330864
-0.0009724608713
-3.920259037e-06
0.0004436248104
0.0009374553059
-0.0004460996517
-0.001020208641
0.0009437159536
-0.0004447132964
0.001004778714
0.0005805743871
-0.0009509233444
-0.0005843285686
-1.936367336e-06
-0.001006099002
-0.001009864147
-0.000496755524
3.789225648e-06
-2.388801652e-06
0.0005010272873
-0.0005086198869
-0.0005063501881
0.0002979866553
0.0009253182149
2.100014162e-06
-0.0002648749863
7.279064955e-10
-2.73909406e-06
-0.000268429322
0.0002840429046
-1.319613179e-05
-0.0008594696963
-0.0002952130714
-0.0009722364969
-0.0003251078283
-8.049183069e-10
0.0003479854635
2.14250711e-09
0.0003182394266
-0.000291405981
-1.631967344e-09
-0.0002434809431
-0.0009373830849
-0.0002027156302
1.38312337e-05
0.0008994814734
1.623546134e-10
-3.660724297e-06
0.0008626656767
-1.569857778e-05
0.0001912359562
0.0008374353108
0.0001823025104
0.0009277270885
2.258213131e-09
-1.528829224e-10
0.0008750772831
2.543445559e-10
0.0008598450191
0.0002644560823
-0.0008199952871
-4.585478853e-09
0.0007741432633
-0.0002225958359
0.0008577254887
-0.0002291874085
6.068011136e-06
3.963793447e-10
-4.958872033e-06
-0.0008442317067
0.0008184100018
-8.919656674e-06
0.0002217996228
-0.0001812906173
-8.739567173e-11
0.0008258168016
-1.268972223e-09
-0.0001830238017
0.0002979993649
0.0009253342505
2.100600756e-06
-0.0002649198152
-0.0009721670957
-0.0003250419989
0.0009328051556
0.0003479591287
-2.749615689e-06
-0.0002684611447
0.0002840791483
-1.318913809e-05
-0.0008594887296
-0.000295189077
0.0008488276266
0.0003182228708
-0.0002914008741
0.0008785023535
-0.0002435630318
-0.0009373803542
-0.0002027161713
1.383226303e-05
0.0008995141164
0.0001822142454
0.0009276395276
-0.0001509566118
-3.656123197e-06
0.0008626696445
-1.571118253e-05
0.0001912188027
0.0008372872332
-0.0001599473583
0.000874980336
-0.0001657679063
0.0008599040688
0.0002644200593
-0.0008200571351
0.0007742243938
-0.000222561779
0.0008577169981
-0.0002291892164
6.066914781e-06
-4.956485115e-06
-0.0008442105767
0.0008183673506
-8.918640669e-06
0.0002218026276
-0.0001814613691
0.0008257796071
-0.0001831859251
-0.0005732104058
-0.0008611462825
-6.046446008e-10
-7.4217506e-07
-0.0007817706152
-0.0005396260853
-0.0007837746548
-0.0005380480124
1.754678917e-09
0.0004947813822
1.318639606e-06
-0.0004626659516
-3.575897963e-10
-1.711998944e-06
-0.0004969530477
-1.203892081e-09
-0.0004649272008
-1.317330435e-06
0.0003610701736
0.0006755219796
0.0007273727665
0.0003077805502
-4.36149634e-09
0.0003586319683
0.0006774502341
-4.51238589e-09
-0.0007907613006
1.766027849e-06
0.0007488741517
2.643269699e-09
-3.408574783e-06
0.0007861657389
1.995776303e-09
0.000746445018
0.0004942504633
-0.0006260508013
1.242798308e-09
-5.280480564e-07
-0.0007003846077
-0.0007014574143
2.978308321e-09
-7.2679284e-07
0.000417949844
0.0004161693138
-9.350986579e-10
9.16946888e-07
3.151728786e-09
0.0004263077068
-0.0008476768775
2.918721198e-06
0.0008172141109
-0.0003987637543
0.0008964070032
-0.0003626066351
-3.529201322e-06
-0.0004295266964
0.0008686377124
-7.628348771e-06
0.0008365177466
-0.000346164248
0.00087447068
-0.0003394099436
0.0008124929635
-0.0004025831923
-0.0005732001393
-0.0008611898317
-7.418632392e-07
-0.0007817040099
-0.0005397186719
-0.000783735222
-0.000538131347
0.0004947746759
1.320162168e-06
-0.000462616306
-1.704132715e-06
-0.0004969318119
-0.0004648226948
0.0007274300154
0.000307794299
-1.284200311e-06
0.0003610104486
0.0006756126366
0.0003585873088
0.0006775410364
-0.000790756494
1.769077711e-06
0.0007488136094
-3.409462466e-06
0.0007861548915
0.0007463512219
0.0004942509423
-0.0006260629566
-5.409099606e-07
-0.0007004256038
-0.0007014994111
-7.098706981e-07
0.0004179752217
0.0004162208118
9.218543591e-07
-3.956953482e-06
-0.0007566210421
-0.000112825543
-0.0001736017243
-0.0007979084723
1.237551189e-09
-0.0007714940912
-0.0001122315949
-7.728567479e-11
0.0001477760077
9.756659104e-06
-0.0001006170237
1.539894705e-09
-9.630535747e-06
-0.0001471222211
2.507526104e-09
-0.0001007944706
-0.0008631101831
-4.595930644e-05
1.568751223e-05
0.0008039884915
1.191509904e-10
-3.380979156e-06
0.0007972275392
-1.582869258e-05
4.477321978e-05
0.0007759394319
4.089354151e-05
0.0008718992785
-2.355421933e-10
-1.388748052e-09
0.0008101043546
4.918125148e-11
0.0007706671468
-3.944922635e-06
-0.0007319812384
5.986193631e-05
-0.0007478786535
1.823985645e-09
-0.000746252319
1.863210357e-09
-5.249576241e-05
9.614764185e-06
1.513399442e-10
-9.719862684e-06
5.24937951e-05
1.196981616e-09
0.0001309597008
-0.0008860812839
1.610913272e-05
0.0008284207893
-8.940676106e-05
0.0008936714735
-0.0001170649343
-1.599276853e-05
-0.0001270045886
0.0008074018165
-3.461969844e-06
0.0008170657868
-7.243313241e-05
0.0008428714924
-8.032072497e-05
0.0007932238171
-8.705347496e-05
-0.0001735734898
-0.0007978208221
-3.957718271e-06
-0.0007565370823
-0.0001129484149
-0.0007714263701
-0.0001123576496
0.0001477760866
9.765804695e-06
-0.0001005459228
-9.643341978e-06
-0.0001471280152
-0.0001006754729
-0.0008631289247
-4.595500409e-05
1.568372795e-05
0.0008039935658
4.081082497e-05
0.0008718897151
-3.366466499e-06
0.0007972816915
-1.582894908e-05
4.47576061e-05
0.0007759247148
0.0008100973346
0.0007706695507
5.988305294e-05
-0.0007478773982
-3.942894613e-06
-0.000732071296
-0.0007463322085
-5.249081279e-05
9.606403465e-06
-9.720171296e-06
5.2470815e-05
-2.50989132e-05
-0.001295013008
3.374289721e-06
0.000398442696
0.0004452346591
-0.001427853881
4.846394082e-09
-0.001442160556
4.221781365e-09
0.0004567758018
3.842223193e-09
5.050944477e-06
3.840065572e-09
0.0004452176834
-0.00142786108
-2.511070001e-05
-0.001295056696
3.364807057e-06
0.0003984354183
-0.001442185562
0.0004567721979
5.058936644e-06
-5.992088141e-07
0.0001009934062
3.842937216e-09
-1.951185954e-09
0.0001010718964
-6.185844847e-07
-1.589093943e-05
-0.0009453037667
-3.642153206e-06
0.0002965137712
0.0003608941901
-0.0009999277894
-1.903416125e-09
-0.001031993883
1.130320297e-10
0.000332920167
1.018090043e-09
4.76917293e-06
1.22254195e-09
0.0003609006875
-0.0009999889744
-1.587789318e-05
-0.0009452874488
-3.6242322e-06
0.0002965232217
-0.001031988665
0.0003328887201
4.75685355e-06
2.927183152e-06
-1.123313238e-08
5.549355255e-05
-5.016327809e-05
5.65844328e-07
-1.84197341e-08
2.677145994e-05
-2.439170317e-05
-1.988542232e-08
7.382090967e-06
-6.796362135e-06
2.92645403e-06
5.549261122e-05
-5.016230698e-05
-1.172168635e-08
5.655950645e-07
2.677076171e-05
-2.439121331e-05
-1.868884743e-08
7.381811623e-06
-6.796201079e-06
-2.001545331e-08
-8.176551048e-07
-3.72613169e-06
2.547334173e-06
-1.662002915e-07
-1.993113661e-07
-1.792918482e-06
1.305055884e-06
-1.304832952e-07
-4.875824797e-07
3.885418922e-07
-1.002702755e-07
-8.211654593e-07
2.540838955e-06
-1.681651922e-07
-3.721849318e-06
-2.00345215e-07
1.301499045e-06
-1.31476144e-07
-1.790842775e-06
3.873983719e-07
-1.007544076e-07
-4.869893573e-07
-1.13159241e-06
1.28858095e-07
4.180403771e-05
-4.18359581e-10
-4.402295243e-05
-1.263975618e-07
9.773336654e-08
1.943170505e-05
-2.212316209e-10
-2.053441507e-05
8.009052923e-08
5.225186043e-06
-1.036970624e-10
-5.431571416e-06
-1.505509772e-06
4.180818691e-05
-4.401980792e-05
-2.94914641e-07
1.942812527e-05
-2.05409845e-05
5.222352671e-06
-5.437177276e-06
-3.322098115e-06
-2.093748995e-05
1.403879492e-07
1.504228511e-05
-3.917153954e-10
-6.208526516e-07
-9.410613634e-06
1.09083881e-07
6.600491517e-06
-2.055291237e-10
-2.381563942e-06
8.624142508e-08
1.674565328e-06
-9.550368767e-11
-5.663182206e-06
-9.321631357e-08
2.089974783e-05
-2.973894851e-05
-1.328027846e-06
-9.164037448e-08
9.394627258e-06
-1.363814247e-05
-8.33722201e-08
2.377718028e-06
-3.622373834e-06
-5.309448749e-06
-2.975477893e-05
-4.451089763e-10
-1.161636354e-06
-1.364983257e-05
-2.346739685e-10
-3.626461594e-06
-1.098090285e-10
-3.730030569e-06
1.49916879e-05
-7.991362583e-07
6.572821168e-06
1.664822814e-06
3.008984437e-06
1.690925163e-10
5.534798578e-05
-5.000631287e-05
6.070306802e-07
1.32364885e-10
2.668475842e-05
-2.430135501e-05
6.385340916e-11
7.34930159e-06
-6.76221991e-06
-4.989057335e-07
-7.403330068e-08
-4.454515295e-06
-1.308487514e-07
-5.973020269e-08
-2.101246477e-06
-4.970690821e-08
-5.687231913e-07
-2.990781816e-07
3.716203518e-06
3.822110344e-10
-4.478714188e-06
-3.540504765e-08
1.787793647e-06
2.112023123e-10
-2.111411208e-06
4.864401958e-07
1.044347554e-10
-5.716566537e-07
4.597579629e-06
-1.130581656e-07
-1.723367542e-05
7.844629641e-11
2.486125589e-05
9.655446471e-07
-8.756588559e-08
-8.478062912e-06
4.122725663e-11
1.219762273e-05
-7.064908867e-08
-2.384947686e-06
1.919081174e-11
3.42112221e-06
4.936986674e-06
-1.729575579e-05
2.495400501e-05
1.114324631e-06
-8.512944888e-06
1.224804119e-05
-2.39611207e-06
3.439787642e-06
-4.942860832e-07
7.777524674e-06
-1.717381173e-07
-1.649321257e-07
3.694728848e-06
-1.34564433e-07
1.008649095e-06
-1.003259839e-07
-4.695802618e-07
-8.917953823e-08
5.517539039e-05
-1.421564091e-07
-5.924935124e-08
2.650258663e-05
-4.292440241e-08
7.282580263e-06
-1.751761697e-07
5.514939364e-05
-5.534705653e-05
-1.155051021e-10
-3.063624882e-08
2.648043796e-05
-2.668416774e-05
-5.837239877e-11
7.275531762e-06
-7.349063343e-06
-2.858973207e-11
-9.652360575e-07
-2.328808417e-08
5.423371802e-05
-2.818687307e-07
-5.335746851e-08
2.58725765e-05
-6.080310085e-08
7.061514579e-06
-7.728940883e-07
-2.582541959e-10
5.415974737e-05
-1.736783735e-07
-1.646383911e-10
2.582802873e-05
-9.688880716e-11
7.041147526e-06
-3.825329996e-06
3.552421591e-05
6.674777601e-08
-4.15288975e-10
-8.65303687e-07
1.639681519e-05
7.508410219e-08
-2.168859094e-10
4.286319838e-06
7.366446236e-08
-1.00584849e-10
-3.645321714e-06
-1.596445327e-07
-3.551354677e-05
-7.625274833e-07
-1.226408374e-07
-1.639829563e-05
-9.606485005e-08
-4.288835131e-06
-3.188469315e-06
-4.298580357e-10
-5.638996619e-07
-2.27384212e-10
-1.05636541e-10
-4.11209813e-06
-1.007181154e-06
-1.131331857e-06
1.281714222e-07
4.180363822e-05
-4.402219372e-05
-1.263396123e-07
9.736115276e-08
1.943151721e-05
-2.053409062e-05
7.990828369e-08
5.22513727e-06
-5.431489154e-06
-1.504291019e-06
4.180723638e-05
-4.40177805e-05
-2.945723828e-07
1.942767578e-05
-2.054003184e-05
5.222243913e-06
-5.436908234e-06
-3.825145322e-06
3.552402448e-05
6.604087527e-08
-8.652653531e-07
1.639672009e-05
7.470353513e-08
4.286291366e-06
7.347984987e-08
-3.644706598e-06
-1.588756281e-07
-3.551315269e-05
2.973866409e-05
-7.623377753e-07
-1.22231054e-07
-1.639813302e-05
1.363799529e-05
-9.586836443e-08
-4.288796289e-06
3.622326548e-06
-3.188448323e-06
2.975459357e-05
-5.638998392e-07
1.364971499e-05
3.626417694e-06
-4.111174684e-06
-1.006926406e-06
-3.135519389e-06
8.322817136e-08
-3.70264627e-10
9.418834737e-06
-6.481460552e-07
7.496620757e-08
-1.879734549e-10
4.038345564e-06
6.577447804e-08
-8.675198092e-11
9.607331919e-07
-3.398276657e-06
9.386644897e-06
-7.738440748e-07
4.023357219e-06
9.567517698e-07
-3.321943624e-06
-2.093740086e-05
1.397084367e-07
1.504228726e-05
-6.208127501e-07
-9.410550698e-06
1.087186613e-07
6.600498202e-06
-2.381537078e-06
8.606473693e-08
1.674563778e-06
-5.662411652e-06
-9.24380126e-08
2.089971058e-05
-1.327789722e-06
-9.122370442e-08
9.394597907e-06
-8.317223057e-08
2.377708359e-06
-5.309304717e-06
-1.161597934e-06
-3.72931877e-06
1.499183379e-05
-7.989178553e-07
6.572918345e-06
1.664854306e-06
-3.135449673e-06
8.259284512e-08
9.418858366e-06
-6.481263431e-07
7.463512855e-08
4.038354719e-06
6.561532071e-08
9.607345629e-07
-3.397821407e-06
9.386740697e-06
-7.736852727e-07
4.023422083e-06
9.567826015e-07
-3.087927969e-06
4.383511891e-06
-2.297039405e-07
-6.647546358e-07
1.775963834e-06
-1.757186034e-07
4.213334109e-07
-1.293078439e-07
-7.248587759e-07
-9.154266952e-08
1.460105229e-06
-1.882460192e-07
-7.016061394e-08
8.385993291e-07
-5.619351291e-08
2.564906226e-07
-4.675647802e-07
-4.773035816e-10
-2.522753116e-06
1.440620946e-06
-7.373559937e-08
-2.709730275e-10
-1.290770381e-06
8.270522853e-07
-1.360707764e-10
-3.826164454e-07
2.528242484e-07
-1.918667467e-06
-1.460524462e-06
-1.517365226e-06
-1.916008086e-07
-4.326717606e-07
-8.386721654e-07
-4.950823865e-07
-1.522426417e-07
-2.564999602e-07
-6.253212955e-08
-1.136417334e-07
-7.189239841e-07
-9.006066107e-08
-1.867084566e-07
-6.938735908e-08
-5.581031087e-08
-4.664770408e-07
-2.520554503e-06
1.440810062e-06
-7.353677875e-08
-1.289644698e-06
8.270455105e-07
-3.822823712e-07
2.527995531e-07
3.147535413e-06
-3.152038318e-08
4.611839136e-05
-4.067530541e-05
1.542245592e-10
6.204202092e-07
-3.522677002e-08
2.245261284e-05
-1.98903472e-05
7.519083973e-11
-2.998935829e-08
6.221414415e-06
-5.571029702e-06
2.379884814e-11
2.540867832e-06
8.338753635e-08
-4.614258352e-05
5.883318158e-07
4.268398961e-08
-2.248136286e-05
2.336830968e-08
-6.231238141e-06
2.323462292e-06
5.000531662e-05
-8.46449801e-11
-4.611767125e-05
5.174461574e-07
2.430084175e-05
-4.536919364e-11
-2.245209686e-05
6.762036038e-06
-2.100661171e-11
-6.22120057e-06
3.008863261e-06
6.069783442e-07
-3.699608979e-07
1.76844053e-10
-3.515796736e-09
8.866560074e-11
3.962475362e-11
-3.691499567e-07
-3.714735603e-06
-3.19055966e-09
-1.78698974e-06
-4.861883266e-07
5.177609348e-06
-8.905456674e-06
-1.093440729e-07
1.555740456e-10
1.114049126e-06
-4.320210045e-06
-9.437343914e-08
8.239658811e-11
-1.190816282e-06
-8.011995884e-08
3.837649115e-11
5.74755476e-06
1.419463811e-07
8.944017525e-06
1.291144569e-06
1.154731952e-07
4.342585535e-06
9.320190158e-08
1.198402806e-06
5.300436266e-06
2.185826775e-10
1.097214742e-06
1.185640127e-10
5.61425697e-11
5.542561382e-06
1.27782907e-06
4.597658511e-06
-1.128601407e-07
-1.723336433e-05
2.486087282e-05
9.655785059e-07
-8.746119534e-08
-8.477904326e-06
1.219748699e-05
-7.059819992e-08
-2.38490269e-06
3.421098592e-06
4.936836292e-06
-1.72949402e-05
2.49530423e-05
1.114284571e-06
-8.512522633e-06
1.2247613e-05
-2.39598994e-06
3.439676275e-06
5.177559392e-06
-8.905261875e-06
-1.09007531e-07
1.114044223e-06
-4.320114771e-06
-9.419053643e-08
-1.190788993e-06
-8.003063831e-08
5.746838962e-06
1.414631286e-07
8.943474818e-06
1.29094378e-06
1.152137289e-07
4.342314878e-06
9.307663273e-08
1.198322225e-06
5.300357885e-06
1.097202412e-06
5.542096196e-06
1.277698198e-06
-4.946697048e-07
7.77985608e-06
-1.724232284e-07
-1.65111842e-07
3.695560603e-06
-1.349225902e-07
1.008846912e-06
-1.004924785e-07
-2.025291161e-06
-5.4236018e-05
5.175908806e-05
-1.167814454e-07
-5.051640295e-07
-2.587390661e-05
2.444033289e-05
-8.655291696e-08
-7.061961065e-06
6.626051405e-06
-6.925373324e-08
-9.640330259e-07
-5.517703669e-05
-2.265271505e-08
-2.815170681e-07
-2.650342299e-05
-5.299902185e-08
-7.282850816e-06
-6.062787782e-08
-2.025740845e-06
5.175510011e-05
-1.167039687e-07
-5.05224478e-07
2.443860354e-05
-8.654320941e-08
6.625543926e-06
-6.925412323e-08
-5.272716918e-06
-5.474228207e-08
-1.284127e-06
-8.924373411e-08
-9.525300236e-08
-5.271554118e-06
-5.459869299e-08
-1.283839367e-06
-8.914090164e-08
-9.520345608e-08
-3.087148615e-06
4.384483772e-06
-2.302372332e-07
-6.645855302e-07
1.776838637e-06
-1.760424922e-07
4.216321244e-07
-1.294636492e-07
-1.763154429e-06
1.519832321e-06
-7.612313987e-08
-4.159305732e-07
4.963800023e-07
-6.676864619e-08
6.29128299e-08
-5.721086747e-08
-1.763134962e-06
-7.538173842e-08
-4.158453753e-07
-6.640524302e-08
-5.704297088e-08
3.216817188e-06
-4.080549648e-05
4.614365071e-05
6.62072819e-07
-1.996247161e-05
2.248198791e-05
-5.599382776e-06
6.231465989e-06
3.720838696e-06
-3.499582343e-05
1.041343853e-07
8.542012942e-07
-1.716557311e-05
6.973701984e-08
-4.795548837e-06
5.036640715e-08
3.216600748e-06
-4.080451396e-05
3.144615502e-08
6.620012071e-07
-1.996194804e-05
3.518406156e-08
-5.599208355e-06
2.997134186e-08
3.720641558e-06
-3.499455751e-05
1.039735975e-07
8.541420403e-07
-1.716512406e-05
6.967370031e-08
-4.795410026e-06
5.034273314e-08
-1.50453013e-06
-6.534452261e-06
-1.796272627e-07
-3.701647599e-07
-3.095214989e-06
-1.403957876e-07
-8.346767078e-07
-1.042130046e-07
-8.803116993e-07
-6.892470934e-08
-2.226386197e-07
-5.815924588e-08
-4.866484522e-08
-8.80101631e-07
6.536863406e-06
-6.931456386e-08
-2.225783375e-07
3.096412884e-06
-5.837651376e-08
8.350370825e-07
-4.87695488e-08
6.457526849e-06
1.008059523e-07
1.440805953e-06
9.918596568e-08
8.504356774e-08
6.457500092e-06
1.008483879e-07
1.440787355e-06
9.920002382e-08
8.505271637e-08
-4.694356183e-07
-8.919578038e-08
-1.421577535e-07
-5.923988007e-08
-4.29174302e-08
2.540750846e-06
8.35080306e-08
5.882917811e-07
4.274369183e-08
2.339536045e-08
-1.748868388e-07
5.515040559e-05
-3.054870324e-08
2.648112209e-05
7.275807148e-06
2.323476299e-06
5.174308301e-07
-1.92182636e-06
-1.934295196e-07
-4.335532042e-07
-1.53292722e-07
-1.141488506e-07
-1.387225387e-06
-1.538603425e-06
-9.590018848e-10
-2.059202179e-07
-5.070227798e-07
-5.293743796e-10
-6.699706877e-08
-2.46853578e-10
2.829329608e-10
7.799236465e-06
3.355066111e-10
4.248149894e-08
3.703215794e-06
1.792988463e-10
1.011303406e-06
8.079757125e-11
-1.648158753e-06
-5.416117052e-05
2.959533528e-11
5.176146598e-05
-3.452192399e-07
-2.582889323e-05
2.119068689e-11
2.443937945e-05
-7.041454599e-06
2.222967928e-11
6.626959549e-06
-7.726924544e-07
-1.736283129e-07
-1.648325294e-06
5.17601768e-05
-3.453015065e-07
2.443848343e-05
6.62661429e-06
-4.916010921e-06
-2.327864847e-10
-1.100175818e-06
-1.126738836e-10
-3.932859183e-11
-4.915021731e-06
-1.099883084e-06
-2.455045259e-06
-5.286625818e-10
4.441364076e-06
-3.995275115e-07
-2.829283612e-10
1.807059446e-06
-1.264572131e-10
4.318682466e-07
-2.455251476e-06
4.440409927e-06
-3.99533367e-07
1.806640598e-06
4.31765874e-07
-1.541194495e-06
-3.503669045e-10
-3.077454354e-07
-1.794986319e-10
-8.365060893e-11
-1.541274576e-06
1.537771272e-06
-3.077815847e-07
5.065639694e-07
6.685746011e-08
-1.386611572e-06
-2.057671791e-07
3.429658029e-06
6.784637204e-11
-3.494271998e-05
7.371981284e-07
3.308645578e-11
-1.71281861e-05
6.740772309e-12
-4.78347263e-06
3.147243511e-06
-4.067451067e-05
6.203219183e-07
-1.98899197e-05
-5.570883396e-06
3.429466739e-06
-3.494260426e-05
7.371970934e-07
-1.712794524e-05
-4.783336753e-06
-5.040082229e-07
-7.516408265e-08
-4.457943019e-06
-1.320311248e-07
-6.034554825e-08
-2.102475489e-06
-5.001810345e-08
-5.690033297e-07
-3.001345632e-07
-4.479325319e-06
-3.560885252e-08
-2.111650631e-06
-5.717106816e-07
-1.506197891e-06
-1.816063164e-07
-3.707709139e-07
-1.414922643e-07
-1.047368822e-07
-9.951344682e-07
-8.862925004e-10
-6.52739761e-06
-1.568178464e-07
-4.923516094e-10
-3.090969113e-06
-2.297141223e-10
-8.330368588e-07
-9.951626113e-07
-6.526653738e-06
-1.56841365e-07
-3.090618439e-06
-8.329412804e-07
-6.839173235e-07
3.088434313e-10
-1.296314181e-07
1.511681226e-10
6.551805688e-11
-6.838745024e-07
-7.799633758e-06
-1.296344349e-07
-3.703435059e-06
-1.011375058e-06
6.108689896e-06
5.558463874e-11
1.277298204e-06
1.187929124e-11
-9.211667467e-12
6.108443766e-06
1.277194281e-06
2.652536907e-10
4.248325166e-08
)
;

boundaryField
{
    inlet
    {
        type            calculated;
        value           nonuniform List<scalar> 
25
(
-0.0196589296
-0.0199905636
-0.0199880267
-0.0199856842
-0.0199882318
-0.0200207991
-0.0200227905
-0.020025015
-0.0200275025
-0.0200302864
-0.020033433
-0.0200374544
-0.020044424
-0.0200527446
-0.0200518451
-0.0200422766
-0.0200000007
-0.0200000005
-0.0200000001
-0.01999999966
-0.01999999919
-0.01999999872
-0.01999999828
-0.01999999796
-0.01999999779
)
;
    }
    outlet
    {
        type            calculated;
        value           nonuniform 0();
    }
    topAndBottom
    {
        type            symmetry;
        value           uniform 0;
    }
    frontAndBack
    {
        type            empty;
        value           nonuniform 0();
    }
    cylinder
    {
        type            calculated;
        value           uniform 0;
    }
    procBoundary0to1
    {
        type            processor;
        value           nonuniform List<scalar> 
116
(
0.0211721676
0.02118233853
0.02120280331
0.02123404909
0.02127678751
0.02133202445
0.0214011097
0.02148585603
0.0215886612
0.02171256314
0.02186153712
0.02204083784
0.02225725456
0.02251975872
0.02284020645
0.02323521038
0.02372687472
0.02436473082
0.02510299797
0.0003736736107
0.006523032089
0.006605871443
0.006521428294
0.006605107173
0.0003738049135
0.006783568426
-8.22488121e-05
-8.415865805e-05
0.0005959821767
0.0005960352711
-0.0001348232402
-3.276673499e-05
-0.0001346160521
-7.725396101e-06
-3.23895822e-05
-7.794936819e-06
9.467139511e-07
7.156997252e-08
-5.587612566e-05
-5.489578883e-05
2.192317227e-06
1.887273132e-06
-0.0001348370093
-3.277271725e-05
-0.0001347179698
-7.859679105e-06
-3.240784041e-05
-7.834141832e-06
-5.589333386e-05
-5.494304456e-05
2.192413529e-06
1.887118491e-06
9.467807347e-07
7.163022627e-08
0.0009192126106
0.001612898772
0.0009191559493
0.000596135829
2.090220821e-05
0.0003407583878
2.095981867e-05
0.0003407393896
4.306467559e-05
4.312511735e-05
0.0001549345994
0.0001548625933
0.0005962225553
2.091082917e-05
0.000340763072
2.098463332e-05
0.000340747763
4.312106091e-05
4.31523744e-05
0.0001549321636
0.0001548346694
0.001685771623
0.00678347376
-8.230380367e-05
-8.423846552e-05
0.001685784702
-6.706816699e-05
0.00147402592
-6.719599282e-05
0.001600001113
8.033494138e-05
0.001474191527
0.001599543786
-1.637849111e-10
7.982770794e-05
0.0009189198538
0.001245771013
0.001244962165
0.001474043294
0.0016125793
0.001474222199
0.0009188787113
0.001245741675
0.00124489503
0.001705626628
0.00168457307
0.00170456866
0.001684567995
0.001705642374
0.001704612325
-8.058237767e-06
-3.889521604e-06
-1.073255198e-06
-8.059521245e-06
-3.890199202e-06
-1.073466445e-06
-8.043152034e-06
-3.880160312e-06
-1.069228633e-06
-8.043598486e-06
-3.88040099e-06
-1.06930316e-06
)
;
    }
    procBoundary0to2
    {
        type            processor;
        value           nonuniform List<scalar> 
75
(
2.913441049e-06
2.841178256e-06
2.864601058e-06
2.857259616e-06
2.843294482e-06
2.825515253e-06
2.802591093e-06
2.772927197e-06
2.734592874e-06
2.685259478e-06
2.621971694e-06
2.540789068e-06
2.435699659e-06
2.296655363e-06
2.10590681e-06
1.41097445e-06
-5.574944338e-06
-2.854719944e-05
-7.244313084e-06
-4.913228123e-08
3.095498646e-09
7.81255367e-09
-3.02291799e-08
-2.965422024e-08
-1.510490581e-08
9.735017363e-09
-1.437044424e-08
-3.009337767e-08
-3.585236642e-08
-3.60587244e-08
-2.988170923e-08
-3.541151012e-08
-3.59388322e-08
8.543265551e-09
7.187652245e-09
1.104888775e-08
4.390660707e-09
8.46219149e-09
4.873296134e-09
-1.496693356e-08
-2.86645381e-09
-2.528326025e-09
9.262237466e-09
5.846339948e-09
5.46940026e-09
-1.466159401e-08
-1.914336616e-09
-2.122979963e-09
1.042306644e-08
-5.42073279e-08
2.604463458e-08
5.144258692e-09
4.736173707e-09
6.871765794e-09
9.49768621e-09
7.55058595e-09
8.878650363e-09
7.07282394e-09
8.751314469e-09
8.473371122e-09
1.053776655e-08
1.062708397e-08
1.014943029e-08
-3.364099651e-09
-1.647192797e-09
-4.593694618e-10
-3.334030897e-09
-1.632101372e-09
-4.552036513e-10
-3.33262184e-09
-1.631649025e-09
-4.547398497e-10
-3.323391135e-09
-1.626335998e-09
-4.534094904e-10
)
;
    }
}


// ************************************************************************* //
